open_time,open,high,low,close,volume,close_time,quote_volume,count,taker_buy_volume,taker_buy_quote_volume,ignore
1763078400000,99654.30,99654.40,99284.80,99475.20,884.473,1763078459999,87935440.69310,18173,267.321,26579804.67360,0
1763078460000,99475.00,99575.20,99407.00,99411.30,440.742,1763078519999,43858085.31830,10488,203.048,20207076.17680,0
1763078520000,99411.00,99469.70,99344.20,99387.40,261.199,1763078579999,25963585.35560,7528,72.871,7243068.75620,0
1763078580000,99387.30,99697.40,99387.30,99662.80,248.245,1763078639999,24723091.88960,7888,193.455,19265534.41970,0
1763078640000,99662.70,99662.80,99502.90,99510.40,154.152,1763078699999,15350916.93630,6766,53.428,5320396.35930,0
1763078700000,99510.50,99569.10,99364.20,99386.20,142.612,1763078759999,14179285.69950,6152,53.313,5299980.99400,0
1763078760000,99386.10,99386.10,99229.90,99275.00,366.752,1763078819999,36418711.73790,9656,139.052,13807233.55250,0
1763078820000,99274.90,99374.90,99163.20,99190.10,386.968,1763078879999,38409653.53790,10853,112.958,11212381.74720,0
1763078880000,99190.10,99339.20,99054.60,99063.10,564.799,1763078939999,56029060.84390,11708,239.428,23754263.53960,0
1763078940000,99063.00,99215.60,99058.60,99179.40,329.522,1763078999999,32669502.11300,9668,204.969,20319820.01410,0
1763079000000,99179.40,99243.50,99122.10,99213.00,144.916,1763079059999,14374650.79200,7042,79.652,7900964.86520,0
1763079060000,99213.00,99398.00,99198.00,99398.00,161.314,1763079119999,16021380.66900,5887,111.953,11118725.53450,0
1763079120000,99397.90,99415.00,99258.90,99302.60,135.902,1763079179999,13499209.70440,5692,59.770,5936717.63860,0
1763079180000,99302.70,99310.40,99232.90,99274.30,106.334,1763079239999,10556328.56320,4158,44.026,4370546.67400,0
1763079240000,99274.30,99318.20,99250.10,99302.20,84.638,1763079299999,8403592.31010,3162,61.332,6089498.96200,0
1763079300000,99302.20,99302.20,98896.50,98899.90,871.495,1763079359999,86312676.52570,17352,197.641,19567815.13190,0
1763079360000,98900.00,98904.30,98767.00,98810.80,516.904,1763079419999,51084893.22590,14227,238.268,23546574.94830,0
1763079420000,98810.90,99034.20,98789.00,99034.20,322.293,1763079479999,31878851.18620,10517,170.902,16905331.88610,0
1763079480000,99034.20,99247.50,98938.70,99240.00,359.866,1763079539999,35663619.24680,10973,215.122,21318649.34040,0
1763079540000,99239.90,99265.20,99140.00,99174.80,116.864,1763079599999,11591658.08520,5378,72.816,7222952.85890,0
1763079600000,99174.80,99254.40,99069.80,99069.80,157.950,1763079659999,15660334.78580,7229,61.842,6132596.81420,0
1763079660000,99069.80,99119.50,99033.50,99049.30,156.346,1763079719999,15490183.90040,5821,70.591,6994285.38530,0
1763079720000,99049.20,99246.60,99040.00,99246.50,88.535,1763079779999,8779498.02840,4904,49.604,4918654.25680,0
1763079780000,99246.60,99254.50,99192.20,99204.00,73.684,1763079839999,7311555.69230,4011,32.944,3268963.04520,0
1763079840000,99204.00,99301.30,99203.90,99270.00,210.566,1763079899999,20901153.15070,6439,92.443,9176091.91080,0
1763079900000,99270.00,99471.60,99269.90,99450.10,212.733,1763079959999,21150559.45200,7618,138.412,13760074.35080,0
1763079960000,99450.10,99450.10,99341.00,99423.10,169.679,1763080019999,16867076.96970,6016,84.751,8424569.15470,0
1763080020000,99423.00,99500.00,99409.20,99439.80,140.017,1763080079999,13926317.93490,5374,72.733,7234072.92900,0
1763080080000,99439.80,99529.70,99415.00,99503.90,113.457,1763080139999,11286838.35610,4962,52.393,5212295.63510,0
1763080140000,99503.90,99503.90,99422.30,99422.50,100.015,1763080199999,9946426.49240,3918,21.458,2133960.64960,0
1763080200000,99422.50,99541.80,99419.30,99452.00,381.821,1763080259999,37987915.05940,9301,242.065,24082740.45580,0
1763080260000,99452.00,99498.00,99409.10,99436.70,180.495,1763080319999,17950853.72920,5453,62.919,6257367.86730,0
1763080320000,99436.60,99685.60,99436.60,99684.20,212.839,1763080379999,21199482.16510,7153,167.289,16662545.91170,0
1763080380000,99684.10,99752.70,99537.00,99537.10,280.958,1763080439999,27997889.76200,9401,139.831,13934920.98420,0
1763080440000,99537.00,99696.10,99525.60,99647.10,136.900,1763080499999,13640973.78010,6383,83.626,8332411.38450,0
1763080500000,99647.10,99680.30,99547.60,99547.60,100.437,1763080559999,10005500.37390,5075,37.110,3697082.38210,0
1763080560000,99547.50,99592.40,99477.60,99477.60,75.324,1763080619999,7498685.18150,4171,31.751,3161275.42710,0
1763080620000,99477.60,99527.40,99402.80,99434.80,138.097,1763080679999,13733444.66380,5717,31.981,3180787.96420,0
1763080680000,99434.80,99434.90,99200.10,99210.10,162.528,1763080739999,16137549.34110,6030,44.517,4419347.46030,0
1763080740000,99210.00,99237.00,99057.70,99063.20,322.626,1763080799999,31981905.36800,9385,54.456,5398658.63830,0
1763080800000,99063.20,99180.00,99063.10,99136.90,128.509,1763080859999,12739970.51080,4753,56.449,5596160.99910,0
1763080860000,99137.00,99137.00,99011.30,99011.30,174.642,1763080919999,17301654.86130,5800,40.510,4012605.08440,0
1763080920000,99011.20,99250.00,98990.60,99249.90,165.658,1763080979999,16417294.34060,6645,77.106,7644371.52880,0
1763080980000,99249.90,99254.60,99191.80,99226.60,78.193,1763081039999,7758104.12870,4116,48.237,4785865.91650,0
1763081040000,99226.60,99324.30,99226.60,99324.30,83.740,1763081099999,8315536.80710,3476,42.305,4200815.22790,0
1763081100000,99324.20,99325.50,99259.70,99288.00,119.611,1763081159999,11876375.52780,4777,32.219,3199142.58000,0
1763081160000,99288.10,99321.80,99151.40,99210.60,79.044,1763081219999,7843526.31900,5151,25.605,2540413.65450,0
1763081220000,99210.50,99218.30,99108.10,99108.20,59.169,1763081279999,5866530.01850,3168,17.630,1747997.28310,0
1763081280000,99108.10,99128.70,99008.60,99029.30,133.565,1763081339999,13230199.61420,5036,50.342,4986100.90900,0
1763081340000,99029.20,99030.40,98834.20,98934.10,299.086,1763081399999,29585545.63010,7853,89.280,8830861.29740,0
1763081400000,98934.10,99040.40,98934.10,99040.40,78.086,1763081459999,7729820.48190,4486,44.190,4374272.73220,0
1763081460000,99040.90,99065.90,98833.20,98871.00,159.625,1763081519999,15792759.94260,7279,68.788,6805729.20700,0
1763081520000,98870.90,98871.00,98700.40,98819.30,414.152,1763081579999,40907584.37530,11537,143.654,14188337.14130,0
1763081580000,98819.30,98850.70,98701.00,98746.20,191.944,1763081639999,18955098.71140,6799,66.306,6546994.36670,0
1763081640000,98746.20,98850.20,98684.70,98835.10,265.210,1763081699999,26184809.19150,5799,88.356,8724704.60280,0
1763081700000,98835.00,98875.70,98757.30,98875.60,127.906,1763081759999,12638617.13880,6214,85.670,8465165.10090,0
1763081760000,98875.70,99028.80,98875.70,98988.90,184.196,1763081819999,18229048.14030,7181,100.642,9960154.28070,0
1763081820000,98988.90,99024.20,98925.00,98966.00,84.189,1763081879999,8332534.17510,3969,46.766,4628537.19070,0
1763081880000,98966.00,98966.10,98789.20,98878.30,174.038,1763081939999,17205563.96630,6136,74.749,7388948.44110,0
1763081940000,98878.40,98986.30,98878.40,98941.00,60.582,1763081999999,5994227.35830,3430,35.444,3506733.78920,0
1763082000000,98941.00,98947.60,98662.80,98827.00,199.187,1763082059999,19679444.53340,9267,56.825,5614567.18800,0
1763082060000,98826.90,99115.20,98826.90,99089.70,202.124,1763082119999,20013225.74490,8520,93.032,9210988.33340,0
1763082120000,99089.60,99089.60,98913.40,98938.80,161.433,1763082179999,15977859.58360,9002,63.264,6261243.16340,0
1763082180000,98938.70,98986.20,98823.40,98863.50,182.649,1763082239999,18064168.71470,7052,61.526,6085245.47190,0
1763082240000,98863.50,98936.70,98758.50,98769.60,190.980,1763082299999,18875229.60650,7658,41.623,4113265.96180,0
1763082300000,98769.70,98881.20,98752.10,98842.90,165.062,1763082359999,16310972.58820,7166,46.141,4559536.03060,0
1763082360000,98842.90,98959.60,98814.20,98908.70,123.267,1763082419999,12190722.40070,6283,49.972,4942066.59420,0
1763082420000,98908.60,98938.30,98807.60,98832.90,196.844,1763082479999,19463067.27990,7207,56.467,5583141.55280,0
1763082480000,98832.90,98832.90,98657.00,98740.30,205.554,1763082539999,20296691.20630,7479,60.790,6002726.99890,0
1763082540000,98740.20,98786.50,98686.80,98759.30,104.739,1763082599999,10340871.07650,5434,45.180,4460583.04150,0
1763082600000,98759.40,98842.10,98672.50,98785.00,152.313,1763082659999,15041746.01130,7068,49.759,4913847.68980,0
1763082660000,98785.00,98837.80,98735.10,98810.10,77.330,1763082719999,7638635.26200,4740,29.581,2922100.54610,0
1763082720000,98810.10,98823.40,98747.50,98815.40,68.369,1763082779999,6753746.93130,3994,29.322,2896622.34580,0
1763082780000,98815.50,98949.30,98814.40,98820.00,158.165,1763082839999,15640419.44830,6056,64.200,6348489.43150,0
1763082840000,98819.90,98949.00,98819.90,98911.30,156.944,1763082899999,15519385.74340,6176,82.758,8182846.82810,0
1763082900000,98911.40,98925.20,98803.10,98803.10,53.135,1763082959999,5251515.26020,4280,17.849,1764035.01830,0
1763082960000,98803.20,98880.10,98754.00,98877.80,112.668,1763083019999,11133303.54140,6065,49.803,4921499.88710,0
1763083020000,98877.80,99023.20,98839.00,99015.70,92.483,1763083079999,9149128.51410,5796,61.466,6081103.49710,0
1763083080000,99015.70,99077.00,99006.10,99010.10,185.651,1763083139999,18386995.20130,8269,112.127,11105148.03520,0
1763083140000,99010.10,99113.20,99010.00,99059.80,163.767,1763083199999,16225303.37920,5905,74.697,7400692.99280,0
1763083200000,99060.00,99239.80,99044.00,99231.30,121.801,1763083259999,12076631.63030,5532,73.746,7312899.15080,0
1763083260000,99231.30,99234.30,99117.10,99155.60,105.717,1763083319999,10484732.53660,4592,33.723,3344263.38040,0
1763083320000,99155.50,99188.30,99068.00,99076.10,57.112,1763083379999,5661555.56660,3400,19.247,1908027.21200,0
1763083380000,99076.00,99169.10,99056.00,99164.20,67.751,1763083439999,6714104.01050,3552,42.393,4201392.70520,0
1763083440000,99164.20,99296.40,99153.60,99288.60,78.594,1763083499999,7798205.94380,3529,42.530,4220076.88260,0
1763083500000,99288.60,99382.10,99282.00,99339.70,115.275,1763083559999,11451135.39160,4703,64.497,6406779.16310,0
1763083560000,99339.70,99381.20,99260.00,99260.00,76.839,1763083619999,7632536.50060,3279,30.972,3077317.39650,0
1763083620000,99260.10,99260.10,99080.00,99080.00,78.669,1763083679999,7804361.13700,3813,20.671,2050827.12680,0
1763083680000,99080.10,99111.40,98826.20,98969.90,240.671,1763083739999,23813675.31750,8899,63.029,6236882.80970,0
1763083740000,98969.90,99073.00,98969.00,99072.00,71.315,1763083799999,7062025.73070,4705,43.038,4261893.88640,0
1763083800000,99072.00,99244.60,99072.00,99236.90,119.375,1763083859999,11839070.90050,5059,89.013,8827919.07210,0
1763083860000,99236.90,99280.00,99196.10,99280.00,75.701,1763083919999,7513169.48290,4605,40.713,4040703.88960,0
1763083920000,99279.90,99280.50,99191.70,99229.00,92.977,1763083979999,9226207.79020,4291,41.174,4085535.22750,0
1763083980000,99229.10,99380.00,99228.70,99291.50,69.429,1763084039999,6895565.27860,3783,42.868,4257321.35900,0
1763084040000,99291.40,99369.40,99243.90,99369.30,60.667,1763084099999,6023817.85050,3721,29.867,2965678.61590,0
1763084100000,99369.40,99528.60,99369.40,99457.00,287.482,1763084159999,28591531.93380,7952,218.334,21713800.26100,0
1763084160000,99457.00,99520.80,99400.00,99433.30,234.075,1763084219999,23281088.95850,6964,157.664,15681963.43690,0
1763084220000,99433.20,99433.30,99252.00,99314.70,63.465,1763084279999,6304049.63750,4698,21.138,2099287.79850,0
1763084280000,99314.40,99319.10,99238.60,99269.50,58.389,1763084339999,5796758.98970,3275,19.324,1918289.81210,0
1763084340000,99269.80,99309.00,99211.30,99231.70,49.241,1763084399999,4887830.62550,3836,13.956,1385248.94160,0
1763084400000,99231.70,99231.80,99087.70,99127.20,114.958,1763084459999,11397369.87490,6440,30.276,3001409.17860,0
1763084460000,99126.70,99145.50,99018.50,99018.50,96.467,1763084519999,9558183.92350,5200,24.938,2471306.46060,0
1763084520000,99018.50,99053.80,98959.00,99006.90,137.753,1763084579999,13637868.03030,5772,51.695,5118119.48070,0
1763084580000,99006.90,99077.70,98982.90,99077.70,49.526,1763084639999,4904733.11100,3862,31.222,3092064.45400,0
1763084640000,99077.60,99187.40,99054.70,99184.00,96.975,1763084699999,9615116.99610,3889,69.006,6841665.42720,0
1763084700000,99184.30,99297.00,99184.30,99206.90,103.391,1763084759999,10261582.79360,4924,56.401,5597782.38760,0
1763084760000,99206.80,99323.70,99205.10,99205.10,73.768,1763084819999,7323576.86730,4491,37.123,3685628.32330,0
1763084820000,99205.10,99268.00,99177.50,99223.10,85.083,1763084879999,8442495.84020,4136,41.072,4075433.29990,0
1763084880000,99223.10,99317.90,99184.80,99245.30,72.522,1763084939999,7199673.56050,3707,31.766,3153726.47800,0
1763084940000,99245.20,99264.90,99132.40,99264.90,115.544,1763084999999,11459812.22150,4790,29.539,2930512.30550,0
1763085000000,99264.90,99424.00,99264.90,99362.00,198.038,1763085059999,19677331.56560,5710,148.649,14768228.22280,0
1763085060000,99362.10,99417.90,99333.50,99333.50,53.646,1763085119999,5331394.69970,3321,25.909,2574953.30390,0
1763085120000,99333.50,99356.60,99170.20,99268.80,143.518,1763085179999,14246671.75460,5362,39.328,3903513.16380,0
1763085180000,99268.70,99280.00,99206.70,99269.50,62.366,1763085239999,6189647.10320,3157,20.025,1987295.07130,0
1763085240000,99269.60,99269.60,99174.00,99205.60,75.020,1763085299999,7443003.90080,4303,23.332,2315001.50040,0
1763085300000,99205.60,99294.00,99145.80,99281.70,94.468,1763085359999,9370953.08050,4446,23.260,2308066.19430,0
1763085360000,99281.80,99309.00,99250.00,99250.00,41.931,1763085419999,4162982.08700,2357,17.896,1776729.42700,0
1763085420000,99249.90,99255.50,99190.30,99246.70,57.480,1763085479999,5703521.86040,2806,21.190,2102628.73120,0
1763085480000,99246.70,99254.90,99159.10,99206.90,53.030,1763085539999,5261024.32620,3245,19.944,1978792.95510,0
1763085540000,99206.90,99244.20,99167.80,99208.80,105.378,1763085599999,10454183.58110,3439,22.330,2215313.74140,0
1763085600000,99208.90,99316.80,99201.40,99294.00,67.736,1763085659999,6722989.97160,3442,32.299,3205283.83050,0
1763085660000,99293.90,99423.40,99229.20,99344.90,116.661,1763085719999,11591430.42220,6075,70.425,6997011.09520,0
1763085720000,99344.80,99416.90,99321.40,99416.80,49.640,1763085779999,4931892.62080,3226,32.356,3214752.19260,0
1763085780000,99416.90,99470.60,99350.90,99459.70,78.477,1763085839999,7802022.11890,4363,44.344,4409064.66160,0
1763085840000,99459.70,99479.50,99418.10,99446.60,85.722,1763085899999,8525455.32420,3759,61.998,6166030.84020,0
1763085900000,99446.70,99550.00,99433.40,99531.50,88.576,1763085959999,8813598.20940,4967,47.557,4731907.16170,0
1763085960000,99531.40,99531.70,99450.00,99452.10,60.741,1763086019999,6042824.31930,3965,27.286,2714565.22520,0
1763086020000,99452.10,99461.00,99356.30,99362.60,60.352,1763086079999,5998789.66220,3350,15.350,1525649.11750,0
1763086080000,99362.50,99430.40,99353.20,99353.30,36.737,1763086139999,3651150.88640,3067,22.253,2211615.81590,0
1763086140000,99353.30,99448.10,99353.30,99419.20,21.206,1763086199999,2107939.04090,2237,14.744,1465532.60510,0
1763086200000,99419.20,99421.90,99320.50,99363.20,47.415,1763086259999,4711298.00530,4337,24.413,2425847.70230,0
1763086260000,99363.10,99499.90,99359.70,99414.90,59.044,1763086319999,5871348.48020,4019,39.239,3901928.48050,0
1763086320000,99415.00,99543.90,99388.00,99503.60,68.628,1763086379999,6827376.43260,4173,42.119,4189604.96510,0
1763086380000,99503.50,99507.90,99471.10,99489.10,33.553,1763086439999,3338181.10790,2186,18.420,1832626.76290,0
1763086440000,99489.10,99512.40,99444.60,99444.60,54.867,1763086499999,5458293.69800,2211,21.437,2132766.84050,0
1763086500000,99444.70,99549.70,99444.70,99528.00,40.829,1763086559999,4063414.29610,2598,25.303,2518096.80300,0
1763086560000,99528.20,99643.80,99521.10,99608.00,209.597,1763086619999,20872004.20550,6745,155.392,15474145.30800,0
1763086620000,99608.00,99862.80,99608.00,99759.30,513.056,1763086679999,51184666.03790,11512,376.761,37586258.02600,0
1763086680000,99759.20,99789.90,99650.00,99650.00,125.586,1763086739999,12526998.54370,4548,55.088,5495624.99420,0
1763086740000,99650.00,99678.80,99571.20,99571.20,55.920,1763086799999,5571230.04050,3290,22.986,2290128.95780,0
1763086800000,99570.90,99612.30,99552.20,99555.20,76.173,1763086859999,7585333.69110,3244,34.014,3386916.90690,0
1763086860000,99555.10,99592.10,99520.40,99520.40,47.407,1763086919999,4719874.27990,2966,17.909,1783122.25320,0
1763086920000,99520.40,99570.00,99504.40,99564.80,29.623,1763086979999,2948329.50320,2511,17.874,1778991.30540,0
1763086980000,99564.70,99603.00,99547.50,99569.90,48.739,1763087039999,4853169.10350,2544,26.673,2655899.63520,0
1763087040000,99570.00,99583.20,99555.60,99573.60,37.490,1763087099999,3732905.40070,1910,20.589,2050000.02070,0
1763087100000,99573.60,99611.50,99573.60,99592.50,42.615,1763087159999,4244109.69930,2034,23.666,2357012.20130,0
1763087160000,99592.50,99598.70,99555.70,99555.70,43.350,1763087219999,4316684.52830,2490,7.491,745921.16670,0
1763087220000,99555.70,99668.90,99555.40,99632.20,75.264,1763087279999,7497294.35700,3465,33.162,3303739.56950,0
1763087280000,99632.30,99668.90,99632.20,99632.40,26.437,1763087339999,2634448.58890,2135,10.100,1006463.83230,0
1763087340000,99632.40,99649.20,99615.70,99641.10,14.714,1763087399999,1466012.48670,1221,6.776,675112.11340,0
1763087400000,99641.20,99674.20,99641.20,99660.20,32.910,1763087459999,3279818.94100,1442,22.695,2261753.85410,0
1763087460000,99660.30,99737.40,99648.70,99706.10,47.206,1763087519999,4706373.04590,3207,27.216,2713423.34790,0
1763087520000,99706.10,99732.80,99689.80,99689.80,40.723,1763087579999,4060444.55160,2307,20.143,2008411.13350,0
1763087580000,99689.90,99724.80,99689.80,99724.80,41.599,1763087639999,4147917.10090,2210,28.486,2840363.16930,0
1763087640000,99724.70,99748.40,99582.10,99593.80,58.089,1763087699999,5788391.35960,3739,13.851,1380246.15700,0
1763087700000,99593.30,99646.30,99556.00,99637.40,42.367,1763087759999,4219559.12450,2721,20.514,2043222.42000,0
1763087760000,99637.40,99640.50,99589.80,99623.10,29.362,1763087819999,2924921.75180,2026,14.586,1452934.17850,0
1763087820000,99623.00,99689.50,99593.40,99689.50,39.055,1763087879999,3890989.81740,2691,17.425,1736138.21090,0
1763087880000,99689.60,99774.60,99689.50,99774.60,61.699,1763087939999,6153979.42050,2989,33.766,3367843.62090,0
1763087940000,99774.60,99790.80,99748.40,99757.50,50.135,1763087999999,5002112.42070,2363,22.634,2258222.98220,0
1763088000000,99757.60,99799.40,99729.50,99733.50,62.738,1763088059999,6259355.69050,2381,41.376,4128382.53710,0
1763088060000,99733.60,99826.10,99706.90,99816.20,103.144,1763088119999,10290533.56600,4156,74.192,7402697.91980,0
1763088120000,99816.10,99816.20,99752.30,99770.20,24.855,1763088179999,2480049.49530,1693,13.181,1315124.74310,0
1763088180000,99770.30,99819.50,99770.30,99798.30,71.559,1763088239999,7141970.09330,2520,36.605,3653185.01980,0
1763088240000,99798.30,99798.70,99779.70,99788.10,53.399,1763088299999,5328343.20810,1677,28.873,2881020.78060,0
1763088300000,99788.00,99788.10,99770.00,99770.00,55.169,1763088359999,5504653.37800,1608,18.373,1833197.55400,0
1763088360000,99770.00,99787.50,99680.00,99680.00,72.133,1763088419999,7195373.67300,2553,16.786,1674632.02080,0
1763088420000,99680.00,99693.70,99529.00,99534.70,168.859,1763088479999,16821935.36670,5199,42.138,4197644.28050,0
1763088480000,99534.70,99590.20,99516.60,99540.00,67.799,1763088539999,6749250.96690,3074,31.131,3099023.55080,0
1763088540000,99540.00,99540.00,99412.90,99476.30,128.740,1763088599999,12806286.85780,4756,35.643,3545276.45140,0
1763088600000,99476.30,99596.40,99476.30,99593.20,89.094,1763088659999,8869286.64760,3284,75.832,7548958.22220,0
1763088660000,99593.20,99707.80,99593.10,99677.00,63.821,1763088719999,6360336.28200,3577,42.185,4203886.85700,0
1763088720000,99676.90,99687.40,99637.30,99637.30,36.832,1763088779999,3670761.84820,2649,10.210,1017561.77710,0
1763088780000,99637.00,99637.10,99558.60,99558.60,29.921,1763088839999,2979974.61700,1985,3.929,391303.07220,0
1763088840000,99558.30,99588.40,99540.20,99588.40,25.414,1763088899999,2530220.02630,1561,11.341,1129176.10050,0
1763088900000,99588.40,99615.90,99567.80,99594.50,24.086,1763088959999,2398817.94760,1788,12.874,1282168.79940,0
1763088960000,99594.50,99635.20,99583.50,99603.10,31.585,1763089019999,3146058.70560,1618,9.960,992107.80250,0
1763089020000,99603.10,99603.90,99553.30,99574.70,31.196,1763089079999,3106201.17200,1475,15.091,1502506.82870,0
1763089080000,99574.70,99589.30,99570.70,99589.20,19.061,1763089139999,1898068.31820,966,10.857,1081134.35310,0
1763089140000,99589.20,99607.00,99564.90,99573.40,36.309,1763089199999,3615799.77670,1725,11.228,1118192.88710,0
1763089200000,99573.30,99601.70,99573.30,99600.00,25.445,1763089259999,2533997.35310,1297,19.166,1908660.77780,0
1763089260000,99599.90,99605.50,99484.80,99484.90,51.019,1763089319999,5078602.61650,2607,10.099,1005655.04780,0
1763089320000,99484.80,99484.80,99370.30,99375.60,104.962,1763089379999,10434967.35520,4459,29.966,2979099.23460,0
1763089380000,99375.60,99439.60,99342.80,99409.30,73.670,1763089439999,7321677.73660,3384,33.768,3356396.31880,0
1763089440000,99409.20,99417.80,99373.10,99417.80,36.051,1763089499999,3583297.06240,1971,20.926,2079964.34940,0
1763089500000,99417.70,99417.80,99335.80,99379.90,51.536,1763089559999,5121089.51570,3199,17.431,1731918.86430,0
1763089560000,99380.00,99449.90,99296.00,99296.00,104.347,1763089619999,10368547.40390,5256,32.171,3197876.27510,0
1763089620000,99295.90,99346.90,99251.50,99346.80,84.351,1763089679999,8375091.17280,4077,35.276,3502603.29410,0
1763089680000,99346.80,99399.90,99346.80,99399.70,55.306,1763089739999,5496316.75700,1926,27.300,2713085.74700,0
1763089740000,99399.70,99430.50,99388.00,99429.20,38.829,1763089799999,3860202.74900,1564,15.551,1545959.14320,0
1763089800000,99429.30,99438.90,99285.70,99345.80,76.408,1763089859999,7590735.75970,4001,20.541,2040365.65120,0
1763089860000,99345.90,99381.00,99305.90,99338.80,42.793,1763089919999,4251294.55600,2269,18.074,1795470.03980,0
1763089920000,99338.90,99362.20,99280.50,99300.00,41.561,1763089979999,4128155.31350,2377,9.951,988472.78620,0
1763089980000,99299.90,99310.00,99295.00,99297.10,26.194,1763090039999,2601140.12200,1095,8.685,862444.65670,0
1763090040000,99297.10,99318.60,99297.00,99305.50,22.709,1763090099999,2255099.64370,1086,10.550,1047645.16550,0
1763090100000,99305.50,99305.50,99012.30,99091.90,423.790,1763090159999,42004311.38340,11482,115.816,11477630.20190,0
1763090160000,99091.80,99254.70,99091.80,99170.10,125.071,1763090219999,12403041.04630,4986,79.534,7886676.64560,0
1763090220000,99170.00,99237.10,99150.00,99237.10,62.308,1763090279999,6179998.67830,3237,35.306,3501788.18900,0
1763090280000,99237.10,99243.10,99141.70,99190.10,50.996,1763090339999,5058567.03580,3036,20.495,2032878.02830,0
1763090340000,99190.00,99199.00,99118.20,99129.40,47.222,1763090399999,4682993.92400,2783,17.972,1782222.36000,0
1763090400000,99129.50,99190.50,99129.40,99164.50,48.418,1763090459999,4801706.40060,2812,24.006,2380617.54460,0
1763090460000,99164.40,99178.20,99124.90,99140.00,62.258,1763090519999,6172807.65560,2970,18.399,1824299.89540,0
1763090520000,99140.00,99156.40,99100.40,99147.90,59.049,1763090579999,5853332.37290,2921,30.050,2978688.70980,0
1763090580000,99147.90,99182.20,99114.40,99182.20,35.998,1763090639999,3569204.37580,2490,25.559,2534260.00660,0
1763090640000,99182.20,99278.10,99182.20,99272.70,29.455,1763090699999,2923078.12260,1731,22.571,2239805.75290,0
1763090700000,99272.70,99278.20,99180.60,99253.10,67.177,1763090759999,6665287.03570,3249,21.800,2162923.80160,0
1763090760000,99253.10,99337.70,99213.90,99290.00,109.641,1763090819999,10884158.39180,4332,51.835,5146586.25300,0
1763090820000,99290.00,99295.90,99252.90,99253.00,24.158,1763090879999,2398423.28940,2310,14.354,1425069.04210,0
1763090880000,99253.00,99291.50,99252.90,99277.90,24.969,1763090939999,2478973.87190,1277,14.039,1393752.10730,0
1763090940000,99277.90,99291.80,99247.70,99262.60,24.790,1763090999999,2460735.04170,1325,8.358,829656.59390,0
1763091000000,99262.50,99285.50,99235.00,99261.60,57.564,1763091059999,5714093.94090,2851,27.032,2683288.62020,0
1763091060000,99261.50,99280.80,99244.60,99250.10,15.721,1763091119999,1560500.71380,1380,6.122,607672.35430,0
1763091120000,99250.00,99250.00,99153.20,99200.00,78.149,1763091179999,7751911.19020,3248,13.500,1338916.09510,0
1763091180000,99200.00,99282.20,99199.90,99266.10,36.674,1763091239999,3640187.61020,2186,27.509,2730371.66770,0
1763091240000,99266.00,99281.20,99235.80,99268.20,23.104,1763091299999,2293403.68210,1924,7.619,756280.03150,0
1763091300000,99268.20,99268.20,99177.90,99207.00,42.042,1763091359999,4170449.37190,2413,25.696,2548735.46120,0
1763091360000,99206.90,99238.90,99140.10,99156.00,40.372,1763091419999,4005102.39390,2658,12.030,1193312.88030,0
1763091420000,99155.90,99191.00,99127.00,99142.40,99.433,1763091479999,9859093.42830,3888,35.775,3547136.37220,0
1763091480000,99142.40,99152.30,99044.30,99070.10,94.968,1763091539999,9411695.71700,3657,19.457,1927963.46300,0
1763091540000,99070.00,99106.20,99028.90,99086.20,99.420,1763091599999,9849822.96060,3765,38.252,3789691.87200,0
1763091600000,99086.20,99086.20,99000.20,99015.20,113.869,1763091659999,11275757.11040,4060,44.208,4377750.66860,0
1763091660000,99015.30,99037.10,98824.80,98909.20,518.519,1763091719999,51291813.80960,10169,93.833,9282906.73630,0
1763091720000,98909.30,98940.10,98878.60,98882.00,161.967,1763091779999,16018518.18940,4141,88.823,8784465.08430,0
1763091780000,98882.00,98915.10,98881.90,98909.10,45.457,1763091839999,4495942.21060,1641,28.731,2841625.44620,0
1763091840000,98909.10,98909.10,98810.70,98872.10,114.304,1763091899999,11298418.73960,4334,37.135,3670401.71000,0
1763091900000,98872.10,98896.10,98730.00,98816.50,180.022,1763091959999,17784292.93750,6191,41.485,4098375.32480,0
1763091960000,98816.90,98880.10,98766.70,98880.00,88.235,1763092019999,8719481.43560,4295,50.837,5024062.25830,0
1763092020000,98880.10,98949.50,98880.10,98949.50,67.680,1763092079999,6693970.91120,2953,36.334,3593671.38830,0
1763092080000,98949.50,99056.90,98948.20,98985.80,136.157,1763092139999,13478722.75440,4516,91.083,9016656.38540,0
1763092140000,98985.80,99000.00,98880.50,98887.20,124.648,1763092199999,12332886.66480,4215,23.658,2340698.87530,0
1763092200000,98887.30,98940.20,98887.20,98909.00,53.379,1763092259999,5280462.44260,2523,29.034,2872207.36880,0
1763092260000,98909.10,98951.10,98909.00,98943.50,32.580,1763092319999,3223175.79160,1431,22.249,2201089.10780,0
1763092320000,98943.60,99007.40,98943.60,98984.10,64.190,1763092379999,6353504.08370,2362,38.429,3803545.41890,0
1763092380000,98984.10,99050.00,98964.40,98973.20,135.217,1763092439999,13387715.50460,4287,103.391,10236908.79380,0
1763092440000,98973.50,99012.60,98941.20,98966.90,44.583,1763092499999,4412696.23860,2702,23.704,2346136.47700,0
1763092500000,98966.80,99029.70,98966.80,99029.70,48.261,1763092559999,4778157.46830,2546,24.927,2468017.96660,0
1763092560000,99029.70,99098.20,99029.60,99047.60,99.624,1763092619999,9869303.17520,3585,55.149,5463472.46700,0
1763092620000,99047.60,99070.00,99042.50,99070.00,47.809,1763092679999,4735947.06860,1320,16.767,1660941.18640,0
1763092680000,99069.90,99088.90,99059.80,99088.80,33.058,1763092739999,3275071.24630,1125,21.977,2177331.36330,0
1763092740000,99088.80,99103.30,99076.60,99103.30,49.066,1763092799999,4862236.54170,1655,30.222,2994912.31610,0
1763092800000,99103.30,99152.00,99073.00,99081.10,100.659,1763092859999,9976233.72350,2908,46.905,4648967.78340,0
1763092860000,99081.10,99111.50,99068.80,99093.60,46.400,1763092919999,4597879.57860,1946,17.431,1727361.75170,0
1763092920000,99093.50,99107.40,99067.60,99088.40,43.867,1763092979999,4346723.83510,2028,21.974,2177437.66200,0
1763092980000,99088.40,99100.00,99063.80,99077.90,32.604,1763093039999,3230465.51540,1799,15.860,1571399.61620,0
1763093040000,99077.90,99105.40,98939.40,98940.00,80.006,1763093099999,7920316.90160,3675,12.609,1248269.32300,0
1763093100000,98939.90,98939.90,98766.60,98806.70,153.846,1763093159999,15204051.07820,6289,34.143,3374231.25490,0
1763093160000,98806.70,98820.30,98770.40,98793.00,94.003,1763093219999,9286930.67360,4056,46.494,4593345.57610,0
1763093220000,98793.10,98802.00,98743.00,98766.00,79.379,1763093279999,7839825.98860,3203,25.655,2533869.78820,0
1763093280000,98766.00,98798.60,98765.90,98797.40,53.020,1763093339999,5237307.62160,2294,24.298,2400164.01170,0
1763093340000,98797.50,98797.50,98760.90,98781.90,85.914,1763093399999,8486766.25410,2269,42.633,4211487.36320,0
1763093400000,98781.90,98855.10,98781.80,98812.50,91.818,1763093459999,9071554.89520,3151,51.719,5109514.59470,0
1763093460000,98812.40,98897.10,98812.40,98886.70,67.905,1763093519999,6712659.76840,2672,42.787,4229503.30060,0
1763093520000,98886.70,98911.00,98841.40,98911.00,55.552,1763093579999,5492929.37920,2645,36.202,3579557.67180,0
1763093580000,98911.00,98934.30,98873.90,98877.30,79.412,1763093639999,7854524.45690,3027,47.933,4741091.70550,0
1763093640000,98877.30,98900.20,98846.60,98867.90,92.747,1763093699999,9170856.03720,2292,20.633,2040082.31350,0
1763093700000,98867.90,98898.10,98834.90,98850.90,48.434,1763093759999,4788998.07300,2563,20.971,2073558.61940,0
1763093760000,98850.90,98871.90,98820.90,98825.10,54.320,1763093819999,5369222.69840,2284,19.184,1896146.34490,0
1763093820000,98825.00,98900.00,98758.30,98899.90,95.756,1763093879999,9461785.62390,4040,43.071,4255926.50410,0
1763093880000,98899.90,98946.50,98874.80,98909.40,64.938,1763093939999,6422806.90000,3181,32.058,3170631.20920,0
1763093940000,98909.40,98974.40,98904.20,98974.40,44.293,1763093999999,4381960.93110,2444,31.249,3091577.59580,0
1763094000000,98974.30,98974.40,98845.30,98846.70,44.722,1763094059999,4423186.85000,3047,15.517,1534662.86270,0
1763094060000,98846.80,98868.20,98826.80,98859.90,49.759,1763094119999,4918547.82090,2669,27.042,2673026.91560,0
1763094120000,98860.00,98886.10,98840.00,98841.00,31.855,1763094179999,3149344.13370,2073,13.081,1293291.41310,0
1763094180000,98841.00,98890.70,98800.00,98806.70,43.692,1763094239999,4319011.21920,2701,17.194,1699685.81000,0
1763094240000,98806.70,98836.30,98800.00,98800.10,61.313,1763094299999,6058628.61460,2661,35.774,3534935.99270,0
1763094300000,98800.00,98810.60,98760.00,98804.70,105.821,1763094359999,10454652.53400,3372,46.902,4633626.80890,0
1763094360000,98804.70,98880.90,98804.60,98880.90,23.140,1763094419999,2287048.23090,1337,15.883,1569772.88890,0
1763094420000,98880.90,98909.10,98851.10,98862.20,40.712,1763094479999,4025852.11620,1953,14.406,1424537.30440,0
1763094480000,98862.20,98899.10,98852.40,98873.00,34.099,1763094539999,3371441.01930,1709,24.609,2433128.46420,0
1763094540000,98873.00,98983.20,98872.90,98927.70,137.773,1763094599999,13631112.49170,4428,49.440,4891473.09620,0
1763094600000,98927.80,98927.80,98720.50,98737.70,268.852,1763094659999,26568848.97310,7315,35.619,3519668.73190,0
1763094660000,98737.60,98764.90,98563.00,98563.00,234.343,1763094719999,23122485.56570,7817,39.959,3943667.32630,0
1763094720000,98563.00,98563.10,98150.10,98163.50,1504.543,1763094779999,148006136.28970,31488,371.726,36564633.13280,0
1763094780000,98163.60,98340.90,98150.00,98162.60,563.114,1763094839999,55312265.51880,14437,239.732,23548980.03100,0
1763094840000,98162.60,98269.10,97615.00,97615.00,2466.517,1763094899999,241526486.30990,32539,287.525,28170366.37970,0
1763094900000,97646.90,98139.50,97612.00,97971.40,1910.562,1763094959999,187227505.86070,24666,1102.260,108021452.46850,0
1763094960000,97971.50,98000.00,97745.00,97808.30,545.735,1763095019999,53440071.40740,14414,267.998,26245636.32940,0
1763095020000,97808.20,97855.00,97691.30,97716.90,489.722,1763095079999,47874547.54870,16001,239.536,23417919.66200,0
1763095080000,97716.90,97716.90,96700.00,97300.10,4405.913,1763095139999,428311709.60840,69415,1066.616,103717886.66180,0
1763095140000,97300.10,97485.00,96600.00,96844.50,1756.719,1763095199999,170318492.22170,45105,672.284,65211475.70560,0
1763095200000,96844.50,97399.00,96844.50,97221.40,1269.829,1763095259999,123479116.32370,28347,725.318,70522147.18490,0
1763095260000,97221.40,97458.70,96889.20,97038.40,1263.359,1763095319999,122698926.96340,25091,464.399,45118109.69900,0
1763095320000,97038.40,97335.80,97005.10,97226.90,547.593,1763095379999,53245707.52230,15296,341.073,33163520.01710,0
1763095380000,97227.00,97685.60,97194.30,97685.60,589.712,1763095439999,57480819.04650,17583,438.023,42697782.27990,0
1763095440000,97685.90,97751.30,97400.00,97540.10,563.710,1763095499999,55001404.79720,14333,245.836,23990846.89900,0
1763095500000,97540.10,97905.30,97540.10,97877.30,458.147,1763095559999,44783668.25650,16245,313.278,30621961.59150,0
1763095560000,97877.00,97946.30,97607.70,97631.90,426.633,1763095619999,41719549.65200,13798,158.766,15529438.97070,0
1763095620000,97631.90,97727.20,97623.60,97660.10,221.990,1763095679999,21684393.11100,9267,101.535,9918157.44670,0
1763095680000,97660.10,97800.00,97530.80,97538.90,345.574,1763095739999,33748286.77350,10948,148.302,14485874.03080,0
1763095740000,97539.00,97573.60,97168.60,97179.00,641.234,1763095799999,62435641.73680,18047,172.236,16774411.54470,0
1763095800000,97179.10,97712.40,97168.70,97576.60,374.847,1763095859999,36557927.22690,13367,239.650,23376549.13390,0
1763095860000,97576.70,97576.70,97412.40,97475.70,337.978,1763095919999,32941833.60510,11545,177.161,17266974.53260,0
1763095920000,97475.70,97656.30,97239.00,97536.20,584.914,1763095979999,56997054.41930,20049,299.187,29169581.82490,0
1763095980000,97536.20,97606.20,97495.00,97596.20,316.168,1763096039999,30843388.28960,10915,223.137,21768258.63820,0
1763096040000,97596.20,97625.30,97506.10,97553.10,319.807,1763096099999,31204563.60370,10900,216.331,21108654.20930,0
1763096100000,97553.00,97876.70,97534.40,97808.80,628.676,1763096159999,61437041.72330,16027,457.927,44746384.47120,0
1763096160000,97808.80,97846.10,97720.90,97827.50,418.275,1763096219999,40899247.26430,12905,274.672,26857492.32640,0
1763096220000,97827.50,97873.10,97723.60,97723.90,300.821,1763096279999,29420714.10750,10780,192.969,18872678.46820,0
1763096280000,97724.00,97800.00,97664.00,97781.00,335.723,1763096339999,32813388.72180,8736,182.987,17886700.82730,0
1763096340000,97781.00,97844.90,97741.60,97789.70,361.561,1763096399999,35358760.31720,10243,264.096,25827293.72970,0
1763096400000,97789.70,97808.40,97640.00,97665.10,411.451,1763096459999,40203314.88460,12658,197.834,19330788.23710,0
1763096460000,97665.10,97961.80,97665.00,97880.70,302.763,1763096519999,29637182.87480,10596,196.418,19226796.37400,0
1763096520000,97880.70,97997.30,97800.00,97807.80,377.681,1763096579999,36987841.09120,11718,161.626,15828834.98350,0
1763096580000,97807.80,97935.90,97800.00,97893.80,137.937,1763096639999,13499172.44470,6585,86.375,8453231.19290,0
1763096640000,97893.70,97941.60,97890.00,97898.60,126.159,1763096699999,12353512.67620,5322,72.605,7109631.03670,0
1763096700000,97898.60,97923.10,97800.00,97805.20,98.404,1763096759999,9629064.04420,5552,39.138,3829705.97020,0
1763096760000,97805.20,97826.30,97679.50,97682.50,147.349,1763096819999,14402765.59670,7042,32.295,3157263.20780,0
1763096820000,97682.60,97826.50,97660.70,97826.40,134.394,1763096879999,13136654.22690,8058,68.454,6691971.30960,0
1763096880000,97826.40,97850.00,97700.00,97700.00,115.974,1763096939999,11339730.98780,5725,57.333,5606483.63770,0
1763096940000,97700.10,97707.90,97537.00,97537.10,158.259,1763096999999,15451348.89900,6296,54.638,5335903.19050,0
1763097000000,97537.10,97648.70,97511.30,97596.40,186.589,1763097059999,18208167.22350,8711,82.896,8089618.26100,0
1763097060000,97596.40,97611.00,97447.30,97510.40,230.873,1763097119999,22511971.94000,8073,58.870,5740819.68870,0
1763097120000,97510.30,97581.80,97472.20,97566.10,131.473,1763097179999,12821960.04870,6515,64.007,6242164.25570,0
1763097180000,97566.20,97596.70,97475.00,97544.90,80.427,1763097239999,7844741.80620,4816,43.071,4201129.34480,0
1763097240000,97544.80,97594.30,97359.10,97436.90,273.236,1763097299999,26620205.14810,10136,128.424,12511138.43910,0
1763097300000,97436.90,97554.80,97395.30,97456.90,197.313,1763097359999,19232020.09020,8359,132.316,12896565.14010,0
1763097360000,97456.90,97500.00,97270.00,97422.10,335.497,1763097419999,32666853.55500,12554,201.323,19601717.83010,0
1763097420000,97422.10,97571.40,97390.10,97492.60,171.516,1763097479999,16721886.27260,8427,126.779,12360381.27120,0
1763097480000,97492.90,97578.50,97462.80,97578.40,106.640,1763097539999,10399183.23510,6045,67.341,6567072.76830,0
1763097540000,97578.40,97825.20,97575.20,97651.70,173.781,1763097599999,16983590.02710,8589,114.508,11190096.13600,0
1763097600000,97651.60,97761.20,97633.80,97754.10,110.671,1763097659999,10811926.01810,5076,75.347,7360919.52110,0
1763097660000,97754.10,97754.10,97580.00,97657.20,115.549,1763097719999,11282600.79570,6282,50.158,4897217.26100,0
1763097720000,97657.20,97776.30,97615.60,97648.10,124.767,1763097779999,12190696.46620,7652,69.945,6834451.01550,0
1763097780000,97648.00,97691.30,97578.70,97611.60,102.213,1763097839999,9978807.88120,5935,48.209,4706264.58930,0
1763097840000,97611.50,97611.60,97465.20,97591.70,130.441,1763097899999,12722494.48110,6565,37.717,3678725.46280,0
1763097900000,97591.70,97624.60,97555.20,97576.30,95.337,1763097959999,9303254.22890,4679,33.444,3263801.80740,0
1763097960000,97576.20,97677.00,97558.10,97582.00,56.718,1763098019999,5536143.90020,4398,27.395,2674136.44950,0
1763098020000,97582.00,97650.00,97373.20,97379.90,170.836,1763098079999,16662771.48420,7847,67.171,6553588.96210,0
1763098080000,97379.90,97510.50,97347.90,97448.40,123.065,1763098139999,11989821.46770,6927,63.729,6208833.95850,0
1763098140000,97448.40,97461.20,97224.30,97224.30,186.143,1763098199999,18121996.87750,8263,60.340,5874524.73020,0
1763098200000,97229.90,97454.70,97220.70,97454.70,261.287,1763098259999,25436328.13600,10064,160.011,15577316.61680,0
1763098260000,97454.70,97479.80,97335.30,97335.40,348.127,1763098319999,33909589.61320,11023,252.479,24593027.20360,0
1763098320000,97335.40,97365.20,97315.80,97348.30,119.414,1763098379999,11624307.85210,5421,76.354,7432564.05610,0
1763098380000,97348.30,97352.60,97200.00,97200.00,290.574,1763098439999,28257428.24620,8832,87.534,8513134.89700,0
1763098440000,97200.10,97332.40,97100.50,97106.10,686.153,1763098499999,66707227.95120,10438,363.863,35378078.20650,0
1763098500000,97106.10,97266.00,97106.10,97179.30,160.737,1763098559999,15622717.00920,7664,94.503,9184997.34260,0
1763098560000,97179.70,97317.30,97000.00,97317.20,365.339,1763098619999,35479914.47770,13723,141.048,13700995.60950,0
1763098620000,97317.30,97548.90,97317.20,97477.50,362.572,1763098679999,35335813.35660,12153,267.008,26021631.00740,0
1763098680000,97477.40,97583.00,97297.00,97297.10,255.385,1763098739999,24895089.08580,11015,91.892,8958215.80600,0
1763098740000,97297.10,97320.40,97090.90,97113.20,231.109,1763098799999,22466620.98210,9427,112.936,10978656.25350,0
1763098800000,97113.30,97369.10,97085.30,97360.40,221.302,1763098859999,21526959.49220,7975,178.587,17372085.53160,0
1763098860000,97360.50,97454.80,97347.20,97427.10,187.882,1763098919999,18302824.38750,7626,120.396,11728189.94300,0
1763098920000,97427.00,97427.10,97300.00,97329.90,127.763,1763098979999,12439624.21670,5659,31.214,3038568.37080,0
1763098980000,97329.90,97407.40,97311.00,97311.10,76.463,1763099039999,7444083.47520,4543,34.772,3385335.33820,0
1763099040000,97311.10,97332.90,97253.00,97253.20,73.203,1763099099999,7122200.97720,3802,23.196,2257136.09920,0
1763099100000,97253.20,97325.70,97200.00,97247.90,158.436,1763099159999,15407409.50690,7967,51.203,4979584.89010,0
1763099160000,97248.00,97298.80,97165.20,97217.50,155.288,1763099219999,15098537.40630,7152,65.952,6412778.59150,0
1763099220000,97217.60,97237.20,97152.20,97224.80,152.083,1763099279999,14783862.30420,6483,79.420,7720145.26440,0
1763099280000,97224.80,97363.40,97199.30,97363.40,115.797,1763099339999,11264849.73740,5490,87.423,8504464.55460,0
1763099340000,97363.40,97568.80,97363.30,97500.00,288.187,1763099399999,28093673.46200,8421,229.413,22363865.93930,0
1763099400000,97499.90,97638.40,97465.00,97503.00,239.735,1763099459999,23386914.93210,9531,138.444,13505092.16180,0
1763099460000,97502.90,97598.40,97502.90,97522.20,104.249,1763099519999,10168104.97290,5189,62.710,6116313.72020,0
1763099520000,97522.10,97525.00,97438.40,97442.50,58.041,1763099579999,5658361.56790,3708,20.988,2046048.97380,0
1763099580000,97442.60,97475.00,97383.00,97409.80,141.153,1763099639999,13750453.77180,4571,40.169,3913263.51000,0
1763099640000,97409.80,97483.60,97400.00,97483.60,356.939,1763099699999,34778115.96310,5269,304.453,29664889.94070,0
1763099700000,97483.60,97547.90,97426.20,97438.00,133.395,1763099759999,13005944.82630,5179,54.941,5356233.37820,0
1763099760000,97437.90,97438.00,97326.40,97385.90,78.866,1763099819999,7679064.82770,3705,47.065,4582351.69770,0
1763099820000,97385.90,97453.00,97385.90,97431.40,54.781,1763099879999,5337075.39960,3840,24.846,2420573.15560,0
1763099880000,97431.40,97482.70,97418.30,97478.30,39.586,1763099939999,3857953.19990,2170,33.163,3231979.72040,0
1763099940000,97478.20,97508.60,97478.20,97491.90,33.029,1763099999999,3220103.01370,1819,21.465,2092654.98640,0
1763100000000,97491.80,97491.90,97427.90,97429.80,80.875,1763100059999,7882145.78360,3966,32.628,3179956.52530,0
1763100060000,97429.90,97488.60,97413.00,97424.50,48.796,1763100119999,4754864.44530,3481,25.887,2522535.86550,0
1763100120000,97424.50,97442.60,97312.70,97323.40,58.268,1763100179999,5673647.17650,4183,18.772,1827689.61700,0
1763100180000,97323.30,97326.80,97190.90,97260.00,222.948,1763100239999,21681593.57410,7393,94.976,9235979.46140,0
1763100240000,97260.00,97274.40,97168.30,97207.60,129.111,1763100299999,12552036.03510,5847,46.493,4519887.48970,0
1763100300000,97207.60,97327.10,97207.60,97319.10,109.872,1763100359999,10684967.47650,5373,67.617,6575891.96350,0
1763100360000,97319.00,97319.00,97203.80,97277.20,108.762,1763100419999,10577323.85090,5436,56.956,5538657.33030,0
1763100420000,97277.20,97302.90,97264.70,97295.00,39.538,1763100479999,3846467.60230,2663,27.634,2688429.63310,0
1763100480000,97295.10,97295.10,97191.30,97213.80,108.098,1763100539999,10509777.96030,4175,36.764,3573678.30660,0
1763100540000,97213.90,97224.30,97100.00,97138.90,228.162,1763100599999,22165521.79780,6390,56.867,5524549.54380,0
1763100600000,97138.90,97212.30,97110.20,97178.40,84.595,1763100659999,8220117.45590,4827,57.362,5573989.66240,0
1763100660000,97178.40,97236.40,97107.10,97107.10,71.481,1763100719999,6947073.17050,4899,45.326,4405434.15920,0
1763100720000,97107.20,97125.00,97000.00,97043.50,253.715,1763100779999,24625913.73640,7573,63.235,6138041.58310,0
1763100780000,97043.60,97144.30,96928.70,96941.10,444.204,1763100839999,43093545.26650,11542,148.094,14368594.05780,0
1763100840000,96941.00,97237.20,96941.00,97100.90,207.970,1763100899999,20197392.10470,8989,151.100,14672469.62290,0
1763100900000,97100.50,97121.30,97000.00,97030.70,107.746,1763100959999,10456565.60900,6090,61.638,5981881.86540,0
1763100960000,97030.80,97093.60,96978.10,97018.10,126.671,1763101019999,12291847.02550,6195,72.210,7007401.28560,0
1763101020000,97017.90,97061.10,96900.00,96945.30,183.889,1763101079999,17834694.39070,7031,54.809,5316434.54860,0
1763101080000,96945.40,96978.20,96880.00,96922.40,216.943,1763101139999,21026635.76750,8193,118.184,11454509.85140,0
1763101140000,96922.40,97027.80,96919.60,97027.80,139.194,1763101199999,13498640.16450,5248,98.635,9565115.24100,0
1763101200000,97027.90,97030.10,96930.00,96948.70,81.347,1763101259999,7888038.15960,4560,34.337,3329566.49570,0
1763101260000,96948.70,97001.50,96920.00,96934.60,66.356,1763101319999,6434269.73690,3681,35.121,3405764.12120,0
1763101320000,96934.50,96960.90,96826.70,96867.20,222.875,1763101379999,21593359.45990,6087,88.650,8589798.37940,0
1763101380000,96867.10,96929.40,96825.60,96887.80,189.682,1763101439999,18375375.23630,7263,118.403,11470124.39790,0
1763101440000,96887.80,96917.80,96851.60,96880.00,108.383,1763101499999,10500553.24700,5178,50.467,4889612.96940,0
1763101500000,96880.00,96977.10,96857.20,96896.50,233.855,1763101559999,22663748.45060,6533,107.064,10375931.23850,0
1763101560000,96896.60,96896.60,96800.60,96806.10,170.119,1763101619999,16472101.65780,6589,57.306,5548165.73560,0
1763101620000,96806.00,96891.30,96800.00,96863.20,175.978,1763101679999,17041322.55160,6739,87.066,8431825.41650,0
1763101680000,96862.70,96878.20,96842.80,96871.90,108.874,1763101739999,10545451.56510,4343,72.242,6997165.88820,0
1763101740000,96871.80,97003.50,96871.80,96960.40,160.799,1763101799999,15586983.10940,6822,128.502,12456034.28260,0
1763101800000,96960.50,97060.00,96927.50,96987.50,171.905,1763101859999,16673573.12160,8230,130.333,12641204.90660,0
1763101860000,96987.50,97033.10,96966.30,96966.40,95.873,1763101919999,9300311.33080,4477,42.626,4134850.52050,0
1763101920000,96966.40,96966.40,96800.00,96834.00,169.336,1763101979999,16398253.53180,5703,50.297,4870616.67780,0
1763101980000,96834.00,96949.00,96803.80,96948.90,121.410,1763102039999,11759617.91450,6324,81.270,7872592.53390,0
1763102040000,96949.00,96949.00,96700.00,96729.90,383.445,1763102099999,37113895.09220,9573,87.392,8459802.95860,0
1763102100000,96730.00,96933.70,96717.60,96806.30,309.265,1763102159999,29951760.30210,11841,189.014,18305069.86260,0
1763102160000,96806.20,96955.30,96727.80,96955.30,151.249,1763102219999,14649411.31040,8172,98.164,9509077.33660,0
1763102220000,96955.30,96985.80,96867.50,96958.00,151.579,1763102279999,14694636.08770,7226,92.727,8989598.63420,0
1763102280000,96958.00,96962.60,96798.60,96881.40,110.803,1763102339999,10734273.05510,6219,50.873,4928670.47100,0
1763102340000,96881.40,96897.90,96696.60,96742.00,212.961,1763102399999,20607969.63430,8213,82.781,8010500.50140,0
1763102400000,96742.00,96894.90,96742.00,96851.00,138.537,1763102459999,13416376.51970,6579,93.254,9030722.00670,0
1763102460000,96850.90,96895.00,96760.00,96814.00,117.566,1763102519999,11383183.19500,6172,58.142,5629099.40010,0
1763102520000,96814.00,96885.10,96787.60,96787.60,134.402,1763102579999,13017492.65120,5684,55.326,5358547.66530,0
1763102580000,96787.60,96791.30,96680.10,96774.70,236.934,1763102639999,22918085.27430,8964,96.541,9338780.71560,0
1763102640000,96774.80,96850.00,96747.70,96750.70,276.582,1763102699999,26772387.86300,8090,135.373,13104646.33390,0
1763102700000,96750.80,96808.00,96729.00,96765.80,186.650,1763102759999,18062123.81840,7299,115.697,11196030.16020,0
1763102760000,96765.90,96765.90,96500.00,96509.70,992.142,1763102819999,95811872.80460,22042,262.622,25360972.17110,0
1763102820000,96509.80,96516.90,96259.20,96283.00,2008.288,1763102879999,193555027.46330,26624,543.462,52357471.86280,0
1763102880000,96283.00,96321.00,96041.80,96112.30,1386.262,1763102939999,133306692.36170,27849,514.261,49455785.88610,0
1763102940000,96112.30,96566.00,95840.90,96555.00,2069.054,1763102999999,198893037.07850,39155,981.513,94409316.28410,0
1763103000000,96555.00,96699.00,96483.30,96558.50,651.082,1763103059999,62899863.13720,18574,313.604,30296099.31060,0
1763103060000,96558.50,96576.10,96356.60,96485.40,326.027,1763103119999,31444108.55970,11774,187.990,18130241.16580,0
1763103120000,96485.40,96495.00,96264.00,96357.70,434.698,1763103179999,41890202.55690,11238,187.586,18072993.21890,0
1763103180000,96357.70,96484.90,96357.70,96453.80,267.729,1763103239999,25817148.92760,9513,204.331,19703840.83920,0
1763103240000,96453.90,96660.00,96400.00,96656.40,357.529,1763103299999,34512143.23860,11193,215.143,20771571.11700,0
1763103300000,96656.40,96884.90,96618.00,96813.10,633.978,1763103359999,61339139.66410,17417,451.096,43643765.00220,0
1763103360000,96813.10,97155.80,96813.00,97152.00,534.022,1763103419999,51805815.16010,18960,327.717,31791164.91170,0
1763103420000,97151.90,97251.60,97047.20,97160.10,524.664,1763103479999,50967981.27580,15012,327.261,31790804.87300,0
1763103480000,97160.00,97424.30,97150.30,97231.60,740.070,1763103539999,72004966.26370,17604,457.110,44468058.26150,0
1763103540000,97231.60,97585.90,97231.60,97530.90,751.972,1763103599999,73304933.69280,19888,513.495,50052593.85320,0
1763103600000,97531.00,97564.30,97352.10,97383.00,495.975,1763103659999,48315676.27660,15118,184.912,18014585.75220,0
1763103660000,97383.10,97714.20,97356.10,97650.00,770.121,1763103719999,75191669.32040,20828,485.307,47379523.64070,0
1763103720000,97650.00,97700.00,97329.90,97376.00,418.280,1763103779999,40779257.31720,12963,220.452,21494372.58370,0
1763103780000,97376.10,97461.30,97171.30,97192.90,395.136,1763103839999,38431847.15740,14158,151.984,14785107.31240,0
1763103840000,97193.00,97203.00,97087.40,97133.70,249.396,1763103899999,24224754.80490,9385,119.697,11626944.72860,0
1763103900000,97133.60,97245.20,97101.00,97118.30,198.382,1763103959999,19277736.79270,8208,102.101,9921919.62250,0
1763103960000,97118.20,97164.10,96924.80,97016.60,394.585,1763104019999,38282758.87210,9924,177.749,17243956.44860,0
1763104020000,97016.60,97195.40,97016.60,97143.80,255.267,1763104079999,24797193.29960,9382,128.701,12500405.43350,0
1763104080000,97143.70,97143.80,96861.00,96959.30,251.919,1763104139999,24428575.22670,9610,118.528,11493885.56880,0
1763104140000,96959.30,97053.70,96906.30,97049.90,156.390,1763104199999,15166859.74510,7061,73.272,7106547.13860,0
1763104200000,97050.00,97154.40,96983.80,96983.80,190.725,1763104259999,18514966.35500,8663,116.532,11313275.34160,0
1763104260000,96983.80,97109.40,96910.10,97109.40,119.282,1763104319999,11570255.34110,6659,78.674,7631510.60350,0
1763104320000,97109.30,97163.60,97070.30,97129.00,189.181,1763104379999,18373163.34420,7567,105.006,10197969.33130,0
1763104380000,97129.00,97428.50,97129.00,97377.10,280.307,1763104439999,27263538.44710,8804,209.359,20362144.17650,0
1763104440000,97377.10,97409.00,97297.10,97341.90,189.286,1763104499999,18427742.48610,7636,120.891,11768854.73830,0
1763104500000,97341.80,97355.90,97246.30,97306.00,115.320,1763104559999,11220020.36830,6263,45.577,4434575.23850,0
1763104560000,97305.90,97492.20,97305.90,97374.40,250.634,1763104619999,24414204.11080,10185,146.665,14286679.44860,0
1763104620000,97374.40,97465.60,97320.30,97464.00,319.810,1763104679999,31146080.05220,9578,197.311,19215741.35200,0
1763104680000,97464.10,97469.70,97246.50,97310.70,272.064,1763104739999,26501889.99840,6140,58.155,5662173.98920,0
1763104740000,97310.60,97388.70,97296.80,97300.00,81.811,1763104799999,7963812.28710,5224,52.150,5076474.61350,0
1763104800000,97300.10,97434.80,97300.10,97422.20,86.776,1763104859999,8450056.11330,6430,58.895,5734823.25380,0
1763104860000,97422.20,97422.20,97285.30,97316.30,120.565,1763104919999,11734199.27280,5726,49.205,4788713.28170,0
1763104920000,97316.30,97521.60,97306.30,97423.50,143.263,1763104979999,13960515.71890,6782,101.112,9853570.34690,0
1763104980000,97423.40,97582.90,97363.50,97523.00,213.716,1763105039999,20833959.84260,7673,145.349,14171036.47380,0
1763105040000,97523.00,97523.00,97365.20,97380.40,91.716,1763105099999,8934472.07750,4653,41.369,4029668.75890,0
1763105100000,97380.50,97553.30,97380.50,97545.70,159.788,1763105159999,15579477.01780,6940,95.334,9294558.68020,0
1763105160000,97545.70,97593.80,97495.80,97533.70,127.544,1763105219999,12440405.38550,5575,64.940,6334544.48580,0
1763105220000,97533.70,97533.70,97460.60,97512.40,77.037,1763105279999,7510415.72300,4076,45.340,4420249.05900,0
1763105280000,97512.50,97560.90,97504.30,97560.90,99.096,1763105339999,9665185.21270,4386,62.954,6140176.47160,0
1763105340000,97560.80,97680.00,97560.80,97664.50,170.143,1763105399999,16609865.48410,5909,77.387,7554506.71310,0
1763105400000,97664.50,97674.90,97536.20,97536.30,230.424,1763105459999,22492292.75370,7549,121.646,11874464.26540,0
1763105460000,97536.20,97665.50,97536.20,97588.20,123.329,1763105519999,12036815.14760,5719,66.510,6490916.12310,0
1763105520000,97588.10,97588.10,97364.00,97400.60,254.140,1763105579999,24763304.39240,9300,68.352,6660644.28740,0
1763105580000,97400.60,97400.60,97230.00,97230.10,486.153,1763105639999,47297564.24300,9793,92.053,8955899.37260,0
1763105640000,97230.00,97275.60,97155.90,97191.80,341.226,1763105699999,33170769.36630,7551,91.295,8874868.88010,0
1763105700000,97191.90,97191.90,97120.20,97120.40,317.362,1763105759999,30833319.99090,6733,97.064,9430229.26740,0
1763105760000,97120.40,97133.40,97000.10,97004.70,512.198,1763105819999,49713003.59910,10451,156.229,15163171.61040,0
1763105820000,97004.70,97004.70,96833.70,96877.70,741.136,1763105879999,71816861.46520,14697,226.682,21965970.07400,0
1763105880000,96877.80,96968.70,96837.30,96842.40,459.380,1763105939999,44514319.34520,10454,150.490,14582744.76020,0
1763105940000,96842.40,96875.90,96704.30,96874.90,568.691,1763105999999,55039553.92420,13798,185.198,17924038.10800,0
1763106000000,96874.90,97018.70,96811.00,96956.20,293.755,1763106059999,28468773.18080,9819,132.579,12849016.04550,0
1763106060000,96956.10,96956.20,96858.30,96889.30,162.952,1763106119999,15789565.04110,5651,74.099,7179961.64830,0
1763106120000,96889.30,97042.30,96863.90,97042.30,259.658,1763106179999,25179095.92190,6694,121.010,11732869.90500,0
1763106180000,97042.30,97110.90,96968.70,97100.00,208.367,1763106239999,20220890.90920,6796,130.960,12709414.65340,0
1763106240000,97100.10,97120.00,97039.00,97119.80,124.804,1763106299999,12116011.41650,4347,61.796,5999239.48830,0
1763106300000,97120.00,97252.80,97071.80,97184.20,234.019,1763106359999,22741595.50760,7173,128.861,12521286.20660,0
1763106360000,97184.20,97479.50,97184.20,97461.90,225.100,1763106419999,21912905.92000,8411,145.521,14166983.09620,0
1763106420000,97461.80,97643.10,97429.10,97444.00,404.853,1763106479999,39490817.17220,11786,273.048,26636452.80290,0
1763106480000,97444.00,97474.80,97365.00,97389.90,170.905,1763106539999,16646254.41490,6398,63.536,6188329.72200,0
1763106540000,97390.00,97493.20,97390.00,97441.40,166.963,1763106599999,16269799.83800,5858,67.392,6566970.24560,0
1763106600000,97441.30,97555.50,97409.10,97537.50,125.304,1763106659999,12214572.13690,6063,63.931,6231976.78180,0
1763106660000,97537.40,97585.60,97444.50,97489.10,263.323,1763106719999,25678917.69320,8954,101.650,9912249.55740,0
1763106720000,97489.20,97500.00,97342.20,97365.70,160.348,1763106779999,15620817.49220,5379,53.496,5211626.30820,0
1763106780000,97366.00,97373.30,97144.60,97154.50,226.628,1763106839999,22042655.79680,7198,60.011,5837346.22680,0
1763106840000,97154.60,97194.10,97132.60,97162.80,104.247,1763106899999,10129188.65030,2948,48.726,4734376.20050,0
1763106900000,97162.80,97242.00,97152.30,97186.80,135.073,1763106959999,13126152.45320,4125,71.994,6996152.09040,0
1763106960000,97186.70,97197.10,97126.20,97155.40,121.785,1763107019999,11832007.66390,2905,57.579,5594197.79530,0
1763107020000,97155.30,97221.50,97141.90,97152.20,173.128,1763107079999,16824559.68100,3923,122.435,11897967.99290,0
1763107080000,97152.10,97164.30,97058.30,97093.50,118.260,1763107139999,11484436.95910,3487,37.078,3600446.83860,0
1763107140000,97093.50,97126.70,97070.10,97099.90,101.001,1763107199999,9807301.74360,3199,48.345,4694337.12350,0
1763107200000,97099.90,97126.70,97033.50,97082.20,149.366,1763107259999,14499505.42010,4498,77.134,7487835.68510,0
1763107260000,97082.10,97168.30,97043.20,97103.50,105.564,1763107319999,10250187.95310,3594,55.008,5341301.11280,0
1763107320000,97103.50,97120.20,97049.10,97054.00,54.688,1763107379999,5308640.39560,2394,27.270,2647202.74330,0
1763107380000,97054.10,97063.60,97001.40,97030.00,117.762,1763107439999,11426234.54320,3472,25.814,2504803.13010,0
1763107440000,97030.10,97049.00,96965.00,97022.50,92.794,1763107499999,9001092.84600,3161,28.920,2805255.67800,0
1763107500000,97022.50,97038.40,96975.80,96983.10,68.702,1763107559999,6664147.64180,2579,20.531,1991586.77660,0
1763107560000,96983.00,97037.10,96966.10,96966.10,79.845,1763107619999,7744322.43590,2925,41.190,3995126.14010,0
1763107620000,96966.10,97005.50,96880.60,96986.50,122.587,1763107679999,11884018.84040,4283,61.283,5940501.76490,0
1763107680000,96986.60,97019.70,96947.50,97002.10,81.325,1763107739999,7887270.05490,3531,48.258,4680112.99430,0
1763107740000,97002.10,97026.30,96885.50,96898.70,122.670,1763107799999,11892837.64560,3297,32.794,3180082.60100,0
1763107800000,96898.70,96950.10,96775.00,96945.30,208.229,1763107859999,20169760.67100,5802,88.044,8529483.48400,0
1763107860000,96945.30,97100.00,96945.30,97084.20,213.987,1763107919999,20768436.28900,6222,133.208,12928480.03200,0
1763107920000,97084.20,97093.90,96952.00,96952.10,87.291,1763107979999,8471842.53190,3388,46.116,4475855.21160,0
1763107980000,96952.00,96955.00,96874.90,96880.40,64.897,1763108039999,6289807.60700,2736,28.079,2721347.39900,0
1763108040000,96880.40,97043.60,96864.50,96864.50,212.323,1763108099999,20590968.30550,5624,155.648,15095687.43030,0
1763108100000,96864.60,96901.00,96810.60,96857.10,130.014,1763108159999,12592870.40950,4652,66.012,6393508.37640,0
1763108160000,96857.10,97015.80,96845.70,96957.00,115.620,1763108219999,11211799.65630,3665,72.501,7031044.14330,0
1763108220000,96956.50,97062.80,96954.50,97056.20,70.566,1763108279999,6846919.44030,2762,44.480,4315870.76970,0
1763108280000,97056.30,97173.00,97037.40,97172.70,161.290,1763108339999,15662865.05710,5078,105.444,10240066.04000,0
1763108340000,97172.80,97442.30,97172.80,97365.60,425.348,1763108399999,41397272.82480,11234,268.161,26099755.67820,0
1763108400000,97365.70,97400.10,97239.70,97239.70,310.671,1763108459999,30241983.42920,6946,118.940,11578430.40810,0
1763108460000,97239.70,97298.40,97186.10,97257.40,110.380,1763108519999,10734501.45870,4280,60.044,5839483.02390,0
1763108520000,97257.40,97299.20,97111.00,97111.00,111.949,1763108579999,10883197.39100,4123,46.972,4566944.72440,0
1763108580000,97111.00,97236.00,97093.50,97212.10,49.827,1763108639999,4841411.71670,2893,29.221,2839108.85030,0
1763108640000,97212.10,97222.00,97034.60,97066.20,114.927,1763108699999,11160332.26620,4618,40.844,3966026.38930,0
1763108700000,97066.20,97117.70,96971.80,97054.80,146.553,1763108759999,14220402.52550,5116,48.345,4690448.22940,0
1763108760000,97054.80,97055.20,96802.70,96812.80,155.673,1763108819999,15083459.30030,6222,49.679,4812669.38000,0
1763108820000,96812.80,96889.20,96810.00,96845.90,193.060,1763108879999,18696592.15380,6336,71.026,6878358.93950,0
1763108880000,96845.90,96889.80,96818.60,96858.60,108.667,1763108939999,10523286.17460,3507,68.253,6609531.08350,0
1763108940000,96859.10,96898.80,96855.50,96881.80,63.984,1763108999999,6198616.01170,2673,30.699,2974118.49240,0
1763109000000,96881.70,96895.80,96800.00,96831.80,234.764,1763109059999,22735895.38250,5452,53.572,5188787.67790,0
1763109060000,96831.80,96900.00,96714.40,96834.50,205.303,1763109119999,19874081.46990,6611,75.711,7328720.76750,0
1763109120000,96834.50,96869.80,96791.90,96836.80,63.030,1763109179999,6103445.73860,3056,40.137,3886619.17500,0
1763109180000,96836.90,96944.90,96836.80,96894.00,77.224,1763109239999,7482764.79640,3837,45.618,4420263.87490,0
1763109240000,96894.10,96974.80,96894.10,96968.70,73.999,1763109299999,7173453.25420,3231,52.685,5107368.02470,0
1763109300000,96968.70,97100.00,96950.00,97084.40,152.279,1763109359999,14775830.81850,5335,106.172,10301739.81200,0
1763109360000,97084.40,97200.00,97084.30,97168.40,134.735,1763109419999,13090930.06020,4789,100.532,9767569.61640,0
1763109420000,97168.50,97199.60,97144.90,97183.50,89.432,1763109479999,8690334.74090,3444,38.863,3776292.15070,0
1763109480000,97183.40,97191.60,97130.20,97163.90,116.607,1763109539999,11330203.04570,3308,56.694,5508603.06580,0
1763109540000,97163.90,97229.40,97128.80,97180.10,75.243,1763109599999,7312660.27000,3150,38.441,3736021.67910,0
1763109600000,97180.10,97180.10,96895.00,96992.40,230.450,1763109659999,22357101.35740,7367,70.584,6844226.59570,0
1763109660000,96992.40,97078.50,96974.50,97069.20,66.146,1763109719999,6417874.53000,3966,32.045,3109183.25300,0
1763109720000,97069.10,97169.60,97042.10,97136.60,73.853,1763109779999,7171274.28850,3614,45.413,4409526.19000,0
1763109780000,97136.60,97161.90,97108.30,97128.70,54.816,1763109839999,5324469.21400,2232,12.580,1221994.04650,0
1763109840000,97128.60,97170.00,97116.20,97170.00,35.087,1763109899999,3408590.74180,1720,14.644,1422521.04990,0
1763109900000,97170.00,97172.00,97073.70,97107.40,92.119,1763109959999,8947031.46840,4252,32.442,3150590.63740,0
1763109960000,97107.50,97123.00,97020.70,97059.00,58.785,1763110019999,5706359.80390,2969,20.601,1999826.76630,0
1763110020000,97058.90,97070.00,96932.30,96967.80,107.106,1763110079999,10386510.56060,4091,40.398,3917719.45000,0
1763110080000,96967.90,97026.30,96965.60,97026.30,46.512,1763110139999,4510936.17500,2498,26.296,2550243.84440,0
1763110140000,97026.30,97058.30,97008.30,97027.80,76.574,1763110199999,7430367.78000,3188,40.152,3896006.45510,0
1763110200000,97027.80,97150.00,97027.80,97133.90,55.321,1763110259999,5372441.98310,2582,36.131,3508743.67410,0
1763110260000,97133.90,97246.50,97111.80,97202.80,105.881,1763110319999,10289789.24520,4252,58.514,5686444.72160,0
1763110320000,97202.90,97266.40,97187.60,97187.70,96.203,1763110379999,9353148.68630,3787,49.813,4843329.41950,0
1763110380000,97187.70,97262.50,97180.80,97243.10,58.192,1763110439999,5657995.40970,2885,30.253,2941355.65220,0
1763110440000,97243.20,97264.00,97197.40,97213.30,83.263,1763110499999,8095591.52030,2574,34.493,3353548.70390,0
1763110500000,97213.30,97309.50,97213.30,97302.90,242.234,1763110559999,23564976.85200,4700,174.598,16984851.64960,0
1763110560000,97302.90,97308.60,97235.50,97249.10,86.553,1763110619999,8419931.84190,2669,26.044,2533329.99920,0
1763110620000,97249.10,97325.00,97231.20,97281.00,79.064,1763110679999,7692039.43830,2319,38.072,3703919.94510,0
1763110680000,97281.00,97401.00,97281.00,97326.70,218.415,1763110739999,21264246.02450,4381,169.913,16542019.32790,0
1763110740000,97326.60,97371.90,97308.30,97333.20,84.209,1763110799999,8196862.59440,2631,41.243,4014959.60840,0
1763110800000,97333.20,97409.30,97317.80,97409.00,63.312,1763110859999,6163416.70630,2431,28.816,2805322.50220,0
1763110860000,97408.90,97414.00,97265.40,97277.60,85.973,1763110919999,8367933.49250,3427,28.762,2799134.49050,0
1763110920000,97277.60,97435.50,97277.60,97427.60,126.876,1763110979999,12351545.36800,3901,91.061,8864450.49380,0
1763110980000,97427.70,97500.00,97361.80,97450.90,157.621,1763111039999,15360875.33550,5312,89.261,8699395.78260,0
1763111040000,97451.00,97451.00,97330.50,97409.20,103.797,1763111099999,10108641.46070,4028,59.624,5806827.43360,0
1763111100000,97409.20,97520.00,97409.10,97484.30,85.010,1763111159999,8286681.44390,4744,51.591,5029169.79470,0
1763111160000,97484.30,97484.30,97420.90,97446.70,67.057,1763111219999,6535444.17870,2746,23.869,2326245.55980,0
1763111220000,97446.70,97449.90,97293.00,97293.00,70.628,1763111279999,6877485.73970,4080,24.875,2422082.55200,0
1763111280000,97293.00,97409.60,97237.80,97408.60,59.118,1763111339999,5752019.42960,3517,33.598,3269687.66840,0
1763111340000,97408.60,97439.20,97386.10,97400.00,42.867,1763111399999,4175830.07940,2698,16.729,1629616.66260,0
1763111400000,97399.90,97399.90,97266.00,97288.40,41.864,1763111459999,4074078.66900,2610,11.382,1107363.59480,0
1763111460000,97288.40,97363.50,97288.30,97354.40,39.173,1763111519999,3812791.38430,2416,22.511,2191009.07610,0
1763111520000,97354.30,97450.00,97354.20,97449.90,42.297,1763111579999,4119264.22090,1960,26.163,2548108.52430,0
1763111580000,97450.00,97471.30,97211.40,97211.40,101.430,1763111639999,9873643.47600,4986,28.603,2784560.08510,0
1763111640000,97211.50,97306.60,97170.00,97296.70,100.799,1763111699999,9801361.63400,3495,45.900,4462983.05450,0
1763111700000,97296.60,97308.60,97211.50,97251.80,126.703,1763111759999,12323147.07290,4827,52.060,5062961.12190,0
1763111760000,97251.70,97251.70,97153.10,97186.50,108.119,1763111819999,10508174.24390,3666,42.309,4112061.83100,0
1763111820000,97186.50,97225.90,97080.00,97176.40,88.623,1763111879999,8609415.83790,3904,37.994,3691371.02240,0
1763111880000,97176.30,97192.90,97064.90,97065.00,111.811,1763111939999,10858960.76120,3793,49.860,4842322.18760,0
1763111940000,97064.90,97073.40,96942.40,96998.60,227.856,1763111999999,22103584.05260,5790,84.848,8230729.79960,0
1763112000000,96998.70,97033.90,96969.90,97005.10,108.300,1763112059999,10504786.36010,3519,79.339,7695650.37150,0
1763112060000,97005.00,97074.20,96990.80,97065.20,62.400,1763112119999,6055285.52570,3096,49.760,4828597.56660,0
1763112120000,97065.20,97183.20,97046.10,97183.20,102.932,1763112179999,9996092.15810,4264,75.479,7330423.81750,0
1763112180000,97183.20,97266.30,97163.70,97211.30,83.537,1763112239999,8121549.50300,3764,56.463,5489307.34230,0
1763112240000,97211.40,97369.90,97211.40,97337.30,115.103,1763112299999,11201866.24190,4014,83.404,8116743.46010,0
1763112300000,97337.40,97337.40,97250.00,97274.00,65.089,1763112359999,6332683.58140,2661,22.309,2170548.84790,0
1763112360000,97274.00,97274.00,97165.00,97176.80,75.863,1763112419999,7376567.15520,2848,24.329,2365741.50290,0
1763112420000,97176.70,97192.90,97058.00,97071.10,107.292,1763112479999,10420356.75510,4437,29.552,2869798.51130,0
1763112480000,97071.10,97110.10,97042.70,97110.00,61.586,1763112539999,5978459.14830,2364,31.350,3043277.48590,0
1763112540000,97109.90,97129.60,97023.00,97031.00,60.404,1763112599999,5863599.43470,2340,26.072,2530963.15860,0
1763112600000,97030.00,97081.80,97003.70,97011.20,60.945,1763112659999,5913911.30020,2665,34.378,3336165.73310,0
1763112660000,97011.30,97043.00,96960.00,96988.30,58.244,1763112719999,5649012.87990,3357,29.573,2868355.85100,0
1763112720000,96988.30,97030.00,96922.10,96922.20,134.595,1763112779999,13052117.33940,5633,64.464,6251158.74270,0
1763112780000,96922.20,96973.70,96850.00,96869.90,167.615,1763112839999,16243208.68260,6017,69.231,6709676.40040,0
1763112840000,96869.90,96870.00,96622.80,96735.90,692.037,1763112899999,66933749.22810,15636,212.287,20532436.66930,0
1763112900000,96735.90,96818.00,96690.00,96779.10,191.823,1763112959999,18560599.71000,6847,129.780,12557063.18490,0
1763112960000,96779.10,96957.60,96763.60,96955.60,186.312,1763113019999,18049902.07510,5793,128.577,12456900.84780,0
1763113020000,96955.60,96955.70,96772.40,96816.90,116.298,1763113079999,11263072.76940,5000,51.768,5013281.83690,0
1763113080000,96816.90,96905.10,96768.70,96890.70,118.412,1763113139999,11467230.33740,3974,65.056,6300383.50790,0
1763113140000,96890.70,97000.00,96839.20,96929.00,101.739,1763113199999,9862213.68260,4619,65.351,6335411.34180,0
1763113200000,96929.10,97083.30,96929.10,97083.30,109.911,1763113259999,10661977.01130,3765,60.982,5916125.83130,0
1763113260000,97083.30,97121.00,97029.00,97091.40,103.373,1763113319999,10034812.67780,4183,50.010,4854403.16750,0
1763113320000,97091.40,97098.00,97000.50,97042.40,98.278,1763113379999,9537723.96290,3046,60.959,5915884.63600,0
1763113380000,97042.50,97082.00,97042.40,97062.00,31.479,1763113439999,3055491.14890,1707,19.149,1858667.98190,0
1763113440000,97061.90,97112.30,97053.30,97112.20,94.986,1763113499999,9221084.60460,1533,67.911,6592926.26550,0
1763113500000,97112.20,97118.10,97078.70,97078.70,64.678,1763113559999,6280128.80780,2253,29.956,2908632.15820,0
1763113560000,97078.80,97078.80,97002.00,97018.60,56.334,1763113619999,5466615.03150,2427,12.719,1234185.67200,0
1763113620000,97018.50,97018.60,96821.40,96858.40,306.936,1763113679999,29736408.29000,7162,41.557,4025609.56020,0
1763113680000,96858.30,96860.00,96750.00,96750.00,93.529,1763113739999,9053686.31340,4214,41.681,4034461.90090,0
1763113740000,96750.00,96811.70,96716.10,96811.70,163.177,1763113799999,15786880.13530,5157,63.744,6167039.58000,0
1763113800000,96811.80,96819.80,96766.80,96809.00,44.599,1763113859999,4316811.19300,2200,24.995,2419345.37300,0
1763113860000,96808.90,96855.00,96794.80,96855.00,61.444,1763113919999,5949570.09540,2929,41.313,4000293.39710,0
1763113920000,96854.90,96896.60,96745.10,96791.60,115.260,1763113979999,11159940.91690,4698,48.839,4729657.95730,0
1763113980000,96791.70,96853.30,96791.60,96814.80,46.345,1763114039999,4487291.46570,2515,26.485,2564288.12230,0
1763114040000,96814.70,96869.50,96752.70,96795.60,49.721,1763114099999,4813768.15800,3190,20.191,1954756.74920,0
1763114100000,96795.60,96873.00,96790.90,96840.10,48.194,1763114159999,4666897.02000,2552,34.636,3353897.38170,0
1763114160000,96840.10,96862.40,96828.60,96842.40,30.631,1763114219999,2966349.47370,2055,16.511,1598926.25240,0
1763114220000,96842.40,96852.90,96828.60,96847.00,26.378,1763114279999,2554498.92840,1403,14.973,1450028.06990,0
1763114280000,96846.90,96882.80,96826.00,96828.40,43.545,1763114339999,4217199.13760,2106,27.877,2699772.73520,0
1763114340000,96828.40,96883.60,96808.20,96808.20,39.981,1763114399999,3872462.81470,1777,17.482,1693350.35750,0
1763114400000,96808.20,96854.70,96792.30,96836.00,68.737,1763114459999,6655666.42500,3324,24.485,2370683.09890,0
1763114460000,96836.00,96889.60,96835.90,96889.60,45.389,1763114519999,4396609.27640,2380,28.886,2797994.25840,0
1763114520000,96889.50,96896.60,96850.40,96896.60,26.700,1763114579999,2586343.52110,1703,15.273,1479435.31050,0
1763114580000,96896.50,96911.70,96809.00,96811.80,59.515,1763114639999,5764559.38980,2251,21.907,2122105.89010,0
1763114640000,96811.80,96811.80,96688.80,96743.80,204.180,1763114699999,19753027.15170,5876,42.365,4097729.61880,0
1763114700000,96743.90,96904.60,96743.90,96858.00,58.962,1763114759999,5710674.00130,3133,41.225,3992553.65810,0
1763114760000,96857.90,96871.60,96808.90,96862.60,115.176,1763114819999,11154454.96540,3499,48.281,4675723.53030,0
1763114820000,96862.70,96903.50,96857.60,96899.30,61.672,1763114879999,5974954.00680,2296,41.040,3976082.65440,0
1763114880000,96899.40,96976.90,96897.60,96902.40,81.168,1763114939999,7867465.02680,2737,49.945,4840720.88450,0
1763114940000,96902.50,96991.20,96900.00,96991.10,34.407,1763114999999,3336057.93730,1750,20.275,1965853.41940,0
1763115000000,96991.20,97006.80,96930.70,96930.70,51.054,1763115059999,4950839.73110,2589,27.534,2670236.30490,0
1763115060000,96930.80,96972.60,96882.90,96883.50,39.747,1763115119999,3852695.28720,2215,13.240,1283505.33350,0
1763115120000,96883.50,96958.60,96883.50,96940.10,31.344,1763115179999,3038138.68240,1626,18.981,1839717.26120,0
1763115180000,96940.10,96940.10,96886.80,96903.30,27.789,1763115239999,2692797.76370,1534,20.585,1994665.11560,0
1763115240000,96903.30,96924.10,96880.00,96923.20,37.931,1763115299999,3675761.08060,1593,28.956,2806089.40060,0
1763115300000,96923.20,96945.00,96862.20,96945.00,24.255,1763115359999,2350241.08170,2058,12.007,1163473.74220,0
1763115360000,96945.00,96958.20,96874.40,96907.30,45.089,1763115419999,4369685.09900,1969,26.593,2577106.98320,0
1763115420000,96907.40,96971.40,96880.50,96931.80,38.357,1763115479999,3717982.22350,2283,17.103,1657807.19850,0
1763115480000,96931.80,96931.80,96886.80,96898.70,30.856,1763115539999,2989868.45570,1575,13.850,1341998.77120,0
1763115540000,96898.60,96966.30,96885.90,96966.20,29.229,1763115599999,2832998.81480,1607,14.362,1392041.59640,0
1763115600000,96966.30,97071.90,96955.70,97022.10,85.832,1763115659999,8327114.62810,4252,64.244,6232904.61840,0
1763115660000,97022.00,97022.00,96964.40,97009.10,89.644,1763115719999,8694494.54530,2696,59.278,5749199.51000,0
1763115720000,97009.20,97069.20,96980.90,96983.70,56.541,1763115779999,5486101.49890,2713,27.446,2663399.33960,0
1763115780000,96983.70,97033.90,96955.10,96955.10,33.972,1763115839999,3295618.29080,1898,18.143,1760108.74970,0
1763115840000,96955.10,96980.80,96925.90,96951.10,28.762,1763115899999,2788673.22560,1829,18.703,1813378.64070,0
1763115900000,96951.20,97005.00,96951.20,96998.00,21.841,1763115959999,2118048.22100,1541,14.052,1362690.64600,0
1763115960000,96998.00,97014.50,96979.90,97014.50,28.489,1763116019999,2763238.56710,2661,12.463,1208874.43710,0
1763116020000,97014.50,97033.00,97002.30,97010.00,50.673,1763116079999,4915808.29710,2637,37.580,3645626.44830,0
1763116080000,97009.90,97010.00,96933.20,96933.20,26.336,1763116139999,2553882.69130,1558,6.985,677342.98780,0
1763116140000,96933.30,96999.90,96919.10,96961.00,44.309,1763116199999,4295868.32090,2101,20.729,2009717.59780,0
1763116200000,96961.00,96983.30,96920.70,96968.80,31.944,1763116259999,3097321.68140,2093,18.147,1759576.19430,0
1763116260000,96968.80,96968.80,96871.40,96950.40,51.782,1763116319999,5017885.92020,3034,26.314,2549903.66430,0
1763116320000,96950.40,96969.90,96904.30,96927.70,30.883,1763116379999,2993535.32310,2260,14.180,1374502.77910,0
1763116380000,96927.60,96959.40,96914.70,96950.10,27.713,1763116439999,2686622.65740,1124,8.809,853945.43780,0
1763116440000,96950.10,97134.10,96930.00,97127.70,222.681,1763116499999,21613882.26450,5549,178.660,17340336.42960,0
1763116500000,97127.70,97145.40,96982.50,97041.10,297.401,1763116559999,28858144.88250,5652,44.679,4335816.62150,0
1763116560000,97041.20,97167.70,96997.10,97167.60,156.348,1763116619999,15177201.41620,4240,132.808,12892470.26730,0
1763116620000,97167.60,97255.20,97162.80,97254.90,131.023,1763116679999,12737777.37840,4680,78.779,7658374.61520,0
1763116680000,97254.90,97255.00,97171.70,97206.00,83.814,1763116739999,8147192.12780,3387,41.231,4008152.48880,0
1763116740000,97206.10,97249.20,97200.00,97206.60,71.974,1763116799999,6997869.47480,2562,42.830,4164369.70140,0
1763116800000,97206.60,97221.30,97137.20,97155.10,37.891,1763116859999,3682113.31420,1705,15.696,1525186.75560,0
1763116860000,97155.10,97175.80,97134.40,97134.40,43.175,1763116919999,4194607.63040,1880,26.936,2616858.67260,0
1763116920000,97134.50,97204.70,97134.50,97198.00,69.634,1763116979999,6766991.09660,2262,47.714,4636885.80860,0
1763116980000,97197.90,97198.50,97100.00,97114.70,70.649,1763117039999,6863966.49780,2510,44.493,4323058.75480,0
1763117040000,97114.70,97170.50,97114.60,97170.40,28.280,1763117099999,2747421.54890,1379,18.945,1840463.15250,0
1763117100000,97170.50,97170.50,97137.30,97153.80,59.437,1763117159999,5774462.76270,1770,31.576,3067568.05020,0
1763117160000,97153.70,97159.00,97104.50,97116.50,40.820,1763117219999,3964823.16980,1660,13.081,1270551.94560,0
1763117220000,97116.50,97166.00,97115.20,97136.90,32.427,1763117279999,3149660.10630,1435,25.698,2495966.57420,0
1763117280000,97136.80,97157.70,97066.50,97111.80,50.630,1763117339999,4915801.87370,2135,19.810,1923482.60430,0
1763117340000,97111.80,97126.10,97075.90,97083.10,17.648,1763117399999,1713650.63180,1315,6.787,658997.80550,0
1763117400000,97083.20,97136.00,97083.10,97090.10,69.141,1763117459999,6714327.02760,2020,18.631,1809293.70290,0
1763117460000,97090.00,97090.00,97040.00,97048.50,35.953,1763117519999,3489278.26470,1259,15.905,1543569.40320,0
1763117520000,97048.50,97048.60,97010.80,97045.10,47.216,1763117579999,4581116.45230,1610,30.726,2981132.80270,0
1763117580000,97045.00,97046.50,97006.10,97026.00,40.690,1763117639999,3947755.66450,1974,19.557,1897392.37580,0
1763117640000,97025.90,97036.70,96949.60,96952.70,46.598,1763117699999,4519628.90460,1935,10.991,1066187.42120,0
1763117700000,96952.70,96952.80,96861.00,96861.20,108.453,1763117759999,10508056.50210,3419,42.101,4078986.80010,0
1763117760000,96861.10,96868.70,96799.60,96827.10,116.294,1763117819999,11260396.46740,3770,45.200,4376527.64820,0
1763117820000,96827.00,96827.00,96657.00,96674.10,393.188,1763117879999,38023755.22730,7650,127.237,12303292.47270,0
1763117880000,96674.10,96784.20,96624.00,96643.80,331.795,1763117939999,32082956.97390,6289,145.374,14055749.15370,0
1763117940000,96643.80,96736.50,96633.40,96703.80,115.725,1763117999999,11189682.92000,3713,88.976,8603645.61220,0
1763118000000,96703.80,96729.60,96650.10,96676.20,86.103,1763118059999,8324908.85910,3589,41.811,4042464.07470,0
1763118060000,96676.00,96750.90,96676.00,96708.40,135.688,1763118119999,13123873.96320,3534,115.100,11132406.61200,0
1763118120000,96708.40,96734.80,96660.20,96723.90,94.554,1763118179999,9143692.26440,3345,44.577,4310843.79900,0
1763118180000,96724.00,96743.60,96693.00,96729.60,71.838,1763118239999,6947863.93280,2166,49.969,4832870.43310,0
1763118240000,96729.60,96854.20,96729.50,96845.80,159.397,1763118299999,15430805.74940,4505,125.267,12126610.93170,0
1763118300000,96845.70,96909.30,96793.00,96893.30,90.680,1763118359999,8782492.78360,3218,61.397,5946532.04620,0
1763118360000,96893.10,96893.10,96798.40,96810.10,57.441,1763118419999,5562540.69170,2400,17.715,1715274.80000,0
1763118420000,96810.10,96849.70,96705.50,96721.10,52.655,1763118479999,5096039.11320,3174,23.853,2308737.72050,0
1763118480000,96721.00,96742.00,96628.00,96693.70,112.786,1763118539999,10902983.09540,4553,54.909,5307811.63650,0
1763118540000,96693.60,96719.80,96663.10,96711.70,107.528,1763118599999,10396331.14400,3048,52.960,5120336.64630,0
1763118600000,96712.10,96724.30,96666.60,96666.70,47.593,1763118659999,4602409.71170,1938,18.288,1768538.59050,0
1763118660000,96666.70,96724.80,96666.60,96724.70,99.659,1763118719999,9637528.35420,2163,74.185,7174144.77300,0
1763118720000,96724.70,96728.40,96643.20,96643.30,81.835,1763118779999,7911912.55310,2253,16.933,1636943.86970,0
1763118780000,96643.40,96706.90,96643.40,96662.00,44.745,1763118839999,4326222.43840,1884,19.025,1839444.23760,0
1763118840000,96662.00,96728.10,96629.90,96728.10,60.604,1763118899999,5858356.89660,2709,24.313,2350522.17420,0
1763118900000,96728.10,96739.60,96676.70,96680.90,45.171,1763118959999,4368319.88770,2107,17.130,1656566.65550,0
1763118960000,96680.80,96779.30,96680.80,96700.10,80.334,1763119019999,7771622.24080,3035,40.658,3933359.31110,0
1763119020000,96700.10,96700.10,96549.40,96601.00,274.630,1763119079999,26532126.43140,7314,76.667,7405905.65550,0
1763119080000,96601.00,96641.20,96400.10,96443.90,539.796,1763119139999,52088981.44150,10677,103.907,10026593.57120,0
1763119140000,96444.00,96506.30,96364.70,96424.80,268.485,1763119199999,25889880.18330,6501,127.035,12250272.84920,0
1763119200000,96424.80,96541.70,96374.90,96426.80,231.419,1763119259999,22318619.01110,6546,109.435,10555904.12050,0
1763119260000,96426.80,96438.40,96342.20,96377.20,297.209,1763119319999,28645235.61190,7705,94.598,9116556.05060,0
1763119320000,96377.20,96533.10,96354.00,96530.90,213.658,1763119379999,20597525.57230,5350,137.362,13242531.16500,0
1763119380000,96531.00,96533.00,96455.20,96533.00,96.855,1763119439999,9346405.13580,3991,56.661,5467615.03740,0
1763119440000,96532.90,96664.60,96532.80,96618.80,115.948,1763119499999,11200998.88640,4720,72.236,6978058.88230,0
1763119500000,96618.90,96730.00,96618.80,96690.70,192.317,1763119559999,18593407.05350,5303,130.362,12602680.66430,0
1763119560000,96690.70,96733.00,96600.00,96600.10,73.469,1763119619999,7101959.02470,2909,34.347,3320617.28780,0
1763119620000,96600.10,96620.10,96504.70,96576.30,117.122,1763119679999,11310081.23940,4657,71.393,6894099.61750,0
1763119680000,96576.30,96576.30,96354.00,96424.00,284.977,1763119739999,27476185.34520,7434,60.274,5810473.73200,0
1763119740000,96424.10,96502.50,96424.10,96502.30,42.768,1763119799999,4125643.32340,1873,27.792,2681066.50960,0
1763119800000,96502.40,96529.80,96327.00,96327.10,137.296,1763119859999,13240923.42670,5218,50.369,4858638.08920,0
1763119860000,96327.10,96398.70,96306.10,96364.10,123.742,1763119919999,11922468.46260,4882,55.100,5308856.70130,0
1763119920000,96364.10,96376.60,96200.00,96201.90,305.221,1763119979999,29382837.56010,8456,79.079,7612635.08380,0
1763119980000,96202.00,96295.80,96105.10,96295.80,314.170,1763120039999,30220447.13090,8686,166.252,15994645.62270,0
1763120040000,96295.80,96315.20,96216.40,96245.40,137.131,1763120099999,13201331.26710,5899,88.057,8477047.26520,0
1763120100000,96245.50,96249.50,96012.40,96090.40,541.451,1763120159999,52025470.93170,12492,140.342,13485444.29760,0
1763120160000,96090.50,96103.70,95944.10,96048.40,728.408,1763120219999,69938151.97750,15955,292.963,28132633.92270,0
1763120220000,96048.50,96119.70,95993.30,96029.60,175.785,1763120279999,16886717.05660,6625,100.384,9643937.25580,0
1763120280000,96029.60,96161.00,96022.80,96104.40,150.219,1763120339999,14432883.25760,6719,89.998,8647250.94220,0
1763120340000,96104.50,96197.10,96083.40,96165.30,189.621,1763120399999,18232925.85510,6167,121.991,11730580.85760,0
1763120400000,96165.30,96199.90,96010.00,96010.00,219.784,1763120459999,21128036.15040,6345,110.664,10640025.37540,0
1763120460000,96010.10,96086.50,96000.00,96055.30,170.195,1763120519999,16345519.17720,5741,79.276,7613978.22160,0
1763120520000,96055.40,96055.40,95917.00,95982.70,385.234,1763120579999,36972613.14930,10014,130.648,12538361.14990,0
1763120580000,95982.80,96026.00,95930.00,95961.90,201.938,1763120639999,19382435.10150,6054,109.269,10488250.20580,0
1763120640000,95961.90,96189.50,95597.90,96162.60,2020.551,1763120699999,193625715.43770,35036,773.321,74151959.81450,0
1763120700000,96162.60,96194.70,95862.40,96045.30,373.337,1763120759999,35858359.44900,13529,187.310,17991579.04800,0
1763120760000,96045.20,96231.40,95981.10,95981.10,407.438,1763120819999,39160187.42890,13573,231.514,22257037.15710,0
1763120820000,95981.10,96031.40,95924.00,96023.00,275.986,1763120879999,26486581.90590,9669,149.859,14382457.15220,0
1763120880000,96023.00,96150.00,95972.90,96061.90,159.458,1763120939999,15319835.17830,8104,93.496,8982303.25250,0
1763120940000,96061.80,96067.90,95987.20,96012.30,142.198,1763120999999,13655788.52820,5552,81.355,7813061.22110,0
1763121000000,96012.20,96055.70,96001.00,96033.50,83.937,1763121059999,8060383.00640,3847,37.964,3645717.62840,0
1763121060000,96033.50,96073.10,95906.50,95920.10,273.399,1763121119999,26233214.26120,6568,73.902,7092926.58120,0
1763121120000,95920.00,96004.00,95911.10,95911.10,124.951,1763121179999,11989512.10840,5474,73.830,7084506.75220,0
1763121180000,95911.20,95919.10,95777.50,95786.70,221.606,1763121239999,21239691.08930,7401,57.200,5482493.64340,0
1763121240000,95786.80,95869.30,95721.00,95832.50,230.878,1763121299999,22113892.98560,7859,118.170,11318675.25910,0
1763121300000,95832.50,95913.70,95789.70,95880.00,170.475,1763121359999,16338904.27600,5788,100.147,9598535.83980,0
1763121360000,95879.90,95940.80,95873.40,95896.20,162.487,1763121419999,15584002.19370,4272,92.079,8831268.98580,0
1763121420000,95896.30,96096.20,95880.00,96089.00,325.446,1763121479999,31246284.18890,9381,213.941,20540791.40680,0
1763121480000,96089.00,96102.00,96044.80,96061.20,134.742,1763121539999,12945626.65670,4007,80.792,7762125.55910,0
1763121540000,96061.10,96182.90,96061.10,96134.60,233.126,1763121599999,22412477.74200,6109,180.655,17367754.44590,0
1763121600000,96134.50,96134.60,96015.00,96023.00,153.418,1763121659999,14739168.64210,5153,50.437,4845619.49590,0
1763121660000,96023.00,96067.00,95900.10,95943.50,176.458,1763121719999,16935372.34850,6216,74.468,7148435.24730,0
1763121720000,95943.50,95964.20,95844.30,95889.90,167.753,1763121779999,16085300.75590,5614,64.380,6173150.01430,0
1763121780000,95890.00,95897.40,95845.20,95855.20,152.605,1763121839999,14630639.18040,3946,83.431,7998804.28910,0
1763121840000,95855.20,95870.60,95803.00,95835.70,136.833,1763121899999,13112080.83610,3696,47.712,4571994.10670,0
1763121900000,95835.70,95949.70,95828.00,95905.00,294.452,1763121959999,28234922.48650,5840,222.875,21371589.96700,0
1763121960000,95905.00,95954.90,95856.70,95954.90,231.378,1763122019999,22186660.39970,6327,124.625,11950378.03410,0
1763122020000,95954.80,95954.80,95838.80,95860.10,96.874,1763122079999,9287480.38810,3887,47.360,4540298.03440,0
1763122080000,95860.10,95971.70,95860.10,95971.70,116.327,1763122139999,11157890.79760,4293,62.816,6025384.72580,0
1763122140000,95971.70,95971.70,95880.20,95923.70,68.325,1763122199999,6552749.12020,3288,28.445,2727850.52010,0
1763122200000,95923.70,96079.50,95914.70,96069.00,140.608,1763122259999,13500468.65670,4690,113.700,10916908.96480,0
1763122260000,96069.10,96073.00,95820.00,95828.00,158.260,1763122319999,15183906.34510,5590,57.694,5535719.74840,0
1763122320000,95828.00,95835.20,95558.00,95570.10,674.476,1763122379999,64541672.88090,14791,184.690,17674826.68010,0
1763122380000,95569.70,95692.50,95569.70,95641.50,363.661,1763122439999,34779243.02410,10686,226.089,21622536.91960,0
1763122440000,95641.50,95647.60,95500.00,95581.60,724.474,1763122499999,69237559.19960,14589,317.112,30309609.29990,0
1763122500000,95581.60,95699.90,95502.70,95593.00,431.386,1763122559999,41240537.72640,12507,227.899,21787075.59870,0
1763122560000,95593.10,95650.20,95530.00,95534.80,238.736,1763122619999,22824123.64820,7175,125.490,11998145.91340,0
1763122620000,95534.80,95666.00,95534.80,95646.90,159.940,1763122679999,15293004.93340,6068,103.599,9905582.93250,0
1763122680000,95647.00,95808.70,95639.00,95688.80,268.710,1763122739999,25724853.32590,8365,171.313,16401083.31300,0
1763122740000,95688.70,95705.00,95574.40,95673.00,248.946,1763122799999,23803716.03730,7790,123.978,11854469.73010,0
1763122800000,95673.00,95705.60,95563.40,95605.40,206.561,1763122859999,19751775.06560,6264,105.655,10104026.25310,0
1763122860000,95605.40,95630.00,95566.50,95583.00,174.240,1763122919999,16656034.64880,4963,80.714,7715308.27740,0
1763122920000,95582.90,95630.00,95500.00,95524.80,249.657,1763122979999,23850582.78230,7496,112.224,10721545.86370,0
1763122980000,95524.80,95623.20,95519.00,95577.50,161.649,1763123039999,15449936.18280,5191,73.685,7042791.43080,0
1763123040000,95577.60,95600.00,95541.60,95585.00,162.299,1763123099999,15510377.00580,4367,88.752,8481826.68130,0
1763123100000,95585.00,95656.20,95582.70,95636.70,182.555,1763123159999,17456671.19500,5234,98.540,9422978.34650,0
1763123160000,95636.70,95774.30,95629.10,95752.00,199.502,1763123219999,19095718.13380,6760,130.287,12471445.75850,0
1763123220000,95752.00,95833.00,95742.60,95810.20,182.685,1763123279999,17499962.41220,6369,94.518,9054440.95050,0
1763123280000,95810.30,95907.10,95810.30,95825.00,227.242,1763123339999,21785472.64740,6845,136.514,13087629.40480,0
1763123340000,95825.10,95825.10,95655.70,95725.40,177.028,1763123399999,16945581.95110,5593,55.709,5333088.65940,0
1763123400000,95725.40,95817.30,95686.00,95799.90,153.860,1763123459999,14734397.93040,5328,86.377,8272766.31440,0
1763123460000,95800.00,95890.00,95587.80,95587.90,345.781,1763123519999,33132582.68550,9366,247.455,23714655.13850,0
1763123520000,95587.90,95673.90,95513.00,95513.00,306.872,1763123579999,29331914.94150,8563,87.109,8328376.64510,0
1763123580000,95512.80,95615.70,95270.00,95396.90,1255.231,1763123639999,119782903.73580,23223,345.541,32971737.43100,0
1763123640000,95397.00,95446.20,95143.10,95184.10,1212.133,1763123699999,115438069.75570,23642,409.576,39009859.66670,0
1763123700000,95184.20,95310.00,95140.00,95199.00,627.962,1763123759999,59793961.79220,14793,312.781,29787379.47560,0
1763123760000,95199.00,95378.90,95100.00,95304.90,674.718,1763123819999,64242929.95110,17650,327.426,31184023.71430,0
1763123820000,95304.00,95386.20,95100.00,95135.70,524.781,1763123879999,49952439.08430,11776,202.158,19248418.16450,0
1763123880000,95135.80,95156.90,95070.20,95101.20,490.207,1763123939999,46621310.88330,11536,178.806,17005037.18390,0
1763123940000,95101.30,95101.30,94800.00,94955.70,2003.379,1763123999999,190256086.19290,26835,437.815,41598556.05090,0
1763124000000,94957.80,95075.30,94800.50,94829.50,1017.631,1763124059999,96652183.40760,20856,451.675,42911767.49050,0
1763124060000,94829.40,95083.40,94692.60,94773.00,1892.326,1763124119999,179420519.16930,34989,729.909,69240481.04220,0
1763124120000,94773.00,94818.00,94562.00,94690.90,1312.809,1763124179999,124271247.17960,26846,494.002,46766382.53090,0
1763124180000,94691.00,94796.00,94500.00,94613.30,1020.928,1763124239999,96562876.76200,23122,393.922,37262011.48250,0
1763124240000,94613.40,94844.00,94603.80,94844.00,544.268,1763124299999,51554113.25210,14798,331.197,31370780.55190,0
1763124300000,94843.90,94883.30,94707.30,94851.10,732.651,1763124359999,69459381.19960,14715,399.788,37907355.81810,0
1763124360000,94851.20,95122.50,94802.00,95119.10,602.333,1763124419999,57189229.09170,14449,443.249,42086868.26510,0
1763124420000,95119.00,95165.00,94828.70,94918.80,428.920,1763124479999,40750860.14820,14000,203.049,19292823.78780,0
1763124480000,94918.80,95276.70,94918.70,95167.10,574.881,1763124539999,54695965.96200,15863,417.175,39695183.11170,0
1763124540000,95167.10,95400.00,95142.40,95312.20,760.099,1763124599999,72441960.69790,20140,409.300,39004854.31020,0
1763124600000,95312.50,95516.50,95263.10,95300.20,722.796,1763124659999,68945994.29960,20079,391.579,37353958.26020,0
1763124660000,95300.10,95379.60,95203.20,95268.00,302.489,1763124719999,28821665.96030,11303,141.973,13528877.89610,0
1763124720000,95267.90,95331.80,95214.50,95299.80,177.095,1763124779999,16873832.19270,8248,71.962,6856511.34430,0
1763124780000,95299.70,95500.00,95247.30,95499.90,350.852,1763124839999,33473977.38670,11491,250.283,23880409.64300,0
1763124840000,95499.90,95528.80,95245.40,95247.30,331.114,1763124899999,31597640.28740,10538,171.955,16412155.56090,0
1763124900000,95247.30,95399.00,95225.50,95237.90,171.000,1763124959999,16295078.26390,7498,81.716,7787120.03000,0
1763124960000,95238.00,95271.00,95101.60,95133.90,313.865,1763125019999,29870153.11170,8520,97.218,9251730.62650,0
1763125020000,95134.30,95435.30,95123.00,95387.80,273.130,1763125079999,26032654.01920,9702,167.629,15975569.00230,0
1763125080000,95387.70,95413.10,95282.90,95282.90,205.146,1763125139999,19564926.14510,7035,111.763,10658958.27920,0
1763125140000,95282.80,95327.60,95267.90,95327.00,148.969,1763125199999,14196208.75850,5751,74.002,7052072.84630,0
1763125200000,95327.00,95410.00,95284.70,95336.40,208.905,1763125259999,19914446.17280,8511,121.422,11574519.40400,0
1763125260000,95336.30,95338.50,95100.60,95202.00,389.180,1763125319999,37053775.89850,10924,98.300,9360948.62440,0
1763125320000,95201.90,95597.10,95201.90,95547.90,440.946,1763125379999,42072195.95340,13667,307.195,29311565.43140,0
1763125380000,95547.90,95680.00,95372.60,95383.90,474.289,1763125439999,45316344.45390,14612,219.833,21006919.34150,0
1763125440000,95383.80,95545.50,95350.00,95461.60,373.442,1763125499999,35641523.93740,10432,266.175,25401837.63780,0
1763125500000,95461.50,95461.50,95322.00,95392.30,169.374,1763125559999,16156180.17870,7404,93.767,8943662.76100,0
1763125560000,95392.30,95402.30,95229.00,95314.40,166.477,1763125619999,15864684.89480,7043,83.905,7996168.64700,0
1763125620000,95314.40,95402.70,95260.50,95282.90,172.455,1763125679999,16440043.02610,7058,110.212,10506484.33740,0
1763125680000,95282.90,95312.80,95196.30,95285.20,146.742,1763125739999,13975434.03400,5864,62.315,5935106.28510,0
1763125740000,95285.20,95290.60,95162.00,95197.30,132.538,1763125799999,12618103.28440,5155,53.007,5046086.95500,0
1763125800000,95197.30,95250.00,95179.30,95226.00,104.766,1763125859999,9975553.62560,5298,53.645,5108002.87080,0
1763125860000,95226.00,95258.80,95153.00,95158.00,91.646,1763125919999,8723628.91550,4837,46.729,4448163.83640,0
1763125920000,95157.90,95161.80,95030.80,95035.20,200.639,1763125979999,19079940.82010,6321,55.033,5232563.30120,0
1763125980000,95035.20,95051.20,94973.40,95030.50,255.222,1763126039999,24248281.02430,7142,130.605,12408231.01400,0
1763126040000,95030.60,95075.60,94982.90,95024.70,174.940,1763126099999,16624229.96410,6087,67.426,6407833.68890,0
1763126100000,95024.70,95171.00,94986.00,95162.50,202.050,1763126159999,19208477.63540,8349,116.490,11074963.56260,0
1763126160000,95162.50,95166.10,95075.90,95108.00,199.317,1763126219999,18958040.03400,6452,65.149,6196349.31480,0
1763126220000,95108.10,95154.70,95009.60,95037.80,254.741,1763126279999,24219516.27870,7099,165.709,15753217.32060,0
1763126280000,95037.90,95079.90,94976.80,94997.20,129.529,1763126339999,12307720.55350,4862,31.918,3032719.59710,0
1763126340000,94997.10,95028.40,94925.00,94925.00,180.534,1763126399999,17148657.39800,5776,77.504,7362553.48160,0
1763126400000,94925.10,94993.00,94836.20,94836.30,179.344,1763126459999,17022609.38580,6936,53.968,5122697.53810,0
1763126460000,94836.20,94977.60,94722.10,94918.00,376.933,1763126519999,35743610.89540,12332,185.332,17577324.25570,0
1763126520000,94918.10,94997.80,94780.50,94820.90,171.968,1763126579999,16324114.02610,7395,65.427,6211097.95710,0
1763126580000,94820.90,94922.60,94650.00,94810.00,367.501,1763126639999,34829690.20400,12108,152.718,14479038.52320,0
1763126640000,94810.00,94890.00,94696.90,94832.50,192.423,1763126699999,18234878.76900,8858,78.522,7441285.42670,0
1763126700000,94832.40,94957.20,94750.10,94916.90,206.458,1763126759999,19585699.22330,8442,138.307,13121159.56970,0
1763126760000,94916.90,94950.00,94863.70,94903.90,179.716,1763126819999,17057320.35290,6839,83.591,7933253.90790,0
1763126820000,94903.90,95033.70,94854.60,95012.00,311.653,1763126879999,29597620.12550,8422,240.281,22821114.46710,0
1763126880000,95012.00,95081.90,94900.30,94900.30,234.544,1763126939999,22279278.62600,6850,82.431,7832592.25540,0
1763126940000,94900.40,95059.80,94900.30,95059.80,95.595,1763126999999,9078902.20840,4459,48.712,4626191.04750,0
1763127000000,95059.90,95133.50,94965.90,95043.90,236.605,1763127059999,22488332.14170,9455,148.294,14095176.66540,0
1763127060000,95044.00,95143.50,95000.00,95032.00,216.474,1763127119999,20578145.17610,8750,122.325,11628314.87810,0
1763127120000,95032.10,95078.10,94914.60,94938.10,219.830,1763127179999,20881696.84490,7951,82.428,7829140.38800,0
1763127180000,94938.20,94970.40,94846.00,94850.70,144.968,1763127239999,13757664.54460,5821,43.952,4170904.78410,0
1763127240000,94850.80,94919.90,94666.00,94800.00,366.032,1763127299999,34681469.02880,10580,119.117,11287142.43640,0
1763127300000,94800.00,94839.30,94727.50,94760.20,161.108,1763127359999,15270377.30950,7492,98.157,9304252.51330,0
1763127360000,94760.10,94805.00,94700.00,94702.10,183.146,1763127419999,17351879.92800,8255,71.000,6726698.71500,0
1763127420000,94702.00,94782.50,94666.90,94695.10,222.948,1763127479999,21114797.85230,7622,101.298,9593940.71720,0
1763127480000,94695.00,94868.00,94684.80,94847.10,203.432,1763127539999,19279059.56450,7309,134.529,12750104.07150,0
1763127540000,94847.00,94918.90,94682.00,94682.10,126.280,1763127599999,11971191.89490,6291,53.887,5109926.94960,0
1763127600000,94682.00,94777.00,94618.70,94706.90,175.993,1763127659999,16662527.71020,8418,59.226,5608299.26100,0
1763127660000,94706.90,94865.00,94706.90,94865.00,131.586,1763127719999,12469920.93070,6449,94.949,8998238.43930,0
1763127720000,94864.90,94866.50,94625.20,94665.40,273.232,1763127779999,25886963.01460,8340,113.356,10739960.98250,0
1763127780000,94665.40,94679.10,94526.40,94612.20,442.660,1763127839999,41867676.10160,11695,149.301,14120502.17810,0
1763127840000,94612.10,94730.00,94581.20,94699.50,140.897,1763127899999,13338493.34700,5225,93.824,8882717.25570,0
1763127900000,94699.40,94738.50,94577.40,94608.00,203.747,1763127959999,19283816.36160,6556,74.632,7063719.05590,0
1763127960000,94608.00,94716.50,94529.40,94696.50,213.518,1763128019999,20201986.02000,7319,91.937,8700757.99960,0
1763128020000,94696.40,94815.40,94657.80,94692.50,135.723,1763128079999,12859526.58870,6668,83.759,7935856.37310,0
1763128080000,94692.80,94734.60,94623.40,94700.00,217.410,1763128139999,20584789.19840,7186,164.333,15558720.23510,0
1763128140000,94700.00,94788.50,94670.00,94744.70,110.451,1763128199999,10462767.63320,5951,77.395,7331568.55170,0
1763128200000,94744.70,94948.00,94636.90,94907.60,224.297,1763128259999,21261428.06040,10654,137.057,12992534.23570,0
1763128260000,94907.60,95260.00,94883.60,95227.80,618.987,1763128319999,58879695.39980,16995,438.775,41731050.37030,0
1763128320000,95227.70,95240.80,95091.70,95137.30,340.683,1763128379999,32421223.00570,10842,144.479,13749035.18420,0
1763128380000,95137.40,95403.40,95129.80,95301.30,370.555,1763128439999,35319863.80680,12160,246.708,23515242.86450,0
1763128440000,95300.90,95355.50,95237.20,95258.40,221.458,1763128499999,21099824.36420,7217,112.670,10734761.51560,0
1763128500000,95258.40,95600.00,95224.70,95334.40,682.021,1763128559999,65087068.44280,18302,431.131,41148373.02270,0
1763128560000,95334.30,95471.20,95276.10,95368.70,421.832,1763128619999,40229638.76420,12692,250.921,23929604.27500,0
1763128620000,95368.60,95394.00,95068.00,95145.50,460.905,1763128679999,43868465.24000,12758,189.510,18031195.53100,0
1763128680000,95145.60,95218.90,95115.20,95201.00,170.824,1763128739999,16253953.67670,5894,71.447,6798566.27880,0
1763128740000,95201.00,95260.00,95180.00,95209.00,101.837,1763128799999,9696727.35510,4598,61.012,5809243.22840,0
1763128800000,95209.00,95312.50,95121.10,95124.40,213.712,1763128859999,20354014.38590,8225,83.189,7922540.31050,0
1763128860000,95124.40,95166.40,95006.90,95108.40,211.139,1763128919999,20074619.30040,7759,95.061,9038648.13840,0
1763128920000,95108.50,95138.90,95011.00,95126.80,121.898,1763128979999,11588924.05500,6939,76.303,7254366.92310,0
1763128980000,95126.70,95400.00,95123.30,95300.00,261.717,1763129039999,24946248.20540,9340,134.956,12861186.89540,0
1763129040000,95300.00,95504.80,95295.60,95481.50,260.556,1763129099999,24861065.80640,9119,181.193,17288425.81170,0
1763129100000,95481.50,95676.50,95441.90,95593.00,442.919,1763129159999,42334202.19210,12350,285.514,27288725.99410,0
1763129160000,95593.00,95747.10,95559.50,95645.10,427.953,1763129219999,40933222.53260,13575,251.806,24086796.73690,0
1763129220000,95645.20,95749.60,95570.90,95700.00,391.984,1763129279999,37497653.65950,11091,219.882,21033769.95150,0
1763129280000,95700.00,95800.00,95544.70,95546.50,307.102,1763129339999,29398690.53290,10010,170.678,16340636.53720,0
1763129340000,95546.60,95708.20,95489.80,95708.20,590.043,1763129399999,56398164.68030,10266,380.107,36332339.71400,0
1763129400000,95708.10,95722.70,95365.00,95465.60,330.441,1763129459999,31573684.20070,9326,125.861,12019701.46700,0
1763129460000,95465.60,95477.20,95332.20,95390.40,242.361,1763129519999,23118396.00660,8079,83.116,7929043.92490,0
1763129520000,95390.40,95435.50,95354.40,95407.90,125.917,1763129579999,12010794.44640,4675,83.003,7917246.99920,0
1763129580000,95407.90,95424.50,95270.00,95327.20,181.806,1763129639999,17332855.63710,6071,82.381,7854749.81140,0
1763129640000,95327.20,95340.00,95251.60,95308.20,140.396,1763129699999,13378506.96950,4845,79.618,7587289.87210,0
1763129700000,95308.20,95491.60,95263.00,95491.60,191.409,1763129759999,18252412.05920,6327,137.262,13090837.99390,0
1763129760000,95491.60,95571.80,95412.60,95527.80,292.426,1763129819999,27918288.14990,8793,141.860,13545167.56900,0
1763129820000,95527.80,95688.00,95516.00,95601.20,342.147,1763129879999,32708582.35600,7556,214.794,20534290.67720,0
1763129880000,95601.10,95670.10,95575.00,95640.00,202.938,1763129939999,19407594.06580,6211,105.248,10065732.65510,0
1763129940000,95640.10,95723.80,95572.00,95598.10,302.939,1763129999999,28975746.34120,7068,131.873,12615001.17610,0
1763130000000,95598.10,95681.10,95529.90,95529.90,180.038,1763130059999,17215554.55660,6224,69.312,6627751.66720,0
1763130060000,95529.90,95585.90,95462.90,95536.20,161.563,1763130119999,15432245.07730,6228,56.157,5364351.57200,0
1763130120000,95536.20,95592.20,95509.00,95572.00,159.293,1763130179999,15221929.24090,5226,89.427,8545481.05950,0
1763130180000,95572.10,95661.30,95550.00,95570.50,178.883,1763130239999,17103764.92380,5997,86.191,8240581.09180,0
1763130240000,95570.60,95750.00,95536.10,95696.40,143.363,1763130299999,13714636.03000,6855,92.984,8895144.68350,0
1763130300000,95696.50,95698.00,95550.00,95599.10,146.299,1763130359999,13990876.98210,7085,68.753,6574706.13550,0
1763130360000,95599.20,95631.70,95532.40,95561.90,178.369,1763130419999,17048393.43860,6294,67.291,6431159.21960,0
1763130420000,95561.80,95561.90,95380.00,95439.90,340.099,1763130479999,32463914.24530,8395,153.930,14692052.86600,0
1763130480000,95440.00,95478.90,95374.70,95425.00,244.068,1763130539999,23289865.40110,5572,106.349,10148609.13950,0
1763130540000,95424.90,95454.50,95341.20,95363.70,137.008,1763130599999,13067126.36020,4579,69.879,6664870.35450,0
1763130600000,95363.80,95645.40,95337.60,95484.90,406.226,1763130659999,38795876.10160,16369,244.619,23357363.95470,0
1763130660000,95485.00,95556.90,95061.80,95255.10,537.526,1763130719999,51207823.46930,17076,194.501,18531800.16370,0
1763130720000,95255.10,95322.50,95051.00,95170.10,412.142,1763130779999,39224694.36320,13919,194.492,18508717.49830,0
1763130780000,95170.00,95170.00,94905.20,95070.90,773.388,1763130839999,73466727.25860,19151,284.633,27043876.56430,0
1763130840000,95071.00,95647.30,95047.60,95542.50,510.762,1763130899999,48732907.74000,19104,319.310,30462800.08840,0
1763130900000,95542.40,95967.80,95525.60,95905.00,1029.719,1763130959999,98619588.84350,27573,703.980,67430942.99440,0
1763130960000,95905.00,96334.20,95846.00,96051.60,1886.361,1763131019999,181372596.85290,36557,1087.623,104560443.54260,0
1763131020000,96051.60,96344.20,96000.30,96095.00,683.353,1763131079999,65725930.61260,22451,384.396,36976331.87510,0
1763131080000,96094.90,96479.00,96071.40,96392.70,724.519,1763131139999,69777169.69460,24235,460.385,44337776.38770,0
1763131140000,96392.60,96411.00,96186.80,96257.40,483.675,1763131199999,46573190.62580,18815,266.072,25619041.84320,0
1763131200000,96257.40,96257.40,95900.60,95905.10,560.338,1763131259999,53807096.33620,16918,278.118,26705663.38970,0
1763131260000,95904.60,96312.90,95904.60,96263.50,435.191,1763131319999,41847596.40470,16473,276.859,26617446.62490,0
1763131320000,96263.50,96287.70,96041.10,96242.20,327.917,1763131379999,31532227.74530,13692,182.052,17505798.81810,0
1763131380000,96242.30,96356.40,96104.30,96302.40,367.342,1763131439999,35358459.70610,12322,209.243,20143185.13480,0
1763131440000,96302.30,96496.70,96260.20,96367.40,590.337,1763131499999,56897511.22770,15687,332.405,32037401.52810,0
1763131500000,96367.30,96567.00,96303.20,96542.10,830.074,1763131559999,80101531.43610,17039,492.455,47525283.73860,0
1763131560000,96542.10,96569.10,96371.60,96416.80,590.809,1763131619999,57001300.67620,16201,307.509,29670969.00840,0
1763131620000,96416.30,96471.60,96273.20,96387.00,576.665,1763131679999,55566401.88600,16290,194.999,18791518.34670,0
1763131680000,96387.00,96627.80,96387.00,96570.00,571.480,1763131739999,55169352.59030,16541,294.927,28474320.13570,0
1763131740000,96570.00,96666.00,96470.00,96484.40,814.384,1763131799999,78636653.61250,17763,369.529,35685329.84120,0
1763131800000,96484.40,96509.00,96262.50,96285.60,628.300,1763131859999,60564670.62220,12812,252.781,24369746.00310,0
1763131860000,96285.70,96343.90,96152.00,96322.10,665.258,1763131919999,64029498.32940,14002,245.769,23656058.57520,0
1763131920000,96322.10,96550.00,96276.40,96550.00,486.381,1763131979999,46895009.37870,11308,239.189,23062340.91630,0
1763131980000,96549.90,96765.00,96520.20,96616.00,606.773,1763132039999,58661810.28970,14276,386.715,37386696.22060,0
1763132040000,96616.10,96677.20,96441.90,96492.60,318.320,1763132099999,30732540.66710,8585,137.150,13241984.48830,0
1763132100000,96492.50,96518.10,96274.90,96352.50,598.495,1763132159999,57673008.31140,12136,188.563,18171066.98230,0
1763132160000,96352.50,96542.90,96311.40,96433.90,447.158,1763132219999,43117352.02180,10640,233.361,22499659.35190,0
1763132220000,96433.90,96452.50,96334.00,96371.30,236.151,1763132279999,22758586.67060,7434,130.151,12542308.06490,0
1763132280000,96371.30,96500.00,96339.60,96430.50,321.219,1763132339999,30968454.19860,10321,172.542,16633156.89870,0
1763132340000,96430.60,96579.80,96426.60,96497.70,165.522,1763132399999,15974523.66710,6951,98.602,9515793.39680,0
1763132400000,96497.70,96551.10,96316.60,96360.70,444.121,1763132459999,42829435.60640,14290,195.276,18834831.73850,0
1763132460000,96360.70,96392.20,96189.20,96277.40,429.401,1763132519999,41340988.38920,11461,113.516,10928257.91510,0
1763132520000,96277.80,96309.30,96069.20,96072.10,417.980,1763132579999,40203910.40580,11251,101.480,9762143.86850,0
1763132580000,96072.10,96182.80,96020.00,96090.10,516.952,1763132639999,49662506.31200,12923,165.375,15891180.34670,0
1763132640000,96090.20,96202.20,96015.00,96076.50,259.928,1763132699999,24980708.73810,10573,104.763,10069312.27140,0
1763132700000,96076.50,96145.10,95935.50,96134.80,432.007,1763132759999,41476329.15720,12698,189.163,18165780.55740,0
1763132760000,96134.80,96442.60,96116.50,96442.60,364.247,1763132819999,35069088.64420,12726,249.981,24067517.12810,0
1763132820000,96442.70,96454.50,96206.00,96310.50,307.232,1763132879999,29585422.25450,10403,117.941,11356678.21810,0
1763132880000,96310.50,96466.20,96273.80,96389.90,171.460,1763132939999,16519343.72750,8214,86.389,8323792.03930,0
1763132940000,96389.90,96523.60,96360.40,96488.40,241.407,1763132999999,23281030.93730,9086,122.364,11801319.79090,0
1763133000000,96488.10,96511.80,96372.50,96409.90,285.278,1763133059999,27510856.99690,10858,155.592,15004286.70980,0
1763133060000,96409.90,96432.60,96231.50,96238.60,424.751,1763133119999,40927799.77410,8066,118.045,11370860.63710,0
1763133120000,96238.60,96264.50,96018.10,96028.20,230.124,1763133179999,22120945.08660,8164,89.925,8644229.52960,0
1763133180000,96028.20,96044.90,95806.90,95874.80,638.730,1763133239999,61265051.59180,13609,193.325,18541356.78050,0
1763133240000,95874.80,96063.30,95874.70,96063.30,244.851,1763133299999,23492645.34260,7674,174.261,16720526.76150,0
1763133300000,96063.30,96092.60,95967.40,96017.80,162.085,1763133359999,15564579.71960,8281,67.906,6520311.19570,0
1763133360000,96017.70,96239.50,96005.60,96187.90,179.600,1763133419999,17270579.34820,8441,94.784,9114200.08590,0
1763133420000,96187.80,96284.00,96120.80,96211.50,161.875,1763133479999,15572478.36720,7337,62.441,6007347.99840,0
1763133480000,96211.40,96326.60,96126.90,96249.90,172.779,1763133539999,16627015.36450,8342,91.191,8775632.49870,0
1763133540000,96249.80,96249.80,96007.80,96018.80,144.918,1763133599999,13928995.65910,6307,33.851,3253925.91840,0
1763133600000,96018.70,96256.80,96018.70,96209.00,124.090,1763133659999,11929920.93220,6989,58.803,5653612.58860,0
1763133660000,96209.00,96220.00,96028.60,96172.40,188.569,1763133719999,18127098.77360,8737,75.672,7275309.01510,0
1763133720000,96172.40,96300.20,96124.80,96284.50,172.213,1763133779999,16573277.57330,8375,100.095,9633073.65820,0
1763133780000,96284.60,96338.90,96053.80,96169.00,141.871,1763133839999,13647454.89100,8719,64.277,6182997.10160,0
1763133840000,96168.40,96189.20,96025.90,96148.10,128.155,1763133899999,12317311.52820,7328,57.210,5499359.68550,0
1763133900000,96147.60,96147.60,95900.00,95919.90,169.568,1763133959999,16276325.84160,8577,64.176,6160119.38070,0
1763133960000,95920.00,96251.20,95903.50,96188.40,219.809,1763134019999,21111898.95080,9107,131.622,12644691.07730,0
1763134020000,96188.40,96494.00,96166.40,96494.00,360.387,1763134079999,34725071.62300,9685,215.233,20738800.69380,0
1763134080000,96493.90,96821.80,96471.10,96767.80,731.527,1763134139999,70706351.88020,16047,509.046,49201021.86540,0
1763134140000,96767.70,96767.70,96458.00,96499.90,255.557,1763134199999,24677660.08580,8866,70.312,6788467.87530,0
1763134200000,96500.00,96887.80,96485.50,96700.70,826.147,1763134259999,79914936.65350,18225,594.667,57522792.67060,0
1763134260000,96700.80,96727.90,96454.70,96539.80,263.065,1763134319999,25412484.42610,11836,87.162,8419189.01310,0
1763134320000,96539.90,96659.90,96513.10,96538.60,213.481,1763134379999,20613353.42830,10832,101.322,9783812.09020,0
1763134380000,96538.70,96657.60,96466.70,96494.60,236.174,1763134439999,22806971.89660,10615,122.709,11850490.89470,0
1763134440000,96494.10,96594.70,96450.00,96508.10,208.895,1763134499999,20158977.75090,8792,94.961,9164102.03010,0
1763134500000,96508.00,96599.10,96423.30,96545.00,132.450,1763134559999,12781344.18400,8063,61.024,5888805.23120,0
1763134560000,96545.00,96682.00,96460.40,96510.10,211.504,1763134619999,20426583.56160,8431,107.064,10340989.26560,0
1763134620000,96510.10,96711.30,96510.10,96624.30,132.428,1763134679999,12796902.93110,7910,65.457,6324781.12430,0
1763134680000,96624.30,96785.90,96610.80,96700.40,217.580,1763134739999,21040465.94850,9197,125.013,12088308.46720,0
1763134740000,96700.30,96754.80,96662.90,96693.30,124.970,1763134799999,12085397.00840,6078,60.549,5855429.60060,0
1763134800000,96693.30,96740.20,96574.90,96589.30,203.364,1763134859999,19657939.10290,8044,63.907,6177041.31620,0
1763134860000,96589.30,96629.30,96504.40,96534.00,122.174,1763134919999,11798371.85960,6260,30.929,2986496.65210,0
1763134920000,96534.00,96683.60,96530.00,96621.40,85.780,1763134979999,8287941.76490,5737,54.848,5298918.29780,0
1763134980000,96621.30,96754.70,96562.90,96742.20,199.414,1763135039999,19278923.73910,7447,100.302,9695648.95980,0
1763135040000,96742.20,96781.10,96634.80,96732.40,99.043,1763135099999,9578566.14180,6042,32.177,3111877.35060,0
1763135100000,96732.30,96918.60,96643.20,96866.80,333.311,1763135159999,32268545.02540,10532,197.660,19137016.87250,0
1763135160000,96866.70,96999.10,96754.50,96987.10,426.157,1763135219999,41288409.84830,11362,232.871,22565797.57710,0
1763135220000,96987.10,97157.00,96948.60,97129.50,667.725,1763135279999,64810839.03410,15869,477.783,46376900.92710,0
1763135280000,97129.40,97280.00,97036.70,97044.60,785.517,1763135339999,76339050.01410,15796,448.849,43625938.25260,0
1763135340000,97044.70,97140.00,97005.60,97031.00,319.207,1763135399999,30988575.99600,9584,167.562,16267522.68740,0
1763135400000,97031.00,97076.30,96961.60,97061.00,242.168,1763135459999,23495323.96650,8854,108.759,10552101.99970,0
1763135460000,97061.00,97130.00,97012.40,97031.20,269.976,1763135519999,26209636.01620,8667,146.129,14187528.11210,0
1763135520000,97031.20,97031.30,96901.10,96957.90,179.557,1763135579999,17408330.84630,6987,56.771,5504275.07170,0
1763135580000,96957.90,96972.80,96827.00,96862.00,277.110,1763135639999,26851406.37940,7965,80.147,7764723.15350,0
1763135640000,96862.00,96931.60,96781.10,96861.00,360.803,1763135699999,34942865.73650,8482,162.236,15712291.07000,0
1763135700000,96860.90,96979.90,96784.20,96814.40,234.254,1763135759999,22693815.14300,9880,151.077,14636721.92190,0
1763135760000,96814.50,96877.00,96782.40,96848.40,147.205,1763135819999,14253921.82860,5754,55.158,5341080.10430,0
1763135820000,96848.30,96900.00,96799.90,96821.60,112.346,1763135879999,10881690.60610,5426,54.206,5250257.42980,0
1763135880000,96821.60,96834.90,96686.20,96793.30,191.835,1763135939999,18560400.74890,6814,72.099,6975743.35660,0
1763135940000,96793.20,96800.60,96711.30,96752.60,90.288,1763135999999,8734637.66070,4287,44.029,4259507.77100,0
1763136000000,96752.70,96777.80,96681.30,96714.00,170.208,1763136059999,16465544.58830,7128,61.706,5968757.15570,0
1763136060000,96714.00,96714.00,96577.70,96612.60,209.347,1763136119999,20230636.51130,8284,55.931,5405439.91220,0
1763136120000,96612.60,96654.20,96522.00,96628.50,391.420,1763136179999,37803776.22680,11440,166.277,16060059.09660,0
1763136180000,96628.60,96669.80,96555.40,96610.00,181.339,1763136239999,17519219.56360,7013,89.567,8652946.95890,0
1763136240000,96610.00,96610.30,96375.90,96451.10,424.493,1763136299999,40957143.45550,10220,91.838,8860616.53270,0
1763136300000,96451.20,96451.20,96249.90,96252.70,345.196,1763136359999,33247707.33590,9360,118.608,11421040.44940,0
1763136360000,96252.70,96404.70,96250.00,96373.30,265.368,1763136419999,25566144.31680,7284,144.592,13931101.59370,0
1763136420000,96372.90,96372.90,96220.60,96308.00,137.940,1763136479999,13283010.22730,6647,63.603,6124763.98110,0
1763136480000,96308.00,96458.60,96307.90,96446.10,128.108,1763136539999,12350978.41270,5769,86.551,8343999.04050,0
1763136540000,96446.10,96564.90,96393.80,96564.90,226.149,1763136599999,21818210.03460,7331,91.040,8784022.50720,0
1763136600000,96565.00,96594.80,96458.30,96561.30,197.702,1763136659999,19086271.39160,5995,93.784,9053715.49170,0
1763136660000,96561.30,96591.70,96510.60,96550.00,115.203,1763136719999,11122711.34040,4037,59.550,5749296.75100,0
1763136720000,96550.00,96573.20,96467.20,96478.80,132.937,1763136779999,12832297.93700,3776,42.708,4122651.73920,0
1763136780000,96478.80,96611.90,96435.50,96580.50,126.227,1763136839999,12187149.99210,4588,66.096,6382938.45160,0
1763136840000,96580.60,96580.90,96464.70,96464.90,186.597,1763136899999,18014168.47500,5547,90.659,8753638.14060,0
1763136900000,96464.80,96600.00,96464.80,96546.40,78.783,1763136959999,7604690.65170,3652,46.358,4474569.26210,0
1763136960000,96546.40,96596.80,96420.00,96465.70,222.309,1763137019999,21448463.69910,5883,55.288,5333523.54260,0
1763137020000,96465.80,96510.70,96353.10,96377.60,182.592,1763137079999,17608164.65850,6090,43.484,4192680.87280,0
1763137080000,96377.60,96389.70,96211.10,96306.70,259.152,1763137139999,24950966.10880,7602,100.197,9647984.20290,0
1763137140000,96306.80,96389.00,96268.80,96380.10,113.754,1763137199999,10957419.45270,5112,47.193,4545688.49530,0
1763137200000,96380.10,96496.00,96296.30,96339.30,118.301,1763137259999,11402897.88660,6115,39.128,3771620.19260,0
1763137260000,96339.90,96461.40,96339.90,96410.20,195.380,1763137319999,18836642.41220,4862,97.849,9433226.03710,0
1763137320000,96410.10,96410.20,96330.60,96389.80,59.593,1763137379999,5742680.90920,3106,19.526,1881644.89380,0
1763137380000,96389.80,96599.70,96368.10,96599.70,186.324,1763137439999,17978915.76180,6028,92.382,8914898.51290,0
1763137440000,96599.70,96695.00,96550.00,96695.00,180.729,1763137499999,17464636.27560,6063,90.319,8728619.39140,0
1763137500000,96695.00,96843.60,96670.10,96839.40,209.127,1763137559999,20229540.87860,7317,132.231,12790991.45460,0
1763137560000,96839.40,96909.80,96722.10,96898.10,557.677,1763137619999,54018454.37890,10135,280.047,27125142.81680,0
1763137620000,96898.00,96961.30,96840.60,96955.70,173.216,1763137679999,16782602.05590,5617,81.165,7864100.84580,0
1763137680000,96955.80,97182.60,96949.20,97048.20,306.537,1763137739999,29754848.93420,9711,184.635,17922927.78820,0
1763137740000,97048.40,97060.00,96922.00,96922.10,215.207,1763137799999,20867493.55480,5969,90.549,8779604.41050,0
1763137800000,96922.10,97012.30,96866.10,96867.30,295.752,1763137859999,28663036.24640,6702,109.780,10640434.18030,0
1763137860000,96867.40,96943.10,96866.10,96919.90,222.201,1763137919999,21527846.05960,5467,131.713,12761194.32110,0
1763137920000,96919.90,96988.80,96907.70,96974.00,94.053,1763137979999,9118471.72400,4884,48.249,4677754.46850,0
1763137980000,96974.10,97131.40,96974.00,97112.20,164.515,1763138039999,15967960.95110,6403,111.043,10778367.25850,0
1763138040000,97112.30,97242.20,97065.50,97099.90,372.343,1763138099999,36178331.32610,9428,217.071,21094058.32910,0
1763138100000,97100.00,97157.60,97007.20,97126.50,149.997,1763138159999,14563113.60360,6724,74.613,7244636.55970,0
1763138160000,97126.50,97228.10,97126.50,97213.30,126.379,1763138219999,12283670.03900,4525,65.172,6334439.63270,0
1763138220000,97213.30,97251.90,97113.00,97241.10,136.891,1763138279999,13303849.54810,5760,78.068,7588487.10640,0
1763138280000,97241.10,97377.60,97237.40,97296.80,335.276,1763138339999,32625293.18990,10252,211.328,20563558.22500,0
1763138340000,97296.90,97296.90,97124.30,97150.00,203.386,1763138399999,19765971.64890,7026,82.806,8046400.57830,0
1763138400000,97150.00,97154.10,97042.90,97110.10,156.959,1763138459999,15239386.57320,6770,67.089,6513900.59340,0
1763138460000,97110.30,97354.40,97077.30,97204.00,526.637,1763138519999,51201829.18210,11123,411.684,40027029.06920,0
1763138520000,97203.90,97203.90,97028.80,97065.10,133.954,1763138579999,13006276.80430,5617,42.344,4111854.22630,0
1763138580000,97065.10,97143.00,97065.10,97100.10,122.594,1763138639999,11903338.07620,4409,62.827,6100205.45980,0
1763138640000,97100.00,97100.10,96992.70,97074.00,149.475,1763138699999,14507405.99330,5663,70.145,6808049.18880,0
1763138700000,97073.90,97073.90,96910.80,96986.00,115.510,1763138759999,11201754.83350,5166,46.374,4496940.97450,0
1763138760000,96985.90,97000.30,96935.90,96987.60,87.214,1763138819999,8457387.87950,4195,36.450,3534883.63660,0
1763138820000,96987.60,96987.70,96911.10,96915.00,71.372,1763138879999,6919130.61380,3505,32.263,3127608.82110,0
1763138880000,96915.10,96998.00,96882.30,96997.90,124.112,1763138939999,12030241.07770,5183,59.890,5805386.01590,0
1763138940000,96998.00,97070.30,96911.30,97038.80,98.324,1763138999999,9538341.44320,4121,33.761,3274950.82580,0
1763139000000,97038.90,97225.00,97038.90,97208.00,502.845,1763139059999,48843893.78030,8767,417.705,40571670.78660,0
1763139060000,97207.90,97241.90,97111.30,97209.00,510.249,1763139119999,49594088.60290,8880,282.108,27419977.33220,0
1763139120000,97209.00,97248.70,97105.00,97195.20,317.839,1763139179999,30889057.15800,8066,211.078,20513324.83530,0
1763139180000,97195.10,97230.40,97127.90,97186.70,108.501,1763139239999,10543453.96000,5346,68.871,6692480.01780,0
1763139240000,97186.70,97234.10,97111.70,97111.70,94.986,1763139299999,9229500.38580,4776,42.228,4103244.10910,0
1763139300000,97111.80,97147.60,97054.50,97111.40,125.984,1763139359999,12233680.31410,5370,73.877,7174222.84560,0
1763139360000,97111.50,97215.30,97075.90,97076.10,105.092,1763139419999,10208904.46650,4889,37.059,3600374.19950,0
1763139420000,97076.00,97095.00,97000.30,97023.80,137.815,1763139479999,13375196.82410,4823,56.213,5455496.19690,0
1763139480000,97023.90,97069.70,96967.00,97040.70,102.542,1763139539999,9947682.39910,5081,42.673,4139420.64520,0
1763139540000,97040.80,97041.80,96967.10,96972.50,116.798,1763139599999,11330039.79170,3671,40.059,3886094.20610,0
1763139600000,96972.60,97020.40,96931.90,96972.30,146.003,1763139659999,14157613.11640,5633,94.928,9204700.10040,0
1763139660000,96972.30,97036.00,96970.30,96988.90,116.313,1763139719999,11282706.47530,4571,43.623,4231229.90060,0
1763139720000,96988.90,97014.60,96928.10,96957.10,103.642,1763139779999,10049935.55820,5242,38.422,3725916.05130,0
1763139780000,96957.00,97022.10,96917.40,97003.40,137.852,1763139839999,13367957.44950,5576,69.661,6755502.59610,0
1763139840000,97003.40,97058.80,96985.80,97041.50,75.938,1763139899999,7367673.92960,4428,33.232,3224145.44620,0
1763139900000,97041.60,97051.10,96957.20,96957.20,73.056,1763139959999,7085616.61590,4271,40.333,3911796.57370,0
1763139960000,96957.30,97017.60,96929.90,96999.70,62.377,1763140019999,6048836.90150,3532,22.300,2162422.66360,0
1763140020000,96999.70,96999.70,96900.10,96921.30,74.454,1763140079999,7217045.69890,4011,22.360,2167466.68490,0
1763140080000,96921.30,97028.00,96917.00,97001.70,52.684,1763140139999,5109181.74270,4040,27.105,2628306.57230,0
1763140140000,97001.80,97009.80,96945.60,96957.80,85.417,1763140199999,8283145.56430,3396,25.017,2426043.45120,0
1763140200000,96957.80,97078.00,96939.40,97065.80,106.098,1763140259999,10294931.75780,5230,72.298,7015360.11330,0
1763140260000,97065.70,97067.80,96954.60,97049.90,58.797,1763140319999,5704707.19640,4376,24.126,2340749.46780,0
1763140320000,97049.90,97049.90,96907.20,96948.80,81.783,1763140379999,7929974.47580,4264,44.918,4354774.31780,0
1763140380000,96948.80,96985.20,96909.40,96926.40,83.968,1763140439999,8140259.22850,3140,22.682,2198840.92870,0
1763140440000,96926.40,96971.10,96915.00,96968.90,77.553,1763140499999,7517978.56690,3502,49.537,4802196.55540,0
1763140500000,96968.90,96969.00,96877.90,96917.70,103.352,1763140559999,10016206.62190,4362,33.725,3268465.88570,0
1763140560000,96917.70,96997.70,96913.50,96997.70,162.699,1763140619999,15772694.43320,4277,61.274,5939886.91660,0
1763140620000,96997.70,97090.00,96997.70,97077.60,78.177,1763140679999,7586195.37480,3409,42.684,4141941.22090,0
1763140680000,97077.60,97094.40,96951.10,96951.10,48.159,1763140739999,4672568.70660,3799,14.890,1444722.60140,0
1763140740000,96951.00,96977.10,96900.00,96908.40,48.676,1763140799999,4718215.55570,3177,21.988,2131564.08050,0
1763140800000,96908.30,96935.80,96860.00,96879.10,61.624,1763140859999,5971004.79310,4209,20.615,1997459.50310,0
1763140860000,96879.10,96941.60,96868.30,96894.90,198.824,1763140919999,19264688.11780,5431,47.695,4621692.13100,0
1763140920000,96894.80,96935.10,96854.00,96902.00,114.951,1763140979999,11136452.19790,3887,24.116,2336464.16030,0
1763140980000,96901.90,96974.60,96892.60,96910.20,52.431,1763141039999,5082198.22950,3359,25.963,2516634.39420,0
1763141040000,96910.30,96912.80,96850.00,96854.20,67.965,1763141099999,6584434.70690,3030,27.990,2711629.79790,0
1763141100000,96854.20,96872.40,96717.00,96758.60,179.151,1763141159999,17342671.84540,5969,34.617,3351921.88650,0
1763141160000,96758.70,96775.50,96616.00,96627.30,286.488,1763141219999,27694961.36060,7494,82.968,8020425.60270,0
1763141220000,96627.20,96662.30,96590.40,96606.90,218.179,1763141279999,21079500.40110,5828,79.181,7650397.90370,0
1763141280000,96606.90,96614.20,96453.50,96577.40,298.344,1763141339999,28801078.71950,7375,95.951,9263520.65810,0
1763141340000,96577.40,96697.20,96577.30,96689.50,81.763,1763141399999,7902763.47560,3938,59.891,5788626.09250,0
1763141400000,96689.60,96694.80,96511.80,96566.30,122.772,1763141459999,11857316.54760,5307,30.921,2986169.13790,0
1763141460000,96566.20,96630.00,96566.20,96604.60,104.101,1763141519999,10056892.81660,3998,74.166,7164777.76770,0
1763141520000,96604.60,96611.00,96513.40,96513.50,89.878,1763141579999,8678268.76390,4733,27.978,2701462.58600,0
1763141580000,96513.40,96600.00,96513.40,96580.30,83.510,1763141639999,8064744.34240,4378,41.065,3965729.58040,0
1763141640000,96580.40,96583.90,96530.40,96577.90,42.925,1763141699999,4144779.41090,2970,19.641,1896487.86220,0
1763141700000,96578.40,96614.00,96558.80,96607.40,56.643,1763141759999,5471148.55580,3176,34.946,3375618.40560,0
1763141760000,96607.30,96607.30,96400.10,96415.00,369.855,1763141819999,35692571.31200,8002,63.371,6114989.31100,0
1763141820000,96414.90,96515.70,96358.80,96515.70,270.802,1763141879999,26108944.61920,5985,164.059,15818273.25360,0
1763141880000,96515.70,96561.30,96480.00,96539.20,110.968,1763141939999,10710334.82270,4339,34.564,3336313.12120,0
1763141940000,96539.20,96544.90,96454.00,96466.20,107.121,1763141999999,10335950.93100,3239,31.469,3036210.95160,0
1763142000000,96466.30,96466.30,96379.00,96413.90,99.463,1763142059999,9589112.00570,4191,47.758,4604101.29010,0
1763142060000,96413.80,96451.50,96340.80,96340.80,130.762,1763142119999,12607468.27950,5031,59.330,5720510.21700,0
1763142120000,96340.80,96340.80,96278.10,96308.70,215.458,1763142179999,20750282.43740,5914,92.104,8870307.27910,0
1763142180000,96308.70,96364.50,96278.10,96312.90,56.067,1763142239999,5400869.92120,2857,22.715,2188105.83550,0
1763142240000,96312.90,96316.20,96267.00,96312.90,84.810,1763142299999,8166431.45070,2202,34.126,3286186.86730,0
1763142300000,96313.00,96364.50,96288.00,96327.30,83.625,1763142359999,8055787.36530,2764,57.451,5534495.25270,0
1763142360000,96327.30,96327.30,96048.30,96070.00,600.949,1763142419999,57774689.20230,10837,165.255,15883627.85900,0
1763142420000,96070.00,96106.20,95982.40,96086.00,316.337,1763142479999,30382517.20760,7427,121.991,11717642.60660,0
1763142480000,96086.10,96086.10,95820.90,95944.10,494.818,1763142539999,47460871.27630,11534,138.647,13301393.74010,0
1763142540000,95944.10,95961.70,95859.30,95916.70,151.351,1763142599999,14514724.55440,5607,64.068,6144363.46780,0
1763142600000,95916.80,95973.30,95841.50,95861.00,158.344,1763142659999,15186110.02760,5081,38.686,3710580.04520,0
1763142660000,95861.10,95883.40,95613.30,95647.80,503.837,1763142719999,48227446.18580,12489,148.699,14232100.33810,0
1763142720000,95647.80,95879.40,95551.00,95846.60,493.038,1763142779999,47169173.18170,13321,266.944,25546239.36750,0
1763142780000,95846.60,95902.40,95745.40,95806.80,253.934,1763142839999,24332154.43390,9370,88.190,8450806.40210,0
1763142840000,95806.80,95979.80,95753.10,95967.40,364.347,1763142899999,34922945.85930,10029,266.181,25517327.79600,0
1763142900000,95967.50,96098.00,95927.90,96012.00,453.691,1763142959999,43562993.40480,12059,309.128,29682073.56610,0
1763142960000,96011.90,96014.60,95881.60,95935.70,148.611,1763143019999,14258869.57410,6432,44.628,4281526.12730,0
1763143020000,95935.60,96003.40,95889.00,95921.20,186.342,1763143079999,17879101.39430,6643,101.401,9729718.72940,0
1763143080000,95921.30,95945.50,95745.70,95793.50,217.158,1763143139999,20807910.63940,7258,97.143,9307724.94480,0
1763143140000,95793.40,95827.20,95645.20,95813.80,402.454,1763143199999,38525805.62880,7950,94.750,9072549.85640,0
1763143200000,95813.70,95813.80,95561.00,95595.60,316.987,1763143259999,30322962.40830,10056,67.359,6445100.26050,0
1763143260000,95595.70,95832.20,95577.00,95759.90,251.171,1763143319999,24049289.11880,8695,153.518,14698849.41640,0
1763143320000,95759.90,95849.90,95680.00,95845.30,238.861,1763143379999,22873864.58340,8398,185.667,17780937.58140,0
1763143380000,95845.30,95850.00,95682.00,95700.10,127.062,1763143439999,12163535.68580,6124,38.005,3638134.05600,0
1763143440000,95700.20,95812.80,95657.70,95792.60,82.033,1763143499999,7854446.83980,5434,31.167,2984320.36820,0
1763143500000,95792.60,95840.40,95716.90,95716.90,100.503,1763143559999,9627096.23180,6485,49.411,4733180.65670,0
1763143560000,95716.90,95862.00,95713.50,95826.80,91.438,1763143619999,8757825.54210,5178,61.059,5847865.79870,0
1763143620000,95826.80,96022.80,95826.70,95964.70,184.894,1763143679999,17739350.44650,7538,120.654,11576080.09230,0
1763143680000,95964.70,95964.70,95840.20,95841.90,77.785,1763143739999,7457461.07050,4590,32.920,3156036.89630,0
1763143740000,95841.90,95948.40,95832.90,95948.40,61.954,1763143799999,5940457.00450,4813,35.729,3426098.41770,0
1763143800000,95948.30,95957.20,95821.10,95955.10,107.030,1763143859999,10264033.21990,5701,40.481,3881931.65390,0
1763143860000,95955.10,96037.70,95929.90,95980.60,121.479,1763143919999,11660984.05990,6573,87.156,8366540.64070,0
1763143920000,95980.60,96183.40,95980.50,96126.90,196.064,1763143979999,18842537.96120,7438,140.535,13505249.85220,0
1763143980000,96126.90,96274.00,96107.50,96216.60,196.406,1763144039999,18895780.58480,8017,121.516,11690744.41140,0
1763144040000,96216.60,96282.80,96184.30,96282.80,108.323,1763144099999,10424913.23630,4743,67.514,6497496.86210,0
1763144100000,96282.90,96297.50,96146.20,96192.70,134.474,1763144159999,12937259.98170,5820,53.974,5192920.23290,0
1763144160000,96192.70,96295.00,96062.00,96063.80,82.885,1763144219999,7969818.66180,6125,30.071,2892298.36600,0
1763144220000,96063.80,96109.50,96015.00,96015.10,99.109,1763144279999,9520373.00410,5017,47.598,4572104.42050,0
1763144280000,96015.10,96033.30,95867.80,95916.90,172.793,1763144339999,16576472.02770,6167,50.257,4822410.44250,0
1763144340000,95916.90,96009.40,95916.90,96003.20,54.696,1763144399999,5249279.78440,3143,38.768,3720626.86890,0
1763144400000,96003.20,96029.30,95945.30,95999.50,60.803,1763144459999,5836641.70450,4288,38.084,3655863.09980,0
1763144460000,95999.50,96029.20,95927.00,95927.00,54.827,1763144519999,5263245.76530,3828,20.243,1943206.71290,0
1763144520000,95927.00,95949.00,95819.80,95835.10,73.401,1763144579999,7036761.59840,3899,20.264,1942738.97400,0
1763144580000,95835.20,95861.40,95736.60,95821.00,114.133,1763144639999,10932711.38540,5824,47.626,4562169.50820,0
1763144640000,95821.00,95906.40,95816.00,95824.30,77.252,1763144699999,7405638.28390,4136,44.043,4222776.43920,0
1763144700000,95824.40,95923.50,95799.90,95817.10,130.408,1763144759999,12499864.83530,5166,63.950,6129082.82270,0
1763144760000,95817.00,95817.10,95683.30,95737.30,220.741,1763144819999,21132150.67830,5804,66.384,6354241.23590,0
1763144820000,95737.20,95875.50,95731.70,95842.20,127.389,1763144879999,12205401.05350,5203,93.081,8918358.60450,0
1763144880000,95842.20,96058.40,95803.20,96010.60,127.727,1763144939999,12257501.86350,6312,94.631,9081350.83850,0
1763144940000,96010.60,96024.30,95934.30,96017.00,56.517,1763144999999,5424706.54600,3473,22.616,2170773.15650,0
1763145000000,96017.00,96138.90,95975.10,96110.70,73.914,1763145059999,7101016.64980,5455,49.288,4735205.42340,0
1763145060000,96110.80,96110.80,95945.90,95992.10,47.685,1763145119999,4577948.52280,3723,16.739,1606623.07740,0
1763145120000,95992.10,96149.90,95992.00,96117.50,55.052,1763145179999,5290519.06280,4087,33.317,3201740.46200,0
1763145180000,96117.50,96143.80,96025.90,96114.50,30.577,1763145239999,2937889.41020,4149,14.942,1435694.60910,0
1763145240000,96115.20,96115.20,95956.60,95969.10,82.447,1763145299999,7916208.85810,4576,23.832,2288196.72340,0
1763145300000,95969.00,96005.40,95863.90,95871.50,65.458,1763145359999,6279478.71610,4490,21.740,2085867.57010,0
1763145360000,95871.50,95877.20,95735.50,95755.10,222.999,1763145419999,21360771.22700,6504,62.455,5981799.65270,0
1763145420000,95755.10,95800.00,95670.10,95672.50,76.538,1763145479999,7326628.51200,3994,26.919,2577093.31760,0
1763145480000,95672.60,95672.60,95504.30,95535.10,280.560,1763145539999,26808854.01000,8082,98.904,9450423.18100,0
1763145540000,95535.20,95609.10,95520.00,95548.10,143.468,1763145599999,13710132.25220,5844,94.920,9071102.39650,0
1763145600000,95548.10,95560.00,95419.00,95419.00,223.521,1763145659999,21342141.34780,7832,57.877,5526332.26680,0
1763145660000,95419.00,95480.00,95390.00,95470.00,138.240,1763145719999,13192597.94800,6204,68.839,6569875.37030,0
1763145720000,95470.00,95470.00,95276.20,95285.40,457.494,1763145779999,43611593.29570,9913,107.919,10286291.65100,0
1763145780000,95285.30,95324.80,95200.00,95265.00,335.315,1763145839999,31939721.87920,8203,140.533,13387970.61110,0
1763145840000,95265.00,95410.90,95252.90,95350.60,238.782,1763145899999,22765227.87590,8063,155.434,14820145.39730,0
1763145900000,95350.70,95419.00,95321.90,95369.40,126.207,1763145959999,12036146.72220,6240,81.342,7757453.01790,0
1763145960000,95370.00,95370.00,95218.70,95308.40,123.359,1763146019999,11752625.41670,6037,69.496,6621059.82630,0
1763146020000,95308.40,95340.90,95235.40,95260.90,131.230,1763146079999,12503773.70250,5739,69.188,6592280.56740,0
1763146080000,95260.80,95282.40,95220.00,95224.90,130.702,1763146139999,12448882.49670,5096,58.335,5556128.27990,0
1763146140000,95225.00,95264.00,95224.90,95248.00,100.353,1763146199999,9558284.06340,3997,45.179,4302992.82580,0
1763146200000,95248.00,95493.50,95248.00,95381.40,245.761,1763146259999,23442705.46460,10168,157.999,15072123.86850,0
1763146260000,95381.50,95422.20,95297.90,95400.10,269.171,1763146319999,25673978.90920,8551,149.446,14253783.75320,0
1763146320000,95400.10,95400.10,95252.10,95299.90,516.303,1763146379999,49204846.44360,6789,395.323,37674381.84650,0
1763146380000,95299.90,95417.70,95285.60,95394.90,486.456,1763146439999,46371583.34590,6910,409.590,39042054.07930,0
1763146440000,95394.90,95400.00,95280.70,95284.80,305.955,1763146499999,29179259.18540,6106,182.208,17380039.55880,0
1763146500000,95284.90,95300.00,95173.50,95267.90,223.070,1763146559999,21243219.78430,7107,78.825,7508305.37850,0
1763146560000,95267.40,95267.40,95108.60,95128.50,278.300,1763146619999,26479625.34920,8669,65.447,6228030.82030,0
1763146620000,95128.50,95194.00,95114.70,95133.90,119.403,1763146679999,11360756.94410,4292,53.961,5134307.78040,0
1763146680000,95133.90,95189.20,95112.60,95153.00,143.980,1763146739999,13699445.31590,4871,67.036,6378055.39150,0
1763146740000,95153.10,95155.50,94911.00,95023.90,1404.716,1763146799999,133443915.78010,16050,576.430,54748019.06740,0
1763146800000,95023.90,95136.00,94986.50,95069.90,244.280,1763146859999,23227552.44010,8268,134.537,12792455.72420,0
1763146860000,95069.90,95074.40,94852.10,94920.50,629.791,1763146919999,59780011.02870,13805,230.884,21917881.82460,0
1763146920000,94920.50,95069.20,94898.30,94980.00,335.501,1763146979999,31860717.12770,8101,213.666,20290110.25470,0
1763146980000,94980.10,94980.10,94880.00,94895.90,226.874,1763147039999,21535761.15420,7689,133.266,12649498.34520,0
1763147040000,94896.00,94948.30,94776.40,94776.40,272.871,1763147099999,25876407.98100,8011,60.105,5700739.79260,0
1763147100000,94776.50,94888.50,94741.20,94846.70,573.549,1763147159999,54372129.14560,11301,347.246,32920712.76700,0
1763147160000,94846.60,95012.10,94846.60,94887.60,619.487,1763147219999,58802668.79320,9800,311.408,29556944.10500,0
1763147220000,94887.60,94928.20,94785.90,94894.30,482.718,1763147279999,45782480.75720,10323,158.026,14985650.91310,0
1763147280000,94894.00,94913.00,94818.50,94876.40,94.482,1763147339999,8964597.74700,4856,38.368,3640232.02400,0
1763147340000,94876.50,95104.50,94855.10,95104.50,175.960,1763147399999,16715400.22050,6418,122.643,11651296.70570,0
1763147400000,95104.70,95228.10,95064.70,95157.70,257.557,1763147459999,24508015.15470,8066,182.238,17341441.58280,0
1763147460000,95157.70,95176.90,95086.00,95109.60,121.897,1763147519999,11596569.56610,5732,51.425,4892063.69700,0
1763147520000,95109.70,95308.10,95109.70,95282.20,294.698,1763147579999,28060203.67720,6750,245.215,23346221.34590,0
1763147580000,95282.30,95368.20,95242.80,95305.90,227.371,1763147639999,21668506.89050,6566,168.173,16026499.73660,0
1763147640000,95306.00,95379.60,95294.80,95365.40,172.106,1763147699999,16407349.08900,4825,103.669,9882576.31590,0
1763147700000,95365.40,95495.90,95336.30,95485.10,276.409,1763147759999,26382557.23430,7369,190.582,18190518.01130,0
1763147760000,95485.20,95538.20,95405.30,95430.20,172.960,1763147819999,16511476.26910,7442,83.625,7984122.49670,0
1763147820000,95430.10,95500.00,95364.30,95409.40,97.788,1763147879999,9331004.88900,5613,39.515,3771183.86630,0
1763147880000,95409.50,95600.00,95389.80,95600.00,158.294,1763147939999,15118622.41310,6386,114.405,10926893.03400,0
1763147940000,95599.90,95616.60,95519.90,95520.00,98.553,1763147999999,9418753.23920,4540,50.184,4796061.49050,0
1763148000000,95520.00,95731.10,95520.00,95721.50,151.881,1763148059999,14525790.49230,6789,106.825,10216279.57500,0
1763148060000,95721.50,95800.00,95694.40,95723.70,215.197,1763148119999,20604016.33230,7222,127.317,12189857.62220,0
1763148120000,95723.60,95836.70,95679.10,95836.70,195.947,1763148179999,18765198.93860,6874,130.279,12476721.17140,0
1763148180000,95836.60,95886.90,95768.60,95768.70,177.880,1763148239999,17047413.99560,6326,61.149,5860764.00900,0
1763148240000,95768.60,95856.40,95768.60,95799.10,146.467,1763148299999,14035291.97060,4161,74.888,7176231.07190,0
1763148300000,95799.00,95812.80,95632.90,95685.30,290.074,1763148359999,27767399.29060,7026,87.062,8332797.19430,0
1763148360000,95685.30,95719.00,95625.70,95635.70,127.602,1763148419999,12205985.16020,5349,33.265,3182446.74500,0
1763148420000,95635.70,95735.20,95635.70,95735.20,57.812,1763148479999,5531628.89250,4010,40.427,3868154.50400,0
1763148480000,95735.20,95763.00,95691.30,95737.00,57.202,1763148539999,5475950.81360,3447,33.773,3233129.55410,0
1763148540000,95737.00,95770.40,95691.30,95691.40,50.116,1763148599999,4797219.05440,2588,19.601,1876297.45990,0
1763148600000,95691.30,95711.30,95650.00,95655.00,58.647,1763148659999,5611058.73940,3641,16.398,1568893.48960,0
1763148660000,95655.00,95655.00,95508.50,95543.40,117.568,1763148719999,11235598.13230,6091,31.340,2994369.79040,0
1763148720000,95543.30,95573.60,95450.00,95529.30,171.956,1763148779999,16424517.31290,6687,64.946,6204005.52540,0
1763148780000,95529.30,95595.00,95500.00,95578.20,109.762,1763148839999,10486473.52940,5081,59.844,5717315.66510,0
1763148840000,95578.20,95676.00,95554.30,95600.00,53.783,1763148899999,5143592.44450,4300,37.370,3574168.67480,0
1763148900000,95600.10,95600.10,95449.70,95449.70,76.098,1763148959999,7267604.70200,4766,22.238,2123795.66490,0
1763148960000,95449.70,95469.00,95418.00,95464.40,84.347,1763149019999,8049996.17480,3832,45.560,4348174.88480,0
1763149020000,95464.30,95469.00,95371.90,95437.20,63.987,1763149079999,6105091.30940,3967,28.896,2757042.33250,0
1763149080000,95437.20,95469.00,95394.80,95449.90,42.126,1763149139999,4020297.39450,3876,18.601,1775221.44850,0
1763149140000,95450.00,95520.90,95424.90,95487.40,55.283,1763149199999,5278468.76710,3900,38.660,3691471.89220,0
1763149200000,95487.40,95500.00,95419.10,95426.70,64.863,1763149259999,6191988.68830,3944,32.437,3096431.96480,0
1763149260000,95426.80,95426.80,95337.30,95360.00,86.507,1763149319999,8249855.10220,4537,38.168,3639868.37130,0
1763149320000,95360.00,95424.00,95336.70,95419.50,39.464,1763149379999,3763962.28900,3210,12.420,1184650.92930,0
1763149380000,95419.40,95456.40,95347.20,95387.30,38.753,1763149439999,3697215.35250,3261,21.619,2062459.28870,0
1763149440000,95387.30,95416.10,95317.90,95319.30,68.393,1763149499999,6522472.74820,3537,25.529,2434991.19210,0
1763149500000,95319.30,95361.80,95233.40,95350.50,125.221,1763149559999,11933046.21250,6197,52.154,4970425.72660,0
1763149560000,95350.60,95499.10,95350.60,95492.20,79.979,1763149619999,7634227.22460,5413,49.853,4758637.41980,0
1763149620000,95492.10,95600.80,95425.00,95552.90,91.906,1763149679999,8779749.23460,5635,52.572,5022747.19610,0
1763149680000,95553.00,95579.40,95437.80,95437.80,69.598,1763149739999,6647640.55510,4271,24.031,2295409.91860,0
1763149740000,95437.90,95501.60,95402.00,95498.70,47.019,1763149799999,4488193.94730,3958,28.702,2739660.22930,0
1763149800000,95498.60,95665.60,95481.50,95639.90,90.616,1763149859999,8659490.47920,4939,44.579,4261330.44880,0
1763149860000,95639.80,95714.90,95605.80,95654.40,74.926,1763149919999,7166725.88410,4621,46.294,4428301.69630,0
1763149920000,95654.40,95789.10,95654.30,95780.00,92.476,1763149979999,8853514.49610,4125,73.270,7014774.55980,0
1763149980000,95779.90,95784.50,95661.00,95737.80,119.722,1763150039999,11459060.70890,4659,29.895,2861747.14030,0
1763150040000,95737.80,95737.80,95635.00,95646.90,69.831,1763150099999,6681925.05820,3585,20.413,1953451.93390,0
1763150100000,95646.90,95689.90,95606.00,95614.20,33.658,1763150159999,3219520.84540,3530,13.436,1285223.15990,0
1763150160000,95614.30,95614.30,95540.00,95590.20,51.902,1763150219999,4960382.81300,3299,15.049,1438344.12720,0
1763150220000,95590.30,95673.10,95563.40,95667.20,25.373,1763150279999,2426341.95760,2263,18.757,1793684.51850,0
1763150280000,95667.10,95693.60,95624.00,95624.00,33.695,1763150339999,3223384.72830,2473,17.874,1709968.27920,0
1763150340000,95624.10,95747.70,95620.20,95737.30,32.467,1763150399999,3107422.64320,2810,25.609,2451080.38190,0
1763150400000,95737.40,95786.20,95717.90,95727.80,60.276,1763150459999,5771142.92530,3686,28.092,2689743.19480,0
1763150460000,95727.70,95727.70,95670.60,95692.10,63.855,1763150519999,6110378.60250,3243,23.115,2211900.86450,0
1763150520000,95692.10,95775.00,95676.70,95759.30,55.459,1763150579999,5308490.78890,3482,25.778,2467589.05920,0
1763150580000,95759.30,95759.30,95613.30,95619.50,69.827,1763150639999,6680224.39130,3745,13.991,1338176.40240,0
1763150640000,95619.50,95750.10,95611.10,95738.20,42.494,1763150699999,4064968.94650,3086,26.705,2554334.98010,0
1763150700000,95738.20,95817.00,95723.40,95817.00,62.130,1763150759999,5949977.33160,4221,32.942,3154878.98270,0
1763150760000,95816.90,95827.60,95744.30,95766.20,53.685,1763150819999,5141719.71530,3660,25.217,2415138.98640,0
1763150820000,95766.10,95900.00,95766.10,95807.70,93.072,1763150879999,8920502.97430,5085,62.354,5976279.21210,0
1763150880000,95807.70,95807.70,95595.00,95621.30,93.039,1763150939999,8902493.08560,5319,18.129,1734479.02310,0
1763150940000,95621.30,95684.90,95604.20,95629.60,70.339,1763150999999,6727641.04240,4445,32.859,3142703.89250,0
1763151000000,95629.50,95692.10,95591.70,95668.10,61.895,1763151059999,5920278.46760,3769,43.916,4200772.96460,0
1763151060000,95668.00,95668.00,95500.00,95504.10,63.257,1763151119999,6046019.40050,3444,19.969,1908814.63990,0
1763151120000,95504.20,95537.20,95474.30,95530.00,61.191,1763151179999,5843894.11530,3530,17.710,1691417.73320,0
1763151180000,95530.10,95532.70,95410.60,95443.50,95.903,1763151239999,9153858.09800,4000,49.627,4736716.32950,0
1763151240000,95443.50,95443.60,95317.20,95437.00,136.953,1763151299999,13062693.65900,4660,72.556,6921274.34460,0
1763151300000,95436.90,95505.00,95400.10,95444.10,56.390,1763151359999,5383032.98360,4101,33.190,3168458.59790,0
1763151360000,95444.00,95514.00,95403.60,95512.30,43.085,1763151419999,4112288.61850,3414,23.744,2266531.31690,0
1763151420000,95512.20,95525.00,95444.30,95444.30,31.327,1763151479999,2991287.26160,2708,12.590,1202169.82440,0
1763151480000,95444.30,95444.30,95282.90,95287.20,127.684,1763151539999,12171955.04060,4840,36.975,3525046.92960,0
1763151540000,95287.10,95418.90,95287.10,95374.30,111.659,1763151599999,10647314.56960,3998,84.368,8044634.49290,0
1763151600000,95374.20,95386.00,95338.40,95338.40,46.020,1763151659999,4388609.62620,3180,25.762,2456696.84420,0
1763151660000,95338.40,95350.50,95144.90,95192.00,139.603,1763151719999,13292928.05740,6132,50.300,4788776.64730,0
1763151720000,95192.00,95192.00,95006.00,95007.70,217.328,1763151779999,20665282.68210,5748,86.079,8185570.18380,0
1763151780000,95007.60,95088.20,94959.10,94966.90,354.094,1763151839999,33644386.97840,9053,155.586,14784232.71730,0
1763151840000,94966.90,95118.30,94966.90,95118.20,131.993,1763151899999,12544150.44580,4789,96.782,9197982.73340,0
1763151900000,95118.30,95137.70,95028.50,95123.10,72.632,1763151959999,6906882.84810,4545,45.220,4300350.98840,0
1763151960000,95123.00,95170.60,95004.00,95013.10,117.746,1763152019999,11196254.74530,5297,47.769,4543209.06130,0
1763152020000,95013.20,95019.40,94931.80,94931.90,162.572,1763152079999,15439686.24310,4314,44.377,4214170.69160,0
1763152080000,94931.90,94966.90,94900.00,94903.80,108.622,1763152139999,10311220.86030,4220,47.319,4491899.09600,0
1763152140000,94903.90,94935.00,94850.00,94903.20,190.409,1763152199999,18067068.47480,5399,90.393,8576797.41910,0
1763152200000,94903.20,94909.10,94845.40,94909.10,227.153,1763152259999,21551100.82450,4059,158.613,15048314.37050,0
1763152260000,94909.10,94999.50,94877.10,94987.20,114.439,1763152319999,10862514.72850,4500,73.720,6997682.54720,0
1763152320000,94987.20,94987.20,94900.00,94923.90,105.843,1763152379999,10049442.28570,4182,47.766,4535136.16120,0
1763152380000,94923.90,95017.70,94847.40,95017.70,366.908,1763152439999,34833912.90710,7597,283.141,26881550.50110,0
1763152440000,95017.60,95054.60,94949.40,94963.30,125.608,1763152499999,11932998.23140,4214,63.834,6064271.60210,0
1763152500000,94963.30,95020.90,94926.90,94997.00,63.148,1763152559999,5997301.92950,4283,40.992,3893018.87970,0
1763152560000,94997.00,95022.40,94802.70,94802.80,114.289,1763152619999,10845816.02960,5253,44.049,4181536.39000,0
1763152620000,94802.80,94831.20,94710.00,94800.00,283.296,1763152679999,26846254.85890,7938,74.579,7067981.67630,0
1763152680000,94800.00,94819.10,94716.90,94717.00,128.169,1763152739999,12147319.31930,5029,59.275,5617708.39840,0
1763152740000,94716.90,94739.80,94575.00,94607.20,520.630,1763152799999,49270814.44800,11974,142.215,13457315.50070,0
1763152800000,94607.20,94623.00,94327.90,94348.80,1715.592,1763152859999,162007716.62540,26189,387.349,36577326.82530,0
1763152860000,94348.90,94367.70,94222.00,94223.90,570.906,1763152919999,53833262.66230,14618,207.658,19581958.74380,0
1763152920000,94223.90,94364.70,94202.10,94217.60,448.712,1763152979999,42308595.35610,10854,225.635,21278299.81610,0
1763152980000,94217.50,94327.40,94150.20,94258.20,471.072,1763153039999,44383589.67210,12101,224.379,21143742.48180,0
1763153040000,94258.10,94338.70,94185.10,94336.20,205.489,1763153099999,19371316.74120,7834,105.307,9927450.69370,0
1763153100000,94336.10,94367.00,94255.00,94272.50,194.689,1763153159999,18360571.99380,7773,82.469,7777319.36460,0
1763153160000,94272.60,94307.10,94177.60,94200.00,239.821,1763153219999,22598094.14380,7988,134.765,12699124.61100,0
1763153220000,94199.90,94359.50,94199.90,94211.10,185.643,1763153279999,17505851.01790,7859,115.437,10886366.49600,0
1763153280000,94211.00,94319.40,94177.00,94290.00,173.820,1763153339999,16384645.88240,7465,98.650,9299598.87070,0
1763153340000,94290.10,94346.50,94248.80,94273.20,156.339,1763153399999,14742825.16540,6463,71.641,6756096.80710,0
1763153400000,94273.30,94437.60,94250.60,94250.60,334.489,1763153459999,31558778.95000,10957,196.944,18583734.99160,0
1763153460000,94250.60,94376.60,94157.50,94364.10,264.946,1763153519999,24974268.12010,9809,150.787,14216679.75510,0
1763153520000,94364.10,94419.30,94245.00,94311.10,164.865,1763153579999,15552750.50880,7740,78.211,7378757.06190,0
1763153580000,94311.00,94354.10,94287.00,94313.80,104.829,1763153639999,9887525.41160,5292,57.153,5390522.76200,0
1763153640000,94313.80,94344.40,94250.00,94293.40,172.821,1763153699999,16295116.27370,5063,52.197,4921518.34170,0
1763153700000,94293.50,94354.20,94238.40,94276.10,167.472,1763153759999,15791270.80790,6750,93.446,8811040.94620,0
1763153760000,94276.00,94290.60,94200.20,94237.90,117.090,1763153819999,11035350.58880,5717,55.288,5210664.51020,0
1763153820000,94237.90,94245.60,94170.00,94225.00,159.419,1763153879999,15018180.87770,4812,70.563,6647391.14640,0
1763153880000,94225.00,94288.30,94172.00,94282.80,140.318,1763153939999,13224716.40630,4815,77.072,7263400.47670,0
1763153940000,94282.90,94354.50,94219.10,94336.60,234.496,1763153999999,22108685.26020,8705,119.569,11273781.12430,0
1763154000000,94336.60,94384.60,94304.00,94359.40,132.142,1763154059999,12466287.29390,5449,74.884,7064522.41000,0
1763154060000,94359.50,94475.00,94179.90,94475.00,264.860,1763154119999,24978869.22750,8021,153.622,14494815.57780,0
1763154120000,94475.00,94555.20,94450.00,94462.20,234.568,1763154179999,22167504.94510,8174,152.638,14425067.53500,0
1763154180000,94462.20,94599.00,94456.10,94599.00,339.446,1763154239999,32097691.92240,7544,232.242,21961747.04130,0
1763154240000,94598.90,94743.70,94580.00,94684.10,518.367,1763154299999,49065679.21860,11224,326.976,30947858.68560,0
1763154300000,94684.10,94762.50,94652.90,94756.90,279.832,1763154359999,26497730.54870,7882,199.243,18865368.60740,0
1763154360000,94756.80,94832.50,94669.50,94818.00,264.137,1763154419999,25034488.77350,8667,145.267,13768354.67300,0
1763154420000,94818.50,94943.30,94790.20,94825.20,356.008,1763154479999,33771351.07870,9555,251.579,23865661.65230,0
1763154480000,94825.20,94921.30,94789.20,94901.30,137.337,1763154539999,13028480.06710,6136,62.320,5912044.65230,0
1763154540000,94901.20,94953.80,94777.10,94777.10,163.377,1763154599999,15499958.77970,5997,46.100,4374756.45630,0
1763154600000,94777.20,94800.00,94718.40,94735.10,129.816,1763154659999,12300253.90450,4851,40.096,3799030.01610,0
1763154660000,94735.00,94868.20,94713.90,94868.20,100.092,1763154719999,9485014.03640,4317,42.156,3995500.67000,0
1763154720000,94868.10,94877.20,94815.20,94819.30,123.909,1763154779999,11752785.97130,4118,59.650,5657945.40700,0
1763154780000,94819.20,94830.50,94734.50,94735.40,56.382,1763154839999,5343606.11890,3232,15.428,1462084.61250,0
1763154840000,94735.40,94851.20,94735.40,94851.20,66.883,1763154899999,6340613.20510,3294,42.217,4002300.41010,0
1763154900000,94851.10,94860.90,94794.80,94815.20,104.001,1763154959999,9863028.50890,3982,23.350,2214406.29060,0
1763154960000,94815.20,94918.80,94801.80,94875.10,103.814,1763155019999,9850043.64980,3998,83.103,7884975.35150,0
1763155020000,94875.10,94899.00,94790.10,94817.70,111.055,1763155079999,10533854.17530,3833,40.756,3865156.36200,0
1763155080000,94817.70,94942.00,94811.90,94924.30,134.403,1763155139999,12754919.92030,4649,84.004,7971502.01450,0
1763155140000,94924.40,94946.00,94891.20,94940.00,48.490,1763155199999,4602715.28640,3099,32.999,3132338.06700,0
1763155200000,94940.00,94961.50,94895.70,94961.40,87.340,1763155259999,8290921.26910,3624,34.579,3282824.05710,0
1763155260000,94961.50,95121.80,94955.00,95012.90,485.076,1763155319999,46100890.27140,10481,370.413,35204467.59890,0
1763155320000,95013.00,95053.30,94969.90,94969.90,103.180,1763155379999,9803929.70430,3507,57.292,5443889.99700,0
1763155380000,94969.90,94975.20,94909.10,94929.70,56.271,1763155439999,5342539.87810,3035,24.272,2304475.31610,0
1763155440000,94929.80,94947.40,94840.20,94891.00,74.256,1763155499999,7046062.51960,3357,34.333,3257809.64710,0
1763155500000,94891.10,94969.10,94885.90,94946.60,50.720,1763155559999,4814661.06790,2875,32.154,3052314.23230,0
1763155560000,94946.60,94946.60,94780.90,94793.50,128.326,1763155619999,12170843.12310,4286,35.791,3395582.20380,0
1763155620000,94793.50,94826.80,94681.30,94695.70,137.004,1763155679999,12978660.08710,4539,44.755,4239452.83500,0
1763155680000,94695.60,94715.40,94592.70,94621.50,170.970,1763155739999,16181421.30310,4739,57.519,5444746.62190,0
1763155740000,94621.60,94667.00,94612.60,94656.00,86.591,1763155799999,8195065.02240,2701,34.637,3277998.24110,0
1763155800000,94655.90,94735.80,94624.90,94723.50,106.723,1763155859999,10105039.80540,4127,82.248,7788023.18480,0
1763155860000,94723.80,94782.10,94721.10,94762.70,40.457,1763155919999,3833705.93100,2405,28.195,2671777.74650,0
1763155920000,94762.80,94769.70,94703.50,94717.70,30.210,1763155979999,2861722.29620,2038,15.539,1471927.29770,0
1763155980000,94717.80,94786.10,94710.20,94764.20,38.799,1763156039999,3676663.11300,2215,24.573,2328496.54670,0
1763156040000,94764.10,94776.60,94723.50,94753.60,43.454,1763156099999,4117137.56770,2742,23.921,2266418.11830,0
1763156100000,94753.60,94756.70,94709.90,94734.30,29.491,1763156159999,2793867.85790,2123,10.176,963973.37510,0
1763156160000,94734.30,94758.90,94663.90,94678.00,44.668,1763156219999,4230761.48310,2378,20.453,1937427.17350,0
1763156220000,94678.10,94777.80,94678.10,94777.70,87.254,1763156279999,8265718.54250,3072,43.680,4137364.68760,0
1763156280000,94777.70,94782.20,94717.20,94770.00,37.453,1763156339999,3548637.91090,2240,27.645,2619307.35850,0
1763156340000,94769.90,94779.30,94724.10,94724.20,21.291,1763156399999,2017596.38240,1544,6.534,619198.88220,0
1763156400000,94724.20,94784.00,94724.10,94774.90,30.167,1763156459999,2858181.27930,1587,22.885,2168245.56880,0
1763156460000,94774.90,94790.70,94747.40,94767.00,48.408,1763156519999,4587571.17980,1560,34.545,3273611.58710,0
1763156520000,94767.10,94839.80,94767.00,94839.80,52.761,1763156579999,5002442.39440,2117,38.178,3619562.85590,0
1763156580000,94839.80,94993.20,94839.80,94991.20,141.499,1763156639999,13431201.73220,5029,114.800,10896545.34420,0
1763156640000,94991.20,95015.10,94940.10,94997.40,153.435,1763156699999,14574370.36600,4260,69.706,6621324.82700,0
1763156700000,94997.40,95127.70,94984.90,95048.50,144.637,1763156759999,13749828.66460,4559,112.560,10700471.20000,0
1763156760000,95048.50,95048.50,94930.00,94930.00,82.390,1763156819999,7825318.01540,2767,17.822,1693016.80730,0
1763156820000,94930.00,95019.10,94930.00,95003.20,33.621,1763156879999,3193100.27100,2197,24.783,2353581.77870,0
1763156880000,95003.00,95040.00,94893.40,94893.40,102.887,1763156939999,9770992.82770,3711,23.433,2225948.61480,0
1763156940000,94893.30,94944.70,94888.70,94942.30,56.204,1763156999999,5334907.29880,2035,27.660,2625438.42630,0
1763157000000,94942.40,94995.30,94909.30,94919.20,46.682,1763157059999,4431997.07570,3023,18.759,1781037.65140,0
1763157060000,94919.20,94965.40,94919.20,94924.30,74.750,1763157119999,7097254.80970,2267,28.625,2717773.95350,0
1763157120000,94924.20,94956.00,94924.10,94937.10,28.957,1763157179999,2749306.71310,1263,11.678,1108745.80700,0
1763157180000,94937.20,95000.00,94930.00,94984.00,31.125,1763157239999,2955663.58820,1951,19.634,1864333.03060,0
1763157240000,94984.00,94985.10,94953.60,94965.70,16.100,1763157299999,1529025.62170,1266,6.301,598408.73380,0
1763157300000,94965.70,94993.70,94953.10,94993.70,14.406,1763157359999,1368204.49330,1252,9.860,936460.48120,0
1763157360000,94993.70,95028.40,94967.90,95028.40,40.293,1763157419999,3827980.50850,1828,24.850,2360840.81310,0
1763157420000,95028.40,95074.90,95009.00,95063.80,43.007,1763157479999,4087580.14280,1753,24.960,2372479.14720,0
1763157480000,95063.90,95091.40,95044.60,95053.90,74.994,1763157539999,7129413.93190,2805,44.484,4229016.42340,0
1763157540000,95053.80,95061.70,95007.80,95023.30,48.735,1763157599999,4631436.00880,2018,33.475,3181245.76860,0
1763157600000,95023.30,95051.90,95011.60,95051.90,25.032,1763157659999,2378667.94140,1315,16.563,1573907.15130,0
1763157660000,95052.00,95111.50,95052.00,95088.90,60.509,1763157719999,5753667.58250,3184,43.418,4128506.63230,0
1763157720000,95088.80,95095.00,95059.30,95059.80,24.907,1763157779999,2367939.58540,1213,11.872,1128718.86860,0
1763157780000,95059.90,95220.90,95059.80,95220.90,140.787,1763157839999,13395966.29970,4490,124.054,11803821.37510,0
1763157840000,95220.90,95267.30,95157.00,95263.70,152.912,1763157899999,14559404.44870,4889,107.004,10188233.81730,0
1763157900000,95263.70,95280.80,95168.00,95258.70,104.160,1763157959999,9918556.90360,3517,79.386,7559479.23100,0
1763157960000,95258.80,95342.30,95228.90,95263.70,143.832,1763158019999,13707132.49300,4307,101.371,9661111.68380,0
1763158020000,95263.60,95331.80,95263.60,95278.30,69.280,1763158079999,6602456.16500,2718,42.655,4064892.36070,0
1763158080000,95278.40,95295.80,95260.90,95277.20,49.441,1763158139999,4710687.17290,1615,29.371,2798426.81620,0
1763158140000,95277.20,95277.20,95226.60,95231.90,40.311,1763158199999,3839628.17030,1387,13.064,1244230.76830,0
1763158200000,95231.80,95247.10,95231.80,95236.60,28.683,1763158259999,2731840.81860,669,13.635,1298616.86140,0
1763158260000,95236.60,95250.00,95123.20,95123.30,85.418,1763158319999,8131597.03170,2187,19.756,1881407.74890,0
1763158320000,95123.30,95123.40,94951.00,94976.80,133.145,1763158379999,12652528.11500,3199,29.173,2771508.10860,0
1763158380000,94976.80,95039.00,94958.10,95029.30,52.546,1763158439999,4991013.94230,1609,30.058,2855025.68120,0
1763158440000,95029.20,95029.20,94688.00,94701.00,164.340,1763158499999,15583777.72940,4495,26.236,2487108.62160,0
1763158500000,94701.00,94854.20,94654.00,94838.00,189.577,1763158559999,17966111.31780,5335,118.187,11202339.25390,0
1763158560000,94838.10,94872.20,94743.80,94846.80,63.873,1763158619999,6055670.56810,3035,35.102,3328054.59120,0
1763158620000,94846.90,94902.50,94819.20,94889.90,64.513,1763158679999,6120228.45190,2328,43.363,4113720.63670,0
1763158680000,94890.00,94902.50,94837.50,94871.40,50.338,1763158739999,4775927.66920,1872,36.326,3446508.19960,0
1763158740000,94871.40,94935.00,94855.00,94934.90,34.316,1763158799999,3256743.13910,1440,26.283,2494319.89160,0
1763158800000,94935.00,94944.80,94871.30,94900.60,27.277,1763158859999,2588938.93970,1924,16.442,1560571.61360,0
1763158860000,94900.50,95000.00,94852.30,94987.10,64.536,1763158919999,6125807.66500,2424,47.164,4476974.84260,0
1763158920000,94987.10,95049.50,94963.40,95038.90,76.584,1763158979999,7275879.31080,2780,47.905,4551260.00320,0
1763158980000,95039.00,95085.00,94981.00,94995.10,43.303,1763159039999,4115378.04530,2030,21.254,2020099.06370,0
1763159040000,94995.00,94995.00,94898.90,94898.90,31.225,1763159099999,2964616.93840,1137,6.191,587860.25600,0
1763159100000,94899.00,94989.10,94876.80,94958.00,40.662,1763159159999,3860356.31490,2008,26.188,2486166.20140,0
1763159160000,94958.00,95037.50,94953.50,95037.50,54.474,1763159219999,5175877.47250,1868,34.058,3236018.11690,0
1763159220000,95037.50,95102.00,95001.70,95102.00,23.757,1763159279999,2257970.05960,1482,15.549,1477896.35930,0
1763159280000,95102.00,95230.00,95101.90,95230.00,95.939,1763159339999,9130134.60370,2892,66.964,6372419.97440,0
1763159340000,95230.00,95288.20,95208.00,95236.60,70.672,1763159399999,6731049.27370,2782,38.645,3680506.89480,0
1763159400000,95236.50,95309.30,95207.00,95309.20,80.042,1763159459999,7626039.64420,3286,39.738,3785958.31720,0
1763159460000,95309.20,95434.70,95304.10,95418.10,193.861,1763159519999,18489219.45730,4281,137.167,13081895.81140,0
1763159520000,95418.10,95431.90,95290.40,95431.90,104.519,1763159579999,9968012.82770,3240,42.760,4077920.01440,0
1763159580000,95431.90,95440.00,95331.90,95391.40,94.707,1763159639999,9035364.87120,2871,37.353,3563336.19110,0
1763159640000,95391.40,95391.50,95258.00,95258.00,77.103,1763159699999,7349385.65350,1785,12.895,1229374.03720,0
1763159700000,95258.00,95294.40,95193.50,95206.40,73.071,1763159759999,6960007.24330,2656,22.354,2129181.11020,0
1763159760000,95206.60,95320.00,95206.60,95320.00,33.406,1763159819999,3182501.33570,1210,20.518,1954883.07410,0
1763159820000,95320.00,95340.40,95299.30,95302.00,29.530,1763159879999,2814683.62120,988,11.020,1050342.34300,0
1763159880000,95302.00,95328.60,95300.00,95301.00,15.221,1763159939999,1450784.84130,671,8.763,835236.04710,0
1763159940000,95301.10,95307.70,95284.50,95307.70,24.254,1763159999999,2311155.63450,771,15.980,1522730.59010,0
1763160000000,95307.60,95307.60,95250.50,95250.50,25.095,1763160059999,2391085.23330,1361,7.747,738163.07380,0
1763160060000,95250.60,95250.60,95172.70,95242.60,36.211,1763160119999,3447312.46930,1856,13.056,1242877.82420,0
1763160120000,95242.60,95359.00,95242.50,95358.90,58.765,1763160179999,5600263.61850,1672,53.968,5143131.71200,0
1763160180000,95359.00,95440.80,95358.90,95435.10,64.407,1763160239999,6145585.93140,2001,43.585,4158633.10880,0
1763160240000,95435.10,95439.90,95335.00,95335.00,33.301,1763160299999,3176481.66970,1794,9.844,939082.09470,0
1763160300000,95335.00,95405.00,95335.00,95405.00,33.255,1763160359999,3171936.76580,1194,25.516,2433635.24150,0
1763160360000,95405.00,95443.70,95400.00,95426.20,25.727,1763160419999,2454953.81420,1237,13.957,1331757.10700,0
1763160420000,95426.20,95445.00,95415.30,95444.90,19.304,1763160479999,1842207.14790,1028,13.403,1279059.58850,0
1763160480000,95444.90,95452.40,95337.60,95338.20,63.192,1763160539999,6027314.93710,2868,24.488,2335662.24960,0
1763160540000,95338.30,95338.30,95116.50,95118.10,105.322,1763160599999,10028960.32770,3878,15.556,1481070.44010,0
1763160600000,95118.10,95268.00,95106.40,95210.80,31.565,1763160659999,3004883.87770,2921,16.708,1590516.25430,0
1763160660000,95210.80,95250.00,95180.00,95210.80,27.560,1763160719999,2624164.46540,1779,15.274,1454190.28200,0
1763160720000,95210.80,95249.80,95164.80,95164.80,45.329,1763160779999,4316030.69320,1910,20.693,1970119.77590,0
1763160780000,95164.80,95178.00,94939.10,94972.40,93.929,1763160839999,8929359.04400,4507,30.920,2939146.92000,0
1763160840000,94972.40,95010.40,94858.00,94981.00,116.046,1763160899999,11015962.95480,5036,46.498,4413965.03440,0
1763160900000,94981.00,95067.80,94981.00,94995.90,80.698,1763160959999,7666832.59040,3052,46.972,4461940.93260,0
1763160960000,94996.00,94997.60,94777.00,94992.70,194.146,1763161019999,18418331.89260,7612,125.475,11902490.11170,0
1763161020000,94992.70,95091.50,94981.30,95087.50,161.731,1763161079999,15371587.78580,5408,72.724,6911319.61820,0
1763161080000,95087.50,95109.50,95029.90,95048.00,49.594,1763161139999,4714504.18540,2046,22.276,2117721.94770,0
1763161140000,95048.00,95150.00,95048.00,95147.60,52.423,1763161199999,4985248.06770,1891,48.043,4568724.42510,0
1763161200000,95147.50,95147.50,95059.70,95089.90,40.084,1763161259999,3811784.80790,2562,24.788,2357155.21430,0
1763161260000,95089.90,95089.90,95041.10,95078.60,51.595,1763161319999,4904502.69050,1887,34.538,3283094.26980,0
1763161320000,95078.60,95078.60,94950.80,95004.50,66.876,1763161379999,6353888.32060,2707,28.577,2714611.32210,0
1763161380000,95004.50,95004.60,94747.80,94769.40,330.181,1763161439999,31334532.01240,6242,110.745,10506672.78790,0
1763161440000,94769.40,94769.50,94306.00,94455.30,516.585,1763161499999,48809196.13220,13448,132.816,12549182.38850,0
1763161500000,94455.00,94461.60,94116.70,94116.80,426.600,1763161559999,40212806.00320,12392,162.672,15340081.18900,0
1763161560000,94116.80,94221.00,93955.00,94073.10,968.788,1763161619999,91124867.10350,22505,350.932,33018694.40300,0
1763161620000,94073.20,94354.30,94029.00,94345.50,264.844,1763161679999,24955389.61760,9351,171.711,16178476.14110,0
1763161680000,94345.40,94345.50,94000.00,94164.00,204.613,1763161739999,19265397.34090,8113,82.804,7797040.69940,0
1763161740000,94164.00,94330.00,94092.30,94329.90,150.292,1763161799999,14158500.30240,7436,103.737,9772325.14800,0
1763161800000,94330.00,94535.00,94250.00,94490.50,194.126,1763161859999,18323482.92010,8091,111.013,10477392.70830,0
1763161860000,94490.00,94625.20,94416.60,94609.80,174.613,1763161919999,16508218.78060,6818,122.751,11606048.72260,0
1763161920000,94609.90,94618.80,94464.90,94473.50,126.109,1763161979999,11922755.00910,5879,66.395,6276997.55090,0
1763161980000,94473.40,94550.00,94462.60,94550.00,55.475,1763162039999,5241977.29010,3278,37.049,3500952.52800,0
1763162040000,94550.00,94660.00,94550.00,94617.20,110.638,1763162099999,10467530.89360,4206,75.123,7107486.99590,0
1763162100000,94617.30,94681.20,94599.70,94608.10,111.771,1763162159999,10576952.24920,4977,68.426,6475085.98460,0
1763162160000,94608.10,94621.20,94500.00,94621.20,92.684,1763162219999,8763453.27570,4912,28.296,2675674.54500,0
1763162220000,94621.30,94705.40,94470.00,94565.90,197.589,1763162279999,18685286.73540,7981,79.022,7473037.62030,0
1763162280000,94566.00,94584.70,94500.00,94500.00,59.203,1763162339999,5596772.47770,3357,23.132,2186824.01470,0
1763162340000,94500.00,94700.90,94473.90,94679.90,252.343,1763162399999,23877905.71000,6040,160.369,15174812.68770,0
1763162400000,94679.80,94756.00,94650.00,94651.10,76.658,1763162459999,7260332.20490,4296,50.258,4760074.15640,0
1763162460000,94651.00,94651.00,94320.10,94320.20,138.351,1763162519999,13075738.93450,7293,43.139,4076616.04510,0
1763162520000,94320.10,94320.20,94158.00,94198.00,196.091,1763162579999,18481637.31380,7061,70.910,6683545.75420,0
1763162580000,94198.00,94300.00,94158.00,94188.10,241.354,1763162639999,22738710.81580,6362,145.662,13723589.71690,0
1763162640000,94188.20,94220.70,94100.00,94220.00,116.511,1763162699999,10969659.12510,4885,49.572,4667624.09860,0
1763162700000,94220.10,94356.30,94190.20,94351.50,136.576,1763162759999,12878961.75780,6149,96.646,9113989.40450,0
1763162760000,94351.50,94366.60,94256.50,94366.60,91.438,1763162819999,8625295.67890,4012,28.666,2703901.96270,0
1763162820000,94366.60,94440.60,94324.90,94368.10,59.417,1763162879999,5607719.05500,3690,35.131,3315875.85510,0
1763162880000,94366.80,94366.80,94262.60,94310.80,66.561,1763162939999,6278019.76110,3962,27.281,2572661.76430,0
1763162940000,94310.80,94380.80,94286.60,94290.10,39.363,1763162999999,3713643.58750,2905,16.523,1558852.05330,0
1763163000000,94290.10,94345.70,94131.30,94229.90,166.417,1763163059999,15681028.63940,7295,42.750,4028453.28690,0
1763163060000,94229.90,94407.00,94196.60,94371.40,109.663,1763163119999,10340419.65830,5441,58.870,5552205.01260,0
1763163120000,94371.30,94372.70,94277.30,94359.30,165.590,1763163179999,15622070.25820,4302,49.134,4634771.95510,0
1763163180000,94359.20,94365.30,94303.80,94351.60,65.968,1763163239999,6223146.55060,3006,45.187,4262861.22700,0
1763163240000,94351.50,94372.70,94332.90,94372.70,108.294,1763163299999,10217697.62730,1801,21.434,2022371.93920,0
1763163300000,94372.70,94372.70,94250.00,94259.70,191.297,1763163359999,18045266.05710,3629,35.822,3378929.98360,0
1763163360000,94259.60,94494.30,94259.60,94474.60,125.615,1763163419999,11859665.45390,4255,93.765,8852879.12610,0
1763163420000,94474.70,94563.20,94464.10,94514.90,124.015,1763163479999,11721513.75640,3467,85.139,8046529.27200,0
1763163480000,94515.00,94588.90,94514.90,94586.30,77.124,1763163539999,7292231.57970,2879,61.577,5822120.00570,0
1763163540000,94586.40,94589.20,94582.30,94584.60,32.059,1763163599999,3032392.36860,936,13.908,1315533.58800,0
1763163600000,94584.60,94644.90,94577.20,94611.20,57.893,1763163659999,5477323.82090,2869,37.066,3506941.29930,0
1763163660000,94611.20,94617.30,94581.70,94597.00,21.000,1763163719999,1986582.15740,1210,10.416,985342.30970,0
1763163720000,94596.90,94607.90,94588.00,94601.90,21.317,1763163779999,2016586.71410,904,9.945,940787.81980,0
1763163780000,94601.80,94645.00,94588.00,94588.20,45.688,1763163839999,4323217.07660,1733,29.684,2809013.90390,0
1763163840000,94588.10,94629.60,94588.00,94616.80,71.055,1763163899999,6722582.05180,2530,17.363,1642724.31620,0
1763163900000,94616.70,94745.90,94616.70,94716.20,83.455,1763163959999,7903087.84100,3574,59.963,5678333.47170,0
1763163960000,94716.30,94778.00,94716.20,94739.10,95.050,1763164019999,9006761.88390,3597,52.653,4989275.61290,0
1763164020000,94739.10,94824.10,94733.00,94804.00,78.129,1763164079999,7405780.96890,3273,56.124,5319860.32270,0
1763164080000,94804.00,94905.70,94804.00,94905.60,173.933,1763164139999,16498577.37170,5327,132.539,12571628.87810,0
1763164140000,94905.70,94959.20,94821.70,94829.60,111.561,1763164199999,10587632.88330,4839,57.095,5418567.96560,0
1763164200000,94829.60,94915.30,94800.00,94904.50,79.808,1763164259999,7570444.57990,3955,44.927,4261972.67270,0
1763164260000,94904.20,94946.60,94883.10,94899.60,69.871,1763164319999,6631947.06360,3362,30.212,2867825.43540,0
1763164320000,94899.50,94899.60,94771.00,94789.90,90.712,1763164379999,8601783.24750,3402,24.655,2338195.53060,0
1763164380000,94789.90,94790.00,94583.90,94634.90,172.553,1763164439999,16333762.26580,6980,53.748,5086264.81820,0
1763164440000,94635.00,94654.60,94534.80,94574.50,153.866,1763164499999,14553580.66240,5648,101.936,9641420.56890,0
1763164500000,94574.40,94574.40,94461.70,94485.20,83.179,1763164559999,7859751.24930,3797,40.795,3854632.16950,0
1763164560000,94485.20,94485.20,94400.00,94400.00,78.405,1763164619999,7406728.02700,3033,39.443,3726261.52530,0
1763164620000,94400.00,94500.00,94400.00,94424.80,65.452,1763164679999,6181685.06740,3654,32.142,3035670.76290,0
1763164680000,94424.80,94515.00,94340.00,94514.40,275.477,1763164739999,26008336.99420,6591,198.644,18755437.91900,0
1763164740000,94514.30,94558.60,94488.00,94544.90,153.411,1763164799999,14501055.63830,5549,113.828,10759614.13600,0
