open_time,open,high,low,close,volume,close_time,quote_volume,count,taker_buy_volume,taker_buy_quote_volume,ignore
1763683200000,86601.40,86726.90,86552.00,86662.40,213.931,1763683259999,18536634.64820,7597,108.119,9368649.36740,0
1763683260000,86662.40,86774.00,86648.10,86746.10,229.128,1763683319999,19868507.73210,6971,137.801,11949004.73170,0
1763683320000,86746.10,86877.10,86740.00,86868.50,228.092,1763683379999,19801105.95880,8601,163.586,14201130.58060,0
1763683380000,86868.50,86883.90,86818.20,86854.50,435.467,1763683439999,37819773.49100,6245,241.569,20979779.47930,0
1763683440000,86854.40,86857.40,86670.20,86672.10,219.500,1763683499999,19045548.94950,6176,45.665,3962456.12400,0
1763683500000,86672.00,87000.00,86635.60,86968.80,155.556,1763683559999,13505181.30670,8299,107.366,9322648.54690,0
1763683560000,86968.70,86995.20,86905.00,86930.50,215.983,1763683619999,18779267.73340,7413,104.347,9072159.13650,0
1763683620000,86930.50,87000.00,86930.50,86988.80,163.380,1763683679999,14211034.19950,5145,92.655,8059194.17740,0
1763683680000,86988.80,87064.00,86953.50,87009.00,142.639,1763683739999,12410126.34090,5516,83.516,7266342.23550,0
1763683740000,87008.90,87052.50,86962.70,87015.60,121.155,1763683799999,10540790.62130,4664,40.249,3501796.86190,0
1763683800000,87015.60,87115.50,87003.70,87102.80,102.567,1763683859999,8928893.78700,5143,59.632,5191173.40600,0
1763683860000,87102.70,87155.00,87045.20,87100.00,336.037,1763683919999,29273218.63640,7110,186.608,16257491.71810,0
1763683920000,87100.10,87145.60,87042.00,87070.90,120.384,1763683979999,10485245.70660,4203,48.982,4266561.87800,0
1763683980000,87070.80,87118.50,87056.50,87089.90,108.083,1763684039999,9413487.83980,4076,54.090,4710890.61810,0
1763684040000,87089.90,87248.90,87089.80,87241.60,537.027,1763684099999,46811364.26470,6866,469.603,40932230.58450,0
1763684100000,87241.50,87314.90,87192.70,87222.50,201.514,1763684159999,17583270.62520,6937,89.401,7800786.58180,0
1763684160000,87222.50,87260.70,87188.80,87223.30,112.847,1763684219999,9843702.28570,4605,48.639,4242869.54600,0
1763684220000,87223.30,87366.10,87213.00,87342.90,122.578,1763684279999,10701258.82810,4765,80.478,7026372.47980,0
1763684280000,87342.90,87374.00,87314.50,87345.20,141.770,1763684339999,12382846.91580,4480,73.222,6395491.37990,0
1763684340000,87345.20,87345.30,87153.70,87156.80,147.876,1763684399999,12898822.23410,4538,47.125,4111025.53880,0
1763684400000,87156.90,87231.60,87153.70,87225.20,71.524,1763684459999,6235607.22480,3397,29.632,2583518.60730,0
1763684460000,87225.10,87229.80,87037.30,87042.30,136.760,1763684519999,11916368.01000,5114,24.231,2112048.63980,0
1763684520000,87042.30,87158.30,87024.60,87145.60,76.378,1763684579999,6652586.62270,4425,33.188,2890772.40940,0
1763684580000,87145.60,87180.10,87049.90,87067.80,93.249,1763684639999,8123494.74340,5048,35.994,3135490.77330,0
1763684640000,87067.70,87133.40,87049.80,87124.50,51.948,1763684699999,4524747.23430,2766,27.426,2388916.91720,0
1763684700000,87124.60,87233.70,87124.60,87229.70,100.785,1763684759999,8786617.01180,4585,69.009,6016117.28610,0
1763684760000,87229.60,87330.50,87216.50,87216.50,241.594,1763684819999,21087515.07670,5260,71.022,6198497.42820,0
1763684820000,87216.60,87243.70,87160.00,87161.50,106.292,1763684879999,9267456.86730,3965,44.769,3903340.00580,0
1763684880000,87161.40,87316.60,87155.00,87242.10,176.592,1763684939999,15410781.91090,5093,101.324,8841188.40280,0
1763684940000,87242.10,87260.20,87186.60,87235.20,63.961,1763684999999,5579073.40160,3553,39.199,3419188.96170,0
1763685000000,87235.10,87260.00,87154.90,87201.70,126.904,1763685059999,11067465.21970,4921,71.068,6198125.11430,0
1763685060000,87201.70,87320.70,87201.60,87221.90,91.078,1763685119999,7948788.39860,4686,48.523,4234633.38830,0
1763685120000,87221.90,87231.60,87050.10,87050.10,144.958,1763685179999,12632120.71100,5935,36.488,3179991.33140,0
1763685180000,87050.20,87117.10,87020.60,87113.90,137.793,1763685239999,11997140.45530,5211,82.836,7212810.88970,0
1763685240000,87114.00,87195.80,87091.80,87110.90,123.532,1763685299999,10763641.34290,5023,80.533,7016811.51300,0
1763685300000,87111.00,87169.60,86988.90,87169.50,176.057,1763685359999,15328117.70810,5842,58.511,5095802.86330,0
1763685360000,87169.50,87267.50,87155.20,87261.90,174.244,1763685419999,15194502.83310,5664,119.249,10398093.32420,0
1763685420000,87262.00,87369.80,87257.40,87357.50,120.535,1763685479999,10523931.36540,5347,83.503,7290798.89520,0
1763685480000,87357.60,87457.30,87357.60,87444.70,138.042,1763685539999,12068577.01620,4602,80.973,7079097.51690,0
1763685540000,87444.70,87465.40,87299.90,87309.00,123.882,1763685599999,10825329.52010,5336,54.661,4777167.45540,0
1763685600000,87308.90,87366.60,87308.90,87336.80,46.039,1763685659999,4021122.84610,3081,28.037,2448699.78480,0
1763685660000,87336.60,87446.10,87319.10,87404.80,59.591,1763685719999,5207209.71490,4216,34.515,3016051.86670,0
1763685720000,87404.80,87407.40,87331.60,87377.00,40.714,1763685779999,3557224.89920,2920,21.607,1887835.76090,0
1763685780000,87376.90,87385.70,87263.80,87263.80,102.039,1763685839999,8912213.13390,3918,37.267,3255621.07570,0
1763685840000,87263.90,87263.90,87161.20,87187.20,162.017,1763685899999,14129197.14130,5381,58.706,5119165.67260,0
1763685900000,87187.10,87239.80,87156.40,87234.80,57.332,1763685959999,4998990.35840,3586,34.701,3025768.07870,0
1763685960000,87234.70,87303.00,87224.60,87302.90,50.138,1763686019999,4375956.30630,3428,30.617,2672183.25910,0
1763686020000,87302.80,87352.90,87272.90,87309.30,78.326,1763686079999,6838890.40140,4287,47.226,4123536.60070,0
1763686080000,87309.30,87331.20,87260.00,87331.20,40.968,1763686139999,3576407.93770,2541,24.154,2108587.32130,0
1763686140000,87331.50,87332.00,87258.10,87294.10,40.423,1763686199999,3528186.05170,2515,18.873,1647136.78480,0
1763686200000,87294.10,87381.60,87259.10,87350.70,82.495,1763686259999,7205997.37950,4273,38.361,3350723.16480,0
1763686260000,87350.70,87393.50,87329.80,87335.20,33.501,1763686319999,2926518.00200,2611,17.532,1531594.25480,0
1763686320000,87335.20,87399.00,87328.90,87399.00,127.069,1763686379999,11100597.98610,4248,33.425,2920152.03530,0
1763686380000,87399.00,87400.00,87295.90,87319.70,51.454,1763686439999,4494478.37440,2804,19.888,1737190.46100,0
1763686440000,87319.80,87363.60,87284.00,87353.40,49.497,1763686499999,4322716.63590,3172,26.353,2301467.84040,0
1763686500000,87353.40,87398.80,87323.20,87379.60,49.076,1763686559999,4287174.06860,2633,29.257,2555687.53000,0
1763686560000,87379.50,87379.60,87250.00,87287.80,53.198,1763686619999,4643844.83910,3592,12.407,1082967.36510,0
1763686620000,87288.00,87303.20,87234.80,87234.80,39.846,1763686679999,3477602.72920,2299,9.743,850381.96550,0
1763686680000,87234.80,87234.80,87155.00,87191.20,95.497,1763686739999,8326586.49760,3754,23.384,2038775.56080,0
1763686740000,87191.30,87250.60,87191.30,87249.90,36.689,1763686799999,3200554.61610,2154,20.942,1826872.18180,0
1763686800000,87249.90,87299.80,87249.90,87289.20,67.563,1763686859999,5896608.00050,3189,43.645,3809030.47480,0
1763686860000,87289.10,87322.10,87258.60,87322.10,57.018,1763686919999,4977113.89380,3051,30.795,2688150.65620,0
1763686920000,87322.20,87401.50,87233.20,87233.30,81.947,1763686979999,7156784.62620,4374,45.086,3938142.41190,0
1763686980000,87233.20,87255.50,87110.90,87198.00,121.218,1763687039999,10566615.39540,5475,74.647,6507041.91050,0
1763687040000,87198.10,87317.40,87194.70,87288.80,81.327,1763687099999,7096575.71540,4577,41.181,3593049.11720,0
1763687100000,87288.80,87372.10,87277.50,87354.50,63.898,1763687159999,5579256.15700,3572,38.863,3393344.94840,0
1763687160000,87354.40,87438.00,87329.20,87426.20,100.351,1763687219999,8770295.64360,4737,58.266,5092199.91870,0
1763687220000,87426.30,87438.00,87262.00,87320.50,107.275,1763687279999,9368645.88130,5148,49.066,4284930.34840,0
1763687280000,87320.40,87344.40,87262.00,87309.30,55.522,1763687339999,4847895.32750,3415,21.887,1910722.78080,0
1763687340000,87309.30,87315.40,87172.40,87172.50,71.901,1763687399999,6272649.11960,3245,26.400,2303225.67080,0
1763687400000,87172.50,87256.20,87143.60,87214.80,89.436,1763687459999,7798296.12930,5126,50.348,4390073.25180,0
1763687460000,87214.90,87238.60,87144.40,87217.00,71.863,1763687519999,6266013.14350,4560,35.458,3091783.68940,0
1763687520000,87217.00,87227.50,87150.00,87168.20,52.862,1763687579999,4608282.78620,2841,18.954,1652223.77830,0
1763687580000,87168.20,87200.00,87150.00,87160.20,45.056,1763687639999,3927848.93620,2832,20.683,1803126.04670,0
1763687640000,87160.10,87160.10,87054.20,87117.80,204.009,1763687699999,17770650.08140,5275,58.806,5122634.21900,0
1763687700000,87117.70,87201.80,87117.70,87198.30,60.568,1763687759999,5279736.13550,3838,36.899,3216436.18080,0
1763687760000,87198.20,87241.90,87116.40,87127.30,76.202,1763687819999,6643489.72370,4164,32.743,2854849.48550,0
1763687820000,87127.30,87172.30,86969.50,86976.80,368.197,1763687879999,32065279.71190,8331,168.065,14637577.06330,0
1763687880000,86976.90,87049.90,86976.80,87041.20,86.467,1763687939999,7523790.59810,3049,40.984,3566105.47740,0
1763687940000,87041.20,87041.20,86854.80,86900.00,222.066,1763687999999,19301463.96460,7581,67.249,5845063.02060,0
1763688000000,86900.00,86906.00,86800.00,86892.90,230.505,1763688059999,20016641.05140,5806,55.587,4827139.65880,0
1763688060000,86893.00,87027.50,86892.90,87020.60,119.380,1763688119999,10378647.50650,4818,77.919,6774135.02080,0
1763688120000,87020.50,87230.60,87020.50,87198.60,152.922,1763688179999,13326899.60350,5717,93.949,8186748.25150,0
1763688180000,87198.60,87300.00,87198.60,87286.70,249.509,1763688239999,21773092.13770,6229,170.486,14876677.14630,0
1763688240000,87286.70,87286.70,87071.70,87130.00,277.753,1763688299999,24204311.11420,7440,116.316,10133694.64090,0
1763688300000,87129.90,87175.60,87108.80,87154.30,48.547,1763688359999,4230677.79580,3014,25.503,2222457.04870,0
1763688360000,87154.40,87370.50,87154.40,87342.80,129.108,1763688419999,11267636.91340,5639,83.799,7312733.47910,0
1763688420000,87342.90,87370.30,87210.00,87243.50,68.918,1763688479999,6016018.03070,4034,32.949,2875765.70980,0
1763688480000,87243.40,87243.50,87141.60,87174.00,58.189,1763688539999,5072983.29570,3506,24.848,2166070.71750,0
1763688540000,87174.00,87290.70,87174.00,87249.30,78.993,1763688599999,6891629.94950,3962,45.672,3984027.80270,0
1763688600000,87249.20,87290.50,87236.40,87286.00,43.466,1763688659999,3793006.93870,3155,25.327,2210058.11030,0
1763688660000,87286.00,87299.00,87168.20,87172.90,39.766,1763688719999,3469017.51000,3020,15.946,1391006.65020,0
1763688720000,87173.00,87177.40,87041.20,87074.60,111.333,1763688779999,9696150.49690,5001,50.880,4431313.40420,0
1763688780000,87074.70,87127.80,87062.00,87089.10,52.235,1763688839999,4549613.99180,3455,20.266,1765193.47110,0
1763688840000,87089.00,87100.00,87044.30,87044.30,40.958,1763688899999,3566116.06320,2157,15.635,1361311.57780,0
1763688900000,87044.40,87044.40,86900.00,86923.90,94.709,1763688959999,8234429.44650,4669,29.168,2535671.91600,0
1763688960000,86923.90,86995.80,86880.00,86995.80,137.931,1763689019999,11991011.54510,5075,68.502,5955428.95180,0
1763689020000,86995.70,87034.50,86930.80,86974.10,106.721,1763689079999,9282001.29150,5195,56.529,4917063.87940,0
1763689080000,86974.20,87125.00,86974.20,87063.40,90.896,1763689139999,7913004.38490,4663,47.307,4117594.96720,0
1763689140000,87063.30,87120.70,87034.30,87069.10,54.232,1763689199999,4721051.16320,3155,25.936,2257837.17900,0
1763689200000,87069.10,87102.00,87052.00,87052.00,33.693,1763689259999,2933816.59790,2658,16.115,1403184.00740,0
1763689260000,87052.10,87115.70,87048.00,87112.30,53.006,1763689319999,4616133.57490,2781,29.720,2588209.04690,0
1763689320000,87112.40,87193.40,87106.50,87193.30,67.756,1763689379999,5904423.43660,3360,39.160,3412462.58000,0
1763689380000,87193.20,87228.60,87183.00,87217.10,50.083,1763689439999,4367453.67770,2776,21.808,1901758.48530,0
1763689440000,87217.20,87217.20,87164.60,87203.60,37.773,1763689499999,3293643.43430,2381,15.720,1370691.19130,0
1763689500000,87203.60,87300.00,87195.60,87300.00,42.639,1763689559999,3720636.89340,2881,25.153,2194770.20540,0
1763689560000,87299.90,87300.00,87130.00,87174.90,68.160,1763689619999,5944051.36740,4218,13.923,1213855.45900,0
1763689620000,87175.00,87236.40,87174.90,87236.40,24.375,1763689679999,2125755.25340,2337,13.318,1161455.65380,0
1763689680000,87236.30,87250.00,87201.70,87203.30,40.955,1763689739999,3572072.20160,2782,17.840,1555943.05310,0
1763689740000,87203.30,87234.40,87099.60,87114.20,37.431,1763689799999,3263191.20590,2831,10.303,898235.83680,0
1763689800000,87114.30,87193.30,87108.80,87186.90,51.874,1763689859999,4520349.16720,2707,14.516,1264972.16130,0
1763689860000,87187.00,87226.80,87137.60,87188.10,46.906,1763689919999,4089315.98900,3298,15.993,1394193.87840,0
1763689920000,87188.30,87195.60,87048.00,87048.00,32.181,1763689979999,2803973.43830,2441,10.107,880664.47520,0
1763689980000,87048.00,87054.60,86959.60,86959.70,133.946,1763690039999,11655335.74690,3744,43.203,3758807.82690,0
1763690040000,86959.70,87015.30,86959.70,87015.30,99.649,1763690099999,8668752.73560,2436,81.444,7085172.92230,0
1763690100000,87015.30,87042.70,86991.70,87034.40,65.470,1763690159999,5696967.18460,2607,36.638,3188182.12340,0
1763690160000,87034.40,87071.10,87004.80,87016.30,53.561,1763690219999,4662113.95240,2261,25.179,2191546.85380,0
1763690220000,87016.30,87090.20,87016.30,87090.10,28.332,1763690279999,2466242.55790,2127,16.982,1478268.81200,0
1763690280000,87090.20,87142.30,87057.10,87062.50,48.007,1763690339999,4181487.61070,2984,25.057,2182621.69680,0
1763690340000,87062.50,87062.50,87005.20,87017.40,53.655,1763690399999,4669550.02830,2469,25.319,2203307.28680,0
1763690400000,87017.40,87038.00,86996.40,87004.10,39.580,1763690459999,3443906.77570,2032,16.156,1405764.45200,0
1763690460000,87004.00,87013.10,86959.20,86970.00,57.180,1763690519999,4973976.12000,2694,16.381,1424940.56240,0
1763690520000,86970.10,86970.10,86857.00,86857.10,168.991,1763690579999,14687438.76860,5331,42.080,3657501.27590,0
1763690580000,86857.10,86968.80,86855.30,86949.50,66.930,1763690639999,5817645.13200,3190,42.638,3706027.70810,0
1763690640000,86949.50,86965.20,86901.90,86905.30,46.715,1763690699999,4061176.76480,2387,23.124,2010329.54400,0
1763690700000,86905.30,86905.30,86700.10,86700.10,316.761,1763690759999,27488225.56490,8835,83.096,7210467.92210,0
1763690760000,86700.20,86788.40,86557.10,86658.70,589.098,1763690819999,51041831.85580,13560,188.939,16373352.10070,0
1763690820000,86658.70,86802.30,86658.70,86792.40,143.434,1763690879999,12444171.80360,5516,67.872,5888636.04460,0
1763690880000,86792.50,86877.30,86792.40,86805.60,135.059,1763690939999,11727090.17380,5498,84.108,7302431.59820,0
1763690940000,86805.50,86815.40,86613.70,86634.70,418.594,1763690999999,36300962.95390,7356,98.666,8553456.23870,0
1763691000000,86634.60,86690.50,86625.50,86690.50,106.892,1763691059999,9262339.17740,4060,59.099,5120888.06630,0
1763691060000,86690.50,86694.80,86571.40,86617.40,149.255,1763691119999,12929141.04730,5414,39.807,3448235.53130,0
1763691120000,86617.40,86625.80,86380.00,86463.90,549.297,1763691179999,47502162.55850,14248,174.656,15104088.24750,0
1763691180000,86464.00,86554.70,86378.40,86419.80,339.837,1763691239999,29382781.07770,8441,148.713,12858253.17460,0
1763691240000,86419.90,86462.80,86367.30,86405.30,292.239,1763691299999,25252626.27920,7277,130.898,11310082.35780,0
1763691300000,86405.30,86522.00,86375.20,86497.20,278.572,1763691359999,24077128.10990,7040,153.807,13294498.89870,0
1763691360000,86497.20,86580.00,86457.90,86502.60,141.915,1763691419999,12278569.77600,5772,66.336,5739586.14610,0
1763691420000,86502.60,86507.50,86356.60,86378.20,173.393,1763691479999,14986042.93530,6776,56.576,4890112.36730,0
1763691480000,86378.30,86400.10,86136.00,86149.70,803.660,1763691539999,69297654.00490,16776,239.531,20649828.39130,0
1763691540000,86149.80,86385.90,86149.80,86372.30,248.748,1763691599999,21458439.95260,7709,164.197,14165251.87560,0
1763691600000,86372.40,86492.50,86265.90,86492.50,302.753,1763691659999,26163660.92480,9622,170.861,14767267.82640,0
1763691660000,86492.50,86750.00,86492.40,86705.90,503.183,1763691719999,43599910.02410,13914,303.405,26286267.88510,0
1763691720000,86705.90,86705.90,86540.00,86580.00,164.330,1763691779999,14229709.76990,7554,54.713,4736950.99090,0
1763691780000,86579.90,86750.00,86561.40,86714.00,159.283,1763691839999,13803844.95720,7352,62.779,5440435.81450,0
1763691840000,86713.90,86763.50,86626.90,86670.10,114.373,1763691899999,9914937.56280,6118,46.091,3995800.04240,0
1763691900000,86670.10,86763.80,86628.90,86690.10,131.532,1763691959999,11403036.67610,6255,78.351,6792776.05970,0
1763691960000,86690.00,86690.00,86607.40,86645.80,54.888,1763692019999,4755668.85550,4789,22.093,1914078.65900,0
1763692020000,86645.80,86664.20,86512.30,86534.00,171.010,1763692079999,14806215.08350,6476,50.510,4372525.79910,0
1763692080000,86534.20,86560.20,86519.50,86542.10,62.457,1763692139999,5405200.02200,3542,27.151,2349640.07190,0
1763692140000,86542.20,86625.10,86454.90,86454.90,173.586,1763692199999,15025385.26660,5999,86.333,7474248.99510,0
1763692200000,86454.90,86474.30,86211.00,86361.90,382.242,1763692259999,33000565.72170,11294,146.933,12684749.54050,0
1763692260000,86361.90,86505.60,86361.90,86499.50,182.552,1763692319999,15783717.64210,7608,112.043,9687684.76360,0
1763692320000,86499.60,86537.10,86308.80,86332.20,240.779,1763692379999,20802146.43950,9750,122.089,10549305.56400,0
1763692380000,86332.20,86415.10,86280.00,86391.70,183.705,1763692439999,15860376.06420,6905,86.893,7503442.25970,0
1763692440000,86391.60,86500.00,86343.10,86485.50,134.309,1763692499999,11610359.68540,6355,48.412,4184784.16850,0
1763692500000,86485.50,86633.00,86474.90,86542.40,122.525,1763692559999,10606977.52000,6987,78.718,6814920.31790,0
1763692560000,86542.50,86600.00,86494.50,86522.60,82.317,1763692619999,7123273.10010,5233,26.915,2329003.89530,0
1763692620000,86522.60,86577.30,86347.20,86367.60,124.073,1763692679999,10723846.55860,6856,40.334,3486660.22340,0
1763692680000,86368.00,86436.70,86338.90,86436.70,60.548,1763692739999,5230181.92550,4702,24.854,2147015.41680,0
1763692740000,86437.20,86450.20,86267.80,86323.70,135.493,1763692799999,11695066.06380,7082,64.288,5548302.03470,0
1763692800000,86323.70,86458.70,86317.80,86446.10,114.802,1763692859999,9917504.22700,4884,90.760,7840426.45000,0
1763692860000,86446.20,86459.20,86372.90,86399.90,159.742,1763692919999,13804634.99910,5957,45.902,3966390.93690,0
1763692920000,86400.70,86453.20,86323.80,86405.00,113.489,1763692979999,9805550.86590,5003,76.236,6587392.16360,0
1763692980000,86405.00,86405.00,86246.70,86294.60,110.432,1763693039999,9531708.37340,5115,37.747,3257587.57270,0
1763693040000,86294.70,86316.50,85768.30,85848.00,4087.068,1763693099999,351372961.22910,39383,609.775,52422474.50900,0
1763693100000,85847.90,86066.30,85801.90,85976.30,788.370,1763693159999,67773961.33110,18209,402.853,34633149.38440,0
1763693160000,85976.40,86165.50,85976.40,86162.40,454.856,1763693219999,39143892.07120,11464,262.855,22621439.54320,0
1763693220000,86162.40,86223.50,86021.60,86123.10,326.361,1763693279999,28107829.87390,9949,110.772,9540856.40280,0
1763693280000,86123.10,86225.20,86102.30,86178.50,204.150,1763693339999,17591174.12380,7614,115.835,9981604.64900,0
1763693340000,86178.50,86199.20,86098.20,86134.30,126.144,1763693399999,10867335.55530,5860,43.918,3783470.75510,0
1763693400000,86134.40,86219.00,86100.00,86127.80,195.007,1763693459999,16802699.92300,6607,84.023,7240437.44580,0
1763693460000,86127.80,86136.70,85960.00,85998.40,261.755,1763693519999,22516956.89160,8334,95.636,8226509.07840,0
1763693520000,85998.40,86006.40,85600.00,85665.10,1680.815,1763693579999,144080076.28560,27344,463.912,39767531.68840,0
1763693580000,85665.10,85816.30,85665.10,85721.60,497.644,1763693639999,42668286.25400,13510,309.494,26536116.71330,0
1763693640000,85721.70,85819.90,85700.00,85796.40,281.776,1763693699999,24168430.03550,8372,139.912,12000935.88090,0
1763693700000,85796.30,85796.40,85560.10,85669.50,617.765,1763693759999,52894159.55850,15140,168.511,14427939.73290,0
1763693760000,85669.60,85772.00,85560.10,85594.90,441.851,1763693819999,37845191.90080,14587,161.532,13836997.08900,0
1763693820000,85594.90,85653.00,85523.00,85536.10,484.606,1763693879999,41469174.83270,10976,181.268,15513144.06540,0
1763693880000,85536.20,85600.00,85432.30,85483.80,864.096,1763693939999,73873010.16320,19309,236.565,20226503.45320,0
1763693940000,85483.90,85566.10,85288.00,85396.40,893.836,1763693999999,76362468.93400,19810,386.038,32998336.43810,0
1763694000000,85396.30,85629.80,85394.90,85604.50,464.811,1763694059999,39750027.55650,13652,246.939,21116873.97350,0
1763694060000,85604.50,85654.50,85484.70,85654.40,386.031,1763694119999,33037511.48890,10541,203.119,17385689.87410,0
1763694120000,85654.40,85654.40,85547.40,85593.50,250.130,1763694179999,21412057.83880,9444,104.606,8954270.33610,0
1763694180000,85593.60,85671.40,85515.10,85560.60,263.108,1763694239999,22519927.86490,10396,156.648,13408920.63740,0
1763694240000,85560.60,85686.60,85541.30,85655.90,250.029,1763694299999,21408086.19280,7571,120.810,10343165.97410,0
1763694300000,85655.80,85978.20,85655.80,85907.00,552.627,1763694359999,47448099.04230,14231,341.880,29349611.03890,0
1763694360000,85907.10,86030.50,85895.40,85970.50,419.837,1763694419999,36098440.99010,11190,203.903,17531915.24970,0
1763694420000,85970.40,86010.80,85874.60,85920.60,233.826,1763694479999,20090676.64490,8380,107.030,9195791.45510,0
1763694480000,85920.70,86000.00,85891.00,85995.00,317.278,1763694539999,27272593.46940,8322,167.187,14371573.03150,0
1763694540000,85995.10,85995.10,85800.00,85808.10,197.777,1763694599999,16987645.86160,6947,53.263,4575224.17350,0
1763694600000,85808.20,85908.00,85802.70,85901.20,83.673,1763694659999,7184641.89350,5453,50.246,4314651.74830,0
1763694660000,85901.10,85901.20,85800.00,85866.70,139.392,1763694719999,11966069.65060,5801,57.123,4903221.98950,0
1763694720000,85866.70,85898.80,85800.00,85880.70,73.442,1763694779999,6304840.43130,4750,29.440,2527546.83460,0
1763694780000,85880.60,85884.10,85769.40,85792.60,109.243,1763694839999,9374931.76090,4433,39.896,3424143.06690,0
1763694840000,85792.50,85792.50,85679.00,85745.60,108.694,1763694899999,9318012.71330,5499,31.379,2690008.26230,0
1763694900000,85745.50,85918.60,85745.50,85902.40,142.720,1763694959999,12251089.60860,7226,97.969,8409271.97750,0
1763694960000,85902.30,85943.10,85666.20,85679.90,306.033,1763695019999,26265724.91150,9591,92.028,7897988.70020,0
1763695020000,85679.90,85681.20,85500.00,85536.00,457.827,1763695079999,39174341.08030,11637,119.278,10205775.99130,0
1763695080000,85536.00,85623.20,85510.70,85594.10,190.896,1763695139999,16335078.19150,6882,130.154,11137702.26260,0
1763695140000,85594.10,85609.60,85418.70,85478.40,247.454,1763695199999,21155535.77280,8824,75.550,6459428.40890,0
1763695200000,85478.50,85609.80,85449.80,85598.20,245.157,1763695259999,20969792.72610,7366,188.510,16123791.55020,0
1763695260000,85598.20,85737.90,85592.50,85703.40,171.109,1763695319999,14658745.43070,6692,106.904,9157700.97210,0
1763695320000,85703.40,85759.20,85672.80,85748.80,185.199,1763695379999,15876315.70770,6210,71.265,6109343.72250,0
1763695380000,85748.80,85778.50,85613.00,85626.30,142.036,1763695439999,12172634.45180,5645,53.810,4613148.11150,0
1763695440000,85626.20,85626.20,85457.50,85498.90,152.889,1763695499999,13074799.49960,6443,56.435,4826463.55830,0
1763695500000,85499.00,85540.00,85400.00,85435.00,212.726,1763695559999,18176682.45350,6839,92.888,7938106.98080,0
1763695560000,85435.00,85540.00,85415.40,85501.90,305.092,1763695619999,26073675.26790,7721,154.144,13173986.78750,0
1763695620000,85501.90,85547.40,85451.20,85451.30,93.538,1763695679999,7998503.97850,4611,46.270,3956704.78520,0
1763695680000,85451.30,85593.20,85438.00,85574.80,138.404,1763695739999,11837831.50700,5178,82.757,7078167.78570,0
1763695740000,85574.90,85681.80,85574.90,85657.40,114.859,1763695799999,9837527.86850,3760,50.657,4338158.43300,0
1763695800000,85657.30,85776.60,85581.20,85776.60,364.735,1763695859999,31242693.56600,7427,219.093,18771822.20030,0
1763695860000,85776.70,85820.00,85648.20,85670.60,257.389,1763695919999,22069447.88130,8010,122.350,10491731.04570,0
1763695920000,85670.60,85768.70,85641.00,85721.70,128.613,1763695979999,11022623.98990,5327,60.934,5223154.76700,0
1763695980000,85721.60,85741.00,85628.00,85639.50,86.022,1763696039999,7368960.43990,4166,27.758,2377959.33080,0
1763696040000,85639.60,85639.60,85543.00,85591.60,104.118,1763696099999,8910144.38710,5016,29.639,2536290.67750,0
1763696100000,85591.90,85620.80,85550.00,85610.20,99.473,1763696159999,8513842.42870,3819,36.206,3098874.88870,0
1763696160000,85610.10,85914.20,85610.10,85906.40,232.145,1763696219999,19918313.34380,7905,163.948,14066758.10540,0
1763696220000,85906.40,85964.40,85750.20,85773.30,285.772,1763696279999,24529837.00700,8525,157.354,13506089.26560,0
1763696280000,85773.40,85862.40,85750.00,85824.10,90.908,1763696339999,7800660.48860,6008,56.170,4820051.34670,0
1763696340000,85824.00,85898.70,85768.20,85836.80,149.702,1763696399999,12850818.18100,8058,81.572,7002534.14400,0
1763696400000,85836.80,85995.20,85819.40,85960.10,230.634,1763696459999,19822357.21420,7929,172.734,14846376.35680,0
1763696460000,85960.00,86059.90,85936.30,86029.60,257.232,1763696519999,22121812.72960,7536,169.579,14583212.31790,0
1763696520000,86029.60,86054.00,85962.80,86021.10,170.953,1763696579999,14704894.38830,5580,72.243,6214140.38670,0
1763696580000,86021.20,86109.00,86007.30,86034.70,184.638,1763696639999,15892364.90430,6537,111.669,9611871.20380,0
1763696640000,86034.60,86082.20,86015.00,86023.70,64.570,1763696699999,5555764.87920,3265,35.316,3038778.48720,0
1763696700000,86023.80,86100.00,86021.70,86038.00,92.041,1763696759999,7921320.19060,3930,60.191,5180279.67140,0
1763696760000,86038.10,86038.10,85966.00,85966.00,101.344,1763696819999,8715664.04250,4109,29.880,2569684.53230,0
1763696820000,85966.00,86034.30,85962.70,86018.90,134.873,1763696879999,11597549.84200,3606,98.359,8457200.13220,0
1763696880000,86019.00,86025.20,85883.20,85921.00,154.970,1763696939999,13318305.86320,5057,31.135,2675517.15850,0
1763696940000,85921.00,85956.50,85897.90,85934.60,59.744,1763696999999,5133847.68580,2976,36.338,3122645.04240,0
1763697000000,85934.60,85966.70,85899.90,85954.80,134.214,1763697059999,11531716.20860,4077,48.224,4143739.87060,0
1763697060000,85954.90,85967.70,85906.80,85933.80,56.077,1763697119999,4818892.98360,2902,28.214,2424411.59810,0
1763697120000,85933.80,85988.00,85933.80,85948.60,44.077,1763697179999,3788836.33110,3184,26.098,2243320.49690,0
1763697180000,85948.70,85970.90,85900.00,85929.10,134.434,1763697239999,11552367.85610,4458,77.655,6673190.68090,0
1763697240000,85929.10,85949.40,85861.10,85887.60,135.426,1763697299999,11631067.75590,4518,54.853,4710611.02040,0
1763697300000,85887.70,85959.50,85887.60,85933.80,134.196,1763697359999,11531042.52400,4099,107.723,9256076.44700,0
1763697360000,85933.80,85960.30,85910.70,85930.10,58.944,1763697419999,5064985.79240,3097,27.536,2366209.72750,0
1763697420000,85930.10,85991.30,85927.00,85982.90,59.510,1763697479999,5114933.12320,2856,41.906,3601825.07050,0
1763697480000,85982.80,85987.60,85930.90,85931.00,41.313,1763697539999,3551660.85220,2235,12.408,1066776.96890,0
1763697540000,85931.00,85931.00,85778.50,85782.50,150.981,1763697599999,12956688.33240,4951,27.382,2349842.76030,0
1763697600000,85782.40,85824.60,85766.80,85824.50,122.012,1763697659999,10467428.46050,3931,65.098,5584927.54220,0
1763697660000,85824.60,85824.80,85760.00,85763.60,87.725,1763697719999,7525584.53100,3663,38.686,3318769.69730,0
1763697720000,85763.50,85831.20,85736.20,85778.10,83.562,1763697779999,7167392.95760,4810,41.950,3598263.13420,0
1763697780000,85778.10,85824.70,85773.70,85784.00,88.013,1763697839999,7551128.41680,4024,33.390,2864715.10240,0
1763697840000,85784.00,85824.70,85780.90,85781.70,99.067,1763697899999,8499876.78450,3416,41.718,3579621.19760,0
1763697900000,85781.70,85862.00,85651.00,85651.10,179.694,1763697959999,15408621.98170,7654,36.642,3142915.41520,0
1763697960000,85651.10,85737.00,85616.00,85735.60,102.981,1763698019999,8823145.10130,5488,52.585,4505506.77670,0
1763698020000,85735.60,85818.60,85628.60,85667.60,100.003,1763698079999,8573002.39420,5394,45.985,3942233.63240,0
1763698080000,85667.60,85684.60,85578.60,85584.90,160.689,1763698139999,13759366.37270,5661,45.036,3856800.48770,0
1763698140000,85584.90,85620.00,85582.20,85598.30,101.791,1763698199999,8713935.41060,4097,44.998,3851953.85760,0
1763698200000,85598.40,85632.40,85598.30,85601.10,63.068,1763698259999,5399588.91060,3426,23.387,2002245.31390,0
1763698260000,85601.10,85679.40,85601.00,85676.80,83.148,1763698319999,7121284.52400,3480,54.817,4694690.58220,0
1763698320000,85676.80,85741.60,85676.70,85686.00,56.718,1763698379999,4861396.09630,3797,33.533,2874102.41490,0
1763698380000,85686.00,85734.00,85655.00,85714.10,57.506,1763698439999,4927705.19980,3733,25.577,2191588.12840,0
1763698440000,85714.10,85786.00,85664.80,85670.10,99.778,1763698499999,8554526.45070,4126,33.427,2866303.33130,0
1763698500000,85670.20,85674.40,85591.30,85596.20,102.654,1763698559999,8791246.16670,4740,34.760,2976713.65520,0
1763698560000,85596.10,85718.60,85591.30,85706.90,102.903,1763698619999,8812286.35080,4122,62.555,5356813.47880,0
1763698620000,85706.90,85780.00,85645.80,85694.30,78.097,1763698679999,6694407.33080,5120,40.686,3487753.66540,0
1763698680000,85694.40,85699.80,85598.90,85631.80,68.184,1763698739999,5838622.42540,3520,23.456,2008579.55620,0
1763698740000,85631.80,85658.90,85606.90,85628.80,41.011,1763698799999,3511710.49800,3035,24.591,2105698.81490,0
1763698800000,85628.80,85747.00,85628.70,85747.00,80.653,1763698859999,6911107.14330,4103,55.630,4766919.97090,0
1763698860000,85747.20,85798.00,85627.00,85627.10,96.634,1763698919999,8286039.91210,4562,59.821,5130070.64750,0
1763698920000,85627.10,85686.40,85582.10,85681.10,80.314,1763698979999,6876744.00080,4315,28.608,2449725.54990,0
1763698980000,85681.20,85718.20,85624.90,85633.20,50.356,1763699039999,4313339.94060,3337,27.684,2371263.33280,0
1763699040000,85633.10,85659.20,85568.00,85647.00,117.480,1763699099999,10056807.89050,4194,65.868,5638951.12000,0
1763699100000,85647.00,85778.30,85637.10,85724.70,162.465,1763699159999,13923519.88600,5433,109.160,9355175.82940,0
1763699160000,85724.80,85822.20,85711.50,85822.20,85.670,1763699219999,7348840.98390,3812,63.890,5480692.29260,0
1763699220000,85822.20,85868.10,85800.00,85800.10,79.083,1763699279999,6788140.67830,3470,35.759,3069567.52600,0
1763699280000,85800.10,85858.70,85800.10,85858.70,58.256,1763699339999,5000830.17960,2429,35.364,3035659.79950,0
1763699340000,85858.70,85864.80,85788.80,85818.30,72.308,1763699399999,6206509.21880,2815,33.574,2881956.90270,0
1763699400000,85818.40,85892.30,85814.20,85839.80,117.791,1763699459999,10112666.59240,4495,87.670,7526555.98170,0
1763699460000,85839.70,85839.80,85646.90,85658.90,133.101,1763699519999,11409375.80620,4962,52.306,4482817.14190,0
1763699520000,85659.00,85659.00,85420.10,85430.70,400.486,1763699579999,34240899.57890,9018,93.195,7968587.99670,0
1763699580000,85430.70,85485.80,85380.00,85458.10,269.545,1763699639999,23028016.90670,8383,138.074,11797140.85410,0
1763699640000,85458.20,85561.80,85443.40,85540.60,219.475,1763699699999,18765804.80220,7457,142.218,12160398.38600,0
1763699700000,85540.60,85540.60,85413.10,85458.60,172.289,1763699759999,14722855.74910,5587,55.493,4741854.51130,0
1763699760000,85458.70,85552.90,85440.00,85509.00,108.092,1763699819999,9241314.36700,5056,57.148,4886135.12820,0
1763699820000,85509.00,85509.00,85404.80,85444.10,118.167,1763699879999,10096038.72730,5810,46.782,3996884.63830,0
1763699880000,85444.10,85487.70,85430.00,85430.00,178.005,1763699939999,15213026.87300,5170,100.070,8552507.87880,0
1763699940000,85430.10,85494.20,85383.20,85399.20,237.914,1763699999999,20323951.26250,6868,90.281,7713809.21660,0
1763700000000,85399.20,85523.10,85399.20,85474.60,143.908,1763700059999,12300944.53240,7030,91.795,7846099.73230,0
1763700060000,85474.50,85520.00,85347.90,85514.20,267.803,1763700119999,22877545.91680,7909,174.755,14930955.53990,0
1763700120000,85514.10,85694.10,85491.70,85620.00,153.896,1763700179999,13173968.42420,6422,105.129,8998843.37640,0
1763700180000,85619.90,85874.80,85619.90,85874.70,205.562,1763700239999,17628137.59850,7156,156.440,13415295.34810,0
1763700240000,85874.80,85970.90,85840.90,85843.20,262.645,1763700299999,22563677.12280,8409,155.344,13345617.76910,0
1763700300000,85843.20,85965.40,85843.20,85922.10,187.809,1763700359999,16133629.83430,7220,111.343,9564289.60200,0
1763700360000,85922.00,85945.50,85836.80,85836.90,151.205,1763700419999,12989450.40890,6044,57.006,4897442.18590,0
1763700420000,85837.00,85837.00,85670.50,85702.30,166.891,1763700479999,14308877.41900,8022,56.030,4804427.63100,0
1763700480000,85702.30,85800.10,85702.30,85732.10,85.637,1763700539999,7343476.06100,4888,40.031,3432571.74840,0
1763700540000,85732.10,85769.30,85711.70,85740.80,50.366,1763700599999,4318164.05410,3573,22.414,1921686.03740,0
1763700600000,85740.80,85784.30,85719.40,85776.80,62.657,1763700659999,5373263.67970,3407,38.172,3273464.95080,0
1763700660000,85776.80,85854.00,85768.30,85828.30,77.864,1763700719999,6681506.57520,4971,34.866,2992000.83950,0
1763700720000,85828.40,85872.70,85813.70,85852.70,58.827,1763700779999,5050195.38540,4020,31.401,2695737.04940,0
1763700780000,85852.70,85925.70,85822.00,85925.60,88.810,1763700839999,7626371.30900,4347,59.572,5116044.16080,0
1763700840000,85925.60,86000.00,85917.00,85997.70,141.086,1763700899999,12127304.08770,4718,94.930,8160218.36330,0
1763700900000,85997.60,86044.30,85965.10,86016.10,163.620,1763700959999,14073506.13530,6607,107.278,9227164.97540,0
1763700960000,86016.10,86094.00,86011.00,86032.30,152.756,1763701019999,13144598.89020,5308,97.177,8362005.72040,0
1763701020000,86032.30,86087.30,86013.00,86017.60,65.186,1763701079999,5609151.16310,3952,35.272,3035113.73210,0
1763701080000,86017.60,86017.60,85958.20,85986.40,86.212,1763701139999,7412627.66300,3160,19.970,1716895.65270,0
1763701140000,85986.50,86025.50,85974.40,86016.60,57.596,1763701199999,4953323.15910,2659,38.893,3344841.36970,0
1763701200000,86016.70,86057.40,85988.70,86041.30,65.944,1763701259999,5672509.61780,3327,34.289,2949826.90100,0
1763701260000,86041.10,86140.00,85965.50,85965.50,133.651,1763701319999,11503069.22960,6890,71.382,6144979.41430,0
1763701320000,85965.50,86043.10,85930.00,86024.70,78.502,1763701379999,6749851.12460,4940,34.624,2977099.94190,0
1763701380000,86024.70,86038.20,85981.30,86038.00,58.071,1763701439999,4995137.18320,3670,39.783,3422086.68970,0
1763701440000,86038.00,86077.30,85979.70,86001.70,56.007,1763701499999,4818642.80130,3790,27.366,2354653.81090,0
1763701500000,86001.80,86007.90,85920.10,85943.20,55.025,1763701559999,4729440.30880,3327,19.333,1661564.37010,0
1763701560000,85943.20,86126.50,85932.10,86099.90,87.764,1763701619999,7552752.98150,4433,59.873,5152420.40400,0
1763701620000,86099.90,86217.70,85987.00,86018.40,246.276,1763701679999,21218946.48660,9001,160.348,13817103.80730,0
1763701680000,86018.50,86039.80,85970.90,85974.20,126.026,1763701739999,10839119.01620,5840,51.988,4471665.02990,0
1763701740000,85974.10,86090.80,85974.10,86077.00,75.897,1763701799999,6530855.27840,4903,50.726,4364764.44120,0
1763701800000,86076.70,86093.40,86032.10,86053.50,61.020,1763701859999,5251568.17690,4410,26.805,2306957.67350,0
1763701860000,86053.40,86092.80,86023.00,86039.20,56.004,1763701919999,4819698.27490,3817,23.540,2025973.08920,0
1763701920000,86039.40,86046.70,86003.40,86012.40,52.057,1763701979999,4477957.32420,2514,13.902,1195858.43300,0
1763701980000,86012.40,86088.80,86000.00,86088.70,52.779,1763702039999,4540726.93070,2630,38.060,3274621.35820,0
1763702040000,86088.80,86182.60,86084.90,86170.10,91.654,1763702099999,7894958.16590,4452,62.765,5406438.72590,0
1763702100000,86170.00,86280.00,86136.40,86152.90,202.358,1763702159999,17449293.80460,7833,128.579,11087766.85860,0
1763702160000,86153.00,86154.10,86091.30,86147.70,65.346,1763702219999,5628228.38500,4577,29.140,2509869.40910,0
1763702220000,86147.80,86297.20,86147.80,86266.90,220.795,1763702279999,19042499.36740,7563,175.229,15112222.95540,0
1763702280000,86266.90,86305.80,86252.10,86252.10,170.609,1763702339999,14720647.40310,5222,103.043,8890937.74080,0
1763702340000,86252.20,86271.40,86194.40,86218.00,102.545,1763702399999,8843144.97130,3853,48.373,4171369.25050,0
1763702400000,86218.00,86311.40,86202.80,86265.90,95.261,1763702459999,8217273.73750,4340,59.809,5159557.18320,0
1763702460000,86265.90,86269.80,86214.10,86264.70,58.341,1763702519999,5031492.21360,3895,23.814,2053771.37770,0
1763702520000,86264.60,86313.20,86242.50,86300.10,82.716,1763702579999,7136292.02220,4455,52.601,4538085.77000,0
1763702580000,86300.10,86306.90,86214.20,86248.90,82.291,1763702639999,7098230.69240,3512,44.145,3808010.72920,0
1763702640000,86248.90,86270.80,86209.70,86270.80,59.666,1763702699999,5145512.85180,2909,32.768,2825809.77000,0
1763702700000,86270.70,86305.40,86253.50,86305.30,40.431,1763702759999,3488097.17520,2514,20.830,1797105.73650,0
1763702760000,86305.30,86310.60,86247.10,86295.40,167.808,1763702819999,14479040.96940,4705,42.769,3689975.95090,0
1763702820000,86295.50,86304.20,86220.00,86230.00,85.034,1763702879999,7335772.75410,3635,24.345,2100128.14520,0
1763702880000,86229.90,86257.10,86194.20,86229.00,65.020,1763702939999,5605684.65720,2950,30.675,2644747.74100,0
1763702940000,86228.90,86228.90,86158.30,86171.00,98.701,1763702999999,8506455.59790,3453,29.907,2577415.13830,0
1763703000000,86170.90,86235.60,86170.90,86235.60,107.651,1763703059999,9279298.81730,4003,59.771,5152127.74570,0
1763703060000,86235.50,86270.70,86184.30,86201.50,87.731,1763703119999,7564609.95320,3647,44.465,3834151.76200,0
1763703120000,86201.50,86269.10,86175.60,86175.60,80.369,1763703179999,6930986.00490,3986,48.170,4154163.77900,0
1763703180000,86175.70,86217.90,86116.00,86197.10,95.092,1763703239999,8192957.51160,4317,44.768,3857175.64980,0
1763703240000,86197.10,86217.90,86168.50,86168.60,51.813,1763703299999,4465929.10680,2803,30.900,2663357.51910,0
1763703300000,86168.50,86168.60,86017.70,86023.10,259.820,1763703359999,22363728.56160,6623,64.754,5573525.57090,0
1763703360000,86023.10,86031.60,85969.80,86003.50,150.324,1763703419999,12928343.41530,4410,40.776,3507106.38470,0
1763703420000,86003.40,86003.50,85825.30,85892.50,206.347,1763703479999,17723668.37300,6882,56.777,4876136.54510,0
1763703480000,85892.50,85918.10,85867.60,85867.70,103.544,1763703539999,8893570.78540,3739,42.933,3687592.63830,0
1763703540000,85867.60,85887.70,85818.00,85826.80,104.422,1763703599999,8963930.03770,4014,36.357,3120990.89000,0
1763703600000,85826.80,85857.60,85794.00,85826.30,151.363,1763703659999,12990556.26860,5086,35.020,3005434.40210,0
1763703660000,85826.30,85910.00,85826.30,85888.10,72.390,1763703719999,6217243.33400,3793,44.562,3827058.48660,0
1763703720000,85888.00,85899.70,85854.60,85895.60,49.612,1763703779999,4260357.76780,2365,21.814,1873199.31750,0
1763703780000,85895.70,86043.40,85854.60,86043.30,218.536,1763703839999,18783946.57620,6334,164.000,14095510.13850,0
1763703840000,86043.40,86154.30,85994.40,86018.50,237.189,1763703899999,20417390.18360,7316,128.504,11060915.28640,0
1763703900000,86018.50,86020.00,85926.70,85926.80,108.013,1763703959999,9283854.21160,4189,39.301,3377588.85400,0
1763703960000,85926.80,86018.80,85926.70,86018.70,50.670,1763704019999,4356073.70910,3219,28.118,2417318.74960,0
1763704020000,86018.80,86081.80,85980.00,86071.90,62.560,1763704079999,5382314.28860,3161,46.033,3960515.38850,0
1763704080000,86071.90,86100.00,86003.50,86024.40,45.921,1763704139999,3951206.73410,3443,22.386,1926204.43750,0
1763704140000,86024.40,86044.00,85995.90,86028.60,53.961,1763704199999,4641965.09130,2455,31.326,2694871.63620,0
1763704200000,86028.60,86117.60,86026.90,86117.40,65.214,1763704259999,5613764.47360,3180,35.992,3098419.44560,0
1763704260000,86117.40,86148.10,86097.30,86097.30,71.369,1763704319999,6146605.90000,3002,34.938,3009098.56510,0
1763704320000,86097.30,86121.00,86054.30,86086.30,49.586,1763704379999,4268970.32050,2481,15.190,1307712.10660,0
1763704380000,86086.20,86110.20,86050.30,86064.90,55.748,1763704439999,4798262.93840,2485,28.328,2438083.71940,0
1763704440000,86065.00,86065.00,86004.80,86031.10,52.337,1763704499999,4502628.42780,2166,21.999,1892492.45070,0
1763704500000,86031.10,86108.00,86031.00,86100.00,61.602,1763704559999,5301980.75490,2852,41.292,3553699.88990,0
1763704560000,86099.90,86174.80,86072.80,86081.30,59.221,1763704619999,5101203.12250,3240,35.473,3055804.11870,0
1763704620000,86081.40,86162.90,86081.40,86162.90,36.281,1763704679999,3124640.56410,2587,25.008,2153903.02900,0
1763704680000,86162.80,86177.60,86086.50,86086.50,71.293,1763704739999,6140686.07240,3018,28.517,2456861.77760,0
1763704740000,86086.50,86178.80,86086.50,86148.20,29.245,1763704799999,2519175.24440,2326,20.339,1751911.14300,0
1763704800000,86148.30,86199.90,86121.50,86171.10,66.379,1763704859999,5719669.41360,3269,35.104,3024935.22490,0
1763704860000,86171.10,86219.40,86082.30,86090.40,84.274,1763704919999,7262196.78150,4094,48.062,4141933.50960,0
1763704920000,86090.30,86090.40,85939.20,86000.40,107.654,1763704979999,9260424.12110,5141,37.050,3186686.52160,0
1763704980000,86000.40,86053.70,85950.00,85961.80,92.291,1763705039999,7937532.84380,4324,41.975,3609786.08080,0
1763705040000,85961.70,86042.50,85961.70,86019.10,67.202,1763705099999,5779053.85200,3496,46.869,4030217.33530,0
1763705100000,86019.10,86042.70,85959.90,85974.70,63.627,1763705159999,5471374.39760,2809,20.575,1769202.46280,0
1763705160000,85974.70,86088.60,85949.50,85960.00,98.037,1763705219999,8432562.75190,5441,38.022,3270073.43210,0
1763705220000,85960.00,85968.90,85920.00,85924.40,44.153,1763705279999,3794571.54660,3207,22.212,1908901.26480,0
1763705280000,85924.40,85924.40,85771.10,85825.60,209.952,1763705339999,18018432.43280,6782,77.905,6685934.93390,0
1763705340000,85825.60,85921.40,85824.70,85920.30,58.235,1763705399999,5001684.59760,3496,32.894,2825076.99460,0
1763705400000,85920.50,85988.90,85905.60,85905.60,111.116,1763705459999,9549761.20340,4869,52.084,4476456.94550,0
1763705460000,85905.60,85905.70,85810.30,85861.60,144.710,1763705519999,12422483.02950,4503,78.416,6731237.91050,0
1763705520000,85861.70,86050.00,85861.70,85963.30,114.963,1763705579999,9880920.44380,6018,55.501,4770123.62360,0
1763705580000,85963.50,85989.50,85931.00,85931.00,42.323,1763705639999,3638250.82310,2744,21.738,1868684.56220,0
1763705640000,85931.00,85962.30,85902.30,85934.60,66.423,1763705699999,5708001.87330,2919,37.199,3196711.19710,0
1763705700000,85934.50,85940.00,85853.90,85855.00,84.737,1763705759999,7278810.55030,3372,21.991,1888937.97020,0
1763705760000,85854.90,85857.10,85813.90,85831.70,64.812,1763705819999,5563000.26900,3520,20.353,1746960.91600,0
1763705820000,85831.60,85842.20,85772.90,85819.30,89.815,1763705879999,7706688.66750,3892,24.267,2082234.20420,0
1763705880000,85819.20,85838.60,85721.60,85738.30,254.696,1763705939999,21842607.13920,5114,57.214,4906258.46410,0
1763705940000,85738.30,85738.40,85658.20,85712.50,142.004,1763705999999,12169195.06090,5065,58.071,4976422.00560,0
1763706000000,85712.40,85712.40,85610.30,85665.90,139.026,1763706059999,11906821.07500,5293,69.936,5989058.47990,0
1763706060000,85665.90,85735.10,85657.80,85735.00,62.235,1763706119999,5333211.35930,3153,33.451,2866609.58830,0
1763706120000,85735.00,85800.00,85720.20,85793.40,49.280,1763706179999,4226646.31700,3409,27.980,2399727.38130,0
1763706180000,85793.40,85811.50,85727.00,85740.50,86.007,1763706239999,7377794.73070,3720,38.464,3299692.44680,0
1763706240000,85740.60,85749.60,85687.60,85687.60,72.308,1763706299999,6197625.17130,3312,20.816,1784241.03460,0
1763706300000,85687.70,85739.30,85654.20,85662.70,125.362,1763706359999,10741980.26950,4546,82.373,7058055.78240,0
1763706360000,85662.70,85783.00,85615.50,85747.80,80.958,1763706419999,6937786.52720,4630,50.188,4301103.01370,0
1763706420000,85747.80,85793.00,85658.80,85658.80,63.496,1763706479999,5444727.61850,3410,38.042,3262475.22970,0
1763706480000,85658.80,85666.60,85612.10,85629.40,96.777,1763706539999,8287576.80640,3930,44.810,3837417.22400,0
1763706540000,85629.50,85629.50,85554.60,85594.40,148.245,1763706599999,12687518.29570,4672,33.094,2832282.44420,0
1763706600000,85594.30,85615.40,85557.40,85564.40,88.803,1763706659999,7600085.18580,3927,40.658,3479752.00130,0
1763706660000,85564.40,85639.90,85560.00,85611.10,57.444,1763706719999,4917395.49810,3979,29.714,2543601.26010,0
1763706720000,85611.20,85611.20,85564.30,85564.30,51.871,1763706779999,4439195.43570,3236,17.603,1506509.34720,0
1763706780000,85564.30,85680.60,85554.10,85649.90,239.398,1763706839999,20499378.96190,6087,184.812,15826166.36050,0
1763706840000,85649.90,85708.80,85636.50,85679.60,123.933,1763706899999,10619098.81110,3818,70.337,6026803.82090,0
1763706900000,85679.50,85811.20,85679.50,85719.80,192.007,1763706959999,16462867.98940,7714,118.632,10171823.89270,0
1763706960000,85719.80,85737.90,85672.00,85683.50,105.120,1763707019999,9009064.25790,4996,58.675,5028707.48220,0
1763707020000,85683.30,85690.00,85597.00,85648.00,102.944,1763707079999,8815157.49450,4681,52.675,4510556.81880,0
1763707080000,85648.00,85648.10,85508.30,85573.30,179.225,1763707139999,15332246.07840,7226,56.924,4869797.27980,0
1763707140000,85573.20,85637.70,85501.00,85637.70,163.874,1763707199999,14021097.92410,5756,77.416,6624468.10070,0
1763707200000,85637.70,85742.10,85584.10,85588.60,156.458,1763707259999,13402932.77730,6778,60.513,5183697.38950,0
1763707260000,85588.70,85597.80,85538.80,85597.80,59.071,1763707319999,5054293.91130,3856,33.589,2873911.84350,0
1763707320000,85597.70,85662.00,85590.00,85609.10,83.960,1763707379999,7189528.09940,3401,46.516,3982972.77090,0
1763707380000,85609.10,85633.20,85574.80,85633.20,55.775,1763707439999,4774041.24840,3066,36.664,3138224.85230,0
1763707440000,85633.10,85696.90,85623.30,85631.10,86.595,1763707499999,7417546.00060,3860,61.428,5261712.27800,0
1763707500000,85631.20,85663.20,85575.00,85575.10,108.601,1763707559999,9298399.45740,3853,54.639,4678293.10480,0
1763707560000,85575.10,85612.90,85531.40,85597.10,77.158,1763707619999,6601543.90140,3655,40.354,3452658.55520,0
1763707620000,85597.00,85668.60,85584.00,85637.20,77.313,1763707679999,6620323.49950,3332,42.144,3608294.33050,0
1763707680000,85637.20,85676.80,85630.20,85672.30,56.768,1763707739999,4862463.46900,2595,36.210,3101570.85210,0
1763707740000,85672.30,85692.40,85630.00,85630.00,53.553,1763707799999,4587015.21400,2408,22.198,1901490.40350,0
1763707800000,85630.10,85672.30,85610.50,85648.70,74.717,1763707859999,6398464.65850,3024,30.774,2635643.48020,0
1763707860000,85648.70,85699.90,85620.00,85659.30,64.205,1763707919999,5500932.75870,3985,27.993,2398228.67480,0
1763707920000,85659.40,85678.50,85589.20,85589.20,76.394,1763707979999,6541364.21730,3991,40.557,3472605.02880,0
1763707980000,85589.20,85624.80,85515.80,85531.40,100.255,1763708039999,8578734.55990,4057,33.522,2868806.40920,0
1763708040000,85531.40,85626.90,85531.40,85585.70,188.992,1763708099999,16174509.26990,4726,103.938,8894810.65950,0
1763708100000,85585.80,85637.20,85562.50,85619.80,75.655,1763708159999,6476147.22530,2418,55.983,4791973.69500,0
1763708160000,85619.90,85619.90,85503.40,85551.80,187.341,1763708219999,16031284.51890,3808,56.238,4810981.27980,0
1763708220000,85551.80,85551.80,85520.00,85534.40,92.911,1763708279999,7946707.08830,1946,40.706,3481545.27540,0
1763708280000,85534.40,85596.00,85516.00,85583.20,219.360,1763708339999,18767343.57690,4059,114.861,9826542.61440,0
1763708340000,85583.10,85585.50,85540.10,85541.30,160.755,1763708399999,13753937.98270,2352,14.659,1254227.11220,0
1763708400000,85541.40,85604.70,85533.40,85585.30,76.878,1763708459999,6577581.91590,3344,45.283,3874074.89550,0
1763708460000,85585.30,85620.00,85545.90,85567.50,98.184,1763708519999,8402514.31560,3847,66.885,5724058.96350,0
1763708520000,85567.60,85585.70,85508.60,85558.40,168.603,1763708579999,14423474.13370,4161,94.642,8096113.64650,0
1763708580000,85558.40,85626.90,85452.70,85594.80,265.153,1763708639999,22675073.53360,6679,61.755,5282135.49020,0
1763708640000,85594.70,85652.30,85571.30,85652.30,115.301,1763708699999,9870619.73070,4438,79.631,6817137.01760,0
1763708700000,85652.30,85734.80,85594.40,85594.40,181.830,1763708759999,15580741.53190,7229,108.023,9257358.07920,0
1763708760000,85594.40,85594.50,85531.60,85570.70,90.089,1763708819999,7707520.82960,4343,42.650,3648684.23070,0
1763708820000,85570.70,85591.60,85454.30,85487.90,149.927,1763708879999,12821595.93510,4595,47.656,4075744.30500,0
1763708880000,85487.90,85506.20,85411.30,85437.40,232.162,1763708939999,19839940.39320,5499,99.779,8527675.99800,0
1763708940000,85437.50,85489.60,85423.10,85475.70,211.695,1763708999999,18088648.62500,3740,160.175,13686705.81310,0
1763709000000,85475.70,85510.70,85450.00,85472.40,143.534,1763709059999,12267209.18720,3186,33.487,2862571.24250,0
1763709060000,85472.50,85481.90,85450.00,85469.30,151.974,1763709119999,12987301.87740,3659,51.061,4363584.10930,0
1763709120000,85469.40,85495.50,85454.10,85486.80,62.625,1763709179999,5352655.68580,2189,26.641,2277120.11610,0
1763709180000,85486.90,85510.00,85480.10,85484.80,100.864,1763709239999,8623631.79950,3117,48.436,4141040.85810,0
1763709240000,85484.80,85500.00,85408.00,85486.80,186.621,1763709299999,15945159.31070,5549,51.758,4421923.50160,0
1763709300000,85486.90,85495.10,85450.10,85470.10,60.170,1763709359999,5142817.35290,3589,36.538,3122911.66490,0
1763709360000,85470.10,85470.10,85352.90,85419.40,378.962,1763709419999,32366839.03900,9085,114.360,9766453.19740,0
1763709420000,85419.40,85459.70,85374.80,85386.10,157.292,1763709479999,13433499.23870,4654,46.032,3931525.57120,0
1763709480000,85386.10,85453.30,85369.00,85438.20,89.336,1763709539999,7629616.42420,3956,51.284,4380122.63450,0
1763709540000,85438.30,85478.10,85378.00,85378.00,94.382,1763709599999,8063293.25780,3853,35.280,3014331.68310,0
1763709600000,85378.10,85378.60,85134.00,85135.60,917.849,1763709659999,78243459.09870,15623,155.443,13255848.91100,0
1763709660000,85134.00,85291.20,85101.00,85131.60,815.929,1763709719999,69502573.29940,17419,318.757,27157070.97590,0
1763709720000,85131.60,85228.80,85131.60,85206.50,213.162,1763709779999,18159352.78580,6417,118.326,10080203.23920,0
1763709780000,85206.50,85291.90,85160.00,85263.90,255.817,1763709839999,21799831.87730,7322,103.594,8828488.57070,0
1763709840000,85264.00,85307.00,85239.80,85289.10,131.620,1763709899999,11223927.20000,4694,77.180,6581850.40530,0
1763709900000,85289.10,85333.00,85262.40,85304.70,194.379,1763709959999,16580398.02830,4880,94.553,8064791.10870,0
1763709960000,85304.70,85304.80,85250.00,85250.00,91.035,1763710019999,7762928.73950,3025,39.024,3327703.16660,0
1763710020000,85250.10,85304.60,85213.30,85290.10,260.300,1763710079999,22190871.94600,5448,64.762,5521627.37060,0
1763710080000,85290.00,85324.10,85251.50,85266.20,142.260,1763710139999,12133276.28430,4132,63.206,5391355.60150,0
1763710140000,85266.10,85266.20,85160.80,85175.90,154.547,1763710199999,13167681.23430,4337,46.636,3973277.23540,0
1763710200000,85175.80,85278.20,85147.20,85201.30,338.887,1763710259999,28873796.44800,8303,165.741,14121366.09800,0
1763710260000,85201.20,85222.10,85076.80,85130.00,450.095,1763710319999,38313823.27130,9566,191.831,16329264.76210,0
1763710320000,85130.00,85130.00,84287.60,84779.90,5191.414,1763710379999,439975793.11050,41878,696.739,59052197.63950,0
1763710380000,84780.00,84810.00,83090.00,83224.30,9118.328,1763710439999,765750576.69170,93724,2787.225,234280365.80140,0
1763710440000,83224.30,83649.70,81111.00,83342.70,11666.099,1763710499999,963146481.62730,102976,4360.512,360403150.72870,0
1763710500000,83342.60,83858.90,83221.00,83754.00,3823.874,1763710559999,319205566.79550,46264,2113.120,176456259.00040,0
1763710560000,83754.00,83770.00,83100.80,83472.20,2657.776,1763710619999,221767029.21810,46565,1138.920,95031954.46360,0
1763710620000,83472.10,84062.30,83420.00,83939.70,2352.871,1763710679999,197111947.96740,39490,1441.714,120822941.00180,0
1763710680000,83938.80,84008.30,83649.40,83964.40,1663.882,1763710739999,139545950.11890,30382,632.707,53072196.38690,0
1763710740000,83965.30,84128.40,83930.00,84043.20,1298.295,1763710799999,109113759.49360,28686,691.468,58112406.17350,0
1763710800000,84043.20,84506.20,83905.70,84254.90,1740.653,1763710859999,146681118.34250,38238,1098.567,92598216.24750,0
1763710860000,84254.90,84500.00,84241.10,84356.20,1453.608,1763710919999,122614293.57700,31028,895.861,75570798.73450,0
1763710920000,84356.10,84419.50,84046.60,84229.80,1162.498,1763710979999,97942665.99630,26312,705.602,59458564.34330,0
1763710980000,84229.80,84425.10,84100.00,84388.30,947.765,1763711039999,79874079.93740,22733,541.718,45654706.26240,0
1763711040000,84388.30,84448.00,84301.30,84321.20,633.017,1763711099999,53402162.17470,17586,322.980,27247723.12540,0
1763711100000,84321.30,84352.00,83974.50,84081.70,1004.981,1763711159999,84544137.38430,25079,348.474,29315155.14080,0
1763711160000,84081.70,84099.90,83878.50,83950.60,797.439,1763711219999,66972151.71180,20861,365.827,30726632.35600,0
1763711220000,83950.70,84112.80,83800.00,83985.40,930.648,1763711279999,78125149.65300,24366,453.098,38046621.44140,0
1763711280000,83985.30,84058.90,83750.00,83931.20,596.975,1763711339999,50077832.95020,20357,310.071,26013055.38980,0
1763711340000,83931.30,83936.40,83775.50,83904.00,443.270,1763711399999,37172822.24380,15546,230.275,19311945.50990,0
1763711400000,83904.10,84342.70,83877.90,84251.70,874.614,1763711459999,73617626.83980,20208,538.516,45319681.12050,0
1763711460000,84251.70,84251.70,84078.00,84112.90,541.309,1763711519999,45550645.80970,14544,215.598,18142902.93930,0
1763711520000,84112.80,84200.00,84110.80,84187.20,308.396,1763711579999,25953915.12590,10597,174.442,14680226.81810,0
1763711580000,84187.10,84219.50,83928.60,83992.90,505.888,1763711639999,42504742.15060,12881,234.543,19705930.08530,0
1763711640000,83992.90,84024.50,83856.40,83869.40,338.229,1763711699999,28382314.19540,11044,157.277,13197883.07660,0
1763711700000,83869.40,83926.40,83750.00,83909.10,476.051,1763711759999,39896739.28200,13765,256.472,21493823.93280,0
1763711760000,83909.10,84078.60,83894.00,84063.40,348.421,1763711819999,29259853.23880,13076,215.013,18056933.65320,0
1763711820000,84063.50,84085.80,83857.90,83864.20,391.300,1763711879999,32850693.92340,12651,146.165,12268980.11280,0
1763711880000,83864.30,84000.00,83812.20,83977.30,427.699,1763711939999,35891952.97720,14462,269.305,22602430.49870,0
1763711940000,83977.40,84079.90,83932.70,84006.70,307.613,1763711999999,25841082.35530,10162,195.556,16426999.80280,0
1763712000000,84006.70,84038.30,83906.60,83924.20,433.331,1763712059999,36388316.64250,12860,150.659,12651262.15760,0
1763712060000,83924.20,84079.60,83924.20,84048.30,303.019,1763712119999,25461030.30500,12153,169.558,14247415.78200,0
1763712120000,84048.00,84075.00,83873.40,83915.10,323.471,1763712179999,27162405.96970,10582,150.664,12651402.82000,0
1763712180000,83915.10,83953.30,83754.60,83801.20,480.365,1763712239999,40267345.67880,12971,182.746,15317464.27700,0
1763712240000,83801.30,83819.10,83638.70,83730.70,707.801,1763712299999,59264557.49420,15900,339.782,28452277.41390,0
1763712300000,83730.80,84155.90,83704.00,84148.60,730.439,1763712359999,61349793.55430,17640,434.385,36482777.25280,0
1763712360000,84148.60,84388.10,84127.30,84201.30,1010.714,1763712419999,85182975.68330,23071,584.102,49228969.30530,0
1763712420000,84201.40,84263.60,84088.00,84214.30,396.330,1763712479999,33354071.09770,13907,159.315,13408105.41110,0
1763712480000,84214.30,84285.90,84176.00,84199.60,309.019,1763712539999,26026526.18940,12997,135.704,11428874.56650,0
1763712540000,84199.40,84268.30,84096.30,84242.40,290.845,1763712599999,24487069.98990,10279,131.634,11082159.29050,0
1763712600000,84242.50,84269.80,84108.40,84173.90,222.163,1763712659999,18701725.31550,9017,82.880,6976178.08040,0
1763712660000,84173.90,84474.00,84173.90,84387.40,632.503,1763712719999,53360535.53170,16354,444.253,37478609.59430,0
1763712720000,84387.40,84600.00,84365.30,84498.10,587.792,1763712779999,49667777.18600,15028,382.340,32307509.35470,0
1763712780000,84498.10,84667.10,84495.90,84598.10,496.507,1763712839999,41991030.67750,13650,275.703,23318786.15630,0
1763712840000,84598.20,84610.00,84424.20,84457.20,302.945,1763712899999,25598955.61650,9845,129.226,10918435.14790,0
1763712900000,84456.80,84635.00,84445.20,84634.90,297.992,1763712959999,25193062.57980,10091,157.879,13348064.80370,0
1763712960000,84635.00,84665.60,84483.50,84516.90,448.733,1763713019999,37966815.89880,12095,187.526,15866129.85420,0
1763713020000,84516.90,84587.10,84490.00,84540.70,219.257,1763713079999,18534803.52930,9740,95.966,8112806.22220,0
1763713080000,84540.70,84557.70,84386.30,84404.20,352.433,1763713139999,29765214.36240,12219,92.198,7787619.61390,0
1763713140000,84404.30,84463.90,84296.00,84307.60,263.707,1763713199999,22253333.70700,9672,130.951,11051245.57990,0
1763713200000,84307.60,84516.10,84276.00,84481.40,394.743,1763713259999,33319686.62200,11620,214.707,18122901.62620,0
1763713260000,84481.40,84545.10,84341.20,84424.00,312.082,1763713319999,26353378.91110,10476,155.432,13124413.02120,0
1763713320000,84424.00,84527.10,84381.00,84446.90,198.694,1763713379999,16781827.31850,7850,95.012,8025027.38560,0
1763713380000,84446.80,84539.90,84350.90,84527.50,312.126,1763713439999,26355970.46750,9743,120.135,10146982.90820,0
1763713440000,84527.50,84600.00,84455.30,84468.00,189.864,1763713499999,16050310.29170,7671,81.912,6924731.51060,0
1763713500000,84468.10,84469.30,84337.10,84348.70,159.445,1763713559999,13457691.49920,6371,62.096,5241074.20450,0
1763713560000,84348.70,84349.20,84227.80,84243.60,175.715,1763713619999,14811662.85370,6946,69.227,5835629.84660,0
1763713620000,84243.60,84364.20,84188.50,84305.10,343.521,1763713679999,28954191.16520,9412,139.830,11788149.75820,0
1763713680000,84305.00,84347.20,84212.90,84260.30,178.497,1763713739999,15045791.03840,6287,85.053,7169601.12820,0
1763713740000,84260.40,84277.30,84152.90,84192.50,279.306,1763713799999,23517478.11560,7596,78.843,6638726.00800,0
1763713800000,84192.40,84258.70,84123.90,84224.00,479.522,1763713859999,40374669.72450,10362,136.206,11469854.78270,0
1763713860000,84224.00,84375.00,84224.00,84332.30,185.999,1763713919999,15683936.81000,6553,99.259,8369228.06260,0
1763713920000,84332.30,84400.00,84316.00,84383.90,108.360,1763713979999,9141325.81210,4190,48.517,4093051.49280,0
1763713980000,84384.00,84399.50,84200.00,84210.10,136.022,1763714039999,11467805.32790,5943,49.871,4205251.15200,0
1763714040000,84210.10,84228.00,84000.10,84058.10,366.699,1763714099999,30824400.71280,10920,110.356,9277336.68890,0
1763714100000,84058.20,84091.10,83950.20,84051.70,315.001,1763714159999,26466289.57740,9828,136.023,11430254.69190,0
1763714160000,84051.60,84051.60,83878.60,83928.80,308.871,1763714219999,25927980.74680,8684,134.957,11329660.17810,0
1763714220000,83928.60,83988.10,83900.00,83959.60,280.956,1763714279999,23586524.71370,7612,200.751,16853752.18470,0
1763714280000,83959.60,84072.80,83912.70,84000.00,338.320,1763714339999,28416351.51710,10005,190.002,15958826.95640,0
1763714340000,84000.00,84059.30,83947.20,83960.80,218.080,1763714399999,18319091.63500,6455,112.659,9464271.97420,0
1763714400000,83960.90,83960.90,83816.90,83827.20,268.596,1763714459999,22528943.17930,7912,80.400,6744276.71650,0
1763714460000,83826.70,83948.30,83774.90,83903.90,372.691,1763714519999,31247699.89190,8715,137.635,11540499.85030,0
1763714520000,83904.00,83928.40,83713.40,83746.00,316.148,1763714579999,26497363.33400,8892,81.050,6794055.07580,0
1763714580000,83746.00,83859.20,83725.30,83756.80,314.653,1763714639999,26361473.42900,8592,139.603,11696488.79780,0
1763714640000,83756.80,83850.00,83716.00,83769.60,375.034,1763714699999,31417148.18880,9707,177.774,14892525.72130,0
1763714700000,83769.60,83853.90,83688.50,83707.10,399.494,1763714759999,33459425.11130,10275,155.813,13049601.43220,0
1763714760000,83707.10,83798.90,83700.00,83739.00,191.910,1763714819999,16070062.11960,8107,89.967,7533738.34310,0
1763714820000,83739.10,83951.10,83739.10,83939.60,276.920,1763714879999,23224426.00920,8719,164.301,13780580.90060,0
1763714880000,83939.80,83961.30,83815.20,83834.90,244.168,1763714939999,20483398.96180,7316,92.342,7744907.40180,0
1763714940000,83834.90,83858.70,83700.00,83700.00,196.772,1763714999999,16486466.10320,6692,77.234,6471681.08540,0
1763715000000,83700.10,83730.60,83600.10,83642.90,340.017,1763715059999,28444472.96040,9777,113.023,9454394.53910,0
1763715060000,83643.00,83747.10,83608.20,83664.30,224.402,1763715119999,18774782.82020,9245,114.474,9577715.11320,0
1763715120000,83664.20,83672.70,83550.60,83671.80,378.282,1763715179999,31628617.57780,10719,129.995,10869089.33170,0
1763715180000,83671.80,83798.30,83671.70,83749.90,246.142,1763715239999,20611586.74770,8351,144.058,12062759.44830,0
1763715240000,83749.90,83797.30,83605.40,83666.80,217.088,1763715299999,18171632.72490,6533,65.800,5507751.51800,0
1763715300000,83666.50,83761.60,83656.70,83761.60,165.889,1763715359999,13885650.34420,5700,101.951,8533565.25130,0
1763715360000,83761.50,83840.50,83750.50,83793.40,211.375,1763715419999,17710150.31890,6526,110.269,9239071.89460,0
1763715420000,83793.40,83834.60,83755.00,83773.30,144.193,1763715479999,12080185.44030,5226,87.909,7364746.32560,0
1763715480000,83773.30,83792.00,83680.00,83687.30,176.082,1763715539999,14741391.07550,5487,70.656,5914923.56290,0
1763715540000,83687.30,83710.90,83609.60,83609.60,137.667,1763715599999,11517835.61150,4710,49.811,4167722.32860,0
1763715600000,83609.60,83765.20,83609.60,83757.90,176.232,1763715659999,14746178.17840,6217,108.518,9080125.12070,0
1763715660000,83758.00,83869.30,83720.50,83843.90,267.050,1763715719999,22380495.42630,9000,162.510,13620720.86150,0
1763715720000,83844.00,83896.20,83783.60,83860.80,297.654,1763715779999,24957783.73310,7871,150.152,12590078.67850,0
1763715780000,83860.70,83907.80,83853.60,83899.90,197.208,1763715839999,16541170.81560,5427,108.695,9116894.31620,0
1763715840000,83900.00,83958.80,83842.70,83898.40,244.305,1763715899999,20498713.34720,5989,108.227,9080434.30640,0
1763715900000,83898.30,83945.10,83800.70,83804.30,159.826,1763715959999,13402453.30800,5998,81.561,6838602.76110,0
1763715960000,83804.30,83843.90,83707.20,83827.60,279.645,1763716019999,23429013.66480,8379,96.694,8100344.37260,0
1763716020000,83827.60,83838.90,83664.00,83677.50,226.192,1763716079999,18945060.81200,6364,86.515,7245919.62110,0
1763716080000,83677.50,83737.20,83658.30,83694.30,138.295,1763716139999,11573653.29830,4498,79.026,6613110.86780,0
1763716140000,83694.40,83698.50,83616.70,83625.10,167.650,1763716199999,14022118.82230,4917,51.020,4267327.34900,0
1763716200000,83625.20,83700.00,83559.50,83700.00,202.362,1763716259999,16920629.59870,6602,111.197,9298743.75110,0
1763716260000,83700.00,83878.70,83700.00,83815.60,216.702,1763716319999,18163107.92920,8970,131.782,11045297.76510,0
1763716320000,83815.50,83838.40,83712.90,83747.40,131.247,1763716379999,10996319.12260,5921,71.779,6013713.88150,0
1763716380000,83747.30,83753.60,83614.70,83659.50,200.917,1763716439999,16808159.56740,6831,63.861,5342295.41530,0
1763716440000,83659.50,83690.60,83652.90,83677.40,89.126,1763716499999,7457382.75660,3504,42.570,3561886.65240,0
1763716500000,83677.50,83743.50,83668.40,83704.50,129.439,1763716559999,10834009.13720,4631,71.302,5968029.38080,0
1763716560000,83704.60,83739.00,83569.80,83591.90,113.014,1763716619999,9453778.55510,4805,38.715,3238925.46400,0
1763716620000,83592.00,83683.60,83570.80,83683.60,104.156,1763716679999,8709166.43250,4477,54.837,4585263.65610,0
1763716680000,83683.60,83683.60,83565.30,83596.40,164.090,1763716739999,13719314.73340,5721,54.630,4568451.76010,0
1763716740000,83596.40,83659.00,83578.80,83612.00,132.890,1763716799999,11110833.00460,4027,81.865,6844592.43800,0
1763716800000,83612.00,83647.50,83344.80,83480.00,747.091,1763716859999,62351265.17150,14387,278.731,23260901.19900,0
1763716860000,83480.00,83571.60,83333.00,83333.00,556.725,1763716919999,46461015.42220,11888,236.895,19774665.69310,0
1763716920000,83333.10,83470.80,83258.70,83398.50,649.569,1763716979999,54144747.25610,11891,348.523,29052678.06910,0
1763716980000,83398.50,83465.60,83323.90,83333.80,223.312,1763717039999,18622671.33530,6584,97.163,8101997.83400,0
1763717040000,83333.70,83379.60,83264.10,83294.50,319.411,1763717099999,26610362.02190,8701,127.701,10639210.41590,0
1763717100000,83294.40,83330.10,83258.00,83319.00,286.929,1763717159999,23901688.91630,6326,150.572,12543003.55730,0
1763717160000,83318.90,83318.90,83100.00,83152.60,999.278,1763717219999,83137298.85970,20168,408.449,33982919.56120,0
1763717220000,83152.70,83295.40,83118.60,83191.10,348.880,1763717279999,29031419.91970,10203,194.272,16166253.21100,0
1763717280000,83191.10,83214.60,83029.80,83033.30,396.276,1763717339999,32937460.96930,11119,112.736,9372123.93980,0
1763717340000,83033.30,83181.10,83019.80,83043.90,661.583,1763717399999,54973223.65410,14014,261.762,21754276.81490,0
1763717400000,83043.80,83210.50,83008.00,83030.30,492.110,1763717459999,40899290.99210,11295,215.078,17877722.00940,0
1763717460000,83030.30,83070.10,82835.00,83000.00,1251.615,1763717519999,103813560.01350,24281,483.375,40099454.43620,0
1763717520000,83000.00,83021.80,82660.00,82759.40,1504.265,1763717579999,124538892.04330,27422,524.545,43432829.81610,0
1763717580000,82759.10,82909.50,82705.30,82832.60,520.819,1763717639999,43147473.85470,14216,219.758,18204471.02550,0
1763717640000,82832.60,82950.00,82811.00,82843.30,579.537,1763717699999,48030498.17980,13056,243.488,20180027.20520,0
1763717700000,82843.30,82957.40,82806.00,82945.00,487.794,1763717759999,40419514.13210,13942,226.843,18798556.66520,0
1763717760000,82945.30,82952.60,82798.00,82800.80,348.833,1763717819999,28906794.61250,10964,168.187,13937919.56100,0
1763717820000,82800.80,82928.50,82766.90,82915.80,336.519,1763717879999,27884298.99140,10964,135.441,11223269.88070,0
1763717880000,82915.80,82930.10,82710.00,82710.20,272.121,1763717939999,22529055.36300,9579,109.081,9032410.44950,0
1763717940000,82710.30,82762.00,82555.10,82655.50,754.619,1763717999999,62376397.18470,15648,291.880,24131435.42670,0
1763718000000,82655.50,82700.00,82567.70,82656.30,641.520,1763718059999,53020054.63020,12176,316.623,26171780.49310,0
1763718060000,82656.30,82674.40,82470.10,82503.80,797.118,1763718119999,65796791.36290,15252,218.912,18073061.95250,0
1763718120000,82503.80,82580.70,82445.80,82546.60,683.846,1763718179999,56423555.32410,13834,312.530,25789417.43390,0
1763718180000,82546.00,82574.80,82431.10,82463.50,525.824,1763718239999,43378909.95320,11591,183.155,15109823.04210,0
1763718240000,82463.50,82640.00,82463.40,82619.60,335.437,1763718299999,27704865.05110,10228,196.632,16240135.73890,0
1763718300000,82619.60,82658.80,82550.00,82595.60,412.270,1763718359999,34055158.92780,9566,203.518,16812607.35060,0
1763718360000,82595.60,82642.30,82550.00,82630.00,264.240,1763718419999,21827748.81910,6981,97.423,8047667.97800,0
1763718420000,82630.00,82703.00,82569.30,82697.80,281.694,1763718479999,23273480.29160,7456,131.932,10901327.16170,0
1763718480000,82697.70,82730.10,82559.80,82574.50,372.866,1763718539999,30809964.78000,9334,152.249,12582514.96160,0
1763718540000,82574.60,82588.10,82444.00,82510.00,618.127,1763718599999,51014568.45100,9339,128.607,10610947.41030,0
1763718600000,82510.30,82569.40,82450.50,82485.10,204.910,1763718659999,16904365.71260,6951,98.226,8103685.71810,0
1763718660000,82485.00,82565.30,82470.00,82470.00,318.619,1763718719999,26290574.50660,8758,187.206,15446505.45980,0
1763718720000,82470.10,82470.10,82243.10,82246.00,892.943,1763718779999,73512513.09400,18127,286.161,23558032.48370,0
1763718780000,82246.00,82320.00,82204.30,82222.40,743.027,1763718839999,61122558.33520,13362,314.923,25909276.28260,0
1763718840000,82222.50,82254.70,82074.60,82108.00,625.045,1763718899999,51356393.76060,11106,183.069,15044411.86120,0
1763718900000,82108.00,82241.30,82074.30,82182.20,482.921,1763718959999,39688757.01700,11668,262.792,21598315.09160,0
1763718960000,82182.20,82492.50,82176.60,82469.50,802.883,1763719019999,66093805.91750,17930,563.839,46415076.67460,0
1763719020000,82469.40,82489.00,82373.50,82431.00,371.820,1763719079999,30651453.33920,8984,194.466,16031547.19040,0
1763719080000,82430.90,82453.00,82321.00,82362.60,293.992,1763719139999,24220010.83760,6550,82.812,6821185.96670,0
1763719140000,82362.50,82362.60,82175.00,82188.70,314.135,1763719199999,25841726.96670,8447,115.006,9460288.25610,0
1763719200000,82188.70,82208.20,82081.10,82150.00,513.050,1763719259999,42137512.74890,11761,197.792,16245859.77690,0
1763719260000,82149.90,82179.00,82088.00,82148.10,283.444,1763719319999,23278873.56420,8853,160.824,13208385.43180,0
1763719320000,82148.00,82237.40,82000.00,82046.40,578.730,1763719379999,47496109.83070,14103,255.365,20961231.92210,0
1763719380000,82046.40,82064.40,81690.70,81917.00,2022.309,1763719439999,165483858.75190,37271,786.340,64343810.51740,0
1763719440000,81916.90,81957.00,81745.40,81902.60,971.378,1763719499999,79516143.89910,21727,399.528,32708227.11110,0
1763719500000,81902.50,82370.00,81900.00,82020.60,1206.051,1763719559999,99092389.72740,27976,758.855,62341736.92640,0
1763719560000,82020.50,82053.00,81863.90,82022.00,740.555,1763719619999,60685317.43670,20068,344.198,28210610.40110,0
1763719620000,82022.00,82028.60,81761.00,81834.60,609.910,1763719679999,49933834.19250,18620,282.422,23118839.16560,0
1763719680000,81834.90,82121.60,81814.30,81982.50,945.497,1763719739999,77526224.50620,21514,599.655,49164647.71690,0
1763719740000,81982.50,82107.50,81971.10,82036.90,680.711,1763719799999,55853428.73440,17593,237.610,19495935.59890,0
1763719800000,82036.90,82422.20,82036.90,82377.20,861.339,1763719859999,70868862.45520,25344,456.766,37580943.81510,0
1763719860000,82377.10,82394.30,82288.40,82348.00,578.329,1763719919999,47622299.87590,16001,330.699,27230939.49180,0
1763719920000,82347.90,82470.90,82280.30,82284.90,686.712,1763719979999,56579740.46710,16026,430.998,35509049.86040,0
1763719980000,82284.80,82292.80,82067.50,82129.70,476.256,1763720039999,39125950.08070,13313,205.231,16861727.53300,0
1763720040000,82129.70,82218.30,82035.00,82070.30,551.200,1763720099999,45271213.62440,11104,354.545,29121791.65820,0
1763720100000,82070.30,82102.90,81896.20,81896.20,371.422,1763720159999,30457856.63080,11212,166.975,13694690.48380,0
1763720160000,81896.20,82050.00,81601.70,82048.20,1242.803,1763720219999,101614071.66500,22843,622.815,50920344.95070,0
1763720220000,82048.10,82183.00,81929.90,81941.40,464.818,1763720279999,38136073.03620,14423,221.473,18170596.28190,0
1763720280000,81941.40,81981.60,81728.80,81841.70,360.227,1763720339999,29474663.22730,11839,152.140,12448498.76740,0
1763720340000,81841.60,82042.40,81831.30,82042.40,280.023,1763720399999,22952057.70260,10517,160.184,13130593.14370,0
1763720400000,82042.30,82049.10,81828.10,81925.60,317.125,1763720459999,25994553.00620,10801,148.980,12213676.03330,0
1763720460000,81925.50,82195.20,81913.10,82165.80,410.785,1763720519999,33712047.63370,12761,217.438,17844012.28020,0
1763720520000,82165.70,82165.70,81917.70,81939.60,415.154,1763720579999,34056450.39010,11532,197.263,16181172.45630,0
1763720580000,81939.70,81992.30,81900.00,81965.10,214.341,1763720639999,17562818.97820,7750,112.893,9250061.99300,0
1763720640000,81965.10,82165.90,81941.90,82165.90,318.208,1763720699999,26115487.02680,9991,215.355,17672333.34630,0
1763720700000,82165.80,82315.50,82114.50,82277.50,456.388,1763720759999,37534214.72970,14597,269.603,22171689.98270,0
1763720760000,82277.50,82457.90,82212.50,82270.90,585.804,1763720819999,48236365.02060,17537,328.415,27043854.88610,0
1763720820000,82270.90,82270.90,82090.00,82090.20,305.221,1763720879999,25077902.86980,10491,137.955,11334439.05250,0
1763720880000,82090.20,82100.80,81928.60,81993.30,288.297,1763720939999,23640078.88090,11489,155.581,12757751.44540,0
1763720940000,81993.30,82055.50,81980.00,82033.30,132.589,1763720999999,10875412.68140,6479,66.383,5444941.77770,0
1763721000000,82033.30,82259.90,82017.60,82214.90,469.184,1763721059999,38548274.10630,13024,338.187,27784313.94920,0
1763721060000,82214.80,82356.20,82192.60,82279.80,276.462,1763721119999,22744224.72880,11088,133.054,10946588.73390,0
1763721120000,82279.80,82442.60,82265.40,82411.60,397.989,1763721179999,32786028.68330,10083,268.570,22124768.52290,0
1763721180000,82411.60,82580.00,82356.10,82529.10,574.911,1763721239999,47424677.71110,13604,344.352,28407894.67340,0
1763721240000,82529.00,82687.20,82404.40,82417.50,679.458,1763721299999,56110854.99990,15165,411.884,34018168.43780,0
1763721300000,82417.40,82525.30,82355.10,82507.30,309.017,1763721359999,25470725.14330,10184,139.385,11490915.73380,0
1763721360000,82507.30,82572.10,82429.80,82524.50,240.961,1763721419999,19880235.33340,9645,145.095,11971655.00150,0
1763721420000,82524.50,82685.70,82513.20,82665.00,336.893,1763721479999,27828290.96750,8953,249.936,20645020.17190,0
1763721480000,82665.00,82842.40,82558.50,82809.00,892.379,1763721539999,73811478.85240,15203,458.520,37937292.80240,0
1763721540000,82809.00,82812.50,82660.00,82713.10,339.360,1763721599999,28075456.93620,8519,164.675,13623296.80470,0
1763721600000,82713.10,82881.90,82679.10,82813.50,436.449,1763721659999,36143160.99390,8998,326.650,27050574.61830,0
1763721660000,82813.50,82823.10,82569.30,82621.10,348.226,1763721719999,28794113.58700,10790,136.735,11308014.33980,0
1763721720000,82621.20,82621.20,82528.00,82569.00,190.467,1763721779999,15726759.06050,5514,71.900,5936700.05140,0
1763721780000,82569.00,82584.20,82470.20,82557.90,501.293,1763721839999,41372841.89700,8601,107.963,8911013.61940,0
1763721840000,82557.90,82558.00,82456.00,82525.60,269.798,1763721899999,22256807.21800,6125,113.526,9366581.94650,0
1763721900000,82525.60,82557.10,82510.00,82540.30,91.398,1763721959999,7542891.24440,4195,37.133,3064621.27970,0
1763721960000,82540.30,82588.00,82409.80,82431.10,196.450,1763722019999,16205068.91100,6487,78.868,6506746.58420,0
1763722020000,82431.10,82500.00,82418.30,82499.90,124.226,1763722079999,10244199.29660,4247,88.173,7270995.03380,0
1763722080000,82499.90,82545.20,82459.00,82507.40,90.805,1763722139999,7490997.11910,4503,55.040,4540535.14600,0
1763722140000,82507.50,82542.20,82418.40,82418.50,146.341,1763722199999,12067622.38870,5557,51.625,4257953.65090,0
1763722200000,82418.40,82424.90,82325.80,82413.70,258.342,1763722259999,21279865.90470,6989,92.868,7649903.00220,0
1763722260000,82413.70,82528.20,82391.50,82516.30,183.590,1763722319999,15138368.47550,6864,101.349,8357222.71470,0
1763722320000,82516.20,82700.00,82474.50,82683.90,257.611,1763722379999,21285645.47850,9233,147.322,12171988.41370,0
1763722380000,82683.90,82721.30,82630.40,82709.20,198.711,1763722439999,16425935.94800,6365,80.513,6655430.46960,0
1763722440000,82709.20,82725.00,82653.20,82676.40,122.914,1763722499999,10162966.09890,5031,75.649,6254844.40520,0
1763722500000,82676.30,82769.70,82600.00,82700.00,153.720,1763722559999,12709783.84620,5766,63.865,5280417.73130,0
1763722560000,82700.10,82726.20,82618.10,82618.10,120.005,1763722619999,9922915.15900,5171,61.086,5051453.94720,0
1763722620000,82618.20,82708.90,82612.00,82687.90,117.493,1763722679999,9712493.01700,3741,74.749,6179222.26520,0
1763722680000,82687.80,82748.80,82683.30,82719.80,137.060,1763722739999,11336830.35600,4509,72.553,6001245.45000,0
1763722740000,82719.80,82776.20,82665.00,82673.10,135.541,1763722799999,11214162.63550,4540,87.813,7265586.88360,0
1763722800000,82673.10,82673.10,82579.30,82649.80,141.623,1763722859999,11700405.17490,4954,51.486,4254012.57390,0
1763722860000,82649.70,82895.20,82646.30,82875.40,313.242,1763722919999,25942771.47250,10070,212.758,17620676.71000,0
1763722920000,82875.30,82926.60,82805.60,82846.00,249.906,1763722979999,20704920.82240,7977,158.554,13136649.63850,0
1763722980000,82846.00,82912.30,82800.30,82857.90,374.006,1763723039999,30990641.99690,8015,274.032,22706793.93490,0
1763723040000,82857.90,82935.00,82836.20,82913.00,175.759,1763723099999,14567528.06490,6031,93.206,7724990.97370,0
1763723100000,82913.00,82958.90,82846.50,82870.00,197.681,1763723159999,16385934.86460,5404,119.992,9946603.27280,0
1763723160000,82870.00,82928.30,82769.10,82796.90,203.268,1763723219999,16842191.38310,6256,98.531,8165359.70210,0
1763723220000,82797.00,83025.90,82771.10,83020.80,506.076,1763723279999,41982796.16290,10593,400.087,33192291.14560,0
1763723280000,83020.80,83298.50,83020.70,83257.60,721.255,1763723339999,59990414.22180,16097,532.265,44267654.44400,0
1763723340000,83257.50,83332.80,83112.00,83200.60,362.633,1763723399999,30181276.63410,9541,231.403,19260216.07410,0
1763723400000,83200.60,83295.70,83193.50,83193.50,308.276,1763723459999,25665178.90690,7679,220.784,18381573.05760,0
1763723460000,83193.30,83193.30,83000.10,83086.00,610.124,1763723519999,50684122.10410,11366,266.442,22135733.21460,0
1763723520000,83086.10,83086.10,82900.00,82900.00,399.574,1763723579999,33148762.26260,8955,131.754,10929600.01740,0
1763723580000,82900.10,82993.90,82887.10,82960.30,222.489,1763723639999,18454535.52020,5577,127.620,10585426.02500,0
1763723640000,82960.30,83070.80,82953.00,83049.30,146.246,1763723699999,12140494.43680,4864,96.698,8026582.29700,0
1763723700000,83049.30,83077.80,82990.80,83005.30,108.933,1763723759999,9043683.02170,5207,46.249,3839616.95620,0
1763723760000,83005.30,83041.00,82970.00,82989.80,100.041,1763723819999,8303940.88700,4059,46.392,3850879.22510,0
1763723820000,82989.80,83154.90,82984.70,83000.00,187.368,1763723879999,15564079.83170,6698,95.902,7967202.59460,0
1763723880000,82999.90,83003.90,82906.60,82945.00,122.650,1763723939999,10174631.32600,6380,37.748,3131403.22520,0
1763723940000,82945.00,82945.00,82807.90,82849.70,265.272,1763723999999,21979731.37880,7220,103.024,8535778.34200,0
1763724000000,82850.00,83017.20,82850.00,82997.60,153.424,1763724059999,12726200.37670,5437,92.882,7704149.39970,0
1763724060000,82997.50,83132.20,82994.90,83107.10,122.558,1763724119999,10180250.51410,5109,66.047,5486604.59440,0
1763724120000,83107.10,83119.20,82948.50,82968.80,87.663,1763724179999,7276560.93420,4905,31.362,2603444.26180,0
1763724180000,82968.80,83198.60,82958.20,83118.70,152.633,1763724239999,12685732.25570,6575,79.528,6608369.31980,0
1763724240000,83118.70,83128.80,83020.10,83034.10,62.941,1763724299999,5227586.21870,3542,31.251,2595420.27190,0
1763724300000,83034.10,83117.00,83027.10,83084.70,85.582,1763724359999,7110365.64570,3603,54.449,4523658.95730,0
1763724360000,83084.70,83084.80,82995.00,83000.30,61.344,1763724419999,5093327.70300,3016,14.587,1210996.21080,0
1763724420000,83000.20,83028.10,82927.80,82955.50,63.260,1763724479999,5248859.20100,2657,16.529,1371484.34190,0
1763724480000,82955.40,83000.00,82938.50,82938.60,87.481,1763724539999,7259234.80320,2627,17.125,1421021.88330,0
1763724540000,82938.60,82938.60,82888.00,82892.60,70.765,1763724599999,5866745.26100,3079,24.082,1996483.35610,0
1763724600000,82892.60,82921.00,82863.60,82867.00,114.822,1763724659999,9518683.57050,3677,72.654,6022943.83280,0
1763724660000,82867.10,82905.90,82859.00,82890.60,120.465,1763724719999,9984076.91610,4329,42.962,3560782.88900,0
1763724720000,82890.60,83045.60,82890.60,83045.50,223.321,1763724779999,18527132.88140,6005,179.864,14921349.96770,0
1763724780000,83045.60,83073.30,82920.40,82920.40,65.009,1763724839999,5396121.18110,4462,24.254,2013076.38400,0
1763724840000,82920.40,82920.50,82755.00,82760.10,247.192,1763724899999,20466296.97000,6896,76.084,6298900.32690,0
1763724900000,82760.00,82799.40,82684.40,82738.20,313.450,1763724959999,25936309.65150,6927,141.291,11691460.59140,0
1763724960000,82738.80,82769.50,82707.70,82735.70,185.090,1763725019999,15314288.70660,5002,70.325,5818593.15050,0
1763725020000,82735.60,82737.20,82601.80,82640.10,252.929,1763725079999,20908671.67560,6743,80.809,6680457.53660,0
1763725080000,82640.00,82674.00,82569.50,82607.60,233.295,1763725139999,19276242.76000,6232,91.950,7597159.26280,0
1763725140000,82607.60,82672.60,82590.20,82590.30,209.111,1763725199999,17279104.05690,5393,107.237,8860517.61050,0
1763725200000,82590.20,82665.00,82460.80,82467.30,430.583,1763725259999,35540754.61340,10572,184.233,15208822.19260,0
1763725260000,82467.40,82493.70,82333.30,82438.20,664.802,1763725319999,54789053.49010,12991,271.824,22405260.72150,0
1763725320000,82438.20,82461.30,82339.00,82401.40,217.098,1763725379999,17888738.61100,6345,86.272,7109515.57670,0
1763725380000,82401.90,82500.00,82397.60,82475.70,142.224,1763725439999,11728307.02570,4840,74.030,6104855.52520,0
1763725440000,82475.70,82522.80,82451.60,82485.50,159.572,1763725499999,13164398.20720,3969,121.773,10046267.32050,0
1763725500000,82485.50,82493.20,82400.00,82414.30,96.344,1763725559999,7943333.13460,4157,36.506,3009826.76240,0
1763725560000,82414.30,82450.00,82347.70,82385.60,174.846,1763725619999,14406343.97610,4663,58.774,4841996.87850,0
1763725620000,82385.50,82421.80,82236.80,82295.00,280.890,1763725679999,23120017.60780,7856,81.082,6673843.79440,0
1763725680000,82295.00,82350.00,82213.20,82238.00,203.013,1763725739999,16702603.00720,8014,72.619,5975185.54100,0
1763725740000,82237.20,82378.80,82200.00,82260.70,342.961,1763725799999,28219248.71490,7997,158.791,13065986.61500,0
1763725800000,82261.20,82350.00,82200.00,82323.50,217.709,1763725859999,17908053.76920,6972,103.085,8480241.48570,0
1763725860000,82323.50,82347.70,82235.60,82235.60,175.002,1763725919999,14402368.23290,6893,88.495,7283063.29820,0
1763725920000,82235.20,82363.90,82232.60,82325.30,103.065,1763725979999,8484518.66760,5441,66.249,5453617.71240,0
1763725980000,82325.20,82336.20,82157.70,82249.20,259.525,1763726039999,21336774.15800,8632,86.120,7079992.60910,0
1763726040000,82249.30,82280.10,82176.30,82233.10,159.404,1763726099999,13107204.54900,6498,62.396,5130779.81010,0
1763726100000,82232.20,82329.90,82232.20,82276.10,130.281,1763726159999,10720475.97350,5457,76.953,6332413.31970,0
1763726160000,82276.00,82279.70,82180.80,82181.60,215.136,1763726219999,17688260.31160,5288,72.097,5927821.37600,0
1763726220000,82181.60,82331.20,82181.60,82331.20,191.089,1763726279999,15719394.32330,5627,136.165,11202024.98250,0
1763726280000,82331.20,82379.60,82276.10,82281.40,155.992,1763726339999,12843765.61260,4711,107.395,8842992.83200,0
1763726340000,82281.40,82321.90,82251.00,82279.10,62.934,1763726399999,5178598.32680,3259,31.278,2573886.70840,0
1763726400000,82279.20,82346.60,82255.70,82275.20,114.679,1763726459999,9437436.29600,4853,50.509,4156723.95670,0
1763726460000,82275.20,82422.20,82240.40,82240.50,239.417,1763726519999,19713279.28450,7377,121.845,10033606.84460,0
1763726520000,82240.40,82360.80,82212.50,82277.00,198.070,1763726579999,16296570.13850,7738,79.154,6513105.85430,0
1763726580000,82277.00,82368.60,82183.40,82320.80,297.492,1763726639999,24472968.48880,9037,107.860,8873910.02130,0
1763726640000,82320.80,82320.80,82040.70,82185.10,458.689,1763726699999,37675350.68480,12070,130.188,10693601.98430,0
1763726700000,82185.10,82205.00,82064.30,82074.30,293.196,1763726759999,24083324.44450,8848,128.022,10515813.48810,0
1763726760000,82074.30,82146.30,82000.00,82068.90,624.303,1763726819999,51227331.21520,10526,190.157,15606966.77660,0
1763726820000,82068.80,82170.80,82018.90,82163.00,180.555,1763726879999,14822571.68960,5074,82.669,6787496.09280,0
1763726880000,82163.10,82163.10,81900.00,81975.30,570.014,1763726939999,46722523.60290,11777,173.890,14254576.64520,0
1763726940000,81975.30,82064.90,81958.20,82029.50,205.689,1763726999999,16867323.86160,6786,122.720,10063144.50300,0
1763727000000,82029.50,82044.90,81950.60,81983.20,557.403,1763727059999,45703857.63360,8407,269.569,22102399.65870,0
1763727060000,81983.20,82104.90,81983.20,82097.00,195.395,1763727119999,16033430.69740,8476,132.794,10896796.38300,0
1763727120000,82096.90,82112.00,82000.00,82009.60,293.253,1763727179999,24058740.15290,6923,107.040,8783040.55850,0
1763727180000,82009.60,82235.50,82006.80,82235.50,311.640,1763727239999,25602798.57100,8265,243.919,20040593.15740,0
1763727240000,82235.60,82344.90,82130.80,82277.90,460.315,1763727299999,37863858.68620,11824,271.716,22349633.95360,0
1763727300000,82277.90,82277.90,82045.80,82087.20,272.282,1763727359999,22362347.72540,8999,97.421,8003100.57860,0
1763727360000,82087.10,82147.90,81933.90,81978.30,317.723,1763727419999,26059320.71450,7264,88.517,7262352.59930,0
1763727420000,81978.40,82037.10,81926.10,82008.30,314.966,1763727479999,25822098.21830,8460,208.091,17060653.83900,0
1763727480000,82008.20,82035.60,81868.10,81915.10,214.881,1763727539999,17606787.57360,8220,79.757,6535561.97440,0
1763727540000,81915.20,81998.40,81914.30,81944.90,182.959,1763727599999,14994213.73250,5957,108.410,8885148.90040,0
1763727600000,81944.80,81971.70,81806.50,81827.10,423.431,1763727659999,34680600.94660,8066,78.675,6443079.09140,0
1763727660000,81827.10,81831.50,81330.40,81410.80,2235.546,1763727719999,182371727.92220,31369,578.849,47232037.65150,0
1763727720000,81410.90,81583.20,81282.20,81515.60,1371.012,1763727779999,111625125.29400,23623,608.936,49594916.11690,0
1763727780000,81515.50,81546.60,80734.20,81118.20,3854.547,1763727839999,312349262.15870,41913,1170.556,94856555.88320,0
1763727840000,81118.20,81125.80,80880.00,81060.00,1410.481,1763727899999,114258057.92050,23991,682.567,55294740.16380,0
1763727900000,81057.90,81416.20,81049.90,81282.00,849.019,1763727959999,69007354.31220,22540,446.941,36328457.81950,0
1763727960000,81282.00,81282.00,81100.00,81103.20,504.914,1763728019999,40987894.53160,18957,215.437,17488210.62400,0
1763728020000,81103.30,81131.80,80920.50,80987.30,827.704,1763728079999,67064916.46970,18389,294.731,23882885.30130,0
1763728080000,80988.50,81022.20,80670.00,80685.60,1562.136,1763728139999,126307468.39690,30006,569.947,46095546.48020,0
1763728140000,80685.50,80931.70,80600.00,80920.10,1324.998,1763728199999,106927492.19260,27286,557.341,44987207.98880,0
1763728200000,80925.20,81640.00,80925.10,81438.70,2130.347,1763728259999,173386375.61170,39478,1320.858,107477685.24290,0
1763728260000,81438.70,81848.90,81242.70,81666.00,1564.088,1763728319999,127572749.52120,34022,979.963,79967916.75580,0
1763728320000,81667.30,81871.00,81468.90,81560.70,1059.830,1763728379999,86544907.02280,27107,564.449,46101295.53590,0
1763728380000,81559.20,81673.60,81405.20,81562.70,585.065,1763728439999,47709735.37940,19934,300.670,24517789.67380,0
1763728440000,81562.70,81770.50,81558.20,81673.10,550.134,1763728499999,44931411.08900,19648,230.346,18812834.22580,0
1763728500000,81673.10,81871.50,81479.60,81800.00,979.465,1763728559999,80022235.64490,18374,727.052,59427285.93020,0
1763728560000,81800.00,82252.80,81685.90,82076.30,1376.571,1763728619999,112931913.78580,33440,785.283,64420425.85570,0
1763728620000,82076.30,82558.80,82000.00,82487.30,2161.850,1763728679999,177976526.39990,38583,1266.862,104306386.82900,0
1763728680000,82488.00,82835.70,82454.00,82736.80,1616.383,1763728739999,133539893.93360,35458,877.462,72498663.91220,0
1763728740000,82736.90,82959.60,82587.80,82943.00,1574.895,1763728799999,130411720.06130,32120,923.970,76515229.45420,0
1763728800000,82943.00,82943.10,82616.80,82698.00,855.310,1763728859999,70760364.37250,22637,454.606,37604582.11170,0
1763728860000,82698.00,82931.70,82653.20,82857.00,750.199,1763728919999,62112144.30700,24037,377.277,31234196.25770,0
1763728920000,82857.00,82883.20,82640.00,82709.90,427.010,1763728979999,35329946.68160,15381,207.743,17186592.07000,0
1763728980000,82710.00,82851.20,82499.80,82836.30,944.976,1763729039999,78069688.29790,21990,357.174,29517298.62040,0
1763729040000,82836.20,82999.60,82768.50,82968.00,582.477,1763729099999,48289076.51530,18647,318.549,26410601.01080,0
1763729100000,82968.00,83400.00,82955.40,83272.80,2142.814,1763729159999,178418202.97270,37863,1383.095,115159255.38900,0
1763729160000,83275.00,83389.90,83100.00,83132.60,703.928,1763729219999,58610156.03110,23827,346.008,28811713.78530,0
1763729220000,83132.60,83283.90,83059.40,83223.70,437.294,1763729279999,36377230.43590,18112,233.992,19466835.68540,0
1763729280000,83223.40,83286.70,82951.70,83045.80,593.886,1763729339999,49362984.68420,21255,236.676,19675646.75710,0
1763729340000,83046.10,83174.00,82951.70,83157.40,523.769,1763729399999,43502396.03690,17380,274.699,22816673.85830,0
1763729400000,83157.40,83499.00,83085.90,83462.00,842.578,1763729459999,70240788.98450,22100,499.256,41615958.33170,0
1763729460000,83462.00,83471.20,83348.00,83465.00,395.238,1763729519999,32963368.23470,14330,199.013,16598286.30840,0
1763729520000,83462.10,83569.20,83323.90,83352.40,759.621,1763729579999,63414297.39010,20312,415.241,34668515.64140,0
1763729580000,83352.40,83544.10,83320.20,83530.30,300.965,1763729639999,25113029.64770,12813,171.530,14313491.34090,0
1763729640000,83530.40,83562.90,83452.60,83527.20,443.513,1763729699999,37036766.93470,12523,280.219,23400559.65060,0
1763729700000,83527.20,83537.70,83283.10,83286.50,400.361,1763729759999,33395684.21820,13257,141.206,11779828.39030,0
1763729760000,83286.60,83324.50,83108.80,83149.00,601.777,1763729819999,50096930.87010,17221,218.838,18218014.93210,0
1763729820000,83149.00,83278.20,83012.00,83278.20,442.643,1763729879999,36787054.28010,13672,231.551,19246313.10920,0
1763729880000,83278.10,83278.10,83091.10,83201.50,309.572,1763729939999,25752408.67360,11797,134.486,11188177.02940,0
1763729940000,83201.50,83245.70,83135.80,83240.10,207.013,1763729999999,17223724.08380,7250,113.467,9440657.91710,0
1763730000000,83240.10,83379.40,83152.00,83373.70,340.167,1763730059999,28322151.08390,12224,199.702,16628809.64270,0
1763730060000,83373.70,83398.40,83121.20,83121.30,384.131,1763730119999,31988506.03480,13351,195.921,16317702.92030,0
1763730120000,83121.40,83420.00,83106.90,83338.40,349.101,1763730179999,29090420.17600,14053,227.844,18985072.85320,0
1763730180000,83338.30,83459.50,83203.60,83251.00,402.255,1763730239999,33515568.77980,13926,211.582,17627478.45770,0
1763730240000,83251.00,83270.50,83060.30,83201.50,389.294,1763730299999,32372121.84510,12517,134.214,11160891.54060,0
1763730300000,83201.50,83407.90,83163.40,83367.60,359.974,1763730359999,29994334.66220,11152,146.490,12205542.21500,0
1763730360000,83367.60,83573.80,83315.90,83528.90,549.667,1763730419999,45895327.64250,14147,335.321,27999747.79770,0
1763730420000,83528.80,83539.70,83401.40,83424.00,318.120,1763730479999,26553601.75910,8588,150.133,12531707.97400,0
1763730480000,83424.00,83683.80,83403.40,83630.10,628.931,1763730539999,52563505.60440,13612,432.502,36146461.71730,0
1763730540000,83630.00,83846.10,83630.00,83775.50,906.849,1763730599999,75969450.67420,20124,546.390,45774134.30750,0
1763730600000,83777.20,83828.40,83470.20,83470.20,447.849,1763730659999,37449368.74860,12957,186.091,15564170.89230,0
1763730660000,83470.20,83639.50,83453.20,83604.80,282.316,1763730719999,23587803.57170,10437,131.713,11004830.03570,0
1763730720000,83604.80,83661.50,83561.40,83606.00,245.381,1763730779999,20517489.29300,7723,163.846,13700549.72320,0
1763730780000,83606.00,83760.80,83571.90,83716.30,317.393,1763730839999,26556583.20160,9563,175.542,14687099.17700,0
1763730840000,83716.30,83795.10,83700.00,83775.70,260.519,1763730899999,21817662.73070,9189,164.263,13756256.84350,0
1763730900000,83775.70,83872.40,83755.30,83860.00,526.247,1763730959999,44106126.34710,12595,236.938,19859250.17430,0
1763730960000,83860.00,83958.00,83834.20,83945.10,935.993,1763731019999,78528863.89380,13282,704.450,59103802.46220,0
1763731020000,83945.10,84315.20,83936.90,84168.00,1232.013,1763731079999,103685784.78730,28113,704.703,59298823.34360,0
1763731080000,84167.90,84173.10,84006.30,84036.40,404.873,1763731139999,34046165.63230,13813,181.136,15232232.13860,0
1763731140000,84036.30,84149.80,83951.50,84116.80,379.752,1763731199999,31916770.84630,11311,171.222,14394696.88150,0
1763731200000,84116.80,84143.50,83914.30,83982.50,484.676,1763731259999,40703860.66860,12883,275.649,23149411.86830,0
1763731260000,83982.80,84107.50,83934.00,83976.20,422.674,1763731319999,35516347.12820,10629,282.633,23749862.66810,0
1763731320000,83976.30,84006.40,83761.40,83800.00,433.940,1763731379999,36401140.31870,12242,175.360,14711270.88290,0
1763731380000,83800.00,83823.30,83671.10,83720.80,493.084,1763731439999,41287232.68320,12080,226.704,18984102.99380,0
1763731440000,83720.80,83754.30,83592.70,83592.70,285.029,1763731499999,23848036.49990,7800,121.307,10150830.84050,0
1763731500000,83592.70,83672.60,83529.00,83628.40,565.940,1763731559999,47317287.61330,13771,271.979,22740997.22460,0
1763731560000,83628.40,83687.00,83570.10,83663.30,314.557,1763731619999,26303330.61580,9262,135.460,11326913.32440,0
1763731620000,83663.40,83683.60,83501.40,83515.80,162.084,1763731679999,13548636.74290,6921,70.723,5912675.99990,0
1763731680000,83515.80,83548.00,83343.70,83367.80,1521.150,1763731739999,126930993.04230,19120,566.237,47243742.76620,0
1763731740000,83367.90,83446.80,83350.30,83384.50,625.939,1763731799999,52199996.50270,9104,477.834,39848257.41520,0
1763731800000,83384.60,83545.90,83384.50,83531.20,215.370,1763731859999,17980651.40290,7138,135.509,11313373.97560,0
1763731860000,83531.10,83554.90,83441.00,83521.10,253.516,1763731919999,21170740.07330,7670,116.732,9748107.92530,0
1763731920000,83521.00,83562.20,83368.90,83400.40,205.006,1763731979999,17115039.26660,8996,94.634,7901777.72740,0
1763731980000,83400.00,83422.60,83234.30,83403.70,361.746,1763732039999,30145217.80160,10858,113.178,9432126.73110,0
1763732040000,83403.60,83483.60,83396.10,83473.70,162.408,1763732099999,13553253.19910,6552,87.096,7268173.18010,0
1763732100000,83473.70,83759.00,83468.60,83714.80,351.008,1763732159999,29357539.76750,12406,248.551,20787884.95160,0
1763732160000,83714.90,83845.40,83699.10,83826.00,405.956,1763732219999,34017301.23970,10877,270.594,22675597.48130,0
1763732220000,83826.00,83890.00,83787.60,83890.00,291.170,1763732279999,24409482.99110,8184,130.813,10966639.63770,0
1763732280000,83889.90,83961.90,83820.00,83893.50,356.262,1763732339999,29886593.35220,9439,211.026,17704183.29910,0
1763732340000,83893.50,83901.70,83791.00,83816.90,172.492,1763732399999,14461603.37340,6560,84.218,7060313.89710,0
1763732400000,83816.90,83945.10,83787.90,83896.70,151.982,1763732459999,12747205.45240,5719,88.958,7460953.18740,0
1763732460000,83896.70,84075.90,83891.70,84049.90,277.874,1763732519999,23345407.71760,8392,180.855,15194913.80190,0
1763732520000,84050.00,84145.10,84042.70,84072.70,378.127,1763732579999,31798629.09510,9752,238.095,20022292.93310,0
1763732580000,84072.70,84145.10,84066.40,84088.90,271.049,1763732639999,22794357.13480,6748,134.877,11342573.99930,0
1763732640000,84089.00,84119.20,84032.10,84106.60,154.702,1763732699999,13006497.13630,5547,82.476,6934315.78240,0
1763732700000,84106.60,84236.50,84043.00,84205.00,493.244,1763732759999,41509492.60280,10683,304.088,25591264.38820,0
1763732760000,84205.10,84310.60,84070.40,84082.50,405.429,1763732819999,34139647.12070,11725,201.854,17001785.28390,0
1763732820000,84082.50,84208.40,84072.70,84141.70,193.786,1763732879999,16307230.86780,7397,87.069,7326576.75550,0
1763732880000,84141.70,84378.80,84130.70,84317.50,557.729,1763732939999,47001364.60600,13506,411.196,34651072.30470,0
1763732940000,84317.60,84317.60,83996.50,84040.00,371.725,1763732999999,31266505.22890,13557,120.294,10116344.33430,0
1763733000000,84040.00,84116.60,84000.00,84110.60,267.014,1763733059999,22445916.09960,9513,161.837,13604740.13670,0
1763733060000,84110.70,84345.40,84102.00,84335.90,354.508,1763733119999,29877014.51660,13162,192.520,16222623.65400,0
1763733120000,84335.80,84384.60,84108.00,84167.40,342.462,1763733179999,28856612.89460,12796,158.087,13323300.01950,0
1763733180000,84167.50,84269.10,84107.10,84194.90,258.435,1763733239999,21758524.20530,11136,156.018,13135515.37020,0
1763733240000,84194.90,84236.10,84155.90,84230.70,165.205,1763733299999,13909470.70850,6526,112.106,9438774.41140,0
1763733300000,84230.70,84252.40,84128.90,84165.60,156.491,1763733359999,13174185.73620,6508,66.333,5584990.78800,0
1763733360000,84165.50,84177.90,84062.50,84137.90,305.542,1763733419999,25698420.88200,10128,158.825,13359086.14330,0
1763733420000,84136.50,84198.20,84090.00,84159.60,184.145,1763733479999,15491709.28180,5907,88.374,7434223.19850,0
1763733480000,84159.60,84175.00,84091.40,84142.50,109.087,1763733539999,9177876.86330,4807,42.769,3598533.86060,0
1763733540000,84142.60,84207.60,84065.10,84065.20,220.090,1763733599999,18517061.37580,7851,78.585,6611147.87400,0
1763733600000,84065.30,84108.80,83950.80,83992.40,487.608,1763733659999,40968675.96790,13102,232.053,19496966.79920,0
1763733660000,83992.40,83997.10,83775.90,83838.90,915.867,1763733719999,76789441.13440,17347,250.933,21040674.89690,0
1763733720000,83838.90,83974.20,83826.30,83914.40,230.337,1763733779999,19330464.53240,7369,132.588,11126545.24000,0
1763733780000,83914.40,83950.00,83855.20,83874.00,288.293,1763733839999,24188789.24260,8857,172.012,14433009.32650,0
1763733840000,83874.00,83900.10,83815.40,83815.40,243.325,1763733899999,20406983.29920,7157,142.257,11931153.72710,0
1763733900000,83815.40,83830.10,83699.90,83724.10,381.180,1763733959999,31931296.12100,9664,147.222,12333247.08000,0
1763733960000,83724.20,83950.00,83707.90,83940.60,228.701,1763734019999,19170165.77320,7640,128.056,10734339.71430,0
1763734020000,83940.60,84000.00,83868.30,83949.60,193.342,1763734079999,16227522.25260,6530,121.761,10220287.22400,0
1763734080000,83949.50,84094.60,83929.10,84041.90,315.432,1763734139999,26501148.13720,8606,220.698,18541960.15550,0
1763734140000,84041.80,84172.80,84040.00,84172.80,266.426,1763734199999,22415854.41960,8011,160.305,13487022.37030,0
1763734200000,84172.80,84172.90,83990.00,84004.60,142.872,1763734259999,12011134.03050,5591,48.293,4059638.49600,0
1763734260000,84004.70,84004.70,83880.10,83943.20,203.002,1763734319999,17037453.56280,6497,94.730,7950195.76040,0
1763734320000,83943.10,83957.70,83894.30,83949.60,84.829,1763734379999,7119229.09690,4381,43.763,3672828.84810,0
1763734380000,83949.50,83949.50,83812.80,83812.90,152.427,1763734439999,12784055.97000,5482,50.222,4211836.13280,0
1763734440000,83812.80,83884.70,83780.80,83780.90,268.377,1763734499999,22500453.69160,6760,104.733,8780729.86890,0
1763734500000,83780.90,83780.90,83613.70,83640.00,403.958,1763734559999,33809002.38610,9240,132.421,11084372.05790,0
1763734560000,83640.00,83720.50,83555.00,83696.40,277.229,1763734619999,23189896.77130,8852,138.607,11595335.32010,0
1763734620000,83696.30,83696.30,83508.70,83592.80,397.252,1763734679999,33197689.42540,10500,172.359,14401695.48050,0
1763734680000,83592.90,83675.30,83570.80,83574.70,207.601,1763734739999,17360544.39400,6878,68.029,5688654.36160,0
1763734740000,83574.70,83608.70,83552.10,83579.00,133.703,1763734799999,11174736.01310,4861,53.755,4492749.44190,0
1763734800000,83579.00,83727.00,83571.30,83677.20,282.634,1763734859999,23647243.85270,7231,183.989,15393367.91670,0
1763734860000,83677.30,83780.20,83634.20,83748.70,229.274,1763734919999,19194336.46830,6745,124.627,10434385.70650,0
1763734920000,83748.80,83771.70,83658.00,83719.00,123.036,1763734979999,10299434.26200,5568,70.154,5872568.04150,0
1763734980000,83719.10,83798.00,83664.00,83785.80,145.568,1763735039999,12188076.77810,6015,60.135,5035003.27690,0
1763735040000,83785.90,83798.00,83688.40,83715.70,136.579,1763735099999,11435663.24250,5674,57.370,4804010.78850,0
1763735100000,83715.80,83745.30,83600.00,83633.70,107.937,1763735159999,9031581.13080,5853,42.221,3532733.62010,0
1763735160000,83633.70,83656.40,83573.80,83591.00,102.373,1763735219999,8560062.30250,4600,44.960,3759509.09380,0
1763735220000,83591.00,83607.50,83520.80,83551.90,131.311,1763735279999,10973204.44960,4495,68.362,5712773.13730,0
1763735280000,83551.60,83595.60,83519.00,83530.80,138.220,1763735339999,11549238.62070,4742,41.261,3447778.26250,0
1763735340000,83530.70,83678.90,83530.70,83647.50,392.623,1763735399999,32826155.68590,9371,218.465,18263887.79730,0
1763735400000,83647.40,84300.00,83542.90,84066.20,1142.857,1763735459999,95996994.13950,30630,672.009,56452118.27980,0
1763735460000,84066.90,84241.90,83810.00,83858.80,803.059,1763735519999,67470677.81850,27554,405.243,34055155.59110,0
1763735520000,83858.70,84276.60,83726.30,84229.00,858.235,1763735579999,72160938.34750,27531,504.279,42411371.72020,0
1763735580000,84228.90,84256.10,83965.20,84238.30,542.555,1763735639999,45626235.93560,19943,258.819,21766622.26420,0
1763735640000,84238.30,84795.20,84233.60,84727.70,2280.451,1763735699999,192876262.21220,39855,1601.482,135466425.35720,0
1763735700000,84727.80,84880.20,84447.40,84849.90,1341.857,1763735759999,113581901.00420,32843,725.810,61449655.05410,0
1763735760000,84850.00,84987.90,84770.40,84933.00,1495.426,1763735819999,126930335.21700,34106,696.338,59103833.38610,0
1763735820000,84932.90,85100.00,84818.20,84828.00,1362.562,1763735879999,115767932.79810,32462,804.944,68404763.86770,0
1763735880000,84828.10,84961.00,84670.40,84760.00,597.036,1763735939999,50608056.56050,21286,240.412,20379072.12670,0
1763735940000,84760.00,85008.00,84758.30,84822.40,559.419,1763735999999,47469877.83160,21297,264.446,22441209.31310,0
1763736000000,84822.40,85012.50,84658.90,84977.60,531.780,1763736059999,45124749.19580,20754,259.071,21984640.24690,0
1763736060000,84977.90,85241.70,84977.90,85140.10,1015.280,1763736119999,86444501.75790,26062,600.151,51099921.15810,0
1763736120000,85140.10,85250.70,84882.60,84990.20,644.450,1763736179999,54814521.30050,18813,292.832,24911358.15160,0
1763736180000,84990.10,84991.70,84744.00,84782.00,666.968,1763736239999,56582859.07320,19801,228.775,19404187.99040,0
1763736240000,84782.10,84939.30,84730.50,84868.00,453.785,1763736299999,38498443.19350,11738,291.341,24720113.19510,0
1763736300000,84868.10,84945.20,84610.00,84610.10,598.161,1763736359999,50694887.51770,18282,236.833,20076131.64510,0
1763736360000,84610.10,84666.80,84375.30,84400.80,1018.313,1763736419999,86057503.77390,22419,367.014,31016178.73940,0
1763736420000,84401.00,84500.00,84195.10,84230.60,739.500,1763736479999,62364554.33200,20014,323.171,27261408.40540,0
1763736480000,84230.60,84617.00,84220.90,84604.70,840.086,1763736539999,70920264.73770,22695,524.051,44248159.10420,0
1763736540000,84604.80,84632.80,84338.50,84504.10,420.670,1763736599999,35534937.18950,14837,221.006,18666852.55840,0
1763736600000,84504.00,84650.00,84458.00,84609.30,402.097,1763736659999,34001790.00120,15007,217.918,18427816.76800,0
1763736660000,84609.30,84961.00,84537.50,84866.10,809.864,1763736719999,68659583.73230,21995,487.204,41305413.62340,0
1763736720000,84866.10,85120.40,84742.70,85110.90,757.788,1763736779999,64391875.79630,21232,484.250,41153417.53130,0
1763736780000,85110.80,85184.00,85035.70,85142.50,415.780,1763736839999,35388816.52460,13689,260.296,22154262.58860,0
1763736840000,85142.50,85397.50,85130.10,85367.20,1018.838,1763736899999,86901241.28360,18988,586.566,50028085.69580,0
1763736900000,85367.20,85449.20,85276.40,85382.40,545.449,1763736959999,46561135.12430,16596,242.920,20736544.16230,0
1763736960000,85382.50,85388.00,84988.00,85028.40,518.713,1763737019999,44153427.15760,17202,193.288,16450073.71240,0
1763737020000,85027.90,85150.00,85011.90,85030.00,276.557,1763737079999,23529099.84110,11988,134.883,11476273.36770,0
1763737080000,85030.00,85119.10,84957.20,85097.80,385.771,1763737139999,32804681.64150,10918,140.745,11968390.12920,0
1763737140000,85097.80,85097.80,84788.10,84801.00,428.094,1763737199999,36348712.48890,12127,111.996,9512214.89960,0
1763737200000,84801.00,85063.50,84767.20,84785.30,595.149,1763737259999,50545225.79840,18670,349.072,29649188.37960,0
1763737260000,84785.30,84797.70,84531.00,84546.10,642.162,1763737319999,54361298.98880,18095,248.242,21013640.46710,0
1763737320000,84546.10,84589.70,84420.50,84432.60,656.692,1763737379999,55485907.51260,16672,251.964,21288577.77160,0
1763737380000,84432.60,84520.70,84279.20,84516.50,536.614,1763737439999,45278139.31650,18628,245.845,20748662.27010,0
1763737440000,84516.70,84571.50,84367.00,84502.40,326.562,1763737499999,27590462.28240,14258,171.804,14514523.72370,0
1763737500000,84502.40,84688.00,84459.80,84593.00,527.616,1763737559999,44635875.51210,18134,318.938,26985876.97510,0
1763737560000,84593.00,84754.40,84485.40,84634.20,313.599,1763737619999,26546951.20690,14973,178.539,15112877.20240,0
1763737620000,84634.20,84636.00,84475.00,84491.00,244.551,1763737679999,20675104.24870,13464,105.971,8957892.17860,0
1763737680000,84491.10,84530.70,84268.60,84406.80,352.664,1763737739999,29746642.33430,13327,144.596,12195381.02130,0
1763737740000,84406.80,84473.90,84298.60,84424.00,182.928,1763737799999,15437972.88090,11211,75.053,6334661.47550,0
1763737800000,84424.00,84436.10,84280.00,84394.00,279.286,1763737859999,23561273.94580,12400,140.629,11864709.52910,0
1763737860000,84394.00,84430.60,84288.00,84392.60,191.590,1763737919999,16161814.54980,10614,76.090,6418830.58340,0
1763737920000,84392.60,84438.80,84261.90,84295.70,173.905,1763737979999,14669564.00210,9336,91.898,7752431.38000,0
1763737980000,84295.70,84313.50,84001.10,84127.20,832.409,1763738039999,70007193.67710,19467,345.900,29090435.19830,0
1763738040000,84127.10,84223.80,84026.80,84136.50,250.047,1763738099999,21038703.55690,12000,126.971,10683909.55530,0
1763738100000,84136.40,84265.00,84126.00,84147.20,243.599,1763738159999,20509447.83520,12918,136.572,11498723.30260,0
1763738160000,84147.20,84210.70,84080.80,84091.20,253.749,1763738219999,21350656.16750,10492,95.861,8066379.79080,0
1763738220000,84091.20,84091.20,83792.00,83914.20,947.796,1763738279999,79520536.92300,18229,270.522,22697270.93130,0
1763738280000,83914.30,84034.80,83904.40,84026.40,544.979,1763738339999,45763384.45090,15845,225.445,18929303.42430,0
1763738340000,84026.50,84171.80,83994.70,84156.00,427.715,1763738399999,35966072.34720,12595,256.505,21568936.72900,0
1763738400000,84156.00,84160.00,83750.60,83824.20,477.259,1763738459999,40032555.12590,13519,167.982,14087944.20570,0
1763738460000,83824.20,83874.30,83715.00,83775.90,548.801,1763738519999,45972584.50890,12147,209.349,17537498.23480,0
1763738520000,83775.90,83969.60,83656.20,83898.40,602.893,1763738579999,50509233.57930,14911,252.303,21139401.42830,0
1763738580000,83898.40,84088.50,83867.90,84032.30,309.246,1763738639999,25972217.31680,11590,167.247,14047244.59930,0
1763738640000,84032.30,84043.10,83855.10,84031.10,334.933,1763738699999,28121330.28280,11230,189.844,15939349.59780,0
1763738700000,84031.10,84307.20,83969.50,84108.00,555.309,1763738759999,46735895.45500,18152,337.213,28381855.11400,0
1763738760000,84107.90,84107.90,83763.10,83872.90,389.583,1763738819999,32682788.47340,12348,192.723,16167590.08270,0
1763738820000,83872.90,83875.40,83696.00,83734.10,296.188,1763738879999,24811802.50900,9417,115.743,9694043.53970,0
1763738880000,83734.20,83807.30,83600.00,83666.40,496.531,1763738939999,41554122.34180,12974,215.500,18038099.88970,0
1763738940000,83666.30,83666.30,83560.90,83594.00,448.590,1763738999999,37504203.28480,11148,141.341,11817065.04170,0
1763739000000,83594.10,83691.10,83481.00,83614.90,635.051,1763739059999,53071901.71320,17397,311.572,26041802.30690,0
1763739060000,83614.90,83797.90,83499.70,83797.80,388.403,1763739119999,32492529.88450,14845,231.956,19402265.19450,0
1763739120000,83797.90,83835.70,83691.00,83760.00,300.715,1763739179999,25191598.11400,12894,155.003,12984733.39630,0
1763739180000,83760.00,83770.00,83503.90,83513.20,346.422,1763739239999,28983678.10350,11589,159.553,13350721.97350,0
1763739240000,83513.30,83585.50,83301.20,83352.90,692.443,1763739299999,57766801.57220,15188,211.603,17653466.17470,0
1763739300000,83353.00,83388.80,83270.00,83310.50,942.573,1763739359999,78544918.92150,15756,333.977,27831080.15940,0
1763739360000,83310.50,83390.20,83164.70,83190.20,674.491,1763739419999,56159122.01650,13658,272.147,22664340.13880,0
1763739420000,83190.10,83271.90,83011.80,83215.50,1259.349,1763739479999,104698560.42110,20585,534.106,44409304.53030,0
1763739480000,83215.50,83256.30,83103.40,83150.00,374.554,1763739539999,31151176.92400,13698,183.523,15262881.85950,0
1763739540000,83150.00,83165.00,82875.90,82902.20,934.004,1763739599999,77487696.97800,21184,292.201,24239563.62850,0
1763739600000,82902.30,82945.50,82833.00,82859.20,614.416,1763739659999,50927505.19060,14782,273.204,22645407.84590,0
1763739660000,82859.20,83012.00,82850.20,82955.00,487.668,1763739719999,40448537.09790,13342,318.696,26435608.89750,0
1763739720000,82954.90,83016.80,82759.00,82851.40,777.039,1763739779999,64379327.44690,15774,381.014,31566136.94770,0
1763739780000,82851.40,83033.70,82827.30,83010.60,337.719,1763739839999,28012912.66700,11068,195.535,16219847.75570,0
1763739840000,83010.60,83288.80,83010.50,83205.40,863.423,1763739899999,71835275.80680,18931,514.588,42813845.02910,0
1763739900000,83205.40,83350.00,83089.10,83326.20,581.035,1763739959999,48361840.10560,16177,319.169,26567296.42510,0
1763739960000,83326.10,83350.90,83206.60,83293.00,365.269,1763740019999,30423901.12460,13153,174.420,14527124.61920,0
1763740020000,83293.00,83373.00,83213.90,83299.90,277.308,1763740079999,23095196.63000,12160,126.721,10553301.44070,0
1763740080000,83299.90,83340.30,83049.80,83157.40,363.669,1763740139999,30251097.95080,12495,121.732,10121323.18710,0
1763740140000,83159.40,83315.40,83115.00,83235.60,300.865,1763740199999,25037124.50500,11655,177.590,14779956.10390,0
1763740200000,83235.90,83236.00,83068.10,83178.30,169.872,1763740259999,14123598.81410,9106,95.012,7899628.47520,0
1763740260000,83178.30,83194.90,82928.80,82994.90,288.916,1763740319999,23990103.11630,10745,120.886,10037320.80680,0
1763740320000,82994.90,82998.40,82782.70,82818.00,566.203,1763740379999,46928231.01460,13562,222.157,18412738.06890,0
1763740380000,82817.90,82852.50,82699.90,82845.80,606.197,1763740439999,50176607.49290,16199,310.701,25718735.17460,0
1763740440000,82845.80,83123.00,82845.80,83065.90,417.035,1763740499999,34607041.95810,13457,260.501,21615965.26520,0
1763740500000,83065.90,83142.80,82961.10,83068.50,263.431,1763740559999,21881372.17470,9295,156.444,12995380.35760,0
1763740560000,83068.40,83189.40,82950.10,83132.10,343.755,1763740619999,28558252.03340,12338,203.235,16885356.86990,0
1763740620000,83132.10,83137.50,82900.00,82901.90,273.908,1763740679999,22736162.37390,10018,119.185,9892306.60730,0
1763740680000,82901.90,82964.30,82759.00,82942.20,530.266,1763740739999,43919184.18600,13628,292.609,24235579.62260,0
1763740740000,82942.30,82952.30,82850.00,82905.10,202.470,1763740799999,16784195.68390,8464,107.884,8942980.40270,0
1763740800000,82905.00,83013.10,82867.40,82928.50,342.901,1763740859999,28440110.79660,13248,193.232,16025918.25050,0
1763740860000,82928.50,83085.80,82883.60,82977.40,365.199,1763740919999,30308450.52670,14819,193.553,16063264.33090,0
1763740920000,82977.50,83002.90,82749.10,82819.20,465.060,1763740979999,38530003.58270,16156,203.403,16851374.10980,0
1763740980000,82819.10,82866.30,82676.00,82742.60,438.151,1763741039999,36258928.90970,12514,221.918,18364250.57840,0
1763741040000,82742.70,82746.70,82400.00,82436.00,1201.638,1763741099999,99160947.55020,20080,372.413,30740677.44120,0
1763741100000,82435.80,82588.00,82300.00,82444.80,1241.277,1763741159999,102302223.45570,23230,593.772,48946128.28040,0
1763741160000,82444.90,82497.80,82325.90,82463.50,668.114,1763741219999,55060150.69610,18882,314.215,25892921.75030,0
1763741220000,82463.60,82702.80,82400.00,82650.80,455.787,1763741279999,37628563.59980,17209,258.319,21326044.02040,0
1763741280000,82651.10,83062.30,82644.40,82813.30,713.487,1763741339999,59127950.64350,19259,451.907,37452149.80870,0
1763741340000,82813.20,82900.00,82670.60,82864.60,303.041,1763741399999,25086521.63160,13022,155.666,12886358.22670,0
1763741400000,82864.60,82988.10,82799.50,82865.00,636.500,1763741459999,52766404.23240,16845,249.652,20699708.90950,0
1763741460000,82865.10,82953.70,82712.90,82798.70,345.067,1763741519999,28576645.35780,13391,151.843,12575238.86040,0
1763741520000,82798.80,82803.40,82616.30,82689.70,248.579,1763741579999,20557051.86900,10637,116.699,9651054.30750,0
1763741580000,82690.00,82970.00,82689.90,82936.00,364.510,1763741639999,30211934.53110,12539,150.484,12471021.96080,0
1763741640000,82936.40,82957.40,82762.40,82901.20,268.026,1763741699999,22208756.39150,10944,138.503,11476235.12720,0
1763741700000,82901.20,82908.80,82803.00,82885.30,268.156,1763741759999,22217896.36150,11246,119.687,9916683.81340,0
1763741760000,82885.30,82928.90,82717.30,82898.70,349.562,1763741819999,28955386.18550,13151,139.881,11586510.17980,0
1763741820000,82898.60,83109.60,82778.50,82865.40,653.816,1763741879999,54231382.09120,17247,354.280,29388187.71690,0
1763741880000,82865.50,82881.40,82549.30,82565.10,529.358,1763741939999,43756080.84920,14114,206.701,17085742.04040,0
1763741940000,82565.10,82726.80,82513.20,82718.20,321.002,1763741999999,26517620.26300,11670,184.662,15255975.99670,0
1763742000000,82717.70,82950.00,82692.60,82911.50,339.948,1763742059999,28161349.67540,15164,193.195,16003650.46060,0
1763742060000,82911.80,83195.20,82816.60,83149.90,811.891,1763742119999,67413867.01280,17549,527.361,43790643.15600,0
1763742120000,83149.90,83248.60,82938.00,82961.40,1186.837,1763742179999,98673486.96400,15985,318.611,26489439.90860,0
1763742180000,82961.40,83016.10,82842.60,82939.30,244.389,1763742239999,20269202.76560,9293,108.751,9020176.47640,0
1763742240000,82939.30,83115.60,82939.30,83059.90,169.905,1763742299999,14111582.95810,8061,107.658,8941014.04530,0
1763742300000,83059.50,83171.00,82977.80,83160.60,261.889,1763742359999,21752936.45860,9534,135.928,11289518.03010,0
1763742360000,83160.50,83204.50,83103.70,83104.20,322.367,1763742419999,26804090.64620,8923,188.579,15678999.26050,0
1763742420000,83104.10,83195.80,83086.60,83148.70,176.942,1763742479999,14713462.27470,7627,114.156,9492592.22070,0
1763742480000,83148.60,83337.70,83042.50,83165.90,955.845,1763742539999,79548636.94570,15215,717.263,59698227.53480,0
1763742540000,83165.80,83260.90,83072.10,83257.20,201.959,1763742599999,16795387.49980,7743,124.183,10327830.20730,0
1763742600000,83257.20,83324.80,83148.80,83148.80,449.579,1763742659999,37426418.81160,13954,263.099,21902402.82520,0
1763742660000,83155.00,83161.60,83028.00,83033.00,232.150,1763742719999,19292173.38190,10864,103.161,8572460.11040,0
1763742720000,83033.00,83136.00,82913.50,83082.00,245.989,1763742779999,20423246.69730,11366,116.205,9648045.67220,0
1763742780000,83081.90,83235.40,83071.50,83156.40,197.991,1763742839999,16465945.24340,8491,112.967,9394997.79180,0
1763742840000,83149.40,83231.00,83093.80,83093.80,236.168,1763742899999,19644203.31890,7178,128.718,10704788.12340,0
1763742900000,83093.90,83191.60,83085.00,83124.20,115.886,1763742959999,9634756.48680,7161,62.444,5191566.59590,0
1763742960000,83124.20,83440.30,83108.50,83371.80,389.138,1763743019999,32438744.14860,10329,271.065,22597887.23400,0
1763743020000,83371.80,83611.10,83361.00,83585.10,844.028,1763743079999,70514830.52000,16440,592.084,49465825.83540,0
1763743080000,83585.00,83783.90,83552.00,83731.10,990.405,1763743139999,82841041.55820,15796,726.017,60725590.13600,0
1763743140000,83731.00,83757.80,83500.00,83528.50,386.867,1763743199999,32341295.62740,9603,161.259,13479152.74430,0
1763743200000,83528.50,83677.80,83523.00,83637.00,396.062,1763743259999,33114829.91610,10069,231.335,19343706.22700,0
1763743260000,83637.00,83666.00,83525.50,83547.70,172.756,1763743319999,14440368.49820,7765,84.516,7064192.23180,0
1763743320000,83547.70,83585.90,83457.00,83469.90,261.173,1763743379999,21812765.81090,8060,112.612,9405276.55940,0
1763743380000,83469.90,83497.20,83401.20,83401.30,162.163,1763743439999,13531614.15880,6238,76.755,6404910.27690,0
1763743440000,83401.20,83401.30,83213.20,83339.30,622.024,1763743499999,51797673.28340,12162,200.703,16712938.77970,0
1763743500000,83339.40,83339.40,83100.00,83221.70,209.361,1763743559999,17418964.80890,8868,82.922,6898614.87350,0
1763743560000,83221.70,83442.90,83198.30,83349.00,237.593,1763743619999,19807871.80640,9225,120.166,10017996.38190,0
1763743620000,83349.40,83569.50,83349.00,83560.30,175.421,1763743679999,14642503.14610,6891,102.038,8517476.59990,0
1763743680000,83560.30,83786.00,83560.20,83744.20,492.760,1763743739999,41251389.15730,10893,352.608,29517504.90030,0
1763743740000,83744.30,83861.60,83744.30,83819.70,488.275,1763743799999,40922212.49130,10765,301.199,25243318.63820,0
1763743800000,83819.80,83898.10,83711.30,83877.90,321.222,1763743859999,26922450.05310,10152,194.038,16262623.40530,0
1763743860000,83877.90,84072.70,83877.80,84055.40,764.451,1763743919999,64190806.64240,16122,529.575,44468783.60490,0
1763743920000,84055.40,84444.00,84019.00,84437.60,1764.848,1763743979999,148709543.47720,24793,1346.453,113455568.16530,0
1763743980000,84437.60,84500.00,84290.90,84431.20,806.431,1763744039999,68057441.60710,15770,471.133,39759701.87870,0
1763744040000,84431.10,84484.70,84319.00,84357.90,307.530,1763744099999,25950601.04630,10122,138.841,11716257.45500,0
1763744100000,84357.80,84566.90,84356.50,84492.70,816.164,1763744159999,68956792.45410,14095,594.404,50220512.81640,0
1763744160000,84492.70,84742.30,84492.70,84691.70,543.412,1763744219999,46011382.50690,14254,305.951,25901398.07930,0
1763744220000,84691.70,84694.20,84515.10,84619.10,299.872,1763744279999,25367435.78830,10107,131.414,11117567.43760,0
1763744280000,84619.00,84808.60,84619.00,84762.00,390.595,1763744339999,33102828.56500,10123,244.520,20724465.58410,0
1763744340000,84762.30,84900.10,84758.10,84883.10,535.355,1763744399999,45418279.33070,9667,323.676,27461715.98330,0
1763744400000,84883.00,84945.70,84682.00,84799.70,992.348,1763744459999,84162257.88380,19304,601.644,51030771.27760,0
1763744460000,84799.70,84808.10,84524.50,84622.10,882.923,1763744519999,74730952.72290,18203,277.950,23532260.14080,0
1763744520000,84622.10,84832.20,84603.90,84687.60,397.469,1763744579999,33670755.21020,13708,172.948,14649518.84840,0
1763744580000,84687.60,84906.60,84687.60,84888.00,289.544,1763744639999,24559434.40010,10767,189.245,16053836.72090,0
1763744640000,84888.00,84976.20,84843.40,84954.00,217.278,1763744699999,18451036.16640,8665,131.202,11142321.54790,0
1763744700000,84954.10,85000.00,84836.70,84957.00,234.018,1763744759999,19873471.82160,10522,122.412,10395846.34860,0
1763744760000,84957.00,85148.10,84952.00,85096.40,561.718,1763744819999,47780006.87490,13742,381.169,32421337.40800,0
1763744820000,85097.50,85500.00,85051.00,85387.40,1591.369,1763744879999,135808769.75630,21497,1170.215,99878570.51030,0
1763744880000,85387.40,85387.40,85169.70,85280.50,455.993,1763744939999,38878512.39610,10972,225.472,19222140.36610,0
1763744940000,85280.50,85440.00,85269.40,85340.10,398.790,1763744999999,34053010.17220,8691,181.894,15530161.82260,0
1763745000000,85340.00,85340.00,85072.70,85193.60,456.867,1763745059999,38910322.72600,10961,221.557,18868577.91640,0
1763745060000,85193.60,85293.10,85109.70,85212.70,318.436,1763745119999,27131048.31120,8889,176.564,15042341.60900,0
1763745120000,85212.70,85270.40,85021.90,85124.90,458.679,1763745179999,39044424.81030,10650,156.569,13329493.82020,0
1763745180000,85124.90,85208.80,85001.50,85125.50,324.745,1763745239999,27639710.24920,8419,148.984,12680666.77610,0
1763745240000,85125.50,85205.50,85075.90,85106.00,238.681,1763745299999,20320017.98540,7345,125.680,10698563.00980,0
1763745300000,85106.00,85284.80,85086.90,85161.50,236.173,1763745359999,20124134.47280,8946,110.317,9398931.42030,0
1763745360000,85161.50,85252.20,85052.00,85123.80,237.473,1763745419999,20216676.73540,9177,97.631,8311544.04130,0
1763745420000,85124.90,85260.00,84925.00,85108.70,491.543,1763745479999,41814651.66380,11719,196.352,16707047.13110,0
1763745480000,85108.10,85367.80,85100.00,85333.20,321.381,1763745539999,27413853.90280,10187,141.143,12039443.80120,0
1763745540000,85333.20,85416.00,85074.50,85097.10,373.362,1763745599999,31818800.46350,12940,173.004,14749484.57760,0
1763745600000,85097.10,85099.60,84902.20,85003.40,458.769,1763745659999,38994825.10230,13668,178.368,15162789.74710,0
1763745660000,85003.50,85216.10,84992.70,85033.20,489.292,1763745719999,41639165.18690,14002,205.488,17488648.80670,0
1763745720000,85033.10,85250.00,85033.10,85154.20,211.146,1763745779999,17983090.41400,9706,98.047,8350041.97350,0
1763745780000,85154.20,85322.80,85087.70,85322.80,257.392,1763745839999,21936584.61960,8666,160.905,13715062.37700,0
1763745840000,85322.70,85416.90,85300.00,85366.50,382.039,1763745899999,32609708.25920,9780,224.749,19184506.73760,0
1763745900000,85366.50,85548.40,85290.00,85390.60,626.592,1763745959999,53540617.10840,15108,363.698,31082592.67070,0
1763745960000,85390.60,85397.60,85260.10,85269.00,190.748,1763746019999,16279649.04600,8413,80.837,6899321.04710,0
1763746020000,85268.90,85269.00,85042.90,85123.10,346.925,1763746079999,29535690.33130,9930,127.592,10862832.48240,0
1763746080000,85123.20,85131.00,85006.00,85057.70,344.789,1763746139999,29324515.31240,8515,122.194,10393989.32040,0
1763746140000,85057.70,85200.00,85057.70,85162.90,180.711,1763746199999,15388528.52190,5776,79.041,6730276.49190,0
1763746200000,85162.90,85302.00,85162.90,85285.80,208.443,1763746259999,17768337.13080,7519,101.403,8643555.69770,0
1763746260000,85285.80,85389.90,85251.90,85251.90,195.881,1763746319999,16714772.76800,7455,104.051,8879319.24480,0
1763746320000,85251.90,85307.50,85162.10,85307.40,148.340,1763746379999,12643740.15440,7706,70.334,5995634.96530,0
1763746380000,85307.30,85386.40,85303.60,85377.30,114.169,1763746439999,9743576.79420,5688,47.415,4046430.49990,0
1763746440000,85378.40,85449.90,85358.50,85387.50,198.052,1763746499999,16913807.49910,6777,87.004,7429988.21410,0
1763746500000,85387.50,85432.50,85284.00,85354.90,218.105,1763746559999,18619373.66040,7824,105.203,8981319.48830,0
1763746560000,85354.90,85436.80,85313.10,85436.60,232.824,1763746619999,19879070.53480,8132,151.817,12963454.53990,0
1763746620000,85436.50,85436.50,85206.50,85210.30,248.005,1763746679999,21166823.89140,7742,64.181,5477331.36480,0
1763746680000,85210.40,85250.50,85026.50,85100.40,358.020,1763746739999,30476415.59470,9948,115.077,9794885.81290,0
1763746740000,85100.50,85236.90,85100.20,85139.70,293.174,1763746799999,24964719.70460,8288,129.712,11045882.41130,0
1763746800000,85139.80,85165.60,85032.00,85050.60,344.217,1763746859999,29287995.27220,8668,113.018,9617173.50970,0
1763746860000,85050.60,85176.80,84941.10,85176.80,380.228,1763746919999,32334013.00470,9441,132.109,11235906.95340,0
1763746920000,85176.90,85232.20,85152.80,85200.00,323.322,1763746979999,27545132.10560,5162,233.399,19885015.73640,0
1763746980000,85200.00,85200.00,85142.20,85163.90,484.465,1763747039999,41272952.53140,4645,356.616,30382290.50250,0
1763747040000,85163.90,85164.00,85094.30,85142.40,103.888,1763747099999,8844610.85800,3248,27.976,2381762.22790,0
1763747100000,85142.40,85346.80,85140.80,85299.30,813.397,1763747159999,69321230.24120,7999,718.561,61233900.36510,0
1763747160000,85299.30,85309.60,85070.50,85140.00,200.710,1763747219999,17091079.34210,6708,47.815,4070638.07720,0
1763747220000,85140.00,85205.10,85092.40,85187.30,144.906,1763747279999,12340227.26910,6729,69.105,5884881.97160,0
1763747280000,85187.40,85251.60,85131.40,85251.50,131.786,1763747339999,11229801.01860,5556,60.195,5128988.86210,0
1763747340000,85251.60,85322.10,85243.00,85284.10,180.776,1763747399999,15415802.84480,5066,65.856,5616347.58120,0
1763747400000,85284.10,85284.10,85144.00,85150.40,94.332,1763747459999,8035500.01340,4719,25.001,2129465.27060,0
1763747460000,85150.50,85230.00,85127.80,85190.10,99.370,1763747519999,8464097.84220,4486,42.365,3608297.27040,0
1763747520000,85190.00,85190.00,84970.50,84977.80,346.221,1763747579999,29443555.22830,8030,67.499,5741363.39390,0
1763747580000,84977.80,85014.80,84853.90,84865.80,453.926,1763747639999,38554650.71660,9305,112.411,9547929.39380,0
1763747640000,84865.80,84921.60,84742.60,84831.10,713.431,1763747699999,60525066.28100,11223,300.778,25512896.67980,0
1763747700000,84831.20,85040.50,84831.10,84962.40,291.340,1763747759999,24758455.21590,7734,120.047,10201378.84160,0
1763747760000,84962.50,84962.50,84841.20,84882.50,305.429,1763747819999,25924070.22090,6197,105.677,8968835.34670,0
1763747820000,84882.50,84959.50,84836.60,84932.30,211.965,1763747879999,17994536.17370,5532,96.322,8177233.25080,0
1763747880000,84932.40,84993.20,84861.60,84874.60,93.801,1763747939999,7965395.89720,4152,40.425,3432808.05080,0
1763747940000,84874.50,84915.00,84794.50,84842.70,293.012,1763747999999,24858297.61470,5736,94.705,8035116.92640,0
1763748000000,84842.80,84918.60,84761.20,84765.70,243.238,1763748059999,20639515.31220,7065,74.429,6315913.44280,0
1763748060000,84765.60,84778.50,84661.40,84720.00,354.221,1763748119999,30008211.09310,9051,117.742,9974045.51240,0
1763748120000,84720.00,84720.00,84532.90,84577.50,483.561,1763748179999,40911911.67810,11041,133.572,11301454.74830,0
1763748180000,84577.60,84606.70,84290.40,84389.10,1265.716,1763748239999,106864813.06520,16397,242.757,20504284.40640,0
1763748240000,84389.10,84389.20,84163.80,84200.70,738.227,1763748299999,62221804.17510,12269,252.286,21264709.00520,0
1763748300000,84200.60,84276.10,83969.70,83983.80,1172.196,1763748359999,98595042.04640,18204,404.454,34023991.31050,0
1763748360000,83983.80,84231.00,83883.20,84114.50,452.104,1763748419999,37995277.93140,14568,242.072,20346638.08450,0
1763748420000,84114.50,84128.70,83866.00,83966.70,926.281,1763748479999,77770986.54860,14274,196.424,16491619.59880,0
1763748480000,83966.60,83975.80,83699.80,83877.10,684.608,1763748539999,57375953.54050,16426,283.064,23723680.56540,0
1763748540000,83877.10,84129.00,83836.80,84082.10,395.581,1763748599999,33237725.09770,12388,268.825,22589331.18860,0
1763748600000,84082.10,84082.10,83880.30,83915.00,250.915,1763748659999,21077309.02750,11162,88.336,7419473.98950,0
1763748660000,83914.90,84010.20,83752.80,83889.00,280.195,1763748719999,23496799.96890,11974,119.789,10046178.11810,0
1763748720000,83889.00,83889.00,83733.70,83755.70,189.957,1763748779999,15918299.66080,8378,73.788,6182634.67500,0
1763748780000,83755.70,83829.00,83508.10,83589.20,766.286,1763748839999,64087021.98290,16287,171.940,14384939.16240,0
1763748840000,83589.10,83652.70,83504.00,83630.30,252.090,1763748899999,21070522.11430,9113,131.918,11027146.80120,0
1763748900000,83630.20,83665.00,83510.00,83640.40,199.611,1763748959999,16687294.20380,9768,103.379,8642839.17860,0
1763748960000,83640.40,83746.40,83560.70,83688.10,479.265,1763749019999,40098447.25800,13142,300.749,25163224.29430,0
1763749020000,83688.10,83688.10,83365.20,83402.20,514.291,1763749079999,42929385.71000,15840,177.999,14860972.57860,0
1763749080000,83402.20,83461.50,83350.00,83450.10,439.132,1763749139999,36627294.77310,10120,171.853,14333693.12080,0
1763749140000,83450.00,83486.50,83418.20,83428.00,117.524,1763749199999,9807814.16720,5915,64.702,5399628.16100,0
1763749200000,83428.40,83429.90,83250.10,83304.00,436.979,1763749259999,36416393.23320,12920,167.055,13921592.49330,0
1763749260000,83304.10,83568.60,83296.00,83547.00,317.668,1763749319999,26517061.70860,10530,192.546,16073518.27160,0
1763749320000,83547.00,83559.80,83375.50,83453.60,218.922,1763749379999,18267141.68350,7126,107.591,8977105.73790,0
1763749380000,83453.50,83563.40,83405.50,83487.00,261.390,1763749439999,21826424.08960,6986,145.442,12146366.47810,0
1763749440000,83487.00,83625.70,83443.30,83595.20,374.047,1763749499999,31252549.54240,8288,283.181,23659521.39330,0
1763749500000,83595.20,83927.30,83538.40,83843.90,673.508,1763749559999,56434959.92630,16995,455.963,38207213.13460,0
1763749560000,83843.90,83887.30,83695.40,83752.30,315.046,1763749619999,26396751.11140,8626,152.900,12812443.91810,0
1763749620000,83752.40,83893.90,83749.90,83835.10,366.153,1763749679999,30687908.53780,10350,226.841,19011828.46510,0
1763749680000,83835.10,84154.40,83835.10,84032.40,540.791,1763749739999,45445500.07770,13301,349.056,29332655.53020,0
1763749740000,84032.50,84064.90,83933.00,84021.30,247.283,1763749799999,20774075.91910,7528,135.436,11377214.13990,0
1763749800000,84021.30,84138.40,83932.60,84088.20,329.071,1763749859999,27654730.60560,10895,185.052,15552653.55950,0
1763749860000,84088.20,84230.90,84088.10,84209.90,318.280,1763749919999,26789081.14930,9693,218.745,18411122.87040,0
1763749920000,84210.00,84365.50,84171.20,84358.90,413.617,1763749979999,34864788.56240,9838,281.020,23687531.61730,0
1763749980000,84358.80,84381.50,84127.40,84155.50,387.008,1763750039999,32604474.42390,10872,151.118,12732519.19090,0
1763750040000,84155.50,84254.60,84155.50,84249.70,141.056,1763750099999,11877833.92700,6504,58.710,4943861.77700,0
1763750100000,84249.70,84300.00,84225.90,84299.90,245.898,1763750159999,20721067.54380,6382,166.748,14051435.53150,0
1763750160000,84300.00,84541.20,84300.00,84439.50,546.629,1763750219999,46154401.66960,10949,341.128,28799437.33350,0
1763750220000,84439.50,84508.20,84423.00,84469.00,151.245,1763750279999,12774463.59200,5984,93.501,7897169.38200,0
1763750280000,84469.10,84544.50,84447.20,84481.00,327.679,1763750339999,27685027.36660,6972,138.189,11674981.08890,0
1763750340000,84480.80,84521.40,84444.70,84479.20,137.412,1763750399999,11608408.53740,4869,73.174,6181728.58520,0
1763750400000,84479.20,84500.00,84305.70,84343.40,263.206,1763750459999,22211512.28130,9917,93.976,7930274.81030,0
1763750460000,84343.50,84366.90,84029.30,84321.60,966.066,1763750519999,81344039.14210,14850,180.679,15219226.38530,0
1763750520000,84321.60,84344.60,84235.60,84304.00,171.783,1763750579999,14481062.15600,5807,67.631,5700761.94310,0
1763750580000,84304.00,84427.00,84303.90,84423.10,155.428,1763750639999,13113392.83580,5460,82.976,7000229.68800,0
1763750640000,84423.10,84491.40,84393.30,84487.00,157.169,1763750699999,13271336.82410,4307,102.972,8695275.36280,0
1763750700000,84487.10,84550.00,84354.90,84405.80,240.369,1763750759999,20302078.65420,7386,84.190,7111089.17230,0
1763750760000,84405.80,84465.20,84378.50,84388.70,124.377,1763750819999,10499373.75710,5826,43.171,3644510.10010,0
1763750820000,84388.80,84527.60,84361.90,84512.80,136.871,1763750879999,11556803.69260,6919,91.013,7685325.27900,0
1763750880000,84512.80,84998.20,84503.30,84886.40,782.927,1763750939999,66421923.52730,20763,525.555,44582796.51600,0
1763750940000,84886.40,85055.60,84728.70,84757.40,526.883,1763750999999,44739926.04000,14732,342.592,29094159.86970,0
1763751000000,84757.50,84962.40,84757.50,84826.80,304.188,1763751059999,25821884.30510,12324,148.571,12612137.91090,0
1763751060000,84826.90,84934.50,84727.00,84811.70,226.489,1763751119999,19217124.67660,10585,117.915,10004611.86630,0
1763751120000,84811.80,84811.80,84624.60,84675.40,376.914,1763751179999,31918482.98730,12455,115.921,9816414.00580,0
1763751180000,84675.50,84818.20,84675.50,84739.60,160.617,1763751239999,13613620.31970,7826,86.905,7365551.68220,0
1763751240000,84739.50,84739.50,84501.90,84637.60,278.865,1763751299999,23592200.66450,10128,92.226,7802546.08420,0
1763751300000,84637.60,84669.00,84562.40,84660.70,142.766,1763751359999,12080197.39300,5689,71.760,6071734.13410,0
1763751360000,84660.70,84704.00,84557.90,84597.40,156.325,1763751419999,13228797.71180,6926,56.381,4772430.30910,0
1763751420000,84597.50,84612.10,84457.50,84550.50,216.092,1763751479999,18267153.36850,5678,90.051,7612429.51290,0
1763751480000,84550.50,84592.60,84510.90,84575.40,111.676,1763751539999,9442462.40950,3951,58.719,4964674.04480,0
1763751540000,84575.40,84590.90,84526.30,84534.20,165.170,1763751599999,13966470.07070,4853,115.858,9796737.17360,0
1763751600000,84534.20,84610.10,84526.70,84556.70,134.690,1763751659999,11389774.05750,5433,58.111,4914255.34380,0
1763751660000,84556.60,84612.70,84395.90,84399.90,208.897,1763751719999,17652627.53540,8404,79.927,6756747.43160,0
1763751720000,84399.90,84534.30,84399.90,84506.30,260.805,1763751779999,22023174.92530,7894,147.656,12466483.67610,0
1763751780000,84506.30,84668.00,84478.80,84652.20,175.678,1763751839999,14861890.30400,7603,121.260,10259166.49670,0
1763751840000,84652.20,84732.90,84583.30,84698.80,157.259,1763751899999,13315532.63450,6183,90.068,7626467.23070,0
1763751900000,84698.80,84746.10,84622.20,84629.30,143.266,1763751959999,12132136.52570,5632,79.591,6740776.86500,0
1763751960000,84629.30,84629.30,84517.90,84560.90,122.114,1763752019999,10326330.28510,5531,59.110,4998175.46260,0
1763752020000,84560.80,84593.40,84522.10,84533.10,81.652,1763752079999,6904643.10140,4783,30.895,2612451.74960,0
1763752080000,84533.00,84578.90,84502.60,84571.40,100.827,1763752139999,8523771.09490,4635,37.597,3178420.27350,0
1763752140000,84571.40,84797.50,84571.40,84772.60,166.216,1763752199999,14083427.28350,6321,111.083,9412173.83830,0
1763752200000,84772.70,84852.00,84676.40,84705.30,179.465,1763752259999,15214466.67030,5877,93.151,7898162.60310,0
1763752260000,84705.40,84740.10,84608.10,84692.90,210.073,1763752319999,17788322.24580,7473,112.660,9538835.65050,0
1763752320000,84693.00,84705.20,84566.50,84570.50,83.106,1763752379999,7034259.05250,4599,32.572,2757134.94050,0
1763752380000,84570.60,84570.60,84455.50,84466.90,169.779,1763752439999,14345914.93530,5912,44.240,3737965.52110,0
1763752440000,84466.90,84554.70,84444.00,84517.70,69.383,1763752499999,5863342.50650,3328,21.491,1816129.54590,0
1763752500000,84517.70,84517.70,84430.10,84513.10,80.238,1763752559999,6778002.42130,4598,34.306,2897877.92460,0
1763752560000,84512.90,84647.20,84512.90,84647.20,88.193,1763752619999,7459333.40040,3942,66.870,5655916.19170,0
1763752620000,84647.10,84671.00,84600.00,84666.00,78.624,1763752679999,6653963.96700,3702,45.925,3886511.08370,0
1763752680000,84666.00,84666.10,84500.00,84530.70,134.269,1763752739999,11352262.63710,5040,36.688,3102052.99850,0
1763752740000,84530.60,84718.00,84524.30,84718.00,102.685,1763752799999,8691333.17750,4647,67.171,5684591.47330,0
1763752800000,84718.00,84860.00,84661.50,84853.90,160.684,1763752859999,13624350.48450,5789,102.958,8730291.80230,0
1763752860000,84854.00,84922.00,84851.80,84918.70,174.705,1763752919999,14832731.41620,4362,118.697,10077898.85290,0
1763752920000,84918.70,84978.90,84793.00,84820.00,374.973,1763752979999,31836830.28880,6861,101.947,8655237.78430,0
1763752980000,84819.40,84845.00,84709.20,84838.00,144.607,1763753039999,12260509.88120,5022,74.142,6287572.10850,0
1763753040000,84838.00,84903.30,84760.00,84864.00,86.588,1763753099999,7346432.81760,4225,57.535,4881714.88220,0
1763753100000,84864.00,84982.00,84864.00,84926.50,78.118,1763753159999,6634822.19900,3778,44.993,3821083.00000,0
1763753160000,84926.50,84961.20,84902.70,84925.30,87.980,1763753219999,7472729.39180,3255,35.121,2982885.42970,0
1763753220000,84925.30,84928.30,84895.00,84899.20,71.647,1763753279999,6083393.52600,2395,21.033,1785880.86480,0
1763753280000,84899.30,84899.30,84789.40,84840.30,92.162,1763753339999,7817761.24760,3276,23.071,1957008.40230,0
1763753340000,84840.40,84884.00,84828.00,84848.50,44.940,1763753399999,3813395.72380,2607,25.863,2194572.98800,0
1763753400000,84848.50,84956.00,84824.50,84839.90,145.190,1763753459999,12326369.31060,5425,49.726,4221068.60940,0
1763753460000,84839.90,84860.00,84666.00,84685.00,155.233,1763753519999,13154608.00900,6535,72.103,6110245.84720,0
1763753520000,84685.00,84750.80,84636.00,84702.50,261.885,1763753579999,22180533.32960,7080,128.582,10890817.47290,0
1763753580000,84702.60,84725.20,84609.60,84609.70,168.110,1763753639999,14231287.89810,4933,46.004,3894325.24840,0
1763753640000,84609.60,84637.10,84584.20,84609.80,110.249,1763753699999,9327856.27850,3153,51.135,4326481.76690,0
1763753700000,84609.80,84691.30,84609.20,84691.30,72.318,1763753759999,6120732.29250,3425,44.131,3734983.53650,0
1763753760000,84691.50,84799.80,84691.50,84713.10,97.285,1763753819999,8244317.44290,4788,50.183,4252554.62120,0
1763753820000,84713.00,84783.20,84664.30,84783.20,126.904,1763753879999,10752412.81450,4297,86.247,7307772.38900,0
1763753880000,84783.30,84827.40,84770.00,84802.10,57.485,1763753939999,4874948.64170,3474,34.835,2954105.46640,0
1763753940000,84802.00,84815.00,84701.90,84702.00,59.685,1763753999999,5059638.91670,3148,27.774,2354455.63900,0
1763754000000,84701.90,84738.30,84634.80,84639.20,127.878,1763754059999,10829285.78000,4715,41.399,3505543.36130,0
1763754060000,84639.20,84658.70,84556.00,84630.00,164.227,1763754119999,13891990.67150,4661,74.098,6268325.42630,0
1763754120000,84630.00,84654.00,84586.90,84622.10,109.541,1763754179999,9269976.33990,3245,78.003,6600870.67780,0
1763754180000,84622.20,84622.30,84390.30,84408.90,384.575,1763754239999,32481390.91260,7330,106.224,8970035.10780,0
1763754240000,84408.70,84442.30,84304.90,84407.80,219.528,1763754299999,18516489.00610,6429,68.073,5741740.72210,0
1763754300000,84408.10,84419.40,84303.10,84343.90,164.591,1763754359999,13884799.53340,5619,55.288,4663600.54800,0
1763754360000,84343.90,84375.00,84201.10,84231.50,335.528,1763754419999,28277320.10570,7475,86.622,7300186.03670,0
1763754420000,84231.50,84326.40,84172.40,84323.90,184.181,1763754479999,15514287.60060,6270,88.229,7431863.01650,0
1763754480000,84323.90,84396.00,84254.20,84347.90,117.774,1763754539999,9929739.96260,4863,71.119,5996285.24770,0
1763754540000,84348.00,84403.80,84294.00,84331.20,70.977,1763754599999,5986826.30240,3931,35.505,2994803.27910,0
1763754600000,84331.20,84370.40,84263.70,84287.50,70.784,1763754659999,5968325.00650,4169,27.939,2356089.70390,0
1763754660000,84287.50,84287.50,84211.00,84215.80,109.017,1763754719999,9184517.90390,4257,45.506,3833571.18250,0
1763754720000,84215.90,84269.20,84140.40,84205.50,86.099,1763754779999,7249493.51330,5151,37.071,3121508.24130,0
1763754780000,84205.60,84205.60,84071.60,84089.40,201.935,1763754839999,16985522.10980,5387,50.682,4263620.75510,0
1763754840000,84089.50,84153.80,84025.90,84140.00,108.661,1763754899999,9137455.00600,4609,51.347,4318253.63300,0
1763754900000,84139.90,84329.00,84139.90,84308.00,125.632,1763754959999,10587484.07630,5388,65.930,5555544.01880,0
1763754960000,84308.00,84324.50,84214.00,84225.10,80.014,1763755019999,6741841.88970,4093,39.920,3363283.10220,0
1763755020000,84225.00,84230.70,84127.40,84188.00,55.824,1763755079999,4698233.39770,2921,35.115,2955350.04210,0
1763755080000,84188.00,84230.70,84153.80,84153.80,69.697,1763755139999,5868113.19110,2731,42.136,3547485.20380,0
1763755140000,84153.80,84189.70,84136.80,84167.20,111.433,1763755199999,9378912.14080,2408,91.030,7661647.64000,0
1763755200000,84167.10,84227.60,84138.00,84189.90,96.082,1763755259999,8088370.06470,4933,53.015,4462940.21940,0
1763755260000,84189.80,84337.50,84152.90,84305.00,113.127,1763755319999,9530016.37880,5570,55.089,4641257.43390,0
1763755320000,84305.10,84306.50,84163.90,84203.20,117.721,1763755379999,9916205.40710,6410,41.586,3502777.47070,0
1763755380000,84203.30,84300.00,84179.30,84286.30,75.389,1763755439999,6352693.98010,4776,36.936,3112457.99190,0
1763755440000,84286.40,84286.40,84137.50,84151.00,63.681,1763755499999,5361486.14550,3886,27.285,2297298.60180,0
1763755500000,84150.90,84153.70,84001.00,84028.10,198.617,1763755559999,16693958.26590,7276,91.254,7669373.58320,0
1763755560000,84028.10,84067.30,83956.70,83967.20,141.405,1763755619999,11879677.73590,5907,70.739,5943345.63860,0
1763755620000,83967.30,84043.40,83865.40,83873.20,205.098,1763755679999,17219587.45100,6694,72.902,6122117.76270,0
1763755680000,83873.20,83893.60,83817.80,83892.30,268.428,1763755739999,22508226.23340,7006,118.958,9975180.62370,0
1763755740000,83892.40,83899.90,83848.00,83891.20,131.803,1763755799999,11053980.36260,4587,72.005,6038366.16220,0
1763755800000,83891.30,83978.10,83891.30,83971.60,94.050,1763755859999,7893032.49550,4492,52.042,4367505.71970,0
1763755860000,83971.50,84053.60,83971.50,84051.90,80.692,1763755919999,6780038.13420,4294,55.459,4659834.83220,0
1763755920000,84051.90,84315.70,84049.90,84176.50,232.845,1763755979999,19608787.79600,8919,135.047,11373011.43370,0
1763755980000,84176.50,84176.50,84051.00,84078.40,91.086,1763756039999,7658897.81420,3963,50.282,4227697.72160,0
1763756040000,84078.50,84172.40,84078.40,84172.20,64.450,1763756099999,5421795.25550,3135,38.736,3258536.24080,0
1763756100000,84172.30,84177.00,83960.10,83960.10,117.724,1763756159999,9895743.09230,5044,36.579,3075598.87960,0
1763756160000,83960.10,83960.10,83898.00,83925.40,89.818,1763756219999,7537045.28030,3781,56.427,4735057.82690,0
1763756220000,83925.40,83936.90,83841.60,83887.50,86.942,1763756279999,7293610.46360,4450,30.631,2569482.94170,0
1763756280000,83887.50,83900.00,83810.30,83820.00,96.312,1763756339999,8075858.96340,3827,53.460,4482331.61990,0
1763756340000,83820.10,83862.50,83733.60,83788.00,168.639,1763756399999,14128627.56920,5695,67.366,5643660.01330,0
1763756400000,83788.00,83805.80,83712.30,83788.00,109.785,1763756459999,9194778.83420,4741,60.171,5039616.65200,0
1763756460000,83788.00,83812.70,83738.40,83784.80,88.757,1763756519999,7435771.18860,4978,42.401,3552157.24100,0
1763756520000,83784.80,83849.90,83740.00,83813.90,124.538,1763756579999,10436593.01270,5166,79.026,6622185.18500,0
1763756580000,83814.00,83836.20,83676.00,83677.70,131.892,1763756639999,11042119.87350,5199,46.227,3870400.94660,0
1763756640000,83677.60,83677.60,83607.40,83660.80,194.822,1763756699999,16293966.82880,5484,75.182,6288085.92510,0
1763756700000,83660.80,83828.30,83660.80,83828.30,127.231,1763756759999,10658909.26930,5307,69.067,5785840.54240,0
1763756760000,83828.20,83868.00,83799.30,83837.90,95.208,1763756819999,7981364.12900,3634,60.078,5036345.21680,0
1763756820000,83837.90,83839.50,83612.00,83617.80,135.185,1763756879999,11316275.18420,5010,39.504,3306509.22260,0
1763756880000,83617.80,83625.00,83555.00,83619.80,178.043,1763756939999,14883915.04630,4483,106.522,8905086.88440,0
1763756940000,83619.80,83619.80,83452.80,83501.10,282.032,1763756999999,23555253.28150,6283,52.931,4421051.38700,0
1763757000000,83501.00,83541.40,83438.70,83468.40,170.266,1763757059999,14217386.71630,5823,91.825,7667797.79970,0
1763757060000,83468.20,83541.90,83455.60,83519.40,146.678,1763757119999,12247582.24580,4999,92.290,7706022.02190,0
1763757120000,83519.40,83541.80,83418.40,83433.80,129.954,1763757179999,10847406.17310,4613,62.330,5202153.54830,0
1763757180000,83433.70,83668.40,83426.40,83662.90,159.025,1763757239999,13288744.31120,7473,122.763,10259410.46730,0
1763757240000,83662.90,83684.80,83527.50,83537.90,168.164,1763757299999,14061551.26170,6129,85.756,7170813.34100,0
1763757300000,83537.90,83825.00,83534.00,83721.70,270.600,1763757359999,22663304.34520,9088,180.478,15114937.24300,0
1763757360000,83721.60,83765.00,83661.80,83693.30,331.086,1763757419999,27714327.52250,8487,163.638,13697800.08520,0
1763757420000,83693.30,83857.80,83657.30,83853.70,241.458,1763757479999,20228944.53870,7179,153.057,12824067.43540,0
1763757480000,83853.70,84136.90,83845.00,84136.80,507.263,1763757539999,42596002.68770,11871,350.206,29406501.41720,0
1763757540000,84136.90,84164.00,83943.70,83943.80,436.823,1763757599999,36718953.26640,8476,201.492,16936987.72970,0
1763757600000,83943.80,84050.00,83886.00,84046.00,184.157,1763757659999,15459804.89670,7199,119.554,10036976.10920,0
1763757660000,84046.10,84146.60,84006.60,84063.40,191.861,1763757719999,16130339.18520,7965,121.050,10176915.78770,0
1763757720000,84063.30,84149.00,84030.60,84030.60,185.324,1763757779999,15583466.61010,5953,120.070,10096812.60000,0
1763757780000,84030.10,84209.90,83961.60,84146.00,226.943,1763757839999,19092772.73820,8189,118.807,9994215.79460,0
1763757840000,84146.10,84231.60,84113.60,84205.80,235.514,1763757899999,19820625.18640,7360,178.435,15016983.28150,0
1763757900000,84205.80,84296.10,84185.10,84249.10,307.934,1763757959999,25942977.90000,8865,185.842,15656940.37260,0
1763757960000,84249.10,84440.50,84243.40,84432.70,262.837,1763758019999,22169216.18380,8005,174.078,14681935.55980,0
1763758020000,84432.70,84534.80,84315.70,84456.10,455.829,1763758079999,38483140.70470,10714,256.846,21684326.21950,0
1763758080000,84456.10,84555.00,84406.50,84555.00,176.705,1763758139999,14925584.44060,7634,101.605,8582546.37260,0
1763758140000,84555.00,84610.70,84502.20,84514.00,169.238,1763758199999,14308535.17980,6657,95.895,8107893.51400,0
1763758200000,84514.10,84604.80,84327.00,84327.00,290.928,1763758259999,24572210.05580,12576,142.453,12033327.66940,0
1763758260000,84327.10,84506.70,84324.50,84465.10,153.682,1763758319999,12972103.43930,6672,92.986,7849494.06450,0
1763758320000,84465.20,84503.20,84386.20,84386.30,132.906,1763758379999,11224233.73570,6728,66.877,5647780.38170,0
1763758380000,84386.20,84456.80,84350.30,84350.30,134.847,1763758439999,11379398.84320,5925,80.813,6819364.75350,0
1763758440000,84350.30,84466.00,84317.90,84466.00,132.027,1763758499999,11144490.29550,6596,77.906,6575734.79980,0
1763758500000,84466.10,84486.50,84226.10,84329.50,309.283,1763758559999,26092470.17900,9101,126.230,10644635.06290,0
1763758560000,84329.60,84544.20,84329.60,84534.30,101.840,1763758619999,8602718.53090,5733,52.654,4446938.58790,0
1763758620000,84534.30,84618.20,84471.20,84606.20,583.572,1763758679999,49344090.02190,7703,351.776,29740719.88790,0
1763758680000,84606.20,84607.50,84468.30,84502.60,208.278,1763758739999,17610379.39000,4056,75.223,6358646.56300,0
1763758740000,84502.60,84616.10,84344.50,84529.00,917.759,1763758799999,77561466.96880,13578,456.607,38589736.60700,0
1763758800000,84529.00,84600.00,84474.90,84590.00,204.298,1763758859999,17272871.05990,8780,142.783,12072138.27070,0
1763758860000,84590.10,84714.20,84590.10,84611.30,233.784,1763758919999,19794866.31750,7772,152.096,12877384.21380,0
1763758920000,84611.30,84652.00,84567.40,84586.10,93.525,1763758979999,7913895.03510,4564,54.421,4604866.25390,0
1763758980000,84586.20,84586.20,84432.30,84442.80,125.016,1763759039999,10562287.13100,6480,45.649,3856413.50670,0
1763759040000,84442.80,84476.90,84312.20,84476.80,173.557,1763759099999,14642702.71440,6394,48.118,4059725.85570,0
1763759100000,84476.90,84503.30,84398.90,84443.40,64.728,1763759159999,5467037.59120,4585,31.184,2633593.06060,0
1763759160000,84443.40,84594.70,84443.40,84535.30,54.648,1763759219999,4619818.07390,4362,33.474,2829661.06700,0
1763759220000,84535.30,84553.10,84475.50,84544.30,51.982,1763759279999,4393063.84760,3855,24.467,2067655.92880,0
1763759280000,84544.30,84544.30,84470.40,84520.00,91.289,1763759339999,7715300.30630,3526,33.271,2811542.18170,0
1763759340000,84519.90,84542.70,84436.00,84447.30,40.700,1763759399999,3439338.50120,3147,16.971,1434100.48700,0
1763759400000,84447.40,84557.90,84414.80,84557.80,70.519,1763759459999,5957300.05420,3768,35.431,2993276.26150,0
1763759460000,84557.90,84604.00,84485.40,84485.40,75.773,1763759519999,6407902.71730,3970,32.991,2790078.16980,0
1763759520000,84485.40,84509.50,84407.40,84496.60,45.473,1763759579999,3840650.55380,3752,22.658,1913496.80760,0
1763759580000,84496.60,84600.00,84496.50,84567.60,56.712,1763759639999,4796193.91560,3188,20.470,1730856.82520,0
1763759640000,84567.70,84600.00,84548.80,84571.80,40.459,1763759699999,3421853.34470,2075,16.661,1409035.46730,0
1763759700000,84571.80,84605.70,84466.70,84466.70,46.938,1763759759999,3968685.84300,3263,22.344,1889435.59060,0
1763759760000,84466.40,84486.50,84384.90,84402.60,156.983,1763759819999,13253313.36530,4701,37.283,3147048.98710,0
1763759820000,84402.60,84555.70,84402.60,84555.30,59.830,1763759879999,5053791.11620,3138,38.994,3293493.49050,0
1763759880000,84555.30,84600.00,84408.20,84408.80,91.472,1763759939999,7729453.99460,3734,14.818,1252450.06610,0
1763759940000,84408.70,84526.50,84408.10,84473.40,57.028,1763759999999,4818075.76640,3578,35.471,2996739.98100,0
1763760000000,84473.50,84664.60,84463.80,84652.50,78.501,1763760059999,6639910.38710,4496,51.844,4385348.92030,0
1763760060000,84652.50,84729.00,84631.90,84693.30,110.399,1763760119999,9349405.00430,4384,63.825,5405145.77620,0
1763760120000,84693.20,84791.10,84693.20,84775.70,130.905,1763760179999,11095011.87280,5131,91.199,7729448.56390,0
1763760180000,84775.80,84850.00,84767.20,84835.90,171.350,1763760239999,14533263.12110,3954,125.762,10666864.69640,0
1763760240000,84835.90,84845.10,84688.60,84705.60,98.752,1763760299999,8372462.45280,3920,40.001,3391445.75430,0
1763760300000,84705.60,84923.00,84690.60,84888.80,622.610,1763760359999,52821801.80210,9572,536.069,45478999.39570,0
1763760360000,84888.80,84920.30,84884.60,84893.60,91.681,1763760419999,7784176.89030,2719,47.906,4067455.21030,0
1763760420000,84893.70,84950.00,84893.60,84911.00,126.455,1763760479999,10739147.37530,2907,54.771,4651211.30440,0
1763760480000,84911.00,84920.00,84885.60,84906.90,60.147,1763760539999,5106647.51620,2112,30.077,2553601.26420,0
1763760540000,84906.90,84955.00,84906.90,84914.60,67.430,1763760599999,5727083.73350,2291,42.103,3575920.95990,0
1763760600000,84914.60,84954.50,84900.80,84954.50,86.514,1763760659999,7346765.24740,3097,52.934,4495048.43630,0
1763760660000,84954.40,84996.20,84945.60,84988.10,69.612,1763760719999,5915110.62570,2703,48.817,4148060.28950,0
1763760720000,84988.00,85054.20,84958.50,85025.90,155.802,1763760779999,13244088.55050,5556,114.909,9767736.69680,0
1763760780000,85025.80,85025.90,84953.00,84958.90,65.398,1763760839999,5557942.32330,3155,21.971,1867056.13990,0
1763760840000,84959.00,84959.00,84896.20,84950.60,101.890,1763760899999,8652293.62090,3239,32.797,2784896.86450,0
1763760900000,84950.70,85095.80,84950.70,85045.00,102.437,1763760959999,8712519.98190,4308,67.409,5733249.07340,0
1763760960000,85044.90,85246.60,85044.90,85182.60,237.412,1763761019999,20218728.25350,7313,172.968,14729693.37860,0
1763761020000,85182.60,85182.70,85054.50,85088.90,114.450,1763761079999,9739636.86720,4474,57.718,4911401.32350,0
1763761080000,85088.60,85164.70,85079.70,85164.70,41.871,1763761139999,3563809.89250,1679,28.972,2465870.42400,0
1763761140000,85164.60,85231.80,85138.20,85231.70,94.169,1763761199999,8021452.92340,3235,57.850,4927854.58270,0
1763761200000,85231.80,85300.00,85190.00,85283.10,143.828,1763761259999,12260926.51870,4538,99.255,8461238.46610,0
1763761260000,85283.10,85294.20,85220.80,85251.10,115.323,1763761319999,9831389.57820,3276,68.636,5850945.21230,0
1763761320000,85251.00,85356.00,85251.00,85318.90,133.393,1763761379999,11380481.18840,3850,111.812,9539184.69260,0
1763761380000,85318.90,85320.00,85288.00,85299.00,64.979,1763761439999,5543033.77220,1799,26.973,2300934.64120,0
1763761440000,85299.00,85299.10,85192.70,85215.10,135.848,1763761499999,11577272.48960,3600,47.103,4013747.60310,0
1763761500000,85215.50,85223.60,85141.20,85172.20,132.734,1763761559999,11308136.18800,4132,43.544,3709520.36170,0
1763761560000,85172.20,85201.10,85104.90,85105.00,92.607,1763761619999,7887770.79070,4569,38.529,3281820.47620,0
1763761620000,85105.00,85202.20,85105.00,85196.10,93.230,1763761679999,7939121.39130,3484,61.459,5233796.05310,0
1763761680000,85196.00,85298.90,85196.00,85281.60,63.381,1763761739999,5403992.67810,2546,29.107,2481517.71550,0
1763761740000,85281.50,85300.00,85220.60,85240.90,109.206,1763761799999,9311072.68910,3369,22.243,1896455.24840,0
1763761800000,85241.00,85267.60,85216.50,85240.60,35.847,1763761859999,3055896.52670,1938,20.375,1736914.14770,0
1763761860000,85240.50,85362.70,85232.00,85362.70,104.238,1763761919999,8889370.90370,3332,82.835,7063877.57700,0
1763761920000,85362.60,85374.50,85315.60,85349.90,219.271,1763761979999,18715861.38620,3884,78.608,6709330.99030,0
1763761980000,85349.80,85349.90,85302.80,85307.40,45.128,1763762039999,3850420.68900,1806,14.921,1273145.92020,0
1763762040000,85307.40,85307.40,85176.00,85199.90,98.294,1763762099999,8375459.40420,3744,24.250,2066028.08780,0
1763762100000,85200.00,85237.40,85086.20,85126.40,147.957,1763762159999,12599310.02420,4692,57.919,4933075.97930,0
1763762160000,85126.40,85242.90,85111.10,85201.00,169.028,1763762219999,14397635.74750,3856,111.107,9464223.70740,0
1763762220000,85201.10,85218.90,85162.60,85162.70,97.394,1763762279999,8297215.57020,2891,44.143,3760999.61220,0
1763762280000,85162.70,85190.80,85101.60,85120.90,96.221,1763762339999,8192156.63090,2904,31.004,2639866.15980,0
1763762340000,85120.90,85142.50,85102.10,85142.40,44.697,1763762399999,3804425.44520,1390,17.135,1458494.62250,0
1763762400000,85142.50,85174.70,85116.60,85149.40,61.897,1763762459999,5270269.06080,2378,31.412,2674409.84730,0
1763762460000,85149.40,85283.90,85149.30,85240.80,146.158,1763762519999,12455831.53540,4006,118.785,10122017.61770,0
1763762520000,85240.80,85320.60,85240.80,85300.00,41.278,1763762579999,3520899.52800,1937,26.689,2276423.64330,0
1763762580000,85300.10,85369.60,85283.10,85334.80,99.643,1763762639999,8502035.84300,2771,62.811,5359704.63800,0
1763762640000,85334.80,85334.90,85283.10,85283.10,44.466,1763762699999,3792825.57990,1568,17.567,1498480.32060,0
1763762700000,85283.20,85286.60,85152.00,85152.00,49.216,1763762759999,4195575.03630,2438,10.329,880493.42230,0
1763762760000,85152.00,85286.90,85133.90,85286.90,51.280,1763762819999,4368084.80380,2202,32.919,2804358.62570,0
1763762820000,85287.00,85291.20,85192.70,85249.80,42.357,1763762879999,3610848.87950,2679,13.311,1134641.76640,0
1763762880000,85249.80,85275.70,85217.10,85250.90,30.540,1763762939999,2603602.51730,1688,14.791,1261014.51820,0
1763762940000,85250.90,85268.20,85234.30,85250.80,47.015,1763762999999,4008134.96820,1454,27.221,2320724.68230,0
1763763000000,85250.70,85250.80,85227.50,85237.30,32.835,1763763059999,2798910.93240,1247,18.906,1611511.38680,0
1763763060000,85237.40,85237.40,85111.60,85111.60,44.328,1763763119999,3775128.27570,2045,5.409,460738.82020,0
1763763120000,85111.50,85113.70,85061.50,85080.00,151.481,1763763179999,12889653.12310,3536,56.926,4843614.52820,0
1763763180000,85079.90,85135.50,85033.40,85113.30,145.729,1763763239999,12399335.46690,3184,66.072,5621698.76250,0
1763763240000,85113.30,85146.40,85103.30,85120.20,71.022,1763763299999,6045682.24700,1649,31.579,2688225.09340,0
1763763300000,85120.20,85147.70,85043.10,85089.20,224.391,1763763359999,19095160.22090,4210,94.177,8014718.27350,0
1763763360000,85088.80,85142.50,85069.80,85124.40,104.418,1763763419999,8887163.27260,2456,32.941,2803316.01790,0
1763763420000,85124.50,85175.20,85091.50,85150.00,79.657,1763763479999,6781966.33690,2279,29.796,2536765.40230,0
1763763480000,85150.00,85150.00,85062.20,85074.20,34.361,1763763539999,2924327.40340,2067,7.390,628802.53960,0
1763763540000,85074.20,85145.90,85074.20,85092.20,53.694,1763763599999,4569912.69730,1946,17.454,1485381.41940,0
1763763600000,85092.20,85092.20,85038.30,85041.60,68.394,1763763659999,5817404.88470,1767,29.531,2511823.97000,0
1763763660000,85041.60,85085.50,85026.10,85052.50,60.387,1763763719999,5135665.97630,2332,26.558,2258468.17610,0
1763763720000,85052.40,85052.40,84967.20,84967.20,205.710,1763763779999,17486101.20770,3626,47.603,4046237.25490,0
1763763780000,84967.20,84967.30,84704.40,84754.20,472.708,1763763839999,40093706.52350,7883,94.816,8042450.36700,0
1763763840000,84754.30,84864.80,84733.70,84735.20,266.960,1763763899999,22638809.55310,4705,48.510,4112898.92520,0
1763763900000,84735.20,84788.00,84687.60,84765.00,289.099,1763763959999,24495945.30700,5525,103.824,8796902.70130,0
1763763960000,84765.00,84858.00,84763.00,84858.00,143.652,1763764019999,12182271.79280,2516,93.203,7904226.57760,0
1763764020000,84857.90,84985.60,84838.50,84903.20,138.709,1763764079999,11779794.66240,3458,92.214,7831727.85210,0
1763764080000,84903.20,84910.00,84807.10,84855.00,91.111,1763764139999,7731598.31790,2597,32.589,2764619.44140,0
1763764140000,84855.00,84888.50,84777.00,84780.30,81.973,1763764199999,6953669.61580,2312,19.974,1694422.16780,0
1763764200000,84780.30,84784.80,84531.10,84546.70,261.507,1763764259999,22130938.83040,5884,71.023,6009563.04880,0
1763764260000,84547.20,84579.60,84479.20,84508.40,173.660,1763764319999,14679368.65600,4506,95.454,8069499.30050,0
1763764320000,84508.40,84539.40,84451.30,84514.90,119.391,1763764379999,10088277.46140,3581,57.599,4866868.79380,0
1763764380000,84514.90,84514.90,84377.10,84402.70,97.528,1763764439999,8236012.62040,2779,20.781,1755013.28950,0
1763764440000,84402.70,84404.60,84378.20,84400.00,108.392,1763764499999,9147750.26270,1888,38.108,3216187.11610,0
1763764500000,84400.00,84400.10,84300.00,84300.00,132.280,1763764559999,11156216.76730,2365,34.956,2947837.48070,0
1763764560000,84300.00,84547.60,84299.00,84510.00,225.059,1763764619999,19007043.05840,5762,160.787,13578219.71470,0
1763764620000,84510.00,84650.00,84460.30,84533.00,169.893,1763764679999,14367326.88060,5542,100.297,8482062.69770,0
1763764680000,84533.00,84554.70,84370.10,84390.10,110.638,1763764739999,9344533.66230,3551,28.593,2415062.56540,0
1763764740000,84390.10,84546.90,84390.00,84456.60,101.762,1763764799999,8598780.56410,3756,70.345,5943969.07530,0
1763764800000,84456.60,84550.00,84456.60,84461.00,94.638,1763764859999,7998402.55030,3160,54.046,4567433.45440,0
1763764860000,84461.10,84482.30,84375.90,84443.00,88.328,1763764919999,7457523.96550,3024,29.963,2529144.70290,0
1763764920000,84442.50,84576.00,84442.50,84498.30,72.594,1763764979999,6135420.48720,2596,53.131,4490055.65570,0
1763764980000,84498.30,84557.50,84498.30,84530.10,77.119,1763765039999,6519894.49220,2874,41.857,3538668.34170,0
1763765040000,84530.20,84637.50,84522.50,84634.90,72.253,1763765099999,6112370.46940,2225,54.107,4577228.66400,0
1763765100000,84635.00,84925.00,84628.80,84832.30,440.428,1763765159999,37343055.40400,8189,332.120,28155647.14850,0
1763765160000,84831.90,84832.00,84671.10,84671.10,95.253,1763765219999,8071814.31790,2917,34.504,2924137.90760,0
1763765220000,84671.10,84671.20,84459.90,84459.90,100.293,1763765279999,8482095.52880,5605,42.324,3578981.73460,0
1763765280000,84459.90,84531.30,84410.00,84531.30,117.794,1763765339999,9951179.96630,4695,48.593,4104806.85050,0
1763765340000,84531.30,84572.90,84490.00,84540.10,104.008,1763765399999,8790186.77750,2428,71.307,6026306.89350,0
1763765400000,84540.20,84637.20,84523.70,84567.20,94.198,1763765459999,7968629.85430,2931,42.176,3567620.51620,0
1763765460000,84567.20,84567.20,84400.00,84476.40,156.371,1763765519999,13206914.70110,4660,51.705,4366048.48420,0
1763765520000,84476.30,84476.30,84326.80,84356.70,103.858,1763765579999,8762450.25700,4361,24.608,2076367.57380,0
1763765580000,84356.70,84444.00,84272.70,84444.00,94.165,1763765639999,7942097.06150,3598,50.268,4240038.85260,0
1763765640000,84444.10,84460.70,84350.00,84412.00,50.996,1763765699999,4304911.20700,2571,21.640,1826723.31810,0
1763765700000,84411.90,84412.00,84331.10,84412.00,112.447,1763765759999,9487227.09150,3347,59.246,4998208.76700,0
1763765760000,84411.90,84455.20,84403.40,84439.60,42.829,1763765819999,3615882.42420,1765,18.451,1557710.89200,0
1763765820000,84439.60,84497.20,84366.30,84370.70,71.263,1763765879999,6018608.88670,2978,38.945,3289043.39180,0
1763765880000,84370.70,84392.40,84285.00,84298.10,54.187,1763765939999,4570296.82080,2401,17.852,1505626.11530,0
1763765940000,84298.10,84343.60,84215.10,84242.30,131.846,1763765999999,11110459.51570,5835,37.085,3125092.15360,0
1763766000000,84242.20,84335.50,84218.10,84237.00,94.039,1763766059999,7925934.28570,4045,38.739,3264996.99860,0
1763766060000,84237.00,84266.60,84155.30,84169.00,107.538,1763766119999,9055054.46690,4544,41.357,3482188.78180,0
1763766120000,84169.00,84182.40,84100.00,84142.80,176.884,1763766179999,14882449.42500,5114,60.565,5095733.08160,0
1763766180000,84142.80,84209.40,84142.80,84179.90,78.936,1763766239999,6644659.36640,3918,37.287,3138822.08000,0
1763766240000,84180.00,84265.40,84179.90,84265.40,85.181,1763766299999,7173934.34730,3075,41.627,3506049.86250,0
1763766300000,84265.40,84333.40,84158.10,84172.80,135.836,1763766359999,11445243.96170,4501,72.410,6101861.71150,0
1763766360000,84172.80,84187.20,84129.80,84142.50,60.905,1763766419999,5125169.52420,2576,17.587,1479917.75910,0
1763766420000,84142.40,84142.50,84078.00,84078.10,147.407,1763766479999,12396273.08780,2969,29.120,2448591.42930,0
1763766480000,84078.20,84193.60,84078.00,84172.90,108.075,1763766539999,9091258.72520,3420,46.784,3935735.66940,0
1763766540000,84172.90,84237.60,84159.90,84227.50,87.692,1763766599999,7383223.09280,3071,40.137,3379322.39110,0
1763766600000,84227.60,84241.80,84159.60,84186.30,54.641,1763766659999,4601640.82880,3070,23.682,1994327.64750,0
1763766660000,84186.30,84303.20,84182.40,84300.80,51.538,1763766719999,4341123.56410,2407,40.304,3394955.83290,0
1763766720000,84300.80,84369.70,84300.80,84350.10,94.029,1763766779999,7930532.33970,3479,55.039,4641877.38960,0
1763766780000,84350.10,84421.30,84330.80,84394.40,141.686,1763766839999,11956609.56760,3815,117.064,9879030.96190,0
1763766840000,84394.40,84414.20,84370.00,84401.90,56.697,1763766899999,4784900.13690,1663,34.951,2949580.31440,0
1763766900000,84401.90,84503.20,84399.90,84489.70,103.195,1763766959999,8716512.94300,3059,73.555,6213005.28990,0
1763766960000,84489.80,84528.80,84489.70,84528.80,61.852,1763767019999,5227228.68930,1590,49.937,4220280.41860,0
1763767020000,84528.80,84596.70,84519.50,84579.10,121.655,1763767079999,10287182.04630,3602,86.810,7340650.91620,0
1763767080000,84579.10,84607.40,84568.20,84576.90,53.032,1763767139999,4485847.52500,1746,30.640,2591774.53100,0
1763767140000,84576.90,84650.00,84576.90,84649.90,101.778,1763767199999,8612346.35880,2574,70.363,5953961.61650,0
1763767200000,84650.00,84716.10,84630.00,84716.00,62.900,1763767259999,5325087.74340,1921,44.956,3806132.20820,0
1763767260000,84716.10,84832.40,84701.90,84832.40,261.735,1763767319999,22185338.35320,6102,142.287,12060387.40290,0
1763767320000,84832.40,84832.40,84726.80,84726.90,207.203,1763767379999,17564302.99220,4018,113.035,9581389.61240,0
1763767380000,84726.80,84831.50,84726.80,84829.90,61.536,1763767439999,5216792.81780,2295,38.497,3263581.14350,0
1763767440000,84829.90,84856.40,84758.20,84758.30,95.017,1763767499999,8057598.94040,3373,34.589,2933163.02290,0
1763767500000,84758.20,84774.10,84701.10,84774.10,76.826,1763767559999,6509092.41580,3021,30.158,2554936.96500,0
1763767560000,84774.20,84826.80,84745.40,84749.10,86.514,1763767619999,7336001.25180,2801,50.240,4260150.18330,0
1763767620000,84749.20,84845.00,84724.70,84830.00,54.008,1763767679999,4579391.41880,2488,33.290,2822743.96880,0
1763767680000,84830.10,84942.20,84830.00,84940.40,86.604,1763767739999,7352677.57700,3263,58.804,4992354.75390,0
1763767740000,84940.40,84999.10,84915.00,84989.60,103.947,1763767799999,8832602.22170,3134,59.635,5067207.56260,0
1763767800000,84989.50,84989.60,84910.50,84955.90,83.356,1763767859999,7080884.01560,2936,41.038,3485888.03820,0
1763767860000,84955.70,85065.50,84955.60,85065.50,128.412,1763767919999,10918420.54350,4386,86.686,7370241.26700,0
1763767920000,85065.50,85065.50,84957.50,84963.10,76.762,1763767979999,6525088.73720,2678,23.702,2014723.03380,0
1763767980000,84963.10,85000.00,84955.90,84999.90,33.480,1763768039999,2844801.97940,1735,18.378,1561625.30360,0
1763768040000,85000.00,85066.00,85000.00,85037.50,73.902,1763768099999,6285017.81860,2851,53.205,4524709.74750,0
1763768100000,85037.50,85037.50,84966.30,84966.30,65.110,1763768159999,5534110.27830,3147,24.629,2093337.69090,0
1763768160000,84966.30,84976.00,84854.20,84882.70,255.521,1763768219999,21694882.74450,5486,60.780,5160384.03900,0
1763768220000,84882.70,84902.40,84827.40,84882.00,99.299,1763768279999,8426525.09690,2948,37.681,3197525.70380,0
1763768280000,84882.00,84943.30,84863.00,84943.30,132.583,1763768339999,11256471.48790,2781,89.896,7632204.40890,0
1763768340000,84943.40,84998.50,84917.90,84960.00,80.552,1763768399999,6843500.50370,2663,47.954,4073988.77740,0
1763768400000,84960.10,85058.90,84960.00,85045.10,57.041,1763768459999,4849122.58760,2382,39.573,3364172.07430,0
1763768460000,85045.20,85152.50,85035.20,85152.50,425.621,1763768519999,36229813.29770,5301,372.761,31730646.47180,0
1763768520000,85152.50,85232.90,85150.00,85209.60,209.253,1763768579999,17828242.97480,3993,161.977,13800307.45410,0
1763768580000,85209.70,85218.20,85157.20,85157.20,124.435,1763768639999,10601095.11090,2090,43.872,3737828.72960,0
1763768640000,85157.20,85202.20,85138.90,85202.10,66.063,1763768699999,5626338.28780,1926,39.995,3406451.93780,0
1763768700000,85202.10,85322.40,85202.10,85284.30,213.366,1763768759999,18195484.62270,4803,151.995,12962104.45540,0
1763768760000,85284.30,85284.40,85207.10,85234.20,87.521,1763768819999,7460815.00670,2733,39.388,3357493.67940,0
1763768820000,85234.20,85234.30,85100.00,85104.00,117.063,1763768879999,9969282.86840,4285,35.106,2990371.16510,0
1763768880000,85104.00,85118.10,85091.20,85105.20,40.774,1763768939999,3470195.70520,1536,15.168,1290904.72010,0
1763768940000,85105.10,85146.80,85101.10,85146.80,33.370,1763768999999,2840525.32890,1382,17.647,1502212.97790,0
1763769000000,85146.70,85146.80,84995.40,84995.40,67.384,1763769059999,5734122.60770,3010,9.645,820972.63630,0
1763769060000,84995.10,85062.60,84990.10,85057.50,41.223,1763769119999,3505335.84480,1925,22.441,1908195.96000,0
1763769120000,85057.60,85086.80,85048.20,85086.80,31.876,1763769179999,2711519.66800,1428,14.086,1198223.21870,0
1763769180000,85086.90,85126.50,85054.30,85126.50,50.511,1763769239999,4297953.52940,2155,31.563,2685486.20250,0
1763769240000,85126.60,85162.60,85056.50,85070.20,60.589,1763769299999,5156344.85200,2396,39.060,3323849.33610,0
1763769300000,85070.20,85070.30,85003.20,85018.30,39.285,1763769359999,3340370.26150,1816,10.870,924166.89590,0
1763769360000,85018.30,85056.00,85001.90,85055.90,37.617,1763769419999,3198842.00810,1622,17.243,1466284.56330,0
1763769420000,85056.00,85126.30,85055.90,85118.70,38.271,1763769479999,3256172.94380,1659,26.109,2221442.14650,0
1763769480000,85118.70,85137.50,85075.90,85122.50,46.359,1763769539999,3945797.64860,2003,23.300,1983157.05470,0
1763769540000,85122.60,85127.40,85086.30,85093.50,48.606,1763769599999,4136927.62320,1491,18.569,1580375.89990,0
