open_time,open,high,low,close,volume,close_time,quote_volume,count,taker_buy_volume,taker_buy_quote_volume,ignore
1764460800000,90764.90,90790.80,90757.90,90790.80,51.610,1764460859999,4685053.18910,1423,18.839,1710015.36480,0
1764460860000,90790.70,90796.30,90784.40,90796.30,20.732,1764460919999,1882335.96670,652,12.543,1138845.55640,0
1764460920000,90796.20,90796.30,90730.00,90734.20,38.339,1764460979999,3479569.53550,1342,13.150,1193622.37920,0
1764460980000,90734.30,90800.00,90734.20,90800.00,20.858,1764461039999,1893187.29610,1005,20.286,1841272.48650,0
1764461040000,90799.90,90815.50,90795.30,90815.50,44.631,1764461099999,4052407.03870,719,41.297,3749682.31310,0
1764461100000,90815.40,90822.70,90807.30,90821.80,38.692,1764461159999,3513887.53580,877,18.505,1680624.59380,0
1764461160000,90821.80,90856.50,90821.80,90851.40,69.396,1764461219999,6304647.26960,1834,31.873,2895598.08320,0
1764461220000,90851.40,90855.00,90832.20,90852.00,27.527,1764461279999,2500600.68410,1043,22.250,2021213.14480,0
1764461280000,90852.00,90853.50,90831.60,90853.00,25.363,1764461339999,2304113.12970,854,5.280,479682.94300,0
1764461340000,90853.00,90870.10,90853.00,90870.10,25.682,1764461399999,2333474.87700,651,22.166,2014018.48550,0
1764461400000,90870.10,90884.80,90862.00,90862.10,21.472,1764461459999,1951237.84440,859,17.666,1605370.27840,0
1764461460000,90862.00,90862.10,90832.50,90832.60,19.783,1764461519999,1797312.41700,642,5.913,537206.66430,0
1764461520000,90832.60,90848.00,90808.30,90848.00,32.151,1764461579999,2920022.08190,1018,22.547,2047812.09430,0
1764461580000,90848.00,90855.40,90847.90,90855.30,5.155,1764461639999,468357.87730,243,4.762,432651.81890,0
1764461640000,90855.40,90875.30,90851.60,90851.60,16.748,1764461699999,1521792.47800,856,7.041,639772.39980,0
1764461700000,90851.70,90855.60,90816.90,90831.10,17.541,1764461759999,1593316.81380,979,10.888,989000.25140,0
1764461760000,90831.20,90885.00,90831.10,90885.00,14.338,1764461819999,1302732.52230,784,10.463,950683.37340,0
1764461820000,90884.90,90907.30,90884.90,90907.20,33.625,1764461879999,3056385.29640,821,22.734,2066402.12690,0
1764461880000,90907.20,90907.30,90839.50,90839.50,45.459,1764461939999,4131795.79980,1402,12.368,1124146.71150,0
1764461940000,90839.50,90851.90,90839.50,90851.80,18.210,1764461999999,1654282.94080,601,10.162,923151.33290,0
1764462000000,90851.80,90851.90,90825.80,90825.80,31.219,1764462059999,2835934.50840,761,1.239,112542.33110,0
1764462060000,90825.90,90830.50,90814.50,90819.90,28.215,1764462119999,2562558.87510,887,8.920,810130.93820,0
1764462120000,90819.90,90837.10,90819.80,90837.00,12.073,1764462179999,1096618.97120,611,9.485,861541.94460,0
1764462180000,90837.10,90837.10,90820.50,90820.50,17.581,1764462239999,1596802.22190,603,1.360,123527.84140,0
1764462240000,90820.50,90821.40,90801.10,90821.30,22.425,1764462299999,2036371.22570,850,5.007,454666.94330,0
1764462300000,90821.40,90841.30,90821.40,90841.30,7.818,1764462359999,710100.64720,367,6.596,599106.48680,0
1764462360000,90841.40,90850.80,90841.40,90849.80,10.107,1764462419999,918201.37470,319,8.559,777566.06550,0
1764462420000,90849.90,90866.30,90846.90,90866.20,30.244,1764462479999,2747801.16590,609,28.680,2605700.38010,0
1764462480000,90866.30,90867.80,90853.70,90853.70,7.828,1764462539999,711287.97500,355,3.603,327390.42320,0
1764462540000,90853.80,90853.80,90829.10,90829.10,15.463,1764462599999,1404602.19900,440,0.483,43870.68000,0
1764462600000,90829.20,90829.20,90811.30,90811.40,15.197,1764462659999,1380137.67920,639,8.657,786179.44240,0
1764462660000,90811.30,90820.30,90811.30,90820.20,6.025,1764462719999,547158.48850,298,5.071,460521.00170,0
1764462720000,90820.30,90846.60,90820.20,90846.60,16.459,1764462779999,1495042.35250,598,13.952,1267300.71050,0
1764462780000,90846.60,90846.60,90826.20,90826.30,8.125,1764462839999,738036.21010,392,3.814,346421.24650,0
1764462840000,90826.30,90826.30,90800.10,90814.90,23.931,1764462899999,2173175.41510,839,17.454,1584945.07190,0
1764462900000,90814.90,90814.90,90790.00,90790.00,15.580,1764462959999,1414604.19860,563,3.584,325413.48970,0
1764462960000,90790.00,90795.00,90790.00,90795.00,10.457,1764463019999,949408.47950,318,8.870,805322.81400,0
1764463020000,90795.00,90818.40,90794.90,90796.30,24.185,1764463079999,2196296.41390,779,7.652,694848.59970,0
1764463080000,90796.40,90796.40,90774.50,90774.60,13.387,1764463139999,1215352.23150,473,0.683,62002.43500,0
1764463140000,90774.60,90809.20,90774.50,90809.10,16.811,1764463199999,1526327.24980,598,12.843,1166058.19970,0
1764463200000,90809.20,90861.10,90809.10,90861.00,11.870,1764463259999,1078237.52250,857,9.114,827899.07200,0
1764463260000,90861.10,90867.90,90834.80,90834.90,16.409,1764463319999,1490812.30190,702,6.042,548950.63110,0
1764463320000,90834.90,90834.90,90822.60,90834.90,8.336,1764463379999,757149.36600,430,4.735,430077.96960,0
1764463380000,90834.80,90834.90,90809.80,90809.80,5.603,1764463439999,508882.25760,414,1.170,106271.92580,0
1764463440000,90809.90,90829.20,90809.80,90829.20,5.231,1764463499999,475077.51660,333,4.851,440563.92780,0
1764463500000,90829.20,90829.20,90782.60,90786.20,14.687,1764463559999,1333524.39910,736,5.410,491139.60350,0
1764463560000,90786.20,90806.00,90786.20,90806.00,15.734,1764463619999,1428536.97850,423,14.791,1342918.02170,0
1764463620000,90806.00,90806.00,90782.90,90782.90,9.277,1764463679999,842339.85260,447,0.799,72548.68100,0
1764463680000,90782.70,90782.70,90774.10,90774.20,5.943,1764463739999,539480.02980,272,1.367,124090.03030,0
1764463740000,90774.20,90793.00,90774.10,90793.00,5.740,1764463799999,521071.28510,350,3.819,346687.88160,0
1764463800000,90793.00,90801.90,90792.90,90801.90,3.802,1764463859999,345219.24250,217,2.589,235076.73920,0
1764463860000,90801.90,90819.70,90801.90,90819.70,13.188,1764463919999,1197593.10290,650,5.118,464762.89090,0
1764463920000,90819.60,90819.70,90818.40,90818.40,5.194,1764463979999,471713.88440,169,2.671,242576.43790,0
1764463980000,90818.40,90818.40,90792.00,90792.00,6.342,1764464039999,575876.42030,340,1.389,126124.44510,0
1764464040000,90792.00,90810.00,90792.00,90810.00,10.598,1764464099999,962304.11800,309,9.037,820556.95540,0
1764464100000,90810.00,90810.00,90804.60,90804.70,3.281,1764464159999,297933.65670,168,0.647,58750.86880,0
1764464160000,90804.70,90839.70,90804.60,90839.60,13.071,1764464219999,1187169.41340,553,11.894,1080258.32340,0
1764464220000,90839.70,90846.70,90839.60,90846.60,4.996,1764464279999,453841.59130,278,4.487,407603.72810,0
1764464280000,90846.70,90859.90,90846.60,90859.90,34.706,1764464339999,3153191.57950,737,30.668,2786310.87260,0
1764464340000,90859.90,90859.90,90853.30,90853.60,16.127,1764464399999,1465258.46300,252,3.321,301727.25000,0
1764464400000,90853.60,90853.60,90825.90,90826.00,9.059,1764464459999,822941.98950,501,1.385,125818.34970,0
1764464460000,90825.90,90843.90,90825.90,90843.90,6.484,1764464519999,588933.73420,433,5.213,473493.69360,0
1764464520000,90844.00,90877.50,90843.90,90877.50,16.359,1764464579999,1486521.01760,618,13.948,1267423.51010,0
1764464580000,90877.50,90882.70,90877.40,90882.60,6.674,1764464639999,606519.57860,344,5.560,505282.09260,0
1764464640000,90882.70,90913.80,90882.60,90913.70,36.654,1764464699999,3331779.13530,812,27.368,2487695.35380,0
1764464700000,90913.80,90989.80,90913.70,90989.80,87.518,1764464759999,7960503.50680,2295,70.967,6455015.33980,0
1764464760000,90989.70,90989.80,90944.90,90947.00,117.342,1764464819999,10674593.02470,1717,21.721,1976010.08710,0
1764464820000,90947.00,90978.20,90947.00,90953.00,69.570,1764464879999,6328352.96140,1432,49.089,4465327.02430,0
1764464880000,90953.10,90965.50,90949.40,90965.30,20.681,1764464939999,1881089.80650,905,13.139,1195113.65800,0
1764464940000,90965.40,90982.00,90963.70,90963.70,24.685,1764464999999,2245733.41470,854,15.677,1426218.27790,0
1764465000000,90963.70,90963.80,90951.30,90956.60,16.378,1764465059999,1489706.90120,722,4.612,419490.51810,0
1764465060000,90956.70,90977.00,90956.60,90976.90,14.155,1764465119999,1287614.82740,575,11.020,1002443.69550,0
1764465120000,90977.00,90986.60,90962.20,90967.60,27.777,1764465179999,2526871.95790,789,9.564,870040.07570,0
1764465180000,90967.50,90967.60,90949.80,90952.60,22.356,1764465239999,2033449.32140,636,6.803,618760.06340,0
1764465240000,90952.60,90974.50,90952.60,90966.20,26.843,1764465299999,2441775.02270,693,12.822,1166368.09060,0
1764465300000,90966.10,90968.40,90966.10,90968.40,12.248,1764465359999,1114157.48710,257,3.785,344307.53720,0
1764465360000,90968.40,90989.90,90968.30,90989.80,22.885,1764465419999,2081973.33790,552,17.434,1586056.71030,0
1764465420000,90989.80,90999.00,90985.80,90999.00,48.570,1764465479999,4419630.43290,678,42.106,3831429.33750,0
1764465480000,90998.90,91016.00,90992.70,90992.70,90.055,1764465539999,8195198.94350,1454,56.806,5169445.76510,0
1764465540000,90992.70,90992.70,90917.70,90917.70,31.598,1764465599999,2873887.11790,1252,3.056,277970.65430,0
1764465600000,90917.50,90948.70,90912.60,90948.70,44.555,1764465659999,4051609.14510,1063,13.755,1250803.27600,0
1764465660000,90948.70,90958.30,90919.60,90919.70,23.976,1764465719999,2180330.67570,856,6.552,595862.18850,0
1764465720000,90919.60,90937.40,90914.40,90935.00,11.529,1764465779999,1048250.55580,547,6.371,579283.13710,0
1764465780000,90935.10,90943.80,90935.00,90943.70,5.823,1764465839999,529541.02420,269,4.219,383671.59440,0
1764465840000,90943.80,90943.80,90900.00,90900.00,48.458,1764465899999,4405770.29930,993,11.492,1044896.20980,0
1764465900000,90900.00,90909.70,90890.00,90903.50,19.067,1764465959999,1733134.14930,664,10.406,945880.48840,0
1764465960000,90903.60,90903.60,90869.50,90869.60,22.164,1764466019999,2014342.88000,672,3.466,314982.14760,0
1764466020000,90869.50,90878.20,90869.50,90878.20,9.920,1764466079999,901501.27840,319,4.349,395219.40050,0
1764466080000,90878.20,90894.80,90878.10,90894.70,10.737,1764466139999,975847.95680,368,7.706,700348.24090,0
1764466140000,90894.80,90916.80,90894.70,90916.80,18.622,1764466199999,1692758.81150,461,15.564,1414756.46410,0
1764466200000,90916.80,90916.80,90909.60,90915.90,12.279,1764466259999,1116345.41590,352,2.768,251651.01110,0
1764466260000,90916.00,90980.70,90903.80,90976.70,35.247,1764466319999,3205913.03610,1462,29.394,2673650.82620,0
1764466320000,90976.80,90976.80,90956.60,90956.60,32.748,1764466379999,2979215.20000,852,11.047,1004955.77860,0
1764466380000,90956.70,90968.90,90945.20,90968.80,12.710,1764466439999,1156034.05710,575,8.445,768118.24470,0
1764466440000,90968.80,90968.90,90958.40,90958.50,10.984,1764466499999,999155.52090,287,3.056,277972.42400,0
1764466500000,90958.50,90963.00,90941.40,90962.90,13.414,1764466559999,1220010.84750,630,6.505,591642.53210,0
1764466560000,90963.00,90976.90,90952.40,90952.40,13.874,1764466619999,1262056.46520,649,8.495,772753.24710,0
1764466620000,90952.40,90965.20,90941.50,90965.20,14.352,1764466679999,1305369.74120,558,10.589,963138.71010,0
1764466680000,90965.20,90965.20,90954.20,90963.00,8.186,1764466739999,744586.57480,400,5.024,456968.68150,0
1764466740000,90962.90,90963.00,90937.50,90945.10,26.906,1764466799999,2447032.80240,885,18.636,1694844.47800,0
1764466800000,90945.10,90945.10,90921.70,90921.70,25.604,1764466859999,2328401.06800,690,13.485,1226308.34580,0
1764466860000,90921.70,90945.00,90921.70,90944.90,13.142,1764466919999,1195053.33720,681,10.897,990913.02820,0
1764466920000,90944.90,90945.00,90900.00,90900.00,11.665,1764466979999,1060644.47250,681,1.121,101929.11060,0
1764466980000,90900.00,90917.00,90888.00,90911.70,28.053,1764467039999,2550038.28770,831,18.362,1669115.05000,0
1764467040000,90911.60,90926.20,90911.20,90926.10,14.298,1764467099999,1299878.63530,394,10.504,954961.05930,0
1764467100000,90926.10,90926.20,90897.20,90908.10,12.653,1764467159999,1150316.77860,588,3.522,320160.86220,0
1764467160000,90908.00,90908.00,90896.40,90896.40,4.153,1764467219999,377524.32360,263,1.336,121447.92640,0
1764467220000,90896.30,90896.30,90872.50,90872.50,12.004,1764467279999,1090924.12530,413,0.348,31625.99800,0
1764467280000,90872.60,90904.30,90872.50,90904.20,13.697,1764467339999,1244946.53120,605,12.254,1113790.77670,0
1764467340000,90904.30,90904.30,90904.20,90904.30,6.934,1764467399999,630330.28160,223,5.588,507973.22840,0
1764467400000,90904.30,90916.70,90904.20,90904.30,10.378,1764467459999,943469.20450,508,6.389,580824.92980,0
1764467460000,90904.30,90904.30,90868.00,90873.90,12.682,1764467519999,1152487.02150,686,4.994,453831.74090,0
1764467520000,90873.80,90873.90,90854.00,90866.50,31.319,1764467579999,2845842.04920,948,5.787,525816.41090,0
1764467580000,90866.40,90874.00,90866.40,90871.80,9.155,1764467639999,831901.63740,313,4.875,442983.73790,0
1764467640000,90871.80,90878.50,90871.80,90878.40,5.162,1764467699999,469105.61220,217,3.509,318884.27040,0
1764467700000,90878.40,90878.50,90873.60,90873.60,7.207,1764467759999,654959.23330,201,2.740,249007.09000,0
1764467760000,90873.60,90873.60,90860.60,90860.60,7.846,1764467819999,712907.97400,337,4.403,400060.81850,0
1764467820000,90860.60,90895.70,90860.60,90895.70,13.055,1764467879999,1186318.24840,648,6.106,554894.53980,0
1764467880000,90895.70,90895.70,90879.20,90879.20,7.268,1764467939999,660578.85510,345,1.137,103343.00870,0
1764467940000,90879.20,90879.30,90866.00,90866.00,10.524,1764467999999,956293.50500,318,3.531,320848.68630,0
1764468000000,90866.00,90886.30,90866.00,90877.80,11.236,1764468059999,1021023.28370,513,8.804,800016.87720,0
1764468060000,90877.80,90887.80,90871.60,90887.80,12.941,1764468119999,1176016.46760,486,9.157,832141.51200,0
1764468120000,90887.80,90921.20,90887.80,90920.60,17.944,1764468179999,1631309.76810,938,13.073,1188457.48440,0
1764468180000,90920.60,90936.40,90917.80,90921.80,15.280,1764468239999,1389326.91520,734,11.836,1076183.14380,0
1764468240000,90921.70,90954.90,90921.70,90954.80,17.075,1764468299999,1552703.44410,684,15.657,1423744.05030,0
1764468300000,90954.80,90954.80,90923.60,90938.40,12.974,1764468359999,1179859.41220,709,4.788,435393.78900,0
1764468360000,90938.40,90956.70,90938.30,90953.30,15.097,1764468419999,1373100.79110,524,9.091,826840.17580,0
1764468420000,90953.30,90975.70,90953.30,90971.40,28.941,1764468479999,2632560.51540,811,22.659,2061118.52390,0
1764468480000,90971.40,90975.70,90971.30,90973.10,15.618,1764468539999,1420823.93400,296,6.019,547570.91650,0
1764468540000,90973.00,90973.10,90952.80,90962.60,13.925,1764468599999,1266580.02100,564,3.210,291971.79910,0
1764468600000,90962.50,90994.10,90962.50,90985.50,24.071,1764468659999,2190134.42550,926,12.878,1171680.53600,0
1764468660000,90985.50,90985.50,90931.30,90931.30,14.940,1764468719999,1358935.63180,836,1.864,169550.92190,0
1764468720000,90931.00,90931.00,90906.50,90906.50,13.456,1764468779999,1223311.12500,707,7.253,659371.52430,0
1764468780000,90906.50,90912.10,90906.50,90908.30,8.149,1764468839999,740819.49240,273,3.691,335541.50600,0
1764468840000,90908.20,90908.30,90900.50,90900.50,6.961,1764468899999,632774.48070,257,2.509,228069.79790,0
1764468900000,90900.60,90914.90,90900.40,90900.50,19.127,1764468959999,1738805.29640,597,10.800,981800.82550,0
1764468960000,90900.40,90900.50,90866.00,90866.10,41.309,1764469019999,3754456.26260,845,20.489,1862298.65940,0
1764469020000,90866.00,90866.10,90859.20,90859.20,12.933,1764469079999,1175131.34280,339,3.618,328742.94400,0
1764469080000,90859.30,90894.60,90859.20,90894.60,42.798,1764469139999,3889189.61820,944,32.792,2979799.14190,0
1764469140000,90894.60,90905.80,90894.60,90905.70,9.762,1764469199999,887396.90170,352,7.907,718770.18180,0
1764469200000,90905.70,90905.70,90863.90,90864.00,15.570,1764469259999,1414944.68860,682,0.811,73699.21800,0
1764469260000,90863.90,90930.00,90863.90,90928.50,21.019,1764469319999,1910665.15250,1072,19.056,1732189.86940,0
1764469320000,90928.50,90944.20,90928.40,90944.10,10.284,1764469379999,935173.38100,363,9.380,852962.86500,0
1764469380000,90944.10,90950.00,90929.50,90929.60,11.459,1764469439999,1042128.83400,567,7.612,692275.96380,0
1764469440000,90929.60,90948.40,90912.40,90912.40,6.683,1764469499999,607690.45850,607,2.010,182777.31270,0
1764469500000,90912.10,90912.10,90882.60,90882.70,33.629,1764469559999,3056747.01540,716,1.487,135149.00410,0
1764469560000,90882.60,90882.70,90872.00,90878.50,7.764,1764469619999,705554.42520,382,3.799,345228.16210,0
1764469620000,90878.50,90878.50,90870.50,90870.50,4.309,1764469679999,391572.59430,212,0.782,71062.57820,0
1764469680000,90870.50,90917.10,90870.50,90917.10,10.305,1764469739999,936616.30520,642,8.593,781005.80130,0
1764469740000,90917.10,90917.10,90901.90,90914.40,7.444,1764469799999,676713.60390,404,4.565,414982.20280,0
1764469800000,90914.40,90914.40,90904.60,90904.60,9.246,1764469859999,840549.99500,319,1.142,103817.43540,0
1764469860000,90904.60,90912.00,90904.60,90911.90,4.298,1764469919999,390722.12970,208,3.419,310815.23430,0
1764469920000,90911.90,90938.30,90911.90,90938.30,11.581,1764469979999,1053021.69040,482,11.100,1009284.80750,0
1764469980000,90938.30,90948.50,90930.00,90946.70,16.255,1764470039999,1478234.39070,603,10.855,987167.93750,0
1764470040000,90946.70,90950.00,90942.50,90942.60,8.164,1764470099999,742489.39690,368,3.777,343504.09410,0
1764470100000,90942.60,90942.60,90933.70,90933.80,11.261,1764470159999,1024085.07800,286,1.564,142223.78080,0
1764470160000,90933.70,90933.80,90875.90,90875.90,30.934,1764470219999,2812081.85190,1055,10.907,991382.31890,0
1764470220000,90875.90,90875.90,90824.80,90827.40,47.959,1764470279999,4356955.04260,1311,9.508,863731.61570,0
1764470280000,90827.40,90843.50,90825.00,90830.20,14.984,1764470339999,1361012.83690,654,8.726,792579.01810,0
1764470340000,90830.20,90847.30,90830.20,90835.40,8.763,1764470399999,796068.52850,516,4.102,372638.99980,0
1764470400000,90835.30,90835.30,90801.20,90801.20,22.033,1764470459999,2000885.75480,758,1.821,165365.68750,0
1764470460000,90801.20,90807.40,90783.80,90799.90,33.993,1764470519999,3086459.78560,1158,15.183,1378588.91950,0
1764470520000,90800.00,90814.50,90799.90,90801.10,13.577,1764470579999,1232925.77180,571,9.707,881498.01760,0
1764470580000,90801.20,90801.20,90786.10,90786.20,12.126,1764470639999,1100890.99720,394,6.126,556157.57520,0
1764470640000,90786.20,90813.00,90781.10,90810.00,30.037,1764470699999,2727092.20210,842,10.422,946265.42880,0
1764470700000,90810.00,90810.00,90789.80,90789.80,8.026,1764470759999,728718.38430,406,2.941,267018.29170,0
1764470760000,90789.80,90799.30,90770.00,90799.30,21.802,1764470819999,1979153.44480,903,9.506,862939.35560,0
1764470820000,90799.20,90828.10,90799.20,90814.50,17.578,1764470879999,1596438.52540,650,8.033,729529.59160,0
1764470880000,90814.60,90814.60,90800.00,90800.00,5.187,1764470939999,471017.09800,310,0.988,89716.83530,0
1764470940000,90800.00,90800.10,90784.80,90796.60,12.606,1764470999999,1144557.91910,540,4.806,436348.10000,0
1764471000000,90796.60,90801.00,90789.90,90800.90,11.041,1764471059999,1002480.62690,459,5.412,491387.84410,0
1764471060000,90801.00,90823.50,90782.30,90782.40,46.372,1764471119999,4211056.46800,1036,22.130,2009636.60490,0
1764471120000,90782.30,90787.20,90775.90,90775.90,16.055,1764471179999,1457475.34640,544,5.994,544127.14220,0
1764471180000,90776.00,90776.00,90719.60,90744.90,46.560,1764471239999,4225311.35550,1662,7.693,698020.88490,0
1764471240000,90744.90,90745.00,90735.10,90744.30,21.333,1764471299999,1935717.44330,513,10.604,962182.35110,0
1764471300000,90744.30,90744.30,90700.00,90724.60,75.836,1764471359999,6879269.11410,1953,17.251,1564845.53750,0
1764471360000,90724.60,90744.20,90724.50,90729.90,27.646,1764471419999,2508384.88660,657,19.793,1795858.35000,0
1764471420000,90729.90,90739.00,90714.50,90733.00,26.085,1764471479999,2366514.86650,854,9.626,873306.51190,0
1764471480000,90733.10,90735.80,90725.40,90735.80,15.365,1764471539999,1394095.95590,404,7.955,721771.49820,0
1764471540000,90735.80,90745.20,90731.60,90745.20,14.645,1764471599999,1328812.33950,443,5.208,472549.17690,0
1764471600000,90745.20,90750.80,90725.50,90725.50,30.121,1764471659999,2733169.51160,702,16.887,1532366.44720,0
1764471660000,90725.50,90725.60,90700.40,90700.50,41.257,1764471719999,3742730.34250,808,14.658,1329735.38530,0
1764471720000,90700.50,90767.10,90700.40,90767.00,53.845,1764471779999,4886203.30350,1263,49.152,4460358.18090,0
1764471780000,90767.00,90775.30,90756.40,90756.50,20.180,1764471839999,1831657.22380,633,13.322,1209193.20370,0
1764471840000,90756.50,90756.50,90724.90,90724.90,33.620,1764471899999,3050888.93950,730,9.044,820755.52080,0
1764471900000,90725.00,90725.00,90693.30,90721.60,47.725,1764471959999,4328834.77210,1144,9.209,835301.92720,0
1764471960000,90721.70,90733.50,90721.60,90733.40,11.452,1764472019999,1039002.53770,409,5.353,485659.29030,0
1764472020000,90733.50,90733.50,90680.20,90681.50,28.463,1764472079999,2581519.78890,1054,6.807,617396.38040,0
1764472080000,90681.40,90681.50,90599.60,90599.60,216.845,1764472139999,19653422.98220,3896,22.648,2052535.68810,0
1764472140000,90599.70,90619.50,90584.90,90586.30,150.909,1764472199999,13671880.68850,2194,76.216,6904903.63610,0
1764472200000,90586.30,90615.90,90577.00,90592.60,138.195,1764472259999,12519989.29300,2189,91.420,8282407.30430,0
1764472260000,90592.70,90613.70,90550.10,90555.70,168.315,1764472319999,15247288.48370,2318,42.031,3807519.83260,0
1764472320000,90555.60,90582.20,90555.60,90566.90,36.305,1764472379999,3288245.10290,966,12.399,1122992.06990,0
1764472380000,90566.90,90572.10,90561.00,90565.10,35.356,1764472439999,3202100.08680,749,9.229,835823.44320,0
1764472440000,90565.10,90570.00,90565.00,90570.00,29.020,1764472499999,2628327.46540,436,10.592,959311.41570,0
1764472500000,90569.90,90599.10,90531.70,90599.10,158.376,1764472559999,14342216.18510,2288,40.848,3699404.61130,0
1764472560000,90599.00,90599.10,90550.00,90550.00,46.710,1764472619999,4230992.61640,1004,20.328,1841220.78600,0
1764472620000,90550.00,90574.90,90541.30,90568.90,33.503,1764472679999,3033952.76280,1030,20.678,1872474.62230,0
1764472680000,90568.80,90568.80,90469.30,90469.30,119.927,1764472739999,10853873.11490,2787,32.262,2919437.74250,0
1764472740000,90469.30,90513.40,90433.60,90439.30,176.523,1764472799999,15972065.22160,2959,115.190,10423045.30910,0
1764472800000,90439.20,90458.00,90414.00,90440.50,136.455,1764472859999,12340295.71070,3252,48.343,4371579.97190,0
1764472860000,90440.40,90521.60,90440.40,90521.60,87.631,1764472919999,7928968.63340,2004,68.561,6203498.23010,0
1764472920000,90521.50,90595.40,90517.10,90595.40,44.601,1764472979999,4038647.15910,1746,38.918,3524100.59700,0
1764472980000,90595.30,90651.60,90595.30,90642.60,87.565,1764473039999,7936623.02080,1923,49.985,4530048.41920,0
1764473040000,90642.60,90677.20,90642.60,90674.80,64.051,1764473099999,5807203.44800,1220,53.564,4856404.70000,0
1764473100000,90674.90,90680.00,90650.00,90679.40,30.944,1764473159999,2805437.42900,940,15.996,1450242.24690,0
1764473160000,90679.40,90679.40,90646.30,90646.30,33.207,1764473219999,3010430.10550,672,19.681,1784214.64710,0
1764473220000,90646.40,90653.50,90646.30,90648.00,22.095,1764473279999,2002895.85000,421,15.044,1363715.25930,0
1764473280000,90648.10,90648.10,90644.00,90644.00,12.607,1764473339999,1142774.98270,256,5.549,502991.41970,0
1764473340000,90644.10,90647.90,90644.00,90647.80,13.185,1764473399999,1195148.36670,253,10.175,922305.73150,0
1764473400000,90647.80,90674.90,90633.00,90674.90,23.447,1764473459999,2125343.76810,934,14.450,1309840.00210,0
1764473460000,90674.90,90730.40,90674.90,90730.30,245.436,1764473519999,22260209.17840,2091,231.655,21009950.92980,0
1764473520000,90730.40,90738.00,90690.20,90695.80,23.116,1764473579999,2097102.09590,969,9.444,856754.72570,0
1764473580000,90695.90,90722.50,90695.80,90722.50,21.739,1764473639999,1971697.07600,552,16.667,1511683.98000,0
1764473640000,90722.50,90725.30,90689.90,90690.00,32.541,1764473699999,2951930.22030,970,16.442,1491535.60400,0
1764473700000,90689.90,90692.00,90656.70,90667.80,15.632,1764473759999,1417330.17140,788,7.183,651273.95680,0
1764473760000,90667.70,90670.60,90656.30,90670.60,17.944,1764473819999,1626858.04710,710,11.035,1000452.23500,0
1764473820000,90670.60,90693.70,90670.50,90685.40,10.499,1764473879999,952142.89470,549,4.933,447353.53940,0
1764473880000,90685.30,90697.80,90675.80,90675.80,12.636,1764473939999,1145955.09640,556,7.663,694962.77570,0
1764473940000,90675.90,90690.90,90675.80,90690.80,6.487,1764473999999,588277.24340,375,5.449,494144.89220,0
1764474000000,90690.80,90779.00,90690.80,90758.20,82.588,1764474059999,7493495.63580,2374,68.474,6212608.39520,0
1764474060000,90758.20,90778.90,90736.30,90765.50,50.206,1764474119999,4556270.74630,1369,21.401,1942171.00230,0
1764474120000,90765.50,90799.10,90765.40,90799.10,24.709,1764474179999,2243115.93370,828,21.169,1921766.07560,0
1764474180000,90799.00,90865.80,90799.00,90865.70,61.822,1764474239999,5615220.97850,1846,44.867,4075296.44860,0
1764474240000,90865.80,90865.80,90853.60,90861.70,68.706,1764474299999,6242601.78030,1116,46.298,4206600.00480,0
1764474300000,90861.80,90865.80,90859.10,90859.20,41.422,1764474359999,3763728.93470,663,12.241,1112261.81200,0
1764474360000,90859.20,90859.20,90819.10,90853.60,24.588,1764474419999,2233537.45460,1263,8.153,740582.45290,0
1764474420000,90853.60,90881.10,90853.60,90881.10,48.747,1764474479999,4429522.21800,1132,35.616,3236291.26500,0
1764474480000,90881.10,90881.10,90859.30,90859.30,22.838,1764474539999,2075434.48760,602,10.474,951844.74380,0
1764474540000,90859.40,90859.40,90856.40,90859.20,28.330,1764474599999,2574006.14370,403,18.210,1654519.33930,0
1764474600000,90859.30,90859.30,90849.60,90849.70,12.353,1764474659999,1122288.93860,358,3.097,281362.65010,0
1764474660000,90849.70,90854.30,90830.90,90830.90,28.033,1764474719999,2546481.67170,608,7.251,658691.24450,0
1764474720000,90830.90,90851.00,90830.90,90850.90,19.876,1764474779999,1805480.34670,493,9.631,874862.91550,0
1764474780000,90851.00,90851.00,90848.90,90848.90,11.676,1764474839999,1060763.40060,275,2.631,239023.83570,0
1764474840000,90849.00,90849.00,90817.00,90831.00,18.832,1764474899999,1710618.77620,802,7.191,653190.96030,0
1764474900000,90831.10,90831.10,90822.60,90827.30,9.815,1764474959999,891449.97760,352,4.259,386823.23900,0
1764474960000,90827.30,90849.90,90827.20,90849.90,9.287,1764475019999,843599.10480,420,6.741,612325.16080,0
1764475020000,90849.80,90870.70,90849.80,90858.00,22.294,1764475079999,2025579.70890,633,15.160,1377394.95340,0
1764475080000,90857.90,90858.00,90841.50,90841.50,9.003,1764475139999,817913.43470,404,2.329,211595.62710,0
1764475140000,90841.30,90873.00,90841.20,90873.00,10.500,1764475199999,953976.48190,436,8.111,736935.05990,0
1764475200000,90872.90,90879.20,90843.80,90864.90,43.812,1764475259999,3980896.72490,1275,28.828,2619402.22570,0
1764475260000,90864.90,90864.90,90833.40,90839.30,18.055,1764475319999,1640250.74810,678,3.139,285154.34700,0
1764475320000,90839.30,90876.70,90829.70,90876.70,17.858,1764475379999,1622560.03510,835,9.992,907841.60250,0
1764475380000,90877.40,90930.00,90877.40,90921.10,63.386,1764475439999,5761793.14950,1413,51.178,4652019.40570,0
1764475440000,90921.10,90921.10,90889.00,90916.90,38.750,1764475499999,3522348.37930,1016,17.263,1569221.44550,0
1764475500000,90916.90,90917.00,90871.50,90879.90,18.453,1764475559999,1677037.75500,898,5.867,533182.83510,0
1764475560000,90880.00,90900.00,90879.90,90900.00,10.412,1764475619999,946313.49330,400,8.483,771000.64910,0
1764475620000,90900.00,90935.80,90900.00,90929.80,25.859,1764475679999,2351355.96660,848,15.949,1450213.88200,0
1764475680000,90929.80,90929.80,90895.50,90895.50,22.690,1764475739999,2062850.11260,665,12.608,1146312.57440,0
1764475740000,90895.50,90925.20,90888.00,90893.70,57.751,1764475799999,5249683.07600,1309,36.008,3273260.47370,0
1764475800000,90893.80,90922.50,90893.80,90922.40,14.070,1764475859999,1279025.56720,452,10.878,988862.05020,0
1764475860000,90922.40,90922.50,90918.00,90918.00,10.246,1764475919999,931560.29240,290,4.793,435772.30570,0
1764475920000,90918.10,90918.10,90916.80,90916.90,8.704,1764475979999,791344.58550,241,2.935,266841.91990,0
1764475980000,90916.90,90916.90,90878.90,90890.70,33.591,1764476039999,3053372.11560,949,9.116,828553.42680,0
1764476040000,90890.70,90895.60,90890.70,90891.00,6.260,1764476099999,568984.61180,221,2.203,200235.35180,0
1764476100000,90891.00,90891.10,90877.70,90891.00,19.097,1764476159999,1735597.79720,557,11.873,1079035.89930,0
1764476160000,90891.10,90894.70,90887.40,90887.40,6.140,1764476219999,558085.02080,255,2.520,229051.80990,0
1764476220000,90887.50,90887.50,90864.00,90875.70,24.645,1764476279999,2239495.33600,744,2.888,262436.06610,0
1764476280000,90875.60,90875.60,90830.30,90848.20,31.033,1764476339999,2819189.27500,1241,4.516,410249.00160,0
1764476340000,90848.20,90876.60,90848.20,90872.50,9.148,1764476399999,831214.78060,465,4.128,375058.94230,0
1764476400000,90872.50,90886.90,90872.50,90886.80,8.637,1764476459999,784919.54250,330,7.135,648426.33210,0
1764476460000,90886.80,90895.60,90886.80,90895.50,5.919,1764476519999,537992.17930,264,4.466,405929.08730,0
1764476520000,90895.60,90900.00,90865.90,90871.00,14.964,1764476579999,1360030.05660,627,6.384,580253.94040,0
1764476580000,90871.00,90881.30,90870.90,90875.90,7.451,1764476639999,677130.44950,248,2.930,266272.09400,0
1764476640000,90875.80,90881.60,90870.90,90881.60,10.776,1764476699999,979247.71590,297,6.555,595670.76560,0
1764476700000,90881.60,90881.60,90808.20,90834.80,34.921,1764476759999,3171781.22470,1513,11.842,1075557.92330,0
1764476760000,90834.80,90846.00,90834.80,90846.00,12.890,1764476819999,1170955.54290,319,9.725,883440.04050,0
1764476820000,90845.90,90846.00,90845.90,90846.00,6.142,1764476879999,557975.68030,180,1.625,147624.75000,0
1764476880000,90846.00,90850.00,90834.00,90834.00,13.467,1764476939999,1223408.51560,389,4.478,406808.10300,0
1764476940000,90834.00,90834.10,90834.00,90834.10,4.292,1764476999999,389859.79930,115,2.713,246432.91330,0
1764477000000,90834.00,90836.20,90816.90,90836.10,15.851,1764477059999,1439675.43830,623,9.842,893883.66900,0
1764477060000,90836.20,90852.20,90836.10,90845.90,17.907,1764477119999,1626768.47080,553,11.292,1025796.60160,0
1764477120000,90845.90,90845.90,90790.40,90817.60,84.831,1764477179999,7702840.09090,1536,60.662,5508166.54970,0
1764477180000,90817.50,90831.80,90817.50,90831.70,4.922,1764477239999,447027.15420,250,3.454,313701.86700,0
1764477240000,90831.70,90837.00,90821.40,90837.00,6.843,1764477299999,621538.68790,435,2.389,216989.30080,0
1764477300000,90837.00,90850.00,90836.90,90849.90,7.585,1764477359999,689030.77580,276,6.316,573753.06870,0
1764477360000,90850.00,90863.90,90833.40,90833.40,13.823,1764477419999,1255862.01180,662,7.710,700469.11930,0
1764477420000,90833.40,90833.50,90820.70,90820.80,4.292,1764477479999,389840.05170,255,0.956,86830.58760,0
1764477480000,90820.70,90834.10,90820.70,90834.10,5.367,1764477539999,487480.31440,287,3.948,358591.14680,0
1764477540000,90834.00,90852.40,90834.00,90852.30,4.981,1764477599999,452484.80110,283,4.294,390076.42170,0
1764477600000,90852.30,90852.40,90841.60,90841.60,7.395,1764477659999,671822.37290,321,2.866,260370.75310,0
1764477660000,90841.60,90841.70,90822.80,90822.80,5.733,1764477719999,520778.88430,411,1.560,141707.29970,0
1764477720000,90822.90,90822.90,90793.00,90793.00,10.872,1764477779999,987223.45580,582,6.499,590126.37180,0
1764477780000,90793.00,90793.10,90789.00,90793.00,9.392,1764477839999,852711.25090,316,3.710,336831.98240,0
1764477840000,90792.90,90803.70,90782.90,90803.70,25.789,1764477899999,2341427.55610,709,14.833,1346704.61550,0
1764477900000,90803.70,90803.70,90779.90,90779.90,10.789,1764477959999,979554.86040,447,1.479,134283.29960,0
1764477960000,90779.70,90808.00,90779.70,90808.00,9.231,1764478019999,838119.78440,442,6.447,585359.94030,0
1764478020000,90807.90,90810.00,90803.90,90804.00,9.316,1764478079999,845958.70310,303,3.113,282681.89480,0
1764478080000,90804.00,90804.00,90741.10,90762.40,44.367,1764478139999,4026837.67260,1283,5.755,522307.25440,0
1764478140000,90762.30,90785.90,90762.30,90785.90,9.953,1764478199999,903442.46410,396,5.449,494614.32490,0
1764478200000,90785.80,90805.00,90785.80,90800.40,9.790,1764478259999,888939.51670,453,4.050,367730.00680,0
1764478260000,90800.50,90819.20,90787.60,90791.50,16.566,1764478319999,1504308.50060,815,8.281,751981.25590,0
1764478320000,90791.50,90791.60,90767.90,90786.90,26.049,1764478379999,2364702.98200,877,3.918,355661.11320,0
1764478380000,90786.90,90803.00,90786.90,90796.00,15.395,1764478439999,1397740.39590,378,12.965,1177093.46480,0
1764478440000,90796.10,90796.10,90790.40,90790.50,5.638,1764478499999,511890.76350,168,1.228,111493.96520,0
1764478500000,90790.40,90795.30,90790.40,90795.30,6.740,1764478559999,611935.61010,205,3.205,290990.45110,0
1764478560000,90795.30,90795.30,90775.00,90783.60,6.884,1764478619999,624966.05350,464,1.094,99312.42150,0
1764478620000,90783.50,90801.80,90783.50,90801.80,2.993,1764478679999,271741.06980,267,1.524,138367.48500,0
1764478680000,90801.80,90818.10,90801.80,90818.00,10.246,1764478739999,930476.85960,403,7.530,683815.44320,0
1764478740000,90818.00,90820.00,90808.10,90808.20,13.028,1764478799999,1183179.84890,465,7.306,663523.24570,0
1764478800000,90808.10,90808.10,90795.40,90798.40,7.553,1764478859999,685800.81760,405,3.794,344482.79230,0
1764478860000,90798.30,90798.40,90775.90,90775.90,14.387,1764478919999,1306154.29460,486,1.837,166757.82830,0
1764478920000,90775.90,90777.90,90744.40,90745.10,18.429,1764478979999,1672712.05380,775,8.357,758533.71280,0
1764478980000,90745.10,90753.30,90745.10,90753.20,13.913,1764479039999,1262611.07880,328,10.183,924121.88140,0
1764479040000,90753.30,90753.30,90720.60,90720.70,28.409,1764479099999,2577573.37230,976,6.654,603714.63110,0
1764479100000,90720.70,90720.70,90701.50,90701.60,24.854,1764479159999,2254447.46600,639,4.701,426406.74320,0
1764479160000,90701.60,90715.00,90701.50,90701.50,15.872,1764479219999,1439688.82480,535,6.072,550772.83160,0
1764479220000,90701.60,90725.70,90701.50,90725.70,10.873,1764479279999,986359.43410,472,8.163,740497.16910,0
1764479280000,90725.60,90725.70,90685.40,90705.00,23.687,1764479339999,2148462.79790,970,12.093,1096826.76480,0
1764479340000,90704.90,90717.20,90704.20,90717.10,7.238,1764479399999,656589.04630,348,4.470,405492.86440,0
1764479400000,90717.10,90720.00,90717.10,90717.30,7.145,1764479459999,648185.03480,326,3.292,298643.41370,0
1764479460000,90717.30,90722.00,90717.20,90722.00,6.252,1764479519999,567165.64550,217,4.843,439344.82000,0
1764479520000,90721.90,90755.60,90721.90,90751.50,13.667,1764479579999,1240273.33400,612,9.670,877535.75900,0
1764479580000,90751.50,90751.50,90720.50,90723.70,16.332,1764479639999,1481798.42280,535,5.884,533851.79120,0
1764479640000,90723.80,90739.90,90723.70,90733.90,6.627,1764479699999,601308.21310,410,3.689,334722.95130,0
1764479700000,90733.90,90763.40,90733.80,90762.90,13.256,1764479759999,1202932.86590,636,11.850,1075341.41010,0
1764479760000,90762.80,90762.80,90736.00,90736.00,11.050,1764479819999,1002740.83870,603,4.272,387630.33240,0
1764479820000,90736.00,90736.00,90629.90,90635.70,83.912,1764479879999,7607800.16390,2244,12.886,1167985.18950,0
1764479880000,90635.70,90657.00,90635.60,90646.40,33.574,1764479939999,3043359.33170,929,21.025,1905806.11450,0
1764479940000,90646.50,90693.10,90635.70,90688.30,36.480,1764479999999,3307695.27520,1141,12.579,1140606.99010,0
1764480000000,90688.20,90688.20,90674.10,90674.10,6.851,1764480059999,621269.28050,297,1.386,125679.76670,0
1764480060000,90674.10,90690.80,90665.30,90690.80,22.971,1764480119999,2083031.82010,706,17.016,1543069.37820,0
1764480120000,90690.70,90690.80,90626.20,90626.20,16.662,1764480179999,1510765.51130,1068,2.813,255082.29130,0
1764480180000,90626.20,90656.80,90626.20,90644.40,20.999,1764480239999,1903432.54110,668,9.871,894703.16690,0
1764480240000,90644.40,90648.40,90644.40,90647.50,9.937,1764480299999,900745.21150,273,4.315,391134.18970,0
1764480300000,90647.50,90680.60,90647.50,90676.80,25.785,1764480359999,2337922.61720,756,20.924,1897154.12230,0
1764480360000,90676.70,90676.80,90660.00,90660.00,7.740,1764480419999,701756.80940,331,2.983,270450.10740,0
1764480420000,90660.00,90661.50,90650.00,90661.50,7.102,1764480479999,643854.90810,336,4.022,364622.69100,0
1764480480000,90661.50,90661.50,90661.40,90661.50,3.063,1764480539999,277696.06690,99,1.987,180144.40050,0
1764480540000,90661.40,90661.40,90638.00,90638.00,21.327,1764480599999,1933393.07450,569,9.857,893601.18940,0
1764480600000,90638.10,90667.20,90638.00,90667.20,13.405,1764480659999,1215180.36190,606,11.247,1019566.79800,0
1764480660000,90667.20,90680.70,90667.10,90680.70,12.295,1764480719999,1114768.10150,379,6.764,613286.27370,0
1764480720000,90680.60,90697.50,90680.50,90695.80,37.853,1764480779999,3432848.36030,950,24.892,2257429.15620,0
1764480780000,90695.80,90715.10,90695.70,90715.00,10.982,1764480839999,996155.42620,525,9.817,890475.95390,0
1764480840000,90715.10,90715.10,90658.50,90658.60,13.798,1764480899999,1251279.94150,829,1.599,145000.79520,0
1764480900000,90658.50,90697.90,90658.50,90670.10,26.650,1764480959999,2416612.34690,1017,19.548,1772644.99690,0
1764480960000,90670.00,90670.10,90664.10,90670.00,6.935,1764481019999,628776.64690,300,3.716,336914.34110,0
1764481020000,90670.10,90676.10,90663.10,90663.20,8.403,1764481079999,761918.58100,358,5.593,507131.68170,0
1764481080000,90663.10,90688.50,90663.10,90688.40,7.139,1764481139999,647342.57590,392,5.723,518932.96200,0
1764481140000,90688.50,90688.50,90675.30,90681.40,11.879,1764481199999,1077214.83290,370,6.548,593782.58130,0
1764481200000,90681.40,90711.50,90681.30,90711.50,11.276,1764481259999,1022779.32340,542,9.781,887169.02030,0
1764481260000,90711.50,90721.30,90711.40,90721.30,10.760,1764481319999,976073.79440,343,9.886,896790.03680,0
1764481320000,90721.30,90725.90,90714.70,90725.80,15.312,1764481379999,1389077.07350,506,6.303,571795.46300,0
1764481380000,90725.80,90742.40,90725.80,90739.80,11.208,1764481439999,1016980.59900,469,9.305,844308.43040,0
1764481440000,90739.80,90739.90,90712.40,90712.50,12.722,1764481499999,1154198.90310,471,4.016,364318.30890,0
1764481500000,90712.50,90712.50,90685.30,90695.70,21.516,1764481559999,1951359.95990,696,10.195,924573.97750,0
1764481560000,90695.60,90695.70,90685.30,90686.00,9.117,1764481619999,826811.34890,308,3.716,336993.48490,0
1764481620000,90685.90,90712.50,90685.90,90712.50,11.573,1764481679999,1049686.01140,633,8.292,752068.93240,0
1764481680000,90712.50,90716.20,90692.10,90706.80,23.755,1764481739999,2154633.00350,833,16.691,1513884.59030,0
1764481740000,90706.70,90706.80,90688.20,90688.20,8.279,1764481799999,750864.73170,372,4.717,427791.04300,0
1764481800000,90688.30,90741.70,90688.20,90741.70,18.060,1764481859999,1638375.26960,971,16.649,1510370.34620,0
1764481860000,90741.70,90766.10,90735.80,90762.40,16.740,1764481919999,1519262.71870,764,13.424,1218343.60910,0
1764481920000,90762.40,90768.70,90755.00,90755.10,8.769,1764481979999,795903.98170,426,3.941,357696.62970,0
1764481980000,90755.00,90755.10,90749.70,90749.80,5.067,1764482039999,459830.51430,199,2.576,233771.56430,0
1764482040000,90749.70,90770.50,90749.70,90770.50,8.028,1764482099999,728613.61420,375,7.096,644024.79600,0
1764482100000,90770.40,90781.20,90770.40,90777.10,30.267,1764482159999,2747466.43460,596,25.516,2316173.80470,0
1764482160000,90777.10,90777.10,90767.40,90767.50,4.722,1764482219999,428627.08230,257,2.664,241814.61190,0
1764482220000,90767.60,90767.60,90767.00,90767.10,5.319,1764482279999,482790.08790,141,2.826,256507.91470,0
1764482280000,90767.00,90767.10,90755.00,90755.00,4.347,1764482339999,394558.67910,249,1.899,172365.24150,0
1764482340000,90755.00,90755.00,90742.70,90742.70,7.930,1764482399999,719628.97830,279,1.916,173870.56250,0
1764482400000,90742.70,90742.70,90739.60,90739.60,4.583,1764482459999,415860.72170,215,1.434,130120.73060,0
1764482460000,90739.60,90755.40,90739.60,90755.40,5.875,1764482519999,533126.81160,376,5.511,500093.93140,0
1764482520000,90755.40,90775.60,90755.40,90775.50,10.785,1764482579999,978907.37770,457,9.551,866900.34000,0
1764482580000,90775.60,90775.60,90756.00,90767.20,13.031,1764482639999,1182812.13670,516,4.998,453639.04910,0
1764482640000,90767.20,90794.90,90767.00,90794.90,8.394,1764482699999,761987.01440,537,7.143,648428.67300,0
1764482700000,90795.00,90808.80,90794.90,90808.80,25.141,1764482759999,2282879.25990,686,22.849,2074767.88980,0
1764482760000,90808.70,90827.70,90804.70,90827.60,15.817,1764482819999,1436386.32640,625,11.656,1058522.64560,0
1764482820000,90827.70,90835.40,90827.60,90835.40,8.687,1764482879999,789043.92110,358,6.554,595298.13140,0
1764482880000,90835.30,90835.40,90750.10,90750.10,15.522,1764482939999,1409458.94430,1133,1.301,118146.75260,0
1764482940000,90750.10,90750.10,90680.80,90680.80,40.111,1764482999999,3638069.95570,1426,5.933,538201.57260,0
1764483000000,90680.80,90701.90,90680.70,90701.90,28.721,1764483059999,2604677.50630,675,21.686,1966729.20630,0
1764483060000,90701.90,90708.20,90701.80,90708.10,8.993,1764483119999,815714.93010,331,5.799,525998.87200,0
1764483120000,90708.20,90741.30,90702.40,90736.70,15.080,1764483179999,1367959.46890,682,10.659,966890.59300,0
1764483180000,90736.60,90736.60,90724.20,90724.20,5.923,1764483239999,537396.43380,255,0.757,68683.42140,0
1764483240000,90724.30,90724.30,90724.20,90724.30,3.365,1764483299999,305287.18540,133,2.524,228988.13320,0
1764483300000,90724.20,90724.20,90692.60,90697.10,14.886,1764483359999,1350283.84660,705,3.477,315368.22740,0
1764483360000,90697.20,90704.80,90675.10,90704.70,23.070,1764483419999,2092193.20430,766,6.335,574506.50540,0
1764483420000,90704.70,90740.00,90704.70,90740.00,6.490,1764483479999,588837.28540,553,5.047,457903.99330,0
1764483480000,90740.00,90757.20,90729.40,90729.50,9.231,1764483539999,837670.97810,605,5.690,516338.51260,0
1764483540000,90729.40,90742.50,90729.40,90741.70,3.528,1764483599999,320125.34010,268,1.481,134378.37460,0
1764483600000,90741.70,90760.50,90741.70,90759.50,12.101,1764483659999,1098255.33020,441,9.436,856382.88240,0
1764483660000,90759.40,90780.00,90756.00,90779.90,12.521,1764483719999,1136582.82520,530,10.868,986547.71970,0
1764483720000,90780.00,90807.10,90775.70,90803.90,15.366,1764483779999,1395198.38640,699,5.214,473394.72770,0
1764483780000,90803.90,90814.80,90803.80,90814.80,11.309,1764483839999,1027005.18910,282,10.737,975060.99870,0
1764483840000,90814.80,90835.10,90814.80,90835.10,26.105,1764483899999,2371027.06420,538,20.493,1861271.76090,0
1764483900000,90835.40,90857.80,90835.30,90857.80,28.934,1764483959999,2628432.65310,725,20.721,1882348.04650,0
1764483960000,90857.80,90871.80,90855.40,90855.40,28.595,1764484019999,2598257.16980,906,16.135,1466109.81490,0
1764484020000,90855.30,90855.40,90836.40,90855.30,20.960,1764484079999,1904086.33860,702,6.694,608119.60000,0
1764484080000,90855.20,90858.80,90837.20,90858.80,20.408,1764484139999,1854078.81130,775,12.415,1127917.17650,0
1764484140000,90858.70,90871.60,90855.90,90871.60,16.909,1764484199999,1536373.06240,473,13.920,1264790.43770,0
1764484200000,90871.60,90890.60,90871.20,90890.50,33.210,1764484259999,3018099.33990,891,23.735,2157043.64490,0
1764484260000,90890.60,90890.60,90846.10,90878.20,34.547,1764484319999,3139086.33220,1247,15.795,1435182.32060,0
1764484320000,90878.20,90898.00,90878.20,90898.00,21.207,1764484379999,1927602.30710,587,13.295,1208435.08790,0
1764484380000,90898.00,90898.30,90875.80,90875.80,25.718,1764484439999,2337613.20420,722,10.939,994307.25140,0
1764484440000,90875.90,90898.30,90875.90,90898.30,14.084,1764484499999,1280132.59640,428,7.266,660417.13680,0
1764484500000,90898.30,90898.30,90875.90,90882.00,18.710,1764484559999,1700516.20620,765,8.333,757347.94450,0
1764484560000,90882.10,90893.50,90882.00,90893.40,14.102,1764484619999,1281731.91140,434,8.370,760740.81500,0
1764484620000,90893.50,90894.80,90863.10,90863.20,14.468,1764484679999,1314931.15860,621,5.158,468821.87990,0
1764484680000,90863.20,90876.50,90863.10,90876.40,9.234,1764484739999,839093.00610,322,4.207,382295.59570,0
1764484740000,90876.50,90876.50,90867.90,90876.50,17.757,1764484799999,1613649.31610,391,9.889,898646.06770,0
1764484800000,90876.50,90878.10,90876.40,90878.00,7.286,1764484859999,662133.15350,270,4.330,393499.06510,0
1764484860000,90878.00,90878.10,90855.20,90861.30,10.739,1764484919999,975788.03190,578,3.615,328457.00160,0
1764484920000,90861.30,90875.00,90861.30,90865.90,11.796,1764484979999,1071882.92770,393,4.792,435439.59940,0
1764484980000,90865.80,90875.00,90865.80,90874.90,5.781,1764485039999,525315.12390,194,4.090,371658.45660,0
1764485040000,90875.00,90883.80,90874.90,90883.70,8.587,1764485099999,780366.37990,353,5.574,506556.48100,0
1764485100000,90883.70,90883.80,90861.50,90873.30,25.768,1764485159999,2341670.30940,571,5.772,524486.00280,0
1764485160000,90873.20,90889.50,90823.20,90845.30,63.306,1764485219999,5751107.81640,1740,24.777,2250931.58650,0
1764485220000,90845.40,90858.00,90845.30,90857.80,12.293,1764485279999,1116850.16270,308,6.937,630228.27320,0
1764485280000,90857.80,90858.00,90831.70,90831.70,15.379,1764485339999,1397171.08060,678,2.388,216947.94280,0
1764485340000,90831.80,90844.00,90831.80,90844.00,10.584,1764485399999,961385.10800,337,6.240,566808.01640,0
1764485400000,90843.90,90850.00,90843.90,90849.90,3.538,1764485459999,321410.43960,220,2.296,208580.88580,0
1764485460000,90850.00,90866.90,90849.90,90866.80,17.173,1764485519999,1560248.25570,369,10.460,950347.31780,0
1764485520000,90866.80,90866.90,90831.80,90849.90,14.086,1764485579999,1279627.69520,662,5.760,523220.01760,0
1764485580000,90850.00,90850.00,90834.60,90836.80,9.388,1764485639999,852851.22570,311,2.388,216938.86440,0
1764485640000,90836.90,90846.20,90836.90,90846.10,3.836,1764485699999,348482.03420,182,2.084,189319.66700,0
1764485700000,90846.20,90849.00,90846.00,90846.10,11.227,1764485759999,1019944.13940,254,5.117,464863.69020,0
1764485760000,90846.10,90864.30,90838.90,90838.90,25.139,1764485819999,2283809.37620,648,22.057,2003804.36120,0
1764485820000,90838.90,90838.90,90834.70,90834.70,20.437,1764485879999,1856433.05530,297,1.494,135708.96310,0
1764485880000,90834.80,90857.70,90834.70,90856.20,19.963,1764485939999,1813640.46920,528,15.533,1411150.77860,0
1764485940000,90856.30,90856.30,90852.90,90853.00,10.155,1764485999999,922626.47840,280,1.580,143548.76020,0
1764486000000,90853.00,90853.00,90817.50,90848.20,20.531,1764486059999,1864877.24640,963,14.224,1292003.35110,0
1764486060000,90848.20,90848.30,90815.90,90815.90,27.420,1764486119999,2490426.71670,696,4.447,403872.90960,0
1764486120000,90816.00,90841.60,90815.90,90841.60,12.982,1764486179999,1179111.59420,496,8.758,795440.85530,0
1764486180000,90841.60,90850.50,90841.50,90850.40,10.811,1764486239999,982124.01810,321,7.066,641911.09300,0
1764486240000,90850.40,90858.50,90850.40,90858.50,5.133,1764486299999,466344.87530,301,3.734,339241.61050,0
1764486300000,90858.40,90900.00,90858.40,90899.90,28.994,1764486359999,2635125.29410,847,25.835,2348042.09470,0
1764486360000,90900.00,90900.00,90877.40,90886.90,23.254,1764486419999,2113530.56680,823,7.835,712089.06170,0
1764486420000,90886.90,90886.90,90880.50,90886.50,9.505,1764486479999,863824.66610,315,3.113,282913.47650,0
1764486480000,90886.50,90891.80,90886.40,90891.80,9.829,1764486539999,893365.69020,273,8.001,727217.45190,0
1764486540000,90891.80,90891.80,90856.00,90856.10,11.507,1764486599999,1045596.73460,702,3.163,287387.13250,0
1764486600000,90856.00,90856.90,90833.40,90856.80,22.122,1764486659999,2009674.50280,813,4.848,440405.38550,0
1764486660000,90856.90,90905.00,90856.90,90905.00,17.923,1764486719999,1628960.98040,691,12.844,1167311.71330,0
1764486720000,90905.00,90905.10,90898.10,90898.10,35.290,1764486779999,3208000.03070,461,27.873,2533772.79900,0
1764486780000,90898.20,90919.20,90898.20,90919.20,36.201,1764486839999,3291118.78950,647,22.589,2053559.14240,0
1764486840000,90919.20,90930.20,90913.70,90930.20,45.805,1764486899999,4164546.74340,795,33.881,3080425.40470,0
1764486900000,90930.10,90930.20,90916.20,90916.70,19.096,1764486959999,1736189.71850,562,8.020,729155.15510,0
1764486960000,90916.70,90918.60,90901.00,90901.00,16.244,1764487019999,1476741.27650,506,3.937,357930.65780,0
1764487020000,90901.00,90930.00,90901.00,90912.60,28.412,1764487079999,2583175.34800,783,12.606,1146084.36280,0
1764487080000,90912.60,90912.70,90879.90,90911.60,21.829,1764487139999,1984118.35530,878,7.567,687763.22860,0
1764487140000,90911.70,90929.00,90911.70,90928.90,21.581,1764487199999,1962303.96230,419,19.802,1800545.33440,0
1764487200000,90929.00,90929.00,90906.10,90918.90,15.469,1764487259999,1406428.49310,645,5.907,537013.28910,0
1764487260000,90918.80,90918.90,90904.80,90913.40,27.808,1764487319999,2528064.17570,579,15.548,1413457.45930,0
1764487320000,90913.40,90918.00,90913.40,90917.90,6.489,1764487379999,589942.77840,186,2.771,251925.47020,0
1764487380000,90917.90,90918.00,90899.90,90900.10,7.154,1764487439999,650387.61720,329,1.989,180817.02650,0
1764487440000,90900.00,90909.90,90896.20,90909.80,10.556,1764487499999,959563.00740,402,6.548,595232.19020,0
1764487500000,90909.80,90913.00,90902.50,90902.60,16.194,1764487559999,1472197.55060,347,5.483,498457.34760,0
1764487560000,90902.60,90920.00,90902.50,90919.90,12.632,1764487619999,1148444.24520,379,9.719,883607.64050,0
1764487620000,90919.90,90940.00,90919.90,90935.90,45.596,1764487679999,4146248.60050,769,32.023,2911988.69400,0
1764487680000,90936.00,90939.20,90935.90,90937.90,9.061,1764487739999,823977.35040,223,2.883,262170.63920,0
1764487740000,90938.00,90938.00,90912.60,90915.80,23.372,1764487799999,2125121.54160,603,8.887,808085.90360,0
1764487800000,90915.90,90916.90,90901.10,90901.10,14.561,1764487859999,1323783.38580,479,1.401,127373.06540,0
1764487860000,90901.10,90911.60,90901.10,90911.50,15.125,1764487919999,1374889.49310,408,4.862,441964.67500,0
1764487920000,90911.60,90934.10,90911.50,90934.00,22.713,1764487979999,2065098.80610,482,15.384,1398717.42060,0
1764487980000,90934.00,90934.10,90912.00,90914.40,13.704,1764488039999,1245963.16800,518,4.433,403051.59620,0
1764488040000,90914.30,90914.40,90914.30,90914.40,8.286,1764488099999,753316.07600,213,1.862,169282.61280,0
1764488100000,90914.30,90923.20,90895.70,90895.70,22.255,1764488159999,2023302.78310,586,9.279,843611.07260,0
1764488160000,90895.50,90920.00,90893.20,90912.60,19.390,1764488219999,1762511.15950,508,13.317,1210458.17400,0
1764488220000,90912.60,90927.10,90912.60,90912.60,13.976,1764488279999,1270659.38370,433,10.804,982270.74810,0
1764488280000,90912.70,90912.70,90912.60,90912.70,5.775,1764488339999,525020.35360,136,0.886,80548.65220,0
1764488340000,90912.60,90919.90,90912.60,90912.70,14.645,1764488399999,1331477.58250,446,8.794,799520.44370,0
1764488400000,90912.70,90912.70,90885.00,90888.00,14.617,1764488459999,1328592.55360,742,3.964,360297.39410,0
1764488460000,90888.00,90888.30,90875.60,90888.30,17.683,1764488519999,1607125.98790,487,2.984,271192.42420,0
1764488520000,90888.20,90888.30,90859.70,90862.40,18.222,1764488579999,1655795.15880,555,4.412,400887.52370,0
1764488580000,90862.50,90862.50,90862.40,90862.40,4.221,1764488639999,383530.29280,107,1.024,93043.20000,0
1764488640000,90862.50,90872.00,90862.40,90871.90,13.033,1764488699999,1184306.20280,306,9.722,883431.93110,0
1764488700000,90871.90,90934.00,90864.00,90913.40,59.489,1764488759999,5407049.49660,1726,35.338,3212150.09910,0
1764488760000,90913.40,90913.50,90890.70,90891.00,10.618,1764488819999,965171.25210,520,2.258,205237.82840,0
1764488820000,90891.00,90978.00,90890.90,90973.00,86.400,1764488879999,7858049.17900,2037,72.181,6564566.61580,0
1764488880000,90973.00,90974.70,90964.20,90972.80,34.118,1764488939999,3103742.88050,770,13.492,1227358.35740,0
1764488940000,90972.70,90988.00,90972.70,90987.90,48.975,1764488999999,4455730.54420,939,34.076,3100242.01400,0
1764489000000,90987.90,90999.40,90960.00,90960.10,53.890,1764489059999,4903390.03530,1556,34.569,3145502.79770,0
1764489060000,90960.10,90963.40,90910.80,90910.80,39.867,1764489119999,3625705.29150,1274,8.722,793261.97800,0
1764489120000,90910.70,90910.70,90900.60,90900.60,10.700,1764489179999,972730.48830,373,4.123,374820.88630,0
1764489180000,90900.60,90911.80,90895.00,90895.00,22.320,1764489239999,2029007.05770,703,5.073,461153.63710,0
1764489240000,90895.00,90898.70,90885.00,90885.20,41.149,1764489299999,3740097.62180,724,14.952,1358982.28280,0
1764489300000,90885.10,90912.90,90876.60,90912.90,39.705,1764489359999,3608674.08680,892,25.646,2330955.25170,0
1764489360000,90913.00,90957.30,90912.90,90957.20,30.685,1764489419999,2790348.95380,2800,15.579,1416668.06130,0
1764489420000,90957.20,90957.30,90934.10,90938.00,23.524,1764489479999,2139352.68300,593,15.953,1450787.05050,0
1764489480000,90938.00,90938.80,90938.00,90938.70,9.800,1764489539999,891199.43260,165,2.160,196427.76460,0
1764489540000,90938.70,90938.80,90918.50,90924.50,10.588,1764489599999,962695.42260,466,3.865,351406.98580,0
1764489600000,90924.50,90924.60,90896.30,90896.30,42.407,1764489659999,3855170.43800,951,4.343,394799.38260,0
1764489660000,90896.40,90929.70,90890.30,90929.60,44.544,1764489719999,4049079.88040,1021,38.607,3509399.87640,0
1764489720000,90929.70,90958.20,90929.70,90937.10,66.538,1764489779999,6051234.23060,1433,54.466,4953266.10700,0
1764489780000,90937.20,90965.00,90937.10,90965.00,19.534,1764489839999,1776726.30090,708,11.579,1053158.74670,0
1764489840000,90964.90,90965.00,90929.40,90929.40,11.622,1764489899999,1056998.69770,577,3.213,292205.85520,0
1764489900000,90929.40,90957.80,90926.30,90954.00,17.803,1764489959999,1619035.24480,616,11.184,1017070.58430,0
1764489960000,90954.10,90967.90,90954.00,90967.80,15.268,1764490019999,1388789.37600,415,8.401,764171.56520,0
1764490020000,90967.90,90967.90,90967.80,90967.80,7.268,1764490079999,661154.37020,189,3.998,363689.66420,0
1764490080000,90967.80,90972.10,90962.50,90962.50,19.231,1764490139999,1749402.42840,509,5.226,475401.90830,0
1764490140000,90962.10,90973.70,90962.00,90973.70,12.812,1764490199999,1165449.42500,338,10.344,940953.61580,0
1764490200000,90973.80,90996.50,90965.30,90996.50,28.603,1764490259999,2602217.90640,901,15.516,1411587.29080,0
1764490260000,90996.50,90996.50,90975.20,90975.30,34.791,1764490319999,3165568.02760,846,18.929,1722271.43010,0
1764490320000,90975.30,90975.30,90944.10,90944.20,23.367,1764490379999,2125341.08080,653,7.339,667458.18480,0
1764490380000,90944.20,90944.20,90935.30,90941.40,10.025,1764490439999,911647.32400,462,3.013,273991.93120,0
1764490440000,90941.50,90944.20,90941.40,90944.20,6.978,1764490499999,634593.54390,171,2.423,220353.54930,0
1764490500000,90944.10,90944.20,90922.60,90925.60,21.959,1764490559999,1996712.82890,687,5.397,490718.32920,0
1764490560000,90925.50,90946.00,90925.50,90934.00,44.699,1764490619999,4064695.29720,975,40.416,3675210.13330,0
1764490620000,90934.10,90961.10,90934.00,90961.10,13.513,1764490679999,1228995.64200,576,6.305,573442.89130,0
1764490680000,90961.10,90961.10,90942.90,90958.00,20.949,1764490739999,1905362.17110,841,9.015,819930.06660,0
1764490740000,90957.90,90995.70,90957.90,90995.70,17.754,1764490799999,1615308.70420,717,14.983,1363195.98780,0
1764490800000,90995.70,91007.60,90987.70,91007.50,104.029,1764490859999,9466592.12940,1636,87.499,7962396.69350,0
1764490860000,91007.60,91057.40,90990.60,91057.10,138.552,1764490919999,12611466.35510,2164,116.138,10571352.94950,0
1764490920000,91057.10,91062.90,91046.50,91062.90,101.648,1764490979999,9255580.42210,1617,56.005,5099623.38860,0
1764490980000,91062.80,91428.20,91062.80,91385.70,1186.449,1764491039999,108281959.15460,16862,926.073,84516194.85870,0
1764491040000,91385.80,91385.80,91254.60,91254.60,519.747,1764491099999,47460780.25840,7310,238.815,21808740.39780,0
1764491100000,91254.60,91260.00,91154.70,91216.80,269.685,1764491159999,24594624.24040,4831,129.628,11820914.61230,0
1764491160000,91216.80,91230.10,91151.60,91204.60,150.362,1764491219999,13710616.42560,3214,78.101,7121524.04190,0
1764491220000,91204.60,91237.60,91165.90,91186.60,83.778,1764491279999,7641121.34770,2222,49.375,4503386.27830,0
1764491280000,91186.70,91186.70,91106.60,91106.70,76.253,1764491339999,6950375.71990,2044,16.163,1473101.49000,0
1764491340000,91106.60,91114.20,91066.00,91104.90,84.712,1764491399999,7716012.61380,2150,45.989,4188950.04410,0
1764491400000,91104.90,91159.80,90972.80,91014.30,361.062,1764491459999,32874737.63650,6561,100.165,9119013.78920,0
1764491460000,91014.30,91064.00,90977.90,91064.00,91.186,1764491519999,8298529.29570,2807,38.881,3538760.57150,0
1764491520000,91064.00,91091.60,91054.10,91089.40,59.676,1764491579999,5435088.92690,1574,41.877,3813875.10090,0
1764491580000,91089.40,91172.40,91089.40,91146.40,110.188,1764491639999,10043302.11480,2764,56.198,5122113.92390,0
1764491640000,91146.40,91146.40,91119.20,91137.50,58.293,1764491699999,5312176.32870,1114,19.274,1756442.56090,0
1764491700000,91137.50,91137.60,91027.00,91030.90,53.501,1764491759999,4873630.80680,2091,15.159,1380893.03870,0
1764491760000,91030.90,91040.90,90879.30,90902.20,242.915,1764491819999,22087505.17850,5492,53.923,4903243.39720,0
1764491820000,90902.30,90970.00,90890.10,90932.10,88.280,1764491879999,8026598.60490,2463,46.194,4200194.73550,0
1764491880000,90932.10,90976.30,90925.30,90930.10,51.251,1764491939999,4661114.15540,1838,22.005,2001395.59000,0
1764491940000,90930.10,90930.10,90903.80,90930.00,50.415,1764491999999,4583868.88080,1170,32.861,2987779.12130,0
1764492000000,90930.10,90973.30,90930.00,90944.70,48.799,1764492059999,4438318.07330,1763,27.916,2538896.08610,0
1764492060000,90944.70,91025.90,90933.30,91011.30,41.406,1764492119999,3766553.62050,1783,27.171,2471589.50050,0
1764492120000,91011.00,91131.40,90984.60,91131.40,114.804,1764492179999,10455879.02260,3577,98.044,8929271.83880,0
1764492180000,91131.30,91163.20,91131.30,91133.00,97.522,1764492239999,8889050.32650,3137,57.501,5241126.46960,0
1764492240000,91133.10,91133.10,91111.60,91131.40,36.803,1764492299999,3353601.61000,1051,12.842,1170162.84480,0
1764492300000,91131.40,91131.40,91086.70,91092.10,67.995,1764492359999,6195007.70170,1849,21.155,1927433.97110,0
1764492360000,91092.10,91116.30,91061.90,91062.00,28.157,1764492419999,2564696.05440,1477,9.727,886047.82630,0
1764492420000,91062.00,91080.00,91061.90,91080.00,22.691,1764492479999,2066542.08170,768,18.158,1653712.43160,0
1764492480000,91079.90,91113.30,91067.70,91113.30,39.672,1764492539999,3613771.90830,1077,27.516,2506552.57150,0
1764492540000,91113.30,91159.50,91113.20,91139.50,30.816,1764492599999,2808588.23630,1170,19.131,1743589.53470,0
1764492600000,91139.60,91199.00,91139.60,91199.00,49.972,1764492659999,4556352.07750,1884,37.142,3386617.06460,0
1764492660000,91198.90,91220.00,91172.00,91200.10,45.764,1764492719999,4173454.06230,1804,32.793,2990602.64230,0
1764492720000,91200.10,91255.00,91200.00,91240.00,85.714,1764492779999,7819899.42510,1998,64.512,5885359.42670,0
1764492780000,91239.90,91239.90,91177.00,91196.60,72.429,1764492839999,6605282.24310,2037,18.629,1698845.82390,0
1764492840000,91196.70,91209.50,91172.00,91172.10,27.859,1764492899999,2540464.73270,1053,6.196,565033.98110,0
1764492900000,91172.00,91207.70,91168.40,91192.60,34.362,1764492959999,3133440.10200,1001,15.559,1418798.79630,0
1764492960000,91192.50,91192.50,91131.40,91137.50,74.842,1764493019999,6822322.22960,1569,13.011,1185870.01840,0
1764493020000,91137.50,91192.90,91137.50,91168.40,55.476,1764493079999,5057994.41770,1589,26.167,2385661.83460,0
1764493080000,91168.30,91179.20,91125.00,91125.00,31.413,1764493139999,2863579.45110,1075,13.494,1230197.79120,0
1764493140000,91125.10,91132.60,91114.90,91132.50,37.644,1764493199999,3430256.29310,880,18.075,1647049.57150,0
1764493200000,91132.60,91132.60,91098.30,91098.30,62.587,1764493259999,5702373.86880,1265,18.689,1702769.81000,0
1764493260000,91098.30,91136.60,91065.90,91117.90,88.603,1764493319999,8071330.39520,2335,36.075,3286443.39760,0
1764493320000,91117.90,91131.60,91087.70,91131.30,34.006,1764493379999,3098453.92460,1169,20.420,1860594.37300,0
1764493380000,91130.90,91138.30,91107.00,91138.30,56.425,1764493439999,5141554.73970,1300,42.111,3837145.22390,0
1764493440000,91138.20,91177.90,91111.20,91177.90,43.146,1764493499999,3932525.63190,1342,28.327,2581989.36810,0
1764493500000,91177.90,91209.50,91177.80,91186.20,32.056,1764493559999,2923410.79370,1174,17.127,1561936.67680,0
1764493560000,91186.30,91246.50,91162.00,91246.40,59.023,1764493619999,5383224.53890,2012,44.916,4096716.44040,0
1764493620000,91246.40,91266.50,91237.40,91248.80,107.558,1764493679999,9814643.72940,1796,75.137,6856139.49590,0
1764493680000,91248.80,91256.60,91182.30,91229.30,91.462,1764493739999,8343939.83610,2233,26.266,2395975.63740,0
1764493740000,91229.30,91268.40,91229.30,91268.20,41.208,1764493799999,3760452.71540,1314,19.397,1770040.24900,0
1764493800000,91268.30,91268.30,91246.00,91246.10,41.695,1764493859999,3805039.79080,947,25.433,2320970.47450,0
1764493860000,91246.00,91499.40,91237.30,91445.10,919.739,1764493919999,84075000.58130,10245,768.624,70261896.31250,0
1764493920000,91445.10,91500.00,91385.40,91406.80,585.527,1764493979999,53546353.16480,8408,413.706,37834696.58120,0
1764493980000,91406.90,91550.00,91406.80,91515.00,336.986,1764494039999,30832596.22140,6659,209.339,19153790.25340,0
1764494040000,91514.90,91515.00,91432.20,91432.20,91.591,1764494099999,8378289.50830,2442,25.628,2344169.25950,0
1764494100000,91432.20,91580.00,91432.20,91455.10,439.014,1764494159999,40177861.50490,6190,283.699,25963601.97380,0
1764494160000,91455.10,91486.40,91379.90,91379.90,189.834,1764494219999,17354721.40070,4173,81.339,7437260.64770,0
1764494220000,91379.80,91407.30,91343.20,91364.10,87.951,1764494279999,8036419.39200,3635,37.373,3414840.11460,0
1764494280000,91364.10,91370.50,91344.40,91366.00,51.539,1764494339999,4708360.24300,1776,21.457,1960177.93620,0
1764494340000,91366.00,91463.00,91366.00,91454.60,97.340,1764494399999,8900489.43500,2905,52.517,4801454.22610,0
1764494400000,91454.70,91454.70,91425.00,91449.90,39.264,1764494459999,3590587.20760,1437,12.807,1171115.11150,0
1764494460000,91449.90,91454.70,91371.50,91380.60,165.806,1764494519999,15158531.68950,3556,21.333,1950749.06520,0
1764494520000,91380.60,91400.20,91355.90,91385.10,83.048,1764494579999,7588537.77360,2053,32.432,2963682.00080,0
1764494580000,91385.00,91394.00,91365.00,91394.00,28.371,1764494639999,2592436.66980,1162,9.824,897690.66860,0
1764494640000,91394.00,91394.00,91365.00,91365.00,23.848,1764494699999,2179170.43540,867,4.715,430864.11570,0
1764494700000,91365.00,91371.00,91319.30,91328.20,73.540,1764494759999,6717426.61820,1716,17.449,1593770.69010,0
1764494760000,91328.20,91328.30,91267.60,91297.10,112.311,1764494819999,10252610.66100,3064,35.758,3264076.52660,0
1764494820000,91297.20,91322.60,91281.20,91314.20,81.542,1764494879999,7445146.37210,1698,42.381,3869490.54060,0
1764494880000,91314.10,91373.40,91303.70,91373.40,65.269,1764494939999,5960926.87720,2078,30.859,2818484.44550,0
1764494940000,91373.40,91373.40,91360.50,91360.50,26.068,1764494999999,2381756.96810,783,8.740,798555.44300,0
1764495000000,91360.50,91380.00,91314.10,91314.10,50.441,1764495059999,4608293.63010,1558,19.028,1738331.38420,0
1764495060000,91314.10,91314.20,91278.10,91278.10,52.135,1764495119999,4759450.93420,1364,14.632,1335705.44600,0
1764495120000,91278.10,91302.50,91269.70,91302.50,34.161,1764495179999,3118166.93120,1153,16.286,1486609.44390,0
1764495180000,91302.50,91312.30,91265.00,91312.20,22.697,1764495239999,2071856.69320,1202,11.857,1082374.48350,0
1764495240000,91312.30,91345.80,91312.20,91345.80,23.687,1764495299999,2163387.29900,826,18.023,1646088.03880,0
1764495300000,91345.70,91357.10,91334.30,91357.00,31.608,1764495359999,2887213.06560,988,14.184,1295677.87360,0
1764495360000,91357.00,91357.10,91287.60,91287.60,24.625,1764495419999,2248637.71920,1135,1.315,120098.60760,0
1764495420000,91287.70,91337.90,91287.60,91288.10,52.226,1764495479999,4768750.86820,1584,26.439,2414205.55930,0
1764495480000,91288.00,91327.10,91288.00,91304.40,30.910,1764495539999,2822241.45150,1203,21.642,1975975.38290,0
1764495540000,91304.40,91311.90,91292.60,91307.70,11.764,1764495599999,1074092.74390,603,4.666,426012.47230,0
1764495600000,91307.70,91319.90,91290.30,91319.80,29.431,1764495659999,2687235.46340,852,13.306,1215010.48010,0
1764495660000,91319.80,91327.90,91308.50,91327.90,21.346,1764495719999,1949275.93670,719,13.923,1271442.97800,0
1764495720000,91327.80,91350.00,91308.50,91308.60,30.594,1764495779999,2794236.10320,1055,21.330,1948134.64070,0
1764495780000,91308.50,91360.00,91308.50,91359.90,26.154,1764495839999,2388955.93040,1098,20.131,1838834.68570,0
1764495840000,91360.00,91372.20,91346.00,91367.60,38.373,1764495899999,3505788.90640,1293,17.607,1608548.74900,0
1764495900000,91367.60,91367.60,91355.40,91363.40,15.409,1764495959999,1407814.30870,685,9.812,896445.86480,0
1764495960000,91363.30,91399.90,91356.80,91399.90,45.017,1764496019999,4113258.59710,1535,29.991,2740322.88960,0
1764496020000,91399.90,91403.20,91324.80,91324.80,43.919,1764496079999,4013014.44520,1565,13.229,1208823.27790,0
1764496080000,91324.80,91328.60,91291.60,91311.80,31.769,1764496139999,2900743.62040,1045,13.237,1208640.70080,0
1764496140000,91311.80,91311.90,91253.90,91269.80,54.188,1764496199999,4945775.98680,1714,13.455,1228020.87930,0
1764496200000,91269.90,91296.10,91269.80,91276.70,17.114,1764496259999,1562206.75480,823,7.352,671105.87410,0
1764496260000,91276.80,91312.10,91250.00,91297.80,33.653,1764496319999,3072039.43180,1495,18.661,1703521.55160,0
1764496320000,91297.70,91309.50,91276.80,91276.80,27.326,1764496379999,2494795.59980,1059,14.323,1307667.25270,0
1764496380000,91276.70,91285.70,91269.80,91276.00,24.927,1764496439999,2275171.98910,713,18.723,1708894.78630,0
1764496440000,91276.00,91284.20,91270.50,91284.20,13.645,1764496499999,1245441.89430,439,9.124,832798.00520,0
1764496500000,91284.10,91284.20,91273.40,91277.00,31.024,1764496559999,2831831.80230,690,20.181,1842060.43230,0
1764496560000,91276.90,91320.00,91276.90,91313.00,43.674,1764496619999,3987347.53540,1219,35.713,3260393.63550,0
1764496620000,91313.00,91354.90,91312.90,91354.80,37.287,1764496679999,3405667.95780,1145,16.246,1483843.24790,0
1764496680000,91354.80,91377.60,91346.30,91360.80,56.365,1764496739999,5149601.54960,1264,25.711,2349008.09290,0
1764496740000,91360.70,91360.80,91353.50,91353.50,20.925,1764496799999,1911708.80000,391,7.143,652589.15910,0
1764496800000,91353.30,91378.70,91340.00,91378.70,49.612,1764496859999,4532450.87160,1214,21.152,1932335.85790,0
1764496860000,91378.70,91400.00,91378.60,91400.00,29.079,1764496919999,2657405.21750,840,23.233,2123188.07480,0
1764496920000,91400.00,91416.40,91333.10,91333.10,67.587,1764496979999,6176492.78680,2066,17.101,1562906.84140,0
1764496980000,91333.10,91347.20,91316.90,91337.70,15.859,1764497039999,1448378.58820,883,5.952,543593.41810,0
1764497040000,91337.80,91337.80,91291.30,91299.10,28.366,1764497099999,2590129.76090,1135,6.950,634653.94030,0
1764497100000,91299.10,91302.40,91285.80,91285.80,25.015,1764497159999,2283769.07610,707,11.068,1010473.70750,0
1764497160000,91285.80,91285.80,91248.90,91249.00,48.597,1764497219999,4435149.44810,1239,14.408,1314935.47520,0
1764497220000,91248.90,91262.60,91229.90,91239.40,80.958,1764497279999,7386741.03540,1631,26.239,2394162.61320,0
1764497280000,91239.30,91247.20,91230.10,91247.20,37.168,1764497339999,3391136.73410,714,13.565,1237656.11880,0
1764497340000,91247.10,91247.20,91228.70,91228.80,41.128,1764497399999,3752172.89700,834,5.736,523306.57230,0
1764497400000,91228.70,91228.80,91182.20,91200.00,97.990,1764497459999,8936557.99160,2011,26.781,2442278.35370,0
1764497460000,91200.00,91220.90,91190.60,91204.20,51.558,1764497519999,4702429.13900,1158,21.723,1981276.04770,0
1764497520000,91204.20,91223.10,91204.20,91223.10,24.429,1764497579999,2228403.15010,518,9.850,898515.67850,0
1764497580000,91223.10,91223.10,91222.80,91222.90,27.077,1764497639999,2470044.06670,406,16.849,1537016.29970,0
1764497640000,91222.90,91222.90,91207.80,91211.80,24.118,1764497699999,2199892.54270,534,12.566,1146217.02770,0
1764497700000,91211.90,91220.00,91180.00,91180.00,36.264,1764497759999,3307280.26450,1020,15.069,1374453.00380,0
1764497760000,91180.00,91193.20,91180.00,91182.50,33.601,1764497819999,3063909.80090,785,24.032,2191347.98970,0
1764497820000,91182.50,91215.70,91182.50,91215.70,24.137,1764497879999,2201241.06290,818,17.129,1562133.97150,0
1764497880000,91215.60,91248.40,91215.60,91248.30,40.446,1764497939999,3689939.66300,783,37.516,3422625.62030,0
1764497940000,91248.40,91282.10,91248.30,91280.60,25.637,1764497999999,2339927.28650,913,18.098,1651797.92050,0
1764498000000,91280.70,91312.70,91280.60,91312.60,28.003,1764498059999,2556600.59670,945,25.022,2284434.20020,0
1764498060000,91312.60,91312.60,91270.50,91291.90,17.349,1764498119999,1583770.95770,870,5.474,499674.29570,0
1764498120000,91291.90,91298.60,91265.70,91267.10,12.737,1764498179999,1162700.17750,689,5.883,537031.53850,0
1764498180000,91267.10,91285.00,91259.10,91272.50,13.076,1764498239999,1193416.41230,737,7.373,672915.42090,0
1764498240000,91272.60,91272.60,91272.50,91272.60,2.599,1764498299999,237217.32810,160,1.006,91820.23560,0
1764498300000,91272.50,91307.70,91272.50,91307.60,16.059,1764498359999,1466088.18420,737,11.704,1068476.26370,0
1764498360000,91307.70,91307.70,91300.40,91300.40,9.495,1764498419999,866932.75620,351,3.160,288522.32570,0
1764498420000,91300.50,91305.90,91299.20,91299.30,9.516,1764498479999,868831.63650,438,4.746,433318.36280,0
1764498480000,91299.30,91346.90,91299.20,91346.90,37.401,1764498539999,3415915.06400,1362,19.763,1804848.33540,0
1764498540000,91346.90,91346.90,91334.10,91345.30,49.981,1764498599999,4565372.12130,678,23.932,2186002.23990,0
1764498600000,91345.30,91345.40,91256.30,91256.30,42.170,1764498659999,3849754.57020,1862,7.553,689399.70320,0
1764498660000,91256.10,91256.20,91222.00,91250.80,40.922,1764498719999,3733591.68750,1167,20.244,1846858.50640,0
1764498720000,91250.80,91260.00,91229.80,91250.80,17.911,1764498779999,1634290.70330,996,8.773,800460.60050,0
1764498780000,91250.90,91255.50,91217.60,91241.90,24.682,1764498839999,2251905.01860,883,10.353,944640.00170,0
1764498840000,91242.00,91242.00,91185.90,91186.00,52.729,1764498899999,4808925.29720,1374,3.305,301469.58350,0
1764498900000,91185.90,91195.60,91182.10,91182.20,25.467,1764498959999,2322296.89740,782,13.438,1225411.43510,0
1764498960000,91182.20,91211.10,91181.70,91211.10,20.490,1764499019999,1868424.86080,696,13.287,1211626.86360,0
1764499020000,91211.10,91211.10,91190.00,91206.30,22.946,1764499079999,2092754.72660,831,14.411,1314370.07820,0
1764499080000,91206.30,91211.00,91199.90,91205.50,17.714,1764499139999,1615623.98480,545,5.671,517230.02820,0
1764499140000,91205.60,91209.60,91181.70,91181.70,19.389,1764499199999,1768154.96910,765,6.619,603668.49420,0
1764499200000,91181.70,91204.00,91181.70,91204.00,10.268,1764499259999,936406.17400,542,6.602,602069.51080,0
1764499260000,91204.00,91204.00,91183.00,91183.20,21.458,1764499319999,1956681.98910,577,11.347,1034660.98360,0
1764499320000,91183.10,91185.60,91164.00,91164.00,21.592,1764499379999,1968626.62170,739,4.988,454780.85450,0
1764499380000,91164.00,91190.70,91156.00,91190.60,24.575,1764499439999,2240642.93630,866,12.967,1182299.22640,0
1764499440000,91190.70,91190.70,91166.50,91166.50,13.564,1764499499999,1236773.69370,668,2.621,238992.32860,0
1764499500000,91166.50,91190.70,91166.50,91174.90,23.130,1764499559999,2108946.84690,913,17.085,1557762.18840,0
1764499560000,91174.90,91174.90,91143.60,91167.20,40.907,1764499619999,3728697.16810,1243,21.628,1971355.49740,0
1764499620000,91167.20,91212.30,91163.90,91212.30,17.407,1764499679999,1587387.20860,947,14.487,1321132.47230,0
1764499680000,91212.30,91236.50,91212.20,91233.90,28.193,1764499739999,2571984.38920,821,23.922,2182354.69880,0
1764499740000,91233.80,91242.40,91219.30,91229.30,14.122,1764499799999,1288352.66410,816,8.902,812125.73780,0
1764499800000,91229.30,91229.30,91208.40,91225.80,15.396,1764499859999,1404381.52650,627,6.389,582799.36380,0
1764499860000,91225.90,91225.90,91214.20,91221.10,8.898,1764499919999,811666.34970,384,4.971,453441.46300,0
1764499920000,91221.10,91221.10,91179.10,91206.80,36.760,1764499979999,3352237.60750,1176,6.259,570751.69810,0
1764499980000,91206.90,91206.90,91181.60,91181.70,8.176,1764500039999,745632.70020,490,2.990,272690.74110,0
1764500040000,91181.60,91181.60,91150.00,91164.00,37.550,1764500099999,3423155.65070,1277,22.050,2010089.36480,0
1764500100000,91164.10,91196.90,91164.00,91196.80,20.613,1764500159999,1879440.55100,610,17.250,1572830.82900,0
1764500160000,91196.80,91196.90,91189.10,91189.10,5.824,1764500219999,531096.08950,283,2.492,227246.28920,0
1764500220000,91189.20,91199.60,91179.90,91182.10,16.084,1764500279999,1466698.83710,633,8.836,805777.43730,0
1764500280000,91182.00,91195.50,91182.00,91185.40,9.744,1764500339999,888540.06720,497,5.952,542757.97060,0
1764500340000,91185.30,91195.20,91185.30,91185.40,17.508,1764500399999,1596597.40470,493,8.951,816259.23070,0
1764500400000,91185.40,91202.00,91179.40,91179.50,25.788,1764500459999,2351701.44170,820,15.278,1393225.97230,0
1764500460000,91179.40,91189.30,91157.20,91189.20,35.033,1764500519999,3193804.58520,970,14.006,1276859.34180,0
1764500520000,91189.20,91229.30,91185.50,91229.20,19.417,1764500579999,1770817.97810,1079,15.814,1442226.26330,0
1764500580000,91229.20,91236.50,91224.60,91232.80,36.571,1764500639999,3336303.48270,959,28.607,2609735.22970,0
1764500640000,91232.70,91247.50,91227.70,91238.80,17.572,1764500699999,1603281.49910,620,10.582,965496.39400,0
1764500700000,91238.80,91238.80,91207.80,91218.70,30.762,1764500759999,2806257.08180,1001,16.667,1520399.89380,0
1764500760000,91218.80,91317.00,91212.60,91317.00,63.713,1764500819999,5814966.24940,2287,59.032,5387791.54850,0
1764500820000,91316.90,91317.30,91262.90,91265.70,56.565,1764500879999,5164175.99650,1457,22.055,2013502.27180,0
1764500880000,91265.70,91347.50,91264.30,91314.10,80.634,1764500939999,7362142.93670,2633,58.274,5320263.80190,0
1764500940000,91314.10,91330.30,91266.40,91266.50,35.634,1764500999999,3253300.09700,1202,10.837,989469.07570,0
1764501000000,91266.50,91299.90,91266.40,91299.90,18.917,1764501059999,1726902.25320,723,15.716,1434697.19410,0
1764501060000,91299.90,91324.40,91286.70,91320.10,35.748,1764501119999,3263938.79320,1099,29.538,2696977.01560,0
1764501120000,91320.10,91320.20,91299.50,91299.50,18.537,1764501179999,1692630.97160,762,9.789,893864.88470,0
1764501180000,91299.40,91314.00,91274.20,91274.30,20.414,1764501239999,1863803.71650,1079,6.056,552944.87670,0
1764501240000,91274.20,91280.90,91273.30,91278.40,13.143,1764501299999,1199647.57780,410,5.269,480930.65430,0
1764501300000,91278.40,91292.30,91278.30,91292.30,9.164,1764501359999,836498.66080,399,5.723,522402.08620,0
1764501360000,91292.30,91292.30,91245.20,91245.60,19.130,1764501419999,1745843.11760,904,2.765,252391.59730,0
1764501420000,91245.70,91245.70,91226.00,91228.50,27.586,1764501479999,2516846.83200,711,4.414,402732.28410,0
1764501480000,91228.50,91245.60,91228.50,91239.80,14.416,1764501539999,1315252.51670,556,6.407,584565.93390,0
1764501540000,91239.90,91239.90,91201.30,91201.40,19.782,1764501599999,1804487.96920,954,5.810,529982.27900,0
1764501600000,91201.30,91230.60,91200.00,91230.50,25.510,1764501659999,2326783.00530,807,20.116,1834794.19750,0
1764501660000,91230.60,91248.20,91223.60,91223.60,18.102,1764501719999,1651646.66180,819,10.630,969904.32280,0
1764501720000,91223.70,91223.70,91194.20,91199.80,25.450,1764501779999,2321119.65020,963,4.679,426718.79670,0
1764501780000,91199.90,91210.50,91196.90,91210.50,13.099,1764501839999,1194635.30890,380,5.739,523409.66500,0
1764501840000,91210.50,91210.50,91203.30,91203.70,14.767,1764501899999,1346869.09200,397,9.803,894120.65840,0
1764501900000,91203.70,91203.80,91179.00,91179.10,31.450,1764501959999,2868039.24720,865,5.720,521626.57300,0
1764501960000,91179.00,91179.10,91167.80,91167.90,17.909,1764502019999,1632764.27750,613,6.838,623410.38720,0
1764502020000,91167.90,91196.00,91167.80,91174.00,35.020,1764502079999,3193162.62070,997,28.308,2581135.16120,0
1764502080000,91174.00,91210.80,91174.00,91210.00,34.804,1764502139999,3173857.84760,801,28.649,2612523.76380,0
1764502140000,91210.10,91210.10,91205.00,91205.00,8.361,1764502199999,762596.65490,265,1.964,179135.61070,0
1764502200000,91205.10,91226.50,91205.00,91206.10,19.221,1764502259999,1753268.79870,807,15.163,1383106.98030,0
1764502260000,91206.00,91206.10,91174.00,91174.00,8.541,1764502319999,778832.43200,794,1.061,96756.92200,0
1764502320000,91174.00,91174.10,91116.90,91117.40,90.377,1764502379999,8236426.03310,2014,10.511,957939.06010,0
1764502380000,91117.30,91149.20,91100.00,91147.20,44.061,1764502439999,4014874.48230,1714,18.983,1729894.52100,0
1764502440000,91147.20,91147.20,91120.90,91127.00,15.773,1764502499999,1437412.31080,584,5.430,494843.98990,0
1764502500000,91127.00,91127.10,91084.30,91084.40,52.922,1764502559999,4821361.01210,1507,14.404,1312234.28250,0
1764502560000,91084.30,91100.10,91075.00,91084.30,80.342,1764502619999,7317838.43800,1557,34.295,3123824.30970,0
1764502620000,91084.30,91092.00,91073.20,91092.00,30.257,1764502679999,2755851.06570,765,9.106,829388.89440,0
1764502680000,91092.00,91096.60,91063.10,91078.30,27.119,1764502739999,2469873.12250,1049,10.898,992512.36490,0
1764502740000,91078.20,91107.20,91078.20,91107.00,10.160,1764502799999,925567.73750,519,7.294,664468.11390,0
1764502800000,91107.00,91138.60,91103.30,91138.60,19.685,1764502859999,1793779.56890,854,14.712,1340661.50440,0
1764502860000,91138.50,91138.60,91094.20,91102.50,20.949,1764502919999,1908710.08920,1317,6.557,597438.91290,0
1764502920000,91102.60,91102.60,91102.30,91102.40,9.277,1764502979999,845157.40750,254,2.749,250440.71120,0
1764502980000,91102.30,91123.60,91102.30,91123.60,27.989,1764503039999,2549956.97780,561,25.395,2313624.61170,0
1764503040000,91123.50,91131.40,91084.50,91091.00,29.959,1764503099999,2729511.71820,1113,7.754,706420.57950,0
1764503100000,91091.10,91095.70,91091.00,91091.70,13.607,1764503159999,1239508.10360,493,5.203,473955.94140,0
1764503160000,91091.70,91120.10,91085.50,91111.60,16.104,1764503219999,1467163.87710,911,8.947,815094.43270,0
1764503220000,91111.60,91144.60,91111.50,91142.00,42.695,1764503279999,3890952.98510,832,38.137,3475599.60690,0
1764503280000,91142.10,91151.50,91112.40,91112.40,15.161,1764503339999,1381712.86520,845,6.530,595158.14700,0
1764503340000,91112.40,91143.90,91089.40,91089.50,40.227,1764503399999,3665661.61400,1328,29.034,2645877.42990,0
1764503400000,91089.40,91089.40,91036.00,91036.00,46.097,1764503459999,4197465.92570,1570,3.817,347591.05270,0
1764503460000,91036.00,91036.00,91019.90,91020.00,71.591,1764503519999,6516457.12300,1386,33.554,3054180.60940,0
1764503520000,91019.90,91020.00,91014.10,91020.00,40.461,1764503579999,3682609.58670,849,18.517,1685344.42450,0
1764503580000,91020.00,91020.00,90926.30,90972.10,216.508,1764503639999,19695311.27670,4128,69.588,6329899.17270,0
1764503640000,90972.00,91055.50,90972.00,91049.90,92.171,1764503699999,8389904.30630,2013,77.343,7039924.09320,0
1764503700000,91050.00,91055.50,91040.60,91040.70,17.614,1764503759999,1603791.52750,592,12.251,1115488.35000,0
1764503760000,91040.60,91040.70,91009.60,91021.10,28.013,1764503819999,2549778.55850,1027,10.180,926598.46240,0
1764503820000,91021.20,91021.20,90977.20,91001.60,60.304,1764503879999,5487988.26630,1883,26.129,2377845.14220,0
1764503880000,91001.70,91008.90,90999.90,91006.70,15.668,1764503939999,1425858.61020,527,8.842,804653.46620,0
1764503940000,91006.70,91006.70,91000.80,91000.90,18.691,1764503999999,1700943.00220,490,7.646,695812.35750,0
1764504000000,91000.90,91040.70,91000.90,91031.40,52.352,1764504059999,4765471.40800,1659,35.211,3205107.61830,0
1764504060000,91031.40,91044.20,91000.00,91026.00,49.860,1764504119999,4538214.63640,1645,22.765,2072200.95640,0
1764504120000,91026.00,91037.60,90975.40,90976.40,40.538,1764504179999,3688901.30560,1590,9.875,898755.56520,0
1764504180000,90976.50,91005.20,90960.00,91000.80,33.294,1764504239999,3029178.82890,1478,15.894,1446111.62980,0
1764504240000,91000.90,91000.90,90990.30,90999.90,17.732,1764504299999,1613478.60820,470,8.596,782181.20740,0
1764504300000,91000.00,91059.10,91000.00,91059.10,40.509,1764504359999,3688182.03500,1266,25.707,2340407.27520,0
1764504360000,91059.10,91102.90,91059.00,91097.00,96.261,1764504419999,8767696.68210,2412,67.173,6118203.59140,0
1764504420000,91097.10,91123.10,91088.00,91093.50,51.370,1764504479999,4679951.31510,1423,34.331,3127745.49260,0
1764504480000,91093.40,91118.00,91071.00,91077.10,29.301,1764504539999,2669151.76950,1298,23.871,2174502.96450,0
1764504540000,91077.10,91115.10,91069.20,91115.10,17.630,1764504599999,1605782.24690,954,12.613,1148840.88540,0
1764504600000,91115.20,91127.50,91115.20,91127.00,19.644,1764504659999,1790023.56990,906,14.359,1308432.60380,0
1764504660000,91126.90,91179.50,91126.90,91179.40,53.498,1764504719999,4876159.58330,1810,45.346,4133143.76820,0
1764504720000,91179.50,91192.00,91168.30,91192.00,51.855,1764504779999,4727888.82990,1500,45.873,4182436.64450,0
1764504780000,91192.00,91217.70,91188.40,91190.20,109.190,1764504839999,9958368.69690,2103,47.956,4373383.57060,0
1764504840000,91190.30,91218.50,91189.30,91197.90,47.288,1764504899999,4312839.16400,1354,24.078,2196005.45570,0
1764504900000,91197.90,91246.90,91197.80,91218.20,84.909,1764504959999,7746184.04520,1777,44.698,4077562.60990,0
1764504960000,91218.10,91293.60,91218.10,91293.50,109.865,1764505019999,10026558.14850,2218,79.441,7249804.58840,0
1764505020000,91293.60,91333.10,91272.10,91279.50,120.040,1764505079999,10960120.65740,2886,53.495,4884389.10250,0
1764505080000,91279.50,91295.20,91219.50,91225.90,81.214,1764505139999,7411641.69920,1919,16.280,1485773.68740,0
1764505140000,91225.90,91226.00,91209.30,91219.50,29.509,1764505199999,2691761.11960,825,11.612,1059244.50710,0
1764505200000,91219.60,91245.60,91207.00,91225.60,22.562,1764505259999,2058187.44530,996,11.777,1074330.99690,0
1764505260000,91225.40,91225.40,91203.70,91210.10,15.865,1764505319999,1447102.37670,739,4.190,382171.45400,0
1764505320000,91210.20,91257.90,91210.10,91257.90,21.677,1764505379999,1977612.40950,791,17.449,1591904.67580,0
1764505380000,91257.80,91291.60,91257.80,91291.60,47.008,1764505439999,4290748.45180,1196,39.046,3564016.23080,0
1764505440000,91291.60,91302.20,91282.40,91284.90,31.148,1764505499999,2843544.11430,811,17.942,1637918.05160,0
1764505500000,91284.90,91285.00,91241.10,91241.20,28.220,1764505559999,2575413.34550,1104,3.642,332395.14300,0
1764505560000,91241.10,91241.20,91226.10,91235.90,13.156,1764505619999,1200273.31980,489,7.328,668554.98360,0
1764505620000,91235.90,91248.00,91235.80,91247.90,12.946,1764505679999,1181270.14780,363,10.346,944027.42280,0
1764505680000,91247.90,91250.00,91241.30,91243.50,31.767,1764505739999,2898644.56480,499,9.149,834781.60640,0
1764505740000,91243.50,91243.60,91214.20,91218.50,39.142,1764505799999,3570810.35060,955,6.077,554372.31970,0
1764505800000,91218.60,91230.50,91181.20,91190.20,27.716,1764505859999,2527792.02610,1153,10.997,1002956.48950,0
1764505860000,91190.10,91203.50,91175.60,91203.40,46.227,1764505919999,4215119.82700,1144,24.761,2257750.76520,0
1764505920000,91203.50,91213.40,91181.30,91181.40,18.336,1764505979999,1672233.97760,848,8.457,771297.12850,0
1764505980000,91181.40,91186.30,91175.00,91186.30,21.123,1764506039999,1925956.40250,806,10.155,925918.93170,0
1764506040000,91186.20,91186.30,91168.00,91168.10,18.877,1764506099999,1721055.91890,688,3.777,344374.00460,0
1764506100000,91168.00,91189.30,91164.70,91179.10,22.299,1764506159999,2033082.26690,988,13.609,1240791.25290,0
1764506160000,91179.10,91202.00,91171.10,91202.00,27.200,1764506219999,2480116.26030,886,9.283,846494.18230,0
1764506220000,91202.00,91218.30,91202.00,91210.40,21.028,1764506279999,1918001.32080,655,15.617,1424444.98120,0
1764506280000,91210.50,91227.80,91210.40,91227.80,14.981,1764506339999,1366520.05270,516,13.949,1272384.10720,0
1764506340000,91227.80,91227.80,91181.20,91181.30,10.390,1764506399999,947590.55040,740,2.950,269030.72190,0
1764506400000,91181.20,91199.10,91181.20,91199.00,19.572,1764506459999,1784703.78160,513,12.045,1098324.17400,0
1764506460000,91199.00,91244.90,91199.00,91244.90,38.203,1764506519999,3484837.12090,1022,29.535,2694171.96920,0
1764506520000,91244.90,91272.90,91231.80,91272.90,39.449,1764506579999,3599575.86950,1079,36.134,3297107.75350,0
1764506580000,91272.90,91348.10,91272.90,91290.20,210.698,1764506639999,19239329.57330,3670,151.392,13823428.45550,0
1764506640000,91290.30,91441.00,91280.50,91400.10,541.522,1764506699999,49483222.86530,5785,310.169,28338077.01030,0
1764506700000,91400.20,91430.20,91356.00,91430.20,318.393,1764506759999,29100259.12970,3563,67.261,6147203.60930,0
1764506760000,91430.20,91495.70,91419.80,91419.90,150.646,1764506819999,13778248.64080,4220,95.245,8711382.50290,0
1764506820000,91419.80,91419.90,91381.80,91418.00,57.396,1764506879999,5246222.92810,2251,26.988,2466774.02710,0
1764506880000,91418.00,91462.80,91375.30,91442.50,143.459,1764506939999,13115059.12160,2695,111.819,10223440.42090,0
1764506940000,91442.20,91451.20,91440.60,91440.60,41.577,1764506999999,3802097.70000,1209,17.629,1612102.91080,0
1764507000000,91440.60,91450.00,91377.70,91380.60,80.509,1764507059999,7359204.33780,2248,37.882,3462742.98010,0
1764507060000,91380.70,91390.00,91369.40,91369.40,50.582,1764507119999,4622132.89930,1346,25.965,2372678.41540,0
1764507120000,91369.50,91384.00,91365.60,91373.30,34.850,1764507179999,3184462.29920,830,12.843,1173530.08310,0
1764507180000,91373.30,91413.80,91373.30,91413.80,39.506,1764507239999,3610244.25370,999,22.433,2050105.99950,0
1764507240000,91413.70,91421.50,91401.00,91413.20,35.403,1764507299999,3236173.54310,1004,12.772,1167476.72240,0
1764507300000,91413.20,91413.20,91368.80,91371.10,23.659,1764507359999,2162004.68830,958,4.638,423808.93870,0
1764507360000,91371.20,91378.30,91355.00,91370.20,24.925,1764507419999,2277395.36830,903,12.141,1109323.64860,0
1764507420000,91370.20,91370.30,91350.20,91350.30,12.085,1764507479999,1104052.53020,556,3.077,281097.39670,0
1764507480000,91350.30,91412.80,91350.20,91412.80,29.482,1764507539999,2694159.10630,1035,24.818,2267927.39250,0
1764507540000,91412.70,91432.40,91402.10,91432.40,47.872,1764507599999,4376521.79040,1393,20.935,1913898.96760,0
1764507600000,91432.30,91433.10,91388.60,91395.50,54.392,1764507659999,4971890.01680,1570,25.847,2362464.04550,0
1764507660000,91395.50,91395.60,91382.80,91395.60,40.327,1764507719999,3685484.93020,1173,18.069,1651313.97040,0
1764507720000,91395.50,91420.00,91386.40,91419.90,35.998,1764507779999,3290084.72030,1387,23.703,2166331.89770,0
1764507780000,91419.90,91465.40,91415.30,91465.30,45.302,1764507839999,4142493.61250,1331,37.093,3391890.74960,0
1764507840000,91465.40,91480.00,91454.80,91463.90,39.213,1764507899999,3586723.42510,1417,26.026,2380554.44720,0
1764507900000,91463.80,91478.60,91460.60,91467.00,39.108,1764507959999,3577156.35620,882,21.167,1936084.92840,0
1764507960000,91467.10,91467.10,91408.00,91410.00,39.760,1764508019999,3635320.94270,1474,13.567,1240557.69430,0
1764508020000,91410.10,91410.10,91356.80,91393.70,58.702,1764508079999,5363997.26420,1643,7.354,672033.31750,0
1764508080000,91393.60,91393.70,91373.10,91391.10,32.296,1764508139999,2951236.46750,1172,6.664,608988.03980,0
1764508140000,91391.00,91406.50,91384.10,91384.20,28.430,1764508199999,2598267.50280,810,14.112,1289697.51040,0
1764508200000,91384.10,91410.00,91369.90,91410.00,26.479,1764508259999,2419778.92460,1424,14.800,1352507.88000,0
1764508260000,91410.00,91430.00,91389.70,91429.90,30.148,1764508319999,2755685.22210,1062,16.004,1462873.38810,0
1764508320000,91429.90,91434.20,91414.50,91423.80,36.941,1764508379999,3377339.51770,794,11.463,1048033.14310,0
1764508380000,91423.80,91423.90,91400.00,91408.00,18.550,1764508439999,1695558.78610,760,6.933,633696.99190,0
1764508440000,91408.00,91423.90,91408.00,91419.10,20.220,1764508499999,1848428.82830,647,14.862,1358623.17250,0
1764508500000,91419.00,91494.40,91419.00,91483.20,122.666,1764508559999,11218387.77000,2072,105.880,9683011.99010,0
1764508560000,91483.20,91500.00,91464.10,91490.80,92.193,1764508619999,8434286.12070,2120,53.032,4851398.70330,0
1764508620000,91490.70,91491.10,91463.90,91464.00,43.086,1764508679999,3941453.58650,1090,9.470,866370.60100,0
1764508680000,91464.00,91650.00,91464.00,91647.80,758.529,1764508739999,69467430.64560,10371,548.158,50196351.56640,0
1764508740000,91647.90,91681.50,91608.60,91681.40,202.940,1764508799999,18599267.06090,4393,113.417,10394648.44990,0
1764508800000,91681.30,91719.90,91639.60,91656.50,221.291,1764508859999,20287590.13260,4602,114.530,10500439.20510,0
1764508860000,91656.60,91717.80,91656.50,91684.00,125.751,1764508919999,11530631.01520,3543,60.693,5565186.38290,0
1764508920000,91683.90,91686.60,91620.70,91680.30,138.042,1764508979999,12649641.54210,3451,93.530,8570613.24240,0
1764508980000,91680.30,91881.20,91647.60,91850.60,890.728,1764509039999,81763028.72220,12414,654.596,60081574.32370,0
1764509040000,91850.60,91934.40,91775.80,91900.00,672.727,1764509099999,61811391.78680,11199,373.106,34282817.28320,0
1764509100000,91900.00,91915.00,91782.10,91782.20,266.944,1764509159999,24511505.55600,5951,94.209,8650160.49500,0
1764509160000,91782.10,91820.00,91767.30,91811.20,126.208,1764509219999,11585033.21760,3824,64.234,5896295.17390,0
1764509220000,91811.10,91834.40,91728.00,91759.90,158.142,1764509279999,14512918.82810,3697,55.173,5063619.98670,0
1764509280000,91760.00,91793.70,91740.10,91785.50,107.768,1764509339999,9889937.94950,2195,76.281,7000497.77600,0
1764509340000,91785.60,91817.10,91753.20,91808.90,115.213,1764509399999,10575255.72790,2666,69.898,6415841.66900,0
1764509400000,91809.00,91843.70,91772.20,91791.60,254.450,1764509459999,23359074.84040,5746,181.392,16652114.74680,0
1764509460000,91791.70,91791.70,91723.70,91791.60,133.651,1764509519999,12263396.80310,3994,73.658,6758932.55440,0
1764509520000,91791.60,91853.70,91752.60,91775.20,181.990,1764509579999,16707265.68040,5261,84.946,7797917.47400,0
1764509580000,91775.30,91790.60,91735.60,91744.10,66.824,1764509639999,6131087.31780,2545,37.306,3422861.90930,0
1764509640000,91744.00,91766.60,91720.50,91761.10,77.070,1764509699999,7070777.96190,2282,40.790,3742332.31500,0
1764509700000,91761.10,91809.20,91756.00,91774.80,83.929,1764509759999,7702908.83190,2500,51.922,4765260.36840,0
1764509760000,91774.70,91830.00,91760.40,91800.00,160.164,1764509819999,14704869.67150,3234,122.920,11285337.62570,0
1764509820000,91800.00,91810.80,91766.50,91797.10,55.713,1764509879999,5114225.28230,2109,34.888,3202609.73600,0
1764509880000,91796.70,91810.60,91763.40,91767.90,58.618,1764509939999,5380392.46440,1829,35.349,3244538.03200,0
1764509940000,91768.00,91818.90,91755.70,91779.70,148.507,1764509999999,13631398.63260,3411,45.197,4148275.41800,0
1764510000000,91779.70,91792.00,91745.50,91766.40,68.246,1764510059999,6262505.08910,2729,38.452,3528412.31060,0
1764510060000,91766.50,91766.50,91655.60,91677.90,192.948,1764510119999,17692056.74730,4470,48.229,4422577.95850,0
1764510120000,91678.00,91697.00,91667.50,91693.50,101.715,1764510179999,9325866.10260,1786,47.567,4361204.17920,0
1764510180000,91693.60,91693.60,91654.20,91680.50,75.314,1764510239999,6904322.03460,1641,26.783,2455269.15160,0
1764510240000,91680.40,91680.40,91638.90,91649.90,104.119,1764510299999,9543130.53370,2786,40.727,3732836.76820,0
1764510300000,91649.80,91679.50,91633.90,91658.20,56.067,1764510359999,5138821.57950,1603,33.281,3050417.69570,0
1764510360000,91658.10,91681.70,91658.10,91672.10,37.783,1764510419999,3463700.65300,935,21.772,1995884.97240,0
1764510420000,91672.20,91719.90,91658.50,91713.30,79.440,1764510479999,7283270.12850,1827,69.082,6333440.35930,0
1764510480000,91713.30,91713.30,91672.00,91672.10,64.326,1764510539999,5898101.24580,1432,26.460,2426040.67740,0
1764510540000,91672.10,91672.10,91600.00,91616.50,184.416,1764510599999,16897185.91290,2735,51.474,4715627.62780,0
1764510600000,91616.40,91647.80,91600.00,91600.00,153.490,1764510659999,14063351.74100,4197,43.592,3994174.14270,0
1764510660000,91600.10,91636.10,91591.50,91636.00,51.744,1764510719999,4740288.87370,1447,28.176,2581233.47190,0
1764510720000,91636.00,91678.70,91618.40,91678.70,43.994,1764510779999,4031555.46940,1323,30.934,2834898.53690,0
1764510780000,91678.70,91683.90,91660.80,91683.90,21.998,1764510839999,2016574.52330,832,13.725,1258177.18050,0
1764510840000,91683.80,91747.40,91677.50,91747.30,67.094,1764510899999,6153459.32160,1940,57.324,5257380.50700,0
1764510900000,91747.40,91762.20,91732.00,91737.80,77.614,1764510959999,7120706.12860,1694,33.999,3119233.25760,0
1764510960000,91737.90,91738.00,91716.30,91730.90,38.990,1764511019999,3576496.68880,1149,19.944,1829468.09920,0
1764511020000,91731.00,91731.00,91678.30,91685.40,54.266,1764511079999,4976093.62500,1510,17.690,1622288.37140,0
1764511080000,91685.40,91700.00,91670.00,91699.90,32.887,1764511139999,3015030.86390,939,17.874,1638686.85350,0
1764511140000,91699.90,91726.90,91690.00,91726.90,30.675,1764511199999,2813060.40430,879,20.153,1848171.52300,0
1764511200000,91726.90,91734.50,91693.70,91693.70,52.238,1764511259999,4791592.16320,1310,28.496,2613903.84470,0
1764511260000,91693.70,91693.70,91645.70,91645.70,34.248,1764511319999,3139225.12280,1151,9.790,897365.82820,0
1764511320000,91645.70,91701.50,91645.70,91666.70,72.208,1764511379999,6619304.59250,1992,56.553,5184197.97800,0
1764511380000,91666.70,91698.10,91659.60,91698.10,25.109,1764511439999,2301896.75340,717,15.309,1403461.95420,0
1764511440000,91698.00,91698.10,91671.70,91695.00,39.266,1764511499999,3599999.40390,1322,25.430,2331425.95760,0
1764511500000,91695.00,91708.30,91684.10,91684.10,26.720,1764511559999,2450169.94430,1025,17.992,1649826.83090,0
1764511560000,91684.20,91684.20,91666.00,91668.40,29.371,1764511619999,2692472.39670,738,11.936,1094185.41970,0
1764511620000,91668.30,91668.40,91653.00,91657.00,19.102,1764511679999,1750859.41840,812,6.199,568182.58350,0
1764511680000,91657.00,91678.00,91657.00,91657.10,17.508,1764511739999,1604907.79060,723,9.857,903577.55270,0
1764511740000,91657.00,91665.20,91635.50,91665.20,23.062,1764511799999,2113570.63590,944,8.631,791009.34180,0
1764511800000,91665.20,91665.20,91636.50,91645.30,22.787,1764511859999,2088362.32900,852,6.079,557135.65010,0
1764511860000,91645.30,91650.00,91632.60,91634.20,19.524,1764511919999,1789183.39130,660,7.137,654064.41160,0
1764511920000,91634.30,91634.30,91631.80,91631.80,15.979,1764511979999,1464210.98050,523,4.267,390998.66480,0
1764511980000,91631.90,91631.90,91600.00,91600.00,27.186,1764512039999,2490760.75600,973,5.427,497220.11350,0
1764512040000,91600.00,91647.90,91600.00,91641.60,62.643,1764512099999,5739470.55540,1185,50.642,4639979.32050,0
1764512100000,91641.50,91672.00,91601.90,91601.90,42.421,1764512159999,3887600.74280,1578,23.504,2154110.00550,0
1764512160000,91602.00,91602.00,91531.50,91531.50,80.168,1764512219999,7340308.31730,2089,6.437,589401.24520,0
1764512220000,91531.60,91561.20,91531.50,91547.00,99.893,1764512279999,9145117.61030,2032,69.977,6406310.10650,0
1764512280000,91547.10,91567.10,91533.40,91539.00,55.361,1764512339999,5068301.35550,1586,26.424,2419212.75710,0
1764512340000,91539.00,91556.90,91500.40,91513.10,95.788,1764512399999,8766802.56370,2234,21.673,1983757.93150,0
1764512400000,91513.00,91549.90,91442.00,91537.10,248.531,1764512459999,22740128.82040,5232,125.372,11472619.50580,0
1764512460000,91537.20,91542.30,91489.50,91491.00,42.787,1764512519999,3915581.35140,1483,21.013,1923049.32910,0
1764512520000,91490.90,91506.70,91486.70,91497.70,33.290,1764512579999,3045883.45250,1203,17.292,1582127.95860,0
1764512580000,91497.80,91500.00,91495.20,91495.20,16.122,1764512639999,1475113.93240,444,9.375,857779.98820,0
1764512640000,91495.20,91516.00,91495.20,91515.90,21.708,1764512699999,1986506.66560,629,14.281,1306862.13360,0
1764512700000,91516.00,91519.60,91509.10,91519.50,42.794,1764512759999,3916314.34800,814,27.064,2476766.89370,0
1764512760000,91519.60,91519.60,91498.00,91498.00,33.338,1764512819999,3050794.16470,574,3.467,317261.07520,0
1764512820000,91498.10,91526.80,91498.00,91520.20,20.523,1764512879999,1878076.61670,796,15.369,1406432.66680,0
1764512880000,91520.10,91520.20,91500.00,91517.50,25.895,1764512939999,2369647.67770,836,15.626,1429909.98300,0
1764512940000,91517.50,91517.50,91510.00,91510.10,15.067,1764512999999,1378792.24570,351,10.503,961133.78880,0
1764513000000,91510.00,91518.70,91497.90,91518.70,30.693,1764513059999,2808655.18980,949,13.842,1266650.14720,0
1764513060000,91518.60,91543.20,91505.70,91505.80,60.686,1764513119999,5554716.89360,1277,18.956,1735061.70760,0
1764513120000,91505.80,91513.50,91472.00,91472.10,46.674,1764513179999,4269946.93160,1066,18.042,1650727.43580,0
1764513180000,91472.00,91472.80,91457.70,91460.80,34.720,1764513239999,3175647.28300,853,16.181,1479998.70750,0
1764513240000,91460.80,91475.10,91460.70,91466.90,36.505,1764513299999,3338973.23030,905,21.750,1989371.86620,0
1764513300000,91466.90,91466.90,91420.00,91425.30,74.651,1764513359999,6825776.40510,1646,10.535,963326.07020,0
1764513360000,91425.40,91425.40,91361.70,91379.00,163.047,1764513419999,14901714.71480,3989,70.162,6412409.60670,0
1764513420000,91379.00,91381.20,91333.10,91333.20,140.561,1764513479999,12840410.33600,2548,43.648,3987394.95510,0
1764513480000,91333.10,91339.10,91245.50,91260.80,190.103,1764513539999,17355967.48410,3464,68.263,6232574.91730,0
1764513540000,91260.80,91315.50,91235.50,91263.10,273.842,1764513599999,24991652.98490,5369,213.326,19469088.57030,0
1764513600000,91263.10,91263.10,91208.80,91253.80,134.982,1764513659999,12315213.97400,3218,68.481,6248047.94610,0
1764513660000,91253.80,91294.10,91253.70,91270.00,92.312,1764513719999,8425615.95720,2328,68.533,6255216.51760,0
1764513720000,91270.00,91307.30,91269.90,91297.90,70.015,1764513779999,6392137.21930,1662,45.567,4160080.23390,0
1764513780000,91298.00,91361.30,91297.90,91310.30,119.176,1764513839999,10884190.84380,2711,85.213,7782680.99160,0
1764513840000,91310.40,91328.80,91305.20,91327.20,39.479,1764513899999,3605006.05050,930,31.393,2866635.44360,0
1764513900000,91327.20,91327.20,91295.00,91295.00,50.708,1764513959999,4630443.28350,1193,20.146,1839673.21680,0
1764513960000,91295.00,91331.60,91295.00,91329.90,36.711,1764514019999,3352222.38320,1210,22.008,2009632.11830,0
1764514020000,91329.90,91394.00,91329.90,91394.00,61.805,1764514079999,5647063.55650,1848,50.147,4581844.39930,0
1764514080000,91393.90,91407.90,91376.10,91380.90,48.959,1764514139999,4474550.40140,1676,28.623,2615985.92690,0
1764514140000,91380.90,91413.00,91380.80,91410.30,51.387,1764514199999,4696898.64380,1517,39.017,3566220.99060,0
1764514200000,91410.40,91413.80,91372.10,91386.50,51.670,1764514259999,4722315.42050,1493,24.871,2272948.30910,0
1764514260000,91386.50,91403.10,91365.20,91379.00,36.578,1764514319999,3342728.84250,1358,24.026,2195649.61630,0
1764514320000,91378.90,91379.00,91366.10,91378.90,25.376,1764514379999,2318640.22970,596,9.201,840695.13400,0
1764514380000,91378.80,91378.80,91353.90,91366.00,15.201,1764514439999,1388831.57370,629,8.194,748634.60700,0
1764514440000,91366.10,91425.00,91366.00,91422.10,30.769,1764514499999,2812558.13640,1300,27.330,2498179.68120,0
1764514500000,91422.10,91424.70,91394.20,91394.20,28.105,1764514559999,2569155.74920,886,12.225,1117577.98710,0
1764514560000,91394.30,91394.30,91388.30,91388.30,10.641,1764514619999,972525.39880,351,6.031,551198.84040,0
1764514620000,91388.30,91420.10,91387.40,91415.50,18.634,1764514679999,1703270.48740,688,14.069,1285982.81470,0
1764514680000,91415.40,91428.00,91410.20,91427.90,16.877,1764514739999,1542815.02050,551,8.584,784712.97630,0
1764514740000,91427.90,91461.90,91427.90,91459.70,46.715,1764514799999,4271953.85580,1373,36.230,3313164.57810,0
1764514800000,91459.70,91459.70,91400.60,91400.60,45.699,1764514859999,4178513.53560,1361,15.619,1428245.75690,0
1764514860000,91400.60,91410.60,91394.20,91410.50,29.403,1764514919999,2687491.60410,843,13.311,1216650.75240,0
1764514920000,91410.50,91414.90,91378.80,91378.80,25.579,1764514979999,2337855.27150,842,7.653,699484.31920,0
1764514980000,91378.90,91393.60,91361.40,91361.50,17.555,1764515039999,1604171.58860,784,7.158,654105.19120,0
1764515040000,91361.40,91366.60,91357.10,91357.10,18.236,1764515099999,1666058.52960,515,6.413,585896.80300,0
1764515100000,91357.10,91383.80,91305.30,91305.30,39.144,1764515159999,3575118.10980,1761,10.991,1003959.53790,0
1764515160000,91305.30,91305.30,91278.00,91299.50,75.434,1764515219999,6885933.25680,2013,47.271,4315069.45970,0
1764515220000,91299.60,91311.10,91281.00,91290.10,43.850,1764515279999,4003274.77590,951,17.867,1631231.89660,0
1764515280000,91290.10,91306.30,91282.10,91306.20,45.051,1764515339999,4113072.58650,1003,32.491,2966403.91030,0
1764515340000,91306.20,91337.20,91296.00,91337.10,32.790,1764515399999,2994154.35110,1136,20.086,1834108.50880,0
1764515400000,91337.20,91344.30,91322.90,91323.70,19.566,1764515459999,1786925.98750,893,13.256,1210640.00230,0
1764515460000,91323.80,91330.50,91316.60,91316.70,8.904,1764515519999,813169.81670,486,5.242,478734.59890,0
1764515520000,91316.70,91358.90,91316.60,91350.60,24.468,1764515579999,2235034.59500,954,15.945,1456458.18580,0
1764515580000,91350.60,91350.60,91330.60,91330.60,10.674,1764515639999,974967.62240,423,4.718,430965.50740,0
1764515640000,91330.70,91377.90,91330.60,91371.80,24.310,1764515699999,2221002.51050,961,21.136,1931025.18800,0
1764515700000,91371.80,91376.00,91360.70,91375.90,16.496,1764515759999,1507303.11940,527,7.638,697909.90140,0
1764515760000,91376.00,91376.00,91328.30,91347.10,24.155,1764515819999,2206335.48200,1050,10.346,944978.26000,0
1764515820000,91347.20,91347.20,91319.30,91319.40,25.173,1764515879999,2299022.78360,917,7.695,702766.30810,0
1764515880000,91319.40,91338.00,91310.00,91337.90,18.279,1764515939999,1669225.22570,729,11.317,1033458.76350,0
1764515940000,91338.00,91422.40,91337.90,91422.40,35.777,1764515999999,3269358.75160,1572,24.287,2219495.21680,0
1764516000000,91422.40,91466.60,91422.40,91450.80,74.817,1764516059999,6842243.73840,1897,58.555,5354973.08320,0
1764516060000,91450.90,91458.70,91413.20,91458.20,48.534,1764516119999,4437940.02060,1450,30.094,2751732.63130,0
1764516120000,91458.30,91519.30,91458.20,91500.10,67.061,1764516179999,6135370.63730,2003,50.868,4653802.84040,0
1764516180000,91500.00,91525.00,91500.00,91525.00,52.503,1764516239999,4804734.13790,1283,37.707,3450661.30060,0
1764516240000,91525.00,91544.00,91512.80,91544.00,43.230,1764516299999,3956697.63040,1402,30.165,2760943.68870,0
1764516300000,91543.90,91549.00,91512.80,91512.90,64.083,1764516359999,5865853.21570,1683,12.753,1167391.75360,0
1764516360000,91512.90,91512.90,91491.40,91491.50,19.563,1764516419999,1790023.30210,566,3.359,307341.84130,0
1764516420000,91491.50,91577.00,91491.40,91548.50,71.893,1764516479999,6580958.63570,1944,59.727,5467341.37070,0
1764516480000,91548.60,91568.90,91548.50,91568.90,33.134,1764516539999,3033598.49870,707,23.212,2125204.01530,0
1764516540000,91568.80,91568.90,91538.00,91538.10,32.429,1764516599999,2969191.13040,832,11.276,1032447.01760,0
1764516600000,91538.10,91538.10,91493.90,91494.40,34.183,1764516659999,3128114.26000,927,7.974,729709.13270,0
1764516660000,91494.40,91494.50,91432.10,91432.10,47.503,1764516719999,4344773.62430,1222,16.030,1466056.66360,0
1764516720000,91432.20,91432.20,91384.20,91386.70,61.314,1764516779999,5604360.42150,1561,30.888,2823151.22540,0
1764516780000,91386.70,91393.10,91351.10,91382.10,68.468,1764516839999,6256212.39260,1671,41.005,3746793.39180,0
1764516840000,91382.00,91389.70,91343.10,91370.70,44.301,1764516899999,4047779.78610,1566,29.056,2654906.48480,0
1764516900000,91370.70,91377.10,91355.00,91355.00,43.329,1764516959999,3958874.70640,962,26.527,2423731.41980,0
1764516960000,91354.90,91354.90,91334.60,91334.70,51.126,1764517019999,4670011.92280,1200,30.103,2749710.65390,0
1764517020000,91334.70,91402.70,91334.60,91396.60,52.962,1764517079999,4839708.48090,1522,37.859,3459612.28570,0
1764517080000,91396.70,91411.80,91374.40,91405.80,55.614,1764517139999,5082342.60920,1392,35.920,3282625.92470,0
1764517140000,91405.90,91422.20,91387.60,91404.60,55.003,1764517199999,5027735.93320,1724,42.704,3903538.85790,0
1764517200000,91404.70,91404.70,91380.10,91380.20,43.037,1764517259999,3933248.67510,1077,24.229,2214344.30150,0
1764517260000,91380.20,91384.40,91370.70,91370.70,39.904,1764517319999,3646235.65960,875,24.829,2268752.53880,0
1764517320000,91370.70,91392.10,91362.00,91386.00,53.053,1764517379999,4847596.40480,1340,38.892,3553676.07470,0
1764517380000,91386.10,91408.10,91371.80,91408.00,46.439,1764517439999,4243939.69590,1265,31.650,2892466.00410,0
1764517440000,91408.00,91408.00,91371.80,91387.00,56.704,1764517499999,5182325.29800,1816,34.929,3192223.73630,0
1764517500000,91387.00,91438.20,91376.00,91376.00,57.765,1764517559999,5280574.63440,2434,31.364,2867101.02570,0
1764517560000,91376.10,91433.20,91376.00,91433.20,25.350,1764517619999,2317207.45990,1121,14.493,1324690.19580,0
1764517620000,91433.20,91440.80,91427.70,91440.70,11.099,1764517679999,1014817.96740,580,6.403,585447.94660,0
1764517680000,91440.80,91458.30,91440.70,91446.50,47.537,1764517739999,4347508.17420,1154,13.475,1232312.22410,0
1764517740000,91446.60,91446.60,91436.60,91436.60,12.350,1764517799999,1129284.35920,436,6.937,634319.19500,0
1764517800000,91436.60,91446.60,91422.50,91422.50,16.417,1764517859999,1501107.45480,779,8.915,815118.15350,0
1764517860000,91422.60,91422.60,91403.10,91403.10,9.832,1764517919999,898773.72210,427,2.797,255688.68890,0
1764517920000,91403.20,91410.10,91403.10,91410.10,19.620,1764517979999,1793350.86340,368,6.520,595959.93790,0
1764517980000,91410.10,91428.40,91410.00,91423.80,16.234,1764518039999,1484155.78010,457,13.833,1264645.80740,0
1764518040000,91423.90,91452.00,91423.80,91442.00,16.113,1764518099999,1473405.02750,643,10.437,954374.61410,0
1764518100000,91442.10,91442.10,91426.00,91428.50,14.938,1764518159999,1365832.24420,567,4.013,366916.86190,0
1764518160000,91428.50,91428.50,91410.90,91419.20,10.288,1764518219999,940478.16550,590,4.874,445545.89740,0
1764518220000,91419.20,91436.20,91401.00,91401.00,14.643,1764518279999,1338679.79710,739,5.465,499607.05860,0
1764518280000,91401.00,91408.80,91401.00,91403.40,9.681,1764518339999,884891.42450,392,6.119,559299.18790,0
1764518340000,91403.50,91411.40,91391.20,91405.80,27.174,1764518399999,2483683.65420,780,13.946,1274680.98990,0
1764518400000,91405.90,91410.00,91391.30,91391.60,19.937,1764518459999,1822314.24650,803,9.366,856096.97120,0
1764518460000,91391.70,91401.80,91364.30,91364.30,21.054,1764518519999,1923994.89950,1077,7.339,670718.53060,0
1764518520000,91364.40,91422.00,91364.30,91418.10,25.750,1764518579999,2353603.79460,1147,19.056,1741697.87200,0
1764518580000,91418.10,91428.30,91384.60,91384.60,26.040,1764518639999,2380239.64410,1490,10.733,981086.58080,0
1764518640000,91384.60,91407.00,91374.70,91406.90,11.549,1764518699999,1055448.07730,617,8.597,785669.93230,0
1764518700000,91407.00,91410.00,91406.90,91410.00,10.899,1764518759999,996255.55270,374,8.499,776877.22570,0
1764518760000,91409.90,91439.60,91409.90,91421.50,26.511,1764518819999,2423731.07810,848,21.367,1953434.35410,0
1764518820000,91421.60,91421.60,91372.50,91372.50,48.734,1764518879999,4453741.90350,1217,31.284,2858870.40760,0
1764518880000,91372.50,91405.10,91372.50,91405.10,51.385,1764518939999,4695914.97160,1063,43.259,3953292.71490,0
1764518940000,91405.10,91413.90,91405.00,91413.90,13.326,1764518999999,1218144.76550,422,10.891,995555.33110,0
1764519000000,91413.90,91413.90,91413.00,91413.90,6.128,1764519059999,560182.46350,268,2.712,247913.38350,0
1764519060000,91413.80,91425.00,91413.80,91425.00,7.707,1764519119999,704554.17080,422,6.191,565964.93440,0
1764519120000,91425.00,91434.20,91424.90,91434.20,11.997,1764519179999,1096913.52160,464,10.315,943123.44460,0
1764519180000,91434.10,91462.20,91423.50,91451.30,30.765,1764519239999,2813194.63110,1257,22.480,2055595.98490,0
1764519240000,91451.20,91461.80,91434.30,91461.80,29.406,1764519299999,2689169.05490,976,24.258,2218397.29050,0
1764519300000,91461.80,91477.30,91455.30,91455.30,26.610,1764519359999,2434087.50390,911,13.700,1253202.21350,0
1764519360000,91455.30,91455.40,91429.30,91449.40,23.620,1764519419999,2159789.09820,860,15.232,1392766.72390,0
1764519420000,91449.50,91532.70,91449.50,91530.30,72.492,1764519479999,6632310.30530,1849,67.398,6166246.76580,0
1764519480000,91532.70,91536.40,91519.80,91524.70,38.396,1764519539999,3514386.47110,1036,14.362,1314547.75790,0
1764519540000,91524.70,91524.80,91511.00,91521.90,20.733,1764519599999,1897447.81210,585,8.651,791724.41050,0
1764519600000,91521.90,91650.60,91521.80,91650.50,216.118,1764519659999,19794144.41180,3937,185.776,17014623.46210,0
1764519660000,91650.50,91742.70,91650.10,91655.80,319.084,1764519719999,29257800.41300,5267,182.491,16733547.76420,0
1764519720000,91655.80,91730.00,91650.40,91702.80,205.213,1764519779999,18815519.89370,3349,120.903,11084891.16820,0
1764519780000,91702.80,91710.00,91650.10,91650.20,166.639,1764519839999,15279660.95880,1631,10.201,935394.17880,0
1764519840000,91650.20,91680.30,91650.00,91671.40,46.968,1764519899999,4305477.38840,1407,20.904,1916175.59000,0
1764519900000,91671.60,91719.00,91671.60,91719.00,48.417,1764519959999,4439460.71010,1366,23.912,2192516.05440,0
1764519960000,91719.00,91720.00,91691.00,91720.00,39.048,1764520019999,3580879.26200,1094,20.245,1856577.59530,0
1764520020000,91720.00,91742.80,91714.60,91740.10,73.651,1764520079999,6756288.50190,1341,52.507,4816639.41650,0
1764520080000,91740.10,91742.70,91691.50,91691.60,58.886,1764520139999,5401343.93590,1230,13.993,1283611.95550,0
1764520140000,91691.50,91744.50,91677.40,91714.90,78.087,1764520199999,7161173.31800,2300,44.741,4103034.52570,0
1764520200000,91714.90,91735.20,91684.80,91684.90,77.311,1764520259999,7090058.55810,1422,20.476,1877955.04370,0
1764520260000,91684.80,91684.90,91629.10,91632.00,114.993,1764520319999,10538862.12510,2445,30.763,2819069.74240,0
1764520320000,91631.90,91648.00,91625.00,91635.00,59.934,1764520379999,5491903.64200,1189,22.113,2026275.38430,0
1764520380000,91635.00,91644.80,91604.10,91604.60,55.231,1764520439999,5059992.31780,1547,15.204,1392883.56550,0
1764520440000,91604.50,91615.70,91596.00,91596.00,43.465,1764520499999,3981641.39080,887,19.855,1818900.46220,0
1764520500000,91596.00,91648.60,91596.00,91648.50,34.896,1764520559999,3197207.92080,1048,23.522,2155158.94890,0
1764520560000,91648.60,91662.60,91621.10,91651.30,31.767,1764520619999,2911156.30450,1308,17.467,1600675.10240,0
1764520620000,91651.30,91651.30,91623.80,91633.90,27.657,1764520679999,2534317.33340,825,13.404,1228224.88510,0
1764520680000,91634.00,91649.10,91630.00,91640.70,18.566,1764520739999,1701443.96640,720,11.930,1093294.49870,0
1764520740000,91640.60,91696.80,91640.60,91696.80,45.362,1764520799999,4158715.67690,1192,40.425,3706121.58190,0
1764520800000,91696.80,91716.50,91696.80,91705.00,50.269,1764520859999,4610128.52920,1104,25.531,2341390.34360,0
1764520860000,91705.10,91722.90,91675.00,91675.90,52.603,1764520919999,4823655.91270,1323,11.429,1048090.08840,0
1764520920000,91675.80,91688.70,91668.60,91675.80,27.839,1764520979999,2552235.16370,826,13.435,1231691.03090,0
1764520980000,91675.80,91690.60,91646.60,91646.60,36.268,1764521039999,3324573.17470,1126,7.711,706903.84360,0
1764521040000,91646.70,91668.70,91646.50,91668.70,23.224,1764521099999,2128533.53290,750,14.160,1297778.03340,0
1764521100000,91668.70,91690.20,91640.10,91690.20,22.185,1764521159999,2033423.58420,1232,12.816,1174697.16510,0
1764521160000,91690.20,91713.60,91674.90,91713.60,22.579,1764521219999,2070475.75080,917,16.181,1483850.43860,0
1764521220000,91713.70,91724.80,91703.60,91723.20,31.388,1764521279999,2878774.24050,1522,12.870,1180357.88750,0
1764521280000,91723.20,91789.30,91723.20,91788.80,108.124,1764521339999,9922995.38710,2261,56.162,5153786.33620,0
1764521340000,91788.90,91799.00,91773.80,91789.10,78.827,1764521399999,7235545.93030,1490,36.870,3384339.67270,0
1764521400000,91789.10,91812.80,91775.70,91805.30,70.107,1764521459999,6435628.51610,1669,40.971,3761083.48900,0
1764521460000,91805.30,91818.80,91794.60,91818.70,33.911,1764521519999,3113279.81040,917,14.801,1358817.52330,0
1764521520000,91818.70,91818.80,91808.20,91808.20,46.678,1764521579999,4285763.35170,767,11.668,1071302.81510,0
1764521580000,91808.20,91815.40,91762.40,91772.00,50.173,1764521639999,4605971.26840,1463,20.493,1881367.59830,0
1764521640000,91772.00,91793.80,91768.90,91783.30,39.867,1764521699999,3658941.35450,1023,16.104,1477969.72260,0
1764521700000,91783.30,91786.90,91772.00,91772.00,31.180,1764521759999,2861779.40460,686,5.840,536018.96290,0
1764521760000,91772.00,91780.00,91731.20,91740.50,56.287,1764521819999,5164646.70420,1328,13.012,1193945.41830,0
1764521820000,91740.60,91773.90,91740.50,91773.90,51.004,1764521879999,4679794.17670,932,39.278,3603938.60480,0
1764521880000,91773.90,91773.90,91754.70,91763.70,30.153,1764521939999,2766969.17520,680,11.989,1100137.72010,0
1764521940000,91763.80,91789.50,91763.80,91789.40,21.219,1764521999999,1947401.38010,657,13.943,1279657.86670,0
1764522000000,91789.50,91789.50,91710.50,91710.50,51.934,1764522059999,4764710.04510,1729,5.747,527320.66340,0
1764522060000,91710.50,91710.60,91672.30,91688.90,38.322,1764522119999,3513572.29760,1465,14.811,1357914.86700,0
1764522120000,91688.90,91688.90,91666.40,91670.30,19.219,1764522179999,1761919.67350,849,4.897,448931.50150,0
1764522180000,91670.20,91678.10,91650.50,91669.80,26.501,1764522239999,2429312.76240,1091,8.345,764959.05520,0
1764522240000,91669.80,91669.80,91585.60,91589.90,74.928,1764522299999,6865419.73680,2092,17.326,1587413.99870,0
1764522300000,91589.90,91615.40,91589.90,91615.40,36.044,1764522359999,3301684.36100,1049,23.132,2118889.13550,0
1764522360000,91615.30,91624.10,91615.30,91616.20,24.212,1764522419999,2218300.01370,545,13.995,1282199.75510,0
1764522420000,91616.10,91616.20,91566.60,91568.90,58.412,1764522479999,5349312.02800,1648,22.741,2082397.97120,0
1764522480000,91568.90,91585.60,91498.30,91520.30,115.047,1764522539999,10529517.07480,3291,38.846,3555202.95440,0
1764522540000,91520.20,91526.80,91489.50,91489.60,48.979,1764522599999,4482089.87320,1616,17.865,1634862.16880,0
1764522600000,91489.60,91489.60,91380.10,91480.80,232.529,1764522659999,21260050.77610,5462,147.536,13489242.38900,0
1764522660000,91480.80,91480.90,91381.00,91390.10,82.805,1764522719999,7569237.09160,2312,32.181,2941132.85880,0
1764522720000,91390.00,91411.20,91337.10,91353.50,143.862,1764522779999,13145239.69510,2979,37.577,3433985.28800,0
1764522780000,91353.50,91359.00,91313.40,91332.90,104.003,1764522839999,9499274.04280,2295,41.965,3832776.02500,0
1764522840000,91332.80,91392.00,91332.80,91380.40,94.526,1764522899999,8636353.11020,2013,80.327,7339081.26390,0
1764522900000,91380.30,91385.00,91360.80,91360.80,39.259,1764522959999,3587295.62720,945,20.900,1909734.37720,0
1764522960000,91360.80,91448.00,91360.80,91448.00,63.417,1764523019999,5797640.66470,1852,53.665,4906025.89420,0
1764523020000,91448.00,91466.90,91447.90,91455.20,60.039,1764523079999,5491175.30610,1252,29.141,2665219.38310,0
1764523080000,91455.20,91476.30,91455.20,91474.30,25.118,1764523139999,2297555.36220,866,18.960,1734261.07190,0
1764523140000,91474.40,91474.40,91430.50,91451.10,58.292,1764523199999,5330534.62530,1525,35.415,3238522.69770,0
1764523200000,91451.10,91451.10,91414.80,91424.20,22.494,1764523259999,2056532.60410,903,8.159,745917.85090,0
1764523260000,91424.10,91424.10,91350.30,91350.30,58.340,1764523319999,5330811.55520,1665,10.513,960608.31490,0
1764523320000,91350.30,91424.30,91350.30,91400.10,29.590,1764523379999,2704245.61610,1414,22.342,2041778.23440,0
1764523380000,91400.10,91400.10,91382.30,91382.40,22.627,1764523439999,2067796.23000,545,12.956,1183974.16420,0
1764523440000,91382.40,91404.80,91326.10,91360.50,77.914,1764523499999,7118547.87780,2511,48.554,4435818.53370,0
1764523500000,91360.60,91360.60,91327.00,91328.00,59.781,1764523559999,5460470.35240,1514,35.968,3285328.22990,0
1764523560000,91328.00,91372.10,91313.70,91337.10,59.925,1764523619999,5473163.54670,1785,24.556,2242857.30080,0
1764523620000,91337.10,91346.90,91337.10,91342.50,12.389,1764523679999,1131628.12150,630,9.710,886924.51480,0
1764523680000,91342.60,91357.30,91342.50,91351.30,18.472,1764523739999,1687526.57870,519,12.368,1129886.16560,0
1764523740000,91351.40,91351.40,91336.00,91346.70,42.638,1764523799999,3894525.96540,870,22.941,2095378.30530,0
1764523800000,91346.60,91394.70,91346.60,91370.20,54.075,1764523859999,4940697.12850,1398,32.256,2947190.58050,0
1764523860000,91370.30,91370.30,91357.30,91357.30,33.836,1764523919999,3091375.11570,871,20.231,1848362.44810,0
1764523920000,91357.30,91370.00,91342.60,91342.70,16.025,1764523979999,1463967.83510,623,8.261,754716.57060,0
1764523980000,91342.80,91364.00,91340.00,91363.90,28.288,1764524039999,2583899.65530,670,19.016,1736968.17420,0
1764524040000,91364.00,91367.20,91304.30,91304.40,45.499,1764524099999,4155812.51800,1354,9.524,870032.43540,0
1764524100000,91304.40,91304.50,91284.30,91298.40,70.622,1764524159999,6447516.28730,1827,32.346,2953043.06190,0
1764524160000,91298.40,91298.50,91270.00,91281.00,58.722,1764524219999,5360056.22400,1243,15.257,1392584.19180,0
1764524220000,91281.00,91310.60,91270.00,91310.60,37.029,1764524279999,3380147.23360,1032,23.090,2107807.72350,0
1764524280000,91310.60,91368.00,91303.80,91367.90,70.946,1764524339999,6480112.90500,1468,56.754,5183817.32530,0
1764524340000,91368.00,91430.80,91367.90,91414.10,47.572,1764524399999,4347934.22400,1852,38.821,3548094.69680,0
1764524400000,91414.20,91485.70,91414.10,91475.30,74.340,1764524459999,6798717.14860,1897,58.045,5308161.94340,0
1764524460000,91475.30,91475.40,91434.10,91450.00,26.766,1764524519999,2447781.64520,1000,11.056,1011043.46150,0
1764524520000,91450.00,91450.10,91414.30,91414.30,28.072,1764524579999,2566632.59360,680,4.626,422947.27080,0
1764524580000,91414.40,91449.10,91411.50,91449.10,18.686,1764524639999,1708381.31300,869,15.930,1456420.30090,0
1764524640000,91449.00,91449.30,91444.50,91444.60,21.158,1764524699999,1934838.76770,312,12.085,1105151.61340,0
1764524700000,91444.60,91485.40,91444.50,91477.90,46.779,1764524759999,4278807.35660,1184,41.170,3765795.06880,0
1764524760000,91477.80,91500.10,91470.00,91486.90,52.001,1764524819999,4757665.05430,1140,32.270,2952447.40980,0
1764524820000,91486.90,91486.90,91450.30,91451.90,26.444,1764524879999,2418608.91550,807,6.660,609154.36500,0
1764524880000,91452.00,91470.00,91451.90,91470.00,11.486,1764524939999,1050566.62910,429,7.874,720185.97890,0
1764524940000,91470.00,91505.50,91469.90,91494.90,36.910,1764524999999,3376882.16610,981,24.354,2228071.78700,0
1764525000000,91495.00,91495.00,91462.20,91474.10,26.657,1764525059999,2438505.15020,784,7.106,650013.83940,0
1764525060000,91474.10,91485.00,91467.00,91467.10,31.384,1764525119999,2870938.12190,820,16.931,1548844.49620,0
1764525120000,91467.10,91467.10,91436.90,91436.90,13.806,1764525179999,1262566.50900,551,2.792,255339.75280,0
1764525180000,91437.00,91446.00,91429.00,91443.60,19.844,1764525239999,1814457.36930,635,8.838,808098.69140,0
1764525240000,91443.60,91443.60,91433.10,91433.20,11.929,1764525299999,1090809.76250,262,7.679,702192.29040,0
1764525300000,91433.10,91463.00,91433.10,91456.10,21.357,1764525359999,1952992.84820,608,16.805,1536718.90180,0
1764525360000,91456.10,91469.40,91456.00,91456.20,23.057,1764525419999,2108865.45260,514,17.375,1589164.85790,0
1764525420000,91456.20,91456.20,91456.10,91456.20,5.031,1764525479999,460116.03650,96,3.974,363446.93880,0
1764525480000,91456.20,91456.20,91450.00,91450.00,7.748,1764525539999,708578.83890,220,2.788,254975.43260,0
1764525540000,91450.00,91450.00,91444.00,91444.10,4.081,1764525599999,373184.68000,203,1.648,150700.02680,0
1764525600000,91444.10,91444.10,91409.00,91413.90,27.040,1764525659999,2471963.45620,830,7.367,673422.34070,0
1764525660000,91413.90,91414.00,91400.60,91400.60,10.748,1764525719999,982471.69020,356,1.831,167374.25630,0
1764525720000,91400.60,91401.30,91380.00,91383.80,27.978,1764525779999,2556878.18420,880,6.885,629227.51450,0
1764525780000,91383.80,91383.80,91330.60,91340.40,26.413,1764525839999,2412765.32880,1182,10.480,957231.66940,0
1764525840000,91340.40,91340.40,91264.00,91264.00,30.875,1764525899999,2818876.92950,1392,5.423,495085.52310,0
1764525900000,91264.00,91268.00,91251.40,91266.90,70.342,1764525959999,6419365.86950,1487,34.464,3145124.77400,0
1764525960000,91267.00,91304.80,91266.90,91295.20,39.096,1764526019999,3568804.61790,1187,32.879,3001271.02310,0
1764526020000,91295.20,91295.20,91259.40,91274.60,23.549,1764526079999,2149445.81730,801,7.621,695578.49730,0
1764526080000,91274.50,91279.90,91260.90,91273.50,20.187,1764526139999,1842485.86280,660,14.619,1334274.14630,0
1764526140000,91273.50,91273.50,91088.10,91174.20,437.014,1764526199999,39833614.95500,7781,75.668,6896354.65610,0
1764526200000,91174.20,91210.20,91174.00,91210.10,64.401,1764526259999,5872782.67990,1119,53.905,4915661.20070,0
1764526260000,91210.20,91223.30,91210.10,91223.30,20.513,1764526319999,1871098.49560,618,18.030,1644613.59320,0
1764526320000,91223.30,91267.50,91223.20,91256.50,79.208,1764526379999,7227753.66680,1618,64.002,5840095.56350,0
1764526380000,91256.60,91270.40,91252.00,91270.40,16.584,1764526439999,1513404.83190,549,11.806,1077394.70950,0
1764526440000,91270.40,91270.40,91254.00,91254.10,14.478,1764526499999,1321303.20960,391,6.036,550877.95700,0
1764526500000,91254.00,91269.90,91254.00,91269.80,20.363,1764526559999,1858363.32990,458,18.732,1709523.39770,0
1764526560000,91269.90,91269.90,91225.40,91225.50,22.346,1764526619999,2039108.14870,995,5.484,500484.01330,0
1764526620000,91225.40,91283.70,91185.30,91264.40,150.139,1764526679999,13697261.42300,3229,100.073,9130692.51600,0
1764526680000,91264.30,91310.10,91264.30,91295.80,40.284,1764526739999,3677667.63510,1302,28.617,2612503.80890,0
1764526740000,91295.80,91298.50,91271.90,91283.60,16.206,1764526799999,1479361.26670,710,6.373,581758.32920,0
1764526800000,91283.60,91333.30,91283.50,91306.80,37.360,1764526859999,3411491.09010,1339,32.671,2983296.91100,0
1764526860000,91306.80,91365.80,91304.40,91348.30,54.811,1764526919999,5006210.25360,1469,39.070,3568592.89860,0
1764526920000,91348.40,91348.40,91305.00,91305.10,20.000,1764526979999,1826298.62210,690,6.622,604635.89360,0
1764526980000,91305.00,91305.10,91285.20,91285.30,18.309,1764527039999,1671545.55840,673,4.240,387105.26250,0
1764527040000,91285.20,91319.70,91285.20,91319.70,18.630,1764527099999,1700894.95840,747,15.685,1432004.63530,0
1764527100000,91319.70,91323.20,91313.90,91323.20,16.820,1764527159999,1536017.26020,377,13.649,1246437.41990,0
1764527160000,91323.10,91323.10,91305.20,91319.80,15.657,1764527219999,1429741.64460,580,7.240,661115.98780,0
1764527220000,91319.70,91334.60,91319.70,91334.60,10.119,1764527279999,924148.64130,374,8.708,795282.43910,0
1764527280000,91334.50,91347.80,91318.70,91347.80,39.875,1764527339999,3641542.64520,797,32.125,2933741.24300,0
1764527340000,91347.80,91351.90,91344.20,91344.50,17.749,1764527399999,1621306.65710,474,11.683,1067198.66540,0
1764527400000,91344.50,91344.50,91311.30,91311.30,13.600,1764527459999,1242035.25820,541,1.489,135977.41060,0
1764527460000,91311.30,91311.30,91296.20,91303.00,38.872,1764527519999,3549028.03220,928,24.273,2216084.30810,0
1764527520000,91303.10,91335.50,91291.60,91335.50,29.204,1764527579999,2666307.73160,925,24.350,2223147.82900,0
1764527580000,91335.40,91373.50,91335.40,91359.70,53.610,1764527639999,4898015.37900,1075,36.048,3293385.27330,0
1764527640000,91359.80,91369.00,91354.70,91354.80,11.265,1764527699999,1029209.56960,422,7.291,666139.74650,0
1764527700000,91354.70,91354.80,91347.00,91347.00,6.952,1764527759999,635053.09250,238,2.623,239606.33250,0
1764527760000,91347.00,91350.40,91322.10,91322.10,10.537,1764527819999,962460.18320,627,4.488,409965.75460,0
1764527820000,91322.20,91375.00,91310.80,91375.00,29.873,1764527879999,2728452.78900,1256,21.362,1951269.80490,0
1764527880000,91375.00,91390.00,91374.90,91386.50,33.217,1764527939999,3035442.04190,844,28.588,2612416.15670,0
1764527940000,91386.40,91390.00,91376.10,91376.20,18.733,1764527999999,1711844.55370,466,14.280,1304918.28910,0
1764528000000,91376.20,91376.20,91331.10,91338.20,10.687,1764528059999,976214.48960,740,3.822,349107.61820,0
1764528060000,91338.20,91338.20,91320.00,91320.10,9.011,1764528119999,822908.13290,449,4.719,430939.72960,0
1764528120000,91320.00,91320.10,91291.90,91291.90,17.534,1764528179999,1600945.40090,601,3.470,316835.79480,0
1764528180000,91292.00,91315.30,91291.90,91311.20,9.797,1764528239999,894502.76970,454,7.310,667417.40940,0
1764528240000,91311.20,91361.80,91311.20,91348.00,58.983,1764528299999,5387349.65720,1355,45.462,4152322.50870,0
1764528300000,91348.00,91358.20,91329.00,91334.80,13.441,1764528359999,1227765.33150,766,7.094,648004.21190,0
1764528360000,91334.80,91367.30,91334.80,91367.30,15.088,1764528419999,1378331.58000,709,9.833,898266.41640,0
1764528420000,91367.40,91384.80,91367.40,91368.00,22.403,1764528479999,2047257.78170,530,6.075,555137.68110,0
1764528480000,91368.10,91368.10,91350.00,91350.00,10.207,1764528539999,932425.19570,307,2.791,254962.05370,0
1764528540000,91350.10,91363.70,91350.00,91359.90,7.591,1764528599999,693499.71180,315,4.515,412485.39080,0
1764528600000,91359.80,91370.60,91352.00,91364.20,11.775,1764528659999,1075819.08710,541,6.829,623931.42220,0
1764528660000,91364.20,91384.80,91364.10,91384.80,10.486,1764528719999,958167.31630,415,9.265,846603.05320,0
1764528720000,91384.80,91390.80,91384.70,91390.80,12.616,1764528779999,1152966.82470,386,6.607,603807.26600,0
1764528780000,91390.70,91414.00,91390.70,91414.00,26.820,1764528839999,2451239.03440,677,23.275,2127244.55610,0
1764528840000,91414.00,91440.00,91413.90,91420.20,29.828,1764528899999,2727076.17380,838,24.819,2269099.24260,0
1764528900000,91420.20,91433.00,91413.50,91433.00,17.143,1764528959999,1567192.22690,506,12.348,1128853.85790,0
1764528960000,91433.00,91443.50,91407.00,91407.00,29.389,1764529019999,2687035.75790,836,14.730,1346908.20170,0
1764529020000,91407.00,91407.10,91400.30,91400.40,8.387,1764529079999,766597.76470,184,2.082,190301.53980,0
1764529080000,91400.30,91400.40,91400.30,91400.30,5.433,1764529139999,496578.11930,152,2.894,264512.75760,0
1764529140000,91400.30,91420.30,91400.30,91420.30,9.531,1764529199999,871263.47900,398,7.208,658904.80250,0
1764529200000,91420.20,91420.30,91400.10,91400.10,29.855,1764529259999,2729202.41150,518,5.043,461009.48250,0
1764529260000,91400.10,91400.20,91378.90,91399.40,22.239,1764529319999,2032339.28240,711,16.227,1482906.98920,0
1764529320000,91399.50,91412.40,91389.40,91393.50,18.175,1764529379999,1661133.51120,866,13.668,1249197.69180,0
1764529380000,91393.40,91448.50,91385.60,91448.50,23.318,1764529439999,2131490.51780,911,18.759,1714726.88460,0
1764529440000,91448.40,91448.50,91389.60,91389.60,23.713,1764529499999,2167912.77960,893,2.428,222011.45000,0
1764529500000,91389.60,91403.70,91386.90,91396.50,16.763,1764529559999,1531976.83190,424,13.248,1210739.59350,0
1764529560000,91396.50,91416.70,91396.50,91409.30,6.197,1764529619999,566450.99580,391,4.473,408859.19370,0
1764529620000,91409.40,91409.40,91388.00,91388.00,7.166,1764529679999,654945.37630,322,0.839,76689.52490,0
1764529680000,91388.10,91388.10,91383.00,91383.10,10.124,1764529739999,925177.95710,196,1.933,176647.46850,0
1764529740000,91383.00,91421.40,91383.00,91421.30,17.143,1764529799999,1566870.96090,571,13.140,1200981.78740,0
1764529800000,91421.30,91421.40,91368.90,91400.00,31.177,1764529859999,2849418.32070,1486,7.137,652237.38350,0
1764529860000,91399.90,91399.90,91397.50,91397.60,12.024,1764529919999,1098980.00020,244,1.856,169633.96510,0
1764529920000,91397.50,91429.70,91397.50,91429.70,17.989,1764529979999,1644525.83930,546,14.741,1347603.53170,0
1764529980000,91429.70,91429.70,91429.60,91429.70,7.945,1764530039999,726408.79500,146,6.230,569607.03100,0
1764530040000,91429.60,91429.70,91411.90,91412.00,12.666,1764530099999,1157959.89230,426,1.950,178278.12600,0
1764530100000,91412.00,91415.20,91411.90,91415.20,6.828,1764530159999,624181.60070,264,5.000,457074.94190,0
1764530160000,91415.20,91444.70,91415.10,91444.70,15.382,1764530219999,1406432.64700,543,13.262,1212609.57050,0
1764530220000,91444.70,91461.30,91436.10,91461.30,16.909,1764530279999,1546254.07370,679,12.964,1185517.06820,0
1764530280000,91461.30,91461.30,91403.50,91411.00,20.613,1764530339999,1884683.28630,919,6.145,561751.39460,0
1764530340000,91411.10,91411.10,91355.30,91359.80,26.751,1764530399999,2444400.71660,911,3.353,306380.66440,0
1764530400000,91359.90,91364.20,91359.80,91360.50,11.156,1764530459999,1019225.97910,290,3.722,340043.75050,0
1764530460000,91360.60,91360.60,91317.50,91318.10,20.150,1764530519999,1840420.87580,907,4.286,391399.46110,0
1764530520000,91318.20,91342.40,91298.10,91342.40,39.735,1764530579999,3628274.57260,1026,21.536,1966546.20700,0
1764530580000,91342.30,91342.40,91318.60,91318.70,11.048,1764530639999,1008973.16630,362,3.836,350308.42710,0
1764530640000,91318.60,91332.10,91318.60,91332.00,8.086,1764530699999,738440.95010,256,5.176,472685.83480,0
1764530700000,91332.10,91357.50,91320.00,91320.00,19.624,1764530759999,1792489.26620,860,9.510,868668.81780,0
1764530760000,91320.00,91320.10,91259.20,91264.20,35.000,1764530819999,3194807.43310,1187,7.826,714388.15810,0
1764530820000,91264.20,91303.50,91264.20,91276.20,26.613,1764530879999,2429470.74940,944,16.728,1527023.86750,0
1764530880000,91276.20,91314.40,91276.20,91314.40,9.248,1764530939999,844354.23760,480,8.249,753149.73050,0
1764530940000,91314.40,91317.70,91309.50,91309.60,11.346,1764530999999,1036059.72450,295,2.337,213393.05050,0
1764531000000,91309.60,91314.40,91292.70,91298.80,39.564,1764531059999,3612429.84440,1094,19.048,1739166.55240,0
1764531060000,91298.70,91298.70,91272.00,91292.20,17.285,1764531119999,1577855.75950,772,5.533,505050.76410,0
1764531120000,91292.30,91292.30,91266.30,91266.40,22.131,1764531179999,2020184.53400,716,12.603,1150443.59930,0
1764531180000,91266.30,91290.40,91266.30,91282.90,7.762,1764531239999,708518.78230,528,4.161,379811.61410,0
1764531240000,91282.90,91288.90,91282.90,91282.90,11.064,1764531299999,1009997.59140,361,2.549,232684.76090,0
1764531300000,91283.00,91362.00,91282.90,91362.00,30.932,1764531359999,2824817.52600,1449,29.865,2727403.53250,0
1764531360000,91362.00,91402.50,91362.00,91398.50,37.288,1764531419999,3407814.25480,1223,27.951,2554431.32320,0
1764531420000,91398.50,91398.50,91383.60,91388.30,14.674,1764531479999,1341107.19790,526,4.813,439863.51030,0
1764531480000,91388.20,91433.00,91371.70,91433.00,25.459,1764531539999,2326681.70500,1257,12.108,1106623.10850,0
1764531540000,91433.10,91439.20,91419.90,91425.00,11.308,1764531599999,1033889.10090,581,4.720,431551.38710,0
1764531600000,91425.00,91439.20,91421.50,91421.50,18.653,1764531659999,1705514.24350,585,5.657,517228.92700,0
1764531660000,91421.50,91427.20,91421.50,91427.20,8.576,1764531719999,784064.36990,189,2.679,244921.57800,0
1764531720000,91427.10,91427.20,91421.50,91421.50,7.548,1764531779999,690056.08770,175,0.887,81091.45200,0
1764531780000,91421.60,91428.30,91421.60,91428.30,4.649,1764531839999,425037.33200,195,3.823,349517.65320,0
1764531840000,91428.30,91428.30,91408.80,91408.90,9.218,1764531899999,842698.12720,365,2.143,195917.60250,0
1764531900000,91408.80,91435.60,91408.80,91425.50,40.571,1764531959999,3709365.61170,914,10.668,975278.41780,0
1764531960000,91425.60,91448.60,91421.70,91421.70,25.792,1764532019999,2358432.20400,839,8.263,755562.59050,0
1764532020000,91421.70,91421.80,91421.70,91421.70,2.739,1764532079999,250404.21460,110,1.783,163005.06940,0
1764532080000,91421.80,91421.80,91394.70,91394.70,17.959,1764532139999,1641638.38090,517,2.756,251935.86630,0
1764532140000,91394.70,91397.70,91387.70,91397.70,6.721,1764532199999,614244.38360,325,3.418,312378.78160,0
1764532200000,91397.60,91403.10,91395.00,91395.00,17.167,1764532259999,1569053.88290,304,9.395,858705.42610,0
1764532260000,91395.00,91395.10,91383.00,91395.00,14.208,1764532319999,1298445.50070,808,8.692,794342.50440,0
1764532320000,91395.10,91404.60,91395.10,91404.60,8.410,1764532379999,768680.48680,245,4.442,406001.71040,0
1764532380000,91404.50,91410.10,91396.80,91396.80,20.889,1764532439999,1909387.11930,419,11.647,1064627.90690,0
1764532440000,91396.90,91401.50,91396.80,91401.50,6.266,1764532499999,572716.33460,140,3.974,363225.74260,0
1764532500000,91401.40,91411.20,91401.40,91411.20,5.394,1764532559999,493059.55560,216,3.066,280256.46450,0
1764532560000,91411.20,91445.40,91411.10,91445.40,16.866,1764532619999,1542047.83760,602,16.013,1464051.16990,0
1764532620000,91445.30,91445.40,91432.10,91432.20,30.307,1764532679999,2771383.37100,428,9.733,890017.29070,0
1764532680000,91432.10,91432.20,91432.10,91432.10,5.208,1764532739999,476178.59150,131,2.147,196304.93340,0
1764532740000,91432.10,91432.10,91414.60,91423.20,8.981,1764532799999,821045.12360,442,3.916,357993.43900,0
1764532800000,91423.10,91423.10,91396.90,91408.50,14.756,1764532859999,1348817.48590,641,2.297,209963.61900,0
1764532860000,91408.50,91408.60,91405.50,91405.50,10.558,1764532919999,965089.50040,254,2.399,219289.22540,0
1764532920000,91405.50,91408.50,91378.00,91379.10,19.384,1764532979999,1771529.84680,738,2.048,187161.27100,0
1764532980000,91379.10,91397.30,91379.10,91397.20,6.369,1764533039999,582064.81720,337,3.000,274162.70550,0
1764533040000,91397.20,91434.70,91397.20,91433.70,22.658,1764533099999,2071341.55750,632,17.959,1641793.52520,0
1764533100000,91433.70,91473.20,91433.70,91466.50,28.017,1764533159999,2562354.42040,985,23.244,2125779.01850,0
1764533160000,91466.40,91552.00,91466.40,91536.60,74.545,1764533219999,6821949.19160,2124,65.632,6006148.61780,0
1764533220000,91536.70,91536.70,91508.80,91511.20,27.248,1764533279999,2493579.38480,961,18.421,1685718.43760,0
1764533280000,91511.30,91547.00,91511.20,91527.80,34.382,1764533339999,3147035.36000,864,18.356,1680075.00270,0
1764533340000,91527.80,91538.60,91521.00,91538.60,11.890,1764533399999,1088246.69340,410,6.318,578266.74400,0
1764533400000,91538.60,91548.60,91527.00,91548.60,21.245,1764533459999,1944675.54370,626,11.878,1087255.08770,0
1764533460000,91548.50,91592.30,91548.50,91557.40,94.646,1764533519999,8666688.02980,1942,68.647,6285946.69560,0
1764533520000,91557.30,91586.70,91539.10,91539.20,61.803,1764533579999,5659050.10190,1252,35.068,3211068.26530,0
1764533580000,91539.10,91547.50,91527.80,91527.80,24.289,1764533639999,2223365.80920,561,6.327,579196.98070,0
1764533640000,91527.80,91541.80,91517.40,91517.40,33.874,1764533699999,3100315.97810,911,20.070,1836904.06010,0
1764533700000,91517.50,91517.50,91484.10,91484.10,16.616,1764533759999,1520307.59770,669,2.833,259204.08040,0
1764533760000,91484.10,91496.90,91457.60,91496.80,20.988,1764533819999,1919793.41050,1087,12.838,1174293.37520,0
1764533820000,91496.80,91496.90,91420.10,91420.10,21.576,1764533879999,1973282.36400,1267,1.433,131073.65250,0
1764533880000,91420.00,91445.50,91420.00,91445.40,16.596,1764533939999,1517428.50500,540,10.736,981629.26030,0
1764533940000,91445.40,91450.10,91445.40,91450.10,13.533,1764533999999,1237588.60170,201,9.129,834845.07080,0
1764534000000,91450.00,91450.00,91338.90,91339.00,69.825,1764534059999,6381684.00360,2142,5.313,485465.57060,0
1764534060000,91338.90,91358.60,91331.90,91358.60,24.697,1764534119999,2255847.64060,932,15.032,1373049.51740,0
1764534120000,91358.50,91358.60,91333.30,91352.10,19.445,1764534179999,1776197.51360,676,8.776,801619.78470,0
1764534180000,91352.10,91357.60,91333.60,91346.60,30.611,1764534239999,2796234.15900,600,4.546,415249.52740,0
1764534240000,91346.60,91357.10,91346.60,91357.00,29.252,1764534299999,2672192.87160,381,21.142,1931309.46240,0
1764534300000,91357.10,91357.10,91336.50,91349.90,19.533,1764534359999,1784267.72670,541,14.808,1352664.15130,0
1764534360000,91350.00,91350.00,91292.90,91292.90,38.895,1764534419999,3551722.01230,1007,7.261,663013.42280,0
1764534420000,91293.00,91299.50,91275.00,91277.50,23.904,1764534479999,2182142.98220,790,11.053,1009024.28580,0
1764534480000,91277.50,91302.50,91261.00,91272.90,29.537,1764534539999,2696108.64830,1451,13.368,1220285.81500,0
1764534540000,91272.90,91277.30,91272.90,91277.20,18.718,1764534599999,1708486.77550,322,13.340,1217612.82030,0
1764534600000,91277.20,91288.20,91250.00,91281.80,49.598,1764534659999,4526903.62320,1322,26.987,2463245.95830,0
1764534660000,91281.80,91300.50,91276.30,91297.90,16.704,1764534719999,1524919.86910,636,9.542,871092.38840,0
1764534720000,91297.80,91297.80,91254.00,91265.00,19.259,1764534779999,1757766.75110,732,5.549,506452.98470,0
1764534780000,91265.00,91265.00,91238.10,91242.20,22.332,1764534839999,2037747.65220,794,4.812,439075.15690,0
1764534840000,91242.20,91242.20,91169.70,91173.70,116.644,1764534899999,10636398.82440,2679,26.176,2386588.87350,0
1764534900000,91173.60,91194.10,91163.00,91163.10,44.255,1764534959999,4034936.84930,1085,12.713,1159127.50890,0
1764534960000,91163.10,91192.30,91163.00,91192.30,26.319,1764535019999,2399767.23670,745,19.737,1799688.49780,0
1764535020000,91192.30,91198.70,91183.80,91198.60,18.494,1764535079999,1686508.98770,587,10.881,992279.28320,0
1764535080000,91198.50,91198.60,91190.30,91190.40,23.690,1764535139999,2160369.84940,351,6.977,636264.21440,0
1764535140000,91190.40,91190.40,91163.00,91174.30,32.351,1764535199999,2949611.45170,859,12.868,1173156.75330,0
1764535200000,91174.30,91174.30,91133.60,91173.40,43.733,1764535259999,3986396.57570,1391,19.744,1799772.44440,0
1764535260000,91173.40,91254.00,91173.40,91240.70,89.520,1764535319999,8165211.15140,2619,75.737,6908218.98740,0
1764535320000,91240.70,91240.70,91217.80,91223.90,14.979,1764535379999,1366452.38820,524,9.027,823465.36890,0
1764535380000,91223.90,91223.90,91205.90,91213.00,9.799,1764535439999,893797.41030,498,4.971,453400.99070,0
1764535440000,91212.90,91238.40,91212.90,91238.40,11.511,1764535499999,1050032.92810,552,9.641,879464.32160,0
1764535500000,91238.30,91328.00,91218.20,91281.50,127.233,1764535559999,11613752.88740,3599,92.273,8422560.14500,0
1764535560000,91281.50,91281.50,91269.00,91278.50,12.986,1764535619999,1185260.49330,516,8.496,775427.49420,0
1764535620000,91278.40,91294.10,91275.70,91293.70,25.195,1764535679999,2299952.80520,1137,19.350,1766378.26020,0
1764535680000,91293.80,91333.30,91293.80,91305.20,23.250,1764535739999,2122919.96710,1104,15.804,1443007.87570,0
1764535740000,91305.10,91305.20,91275.00,91283.50,11.546,1764535799999,1053959.93680,564,2.760,251927.87310,0
1764535800000,91283.50,91283.50,91250.00,91250.00,9.566,1764535859999,872992.86830,528,0.510,46539.24110,0
1764535860000,91250.00,91250.10,91229.20,91229.20,8.594,1764535919999,784171.77850,442,1.931,176200.11260,0
1764535920000,91229.30,91253.70,91222.00,91252.20,31.751,1764535979999,2896874.93880,876,28.656,2614522.92310,0
1764535980000,91252.10,91281.10,91252.10,91259.10,22.011,1764536039999,2008900.26760,844,14.303,1305386.63000,0
1764536040000,91259.10,91265.40,91259.10,91259.20,7.224,1764536099999,659271.43360,335,4.375,399269.46160,0
1764536100000,91259.10,91281.70,91259.10,91281.70,5.765,1764536159999,526174.71660,347,4.343,396389.47110,0
1764536160000,91281.70,91299.40,91281.60,91299.30,11.021,1764536219999,1006137.85900,614,7.999,730246.65710,0
1764536220000,91299.30,91299.40,91290.40,91290.50,12.570,1764536279999,1147618.96170,314,7.097,647941.14400,0
1764536280000,91290.40,91299.40,91276.90,91299.30,11.696,1764536339999,1067714.38170,505,4.047,369433.39310,0
1764536340000,91299.40,91303.20,91272.60,91272.70,5.678,1764536399999,518356.02390,534,2.105,192177.99210,0
1764536400000,91272.70,91274.40,91260.00,91260.20,28.666,1764536459999,2616258.75990,879,19.487,1778512.78120,0
1764536460000,91260.20,91293.20,91260.20,91278.10,42.293,1764536519999,3860482.71230,1055,25.206,2300617.94710,0
1764536520000,91278.00,91278.00,91251.10,91251.20,12.303,1764536579999,1122789.78710,400,1.607,146662.01090,0
1764536580000,91251.10,91262.40,91217.40,91222.70,23.976,1764536639999,2187438.71520,959,6.850,625060.51400,0
1764536640000,91222.70,91255.10,91222.70,91255.10,8.960,1764536699999,817451.30760,482,5.489,500786.06350,0
1764536700000,91255.50,91257.30,91238.20,91238.30,21.175,1764536759999,1932176.57130,684,14.147,1290869.89520,0
1764536760000,91238.30,91274.70,91238.20,91265.10,11.941,1764536819999,1089729.32980,823,8.346,761641.07370,0
1764536820000,91265.10,91275.60,91248.30,91248.30,9.342,1764536879999,852615.73670,521,4.940,450864.78000,0
1764536880000,91248.40,91248.50,91241.80,91243.90,9.352,1764536939999,853334.54770,267,5.819,530964.94950,0
1764536940000,91243.80,91244.00,91210.00,91210.00,11.551,1764536999999,1053734.63450,590,1.802,164384.21850,0
1764537000000,91210.10,91217.70,91157.10,91164.90,44.766,1764537059999,4081897.82610,1585,9.952,907563.96850,0
1764537060000,91164.90,91180.00,91142.00,91148.10,65.928,1764537119999,6009683.47920,1531,39.126,3566418.26860,0
1764537120000,91148.10,91148.10,90858.90,91086.60,897.254,1764537179999,81652378.46340,12154,171.380,15600407.83620,0
1764537180000,91086.60,91132.00,91086.50,91106.60,78.735,1764537239999,7173874.27350,1776,31.391,2860114.45260,0
1764537240000,91106.70,91129.80,91106.60,91129.80,20.632,1764537299999,1879919.60620,673,13.806,1257939.13010,0
1764537300000,91129.80,91180.80,91129.80,91160.00,64.967,1764537359999,5922425.35720,1804,36.537,3330672.14860,0
1764537360000,91160.10,91160.10,91060.00,91076.30,58.137,1764537419999,5296111.35270,2172,19.705,1794600.85880,0
1764537420000,91076.30,91097.40,91060.00,91080.00,38.163,1764537479999,3475696.87820,1330,18.384,1674327.71900,0
1764537480000,91080.00,91094.60,91079.90,91087.40,12.313,1764537539999,1121556.68820,513,5.000,455425.63340,0
1764537540000,91087.40,91087.40,91019.60,91022.50,45.756,1764537599999,4166379.48310,1401,6.562,597512.02090,0
1764537600000,91022.50,91038.70,90978.10,91002.80,154.593,1764537659999,14067803.18000,2839,55.166,5020036.07550,0
1764537660000,91002.90,91009.60,90987.20,90999.00,67.799,1764537719999,6169442.03490,1429,23.263,2116847.82610,0
1764537720000,90999.00,91015.50,90825.10,90884.90,468.744,1764537779999,42609813.09170,8305,156.258,14201899.85010,0
1764537780000,90884.90,90960.00,90884.90,90942.00,104.112,1764537839999,9467287.47780,2558,68.200,6201365.92440,0
1764537840000,90941.90,90941.90,90888.00,90917.80,58.716,1764537899999,5337922.12740,2359,23.728,2157013.77650,0
1764537900000,90917.80,90936.20,90917.70,90928.10,42.262,1764537959999,3842835.83380,1069,19.135,1739877.01900,0
1764537960000,90928.20,90979.70,90928.10,90957.60,39.509,1764538019999,3593957.15370,1363,25.384,2309018.18840,0
1764538020000,90957.60,90967.70,90942.00,90942.10,34.398,1764538079999,3128688.58650,832,11.963,1088150.98880,0
1764538080000,90942.00,90979.20,90932.90,90979.20,33.556,1764538139999,3052270.80580,1000,21.071,1916607.72690,0
1764538140000,90979.10,91031.40,90979.10,91031.40,43.961,1764538199999,4000809.72920,1506,33.372,3037127.30940,0
1764538200000,91031.40,91031.40,91003.00,91026.10,53.183,1764538259999,4840728.43370,1295,28.880,2628694.20680,0
1764538260000,91026.10,91026.10,91018.80,91018.90,19.931,1764538319999,1814235.35280,441,10.357,942756.12970,0
1764538320000,91018.90,91049.50,91018.80,91049.50,35.120,1764538379999,3196853.83850,724,31.120,2832725.12620,0
1764538380000,91049.40,91172.70,91049.40,91121.30,229.998,1764538439999,20959740.93200,5023,175.932,16032795.22000,0
1764538440000,91121.20,91121.90,91078.90,91078.90,39.802,1764538499999,3626317.60190,971,5.015,456924.11920,0
1764538500000,91078.90,91136.80,91070.50,91133.60,130.173,1764538559999,11859423.25550,2096,115.460,10518824.10860,0
1764538560000,91133.60,91150.10,91122.30,91122.40,33.119,1764538619999,3018309.16190,1230,22.215,2024546.80170,0
1764538620000,91122.30,91132.60,91081.20,91087.50,23.313,1764538679999,2124216.62730,1201,7.570,689785.33280,0
1764538680000,91087.50,91119.70,91078.70,91096.10,29.405,1764538739999,2678708.02800,1356,8.885,809403.96920,0
1764538740000,91096.20,91096.20,91055.00,91061.00,27.070,1764538799999,2465414.63790,1121,5.384,490354.48000,0
1764538800000,91061.00,91070.20,91008.30,91008.40,30.813,1764538859999,2804950.88590,1416,5.606,510385.14960,0
1764538860000,91008.30,91030.80,91001.50,91006.10,24.159,1764538919999,2198896.53090,957,9.241,841136.53910,0
1764538920000,91006.10,91035.50,91006.00,91034.90,13.341,1764538979999,1214372.48580,571,9.935,904355.41300,0
1764538980000,91035.00,91035.00,91027.00,91027.10,7.703,1764539039999,701232.26270,337,1.965,178879.01670,0
1764539040000,91027.10,91027.10,91008.80,91026.20,33.947,1764539099999,3089787.49240,738,5.790,527002.23120,0
1764539100000,91026.10,91051.40,91019.40,91039.10,21.109,1764539159999,1921769.86360,811,8.584,781510.29190,0
1764539160000,91039.20,91087.90,91039.10,91087.90,20.463,1764539219999,1863427.12320,769,18.640,1697442.00590,0
1764539220000,91087.90,91113.10,91061.90,91061.90,36.986,1764539279999,3368890.25070,1326,23.199,2113005.42960,0
1764539280000,91062.00,91105.20,91062.00,91096.30,12.585,1764539339999,1146368.68060,857,9.357,852293.44060,0
1764539340000,91096.20,91096.30,91065.40,91065.40,5.706,1764539399999,519699.23850,427,2.309,210303.95700,0
1764539400000,91065.40,91081.30,91065.40,91081.30,20.188,1764539459999,1838487.29910,506,16.270,1481660.27470,0
1764539460000,91081.20,91104.90,91081.20,91091.60,22.649,1764539519999,2063269.19710,643,11.742,1069619.84050,0
1764539520000,91091.50,91102.80,91063.50,91063.60,15.627,1764539579999,1423410.82860,831,5.695,518772.45650,0
1764539580000,91063.50,91076.90,91063.40,91066.70,14.976,1764539639999,1363857.55710,608,8.928,813069.80290,0
1764539640000,91066.70,91134.20,91066.70,91127.70,50.761,1764539699999,4624541.96550,1616,38.957,3549005.79870,0
1764539700000,91127.70,91133.80,91126.90,91133.70,8.613,1764539759999,784909.45940,288,5.757,524643.87470,0
1764539760000,91133.70,91150.00,91128.00,91147.00,20.535,1764539819999,1871576.46270,692,6.394,582746.17610,0
1764539820000,91147.00,91150.00,91134.00,91134.00,8.783,1764539879999,800559.23120,390,3.311,301793.67860,0
1764539880000,91134.00,91140.60,91130.90,91131.00,7.289,1764539939999,664272.02980,357,3.478,316963.21780,0
1764539940000,91130.90,91139.10,91118.70,91139.10,12.477,1764539999999,1136940.37630,487,6.393,582551.07220,0
1764540000000,91139.00,91160.30,91139.00,91160.30,16.956,1764540059999,1545588.28340,552,12.043,1097742.00000,0
1764540060000,91160.30,91193.60,91160.20,91164.50,45.785,1764540119999,4174670.10390,1479,18.281,1666815.58060,0
1764540120000,91164.50,91196.00,91164.50,91184.90,18.733,1764540179999,1708202.70010,737,9.860,899073.38640,0
1764540180000,91184.80,91186.40,91172.50,91186.30,7.781,1764540239999,709493.76780,483,4.017,366277.38370,0
1764540240000,91186.30,91232.80,91186.30,91229.30,29.862,1764540299999,2723984.58600,1687,21.038,1919031.08740,0
1764540300000,91229.20,91229.30,91206.30,91222.50,24.207,1764540359999,2207952.93050,716,7.861,717011.79400,0
1764540360000,91222.40,91260.70,91222.40,91260.60,34.466,1764540419999,3144916.76610,1560,25.178,2297430.51870,0
1764540420000,91260.60,91282.10,91211.50,91221.20,73.751,1764540479999,6730135.65140,2210,18.244,1664978.11360,0
1764540480000,91221.20,91254.10,91221.10,91243.60,15.397,1764540539999,1404782.68480,1261,6.694,610717.30740,0
1764540540000,91243.70,91248.80,91243.70,91248.80,7.644,1764540599999,697505.14900,271,4.181,381510.90090,0
1764540600000,91248.80,91262.80,91248.70,91262.70,13.760,1764540659999,1255654.86770,394,11.899,1085825.71700,0
1764540660000,91262.80,91262.80,91243.20,91246.80,30.199,1764540719999,2755894.95980,548,3.175,289708.99180,0
1764540720000,91246.80,91270.60,91246.80,91267.70,21.312,1764540779999,1944943.05620,646,11.256,1027160.77690,0
1764540780000,91267.60,91276.30,91222.20,91227.00,52.133,1764540839999,4757589.45940,1531,18.506,1688763.62990,0
1764540840000,91226.90,91233.10,91226.90,91233.10,8.400,1764540899999,766335.97160,250,2.708,247049.81570,0
1764540900000,91233.00,91236.50,91204.70,91236.40,27.898,1764540959999,2544689.59530,1048,8.044,733739.22750,0
1764540960000,91236.40,91298.70,91236.40,91298.60,19.882,1764541019999,1814481.19850,812,16.377,1494622.31800,0
1764541020000,91298.70,91300.00,91285.70,91291.00,29.263,1764541079999,2671496.08750,638,19.913,1817884.91110,0
1764541080000,91291.00,91291.10,91263.90,91272.00,23.258,1764541139999,2122967.65090,599,10.051,917395.31480,0
1764541140000,91272.00,91278.40,91206.20,91206.30,19.038,1764541199999,1737040.56130,992,2.275,207604.04680,0
1764541200000,91206.30,91212.40,91206.20,91212.40,8.682,1764541259999,791867.04440,284,6.674,608724.50320,0
1764541260000,91212.40,91223.10,91174.80,91174.80,33.352,1764541319999,3041595.08980,1078,7.788,710261.56140,0
1764541320000,91174.80,91177.10,91150.00,91150.00,34.365,1764541379999,3132970.01840,891,13.409,1222449.34260,0
1764541380000,91150.00,91200.00,91150.00,91199.90,37.669,1764541439999,3434452.69740,784,30.932,2820211.37240,0
1764541440000,91199.90,91200.00,91174.60,91177.50,26.184,1764541499999,2387638.80930,478,8.127,741048.84020,0
1764541500000,91177.40,91195.80,91177.40,91188.90,9.018,1764541559999,822363.84260,384,4.250,387550.65010,0
1764541560000,91189.00,91235.70,91188.90,91233.20,25.553,1764541619999,2330584.59550,654,22.688,2069220.48400,0
1764541620000,91233.30,91253.90,91233.20,91253.90,13.399,1764541679999,1222572.48970,339,11.365,1036994.27820,0
1764541680000,91253.90,91253.90,91227.50,91227.60,15.796,1764541739999,1441347.16430,419,7.817,713285.83010,0
1764541740000,91227.50,91227.60,91185.20,91185.30,9.950,1764541799999,907437.68930,503,0.412,37574.11800,0
1764541800000,91185.20,91185.20,91117.90,91160.00,70.096,1764541859999,6388348.64590,1946,18.884,1721023.61220,0
1764541860000,91159.90,91160.00,91107.70,91107.80,21.232,1764541919999,1934971.34320,790,4.646,423395.08900,0
1764541920000,91107.70,91118.00,91072.20,91075.70,72.274,1764541979999,6583789.85130,1590,20.713,1886731.89960,0
1764541980000,91075.70,91076.30,91069.70,91069.70,18.640,1764542039999,1697610.37750,414,11.423,1040328.09260,0
1764542040000,91069.70,91069.80,91042.80,91046.70,45.968,1764542099999,4185409.12250,835,12.125,1103913.98870,0
1764542100000,91046.70,91078.50,91038.60,91070.10,51.903,1764542159999,4726075.47070,812,38.505,3506129.24860,0
1764542160000,91070.10,91124.00,91070.10,91123.90,13.587,1764542219999,1237843.96340,738,9.369,853492.09100,0
1764542220000,91123.90,91124.00,91052.30,91066.70,30.513,1764542279999,2779490.86780,1037,5.683,517492.83300,0
1764542280000,91066.60,91066.60,91000.90,91009.10,34.543,1764542339999,3143928.57730,1181,8.817,802418.36600,0
1764542340000,91009.10,91037.70,91009.00,91037.70,17.010,1764542399999,1548250.16130,494,12.150,1105914.91760,0
1764542400000,91037.60,91056.50,91037.60,91044.40,17.652,1764542459999,1607156.31520,519,10.057,915665.89620,0
1764542460000,91044.50,91088.80,91044.40,91088.80,7.712,1764542519999,702241.70190,528,6.157,560647.97690,0
1764542520000,91088.80,91143.00,91088.80,91142.90,13.717,1764542579999,1249914.46880,742,12.236,1114983.17450,0
1764542580000,91143.00,91153.60,91071.00,91083.60,27.181,1764542639999,2476647.91530,1421,11.891,1083410.18530,0
1764542640000,91083.80,91102.40,91037.70,91040.50,92.144,1764542699999,8391663.63260,1785,8.642,787068.05530,0
1764542700000,91040.50,91069.60,91008.90,91062.90,33.996,1764542759999,3094744.16800,1350,13.867,1262382.58040,0
1764542760000,91062.90,91063.00,91004.90,91005.60,16.935,1764542819999,1541770.10130,797,4.092,372546.98820,0
1764542820000,91005.60,91050.00,91005.60,91050.00,21.237,1764542879999,1932955.53480,762,14.273,1299116.10840,0
1764542880000,91049.90,91120.00,91049.90,91061.30,28.902,1764542939999,2632900.76510,1549,17.395,1584480.41380,0
1764542940000,91061.10,91061.10,91050.00,91050.10,4.968,1764542999999,452356.33820,276,2.711,246848.44470,0
1764543000000,91050.00,91100.00,91049.30,91097.20,19.250,1764543059999,1753336.92140,1058,15.431,1405453.91020,0
1764543060000,91097.30,91114.10,91097.30,91114.10,6.074,1764543119999,553341.86460,330,5.391,491121.60300,0
1764543120000,91114.20,91135.00,91114.10,91116.10,20.371,1764543179999,1856373.20560,700,7.068,644078.31930,0
1764543180000,91116.10,91116.20,91095.40,91104.20,16.252,1764543239999,1480628.77780,760,9.509,866288.46560,0
1764543240000,91104.20,91144.70,91096.10,91144.30,18.636,1764543299999,1698157.67220,881,15.131,1378771.82460,0
1764543300000,91144.20,91150.00,91132.60,91150.00,14.958,1764543359999,1363227.14390,545,9.223,840553.01500,0
1764543360000,91150.00,91171.10,91144.50,91144.50,21.803,1764543419999,1987647.16510,851,4.429,403753.01860,0
1764543420000,91144.50,91170.60,91124.90,91170.60,12.813,1764543479999,1167789.07270,823,7.330,668089.57050,0
1764543480000,91170.50,91191.90,91170.50,91191.80,18.590,1764543539999,1695080.97110,471,6.424,585745.28970,0
1764543540000,91191.90,91249.90,91177.00,91178.90,63.013,1764543599999,5747327.24790,2280,27.643,2521296.97860,0
1764543600000,91179.00,91213.20,91103.90,91178.30,131.271,1764543659999,11968127.39430,3989,71.783,6544111.69830,0
1764543660000,91178.40,91210.10,91178.40,91193.80,30.878,1764543719999,2816040.60050,1404,20.901,1906127.53440,0
1764543720000,91193.80,91194.00,91103.40,91103.40,30.903,1764543779999,2817312.14110,1732,11.286,1028977.57250,0
1764543780000,91103.40,91106.20,91050.30,91067.30,56.524,1764543839999,5148006.34590,1955,34.538,3145603.29700,0
1764543840000,91067.20,91067.20,90999.00,91003.40,93.806,1764543899999,8537399.07470,1946,36.905,3358667.42020,0
1764543900000,91003.50,91017.00,90896.20,90917.30,900.454,1764543959999,81922093.84670,5369,218.929,19908030.58680,0
1764543960000,90917.20,90965.50,90913.20,90947.80,44.040,1764544019999,4004946.47160,1883,22.081,2008003.24040,0
1764544020000,90947.80,90977.70,90915.40,90944.60,60.324,1764544079999,5485998.36770,1890,25.858,2351579.66730,0
1764544080000,90944.60,90944.60,90819.50,90833.90,188.185,1764544139999,17097443.40100,3992,44.363,4030638.14060,0
1764544140000,90833.80,90889.10,90833.80,90863.30,80.734,1764544199999,7335806.25410,2388,51.330,4664065.54580,0
1764544200000,90863.20,90898.20,90850.00,90893.60,53.780,1764544259999,4887218.70900,1934,34.631,3146983.08080,0
1764544260000,90893.50,90932.70,90877.60,90932.60,59.165,1764544319999,5378823.79490,2159,40.460,3678192.42320,0
1764544320000,90932.70,90938.00,90886.80,90900.10,55.680,1764544379999,5061668.86180,1771,24.835,2257585.72830,0
1764544380000,90900.00,90972.60,90900.00,90932.30,53.709,1764544439999,4884405.57400,1816,17.661,1606119.58270,0
1764544440000,90932.40,90946.20,90929.60,90930.00,16.378,1764544499999,1489347.39410,780,7.680,698374.01630,0
1764544500000,90930.10,90930.10,90823.50,90833.70,209.237,1764544559999,19014528.80010,3997,45.095,4097914.48820,0
1764544560000,90833.70,90893.80,90823.50,90871.90,48.450,1764544619999,4402589.93120,1988,26.421,2400956.60350,0
1764544620000,90871.90,90914.30,90871.80,90890.00,26.441,1764544679999,2403417.48500,1327,14.276,1297630.58560,0
1764544680000,90890.00,90898.70,90836.30,90870.10,44.514,1764544739999,4044706.57300,2339,23.288,2115880.57360,0
1764544740000,90870.10,90870.10,90832.20,90835.40,31.083,1764544799999,2823788.61430,814,12.936,1175155.45140,0
1764544800000,90835.30,90851.30,90832.30,90840.60,21.590,1764544859999,1961272.92810,967,12.310,1118260.87930,0
1764544860000,90840.60,90853.60,90835.70,90836.70,25.083,1764544919999,2278694.58210,1199,9.876,897194.44130,0
1764544920000,90836.60,90880.60,90835.30,90835.40,32.750,1764544979999,2975568.10730,1506,15.506,1408890.96800,0
1764544980000,90835.40,90835.40,90750.10,90786.20,227.395,1764545039999,20643282.52880,4365,53.256,4834616.87940,0
1764545040000,90786.10,90844.00,90786.10,90837.90,85.182,1764545099999,7735256.89230,1640,71.677,6508718.79260,0
1764545100000,90837.80,90837.90,90714.00,90714.10,124.130,1764545159999,11267013.79800,3092,18.198,1651825.12120,0
1764545160000,90714.20,90726.50,90666.00,90666.10,274.940,1764545219999,24934822.78330,5502,70.917,6431689.88150,0
1764545220000,90666.10,90690.50,90623.20,90623.20,132.390,1764545279999,12002358.37510,3453,44.325,4018692.74750,0
1764545280000,90623.30,90651.70,90611.30,90620.50,199.302,1764545339999,18062232.77900,3193,69.127,6264799.08520,0
1764545340000,90620.40,90627.10,90600.00,90615.60,66.089,1764545399999,5988335.01500,1671,28.307,2564966.43990,0
1764545400000,90615.60,90644.60,90555.00,90613.20,270.557,1764545459999,24510123.70600,5157,113.056,10242289.45090,0
1764545460000,90613.20,90668.50,90547.10,90626.30,126.505,1764545519999,11461444.55430,4261,71.459,6474392.78740,0
1764545520000,90626.30,90660.10,90565.10,90565.10,100.033,1764545579999,9065811.16110,2865,53.550,4853429.83950,0
1764545580000,90565.10,90583.90,90530.20,90550.40,112.020,1764545639999,10142565.97580,2954,57.735,5227545.13600,0
1764545640000,90550.40,90584.50,90542.70,90556.80,69.879,1764545699999,6328800.66710,2518,38.111,3451600.80850,0
1764545700000,90556.80,90556.90,90500.00,90549.90,218.566,1764545759999,19783439.75520,4090,54.421,4926640.00330,0
1764545760000,90549.90,90603.70,90539.80,90560.00,78.062,1764545819999,7070985.95590,2690,46.616,4222486.92960,0
1764545820000,90560.00,90560.00,90477.30,90530.80,199.596,1764545879999,18063115.75730,4642,85.408,7729523.04160,0
1764545880000,90531.00,90586.20,90499.90,90586.20,71.114,1764545939999,6437264.39100,2235,41.797,3783519.19600,0
1764545940000,90586.20,90586.20,90461.30,90480.60,111.997,1764545999999,10136389.00120,3025,40.270,3644730.83440,0
1764546000000,90480.60,90511.10,90474.10,90508.40,108.235,1764546059999,9794313.43060,2262,64.307,5819105.81770,0
1764546060000,90508.50,90540.90,90493.10,90493.20,112.397,1764546119999,10173898.85440,2576,66.260,5997790.37050,0
1764546120000,90493.10,90643.50,90490.40,90611.80,456.418,1764546179999,41342543.49040,6204,387.154,35067892.03810,0
1764546180000,90611.90,90611.90,90556.10,90582.00,98.659,1764546239999,8936692.47180,1768,43.716,3959600.43710,0
1764546240000,90582.00,90642.60,90557.90,90604.10,209.316,1764546299999,18965855.30830,3281,157.482,14269077.65790,0
1764546300000,90604.00,90653.90,90580.60,90644.70,82.378,1764546359999,7464168.80570,2408,55.638,5041160.89460,0
1764546360000,90644.70,90662.30,90612.00,90659.00,79.917,1764546419999,7243296.57870,1954,54.812,4967959.61550,0
1764546420000,90659.00,90680.80,90644.60,90648.90,69.378,1764546479999,6289835.72640,1866,39.327,3565411.25890,0
1764546480000,90648.90,90681.80,90637.60,90670.00,87.319,1764546539999,7915588.89330,1735,36.183,3280114.19530,0
1764546540000,90670.00,90703.90,90539.00,90550.30,94.226,1764546599999,8538632.91330,3438,34.405,3118923.62930,0
1764546600000,90550.20,90586.50,90539.00,90572.30,55.865,1764546659999,5059168.54410,1647,25.770,2333721.00650,0
1764546660000,90572.20,90572.30,90512.10,90521.00,122.314,1764546719999,11073113.67860,2992,25.296,2290072.17080,0
1764546720000,90520.90,90528.30,90456.00,90477.30,161.425,1764546779999,14607133.75080,3920,29.501,2669590.07180,0
1764546780000,90477.40,90489.10,90335.00,90375.70,1196.269,1764546839999,108127497.10510,9894,208.451,18839425.40240,0
1764546840000,90375.70,90375.70,90335.80,90353.50,192.216,1764546899999,17366123.96370,2915,84.825,7663643.82480,0
1764546900000,90353.40,90402.00,90347.80,90402.00,102.526,1764546959999,9264409.64560,3042,42.118,3805935.74680,0
1764546960000,90401.90,90432.30,90364.30,90364.30,117.141,1764547019999,10590310.48310,2534,47.678,4310586.29210,0
1764547020000,90364.30,90406.00,90333.30,90372.20,128.229,1764547079999,11588827.06240,2998,58.523,5289032.13530,0
1764547080000,90372.20,90372.20,90300.00,90316.90,184.376,1764547139999,16655317.96120,4094,66.075,5968536.56360,0
1764547140000,90316.80,90342.70,90300.00,90320.60,141.079,1764547199999,12743306.23260,3383,45.942,4149716.00420,0
