open_time,open,high,low,close,volume,close_time,quote_volume,count,taker_buy_volume,taker_buy_quote_volume,ignore
1764374400000,90847.80,90853.70,90826.00,90826.00,46.943,1764374459999,4264556.78560,1244,19.376,1760227.43500,0
1764374460000,90826.00,90905.90,90826.00,90858.10,54.253,1764374519999,4930053.80590,2127,33.768,3068320.91530,0
1764374520000,90858.20,90881.20,90858.10,90879.70,18.148,1764374579999,1649129.36720,663,13.193,1198850.43730,0
1764374580000,90879.90,90908.40,90879.80,90890.10,31.691,1764374639999,2880729.61460,1155,13.378,1216055.97430,0
1764374640000,90890.20,90918.00,90890.10,90918.00,11.058,1764374699999,1005158.42270,546,8.533,775644.14880,0
1764374700000,90918.00,90920.00,90899.00,90899.00,14.721,1764374759999,1338266.88690,521,5.631,511880.15350,0
1764374760000,90899.10,90917.40,90899.10,90916.10,13.744,1764374819999,1249474.36270,549,11.049,1004467.58490,0
1764374820000,90916.10,90916.10,90870.10,90870.20,15.416,1764374879999,1401288.88240,740,1.661,150966.24970,0
1764374880000,90870.20,90881.90,90870.10,90881.90,16.477,1764374939999,1497323.11100,402,9.367,851197.59510,0
1764374940000,90881.90,90882.00,90850.10,90850.10,18.975,1764374999999,1724266.33750,700,8.119,737788.12140,0
1764375000000,90850.10,90851.40,90822.00,90851.40,25.754,1764375059999,2339388.54870,1099,13.989,1270694.58430,0
1764375060000,90851.30,90851.40,90822.50,90826.50,19.755,1764375119999,1794280.57690,704,8.575,778812.58150,0
1764375120000,90826.50,90847.10,90826.50,90839.00,21.289,1764375179999,1933732.08810,650,9.954,904129.96240,0
1764375180000,90839.10,90843.70,90829.60,90839.70,19.932,1764375239999,1810585.98850,529,4.868,442180.21580,0
1764375240000,90839.80,90839.80,90815.40,90815.50,31.792,1764375299999,2887480.90910,769,4.990,453213.30880,0
1764375300000,90815.60,90858.60,90815.50,90858.50,23.379,1764375359999,2123787.69570,845,15.968,1450560.92240,0
1764375360000,90858.60,90859.90,90858.50,90859.90,6.278,1764375419999,570413.82860,219,4.860,441574.82980,0
1764375420000,90859.90,90859.90,90763.10,90794.40,82.599,1764375479999,7499147.44040,2457,42.162,3827188.27470,0
1764375480000,90794.50,90794.50,90743.30,90755.40,42.728,1764375539999,3877961.65470,1265,14.476,1313855.54550,0
1764375540000,90755.40,90755.50,90720.60,90755.10,32.231,1764375599999,2924715.25470,1277,10.901,989100.35460,0
1764375600000,90755.00,90788.60,90755.00,90783.80,32.813,1764375659999,2978723.94840,907,21.719,1971585.82970,0
1764375660000,90783.90,90788.60,90783.80,90788.60,10.439,1764375719999,947728.00550,235,7.649,694436.28920,0
1764375720000,90788.50,90863.80,90788.50,90863.80,42.803,1764375779999,3887513.36350,1768,36.590,3323221.46950,0
1764375780000,90863.80,90886.00,90863.70,90885.90,58.562,1764375839999,5321864.46570,1177,31.114,2827462.76680,0
1764375840000,90886.00,90907.30,90885.90,90905.30,30.032,1764375899999,2729773.20440,702,22.934,2084592.98130,0
1764375900000,90905.30,90905.30,90860.50,90860.50,23.621,1764375959999,2146563.30990,860,4.533,411935.10220,0
1764375960000,90860.50,90860.60,90778.80,90778.80,61.863,1764376019999,5618295.40440,1865,8.958,813362.85340,0
1764376020000,90778.60,90808.40,90752.50,90808.40,58.084,1764376079999,5271961.54510,1603,41.285,3747238.46100,0
1764376080000,90808.30,90824.90,90802.50,90809.90,19.372,1764376139999,1759215.05800,687,7.550,685635.50580,0
1764376140000,90809.90,90852.90,90809.90,90852.80,16.902,1764376199999,1535290.91290,698,15.121,1373505.66720,0
1764376200000,90852.90,90879.40,90832.10,90854.60,25.457,1764376259999,2312904.40160,1328,15.838,1438962.85640,0
1764376260000,90854.50,90854.60,90798.50,90801.20,40.929,1764376319999,3717089.24740,1234,26.468,2403743.54790,0
1764376320000,90801.20,90819.10,90778.30,90790.80,23.751,1764376379999,2156502.66570,1165,14.144,1284258.88730,0
1764376380000,90790.80,90816.00,90790.70,90801.80,12.676,1764376439999,1151007.95720,590,9.156,831381.40370,0
1764376440000,90801.80,90801.90,90783.70,90801.70,23.516,1764376499999,2134994.46790,727,15.199,1379878.00890,0
1764376500000,90801.70,90801.80,90784.10,90784.20,8.638,1764376559999,784239.32690,357,1.558,141444.89020,0
1764376560000,90784.10,90825.00,90768.40,90825.00,31.018,1764376619999,2816180.16800,1108,21.002,1906837.29260,0
1764376620000,90825.00,90870.40,90824.90,90857.60,28.177,1764376679999,2560176.60080,1017,16.118,1464398.02310,0
1764376680000,90857.50,90884.60,90857.50,90884.60,9.716,1764376739999,882942.42370,526,7.413,673648.76930,0
1764376740000,90884.50,90884.60,90837.20,90837.20,11.639,1764376799999,1057617.10560,679,4.378,397819.92270,0
1764376800000,90837.20,90837.20,90793.00,90808.60,19.435,1764376859999,1764827.35960,1120,9.667,877808.01290,0
1764376860000,90808.50,90866.10,90808.50,90866.10,19.788,1764376919999,1797697.79350,1013,16.978,1542401.13880,0
1764376920000,90866.40,90930.30,90866.40,90910.80,68.197,1764376979999,6199797.28150,1953,32.917,2992403.85430,0
1764376980000,90910.80,90916.20,90882.80,90898.30,37.134,1764377039999,3375306.57850,1311,11.724,1065703.73320,0
1764377040000,90898.20,90904.70,90898.20,90898.40,8.184,1764377099999,743915.48240,315,6.806,618655.08310,0
1764377100000,90898.40,90898.40,90871.80,90889.90,57.623,1764377159999,5237022.92030,869,6.590,598899.08890,0
1764377160000,90889.90,90898.40,90836.30,90846.50,22.670,1764377219999,2059783.87820,1205,10.990,998487.18200,0
1764377220000,90846.60,90846.60,90826.30,90834.50,14.068,1764377279999,1277905.71170,745,5.690,516861.65960,0
1764377280000,90834.50,90842.60,90826.10,90828.50,14.645,1764377339999,1330263.11530,651,3.957,359437.18120,0
1764377340000,90828.50,90878.60,90828.50,90850.90,10.659,1764377399999,968440.54990,1001,7.263,659857.76130,0
1764377400000,90850.90,90854.90,90810.50,90810.50,14.274,1764377459999,1296509.82030,844,3.682,334469.91090,0
1764377460000,90810.60,90826.80,90810.50,90815.10,16.840,1764377519999,1529371.56820,709,14.152,1285251.30120,0
1764377520000,90815.10,90818.20,90806.90,90807.00,15.282,1764377579999,1387753.03320,443,7.109,645564.77760,0
1764377580000,90807.00,90830.90,90806.90,90830.90,17.556,1764377639999,1594381.55210,534,9.264,841325.35100,0
1764377640000,90830.90,90853.70,90825.90,90833.90,12.569,1764377699999,1141745.93880,667,6.682,607011.59000,0
1764377700000,90834.00,90850.70,90815.70,90815.80,10.154,1764377759999,922406.79760,664,6.368,578493.73200,0
1764377760000,90815.80,90815.80,90801.00,90801.00,7.852,1764377819999,713036.29320,313,1.713,155555.30700,0
1764377820000,90801.00,90816.90,90799.50,90807.70,38.778,1764377879999,3521288.40730,907,15.121,1373094.90050,0
1764377880000,90807.80,90829.80,90799.10,90829.80,25.305,1764377939999,2297984.41590,658,7.836,711616.35400,0
1764377940000,90829.70,90846.30,90829.70,90837.50,9.832,1764377999999,893117.90010,444,5.936,539205.99430,0
1764378000000,90837.40,90855.90,90808.30,90851.20,46.666,1764378059999,4238879.99410,1332,32.239,2928420.51950,0
1764378060000,90851.10,90884.00,90851.10,90884.00,18.493,1764378119999,1680432.53220,841,15.599,1417436.65970,0
1764378120000,90884.00,90890.60,90846.70,90890.60,17.552,1764378179999,1594893.97390,1046,9.276,842886.64530,0
1764378180000,90890.70,90893.80,90864.50,90864.60,10.214,1764378239999,928310.94040,576,5.331,484512.11650,0
1764378240000,90864.50,90868.60,90845.70,90845.70,21.178,1764378299999,1924169.23730,772,14.502,1317602.86090,0
1764378300000,90845.60,90851.30,90841.20,90841.20,17.434,1764378359999,1583764.35320,507,14.292,1298328.36070,0
1764378360000,90841.30,90841.30,90816.90,90816.90,12.912,1764378419999,1172739.26320,475,2.021,183556.38130,0
1764378420000,90816.90,90874.20,90816.90,90874.20,14.225,1764378479999,1292066.13070,1036,10.030,911021.18570,0
1764378480000,90874.20,90913.40,90874.20,90888.30,32.390,1764378539999,2944400.73830,1252,16.542,1503717.45520,0
1764378540000,90888.40,90915.00,90888.30,90902.20,15.334,1764378599999,1393950.44510,705,13.333,1212052.28860,0
1764378600000,90902.30,90916.20,90893.30,90916.20,10.560,1764378659999,959939.58990,537,7.851,713686.19280,0
1764378660000,90916.20,90920.50,90902.90,90919.90,14.512,1764378719999,1319316.11940,701,9.803,891220.36990,0
1764378720000,90919.90,90919.90,90900.00,90905.20,12.761,1764378779999,1160099.52880,502,9.296,845101.02530,0
1764378780000,90905.20,90971.70,90905.20,90960.00,61.050,1764378839999,5552175.60480,1720,44.119,4012429.49620,0
1764378840000,90960.10,91000.10,90950.00,91000.10,79.759,1764378899999,7257069.35660,1675,66.969,6093340.26630,0
1764378900000,91000.00,91000.10,90974.50,90974.60,37.160,1764378959999,3381273.75990,775,6.658,605744.15720,0
1764378960000,90974.50,91050.10,90974.50,91050.10,53.116,1764379019999,4834745.35470,1649,47.791,4350000.49350,0
1764379020000,91050.10,91057.00,91028.20,91028.30,41.635,1764379079999,3790824.59930,1158,29.113,2650718.12430,0
1764379080000,91028.30,91078.40,91023.40,91026.80,43.734,1764379139999,3981799.35770,1726,23.425,2132789.31760,0
1764379140000,91026.80,91031.60,90901.00,90901.00,67.023,1764379199999,6096840.31230,2277,4.126,375413.36050,0
1764379200000,90901.10,90950.00,90901.00,90950.00,51.059,1764379259999,4642304.39360,1351,35.374,3216138.31860,0
1764379260000,90950.00,90977.80,90928.40,90963.60,44.844,1764379319999,4078461.52250,1133,11.861,1078697.89540,0
1764379320000,90963.60,90971.90,90960.00,90960.00,8.060,1764379379999,733166.78750,435,4.577,416341.25960,0
1764379380000,90960.00,90960.10,90940.00,90944.30,12.240,1764379439999,1113195.42350,534,3.176,288843.74600,0
1764379440000,90944.20,90958.80,90940.00,90952.10,10.222,1764379499999,929681.54060,443,4.324,393270.11910,0
1764379500000,90952.20,90952.20,90928.30,90935.00,16.786,1764379559999,1526506.52300,583,2.897,263446.82720,0
1764379560000,90935.00,90935.10,90908.50,90918.90,13.484,1764379619999,1225966.90510,757,5.514,501311.63430,0
1764379620000,90918.80,90941.90,90918.80,90936.30,8.211,1764379679999,746647.52860,576,5.938,539947.12670,0
1764379680000,90936.30,90936.30,90905.10,90925.10,18.318,1764379739999,1665411.08310,698,11.523,1047597.86870,0
1764379740000,90925.10,90925.10,90916.60,90920.70,5.910,1764379799999,537329.17270,290,3.141,285575.37660,0
1764379800000,90920.70,90922.10,90906.70,90907.00,14.165,1764379859999,1287784.97680,692,7.953,723015.89640,0
1764379860000,90907.10,90907.10,90858.30,90858.30,26.465,1764379919999,2405169.55210,1184,3.921,356301.58090,0
1764379920000,90858.30,90897.50,90852.40,90879.30,16.366,1764379979999,1487420.46010,1080,6.036,548515.05510,0
1764379980000,90879.40,90890.70,90879.30,90889.20,8.926,1764380039999,811224.08780,311,4.922,447333.54740,0
1764380040000,90889.20,90889.20,90833.60,90870.50,45.870,1764380099999,4167290.14510,1380,31.408,2853291.64780,0
1764380100000,90870.40,90888.00,90855.70,90855.70,14.844,1764380159999,1348960.55410,766,7.064,641974.20690,0
1764380160000,90855.70,90855.70,90822.70,90822.70,20.023,1764380219999,1818799.14840,895,5.466,496487.62210,0
1764380220000,90822.70,90831.50,90822.70,90824.90,8.698,1764380279999,790008.57390,366,4.700,426889.09520,0
1764380280000,90825.00,90833.40,90819.70,90821.40,22.597,1764380339999,2052362.27650,620,5.706,518248.45150,0
1764380340000,90821.40,90837.00,90800.00,90800.10,44.535,1764380399999,4044743.34150,929,22.324,2027654.56000,0
1764380400000,90800.00,90800.10,90750.10,90751.10,53.466,1764380459999,4852775.88300,1774,12.087,1096942.31460,0
1764380460000,90751.00,90791.60,90751.00,90782.40,21.065,1764380519999,1911984.31640,909,14.821,1345242.40740,0
1764380520000,90782.40,90795.60,90778.10,90795.60,13.001,1764380579999,1180308.90470,462,7.708,699798.28820,0
1764380580000,90795.50,90795.60,90795.50,90795.50,4.921,1764380639999,446805.05550,217,4.000,363182.40000,0
1764380640000,90795.50,90826.60,90795.50,90813.50,25.674,1764380699999,2331748.53080,772,17.102,1553191.00900,0
1764380700000,90813.40,90820.10,90806.80,90810.90,25.055,1764380759999,2275404.18820,708,13.108,1190390.20620,0
1764380760000,90810.80,90842.00,90810.80,90841.90,16.708,1764380819999,1517356.10750,543,14.320,1300478.57910,0
1764380820000,90842.00,90847.90,90792.00,90792.10,25.949,1764380879999,2356588.26300,1036,15.796,1434542.99690,0
1764380880000,90792.10,90820.00,90792.00,90807.10,10.817,1764380939999,982248.15860,666,7.213,654968.56880,0
1764380940000,90807.00,90817.90,90807.00,90814.10,5.606,1764380999999,509112.19770,338,2.054,186533.51870,0
1764381000000,90814.10,90814.10,90768.60,90768.60,29.272,1764381059999,2657618.51770,878,1.395,126668.95030,0
1764381060000,90768.40,90802.00,90757.20,90802.00,24.450,1764381119999,2219740.08980,985,16.442,1492742.18990,0
1764381120000,90802.00,90825.90,90801.90,90815.70,12.507,1764381179999,1135820.71030,693,9.279,842660.97060,0
1764381180000,90815.70,90826.20,90806.90,90825.20,7.678,1764381239999,697300.44990,567,5.334,484425.94910,0
1764381240000,90825.30,90825.30,90817.10,90817.10,4.163,1764381299999,378091.10610,318,1.831,166295.36040,0
1764381300000,90816.80,90829.90,90816.80,90829.90,11.294,1764381359999,1025752.79680,293,7.911,718487.35740,0
1764381360000,90829.80,90872.70,90829.80,90872.60,23.489,1764381419999,2133889.28920,845,18.996,1725687.75690,0
1764381420000,90872.70,90877.30,90837.40,90843.70,19.508,1764381479999,1772321.41330,918,7.330,665923.75940,0
1764381480000,90843.70,90843.70,90843.60,90843.60,2.355,1764381539999,213936.81220,129,1.342,121912.24540,0
1764381540000,90843.70,90853.30,90839.20,90839.20,11.351,1764381599999,1031210.59030,490,2.891,262644.83120,0
1764381600000,90839.30,90855.60,90839.20,90855.50,19.365,1764381659999,1759192.67670,457,16.210,1472586.08540,0
1764381660000,90855.60,90855.60,90850.80,90850.90,10.611,1764381719999,964048.94370,292,4.178,379578.95650,0
1764381720000,90850.80,90850.90,90810.30,90821.80,22.504,1764381779999,2044031.38740,882,3.141,285250.94980,0
1764381780000,90821.80,90846.10,90821.80,90837.00,8.265,1764381839999,750739.84570,505,3.590,326088.79000,0
1764381840000,90837.00,90837.00,90765.10,90769.70,57.650,1764381899999,5234000.32180,1770,13.332,1210145.45000,0
1764381900000,90769.70,90798.80,90769.70,90772.30,17.433,1764381959999,1582643.22040,829,10.890,988626.19970,0
1764381960000,90772.40,90799.40,90769.60,90786.00,19.845,1764382019999,1801579.66780,815,11.445,1039033.68720,0
1764382020000,90786.00,90810.50,90775.00,90775.00,24.913,1764382079999,2262016.44780,984,15.462,1403918.85670,0
1764382080000,90774.90,90792.60,90765.00,90765.10,41.790,1764382139999,3793731.56600,997,6.548,594384.87980,0
1764382140000,90765.10,90775.90,90753.70,90775.80,30.163,1764382199999,2737654.78830,687,5.900,535498.17030,0
1764382200000,90775.90,90777.30,90775.80,90776.50,8.721,1764382259999,791662.84160,270,3.742,339685.82310,0
1764382260000,90776.60,90792.00,90774.00,90774.00,14.402,1764382319999,1307459.24810,618,9.127,828592.76460,0
1764382320000,90774.10,90793.10,90763.70,90793.10,30.129,1764382379999,2735177.11800,874,18.292,1660651.73120,0
1764382380000,90793.10,90805.10,90790.80,90805.10,9.301,1764382439999,844489.20730,374,4.231,384157.81610,0
1764382440000,90805.10,90815.90,90805.10,90814.80,7.466,1764382499999,678006.25620,339,5.034,457144.10590,0
1764382500000,90814.90,90842.80,90814.90,90840.50,22.657,1764382559999,2057974.62570,1014,18.370,1668573.35990,0
1764382560000,90840.60,90851.40,90826.40,90831.30,27.372,1764382619999,2486409.73010,845,6.340,575939.64020,0
1764382620000,90831.20,90851.00,90827.60,90841.80,5.780,1764382679999,525035.65670,491,3.086,280313.16040,0
1764382680000,90841.80,90851.50,90841.70,90851.50,4.197,1764382739999,381275.12350,283,2.676,243100.89890,0
1764382740000,90851.50,90887.40,90851.40,90867.30,25.828,1764382799999,2346958.64450,1052,21.378,1942565.65330,0
1764382800000,90867.30,90882.20,90850.00,90852.20,9.618,1764382859999,873957.16290,823,5.531,502581.42680,0
1764382860000,90852.20,90856.60,90849.90,90856.50,13.839,1764382919999,1257293.80280,429,11.206,1018077.60910,0
1764382920000,90856.50,90876.00,90856.50,90876.00,7.456,1764382979999,677496.75820,369,4.934,448321.76400,0
1764382980000,90875.90,90876.20,90853.80,90858.90,14.955,1764383039999,1358903.43890,580,5.677,515859.96990,0
1764383040000,90858.90,90884.00,90850.00,90884.00,9.408,1764383099999,854783.66380,544,7.826,711047.17950,0
1764383100000,90884.00,90888.40,90880.00,90880.10,13.333,1764383159999,1211742.50360,455,8.838,803223.79140,0
1764383160000,90880.10,90880.10,90845.00,90845.10,8.204,1764383219999,745432.62440,516,3.214,292030.89040,0
1764383220000,90845.00,90868.90,90844.60,90844.60,19.592,1764383279999,1779985.68660,717,15.308,1390767.62430,0
1764383280000,90844.60,90861.20,90844.60,90861.20,5.392,1764383339999,489905.14490,302,4.548,413219.50460,0
1764383340000,90861.10,90877.10,90801.40,90801.50,39.266,1764383399999,3566978.66050,1692,10.422,946847.08740,0
1764383400000,90801.40,90801.60,90776.90,90786.50,33.768,1764383459999,3065905.41100,1100,15.495,1406809.84020,0
1764383460000,90786.60,90787.10,90731.00,90731.00,34.915,1764383519999,3168714.15500,1346,11.973,1086704.42880,0
1764383520000,90731.00,90732.90,90565.00,90593.30,877.635,1764383579999,79551846.49900,9270,223.557,20262181.80470,0
1764383580000,90593.30,90599.00,90559.40,90572.60,175.680,1764383639999,15912701.21010,2790,68.338,6189864.86870,0
1764383640000,90572.70,90577.00,90533.30,90553.30,141.110,1764383699999,12778128.82400,2574,49.245,4459721.53150,0
1764383700000,90553.30,90554.50,90504.70,90508.20,141.088,1764383759999,12772528.94510,2267,48.352,4377667.37970,0
1764383760000,90508.30,90555.40,90505.30,90541.80,121.396,1764383819999,10989599.55860,1922,79.550,7201340.01710,0
1764383820000,90541.90,90555.00,90535.10,90535.60,49.757,1764383879999,4505182.40440,1121,15.370,1391647.62900,0
1764383880000,90535.70,90587.00,90500.00,90587.00,104.974,1764383939999,9503400.78880,2455,69.252,6269897.06140,0
1764383940000,90587.00,90613.40,90586.90,90604.10,184.828,1764383999999,16745453.18500,1331,179.801,16289973.75530,0
1764384000000,90604.00,90616.40,90600.00,90601.50,33.898,1764384059999,3071322.56700,944,20.449,1852773.12140,0
1764384060000,90601.40,90631.00,90601.40,90631.00,21.792,1764384119999,1974583.12060,695,15.969,1446956.29390,0
1764384120000,90631.00,90631.00,90604.70,90613.60,33.240,1764384179999,3012234.59230,782,11.097,1005591.01320,0
1764384180000,90613.60,90620.00,90609.90,90610.00,24.801,1764384239999,2247361.63010,505,15.797,1431437.83720,0
1764384240000,90609.90,90629.00,90609.90,90629.00,12.233,1764384299999,1108535.01590,441,8.771,794828.78850,0
1764384300000,90629.00,90629.00,90601.60,90613.20,20.439,1764384359999,1852036.87520,901,5.883,533060.84670,0
1764384360000,90613.10,90618.80,90552.60,90557.70,37.238,1764384419999,3372917.92950,1243,8.554,774809.76200,0
1764384420000,90557.70,90603.20,90557.70,90603.20,18.325,1764384479999,1659881.93610,870,15.238,1380265.89520,0
1764384480000,90603.20,90603.20,90597.00,90603.10,11.442,1764384539999,1036652.76470,450,5.600,507365.07120,0
1764384540000,90603.20,90603.20,90582.70,90588.50,26.535,1764384599999,2403863.49140,566,8.747,792386.17760,0
1764384600000,90588.50,90620.70,90588.50,90620.60,22.644,1764384659999,2051854.70570,682,9.066,821468.87810,0
1764384660000,90620.60,90642.30,90619.90,90630.10,73.476,1764384719999,6659062.68360,1255,58.671,5317240.33070,0
1764384720000,90630.10,90653.10,90630.00,90651.20,59.107,1764384779999,5357649.30870,1067,49.560,4492217.42360,0
1764384780000,90651.20,90674.60,90651.10,90655.20,28.374,1764384839999,2572468.45700,1244,12.669,1148584.30750,0
1764384840000,90655.10,90679.20,90655.10,90668.90,23.325,1764384899999,2114878.33260,672,14.415,1307011.24680,0
1764384900000,90668.90,90691.30,90668.80,90686.70,28.588,1764384959999,2592578.67830,875,17.117,1552284.83010,0
1764384960000,90686.70,90720.30,90686.60,90719.30,21.005,1764385019999,1905268.20240,853,19.050,1727927.70790,0
1764385020000,90719.20,90730.10,90719.20,90730.00,13.609,1764385079999,1234639.99990,491,9.387,851621.79980,0
1764385080000,90730.00,90749.10,90724.80,90724.90,19.622,1764385139999,1780450.41790,927,8.017,727453.38990,0
1764385140000,90724.90,90764.20,90724.80,90751.40,39.157,1764385199999,3553684.67630,1284,18.434,1672931.47190,0
1764385200000,90751.40,90778.00,90737.50,90766.80,49.901,1764385259999,4528878.61430,1160,18.355,1665876.48350,0
1764385260000,90766.80,90766.90,90753.40,90753.40,17.640,1764385319999,1601073.49050,487,8.688,788572.53690,0
1764385320000,90753.40,90766.90,90752.00,90766.60,18.175,1764385379999,1649501.37340,494,12.681,1150882.40790,0
1764385380000,90766.60,90820.20,90766.60,90805.00,35.498,1764385439999,3223006.90490,1308,24.126,2190469.58110,0
1764385440000,90805.10,90829.00,90793.60,90828.90,29.879,1764385499999,2713379.46030,893,17.729,1610071.78520,0
1764385500000,90829.00,90829.00,90800.00,90800.10,21.073,1764385559999,1913683.42910,966,10.282,933707.33590,0
1764385560000,90800.10,90807.70,90793.70,90793.70,23.414,1764385619999,2126086.06450,526,9.123,828400.35130,0
1764385620000,90793.70,90800.20,90793.70,90794.90,16.435,1764385679999,1492232.14530,419,7.943,721187.83580,0
1764385680000,90794.80,90794.90,90787.00,90787.10,17.763,1764385739999,1612682.18270,415,4.999,453847.38750,0
1764385740000,90787.00,90817.30,90787.00,90817.30,36.276,1764385799999,3294335.57980,781,28.503,2588437.74460,0
1764385800000,90817.30,90817.30,90793.90,90806.90,14.721,1764385859999,1336725.47990,691,4.545,412691.22290,0
1764385860000,90806.90,90807.00,90766.00,90766.00,15.768,1764385919999,1431382.04540,771,3.661,332296.77600,0
1764385920000,90766.10,90783.80,90766.00,90774.50,13.190,1764385979999,1197342.43480,510,6.892,625611.73330,0
1764385980000,90774.50,90778.00,90769.50,90769.50,8.527,1764386039999,774043.97890,319,1.615,146600.71420,0
1764386040000,90769.60,90774.50,90769.50,90774.40,7.408,1764386099999,672444.22990,258,3.216,291923.22580,0
1764386100000,90774.40,90774.50,90765.50,90765.50,12.395,1764386159999,1125108.48840,360,1.185,107562.13100,0
1764386160000,90765.50,90805.10,90765.50,90766.60,14.368,1764386219999,1304349.37100,1133,6.346,576078.10280,0
1764386220000,90766.60,90766.70,90729.70,90729.80,28.509,1764386279999,2587070.68980,1075,4.644,421375.79990,0
1764386280000,90729.80,90745.00,90718.00,90744.90,58.347,1764386339999,5293899.54270,1165,45.664,4143161.81140,0
1764386340000,90745.00,90760.50,90737.50,90743.50,15.756,1764386399999,1429734.55030,796,5.096,462428.32480,0
1764386400000,90743.50,90780.90,90743.50,90780.80,21.502,1764386459999,1951519.95820,715,17.123,1554100.70720,0
1764386460000,90780.80,90780.90,90755.00,90755.00,9.395,1764386519999,852836.08840,466,1.502,136349.25250,0
1764386520000,90755.00,90755.00,90744.80,90747.80,7.091,1764386579999,643495.00700,358,3.658,331949.50010,0
1764386580000,90747.70,90763.00,90747.70,90762.90,10.716,1764386639999,972547.55500,336,6.507,590544.47010,0
1764386640000,90762.90,90763.00,90706.50,90706.50,30.353,1764386699999,2753806.81570,1047,1.337,121309.20320,0
1764386700000,90706.50,90706.60,90689.80,90695.20,30.428,1764386759999,2759776.39780,1013,5.020,455290.89620,0
1764386760000,90695.20,90714.10,90695.20,90700.10,25.365,1764386819999,2300694.05050,648,13.556,1229568.17830,0
1764386820000,90700.10,90700.10,90686.10,90686.10,9.902,1764386879999,897994.36210,345,2.745,248935.15190,0
1764386880000,90686.10,90686.10,90684.50,90684.60,12.685,1764386939999,1150343.32000,314,4.051,367364.43860,0
1764386940000,90684.60,90690.40,90673.50,90673.60,18.720,1764386999999,1697665.96200,582,9.407,853106.27610,0
1764387000000,90673.50,90682.40,90673.50,90673.50,13.186,1764387059999,1195677.71540,434,5.468,495830.54640,0
1764387060000,90673.50,90673.60,90643.80,90643.80,30.931,1764387119999,2804046.63920,763,7.130,646319.17330,0
1764387120000,90643.80,90676.80,90635.70,90649.30,32.841,1764387179999,2977101.37350,1278,15.848,1436623.27090,0
1764387180000,90649.30,90666.00,90647.10,90658.90,25.613,1764387239999,2321927.20010,950,16.479,1493879.50440,0
1764387240000,90658.80,90674.20,90658.80,90674.20,17.707,1764387299999,1605533.85710,427,10.498,951884.57970,0
1764387300000,90674.20,90674.20,90674.10,90674.20,11.584,1764387359999,1050369.55800,260,7.836,710523.03120,0
1764387360000,90674.20,90675.00,90653.10,90653.10,17.537,1764387419999,1590103.85740,483,6.588,597351.00780,0
1764387420000,90652.90,90666.00,90624.00,90666.00,28.291,1764387479999,2564223.07930,1062,10.717,971425.63800,0
1764387480000,90665.90,90707.50,90665.90,90703.10,29.666,1764387539999,2690160.01060,955,24.938,2261389.85530,0
1764387540000,90703.00,90709.50,90692.10,90698.20,15.947,1764387599999,1446464.00120,603,7.720,700236.16120,0
1764387600000,90698.30,90721.70,90698.20,90719.20,13.605,1764387659999,1234117.01490,591,12.031,1091331.58190,0
1764387660000,90719.30,90719.30,90711.70,90711.80,8.489,1764387719999,770083.87550,349,5.681,515352.74730,0
1764387720000,90711.80,90729.40,90711.70,90729.30,7.769,1764387779999,704793.29680,391,6.747,612082.30880,0
1764387780000,90729.30,90729.40,90660.30,90660.40,35.527,1764387839999,3222124.55590,1318,6.313,572651.97510,0
1764387840000,90660.30,90660.40,90644.40,90644.40,11.508,1764387899999,1043230.66920,441,3.006,272518.95190,0
1764387900000,90644.40,90653.20,90626.80,90626.90,19.531,1764387959999,1770268.61910,761,9.272,840432.63390,0
1764387960000,90626.80,90647.00,90616.80,90635.40,16.857,1764388019999,1527836.70370,811,8.156,739198.99390,0
1764388020000,90635.30,90646.40,90624.10,90637.10,31.729,1764388079999,2875819.83970,822,13.380,1212771.04440,0
1764388080000,90637.10,90657.00,90630.00,90657.00,9.496,1764388139999,860690.42600,520,7.103,643800.59700,0
1764388140000,90656.90,90657.00,90646.10,90646.20,6.737,1764388199999,610699.26460,281,2.927,265324.20300,0
1764388200000,90646.10,90646.20,90634.90,90634.90,5.296,1764388259999,480041.36680,284,1.693,153461.50140,0
1764388260000,90634.90,90635.00,90630.00,90635.00,13.915,1764388319999,1261162.29160,354,6.555,594092.61800,0
1764388320000,90635.00,90635.00,90634.90,90635.00,15.945,1764388379999,1445173.65880,271,1.783,161602.20500,0
1764388380000,90635.00,90656.00,90634.90,90652.20,13.911,1764388439999,1260959.78340,659,8.653,784329.73680,0
1764388440000,90652.30,90658.70,90652.20,90652.40,8.497,1764388499999,770290.22890,298,5.558,503855.19140,0
1764388500000,90652.40,90652.40,90637.10,90637.20,5.737,1764388559999,520011.37970,304,2.210,200325.90460,0
1764388560000,90637.20,90637.60,90633.90,90634.00,11.360,1764388619999,1029623.98900,262,5.318,482007.28060,0
1764388620000,90634.00,90641.60,90633.90,90635.50,8.347,1764388679999,756535.52420,344,4.592,416200.86740,0
1764388680000,90635.50,90638.10,90632.60,90638.10,16.353,1764388739999,1482136.68480,327,9.716,880598.31240,0
1764388740000,90638.10,90649.70,90638.00,90638.00,9.657,1764388799999,875358.82850,422,6.283,569517.52240,0
1764388800000,90638.10,90638.10,90621.00,90637.50,28.877,1764388859999,2617213.75420,819,9.359,848225.54820,0
1764388860000,90637.60,90656.20,90635.00,90635.00,11.903,1764388919999,1078996.70030,671,5.968,540990.96490,0
1764388920000,90635.10,90647.90,90635.00,90647.90,13.831,1764388979999,1253633.97590,466,12.810,1161087.62560,0
1764388980000,90647.80,90647.90,90623.50,90623.50,7.882,1764389039999,714445.62360,441,3.926,355870.46920,0
1764389040000,90623.60,90639.10,90623.50,90639.00,10.657,1764389099999,965860.80610,429,8.856,802624.41410,0
1764389100000,90639.00,90639.10,90637.90,90638.00,4.706,1764389159999,426545.76260,179,0.955,86559.53420,0
1764389160000,90637.90,90638.20,90618.10,90618.10,35.837,1764389219999,3247897.05090,686,5.885,533397.86150,0
1764389220000,90618.10,90618.20,90577.00,90577.20,44.113,1764389279999,3996751.40610,1212,6.140,556277.15360,0
1764389280000,90577.10,90606.90,90577.10,90590.00,14.969,1764389339999,1356075.88410,854,6.384,578323.18960,0
1764389340000,90590.00,90594.00,90584.50,90584.90,20.171,1764389399999,1827233.89090,556,8.572,776505.95480,0
1764389400000,90585.00,90599.60,90581.50,90599.60,10.225,1764389459999,926282.50150,483,6.569,595087.02000,0
1764389460000,90599.60,90599.60,90584.50,90584.50,16.212,1764389519999,1468581.69760,431,5.892,533725.71200,0
1764389520000,90584.50,90584.60,90580.00,90580.00,10.842,1764389579999,982082.15770,298,5.311,481076.54960,0
1764389580000,90580.10,90580.10,90580.00,90580.10,5.809,1764389639999,526179.59810,210,3.781,342483.35810,0
1764389640000,90580.10,90580.10,90569.00,90574.70,26.350,1764389699999,2386698.43200,712,8.426,763191.01240,0
1764389700000,90574.70,90574.80,90574.70,90574.70,5.914,1764389759999,535659.01900,247,2.432,220277.91360,0
1764389760000,90574.80,90611.00,90570.10,90570.20,29.647,1764389819999,2685574.36470,1229,16.270,1473794.30190,0
1764389820000,90570.10,90570.10,90551.80,90551.80,21.949,1764389879999,1987618.82010,749,5.415,490340.81100,0
1764389880000,90551.90,90569.70,90551.80,90560.30,10.575,1764389939999,957673.61310,506,5.161,467372.39350,0
1764389940000,90560.20,90560.30,90545.40,90545.50,21.613,1764389999999,1957086.64460,554,4.247,384572.43110,0
1764390000000,90545.40,90545.90,90509.30,90509.40,40.759,1764390059999,3689799.56790,1132,8.842,800495.44850,0
1764390060000,90509.40,90570.50,90505.30,90565.50,44.042,1764390119999,3987455.69180,1468,34.142,3091209.77600,0
1764390120000,90565.60,90584.30,90565.50,90578.70,42.280,1764390179999,3829474.41380,963,37.797,3423420.67030,0
1764390180000,90578.60,90585.00,90549.00,90550.50,47.648,1764390239999,4315108.76390,1113,8.853,801855.98060,0
1764390240000,90550.40,90573.40,90550.40,90573.40,7.060,1764390299999,639340.15280,397,5.315,481322.92640,0
1764390300000,90573.40,90609.00,90573.40,90608.90,23.635,1764390359999,2141283.68500,876,21.301,1929836.27620,0
1764390360000,90609.00,90620.00,90603.40,90603.40,24.998,1764390419999,2265086.45290,828,20.301,1839487.74550,0
1764390420000,90603.50,90617.40,90603.40,90617.40,7.265,1764390479999,658276.51470,357,5.515,499709.05180,0
1764390480000,90617.40,90657.90,90617.30,90657.90,38.109,1764390539999,3454028.60490,1144,34.806,3154649.71240,0
1764390540000,90657.90,90661.90,90650.00,90650.10,31.756,1764390599999,2878919.43280,794,12.032,1090787.46880,0
1764390600000,90650.00,90670.00,90629.70,90670.00,69.443,1764390659999,6294686.30470,2009,56.458,5117621.15070,0
1764390660000,90670.00,90696.80,90670.00,90696.70,24.130,1764390719999,2188186.00200,870,12.366,1121393.95370,0
1764390720000,90696.80,90696.80,90683.20,90683.30,15.094,1764390779999,1368909.97670,476,9.650,875163.34520,0
1764390780000,90683.30,90701.30,90683.20,90701.30,29.606,1764390839999,2685145.69640,810,26.209,2377063.20060,0
1764390840000,90701.30,90701.30,90690.00,90690.00,13.592,1764390899999,1232695.09670,393,9.183,832825.41420,0
1764390900000,90690.00,90743.00,90690.00,90731.40,54.079,1764390959999,4905540.54580,1482,46.130,4184413.52610,0
1764390960000,90731.40,90731.40,90724.50,90725.60,15.641,1764391019999,1419084.65940,495,9.871,895575.22680,0
1764391020000,90725.60,90759.00,90713.10,90738.10,115.372,1764391079999,10468585.12030,1760,96.644,8769074.15170,0
1764391080000,90738.00,90738.10,90723.70,90729.20,22.229,1764391139999,2016800.30990,480,17.390,1577745.45890,0
1764391140000,90729.30,90729.40,90729.30,90729.40,12.613,1764391199999,1144369.61820,287,9.658,876264.53670,0
1764391200000,90729.30,90729.40,90721.70,90721.70,14.991,1764391259999,1360046.45990,358,6.845,620996.07740,0
1764391260000,90721.70,90743.50,90721.70,90743.50,19.035,1764391319999,1727112.88330,604,15.618,1417090.40830,0
1764391320000,90743.50,90765.60,90737.60,90737.70,61.106,1764391379999,5545543.53850,1153,50.450,4578472.39440,0
1764391380000,90737.60,90743.30,90737.60,90743.20,6.682,1764391439999,606311.82450,240,4.518,409955.35010,0
1764391440000,90743.20,90743.30,90743.20,90743.30,5.216,1764391499999,473316.93290,198,4.017,364515.83610,0
1764391500000,90743.30,90765.60,90743.20,90765.60,19.563,1764391559999,1775416.26750,696,18.210,1652622.39320,0
1764391560000,90765.50,90765.60,90765.00,90765.00,8.805,1764391619999,799189.17680,331,4.400,399367.66990,0
1764391620000,90765.00,90765.10,90765.00,90765.10,11.965,1764391679999,1086004.00260,224,7.776,705789.41760,0
1764391680000,90765.00,90765.10,90765.00,90765.10,6.487,1764391739999,588793.07660,277,5.216,473430.76160,0
1764391740000,90765.10,90784.50,90763.70,90784.50,19.565,1764391799999,1775901.30200,686,15.378,1395865.43390,0
1764391800000,90784.40,90790.80,90784.40,90790.70,15.147,1764391859999,1375181.48190,474,10.668,968532.38210,0
1764391860000,90790.80,90799.70,90790.70,90799.70,22.228,1764391919999,2018162.56180,512,16.424,1491188.83450,0
1764391920000,90799.70,90799.70,90783.60,90791.80,16.687,1764391979999,1515016.69810,590,6.290,571056.43780,0
1764391980000,90791.90,90796.40,90791.80,90796.30,18.435,1764392039999,1673764.37980,330,9.216,836748.84010,0
1764392040000,90796.40,90796.50,90796.30,90796.40,13.956,1764392099999,1267154.74280,265,9.295,843952.77370,0
1764392100000,90796.50,90796.50,90757.00,90757.00,40.081,1764392159999,3638592.25710,878,3.296,299217.61150,0
1764392160000,90757.10,90761.60,90757.00,90761.50,12.837,1764392219999,1165060.74570,354,7.878,714993.27720,0
1764392220000,90761.60,90769.90,90756.90,90764.10,28.828,1764392279999,2616553.37330,686,15.800,1434052.07010,0
1764392280000,90764.10,90769.00,90764.10,90769.00,15.657,1764392339999,1421112.84600,379,10.563,958753.71140,0
1764392340000,90768.90,90877.00,90768.90,90859.60,138.896,1764392399999,12618712.17580,3446,104.607,9503375.43630,0
1764392400000,90859.50,90862.00,90859.50,90862.00,21.616,1764392459999,1964041.48660,593,10.675,969938.11390,0
1764392460000,90862.00,90862.00,90812.10,90817.10,42.306,1764392519999,3842780.40040,1265,5.740,521329.39110,0
1764392520000,90817.00,90817.10,90800.00,90800.00,20.787,1764392579999,1887588.96920,564,2.777,252175.26340,0
1764392580000,90800.00,90800.10,90792.50,90792.60,7.276,1764392639999,660648.47680,361,2.424,220097.03530,0
1764392640000,90792.50,90792.60,90756.50,90759.80,89.051,1764392699999,8083092.87130,1513,13.997,1270425.64040,0
1764392700000,90759.80,90766.60,90759.80,90766.50,5.637,1764392759999,511633.26070,244,4.190,380298.43660,0
1764392760000,90766.60,90790.00,90766.50,90790.00,20.465,1764392819999,1857714.74330,801,14.793,1342818.70400,0
1764392820000,90790.00,90790.00,90780.50,90780.60,12.350,1764392879999,1121171.27280,312,8.546,775816.80990,0
1764392880000,90780.60,90791.30,90780.50,90791.30,12.192,1764392939999,1106888.02810,339,11.389,1033984.19250,0
1764392940000,90791.20,90791.30,90772.60,90772.70,8.003,1764392999999,726549.73730,404,1.622,147252.26660,0
1764393000000,90772.60,90772.70,90734.60,90734.70,20.145,1764393059999,1828229.31890,822,2.235,202835.00910,0
1764393060000,90734.60,90760.60,90734.60,90760.50,15.055,1764393119999,1366096.44420,679,11.327,1027813.69710,0
1764393120000,90760.50,90760.60,90751.00,90751.00,7.037,1764393179999,638656.14310,282,1.797,163094.26960,0
1764393180000,90751.10,90758.50,90751.00,90758.40,13.782,1764393239999,1250765.94530,417,8.644,784475.23640,0
1764393240000,90758.40,90759.00,90750.20,90750.20,12.022,1764393299999,1091090.19830,282,4.615,418850.39890,0
1764393300000,90750.00,90754.20,90732.80,90752.10,13.873,1764393359999,1258829.76950,710,4.620,419219.27560,0
1764393360000,90752.10,90767.80,90752.00,90767.80,14.793,1764393419999,1342549.94660,354,14.036,1273848.94290,0
1764393420000,90767.80,90787.70,90767.70,90787.70,10.771,1764393479999,977789.92090,468,9.685,879205.71650,0
1764393480000,90787.80,90800.00,90760.20,90799.90,96.794,1764393539999,8787025.90530,1489,88.600,8043129.18720,0
1764393540000,90799.90,90870.00,90799.90,90861.90,66.530,1764393599999,6043698.69850,1642,57.816,5252202.62880,0
1764393600000,90862.00,90884.80,90861.90,90877.10,42.754,1764393659999,3885230.92600,1220,32.722,2973550.18560,0
1764393660000,90877.10,90884.80,90877.00,90879.80,23.122,1764393719999,2101346.39660,569,15.825,1438175.22900,0
1764393720000,90879.90,90879.90,90852.40,90852.50,31.874,1764393779999,2896408.67800,820,3.592,326394.35620,0
1764393780000,90852.40,90865.60,90852.40,90865.60,34.793,1764393839999,3161309.70970,682,25.772,2341615.80840,0
1764393840000,90865.60,90865.60,90865.50,90865.60,12.732,1764393899999,1156900.20700,227,6.610,600621.61600,0
1764393900000,90865.50,90871.40,90865.50,90871.40,9.442,1764393959999,857965.83240,306,7.723,701764.52430,0
1764393960000,90871.40,90871.40,90860.20,90862.10,16.562,1764394019999,1504916.17900,471,7.217,655753.14460,0
1764394020000,90862.10,90862.10,90842.20,90846.80,22.748,1764394079999,2066754.97300,633,7.898,717532.88200,0
1764394080000,90846.70,90860.00,90837.80,90860.00,17.516,1764394139999,1591239.72740,548,8.399,763042.92330,0
1764394140000,90859.90,90860.00,90859.90,90859.90,8.170,1764394199999,742326.00010,205,6.171,560697.06000,0
1764394200000,90860.00,90860.00,90853.60,90855.80,9.163,1764394259999,832513.16620,355,5.194,471900.26190,0
1764394260000,90855.90,90855.90,90855.80,90855.90,2.887,1764394319999,262300.88760,192,1.930,175351.88700,0
1764394320000,90855.80,90864.00,90855.80,90860.00,18.614,1764394379999,1691273.01390,460,15.443,1403148.55210,0
1764394380000,90860.00,90860.00,90810.50,90810.50,60.812,1764394439999,5523976.94050,1079,5.162,468926.55050,0
1764394440000,90810.50,90810.60,90809.20,90809.20,8.231,1764394499999,747457.36520,217,3.131,284327.53110,0
1764394500000,90809.20,90881.00,90809.20,90870.60,35.132,1764394559999,3191430.48450,1464,30.592,2778917.76130,0
1764394560000,90870.70,90870.70,90858.50,90858.50,7.179,1764394619999,652295.35690,265,4.876,443039.53180,0
1764394620000,90858.60,90858.60,90850.10,90850.20,8.363,1764394679999,759795.91570,275,2.619,237938.89800,0
1764394680000,90850.20,90851.60,90850.10,90851.50,6.482,1764394739999,588896.08470,201,3.976,361222.44970,0
1764394740000,90851.50,90851.60,90820.00,90820.00,9.609,1764394799999,872904.07580,456,1.644,149345.68400,0
1764394800000,90820.00,90820.10,90812.40,90812.40,6.686,1764394859999,607189.88280,263,3.209,291420.33830,0
1764394860000,90812.50,90812.50,90803.20,90803.20,8.854,1764394919999,804013.26690,327,3.050,276961.98010,0
1764394920000,90803.20,90803.30,90801.20,90801.20,13.030,1764394979999,1183165.24040,385,7.332,665769.59160,0
1764394980000,90801.20,90801.30,90801.20,90801.20,6.497,1764395039999,589935.48440,225,0.880,79905.14400,0
1764395040000,90801.20,90818.00,90801.20,90817.90,12.912,1764395099999,1172464.21540,476,9.495,862184.57190,0
1764395100000,90818.00,90818.00,90813.40,90817.90,7.209,1764395159999,654692.57160,267,4.569,414934.66720,0
1764395160000,90817.90,90833.10,90817.90,90833.00,10.229,1764395219999,929051.25360,399,9.078,824509.40400,0
1764395220000,90833.10,90833.10,90814.80,90814.80,26.850,1764395279999,2438811.71820,405,2.834,257394.04190,0
1764395280000,90814.80,90814.90,90780.50,90780.50,17.671,1764395339999,1604480.26240,587,0.809,73454.92740,0
1764395340000,90780.50,90780.60,90779.00,90779.00,10.165,1764395399999,922779.48940,201,1.618,146882.33730,0
1764395400000,90779.00,90779.10,90765.50,90765.60,13.467,1764395459999,1222411.59880,395,2.110,191522.58120,0
1764395460000,90765.50,90765.60,90721.10,90725.60,36.472,1764395519999,3309502.60910,923,3.667,332784.17950,0
1764395520000,90725.50,90725.60,90725.50,90725.50,15.012,1764395579999,1361971.47010,337,2.641,239606.30960,0
1764395580000,90725.50,90725.60,90725.50,90725.60,3.564,1764395639999,323345.78730,175,1.053,95534.05680,0
1764395640000,90725.50,90725.60,90683.90,90698.20,49.973,1764395699999,4532256.34580,1153,25.069,2273534.51120,0
1764395700000,90698.20,90746.20,90698.20,90746.10,41.194,1764395759999,3737341.86730,964,37.714,3421614.42950,0
1764395760000,90746.10,90746.10,90732.90,90741.50,11.688,1764395819999,1060533.04630,389,4.094,371474.98110,0
1764395820000,90741.60,90741.60,90724.20,90724.20,7.884,1764395879999,715329.34080,357,1.472,133557.03910,0
1764395880000,90724.30,90724.30,90724.20,90724.30,3.274,1764395939999,297031.19110,88,1.603,145431.05290,0
1764395940000,90724.20,90724.30,90700.10,90712.50,62.547,1764395999999,5673719.45970,1068,6.465,586425.77590,0
1764396000000,90712.50,90721.00,90695.00,90695.00,29.472,1764396059999,2673525.59390,727,16.810,1524982.35830,0
1764396060000,90695.10,90695.10,90683.30,90688.50,23.346,1764396119999,2117142.93740,504,14.667,1330067.49150,0
1764396120000,90688.50,90709.50,90688.50,90709.40,26.910,1764396179999,2440637.66630,604,24.135,2188938.39970,0
1764396180000,90709.50,90709.50,90709.40,90709.50,10.318,1764396239999,935940.03210,288,4.429,401752.37550,0
1764396240000,90709.50,90709.60,90675.70,90679.50,44.356,1764396299999,4022657.47740,975,6.570,595843.60150,0
1764396300000,90679.60,90707.50,90679.50,90707.50,12.407,1764396359999,1125176.66130,708,7.106,644446.00750,0
1764396360000,90707.40,90707.50,90700.80,90705.40,13.835,1764396419999,1254900.98860,401,5.274,478368.39900,0
1764396420000,90705.40,90705.50,90705.40,90705.40,8.149,1764396479999,739158.67400,180,3.694,335066.11700,0
1764396480000,90705.40,90705.50,90692.70,90700.10,7.156,1764396539999,649040.05650,437,3.467,314443.54580,0
1764396540000,90700.20,90720.40,90700.10,90720.40,7.575,1764396599999,687074.58160,406,5.791,525265.27470,0
1764396600000,90720.40,90743.30,90720.40,90728.60,21.944,1764396659999,1991069.71780,811,14.646,1328878.84150,0
1764396660000,90728.50,90747.40,90726.30,90747.40,9.668,1764396719999,877225.25630,478,8.305,753561.27810,0
1764396720000,90747.30,90787.70,90747.30,90781.30,32.919,1764396779999,2988151.56070,1173,20.968,1903308.56800,0
1764396780000,90781.30,90790.40,90780.00,90790.30,17.847,1764396839999,1620217.55820,472,10.948,993901.80030,0
1764396840000,90790.30,90790.40,90784.00,90784.10,5.163,1764396899999,468744.92580,245,2.161,196195.33070,0
1764396900000,90784.10,90787.10,90779.70,90779.70,6.191,1764396959999,562043.16970,308,2.757,250292.41530,0
1764396960000,90779.80,90779.80,90702.40,90702.40,19.431,1764397019999,1763077.43780,1172,0.888,80575.95050,0
1764397020000,90702.40,90719.40,90702.40,90719.30,6.913,1764397079999,627113.23030,447,3.583,325022.62970,0
1764397080000,90719.40,90743.20,90673.60,90701.60,122.055,1764397139999,11071057.76400,2364,19.567,1774801.49260,0
1764397140000,90701.60,90707.30,90610.00,90626.70,144.724,1764397199999,13120305.07040,2829,17.551,1590803.15590,0
1764397200000,90626.70,90626.70,90567.90,90567.90,176.349,1764397259999,15976787.58790,2952,43.915,3978320.43770,0
1764397260000,90567.90,90567.90,90272.60,90392.70,1287.705,1764397319999,116413369.24760,18470,256.438,23184622.24100,0
1764397320000,90392.80,90436.90,90371.50,90420.40,130.756,1764397379999,11821193.36440,4474,60.424,5462709.32950,0
1764397380000,90420.40,90455.40,90411.10,90455.40,80.626,1764397439999,7291592.96330,2159,46.574,4211990.90050,0
1764397440000,90455.40,90474.30,90442.30,90447.10,83.856,1764397499999,7585333.54570,1578,32.503,2940167.44650,0
1764397500000,90447.00,90572.10,90405.50,90557.20,272.323,1764397559999,24644671.32070,4864,216.532,19598128.72440,0
1764397560000,90557.10,90572.30,90501.80,90501.80,268.603,1764397619999,24319704.96150,4266,188.606,17076540.06170,0
1764397620000,90501.80,90559.00,90501.80,90523.40,107.262,1764397679999,9711294.93950,2372,69.897,6328396.23410,0
1764397680000,90523.40,90542.60,90502.90,90502.90,82.168,1764397739999,7438251.14280,1830,49.569,4487312.17980,0
1764397740000,90503.00,90550.00,90502.90,90506.40,52.348,1764397799999,4738875.12140,1763,36.762,3327890.16720,0
1764397800000,90506.30,90538.80,90506.30,90525.70,37.206,1764397859999,3368083.60940,1231,16.637,1506015.51670,0
1764397860000,90525.70,90525.70,90434.40,90459.90,80.950,1764397919999,7323606.83070,2099,10.427,943229.62380,0
1764397920000,90459.80,90490.20,90459.80,90481.00,34.579,1764397979999,3128462.41870,1268,19.972,1806894.20360,0
1764397980000,90481.00,90498.20,90425.10,90445.40,78.997,1764398039999,7146387.10940,2615,30.977,2801996.81220,0
1764398040000,90445.40,90445.50,90265.20,90352.30,274.675,1764398099999,24812417.89730,7903,83.164,7512368.08000,0
1764398100000,90352.30,90380.10,90348.10,90364.10,104.024,1764398159999,9399681.32910,2168,39.902,3605429.38510,0
1764398160000,90364.00,90419.70,90355.30,90410.60,56.404,1764398219999,5098915.22960,2160,36.200,3272484.43930,0
1764398220000,90410.70,90486.00,90410.70,90449.80,58.851,1764398279999,5323326.77060,1914,42.368,3832321.14720,0
1764398280000,90449.80,90500.00,90446.10,90464.30,56.645,1764398339999,5125305.74180,1641,39.737,3595551.76010,0
1764398340000,90464.30,90464.30,90437.60,90461.90,36.423,1764398399999,3294853.88480,1017,15.684,1418786.97130,0
1764398400000,90461.80,90515.80,90461.80,90509.40,41.027,1764398459999,3712811.02710,1250,36.485,3301742.22650,0
1764398460000,90509.40,90509.50,90488.30,90488.40,21.336,1764398519999,1930904.39480,681,8.481,767510.40160,0
1764398520000,90488.40,90515.70,90483.00,90483.10,22.739,1764398579999,2057770.16880,993,11.323,1024734.67450,0
1764398580000,90483.10,90499.40,90471.30,90499.30,15.509,1764398639999,1403270.44130,774,6.600,597194.41240,0
1764398640000,90499.40,90514.40,90483.60,90503.00,44.367,1764398699999,4015252.51910,1307,31.833,2880973.41240,0
1764398700000,90503.10,90516.00,90483.70,90483.70,25.569,1764398759999,2313938.88310,873,10.227,925549.20050,0
1764398760000,90483.70,90517.00,90483.70,90517.00,20.391,1764398819999,1845353.09670,700,12.855,1163348.31660,0
1764398820000,90517.00,90543.10,90517.00,90530.70,34.482,1764398879999,3121836.34460,1159,20.660,1870482.92280,0
1764398880000,90530.60,90550.00,90524.60,90525.10,35.581,1764398939999,3221258.69520,1088,24.739,2239691.51130,0
1764398940000,90525.00,90533.10,90525.00,90527.40,11.564,1764398999999,1046863.75920,401,6.313,571500.73440,0
1764399000000,90527.40,90538.00,90503.30,90516.70,21.792,1764399059999,1972618.64350,1039,9.979,903289.00160,0
1764399060000,90516.70,90516.70,90467.40,90467.40,56.804,1764399119999,5139846.70400,1503,10.067,910934.81710,0
1764399120000,90467.50,90467.50,90429.80,90440.20,58.104,1764399179999,5255050.68840,1455,7.840,709052.14420,0
1764399180000,90440.30,90473.90,90440.20,90469.40,22.881,1764399239999,2069807.47130,1063,10.661,964368.56300,0
1764399240000,90469.30,90475.30,90464.80,90464.90,26.642,1764399299999,2410388.00610,709,15.295,1383782.76250,0
1764399300000,90464.80,90467.30,90443.60,90448.60,61.252,1764399359999,5540461.66070,1149,14.387,1301295.80380,0
1764399360000,90448.60,90496.60,90448.50,90482.80,22.944,1764399419999,2076058.28830,988,9.215,833792.99100,0
1764399420000,90482.90,90528.80,90466.00,90522.20,72.220,1764399479999,6536117.26750,2058,45.289,4098930.67240,0
1764399480000,90522.10,90539.90,90514.30,90527.40,34.764,1764399539999,3147180.26680,894,16.293,1474972.80270,0
1764399540000,90527.40,90527.50,90513.30,90513.30,11.932,1764399599999,1080039.83290,455,2.678,242399.09040,0
1764399600000,90513.30,90549.70,90506.70,90549.60,34.988,1764399659999,3167049.94470,1160,10.651,964167.04190,0
1764399660000,90549.70,90584.40,90549.40,90575.90,55.032,1764399719999,4983857.49340,1264,39.019,3533714.51800,0
1764399720000,90576.00,90610.80,90576.00,90603.20,45.308,1764399779999,4104971.05020,1336,32.831,2974480.50620,0
1764399780000,90603.30,90607.50,90600.00,90602.00,24.059,1764399839999,2179833.55990,1503,14.346,1299797.82540,0
1764399840000,90602.00,90605.60,90600.00,90605.20,36.559,1764399899999,3312350.66280,1028,23.558,2134415.92930,0
1764399900000,90605.20,90625.00,90605.10,90625.00,37.744,1764399959999,3420226.85250,1721,28.916,2620262.51260,0
1764399960000,90625.00,90625.00,90591.80,90601.80,24.211,1764400019999,2193671.47470,1047,6.403,580153.76230,0
1764400020000,90601.90,90601.90,90560.00,90560.00,16.373,1764400079999,1483164.74290,853,3.976,360180.27770,0
1764400080000,90560.10,90573.20,90532.20,90532.20,29.830,1764400139999,2701311.85730,1075,7.417,671690.23660,0
1764400140000,90532.20,90532.20,90456.90,90459.70,39.839,1764400199999,3604677.07250,1536,11.988,1084620.16070,0
1764400200000,90459.70,90478.80,90458.90,90460.20,30.654,1764400259999,2773168.22280,952,14.919,1349685.03290,0
1764400260000,90460.30,90464.40,90453.90,90456.30,19.312,1764400319999,1746952.69450,721,7.228,653836.52550,0
1764400320000,90456.20,90468.90,90445.60,90468.80,26.310,1764400379999,2379881.09040,867,14.992,1356140.12360,0
1764400380000,90468.80,90539.40,90462.80,90513.60,49.247,1764400439999,4456445.96990,1976,31.894,2886149.86380,0
1764400440000,90513.60,90513.70,90506.30,90513.60,10.507,1764400499999,950996.07620,423,6.899,624434.22260,0
1764400500000,90513.70,90544.70,90513.60,90544.70,11.146,1764400559999,1009134.65820,669,10.359,937880.74100,0
1764400560000,90544.70,90588.00,90544.70,90581.70,27.445,1764400619999,2485665.53490,1090,23.180,2099334.50780,0
1764400620000,90581.60,90581.60,90528.20,90538.80,16.606,1764400679999,1503573.92880,941,5.934,537265.29280,0
1764400680000,90538.90,90563.10,90538.80,90560.70,19.574,1764400739999,1772461.56740,659,14.693,1330494.65640,0
1764400740000,90560.60,90560.60,90504.30,90504.30,19.861,1764400799999,1798051.92430,866,2.297,207953.39910,0
1764400800000,90504.40,90504.40,90480.00,90491.20,23.443,1764400859999,2121372.79070,1013,6.891,623551.72520,0
1764400860000,90491.30,90491.30,90461.30,90476.70,26.539,1764400919999,2401208.61770,1023,7.668,693727.30270,0
1764400920000,90476.70,90506.70,90468.70,90471.60,29.454,1764400979999,2665375.97650,1099,11.570,1047013.04010,0
1764400980000,90471.70,90471.70,90457.30,90457.30,22.486,1764401039999,2034223.57900,523,11.259,1018554.96160,0
1764401040000,90457.30,90468.60,90445.50,90468.60,28.586,1764401099999,2585777.61360,774,7.684,695085.94820,0
1764401100000,90468.60,90500.90,90466.10,90500.90,10.255,1764401159999,927860.43440,619,7.422,671549.64810,0
1764401160000,90500.90,90500.90,90466.10,90466.20,9.926,1764401219999,898102.96960,615,2.335,211266.73180,0
1764401220000,90466.20,90479.10,90466.10,90479.10,10.264,1764401279999,928649.03480,357,8.780,794378.26330,0
1764401280000,90479.10,90479.10,90418.00,90429.20,46.502,1764401339999,4205275.77630,1588,6.956,629002.40570,0
1764401340000,90429.20,90444.00,90429.10,90444.00,9.943,1764401399999,899168.95020,395,5.431,491136.71120,0
1764401400000,90444.00,90484.00,90444.00,90480.80,31.015,1764401459999,2805780.32830,961,25.683,2323392.29960,0
1764401460000,90480.80,90480.80,90421.90,90430.60,35.591,1764401519999,3219171.55280,1167,11.172,1010529.29090,0
1764401520000,90430.60,90430.60,90412.30,90417.80,24.326,1764401579999,2199546.17810,786,9.035,816947.05610,0
1764401580000,90417.70,90417.80,90374.70,90381.80,56.413,1764401639999,5099168.44010,1496,16.127,1457645.31350,0
1764401640000,90381.80,90381.80,90355.70,90355.70,60.736,1764401699999,5488881.69130,1275,33.316,3010899.93610,0
1764401700000,90355.80,90390.70,90355.70,90388.00,31.314,1764401759999,2830013.38780,900,18.780,1697190.05070,0
1764401760000,90388.00,90393.70,90378.00,90383.00,30.616,1764401819999,2767278.75940,732,11.100,1003265.03420,0
1764401820000,90382.90,90383.00,90327.00,90341.00,62.090,1764401879999,5609640.91040,1623,16.393,1480879.44650,0
1764401880000,90341.00,90380.90,90341.00,90373.30,42.271,1764401939999,3819816.33270,1192,25.340,2289882.56720,0
1764401940000,90373.30,90373.40,90351.50,90351.50,42.155,1764401999999,3809389.13190,935,5.264,475675.34580,0
1764402000000,90351.60,90359.80,90332.00,90355.20,66.240,1764402059999,5984651.73930,1247,41.727,3769823.56740,0
1764402060000,90355.20,90390.00,90355.10,90389.90,36.186,1764402119999,3269989.55710,861,33.561,3032730.40500,0
1764402120000,90390.00,90390.00,90380.10,90380.20,14.703,1764402179999,1328908.05920,482,3.966,358454.56660,0
1764402180000,90380.20,90380.20,90380.10,90380.10,10.926,1764402239999,987493.72710,305,7.545,681918.60900,0
1764402240000,90380.20,90407.70,90380.10,90392.80,63.372,1764402299999,5728701.08800,1314,46.682,4219890.74570,0
1764402300000,90392.80,90411.00,90392.80,90406.50,11.482,1764402359999,1038006.07970,548,8.546,772576.35860,0
1764402360000,90406.50,90450.00,90406.50,90450.00,26.602,1764402419999,2405564.41390,1083,23.871,2158589.82070,0
1764402420000,90450.00,90454.80,90405.00,90405.00,28.854,1764402479999,2609434.46590,1249,9.608,868987.60450,0
1764402480000,90405.00,90435.20,90405.00,90413.20,37.158,1764402539999,3359794.23370,1073,16.858,1524215.73900,0
1764402540000,90413.20,90413.20,90378.60,90378.70,46.184,1764402599999,4174641.21560,1169,25.130,2271557.32870,0
1764402600000,90378.60,90379.30,90378.60,90379.20,19.112,1764402659999,1727319.34060,373,10.292,930178.97260,0
1764402660000,90379.20,90417.00,90379.20,90416.90,18.431,1764402719999,1666022.80690,798,13.721,1240268.93530,0
1764402720000,90417.00,90448.10,90416.90,90442.90,30.501,1764402779999,2758317.30410,876,23.494,2124598.55730,0
1764402780000,90442.80,90442.90,90400.10,90400.30,22.526,1764402839999,2036886.42480,925,9.193,831250.55490,0
1764402840000,90400.40,90428.40,90400.10,90428.30,40.583,1764402899999,3669307.98860,931,22.118,1999731.14170,0
1764402900000,90428.30,90456.80,90428.30,90456.80,13.729,1764402959999,1241668.67740,677,9.303,841374.51390,0
1764402960000,90456.90,90523.90,90456.90,90520.10,68.100,1764403019999,6162508.16750,1913,48.079,4350774.37990,0
1764403020000,90520.10,90520.20,90495.00,90495.60,42.445,1764403079999,3841502.65290,966,20.152,1823756.19710,0
1764403080000,90495.60,90519.90,90485.40,90519.80,30.239,1764403139999,2736724.77200,804,24.479,2215447.50120,0
1764403140000,90519.90,90543.80,90503.00,90523.50,62.023,1764403199999,5614374.83920,1432,37.337,3379761.65730,0
1764403200000,90523.40,90523.50,90481.10,90483.70,28.019,1764403259999,2535511.68320,988,7.315,661912.81520,0
1764403260000,90483.70,90486.80,90455.60,90458.00,26.375,1764403319999,2386200.84170,1105,9.727,879968.16000,0
1764403320000,90457.90,90469.00,90431.20,90431.20,30.045,1764403379999,2717553.74060,916,14.661,1326134.43230,0
1764403380000,90431.20,90469.60,90430.50,90469.60,34.010,1764403439999,3075950.91330,1011,21.008,1900068.35880,0
1764403440000,90469.60,90469.60,90460.10,90465.40,26.024,1764403499999,2354183.02090,646,20.621,1865397.94290,0
1764403500000,90465.40,90491.50,90465.40,90491.40,13.337,1764403559999,1206753.77800,747,10.628,961635.57940,0
1764403560000,90491.50,90557.30,90491.40,90557.30,31.989,1764403619999,2896251.29180,1442,18.428,1668335.15760,0
1764403620000,90557.30,90603.00,90550.00,90550.00,125.355,1764403679999,11355695.62430,2383,105.336,9542447.34640,0
1764403680000,90550.10,90580.60,90550.00,90576.10,46.545,1764403739999,4215225.66510,824,37.699,3414117.71760,0
1764403740000,90576.10,90576.10,90548.40,90566.90,20.324,1764403799999,1840508.14930,745,13.008,1177976.70240,0
1764403800000,90566.90,90606.00,90566.90,90600.00,32.778,1764403859999,2969524.80640,1035,22.682,2054876.61600,0
1764403860000,90600.00,90625.00,90600.00,90610.10,48.044,1764403919999,4353723.42540,1034,32.027,2902228.67510,0
1764403920000,90610.20,90614.30,90587.10,90596.40,45.558,1764403979999,4127530.43520,1019,13.571,1229526.07640,0
1764403980000,90596.70,90596.70,90569.60,90584.40,31.896,1764404039999,2889247.28600,987,13.948,1263489.48800,0
1764404040000,90584.50,90590.20,90584.40,90586.00,13.864,1764404099999,1255871.40740,394,5.815,526750.42230,0
1764404100000,90586.00,90608.00,90580.60,90594.10,27.551,1764404159999,2496107.60020,818,16.488,1493840.49480,0
1764404160000,90594.10,90594.10,90576.70,90593.90,15.715,1764404219999,1423521.11030,727,5.295,479643.37810,0
1764404220000,90594.00,90639.80,90593.90,90638.10,37.025,1764404279999,3355120.53740,1163,27.733,2513069.10900,0
1764404280000,90638.20,90691.50,90638.20,90672.00,130.488,1764404339999,11831742.98830,3298,84.769,7686355.68150,0
1764404340000,90672.10,90672.10,90596.50,90605.80,39.801,1764404399999,3607045.29760,1489,5.372,486809.72570,0
1764404400000,90605.90,90618.60,90594.60,90605.10,28.320,1764404459999,2566016.60520,1049,8.736,791546.69720,0
1764404460000,90605.10,90616.90,90603.30,90613.00,12.227,1764404519999,1107914.82380,628,4.072,368959.92910,0
1764404520000,90613.00,90686.50,90612.90,90673.70,28.520,1764404579999,2585394.12720,1832,15.151,1373407.59110,0
1764404580000,90673.70,90688.80,90650.10,90684.10,129.527,1764404639999,11744193.46340,2232,88.193,7996446.01440,0
1764404640000,90684.10,90687.80,90657.90,90658.00,52.654,1764404699999,4774512.96740,1052,9.128,827736.94280,0
1764404700000,90658.00,90660.60,90621.50,90621.50,28.382,1764404759999,2572755.21620,1007,9.377,850027.81810,0
1764404760000,90621.50,90657.90,90621.50,90649.90,20.725,1764404819999,1878504.02020,712,6.389,579135.40640,0
1764404820000,90649.80,90649.80,90588.50,90588.50,13.040,1764404879999,1181590.05640,1007,2.509,227326.84300,0
1764404880000,90588.50,90613.80,90576.40,90581.20,44.362,1764404939999,4019152.86130,1230,35.327,3200609.09550,0
1764404940000,90581.20,90581.30,90569.90,90574.30,21.175,1764404999999,1917898.98400,559,6.588,596689.44080,0
1764405000000,90574.30,90591.40,90559.90,90565.30,32.646,1764405059999,2956732.30620,987,12.192,1104258.21850,0
1764405060000,90565.30,90565.40,90513.50,90522.30,111.989,1764405119999,10140440.17660,1749,5.066,458645.87740,0
1764405120000,90522.30,90567.20,90522.30,90567.20,22.308,1764405179999,2019918.93130,808,13.661,1236969.37650,0
1764405180000,90567.50,90583.20,90567.50,90583.10,16.887,1764405239999,1529604.93130,546,12.845,1163479.81890,0
1764405240000,90583.20,90671.00,90583.10,90670.90,99.282,1764405299999,8996692.22980,2077,89.036,8067909.72350,0
1764405300000,90670.90,90670.90,90596.90,90611.50,89.104,1764405359999,8075286.65710,1685,10.522,953479.42180,0
1764405360000,90611.40,90637.50,90611.40,90618.40,23.903,1764405419999,2166165.99390,842,16.187,1466879.58620,0
1764405420000,90618.40,90622.80,90573.30,90619.40,26.908,1764405479999,2437681.22070,1354,14.918,1351434.02280,0
1764405480000,90619.40,90622.80,90619.30,90622.70,12.666,1764405539999,1147813.00850,260,8.083,732491.60640,0
1764405540000,90622.70,90622.80,90606.70,90608.50,26.917,1764405599999,2439154.18840,661,3.098,280723.96780,0
1764405600000,90608.50,90614.30,90577.30,90582.30,16.543,1764405659999,1498779.62730,878,3.857,349441.72840,0
1764405660000,90582.20,90612.60,90582.20,90608.90,8.385,1764405719999,759698.28950,510,5.080,460251.38470,0
1764405720000,90608.80,90640.00,90608.80,90625.60,27.877,1764405779999,2526369.23410,764,23.931,2168726.38870,0
1764405780000,90625.60,90635.70,90613.30,90613.40,21.527,1764405839999,1950937.28090,693,9.739,882598.97590,0
1764405840000,90613.30,90615.80,90584.60,90584.60,13.378,1764405899999,1211969.63200,593,5.690,515455.28830,0
1764405900000,90584.70,90594.90,90576.10,90576.10,15.176,1764405959999,1374701.41070,534,4.593,416066.35550,0
1764405960000,90576.20,90576.20,90546.40,90556.00,38.387,1764406019999,3476306.63620,935,3.832,346987.22410,0
1764406020000,90556.00,90577.80,90545.20,90545.30,12.182,1764406079999,1103271.13390,744,5.178,468963.47770,0
1764406080000,90545.20,90558.20,90541.10,90544.60,21.004,1764406139999,1901917.26230,833,3.828,346625.84850,0
1764406140000,90544.70,90544.70,90529.00,90543.90,12.661,1764406199999,1146280.72330,602,2.740,248065.39520,0
1764406200000,90544.00,90568.20,90543.90,90554.30,14.886,1764406259999,1348050.58180,640,6.871,622174.86520,0
1764406260000,90554.40,90573.40,90554.30,90566.30,13.282,1764406319999,1202899.67920,465,11.764,1065417.26010,0
1764406320000,90566.20,90567.90,90564.00,90566.40,7.334,1764406379999,664204.79840,242,4.144,375299.84340,0
1764406380000,90566.30,90566.40,90518.70,90521.00,11.185,1764406439999,1012627.98930,715,3.632,328794.20000,0
1764406440000,90521.00,90533.60,90515.00,90517.00,27.003,1764406499999,2444326.25150,644,5.308,480490.96510,0
1764406500000,90517.00,90524.90,90514.60,90517.90,16.558,1764406559999,1498797.99030,631,6.802,615698.46970,0
1764406560000,90518.00,90522.00,90513.50,90522.00,19.293,1764406619999,1746334.66790,478,5.287,478572.64340,0
1764406620000,90521.90,90551.50,90521.90,90549.70,16.029,1764406679999,1451178.59580,699,11.502,1041324.12040,0
1764406680000,90549.60,90567.90,90549.60,90567.90,12.968,1764406739999,1174368.90060,460,10.290,931831.71550,0
1764406740000,90567.90,90594.80,90567.80,90592.60,23.266,1764406799999,2107455.74350,774,18.450,1671174.56080,0
1764406800000,90592.60,90606.30,90588.30,90604.10,21.815,1764406859999,1976394.95010,800,17.076,1547037.08620,0
1764406860000,90604.10,90612.50,90566.40,90571.70,50.819,1764406919999,4603644.28700,1515,25.688,2326952.48330,0
1764406920000,90571.70,90590.30,90571.70,90590.20,12.067,1764406979999,1093037.58540,628,4.661,422195.45340,0
1764406980000,90590.20,90590.80,90580.00,90585.40,12.750,1764407039999,1154988.23970,416,4.412,399674.98700,0
1764407040000,90585.50,90631.80,90585.40,90604.50,37.871,1764407099999,3431546.67140,1101,32.800,2972076.69340,0
1764407100000,90604.50,90631.60,90590.40,90590.40,20.610,1764407159999,1867492.63160,908,8.381,759393.21990,0
1764407160000,90590.30,90614.80,90583.60,90614.80,16.796,1764407219999,1521662.36340,641,9.158,829636.48280,0
1764407220000,90614.80,90622.70,90557.70,90557.80,20.332,1764407279999,1841927.64350,1005,3.936,356637.92010,0
1764407280000,90557.70,90557.70,90481.10,90481.10,47.675,1764407339999,4315388.10650,1601,4.446,402420.67950,0
1764407340000,90481.10,90487.40,90467.90,90481.70,60.145,1764407399999,5441655.02350,1551,29.015,2625107.19830,0
1764407400000,90481.60,90527.30,90481.60,90527.20,24.549,1764407459999,2221638.17470,1011,16.352,1479818.35770,0
1764407460000,90527.20,90568.90,90527.20,90562.10,22.091,1764407519999,2000476.90780,878,13.708,1241334.92540,0
1764407520000,90562.00,90562.00,90544.30,90550.60,19.439,1764407579999,1760226.58830,571,2.487,225192.24520,0
1764407580000,90550.50,90559.00,90528.10,90533.90,21.050,1764407639999,1905885.74660,770,5.546,502112.37260,0
1764407640000,90534.00,90550.00,90533.90,90549.90,11.120,1764407699999,1006897.34600,360,6.306,570998.74840,0
1764407700000,90549.90,90558.90,90537.00,90537.00,21.178,1764407759999,1917646.36490,560,2.218,200828.86690,0
1764407760000,90537.00,90563.30,90521.10,90563.30,26.476,1764407819999,2397415.00260,850,14.716,1332581.00160,0
1764407820000,90563.20,90593.50,90563.10,90570.20,29.639,1764407879999,2684673.30830,898,18.662,1690404.05250,0
1764407880000,90570.20,90570.20,90537.60,90552.10,15.295,1764407939999,1384982.26680,820,7.801,706385.99850,0
1764407940000,90552.10,90556.30,90542.50,90545.00,10.058,1764407999999,910721.67870,472,4.587,415336.07420,0
1764408000000,90545.10,90545.10,90496.60,90496.70,20.686,1764408059999,1872311.93130,897,2.804,253766.60330,0
1764408060000,90496.60,90517.50,90496.60,90497.40,11.233,1764408119999,1016663.62020,634,5.680,514072.21160,0
1764408120000,90497.30,90510.00,90484.10,90510.00,20.195,1764408179999,1827634.53270,862,8.976,812360.14120,0
1764408180000,90510.00,90526.50,90509.90,90516.10,9.708,1764408239999,878769.08720,458,4.879,441634.70850,0
1764408240000,90516.00,90531.70,90516.00,90519.70,12.107,1764408299999,1095955.84650,499,7.353,665616.68680,0
1764408300000,90519.70,90550.00,90519.70,90549.90,14.405,1764408359999,1304090.01450,739,11.038,999254.86330,0
1764408360000,90550.00,90558.40,90549.90,90558.40,4.894,1764408419999,443175.82080,310,3.850,348636.72670,0
1764408420000,90558.40,90571.60,90554.60,90554.70,13.322,1764408479999,1206539.57570,530,9.738,881949.33640,0
1764408480000,90554.60,90554.60,90500.70,90500.80,22.262,1764408539999,2015052.23040,852,1.219,110342.28300,0
1764408540000,90500.70,90503.10,90484.00,90484.00,22.159,1764408599999,2005280.41750,676,6.385,577830.78040,0
1764408600000,90484.10,90495.40,90479.80,90484.20,31.703,1764408659999,2868701.21850,957,5.866,530800.76330,0
1764408660000,90484.20,90493.90,90461.60,90464.70,24.616,1764408719999,2227030.55770,908,6.782,613593.07340,0
1764408720000,90464.80,90507.60,90464.70,90507.60,18.728,1764408779999,1694607.76170,821,12.216,1105420.95850,0
1764408780000,90507.50,90526.80,90507.50,90517.80,25.825,1764408839999,2337636.94890,810,16.842,1524497.29000,0
1764408840000,90517.70,90517.70,90486.00,90488.30,12.682,1764408899999,1147659.02720,691,3.856,348937.46510,0
1764408900000,90488.20,90488.30,90455.50,90475.60,38.566,1764408959999,3488814.44950,1062,4.532,409974.46800,0
1764408960000,90475.70,90508.00,90475.50,90507.90,13.615,1764409019999,1231985.88180,645,8.223,744108.77670,0
1764409020000,90507.80,90525.00,90507.80,90519.90,15.976,1764409079999,1446082.48290,738,11.379,1029957.77840,0
1764409080000,90519.90,90535.60,90519.80,90535.20,13.177,1764409139999,1192900.36270,533,10.802,977886.04750,0
1764409140000,90535.20,90543.30,90512.40,90512.40,7.549,1764409199999,683388.40910,556,3.014,272857.90390,0
1764409200000,90512.40,90525.20,90504.00,90504.00,12.088,1764409259999,1094096.27670,686,3.422,309738.20370,0
1764409260000,90504.10,90523.70,90485.90,90523.60,8.123,1764409319999,735104.40330,751,4.152,375757.73320,0
1764409320000,90523.70,90541.90,90523.70,90529.80,16.915,1764409379999,1531442.42760,543,8.727,790108.89770,0
1764409380000,90529.90,90550.80,90529.80,90535.40,11.929,1764409439999,1080040.20130,649,8.302,751651.05780,0
1764409440000,90535.40,90543.90,90535.30,90540.50,9.019,1764409499999,816573.96460,506,5.577,504937.49960,0
1764409500000,90540.60,90557.70,90535.40,90535.40,32.351,1764409559999,2929167.15050,988,27.868,2523243.14150,0
1764409560000,90535.40,90535.40,90527.60,90527.70,7.267,1764409619999,657869.40740,232,4.801,434623.63620,0
1764409620000,90527.60,90533.40,90514.00,90533.40,20.805,1764409679999,1883234.60460,577,14.483,1310941.61890,0
1764409680000,90533.40,90553.80,90533.40,90547.70,14.650,1764409739999,1326501.64810,601,13.179,1193307.01150,0
1764409740000,90547.60,90579.90,90545.20,90563.60,50.737,1764409799999,4595205.74700,1310,26.093,2363125.40930,0
1764409800000,90563.50,90563.60,90538.60,90551.80,30.335,1764409859999,2746839.24950,670,11.052,1000740.92960,0
1764409860000,90551.90,90573.80,90546.00,90572.70,14.391,1764409919999,1303178.72680,582,11.135,1008331.59250,0
1764409920000,90572.70,90572.70,90561.10,90561.20,9.781,1764409979999,885864.54680,341,2.455,222347.89780,0
1764409980000,90561.10,90561.20,90546.40,90561.20,18.246,1764410039999,1652228.13610,562,5.727,518585.47250,0
1764410040000,90561.10,90561.20,90533.40,90533.50,22.893,1764410099999,2072985.43900,519,1.987,179907.98210,0
1764410100000,90533.50,90546.20,90533.50,90533.90,11.488,1764410159999,1040162.62070,414,8.143,737292.12160,0
1764410160000,90533.80,90533.80,90523.70,90523.70,20.412,1764410219999,1847772.55420,331,0.938,84911.85570,0
1764410220000,90523.80,90523.80,90513.40,90516.90,16.454,1764410279999,1489378.67120,546,3.602,326037.72000,0
1764410280000,90516.90,90518.90,90516.80,90516.90,10.947,1764410339999,990901.95340,264,2.424,219416.65830,0
1764410340000,90516.80,90518.20,90516.80,90518.10,4.374,1764410399999,395923.55480,188,2.085,188728.61320,0
1764410400000,90518.10,90518.20,90500.00,90500.10,9.881,1764410459999,894361.68970,479,1.442,130524.61570,0
1764410460000,90500.10,90518.40,90500.00,90515.50,9.418,1764410519999,852399.05380,428,3.054,276411.31320,0
1764410520000,90515.50,90515.60,90495.00,90505.10,12.447,1764410579999,1126444.30990,593,4.149,375490.35530,0
1764410580000,90505.20,90543.60,90505.20,90537.40,14.120,1764410639999,1278307.87510,668,10.813,978901.25430,0
1764410640000,90537.40,90537.40,90506.80,90506.90,11.838,1764410699999,1071647.34170,553,2.476,224127.96730,0
1764410700000,90506.80,90533.20,90489.10,90533.20,16.796,1764410759999,1520128.58500,1066,12.111,1096131.59060,0
1764410760000,90533.20,90536.40,90520.20,90535.20,15.906,1764410819999,1439880.14730,605,12.875,1165486.50390,0
1764410820000,90535.10,90548.00,90503.40,90503.40,19.405,1764410879999,1756702.72180,955,10.796,977418.66130,0
1764410880000,90503.40,90503.50,90455.00,90469.80,113.768,1764410939999,10293308.29650,1359,7.819,707367.57140,0
1764410940000,90469.80,90512.30,90469.80,90512.30,27.399,1764410999999,2479530.31120,733,21.157,1914627.82910,0
1764411000000,90512.30,90526.00,90512.20,90526.00,23.617,1764411059999,2137792.81570,507,17.898,1620114.02460,0
1764411060000,90526.00,90592.10,90526.00,90592.00,47.711,1764411119999,4321015.08960,1448,37.000,3350866.14210,0
1764411120000,90592.10,90592.10,90571.50,90571.50,15.225,1764411179999,1379101.85270,520,6.267,567705.98400,0
1764411180000,90571.50,90571.50,90535.20,90535.20,22.668,1764411239999,2052493.01260,930,11.523,1043330.75330,0
1764411240000,90535.20,90535.20,90525.50,90531.80,6.781,1764411299999,613877.92680,325,4.968,449745.88460,0
1764411300000,90531.70,90561.30,90531.70,90555.40,13.292,1764411359999,1203588.96820,789,10.745,972953.02300,0
1764411360000,90555.40,90555.40,90527.30,90527.40,7.349,1764411419999,665333.91540,465,3.105,281097.54860,0
1764411420000,90527.30,90527.40,90501.50,90501.50,14.739,1764411479999,1334052.94600,736,3.806,344485.96560,0
1764411480000,90501.50,90509.70,90420.00,90435.30,158.495,1764411539999,14335178.93660,2995,25.954,2347301.07050,0
1764411540000,90435.30,90453.00,90409.50,90409.50,69.974,1764411599999,6328204.50030,1845,19.742,1785395.23420,0
1764411600000,90409.50,90412.50,90335.20,90400.90,210.553,1764411659999,19027540.06050,4175,44.517,4023268.25140,0
1764411660000,90400.90,90432.30,90387.60,90432.30,45.958,1764411719999,4154971.15390,1993,24.437,2209259.05230,0
1764411720000,90432.30,90443.00,90411.90,90411.90,21.115,1764411779999,1909388.98250,1225,12.181,1101485.16700,0
1764411780000,90412.00,90457.50,90411.90,90457.50,9.179,1764411839999,830155.69470,758,5.919,535324.70630,0
1764411840000,90457.40,90500.00,90457.40,90499.90,45.817,1764411899999,4145515.73960,1074,39.959,3615493.07800,0
1764411900000,90499.90,90539.40,90499.90,90517.20,35.957,1764411959999,3254990.31980,1273,24.125,2183867.98750,0
1764411960000,90517.30,90539.90,90517.30,90539.80,20.947,1764412019999,1896427.49060,632,9.680,876375.36440,0
1764412020000,90539.80,90573.50,90539.80,90555.40,51.098,1764412079999,4627158.50550,1458,10.765,974811.74270,0
1764412080000,90555.30,90563.90,90530.00,90537.50,19.807,1764412139999,1793494.35370,805,9.370,848469.52290,0
1764412140000,90537.50,90557.90,90532.00,90532.00,46.029,1764412199999,4167915.02080,1119,19.183,1737023.52890,0
1764412200000,90531.90,90591.40,90531.90,90591.40,47.301,1764412259999,4283975.08780,1235,43.019,3896145.09770,0
1764412260000,90591.40,90591.40,90575.90,90576.00,25.022,1764412319999,2266569.47400,765,13.509,1223697.95370,0
1764412320000,90576.00,90576.00,90552.00,90565.70,24.026,1764412379999,2175792.86020,715,15.597,1412479.94000,0
1764412380000,90565.70,90573.00,90550.00,90573.00,9.528,1764412439999,862845.98250,530,6.060,548800.21590,0
1764412440000,90572.90,90573.00,90537.50,90537.60,5.440,1764412499999,492607.11570,505,2.267,205278.65400,0
1764412500000,90537.50,90559.90,90537.50,90559.90,13.123,1764412559999,1188320.29090,481,9.992,904812.93950,0
1764412560000,90559.80,90567.40,90542.30,90567.30,12.728,1764412619999,1152593.83000,784,8.778,794907.88290,0
1764412620000,90567.40,90567.40,90539.20,90541.20,9.967,1764412679999,902474.28250,487,4.941,447378.61690,0
1764412680000,90541.20,90555.60,90537.10,90549.00,12.583,1764412739999,1139359.90400,568,6.676,604484.32630,0
1764412740000,90549.00,90555.60,90549.00,90555.60,10.789,1764412799999,976959.60770,261,6.583,596096.82320,0
1764412800000,90555.60,90565.20,90544.50,90554.90,19.264,1764412859999,1744539.24880,804,3.663,331711.38660,0
1764412860000,90555.00,90555.00,90544.50,90554.90,12.713,1764412919999,1151162.92440,496,4.833,437619.82330,0
1764412920000,90554.90,90569.20,90554.80,90554.90,18.068,1764412979999,1636195.91660,604,10.902,987261.98390,0
1764412980000,90554.90,90579.00,90552.00,90578.90,10.639,1764413039999,963530.18070,538,6.112,553562.81470,0
1764413040000,90579.00,90579.00,90560.90,90564.00,23.469,1764413099999,2125511.10300,646,12.631,1143906.83520,0
1764413100000,90563.80,90590.00,90554.30,90580.10,33.123,1764413159999,2999952.08380,936,23.636,2140635.98580,0
1764413160000,90580.20,90610.00,90573.80,90573.80,38.231,1764413219999,3463553.33290,1223,22.307,2020896.44240,0
1764413220000,90573.90,90573.90,90528.50,90530.30,19.430,1764413279999,1759324.01960,806,2.115,191487.02260,0
1764413280000,90530.20,90539.00,90517.40,90517.40,17.598,1764413339999,1593126.38290,682,8.152,738012.86990,0
1764413340000,90517.30,90517.30,90517.10,90517.10,20.227,1764413399999,1830891.46410,333,5.314,481008.68830,0
1764413400000,90517.10,90517.20,90517.10,90517.10,14.089,1764413459999,1275295.79430,216,3.724,337086.05280,0
1764413460000,90517.10,90530.80,90517.10,90530.70,12.623,1764413519999,1142702.42880,484,8.385,759052.66510,0
1764413520000,90530.80,90547.10,90530.70,90547.10,9.975,1764413579999,903099.74180,471,6.940,628318.19120,0
1764413580000,90547.20,90555.30,90524.00,90524.00,10.865,1764413639999,983799.21560,546,3.428,310410.11830,0
1764413640000,90524.00,90524.10,90486.40,90487.10,41.584,1764413699999,3763302.36460,1170,5.232,473472.67300,0
1764413700000,90487.10,90515.10,90487.10,90515.00,13.948,1764413759999,1262276.66580,488,9.589,867792.96280,0
1764413760000,90515.00,90519.00,90515.00,90519.00,5.568,1764413819999,503991.94880,227,2.444,221220.73710,0
1764413820000,90518.90,90541.40,90518.90,90529.20,13.277,1764413879999,1202003.17700,576,6.250,565818.65870,0
1764413880000,90529.20,90540.10,90527.30,90540.10,12.686,1764413939999,1148489.83420,385,7.961,720731.91000,0
1764413940000,90540.10,90540.10,90510.20,90510.20,13.224,1764413999999,1197147.22720,495,2.721,246307.84930,0
1764414000000,90510.20,90516.60,90486.20,90516.60,31.059,1764414059999,2810789.06790,988,21.926,1984286.60090,0
1764414060000,90516.60,90526.40,90501.10,90526.40,22.110,1764414119999,2001213.35460,716,13.883,1256590.64240,0
1764414120000,90526.40,90526.40,90507.00,90507.00,10.392,1764414179999,940618.01560,458,4.695,424941.32910,0
1764414180000,90506.80,90515.00,90506.70,90513.70,5.791,1764414239999,524144.40890,319,3.082,278948.94380,0
1764414240000,90513.80,90518.70,90501.10,90501.10,6.842,1764414299999,619311.15920,386,2.044,185015.11070,0
1764414300000,90501.00,90501.00,90453.10,90457.10,53.446,1764414359999,4834937.80970,1451,21.960,1986436.84780,0
1764414360000,90457.00,90465.30,90457.00,90465.20,16.747,1764414419999,1514962.87430,373,10.836,980239.73130,0
1764414420000,90465.30,90481.20,90443.00,90450.00,38.114,1764414479999,3447613.24000,1340,14.637,1324098.46660,0
1764414480000,90450.00,90450.10,90414.00,90418.60,43.373,1764414539999,3922007.83000,1188,16.951,1532721.60860,0
1764414540000,90418.60,90456.40,90418.50,90456.30,14.749,1764414599999,1334018.04130,720,11.651,1053794.93200,0
1764414600000,90456.30,90513.10,90456.30,90512.70,25.116,1764414659999,2272765.92430,1086,23.040,2084947.11370,0
1764414660000,90512.70,90565.60,90509.50,90557.80,56.184,1764414719999,5087193.36880,1391,39.191,3548753.16840,0
1764414720000,90557.80,90575.30,90557.70,90571.20,31.072,1764414779999,2814181.53740,661,19.951,1806930.41180,0
1764414780000,90571.20,90571.20,90543.80,90547.10,19.838,1764414839999,1796381.20490,758,2.962,268211.78090,0
1764414840000,90547.20,90558.70,90547.20,90558.70,7.955,1764414899999,720382.73330,309,5.377,486922.66250,0
1764414900000,90558.70,90575.90,90558.60,90575.90,18.991,1764414959999,1719957.94440,492,14.107,1277661.27080,0
1764414960000,90575.90,90575.90,90523.50,90532.40,18.483,1764415019999,1673469.98680,1143,4.546,411564.78550,0
1764415020000,90532.50,90532.50,90507.60,90512.10,15.795,1764415079999,1429659.05250,582,5.263,476367.67110,0
1764415080000,90512.20,90523.10,90512.20,90520.10,7.022,1764415139999,635632.68540,325,4.523,409418.75970,0
1764415140000,90520.20,90529.80,90500.00,90500.00,6.546,1764415199999,592527.45750,538,3.060,276994.99450,0
1764415200000,90500.00,90500.10,90487.00,90487.10,27.154,1764415259999,2457319.07030,449,0.834,75469.92810,0
1764415260000,90487.10,90525.10,90487.00,90517.80,21.278,1764415319999,1925853.84160,1118,16.516,1494825.36150,0
1764415320000,90517.80,90518.70,90517.70,90518.70,12.255,1764415379999,1109297.39630,253,8.623,780536.50510,0
1764415380000,90518.70,90518.70,90518.40,90518.50,5.363,1764415439999,485450.73560,122,2.424,219416.97380,0
1764415440000,90518.40,90530.60,90482.40,90482.40,17.009,1764415499999,1539559.98270,843,8.173,739796.19340,0
1764415500000,90482.20,90483.20,90463.00,90471.50,13.621,1764415559999,1232338.34930,683,7.972,721259.94620,0
1764415560000,90471.50,90497.00,90466.40,90496.90,21.220,1764415619999,1919974.54040,685,17.088,1546108.53370,0
1764415620000,90497.00,90497.00,90481.00,90484.80,7.644,1764415679999,691693.37270,355,1.494,135189.17120,0
1764415680000,90484.80,90500.10,90484.80,90500.10,9.371,1764415739999,847998.34320,435,6.565,594084.64440,0
1764415740000,90500.10,90502.00,90500.00,90502.00,20.330,1764415799999,1839876.69360,290,18.359,1661500.09000,0
1764415800000,90502.00,90509.20,90495.50,90495.60,29.021,1764415859999,2626488.28440,622,20.913,1892693.70970,0
1764415860000,90495.60,90505.20,90451.10,90451.10,23.640,1764415919999,2138587.07390,955,8.787,794964.46850,0
1764415920000,90451.10,90472.60,90451.10,90469.80,23.145,1764415979999,2093675.71010,687,10.508,950531.81520,0
1764415980000,90469.80,90487.80,90469.80,90487.80,10.478,1764416039999,948055.80580,455,6.013,544041.51430,0
1764416040000,90487.70,90506.30,90487.70,90506.30,7.609,1764416099999,688586.29860,430,6.483,586693.77780,0
1764416100000,90506.30,90506.30,90470.00,90470.00,15.720,1764416159999,1422602.83290,555,4.551,411862.03740,0
1764416160000,90470.10,90474.40,90470.00,90470.60,18.076,1764416219999,1635341.18390,567,5.286,478227.47090,0
1764416220000,90470.60,90499.00,90470.50,90496.80,7.416,1764416279999,671098.62620,440,5.349,484039.39270,0
1764416280000,90496.80,90496.90,90489.90,90489.90,11.157,1764416339999,1009635.15140,275,8.013,725128.08270,0
1764416340000,90490.00,90535.50,90489.90,90535.40,26.721,1764416399999,2418620.84200,1918,20.258,1833649.76650,0
1764416400000,90535.40,90573.00,90535.40,90547.40,55.969,1764416459999,5068695.85030,1425,27.805,2518008.62100,0
1764416460000,90547.30,90547.40,90512.60,90527.20,48.050,1764416519999,4349955.24960,1232,10.902,986910.69390,0
1764416520000,90527.20,90588.10,90527.20,90588.00,45.543,1764416579999,4124561.26250,1121,39.278,3557097.61780,0
1764416580000,90588.00,90588.00,90568.90,90568.90,27.267,1764416639999,2469818.47060,577,9.715,879982.99110,0
1764416640000,90569.00,90569.00,90558.20,90558.30,32.746,1764416699999,2965656.56430,711,8.607,779486.88850,0
1764416700000,90558.30,90579.00,90558.20,90579.00,29.855,1764416759999,2703959.15580,1567,21.342,1932985.38830,0
1764416760000,90579.00,90579.00,90546.00,90546.00,23.735,1764416819999,2149727.98490,701,10.578,958079.13420,0
1764416820000,90546.10,90587.70,90546.00,90576.70,25.795,1764416879999,2336018.84520,967,16.556,1499351.49150,0
1764416880000,90576.70,90576.70,90548.10,90563.60,12.276,1764416939999,1111687.14900,637,5.973,540884.85630,0
1764416940000,90563.60,90563.60,90555.80,90560.00,18.051,1764416999999,1634709.18880,416,12.293,1113253.23880,0
1764417000000,90560.00,90581.00,90559.90,90576.70,30.314,1764417059999,2745614.84730,616,27.167,2460570.67450,0
1764417060000,90576.70,90597.00,90575.90,90576.00,25.514,1764417119999,2311246.41120,825,18.062,1636179.23200,0
1764417120000,90576.00,90582.50,90575.90,90582.40,15.007,1764417179999,1359308.92180,338,11.134,1008493.79710,0
1764417180000,90582.40,90600.00,90582.40,90599.90,20.101,1764417239999,1820920.29770,542,14.997,1358534.17310,0
1764417240000,90599.90,90638.10,90599.80,90624.10,81.339,1764417299999,7370862.18930,1659,59.934,5431039.33800,0
1764417300000,90624.20,90637.40,90611.30,90611.30,43.311,1764417359999,3925263.08440,922,30.369,2752393.06820,0
1764417360000,90611.30,90633.00,90611.30,90632.90,25.063,1764417419999,2271127.05970,618,15.305,1386897.12320,0
1764417420000,90632.90,90645.60,90624.60,90642.50,43.811,1764417479999,3970831.05510,832,33.736,3057707.93080,0
1764417480000,90642.60,90642.60,90624.60,90624.60,16.285,1764417539999,1475991.03340,434,4.971,450535.12570,0
1764417540000,90624.60,90638.80,90624.60,90633.70,25.131,1764417599999,2277598.04480,500,21.460,1944892.73210,0
1764417600000,90633.80,90633.80,90597.80,90597.80,41.925,1764417659999,3798971.77200,761,7.678,695814.46640,0
1764417660000,90597.80,90646.70,90597.80,90646.70,36.199,1764417719999,3280197.12070,1111,25.296,2292347.88590,0
1764417720000,90646.60,90669.40,90646.60,90646.60,69.793,1764417779999,6327076.66070,1210,39.317,3564264.20260,0
1764417780000,90646.60,90650.00,90646.60,90650.00,16.998,1764417839999,1540825.50300,395,9.100,824893.84810,0
1764417840000,90649.90,90650.00,90633.80,90650.00,15.726,1764417899999,1425373.80630,698,7.668,695017.39690,0
1764417900000,90649.90,90672.70,90649.90,90666.10,48.937,1764417959999,4436939.56200,994,33.577,3044286.29050,0
1764417960000,90666.10,90696.00,90666.00,90694.50,73.895,1764418019999,6701146.22840,1251,65.419,5932483.30720,0
1764418020000,90694.50,90747.30,90694.40,90733.40,111.682,1764418079999,10131686.26150,2416,84.583,7673103.82070,0
1764418080000,90733.30,90733.40,90701.50,90701.50,61.500,1764418139999,5579278.43000,2319,28.664,2600417.32910,0
1764418140000,90701.50,90769.30,90701.50,90744.60,98.264,1764418199999,8917567.18350,2311,72.629,6591114.32580,0
1764418200000,90744.50,90744.50,90716.00,90716.10,31.887,1764418259999,2893248.22650,1023,13.616,1235403.67730,0
1764418260000,90716.00,90716.10,90702.40,90712.70,26.684,1764418319999,2420482.96150,745,11.395,1033636.67460,0
1764418320000,90712.70,90712.70,90643.00,90643.10,55.631,1764418379999,5044886.95320,1508,8.099,734381.18220,0
1764418380000,90643.00,90663.60,90642.40,90663.50,49.832,1764418439999,4517438.22700,848,38.246,3467109.55940,0
1764418440000,90663.50,90663.60,90608.50,90608.50,28.166,1764418499999,2552882.08640,1071,1.862,168792.05630,0
1764418500000,90608.50,90622.00,90562.50,90580.90,59.316,1764418559999,5373272.47310,1882,13.815,1251588.39000,0
1764418560000,90580.90,90614.20,90562.10,90614.20,54.390,1764418619999,4926648.37520,1561,12.552,1137033.64330,0
1764418620000,90614.10,90625.70,90585.00,90585.00,22.389,1764418679999,2028502.58300,723,6.726,609422.52710,0
1764418680000,90585.00,90587.70,90550.00,90558.20,39.098,1764418739999,3541126.13790,1074,18.646,1688660.21020,0
1764418740000,90558.30,90577.40,90558.20,90577.30,16.299,1764418799999,1476226.62380,533,6.372,577124.20950,0
1764418800000,90577.30,90600.00,90577.30,90599.90,12.334,1764418859999,1117370.60010,479,7.660,693928.28560,0
1764418860000,90599.90,90599.90,90534.00,90540.30,34.701,1764418919999,3142273.06190,1188,9.901,896465.84750,0
1764418920000,90540.20,90568.30,90534.00,90534.00,20.183,1764418979999,1827703.60290,947,11.595,1050039.56380,0
1764418980000,90534.10,90538.70,90526.20,90531.00,26.491,1764419039999,2398292.36610,621,7.734,700171.88960,0
1764419040000,90531.00,90538.30,90530.00,90530.00,18.213,1764419099999,1648889.73860,467,8.298,751255.49960,0
1764419100000,90530.10,90530.10,90522.10,90522.10,17.827,1764419159999,1613755.33820,364,9.947,900427.20280,0
1764419160000,90522.20,90522.20,90515.00,90515.00,22.768,1764419219999,2060937.42960,441,9.658,874235.76150,0
1764419220000,90515.00,90527.20,90515.00,90523.50,41.029,1764419279999,3713999.88130,712,30.117,2726199.34220,0
1764419280000,90523.60,90538.20,90503.90,90513.50,49.937,1764419339999,4520354.45810,1223,12.529,1134172.93630,0
1764419340000,90513.50,90513.60,90508.40,90508.50,12.884,1764419399999,1166130.16290,367,3.026,273881.66090,0
1764419400000,90508.50,90510.20,90484.30,90507.30,49.606,1764419459999,4489308.16510,1399,20.168,1825160.91630,0
1764419460000,90507.30,90517.20,90507.20,90517.20,18.777,1764419519999,1699523.08710,465,16.004,1448534.47420,0
1764419520000,90517.20,90550.00,90517.20,90538.10,25.115,1764419579999,2273896.11570,791,21.367,1934548.12480,0
1764419580000,90538.20,90576.50,90538.10,90576.50,46.446,1764419639999,4205623.28730,965,44.806,4057108.40530,0
1764419640000,90576.50,90576.50,90568.80,90568.90,7.155,1764419699999,648024.40570,358,4.102,371514.83980,0
1764419700000,90568.90,90568.90,90544.00,90544.00,10.025,1764419759999,907858.12000,481,1.487,134655.30350,0
1764419760000,90543.70,90543.70,90503.70,90503.70,27.882,1764419819999,2523902.05930,907,5.051,457181.06320,0
1764419820000,90503.80,90537.30,90503.80,90531.60,13.134,1764419879999,1188934.29250,632,6.914,625862.79760,0
1764419880000,90531.60,90556.10,90531.60,90555.30,13.523,1764419939999,1224516.20630,569,10.487,949599.43580,0
1764419940000,90555.30,90560.00,90546.20,90546.30,12.447,1764419999999,1127123.11360,452,5.707,516786.59520,0
1764420000000,90546.30,90570.20,90546.20,90570.20,9.738,1764420059999,881772.81270,487,5.690,515235.62020,0
1764420060000,90570.10,90575.90,90566.10,90566.20,13.718,1764420119999,1242481.48230,429,7.511,680301.63160,0
1764420120000,90566.10,90566.20,90546.80,90556.30,7.773,1764420179999,703861.41470,461,3.904,353511.27550,0
1764420180000,90556.40,90583.30,90556.30,90583.20,8.212,1764420239999,743745.14310,457,5.768,522402.21240,0
1764420240000,90583.30,90583.30,90574.40,90582.50,9.763,1764420299999,884327.24620,379,4.933,446823.68940,0
1764420300000,90582.50,90582.50,90582.30,90582.40,4.995,1764420359999,452458.93570,198,3.251,294483.38850,0
1764420360000,90582.30,90582.40,90567.00,90567.00,13.188,1764420419999,1194545.00690,385,2.373,214930.30220,0
1764420420000,90567.00,90638.10,90567.00,90634.90,42.503,1764420479999,3851295.73770,1451,37.194,3370166.59890,0
1764420480000,90634.90,90643.30,90622.90,90622.90,22.489,1764420539999,2038302.37850,661,12.188,1104661.42940,0
1764420540000,90623.00,90623.00,90606.00,90606.00,27.548,1764420599999,2496186.81920,507,3.745,339352.11660,0
1764420600000,90606.00,90606.20,90589.60,90606.20,11.319,1764420659999,1025508.96620,613,4.251,385131.10530,0
1764420660000,90606.10,90606.20,90606.10,90606.10,5.343,1764420719999,484108.66580,300,2.735,247807.95700,0
1764420720000,90606.20,90654.90,90606.10,90654.80,23.081,1764420779999,2091916.87680,919,16.345,1481407.70660,0
1764420780000,90654.80,90676.30,90651.70,90651.80,36.832,1764420839999,3339409.93750,965,27.632,2505291.03150,0
1764420840000,90651.80,90651.80,90648.20,90648.20,9.811,1764420899999,889355.56430,315,4.506,408461.75650,0
1764420900000,90648.30,90648.30,90617.10,90617.10,17.888,1764420959999,1621220.55330,633,5.105,462727.69510,0
1764420960000,90617.10,90617.20,90601.40,90601.40,11.727,1764421019999,1062533.13160,465,3.221,291835.70690,0
1764421020000,90601.40,90601.50,90591.60,90595.00,10.164,1764421079999,920808.54360,486,4.752,430499.44260,0
1764421080000,90594.90,90595.00,90590.70,90590.70,6.241,1764421139999,565392.89180,232,2.736,247866.21060,0
1764421140000,90590.70,90590.80,90572.50,90572.50,8.644,1764421199999,783021.92570,459,3.414,309267.09120,0
1764421200000,90572.60,90572.60,90548.00,90548.00,38.212,1764421259999,3460420.13530,981,3.976,360073.85890,0
1764421260000,90548.10,90601.60,90548.10,90591.10,33.189,1764421319999,3006518.07750,1137,28.311,2564608.72050,0
1764421320000,90591.10,90594.00,90580.90,90594.00,14.328,1764421379999,1297927.35480,555,6.905,625493.20580,0
1764421380000,90594.00,90623.10,90593.90,90623.10,22.459,1764421439999,2034894.13150,949,15.264,1382984.56970,0
1764421440000,90623.00,90639.30,90623.00,90634.80,24.712,1764421499999,2239753.34060,620,13.458,1219717.78720,0
1764421500000,90634.80,90650.00,90632.50,90638.30,16.731,1764421559999,1516457.56630,597,10.604,961114.62820,0
1764421560000,90638.40,90638.40,90603.20,90603.30,15.015,1764421619999,1360592.22620,597,4.115,372872.21890,0
1764421620000,90603.20,90603.20,90581.10,90590.70,12.701,1764421679999,1150566.68660,555,5.188,469950.83220,0
1764421680000,90590.70,90609.40,90581.00,90605.10,20.721,1764421739999,1877165.45540,727,5.691,515559.06200,0
1764421740000,90605.20,90605.20,90574.10,90574.20,22.690,1764421799999,2055520.51400,566,4.187,379278.18450,0
1764421800000,90574.20,90600.00,90574.10,90599.90,9.143,1764421859999,828235.48360,483,5.807,526031.21040,0
1764421860000,90600.00,90600.00,90597.60,90597.70,10.422,1764421919999,944217.83890,235,8.631,781955.30600,0
1764421920000,90597.70,90597.70,90576.40,90576.40,12.563,1764421979999,1137998.63780,430,2.921,264579.85670,0
1764421980000,90576.50,90576.50,90576.40,90576.50,16.338,1764422039999,1479838.43380,289,12.106,1096519.10900,0
1764422040000,90576.50,90576.50,90567.70,90573.60,13.648,1764422099999,1236106.37870,350,9.413,852542.54060,0
1764422100000,90573.70,90582.90,90573.60,90573.90,11.467,1764422159999,1038674.15780,408,3.872,350720.93410,0
1764422160000,90573.80,90573.90,90543.80,90552.50,35.751,1764422219999,3237421.37100,1085,11.053,1000866.97740,0
1764422220000,90552.60,90575.20,90552.50,90567.60,17.440,1764422279999,1579422.30160,641,12.069,1092965.89240,0
1764422280000,90567.60,90598.50,90567.60,90588.70,13.935,1764422339999,1262328.39690,792,9.930,899515.37750,0
1764422340000,90588.70,90613.20,90572.90,90613.10,99.430,1764422399999,9007551.35900,1318,92.893,8415358.81470,0
1764422400000,90613.20,90690.80,90613.20,90690.10,131.341,1764422459999,11907692.19330,2131,98.396,8920336.75510,0
1764422460000,90690.10,90719.80,90672.00,90672.00,62.191,1764422519999,5640647.50460,1780,41.593,3772543.41820,0
1764422520000,90672.10,90672.10,90669.40,90669.80,17.457,1764422579999,1582832.00840,399,4.865,441112.31570,0
1764422580000,90669.80,90669.80,90653.00,90653.00,13.309,1764422639999,1206558.37430,439,3.947,357828.83150,0
1764422640000,90653.10,90657.90,90641.70,90645.30,15.621,1764422699999,1416045.10910,690,10.650,965426.46950,0
1764422700000,90645.40,90676.60,90645.40,90676.60,17.937,1764422759999,1625992.01560,566,14.042,1272917.99730,0
1764422760000,90676.60,90689.80,90668.70,90668.70,11.582,1764422819999,1050298.10130,596,4.734,429303.89260,0
1764422820000,90668.80,90668.80,90668.70,90668.80,8.884,1764422879999,805501.04140,222,3.106,281617.29280,0
1764422880000,90668.80,90750.60,90666.30,90743.80,127.708,1764422939999,11584073.18870,2585,82.039,7442065.12340,0
1764422940000,90743.80,90743.80,90716.90,90726.90,62.410,1764422999999,5662436.24330,1167,22.611,2051540.02830,0
1764423000000,90726.90,90769.80,90726.90,90744.20,61.740,1764423059999,5602887.65120,1765,50.434,4576870.90850,0
1764423060000,90744.30,90766.00,90704.60,90704.60,93.006,1764423119999,8439251.79970,1860,28.164,2555807.77000,0
1764423120000,90704.70,90704.70,90681.40,90688.70,54.475,1764423179999,4940501.91740,1005,5.433,492728.11590,0
1764423180000,90688.80,90714.70,90688.70,90707.70,16.258,1764423239999,1474711.71750,623,10.400,943349.87180,0
1764423240000,90707.60,90724.70,90700.00,90724.50,30.153,1764423299999,2735305.54790,812,20.909,1896696.45020,0
1764423300000,90724.60,90724.60,90657.10,90657.20,36.151,1764423359999,3278438.42700,1249,6.804,616975.85110,0
1764423360000,90657.20,90677.90,90657.10,90677.80,16.801,1764423419999,1523375.83790,533,9.258,839411.50250,0
1764423420000,90677.70,90677.70,90660.70,90660.70,8.800,1764423479999,797863.10220,290,1.603,145331.21740,0
1764423480000,90660.80,90665.00,90634.80,90665.00,18.534,1764423539999,1680127.41720,973,6.655,603278.23070,0
1764423540000,90665.00,90672.00,90664.90,90671.90,8.274,1764423599999,750200.75160,241,6.392,579556.33340,0
1764423600000,90671.90,90677.80,90664.90,90664.90,12.998,1764423659999,1178579.71040,418,4.305,390357.74470,0
1764423660000,90664.90,90668.30,90657.00,90668.30,12.041,1764423719999,1091682.68160,369,6.200,562103.33810,0
1764423720000,90668.30,90705.50,90668.20,90694.40,29.284,1764423779999,2655720.18320,843,21.621,1960725.62900,0
1764423780000,90693.80,90693.90,90685.00,90690.20,18.051,1764423839999,1637008.75320,354,15.038,1363764.61730,0
1764423840000,90690.20,90713.50,90690.10,90697.70,33.251,1764423899999,3015904.67370,755,28.173,2555321.21470,0
1764423900000,90697.70,90730.50,90697.70,90721.80,90.077,1764423959999,8171120.37130,1608,78.479,7118953.33870,0
1764423960000,90721.80,90734.60,90701.40,90701.40,27.693,1764424019999,2512393.42630,854,13.465,1221625.20550,0
1764424020000,90701.40,90709.80,90701.40,90709.70,12.199,1764424079999,1106508.85870,351,8.153,739511.09910,0
1764424080000,90709.80,90729.50,90709.80,90727.70,19.793,1764424139999,1795683.05590,512,16.797,1523869.05300,0
1764424140000,90727.70,90740.70,90727.70,90730.90,34.908,1764424199999,3167209.21170,745,25.331,2298290.33530,0
1764424200000,90730.90,90758.10,90730.90,90751.40,34.188,1764424259999,3102310.13170,868,21.960,1992634.54560,0
1764424260000,90751.30,90768.50,90729.40,90729.50,49.650,1764424319999,4505777.55160,1097,25.365,2302022.45160,0
1764424320000,90729.50,90762.50,90729.40,90762.50,38.790,1764424379999,3520308.38550,760,26.290,2385891.43290,0
1764424380000,90762.50,90762.50,90747.40,90747.40,17.409,1764424439999,1579909.65970,459,5.874,533058.53200,0
1764424440000,90747.40,90747.40,90740.00,90746.00,9.189,1764424499999,833842.16570,347,4.933,447633.60440,0
1764424500000,90746.00,90757.90,90746.00,90749.80,33.721,1764424559999,3060269.82850,602,26.526,2407295.63080,0
1764424560000,90749.80,90749.90,90740.00,90747.40,18.591,1764424619999,1687060.41070,519,7.850,712355.17690,0
1764424620000,90747.50,90755.10,90747.40,90755.00,9.769,1764424679999,886569.53560,300,7.423,673660.65570,0
1764424680000,90755.00,90755.00,90717.40,90724.90,46.101,1764424739999,4183030.97110,874,8.405,762592.03440,0
1764424740000,90724.80,90741.60,90724.80,90738.50,10.635,1764424799999,964950.99160,430,5.005,454123.76290,0
1764424800000,90738.50,90738.50,90687.20,90687.20,42.698,1764424859999,3872975.05480,1046,5.228,474221.65160,0
1764424860000,90687.20,90700.00,90682.20,90682.20,19.390,1764424919999,1758505.78190,759,10.393,942544.65100,0
1764424920000,90682.20,90693.50,90682.20,90685.80,17.873,1764424979999,1620844.67340,441,12.203,1106636.66670,0
1764424980000,90685.90,90700.00,90681.30,90688.10,19.021,1764425039999,1725047.56790,836,10.422,945186.80810,0
1764425040000,90688.20,90695.70,90682.00,90686.40,23.741,1764425099999,2153031.44800,694,9.133,828240.59590,0
1764425100000,90686.40,90714.00,90686.30,90714.00,24.133,1764425159999,2188951.13670,583,21.838,1980777.82450,0
1764425160000,90714.00,90714.00,90651.00,90668.20,58.064,1764425219999,5265389.12310,1481,16.417,1488428.77970,0
1764425220000,90668.20,90678.50,90668.20,90678.50,8.318,1764425279999,754227.08240,305,5.617,509310.41980,0
1764425280000,90678.40,90684.20,90666.00,90684.00,14.165,1764425339999,1284418.03930,596,6.533,592385.67060,0
1764425340000,90684.00,90693.00,90683.90,90685.70,7.513,1764425399999,681333.68930,382,3.601,326563.55270,0
1764425400000,90685.70,90685.70,90633.20,90636.30,26.040,1764425459999,2360544.34990,1059,4.781,433387.32370,0
1764425460000,90636.20,90659.50,90636.20,90640.10,23.507,1764425519999,2130794.23070,824,9.602,870355.82040,0
1764425520000,90640.00,90663.20,90640.00,90663.20,8.783,1764425579999,796174.37190,409,5.480,496758.71180,0
1764425580000,90663.20,90674.20,90654.50,90674.10,21.534,1764425639999,1952390.92610,577,5.021,455214.92110,0
1764425640000,90674.20,90695.60,90674.10,90695.60,14.692,1764425699999,1332286.60390,595,5.377,487581.84360,0
1764425700000,90695.50,90708.70,90691.50,90702.60,17.039,1764425759999,1545426.56340,637,11.176,1013645.00930,0
1764425760000,90702.60,90702.60,90671.40,90671.40,13.326,1764425819999,1208422.21010,1463,3.263,295899.67470,0
1764425820000,90671.50,90671.70,90641.60,90641.60,9.073,1764425879999,822554.58320,573,2.555,231643.82110,0
1764425880000,90641.70,90641.90,90641.60,90641.80,24.979,1764425939999,2264137.40380,316,2.133,193338.86760,0
1764425940000,90641.90,90650.00,90634.10,90634.20,26.078,1764425999999,2363853.38730,529,7.198,652457.51110,0
1764426000000,90634.10,90639.10,90613.20,90638.90,35.327,1764426059999,3201526.71200,1147,15.997,1449705.33170,0
1764426060000,90638.90,90647.50,90634.30,90647.50,22.301,1764426119999,2021381.39700,420,7.374,668382.97030,0
1764426120000,90647.40,90647.50,90645.20,90645.20,7.531,1764426179999,682665.23250,255,2.108,191084.93000,0
1764426180000,90645.20,90645.30,90612.40,90612.40,10.014,1764426239999,907528.55570,497,2.219,201103.44040,0
1764426240000,90612.40,90618.90,90612.30,90612.40,16.102,1764426299999,1459066.10960,387,8.981,813803.03530,0
1764426300000,90612.40,90632.30,90612.40,90614.00,36.880,1764426359999,3341974.79300,759,25.896,2346607.52290,0
1764426360000,90614.00,90628.80,90614.00,90617.40,22.024,1764426419999,1995890.36460,566,5.763,522250.69860,0
1764426420000,90617.30,90628.20,90614.00,90628.20,10.939,1764426479999,991283.56580,367,7.361,667060.50850,0
1764426480000,90628.20,90628.40,90628.10,90628.40,12.778,1764426539999,1158047.77190,177,11.329,1026727.41680,0
1764426540000,90628.30,90635.20,90625.90,90626.00,13.180,1764426599999,1194522.30430,445,5.867,531734.30580,0
1764426600000,90626.00,90665.50,90625.90,90658.00,29.763,1764426659999,2697952.77950,914,22.687,2056491.53790,0
1764426660000,90658.00,90658.10,90635.60,90635.90,12.145,1764426719999,1100869.40850,556,2.898,262674.20160,0
1764426720000,90635.90,90655.40,90635.90,90655.30,12.787,1764426779999,1159032.28740,398,8.784,796195.91000,0
1764426780000,90655.40,90668.20,90655.40,90668.20,26.763,1764426839999,2426455.94560,507,22.149,2008124.88050,0
1764426840000,90668.10,90673.40,90604.80,90605.50,35.430,1764426899999,3211344.41130,1114,6.007,544549.55120,0
1764426900000,90605.40,90618.20,90605.40,90615.00,22.090,1764426959999,2001625.51110,487,5.475,496101.05350,0
1764426960000,90615.00,90638.70,90614.90,90623.30,31.445,1764427019999,2849802.38150,748,12.974,1175744.23770,0
1764427020000,90623.30,90623.40,90600.00,90619.90,24.138,1764427079999,2187134.77450,861,9.631,872642.84300,0
1764427080000,90619.90,90620.00,90618.40,90618.60,7.604,1764427139999,689068.98900,290,2.792,253009.22210,0
1764427140000,90618.70,90630.00,90618.60,90619.10,11.480,1764427199999,1040375.41720,475,3.996,362132.22550,0
1764427200000,90619.10,90634.60,90618.90,90632.90,22.794,1764427259999,2065775.34250,587,18.956,1717960.78870,0
1764427260000,90632.90,90633.00,90600.70,90600.70,20.309,1764427319999,1840329.40780,791,5.211,472194.73150,0
1764427320000,90600.70,90617.70,90600.70,90610.30,13.039,1764427379999,1181434.02030,612,5.148,466449.41620,0
1764427380000,90610.30,90621.00,90590.00,90620.90,34.948,1764427439999,3166406.51160,1233,13.716,1242783.14430,0
1764427440000,90621.00,90644.40,90620.90,90626.60,15.522,1764427499999,1406801.16140,737,6.434,583121.87120,0
1764427500000,90626.50,90626.60,90603.80,90603.80,13.221,1764427559999,1198096.15620,603,2.931,265618.94100,0
1764427560000,90603.80,90619.90,90584.80,90615.40,37.605,1764427619999,3406722.45510,983,7.401,670477.03750,0
1764427620000,90615.50,90625.90,90605.90,90611.40,11.883,1764427679999,1076816.74600,634,5.498,498221.12050,0
1764427680000,90611.50,90650.00,90611.50,90650.00,10.800,1764427739999,978881.42270,700,10.111,916434.57000,0
1764427740000,90650.00,90659.00,90640.80,90653.20,30.644,1764427799999,2777864.80930,803,24.609,2230794.87240,0
1764427800000,90653.20,90653.20,90643.70,90643.90,15.627,1764427859999,1416506.33340,385,7.513,681012.47890,0
1764427860000,90644.00,90644.90,90631.50,90633.10,24.461,1764427919999,2217182.03180,516,10.638,964254.45620,0
1764427920000,90633.10,90633.10,90596.30,90612.00,25.351,1764427979999,2297128.15590,878,6.879,623265.10140,0
1764427980000,90611.90,90612.00,90603.00,90603.20,8.629,1764428039999,781843.00530,280,3.246,294113.42950,0
1764428040000,90603.30,90624.30,90603.20,90612.00,22.903,1764428099999,2075404.55390,543,6.329,573485.34010,0
1764428100000,90612.00,90612.00,90585.10,90592.40,17.245,1764428159999,1562250.08550,608,6.414,581045.87440,0
1764428160000,90592.40,90602.90,90588.10,90588.20,19.783,1764428219999,1792269.00560,561,7.929,718320.99050,0
1764428220000,90588.10,90588.20,90572.80,90578.70,36.512,1764428279999,3307286.19300,694,5.112,463043.75730,0
1764428280000,90578.70,90588.30,90573.90,90588.20,31.367,1764428339999,2841162.73910,594,23.064,2089084.31420,0
1764428340000,90588.20,90588.30,90582.20,90582.20,18.115,1764428399999,1640944.15610,271,8.758,793335.62940,0
1764428400000,90582.20,90607.50,90582.20,90607.40,18.224,1764428459999,1651004.39550,609,14.243,1290326.36010,0
1764428460000,90607.40,90632.60,90599.90,90632.60,26.598,1764428519999,2410168.17010,925,17.858,1618245.03710,0
1764428520000,90632.60,90632.90,90632.50,90632.80,14.745,1764428579999,1336379.37060,365,10.822,980827.32320,0
1764428580000,90632.90,90632.90,90595.70,90595.80,13.089,1764428639999,1186143.08860,717,1.769,160316.46870,0
1764428640000,90595.70,90612.40,90595.70,90612.30,17.324,1764428699999,1569633.80250,501,7.960,721189.37990,0
1764428700000,90612.40,90642.20,90612.30,90639.90,24.751,1764428759999,2243041.26690,1080,19.254,1744848.13300,0
1764428760000,90640.00,90650.60,90639.90,90650.50,16.296,1764428819999,1477183.16770,381,10.427,945158.86850,0
1764428820000,90650.60,90650.60,90630.40,90630.50,16.972,1764428879999,1538463.79710,628,6.579,596371.66810,0
1764428880000,90630.40,90638.60,90630.40,90632.40,13.748,1764428939999,1246060.45340,423,6.274,568642.01700,0
1764428940000,90632.40,90649.00,90632.40,90649.00,10.787,1764428999999,977712.44750,388,8.627,781938.14870,0
1764429000000,90649.00,90662.10,90649.00,90661.10,17.539,1764429059999,1590058.72370,592,9.221,835950.22990,0
1764429060000,90661.00,90678.60,90661.00,90671.70,16.270,1764429119999,1475207.08380,650,10.028,909224.63370,0
1764429120000,90671.70,90671.70,90663.80,90663.80,12.396,1764429179999,1123946.78960,333,6.633,601415.98800,0
1764429180000,90663.80,90663.80,90645.50,90649.90,8.421,1764429239999,763363.03510,437,4.405,399305.43550,0
1764429240000,90650.00,90722.20,90649.90,90714.10,48.755,1764429299999,4422296.24670,1409,36.764,3334523.13220,0
1764429300000,90714.00,90821.50,90714.00,90811.20,163.243,1764429359999,14820290.82800,3673,138.229,12549191.52590,0
1764429360000,90811.10,90940.20,90807.90,90906.90,454.164,1764429419999,41274989.73550,8094,307.931,27985667.83030,0
1764429420000,90906.90,90974.10,90900.00,90900.00,205.905,1764429479999,18725204.89000,5470,120.364,10946532.78710,0
1764429480000,90900.10,90907.50,90836.00,90871.40,105.955,1764429539999,9628369.24610,2506,59.377,5395703.06790,0
1764429540000,90871.40,90912.30,90871.40,90893.20,107.210,1764429599999,9745048.66720,2226,37.668,3423858.25760,0
1764429600000,90893.20,90923.80,90882.60,90898.90,79.989,1764429659999,7270699.88360,2814,41.949,3813058.19320,0
1764429660000,90899.00,90998.90,90898.90,90956.70,178.915,1764429719999,16275769.15820,4586,87.526,7961944.63270,0
1764429720000,90956.80,91068.10,90956.80,91008.90,493.858,1764429779999,44958279.89660,6056,370.552,33733630.75940,0
1764429780000,91008.80,91030.00,90968.60,90968.60,102.256,1764429839999,9304766.80460,3373,29.448,2679726.49580,0
1764429840000,90968.60,90968.70,90898.90,90934.00,169.955,1764429899999,15455656.70110,2483,24.339,2212906.73260,0
1764429900000,90933.90,90933.90,90844.20,90847.40,61.991,1764429959999,5633360.36480,2317,18.044,1639714.49720,0
1764429960000,90847.40,90876.90,90843.70,90843.70,71.963,1764430019999,6538635.99430,2479,44.564,4049194.90330,0
1764430020000,90843.70,90845.80,90816.50,90838.90,65.995,1764430079999,5994452.80450,1388,30.372,2758790.69380,0
1764430080000,90838.80,90846.00,90821.10,90830.00,29.313,1764430139999,2662501.49160,917,13.086,1188655.66150,0
1764430140000,90829.90,90848.00,90829.90,90835.10,25.970,1764430199999,2359189.82230,661,12.636,1147893.68120,0
1764430200000,90835.10,90893.30,90824.10,90872.20,46.469,1764430259999,4222102.15670,1831,34.451,3130251.68670,0
1764430260000,90872.30,90872.30,90831.50,90854.50,39.824,1764430319999,3618000.26250,1182,15.155,1376775.49180,0
1764430320000,90854.50,90869.00,90838.90,90857.40,53.212,1764430379999,4834280.89220,1434,18.554,1685615.91160,0
1764430380000,90857.40,90890.90,90857.30,90879.70,42.938,1764430439999,3902145.55410,983,24.137,2193559.03270,0
1764430440000,90879.70,90903.60,90879.70,90890.90,44.857,1764430499999,4077268.33410,963,35.658,3241132.66550,0
1764430500000,90890.90,90890.90,90834.40,90849.90,80.313,1764430559999,7295926.07510,1566,22.225,2018897.57650,0
1764430560000,90849.90,90849.90,90796.20,90804.50,40.073,1764430619999,3639136.22710,1308,4.848,440285.83420,0
1764430620000,90804.60,90828.00,90796.00,90828.00,35.266,1764430679999,3202525.92020,955,18.388,1669884.52070,0
1764430680000,90828.00,90849.50,90827.90,90846.40,21.535,1764430739999,1956182.87520,961,13.140,1193603.20930,0
1764430740000,90846.50,90864.80,90846.40,90864.80,13.649,1764430799999,1240014.69730,530,11.029,1001990.45460,0
1764430800000,90864.70,90867.20,90846.50,90846.50,42.088,1764430859999,3823968.90380,700,26.173,2377909.21900,0
1764430860000,90846.60,90858.30,90832.60,90835.60,14.602,1764430919999,1326528.63820,666,6.361,577855.14510,0
1764430920000,90835.60,90851.10,90835.60,90841.30,16.210,1764430979999,1472585.56580,569,8.687,789157.12090,0
1764430980000,90841.40,90845.00,90840.00,90840.00,12.163,1764431039999,1104915.08170,356,5.585,507352.76610,0
1764431040000,90840.00,90840.10,90828.50,90828.60,11.432,1764431099999,1038442.42020,377,3.740,339715.70800,0
1764431100000,90828.60,90898.00,90828.50,90898.00,71.040,1764431159999,6455627.62120,1446,62.696,5697357.53100,0
1764431160000,90898.00,90949.40,90898.00,90948.40,82.400,1764431219999,7491972.92370,1610,67.836,6167907.47630,0
1764431220000,90948.40,90979.70,90935.90,90960.30,119.321,1764431279999,10853362.55880,2450,93.203,8477706.26580,0
1764431280000,90960.30,90990.10,90944.20,90969.80,48.742,1764431339999,4433943.85680,1365,29.530,2686337.68760,0
1764431340000,90969.70,90984.30,90961.90,90969.60,38.465,1764431399999,3499310.20940,1014,21.822,1985223.05610,0
1764431400000,90969.60,90984.30,90959.60,90967.00,37.694,1764431459999,3428896.57010,979,17.985,1636062.01480,0
1764431460000,90966.90,90967.00,90951.00,90951.00,17.779,1764431519999,1617141.50950,489,6.643,604235.16570,0
1764431520000,90951.00,90981.90,90951.00,90981.90,37.634,1764431579999,3423511.93230,743,24.959,2270496.78300,0
1764431580000,90981.90,90981.90,90968.60,90977.70,26.166,1764431639999,2380369.90270,602,10.297,936720.56030,0
1764431640000,90977.70,91008.80,90967.40,90967.40,106.862,1764431699999,9723095.93260,1809,68.326,6216840.00440,0
1764431700000,90967.40,91005.20,90967.40,91005.20,47.827,1764431759999,4352103.31640,1154,20.616,1875895.49420,0
1764431760000,91005.10,91008.20,90980.00,91008.20,42.756,1764431819999,3890639.16950,1158,22.196,2019832.45820,0
1764431820000,91008.20,91029.00,91008.10,91029.00,58.553,1764431879999,5329264.34160,952,50.117,4561437.00470,0
1764431880000,91028.90,91029.00,91020.00,91020.00,44.946,1764431939999,4091140.96570,607,21.025,1913755.20610,0
1764431940000,91020.00,91030.00,91006.90,91030.00,44.781,1764431999999,4075931.32500,876,19.388,1764693.86650,0
1764432000000,91030.00,91034.70,90979.30,90981.70,55.074,1764432059999,5011810.32840,1539,10.015,911444.70420,0
1764432060000,90981.70,90981.80,90946.30,90946.30,44.055,1764432119999,4007574.29160,1495,7.525,684538.80700,0
1764432120000,90946.30,90990.20,90936.80,90990.10,40.962,1764432179999,3725631.26600,1217,20.588,1872676.58660,0
1764432180000,90990.10,90990.20,90960.00,90979.10,61.754,1764432239999,5617878.70920,1168,10.966,997579.89830,0
1764432240000,90979.10,90979.20,90973.70,90978.60,18.099,1764432299999,1646595.11140,522,6.076,552767.75950,0
1764432300000,90978.50,91027.50,90978.50,91027.50,24.056,1764432359999,2188979.16180,898,15.673,1426182.67850,0
1764432360000,91027.50,91045.80,90999.70,90999.70,70.642,1764432419999,6430309.12450,1430,39.147,3563683.23740,0
1764432420000,90999.80,91020.30,90962.30,90963.60,35.538,1764432479999,3234098.07710,1260,12.207,1110867.22080,0
1764432480000,90963.70,90963.70,90907.70,90907.70,36.260,1764432539999,3297472.16100,1402,3.366,306079.21890,0
1764432540000,90907.80,90931.00,90907.70,90931.00,78.357,1764432599999,7123845.49330,837,61.737,5612797.84160,0
1764432600000,90931.00,90954.00,90931.00,90954.00,28.873,1764432659999,2625878.63170,775,11.434,1039881.13040,0
1764432660000,90954.00,90987.30,90953.90,90987.20,34.042,1764432719999,3097029.26280,708,26.989,2455371.90940,0
1764432720000,90987.30,91025.70,90987.30,91025.60,13.910,1764432779999,1265939.25390,766,10.961,997537.72260,0
1764432780000,91025.70,91025.70,90985.80,90985.80,62.906,1764432839999,5725715.98910,1029,8.475,771340.00070,0
1764432840000,90985.70,90985.70,90957.50,90964.20,20.097,1764432899999,1828116.14070,766,6.889,626627.05000,0
1764432900000,90964.20,90997.20,90942.30,90997.10,31.440,1764432959999,2860018.41380,1197,13.375,1216809.95390,0
1764432960000,90997.20,91010.40,90985.60,91010.40,23.474,1764433019999,2135993.31240,678,10.613,965708.38040,0
1764433020000,91010.40,91044.70,91010.40,91044.30,47.096,1764433079999,4287327.26370,1716,33.122,3015241.47010,0
1764433080000,91044.40,91048.00,91030.50,91036.00,33.443,1764433139999,3044685.12730,761,21.633,1969474.51440,0
1764433140000,91035.90,91068.00,91035.90,91068.00,38.891,1764433199999,3541179.47590,940,28.883,2629896.77780,0
1764433200000,91067.90,91110.80,91067.90,91109.00,120.706,1764433259999,10995616.41990,2645,91.170,8305008.06620,0
1764433260000,91109.00,91130.00,91103.30,91116.80,101.078,1764433319999,9209561.27750,2020,77.896,7097294.74810,0
1764433320000,91116.90,91116.90,91051.40,91060.90,42.353,1764433379999,3857104.79950,1600,10.097,919426.19450,0
1764433380000,91061.00,91072.60,91020.50,91031.20,110.350,1764433439999,10046995.11470,1683,29.150,2654190.65770,0
1764433440000,91031.20,91040.50,91011.50,91029.90,31.891,1764433499999,2902961.04280,954,10.566,961772.53430,0
1764433500000,91030.00,91030.00,90925.90,90925.90,103.272,1764433559999,9394421.88410,2333,12.947,1177595.70290,0
1764433560000,90925.90,90936.10,90873.60,90886.50,114.864,1764433619999,10441142.05750,2214,26.037,2366876.27660,0
1764433620000,90886.50,90886.60,90840.30,90854.20,59.330,1764433679999,5390739.43770,1576,10.146,921851.27750,0
1764433680000,90854.30,90854.30,90840.80,90842.50,46.516,1764433739999,4225840.87960,753,15.774,1433003.31200,0
1764433740000,90842.50,90872.20,90824.80,90868.50,74.210,1764433799999,6740750.02650,1419,31.869,2894946.03730,0
1764433800000,90868.60,90886.50,90868.60,90876.50,53.485,1764433859999,4860392.51890,1169,30.113,2736477.34250,0
1764433860000,90876.40,90916.70,90876.40,90895.70,31.432,1764433919999,2857141.42000,1162,19.839,1803338.60290,0
1764433920000,90895.80,90896.00,90884.60,90895.90,14.374,1764433979999,1306449.76780,529,6.946,631319.81600,0
1764433980000,90895.90,90917.10,90895.90,90909.00,17.472,1764434039999,1588306.72540,625,12.743,1158394.13430,0
1764434040000,90909.10,90931.20,90909.00,90923.60,50.804,1764434099999,4619042.68700,828,45.433,4130721.27280,0
1764434100000,90923.70,90923.70,90865.90,90887.90,22.227,1764434159999,2020235.75890,1050,6.166,560383.37150,0
1764434160000,90887.90,90921.70,90887.90,90921.70,17.135,1764434219999,1557671.55460,787,10.021,910939.83550,0
1764434220000,90921.60,90921.70,90870.80,90870.90,16.535,1764434279999,1503044.80630,932,5.060,459920.18520,0
1764434280000,90870.80,90898.60,90867.60,90867.70,27.982,1764434339999,2543000.97410,917,12.807,1163935.29350,0
1764434340000,90867.80,90904.60,90867.70,90904.50,21.149,1764434399999,1922142.04580,646,13.815,1255581.53090,0
1764434400000,90904.50,90916.10,90901.40,90908.00,14.241,1764434459999,1294609.08680,703,8.064,733066.54080,0
1764434460000,90908.00,90908.10,90885.50,90885.60,15.262,1764434519999,1387159.70310,552,2.334,212134.69800,0
1764434520000,90885.50,90905.00,90885.50,90899.40,6.137,1764434579999,557836.61580,442,3.127,284226.96960,0
1764434580000,90899.40,90899.50,90886.20,90898.70,4.593,1764434639999,417462.10790,383,2.238,203413.23640,0
1764434640000,90898.80,90902.40,90889.30,90894.10,25.021,1764434699999,2274287.00360,652,17.507,1591277.93160,0
1764434700000,90894.10,90894.10,90855.60,90856.90,49.068,1764434759999,4458766.81080,934,10.108,918528.14790,0
1764434760000,90856.90,90865.30,90821.40,90850.80,37.200,1764434819999,3379596.86790,1463,19.914,1809192.95900,0
1764434820000,90850.80,90879.90,90850.80,90860.90,22.854,1764434879999,2076782.92720,735,14.629,1329365.51590,0
1764434880000,90861.00,90861.00,90832.80,90851.20,19.525,1764434939999,1773726.21130,737,11.600,1053805.68760,0
1764434940000,90851.20,90855.30,90826.50,90835.20,22.831,1764434999999,2073925.03180,731,6.764,614432.13700,0
1764435000000,90835.20,90861.50,90835.20,90861.40,17.227,1764435059999,1565088.58340,589,9.956,904499.93500,0
1764435060000,90861.40,90899.30,90861.40,90899.20,22.773,1764435119999,2069708.34950,786,16.356,1486528.69200,0
1764435120000,90899.30,90919.00,90877.30,90919.00,28.664,1764435179999,2605391.19560,964,11.114,1010318.64190,0
1764435180000,90918.90,90979.20,90918.90,90965.60,56.417,1764435239999,5131041.57880,1629,46.155,4197688.51800,0
1764435240000,90965.60,90976.80,90964.10,90964.20,33.320,1764435299999,3031125.40610,546,19.805,1801663.09330,0
1764435300000,90964.10,90976.80,90951.50,90970.90,33.452,1764435359999,3043076.88730,791,20.080,1826671.97290,0
1764435360000,90970.80,90970.80,90951.10,90951.20,21.324,1764435419999,1939613.82930,496,8.215,747209.19820,0
1764435420000,90951.20,90971.10,90951.10,90958.20,12.437,1764435479999,1131277.10390,507,5.896,536300.80230,0
1764435480000,90958.20,90958.30,90952.40,90958.20,11.095,1764435539999,1009170.00100,319,3.985,362464.34720,0
1764435540000,90958.30,90971.10,90958.20,90962.10,18.126,1764435599999,1648872.87570,479,9.197,836620.04680,0
1764435600000,90962.10,90973.40,90960.60,90973.10,14.069,1764435659999,1279822.96620,728,5.897,536442.17650,0
1764435660000,90973.10,90985.00,90955.80,90955.80,22.959,1764435719999,2088703.40060,937,8.624,784587.82900,0
1764435720000,90955.80,90983.10,90955.80,90978.70,12.497,1764435779999,1136819.40330,507,7.356,669134.17400,0
1764435780000,90978.70,90978.70,90956.20,90956.30,40.373,1764435839999,3672696.30940,817,22.653,2060717.36890,0
1764435840000,90956.30,90962.90,90946.50,90947.00,29.669,1764435899999,2698498.33050,780,18.941,1722736.25910,0
1764435900000,90947.10,90947.10,90894.70,90913.60,32.829,1764435959999,2984616.57780,1262,10.809,982660.87960,0
1764435960000,90913.60,90913.60,90877.30,90878.30,21.132,1764436019999,1920611.61710,772,5.223,474679.09890,0
1764436020000,90878.30,90879.10,90845.40,90849.20,29.737,1764436079999,2701950.10520,895,6.472,588019.10940,0
1764436080000,90849.20,90857.80,90819.80,90822.60,33.287,1764436139999,3023789.16810,1101,14.520,1319021.60900,0
1764436140000,90822.60,90830.00,90800.00,90830.00,39.433,1764436199999,3580835.14450,1212,14.089,1279420.70930,0
1764436200000,90830.00,90830.00,90783.90,90800.00,113.498,1764436259999,10305872.41430,1806,23.213,2107873.79190,0
1764436260000,90799.90,90800.00,90751.10,90751.10,83.366,1764436319999,7566828.84370,1868,22.420,2034886.79060,0
1764436320000,90751.10,90751.20,90683.60,90695.80,123.677,1764436379999,11219206.03670,2766,36.551,3315726.40710,0
1764436380000,90695.90,90704.20,90661.00,90704.20,89.174,1764436439999,8087332.05950,1624,45.557,4131864.56900,0
1764436440000,90704.20,90711.80,90667.40,90667.40,61.921,1764436499999,5615338.37950,1322,27.886,2528876.20750,0
1764436500000,90667.40,90739.00,90626.20,90630.20,237.999,1764436559999,21581616.35400,4878,65.311,5923691.27800,0
1764436560000,90630.30,90643.70,90539.30,90591.00,294.593,1764436619999,26685811.37920,5326,77.546,7024436.28590,0
1764436620000,90590.90,90687.20,90590.90,90664.20,70.906,1764436679999,6428017.87220,2178,60.009,5440064.67050,0
1764436680000,90664.20,90664.30,90603.90,90612.90,60.883,1764436739999,5517682.87130,1733,26.070,2362672.62460,0
1764436740000,90612.80,90704.80,90612.80,90700.30,75.334,1764436799999,6830276.11800,2115,52.719,4779695.64850,0
1764436800000,90700.30,90700.30,90657.60,90657.60,42.090,1764436859999,3816349.31710,989,12.940,1173233.68740,0
1764436860000,90657.70,90657.70,90592.40,90602.60,58.882,1764436919999,5336265.66240,1837,18.782,1702258.70650,0
1764436920000,90602.50,90647.80,90602.50,90644.30,41.761,1764436979999,3784627.58280,1520,30.716,2783565.42360,0
1764436980000,90644.30,90660.70,90638.00,90652.10,33.970,1764437039999,3079499.09620,1015,15.931,1444145.25490,0
1764437040000,90652.10,90694.70,90652.00,90669.60,35.977,1764437099999,3262281.86020,1222,25.029,2269541.11590,0
1764437100000,90669.60,90685.80,90641.50,90647.00,21.588,1764437159999,1957280.13790,1028,12.521,1135187.34290,0
1764437160000,90646.90,90647.00,90614.20,90645.30,27.071,1764437219999,2453682.18940,1222,8.482,768796.16250,0
1764437220000,90645.30,90667.30,90638.00,90662.90,13.020,1764437279999,1180256.89310,703,8.358,757634.59640,0
1764437280000,90662.90,90667.30,90662.80,90667.30,10.767,1764437339999,976210.63840,273,6.447,584528.35200,0
1764437340000,90667.20,90683.20,90667.20,90670.10,25.836,1764437399999,2342760.40140,872,14.767,1339017.48420,0
1764437400000,90670.00,90670.10,90627.80,90627.80,21.654,1764437459999,1963141.50660,1195,10.773,976683.98570,0
1764437460000,90627.90,90638.00,90602.00,90602.00,19.044,1764437519999,1725751.71030,1015,7.229,655118.57440,0
1764437520000,90602.00,90611.90,90592.10,90592.20,25.121,1764437579999,2276084.27000,941,9.792,887204.03200,0
1764437580000,90592.20,90592.20,90391.90,90461.90,482.405,1764437639999,43640256.77440,8848,128.517,11626376.42250,0
1764437640000,90461.90,90465.40,90420.00,90437.10,107.233,1764437699999,9699126.29800,2498,48.001,4341727.01530,0
1764437700000,90437.20,90540.90,90437.10,90519.40,191.570,1764437759999,17338231.15370,3048,155.493,14073369.75080,0
1764437760000,90519.20,90544.00,90508.50,90530.50,49.249,1764437819999,4458595.13620,1422,20.762,1879580.86560,0
1764437820000,90530.50,90594.40,90530.50,90567.80,73.856,1764437879999,6690011.01500,1703,55.986,5071244.03810,0
1764437880000,90567.80,90567.80,90536.80,90566.30,29.215,1764437939999,2645531.86780,975,11.018,997728.41100,0
1764437940000,90566.30,90595.10,90566.30,90570.70,47.622,1764437999999,4313840.41260,1261,21.534,1950649.28840,0
1764438000000,90570.70,90597.60,90553.10,90578.20,56.716,1764438059999,5137287.49470,1424,28.335,2566596.43180,0
1764438060000,90578.20,90589.50,90551.20,90556.10,67.026,1764438119999,6071014.51630,1350,47.120,4268055.62440,0
1764438120000,90556.10,90580.70,90556.10,90580.70,24.752,1764438179999,2241845.26340,810,11.212,1015498.65960,0
1764438180000,90580.70,90580.70,90555.30,90555.40,29.227,1764438239999,2647028.82390,623,7.495,678809.41670,0
1764438240000,90555.40,90557.10,90529.00,90529.00,33.162,1764438299999,3002695.20490,839,6.608,598343.24240,0
1764438300000,90529.00,90582.30,90529.00,90582.30,32.077,1764438359999,2904755.87440,997,25.213,2283156.91150,0
1764438360000,90582.30,90582.30,90513.30,90513.40,28.867,1764438419999,2613593.79610,1171,3.511,317871.98460,0
1764438420000,90513.30,90513.40,90479.00,90497.00,72.188,1764438479999,6532642.42960,1301,19.536,1767802.68740,0
1764438480000,90497.10,90514.00,90460.40,90460.50,58.407,1764438539999,5284623.06850,1555,17.834,1613659.18570,0
1764438540000,90460.40,90496.80,90460.00,90475.10,32.862,1764438599999,2973418.72550,1082,16.813,1521271.59900,0
1764438600000,90475.00,90481.90,90402.80,90439.90,149.001,1764438659999,13474592.57770,2888,43.004,3889045.41600,0
1764438660000,90439.90,90468.00,90435.00,90464.30,34.368,1764438719999,3108729.99990,950,19.954,1804965.32810,0
1764438720000,90464.30,90500.00,90464.30,90479.50,37.186,1764438779999,3364991.93350,1313,16.097,1456608.90950,0
1764438780000,90479.50,90506.60,90464.30,90499.50,29.140,1764438839999,2636795.85410,1167,18.520,1675852.83530,0
1764438840000,90499.40,90499.50,90434.90,90447.20,74.094,1764438899999,6702200.93380,1431,24.507,2216390.54490,0
1764438900000,90447.20,90452.00,90400.00,90415.80,141.985,1764438959999,12838085.26280,2539,26.547,2400255.12140,0
1764438960000,90415.80,90436.50,90409.90,90436.50,31.735,1764439019999,2869532.48980,985,17.053,1541966.60820,0
1764439020000,90436.50,90451.90,90430.80,90440.70,36.024,1764439079999,3258075.23040,844,14.780,1336765.67660,0
1764439080000,90440.70,90440.70,90420.10,90428.10,48.497,1764439139999,4385579.10110,883,9.228,834472.37930,0
1764439140000,90428.10,90428.20,90381.10,90381.20,154.695,1764439199999,13983760.68970,2026,13.036,1178342.70610,0
1764439200000,90381.10,90428.30,90355.00,90416.30,159.173,1764439259999,14387294.18640,3182,65.536,5923988.26730,0
1764439260000,90416.20,90466.50,90416.20,90454.60,62.684,1764439319999,5669896.30440,1477,39.453,3568511.24080,0
1764439320000,90454.70,90454.70,90335.20,90390.30,157.997,1764439379999,14279460.26770,3653,64.731,5849843.87990,0
1764439380000,90390.30,90495.10,90390.20,90465.90,108.712,1764439439999,9834963.79430,2499,80.343,7268705.44070,0
1764439440000,90465.90,90481.20,90350.30,90361.50,230.286,1764439499999,20821102.24860,3364,24.809,2243427.90260,0
1764439500000,90361.50,90383.70,90314.60,90376.10,200.182,1764439559999,18084867.26590,3338,65.882,5951530.46040,0
1764439560000,90376.00,90478.30,90376.00,90473.00,127.073,1764439619999,11492729.22540,2627,111.216,10058292.67880,0
1764439620000,90473.00,90509.30,90457.40,90497.20,109.042,1764439679999,9866498.88000,2153,77.189,6984108.19940,0
1764439680000,90497.20,90502.10,90463.50,90463.60,26.690,1764439739999,2414909.80350,1070,12.490,1130049.11320,0
1764439740000,90463.50,90481.20,90463.50,90465.50,21.749,1764439799999,1967666.93100,615,10.120,915544.52160,0
1764439800000,90465.50,90481.50,90451.70,90468.00,26.784,1764439859999,2423168.78610,918,14.822,1340992.88340,0
1764439860000,90468.00,90492.40,90464.30,90492.30,28.191,1764439919999,2550810.00970,795,22.456,2031912.65000,0
1764439920000,90492.40,90492.40,90326.90,90326.90,139.604,1764439979999,12621664.58670,2956,10.435,943545.38630,0
1764439980000,90326.90,90326.90,90092.70,90245.50,1338.611,1764440039999,120722749.91900,20414,306.337,27628133.59960,0
1764440040000,90245.50,90329.00,90200.10,90328.90,238.878,1764440099999,21561764.24580,4615,78.253,7064960.42050,0
1764440100000,90328.90,90475.20,90294.50,90435.50,234.846,1764440159999,21232881.27930,6044,171.634,15518341.55990,0
1764440160000,90435.50,90435.50,90283.10,90283.20,173.565,1764440219999,15683874.33590,3412,23.126,2089142.59580,0
1764440220000,90283.20,90329.00,90283.10,90295.10,68.682,1764440279999,6201850.18720,1711,35.724,3225775.82790,0
1764440280000,90295.20,90295.20,90191.60,90193.10,113.525,1764440339999,10244148.04780,3287,30.274,2731538.84210,0
1764440340000,90193.10,90247.80,90150.00,90247.80,181.223,1764440399999,16344605.52660,3958,95.359,8600725.99380,0
1764440400000,90247.80,90324.50,90247.80,90324.50,67.397,1764440459999,6084875.84820,2859,39.260,3544536.28120,0
1764440460000,90324.50,90333.00,90305.10,90319.50,37.898,1764440519999,3423094.24720,1180,19.426,1754649.01700,0
1764440520000,90319.50,90330.70,90308.90,90314.00,25.041,1764440579999,2261638.38180,1006,10.745,970463.05360,0
1764440580000,90314.00,90331.90,90273.50,90273.50,36.054,1764440639999,3255885.88330,1275,12.566,1134788.28050,0
1764440640000,90273.50,90280.80,90240.30,90245.70,38.836,1764440699999,3505348.37040,1348,7.459,673284.01990,0
1764440700000,90245.70,90282.40,90229.30,90274.50,48.356,1764440759999,4364370.86260,1588,24.707,2229954.70360,0
1764440760000,90274.50,90283.10,90229.20,90236.60,39.344,1764440819999,3551244.72670,1179,16.599,1498230.75720,0
1764440820000,90236.50,90236.60,90181.70,90181.80,78.122,1764440879999,7047225.56860,2076,14.331,1292817.52250,0
1764440880000,90181.80,90216.00,90181.70,90215.90,57.966,1764440939999,5228547.86560,936,50.949,4595599.41410,0
1764440940000,90215.90,90252.90,90209.90,90252.80,26.890,1764440999999,2426207.44190,864,21.014,1896075.28600,0
1764441000000,90252.90,90252.90,90166.10,90210.60,52.089,1764441059999,4699118.93630,2079,20.429,1842614.28310,0
1764441060000,90210.50,90282.60,90210.50,90251.20,47.401,1764441119999,4278507.53090,1929,36.076,3256243.54990,0
1764441120000,90251.20,90266.10,90223.50,90266.00,53.106,1764441179999,4792659.75960,1864,25.604,2310602.02600,0
1764441180000,90266.10,90398.00,90266.00,90339.50,171.867,1764441239999,15528925.90190,3677,133.972,12104794.48070,0
1764441240000,90339.50,90339.50,90257.20,90308.50,72.647,1764441299999,6560136.06930,2185,28.352,2559953.81570,0
1764441300000,90308.40,90308.40,90292.00,90306.80,33.650,1764441359999,3038583.48360,774,15.431,1393385.93340,0
1764441360000,90306.70,90440.10,90306.70,90413.60,253.642,1764441419999,22927787.89160,4796,200.541,18127267.24600,0
1764441420000,90413.50,90440.10,90402.00,90435.30,50.475,1764441479999,4563984.83970,1391,24.509,2216090.15300,0
1764441480000,90435.20,90455.00,90411.00,90440.60,45.344,1764441539999,4100771.77900,1336,22.712,2053983.28090,0
1764441540000,90440.60,90450.00,90406.60,90406.70,47.928,1764441599999,4334423.61570,1080,19.242,1740163.20660,0
1764441600000,90406.60,90433.80,90402.50,90433.80,23.114,1764441659999,2089721.85250,884,10.959,990826.15330,0
1764441660000,90433.70,90439.20,90420.00,90420.10,13.956,1764441719999,1262062.66290,648,5.842,528288.49230,0
1764441720000,90420.00,90458.00,90406.60,90449.80,46.833,1764441779999,4235712.34370,1318,25.159,2275452.81860,0
1764441780000,90449.90,90491.70,90449.80,90474.50,44.246,1764441839999,4002769.60300,1311,30.411,2751186.37270,0
1764441840000,90474.50,90602.90,90462.40,90540.40,612.830,1764441899999,55493877.32320,7723,487.194,44116639.52870,0
1764441900000,90540.40,90620.00,90513.60,90609.30,123.722,1764441959999,11205226.94880,2660,91.587,8295270.83190,0
1764441960000,90609.40,90640.00,90561.20,90561.20,193.756,1764442019999,17557222.09400,3578,136.058,12328891.85120,0
1764442020000,90561.20,90561.30,90527.60,90527.60,33.407,1764442079999,3024773.33100,1001,6.668,603718.65160,0
1764442080000,90527.70,90551.70,90527.60,90532.00,25.591,1764442139999,2317091.33760,999,7.566,685039.74460,0
1764442140000,90532.00,90586.70,90532.00,90579.30,44.672,1764442199999,4046039.06690,1131,27.556,2495788.36910,0
1764442200000,90579.40,90595.70,90563.70,90595.60,54.523,1764442259999,4938424.09990,1018,34.016,3080978.98990,0
1764442260000,90595.70,90627.80,90595.60,90627.70,78.190,1764442319999,7085029.89430,1070,63.084,5716267.31170,0
1764442320000,90627.70,90650.00,90627.70,90649.90,72.777,1764442379999,6596792.46870,1255,36.700,3326573.54130,0
1764442380000,90649.90,90681.50,90642.30,90642.40,58.598,1764442439999,5312532.35460,1650,24.324,2205274.08490,0
1764442440000,90642.30,90642.40,90594.80,90594.90,23.261,1764442499999,2107723.91600,864,1.864,168897.14370,0
1764442500000,90594.80,90674.10,90594.80,90651.30,49.572,1764442559999,4493504.29750,1645,26.839,2432686.68830,0
1764442560000,90651.40,90663.40,90639.60,90639.70,27.864,1764442619999,2526120.73620,644,17.578,1593618.48490,0
1764442620000,90639.70,90670.20,90628.70,90628.80,94.134,1764442679999,8533336.83930,1591,77.586,7033317.87040,0
1764442680000,90628.80,90685.90,90628.70,90667.70,44.864,1764442739999,4067439.42910,1283,31.604,2865117.11340,0
1764442740000,90667.60,90667.70,90652.80,90652.90,19.344,1764442799999,1753639.55590,408,5.558,503868.18420,0
1764442800000,90652.90,90679.10,90621.30,90629.10,105.873,1764442859999,9596821.09100,1963,45.203,4097120.90230,0
1764442860000,90629.20,90647.60,90629.10,90629.10,25.951,1764442919999,2352184.80320,688,7.492,679044.26030,0
1764442920000,90629.10,90629.20,90594.00,90597.50,25.627,1764442979999,2322023.91390,906,2.459,222794.33200,0
1764442980000,90597.40,90613.10,90595.30,90595.30,16.630,1764443039999,1506679.91490,547,6.601,598051.14020,0
1764443040000,90595.30,90595.40,90579.90,90587.80,19.040,1764443099999,1724815.05860,680,2.634,238608.41350,0
1764443100000,90587.70,90688.00,90563.60,90683.60,110.272,1764443159999,9993818.47410,2429,95.982,8698555.91300,0
1764443160000,90683.60,90713.50,90681.80,90703.20,62.419,1764443219999,5661632.49290,1474,40.584,3681146.62480,0
1764443220000,90703.20,90703.20,90642.30,90642.40,28.518,1764443279999,2585699.22440,927,13.729,1244716.29810,0
1764443280000,90642.30,90670.00,90642.30,90669.90,22.673,1764443339999,2055276.07670,524,15.757,1428350.38110,0
1764443340000,90670.00,90738.80,90669.90,90737.90,100.894,1764443399999,9153920.83840,2089,60.755,5511884.99180,0
1764443400000,90738.00,90738.00,90723.70,90736.20,28.640,1764443459999,2598587.73830,678,11.863,1076371.04260,0
1764443460000,90736.20,90736.20,90736.10,90736.10,12.894,1764443519999,1169951.87920,322,6.058,549679.89960,0
1764443520000,90736.20,90753.60,90729.90,90753.50,50.537,1764443579999,4586012.33320,1031,28.660,2600765.32660,0
1764443580000,90753.50,90755.10,90731.60,90731.60,26.182,1764443639999,2375948.97980,723,9.812,890455.31440,0
1764443640000,90731.60,90744.30,90688.00,90688.00,26.120,1764443699999,2369741.13520,1018,12.461,1130676.03690,0
1764443700000,90688.00,90699.00,90657.40,90698.90,29.726,1764443759999,2695649.39910,1091,17.654,1600969.13900,0
1764443760000,90698.90,90719.20,90694.80,90719.20,13.346,1764443819999,1210522.68950,556,7.651,693984.95570,0
1764443820000,90719.20,90733.60,90719.20,90726.10,10.947,1764443879999,993220.36110,529,5.191,470972.25060,0
1764443880000,90726.00,90734.80,90683.90,90685.10,44.867,1764443939999,4069589.30250,1359,17.376,1576008.50930,0
1764443940000,90685.20,90697.80,90685.20,90687.80,14.045,1764443999999,1273744.89160,470,7.373,668662.00730,0
1764444000000,90687.80,90722.90,90687.80,90722.80,14.498,1764444059999,1314973.37660,703,8.374,759550.63850,0
1764444060000,90722.80,90730.80,90722.80,90730.80,11.067,1764444119999,1004109.54020,346,7.172,650715.52880,0
1764444120000,90730.80,90760.30,90712.90,90760.30,30.354,1764444179999,2754185.47330,1221,23.827,2162029.13950,0
1764444180000,90760.20,90788.80,90719.60,90724.10,42.680,1764444239999,3873981.08790,1675,31.133,2826011.29990,0
1764444240000,90724.10,90769.80,90724.10,90765.80,42.876,1764444299999,3891228.36200,863,14.890,1351326.12490,0
1764444300000,90765.80,90765.80,90742.50,90764.10,27.631,1764444359999,2507615.03480,807,9.735,883480.53600,0
1764444360000,90764.10,90788.40,90764.00,90788.40,20.476,1764444419999,1858650.01490,572,7.481,679079.66740,0
1764444420000,90788.40,90788.40,90783.80,90783.80,11.438,1764444479999,1038415.03370,258,4.037,366502.18230,0
1764444480000,90783.80,90819.90,90783.80,90801.90,44.916,1764444539999,4078368.70140,1468,32.686,2967885.97790,0
1764444540000,90801.90,90801.90,90771.10,90771.20,21.294,1764444599999,1933328.80520,636,5.864,532427.00540,0
1764444600000,90771.10,90791.10,90766.50,90791.10,18.235,1764444659999,1655418.35960,523,8.183,742837.95860,0
1764444660000,90791.00,90791.10,90690.20,90693.20,49.809,1764444719999,4518980.40430,1629,4.865,441342.70470,0
1764444720000,90693.20,90712.80,90693.20,90697.40,16.814,1764444779999,1525070.07530,681,3.549,321905.73960,0
1764444780000,90697.50,90707.00,90653.40,90653.40,21.922,1764444839999,1987907.27610,876,3.632,329409.48530,0
1764444840000,90653.50,90665.00,90653.40,90659.70,26.697,1764444899999,2420383.02190,534,8.031,728084.60660,0
1764444900000,90659.70,90660.70,90633.20,90660.70,33.105,1764444959999,3000835.26920,1247,12.549,1137531.07860,0
1764444960000,90660.70,90660.70,90660.60,90660.70,5.361,1764445019999,486031.68250,241,2.059,186670.38130,0
1764445020000,90660.70,90660.70,90625.70,90640.80,44.246,1764445079999,4010350.02260,1002,6.016,545263.74820,0
1764445080000,90640.70,90675.00,90637.50,90647.00,23.478,1764445139999,2128578.07180,1052,15.870,1438819.66150,0
1764445140000,90647.00,90655.70,90642.50,90644.80,9.519,1764445199999,862879.25550,483,2.889,261879.02170,0
1764445200000,90644.80,90670.70,90637.50,90637.50,18.380,1764445259999,1666217.51330,767,7.478,677868.17960,0
1764445260000,90637.60,90646.30,90581.70,90597.70,73.078,1764445319999,6621086.64330,1816,29.196,2645356.45170,0
1764445320000,90597.80,90621.00,90597.70,90620.90,18.901,1764445379999,1712544.26570,611,9.981,904345.30110,0
1764445380000,90620.90,90627.30,90620.90,90627.30,11.839,1764445439999,1072884.78840,262,4.175,378361.15820,0
1764445440000,90627.20,90627.30,90595.60,90602.10,26.940,1764445499999,2440977.58140,887,7.457,675648.73250,0
1764445500000,90602.10,90637.80,90583.10,90637.70,27.840,1764445559999,2522641.40840,1122,18.825,1705815.52140,0
1764445560000,90637.80,90640.90,90608.50,90610.90,19.964,1764445619999,1809410.11070,735,7.301,661713.66050,0
1764445620000,90611.00,90611.00,90583.90,90583.90,16.065,1764445679999,1455482.24710,619,4.541,411418.60640,0
1764445680000,90584.00,90600.70,90563.40,90579.50,30.936,1764445739999,2802402.45750,1230,12.098,1095930.68870,0
1764445740000,90579.50,90583.40,90579.50,90583.30,21.494,1764445799999,1946950.97550,363,8.569,776183.09900,0
1764445800000,90583.40,90595.50,90562.70,90562.70,21.948,1764445859999,1988008.64060,826,8.084,732266.49510,0
1764445860000,90562.70,90592.10,90562.70,90592.10,9.668,1764445919999,875730.83480,479,5.567,504236.27340,0
1764445920000,90592.10,90607.50,90592.00,90607.10,17.331,1764445979999,1570187.52960,649,11.431,1035620.65610,0
1764445980000,90607.10,90625.40,90604.30,90625.40,10.881,1764446039999,985936.27040,712,7.398,670340.62650,0
1764446040000,90625.40,90625.40,90625.30,90625.40,2.281,1764446099999,206716.44750,159,1.382,125244.30280,0
1764446100000,90625.40,90625.40,90610.20,90610.20,5.687,1764446159999,515327.48490,306,0.972,88073.46830,0
1764446160000,90610.20,90621.00,90583.90,90607.20,28.147,1764446219999,2550325.19320,1089,18.663,1691025.34950,0
1764446220000,90607.20,90638.50,90607.20,90614.80,39.658,1764446279999,3593960.45470,842,31.647,2867955.37340,0
1764446280000,90614.70,90614.70,90602.40,90602.40,11.357,1764446339999,1028996.98680,253,5.104,462452.82100,0
1764446340000,90602.40,90617.30,90602.40,90602.90,17.024,1764446399999,1542541.98110,589,3.767,341332.94990,0
1764446400000,90602.90,90603.00,90540.10,90557.80,46.369,1764446459999,4199679.10660,1398,10.746,973276.51860,0
1764446460000,90557.90,90599.70,90557.80,90562.60,23.647,1764446519999,2141847.13160,1318,12.288,1112987.21380,0
1764446520000,90562.50,90562.60,90519.50,90519.80,31.859,1764446579999,2884350.78070,1075,9.836,890430.72620,0
1764446580000,90519.70,90519.80,90410.50,90429.00,601.673,1764446639999,54425474.05220,7794,72.375,6546527.43620,0
1764446640000,90429.00,90432.40,90418.50,90432.00,46.364,1764446699999,4192534.84560,816,21.964,1986102.22420,0
1764446700000,90431.90,90446.20,90410.00,90410.00,26.541,1764446759999,2400251.16870,821,10.853,981530.15870,0
1764446760000,90410.00,90427.30,90405.00,90427.30,36.921,1764446819999,3338121.41550,942,13.423,1213653.05050,0
1764446820000,90427.30,90427.30,90402.70,90409.70,30.351,1764446879999,2744001.75900,609,10.398,940044.29470,0
1764446880000,90409.80,90416.70,90363.00,90363.10,103.567,1764446939999,9360670.64980,2234,22.195,2005956.00250,0
1764446940000,90363.10,90417.70,90363.00,90412.00,35.889,1764446999999,3244229.10090,1126,27.590,2494036.90260,0
1764447000000,90412.10,90480.00,90412.00,90441.40,87.392,1764447059999,7905795.62690,1966,71.547,6472337.27130,0
1764447060000,90441.40,90466.80,90436.50,90457.40,12.246,1764447119999,1107673.92160,680,5.954,538517.03110,0
1764447120000,90457.40,90457.50,90398.80,90405.90,36.502,1764447179999,3300905.87900,1185,5.801,524485.26730,0
1764447180000,90405.80,90418.20,90405.80,90414.90,6.971,1764447239999,630263.12750,466,5.186,468873.75710,0
1764447240000,90415.00,90435.80,90408.50,90419.50,14.290,1764447299999,1292092.33450,782,6.150,556070.82510,0
1764447300000,90419.50,90455.00,90419.50,90443.50,121.720,1764447359999,11008480.71220,2104,88.262,7982197.26550,0
1764447360000,90443.50,90465.00,90396.00,90465.00,32.137,1764447419999,2905821.53090,1475,5.768,521592.47010,0
1764447420000,90464.90,90514.70,90447.20,90447.20,44.514,1764447479999,4027595.20080,1841,11.785,1066383.50300,0
1764447480000,90447.30,90479.90,90437.40,90470.40,12.495,1764447539999,1130211.32160,915,7.558,683664.70160,0
1764447540000,90470.40,90518.70,90470.40,90518.70,22.290,1764447599999,2017450.33180,976,10.547,954593.29090,0
1764447600000,90518.60,90531.60,90514.30,90514.30,15.442,1764447659999,1397891.62420,664,4.245,384281.96700,0
1764447660000,90514.30,90530.00,90513.80,90530.00,10.811,1764447719999,978616.39420,405,4.347,393501.35890,0
1764447720000,90530.00,90552.90,90530.00,90552.90,17.981,1764447779999,1627945.33000,672,11.443,1036014.31680,0
1764447780000,90552.90,90567.90,90534.90,90536.00,20.725,1764447839999,1876755.06530,939,7.346,665217.17670,0
1764447840000,90536.10,90536.10,90514.70,90514.70,7.760,1764447899999,702495.45860,380,3.075,278389.26850,0
1764447900000,90514.70,90573.20,90513.80,90568.30,32.612,1764447959999,2952567.19680,1122,21.194,1918948.18680,0
1764447960000,90568.20,90568.30,90551.60,90551.60,13.061,1764448019999,1182778.94430,427,3.463,313587.65680,0
1764448020000,90551.70,90621.30,90551.70,90611.00,64.024,1764448079999,5800924.66640,1549,38.749,3510724.89190,0
1764448080000,90611.10,90654.20,90611.00,90631.20,36.912,1764448139999,3345625.31260,1272,25.730,2332112.30680,0
1764448140000,90631.10,90631.20,90612.10,90612.10,16.178,1764448199999,1466169.62370,388,1.744,158045.51040,0
1764448200000,90612.20,90651.50,90600.00,90651.40,30.999,1764448259999,2809244.43040,1127,23.412,2121689.38200,0
1764448260000,90651.50,90678.00,90632.20,90632.20,38.197,1764448319999,3463082.24160,1343,26.255,2380389.09550,0
1764448320000,90632.20,90632.20,90604.40,90616.00,14.659,1764448379999,1328261.01000,675,5.265,477052.83590,0
1764448380000,90616.00,90639.10,90610.60,90639.10,14.196,1764448439999,1286453.86900,501,7.837,710202.63430,0
1764448440000,90639.10,90680.70,90639.10,90680.70,15.655,1764448499999,1419393.47860,657,10.710,971023.97090,0
1764448500000,90680.70,90708.50,90670.50,90708.50,44.619,1764448559999,4046314.08360,1109,35.652,3233169.87710,0
1764448560000,90708.50,90713.20,90708.50,90711.90,9.457,1764448619999,857854.85860,383,4.657,422438.67790,0
1764448620000,90711.80,90711.90,90657.60,90657.70,28.930,1764448679999,2623852.03090,1062,6.528,592162.98480,0
1764448680000,90657.60,90660.10,90639.80,90639.80,10.787,1764448739999,977913.11290,438,4.852,439872.73120,0
1764448740000,90639.80,90665.40,90639.80,90658.50,11.326,1764448799999,1026800.49980,440,4.758,431343.60980,0
1764448800000,90658.50,90665.30,90633.10,90657.10,20.504,1764448859999,1858797.69160,953,10.791,978270.67110,0
1764448860000,90657.10,90664.20,90623.90,90623.90,14.449,1764448919999,1309739.35050,695,6.410,581043.51640,0
1764448920000,90624.00,90655.90,90623.90,90655.90,10.743,1764448979999,973646.49630,561,5.039,456720.80710,0
1764448980000,90655.80,90667.60,90645.00,90667.50,10.032,1764449039999,909500.95000,419,5.416,491007.33200,0
1764449040000,90667.50,90791.50,90667.50,90774.30,307.037,1764449099999,27860259.86840,4058,269.346,24439426.02850,0
1764449100000,90774.30,90804.70,90742.30,90766.30,198.872,1764449159999,18052862.27900,2752,158.677,14403821.36690,0
1764449160000,90766.40,90817.20,90750.20,90790.40,214.735,1764449219999,19495602.78160,3105,104.090,9449168.72740,0
1764449220000,90790.40,90791.60,90759.10,90759.10,19.613,1764449279999,1780416.20500,612,9.646,875598.99060,0
1764449280000,90759.10,90880.00,90759.10,90876.90,276.106,1764449339999,25081109.68850,3436,201.511,18304198.87300,0
1764449340000,90876.90,90876.90,90831.50,90831.60,57.713,1764449399999,5243117.58350,1074,17.658,1604130.16800,0
1764449400000,90831.60,90899.00,90831.50,90899.00,71.673,1764449459999,6513409.59970,1352,54.676,4968842.98680,0
1764449460000,90899.00,90919.40,90884.60,90902.40,102.841,1764449519999,9348254.14670,1790,51.643,4694570.19730,0
1764449520000,90902.50,90902.50,90867.60,90897.60,57.639,1764449579999,5238360.62850,1182,23.108,2100091.26760,0
1764449580000,90897.70,90900.60,90867.60,90867.70,42.579,1764449639999,3869957.00070,701,12.463,1132797.72170,0
1764449640000,90867.60,90900.60,90863.10,90900.50,14.296,1764449699999,1299194.62510,630,7.801,708957.52690,0
1764449700000,90900.60,90934.20,90900.60,90932.20,39.775,1764449759999,3616546.86030,1068,20.166,1833502.64660,0
1764449760000,90932.10,90932.20,90925.30,90925.30,18.147,1764449819999,1650102.69320,353,3.082,280244.31140,0
1764449820000,90925.30,91000.00,90925.30,90999.10,320.405,1764449879999,29146616.29290,4173,258.077,23476070.17240,0
1764449880000,90999.20,91007.40,90928.80,90934.90,171.753,1764449939999,15627548.63330,2175,114.732,10440103.32580,0
1764449940000,90934.90,90935.00,90921.70,90921.70,17.534,1764449999999,1594312.15300,521,3.734,339521.84560,0
1764450000000,90921.80,90983.20,90921.70,90968.50,78.304,1764450059999,7123322.72910,1572,47.389,4310932.50150,0
1764450060000,90968.40,90968.50,90897.50,90900.20,34.325,1764450119999,3120790.75270,1541,4.905,445929.03560,0
1764450120000,90900.10,90910.60,90853.70,90854.20,69.431,1764450179999,6309661.69020,1657,15.489,1407656.45620,0
1764450180000,90854.20,90859.90,90836.90,90837.00,32.449,1764450239999,2947907.78820,1044,6.596,599222.53070,0
1764450240000,90836.90,90849.50,90833.50,90849.50,21.347,1764450299999,1939230.33600,585,14.755,1340385.15020,0
1764450300000,90849.50,90870.00,90849.40,90870.00,14.831,1764450359999,1347514.21150,424,9.879,897598.79350,0
1764450360000,90870.00,90886.40,90869.90,90886.40,15.900,1764450419999,1444906.43580,541,9.113,828137.37440,0
1764450420000,90886.30,90886.30,90812.10,90828.00,28.589,1764450479999,2597040.85220,1364,4.491,407912.16220,0
1764450480000,90828.00,90828.10,90800.00,90800.10,20.958,1764450539999,1903152.44870,650,1.152,104616.39050,0
1764450540000,90800.00,90829.90,90800.00,90805.30,36.942,1764450599999,3354810.68570,822,27.903,2533904.39590,0
1764450600000,90805.30,90822.00,90781.00,90821.90,44.752,1764450659999,4063270.40320,1122,14.871,1350304.16320,0
1764450660000,90821.90,90822.00,90781.20,90781.20,12.771,1764450719999,1159698.97550,602,1.024,92991.27440,0
1764450720000,90781.20,90819.90,90781.20,90819.80,34.252,1764450779999,3109965.57950,1378,28.420,2580452.95280,0
1764450780000,90819.90,90841.60,90819.90,90841.40,25.702,1764450839999,2334452.54260,631,18.322,1664133.96510,0
1764450840000,90841.50,90841.50,90818.00,90819.80,10.353,1764450899999,940374.38700,436,4.308,391318.92670,0
1764450900000,90819.90,90833.40,90819.80,90833.30,8.271,1764450959999,751257.87120,383,6.592,598757.94420,0
1764450960000,90833.30,90878.10,90833.30,90866.60,59.998,1764451019999,5451564.12590,1810,38.513,3499279.82600,0
1764451020000,90866.60,90866.70,90804.30,90813.60,15.099,1764451079999,1371460.24330,1063,4.172,378930.44990,0
1764451080000,90813.60,90813.60,90798.10,90798.10,9.595,1764451139999,871276.78430,371,2.958,268591.02400,0
1764451140000,90798.10,90812.00,90773.60,90789.60,46.348,1764451199999,4207676.64520,1205,27.038,2454616.63740,0
1764451200000,90789.50,90840.80,90789.50,90839.80,28.047,1764451259999,2547122.06590,1162,21.640,1965173.42090,0
1764451260000,90839.80,90870.60,90839.80,90870.60,17.582,1764451319999,1597488.38080,833,14.609,1327347.44330,0
1764451320000,90870.60,90928.90,90870.60,90928.90,42.745,1764451379999,3885840.33370,1286,35.854,3259393.27450,0
1764451380000,90928.80,90944.20,90876.10,90876.20,118.632,1764451439999,10786021.37060,2342,26.359,2396652.26410,0
1764451440000,90876.10,90891.40,90876.10,90891.30,14.297,1764451499999,1299329.93340,580,11.540,1048761.19660,0
1764451500000,90891.30,90939.30,90886.50,90918.10,43.609,1764451559999,3964203.96180,1573,31.926,2902044.91400,0
1764451560000,90918.00,90936.90,90918.00,90935.00,14.050,1764451619999,1277600.31590,477,9.126,829847.67710,0
1764451620000,90935.00,90935.00,90919.90,90919.90,8.491,1764451679999,772043.40140,376,2.622,238403.15680,0
1764451680000,90919.90,90919.90,90891.60,90902.50,10.024,1764451739999,911194.12580,646,3.040,276323.26120,0
1764451740000,90902.50,90911.60,90902.50,90908.60,8.533,1764451799999,775701.73020,411,3.281,298266.75420,0
1764451800000,90908.60,90923.00,90899.40,90922.90,16.247,1764451859999,1477098.34190,774,8.598,781711.17270,0
1764451860000,90922.90,90923.00,90873.50,90883.40,21.892,1764451919999,1989926.69620,994,4.729,429833.45580,0
1764451920000,90883.40,90931.00,90879.20,90931.00,13.770,1764451979999,1251780.99340,897,10.547,958787.65430,0
1764451980000,90931.00,90931.00,90910.00,90928.10,11.507,1764452039999,1046224.82720,613,4.904,445873.97220,0
1764452040000,90928.00,90937.50,90928.00,90936.90,9.420,1764452099999,856581.57190,515,4.232,384826.16510,0
1764452100000,90936.80,90961.70,90936.80,90961.70,97.014,1764452159999,8823377.63060,1135,72.779,6619176.66590,0
1764452160000,90961.70,90970.00,90961.70,90969.90,26.463,1764452219999,2407185.20350,490,16.126,1466888.54830,0
1764452220000,90970.00,90970.00,90950.00,90954.90,30.317,1764452279999,2757611.33850,1133,9.392,854294.24480,0
1764452280000,90955.00,90967.70,90934.90,90967.70,21.000,1764452339999,1909928.11500,883,12.557,1142063.27320,0
1764452340000,90967.70,90974.10,90967.60,90972.90,20.535,1764452399999,1868127.15320,385,7.400,673188.63610,0
1764452400000,90972.90,90975.70,90962.50,90975.70,17.028,1764452459999,1549071.75390,692,12.387,1126885.61790,0
1764452460000,90975.70,91010.00,90950.80,90950.80,181.519,1764452519999,16517491.94090,2452,154.457,14055336.67560,0
1764452520000,90950.90,90992.10,90936.90,90992.00,27.929,1764452579999,2540586.35460,1002,9.685,880944.91080,0
1764452580000,90992.10,90996.90,90976.10,90976.20,46.369,1764452639999,4219104.53160,899,14.368,1307293.24370,0
1764452640000,90976.10,91020.00,90976.10,90989.90,180.574,1764452699999,16432364.17080,1754,106.693,9708960.90700,0
1764452700000,90990.00,91010.00,90963.20,91009.90,36.807,1764452759999,3349167.17100,962,26.009,2366716.83650,0
1764452760000,91009.90,91014.00,90999.00,91014.00,35.241,1764452819999,3207223.17630,632,13.158,1197466.09070,0
1764452820000,91014.00,91014.00,90972.00,91010.10,52.141,1764452879999,4744494.89240,1147,25.727,2341072.76340,0
1764452880000,91010.10,91010.10,90972.60,90972.60,15.943,1764452939999,1450756.48160,786,7.543,686391.48290,0
1764452940000,90972.50,90972.50,90928.10,90928.20,31.101,1764452999999,2828422.13340,895,2.556,232470.63580,0
1764453000000,90928.10,90940.50,90907.60,90924.20,27.514,1764453059999,2501729.56860,1002,5.252,477538.19940,0
1764453060000,90924.20,90940.90,90892.00,90940.80,28.998,1764453119999,2636399.62370,1137,11.383,1034984.27920,0
1764453120000,90940.90,90967.30,90940.80,90967.30,22.922,1764453179999,2084736.13060,477,19.423,1766473.29110,0
1764453180000,90967.20,90977.40,90945.10,90945.10,21.589,1764453239999,1963879.08980,702,11.807,1074078.35070,0
1764453240000,90945.10,90975.80,90945.10,90975.70,10.798,1764453299999,982239.99440,500,5.765,524396.09060,0
1764453300000,90975.70,90979.70,90974.60,90974.60,11.721,1764453359999,1066341.11640,335,4.850,441235.98640,0
1764453360000,90974.60,90993.10,90974.60,90981.00,15.958,1764453419999,1451908.83340,532,7.430,675998.61810,0
1764453420000,90980.90,90991.50,90980.90,90991.40,9.475,1764453479999,862108.09460,231,7.078,644016.09630,0
1764453480000,90991.40,90991.40,90968.00,90968.10,14.503,1764453539999,1319511.28030,444,2.845,258847.24620,0
1764453540000,90968.00,90970.00,90946.80,90970.00,8.935,1764453599999,812727.70130,592,4.669,424699.69470,0
1764453600000,90970.00,90970.00,90945.40,90945.40,30.904,1764453659999,2810881.82350,692,5.312,483132.17370,0
1764453660000,90945.40,90945.50,90887.20,90889.20,62.413,1764453719999,5674396.26520,1720,28.513,2592197.10320,0
1764453720000,90889.40,90933.90,90889.00,90923.90,147.822,1764453779999,13439100.62340,2295,75.026,6821247.92210,0
1764453780000,90923.80,90930.30,90869.20,90870.80,42.583,1764453839999,3870312.64050,1091,6.410,582752.34460,0
1764453840000,90870.80,90870.90,90868.50,90869.90,5.450,1764453899999,495238.66820,293,1.365,124036.88870,0
1764453900000,90869.90,90870.00,90836.50,90841.90,29.934,1764453959999,2719449.06540,1032,6.288,571252.21820,0
1764453960000,90841.90,90841.90,90838.40,90841.80,8.453,1764454019999,767868.47650,336,3.233,293685.08180,0
1764454020000,90841.80,90884.70,90841.80,90841.90,15.615,1764454079999,1418868.68280,988,6.797,617596.98740,0
1764454080000,90842.00,90871.20,90841.90,90871.10,6.828,1764454139999,620344.76990,449,4.327,393128.46780,0
1764454140000,90871.10,90871.20,90859.20,90865.90,5.772,1764454199999,524473.85410,286,2.205,200359.74970,0
1764454200000,90865.90,90866.00,90865.90,90866.00,3.575,1764454259999,324845.81970,88,2.272,206447.55200,0
1764454260000,90865.90,90866.00,90856.00,90862.20,14.073,1764454319999,1278702.83610,406,3.744,340175.54190,0
1764454320000,90862.20,90862.20,90862.10,90862.10,2.343,1764454379999,212889.97710,115,0.768,69782.16960,0
1764454380000,90862.10,90862.10,90721.40,90721.90,65.147,1764454439999,5913929.16620,2070,13.141,1192775.20730,0
1764454440000,90721.90,90735.40,90686.40,90711.50,39.617,1764454499999,3593609.65960,1048,15.169,1375961.31460,0
1764454500000,90711.50,90764.30,90711.50,90724.80,21.700,1764454559999,1969185.32540,905,14.464,1312525.50500,0
1764454560000,90724.90,90767.30,90724.90,90767.20,23.059,1764454619999,2092555.14720,517,18.051,1638030.79070,0
1764454620000,90767.30,90775.30,90741.80,90768.00,19.195,1764454679999,1742205.75750,765,11.900,1080080.78720,0
1764454680000,90768.00,90786.90,90758.00,90758.00,17.729,1764454739999,1609303.10870,588,8.702,789912.42900,0
1764454740000,90758.10,90758.10,90730.20,90742.60,14.192,1764454799999,1287906.61110,573,4.664,423245.66500,0
1764454800000,90742.50,90742.50,90686.10,90686.10,23.389,1764454859999,2121619.63790,858,4.565,414116.68370,0
1764454860000,90686.10,90712.10,90686.10,90706.60,21.407,1764454919999,1941621.85640,537,10.401,943382.85110,0
1764454920000,90706.50,90711.00,90676.50,90711.00,43.772,1764454979999,3969594.33860,871,6.848,621100.69390,0
1764454980000,90711.00,90724.50,90710.90,90724.50,13.481,1764455039999,1222966.54710,370,5.640,511644.89190,0
1764455040000,90724.40,90724.50,90707.30,90707.30,12.299,1764455099999,1115661.60490,493,2.739,248455.68030,0
1764455100000,90707.30,90735.20,90666.60,90729.40,37.583,1764455159999,3408821.15250,1297,17.934,1626920.86650,0
1764455160000,90729.30,90729.30,90677.80,90678.40,27.305,1764455219999,2476160.60490,715,8.626,782189.43460,0
1764455220000,90678.40,90724.70,90678.40,90690.90,18.057,1764455279999,1637758.73170,871,5.627,510382.89700,0
1764455280000,90690.90,90709.20,90684.10,90709.20,14.666,1764455339999,1330101.25320,645,7.272,659518.41800,0
1764455340000,90709.10,90709.20,90688.50,90694.00,17.239,1764455399999,1563535.11380,480,7.734,701444.22150,0
1764455400000,90694.10,90724.40,90666.00,90666.10,68.480,1764455459999,6209747.92200,1606,30.530,2768466.06330,0
1764455460000,90666.10,90741.10,90666.00,90737.80,41.927,1764455519999,3803536.94000,1064,33.824,3068540.30380,0
1764455520000,90737.80,90737.80,90737.70,90737.80,4.081,1764455579999,370300.86860,216,3.149,285733.33220,0
1764455580000,90737.80,90750.60,90727.70,90727.70,14.290,1764455639999,1296750.28210,458,8.873,805179.40820,0
1764455640000,90727.70,90758.00,90727.70,90758.00,9.241,1764455699999,838656.01490,309,7.293,661862.40830,0
1764455700000,90757.90,90764.80,90757.90,90764.70,7.827,1764455759999,710389.43940,283,5.153,467690.69720,0
1764455760000,90764.70,90780.00,90753.00,90753.10,18.119,1764455819999,1644742.25110,635,9.594,870899.19120,0
1764455820000,90753.10,90809.40,90753.00,90790.20,22.152,1764455879999,2011228.27750,910,16.165,1467609.36970,0
1764455880000,90790.20,90799.60,90767.80,90799.50,16.960,1764455939999,1539691.23550,609,13.730,1246467.56060,0
1764455940000,90799.60,90809.30,90799.50,90809.30,5.639,1764455999999,512020.21250,294,4.080,370463.79200,0
1764456000000,90809.40,90821.60,90782.00,90782.00,14.206,1764456059999,1289880.96490,719,5.438,493757.75590,0
1764456060000,90782.10,90782.10,90760.00,90778.50,6.528,1764456119999,592560.29450,442,3.393,307983.10920,0
1764456120000,90778.40,90867.90,90778.40,90847.50,17.816,1764456179999,1618426.81960,1185,11.036,1002430.17830,0
1764456180000,90847.40,90873.60,90847.40,90856.20,19.835,1764456239999,1802224.41410,812,12.615,1146175.39130,0
1764456240000,90856.30,90858.20,90851.50,90853.10,8.146,1764456299999,740085.69580,279,5.780,525127.18220,0
1764456300000,90853.10,90886.50,90853.10,90886.40,10.858,1764456359999,986723.82260,654,8.756,795697.13560,0
1764456360000,90886.40,90886.50,90801.40,90801.40,28.113,1764456419999,2554065.57310,1234,2.150,195281.61480,0
1764456420000,90801.40,90801.40,90711.00,90730.10,42.751,1764456479999,3879073.41610,1755,11.923,1081813.84950,0
1764456480000,90730.20,90781.90,90730.20,90772.90,15.860,1764456539999,1439551.75080,852,11.340,1029261.62810,0
1764456540000,90772.90,90775.40,90737.90,90737.90,9.155,1764456599999,830992.68630,567,4.738,430086.89170,0
1764456600000,90737.90,90775.90,90735.30,90775.90,12.141,1764456659999,1101828.58310,761,10.680,969233.05530,0
1764456660000,90775.80,90775.90,90775.80,90775.80,2.037,1764456719999,184910.39070,106,0.861,78158.04990,0
1764456720000,90775.80,90775.80,90720.80,90734.30,18.677,1764456779999,1694693.10950,992,7.840,711279.88160,0
1764456780000,90734.30,90775.00,90734.30,90766.90,6.866,1764456839999,623189.04920,535,2.928,265739.41470,0
1764456840000,90767.00,90776.40,90766.90,90776.30,4.131,1764456899999,374988.01700,204,3.529,320340.75020,0
1764456900000,90776.30,90805.90,90761.40,90761.40,14.816,1764456959999,1345169.92280,906,4.276,388237.78750,0
1764456960000,90761.40,90776.70,90761.40,90776.70,6.731,1764457019999,610947.39530,297,5.595,507826.27060,0
1764457020000,90776.60,90779.40,90776.60,90779.30,4.605,1764457079999,418028.71770,199,3.222,292484.17500,0
1764457080000,90779.30,90779.30,90729.20,90729.20,10.195,1764457139999,925248.28950,781,0.841,76308.64860,0
1764457140000,90729.20,90729.30,90685.00,90717.20,53.559,1764457199999,4858015.24060,1271,32.799,2974990.78050,0
1764457200000,90717.20,90729.30,90703.90,90706.50,15.275,1764457259999,1385734.94820,866,4.719,428085.38930,0
1764457260000,90706.60,90719.20,90701.80,90713.90,9.082,1764457319999,823839.02820,439,5.288,479664.20710,0
1764457320000,90713.80,90768.60,90713.80,90729.10,16.478,1764457379999,1495407.01750,1125,7.665,695562.46510,0
1764457380000,90729.00,90729.10,90690.30,90695.80,17.011,1764457439999,1543019.31260,765,4.879,442564.82990,0
1764457440000,90695.80,90735.10,90693.80,90735.10,15.315,1764457499999,1389227.06440,967,10.760,976049.27970,0
1764457500000,90735.10,90745.60,90716.90,90725.80,10.149,1764457559999,920833.97600,583,6.125,555712.07040,0
1764457560000,90725.80,90767.20,90725.80,90748.10,10.474,1764457619999,950555.93920,762,4.816,437077.88440,0
1764457620000,90748.10,90748.20,90676.40,90676.40,16.015,1764457679999,1452670.54760,919,2.935,266198.57870,0
1764457680000,90676.50,90682.60,90671.40,90674.30,19.441,1764457739999,1762842.68590,566,5.120,464263.29170,0
1764457740000,90674.20,90674.30,90670.70,90670.80,5.642,1764457799999,511576.11200,313,1.047,94934.15270,0
1764457800000,90670.70,90682.60,90653.00,90682.60,25.001,1764457859999,2266856.18810,1097,11.750,1065394.32750,0
1764457860000,90682.50,90691.40,90682.50,90691.40,5.191,1764457919999,470757.37600,293,3.366,305259.13830,0
1764457920000,90691.30,90691.40,90674.00,90674.00,7.912,1764457979999,717493.46430,334,1.654,149999.78630,0
1764457980000,90674.10,90677.10,90667.00,90677.00,5.825,1764458039999,528153.14040,324,2.760,250248.16020,0
1764458040000,90677.00,90677.10,90670.00,90677.00,4.792,1764458099999,434511.55600,234,0.617,55945.41090,0
1764458100000,90677.00,90687.50,90666.80,90666.90,10.238,1764458159999,928391.19430,477,5.334,483688.38680,0
1764458160000,90666.80,90701.60,90666.80,90701.50,10.423,1764458219999,945194.40130,622,5.996,543761.46150,0
1764458220000,90701.50,90714.10,90701.50,90714.00,10.676,1764458279999,968427.20290,363,7.796,707178.13050,0
1764458280000,90714.00,90720.40,90704.40,90720.30,14.835,1764458339999,1345734.63950,517,7.184,651713.70750,0
1764458340000,90720.40,90730.90,90720.30,90720.90,3.432,1764458399999,311366.94150,300,2.472,224269.29740,0
1764458400000,90720.90,90738.00,90720.90,90738.00,4.775,1764458459999,433238.45640,536,3.744,339694.10290,0
1764458460000,90738.00,90770.40,90737.90,90770.40,16.583,1764458519999,1504995.26550,606,13.817,1253935.06020,0
1764458520000,90770.40,90783.40,90770.30,90781.30,17.456,1764458579999,1584615.28860,571,12.655,1148794.07240,0
1764458580000,90781.20,90799.90,90781.20,90799.90,12.645,1764458639999,1147991.30620,369,8.889,806997.21610,0
1764458640000,90799.90,90819.00,90792.30,90818.90,20.144,1764458699999,1829161.19470,590,10.641,966276.30140,0
1764458700000,90818.90,90849.00,90810.40,90840.80,20.455,1764458759999,1857916.83400,891,14.522,1319005.18930,0
1764458760000,90840.70,90840.70,90818.20,90818.30,7.164,1764458819999,650703.90430,388,1.241,112716.47270,0
1764458820000,90818.20,90818.30,90803.50,90804.00,5.875,1764458879999,533497.07640,292,0.825,74915.08650,0
1764458880000,90804.00,90804.10,90797.60,90797.60,13.592,1764458939999,1234205.70820,275,2.892,262605.45720,0
1764458940000,90797.70,90797.70,90778.50,90778.50,11.353,1764458999999,1030727.08010,470,0.877,79616.38200,0
1764459000000,90778.50,90800.00,90778.50,90800.00,11.602,1764459059999,1053323.94880,453,9.992,907155.85740,0
1764459060000,90799.90,90800.00,90797.20,90799.90,4.529,1764459119999,411230.12970,241,2.089,189679.22730,0
1764459120000,90800.00,90822.90,90799.90,90814.90,9.876,1764459179999,896877.17260,503,6.159,559301.92370,0
1764459180000,90814.70,90814.70,90780.70,90795.60,13.439,1764459239999,1220108.82550,731,2.989,271354.31270,0
1764459240000,90795.60,90795.60,90775.70,90775.70,12.988,1764459299999,1179080.79710,416,6.470,587337.57460,0
1764459300000,90775.80,90805.10,90775.80,90786.90,25.414,1764459359999,2307467.70920,776,16.565,1504001.14050,0
1764459360000,90786.90,90789.60,90786.80,90789.60,3.254,1764459419999,295421.35020,142,1.280,116207.93700,0
1764459420000,90789.60,90789.60,90779.10,90779.20,2.499,1764459479999,226873.80090,229,0.854,77530.22480,0
1764459480000,90779.20,90835.00,90779.10,90834.90,39.274,1764459539999,3567046.77910,875,32.356,2938677.17210,0
1764459540000,90834.80,90859.20,90834.50,90840.70,47.401,1764459599999,4306304.46140,861,37.693,3424373.65330,0
1764459600000,90840.70,90845.90,90812.30,90812.40,35.390,1764459659999,3214737.38250,706,1.383,125629.20970,0
1764459660000,90812.40,90812.40,90791.10,90791.20,15.570,1764459719999,1413778.99390,375,1.530,138912.34820,0
1764459720000,90791.10,90798.50,90781.20,90798.50,6.606,1764459779999,599736.27650,440,2.369,215070.88630,0
1764459780000,90798.50,90827.10,90798.50,90820.90,11.308,1764459839999,1026963.68610,686,8.732,793002.16590,0
1764459840000,90820.90,90820.90,90812.70,90812.80,3.669,1764459899999,333200.24900,215,1.937,175905.86780,0
1764459900000,90812.70,90812.80,90795.50,90796.70,37.589,1764459959999,3413425.14370,544,1.283,116493.54110,0
1764459960000,90796.80,90812.80,90796.70,90812.80,7.875,1764460019999,715076.58160,412,3.487,316633.90200,0
1764460020000,90812.70,90812.80,90780.90,90792.70,19.593,1764460079999,1778877.36000,672,2.452,222608.23670,0
1764460080000,90792.70,90802.70,90782.00,90791.00,20.119,1764460139999,1826713.33960,706,7.278,660799.10390,0
1764460140000,90791.00,90791.10,90713.90,90713.90,46.341,1764460199999,4205307.50960,1596,6.799,616881.03310,0
1764460200000,90713.90,90735.50,90713.90,90735.40,13.776,1764460259999,1249819.22090,668,7.253,658008.44590,0
1764460260000,90735.40,90759.40,90735.40,90759.40,6.522,1764460319999,591824.29220,612,5.216,473309.55660,0
1764460320000,90759.40,90774.00,90759.30,90773.90,10.178,1764460379999,923826.73470,432,3.463,314322.21300,0
1764460380000,90773.90,90806.50,90771.40,90806.50,26.419,1764460439999,2398379.26230,787,23.269,2112432.26030,0
1764460440000,90806.50,90806.50,90777.70,90777.80,22.119,1764460499999,2008237.77120,616,9.948,903187.90220,0
1764460500000,90777.70,90784.20,90769.60,90784.20,15.037,1764460559999,1364984.06280,524,8.123,737350.90670,0
1764460560000,90784.20,90790.00,90780.60,90790.00,9.512,1764460619999,863534.80350,250,7.106,645105.94700,0
1764460620000,90789.90,90809.60,90787.50,90787.60,23.642,1764460679999,2146770.48490,620,10.774,978286.85170,0
1764460680000,90787.60,90787.60,90757.80,90757.80,13.386,1764460739999,1215167.64240,513,1.351,122650.63840,0
1764460740000,90757.90,90765.00,90757.80,90765.00,13.486,1764460799999,1224001.77580,488,9.809,890277.81630,0
