open_time,open,high,low,close,volume,close_time,quote_volume,count,taker_buy_volume,taker_buy_quote_volume,ignore
1769904000000,78706.70,78743.20,78643.80,78649.50,89.071,1769904059999,7008566.08670,4640,50.171,3947529.16430,0
1769904060000,78649.40,78649.40,78600.20,78642.90,91.880,1769904119999,7223768.55470,4432,41.645,3274356.31770,0
1769904120000,78643.00,78789.00,78634.90,78789.00,148.447,1769904179999,11684918.64940,5888,111.787,8799494.19030,0
1769904180000,78789.00,78866.40,78759.10,78834.30,151.045,1769904239999,11905895.08950,7242,81.784,6447071.52500,0
1769904240000,78834.30,78902.30,78814.50,78892.90,104.255,1769904299999,8221142.27430,5231,69.773,5502120.45250,0
1769904300000,78892.90,78909.70,78860.00,78875.20,139.757,1769904359999,11024873.00830,6124,87.146,6874299.55420,0
1769904360000,78875.10,78967.60,78865.00,78940.00,117.993,1769904419999,9309962.55550,4637,75.041,5920739.93540,0
1769904420000,78940.00,78994.00,78882.80,78990.60,102.820,1769904479999,8118455.50040,5170,62.180,4909547.48420,0
1769904480000,78990.60,79050.90,78981.90,79050.80,111.192,1769904539999,8784824.16480,3698,79.924,6314578.62590,0
1769904540000,79050.90,79124.90,78982.40,79124.90,137.250,1769904599999,10850330.86930,5737,73.704,5827529.68090,0
1769904600000,79125.00,79228.30,79125.00,79188.20,286.970,1769904659999,22723348.72500,10340,192.987,15280871.95690,0
1769904660000,79188.20,79318.70,79066.60,79278.30,561.190,1769904719999,44471052.28990,10771,369.051,29245153.18890,0
1769904720000,79278.20,79316.70,79198.30,79205.40,203.891,1769904779999,16159519.40450,7430,77.734,6161636.98650,0
1769904780000,79205.10,79262.70,79078.80,79228.80,220.964,1769904839999,17496142.19550,8911,101.317,8021392.20160,0
1769904840000,79228.70,79356.70,79228.70,79305.80,238.718,1769904899999,18930554.16680,7197,143.440,11374046.64790,0
1769904900000,79305.90,79310.00,79228.60,79279.40,148.763,1769904959999,11791611.82880,6817,74.650,5916922.08950,0
1769904960000,79279.30,79396.80,79245.70,79252.40,237.168,1769905019999,18812502.46780,9802,146.675,11634474.74000,0
1769905020000,79252.50,79277.90,79215.30,79223.20,132.465,1769905079999,10496839.23210,5974,64.931,5145068.69910,0
1769905080000,79223.20,79247.30,79145.10,79207.10,138.360,1769905139999,10957629.34570,6553,58.024,4595457.23430,0
1769905140000,79207.20,79307.70,79207.20,79268.00,166.258,1769905199999,13177680.80670,7097,88.740,7032884.40130,0
1769905200000,79268.00,79275.20,79200.00,79222.70,116.840,1769905259999,9256588.10620,4976,61.162,4845272.12900,0
1769905260000,79222.60,79222.70,79151.00,79184.80,108.177,1769905319999,8564219.95250,4501,57.343,4539588.79080,0
1769905320000,79184.70,79207.40,79023.80,79032.10,124.890,1769905379999,9882802.33480,5047,48.400,3830148.96410,0
1769905380000,79032.10,79038.00,78942.50,78947.30,203.009,1769905439999,16037125.52350,5362,65.424,5167514.18210,0
1769905440000,78947.40,78984.10,78933.40,78949.40,110.860,1769905499999,8753282.41510,3972,56.511,4461871.23220,0
1769905500000,78949.40,78963.40,78930.30,78945.50,72.014,1769905559999,5685580.43140,1877,38.311,3024646.92820,0
1769905560000,78945.50,79105.20,78932.90,79020.10,124.056,1769905619999,9803581.30080,5695,80.440,6356377.96460,0
1769905620000,79020.10,79073.50,79012.90,79035.00,74.134,1769905679999,5859214.31560,2998,47.792,3777178.63400,0
1769905680000,79035.00,79116.80,79014.20,79092.40,148.794,1769905739999,11765993.66840,5474,88.592,7005345.41410,0
1769905740000,79092.40,79116.80,79033.00,79056.90,107.951,1769905799999,8536095.23920,4674,57.729,4564896.54680,0
1769905800000,79056.90,79190.00,79050.00,79112.60,104.770,1769905859999,8289617.43180,5444,57.492,4548752.13740,0
1769905860000,79112.60,79119.90,78988.90,78988.90,105.502,1769905919999,8340068.07930,4982,41.167,3254665.27230,0
1769905920000,78989.00,79021.70,78936.00,78973.40,242.683,1769905979999,19169323.06410,6197,167.068,13196740.62250,0
1769905980000,78973.40,79109.80,78953.70,79015.30,84.111,1769906039999,6647389.59860,5347,46.136,3645884.24980,0
1769906040000,79015.40,79018.50,78935.00,78967.30,97.390,1769906099999,7692126.40340,4363,39.840,3146574.90740,0
1769906100000,78967.40,79025.20,78936.10,78958.00,66.260,1769906159999,5233036.69620,4033,32.218,2544514.88410,0
1769906160000,78958.00,78961.40,78807.90,78877.00,175.185,1769906219999,13815772.52370,7786,57.555,4538247.36550,0
1769906220000,78877.00,78884.70,78803.80,78824.10,71.695,1769906279999,5652478.11160,4702,25.589,2017463.94210,0
1769906280000,78824.00,78842.40,78785.50,78819.80,92.060,1769906339999,7255150.15430,3570,34.747,2738465.25580,0
1769906340000,78819.80,78819.80,78734.20,78744.20,140.255,1769906399999,11046697.67300,4739,59.923,4718997.08650,0
1769906400000,78744.20,78783.80,78711.30,78719.00,96.936,1769906459999,7635000.90770,4246,51.545,4060034.07810,0
1769906460000,78719.10,78788.70,78719.00,78779.80,74.269,1769906519999,5849374.22030,3930,36.877,2904499.56960,0
1769906520000,78779.70,78851.60,78772.80,78815.10,135.137,1769906579999,10650871.15740,5076,89.819,7079011.11850,0
1769906580000,78815.00,78822.70,78771.20,78804.00,67.032,1769906639999,5281981.02950,3038,38.553,3037834.23550,0
1769906640000,78804.00,78807.40,78713.30,78721.00,86.330,1769906699999,6800535.01320,3898,28.677,2258889.14140,0
1769906700000,78721.10,78810.00,78707.00,78788.90,72.793,1769906759999,5732429.78600,4026,41.871,3297760.83020,0
1769906760000,78788.80,78855.90,78758.70,78820.80,85.202,1769906819999,6714305.76690,5022,58.106,4578807.78730,0
1769906820000,78820.70,78942.40,78792.90,78920.10,97.092,1769906879999,7659390.56200,5156,62.205,4907040.66770,0
1769906880000,78920.00,78951.80,78894.90,78894.90,57.152,1769906939999,4510264.45180,2621,24.161,1906628.97600,0
1769906940000,78894.90,78947.60,78887.50,78919.90,50.181,1769906999999,3959857.79260,2351,24.619,1942688.74540,0
1769907000000,78919.90,78980.00,78896.30,78951.50,61.120,1769907059999,4824853.29520,3855,42.754,3375016.47810,0
1769907060000,78951.60,79077.70,78951.60,79072.60,165.876,1769907119999,13106410.37900,6354,118.254,9343317.12460,0
1769907120000,79072.60,79072.60,78920.60,78927.90,70.021,1769907179999,5532734.78640,4033,33.495,2646512.18990,0
1769907180000,78927.80,78984.00,78920.10,78984.00,35.990,1769907239999,2841286.07090,2259,22.094,1744293.59850,0
1769907240000,78984.00,79012.00,78928.70,78971.60,54.408,1769907299999,4296944.89860,2968,21.674,1711574.91180,0
1769907300000,78971.50,78992.70,78955.80,78989.20,39.737,1769907359999,3138096.47420,2394,27.455,2168138.65880,0
1769907360000,78989.10,78998.40,78950.60,78960.30,34.501,1769907419999,2724477.16540,2083,13.795,1089326.54230,0
1769907420000,78960.30,79000.00,78960.20,78991.50,23.666,1769907479999,1869359.96260,1274,12.698,1002953.83230,0
1769907480000,78991.50,78991.50,78836.60,78842.00,112.652,1769907539999,8888265.27390,5569,30.490,2405298.50070,0
1769907540000,78842.10,78900.80,78842.10,78861.20,52.510,1769907599999,4141535.42060,3434,32.583,2569788.68480,0
1769907600000,78861.30,78906.30,78842.80,78889.00,45.558,1769907659999,3593436.22330,3035,26.017,2052105.49350,0
1769907660000,78889.00,78889.00,78737.50,78752.90,89.211,1769907719999,7029762.66920,3757,46.103,3632313.16480,0
1769907720000,78753.00,78853.60,78746.00,78773.10,64.512,1769907779999,5083639.52770,4555,36.134,2847183.35300,0
1769907780000,78773.20,78808.50,78750.00,78771.40,51.280,1769907839999,4039591.38890,3537,23.419,1844864.22680,0
1769907840000,78771.40,78771.50,78650.50,78733.70,136.256,1769907899999,10724138.99680,5596,38.965,3066831.56320,0
1769907900000,78733.70,78756.40,78621.30,78638.30,145.526,1769907959999,11453132.36160,5801,52.875,4161405.15690,0
1769907960000,78638.60,78711.50,78622.80,78648.40,74.185,1769908019999,5835886.78130,4938,39.294,3090905.23930,0
1769908020000,78648.30,78648.40,78555.60,78602.50,214.371,1769908079999,16846998.31370,7725,75.187,5908590.87210,0
1769908080000,78602.50,78664.00,78572.10,78658.10,84.794,1769908139999,6665498.52990,4386,54.689,4298993.46900,0
1769908140000,78658.00,78664.60,78605.40,78605.40,40.922,1769908199999,3218591.21470,2311,23.415,1841626.82140,0
1769908200000,78605.40,78627.90,78533.00,78538.70,80.771,1769908259999,6347091.42870,4533,29.831,2344509.42480,0
1769908260000,78538.80,78599.80,78431.30,78560.20,338.172,1769908319999,26556262.81110,9106,116.966,9185279.75310,0
1769908320000,78560.30,78614.30,78525.20,78614.30,129.109,1769908379999,10142363.34450,4757,71.718,5633822.66790,0
1769908380000,78614.40,78683.50,78614.40,78657.90,81.904,1769908439999,6441977.94670,3432,47.393,3727557.60680,0
1769908440000,78657.80,78676.10,78627.20,78666.80,55.028,1769908499999,4328221.51790,3138,30.518,2400371.13200,0
1769908500000,78666.90,78666.90,78512.50,78555.60,59.701,1769908559999,4690612.53910,3782,28.771,2260135.35470,0
1769908560000,78555.70,78588.30,78400.00,78437.20,324.327,1769908619999,25442741.20230,10017,113.125,8873911.14400,0
1769908620000,78437.30,78465.50,78408.50,78438.30,140.181,1769908679999,10996971.53440,4502,64.163,5033298.44860,0
1769908680000,78438.30,78481.20,78380.00,78418.90,110.349,1769908739999,8653538.62330,4211,50.359,3949118.71510,0
1769908740000,78418.80,78424.00,78352.20,78375.00,137.876,1769908799999,10808157.48250,4385,68.106,5338767.73530,0
1769908800000,78375.00,78416.90,78356.50,78403.10,117.515,1769908859999,9212245.91820,4647,70.798,5549994.64540,0
1769908860000,78403.10,78493.70,78386.00,78470.40,140.025,1769908919999,10984086.73640,4784,105.000,8236235.14930,0
1769908920000,78470.30,78520.50,78459.00,78520.50,62.942,1769908979999,4940552.28240,3652,35.387,2777615.54370,0
1769908980000,78520.70,78578.50,78520.20,78570.70,118.717,1769909039999,9326364.68280,3976,81.788,6425255.10420,0
1769909040000,78570.70,78587.10,78545.10,78586.50,51.172,1769909099999,4019985.24470,2180,36.788,2890029.04320,0
1769909100000,78586.40,78588.30,78546.70,78566.10,33.753,1769909159999,2651949.94060,2288,16.537,1299270.51500,0
1769909160000,78566.00,78575.80,78546.80,78568.00,45.605,1769909219999,3582801.07510,2028,21.631,1699406.79260,0
1769909220000,78567.90,78757.20,78567.90,78745.50,230.898,1769909279999,18158518.18580,5728,210.902,16584981.72730,0
1769909280000,78745.60,78776.70,78742.00,78776.70,120.332,1769909339999,9477200.50910,3759,75.409,5939132.61480,0
1769909340000,78776.80,78847.10,78760.80,78800.50,101.994,1769909399999,8037791.54880,4460,69.752,5496656.45510,0
1769909400000,78800.40,78820.90,78767.40,78772.20,97.947,1769909459999,7717149.52730,5005,48.967,3858033.02520,0
1769909460000,78772.20,78837.90,78745.70,78765.20,67.712,1769909519999,5335085.02710,4183,32.729,2578660.74310,0
1769909520000,78765.30,78765.30,78632.40,78632.50,92.863,1769909579999,7306443.39460,4895,32.686,2571369.42200,0
1769909580000,78632.40,78666.70,78553.50,78566.00,99.613,1769909639999,7829715.72030,4878,29.916,2351613.72670,0
1769909640000,78566.10,78648.20,78566.00,78648.20,56.252,1769909699999,4422475.66840,3341,31.142,2448357.10560,0
1769909700000,78648.20,78683.40,78568.00,78574.30,62.959,1769909759999,4951310.43150,3366,26.641,2095084.95360,0
1769909760000,78574.40,78590.10,78551.70,78567.60,73.770,1769909819999,5796327.20980,2983,38.881,3054796.43480,0
1769909820000,78567.60,78603.10,78546.90,78546.90,65.534,1769909879999,5149680.21570,3884,27.987,2199302.28100,0
1769909880000,78546.90,78585.20,78509.30,78515.60,50.568,1769909939999,3972238.93450,2670,22.028,1730517.87310,0
1769909940000,78515.60,78526.10,78461.60,78463.20,69.623,1769909999999,5464771.47220,3883,22.059,1731417.02870,0
1769910000000,78463.30,78500.00,78461.10,78491.00,67.179,1769910059999,5272404.05010,2346,47.198,3704146.54970,0
1769910060000,78491.00,78497.90,78343.10,78357.30,144.167,1769910119999,11303729.92860,7250,54.248,4253319.51690,0
1769910120000,78357.20,78417.40,78349.80,78349.80,134.470,1769910179999,10541088.96440,5540,48.531,3804276.74460,0
1769910180000,78349.80,78397.20,78333.00,78344.80,126.971,1769910239999,9949149.42580,3855,49.731,3896703.71510,0
1769910240000,78344.90,78374.20,78245.70,78310.90,179.823,1769910299999,14080466.32550,5715,73.307,5740445.75530,0
1769910300000,78311.00,78331.80,78300.00,78329.70,72.800,1769910359999,5701777.01920,2842,39.924,3126876.34640,0
1769910360000,78329.80,78337.10,78246.10,78290.20,103.949,1769910419999,8140207.14740,4609,52.738,4129968.07360,0
1769910420000,78290.10,78362.50,78290.10,78325.20,80.898,1769910479999,6337679.17470,3475,44.653,3498088.06620,0
1769910480000,78325.20,78368.90,78323.30,78361.00,54.678,1769910539999,4283629.07840,2354,26.021,2038545.36660,0
1769910540000,78361.00,78450.90,78361.00,78446.20,62.918,1769910599999,4933562.25280,4583,38.550,3022655.34390,0
1769910600000,78446.20,78456.40,78401.50,78439.00,33.493,1769910659999,2626847.38670,2939,17.966,1409012.95870,0
1769910660000,78439.10,78480.00,78427.90,78479.90,60.189,1769910719999,4721758.05940,2479,24.793,1944861.22170,0
1769910720000,78480.00,78494.10,78435.30,78446.90,47.311,1769910779999,3712427.02870,2609,27.294,2141756.78980,0
1769910780000,78446.90,78484.70,78446.60,78468.80,37.843,1769910839999,2969404.98750,2730,19.840,1556692.11920,0
1769910840000,78468.80,78485.10,78450.00,78450.00,20.652,1769910899999,1620524.16730,1130,8.041,630963.09550,0
1769910900000,78450.00,78500.00,78450.00,78459.90,36.425,1769910959999,2858120.41150,2328,21.503,1687236.39030,0
1769910960000,78459.90,78512.20,78459.90,78512.10,35.112,1769911019999,2755792.43990,1643,28.604,2245026.68900,0
1769911020000,78512.10,78521.60,78451.90,78466.60,39.202,1769911079999,3076424.27010,2395,17.828,1398968.70730,0
1769911080000,78466.70,78490.40,78462.60,78473.10,30.880,1769911139999,2423267.49310,1364,17.632,1383569.61340,0
1769911140000,78473.00,78508.10,78468.20,78504.80,28.266,1769911199999,2218523.93510,1459,20.237,1588346.87620,0
1769911200000,78504.80,78592.10,78504.80,78582.20,178.670,1769911259999,14035453.70780,4418,89.157,7003660.02450,0
1769911260000,78582.20,78582.30,78405.00,78405.00,94.036,1769911319999,7379432.28940,5268,28.489,2235736.87010,0
1769911320000,78405.10,78449.70,78400.00,78403.20,148.504,1769911379999,11645933.15920,3056,32.999,2587854.82500,0
1769911380000,78403.30,78403.30,78355.50,78367.20,61.854,1769911439999,4847590.18480,2951,30.667,2403298.89770,0
1769911440000,78367.20,78374.30,78339.60,78359.10,35.496,1769911499999,2781383.77000,1949,13.944,1092645.27270,0
1769911500000,78359.20,78418.40,78359.10,78418.40,53.191,1769911559999,4169722.90460,2781,32.413,2540755.09830,0
1769911560000,78418.40,78437.20,78374.80,78391.10,41.681,1769911619999,3268467.60910,2653,16.983,1331732.57440,0
1769911620000,78391.00,78397.80,78353.60,78382.10,32.238,1769911679999,2526484.72440,2104,13.936,1092098.60990,0
1769911680000,78382.10,78502.50,78382.10,78497.50,59.600,1769911739999,4675957.30090,3685,46.651,3659800.44900,0
1769911740000,78497.50,78552.90,78480.60,78552.80,49.205,1769911799999,3862895.14670,3328,28.664,2250352.56310,0
1769911800000,78552.80,78749.90,78552.80,78662.20,149.089,1769911859999,11729034.13320,7030,97.753,7689890.71360,0
1769911860000,78662.20,78719.30,78658.90,78689.30,63.735,1769911919999,5015233.54490,2913,37.041,2914609.53200,0
1769911920000,78689.30,78733.30,78687.40,78733.20,53.930,1769911979999,4244248.67570,3292,31.562,2483886.52840,0
1769911980000,78733.30,78758.00,78705.60,78727.40,128.347,1769912039999,10104439.11620,4189,42.262,3327041.48960,0
1769912040000,78727.50,78825.60,78725.60,78788.40,122.310,1769912099999,9636516.15730,4515,73.289,5773909.40070,0
1769912100000,78788.30,78843.40,78771.90,78819.10,55.059,1769912159999,4338504.78990,2816,26.568,2093452.85640,0
1769912160000,78819.00,78871.80,78789.50,78816.40,122.830,1769912219999,9682404.79680,6177,56.368,4443382.69540,0
1769912220000,78816.40,78816.40,78757.30,78760.90,69.678,1769912279999,5489324.48410,3368,22.496,1772179.94610,0
1769912280000,78760.80,78799.30,78744.00,78791.10,43.655,1769912339999,3438337.58760,3062,17.972,1415428.15540,0
1769912340000,78791.10,78823.40,78745.80,78755.20,72.537,1769912399999,5714515.01570,4085,43.923,3460288.47400,0
1769912400000,78755.10,78764.50,78607.50,78628.90,90.412,1769912459999,7114102.50170,4713,29.961,2357638.93320,0
1769912460000,78628.80,78628.90,78500.00,78516.00,69.556,1769912519999,5464114.22140,4157,19.527,1534056.96950,0
1769912520000,78515.90,78565.00,78490.60,78500.90,49.146,1769912579999,3859280.22650,3830,24.263,1905301.90920,0
1769912580000,78500.90,78517.50,78474.40,78506.50,42.723,1769912639999,3353704.69930,2158,29.000,2276499.94280,0
1769912640000,78506.50,78557.60,78506.40,78539.00,61.266,1769912699999,4811246.13680,2736,46.162,3625016.33340,0
1769912700000,78539.00,78592.40,78539.00,78550.80,29.434,1769912759999,2312645.21130,2237,17.600,1382824.15090,0
1769912760000,78550.80,78581.50,78514.20,78514.20,36.779,1769912819999,2889125.20480,2307,14.334,1126005.62490,0
1769912820000,78514.30,78548.40,78500.00,78530.40,43.060,1769912879999,3381144.43650,2178,27.545,2162793.06830,0
1769912880000,78530.30,78584.00,78526.70,78568.20,27.259,1769912939999,2141430.03820,1898,19.703,1547731.72020,0
1769912940000,78568.20,78596.00,78548.40,78596.00,20.486,1769912999999,1609512.32090,1745,11.875,932943.74250,0
1769913000000,78596.10,78635.50,78586.20,78597.30,35.324,1769913059999,2776718.05460,2699,19.945,1567824.54480,0
1769913060000,78597.30,78668.60,78590.90,78668.60,46.704,1769913119999,3672518.13720,2919,33.122,2604361.69840,0
1769913120000,78668.50,78703.20,78664.00,78677.10,45.167,1769913179999,3553581.45950,2313,30.655,2411776.67040,0
1769913180000,78677.10,78693.90,78581.50,78581.60,39.146,1769913239999,3078683.40440,2610,8.409,661339.89260,0
1769913240000,78581.60,78683.50,78567.50,78676.50,46.919,1769913299999,3688550.46910,2976,31.310,2461153.11480,0
1769913300000,78676.60,78727.80,78676.60,78716.10,35.884,1769913359999,2824181.48580,2506,21.718,1709275.59040,0
1769913360000,78716.00,78755.50,78655.50,78679.80,62.785,1769913419999,4941438.36880,4309,29.423,2315464.53060,0
1769913420000,78679.90,78761.50,78679.80,78761.50,33.050,1769913479999,2601680.11880,2965,19.562,1539867.24960,0
1769913480000,78761.60,78762.40,78700.10,78718.30,43.763,1769913539999,3445357.60430,3234,19.099,1503571.60130,0
1769913540000,78718.30,78777.20,78705.60,78739.10,37.708,1769913599999,2969183.25860,3499,17.914,1410528.69160,0
1769913600000,78739.10,78764.40,78706.80,78728.30,46.779,1769913659999,3683038.89940,2605,31.967,2516745.76330,0
1769913660000,78728.40,78746.40,78695.40,78746.40,32.256,1769913719999,2539287.31170,1827,16.046,1263207.68230,0
1769913720000,78746.30,78768.00,78739.30,78749.60,30.677,1769913779999,2415834.55220,1912,13.583,1069663.96900,0
1769913780000,78749.50,78749.60,78668.80,78668.90,28.981,1769913839999,2280980.90090,1963,10.544,829837.44440,0
1769913840000,78668.80,78748.40,78668.80,78718.50,39.840,1769913899999,3135806.90810,2936,23.722,1866959.57790,0
1769913900000,78718.60,78776.20,78709.60,78730.70,45.202,1769913959999,3559404.05530,2766,28.223,2222312.77910,0
1769913960000,78730.60,78825.00,78686.30,78825.00,72.618,1769914019999,5719141.19650,3949,54.990,4331097.99730,0
1769914020000,78824.90,78825.00,78778.30,78803.20,56.106,1769914079999,4421172.34700,2755,30.189,2378855.56920,0
1769914080000,78803.10,78836.00,78803.10,78824.50,42.991,1769914139999,3388781.50800,2274,27.042,2131538.49770,0
1769914140000,78824.50,78836.00,78799.00,78825.80,43.121,1769914199999,3398972.17620,2283,22.466,1770846.79380,0
1769914200000,78825.80,78848.70,78806.40,78841.60,84.264,1769914259999,6642720.03060,2740,52.697,4154091.14490,0
1769914260000,78841.60,78841.60,78761.30,78803.20,78.526,1769914319999,6188552.75880,2781,21.081,1661001.37490,0
1769914320000,78803.30,78910.80,78803.20,78860.90,83.875,1769914379999,6615180.71900,4088,61.115,4820090.20810,0
1769914380000,78860.90,78963.20,78846.70,78951.40,134.885,1769914439999,10644525.31640,4921,85.294,6730728.75380,0
1769914440000,78951.40,78998.90,78940.00,78998.90,79.005,1769914499999,6239158.68960,3910,44.853,3542144.84800,0
1769914500000,78998.90,79024.00,78893.10,78926.90,127.656,1769914559999,10080146.40160,5673,47.112,3720932.04120,0
1769914560000,78926.90,78962.80,78901.60,78962.50,42.088,1769914619999,3321836.64960,2480,21.534,1699670.88880,0
1769914620000,78962.60,78966.90,78920.80,78956.10,50.672,1769914679999,4000171.56000,2572,24.967,1970913.74590,0
1769914680000,78956.10,78957.70,78852.50,78867.00,60.807,1769914739999,4797886.85720,2726,18.037,1422927.00090,0
1769914740000,78866.90,78927.60,78856.40,78856.40,52.458,1769914799999,4138311.34660,2670,14.548,1147652.21020,0
1769914800000,78856.40,78950.00,78856.40,78893.80,62.620,1769914859999,4941339.11980,3725,38.432,3032461.10710,0
1769914860000,78893.80,78947.20,78886.00,78947.20,47.766,1769914919999,3769032.01940,3130,29.737,2346426.57350,0
1769914920000,78947.50,78971.50,78940.90,78948.90,33.838,1769914979999,2671659.62930,2515,16.951,1338343.00140,0
1769914980000,78948.80,78948.90,78868.40,78868.40,41.247,1769915039999,3254237.78390,2496,15.187,1198148.86300,0
1769915040000,78868.50,78868.50,78755.10,78755.20,72.146,1769915099999,5684698.78380,3054,25.573,2014521.28910,0
1769915100000,78755.10,78803.90,78721.60,78753.90,73.091,1769915159999,5756250.87410,4753,41.253,3248872.10410,0
1769915160000,78754.00,78776.80,78722.20,78730.90,64.546,1769915219999,5083021.29740,2699,42.546,3350566.90770,0
1769915220000,78730.90,78753.40,78705.60,78715.10,106.036,1769915279999,8348449.33670,2661,74.912,5898096.47240,0
1769915280000,78715.10,78766.60,78703.40,78748.30,64.554,1769915339999,5081979.54040,2813,34.204,2692655.35600,0
1769915340000,78748.40,78882.40,78741.70,78854.90,70.467,1769915399999,5552743.36090,3718,49.389,3891156.17150,0
1769915400000,78854.90,78854.90,78824.50,78840.80,30.259,1769915459999,2385631.15900,1782,16.621,1310415.71290,0
1769915460000,78840.70,78900.00,78840.70,78840.90,37.185,1769915519999,2932236.21840,2568,15.052,1186943.80550,0
1769915520000,78840.80,78852.10,78830.40,78836.60,28.554,1769915579999,2251223.62330,1392,11.237,885935.35290,0
1769915580000,78836.60,78854.50,78779.80,78779.80,46.320,1769915639999,3650499.85490,3330,16.364,1289787.97920,0
1769915640000,78779.90,78836.00,78779.80,78831.80,35.139,1769915699999,2769108.24260,1533,22.047,1737336.95620,0
1769915700000,78831.90,78859.40,78827.20,78827.20,51.591,1769915759999,4067620.50580,2314,19.439,1532642.39130,0
1769915760000,78827.10,78827.10,78754.60,78754.60,48.167,1769915819999,3794951.65540,2280,13.760,1084070.31030,0
1769915820000,78754.50,78781.70,78712.20,78744.20,87.780,1769915879999,6912669.88150,3185,39.873,3139645.03320,0
1769915880000,78744.20,78744.20,78681.10,78743.10,56.242,1769915939999,4427170.84010,3456,24.319,1914254.52980,0
1769915940000,78743.10,78759.90,78659.90,78660.60,60.471,1769915999999,4759170.00850,2610,16.279,1281292.84040,0
1769916000000,78660.60,78744.20,78660.00,78736.80,45.796,1769916059999,3604121.88040,2650,26.384,2076370.93700,0
1769916060000,78736.70,78763.30,78729.00,78751.50,44.964,1769916119999,3541101.89020,1581,22.948,1807148.52090,0
1769916120000,78751.50,78757.00,78683.40,78689.20,33.741,1769916179999,2656054.38890,2208,14.141,1113141.15280,0
1769916180000,78689.20,78702.40,78630.30,78659.20,141.455,1769916239999,11126063.43450,3462,25.170,1979799.44740,0
1769916240000,78659.20,78708.80,78650.80,78708.70,21.954,1769916299999,1727208.76670,1789,9.749,766940.29280,0
1769916300000,78708.70,78756.00,78670.60,78677.40,47.580,1769916359999,3745138.41860,3368,26.961,2122234.71680,0
1769916360000,78677.50,78731.50,78677.50,78731.40,17.644,1769916419999,1388538.74610,1303,11.129,875823.61140,0
1769916420000,78731.40,78752.80,78727.10,78727.10,22.304,1769916479999,1756162.48650,1596,9.736,766581.20210,0
1769916480000,78727.20,78746.90,78711.40,78727.40,19.643,1769916539999,1546429.79900,1508,8.321,655060.05310,0
1769916540000,78727.40,78756.00,78705.60,78705.70,24.655,1769916599999,1941235.43280,1515,13.590,1069971.19670,0
1769916600000,78705.70,78759.90,78705.70,78750.50,23.844,1769916659999,1877444.05300,1554,13.426,1057054.60440,0
1769916660000,78750.50,78750.50,78679.90,78679.90,40.344,1769916719999,3176329.28170,2536,13.374,1052938.64770,0
1769916720000,78680.00,78680.00,78642.20,78672.70,34.704,1769916779999,2729799.62720,2056,19.783,1556094.73880,0
1769916780000,78672.60,78745.80,78672.60,78727.10,43.313,1769916839999,3409084.57330,3408,26.785,2107980.03170,0
1769916840000,78727.10,78731.80,78698.00,78698.10,22.488,1769916899999,1769936.04010,1272,9.115,717385.85590,0
1769916900000,78698.10,78698.10,78665.40,78673.70,29.894,1769916959999,2352097.09010,1532,14.379,1131301.15580,0
1769916960000,78673.70,78705.80,78665.40,78687.60,37.976,1769917019999,2987872.36690,2388,22.648,1781821.47600,0
1769917020000,78687.60,78708.20,78678.90,78699.90,23.245,1769917079999,1829213.61350,1867,10.364,815550.88260,0
1769917080000,78699.90,78718.20,78699.90,78705.10,14.176,1769917139999,1115786.12370,977,8.375,659165.93350,0
1769917140000,78705.10,78743.30,78705.10,78738.30,24.500,1769917199999,1928908.50520,1354,17.191,1353423.16220,0
1769917200000,78738.30,78738.40,78700.00,78737.50,33.246,1769917259999,2617129.42660,1571,13.483,1061324.88970,0
1769917260000,78737.60,78770.20,78732.50,78770.20,44.493,1769917319999,3503757.19230,2242,36.392,2865764.03620,0
1769917320000,78770.20,78810.50,78770.20,78810.50,29.551,1769917379999,2328273.60680,1131,24.481,1928810.06140,0
1769917380000,78810.60,78833.90,78665.00,78670.40,48.505,1769917439999,3820350.45770,3177,14.542,1145303.95120,0
1769917440000,78670.40,78704.30,78661.30,78691.70,34.129,1769917499999,2685176.21650,1841,19.900,1565637.03230,0
1769917500000,78692.10,78731.70,78692.10,78731.70,25.757,1769917559999,2027465.78540,1630,17.359,1366410.98060,0
1769917560000,78731.70,78756.30,78731.60,78739.40,26.054,1769917619999,2051626.11900,1581,12.637,995083.51510,0
1769917620000,78739.40,78787.50,78726.90,78787.40,24.643,1769917679999,1940697.53600,1663,14.765,1162814.99850,0
1769917680000,78787.40,78829.10,78782.40,78805.40,26.830,1769917739999,2114360.22530,1375,13.838,1090552.71010,0
1769917740000,78805.40,78833.90,78771.80,78833.80,21.317,1769917799999,1679643.53860,1675,12.770,1006177.08930,0
1769917800000,78833.80,78840.00,78822.90,78840.00,32.659,1769917859999,2574568.38590,1189,19.408,1529959.51230,0
1769917860000,78839.90,78880.00,78815.40,78863.90,78.901,1769917919999,6220958.51900,2745,59.618,4700693.53680,0
1769917920000,78863.90,78878.60,78842.90,78862.00,29.261,1769917979999,2307562.56930,2068,12.796,1009035.53040,0
1769917980000,78862.00,78862.10,78828.80,78832.50,24.532,1769918039999,1934318.24440,1438,11.085,874008.59260,0
1769918040000,78832.60,78842.20,78777.90,78826.40,87.292,1769918099999,6879296.63550,3536,33.738,2658692.84080,0
1769918100000,78826.40,78848.30,78774.00,78790.00,46.473,1769918159999,3662801.43010,2153,10.805,851413.28000,0
1769918160000,78790.10,78810.20,78790.00,78810.20,9.949,1769918219999,783974.61690,473,5.688,448203.62510,0
1769918220000,78810.20,78842.40,78810.10,78836.00,36.872,1769918279999,2906775.94430,1659,20.959,1652210.80150,0
1769918280000,78836.00,78859.20,78804.60,78846.40,36.748,1769918339999,2897184.38080,1938,13.657,1076616.54040,0
1769918340000,78846.30,78846.40,78820.60,78826.30,18.751,1769918399999,1478228.89110,1215,8.380,660613.42980,0
1769918400000,78826.30,78831.90,78801.70,78808.70,31.666,1769918459999,2495727.28250,1523,16.840,1327173.22880,0
1769918460000,78808.70,78808.80,78788.00,78800.80,24.779,1769918519999,1952584.04370,1452,12.094,952964.00420,0
1769918520000,78800.80,78823.20,78760.00,78760.10,19.820,1769918579999,1561850.16000,1579,7.963,627510.84240,0
1769918580000,78760.00,78782.90,78758.00,78769.60,24.789,1769918639999,1952543.37080,1666,11.769,926981.34440,0
1769918640000,78769.70,78774.00,78731.90,78731.90,16.904,1769918699999,1331331.68510,1064,2.255,177596.44600,0
1769918700000,78732.00,78739.80,78680.40,78687.80,89.067,1769918759999,7010480.54430,2603,45.870,3610252.37530,0
1769918760000,78687.70,78749.30,78682.30,78749.30,69.353,1769918819999,5458395.88190,2343,42.226,3323672.29400,0
1769918820000,78749.20,78749.30,78690.40,78702.50,25.104,1769918879999,1976035.85330,1867,8.945,704043.22870,0
1769918880000,78702.40,78724.00,78691.00,78706.50,24.027,1769918939999,1891065.57650,1437,13.934,1096652.99860,0
1769918940000,78706.50,78775.00,78706.50,78775.00,28.209,1769918999999,2221094.17860,2133,18.932,1490696.42440,0
1769919000000,78775.00,78834.40,78774.90,78812.90,44.585,1769919059999,3514005.36150,2455,21.361,1683504.31850,0
1769919060000,78812.90,78868.00,78806.60,78862.50,39.335,1769919119999,3100963.05120,1872,25.041,1973991.28560,0
1769919120000,78862.50,78970.00,78851.90,78962.00,114.113,1769919179999,9007378.84180,4480,85.649,6760083.81300,0
1769919180000,78962.00,78962.00,78938.30,78939.80,34.351,1769919239999,2712049.05150,1697,15.960,1260041.02530,0
1769919240000,78939.80,78939.80,78900.90,78925.50,27.755,1769919299999,2190201.46110,1511,13.481,1063810.09720,0
1769919300000,78925.50,78936.30,78913.00,78936.20,29.569,1769919359999,2333753.84180,1503,11.388,898773.18910,0
1769919360000,78936.20,78945.60,78900.00,78944.90,44.856,1769919419999,3540336.91900,2818,19.876,1568635.37910,0
1769919420000,78945.00,79067.80,78944.90,79013.20,316.574,1769919479999,25014361.79720,6235,262.996,20780551.20600,0
1769919480000,79013.20,79020.70,78971.10,78977.30,46.285,1769919539999,3656619.27270,2833,19.934,1574879.94350,0
1769919540000,78977.20,79063.30,78964.40,79059.50,60.899,1769919599999,4812703.64980,2453,38.370,3031744.20550,0
1769919600000,79059.60,79094.90,78995.00,79010.80,100.743,1769919659999,7963634.43700,4338,57.194,4521383.42580,0
1769919660000,79010.80,79010.90,78951.70,78956.60,53.407,1769919719999,4217790.11530,2565,19.500,1539907.00190,0
1769919720000,78956.60,78981.00,78942.70,78942.70,33.285,1769919779999,2628059.80130,2015,14.419,1138458.78540,0
1769919780000,78942.80,78999.70,78933.40,78989.50,53.544,1769919839999,4228234.78820,2199,31.831,2513602.37540,0
1769919840000,78989.70,78989.70,78952.80,78957.60,44.931,1769919899999,3548165.31560,1741,17.852,1409616.63570,0
1769919900000,78957.60,78957.70,78867.80,78880.00,52.787,1769919959999,4164664.33030,2711,12.013,947721.67250,0
1769919960000,78880.00,78917.60,78867.00,78897.90,33.225,1769920019999,2621307.20390,1525,13.870,1094199.00400,0
1769920020000,78897.90,78908.60,78886.20,78886.20,21.688,1769920079999,1711098.03640,937,7.293,575387.86150,0
1769920080000,78886.10,78894.80,78875.10,78875.20,22.714,1769920139999,1791834.16530,1029,13.344,1052663.96650,0
1769920140000,78875.20,78892.40,78857.60,78892.30,42.335,1769920199999,3339181.68820,1467,21.030,1658722.63610,0
1769920200000,78892.40,78950.00,78892.30,78913.20,30.697,1769920259999,2422617.95050,1769,15.680,1237379.98140,0
1769920260000,78913.20,78940.10,78874.30,78876.60,51.216,1769920319999,4041565.42090,1890,9.805,773641.23210,0
1769920320000,78876.50,78976.40,78874.40,78964.20,57.576,1769920379999,4544799.25540,2463,48.218,3806029.07030,0
1769920380000,78964.30,78964.30,78883.90,78883.90,41.906,1769920439999,3307524.44390,2672,10.768,849855.65420,0
1769920440000,78883.60,78926.90,78874.40,78915.90,32.052,1769920499999,2529169.49620,1663,13.587,1072069.92080,0
1769920500000,78915.90,78959.30,78907.00,78914.90,44.721,1769920559999,3529891.73360,2178,28.856,2277592.21250,0
1769920560000,78915.00,78915.00,78888.00,78899.90,23.685,1769920619999,1868666.26070,1193,12.898,1017587.29140,0
1769920620000,78899.80,78907.10,78873.60,78873.60,20.422,1769920679999,1611004.28110,1311,9.647,760986.13240,0
1769920680000,78873.60,78934.80,78873.60,78934.70,15.494,1769920739999,1222658.89400,1328,10.484,827261.83870,0
1769920740000,78934.70,78979.30,78934.70,78944.70,33.667,1769920799999,2658157.60260,1724,18.478,1458917.13850,0
1769920800000,78944.70,78957.00,78925.00,78952.90,30.952,1769920859999,2443466.74020,1358,15.693,1238781.47660,0
1769920860000,78952.90,78970.00,78936.00,78936.00,13.728,1769920919999,1083896.31870,929,5.349,422338.34340,0
1769920920000,78936.00,78958.00,78929.50,78955.70,25.649,1769920979999,2024802.80270,1008,10.981,866815.80340,0
1769920980000,78955.70,78955.70,78931.50,78943.40,19.945,1769921039999,1574427.66490,1105,9.900,781446.96340,0
1769921040000,78943.30,78980.00,78938.90,78968.00,20.462,1769921099999,1615504.74800,1185,14.684,1159309.42450,0
1769921100000,78968.00,78996.20,78955.70,78962.40,31.214,1769921159999,2465131.27040,1817,15.087,1191514.24770,0
1769921160000,78962.50,79000.00,78962.50,79000.00,21.766,1769921219999,1719190.02710,1226,16.897,1334606.59540,0
1769921220000,79000.00,79019.10,78999.00,79002.60,63.174,1769921279999,4991044.70290,1736,35.060,2769850.86290,0
1769921280000,79002.60,79018.10,78940.60,78949.20,147.252,1769921339999,11631994.44050,2392,21.723,1715763.99460,0
1769921340000,78949.20,78986.70,78949.20,78968.20,49.791,1769921399999,3932199.25900,1905,31.729,2505814.68440,0
1769921400000,78968.20,78968.30,78936.10,78945.00,16.435,1769921459999,1297537.84130,1032,7.919,625186.59950,0
1769921460000,78944.90,79000.00,78944.90,78960.10,36.129,1769921519999,2853485.15540,1962,21.306,1682692.52760,0
1769921520000,78960.00,79000.00,78960.00,78983.10,16.757,1769921579999,1323469.93620,1072,10.198,805405.54150,0
1769921580000,78983.00,79000.00,78972.50,78977.30,21.222,1769921639999,1676185.91150,1319,7.423,586273.46120,0
1769921640000,78977.30,78994.40,78972.50,78994.30,13.763,1769921699999,1086992.91370,789,6.973,550728.19380,0
1769921700000,78994.40,79001.60,78991.50,78994.60,20.608,1769921759999,1627962.86900,643,14.907,1177611.55020,0
1769921760000,78994.60,79000.00,78979.50,78986.30,27.951,1769921819999,2207857.93340,918,8.002,632120.71410,0
1769921820000,78986.20,79000.00,78986.20,78992.00,12.024,1769921879999,949870.65760,578,5.159,407539.56290,0
1769921880000,78991.90,78997.70,78991.90,78992.00,16.935,1769921939999,1337768.18370,684,7.763,613221.97060,0
1769921940000,78991.90,78992.00,78932.30,78938.10,34.451,1769921999999,2720165.51090,1675,15.081,1190699.02980,0
1769922000000,78938.30,78967.80,78938.30,78952.50,47.825,1769922059999,3776175.78230,1578,11.115,877562.80240,0
1769922060000,78952.60,78970.10,78880.00,78880.00,54.356,1769922119999,4290712.20750,2572,26.801,2115718.29270,0
1769922120000,78880.00,78880.00,78745.60,78745.60,104.469,1769922179999,8233557.00730,4676,28.286,2229380.41970,0
1769922180000,78745.60,78790.70,78740.00,78790.60,86.342,1769922239999,6800340.79890,3356,40.380,3180529.33490,0
1769922240000,78790.60,78827.30,78767.80,78767.80,43.810,1769922299999,3452522.80360,2085,13.913,1096458.04580,0
1769922300000,78767.70,78840.00,78767.70,78840.00,70.551,1769922359999,5559656.51230,2525,58.679,4623918.26450,0
1769922360000,78840.00,78840.00,78740.00,78744.10,52.540,1769922419999,4138720.30650,2274,15.713,1237713.30150,0
1769922420000,78744.10,78749.50,78723.80,78726.30,48.471,1769922479999,3816475.14830,1484,13.248,1043106.55110,0
1769922480000,78726.30,78738.10,78701.20,78727.80,83.861,1769922539999,6601015.91340,2625,30.789,2423436.41510,0
1769922540000,78727.80,78727.90,78704.20,78720.00,23.061,1769922599999,1815391.30720,1309,9.870,776949.06720,0
1769922600000,78720.00,78753.40,78720.00,78753.40,47.223,1769922659999,3718262.80280,1786,29.588,2329643.68480,0
1769922660000,78753.40,78862.90,78696.90,78721.10,443.792,1769922719999,34948380.77940,6251,100.087,7881347.04800,0
1769922720000,78721.20,78745.30,78721.10,78745.20,45.036,1769922779999,3545873.59180,1665,25.426,2001880.78810,0
1769922780000,78745.30,78761.80,78737.10,78737.10,20.833,1769922839999,1640608.31140,921,3.384,266477.34030,0
1769922840000,78737.20,78807.90,78717.00,78807.80,127.832,1769922899999,10068705.68800,3883,86.101,6781139.92320,0
1769922900000,78807.80,78888.00,78792.80,78817.30,109.275,1769922959999,8614479.85180,4041,58.264,4592779.20550,0
1769922960000,78817.40,78829.10,78756.10,78756.10,82.187,1769923019999,6475325.51040,2334,10.797,850679.03450,0
1769923020000,78756.10,78771.30,78756.10,78758.40,34.290,1769923079999,2700677.50890,1318,15.864,1249444.00890,0
1769923080000,78758.40,78768.40,78758.40,78758.50,14.462,1769923139999,1139052.61100,823,7.505,591095.87290,0
1769923140000,78758.40,78765.00,78756.10,78760.60,13.420,1769923199999,1056978.98460,616,6.423,505877.89230,0
1769923200000,78760.60,78760.70,78696.10,78699.10,98.367,1769923259999,7744343.21060,1988,10.942,861252.44290,0
1769923260000,78699.10,78734.10,78688.00,78698.30,90.441,1769923319999,7117858.66880,2148,30.810,2424842.42690,0
1769923320000,78698.30,78732.00,78698.30,78731.90,25.832,1769923379999,2033476.45360,1300,13.703,1078663.19700,0
1769923380000,78731.80,78839.60,78731.80,78839.60,55.064,1769923439999,4338503.53450,2436,43.979,3465176.20840,0
1769923440000,78839.60,78874.30,78839.50,78862.50,48.192,1769923499999,3800667.66940,1814,26.236,2069006.70460,0
1769923500000,78862.40,78880.00,78818.70,78818.70,38.092,1769923559999,3003966.52740,1568,12.127,956430.46570,0
1769923560000,78818.80,78888.00,78817.20,78888.00,46.731,1769923619999,3684789.04840,1692,37.177,2931532.71140,0
1769923620000,78888.00,78918.10,78887.90,78910.90,33.093,1769923679999,2611311.45420,1015,16.114,1271437.71410,0
1769923680000,78910.90,78938.30,78897.40,78932.70,67.829,1769923739999,5352940.00490,1368,27.943,2205233.70360,0
1769923740000,78932.60,78947.30,78900.00,78906.40,84.160,1769923799999,6641867.20820,2501,29.536,2330897.20010,0
1769923800000,78906.40,78910.20,78871.80,78871.90,67.530,1769923859999,5327781.68990,1501,21.127,1666888.12440,0
1769923860000,78871.80,78878.50,78856.00,78856.00,40.173,1769923919999,3168466.85060,880,12.223,964023.88940,0
1769923920000,78856.00,78856.00,78803.70,78803.90,101.417,1769923979999,7994359.90380,1675,13.712,1080630.96390,0
1769923980000,78803.90,78838.60,78803.80,78811.30,40.211,1769924039999,3169385.38770,1758,25.295,1993635.43730,0
1769924040000,78811.30,78834.90,78811.20,78815.20,22.855,1769924099999,1801610.09180,866,14.688,1157798.67330,0
1769924100000,78815.10,78837.60,78800.00,78800.00,60.277,1769924159999,4751036.60400,1267,19.696,1552580.69700,0
1769924160000,78800.00,78801.30,78731.50,78731.50,147.711,1769924219999,11634561.61470,2031,17.993,1417035.34520,0
1769924220000,78731.50,78753.70,78721.10,78721.20,87.715,1769924279999,6905857.29580,1347,33.991,2676148.19240,0
1769924280000,78721.20,78730.90,78711.00,78711.00,62.184,1769924339999,4895072.79260,1165,17.453,1373898.58590,0
1769924340000,78711.00,78711.10,78670.00,78671.60,125.386,1769924399999,9866787.62450,1794,25.045,1970759.84950,0
1769924400000,78671.60,78692.10,78671.60,78682.90,64.331,1769924459999,5061853.55780,1049,43.142,3394553.43250,0
1769924460000,78683.00,78684.80,78662.60,78662.60,60.097,1769924519999,4727849.77600,1156,14.050,1105354.61550,0
1769924520000,78662.60,78663.00,78656.00,78656.10,50.883,1769924579999,4002440.24370,1004,14.677,1154459.15520,0
1769924580000,78656.00,78660.00,78599.80,78630.90,147.782,1769924639999,11621456.07750,2857,40.108,3154058.40980,0
1769924640000,78630.90,78638.80,78510.00,78545.30,357.336,1769924699999,28078121.71900,6600,142.220,11174002.05610,0
1769924700000,78545.40,78606.80,78545.40,78565.30,132.253,1769924759999,10393511.76280,3390,76.399,6003757.72470,0
1769924760000,78565.30,78601.10,78561.30,78601.10,73.913,1769924819999,5808226.56940,2347,55.350,4349649.50780,0
1769924820000,78601.10,78604.30,78589.20,78598.90,40.093,1769924879999,3151292.65650,1210,19.724,1550275.87320,0
1769924880000,78598.90,78599.00,78568.80,78568.80,49.222,1769924939999,3868015.18110,1455,25.201,1980336.08220,0
1769924940000,78568.80,78578.50,78497.10,78521.20,108.157,1769924999999,8492280.97520,3045,52.952,4157544.08700,0
1769925000000,78521.20,78585.60,78483.00,78585.50,143.696,1769925059999,11282735.98990,3671,66.768,5243321.60270,0
1769925060000,78585.40,78585.50,78524.10,78553.10,62.482,1769925119999,4908623.96710,1722,24.605,1932649.62540,0
1769925120000,78553.00,78609.80,78542.80,78604.40,64.305,1769925179999,5052675.69540,1842,41.966,3297388.08120,0
1769925180000,78604.40,78604.40,78527.10,78548.10,34.678,1769925239999,2724298.94500,2005,15.705,1233634.81510,0
1769925240000,78548.10,78571.50,78529.20,78534.00,75.476,1769925299999,5928574.44750,2327,34.848,2737360.61690,0
1769925300000,78534.00,78594.40,78534.00,78574.20,73.247,1769925359999,5754975.52350,2154,58.039,4559847.36290,0
1769925360000,78574.20,78580.80,78556.00,78558.60,31.799,1769925419999,2498333.61030,1528,18.413,1446634.96110,0
1769925420000,78558.50,78600.00,78557.00,78557.00,46.911,1769925479999,3686401.38820,2060,31.928,2508951.97160,0
1769925480000,78557.00,78586.80,78555.00,78555.10,16.789,1769925539999,1319031.08980,1031,6.797,534000.14540,0
1769925540000,78555.00,78590.30,78555.00,78583.90,30.282,1769925599999,2379344.19950,1128,22.066,1733700.21870,0
1769925600000,78583.90,78641.00,78583.80,78635.60,58.310,1769925659999,4584335.96780,2447,44.553,3502630.07100,0
1769925660000,78635.70,78650.00,78601.00,78603.80,29.772,1769925719999,2340999.09710,1995,16.393,1288988.10570,0
1769925720000,78603.80,78647.20,78603.80,78632.70,18.829,1769925779999,1480541.75870,1167,14.179,1114862.67410,0
1769925780000,78632.70,78632.70,78594.80,78594.90,17.695,1769925839999,1391063.21670,1179,10.000,786103.28830,0
1769925840000,78594.90,78606.40,78566.30,78582.50,37.310,1769925899999,2931903.39710,1701,16.408,1289418.24030,0
1769925900000,78582.50,78611.40,78575.10,78591.00,55.979,1769925959999,4399130.34810,2150,41.529,3263485.90750,0
1769925960000,78591.00,78629.40,78582.30,78610.20,25.919,1769926019999,2037453.90710,1647,14.092,1107755.98890,0
1769926020000,78610.20,78637.80,78596.70,78598.00,43.873,1769926079999,3448836.78230,1926,26.252,2063643.28850,0
1769926080000,78598.10,78608.30,78587.90,78587.90,22.471,1769926139999,1766198.72330,1008,14.785,1162087.01250,0
1769926140000,78587.90,78650.00,78587.90,78620.00,52.591,1769926199999,4134052.59430,2001,40.750,3203075.33630,0
1769926200000,78619.90,78620.00,78598.30,78610.40,33.063,1769926259999,2599052.80340,1496,17.373,1365626.39880,0
1769926260000,78610.40,78626.80,78585.00,78620.00,78.425,1769926319999,6164503.21920,2350,20.416,1604856.56650,0
1769926320000,78620.00,78646.80,78620.00,78646.80,17.215,1769926379999,1353730.47190,1212,11.640,915332.32140,0
1769926380000,78646.70,78687.40,78646.70,78650.50,31.879,1769926439999,2507988.96470,1619,19.212,1511426.90370,0
1769926440000,78650.40,78678.30,78650.40,78678.20,22.740,1769926499999,1788893.32350,1046,16.459,1294769.73960,0
1769926500000,78678.30,78685.50,78678.20,78685.40,10.010,1769926559999,787604.91680,598,7.227,568631.48260,0
1769926560000,78685.50,78693.00,78678.20,78678.20,12.958,1769926619999,1019627.67240,831,4.974,391383.51590,0
1769926620000,78678.30,78684.80,78667.50,78684.70,17.468,1769926679999,1374298.48480,816,9.265,728922.48530,0
1769926680000,78684.70,78692.10,78668.00,78668.00,19.238,1769926739999,1513752.94480,966,6.350,499649.86140,0
1769926740000,78668.10,78690.00,78668.00,78686.00,13.490,1769926799999,1061400.39220,767,9.309,732413.96480,0
1769926800000,78686.00,78698.00,78686.00,78698.00,15.460,1769926859999,1216608.44330,656,12.352,972024.79530,0
1769926860000,78697.90,78703.50,78682.20,78703.50,27.859,1769926919999,2192240.57690,1193,11.221,883011.80970,0
1769926920000,78703.40,78772.00,78703.40,78704.00,48.022,1769926979999,3781412.01340,2900,28.284,2227120.50100,0
1769926980000,78704.00,78727.50,78696.10,78727.50,66.062,1769927039999,5199389.59010,1271,16.353,1287081.56880,0
1769927040000,78727.50,78765.10,78706.20,78708.80,47.404,1769927099999,3732207.27010,2157,17.514,1378884.63120,0
1769927100000,78708.70,78766.00,78708.70,78766.00,32.867,1769927159999,2588136.83820,1297,23.838,1877084.80450,0
1769927160000,78765.90,78791.60,78710.80,78710.80,40.861,1769927219999,3218181.01060,1900,13.988,1101875.68950,0
1769927220000,78710.80,78710.80,78680.00,78699.30,83.759,1769927279999,6591494.68870,2529,32.430,2552090.03750,0
1769927280000,78699.30,78715.20,78651.40,78652.00,27.289,1769927339999,2147070.04700,1528,8.724,686488.70940,0
1769927340000,78652.00,78704.40,78652.00,78679.80,45.733,1769927399999,3598355.17410,1605,31.359,2467325.14100,0
1769927400000,78679.80,78744.20,78679.70,78736.10,20.549,1769927459999,1617568.60240,1398,15.886,1250429.78100,0
1769927460000,78736.00,78754.00,78725.00,78740.80,29.725,1769927519999,2340574.19380,1315,14.672,1155244.04730,0
1769927520000,78740.70,78740.80,78720.10,78730.00,32.619,1769927579999,2568039.11200,1140,14.753,1161452.27550,0
1769927580000,78730.00,78758.00,78692.00,78692.00,47.488,1769927639999,3739207.72280,2060,17.074,1344492.24580,0
1769927640000,78692.00,78692.00,78657.00,78664.60,65.628,1769927699999,5163264.86140,1903,29.053,2285746.94450,0
1769927700000,78664.60,78688.00,78664.30,78664.30,24.214,1769927759999,1905031.28450,1115,11.504,905028.18350,0
1769927760000,78664.30,78664.30,78561.90,78568.70,60.884,1769927819999,4786407.30030,2839,15.159,1191477.18280,0
1769927820000,78568.70,78582.20,78464.10,78468.40,164.970,1769927879999,12952210.52590,4310,38.191,2998770.20790,0
1769927880000,78468.50,78487.60,78356.40,78400.60,266.866,1769927939999,20928365.31760,6366,101.122,7929752.01330,0
1769927940000,78400.60,78484.30,78400.60,78484.20,119.630,1769927999999,9383560.63940,3680,72.928,5720604.47950,0
1769928000000,78484.30,78565.70,78484.30,78503.20,94.302,1769928059999,7405805.51150,4707,45.377,3563164.09360,0
1769928060000,78503.30,78539.80,78484.30,78494.50,56.930,1769928119999,4469477.85610,2223,24.828,1949280.22840,0
1769928120000,78494.40,78545.60,78494.40,78509.90,33.467,1769928179999,2627807.05240,1701,19.147,1503302.14400,0
1769928180000,78510.00,78545.40,78484.30,78542.10,47.994,1769928239999,3767718.95080,1933,30.479,2392692.17480,0
1769928240000,78542.00,78555.50,78487.10,78487.20,39.296,1769928299999,3085631.21910,1752,13.763,1080842.10360,0
1769928300000,78487.20,78487.20,78435.20,78448.10,112.615,1769928359999,8834967.45390,3563,54.412,4268513.42360,0
1769928360000,78448.10,78487.20,78404.50,78429.90,89.896,1769928419999,7052748.94800,2969,49.070,3849675.48890,0
1769928420000,78429.90,78430.00,78319.90,78343.40,516.200,1769928479999,40451835.84430,7769,126.919,9944749.10860,0
1769928480000,78343.40,78441.50,78260.50,78358.70,303.832,1769928539999,23806954.70350,7661,94.787,7427771.20360,0
1769928540000,78358.80,78370.40,78265.50,78283.90,532.430,1769928599999,41693784.85240,8739,165.448,12955424.11350,0
1769928600000,78283.90,78309.00,78221.00,78244.90,390.574,1769928659999,30571316.99460,6516,108.022,8455322.78980,0
1769928660000,78245.00,78349.00,78221.00,78245.60,364.905,1769928719999,28564092.56430,10095,124.851,9772667.31690,0
1769928720000,78245.80,78325.90,78221.40,78296.50,202.540,1769928779999,15854526.82950,6092,120.824,9457902.54910,0
1769928780000,78296.50,78313.60,78268.90,78313.60,75.158,1769928839999,5884619.68850,2936,35.794,2802425.89460,0
1769928840000,78313.60,78324.60,78301.50,78324.60,34.270,1769928899999,2683826.75390,1262,20.760,1625778.68060,0
1769928900000,78324.60,78324.80,78303.10,78324.70,33.763,1769928959999,2644264.28360,1335,15.736,1232416.33790,0
1769928960000,78324.70,78421.30,78316.60,78353.70,229.290,1769929019999,17971637.74410,4910,193.996,15205395.97080,0
1769929020000,78353.60,78372.50,78303.00,78310.50,47.119,1769929079999,3690939.75020,2078,18.365,1438617.93070,0
1769929080000,78310.50,78312.00,78279.10,78312.00,56.224,1769929139999,4402137.33760,2413,22.905,1793313.90730,0
1769929140000,78312.00,78312.00,78262.90,78262.90,34.510,1769929199999,2701522.54020,1165,5.874,459832.28700,0
1769929200000,78263.00,78296.70,78262.90,78273.60,80.556,1769929259999,6306193.23920,2923,35.318,2764747.49070,0
1769929260000,78273.60,78277.60,78250.00,78265.00,44.671,1769929319999,3496066.32780,2193,19.788,1548612.42670,0
1769929320000,78264.90,78300.00,78262.50,78294.90,36.351,1769929379999,2845607.13610,2286,20.105,1573800.30010,0
1769929380000,78294.90,78294.90,78254.30,78254.40,27.761,1769929439999,2172897.07520,1354,8.196,641527.03040,0
1769929440000,78254.30,78263.30,78082.20,78109.20,433.531,1769929499999,33885071.77670,9996,84.599,6612244.96970,0
1769929500000,78109.20,78167.10,78100.00,78100.00,132.056,1769929559999,10318987.67730,3676,48.121,3760197.31750,0
1769929560000,78100.10,78128.90,78022.00,78049.70,220.456,1769929619999,17207764.91450,6949,66.577,5196159.74590,0
1769929620000,78049.80,78066.50,78005.50,78005.60,146.485,1769929679999,11432364.81260,4278,64.537,5036940.31220,0
1769929680000,78005.50,78159.90,77899.90,78153.80,691.996,1769929739999,53980622.36970,14680,299.644,23381828.38260,0
1769929740000,78154.20,78210.60,78139.20,78208.90,104.256,1769929799999,8149928.76390,4324,62.781,4907746.28120,0
1769929800000,78208.90,78328.90,78208.90,78228.80,250.779,1769929859999,19630923.28480,6060,111.189,8703268.55110,0
1769929860000,78228.80,78254.50,78154.00,78177.20,116.746,1769929919999,9131423.21970,5192,50.235,3929323.71660,0
1769929920000,78177.10,78208.90,78060.80,78080.10,80.722,1769929979999,6308082.55370,4539,31.204,2438536.11950,0
1769929980000,78080.10,78223.00,78070.60,78208.70,167.634,1769930039999,13104039.63320,6407,132.665,10370974.98070,0
1769930040000,78208.70,78239.10,78071.10,78092.40,105.028,1769930099999,8207524.45840,5380,44.203,3453778.72290,0
1769930100000,78092.50,78154.10,78089.00,78105.30,78.991,1769930159999,6170831.37560,3674,37.153,2902292.86760,0
1769930160000,78105.40,78164.80,78090.20,78148.00,113.511,1769930219999,8867761.25600,4896,44.317,3462142.66940,0
1769930220000,78148.10,78167.20,78118.90,78122.50,78.676,1769930279999,6148209.53710,3275,37.598,2938112.78580,0
1769930280000,78122.60,78122.60,78042.80,78046.80,81.103,1769930339999,6332187.85590,3466,20.673,1614028.97740,0
1769930340000,78046.80,78054.20,77968.60,77969.20,168.047,1769930399999,13107012.78040,5356,43.412,3385815.46980,0
1769930400000,77969.20,78138.30,77968.60,78096.00,146.412,1769930459999,11428729.29000,5812,83.847,6544366.02450,0
1769930460000,78096.00,78132.70,78082.90,78086.90,82.116,1769930519999,6413475.69430,2653,31.044,2424574.95540,0
1769930520000,78086.80,78109.40,78050.00,78057.10,55.893,1769930579999,4363724.16270,2762,27.217,2124770.66600,0
1769930580000,78057.10,78092.70,78039.20,78047.90,53.459,1769930639999,4172779.59580,2580,26.688,2083100.69390,0
1769930640000,78048.00,78087.40,78047.90,78073.80,43.245,1769930699999,3376280.62100,1602,24.469,1910313.05470,0
1769930700000,78073.80,78095.00,78073.80,78088.60,23.667,1769930759999,1847962.78560,1442,13.874,1083292.61360,0
1769930760000,78088.50,78088.60,78078.50,78081.70,28.982,1769930819999,2262925.85600,1202,16.537,1291202.14090,0
1769930820000,78081.60,78099.00,78081.60,78090.40,41.841,1769930879999,3267394.15770,1238,17.168,1340674.83660,0
1769930880000,78090.40,78181.80,78090.30,78154.40,89.151,1769930939999,6967144.17710,3742,58.489,4570679.20040,0
1769930940000,78154.40,78182.40,78154.30,78181.00,45.903,1769930999999,3588297.46420,1593,35.657,2787326.58940,0
1769931000000,78180.90,78184.00,78139.50,78167.90,57.772,1769931059999,4515817.30640,2277,32.033,2503848.83020,0
1769931060000,78167.80,78240.70,78155.50,78240.70,82.481,1769931119999,6450092.10330,2611,66.093,5168497.72240,0
1769931120000,78240.70,78274.40,78167.00,78187.20,102.740,1769931179999,8036612.00570,4602,57.404,4490461.29630,0
1769931180000,78187.20,78247.00,78187.20,78219.00,46.917,1769931239999,3670068.15940,2101,25.450,1990728.14280,0
1769931240000,78219.00,78229.20,78200.00,78229.20,44.728,1769931299999,3498349.03130,1755,31.445,2459408.67660,0
1769931300000,78229.20,78359.90,78229.10,78359.90,123.566,1769931359999,9673923.89600,4015,102.959,8060709.31260,0
1769931360000,78359.90,78370.80,78280.80,78314.90,82.376,1769931419999,6452314.31100,3942,46.053,3607289.44060,0
1769931420000,78315.00,78318.20,78300.50,78306.00,59.923,1769931479999,4692460.02060,1695,29.835,2336299.51630,0
1769931480000,78306.00,78338.10,78276.30,78309.90,68.700,1769931539999,5379838.42080,2857,43.015,3368428.53950,0
1769931540000,78309.90,78351.10,78280.50,78345.00,81.384,1769931599999,6373134.54270,2327,38.753,3034736.61740,0
1769931600000,78345.00,78638.70,78345.00,78606.70,414.258,1769931659999,32528713.83370,11820,327.059,25681333.82560,0
1769931660000,78606.70,78687.20,78568.80,78610.80,221.983,1769931719999,17454695.83930,9119,134.172,10550167.34980,0
1769931720000,78610.80,78623.80,78534.30,78588.10,94.357,1769931779999,7413412.73480,3713,45.589,3581624.88200,0
1769931780000,78588.00,78588.10,78493.00,78540.90,84.871,1769931839999,6664954.87270,4165,46.930,3685180.91500,0
1769931840000,78541.00,78571.00,78520.00,78538.00,78.939,1769931899999,6200146.00210,3629,35.660,2800912.38800,0
1769931900000,78538.00,78538.10,78478.20,78481.20,81.364,1769931959999,6386719.18770,3035,28.528,2239284.51210,0
1769931960000,78481.20,78548.80,78481.20,78495.60,74.717,1769932019999,5866944.77720,3460,40.608,3188449.23650,0
1769932020000,78495.70,78497.80,78450.00,78450.10,40.567,1769932079999,3183493.54270,1610,19.459,1527083.02270,0
1769932080000,78450.00,78478.40,78408.80,78426.50,77.998,1769932139999,6118126.81610,3857,35.243,2764495.42290,0
1769932140000,78426.60,78440.70,78403.30,78408.70,51.638,1769932199999,4049502.45110,1840,29.223,2291734.67070,0
1769932200000,78408.60,78450.00,78373.60,78411.40,70.578,1769932259999,5533918.86080,2770,28.657,2246928.29500,0
1769932260000,78411.50,78479.80,78411.40,78479.70,66.141,1769932319999,5188887.96130,2663,43.195,3388739.21780,0
1769932320000,78479.80,78489.90,78443.00,78456.50,64.148,1769932379999,5033286.88190,2506,30.734,2411487.91630,0
1769932380000,78456.60,78488.40,78442.10,78475.50,57.227,1769932439999,4490381.96340,2591,31.853,2499297.45010,0
1769932440000,78475.40,78475.50,78392.90,78392.90,26.101,1769932499999,2047202.80170,1573,11.255,882791.00840,0
1769932500000,78392.90,78458.50,78373.20,78411.90,56.906,1769932559999,4462502.97850,2996,34.211,2682557.41290,0
1769932560000,78412.00,78412.00,78315.40,78340.30,101.012,1769932619999,7914482.72930,3131,21.430,1678901.36750,0
1769932620000,78340.40,78357.60,78314.60,78320.20,74.307,1769932679999,5820805.33260,2287,23.656,1853097.98150,0
1769932680000,78320.30,78333.50,78307.90,78330.20,61.490,1769932739999,4815901.14970,1984,34.186,2677446.35160,0
1769932740000,78330.30,78335.40,78318.00,78320.80,36.593,1769932799999,2865986.39960,884,11.615,909707.68980,0
1769932800000,78320.80,78391.20,78320.80,78373.50,69.806,1769932859999,5469136.98250,3496,43.985,3445926.44620,0
1769932860000,78373.50,78474.20,78373.50,78461.80,88.878,1769932919999,6970274.31750,3847,57.315,4494658.70080,0
1769932920000,78461.80,78494.10,78410.40,78473.20,94.413,1769932979999,7407202.75990,3901,57.775,4532874.80010,0
1769932980000,78473.30,78473.30,78373.60,78410.10,87.044,1769933039999,6825719.29890,4037,45.058,3533065.73450,0
1769933040000,78410.10,78464.20,78410.10,78458.00,45.342,1769933099999,3556642.29870,2214,30.187,2367859.89060,0
1769933100000,78458.00,78468.90,78397.60,78409.30,66.521,1769933159999,5217684.71680,2085,22.077,1731724.81910,0
1769933160000,78409.20,78450.00,78396.00,78430.00,46.500,1769933219999,3646278.00110,2487,22.982,1802087.56370,0
1769933220000,78430.00,78450.00,78403.20,78413.90,53.539,1769933279999,4198460.03940,1983,20.205,1584409.47300,0
1769933280000,78413.90,78450.00,78402.00,78446.70,38.113,1769933339999,2988794.43380,1733,24.773,1942555.10600,0
1769933340000,78446.60,78452.40,78432.60,78438.20,22.425,1769933399999,1759031.64240,854,17.938,1407064.09830,0
1769933400000,78438.20,78478.30,78438.20,78469.70,46.814,1769933459999,3673429.42270,1775,36.921,2897105.06870,0
1769933460000,78469.60,78469.80,78457.20,78464.00,39.704,1769933519999,3115378.65270,1090,17.283,1356083.58580,0
1769933520000,78463.80,78476.00,78460.00,78471.50,25.589,1769933579999,2007878.93160,849,13.203,1035981.80840,0
1769933580000,78471.50,78500.40,78471.40,78494.00,37.220,1769933639999,2921461.23020,1887,26.624,2089733.54450,0
1769933640000,78493.90,78494.00,78402.40,78411.00,48.090,1769933699999,3773228.64580,2322,14.604,1146063.62650,0
1769933700000,78410.90,78442.80,78358.40,78359.00,72.180,1769933759999,5658666.25710,2933,24.396,1912930.63220,0
1769933760000,78359.00,78359.10,78213.60,78274.40,189.434,1769933819999,14830545.87910,6589,42.684,3341311.65400,0
1769933820000,78274.40,78297.30,78264.20,78275.30,52.911,1769933879999,4141625.65070,2319,28.393,2222433.80810,0
1769933880000,78275.20,78329.10,78275.20,78283.60,40.123,1769933939999,3141609.37690,2307,18.396,1440314.47620,0
1769933940000,78283.50,78340.00,78283.50,78301.60,19.870,1769933999999,1556113.40180,1626,12.328,965453.76770,0
1769934000000,78301.60,78326.50,78269.50,78282.90,60.549,1769934059999,4741532.17930,2591,15.598,1221344.35730,0
1769934060000,78282.90,78317.00,78252.40,78288.00,61.967,1769934119999,4850979.44140,2611,41.859,3276888.93080,0
1769934120000,78287.90,78300.30,78250.00,78253.40,60.220,1769934179999,4713681.73440,1865,12.469,975853.67010,0
1769934180000,78253.50,78474.70,78225.50,78397.70,246.954,1769934239999,19350157.94400,9199,136.796,10717625.72120,0
1769934240000,78397.70,78405.00,78363.60,78396.20,56.347,1769934299999,4416756.29810,2393,30.987,2428929.91810,0
1769934300000,78396.30,78424.00,78347.60,78352.60,191.010,1769934359999,14973883.11930,6937,88.611,6946594.25040,0
1769934360000,78352.60,78371.60,78321.20,78321.30,66.294,1769934419999,5194289.04770,1778,40.931,3207015.82690,0
1769934420000,78321.30,78436.70,78281.70,78433.20,112.199,1769934479999,8790546.88500,4565,69.431,5439967.75410,0
1769934480000,78433.10,78467.90,78410.00,78465.00,85.420,1769934539999,6701468.80650,2474,28.691,2250552.20300,0
1769934540000,78465.00,78472.00,78448.10,78471.90,30.752,1769934599999,2412668.18450,1118,16.225,1272912.73070,0
1769934600000,78471.90,78490.40,78420.50,78438.00,44.670,1769934659999,3505030.89080,2572,23.899,1875322.20060,0
1769934660000,78438.00,78464.50,78438.00,78460.50,30.745,1769934719999,2412126.83460,1258,14.698,1153108.72050,0
1769934720000,78460.40,78470.20,78432.10,78433.00,35.962,1769934779999,2821612.51080,1385,20.777,1630178.91500,0
1769934780000,78433.10,78453.80,78433.00,78453.80,20.098,1769934839999,1576548.62630,841,11.082,869267.17100,0
1769934840000,78453.80,78465.30,78443.10,78461.70,19.460,1769934899999,1526729.85120,1283,11.634,912742.39650,0
1769934900000,78461.70,78608.20,78461.70,78593.50,194.228,1769934959999,15258281.45060,5548,157.910,12404922.37830,0
1769934960000,78593.50,78593.50,78555.00,78562.40,41.042,1769935019999,3224791.79480,1243,26.036,2045659.20080,0
1769935020000,78562.40,78634.30,78556.80,78627.90,86.976,1769935079999,6835956.99090,2704,57.230,4497836.96600,0
1769935080000,78628.00,78779.80,78627.90,78675.60,194.534,1769935139999,15313657.12750,8448,130.511,10273819.66670,0
1769935140000,78675.60,78733.00,78664.60,78733.00,77.544,1769935199999,6102266.23410,3080,58.057,4568721.55440,0
1769935200000,78732.90,78830.90,78732.90,78817.20,204.325,1769935259999,16097373.61260,5516,154.767,12192842.61260,0
1769935260000,78817.10,78817.10,78758.00,78769.90,71.596,1769935319999,5639885.81890,2261,34.808,2741886.68000,0
1769935320000,78769.90,78812.50,78720.40,78788.90,93.346,1769935379999,7353007.64420,3073,63.574,5007637.02990,0
1769935380000,78788.80,78829.80,78772.60,78811.20,48.449,1769935439999,3817924.55180,1925,30.114,2373006.02980,0
1769935440000,78811.30,78833.00,78811.20,78833.00,42.003,1769935499999,3310780.27990,1123,24.802,1954959.21270,0
1769935500000,78832.90,78833.00,78741.60,78750.40,94.482,1769935559999,7443082.40420,4321,39.134,3082838.77230,0
1769935560000,78750.40,78754.50,78709.20,78745.50,72.907,1769935619999,5739929.28460,2419,38.771,3052347.01860,0
1769935620000,78745.40,78786.90,78700.00,78700.00,95.710,1769935679999,7537907.70490,3495,29.729,2341344.11130,0
1769935680000,78700.10,78714.70,78641.10,78666.00,87.939,1769935739999,6918011.73000,2773,36.133,2842564.60640,0
1769935740000,78666.10,78675.80,78633.00,78640.00,37.998,1769935799999,2988883.07280,1636,15.781,1241262.29840,0
1769935800000,78639.90,78698.90,78639.90,78688.00,29.800,1769935859999,2344369.55000,1812,17.887,1407107.36690,0
1769935860000,78688.00,78729.70,78687.90,78726.80,25.652,1769935919999,2018909.06240,1554,16.317,1284199.58410,0
1769935920000,78726.70,78726.70,78639.10,78658.70,30.119,1769935979999,2369533.76530,2205,11.204,881300.35290,0
1769935980000,78658.70,78691.60,78591.00,78591.10,39.494,1769936039999,3105705.96520,2409,10.160,799140.87290,0
1769936040000,78591.00,78624.00,78576.00,78579.90,32.148,1769936099999,2526705.12230,1604,13.463,1058158.57150,0
1769936100000,78579.80,78579.90,78532.30,78536.20,37.708,1769936159999,2961987.29300,2093,15.666,1230535.96380,0
1769936160000,78536.20,78578.40,78536.10,78572.40,30.605,1769936219999,2404268.61070,1594,18.548,1457027.63610,0
1769936220000,78572.50,78572.50,78530.80,78530.80,18.844,1769936279999,1480265.93420,1090,8.238,647122.50440,0
1769936280000,78530.90,78570.80,78517.20,78556.50,40.238,1769936339999,3160431.68260,1830,25.295,1986702.50120,0
1769936340000,78556.50,78588.80,78556.50,78571.30,29.636,1769936399999,2328599.41570,1138,21.352,1677664.53710,0
1769936400000,78571.40,78613.40,78531.80,78542.60,63.927,1769936459999,5023080.80240,3017,35.883,2819601.51670,0
1769936460000,78542.60,78576.80,78511.00,78576.80,38.632,1769936519999,3034511.80070,2052,17.168,1348568.62030,0
1769936520000,78576.80,78576.80,78531.80,78564.60,23.293,1769936579999,1829747.60940,1753,14.081,1106082.60540,0
1769936580000,78564.50,78608.70,78564.50,78608.70,16.259,1769936639999,1277605.21260,1136,10.821,850313.39080,0
1769936640000,78608.60,78726.50,78608.60,78708.40,79.338,1769936699999,6242993.24620,3831,57.044,4488683.25290,0
1769936700000,78708.40,78800.00,78708.40,78775.60,77.703,1769936759999,6121073.22100,3610,52.205,4112302.59560,0
1769936760000,78775.70,78800.00,78736.20,78797.70,83.880,1769936819999,6608348.97010,3039,63.000,4963485.85520,0
1769936820000,78797.60,78804.00,78730.40,78732.00,49.395,1769936879999,3891205.40950,2797,25.517,2010179.59040,0
1769936880000,78732.10,78739.40,78671.90,78739.40,33.574,1769936939999,2642477.11820,2763,21.292,1675832.07680,0
1769936940000,78739.50,78754.40,78733.00,78741.30,26.106,1769936999999,2055658.34610,1461,13.124,1033419.01450,0
1769937000000,78741.30,78755.10,78726.10,78750.10,22.608,1769937059999,1780257.05320,1451,11.143,877411.58150,0
1769937060000,78750.00,78761.20,78718.70,78726.20,32.195,1769937119999,2535262.52340,1445,12.602,992367.22380,0
1769937120000,78726.20,78726.20,78698.60,78717.80,18.701,1769937179999,1471985.46960,1170,7.417,583787.14450,0
1769937180000,78717.70,78731.20,78698.60,78729.30,24.420,1769937239999,1922178.67390,1377,14.537,1144211.94430,0
1769937240000,78729.30,78733.30,78717.20,78720.60,15.456,1769937299999,1216805.09590,964,4.287,337500.02180,0
1769937300000,78720.60,78750.00,78700.00,78710.50,55.359,1769937359999,4357517.11520,2161,37.979,2989402.71300,0
1769937360000,78710.40,78734.00,78656.10,78670.10,39.375,1769937419999,3098362.67840,2289,16.603,1306347.84790,0
1769937420000,78670.10,78670.20,78642.70,78660.80,51.035,1769937479999,4014093.72610,2397,16.157,1270775.54000,0
1769937480000,78660.70,78697.50,78657.40,78691.70,18.575,1769937539999,1461416.10660,1212,10.249,806313.24150,0
1769937540000,78691.70,78691.80,78663.80,78670.90,20.939,1769937599999,1647297.92060,1012,12.619,992726.12800,0
1769937600000,78670.80,78727.90,78670.80,78711.30,29.261,1769937659999,2302868.01530,1596,23.449,1845388.75760,0
1769937660000,78711.30,78727.90,78677.50,78727.90,26.613,1769937719999,2094368.47710,1469,18.892,1486683.43670,0
1769937720000,78728.00,78736.50,78672.90,78696.80,37.782,1769937779999,2973369.19950,2386,21.466,1689230.38840,0
1769937780000,78696.70,78696.70,78642.10,78669.00,53.258,1769937839999,4189532.59550,2325,14.639,1151481.87690,0
1769937840000,78669.10,78717.40,78669.00,78705.50,18.307,1769937899999,1440793.09930,1449,12.936,1018080.12000,0
1769937900000,78705.50,78717.00,78641.70,78645.70,13.313,1769937959999,1047575.30090,1566,6.065,477232.38250,0
1769937960000,78645.80,78657.80,78639.30,78650.00,17.296,1769938019999,1360271.82370,821,12.943,1017911.57410,0
1769938020000,78650.00,78650.00,78598.30,78602.40,31.125,1769938079999,2447324.42740,1358,10.513,826684.92520,0
1769938080000,78602.50,78641.50,78602.50,78630.20,19.973,1769938139999,1570511.18040,1103,11.452,900458.35970,0
1769938140000,78630.20,78656.70,78630.20,78645.90,10.370,1769938199999,815519.95390,789,7.414,583031.23000,0
1769938200000,78645.90,78666.00,78644.80,78660.60,11.936,1769938259999,938771.08080,880,6.693,526406.80820,0
1769938260000,78660.50,78720.00,78660.50,78720.00,36.378,1769938319999,2862785.06130,1779,31.499,2478802.32300,0
1769938320000,78720.00,78772.80,78720.00,78772.70,35.053,1769938379999,2760434.17150,1753,26.775,2108534.77630,0
1769938380000,78772.80,78793.00,78761.50,78780.00,46.432,1769938439999,3658007.81060,2054,23.858,1879564.74650,0
1769938440000,78780.00,78782.20,78758.00,78764.80,27.732,1769938499999,2184355.80020,1708,14.417,1135556.52870,0
1769938500000,78764.70,78781.90,78758.00,78781.80,31.556,1769938559999,2485657.78420,1016,20.410,1607681.97320,0
1769938560000,78781.90,78800.00,78776.10,78799.90,23.377,1769938619999,1841884.50070,1221,14.848,1169904.38050,0
1769938620000,78799.90,78812.10,78769.50,78792.00,41.032,1769938679999,3233016.87960,2332,20.818,1640294.54010,0
1769938680000,78792.00,78796.00,78767.90,78767.90,23.785,1769938739999,1873854.80420,1256,9.890,779132.59080,0
1769938740000,78768.00,78786.50,78767.90,78786.50,12.278,1769938799999,967227.96100,845,6.291,495585.72840,0
1769938800000,78786.50,78794.10,78754.60,78771.50,42.724,1769938859999,3365692.23650,2020,20.934,1649193.56520,0
1769938860000,78771.50,78793.20,78765.80,78784.00,34.152,1769938919999,2690412.88450,1540,28.213,2222560.93600,0
1769938920000,78783.90,78792.30,78771.90,78784.50,22.104,1769938979999,1741394.58930,977,11.182,880922.18050,0
1769938980000,78784.50,78820.00,78776.60,78819.90,24.399,1769939039999,1922509.38470,1359,19.025,1499104.57500,0
1769939040000,78820.00,78877.40,78816.90,78832.10,187.213,1769939099999,14762242.55230,4012,93.010,7333514.92260,0
1769939100000,78832.10,78832.90,78800.00,78822.80,28.874,1769939159999,2275853.28650,1564,10.709,844058.38200,0
1769939160000,78822.80,78822.90,78722.10,78729.00,37.931,1769939219999,2987840.44150,2021,11.825,931370.88860,0
1769939220000,78728.90,78754.10,78708.80,78754.10,28.149,1769939279999,2216036.63840,1667,14.109,1110726.77490,0
1769939280000,78754.00,78804.30,78754.00,78804.30,22.331,1769939339999,1759179.54260,1313,14.695,1157678.75830,0
1769939340000,78804.20,78804.30,78779.00,78789.90,48.719,1769939399999,3838432.41450,1345,33.429,2633654.63180,0
1769939400000,78789.90,78796.00,78765.90,78765.90,21.117,1769939459999,1663691.94390,992,6.410,505039.46290,0
1769939460000,78765.90,78778.30,78752.90,78775.10,40.952,1769939519999,3225540.64620,1390,12.696,999975.81850,0
1769939520000,78775.20,78775.20,78756.50,78766.40,20.586,1769939579999,1621489.59580,931,7.846,617987.03820,0
1769939580000,78766.40,78776.40,78760.30,78763.50,15.922,1769939639999,1254099.79860,698,10.076,793631.72680,0
1769939640000,78763.50,78803.40,78763.50,78796.00,21.268,1769939699999,1675625.56280,1153,11.551,910060.13580,0
1769939700000,78796.00,78803.40,78760.00,78760.00,68.499,1769939759999,5396213.73540,1723,8.050,634180.35940,0
1769939760000,78760.10,78806.10,78760.00,78806.00,12.342,1769939819999,972272.92740,846,8.330,656244.34720,0
1769939820000,78806.10,78885.60,78806.00,78881.30,57.049,1769939879999,4497594.45110,2333,35.637,2809638.96620,0
1769939880000,78881.30,79050.00,78881.20,79000.10,484.116,1769939939999,38227258.84370,11881,345.563,27286511.10040,0
1769939940000,79000.00,79107.40,78961.00,78997.00,267.028,1769939999999,21105128.52220,8223,173.231,13692774.74890,0
1769940000000,78996.90,79044.80,78975.10,79012.90,83.854,1769940059999,6624690.37280,3290,49.411,3903579.74040,0
1769940060000,79012.90,79024.20,78920.80,78930.10,124.024,1769940119999,9794755.95250,3856,30.454,2405412.61610,0
1769940120000,78930.00,78983.20,78930.00,78932.80,53.912,1769940179999,4256484.39080,2821,21.592,1704641.48560,0
1769940180000,78932.70,78962.00,78900.00,78900.00,56.227,1769940239999,4438397.56360,2284,20.358,1607018.74610,0
1769940240000,78900.00,78900.10,78840.60,78876.10,97.212,1769940299999,7666508.30290,3181,44.815,3534052.31300,0
1769940300000,78876.00,78876.00,78842.00,78842.10,30.441,1769940359999,2400322.42520,1466,12.086,952965.72910,0
1769940360000,78842.10,78932.50,78842.10,78889.40,133.328,1769940419999,10520388.09410,3822,60.959,4809142.74180,0
1769940420000,78889.40,78975.70,78889.40,78971.80,58.335,1769940479999,4605063.67700,3626,37.094,2928178.88130,0
1769940480000,78971.90,78998.60,78961.30,78974.00,51.973,1769940539999,4104841.04540,2125,28.900,2282547.24080,0
1769940540000,78974.00,78974.00,78942.80,78959.90,32.075,1769940599999,2532373.56660,1327,19.061,1504821.66800,0
1769940600000,78960.00,78978.60,78943.80,78949.60,29.724,1769940659999,2346918.78050,1748,12.729,1005032.52220,0
1769940660000,78949.70,79072.40,78949.70,79072.40,72.323,1769940719999,5715054.04970,2956,54.026,4269147.36580,0
1769940720000,79072.40,79097.00,79056.20,79097.00,65.265,1769940779999,5160392.34820,2442,37.963,3001702.13090,0
1769940780000,79097.00,79162.80,79075.90,79101.00,193.439,1769940839999,15305238.54230,5563,136.587,10807110.92040,0
1769940840000,79101.00,79194.00,79072.40,79130.60,136.137,1769940899999,10775193.45790,5282,91.935,7276428.29720,0
1769940900000,79130.60,79130.60,79036.30,79048.40,90.742,1769940959999,7177081.31180,3879,24.523,1939717.52450,0
1769940960000,79048.40,79066.30,79000.00,79011.80,126.343,1769941019999,9985479.82860,4315,25.369,2004957.09910,0
1769941020000,79011.90,79026.50,78981.60,79019.80,59.430,1769941079999,4694798.53750,2503,24.569,1940854.21400,0
1769941080000,79019.70,79023.20,78970.00,79023.20,50.319,1769941139999,3975153.54960,2205,21.588,1705468.57900,0
1769941140000,79023.20,79030.70,78949.00,78968.90,94.173,1769941199999,7439065.11070,3757,38.565,3046642.97980,0
1769941200000,78968.90,78982.30,78956.40,78973.30,40.381,1769941259999,3188767.25910,1595,16.166,1276547.30490,0
1769941260000,78973.30,78992.80,78951.60,78970.50,40.251,1769941319999,3178832.92620,1923,16.402,1295263.41630,0
1769941320000,78970.50,78994.00,78965.60,78994.00,39.165,1769941379999,3093136.09060,1451,21.116,1667717.94440,0
1769941380000,78994.00,79000.00,78988.00,78996.70,28.471,1769941439999,2249115.84720,920,14.592,1152713.98610,0
1769941440000,78996.70,79031.10,78977.20,79031.10,56.779,1769941499999,4486093.50280,2156,42.176,3332510.64170,0
1769941500000,79031.20,79043.40,79015.60,79023.50,27.852,1769941559999,2201181.99760,1440,9.311,735820.25370,0
1769941560000,79023.60,79023.60,78960.70,78996.00,41.925,1769941619999,3311484.05390,2423,17.487,1381093.04560,0
1769941620000,78996.00,79009.40,78979.90,78986.60,19.167,1769941679999,1514057.31340,1095,9.136,721666.51640,0
1769941680000,78986.60,79004.90,78982.90,78998.80,48.797,1769941739999,3854665.00300,1707,31.220,2466151.42330,0
1769941740000,78998.80,79008.70,78968.50,78986.60,29.835,1769941799999,2356710.48980,1621,11.496,908061.29630,0
1769941800000,78986.70,79001.90,78945.60,78973.20,43.050,1769941859999,3399678.28530,2633,21.002,1658479.29300,0
1769941860000,78973.10,78973.20,78906.70,78927.80,38.559,1769941919999,3043612.40840,2480,12.548,990460.31300,0
1769941920000,78927.80,78984.40,78922.80,78954.80,38.119,1769941979999,3009545.13980,2191,23.062,1820692.75080,0
1769941980000,78954.90,78984.40,78800.00,78814.90,256.007,1769942039999,20190635.95130,6886,124.577,9825295.22670,0
1769942040000,78814.50,78837.80,78685.00,78750.40,336.197,1769942099999,26480454.70870,10611,143.288,11285669.03940,0
1769942100000,78750.40,78773.40,78590.50,78600.00,476.412,1769942159999,37472804.92080,9413,142.817,11234718.98110,0
1769942160000,78600.00,78629.10,78400.90,78447.80,946.417,1769942219999,74282554.07560,15970,287.590,22570100.04960,0
1769942220000,78447.90,78500.00,78400.00,78413.70,293.060,1769942279999,22989573.24750,10288,152.301,11948368.61120,0
1769942280000,78413.80,78481.60,78371.40,78471.80,206.776,1769942339999,16215737.43470,7939,137.919,10815377.17820,0
1769942340000,78471.90,78513.00,78466.70,78474.30,139.269,1769942399999,10931845.14750,5544,89.525,7027223.64440,0
1769942400000,78474.30,78474.30,78347.70,78361.50,194.529,1769942459999,15249054.56530,6937,76.102,5965233.71520,0
1769942460000,78361.60,78429.80,78350.90,78429.80,142.528,1769942519999,11173052.15550,4529,106.214,8326433.81750,0
1769942520000,78429.80,78478.10,78407.00,78478.00,89.293,1769942579999,7005112.69960,3482,54.803,4299554.57610,0
1769942580000,78478.10,78478.10,78422.60,78452.00,73.030,1769942639999,5729173.57920,3885,27.877,2186870.40210,0
1769942640000,78452.10,78468.10,78333.90,78334.00,223.214,1769942699999,17500596.91480,6257,52.987,4153306.16400,0
1769942700000,78334.00,78374.10,78285.00,78371.90,352.302,1769942759999,27596715.70550,7669,84.451,6615417.83160,0
1769942760000,78371.90,78402.60,78259.40,78317.00,124.017,1769942819999,9714730.17080,6201,59.100,4629401.22430,0
1769942820000,78317.10,78352.40,78307.30,78345.80,72.888,1769942879999,5709461.88230,3913,30.697,2404530.05250,0
1769942880000,78345.90,78415.60,78345.80,78413.50,93.524,1769942939999,7331532.29230,4554,65.329,5121161.50970,0
1769942940000,78413.50,78455.00,78413.50,78438.30,108.429,1769942999999,8504759.02890,3844,48.642,3815314.70970,0
1769943000000,78438.40,78482.60,78431.60,78432.20,102.386,1769943059999,8033223.15630,3588,52.214,4096711.95480,0
1769943060000,78432.30,78480.10,78429.30,78459.50,66.685,1769943119999,5231353.04070,3278,46.907,3679616.78460,0
1769943120000,78459.80,78479.90,78441.50,78469.30,38.984,1769943179999,3058673.46330,1958,22.702,1781152.10880,0
1769943180000,78469.30,78469.30,78421.10,78447.50,71.787,1769943239999,5630937.81840,2985,48.707,3820389.70170,0
1769943240000,78447.60,78466.40,78309.90,78331.10,274.016,1769943299999,21474163.98800,5716,68.545,5370262.33210,0
1769943300000,78331.20,78354.10,78182.80,78196.70,556.633,1769943359999,43559397.68110,8526,197.723,15476531.78400,0
1769943360000,78196.70,78236.10,78151.50,78187.70,207.201,1769943419999,16201430.44180,5681,68.458,5352895.59160,0
1769943420000,78187.70,78203.40,78099.80,78108.30,368.870,1769943479999,28823679.93210,6379,89.336,6980641.34660,0
1769943480000,78108.40,78226.30,78108.40,78199.80,107.380,1769943539999,8396211.74920,3797,56.335,4404377.68760,0
1769943540000,78199.90,78259.10,78199.80,78239.90,63.944,1769943599999,5002459.52650,2749,46.902,3669167.46260,0
1769943600000,78240.00,78336.60,78240.00,78322.20,144.099,1769943659999,11283392.27020,4863,72.239,5656157.08810,0
1769943660000,78322.20,78379.90,78300.60,78379.80,66.767,1769943719999,5231620.61600,2439,41.592,3258949.13220,0
1769943720000,78379.80,78387.90,78311.60,78370.50,67.344,1769943779999,5276262.02830,3185,26.604,2084284.91720,0
1769943780000,78370.50,78421.10,78370.50,78373.10,75.508,1769943839999,5920002.13360,3529,50.830,3985212.10890,0
1769943840000,78373.10,78416.10,78373.00,78405.80,39.273,1769943899999,3078774.14460,2068,19.817,1553500.47140,0
1769943900000,78405.90,78420.00,78332.50,78407.70,79.114,1769943959999,6201401.44790,3713,34.176,2679061.93700,0
1769943960000,78407.80,78430.00,78390.30,78390.30,67.290,1769944019999,5276319.71610,2537,26.428,2072232.54490,0
1769944020000,78390.40,78432.80,78385.60,78408.00,53.343,1769944079999,4182377.43130,2280,29.197,2289174.93860,0
1769944080000,78408.10,78434.80,78392.80,78426.30,40.246,1769944139999,3155760.47390,1769,28.361,2223779.68200,0
1769944140000,78426.30,78435.20,78400.00,78406.60,29.714,1769944199999,2330180.82970,1774,13.159,1031868.15110,0
1769944200000,78406.60,78413.20,78368.00,78379.60,37.473,1769944259999,2937402.23700,2143,18.052,1414995.46210,0
1769944260000,78379.70,78384.80,78361.70,78384.80,42.789,1769944319999,3353507.64330,1495,21.857,1712967.48330,0
1769944320000,78384.80,78402.60,78378.90,78383.90,18.071,1769944379999,1416570.60990,1078,11.884,931585.30600,0
1769944380000,78383.60,78420.00,78365.00,78417.00,29.438,1769944439999,2307679.42270,1582,18.096,1418571.23770,0
1769944440000,78417.00,78475.20,78417.00,78465.30,47.174,1769944499999,3701108.00170,1919,33.306,2612980.78400,0
1769944500000,78465.40,78465.40,78386.30,78386.30,39.554,1769944559999,3102537.37540,2288,9.990,783612.64430,0
1769944560000,78386.30,78386.40,78326.20,78326.20,36.800,1769944619999,2883509.10160,2559,14.254,1116890.11820,0
1769944620000,78326.20,78342.40,78263.70,78307.70,68.435,1769944679999,5358146.74220,3238,20.477,1603272.26360,0
1769944680000,78307.70,78356.90,78293.20,78313.30,58.563,1769944739999,4586793.21590,2596,27.080,2121007.66280,0
1769944740000,78313.20,78414.30,78313.20,78386.00,81.151,1769944799999,6361038.90300,2907,56.697,4443879.01060,0
1769944800000,78386.10,78386.10,78351.10,78374.30,31.767,1769944859999,2489378.33280,2252,17.630,1381511.90870,0
1769944860000,78374.30,78410.50,78363.30,78390.10,28.394,1769944919999,2225640.42530,1646,18.949,1485340.12460,0
1769944920000,78389.80,78400.00,78376.70,78399.70,19.073,1769944979999,1495115.00380,1368,11.737,920032.86280,0
1769944980000,78399.70,78413.60,78384.50,78407.10,18.668,1769945039999,1463640.91590,1558,8.566,671579.78420,0
1769945040000,78407.20,78407.50,78345.00,78354.90,19.603,1769945099999,1536511.84070,1272,6.107,478697.81010,0
1769945100000,78354.90,78400.90,78343.50,78400.80,27.537,1769945159999,2158015.66110,2186,15.124,1185186.13210,0
1769945160000,78400.90,78410.00,78400.90,78409.80,16.012,1769945219999,1255462.31390,779,9.448,740782.31690,0
1769945220000,78409.80,78439.10,78399.00,78425.30,32.018,1769945279999,2510666.91290,1638,18.174,1425151.76220,0
1769945280000,78425.30,78425.30,78396.90,78401.60,23.207,1769945339999,1819649.04660,1599,10.353,811743.76940,0
1769945340000,78401.60,78402.20,78372.80,78381.30,19.198,1769945399999,1504945.48480,1234,9.547,748383.10810,0
1769945400000,78381.40,78440.00,78381.40,78440.00,33.754,1769945459999,2646680.51160,2031,29.059,2278546.06020,0
1769945460000,78440.00,78498.80,78440.00,78498.70,38.464,1769945519999,3018188.87360,2104,29.904,2346504.40490,0
1769945520000,78498.70,78500.00,78470.80,78493.20,66.687,1769945579999,5234310.08130,2036,44.160,3466154.43420,0
1769945580000,78493.30,78500.00,78486.10,78492.80,42.591,1769945639999,3343142.78980,1137,26.177,2054716.59690,0
1769945640000,78492.80,78523.40,78492.80,78523.30,80.602,1769945699999,6327465.36870,1445,67.205,5275687.41480,0
1769945700000,78523.40,78703.00,78523.30,78662.90,249.484,1769945759999,19619474.01550,8010,183.111,14399044.10090,0
1769945760000,78663.00,78715.80,78657.80,78694.00,157.035,1769945819999,12359154.82550,4623,95.309,7501074.89920,0
1769945820000,78693.90,78695.70,78617.20,78665.20,102.494,1769945879999,8062704.47900,4425,42.584,3349882.97660,0
1769945880000,78665.20,78705.80,78665.20,78696.90,30.783,1769945939999,2422440.79450,1189,15.975,1257079.61470,0
1769945940000,78696.80,78721.10,78658.00,78718.70,68.911,1769945999999,5423522.90210,2461,43.577,3429834.23590,0
1769946000000,78718.80,78779.80,78703.30,78750.90,211.600,1769946059999,16661542.60370,4412,161.967,12753267.79880,0
1769946060000,78751.00,78777.30,78710.40,78710.40,82.765,1769946119999,6517787.74380,2491,42.169,3320959.62650,0
1769946120000,78710.50,78777.20,78702.20,78768.40,58.154,1769946179999,4578852.15170,2747,31.297,2464375.00080,0
1769946180000,78768.40,78831.50,78742.60,78809.10,185.699,1769946239999,14633240.59250,4233,141.138,11121835.31170,0
1769946240000,78809.00,78837.30,78800.00,78800.10,163.522,1769946299999,12888891.70920,3302,100.004,7882559.89330,0
1769946300000,78800.10,78838.50,78735.60,78735.60,122.245,1769946359999,9632289.58620,3458,48.415,3815676.84210,0
1769946360000,78735.60,78746.00,78707.60,78746.00,116.198,1769946419999,9148663.98300,2936,89.624,7056517.66330,0
1769946420000,78745.90,78793.90,78745.90,78771.70,38.935,1769946479999,3067075.59670,2072,22.551,1776349.27030,0
1769946480000,78771.80,78777.50,78733.30,78777.50,39.197,1769946539999,3086782.34760,1957,15.069,1186693.86120,0
1769946540000,78777.50,78777.50,78677.10,78689.10,77.692,1769946599999,6114951.95520,3605,19.466,1531868.15370,0
1769946600000,78689.10,78703.20,78688.90,78689.00,18.564,1769946659999,1460980.49820,889,7.712,606926.35310,0
1769946660000,78689.00,78703.10,78688.70,78697.50,29.258,1769946719999,2302397.35560,983,17.697,1392630.98190,0
1769946720000,78697.40,78698.50,78675.70,78687.90,19.802,1769946779999,1558199.42740,1124,5.664,445686.20250,0
1769946780000,78688.00,78703.20,78684.00,78694.10,29.387,1769946839999,2312656.92790,1307,18.004,1416845.14170,0
1769946840000,78694.20,78694.20,78684.60,78684.70,12.839,1769946899999,1010338.14290,506,6.644,522837.21530,0
1769946900000,78684.70,78696.00,78680.00,78686.30,18.536,1769946959999,1458532.71860,840,8.692,683925.05870,0
1769946960000,78686.30,78687.00,78671.60,78676.60,17.995,1769947019999,1415852.04620,699,8.844,695830.31130,0
1769947020000,78676.60,78688.00,78675.50,78687.90,15.053,1769947079999,1184446.44220,606,11.229,883564.08850,0
1769947080000,78687.90,78703.20,78680.20,78703.10,32.222,1769947139999,2535557.78130,827,16.458,1295138.59390,0
1769947140000,78703.10,78713.70,78689.60,78712.10,59.566,1769947199999,4688005.61430,1529,34.482,2713754.26910,0
1769947200000,78712.10,78724.80,78620.10,78642.30,95.295,1769947259999,7497815.13940,3309,22.472,1767644.44820,0
1769947260000,78642.40,78673.70,78590.00,78590.10,132.865,1769947319999,10446713.71360,3911,42.502,3341649.38900,0
1769947320000,78590.00,78609.30,78555.00,78585.70,60.178,1769947379999,4728745.46790,2567,34.263,2692266.32200,0
1769947380000,78585.70,78602.40,78556.80,78560.80,38.002,1769947439999,2986163.74960,1625,22.003,1729078.14700,0
1769947440000,78560.80,78560.80,78512.60,78534.10,119.849,1769947499999,9411710.12120,2973,72.208,5670389.06140,0
1769947500000,78534.20,78576.10,78512.80,78512.90,49.833,1769947559999,3914341.50600,1913,27.981,2197886.75420,0
1769947560000,78512.80,78519.00,78510.00,78519.00,24.354,1769947619999,1912057.88990,597,13.206,1036810.96410,0
1769947620000,78518.90,78525.40,78444.90,78524.20,105.733,1769947679999,8298554.69510,3418,40.941,3213359.82940,0
1769947680000,78524.30,78548.00,78524.20,78531.30,35.432,1769947739999,2782669.74920,1463,19.493,1530870.92580,0
1769947740000,78531.40,78576.20,78531.40,78540.30,39.915,1769947799999,3135513.88560,1873,26.544,2085063.85520,0
1769947800000,78540.20,78590.00,78523.00,78571.00,27.880,1769947859999,2190453.37190,1706,18.901,1484994.46650,0
1769947860000,78570.90,78590.00,78570.90,78577.30,19.660,1769947919999,1544894.06040,900,12.492,981616.61660,0
1769947920000,78577.20,78583.40,78559.50,78559.50,13.433,1769947979999,1055486.26020,693,8.165,641561.41500,0
1769947980000,78559.50,78563.00,78551.80,78563.00,18.469,1769948039999,1450843.54570,741,13.730,1078554.50310,0
1769948040000,78562.90,78579.20,78528.10,78530.60,31.317,1769948099999,2460153.34140,1329,10.529,827087.69340,0
1769948100000,78530.50,78530.60,78471.40,78501.80,49.640,1769948159999,3896182.16670,2132,21.355,1676018.34110,0
1769948160000,78501.70,78524.40,78418.90,78449.30,162.603,1769948219999,12759906.58390,4397,40.424,3171651.51900,0
1769948220000,78449.40,78478.80,78447.10,78450.00,42.107,1769948279999,3303635.20460,2008,19.654,1541972.04150,0
1769948280000,78450.00,78467.30,78450.00,78454.60,16.346,1769948339999,1282518.88810,690,6.883,540030.40700,0
1769948340000,78454.50,78587.00,78454.50,78586.90,145.257,1769948399999,11403916.64000,3398,118.273,9285205.22680,0
1769948400000,78587.00,78587.00,78554.90,78585.50,34.561,1769948459999,2715652.60140,1685,14.211,1116587.94030,0
1769948460000,78585.60,78585.60,78507.60,78507.60,57.459,1769948519999,4514403.72430,2413,23.175,1820977.56740,0
1769948520000,78507.50,78507.60,78392.00,78417.30,107.278,1769948579999,8415363.22700,3974,46.922,3680652.88440,0
1769948580000,78417.30,78430.40,78303.20,78319.00,246.493,1769948639999,19315375.61300,6082,94.365,7395236.74380,0
1769948640000,78319.00,78331.70,78199.90,78260.20,318.504,1769948699999,24921298.17210,7159,111.808,8747053.12270,0
1769948700000,78260.10,78322.70,78256.40,78322.70,52.115,1769948759999,4080616.64340,1977,35.714,2796406.49240,0
1769948760000,78322.70,78334.70,78279.00,78291.40,89.012,1769948819999,6970022.11430,3206,32.839,2571286.23830,0
1769948820000,78291.40,78315.30,78291.30,78315.30,44.078,1769948879999,3451564.69480,1332,29.076,2276776.36590,0
1769948880000,78315.30,78360.50,78315.30,78331.20,100.882,1769948939999,7903414.00640,2409,69.659,5457236.50690,0
1769948940000,78331.10,78410.70,78330.60,78400.20,83.155,1769948999999,6516974.79960,2253,68.862,5396688.10240,0
1769949000000,78400.30,78460.00,78400.20,78460.00,38.983,1769949059999,3057788.57240,1444,34.691,2721138.30990,0
1769949060000,78460.00,78480.00,78413.00,78413.10,102.003,1769949119999,8001498.82570,2488,33.242,2607696.45590,0
1769949120000,78413.10,78452.10,78413.00,78439.20,46.996,1769949179999,3685908.34100,1755,26.288,2061704.12210,0
1769949180000,78439.10,78480.00,78439.10,78454.20,52.602,1769949239999,4127331.28470,2239,34.669,2720222.59530,0
1769949240000,78454.20,78460.60,78447.80,78447.90,32.123,1769949299999,2520092.91680,853,20.637,1618997.33610,0
1769949300000,78447.90,78557.00,78447.90,78557.00,84.889,1769949359999,6664924.99350,3080,62.595,4914401.05900,0
1769949360000,78557.00,78629.20,78556.90,78597.60,71.890,1769949419999,5650534.29990,3388,50.147,3941487.87430,0
1769949420000,78597.50,78599.20,78573.70,78573.80,52.934,1769949479999,4159565.95590,1696,25.716,2020718.35630,0
1769949480000,78573.80,78573.80,78442.70,78450.80,210.811,1769949539999,16548635.04010,4773,43.238,3393597.96440,0
1769949540000,78450.80,78461.80,78402.80,78405.00,43.518,1769949599999,3412954.31120,1937,16.563,1298991.02740,0
1769949600000,78405.00,78468.90,78402.40,78463.60,31.845,1769949659999,2497711.86340,1580,18.496,1450666.64820,0
1769949660000,78463.50,78473.20,78418.30,78422.50,106.444,1769949719999,8350290.91430,2180,16.212,1271694.06410,0
1769949720000,78422.50,78484.70,78418.30,78484.60,19.232,1769949779999,1508817.62620,1077,13.616,1068235.49020,0
1769949780000,78484.70,78484.70,78450.00,78471.50,22.010,1769949839999,1727049.67570,1305,8.055,631993.10100,0
1769949840000,78471.50,78483.30,78313.20,78336.50,228.649,1769949899999,17926018.83900,4315,35.938,2816185.63160,0
1769949900000,78336.60,78401.00,78336.50,78401.00,42.515,1769949959999,3332231.10220,1997,23.306,1826583.14210,0
1769949960000,78400.90,78435.20,78400.90,78413.60,49.650,1769950019999,3893447.18000,1660,21.474,1683841.72870,0
1769950020000,78413.70,78428.00,78400.00,78400.10,29.954,1769950079999,2348830.71790,1174,15.679,1229399.75930,0
1769950080000,78400.00,78400.10,78370.60,78386.30,31.009,1769950139999,2430461.84840,1099,14.173,1110849.95450,0
1769950140000,78386.40,78438.70,78386.30,78435.10,23.586,1769950199999,1849343.68240,1062,17.204,1348961.53940,0
1769950200000,78435.10,78435.20,78404.00,78404.10,25.729,1769950259999,2017580.35440,1045,12.391,971598.08590,0
1769950260000,78404.00,78426.10,78394.00,78419.00,29.558,1769950319999,2317682.00410,1215,20.947,1642485.54660,0
1769950320000,78418.90,78429.00,78371.40,78383.50,50.586,1769950379999,3966001.55410,1634,19.599,1536801.79160,0
1769950380000,78383.50,78399.50,78383.40,78397.30,19.844,1769950439999,1555595.72750,537,13.411,1051285.98570,0
1769950440000,78397.30,78400.00,78370.60,78370.60,42.336,1769950499999,3318473.82600,1043,16.862,1321648.63030,0
1769950500000,78370.70,78396.00,78370.60,78385.10,27.082,1769950559999,2122739.16140,1051,17.871,1400727.04300,0
1769950560000,78385.20,78400.00,78385.20,78399.90,17.281,1769950619999,1354763.79970,684,10.177,797827.43740,0
1769950620000,78399.90,78435.20,78397.40,78418.30,52.236,1769950679999,4095701.23120,1546,38.012,2980261.94440,0
1769950680000,78418.20,78465.00,78418.20,78446.60,27.206,1769950739999,2134335.22230,1411,18.516,1452571.98950,0
1769950740000,78446.60,78446.60,78400.00,78420.60,41.999,1769950799999,3293557.38220,1309,21.855,1713737.25100,0
1769950800000,78420.60,78462.10,78420.60,78462.10,42.891,1769950859999,3364420.07690,1089,30.656,2404721.47510,0
1769950860000,78462.10,78496.60,78440.80,78496.50,53.993,1769950919999,4236986.41300,1780,37.412,2936004.99530,0
1769950920000,78496.60,78588.50,78496.50,78562.70,99.149,1769950979999,7788443.07830,3966,67.937,5336712.63490,0
1769950980000,78562.80,78586.30,78503.90,78515.20,43.307,1769951039999,3401823.85760,2593,16.734,1314564.84890,0
1769951040000,78515.10,78569.90,78515.10,78518.60,36.069,1769951099999,2832946.48680,2529,17.122,1344685.26450,0
1769951100000,78518.60,78536.40,78500.00,78530.60,29.690,1769951159999,2331324.88900,1394,17.288,1357515.95230,0
1769951160000,78530.50,78547.10,78525.60,78545.50,13.266,1769951219999,1041857.63430,685,8.679,681603.06550,0
1769951220000,78545.40,78549.40,78526.60,78534.10,28.885,1769951279999,2268662.93080,1219,15.780,1239352.74250,0
1769951280000,78534.00,78534.00,78505.80,78522.30,15.046,1769951339999,1181340.22490,1063,8.004,628409.52810,0
1769951340000,78522.30,78559.10,78522.30,78559.00,29.503,1769951399999,2317166.70850,1006,17.246,1354512.73910,0
1769951400000,78559.00,78665.80,78559.00,78634.40,109.765,1769951459999,8630040.20100,4208,83.845,6591655.16320,0
1769951460000,78634.30,78696.00,78600.00,78696.00,139.605,1769951519999,10982938.08020,3679,110.980,8731195.03430,0
1769951520000,78695.90,78700.00,78673.20,78675.30,68.938,1769951579999,5424778.38820,2196,45.592,3587673.17220,0
1769951580000,78675.30,78700.00,78618.90,78627.80,70.158,1769951639999,5518945.71100,2632,37.860,2978388.79060,0
1769951640000,78627.80,78666.00,78608.70,78630.40,106.350,1769951699999,8364696.25770,2226,28.851,2268860.30780,0
1769951700000,78630.40,78652.70,78630.30,78650.80,19.319,1769951759999,1519301.59530,1575,9.057,712248.50770,0
1769951760000,78650.70,78650.80,78609.00,78619.70,32.281,1769951819999,2538231.86760,1567,13.884,1091581.58640,0
1769951820000,78619.60,78619.70,78591.50,78596.60,15.539,1769951879999,1221468.42770,988,4.277,336182.85340,0
1769951880000,78596.70,78605.20,78580.20,78580.30,19.401,1769951939999,1524707.61890,1080,8.649,679725.92420,0
1769951940000,78580.20,78648.00,78580.20,78648.00,26.919,1769951999999,2116352.27070,1443,18.793,1477372.14760,0
1769952000000,78647.90,78647.90,78619.10,78643.40,21.956,1769952059999,1726558.51830,1460,13.485,1060402.67590,0
1769952060000,78643.40,78732.00,78643.30,78721.90,88.579,1769952119999,6968759.22570,2507,75.885,5969787.42140,0
1769952120000,78721.90,78722.00,78666.80,78688.80,56.020,1769952179999,4408637.35880,2159,31.932,2512870.31210,0
1769952180000,78688.90,78689.90,78658.80,78689.80,18.872,1769952239999,1484652.39510,1297,7.047,554373.07970,0
1769952240000,78689.90,78698.40,78589.70,78589.70,38.571,1769952299999,3033506.80720,2024,7.558,594415.66640,0
1769952300000,78589.70,78608.60,78580.20,78608.50,46.776,1769952359999,3676484.94330,1665,29.870,2347715.58410,0
1769952360000,78608.50,78608.60,78593.10,78604.80,30.156,1769952419999,2370322.92770,1051,16.135,1268226.63970,0
1769952420000,78604.90,78604.90,78594.60,78596.10,13.056,1769952479999,1026182.62090,564,4.420,347396.28090,0
1769952480000,78596.10,78596.10,78562.20,78576.30,31.977,1769952539999,2512699.98790,1322,15.712,1234532.88170,0
1769952540000,78576.40,78660.50,78576.30,78646.50,186.980,1769952599999,14699999.49190,3472,157.989,12420525.41500,0
1769952600000,78646.60,78653.80,78617.00,78617.00,43.605,1769952659999,3429306.83870,1244,9.279,729675.82130,0
1769952660000,78617.00,78626.40,78599.80,78600.60,40.882,1769952719999,3213683.92250,1069,11.091,871822.67850,0
1769952720000,78600.50,78620.00,78570.00,78577.70,52.103,1769952779999,4094603.27250,1691,21.314,1674997.59490,0
1769952780000,78577.80,78596.00,78571.80,78596.00,24.381,1769952839999,1915943.37960,1375,10.385,816070.93910,0
1769952840000,78595.90,78615.00,78579.80,78587.40,40.845,1769952899999,3210179.79290,1384,18.011,1415499.17820,0
1769952900000,78587.50,78594.80,78483.10,78500.00,89.801,1769952959999,7051152.68810,2956,29.181,2290792.30160,0
1769952960000,78499.90,78508.70,78452.30,78464.40,84.351,1769953019999,6620515.36710,2505,47.768,3749391.87620,0
1769953020000,78464.40,78500.00,78464.40,78499.90,31.989,1769953079999,2510694.63450,1146,24.399,1914966.21400,0
1769953080000,78499.90,78517.00,78461.60,78473.40,79.621,1769953139999,6249070.75720,2716,31.579,2478455.40080,0
1769953140000,78473.50,78480.30,78448.70,78448.80,44.356,1769953199999,3480312.30340,1789,15.035,1179704.34140,0
1769953200000,78448.70,78487.20,78423.00,78455.00,58.075,1769953259999,4556253.31940,3035,28.286,2219145.93420,0
1769953260000,78454.90,78495.40,78422.30,78488.30,88.871,1769953319999,6971749.42250,3732,48.094,3773056.95440,0
1769953320000,78488.20,78508.50,78476.40,78501.00,37.480,1769953379999,2942255.91470,1139,16.596,1302799.73370,0
1769953380000,78500.90,78500.90,78483.20,78499.90,19.617,1769953439999,1539787.91630,743,8.452,663409.27380,0
1769953440000,78500.00,78501.90,78480.80,78490.30,15.026,1769953499999,1179474.26240,788,6.132,481326.62660,0
1769953500000,78490.30,78550.00,78490.30,78550.00,38.091,1769953559999,2991208.87020,1664,21.133,1659322.66420,0
1769953560000,78549.90,78608.80,78549.90,78600.90,76.104,1769953619999,5980897.31850,2191,54.077,4249635.32060,0
1769953620000,78600.90,78610.80,78581.40,78608.90,27.582,1769953679999,2167902.42320,1280,16.052,1261661.88720,0
1769953680000,78608.90,78608.90,78549.80,78551.60,31.945,1769953739999,2510373.98870,1668,8.577,673941.18020,0
1769953740000,78551.60,78566.40,78455.90,78461.70,46.240,1769953799999,3629996.09080,2998,15.615,1225844.77660,0
1769953800000,78461.60,78461.60,78421.70,78426.60,59.181,1769953859999,4641929.50840,2190,17.513,1373648.96190,0
1769953860000,78426.60,78426.90,78336.70,78363.10,142.235,1769953919999,11147776.66100,4476,43.168,3382955.99470,0
1769953920000,78363.10,78375.50,78259.60,78283.10,240.825,1769953979999,18856673.98480,7197,82.578,6465716.92900,0
1769953980000,78283.10,78341.80,78256.60,78289.80,132.184,1769954039999,10349780.07650,4633,77.088,6035865.27300,0
1769954040000,78289.80,78347.20,78289.80,78320.80,89.934,1769954099999,7043825.98290,2981,54.213,4245948.06370,0
1769954100000,78320.80,78362.10,78300.00,78300.00,72.266,1769954159999,5660407.67710,2885,26.777,2097652.96800,0
1769954160000,78300.10,78300.10,78149.30,78241.60,296.135,1769954219999,23160976.35270,8898,112.334,8785998.50830,0
1769954220000,78241.50,78299.20,78186.30,78244.60,125.902,1769954279999,9850933.88270,5505,86.502,6768087.44290,0
1769954280000,78244.60,78280.60,78210.60,78280.60,122.913,1769954339999,9617730.25530,4234,64.551,5051021.54530,0
1769954340000,78280.70,78308.20,78267.10,78280.70,84.771,1769954399999,6636654.09990,3183,32.363,2533562.85700,0
1769954400000,78280.80,78280.80,78201.20,78227.50,86.938,1769954459999,6802589.98330,3700,33.162,2594748.98520,0
1769954460000,78227.50,78227.60,78140.20,78164.10,130.684,1769954519999,10217684.86600,4954,47.657,3726172.59240,0
1769954520000,78164.00,78197.70,78143.40,78187.10,113.486,1769954579999,8870868.56960,4071,44.658,3490770.12330,0
1769954580000,78187.20,78207.50,78101.00,78193.10,193.611,1769954639999,15133885.77270,6462,79.899,6245789.43890,0
1769954640000,78193.10,78220.10,78180.80,78188.30,78.123,1769954699999,6109527.46390,3230,42.337,3310857.09180,0
1769954700000,78188.30,78207.90,78178.30,78183.90,47.138,1769954759999,3685765.70120,2131,20.050,1567720.47240,0
1769954760000,78183.90,78296.30,78169.00,78296.30,103.945,1769954819999,8133570.00200,4372,76.057,5951742.24840,0
1769954820000,78296.30,78402.30,78296.20,78352.60,191.910,1769954879999,15038280.06340,6498,132.050,10347110.41070,0
1769954880000,78352.70,78385.30,78285.90,78286.00,55.624,1769954939999,4358208.99270,3514,21.698,1700078.05760,0
1769954940000,78286.00,78286.10,78248.90,78254.60,50.207,1769954999999,3929450.08850,2717,27.260,2133495.10530,0
1769955000000,78254.50,78254.50,78062.00,78093.30,252.642,1769955059999,19734078.97150,7453,58.968,4607508.94920,0
1769955060000,78093.20,78133.70,78070.50,78106.40,168.768,1769955119999,13180179.60350,7399,64.488,5036356.81170,0
1769955120000,78106.30,78165.60,78097.20,78165.00,73.095,1769955179999,5711771.81400,3309,45.535,3558105.90000,0
1769955180000,78164.90,78196.40,78136.20,78194.50,91.267,1769955239999,7133237.11670,4044,62.045,4849386.00000,0
1769955240000,78194.50,78194.60,78125.50,78146.10,55.922,1769955299999,4370762.70830,2679,22.038,1722388.04310,0
1769955300000,78146.20,78190.40,78132.40,78169.30,85.167,1769955359999,6655922.96920,3303,59.417,4643388.07320,0
1769955360000,78169.30,78169.30,78086.90,78102.20,119.496,1769955419999,9335444.17300,4525,34.109,2664574.98380,0
1769955420000,78102.30,78168.90,78025.60,78031.80,200.221,1769955479999,15631808.98840,6874,44.808,3498615.44930,0
1769955480000,78031.80,78056.60,78005.00,78009.10,171.902,1769955539999,13414234.47130,5528,50.931,3974609.30110,0
1769955540000,78009.00,78063.20,78005.00,78057.50,124.177,1769955599999,9689149.18770,4178,69.111,5392695.13480,0
1769955600000,78057.40,78088.90,78023.80,78024.90,149.087,1769955659999,11636063.82110,4380,49.297,3847675.12000,0
1769955660000,78024.80,78080.00,78024.80,78065.80,105.516,1769955719999,8236263.97120,3882,69.335,5411936.38350,0
1769955720000,78065.80,78088.00,77922.00,77972.50,308.525,1769955779999,24060619.36910,8984,81.951,6392140.42440,0
1769955780000,77972.50,78022.50,77966.30,78022.50,130.645,1769955839999,10189468.15620,3993,63.992,4991109.62990,0
1769955840000,78022.50,78046.90,78010.80,78017.40,92.216,1769955899999,7195632.00190,3522,50.202,3917258.37720,0
1769955900000,78017.50,78144.30,77850.00,78011.90,481.473,1769955959999,37560106.90580,16502,239.133,18659571.16940,0
1769955960000,78011.90,78087.80,77998.90,78001.70,134.081,1769956019999,10463676.34250,6904,66.646,5201023.06940,0
1769956020000,78001.60,78019.40,77901.30,77901.40,274.031,1769956079999,21360354.58640,9010,117.074,9124964.32700,0
1769956080000,77901.40,77903.80,77782.70,77842.20,595.787,1769956139999,46381873.13030,12553,159.922,12449524.04020,0
1769956140000,77842.30,77858.10,77777.70,77812.90,450.985,1769956199999,35089801.82010,9666,152.639,11876802.55980,0
1769956200000,77812.90,77924.00,77797.30,77897.10,294.882,1769956259999,22964863.58600,8350,131.692,10255648.35190,0
1769956260000,77897.10,77897.10,77638.40,77708.10,825.504,1769956319999,64153603.39760,19635,269.524,20943536.02790,0
1769956320000,77708.10,77830.80,77700.00,77758.30,438.388,1769956379999,34097625.65870,8391,325.324,25302940.76290,0
1769956380000,77758.20,77778.00,77670.80,77678.30,283.206,1769956439999,22014521.49510,6618,129.665,10079931.80360,0
1769956440000,77678.20,77680.80,77422.00,77460.50,1002.005,1769956499999,77704886.86650,21403,361.690,28050367.01290,0
1769956500000,77460.40,77558.70,77460.40,77488.60,517.144,1769956559999,40085458.08060,11433,212.243,16451218.03360,0
1769956560000,77488.60,77545.50,77452.90,77492.40,496.970,1769956619999,38513548.78560,11676,193.485,14995861.80690,0
1769956620000,77492.40,77504.60,77313.90,77350.00,892.919,1769956679999,69117139.34990,16290,284.751,22037391.15130,0
1769956680000,77350.10,77368.00,77239.20,77327.50,491.712,1769956739999,38012793.82900,16757,201.311,15563404.04740,0
1769956740000,77327.50,77386.40,77206.30,77376.00,1125.515,1769956799999,86973514.63140,16116,649.376,50174169.17900,0
1769956800000,77376.00,77578.50,77362.90,77548.00,888.478,1769956859999,68856242.31700,18858,522.278,40475907.77150,0
1769956860000,77548.00,77550.00,77439.60,77516.00,290.196,1769956919999,22489892.04410,8691,146.381,11343804.66210,0
1769956920000,77516.00,77763.10,77481.30,77747.10,1042.380,1769956979999,80896028.46470,10936,896.730,69596944.56570,0
1769956980000,77747.10,77929.00,77731.70,77885.00,1104.908,1769957039999,86018160.13960,23887,595.091,46328336.50070,0
1769957040000,77885.10,78097.10,77835.70,77850.80,939.134,1769957099999,73240819.55090,21577,530.033,41338936.13970,0
1769957100000,77850.80,78068.50,77850.70,77957.70,490.914,1769957159999,38286507.41110,17265,267.654,20871538.44470,0
1769957160000,77957.70,77977.20,77855.50,77920.80,181.984,1769957219999,14177577.53860,7828,82.139,6399179.26910,0
1769957220000,77920.80,77935.60,77839.80,77842.20,175.248,1769957279999,13649606.65080,7377,65.901,5132866.95110,0
1769957280000,77842.10,78015.80,77760.90,78009.00,301.470,1769957339999,23478924.20220,11251,152.178,11856651.80670,0
1769957340000,78009.00,78063.40,78000.00,78053.80,218.685,1769957399999,17065258.55850,9005,143.417,11191702.83570,0
1769957400000,78053.80,78354.90,78042.60,78346.50,671.886,1769957459999,52542761.33030,18456,453.353,35448031.66080,0
1769957460000,78346.60,78500.00,78276.00,78295.30,540.930,1769957519999,42408131.24080,18384,279.457,21907776.36000,0
1769957520000,78295.30,78303.30,78206.10,78296.90,258.496,1769957579999,20229425.01150,9842,131.873,10320776.55200,0
1769957580000,78297.00,78297.80,78226.30,78268.40,155.623,1769957639999,12179234.16800,7345,59.969,4693077.65900,0
1769957640000,78268.30,78280.80,78194.10,78200.10,150.430,1769957699999,11767294.79280,6129,51.847,4055964.26830,0
1769957700000,78200.20,78286.30,78101.60,78276.00,273.596,1769957759999,21389644.51760,8726,177.303,13863239.08110,0
1769957760000,78276.00,78323.70,78254.30,78269.90,141.480,1769957819999,11076112.82970,5812,69.545,5444593.11760,0
1769957820000,78269.80,78297.50,78199.10,78290.80,197.370,1769957879999,15442149.13810,6177,134.280,10506124.77870,0
1769957880000,78290.90,78388.00,78251.70,78288.50,428.863,1769957939999,33596967.27920,9213,271.700,21284011.96380,0
1769957940000,78288.50,78288.60,78167.10,78179.40,124.007,1769957999999,9700166.81900,4122,38.997,3051344.76580,0
1769958000000,78179.40,78185.50,78109.40,78157.50,255.242,1769958059999,19945178.20260,7376,93.802,7329328.25710,0
1769958060000,78157.50,78220.40,78157.50,78178.30,105.672,1769958119999,8262478.66570,4109,69.016,5396299.81010,0
1769958120000,78178.30,78193.00,78043.70,78064.00,160.180,1769958179999,12513696.15600,5981,65.641,5128701.49170,0
1769958180000,78064.00,78071.50,77953.40,77973.90,263.048,1769958239999,20516749.70410,6596,66.272,5168400.09300,0
1769958240000,77973.80,78018.30,77843.80,77900.00,416.514,1769958299999,32467811.74190,10150,191.632,14937906.17660,0
1769958300000,77900.00,77950.00,77900.00,77948.80,118.338,1769958359999,9222798.66880,3252,64.392,5018750.80310,0
1769958360000,77948.90,78008.40,77909.70,77918.30,173.630,1769958419999,13535805.83070,5753,100.865,7863332.05740,0
1769958420000,77918.30,77928.60,77838.30,77887.50,137.063,1769958479999,10674972.86010,6981,61.289,4773680.07890,0
1769958480000,77887.50,77911.20,77862.10,77911.20,130.534,1769958539999,10167535.90610,4351,88.984,6930998.66100,0
1769958540000,77911.20,77969.20,77872.00,77884.50,88.990,1769958599999,6933546.94600,4413,56.459,4399065.78460,0
1769958600000,77884.50,77912.40,77839.60,77867.90,80.847,1769958659999,6295632.23210,3947,33.733,2626896.91760,0
1769958660000,77868.00,77890.60,77707.30,77717.30,206.080,1769958719999,16028360.77160,7216,54.601,4247974.55580,0
1769958720000,77717.30,77753.50,77650.00,77659.60,267.721,1769958779999,20799998.82500,8813,77.519,6022259.44420,0
1769958780000,77659.50,77680.40,77469.40,77568.40,420.830,1769958839999,32637195.19710,14177,179.277,13903299.40080,0
1769958840000,77568.50,77625.00,77535.10,77588.10,162.302,1769958899999,12592040.23950,7026,90.082,6988687.75900,0
1769958900000,77588.10,77648.70,77571.30,77631.90,203.257,1769958959999,15776572.12880,9603,115.996,9003379.49790,0
1769958960000,77632.00,77664.80,77321.60,77321.60,457.247,1769959019999,35425523.94660,13012,131.102,10162443.61700,0
1769959020000,77321.60,77559.70,77250.00,77340.90,625.961,1769959079999,48452324.13350,20542,288.805,22358627.31010,0
1769959080000,77340.90,77340.90,77155.00,77155.10,520.889,1769959139999,40237719.47670,19402,204.498,15797622.04920,0
1769959140000,77155.00,77300.00,77111.00,77289.50,710.246,1769959199999,54824086.91210,21947,390.238,30125127.24800,0
1769959200000,77289.60,77314.70,77139.50,77180.00,225.796,1769959259999,17436478.54490,11988,109.445,8452516.12870,0
1769959260000,77180.00,77417.70,77180.00,77372.00,318.722,1769959319999,24639912.88080,13550,175.211,13544506.01140,0
1769959320000,77372.00,77422.20,77308.70,77393.90,368.702,1769959379999,28527519.66140,11419,188.960,14619106.18540,0
1769959380000,77393.90,77491.90,77340.50,77481.90,316.443,1769959439999,24496078.98730,10923,181.057,14015920.36970,0
1769959440000,77481.90,77483.00,77350.90,77350.90,267.282,1769959499999,20692010.39650,7585,74.449,5764041.49510,0
1769959500000,77350.80,77417.40,77038.90,77110.30,973.923,1769959559999,75172205.19240,20674,252.743,19508164.67090,0
1769959560000,77110.40,77160.50,76923.20,77011.60,920.921,1769959619999,70942134.16700,24823,425.649,32796544.45220,0
1769959620000,77011.60,77059.70,76897.90,76970.80,639.625,1769959679999,49236284.97850,20973,328.557,25292181.86990,0
1769959680000,76970.80,76999.90,76895.50,76915.00,304.922,1769959739999,23462426.42300,12350,125.441,9651797.37790,0
1769959740000,76914.90,77054.10,76914.90,76961.70,239.052,1769959799999,18407602.61080,8792,136.719,10527563.47100,0
1769959800000,76961.70,77057.50,76874.30,76874.30,410.917,1769959859999,31625973.76100,15539,181.111,13941419.18020,0
1769959860000,76874.00,77142.50,76839.10,77112.00,580.139,1769959919999,44644986.97430,19205,291.273,22423384.00790,0
1769959920000,77112.10,77116.50,76871.30,76980.00,316.447,1769959979999,24358879.93590,13147,143.164,11020474.00900,0
1769959980000,76980.10,77106.50,76956.00,76986.90,190.386,1769960039999,14665299.29100,9824,98.046,7552116.68820,0
1769960040000,76986.80,77064.80,76930.60,77024.60,267.307,1769960099999,20584135.14920,10208,132.372,10192694.98330,0
1769960100000,77024.60,77070.70,76890.50,76953.80,204.031,1769960159999,15702320.08010,10355,99.219,7636412.82490,0
1769960160000,76953.80,76994.80,76888.00,76937.00,197.732,1769960219999,15211718.52450,10526,102.495,7885169.74840,0
1769960220000,76937.00,77000.00,76917.70,76931.80,261.157,1769960279999,20098519.99780,8772,168.800,12990386.70580,0
1769960280000,76931.90,77181.00,76752.50,77078.40,635.584,1769960339999,48923587.78120,20992,330.182,25426133.58090,0
1769960340000,77078.40,77368.50,76970.40,77260.60,682.816,1769960399999,52719338.55410,19007,333.274,25742019.01770,0
1769960400000,77260.50,77293.40,76969.30,77150.00,671.597,1769960459999,51779452.56750,14194,173.578,13391913.76340,0
1769960460000,77149.90,77185.50,77089.20,77151.50,188.824,1769960519999,14565395.54590,7775,105.121,8109121.08480,0
1769960520000,77151.90,77255.00,77140.00,77158.10,153.500,1769960579999,11849616.77550,6663,69.649,5376614.93910,0
1769960580000,77158.10,77213.20,77127.00,77179.50,147.315,1769960639999,11368085.40260,5919,68.148,5258779.54660,0
1769960640000,77179.60,77186.90,77112.30,77139.30,106.817,1769960699999,8239793.26220,4357,51.864,4000629.35720,0
1769960700000,77139.30,77300.00,77115.80,77162.20,186.398,1769960759999,14389615.25870,8065,119.377,9215820.70340,0
1769960760000,77162.20,77278.10,77123.00,77257.00,108.538,1769960819999,8378396.19740,5763,65.215,5034322.82960,0
1769960820000,77257.00,77300.00,77200.00,77236.30,157.339,1769960879999,12156162.94710,6454,89.890,6945168.14810,0
1769960880000,77236.40,77446.00,77219.90,77330.60,280.320,1769960939999,21683310.55500,9135,149.155,11537950.13730,0
1769960940000,77330.50,77446.00,77326.90,77357.30,265.766,1769960999999,20570969.95940,8898,153.003,11842956.51490,0
1769961000000,77357.30,77414.30,77301.00,77383.50,106.568,1769961059999,8243713.26280,5168,59.739,4621074.19070,0
1769961060000,77383.50,77496.00,77379.10,77479.90,178.186,1769961119999,13799244.70890,6982,117.530,9101528.49640,0
1769961120000,77480.00,77543.40,77441.60,77508.80,210.847,1769961179999,16343156.88310,8685,123.182,9547971.73220,0
1769961180000,77508.80,77557.20,77432.40,77434.40,199.928,1769961239999,15492662.50810,5905,63.710,4937411.31720,0
1769961240000,77434.40,77513.90,77434.40,77502.30,72.197,1769961299999,5594859.33790,3350,35.516,2752321.60740,0
1769961300000,77502.30,77550.00,77492.00,77512.70,91.991,1769961359999,7131262.32090,2561,52.239,4049415.64200,0
1769961360000,77512.70,77580.10,77506.60,77546.70,128.816,1769961419999,9989146.07720,3762,53.768,4169435.30800,0
1769961420000,77546.80,77840.20,77546.70,77676.90,483.689,1769961479999,37589704.06400,15770,262.670,20411050.52820,0
1769961480000,77677.00,77766.80,77654.00,77661.80,224.946,1769961539999,17481972.08400,9279,83.706,6504575.95570,0
1769961540000,77661.80,77680.00,77534.90,77563.80,214.413,1769961599999,16638297.46110,7090,71.453,5543150.84350,0
1769961600000,77563.80,77563.90,77364.10,77364.10,243.711,1769961659999,18884845.62500,8843,62.344,4830918.56500,0
1769961660000,77364.10,77449.10,77312.00,77312.00,335.949,1769961719999,25993419.03730,11218,143.811,11127376.93500,0
1769961720000,77312.00,77336.10,77057.80,77078.90,479.268,1769961779999,36998164.03310,15160,170.368,13148944.38400,0
1769961780000,77078.90,77150.00,77064.90,77064.90,235.892,1769961839999,18187368.52540,8228,121.367,9357221.32870,0
1769961840000,77065.00,77129.20,77056.70,77118.40,142.255,1769961899999,10966836.66500,7969,84.859,6542120.61920,0
1769961900000,77118.40,77318.40,77092.60,77318.40,187.789,1769961959999,14503706.32090,10143,117.459,9072498.59960,0
1769961960000,77318.50,77559.50,77309.10,77375.30,445.357,1769962019999,34494281.45080,15435,198.356,15359973.02040,0
1769962020000,77375.40,77398.70,77310.30,77347.70,97.690,1769962079999,7555381.40530,5772,46.282,3579350.75040,0
1769962080000,77347.80,77350.60,77239.70,77288.30,155.423,1769962139999,12011365.88740,6788,60.776,4696258.97550,0
1769962140000,77288.20,77363.20,77200.00,77229.50,136.486,1769962199999,10547442.89430,6708,67.748,5235415.76200,0
1769962200000,77229.60,77290.40,77137.20,77218.00,137.781,1769962259999,10640385.87870,7908,53.022,4094584.35190,0
1769962260000,77218.10,77252.70,77197.30,77200.10,130.522,1769962319999,10078798.98130,5960,83.195,6424122.44630,0
1769962320000,77200.00,77340.60,77200.00,77304.00,122.535,1769962379999,9470081.74740,6276,78.173,6041594.45860,0
1769962380000,77304.10,77398.40,77280.50,77383.60,101.816,1769962439999,7875304.24450,5404,66.464,5140857.02350,0
1769962440000,77383.50,77584.90,77378.40,77542.50,738.475,1769962499999,57233458.21730,9716,568.533,44057086.01600,0
1769962500000,77542.40,77543.10,77447.10,77495.10,168.169,1769962559999,13031652.36180,7045,75.419,5844320.65510,0
1769962560000,77495.00,77495.10,77396.50,77427.80,111.497,1769962619999,8632381.69520,5073,40.128,3106647.53110,0
1769962620000,77427.90,77427.90,77233.40,77243.00,215.982,1769962679999,16698646.91620,9149,77.155,5964558.47710,0
1769962680000,77243.00,77300.00,77151.40,77171.60,217.334,1769962739999,16782542.57390,8232,98.890,7637124.57920,0
1769962740000,77171.70,77205.50,77123.30,77153.40,144.903,1769962799999,11180076.49510,8419,84.682,6533574.34820,0
1769962800000,77153.40,77300.00,77153.40,77213.20,129.624,1769962859999,10012380.20100,7476,65.141,5031205.96400,0
1769962860000,77213.20,77300.00,77123.00,77123.00,109.335,1769962919999,8445041.84080,6755,42.648,3294239.14930,0
1769962920000,77123.10,77215.60,77102.80,77193.80,148.865,1769962979999,11485202.16390,8183,75.440,5820818.67240,0
1769962980000,77193.80,77517.20,77193.70,77488.90,191.266,1769963039999,14795756.04120,11598,122.599,9483675.12910,0
1769963040000,77488.90,77586.70,77418.50,77521.60,344.239,1769963099999,26682584.99370,11828,235.783,18276497.60070,0
1769963100000,77521.60,77677.00,77463.00,77632.90,230.464,1769963159999,17878547.58780,10954,122.584,9511215.67290,0
1769963160000,77633.00,77771.00,77564.50,77730.80,451.984,1769963219999,35106240.76950,13763,181.585,14101066.82270,0
1769963220000,77730.80,77813.70,77650.50,77714.00,388.912,1769963279999,30227882.66680,12557,200.331,15570039.66870,0
1769963280000,77714.20,77726.80,77575.10,77575.10,165.540,1769963339999,12854807.67590,8915,60.556,4702600.37560,0
1769963340000,77574.90,77585.00,77475.90,77504.40,162.303,1769963399999,12580921.76770,5718,45.156,3500679.67370,0
1769963400000,77504.40,77572.40,77426.70,77431.50,129.977,1769963459999,10072793.25970,8442,59.739,4629823.17470,0
1769963460000,77431.40,77671.40,77431.40,77632.80,120.467,1769963519999,9345168.00760,8491,80.625,6254536.04520,0
1769963520000,77632.70,77643.20,77491.00,77509.10,67.892,1769963579999,5265143.80730,6680,26.394,2046616.81160,0
1769963580000,77509.00,77632.10,77504.70,77610.40,78.064,1769963639999,6057179.91010,5979,33.784,2620847.37040,0
1769963640000,77610.30,77670.60,77533.40,77656.90,97.229,1769963699999,7545421.01960,5790,71.233,5528340.49770,0
1769963700000,77656.90,77726.70,77604.50,77705.80,141.214,1769963759999,10968767.70670,7906,54.264,4215524.80300,0
1769963760000,77705.80,77705.80,77566.70,77572.70,82.848,1769963819999,6431151.96560,5433,20.287,1574852.80570,0
1769963820000,77572.80,77573.30,77512.60,77521.30,73.914,1769963879999,5731218.92080,4929,26.591,2061685.00780,0
1769963880000,77521.20,77559.30,77500.10,77513.50,42.887,1769963939999,3324899.32250,3700,17.451,1352873.16400,0
1769963940000,77513.50,77535.90,77444.00,77492.00,74.007,1769963999999,5734187.67720,5069,33.964,2631714.71330,0
1769964000000,77492.10,77550.00,77344.00,77347.10,128.165,1769964059999,9927425.69730,8400,42.044,3257279.73690,0
1769964060000,77347.10,77395.50,77257.60,77298.50,131.343,1769964119999,10155825.38870,5980,51.165,3956285.16850,0
1769964120000,77298.50,77302.20,77236.00,77243.90,120.524,1769964179999,9312637.66760,5303,61.395,4743824.26640,0
1769964180000,77243.90,77288.40,77128.20,77176.80,238.725,1769964239999,18424907.99210,10521,102.027,7873931.50840,0
1769964240000,77176.80,77249.10,77176.80,77222.90,104.463,1769964299999,8066216.17250,5906,62.177,4800790.36320,0
1769964300000,77223.00,77313.80,77221.60,77261.40,98.758,1769964359999,7631198.60030,6958,58.353,4508808.10800,0
1769964360000,77261.40,77310.20,77212.40,77298.60,84.832,1769964419999,6554717.33310,5443,33.367,2578106.14990,0
1769964420000,77298.50,77336.10,77242.60,77257.70,50.408,1769964479999,3895125.62430,3968,25.018,1933043.71970,0
1769964480000,77257.70,77304.50,77255.20,77255.20,52.723,1769964539999,4074853.24450,3428,20.662,1596836.26910,0
1769964540000,77254.90,77263.30,77162.40,77170.70,81.893,1769964599999,6321633.64990,4263,28.619,2208818.56650,0
1769964600000,77170.80,77257.40,77100.60,77252.50,167.947,1769964659999,12957757.80030,6577,89.784,6927735.00780,0
1769964660000,77252.60,77300.00,77202.80,77202.80,110.852,1769964719999,8566110.39020,5055,66.782,5160761.67450,0
1769964720000,77202.90,77236.80,77133.50,77218.10,232.637,1769964779999,17958271.63570,6252,65.145,5027667.88220,0
1769964780000,77218.10,77222.20,77129.10,77181.00,104.314,1769964839999,8048930.55190,3558,31.000,2392112.14680,0
1769964840000,77181.00,77330.20,77181.00,77330.20,57.362,1769964899999,4432001.36640,5260,38.766,2995162.93290,0
1769964900000,77330.10,77412.30,77318.00,77399.40,130.471,1769964959999,10095827.92620,5988,87.976,6807938.31060,0
1769964960000,77399.40,77475.40,77344.90,77467.50,87.439,1769965019999,6769037.45800,4230,53.547,4145403.32580,0
1769965020000,77467.60,77530.00,77386.10,77386.20,113.068,1769965079999,8759638.02360,5324,41.733,3233566.98060,0
1769965080000,77386.20,77430.60,77366.40,77430.60,81.074,1769965139999,6274880.89490,4742,41.715,3228630.27330,0
1769965140000,77430.60,77511.70,77417.20,77459.20,68.201,1769965199999,5283584.67650,3891,36.844,2854243.75090,0
1769965200000,77459.20,77519.90,77438.20,77476.50,84.534,1769965259999,6549656.91160,4022,38.970,3019201.67220,0
1769965260000,77476.60,77493.10,77377.00,77410.20,55.705,1769965319999,4313076.77640,4541,22.327,1728620.26070,0
1769965320000,77410.20,77471.10,77389.40,77444.90,124.685,1769965379999,9654712.58590,5936,93.321,7226063.90590,0
1769965380000,77444.90,77533.30,77392.00,77530.80,60.407,1769965439999,4680172.02380,4872,36.270,2810047.04090,0
1769965440000,77530.70,77599.80,77500.20,77599.80,123.266,1769965499999,9559783.16930,4801,83.953,6511208.79830,0
1769965500000,77599.70,77721.50,77555.10,77591.90,747.224,1769965559999,58033538.14430,18754,404.845,31442183.19160,0
1769965560000,77591.50,77689.70,77546.30,77582.40,137.454,1769965619999,10668014.18390,7619,35.259,2736411.58850,0
1769965620000,77582.40,77645.70,77575.50,77643.20,79.744,1769965679999,6189136.69650,4896,44.719,3470664.14020,0
1769965680000,77643.20,77679.60,77586.90,77639.10,56.498,1769965739999,4386309.32550,4928,30.124,2338543.91020,0
1769965740000,77639.10,77647.40,77564.10,77610.00,77.491,1769965799999,6013623.29560,4946,27.998,2172767.67560,0
1769965800000,77609.90,77612.80,77505.40,77568.60,61.272,1769965859999,4751592.94250,4453,26.956,2090109.44320,0
1769965860000,77568.50,77633.10,77565.60,77622.80,63.992,1769965919999,4965623.04760,4472,23.675,1836993.14850,0
1769965920000,77623.10,77630.70,77587.00,77598.20,54.187,1769965979999,4205431.84850,4023,23.567,1828979.57350,0
1769965980000,77598.20,77614.40,77563.70,77580.50,48.102,1769966039999,3732194.48070,3330,23.317,1809124.55310,0
1769966040000,77580.40,77620.00,77570.70,77608.20,35.760,1769966099999,2774846.85110,2390,13.361,1036783.17970,0
1769966100000,77608.20,77608.20,77527.10,77581.10,51.206,1769966159999,3971197.46530,3941,31.803,2466259.72630,0
1769966160000,77581.10,77602.90,77533.00,77600.00,39.432,1769966219999,3058881.57170,3586,18.057,1400721.33280,0
1769966220000,77599.90,77635.00,77593.60,77635.00,53.005,1769966279999,4113822.01870,2491,30.778,2388839.96130,0
1769966280000,77635.00,77714.00,77614.10,77686.50,240.782,1769966339999,18701135.56860,6701,110.913,8614960.84230,0
1769966340000,77686.40,77714.90,77652.00,77679.40,49.417,1769966399999,3839158.89670,3566,22.649,1759581.96040,0
1769966400000,77679.40,77692.00,77573.40,77585.10,67.144,1769966459999,5213709.70080,4368,24.296,1886646.09630,0
1769966460000,77585.00,77585.00,77375.10,77441.10,141.933,1769966519999,10991505.52100,8465,66.124,5120253.73400,0
1769966520000,77441.20,77451.20,77330.70,77358.80,150.300,1769966579999,11629844.19180,7168,50.561,3912402.88560,0
1769966580000,77358.70,77372.70,77300.00,77321.60,89.199,1769966639999,6897762.87260,4501,47.986,3710778.70540,0
1769966640000,77321.70,77386.80,77321.70,77379.80,47.526,1769966699999,3676555.20860,3807,34.659,2681164.68290,0
1769966700000,77379.70,77490.60,77379.70,77425.90,58.287,1769966759999,4513818.98690,5251,38.950,3016257.53510,0
1769966760000,77425.90,77430.10,77400.00,77425.60,35.729,1769966819999,2766167.83370,2710,12.759,987778.48580,0
1769966820000,77425.60,77506.80,77416.00,77506.70,34.996,1769966879999,2710203.78540,3218,14.996,1161411.78300,0
1769966880000,77506.80,77530.00,77501.40,77516.50,35.600,1769966939999,2759511.40020,2547,13.967,1082607.49940,0
1769966940000,77516.50,77543.20,77501.70,77526.90,35.907,1769966999999,2783619.10220,2315,21.026,1629934.29350,0
1769967000000,77526.80,77620.80,77514.70,77600.00,61.700,1769967059999,4786679.74700,3847,34.396,2668301.42270,0
1769967060000,77599.90,77599.90,77366.90,77419.70,209.816,1769967119999,16250393.31790,7725,63.246,4896809.63070,0
1769967120000,77419.60,77508.80,77416.80,77430.80,79.034,1769967179999,6122360.01670,4342,40.725,3154550.20750,0
1769967180000,77430.50,77462.40,77376.00,77376.00,58.747,1769967239999,4547855.29840,2599,18.508,1432897.38390,0
1769967240000,77376.10,77376.10,77332.30,77367.40,77.691,1769967299999,6009288.47990,3256,30.818,2383749.45440,0
1769967300000,77367.40,77381.80,77259.50,77261.90,113.127,1769967359999,8745565.04730,5032,38.464,2973361.31120,0
1769967360000,77261.90,77361.70,77261.90,77307.90,111.822,1769967419999,8645235.42210,6170,73.754,5701930.08130,0
1769967420000,77307.80,77355.00,77301.70,77355.00,94.780,1769967479999,7328998.74270,4992,55.761,4311522.47400,0
1769967480000,77355.00,77399.30,77293.40,77399.30,99.838,1769967539999,7721663.53970,4589,62.196,4810710.15620,0
1769967540000,77399.30,77399.30,77342.70,77395.70,60.038,1769967599999,4645279.36680,2796,35.128,2717866.57510,0
1769967600000,77395.70,77421.80,77343.00,77415.70,44.924,1769967659999,3476791.55940,3217,24.074,1863143.36880,0
1769967660000,77415.70,77527.40,77395.70,77487.60,61.026,1769967719999,4728487.35260,4516,36.537,2830823.19830,0
1769967720000,77487.60,77537.40,77474.90,77476.40,42.043,1769967779999,3258986.93080,3092,15.590,1208328.95390,0
1769967780000,77476.40,77494.40,77422.80,77424.60,41.409,1769967839999,3207755.42120,3141,17.010,1317773.28980,0
1769967840000,77424.60,77450.50,77424.60,77442.30,15.250,1769967899999,1180925.85780,965,8.210,635744.49630,0
1769967900000,77442.30,77486.60,77414.00,77484.50,43.800,1769967959999,3392529.90850,2636,26.339,2040082.56800,0
1769967960000,77484.50,77540.10,77484.40,77527.00,40.477,1769968019999,3137712.40600,2405,22.312,1729485.95950,0
1769968020000,77526.90,77526.90,77440.50,77484.70,124.964,1769968079999,9681324.71270,3705,26.268,2035270.91350,0
1769968080000,77484.70,77500.10,77477.00,77477.10,28.397,1769968139999,2200509.65280,1399,5.217,404258.41130,0
1769968140000,77477.10,77477.10,77339.90,77372.50,71.046,1769968199999,5496863.96310,4661,35.357,2735174.89670,0
1769968200000,77372.50,77469.90,77334.30,77469.90,61.574,1769968259999,4764838.15640,3597,21.357,1652693.79990,0
1769968260000,77469.80,77577.00,77453.60,77576.90,78.913,1769968319999,6117339.14490,4027,41.166,3191082.17970,0
1769968320000,77576.90,77623.00,77564.80,77622.90,126.113,1769968379999,9785731.71170,3466,76.147,5908932.26640,0
1769968380000,77623.00,77645.20,77598.50,77639.20,96.679,1769968439999,7504264.50480,2819,53.222,4131052.15700,0
1769968440000,77639.10,77708.00,77638.30,77657.70,222.726,1769968499999,17300658.52290,5735,120.280,9343249.94710,0
1769968500000,77657.70,77657.70,77593.40,77612.40,149.929,1769968559999,11636978.42100,5121,27.912,2166430.75880,0
1769968560000,77612.40,77612.40,77557.90,77563.40,68.978,1769968619999,5351274.59620,2763,10.628,824535.76290,0
1769968620000,77563.30,77626.20,77531.40,77614.80,40.304,1769968679999,3126704.91180,2929,25.040,1942641.43030,0
1769968680000,77614.70,77651.00,77596.20,77651.00,20.667,1769968739999,1604340.24860,1651,10.967,851342.90840,0
1769968740000,77651.00,77711.10,77642.10,77711.00,84.455,1769968799999,6561633.09150,2783,53.594,4163906.67670,0
1769968800000,77711.10,77765.00,77690.00,77758.40,83.459,1769968859999,6487304.65870,5065,51.227,3981848.82500,0
1769968860000,77758.40,77966.40,77747.10,77884.50,603.159,1769968919999,46965000.02700,16377,352.895,27483066.45520,0
1769968920000,77884.40,78115.60,77778.20,78049.60,657.516,1769968979999,51253598.99130,18105,469.173,36574378.78090,0
1769968980000,78049.60,78115.70,78000.10,78011.60,430.264,1769969039999,33584233.14330,15268,238.268,18598326.71000,0
1769969040000,78011.60,78035.70,77911.70,77971.70,271.800,1769969099999,21195972.56720,9175,88.829,6927331.92760,0
1769969100000,77971.70,78008.80,77919.90,77997.80,182.810,1769969159999,14252613.20530,8183,118.229,9217937.46340,0
1769969160000,77997.80,77997.80,77881.90,77903.90,223.884,1769969219999,17443716.33040,6017,77.212,6016603.01270,0
1769969220000,77904.00,77989.80,77825.60,77986.30,156.149,1769969279999,12168067.53950,7722,70.466,5491176.75090,0
1769969280000,77986.70,78235.70,77976.10,78149.40,601.291,1769969339999,46986676.51450,13980,364.522,28478942.46180,0
1769969340000,78149.30,78149.30,78062.30,78125.70,135.005,1769969399999,10544161.49080,6105,73.050,5705264.13390,0
1769969400000,78125.70,78160.70,78087.80,78153.70,216.883,1769969459999,16945070.41340,5932,157.009,12267442.64650,0
1769969460000,78153.80,78181.10,78106.80,78131.20,110.940,1769969519999,8669758.55030,5277,70.956,5545130.51810,0
1769969520000,78131.10,78150.00,78068.00,78139.90,175.489,1769969579999,13706561.16570,5453,132.794,10371927.67900,0
1769969580000,78139.80,78232.90,78128.00,78231.00,167.231,1769969639999,13078605.82470,7409,122.995,9618731.06290,0
1769969640000,78230.90,78245.50,78198.10,78198.40,140.273,1769969699999,10973035.97600,4469,55.398,4333710.64370,0
1769969700000,78198.30,78222.90,78160.10,78199.90,151.741,1769969759999,11864850.04290,6563,47.990,3752361.73760,0
1769969760000,78199.90,78200.00,78086.70,78148.00,120.181,1769969819999,9390288.23310,5805,45.931,3588750.12970,0
1769969820000,78148.20,78199.90,78093.80,78186.10,70.325,1769969879999,5495456.61810,4432,42.154,3294029.59800,0
1769969880000,78186.00,78186.00,78121.40,78146.00,73.704,1769969939999,5760156.16510,3120,23.766,1857323.76310,0
1769969940000,78146.00,78206.20,78118.20,78195.70,193.929,1769969999999,15156210.86080,5844,49.799,3891975.32660,0
1769970000000,78195.60,78421.60,78177.90,78327.60,581.907,1769970059999,45583555.26430,14828,339.235,26569634.08310,0
1769970060000,78327.60,78327.60,78234.70,78240.60,79.336,1769970119999,6209174.47900,4685,25.959,2031590.82940,0
1769970120000,78240.90,78275.40,78223.60,78267.00,54.062,1769970179999,4230485.18430,2809,35.509,2778668.78410,0
1769970180000,78267.00,78300.00,78168.30,78171.20,175.135,1769970239999,13700997.28280,5868,61.729,4828803.82180,0
1769970240000,78171.20,78197.10,77989.20,78029.90,168.694,1769970299999,13170674.58470,6982,27.901,2178726.14450,0
1769970300000,78029.90,78037.40,77962.30,78037.20,97.474,1769970359999,7602835.81930,4457,55.033,4292534.14810,0
1769970360000,78037.30,78132.60,77979.30,78123.10,180.269,1769970419999,14066727.87020,5605,44.794,3496504.08350,0
1769970420000,78123.20,78151.50,78097.50,78149.10,32.688,1769970479999,2553603.74140,2622,18.204,1422081.69490,0
1769970480000,78149.10,78180.40,78132.60,78152.30,48.030,1769970539999,3753825.56420,3236,31.113,2431670.54530,0
1769970540000,78152.20,78152.20,78079.30,78116.40,93.783,1769970599999,7324856.52870,2812,44.186,3451187.87030,0
1769970600000,78116.30,78116.30,78054.70,78071.20,79.745,1769970659999,6226938.29340,4862,21.398,1670836.70390,0
1769970660000,78071.20,78093.60,78050.30,78067.80,113.530,1769970719999,8862978.00970,2508,29.882,2332766.38670,0
1769970720000,78067.80,78120.60,78067.60,78115.60,32.277,1769970779999,2520697.76750,3146,15.890,1240928.75890,0
1769970780000,78115.60,78144.80,78061.20,78144.80,41.376,1769970839999,3231400.22150,2370,19.277,1505399.71350,0
1769970840000,78144.80,78144.80,78081.10,78137.80,36.442,1769970899999,2846697.33300,2590,23.388,1826975.52910,0
1769970900000,78137.90,78137.90,78015.60,78043.90,57.632,1769970959999,4499088.43850,3585,13.745,1073167.16070,0
1769970960000,78043.80,78072.30,78005.90,78011.30,66.531,1769971019999,5191561.56510,2464,13.530,1055991.99620,0
1769971020000,78011.50,78069.70,77996.80,78067.90,61.463,1769971079999,4795145.14120,2911,23.278,1816226.16960,0
1769971080000,78067.90,78076.60,78025.30,78067.90,39.165,1769971139999,3057096.85150,2667,20.704,1616012.89930,0
1769971140000,78067.90,78106.90,78007.30,78104.80,92.314,1769971199999,7205872.89090,3775,48.740,3804911.50690,0
1769971200000,78104.80,78125.30,78072.00,78123.80,52.418,1769971259999,4094090.28220,2862,39.989,3123322.70330,0
1769971260000,78123.80,78142.20,78086.60,78142.20,34.249,1769971319999,2675270.79570,1851,21.700,1695014.62280,0
1769971320000,78142.30,78154.10,78050.00,78101.10,63.358,1769971379999,4947851.02190,2663,23.629,1845054.25830,0
1769971380000,78101.00,78101.10,78042.20,78043.60,29.490,1769971439999,2301867.78150,1576,16.405,1280483.10400,0
1769971440000,78043.50,78043.50,77913.50,77951.00,112.358,1769971499999,8758971.95220,5546,47.313,3688067.34320,0
1769971500000,77951.00,77989.60,77921.80,77961.90,75.464,1769971559999,5881972.24570,2741,33.837,2637382.07300,0
1769971560000,77961.90,77976.80,77915.60,77921.40,172.125,1769971619999,13416204.87200,4157,65.602,5114183.75860,0
1769971620000,77921.30,77929.40,77820.30,77853.90,321.343,1769971679999,25025620.36580,6580,48.068,3743034.86770,0
1769971680000,77853.90,77911.90,77839.60,77887.10,58.497,1769971739999,4555832.04120,2951,35.860,2792971.17310,0
1769971740000,77887.20,77909.20,77782.00,77782.00,78.924,1769971799999,6142867.84100,3001,17.867,1390980.21010,0
1769971800000,77782.10,77818.60,77758.70,77782.20,102.198,1769971859999,7948977.49930,4449,51.211,3983171.08210,0
1769971860000,77782.30,77815.30,77764.70,77793.00,102.190,1769971919999,7949766.55570,4243,66.922,5206129.21650,0
1769971920000,77793.10,77796.00,77689.10,77732.20,123.787,1769971979999,9621613.62380,4397,38.673,3005858.03270,0
1769971980000,77732.10,77772.40,77700.90,77772.40,54.289,1769972039999,4220283.29850,3529,37.580,2921477.18320,0
1769972040000,77772.40,77802.30,77765.80,77802.30,29.373,1769972099999,2284622.50490,1909,19.880,1546273.74460,0
1769972100000,77802.70,77810.60,77756.30,77783.60,45.677,1769972159999,3553059.09440,2521,20.700,1610154.63340,0
1769972160000,77783.50,77795.20,77720.10,77795.20,64.478,1769972219999,5014160.78990,3342,41.492,3226550.57180,0
1769972220000,77795.20,77795.20,77770.10,77780.10,21.023,1769972279999,1635296.88020,1194,10.545,820259.82280,0
1769972280000,77780.00,77805.50,77773.20,77777.10,25.567,1769972339999,1988808.48350,1793,15.437,1200798.92040,0
1769972340000,77777.10,78022.10,77777.00,77995.90,198.018,1769972399999,15431859.31170,6760,156.073,12162076.48230,0
1769972400000,77995.90,78073.90,77956.80,77958.50,105.000,1769972459999,8192562.07670,4878,60.763,4741453.06910,0
1769972460000,77958.50,77971.50,77877.00,77877.10,93.671,1769972519999,7298857.45710,4949,38.096,2968791.20500,0
1769972520000,77877.00,77892.10,77825.10,77858.20,145.688,1769972579999,11342540.38430,3683,37.725,2937119.94860,0
1769972580000,77858.10,77858.20,77784.00,77788.90,31.367,1769972639999,2440741.97440,2367,10.962,852934.68890,0
1769972640000,77788.90,77791.90,77747.30,77771.20,52.961,1769972699999,4118967.45350,3033,23.755,1847546.63640,0
1769972700000,77771.00,77771.00,77722.40,77731.50,24.621,1769972759999,1914182.35660,2402,12.668,984869.90930,0
1769972760000,77731.60,77771.20,77728.30,77743.40,85.492,1769972819999,6647285.54690,3546,66.948,5205333.30500,0
1769972820000,77743.40,77763.20,77721.40,77758.90,28.405,1769972879999,2208165.55890,2340,19.002,1477186.39100,0
1769972880000,77759.00,77824.40,77758.90,77760.10,42.020,1769972939999,3268962.75920,2473,26.033,2025269.28090,0
1769972940000,77760.00,77771.20,77734.90,77758.10,29.346,1769972999999,2281767.79190,1531,14.189,1103180.16370,0
1769973000000,77758.10,77838.00,77758.00,77822.50,41.968,1769973059999,3265656.38080,2273,29.252,2276122.18390,0
1769973060000,77822.50,77891.20,77822.40,77849.00,63.837,1769973119999,4970023.88470,3096,37.864,2947583.75810,0
1769973120000,77848.90,77848.90,77806.50,77822.00,17.646,1769973179999,1373331.98420,1630,9.598,746957.68510,0
1769973180000,77822.00,77822.00,77729.00,77729.00,45.210,1769973239999,3516315.85970,2177,15.740,1224066.01800,0
1769973240000,77728.90,77747.20,77700.00,77705.20,40.273,1769973299999,3130122.92920,1910,15.928,1237941.53610,0
1769973300000,77705.20,77705.30,77620.10,77630.80,122.948,1769973359999,9549608.59740,4207,27.075,2102586.56670,0
1769973360000,77630.90,77723.80,77563.50,77601.50,212.850,1769973419999,16521167.00820,9546,129.152,10025509.13020,0
1769973420000,77601.60,77692.30,77601.60,77647.50,51.132,1769973479999,3971218.43700,3080,25.562,1985147.27740,0
1769973480000,77647.50,77683.10,77647.50,77680.10,34.815,1769973539999,2703953.43700,2529,25.268,1962449.74610,0
1769973540000,77680.00,77763.80,77655.50,77751.10,108.298,1769973599999,8418058.78660,3260,95.253,7404409.65470,0
1769973600000,77751.10,77769.20,77644.30,77677.10,53.020,1769973659999,4120180.81160,3170,15.219,1182495.14360,0
1769973660000,77677.10,77768.20,77667.70,77722.40,98.755,1769973719999,7676334.58790,4076,69.315,5387793.03430,0
1769973720000,77722.40,77736.50,77699.80,77736.30,25.931,1769973779999,2015268.67900,1822,11.727,911378.10540,0
1769973780000,77736.20,77741.30,77709.80,77720.90,32.253,1769973839999,2506833.69430,1893,14.544,1130368.37100,0
1769973840000,77720.80,77726.30,77689.10,77708.70,37.209,1769973899999,2891408.18670,2098,23.693,1841012.32740,0
1769973900000,77708.70,77727.10,77688.00,77690.60,27.199,1769973959999,2113536.32580,2212,12.110,940978.10690,0
1769973960000,77690.60,77690.60,77653.10,77687.40,64.205,1769974019999,4986877.31600,2187,51.756,4019886.08230,0
1769974020000,77687.40,77699.90,77631.50,77654.50,57.786,1769974079999,4488826.51120,2637,32.095,2493202.36170,0
1769974080000,77654.50,77654.50,77609.30,77633.00,52.687,1769974139999,4089990.93700,2358,20.366,1580965.69960,0
1769974140000,77633.00,77670.40,77622.50,77670.40,35.024,1769974199999,2719460.11050,1293,29.506,2291058.29620,0
1769974200000,77670.40,77685.10,77650.00,77660.00,64.750,1769974259999,5029093.30400,2345,14.580,1132305.07840,0
1769974260000,77659.90,77674.40,77566.10,77618.60,161.060,1769974319999,12501412.59190,3765,23.881,1853956.35330,0
1769974320000,77618.70,77724.00,77598.30,77700.00,88.375,1769974379999,6862947.82510,2940,72.461,5626702.15490,0
1769974380000,77700.10,77729.20,77684.10,77729.20,133.767,1769974439999,10393620.83930,2947,91.196,7085871.87740,0
1769974440000,77729.30,77775.90,77695.80,77698.40,123.644,1769974499999,9612492.00790,3823,97.685,7594476.70170,0
1769974500000,77698.30,77698.40,77604.60,77604.60,34.053,1769974559999,2644359.03250,2462,12.416,964218.82740,0
1769974560000,77604.70,77611.50,77521.00,77565.50,248.215,1769974619999,19248302.92370,6271,112.461,8720103.73240,0
1769974620000,77565.50,77586.60,77526.90,77556.70,38.503,1769974679999,2985998.26440,2191,22.722,1762111.86070,0
1769974680000,77556.70,77611.00,77556.70,77582.70,20.863,1769974739999,1618876.55960,2110,13.630,1057608.94500,0
1769974740000,77582.60,77583.80,77533.50,77547.50,82.006,1769974799999,6360379.37900,3381,32.141,2492815.63430,0
1769974800000,77547.60,77547.60,77456.70,77475.00,171.641,1769974859999,13302356.26950,3821,41.389,3207398.73830,0
1769974860000,77475.00,77550.40,77472.10,77550.00,53.309,1769974919999,4131913.43600,3675,38.254,2964974.26090,0
1769974920000,77550.00,77560.00,77532.40,77538.70,21.877,1769974979999,1696442.84800,1331,11.625,901441.88950,0
1769974980000,77538.80,77548.30,77506.80,77523.00,27.799,1769975039999,2155280.14840,1344,14.586,1130865.66490,0
1769975040000,77523.00,77535.90,77490.20,77513.00,30.257,1769975099999,2345235.17840,2057,14.149,1096650.24120,0
1769975100000,77512.90,77513.00,77344.50,77351.30,271.203,1769975159999,20993470.03560,9821,72.470,5609872.75470,0
1769975160000,77351.30,77374.20,77160.00,77217.50,403.040,1769975219999,31140755.84120,12129,125.387,9686331.84160,0
1769975220000,77217.40,77375.10,77210.00,77253.80,184.780,1769975279999,14280282.97000,8733,123.799,9567596.45340,0
1769975280000,77253.80,77293.70,77217.80,77293.70,73.215,1769975339999,5656039.51900,4056,37.754,2916655.43540,0
1769975340000,77293.70,77323.20,77227.50,77243.50,75.788,1769975399999,5856902.48860,4229,30.222,2335774.49070,0
1769975400000,77243.50,77347.50,77243.40,77271.60,80.082,1769975459999,6190466.32480,3743,56.891,4397478.47520,0
1769975460000,77271.60,77325.70,77269.40,77283.40,62.151,1769975519999,4803869.90510,3624,41.226,3186358.37120,0
1769975520000,77283.40,77306.60,77264.40,77293.20,64.964,1769975579999,5020610.09810,2501,44.884,3468746.52250,0
1769975580000,77293.20,77293.30,77247.20,77250.30,60.045,1769975639999,4639280.33690,2404,26.132,2018970.67760,0
1769975640000,77250.30,77250.60,77177.20,77196.70,50.840,1769975699999,3925935.27470,2295,23.600,1822315.71940,0
1769975700000,77196.70,77212.20,77102.80,77116.10,145.496,1769975759999,11224164.59320,4735,48.202,3718402.20860,0
1769975760000,77116.00,77116.00,76950.90,76962.30,684.162,1769975819999,52700851.68640,12893,171.757,13230658.86380,0
1769975820000,76962.20,77080.20,76957.30,77073.60,224.967,1769975879999,17322780.14550,7784,149.984,11548980.07210,0
1769975880000,77073.70,77107.00,77039.40,77039.40,119.171,1769975939999,9185981.35510,4497,50.702,3907931.99630,0
1769975940000,77039.40,77165.60,77039.30,77142.40,144.417,1769975999999,11138860.57550,4520,104.133,8031216.39890,0
1769976000000,77142.40,77142.40,77049.00,77094.60,126.223,1769976059999,9730283.26740,5638,73.965,5701456.81300,0
1769976060000,77094.60,77130.70,77049.10,77064.10,60.683,1769976119999,4678239.74000,4706,34.431,2654291.94790,0
1769976120000,77064.10,77092.60,76932.80,76936.10,154.214,1769976179999,11873788.03940,6992,43.155,3322442.28010,0
1769976180000,76936.00,76955.10,76875.60,76906.30,227.437,1769976239999,17492747.10320,7294,65.323,5024035.04920,0
1769976240000,76906.30,77020.70,76833.40,77016.90,241.764,1769976299999,18598008.10360,7973,138.791,10680494.96190,0
1769976300000,77016.90,77071.00,76931.00,76951.40,248.145,1769976359999,19111716.25410,7622,76.415,5883948.00110,0
1769976360000,76951.40,76979.00,76917.30,76938.40,69.951,1769976419999,5382668.95220,3739,32.188,2476664.15430,0
1769976420000,76938.40,76969.10,76918.90,76918.90,54.218,1769976479999,4171600.34110,3022,33.178,2552695.37010,0
1769976480000,76919.00,76990.00,76906.70,76990.00,44.954,1769976539999,3459028.32570,3278,29.685,2284256.81270,0
1769976540000,76990.00,77136.00,76989.90,77136.00,263.672,1769976599999,20317889.22770,7498,214.832,16553856.31160,0
1769976600000,77136.00,77269.00,77098.30,77264.30,176.006,1769976659999,13581879.31080,7367,125.081,9652626.94860,0
1769976660000,77264.20,77277.90,77213.60,77213.70,255.587,1769976719999,19744950.46340,7769,134.828,10416157.46910,0
1769976720000,77213.60,77255.60,77157.90,77238.60,224.194,1769976779999,17310541.77980,5253,45.602,3521350.04740,0
1769976780000,77238.50,77238.50,77168.00,77188.00,56.417,1769976839999,4355382.44190,2812,21.515,1660867.10140,0
1769976840000,77187.90,77197.20,77102.60,77163.70,301.169,1769976899999,23233043.51340,8089,132.897,10251658.30600,0
1769976900000,77163.80,77169.90,77053.90,77156.10,80.876,1769976959999,6236690.65420,4495,38.592,2975701.04120,0
1769976960000,77156.10,77267.90,77136.10,77267.90,92.116,1769977019999,7112185.17060,4421,72.299,5582527.86490,0
1769977020000,77267.90,77296.70,77242.20,77296.70,72.448,1769977079999,5598124.03370,2664,43.766,3381958.99820,0
1769977080000,77296.70,77345.90,77221.60,77277.90,159.772,1769977139999,12349479.63140,6097,93.531,7229839.84730,0
1769977140000,77278.00,77281.80,77187.80,77217.70,70.760,1769977199999,5463767.01460,2681,46.749,3609583.20200,0
1769977200000,77217.60,77285.00,77200.90,77272.10,67.093,1769977259999,5183552.76870,2712,40.646,3140097.40770,0
1769977260000,77272.10,77323.10,77255.10,77323.10,61.975,1769977319999,4790397.43760,2133,45.214,3494903.19190,0
1769977320000,77323.10,77392.10,77279.00,77391.10,108.714,1769977379999,8408299.51840,4400,60.670,4692980.62130,0
1769977380000,77392.00,77398.10,77320.20,77347.00,67.238,1769977439999,5201554.71310,2619,34.707,2685046.13180,0
1769977440000,77347.00,77347.10,77250.10,77250.10,33.047,1769977499999,2554658.45740,1790,9.580,740542.25200,0
1769977500000,77250.00,77271.30,77156.00,77169.20,274.339,1769977559999,21186195.56690,5492,72.271,5580945.62450,0
1769977560000,77169.20,77169.20,76950.10,76958.50,460.809,1769977619999,35502535.54980,10113,116.542,8976328.30140,0
1769977620000,76958.60,76970.40,76801.40,76815.10,323.320,1769977679999,24856411.72100,8866,78.046,6000011.65340,0
1769977680000,76815.10,76899.00,76543.70,76602.80,1149.912,1769977739999,88198189.74210,25641,390.205,29937732.61330,0
1769977740000,76602.40,76692.20,76600.00,76655.60,204.284,1769977799999,15656818.15740,8618,99.398,7618027.05860,0
1769977800000,76655.70,76825.50,76655.70,76750.00,394.383,1769977859999,30273985.42980,11327,231.036,17732153.62850,0
1769977860000,76750.00,76885.80,76750.00,76857.50,194.177,1769977919999,14920967.06870,8935,126.561,9724933.79540,0
1769977920000,76857.50,76983.30,76857.50,76983.20,164.195,1769977979999,12628110.69590,6947,99.632,7662437.26930,0
1769977980000,76983.30,76998.00,76931.00,76941.90,104.039,1769978039999,8006634.37980,4691,42.969,3306724.97400,0
1769978040000,76942.00,77086.00,76936.70,77080.50,228.946,1769978099999,17632346.86340,6610,176.282,13576882.99070,0
1769978100000,77080.60,77166.00,77047.70,77162.40,167.852,1769978159999,12946988.09190,6001,87.690,6764198.17760,0
1769978160000,77162.40,77453.40,77162.40,77333.80,370.725,1769978219999,28679491.84940,13855,217.519,16826049.55210,0
1769978220000,77333.80,77441.10,77299.10,77411.10,178.547,1769978279999,13814856.10800,8544,94.611,7320134.29440,0
1769978280000,77411.20,77519.90,77367.60,77516.20,132.979,1769978339999,10296955.76860,6822,70.917,5492408.45060,0
1769978340000,77516.10,77644.80,77490.00,77615.80,438.867,1769978399999,34045427.84070,12223,195.001,15127128.61080,0
1769978400000,77615.70,77708.20,77490.10,77515.10,379.462,1769978459999,29448150.15120,14402,186.465,14474039.03800,0
1769978460000,77515.10,77515.10,77408.30,77463.00,148.555,1769978519999,11506107.70390,6674,71.421,5531914.76090,0
1769978520000,77463.00,77500.00,77372.10,77372.10,105.747,1769978579999,8190314.63610,6405,53.419,4138283.19930,0
1769978580000,77380.10,77417.90,77331.10,77417.90,82.451,1769978639999,6380056.91270,5362,45.345,3508734.32220,0
1769978640000,77417.90,77417.90,77346.50,77384.80,81.725,1769978699999,6323808.30990,3273,19.440,1503989.48010,0
1769978700000,77384.80,77400.00,77313.30,77331.70,74.031,1769978759999,5725726.75570,3337,24.810,1918923.48820,0
1769978760000,77331.70,77331.80,77188.90,77298.90,248.194,1769978819999,19174341.36330,8364,72.059,5568273.62670,0
1769978820000,77298.80,77361.40,77268.80,77308.20,55.426,1769978879999,4286083.25430,3408,30.878,2387528.71480,0
1769978880000,77308.30,77318.10,77244.00,77244.00,49.257,1769978939999,3806338.29160,3196,23.170,1790425.33100,0
1769978940000,77244.00,77257.30,77228.10,77244.60,45.692,1769978999999,3529160.79060,2253,21.253,1641540.19350,0
1769979000000,77244.40,77274.10,77192.00,77225.10,169.143,1769979059999,13064571.46490,5016,42.391,3274577.18160,0
1769979060000,77225.00,77298.20,77077.00,77107.90,97.486,1769979119999,7522660.27460,6688,44.701,3450117.18140,0
1769979120000,77108.00,77139.60,77067.50,77098.10,87.465,1769979179999,6743677.82180,4163,31.397,2420804.81480,0
1769979180000,77098.10,77115.70,77053.70,77108.60,51.386,1769979239999,3961181.01640,2638,24.437,1883716.63650,0
1769979240000,77108.60,77179.40,77079.70,77085.90,52.014,1769979299999,4012306.45130,3527,33.550,2588085.08930,0
1769979300000,77085.90,77135.20,77085.90,77115.10,37.190,1769979359999,2868127.37170,1969,20.676,1594522.83770,0
1769979360000,77115.10,77135.00,77114.60,77118.40,37.025,1769979419999,2855516.59670,1838,21.446,1653978.36090,0
1769979420000,77118.40,77130.40,77060.60,77075.10,41.692,1769979479999,3213860.27050,2007,19.145,1475745.42740,0
1769979480000,77075.10,77075.10,77041.40,77064.10,22.381,1769979539999,1724645.01990,1478,11.732,904038.01860,0
1769979540000,77064.10,77088.00,77064.00,77073.50,47.284,1769979599999,3644294.95180,1775,30.512,2351634.73630,0
1769979600000,77073.60,77111.50,77064.60,77103.00,61.462,1769979659999,4738317.02770,2897,43.516,3354761.37380,0
1769979660000,77103.10,77103.10,77043.10,77043.10,33.925,1769979719999,2614761.07070,2910,18.017,1388603.82370,0
1769979720000,77043.10,77101.70,76962.40,76972.00,93.142,1769979779999,7173580.71060,4554,22.055,1698888.55890,0
1769979780000,76972.00,76999.20,76935.80,76943.50,148.818,1769979839999,11453232.50130,5193,34.074,2622213.10900,0
1769979840000,76943.60,76973.60,76827.70,76832.30,172.144,1769979899999,13240707.33890,5481,65.650,5050966.28340,0
1769979900000,76832.40,76925.50,76734.50,76734.50,347.669,1769979959999,26702617.42040,8513,78.018,5995363.17930,0
1769979960000,76734.40,76760.00,76629.40,76726.90,355.448,1769980019999,27261630.41910,10047,127.353,9768370.34850,0
1769980020000,76726.90,76743.20,76672.30,76682.70,101.094,1769980079999,7756018.61730,3548,65.592,5032714.62570,0
1769980080000,76682.60,76709.50,76521.00,76685.80,465.670,1769980139999,35680826.02200,12925,172.582,13220828.42550,0
1769980140000,76685.90,76685.90,76426.20,76426.20,658.060,1769980199999,50345289.74760,17570,199.211,15240265.30030,0
1769980200000,76426.30,76811.70,76425.10,76732.20,616.999,1769980259999,47327079.22420,20038,450.783,34577608.05700,0
1769980260000,76732.90,76769.00,76555.00,76607.90,264.971,1769980319999,20301811.46630,10792,116.967,8961251.67310,0
1769980320000,76608.00,76714.40,76546.10,76714.30,269.019,1769980379999,20618264.55060,6127,230.414,17660382.84180,0
1769980380000,76714.40,76733.00,76605.50,76669.10,148.235,1769980439999,11364746.42350,5901,84.393,6469708.30660,0
1769980440000,76669.10,76714.20,76634.10,76710.60,73.431,1769980499999,5630854.99620,3685,38.354,2941093.88720,0
1769980500000,76710.60,76775.10,76696.10,76724.10,267.375,1769980559999,20517458.11760,5822,128.423,9855146.88650,0
1769980560000,76724.00,76780.00,76604.20,76609.50,135.065,1769980619999,10361900.12950,6845,65.629,5035887.22630,0
1769980620000,76609.50,76767.20,76609.40,76716.40,101.265,1769980679999,7768927.64180,5935,54.545,4184427.46840,0
1769980680000,76716.40,76732.50,76500.00,76532.10,280.836,1769980739999,21512999.70380,10238,71.643,5488003.99480,0
1769980740000,76532.10,76629.50,76527.60,76586.50,156.352,1769980799999,11974975.18400,5773,95.148,7287217.57050,0
1769980800000,76586.70,76639.90,76567.20,76624.20,145.603,1769980859999,11152707.28400,5687,41.714,3195476.88390,0
1769980860000,76624.10,76647.60,76587.80,76600.60,73.543,1769980919999,5634558.21650,4311,47.810,3663013.60040,0
1769980920000,76600.60,76738.50,76600.60,76731.20,67.051,1769980979999,5140450.04700,5199,48.251,3699070.29050,0
1769980980000,76731.20,76761.40,76708.80,76710.80,65.163,1769981039999,5000554.65910,3435,30.326,2327228.14940,0
1769981040000,76710.70,76718.40,76632.50,76676.90,47.644,1769981099999,3653181.68110,3495,21.083,1616586.61390,0
1769981100000,76676.90,76777.20,76676.90,76777.20,102.219,1769981159999,7843222.37950,3343,74.479,5714823.84930,0
1769981160000,76777.20,76785.70,76717.60,76765.50,42.504,1769981219999,3262819.42420,2277,18.429,1414548.67560,0
1769981220000,76765.50,76921.90,76765.40,76904.40,160.384,1769981279999,12328989.37780,6310,105.495,8109502.18050,0
1769981280000,76904.40,77024.80,76891.70,77007.70,134.570,1769981339999,10356439.26750,6361,73.648,5668651.85780,0
1769981340000,77007.80,77035.20,76950.40,76955.80,61.861,1769981399999,4762973.29740,3322,21.975,1692033.52400,0
1769981400000,76955.90,77123.00,76955.90,77023.90,150.733,1769981459999,11615838.62190,7639,94.376,7273267.37280,0
1769981460000,77023.90,77055.60,76967.10,77034.40,58.192,1769981519999,4481838.89330,4578,30.009,2311183.30200,0
1769981520000,77034.30,77038.80,76866.70,76884.10,89.886,1769981579999,6915357.50740,5045,33.736,2595217.73570,0
1769981580000,76884.20,76919.70,76765.30,76803.20,121.518,1769981639999,9337687.44330,7075,39.031,2998677.11150,0
1769981640000,76803.10,76941.70,76772.00,76933.40,63.193,1769981699999,4856572.83080,5061,33.341,2562667.62410,0
1769981700000,76933.50,77079.80,76933.50,77075.10,101.336,1769981759999,7803647.19520,5329,74.999,5776037.22070,0
1769981760000,77075.10,77140.20,77040.80,77069.40,102.811,1769981819999,7927108.23930,5385,50.772,3914819.68540,0
1769981820000,77069.40,77100.00,77020.00,77046.30,62.814,1769981879999,4840395.50420,3613,22.398,1726016.38190,0
1769981880000,77046.30,77075.60,77000.00,77013.20,53.212,1769981939999,4099037.91090,3659,18.482,1423654.93430,0
1769981940000,77013.10,77116.50,76991.00,77075.70,44.886,1769981999999,3458025.25720,3648,23.663,1823084.13090,0
1769982000000,77075.70,77087.50,77018.30,77087.50,49.656,1769982059999,3826534.82510,3337,32.962,2540057.28030,0
1769982060000,77087.50,77134.90,77014.70,77014.90,53.783,1769982119999,4145814.06320,3642,33.803,2605720.22050,0
1769982120000,77014.80,77044.30,76981.00,77044.30,28.239,1769982179999,2174618.97030,2416,15.230,1172838.88610,0
1769982180000,77044.50,77048.10,76996.00,77001.00,81.537,1769982239999,6279919.07000,2692,18.410,1417876.02150,0
1769982240000,77001.10,77003.20,76799.80,76815.70,308.384,1769982299999,23704501.94830,7049,104.866,8057818.61840,0
1769982300000,76815.70,76815.70,76404.90,76571.90,701.425,1769982359999,53706129.64060,21043,310.225,23749380.57700,0
1769982360000,76572.00,76773.30,76565.60,76588.40,353.962,1769982419999,27133671.17580,12309,138.412,10610650.74960,0
1769982420000,76588.40,76749.00,76565.60,76726.20,255.975,1769982479999,19617474.73980,10652,127.971,9808680.96840,0
1769982480000,76726.20,76756.80,76659.60,76714.10,68.546,1769982539999,5257559.05930,3931,23.494,1802194.30270,0
1769982540000,76714.10,76836.30,76714.10,76803.20,167.218,1769982599999,12839560.76440,5531,123.146,9455048.36400,0
1769982600000,76803.20,76812.10,76757.30,76810.20,62.955,1769982659999,4833612.36200,3548,19.098,1466269.34290,0
1769982660000,76810.10,76813.20,76690.20,76750.00,98.317,1769982719999,7545584.36410,5727,43.517,3339753.22580,0
1769982720000,76749.90,76808.40,76735.30,76775.80,88.557,1769982779999,6798711.76420,4374,36.164,2776296.04250,0
1769982780000,76775.90,76785.40,76692.70,76739.80,64.572,1769982839999,4955458.14830,4436,26.934,2066974.46970,0
1769982840000,76739.90,76760.70,76551.10,76562.10,304.142,1769982899999,23306525.86640,11605,94.798,7265884.85000,0
1769982900000,76562.10,76591.10,76435.60,76487.70,302.750,1769982959999,23162657.33900,11680,108.052,8265247.63980,0
1769982960000,76487.80,76597.30,76307.40,76577.80,542.442,1769983019999,41455470.68220,19253,224.146,17136639.71290,0
1769983020000,76577.30,76595.60,76344.50,76429.40,197.016,1769983079999,15061359.75550,11149,61.452,4696573.79570,0
1769983080000,76429.50,76509.20,76388.40,76403.40,277.415,1769983139999,21208808.31990,8168,151.627,11594079.65110,0
1769983140000,76403.40,76493.90,76334.60,76489.00,224.043,1769983199999,17123531.09590,8693,72.916,5571941.20240,0
1769983200000,76489.00,76585.00,76420.40,76444.50,199.922,1769983259999,15294991.97170,12680,92.529,7078965.98340,0
1769983260000,76444.60,76539.30,76436.00,76442.70,206.605,1769983319999,15802975.34570,10248,76.800,5874701.73650,0
1769983320000,76442.70,76716.40,76406.40,76700.00,259.405,1769983379999,19844516.90230,11723,121.466,9295162.03660,0
1769983380000,76700.00,76800.00,76655.90,76780.20,201.909,1769983439999,15494705.33600,11401,133.096,10214210.77880,0
1769983440000,76780.30,76857.10,76770.40,76852.80,136.351,1769983499999,10473489.00250,6798,84.930,6523415.47920,0
1769983500000,76853.00,76922.20,76807.70,76867.80,137.903,1769983559999,10600958.98290,8903,70.734,5437412.18980,0
1769983560000,76867.70,76888.90,76807.80,76857.50,90.942,1769983619999,6989462.02010,5169,32.579,2504016.68280,0
1769983620000,76857.50,76965.00,76841.90,76956.70,94.829,1769983679999,7292718.02380,4686,57.277,4405029.33270,0
1769983680000,76956.70,77067.50,76919.00,77027.20,340.408,1769983739999,26217084.99170,10604,198.949,15321780.09660,0
1769983740000,77027.20,77170.80,76993.00,77151.20,218.502,1769983799999,16843691.54390,10611,144.817,11163318.81210,0
1769983800000,77151.40,77284.70,77110.50,77282.00,329.093,1769983859999,25407498.66550,11356,166.064,12820987.95490,0
1769983860000,77283.40,77483.80,77262.10,77438.30,418.424,1769983919999,32377386.96580,14755,269.930,20884314.66550,0
1769983920000,77438.40,77659.60,77418.80,77594.50,535.859,1769983979999,41558188.38040,13730,200.473,15545341.27290,0
1769983980000,77594.50,77753.60,77433.20,77446.30,341.847,1769984039999,26532563.61440,13007,180.009,13973524.04390,0
1769984040000,77446.30,77480.30,77383.60,77447.90,180.919,1769984099999,14009427.60840,6584,102.399,7928554.58960,0
1769984100000,77448.00,77460.10,77289.00,77289.10,238.795,1769984159999,18473828.12760,8526,86.787,6714084.15840,0
1769984160000,77289.00,77340.90,77260.00,77306.70,135.390,1769984219999,10466862.65680,5617,60.794,4700120.41670,0
1769984220000,77306.70,77390.70,77218.30,77299.00,93.661,1769984279999,7238043.22530,4983,36.910,2853124.41630,0
1769984280000,77299.00,77309.10,77262.10,77274.60,37.318,1769984339999,2884174.77910,2540,14.057,1086349.05560,0
1769984340000,77274.60,77348.00,77274.60,77310.90,54.704,1769984399999,4229478.78930,3261,27.446,2122061.99810,0
1769984400000,77310.90,77322.70,77193.80,77230.70,107.720,1769984459999,8318304.95510,4851,48.930,3778076.94980,0
1769984460000,77230.70,77257.80,77180.00,77189.60,81.394,1769984519999,6284095.25670,3190,28.472,2198093.22100,0
1769984520000,77189.60,77221.20,77022.70,77029.20,391.908,1769984579999,30227851.67610,7677,52.994,4087134.06170,0
1769984580000,77029.20,77039.90,76755.70,76788.40,508.838,1769984639999,39142393.65360,10339,173.035,13311419.89560,0
1769984640000,76788.40,76846.30,76648.30,76696.10,524.154,1769984699999,40217477.86480,13225,196.642,15086970.86240,0
1769984700000,76696.10,76830.00,76676.60,76716.30,463.331,1769984759999,35552233.75090,11565,196.865,15103183.46590,0
1769984760000,76716.30,76782.60,76692.50,76736.60,197.939,1769984819999,15186349.13970,5599,85.011,6521389.46910,0
1769984820000,76736.50,77009.40,76714.30,76990.70,225.566,1769984879999,17335340.83090,8530,165.354,12709510.37600,0
1769984880000,76990.70,77118.70,76958.70,77047.70,180.040,1769984939999,13872274.58440,7716,128.256,9881714.41330,0
1769984940000,77047.60,77167.20,77047.60,77158.90,149.273,1769984999999,11511109.38900,4803,115.981,8943668.60060,0
1769985000000,77158.80,77183.40,77106.30,77120.70,82.181,1769985059999,6339166.74780,4465,31.257,2410840.71710,0
1769985060000,77120.80,77294.10,77120.80,77230.50,159.538,1769985119999,12323425.10500,6155,109.080,8425342.90560,0
1769985120000,77230.50,77305.90,77207.10,77280.70,54.800,1769985179999,4234429.36050,3810,23.858,1843534.99690,0
1769985180000,77280.80,77328.50,77218.40,77277.80,62.767,1769985239999,4849793.71000,3264,33.782,2610162.84360,0
1769985240000,77277.80,77384.20,77236.50,77355.30,113.870,1769985299999,8805830.44870,3287,86.194,6665712.06390,0
1769985300000,77355.20,77445.10,77331.00,77331.00,112.343,1769985359999,8695373.24640,4254,55.956,4331012.72440,0
1769985360000,77331.10,77384.80,77265.90,77282.40,86.473,1769985419999,6685861.43400,3423,33.275,2572469.63850,0
1769985420000,77282.40,77392.50,77213.50,77374.10,110.568,1769985479999,8546786.48170,5365,43.835,3388826.86380,0
1769985480000,77374.10,77551.80,77362.80,77520.20,170.066,1769985539999,13177932.13200,5944,86.682,6715970.54490,0
1769985540000,77520.20,77575.00,77491.10,77518.70,108.973,1769985599999,8449729.63950,4064,60.129,4662261.84660,0
1769985600000,77518.60,77518.60,77403.00,77411.80,74.733,1769985659999,5789429.73350,3383,27.118,2100906.19790,0
1769985660000,77411.90,77411.90,77341.40,77362.00,40.243,1769985719999,3113502.73530,2187,20.987,1623551.35620,0
1769985720000,77362.00,77516.30,77353.80,77458.10,60.616,1769985779999,4695066.42480,3626,33.872,2623053.09870,0
1769985780000,77458.20,77498.40,77430.60,77469.70,29.796,1769985839999,2308039.42040,2522,13.875,1074617.64860,0
1769985840000,77469.80,77469.80,77400.00,77413.60,44.305,1769985899999,3430058.49060,2387,26.773,2072575.07460,0
1769985900000,77413.60,77493.70,77404.30,77474.40,35.281,1769985959999,2732595.58910,2151,19.644,1521411.84110,0
1769985960000,77474.40,77509.90,77454.00,77467.70,32.179,1769986019999,2493277.89750,2171,15.611,1209558.33630,0
1769986020000,77467.70,77468.30,77307.70,77352.70,43.701,1769986079999,3380890.18430,4401,10.174,786870.98060,0
1769986080000,77352.60,77352.60,77266.00,77314.00,69.128,1769986139999,5344678.58860,3160,16.993,1313667.00890,0
1769986140000,77314.00,77314.00,77191.10,77212.40,202.800,1769986199999,15660506.19130,5643,84.640,6535435.51340,0
1769986200000,77212.50,77411.60,77212.40,77399.50,218.612,1769986259999,16901857.46470,5897,203.707,15748974.68640,0
1769986260000,77399.40,77399.40,77256.80,77261.10,36.175,1769986319999,2797701.24950,2533,17.908,1385037.97400,0
1769986320000,77261.10,77289.20,77126.20,77127.80,87.495,1769986379999,6755080.71020,3578,29.262,2259410.22070,0
1769986380000,77127.80,77199.10,77118.00,77199.10,43.864,1769986439999,3384574.23390,2930,26.573,2050267.29320,0
1769986440000,77199.10,77236.10,77177.60,77177.70,31.469,1769986499999,2429684.11840,1751,6.621,511142.18110,0
1769986500000,77177.60,77178.90,77128.20,77172.50,57.090,1769986559999,4404658.43570,2227,20.888,1611594.52660,0
1769986560000,77172.80,77312.60,77172.80,77312.50,64.209,1769986619999,4959393.49310,3038,56.581,4370244.73930,0
1769986620000,77312.50,77315.80,77278.20,77278.20,48.194,1769986679999,3725633.62590,1741,23.730,1834390.85520,0
1769986680000,77278.20,77348.00,77245.50,77284.10,34.933,1769986739999,2700317.09260,2980,21.382,1652791.67740,0
1769986740000,77284.00,77314.90,77184.40,77211.40,78.873,1769986799999,6091875.97390,5536,33.674,2600528.29300,0
1769986800000,77211.40,77300.20,77094.20,77140.90,337.954,1769986859999,26080300.37410,15375,189.574,14628843.83410,0
1769986860000,77140.90,77140.90,76952.60,77026.20,255.990,1769986919999,19717583.60700,8646,102.396,7885342.14380,0
1769986920000,77026.10,77026.10,76910.10,76959.70,232.884,1769986979999,17921446.72380,6747,121.972,9385419.77520,0
1769986980000,76959.60,76996.80,76927.50,76957.70,268.359,1769987039999,20656286.94740,5272,140.943,10848236.40550,0
1769987040000,76957.60,77086.60,76957.60,77022.50,256.701,1769987099999,19773291.27020,7950,141.599,10906838.94420,0
1769987100000,77022.60,77037.60,76550.00,76572.50,657.327,1769987159999,50450925.25240,18500,203.709,15631355.31500,0
1769987160000,76572.50,76610.90,76068.00,76160.70,2716.659,1769987219999,207415885.15520,49534,1064.551,81281819.42230,0
1769987220000,76160.80,76235.80,75960.80,76122.40,1525.182,1769987279999,116044891.86310,42476,610.550,46465153.78370,0
1769987280000,76122.40,76254.10,75800.00,75977.80,1224.247,1769987339999,92986203.70640,35067,396.655,30141946.60080,0
1769987340000,75977.90,75996.60,75660.10,75968.10,1302.926,1769987399999,98760670.09610,36463,551.227,41791857.53800,0
1769987400000,75969.70,76119.10,75705.10,75770.40,761.803,1769987459999,57843438.57010,27835,340.252,25840241.71400,0
1769987460000,75770.40,76100.20,75644.00,75951.50,1476.651,1769987519999,111928474.05370,39043,555.497,42128711.48400,0
1769987520000,75951.30,76482.90,75949.20,76482.90,671.640,1769987579999,51207663.82330,29204,390.948,29805981.01690,0
1769987580000,76482.90,76832.50,76460.90,76704.20,1007.611,1769987639999,77244966.10870,31523,574.543,44049135.46120,0
1769987640000,76704.20,76749.00,76568.40,76589.70,463.524,1769987699999,35531603.78160,20602,209.363,16048794.76980,0
1769987700000,76589.80,76710.00,76374.80,76428.50,500.946,1769987759999,38324071.02390,23366,193.835,14829210.88870,0
1769987760000,76428.40,76540.20,76330.10,76377.10,325.306,1769987819999,24867818.57860,17592,140.123,10711686.84210,0
1769987820000,76377.20,76825.30,76377.20,76657.40,543.960,1769987879999,41703749.91990,23075,314.296,24091122.16800,0
1769987880000,76657.30,76665.90,76377.50,76399.10,190.331,1769987939999,14558575.42060,10782,75.273,5755981.48340,0
1769987940000,76399.10,76505.90,76182.30,76255.60,238.517,1769987999999,18208173.68350,13072,91.910,7018237.88820,0
1769988000000,76255.60,76343.50,76212.90,76275.40,181.866,1769988059999,13872316.83160,10494,90.780,6925369.12380,0
1769988060000,76275.50,76275.50,76112.50,76221.10,280.090,1769988119999,21339425.68970,15342,117.802,8975122.43310,0
1769988120000,76219.50,76402.20,76156.50,76401.90,221.651,1769988179999,16908421.37680,14843,139.309,10628467.07210,0
1769988180000,76401.90,76653.40,76325.00,76627.70,351.842,1769988239999,26917620.09270,15345,213.759,16354221.39350,0
1769988240000,76627.60,76663.40,76465.80,76563.40,186.318,1769988299999,14264958.16290,8646,77.995,5971201.41300,0
1769988300000,76563.30,76939.00,76563.30,76936.70,468.346,1769988359999,35976563.49940,17543,293.312,22528366.47870,0
1769988360000,76936.70,76979.20,76760.80,76848.10,346.001,1769988419999,26607515.06680,10436,150.101,11542965.74020,0
1769988420000,76848.20,76911.90,76678.80,76751.20,458.043,1769988479999,35173909.25680,14009,183.750,14109563.31100,0
1769988480000,76751.10,76791.90,76563.60,76645.70,479.560,1769988539999,36764581.64950,15751,178.530,13684817.43720,0
1769988540000,76645.70,76888.10,76645.70,76762.10,180.154,1769988599999,13834319.42660,7938,91.039,6990236.61090,0
1769988600000,76762.10,76794.20,76668.70,76760.00,171.194,1769988659999,13139227.32910,7656,57.705,4428508.59500,0
1769988660000,76760.10,76857.80,76734.70,76824.80,124.441,1769988719999,9556387.14120,6767,67.314,5169352.62270,0
1769988720000,76824.90,76968.90,76824.90,76959.10,200.480,1769988779999,15416574.86590,8061,103.871,7988243.88310,0
1769988780000,76959.00,77224.60,76920.50,77205.60,688.078,1769988839999,53061163.24160,20105,494.054,38105310.46660,0
1769988840000,77205.60,77286.80,77100.00,77246.80,323.459,1769988899999,24978086.48770,15820,168.683,13028144.69730,0
1769988900000,77246.90,77278.30,77178.80,77275.70,157.615,1769988959999,12173226.99430,10487,75.292,5815276.34540,0
1769988960000,77275.60,77586.90,77268.30,77398.90,604.160,1769989019999,46787511.77960,19271,362.703,28084247.12390,0
1769989020000,77398.90,77449.60,77289.60,77436.00,361.933,1769989079999,28002085.15390,14802,156.997,12147093.47890,0
1769989080000,77436.00,77482.40,77263.70,77277.20,230.593,1769989139999,17845859.41280,12352,75.661,5855364.69840,0
1769989140000,77277.20,77304.80,77172.30,77294.00,139.832,1769989199999,10797602.44600,8118,47.683,3682113.96110,0
1769989200000,77294.00,77294.00,77129.20,77140.00,420.484,1769989259999,32461935.80190,11683,92.703,7157773.53150,0
1769989260000,77140.10,77203.90,77102.50,77140.00,172.079,1769989319999,13274933.05940,6110,40.113,3095256.30250,0
1769989320000,77139.90,77229.30,77126.00,77182.00,99.494,1769989379999,7679280.64840,5314,56.921,4392990.57300,0
1769989380000,77182.00,77246.40,77161.40,77240.30,72.678,1769989439999,5611931.80050,4074,30.591,2362108.40210,0
1769989440000,77240.30,77322.70,77240.30,77286.60,211.808,1769989499999,16366171.67160,5566,147.582,11402036.93110,0
1769989500000,77286.60,77291.50,77142.10,77144.80,119.904,1769989559999,9259461.93520,7801,38.541,2975529.16000,0
1769989560000,77144.80,77216.20,77050.80,77184.50,173.101,1769989619999,13346860.73290,8793,91.141,7026914.00410,0
1769989620000,77184.50,77189.00,77000.10,77002.30,223.948,1769989679999,17261097.97190,7941,59.662,4599236.35140,0
1769989680000,77002.30,77017.60,76935.40,76942.30,282.567,1769989739999,21753487.13820,7160,80.384,6187370.72520,0
1769989740000,76942.30,76968.00,76921.00,76939.90,105.972,1769989799999,8154088.91220,5120,52.184,4015207.74690,0
1769989800000,76940.00,76981.70,76916.70,76948.30,63.074,1769989859999,4853737.75270,4524,36.294,2792967.60290,0
1769989860000,76948.30,77006.00,76907.00,76907.00,86.019,1769989919999,6621413.68190,4953,36.625,2819418.35880,0
1769989920000,76907.00,76959.50,76843.10,76917.10,276.195,1769989979999,21239268.24380,8163,157.632,12123947.51880,0
1769989980000,76917.10,77180.60,76917.10,77180.60,245.459,1769990039999,18917233.78650,9183,170.123,13111625.92370,0
1769990040000,77180.10,77183.00,76913.20,76934.20,153.312,1769990099999,11813629.22290,7266,47.420,3653053.26770,0
1769990100000,76934.20,77052.30,76919.90,76940.00,85.253,1769990159999,6564286.24900,5540,42.663,3284726.43680,0
1769990160000,76940.10,76972.00,76885.50,76969.60,91.485,1769990219999,7037040.52740,5299,45.848,3526842.57880,0
1769990220000,76969.70,77110.60,76969.70,77086.70,298.242,1769990279999,22978710.40140,8037,217.488,16754969.26390,0
1769990280000,77086.80,77102.50,76987.30,76999.00,98.608,1769990339999,7597349.41790,4129,40.959,3155711.37490,0
1769990340000,76998.90,76998.90,76899.10,76931.50,53.568,1769990399999,4121473.39950,3767,21.999,1692311.56340,0
