open_time,open,high,low,close,volume,close_time,quote_volume,count,taker_buy_volume,taker_buy_quote_volume,ignore
1771718400000,1972.54,1972.93,1971.77,1972.73,1311.013,1771718459999,2585606.93188,2401,631.570,1245647.50206,0
1771718460000,1972.73,1972.73,1971.15,1971.84,2133.149,1771718519999,4206139.60600,3401,1415.260,2790621.17454,0
1771718520000,1971.85,1974.18,1971.85,1973.38,3222.972,1771718579999,6361064.76832,4434,2212.636,4366857.12138,0
1771718580000,1973.38,1973.39,1972.65,1972.87,625.096,1771718639999,1233334.75469,1858,376.358,742551.16179,0
1771718640000,1972.87,1973.32,1972.69,1973.14,594.951,1771718699999,1173836.12383,1162,376.898,743611.33521,0
1771718700000,1973.15,1973.73,1971.78,1973.48,3089.280,1771718759999,6094917.86379,4018,2134.482,4211487.97779,0
1771718760000,1973.48,1973.75,1973.18,1973.19,865.174,1771718819999,1707456.70525,1222,282.715,557924.00716,0
1771718820000,1973.19,1973.40,1971.58,1971.70,1465.418,1771718879999,2890152.58511,2520,886.456,1748121.53255,0
1771718880000,1971.71,1973.01,1971.71,1972.83,839.347,1771718939999,1655568.55308,1364,428.141,844375.60683,0
1771718940000,1972.82,1974.03,1972.82,1974.02,445.247,1771718999999,878521.13347,1228,239.315,472206.97693,0
1771719000000,1974.02,1974.02,1973.26,1974.01,399.484,1771719059999,788486.42514,1248,156.010,307917.75963,0
1771719060000,1974.01,1974.48,1973.63,1973.63,681.224,1771719119999,1344783.01182,1494,183.905,363053.30292,0
1771719120000,1973.63,1974.38,1973.63,1974.38,260.838,1771719179999,514879.19934,882,213.754,421937.04082,0
1771719180000,1974.38,1974.38,1974.00,1974.00,343.481,1771719239999,678120.02490,576,91.022,179703.55890,0
1771719240000,1974.00,1974.04,1972.82,1972.82,501.317,1771719299999,989456.56771,1122,170.927,337388.89939,0
1771719300000,1972.83,1973.08,1972.78,1972.78,259.983,1771719359999,512927.24960,649,190.199,375245.15163,0
1771719360000,1972.78,1974.00,1972.78,1973.99,367.194,1771719419999,724604.27290,1117,331.974,655113.05296,0
1771719420000,1973.99,1974.26,1973.53,1973.72,894.757,1771719479999,1766154.50305,1560,277.648,548030.31995,0
1771719480000,1973.72,1973.72,1971.42,1971.69,2638.286,1771719539999,5203785.83356,4025,1462.458,2884105.57517,0
1771719540000,1971.68,1972.10,1971.23,1972.10,1503.546,1771719599999,2964340.55247,1514,845.708,1667294.85856,0
1771719600000,1972.09,1972.10,1970.33,1971.08,1690.785,1771719659999,3332326.16864,2448,596.318,1175128.09144,0
1771719660000,1971.09,1972.22,1968.00,1969.09,9496.211,1771719719999,18704795.75948,9842,4770.359,9397691.38926,0
1771719720000,1969.08,1969.42,1968.30,1969.26,2460.727,1771719779999,4844637.93818,3651,1229.659,2420893.35479,0
1771719780000,1969.27,1970.14,1968.92,1969.54,2931.804,1771719839999,5774347.02097,3083,2096.985,4130044.55034,0
1771719840000,1969.54,1969.54,1969.03,1969.04,1573.168,1771719899999,3098128.34051,963,156.872,308946.74602,0
1771719900000,1969.04,1969.40,1967.15,1967.56,4177.250,1771719959999,8220912.07037,4207,875.655,1723371.66112,0
1771719960000,1967.57,1968.48,1966.10,1967.94,6745.478,1771720019999,13269888.72565,5462,2116.237,4163925.00285,0
1771720020000,1967.94,1968.98,1967.66,1968.13,1721.686,1771720079999,3388608.76316,2365,1086.875,2139075.70703,0
1771720080000,1968.12,1969.47,1967.98,1969.14,1133.151,1771720139999,2230966.31924,2208,780.476,1536583.41137,0
1771720140000,1969.15,1969.76,1969.15,1969.36,852.034,1771720199999,1678082.69985,1596,617.148,1215455.52800,0
1771720200000,1969.35,1970.35,1969.35,1970.00,897.492,1771720259999,1768095.23625,1962,733.987,1445975.73080,0
1771720260000,1970.00,1970.35,1969.51,1969.52,668.327,1771720319999,1316577.58686,1207,175.215,345171.20399,0
1771720320000,1969.51,1970.26,1969.00,1970.26,841.472,1771720379999,1657159.98367,1901,479.649,944643.04518,0
1771720380000,1970.26,1970.27,1968.00,1969.89,2415.507,1771720439999,4756910.93810,4319,1194.472,2352208.98534,0
1771720440000,1969.90,1970.44,1969.49,1969.72,899.014,1771720499999,1771010.92002,2184,600.557,1183065.36997,0
1771720500000,1969.72,1970.04,1969.64,1969.64,418.977,1771720559999,825292.36917,896,150.419,296286.83356,0
1771720560000,1969.63,1970.16,1969.50,1970.06,758.974,1771720619999,1495023.76536,1310,539.739,1063165.34995,0
1771720620000,1970.07,1970.07,1969.02,1969.03,619.730,1771720679999,1220609.08409,1572,189.021,372279.53595,0
1771720680000,1969.02,1969.14,1968.20,1968.80,689.028,1771720739999,1356562.69974,1694,338.213,665870.00043,0
1771720740000,1968.80,1969.75,1968.79,1969.75,384.478,1771720799999,757172.01737,938,246.082,484631.57128,0
1771720800000,1969.74,1969.74,1969.43,1969.63,427.630,1771720859999,842262.52928,768,217.657,428694.95392,0
1771720860000,1969.63,1970.00,1969.44,1969.60,823.653,1771720919999,1622385.00075,1456,506.049,996785.71959,0
1771720920000,1969.60,1969.86,1968.80,1968.81,470.071,1771720979999,925878.07158,958,329.002,648033.31835,0
1771720980000,1968.80,1968.91,1968.34,1968.79,431.134,1771721039999,848749.26030,908,218.703,430540.54781,0
1771721040000,1968.79,1969.20,1967.86,1967.87,850.183,1771721099999,1673822.46519,1738,387.353,762656.16758,0
1771721100000,1967.87,1969.08,1967.87,1969.06,1032.371,1771721159999,2032454.61237,1870,837.771,1649339.08598,0
1771721160000,1969.06,1969.92,1969.05,1969.92,860.692,1771721219999,1695159.87853,1174,828.776,1632300.53713,0
1771721220000,1969.92,1969.92,1968.27,1968.85,983.826,1771721279999,1936802.61761,2105,709.922,1397495.78037,0
1771721280000,1968.85,1969.35,1968.85,1969.29,485.384,1771721339999,955793.43823,1006,343.135,675675.76165,0
1771721340000,1969.29,1969.29,1968.60,1969.01,346.808,1771721399999,682837.29406,1160,212.693,418774.94668,0
1771721400000,1969.01,1969.01,1968.55,1968.79,391.438,1771721459999,770613.70865,794,288.604,568167.50978,0
1771721460000,1968.79,1970.10,1968.79,1970.10,821.616,1771721519999,1618275.69289,1598,704.080,1386800.80552,0
1771721520000,1970.10,1970.10,1969.57,1969.79,761.952,1771721579999,1501034.13489,1056,209.208,412110.86052,0
1771721580000,1969.78,1969.86,1968.61,1968.61,342.986,1771721639999,675432.10205,969,100.902,198714.74770,0
1771721640000,1968.62,1969.98,1968.61,1969.98,1089.256,1771721699999,2145172.04700,1855,732.859,1443181.93178,0
1771721700000,1969.98,1970.92,1969.97,1970.61,923.710,1771721759999,1820307.39232,1810,690.495,1360681.96358,0
1771721760000,1970.60,1970.72,1970.40,1970.50,530.638,1771721819999,1045649.12142,784,263.439,519114.45155,0
1771721820000,1970.50,1971.37,1970.47,1971.18,767.628,1771721879999,1512874.59599,1546,658.003,1296813.94459,0
1771721880000,1971.18,1971.81,1971.00,1971.35,835.490,1771721939999,1647029.97673,1467,649.001,1279392.13109,0
1771721940000,1971.34,1972.20,1971.34,1972.15,950.245,1771721999999,1873690.31679,2394,709.292,1398580.21418,0
1771722000000,1972.14,1972.41,1971.91,1972.08,1130.107,1771722059999,2228727.21494,1568,535.564,1056167.87531,0
1771722060000,1972.07,1973.02,1972.07,1972.86,1287.913,1771722119999,2540682.04888,2282,760.846,1500877.47600,0
1771722120000,1972.85,1975.48,1972.85,1974.04,2914.177,1771722179999,5754034.31523,4838,1886.320,3724366.30632,0
1771722180000,1974.04,1974.05,1973.27,1973.62,498.612,1771722239999,984102.82925,1447,225.913,445866.59319,0
1771722240000,1973.62,1973.62,1973.58,1973.59,216.195,1771722299999,426679.86847,431,170.614,336722.08426,0
1771722300000,1973.58,1974.75,1973.58,1974.23,758.949,1771722359999,1498373.46974,1827,451.893,892125.55472,0
1771722360000,1974.25,1975.61,1974.25,1975.45,2877.546,1771722419999,5683864.04342,3428,2014.094,3978157.62614,0
1771722420000,1975.45,1975.76,1973.36,1973.82,2363.335,1771722479999,4666853.34135,3625,807.626,1595150.57433,0
1771722480000,1973.81,1974.25,1973.33,1973.67,1755.399,1771722539999,3464933.51801,2070,1246.457,2460313.69300,0
1771722540000,1973.66,1973.68,1973.28,1973.68,383.678,1771722599999,757198.09798,768,216.885,428017.28047,0
1771722600000,1973.67,1973.68,1972.63,1973.11,1731.605,1771722659999,3416683.72544,2386,687.198,1355899.78814,0
1771722660000,1973.11,1973.84,1972.90,1973.52,500.162,1771722719999,986994.73247,1174,328.031,647307.26782,0
1771722720000,1973.51,1973.52,1972.85,1972.95,390.597,1771722779999,770773.69897,753,103.712,204632.73959,0
1771722780000,1972.95,1973.30,1972.42,1973.11,1062.181,1771722839999,2095530.17520,1620,512.182,1010443.08637,0
1771722840000,1973.11,1973.11,1972.92,1972.92,140.156,1771722899999,276524.73127,330,67.582,133337.96479,0
1771722900000,1972.92,1973.22,1972.30,1972.39,500.670,1771722959999,987737.64617,1238,295.737,583452.82405,0
1771722960000,1972.38,1972.53,1971.40,1972.30,1072.729,1771723019999,2115517.72702,2207,554.241,1093029.11882,0
1771723020000,1972.29,1976.26,1972.29,1976.09,3423.547,1771723079999,6759985.21611,5082,3174.088,6267429.80325,0
1771723080000,1976.08,1977.70,1975.62,1976.10,4877.040,1771723139999,9640420.71615,6833,2896.804,5725587.79485,0
1771723140000,1976.09,1976.10,1975.23,1975.23,404.550,1771723199999,799214.18033,1063,174.516,344752.27863,0
1771723200000,1975.24,1975.42,1974.90,1975.08,1665.674,1771723259999,3289919.42182,1932,657.182,1297977.40878,0
1771723260000,1975.08,1975.86,1974.87,1975.86,1188.975,1771723319999,2348488.68659,1457,610.203,1205349.05851,0
1771723320000,1975.85,1976.99,1975.85,1976.26,1535.039,1771723379999,3033565.92904,2320,1155.332,2283100.52600,0
1771723380000,1976.25,1976.70,1975.92,1976.10,821.347,1771723439999,1623268.42281,1405,519.798,1027269.23071,0
1771723440000,1976.10,1976.97,1976.10,1976.96,948.836,1771723499999,1875538.16590,1519,492.946,974337.16293,0
1771723500000,1976.97,1977.00,1976.16,1976.83,742.229,1771723559999,1467125.42577,1374,221.360,437527.78125,0
1771723560000,1976.83,1977.00,1976.78,1976.84,326.016,1771723619999,644488.94108,563,248.834,491907.58827,0
1771723620000,1976.84,1976.97,1976.33,1976.33,591.417,1771723679999,1169097.23422,950,320.751,634053.98020,0
1771723680000,1976.34,1976.41,1976.00,1976.36,360.368,1771723739999,712139.88934,765,244.598,483359.02928,0
1771723740000,1976.36,1977.11,1976.31,1976.92,561.868,1771723799999,1110687.93000,1192,472.866,934743.62879,0
1771723800000,1976.93,1977.78,1976.84,1977.74,965.277,1771723859999,1908740.86185,1904,804.780,1591363.19934,0
1771723860000,1977.74,1978.49,1976.52,1977.86,3224.477,1771723919999,6377133.72890,5009,2229.529,4409343.24513,0
1771723920000,1977.87,1978.66,1977.78,1978.18,2532.676,1771723979999,5010359.38783,2226,2052.339,4060045.44833,0
1771723980000,1978.17,1978.18,1976.99,1977.23,886.410,1771724039999,1752830.00067,1320,552.718,1092982.19963,0
1771724040000,1977.23,1977.49,1976.39,1976.39,1082.342,1771724099999,2139729.69200,1862,438.599,867134.82143,0
1771724100000,1976.39,1976.41,1975.71,1976.25,973.984,1771724159999,1924668.77478,1592,579.796,1145703.92902,0
1771724160000,1976.26,1976.50,1975.88,1976.09,811.645,1771724219999,1603988.06987,1417,355.985,703496.50541,0
1771724220000,1976.09,1976.84,1975.89,1976.84,309.930,1771724279999,612481.31935,1060,236.323,467022.24486,0
1771724280000,1976.84,1977.29,1976.46,1976.47,421.282,1771724339999,832834.38866,1088,240.868,476177.85852,0
1771724340000,1976.47,1976.56,1975.80,1975.81,173.695,1771724399999,343280.11152,764,52.603,103967.86775,0
1771724400000,1975.81,1976.29,1975.81,1976.29,178.550,1771724459999,352820.76480,465,141.990,280569.78452,0
1771724460000,1976.29,1977.62,1976.28,1977.41,982.502,1771724519999,1942402.99999,1295,878.242,1736291.82902,0
1771724520000,1977.42,1977.66,1977.22,1977.53,261.589,1771724579999,517291.90727,720,150.376,297365.47527,0
1771724580000,1977.53,1977.53,1977.00,1977.01,286.310,1771724639999,566083.28989,532,81.230,160602.31323,0
1771724640000,1977.00,1977.60,1977.00,1977.55,657.528,1771724699999,1300099.74900,1250,349.408,690859.18435,0
1771724700000,1977.55,1977.55,1976.82,1976.82,432.098,1771724759999,854322.30079,655,62.220,123000.32887,0
1771724760000,1976.82,1977.01,1976.82,1976.83,203.210,1771724819999,401730.05800,484,83.602,165271.72964,0
1771724820000,1976.83,1978.17,1976.83,1977.83,403.444,1771724879999,797849.24106,1485,279.449,552621.42274,0
1771724880000,1977.84,1978.62,1977.83,1978.34,407.959,1771724939999,807025.50303,880,332.589,657925.58589,0
1771724940000,1978.34,1979.11,1977.92,1977.92,2043.080,1771724999999,4042632.22878,2687,895.141,1771238.81131,0
1771725000000,1977.92,1978.34,1977.41,1977.79,1084.323,1771725059999,2144692.85630,1579,231.930,458723.15313,0
1771725060000,1977.80,1978.52,1977.80,1978.13,373.761,1771725119999,739361.55744,980,245.018,484662.90398,0
1771725120000,1978.12,1978.55,1978.04,1978.33,433.189,1771725179999,856944.46153,838,313.435,620051.04727,0
1771725180000,1978.33,1978.34,1976.63,1976.63,700.793,1771725239999,1385823.05453,1327,54.066,106940.41775,0
1771725240000,1976.64,1976.85,1976.04,1976.13,523.384,1771725299999,1034449.31268,1103,289.669,572489.59429,0
1771725300000,1976.13,1976.14,1975.35,1975.53,1157.584,1771725359999,2287081.50610,1484,309.843,612157.66774,0
1771725360000,1975.54,1975.98,1975.32,1975.67,1776.473,1771725419999,3509613.72692,1574,1145.272,2262509.49685,0
1771725420000,1975.68,1976.46,1975.68,1976.28,458.141,1771725479999,905373.32871,829,323.001,638299.54862,0
1771725480000,1976.28,1976.28,1976.27,1976.28,147.796,1771725539999,292085.35477,231,55.385,109456.26780,0
1771725540000,1976.28,1976.46,1976.27,1976.31,490.369,1771725599999,969115.61582,482,355.127,701836.72873,0
1771725600000,1976.31,1976.32,1975.82,1975.82,301.423,1771725659999,595654.44795,605,128.028,253003.10838,0
1771725660000,1975.83,1975.83,1975.30,1975.30,272.491,1771725719999,538343.80777,663,34.549,68259.47711,0
1771725720000,1975.31,1975.31,1974.70,1974.92,1208.443,1771725779999,2386634.15323,1428,831.540,1642242.45001,0
1771725780000,1974.93,1980.00,1974.92,1979.14,8503.450,1771725839999,16822465.21877,8482,7064.252,13974984.93119,0
1771725840000,1979.14,1979.14,1977.08,1977.94,2912.218,1771725899999,5760661.06869,3411,1400.781,2770683.10422,0
1771725900000,1977.93,1978.38,1977.93,1978.23,522.249,1771725959999,1033077.29759,1092,309.940,613097.03387,0
1771725960000,1978.24,1978.24,1977.60,1977.60,262.060,1771726019999,518362.22107,684,61.118,120896.65277,0
1771726020000,1977.60,1978.01,1977.21,1977.92,517.763,1771726079999,1023945.90260,1491,302.322,597848.68006,0
1771726080000,1977.91,1980.53,1977.69,1980.29,2022.831,1771726139999,4004174.10260,4057,1664.296,3294480.32515,0
1771726140000,1980.28,1982.83,1979.70,1980.46,6449.449,1771726199999,12777949.41288,9281,4072.197,8068545.67389,0
1771726200000,1980.45,1981.55,1980.01,1981.24,2009.563,1771726259999,3980571.29021,3746,1100.143,2179004.74412,0
1771726260000,1981.24,1981.53,1979.49,1980.31,990.725,1771726319999,1962104.75190,2706,462.802,916531.37004,0
1771726320000,1980.32,1980.32,1980.24,1980.25,483.608,1771726379999,957669.78220,574,242.458,480129.31603,0
1771726380000,1980.25,1980.26,1980.00,1980.00,183.285,1771726439999,362912.53222,537,48.330,95695.77480,0
1771726440000,1980.01,1980.21,1979.45,1980.20,631.106,1771726499999,1249418.12851,1391,375.217,742828.30629,0
1771726500000,1980.20,1980.20,1979.84,1979.85,296.783,1771726559999,587625.93793,816,102.832,203598.11478,0
1771726560000,1979.84,1979.85,1978.71,1979.35,704.635,1771726619999,1394530.35811,1847,193.992,383899.79385,0
1771726620000,1979.35,1979.36,1978.60,1978.61,429.985,1771726679999,850956.53220,809,58.649,116071.33367,0
1771726680000,1978.61,1978.93,1978.34,1978.92,791.129,1771726739999,1565312.63499,1098,402.170,795711.01356,0
1771726740000,1978.92,1978.93,1977.60,1977.71,627.602,1771726799999,1241330.82754,1583,161.751,319906.62782,0
1771726800000,1977.70,1977.73,1976.93,1977.44,1340.065,1771726859999,2649601.39438,2039,712.804,1409249.42587,0
1771726860000,1977.45,1977.72,1977.01,1977.16,805.366,1771726919999,1592458.24609,1360,410.761,812213.19269,0
1771726920000,1977.17,1977.64,1976.72,1976.99,877.004,1771726979999,1733875.02407,1508,287.338,568083.92583,0
1771726980000,1977.00,1977.00,1975.70,1975.93,1875.042,1771727039999,3706128.80677,2042,950.952,1879773.00295,0
1771727040000,1975.93,1975.93,1975.19,1975.19,1259.885,1771727099999,2488956.68283,1432,278.870,550932.75429,0
1771727100000,1975.19,1976.35,1974.90,1975.73,2520.098,1771727159999,4978866.75124,2794,1276.826,2522465.87692,0
1771727160000,1975.72,1976.36,1975.70,1975.92,850.460,1771727219999,1680549.84193,1152,508.346,1004471.06792,0
1771727220000,1975.92,1975.97,1975.55,1975.56,315.756,1771727279999,623882.57767,554,172.261,340365.76016,0
1771727280000,1975.55,1975.55,1974.68,1974.68,573.568,1771727339999,1132842.42177,1006,117.016,231141.82842,0
1771727340000,1974.69,1974.69,1974.15,1974.17,1081.689,1771727399999,2135697.81020,1579,616.909,1218010.41507,0
1771727400000,1974.16,1975.21,1974.05,1974.66,1360.380,1771727459999,2686088.58282,1828,795.744,1571182.35309,0
1771727460000,1974.65,1974.97,1974.42,1974.42,636.651,1771727519999,1257152.24215,936,287.631,567948.59524,0
1771727520000,1974.42,1974.54,1974.02,1974.53,504.713,1771727579999,996490.23875,817,302.949,598136.64225,0
1771727580000,1974.53,1974.54,1974.04,1974.05,287.262,1771727639999,567123.45705,658,22.200,43827.07779,0
1771727640000,1974.04,1975.42,1974.04,1974.92,893.268,1771727699999,1764042.30325,1660,592.095,1169171.54661,0
1771727700000,1974.91,1974.92,1972.53,1973.42,2664.125,1771727759999,5257421.67416,3493,575.437,1135579.65418,0
1771727760000,1973.43,1973.87,1972.96,1973.79,1463.535,1771727819999,2888184.51422,2247,747.252,1474537.70892,0
1771727820000,1973.79,1973.83,1973.02,1973.35,1520.423,1771727879999,3000569.34157,2368,857.925,1693113.34404,0
1771727880000,1973.35,1973.35,1972.38,1972.86,1523.286,1771727939999,3005161.34135,1966,378.502,746662.01909,0
1771727940000,1972.85,1972.94,1972.26,1972.73,555.723,1771727999999,1096310.15793,1298,176.531,348247.23465,0
1771728000000,1972.73,1972.76,1972.27,1972.27,616.945,1771728059999,1216917.81572,797,281.832,555935.32528,0
1771728060000,1972.28,1972.93,1972.06,1972.32,2531.256,1771728119999,4992814.63055,3535,1376.775,2715535.70867,0
1771728120000,1972.33,1972.75,1972.16,1972.40,1122.553,1771728179999,2214088.55181,1409,804.219,1586170.82632,0
1771728180000,1972.40,1972.92,1972.23,1972.72,915.852,1771728239999,1806623.28429,1115,491.964,970462.15491,0
1771728240000,1972.73,1973.11,1972.72,1972.95,473.941,1771728299999,935069.76829,623,260.582,514102.49677,0
1771728300000,1972.94,1972.94,1972.58,1972.91,397.806,1771728359999,784800.55734,819,206.685,407751.74875,0
1771728360000,1972.90,1974.23,1972.90,1974.16,660.886,1771728419999,1304374.90694,1450,519.278,1024838.82668,0
1771728420000,1974.15,1974.38,1973.44,1973.44,553.038,1771728479999,1091830.30320,1186,291.156,574813.99105,0
1771728480000,1973.44,1973.61,1972.15,1973.60,881.451,1771728539999,1739121.20003,2380,514.087,1014338.18813,0
1771728540000,1973.60,1973.60,1972.64,1972.65,437.992,1771728599999,864307.16389,983,188.313,371604.08264,0
1771728600000,1972.64,1973.31,1972.64,1973.02,339.567,1771728659999,669989.47040,753,106.492,210100.32227,0
1771728660000,1973.02,1973.03,1972.52,1972.53,321.370,1771728719999,633988.76908,590,70.315,138724.55605,0
1771728720000,1972.53,1973.50,1972.52,1973.50,298.819,1771728779999,589561.14261,773,225.855,445595.43144,0
1771728780000,1973.50,1973.84,1973.49,1973.71,335.616,1771728839999,662410.52912,854,201.151,397006.50950,0
1771728840000,1973.71,1974.00,1973.71,1973.77,365.842,1771728899999,722112.39493,875,233.943,461763.79691,0
1771728900000,1973.76,1973.81,1973.44,1973.61,535.951,1771728959999,1057799.04048,829,111.507,220065.63080,0
1771728960000,1973.62,1973.62,1973.29,1973.30,236.008,1771729019999,465747.70217,555,100.379,198095.15582,0
1771729020000,1973.29,1973.30,1971.23,1971.37,2449.744,1771729079999,4830826.72624,3111,823.489,1623816.10769,0
1771729080000,1971.37,1971.98,1971.30,1971.64,979.905,1771729139999,1932166.36558,1544,448.427,884172.54596,0
1771729140000,1971.64,1971.85,1971.00,1971.34,1868.127,1771729199999,3682857.09877,1694,280.787,553573.56901,0
1771729200000,1971.35,1972.40,1971.27,1971.87,904.560,1771729259999,1783707.21738,1880,448.872,885144.19716,0
1771729260000,1971.86,1972.51,1971.86,1972.51,520.250,1771729319999,1026082.32483,828,363.181,716294.39769,0
1771729320000,1972.50,1973.69,1972.50,1973.23,682.842,1771729379999,1347352.05326,1870,376.078,742011.76274,0
1771729380000,1973.23,1973.23,1972.89,1972.89,166.027,1771729439999,327557.05931,446,86.990,171622.66874,0
1771729440000,1972.89,1972.90,1970.84,1971.07,4102.048,1771729499999,8087502.74053,4918,1059.098,2087691.02019,0
1771729500000,1971.07,1972.01,1971.05,1971.42,652.760,1771729559999,1286992.03652,1496,318.632,628204.84140,0
1771729560000,1971.42,1972.33,1970.97,1971.68,1165.070,1771729619999,2297215.98896,2499,719.026,1417686.15712,0
1771729620000,1971.69,1971.90,1971.56,1971.57,313.942,1771729679999,618997.04570,643,186.760,368236.71628,0
1771729680000,1971.57,1973.80,1971.57,1973.08,2853.392,1771729739999,5629767.62461,3101,2432.840,4800036.42954,0
1771729740000,1973.09,1974.41,1972.96,1973.73,1322.497,1771729799999,2610487.31833,1958,1129.175,2228874.84711,0
1771729800000,1973.72,1973.73,1972.60,1972.61,366.829,1771729859999,723753.56586,1084,85.533,168759.98785,0
1771729860000,1972.61,1975.58,1972.61,1975.18,2122.355,1771729919999,4190571.60783,3893,1637.537,3233137.94192,0
1771729920000,1975.17,1975.33,1974.50,1975.00,651.633,1771729979999,1286966.28872,1364,193.404,381939.68105,0
1771729980000,1975.00,1975.00,1974.30,1974.31,703.483,1771730039999,1389184.99392,1123,137.379,271315.90759,0
1771730040000,1974.30,1974.31,1974.07,1974.07,201.785,1771730099999,398376.74731,463,85.194,168198.57190,0
1771730100000,1974.07,1974.59,1973.87,1974.59,1003.713,1771730159999,1981417.33674,1138,769.843,1519723.28918,0
1771730160000,1974.59,1974.59,1972.19,1972.19,2012.224,1771730219999,3971195.70557,3330,270.768,534359.53409,0
1771730220000,1972.19,1972.20,1971.15,1971.43,1084.532,1771730279999,2138214.28459,1441,381.048,751232.20871,0
1771730280000,1971.43,1971.43,1969.00,1969.31,5736.505,1771730339999,11300799.22846,5678,1472.512,2900313.47300,0
1771730340000,1969.31,1969.31,1966.22,1968.26,9392.715,1771730399999,18479297.52176,9428,3917.974,7707673.35645,0
1771730400000,1968.26,1968.49,1966.85,1967.83,4907.917,1771730459999,9656516.13438,5176,2059.347,4051570.93912,0
1771730460000,1967.84,1969.00,1967.29,1968.78,2684.552,1771730519999,5284302.00430,4591,1418.552,2792198.25649,0
1771730520000,1968.79,1969.93,1967.68,1969.56,2552.179,1771730579999,5024851.82173,3567,1553.625,3058872.77184,0
1771730580000,1969.55,1970.50,1969.00,1969.30,2733.798,1771730639999,5385072.42475,2714,2086.316,4109748.22766,0
1771730640000,1969.30,1969.77,1968.61,1969.52,3096.697,1771730699999,6097738.40573,3604,1755.272,3456266.31946,0
1771730700000,1969.53,1969.71,1969.00,1969.40,563.613,1771730759999,1109989.10195,1420,217.162,427653.23378,0
1771730760000,1969.41,1969.80,1969.23,1969.23,516.233,1771730819999,1016794.67662,946,262.782,517581.61167,0
1771730820000,1969.22,1970.31,1969.00,1970.26,1059.068,1771730879999,2086107.64584,1820,880.718,1734797.98405,0
1771730880000,1970.27,1970.40,1969.75,1970.40,647.983,1771730939999,1276526.36060,1272,339.006,667856.10930,0
1771730940000,1970.39,1970.40,1969.37,1969.77,1323.860,1771730999999,2607670.55151,1915,676.029,1331528.08378,0
1771731000000,1969.77,1970.80,1969.76,1970.28,1729.183,1771731059999,3407010.42618,3008,585.149,1152870.94403,0
1771731060000,1970.28,1970.60,1970.10,1970.53,334.789,1771731119999,659653.02334,801,180.179,355019.49686,0
1771731120000,1970.52,1970.63,1970.10,1970.55,593.514,1771731179999,1169484.49432,1185,265.053,522256.10168,0
1771731180000,1970.55,1970.89,1970.55,1970.89,312.122,1771731239999,615124.25919,591,148.948,293542.97509,0
1771731240000,1970.88,1972.32,1970.88,1971.92,1185.960,1771731299999,2338629.36732,2074,719.386,1418457.02632,0
1771731300000,1971.93,1971.93,1971.86,1971.86,247.246,1771731359999,487536.28901,531,132.528,261327.99372,0
1771731360000,1971.86,1972.76,1971.54,1972.29,1138.082,1771731419999,2244699.16064,2056,475.713,938285.49695,0
1771731420000,1972.29,1972.29,1972.16,1972.17,366.643,1771731479999,723115.47442,594,230.752,455102.34098,0
1771731480000,1972.16,1972.16,1971.76,1971.90,532.302,1771731539999,1049663.11801,733,142.765,281509.74295,0
1771731540000,1971.91,1971.91,1971.11,1971.32,725.161,1771731599999,1429572.50887,1080,407.284,802860.76714,0
1771731600000,1971.32,1972.00,1970.12,1970.12,919.540,1771731659999,1812689.35439,1934,403.318,795173.14448,0
1771731660000,1970.13,1970.76,1969.23,1970.75,1663.075,1771731719999,3275755.23492,3311,752.490,1482181.57824,0
1771731720000,1970.75,1971.55,1970.24,1971.55,646.474,1771731779999,1273983.20622,1493,417.715,823199.28615,0
1771731780000,1971.54,1971.55,1970.79,1970.79,469.042,1771731839999,924574.33591,950,76.463,150726.22443,0
1771731840000,1970.79,1972.92,1970.79,1971.55,1961.977,1771731899999,3869221.81398,3220,1348.430,2659218.28128,0
1771731900000,1971.55,1972.86,1971.00,1972.55,1082.756,1771731959999,2135160.22111,2520,573.399,1130711.46793,0
1771731960000,1972.56,1972.56,1971.00,1971.49,934.152,1771732019999,1841700.21930,1833,408.218,804657.21220,0
1771732020000,1971.49,1971.68,1970.92,1971.07,506.483,1771732079999,998471.66376,1056,98.345,193874.81206,0
1771732080000,1971.06,1972.50,1970.45,1972.50,945.903,1771732139999,1864655.12435,2394,631.638,1245264.80251,0
1771732140000,1972.50,1973.47,1971.93,1972.28,1778.344,1771732199999,3508405.60223,2752,1210.275,2387692.36952,0
1771732200000,1972.28,1973.50,1971.98,1973.38,1058.767,1771732259999,2088720.22783,1907,679.407,1340380.43625,0
1771732260000,1973.39,1973.39,1972.55,1972.76,335.613,1771732319999,662093.14166,848,198.382,391346.50801,0
1771732320000,1972.75,1972.96,1972.75,1972.95,156.804,1771732379999,309340.87107,358,98.948,195202.00252,0
1771732380000,1972.95,1973.25,1972.95,1973.25,314.054,1771732439999,619669.57883,596,268.870,530516.69168,0
1771732440000,1973.25,1973.46,1972.20,1972.57,683.502,1771732499999,1348600.29004,1445,196.209,387102.28942,0
1771732500000,1972.58,1972.80,1972.30,1972.30,309.756,1771732559999,611021.39351,683,82.495,162727.05597,0
1771732560000,1972.30,1973.14,1972.15,1972.16,1072.506,1771732619999,2115680.72450,1792,511.506,1008997.83305,0
1771732620000,1972.16,1973.31,1972.15,1973.30,562.664,1771732679999,1109855.44110,977,508.703,1003422.37928,0
1771732680000,1973.30,1973.50,1972.84,1973.38,769.492,1771732739999,1518375.63277,1376,412.341,813601.28886,0
1771732740000,1973.38,1974.32,1973.38,1973.76,1448.012,1771732799999,2858124.66021,2115,817.486,1613554.11982,0
1771732800000,1973.76,1974.31,1973.38,1974.24,986.391,1771732859999,1947013.57791,1573,595.123,1174676.51216,0
1771732860000,1974.23,1974.59,1974.23,1974.58,595.142,1771732919999,1175061.88416,842,511.362,1009648.30980,0
1771732920000,1974.59,1974.92,1974.29,1974.92,666.112,1771732979999,1315320.25646,1468,203.087,401000.02096,0
1771732980000,1974.92,1975.35,1974.77,1975.24,1150.694,1771733039999,2272697.44131,1565,939.845,1856254.79256,0
1771733040000,1975.24,1975.35,1975.14,1975.25,477.044,1771733099999,942285.99765,755,340.692,672954.23747,0
1771733100000,1975.25,1975.25,1974.77,1975.19,401.073,1771733159999,792112.64216,1026,169.728,335213.95856,0
1771733160000,1975.19,1975.37,1974.84,1975.00,964.391,1771733219999,1904847.56189,1589,517.580,1022327.07096,0
1771733220000,1975.01,1975.01,1973.80,1973.81,851.954,1771733279999,1681877.06430,1611,51.180,101035.98655,0
1771733280000,1973.81,1973.81,1973.62,1973.80,320.570,1771733339999,632726.72116,499,120.161,237161.32370,0
1771733340000,1973.81,1974.37,1973.38,1973.82,1142.667,1771733399999,2255731.25850,2064,419.334,827756.64209,0
1771733400000,1973.82,1973.90,1973.61,1973.61,281.140,1771733459999,554912.86092,616,35.629,70325.63979,0
1771733460000,1973.62,1974.28,1973.61,1974.09,420.812,1771733519999,830663.64088,793,322.161,635930.54197,0
1771733520000,1974.09,1974.09,1974.00,1974.01,158.332,1771733579999,312551.72365,230,82.180,162225.29268,0
1771733580000,1974.00,1974.49,1974.00,1974.09,386.412,1771733639999,762889.01555,740,167.700,331063.27304,0
1771733640000,1974.10,1974.10,1973.74,1974.00,833.403,1771733699999,1645134.14364,1102,160.654,317122.99042,0
1771733700000,1974.01,1974.01,1972.38,1972.39,1494.032,1771733759999,2948392.91361,2442,244.188,481916.51444,0
1771733760000,1972.39,1972.70,1971.87,1971.88,904.717,1771733819999,1784358.34872,1614,453.616,894654.43645,0
1771733820000,1971.87,1972.93,1971.74,1972.93,682.859,1771733879999,1346654.37918,1170,485.991,958443.11993,0
1771733880000,1972.92,1974.11,1972.59,1974.11,1229.517,1771733939999,2426125.50226,2016,817.620,1613325.76558,0
1771733940000,1974.11,1974.80,1973.69,1973.69,852.052,1771733999999,1682351.44270,1526,174.760,345054.30090,0
1771734000000,1973.69,1974.03,1973.62,1973.72,530.254,1771734059999,1046610.03919,999,312.612,617004.85421,0
1771734060000,1973.72,1973.72,1971.52,1972.10,751.955,1771734119999,1483383.07889,2097,223.810,441426.05766,0
1771734120000,1972.11,1972.48,1972.08,1972.08,358.813,1771734179999,707643.33214,717,151.821,299418.15740,0
1771734180000,1972.07,1972.07,1971.91,1971.92,146.480,1771734239999,288850.16663,258,29.951,59062.42294,0
1771734240000,1971.91,1971.92,1971.06,1971.39,621.179,1771734299999,1224634.49847,1465,309.906,610949.31756,0
1771734300000,1971.40,1972.00,1970.23,1970.89,1286.165,1771734359999,2535186.37156,2846,436.245,859880.09366,0
1771734360000,1970.89,1971.00,1970.08,1970.52,1303.308,1771734419999,2568239.75530,2032,281.683,555044.83514,0
1771734420000,1970.51,1971.55,1970.51,1971.41,1061.033,1771734479999,2091389.05482,1914,595.660,1174049.91389,0
1771734480000,1971.41,1971.66,1971.15,1971.25,352.165,1771734539999,694278.34599,867,124.599,245625.24317,0
1771734540000,1971.25,1971.57,1971.15,1971.24,204.694,1771734599999,403529.18119,682,62.746,123691.02477,0
1771734600000,1971.24,1972.22,1971.17,1971.97,815.177,1771734659999,1607265.90766,1694,568.199,1120330.25549,0
1771734660000,1971.96,1972.22,1971.89,1972.21,431.064,1771734719999,850072.14030,722,281.927,555959.33829,0
1771734720000,1972.22,1972.38,1972.19,1972.38,174.684,1771734779999,344532.02547,552,71.629,141274.29268,0
1771734780000,1972.38,1972.82,1972.24,1972.61,258.458,1771734839999,509800.74988,828,211.083,416353.68761,0
1771734840000,1972.62,1972.62,1971.72,1971.76,447.029,1771734899999,881547.08121,1395,195.676,385861.40468,0
1771734900000,1971.76,1972.27,1971.76,1972.26,150.215,1771734959999,296241.03246,496,58.744,115848.91541,0
1771734960000,1972.26,1972.66,1972.21,1972.66,121.868,1771735019999,240369.98388,434,92.065,181588.66018,0
1771735020000,1972.65,1974.12,1972.46,1973.22,1929.482,1771735079999,3807679.98986,2379,1612.651,3182430.09240,0
1771735080000,1973.21,1973.21,1972.27,1972.28,350.411,1771735139999,691256.70137,922,86.033,169711.61956,0
1771735140000,1972.28,1972.77,1971.38,1971.38,659.323,1771735199999,1300334.45277,1438,215.979,426033.76281,0
1771735200000,1971.38,1971.92,1970.89,1971.03,580.740,1771735259999,1144836.84298,1642,206.585,407221.35136,0
1771735260000,1971.03,1971.13,1970.50,1971.12,571.433,1771735319999,1126161.87675,1227,326.969,644383.12358,0
1771735320000,1971.13,1971.13,1970.02,1970.13,1000.987,1771735379999,1972465.90675,1395,309.475,609727.53118,0
1771735380000,1970.13,1970.94,1970.13,1970.84,585.941,1771735439999,1154626.46952,1108,400.408,789053.14632,0
1771735440000,1970.83,1971.05,1970.83,1971.04,131.944,1771735499999,260056.02397,339,98.369,193882.28239,0
1771735500000,1971.05,1971.13,1971.04,1971.13,215.306,1771735559999,424387.53665,319,138.530,273052.99129,0
1771735560000,1971.13,1971.75,1971.12,1971.75,1122.222,1771735619999,2212296.79372,1190,564.240,1112321.96737,0
1771735620000,1971.74,1971.99,1971.00,1971.63,932.434,1771735679999,1838330.83466,1876,620.975,1224271.52339,0
1771735680000,1971.63,1972.00,1971.55,1971.99,625.960,1771735739999,1234245.85982,863,236.414,466142.04775,0
1771735740000,1972.00,1972.30,1971.99,1972.08,175.157,1771735799999,345429.75123,632,73.254,144464.25030,0
1771735800000,1972.09,1972.63,1972.09,1972.57,259.848,1771735859999,512545.60904,871,122.861,242335.01216,0
1771735860000,1972.58,1972.66,1972.58,1972.66,111.977,1771735919999,220887.98115,257,67.614,133377.40895,0
1771735920000,1972.66,1972.77,1972.57,1972.73,420.639,1771735979999,829799.20007,640,199.022,392617.40336,0
1771735980000,1972.74,1973.36,1972.74,1973.16,924.611,1771736039999,1824180.50279,857,840.932,1659072.41408,0
1771736040000,1973.16,1973.17,1972.99,1973.16,251.267,1771736099999,495776.05481,368,80.520,158870.31548,0
1771736100000,1973.17,1973.70,1973.16,1973.51,362.098,1771736159999,714594.28645,743,242.220,478010.14594,0
1771736160000,1973.52,1973.52,1973.12,1973.22,283.807,1771736219999,560054.00893,525,70.300,138722.81422,0
1771736220000,1973.22,1973.23,1972.21,1972.22,426.596,1771736279999,841552.07120,876,27.355,53969.98073,0
1771736280000,1972.21,1972.48,1972.21,1972.47,111.936,1771736339999,220779.27106,374,74.380,146703.53996,0
1771736340000,1972.48,1972.90,1972.47,1972.90,247.425,1771736399999,488087.87219,664,144.108,284277.74933,0
1771736400000,1972.90,1973.93,1972.77,1973.65,1037.765,1771736459999,2047988.28505,1843,925.826,1827087.00332,0
1771736460000,1973.65,1973.86,1973.64,1973.86,424.024,1771736519999,836906.09083,637,316.632,624945.00437,0
1771736520000,1973.85,1973.85,1972.61,1973.37,558.768,1771736579999,1102594.00032,1532,253.507,500195.83761,0
1771736580000,1973.36,1973.37,1973.14,1973.20,70.957,1771736639999,140016.90106,369,32.488,64106.86051,0
1771736640000,1973.20,1973.21,1972.69,1972.69,466.019,1771736699999,919448.55799,917,252.373,497911.83896,0
1771736700000,1972.70,1973.05,1972.70,1973.04,107.722,1771736759999,212527.81576,432,69.853,137810.79442,0
1771736760000,1973.05,1973.26,1973.04,1973.25,241.719,1771736819999,476942.97438,795,146.167,288404.91009,0
1771736820000,1973.25,1973.32,1972.79,1972.80,264.643,1771736879999,522169.61367,752,81.233,160281.45416,0
1771736880000,1972.79,1973.38,1972.74,1973.38,166.092,1771736939999,327701.73057,727,107.538,212175.68882,0
1771736940000,1973.37,1973.56,1972.19,1972.19,571.065,1771736999999,1126736.70022,1279,55.232,108970.85992,0
1771737000000,1972.20,1972.34,1972.06,1972.21,607.826,1771737059999,1198750.11869,942,257.466,507771.53981,0
1771737060000,1972.21,1972.22,1970.01,1970.45,3194.259,1771737119999,6295015.47389,5088,1327.438,2615734.69689,0
1771737120000,1970.45,1971.45,1970.45,1971.30,485.096,1771737179999,956177.10260,1094,199.034,392298.40494,0
1771737180000,1971.30,1971.31,1970.40,1970.68,610.837,1771737239999,1203881.89327,1407,223.642,440790.27292,0
1771737240000,1970.68,1971.30,1970.59,1971.29,487.276,1771737299999,960296.44717,939,158.946,313254.83971,0
1771737300000,1971.29,1972.05,1971.07,1971.37,642.477,1771737359999,1266655.62295,1713,464.947,916695.34780,0
1771737360000,1971.37,1971.37,1971.06,1971.22,541.528,1771737419999,1067450.53780,782,305.343,601871.56392,0
1771737420000,1971.22,1971.30,1971.00,1971.13,732.232,1771737479999,1443284.62606,827,470.642,927650.75543,0
1771737480000,1971.14,1971.43,1971.14,1971.27,296.443,1771737539999,584362.31307,540,207.802,409632.61488,0
1771737540000,1971.26,1971.82,1971.26,1971.49,265.259,1771737599999,523006.65637,961,153.797,303232.18274,0
1771737600000,1971.49,1971.85,1971.49,1971.84,96.267,1771737659999,189820.38276,277,53.357,105209.33243,0
1771737660000,1971.85,1971.85,1971.42,1971.52,272.600,1771737719999,537454.88147,554,139.509,275033.90797,0
1771737720000,1971.52,1972.60,1971.51,1972.59,378.127,1771737779999,745677.49919,909,343.883,678131.99118,0
1771737780000,1972.59,1972.60,1972.29,1972.49,948.135,1771737839999,1870234.47094,660,161.741,319012.59297,0
1771737840000,1972.48,1972.85,1972.48,1972.84,375.418,1771737899999,740612.95740,728,211.267,416778.05476,0
1771737900000,1972.84,1974.00,1972.84,1973.61,2998.264,1771737959999,5916378.23546,1918,2722.131,5371460.68007,0
1771737960000,1973.60,1973.60,1972.10,1972.94,1409.811,1771738019999,2780961.95235,2324,278.507,549397.54967,0
1771738020000,1972.93,1972.94,1972.93,1972.94,102.090,1771738079999,201416.98738,196,56.368,111210.68192,0
1771738080000,1972.94,1972.94,1972.58,1972.88,375.122,1771738139999,739972.54413,500,98.056,193428.16889,0
1771738140000,1972.89,1972.96,1972.70,1972.95,357.001,1771738199999,704313.20082,461,109.232,215498.58670,0
1771738200000,1972.96,1973.21,1972.72,1973.08,262.836,1771738259999,518578.08395,708,144.314,284727.55587,0
1771738260000,1973.08,1973.08,1972.45,1972.46,358.726,1771738319999,707685.00678,768,133.658,263669.13471,0
1771738320000,1972.46,1972.46,1972.36,1972.39,107.866,1771738379999,212755.86276,281,24.237,47805.29710,0
1771738380000,1972.40,1972.40,1971.77,1971.92,395.311,1771738439999,779577.83987,769,59.185,116712.60878,0
1771738440000,1971.92,1972.00,1971.61,1971.92,410.029,1771738499999,808497.13247,698,79.820,157396.54442,0
1771738500000,1971.93,1972.17,1971.92,1972.12,168.669,1771738559999,332623.22161,498,103.517,204136.05590,0
1771738560000,1972.13,1972.28,1972.07,1972.25,549.742,1771738619999,1084187.80588,584,383.027,755387.99050,0
1771738620000,1972.26,1972.60,1972.26,1972.50,197.339,1771738679999,389245.27823,484,168.164,331697.28921,0
1771738680000,1972.50,1972.74,1972.49,1972.49,183.035,1771738739999,361052.12496,493,123.003,242634.40993,0
1771738740000,1972.50,1972.50,1972.08,1972.28,106.004,1771738799999,209080.68773,439,67.876,133879.52813,0
1771738800000,1972.27,1972.42,1972.27,1972.42,70.201,1771738859999,138457.54781,270,46.310,91336.71624,0
1771738860000,1972.42,1972.44,1972.00,1972.00,276.218,1771738919999,544753.26778,839,103.734,204591.84559,0
1771738920000,1972.00,1972.21,1971.76,1972.21,417.705,1771738979999,823702.01288,730,132.296,260881.18947,0
1771738980000,1972.22,1972.47,1972.18,1972.47,234.035,1771739039999,461581.71663,317,212.433,418977.89295,0
1771739040000,1972.47,1972.47,1972.23,1972.23,115.801,1771739099999,228408.95221,250,25.085,49478.27310,0
1771739100000,1972.24,1972.24,1972.17,1972.18,147.606,1771739159999,291108.06552,260,85.796,169207.40305,0
1771739160000,1972.19,1972.42,1972.17,1972.18,252.420,1771739219999,497848.97405,449,127.945,252343.89863,0
1771739220000,1972.18,1972.18,1971.14,1971.14,1024.812,1771739279999,2020700.31384,1223,275.820,543862.28201,0
1771739280000,1971.15,1971.40,1970.51,1971.39,806.285,1771739339999,1589086.17239,1635,370.464,730142.59193,0
1771739340000,1971.39,1972.07,1971.39,1971.66,376.510,1771739399999,742381.47688,926,201.288,396876.55814,0
1771739400000,1971.67,1971.68,1971.49,1971.67,318.213,1771739459999,627372.27742,514,197.606,389589.35121,0
1771739460000,1971.67,1972.23,1971.66,1972.22,193.808,1771739519999,382177.23894,497,155.430,306496.55120,0
1771739520000,1972.23,1972.77,1972.22,1972.59,313.970,1771739579999,619317.93857,998,198.191,390925.46810,0
1771739580000,1972.59,1972.94,1972.53,1972.54,284.616,1771739639999,561470.61650,719,231.135,455964.38853,0
1771739640000,1972.54,1972.63,1972.17,1972.30,170.212,1771739699999,335720.49722,571,46.278,91281.46308,0
1771739700000,1972.30,1972.30,1972.00,1972.00,175.131,1771739759999,345379.79230,306,34.976,68973.02176,0
1771739760000,1972.01,1973.00,1972.00,1972.84,282.214,1771739819999,556728.02526,896,207.762,409846.16665,0
1771739820000,1972.84,1974.13,1972.61,1973.64,1418.055,1771739879999,2798253.11186,2392,1130.423,2230655.70448,0
1771739880000,1973.63,1974.28,1973.63,1974.10,1165.277,1771739939999,2300301.90105,1604,749.570,1479634.65660,0
1771739940000,1974.10,1974.11,1973.70,1974.11,585.380,1771739999999,1155505.43487,852,187.422,369970.22197,0
1771740000000,1974.10,1974.11,1973.53,1973.64,541.899,1771740059999,1069548.79805,1150,181.242,357693.17974,0
1771740060000,1973.64,1975.00,1973.57,1974.73,1270.990,1771740119999,2509606.90370,2409,968.910,1913168.84780,0
1771740120000,1974.72,1974.73,1974.40,1974.43,427.582,1771740179999,844303.35151,761,212.443,419495.98975,0
1771740180000,1974.42,1975.15,1974.42,1975.13,973.290,1771740239999,1922242.76975,1194,743.155,1467712.34145,0
1771740240000,1975.13,1975.85,1975.00,1975.85,1842.735,1771740299999,3640246.45333,2461,1033.813,2042263.09694,0
1771740300000,1975.84,1976.19,1975.77,1975.80,877.354,1771740359999,1733609.28906,1893,568.628,1123587.10112,0
1771740360000,1975.80,1975.80,1975.45,1975.45,482.075,1771740419999,952370.46930,750,139.965,276500.47881,0
1771740420000,1975.46,1975.67,1975.00,1975.39,848.347,1771740479999,1675866.58015,1730,312.765,617869.26343,0
1771740480000,1975.38,1975.39,1975.00,1975.18,301.618,1771740539999,595734.27348,667,156.394,308891.67713,0
1771740540000,1975.18,1975.50,1975.18,1975.22,403.146,1771740599999,796352.44441,765,258.035,509711.21878,0
1771740600000,1975.22,1975.32,1974.52,1974.80,823.832,1771740659999,1626891.00788,1362,166.400,328608.82803,0
1771740660000,1974.80,1974.80,1973.58,1973.58,801.787,1771740719999,1582901.75728,1315,110.696,218533.76674,0
1771740720000,1973.57,1974.16,1973.22,1974.16,873.456,1771740779999,1723805.89649,2059,341.157,673297.16473,0
1771740780000,1974.16,1974.55,1974.15,1974.55,270.622,1771740839999,534260.94883,679,161.524,318881.26523,0
1771740840000,1974.55,1975.20,1974.54,1975.18,684.120,1771740899999,1351161.78250,1123,446.170,881183.13751,0
1771740900000,1975.19,1975.49,1974.41,1974.83,989.181,1771740959999,1953576.86480,1789,270.622,534495.93736,0
1771740960000,1974.84,1974.84,1973.77,1974.13,1436.399,1771741019999,2835932.39445,1766,100.669,198739.47394,0
1771741020000,1974.13,1974.46,1974.12,1974.45,331.112,1771741079999,653698.16712,673,245.996,485652.91089,0
1771741080000,1974.45,1974.74,1974.45,1974.74,251.979,1771741139999,497526.50661,349,218.082,430597.97184,0
1771741140000,1974.73,1975.40,1974.73,1975.18,1044.309,1771741199999,2062606.66459,1218,897.824,1773265.74975,0
1771741200000,1975.17,1975.18,1974.40,1974.40,328.656,1771741259999,648986.67442,841,123.512,243881.45093,0
1771741260000,1974.40,1974.41,1973.80,1973.80,392.562,1771741319999,774924.09092,618,22.578,44569.94781,0
1771741320000,1973.80,1973.81,1973.80,1973.80,109.824,1771741379999,216770.69692,162,8.572,16919.49932,0
1771741380000,1973.80,1974.85,1973.80,1973.91,446.328,1771741439999,881198.95155,1376,221.550,437370.01514,0
1771741440000,1973.91,1974.06,1973.91,1974.06,181.411,1771741499999,358110.44314,274,79.470,156873.81503,0
1771741500000,1974.05,1974.94,1974.05,1974.50,417.722,1771741559999,824812.43417,1015,243.398,480561.06842,0
1771741560000,1974.49,1974.50,1974.10,1974.24,225.049,1771741619999,444321.94334,519,116.863,230729.10874,0
1771741620000,1974.25,1977.48,1974.25,1976.76,2375.939,1771741679999,4695701.30289,4347,1871.332,3698268.54650,0
1771741680000,1976.76,1977.19,1976.58,1976.91,884.325,1771741739999,1748155.72130,1138,645.382,1275789.40611,0
1771741740000,1976.91,1976.92,1976.25,1976.25,581.559,1771741799999,1149453.65111,1037,143.589,283801.17472,0
1771741800000,1976.26,1976.26,1975.82,1975.82,703.587,1771741859999,1390326.32454,841,104.122,205749.08981,0
1771741860000,1975.83,1976.00,1975.29,1975.79,496.920,1771741919999,981734.51788,1154,357.512,706329.75479,0
1771741920000,1975.79,1977.26,1975.79,1977.25,727.182,1771741979999,1437350.06491,1416,596.929,1179888.40297,0
1771741980000,1977.26,1978.01,1976.59,1978.01,3341.158,1771742039999,6607153.96492,3544,2305.246,4558872.09752,0
1771742040000,1978.00,1978.59,1977.24,1977.31,1109.293,1771742099999,2194101.82110,2213,315.814,624710.36369,0
1771742100000,1977.31,1977.31,1976.04,1976.12,1182.820,1771742159999,2337844.11575,1969,205.616,406424.14612,0
1771742160000,1976.13,1976.22,1976.08,1976.22,429.565,1771742219999,848902.63855,469,160.845,317857.45016,0
1771742220000,1976.21,1977.00,1976.21,1976.76,717.873,1771742279999,1419033.89814,1204,475.014,938945.72606,0
1771742280000,1976.76,1977.08,1975.40,1975.81,2225.449,1771742339999,4397653.44573,2146,661.030,1306297.80367,0
1771742340000,1975.78,1976.05,1975.64,1975.81,478.608,1771742399999,945651.59639,986,256.001,505818.10644,0
1771742400000,1975.81,1976.05,1975.55,1976.05,162.768,1771742459999,321604.59871,595,89.368,176580.77178,0
1771742460000,1976.05,1976.05,1975.23,1975.23,325.499,1771742519999,643094.71431,940,64.950,128322.11596,0
1771742520000,1975.24,1975.40,1975.10,1975.39,400.756,1771742579999,791596.42902,716,275.422,544031.21773,0
1771742580000,1975.40,1975.40,1975.09,1975.09,370.175,1771742639999,731168.51883,373,148.997,294298.04928,0
1771742640000,1975.09,1975.21,1975.03,1975.21,400.003,1771742699999,790036.72788,372,290.499,573756.56266,0
1771742700000,1975.21,1975.90,1975.21,1975.43,1126.185,1771742759999,2224877.06294,1471,620.113,1225056.49439,0
1771742760000,1975.44,1975.44,1975.21,1975.22,120.920,1771742819999,238848.68931,307,16.816,33215.81009,0
1771742820000,1975.21,1975.22,1974.63,1974.63,583.157,1771742879999,1151677.34187,812,116.247,229588.59016,0
1771742880000,1974.63,1975.21,1974.63,1975.21,252.913,1771742939999,499468.64526,593,163.052,322004.66798,0
1771742940000,1975.20,1975.21,1974.32,1974.62,634.201,1771742999999,1252355.81360,1054,318.992,629874.28790,0
1771743000000,1974.62,1974.77,1974.28,1974.28,378.385,1771743059999,747155.35778,637,267.781,528766.23816,0
1771743060000,1974.29,1974.29,1974.17,1974.27,195.668,1771743119999,386288.09873,390,102.879,203102.75982,0
1771743120000,1974.26,1975.13,1974.26,1975.13,267.309,1771743179999,527846.15585,674,252.203,498016.58496,0
1771743180000,1975.13,1975.13,1974.59,1974.59,207.663,1771743239999,410100.26164,521,42.437,83803.46939,0
1771743240000,1974.59,1974.75,1974.53,1974.75,146.570,1771743299999,289424.01872,293,116.043,229141.64534,0
1771743300000,1974.75,1974.75,1974.58,1974.59,76.000,1771743359999,150075.79428,197,7.007,13836.80477,0
1771743360000,1974.59,1975.19,1974.58,1975.19,143.615,1771743419999,283607.19962,533,115.957,228990.82059,0
1771743420000,1975.19,1975.24,1974.85,1974.99,309.937,1771743479999,612155.46500,637,181.073,357637.89245,0
1771743480000,1974.99,1975.27,1974.85,1975.06,411.332,1771743539999,812407.50678,659,255.658,504945.60741,0
1771743540000,1975.05,1975.18,1975.03,1975.17,270.599,1771743599999,534449.77843,409,193.129,381440.06650,0
1771743600000,1975.18,1975.30,1974.61,1974.62,482.404,1771743659999,952760.65968,1168,111.483,220174.63343,0
1771743660000,1974.61,1975.71,1974.61,1975.71,628.008,1771743719999,1240451.32224,997,517.565,1022298.12962,0
1771743720000,1975.71,1975.90,1975.49,1975.61,268.416,1771743779999,530304.21662,840,178.958,353562.50509,0
1771743780000,1975.61,1975.62,1975.15,1975.16,246.927,1771743839999,487778.37535,531,113.931,225053.47004,0
1771743840000,1975.16,1975.37,1974.99,1975.37,977.208,1771743899999,1930149.59499,1164,468.968,926256.85213,0
1771743900000,1975.37,1975.37,1974.56,1974.56,389.220,1771743959999,768678.39651,832,80.304,158598.09426,0
1771743960000,1974.56,1974.76,1974.31,1974.31,646.390,1771744019999,1276356.56866,761,272.835,538736.84120,0
1771744020000,1974.31,1974.96,1974.31,1974.79,400.457,1771744079999,790764.95162,889,256.986,507451.00741,0
1771744080000,1974.79,1975.05,1974.72,1974.74,731.045,1771744139999,1443702.14094,938,319.146,630242.40545,0
1771744140000,1974.75,1975.15,1974.09,1975.04,3011.310,1771744199999,5946594.06697,1706,212.254,419153.45604,0
1771744200000,1975.04,1976.10,1975.04,1976.09,893.870,1771744259999,1766001.81412,1463,724.306,1430971.84007,0
1771744260000,1976.09,1976.30,1975.77,1975.77,725.018,1771744319999,1432682.26982,1511,315.972,624394.04216,0
1771744320000,1975.78,1976.36,1975.56,1976.17,620.774,1771744379999,1226540.24137,1177,431.820,853192.38746,0
1771744380000,1976.16,1976.23,1975.95,1976.15,348.684,1771744439999,689031.32897,620,148.885,294199.18304,0
1771744440000,1976.15,1976.38,1976.07,1976.37,322.675,1771744499999,637653.35745,539,138.187,273077.86729,0
1771744500000,1976.37,1976.38,1976.17,1976.24,257.429,1771744559999,508751.88506,516,149.599,295650.63811,0
1771744560000,1976.24,1976.24,1976.06,1976.06,226.502,1771744619999,447595.87981,382,156.511,309280.93812,0
1771744620000,1976.06,1976.06,1975.48,1975.48,138.465,1771744679999,273579.02017,557,32.577,64364.84978,0
1771744680000,1975.49,1975.49,1973.34,1974.34,1494.621,1771744739999,2950586.24801,3113,457.215,902491.54735,0
1771744740000,1974.34,1974.61,1974.09,1974.22,475.083,1771744799999,937979.84169,1134,168.649,332971.60551,0
1771744800000,1974.22,1974.58,1974.15,1974.56,246.368,1771744859999,486423.25691,773,113.773,224624.65599,0
1771744860000,1974.56,1975.29,1973.86,1975.02,1413.864,1771744919999,2791520.12636,2251,946.855,1869439.03534,0
1771744920000,1975.01,1975.18,1974.71,1974.71,389.125,1771744979999,768510.97073,659,157.452,310962.49026,0
1771744980000,1974.72,1974.72,1974.14,1974.15,423.911,1771745039999,837052.25445,584,41.420,81782.71005,0
1771745040000,1974.15,1974.41,1974.15,1974.40,150.336,1771745099999,296808.64868,404,132.801,262187.77794,0
1771745100000,1974.41,1974.41,1974.40,1974.40,36.189,1771745159999,71451.67555,127,11.395,22498.40195,0
1771745160000,1974.41,1974.91,1974.40,1974.91,187.268,1771745219999,369797.82615,493,130.185,257069.53991,0
1771745220000,1974.90,1974.98,1974.90,1974.98,72.792,1771745279999,143758.68731,191,36.978,73029.49684,0
1771745280000,1974.97,1976.06,1974.97,1976.06,631.629,1771745339999,1247705.43116,1227,487.073,962144.22163,0
1771745340000,1976.06,1976.90,1975.04,1975.35,1699.074,1771745399999,3357537.10740,3042,621.396,1228004.28667,0
1771745400000,1975.36,1975.36,1975.05,1975.23,198.520,1771745459999,392094.59540,374,100.833,199152.95766,0
1771745460000,1975.22,1975.60,1974.76,1975.22,654.186,1771745519999,1292150.20764,1430,451.008,890828.89516,0
1771745520000,1975.22,1976.28,1975.22,1976.20,760.756,1771745579999,1502993.82125,1677,649.894,1283980.19037,0
1771745580000,1976.20,1976.20,1975.08,1975.24,3042.864,1771745639999,6010802.19017,1508,827.780,1635085.29813,0
1771745640000,1975.23,1975.80,1974.90,1975.80,1884.770,1771745699999,3722786.75159,1352,567.336,1120625.00502,0
1771745700000,1975.80,1975.99,1975.48,1975.69,871.677,1771745759999,1722150.51893,1237,746.808,1475436.59518,0
1771745760000,1975.69,1975.84,1974.92,1975.84,1188.620,1771745819999,2348163.16616,1449,281.987,557072.89963,0
1771745820000,1975.83,1976.00,1975.34,1975.57,630.696,1771745879999,1245970.95836,1128,472.250,932925.54138,0
1771745880000,1975.56,1976.20,1975.56,1976.07,382.315,1771745939999,755435.05135,730,298.180,589183.90182,0
1771745940000,1976.08,1976.18,1975.79,1976.17,208.063,1771745999999,411115.87179,513,156.700,309620.60196,0
1771746000000,1976.17,1976.92,1976.17,1976.55,601.373,1771746059999,1188760.12092,1184,407.410,805337.43184,0
1771746060000,1976.56,1977.42,1976.42,1977.31,1040.182,1771746119999,2056432.40396,1359,749.928,1482576.59924,0
1771746120000,1977.30,1978.01,1976.83,1976.84,1100.849,1771746179999,2177005.06540,2206,625.979,1237914.38788,0
1771746180000,1976.83,1976.98,1976.24,1976.37,670.665,1771746239999,1325562.07564,873,145.416,287416.27666,0
1771746240000,1976.36,1976.81,1976.36,1976.80,164.419,1771746299999,324971.75226,546,123.664,244423.35778,0
1771746300000,1976.80,1976.81,1976.55,1976.72,169.619,1771746359999,335282.08585,518,44.929,88810.42187,0
1771746360000,1976.72,1977.21,1976.72,1977.20,361.023,1771746419999,713762.54780,679,330.920,654249.78391,0
1771746420000,1977.20,1977.20,1976.17,1976.45,395.656,1771746479999,782028.61423,1017,249.279,492684.38296,0
1771746480000,1976.45,1976.64,1976.28,1976.44,641.942,1771746539999,1268784.74951,691,311.282,615237.12833,0
1771746540000,1976.44,1976.44,1976.06,1976.06,333.189,1771746599999,658472.51648,400,59.974,118526.69866,0
1771746600000,1976.06,1976.07,1975.55,1975.93,399.885,1771746659999,790090.38557,1027,239.627,473441.38153,0
1771746660000,1975.92,1976.07,1975.79,1976.06,248.110,1771746719999,490267.03629,551,59.726,118019.19520,0
1771746720000,1976.06,1976.99,1976.01,1976.01,791.289,1771746779999,1564044.89978,1519,331.102,654465.72248,0
1771746780000,1976.00,1976.28,1975.00,1975.25,859.298,1771746839999,1697626.26385,1641,322.995,638020.08205,0
1771746840000,1975.25,1975.26,1975.25,1975.25,108.187,1771746899999,213696.62858,231,25.683,50730.60258,0
1771746900000,1975.25,1975.91,1975.25,1975.39,567.778,1771746959999,1121622.98681,1156,266.291,526041.18271,0
1771746960000,1975.39,1975.55,1974.73,1974.80,427.977,1771747019999,845328.83037,655,101.473,200439.40387,0
1771747020000,1974.81,1975.11,1974.80,1975.10,243.151,1771747079999,480195.09381,396,87.407,172624.40423,0
1771747080000,1975.10,1975.48,1975.08,1975.47,230.445,1771747139999,455185.83913,498,119.186,235423.89575,0
1771747140000,1975.48,1975.48,1975.00,1975.01,173.332,1771747199999,342364.31897,395,13.743,27145.86752,0
1771747200000,1975.01,1975.17,1974.72,1974.96,435.623,1771747259999,860323.56032,923,286.859,566510.76406,0
1771747260000,1974.97,1974.97,1974.55,1974.60,399.180,1771747319999,788262.74587,735,117.710,232437.52762,0
1771747320000,1974.59,1975.30,1974.59,1975.29,247.763,1771747379999,489310.28480,693,217.149,428850.16903,0
1771747380000,1975.30,1975.30,1975.29,1975.29,115.111,1771747439999,227378.60690,208,99.971,197472.71630,0
1771747440000,1975.30,1975.79,1975.03,1975.60,458.517,1771747499999,905733.80398,1167,288.288,569503.86044,0
1771747500000,1975.60,1975.61,1975.20,1975.20,108.718,1771747559999,214748.48232,490,55.934,110483.55601,0
1771747560000,1975.20,1975.43,1974.80,1974.87,387.068,1771747619999,764501.39954,1073,141.085,278674.19302,0
1771747620000,1974.86,1975.10,1974.20,1974.20,712.489,1771747679999,1406871.93891,1355,122.878,242641.68079,0
1771747680000,1974.21,1974.21,1973.63,1973.85,957.306,1771747739999,1889578.88889,1171,417.509,824063.73260,0
1771747740000,1973.85,1974.30,1973.85,1974.30,486.788,1771747799999,960919.08076,983,200.289,395377.84689,0
1771747800000,1974.30,1975.59,1974.30,1975.59,707.221,1771747859999,1396810.88841,1326,609.501,1203807.40023,0
1771747860000,1975.58,1975.59,1975.15,1975.24,418.043,1771747919999,825836.83718,678,76.077,150271.51101,0
1771747920000,1975.25,1975.55,1975.24,1975.55,115.154,1771747979999,227461.79803,424,61.846,122165.31650,0
1771747980000,1975.55,1975.69,1975.55,1975.69,201.830,1771748039999,398751.98113,317,100.055,197677.14913,0
1771748040000,1975.68,1976.20,1975.68,1975.84,618.731,1771748099999,1222602.97303,1151,359.928,711183.70142,0
1771748100000,1975.84,1976.15,1975.83,1976.15,286.614,1771748159999,566346.72309,579,163.383,322844.79741,0
1771748160000,1976.15,1976.36,1975.87,1975.88,399.495,1771748219999,789469.68655,731,173.921,343705.21971,0
1771748220000,1975.88,1975.88,1975.48,1975.48,136.661,1771748279999,270006.37051,382,67.365,133099.37087,0
1771748280000,1975.48,1975.75,1975.20,1975.34,330.396,1771748339999,652689.28297,825,210.197,415244.71512,0
1771748340000,1975.34,1975.46,1975.14,1975.46,133.453,1771748399999,263602.96185,525,73.005,144203.22666,0
1771748400000,1975.47,1975.47,1975.03,1975.03,238.742,1771748459999,471555.21823,448,63.197,124823.49586,0
1771748460000,1975.03,1975.04,1975.02,1975.04,155.114,1771748519999,306354.59678,232,84.605,167097.50482,0
1771748520000,1975.04,1975.15,1975.00,1975.06,285.922,1771748579999,564717.72447,412,147.119,290567.53164,0
1771748580000,1975.07,1975.07,1973.43,1973.55,6346.019,1771748639999,12531954.03723,1948,234.551,462939.56799,0
1771748640000,1973.55,1973.55,1972.98,1973.39,1263.341,1771748699999,2492900.04345,1253,583.731,1151851.63064,0
1771748700000,1973.39,1973.51,1972.66,1972.66,1681.381,1771748759999,3317693.31283,1732,378.491,746820.98345,0
1771748760000,1972.66,1973.14,1972.15,1972.16,1891.239,1771748819999,3730646.85703,2715,782.589,1543599.74621,0
1771748820000,1972.16,1972.51,1970.63,1971.35,5077.766,1771748879999,10009961.93175,5732,1515.026,2986494.47611,0
1771748880000,1971.35,1972.50,1971.34,1972.50,1493.780,1771748939999,2945452.66641,1288,1293.444,2550339.52068,0
1771748940000,1972.50,1972.51,1972.03,1972.24,505.545,1771748999999,997100.69884,909,184.400,363680.83156,0
1771749000000,1972.24,1972.25,1971.90,1971.90,648.002,1771749059999,1277889.04252,939,297.894,587461.57925,0
1771749060000,1971.91,1972.10,1971.83,1972.09,285.090,1771749119999,562190.42438,641,208.045,410261.72773,0
1771749120000,1972.10,1972.62,1971.39,1971.39,1524.064,1771749179999,3005829.02024,1883,890.190,1755867.09859,0
1771749180000,1971.38,1971.38,1969.04,1970.34,5205.265,1771749239999,10254150.18943,5140,1412.157,2781781.20181,0
1771749240000,1970.33,1971.47,1969.91,1971.17,3442.937,1771749299999,6784673.68270,3949,2168.306,4273039.94522,0
1771749300000,1971.18,1971.65,1971.14,1971.65,635.466,1771749359999,1252690.34748,961,401.220,790899.48388,0
1771749360000,1971.65,1971.88,1971.40,1971.87,541.326,1771749419999,1067338.78128,1110,308.005,607295.16389,0
1771749420000,1971.88,1972.27,1971.64,1972.27,475.604,1771749479999,937873.19292,896,220.687,435192.61380,0
1771749480000,1972.27,1972.34,1971.90,1972.33,494.931,1771749539999,976094.57147,962,142.589,281202.02063,0
1771749540000,1972.34,1973.00,1972.34,1972.67,315.496,1771749599999,622408.41258,1060,220.703,435394.35668,0
1771749600000,1972.66,1972.66,1972.13,1972.21,262.287,1771749659999,517300.91259,625,111.273,219455.42798,0
1771749660000,1972.22,1972.46,1971.61,1971.76,634.600,1771749719999,1251470.67719,1110,181.380,357702.21611,0
1771749720000,1971.75,1971.76,1971.32,1971.41,287.049,1771749779999,565915.00590,679,180.932,356701.15882,0
1771749780000,1971.42,1971.97,1971.41,1971.81,350.237,1771749839999,690593.29311,769,195.151,384786.30375,0
1771749840000,1971.81,1971.81,1971.68,1971.68,258.284,1771749899999,509262.02540,364,84.341,166294.34613,0
1771749900000,1971.69,1971.81,1971.69,1971.81,127.539,1771749959999,251480.34055,263,80.381,158494.19615,0
1771749960000,1971.81,1972.14,1971.80,1971.80,488.112,1771750019999,962515.22934,721,337.847,666196.42881,0
1771750020000,1971.80,1971.80,1971.04,1971.04,501.524,1771750079999,988692.18378,780,143.490,282864.27523,0
1771750080000,1971.04,1971.05,1970.64,1970.90,751.258,1771750139999,1480601.55996,1274,444.572,876163.87599,0
1771750140000,1970.90,1970.91,1970.72,1970.87,426.988,1771750199999,841525.97817,496,199.303,392788.83765,0
1771750200000,1970.86,1970.96,1970.70,1970.96,317.349,1771750259999,625430.07339,582,173.605,342140.80879,0
1771750260000,1970.96,1971.51,1970.95,1971.20,684.741,1771750319999,1349796.51008,900,592.478,1167923.00752,0
1771750320000,1971.20,1971.50,1971.10,1971.24,366.811,1771750379999,723077.91712,727,272.560,537281.29091,0
1771750380000,1971.24,1971.49,1971.07,1971.48,500.795,1771750439999,987225.58990,628,139.985,275948.62987,0
1771750440000,1971.48,1971.83,1971.47,1971.83,209.162,1771750499999,412385.27673,374,169.071,333337.68454,0
1771750500000,1971.83,1973.38,1971.62,1971.98,1573.134,1771750559999,3103234.82978,2968,891.780,1759169.29010,0
1771750560000,1971.98,1972.70,1971.97,1972.56,366.495,1771750619999,722863.94985,848,244.423,482083.01128,0
1771750620000,1972.56,1972.63,1972.41,1972.62,172.595,1771750679999,340435.51347,349,118.209,233162.35948,0
1771750680000,1972.63,1972.99,1972.63,1972.99,308.475,1771750739999,608582.08226,425,287.756,567705.67805,0
1771750740000,1972.98,1973.00,1972.41,1972.47,670.980,1771750799999,1323750.00424,833,421.865,832268.58566,0
1771750800000,1972.47,1972.89,1972.12,1972.38,786.123,1771750859999,1550541.67116,1344,143.553,283127.31972,0
1771750860000,1972.39,1973.00,1972.38,1972.99,325.109,1771750919999,641293.75217,671,261.121,515075.27630,0
1771750920000,1973.00,1973.30,1971.99,1972.02,4370.755,1771750979999,8622508.46980,1919,701.469,1383788.50776,0
1771750980000,1972.01,1972.02,1971.07,1971.07,787.100,1771751039999,1551699.21963,1235,395.586,779831.05052,0
1771751040000,1971.08,1972.30,1971.07,1972.30,607.318,1771751099999,1197458.83970,1058,400.389,789455.21419,0
1771751100000,1972.29,1972.30,1971.80,1971.89,367.229,1771751159999,724187.80136,772,121.353,239299.48197,0
1771751160000,1971.88,1972.00,1971.58,1971.58,438.612,1771751219999,864896.01470,610,70.099,138232.24819,0
1771751220000,1971.58,1971.59,1971.48,1971.48,347.829,1771751279999,685757.47570,584,119.817,236222.47813,0
1771751280000,1971.49,1971.49,1971.21,1971.35,243.699,1771751339999,480399.54774,515,100.368,197852.91538,0
1771751340000,1971.36,1972.39,1971.35,1972.38,431.663,1771751399999,851222.94537,942,306.235,603880.32903,0
1771751400000,1972.39,1972.39,1971.69,1971.70,580.990,1771751459999,1145695.58652,789,78.543,154882.45299,0
1771751460000,1971.70,1971.91,1971.70,1971.90,196.621,1771751519999,387702.05809,398,83.827,165287.97676,0
1771751520000,1971.89,1971.90,1971.85,1971.85,133.037,1771751579999,262334.59058,238,84.021,165680.81411,0
1771751580000,1971.86,1971.86,1971.85,1971.86,118.698,1771751639999,234055.21658,154,56.528,111465.30208,0
1771751640000,1971.86,1971.86,1971.00,1971.70,905.826,1771751699999,1785781.09700,1369,324.899,640454.76812,0
1771751700000,1971.69,1972.17,1971.69,1971.90,662.502,1771751759999,1306426.82711,1051,466.284,919476.16008,0
1771751760000,1971.89,1972.53,1971.84,1972.52,435.925,1771751819999,859751.38654,1071,228.963,451555.03408,0
1771751820000,1972.53,1972.65,1972.32,1972.33,220.756,1771751879999,435442.63524,484,78.473,154784.66852,0
1771751880000,1972.33,1972.52,1972.32,1972.52,107.076,1771751939999,211194.72726,342,77.981,153807.86962,0
1771751940000,1972.51,1973.72,1972.51,1973.00,1021.011,1771751999999,2014688.34836,1952,742.051,1464186.74123,0
1771752000000,1973.00,1973.00,1971.77,1972.82,506.573,1771752059999,999126.83427,1665,231.222,456050.85149,0
1771752060000,1972.83,1973.31,1972.36,1973.14,860.554,1771752119999,1697748.42878,1257,614.338,1211973.37406,0
1771752120000,1973.14,1973.52,1971.90,1971.90,1450.771,1771752179999,2862377.18833,1792,301.909,595734.25011,0
1771752180000,1971.89,1973.06,1971.73,1973.06,766.906,1771752239999,1512635.71526,1207,700.826,1382313.55299,0
1771752240000,1973.06,1973.06,1972.10,1972.99,709.527,1771752299999,1399567.80232,1589,319.546,630327.65812,0
1771752300000,1973.00,1973.16,1972.18,1972.25,390.348,1771752359999,770086.28321,1030,154.630,305056.66398,0
1771752360000,1972.25,1972.76,1972.25,1972.30,258.517,1771752419999,509919.08346,750,189.961,374690.05335,0
1771752420000,1972.30,1973.15,1972.30,1973.15,370.648,1771752479999,731190.74388,1025,321.446,634125.15551,0
1771752480000,1973.15,1973.15,1972.57,1972.57,126.679,1771752539999,249939.05977,508,45.328,89438.68921,0
1771752540000,1972.57,1972.58,1972.11,1972.50,423.959,1771752599999,836187.73648,766,138.528,273214.81588,0
1771752600000,1972.50,1973.41,1972.50,1972.61,853.744,1771752659999,1684346.52980,1717,537.560,1060531.20667,0
1771752660000,1972.62,1972.62,1971.70,1971.97,634.348,1771752719999,1250954.40974,1441,256.024,504841.20343,0
1771752720000,1971.98,1973.09,1971.98,1972.73,789.576,1771752779999,1557624.81604,1384,441.480,870866.88228,0
1771752780000,1972.73,1973.07,1972.21,1972.24,713.806,1771752839999,1408268.24261,1276,135.777,267879.69401,0
1771752840000,1972.24,1973.04,1972.22,1972.52,880.384,1771752899999,1736571.57292,1482,549.893,1084693.56845,0
1771752900000,1972.52,1972.84,1972.38,1972.84,298.220,1771752959999,588273.21722,838,174.115,343459.83597,0
1771752960000,1972.84,1973.19,1972.00,1973.19,1385.848,1771753019999,2733556.08134,2097,545.392,1075749.76705,0
1771753020000,1973.19,1973.88,1972.59,1972.60,1383.956,1771753079999,2730609.32148,2151,311.642,614965.89523,0
1771753080000,1972.59,1972.60,1970.71,1972.46,2752.272,1771753139999,5425763.93588,3353,1666.952,3286049.09103,0
1771753140000,1972.46,1972.53,1971.22,1972.52,1120.270,1771753199999,2208982.94159,2217,589.548,1162397.87464,0
1771753200000,1972.52,1973.07,1972.14,1972.14,1340.281,1771753259999,2643981.87302,1667,414.860,818381.65637,0
1771753260000,1972.14,1973.30,1972.04,1973.00,860.898,1771753319999,1698308.47562,1634,550.743,1086326.51787,0
1771753320000,1973.01,1973.30,1972.51,1973.03,964.628,1771753379999,1903194.54058,1761,341.883,674514.22488,0
1771753380000,1973.03,1973.03,1973.02,1973.03,41.482,1771753439999,81845.10045,137,28.481,56193.86743,0
1771753440000,1973.03,1974.17,1973.02,1973.88,1357.813,1771753499999,2680067.01911,1783,1029.123,2031250.94704,0
1771753500000,1973.88,1974.07,1973.65,1973.80,488.012,1771753559999,963261.87994,821,251.149,495736.65187,0
1771753560000,1973.79,1974.69,1973.79,1974.19,749.331,1771753619999,1479350.63545,1702,334.693,660767.20834,0
1771753620000,1974.19,1974.78,1974.19,1974.78,594.740,1771753679999,1174329.79254,967,425.304,839776.42261,0
1771753680000,1974.77,1974.99,1974.29,1974.66,406.721,1771753739999,803147.26172,1275,171.040,337745.66053,0
1771753740000,1974.65,1975.23,1974.64,1974.69,1516.967,1771753799999,2995923.36845,1551,706.978,1396228.40328,0
1771753800000,1974.69,1974.70,1974.30,1974.52,423.468,1771753859999,836138.25803,838,177.681,350827.83700,0
1771753860000,1974.52,1974.63,1974.40,1974.54,276.682,1771753919999,546326.58245,547,104.269,205882.33442,0
1771753920000,1974.53,1974.53,1974.30,1974.35,164.210,1771753979999,324209.55902,362,52.815,104275.66264,0
1771753980000,1974.35,1974.60,1974.34,1974.59,163.893,1771754039999,323606.31628,385,91.529,180722.53312,0
1771754040000,1974.59,1975.15,1974.59,1975.15,546.823,1771754099999,1079847.79483,961,375.681,741866.04703,0
1771754100000,1975.14,1975.15,1974.84,1974.93,497.734,1771754159999,983015.29757,769,311.485,615167.29581,0
1771754160000,1974.92,1975.38,1974.58,1974.93,873.308,1771754219999,1724856.10431,1551,438.411,865926.05859,0
1771754220000,1974.93,1975.26,1974.84,1975.09,346.020,1771754279999,683378.66471,746,261.820,517083.20154,0
1771754280000,1975.08,1975.30,1974.55,1975.30,611.712,1771754339999,1208067.21648,1132,177.523,350610.01307,0
1771754340000,1975.30,1975.30,1974.76,1974.77,406.011,1771754399999,801872.15852,579,35.576,70262.86676,0
1771754400000,1974.76,1975.36,1974.76,1974.87,850.794,1771754459999,1680460.58511,1447,544.794,1076045.53584,0
1771754460000,1974.86,1974.89,1974.50,1974.75,479.780,1771754519999,947453.30103,831,306.607,605486.19409,0
1771754520000,1974.75,1975.22,1974.62,1975.21,300.197,1771754579999,592831.61191,793,156.821,309696.99552,0
1771754580000,1975.21,1975.21,1974.98,1975.20,284.498,1771754639999,561907.61352,564,50.247,99239.47894,0
1771754640000,1975.20,1975.63,1975.19,1975.63,443.210,1771754699999,875484.18197,922,324.798,641591.39691,0
1771754700000,1975.64,1976.37,1975.43,1975.83,1674.954,1771754759999,3309478.83574,2498,1249.365,2468604.86091,0
1771754760000,1975.83,1976.24,1975.51,1975.66,1260.589,1771754819999,2490778.70678,1932,349.512,690622.86970,0
1771754820000,1975.67,1975.95,1975.31,1975.81,769.320,1771754879999,1519890.05766,1170,436.805,862935.63331,0
1771754880000,1975.81,1975.95,1975.81,1975.82,287.424,1771754939999,567910.23076,459,253.748,501370.38346,0
1771754940000,1975.82,1975.95,1975.76,1975.77,218.288,1771754999999,431306.72613,582,86.686,171279.03607,0
1771755000000,1975.77,1975.77,1975.38,1975.38,240.511,1771755059999,475122.55908,724,54.572,107803.67510,0
1771755060000,1975.38,1975.39,1975.25,1975.25,198.010,1771755119999,391132.59532,471,72.280,142776.18483,0
1771755120000,1975.25,1975.26,1974.57,1974.57,585.968,1771755179999,1157269.54562,882,31.812,62831.12952,0
1771755180000,1974.58,1974.58,1974.23,1974.55,671.878,1771755239999,1326576.35237,907,287.775,568201.81297,0
1771755240000,1974.56,1974.56,1974.34,1974.34,171.813,1771755299999,339249.53223,388,40.533,80034.36637,0
1771755300000,1974.34,1974.47,1973.91,1974.45,1123.412,1771755359999,2217816.67714,1604,536.284,1058713.65483,0
1771755360000,1974.45,1975.05,1974.39,1974.39,836.601,1771755419999,1651991.48424,1706,617.689,1219696.25510,0
1771755420000,1974.39,1974.93,1974.39,1974.93,571.000,1771755479999,1127573.29527,985,451.550,891688.19199,0
1771755480000,1974.92,1975.00,1974.61,1975.00,231.650,1771755539999,457454.75773,712,134.608,265825.40911,0
1771755540000,1974.99,1975.88,1974.99,1975.87,553.977,1771755599999,1094254.52831,947,491.634,971098.52869,0
1771755600000,1975.88,1976.58,1975.67,1976.13,1697.244,1771755659999,3354052.68244,2505,1056.432,2087650.83090,0
1771755660000,1976.13,1977.96,1976.12,1977.53,1932.979,1771755719999,3822037.15562,3189,1523.948,3013132.19178,0
1771755720000,1977.53,1978.91,1977.04,1978.17,2319.581,1771755779999,4588182.18092,3239,1227.149,2427499.06244,0
1771755780000,1978.18,1978.42,1977.51,1977.68,1481.060,1771755839999,2929598.40907,1670,503.058,995144.26404,0
1771755840000,1977.67,1977.86,1977.42,1977.43,563.755,1771755899999,1114923.48429,777,152.159,300926.75357,0
1771755900000,1977.43,1977.61,1975.94,1977.50,2037.262,1771755959999,4027285.70707,2829,855.976,1692262.15425,0
1771755960000,1977.50,1977.51,1977.27,1977.27,279.090,1771756019999,551869.34539,487,88.690,175378.28199,0
1771756020000,1977.26,1977.27,1976.37,1976.53,265.119,1771756079999,524047.18085,923,72.074,142455.88973,0
1771756080000,1976.52,1977.00,1976.52,1976.99,299.560,1771756139999,592161.27802,624,140.117,276972.08996,0
1771756140000,1976.99,1977.33,1976.99,1977.13,613.058,1771756199999,1212085.59709,993,408.665,807973.17902,0
1771756200000,1977.13,1977.13,1977.02,1977.02,212.807,1771756259999,420728.88785,338,129.066,255169.16568,0
1771756260000,1977.03,1977.52,1977.02,1977.44,423.440,1771756319999,837280.62745,839,208.785,412821.25801,0
1771756320000,1977.45,1977.45,1977.24,1977.25,157.167,1771756379999,310786.69102,481,92.454,182822.09236,0
1771756380000,1977.25,1979.31,1977.10,1977.10,4164.057,1771756439999,8237456.75996,5747,3218.253,6366172.30487,0
1771756440000,1977.11,1977.51,1976.57,1976.57,1582.767,1771756499999,3129123.49001,1363,227.499,449805.06732,0
1771756500000,1976.57,1977.80,1976.56,1977.61,814.619,1771756559999,1610731.99943,1493,526.391,1040869.95272,0
1771756560000,1977.60,1977.81,1977.57,1977.68,356.766,1771756619999,705564.11730,668,206.220,407827.82323,0
1771756620000,1977.67,1977.67,1977.21,1977.22,277.368,1771756679999,548448.63478,598,107.854,213266.11003,0
1771756680000,1977.21,1978.02,1977.21,1978.02,371.403,1771756739999,734558.10066,742,310.291,613681.41882,0
1771756740000,1978.01,1978.02,1977.54,1977.55,424.627,1771756799999,839792.91467,719,96.157,190168.64170,0
1771756800000,1977.55,1978.42,1977.55,1978.41,291.435,1771756859999,576454.57588,867,163.053,322513.54776,0
1771756860000,1978.42,1978.50,1977.76,1977.76,468.904,1771756919999,927623.68439,1261,92.994,183955.16909,0
1771756920000,1977.77,1977.77,1977.72,1977.73,266.203,1771756979999,526485.04860,328,140.015,276916.34491,0
1771756980000,1977.73,1977.77,1977.72,1977.77,155.124,1771757039999,306793.91922,289,130.890,258865.70898,0
1771757040000,1977.77,1977.77,1977.70,1977.71,357.603,1771757099999,707239.14875,337,99.927,197628.30355,0
1771757100000,1977.71,1977.71,1976.91,1976.91,894.926,1771757159999,1769598.81190,994,272.809,539408.83371,0
1771757160000,1976.91,1977.84,1976.70,1977.79,1558.738,1771757219999,3081764.66877,1385,1250.846,2472990.76397,0
1771757220000,1977.79,1977.80,1977.36,1977.37,497.431,1771757279999,983660.33254,652,279.762,553214.52515,0
1771757280000,1977.36,1977.37,1976.87,1977.00,488.745,1771757339999,966268.30507,876,38.320,75758.57802,0
1771757340000,1977.00,1977.18,1977.00,1977.18,284.834,1771757399999,563152.28537,421,128.838,254725.50361,0
1771757400000,1977.17,1977.37,1977.17,1977.31,111.945,1771757459999,221350.17208,421,50.342,99541.70240,0
1771757460000,1977.30,1977.31,1976.95,1976.95,282.308,1771757519999,558149.99302,563,63.052,124654.94838,0
1771757520000,1976.95,1977.14,1976.95,1977.09,349.295,1771757579999,690570.80013,718,166.498,329167.75940,0
1771757580000,1977.08,1977.31,1976.45,1976.68,522.978,1771757639999,1033876.52925,1361,333.061,658428.74152,0
1771757640000,1976.67,1976.92,1976.48,1976.79,490.150,1771757699999,968898.00972,953,393.918,778671.74005,0
1771757700000,1976.78,1977.06,1976.78,1976.92,395.000,1771757759999,780867.26366,638,192.994,381526.45072,0
1771757760000,1976.92,1977.00,1976.92,1976.99,216.174,1771757819999,427366.60542,296,93.965,185764.06247,0
1771757820000,1977.00,1977.00,1976.99,1977.00,71.221,1771757879999,140803.52915,211,32.436,64125.97200,0
1771757880000,1977.00,1977.00,1976.61,1976.70,271.968,1771757939999,537612.50526,653,122.837,242808.11909,0
1771757940000,1976.70,1976.70,1976.50,1976.50,204.551,1771757999999,404310.29113,383,18.026,35629.90028,0
1771758000000,1976.51,1977.27,1976.32,1977.26,1190.066,1771758059999,2352398.51916,1487,904.671,1788258.00453,0
1771758060000,1977.26,1977.60,1977.26,1977.60,286.925,1771758119999,567370.51553,627,236.105,466880.44424,0
1771758120000,1977.60,1978.50,1977.60,1978.36,1079.502,1771758179999,2135519.03913,1443,794.776,1572245.85739,0
1771758180000,1978.36,1980.00,1978.01,1979.44,7002.179,1771758239999,13860483.52304,6040,5497.611,10882273.75812,0
1771758240000,1979.44,1981.00,1979.34,1979.86,4937.097,1771758299999,9777613.02122,5709,3493.616,6918853.04373,0
1771758300000,1979.85,1981.38,1979.60,1981.20,4104.278,1771758359999,8127738.86833,4690,2686.328,5320086.71568,0
1771758360000,1981.19,1981.25,1980.65,1980.82,2790.137,1771758419999,5527562.30932,2353,979.697,1940852.80365,0
1771758420000,1980.81,1982.14,1980.51,1980.52,2903.883,1771758479999,5754025.15083,3506,1750.680,3469195.88161,0
1771758480000,1980.51,1981.82,1980.51,1980.67,1510.518,1771758539999,2992650.08775,2570,672.989,1333391.30852,0
1771758540000,1980.66,1981.09,1980.21,1980.21,1070.801,1771758599999,2120958.47167,1940,294.699,583730.72119,0
1771758600000,1980.21,1980.22,1979.29,1979.53,1102.777,1771758659999,2183033.30177,1863,308.068,609808.73286,0
1771758660000,1979.53,1979.84,1979.47,1979.73,556.428,1771758719999,1101552.55538,942,235.761,466738.58945,0
1771758720000,1979.72,1980.20,1979.06,1980.15,2552.142,1771758779999,5052563.46576,2678,1040.523,2060102.93166,0
1771758780000,1980.15,1980.15,1979.91,1979.92,617.559,1771758839999,1222777.66501,830,246.440,487950.89898,0
1771758840000,1979.93,1981.00,1979.75,1980.97,1988.111,1771758899999,3937547.59799,1946,1594.842,3158654.08363,0
1771758900000,1980.96,1981.38,1980.56,1981.38,962.340,1771758959999,1906318.91469,1237,746.086,1477958.06173,0
1771758960000,1981.38,1982.25,1981.17,1981.82,2071.266,1771759019999,4104613.26883,3532,1341.435,2658234.14627,0
1771759020000,1981.83,1981.83,1981.00,1981.12,1172.976,1771759079999,2324007.06430,1375,414.812,821823.79324,0
1771759080000,1981.12,1981.68,1980.79,1980.80,911.832,1771759139999,1806526.61457,1424,390.977,774663.18975,0
1771759140000,1980.79,1980.80,1980.14,1980.50,916.086,1771759199999,1814189.55130,1344,192.875,381956.45098,0
1771759200000,1980.49,1981.00,1980.49,1981.00,298.160,1771759259999,590603.22557,632,162.627,322129.07936,0
1771759260000,1980.99,1981.00,1979.18,1979.19,974.121,1771759319999,1928871.90040,1771,78.941,156278.82826,0
1771759320000,1979.18,1980.34,1979.18,1980.34,1109.748,1771759379999,2196997.66748,1351,759.122,1502814.66736,0
1771759380000,1980.33,1980.70,1980.18,1980.64,1278.489,1771759439999,2531887.41965,1484,1047.018,2073480.76444,0
1771759440000,1980.64,1980.67,1980.35,1980.48,626.752,1771759499999,1241323.86302,633,286.630,567687.55325,0
1771759500000,1980.48,1980.48,1980.01,1980.01,751.859,1771759559999,1488871.70674,1019,159.397,315641.26815,0
1771759560000,1980.01,1980.02,1979.30,1979.53,825.069,1771759619999,1633263.54754,1022,401.433,794582.62561,0
1771759620000,1979.54,1979.66,1979.50,1979.50,404.325,1771759679999,800390.08127,516,143.637,284341.91805,0
1771759680000,1979.50,1979.65,1979.47,1979.48,323.185,1771759739999,639750.63357,530,108.785,215342.20783,0
1771759740000,1979.48,1979.60,1979.40,1979.42,371.021,1771759799999,734423.87680,624,271.323,537072.34085,0
1771759800000,1979.41,1979.70,1978.76,1978.82,911.089,1771759859999,1803108.88267,1585,251.778,498290.26922,0
1771759860000,1978.82,1979.24,1978.20,1979.24,1381.723,1771759919999,2734051.14970,2219,705.237,1395480.78219,0
1771759920000,1979.23,1979.48,1979.23,1979.27,457.478,1771759979999,905511.48219,1061,257.493,509674.29063,0
1771759980000,1979.28,1979.57,1979.26,1979.57,347.747,1771760039999,688337.84349,677,218.324,432161.31492,0
1771760040000,1979.58,1980.87,1979.58,1980.87,1032.883,1771760099999,2045363.61013,2186,886.656,1755772.51652,0
1771760100000,1980.86,1981.27,1980.86,1981.27,796.940,1771760159999,1578710.93236,1145,644.115,1275976.59298,0
1771760160000,1981.27,1982.67,1981.26,1981.35,2140.482,1771760219999,4242416.43800,3507,1530.597,3033692.55328,0
1771760220000,1981.34,1981.35,1980.20,1980.20,863.103,1771760279999,1709457.34322,2681,371.998,736720.33849,0
1771760280000,1980.20,1980.21,1978.75,1979.04,1081.696,1771760339999,2141175.06660,1718,290.796,575524.21896,0
1771760340000,1979.04,1979.50,1979.04,1979.50,315.620,1771760399999,624713.88626,623,212.780,421146.86922,0
1771760400000,1979.50,1980.57,1979.29,1979.43,2260.072,1771760459999,4474736.33942,3164,1753.279,3471445.80715,0
1771760460000,1979.44,1979.44,1978.57,1978.57,655.121,1771760519999,1296330.32912,1116,248.575,491851.43006,0
1771760520000,1978.57,1979.01,1978.57,1978.77,543.613,1771760579999,1075698.06101,819,241.294,477456.34215,0
1771760580000,1978.77,1978.77,1978.38,1978.38,333.915,1771760639999,660673.14072,576,121.961,241309.79492,0
1771760640000,1978.39,1978.58,1978.38,1978.57,387.223,1771760699999,766112.88253,389,245.674,486050.90753,0
1771760700000,1978.58,1978.58,1978.30,1978.58,851.546,1771760759999,1684736.05308,835,285.962,565740.46829,0
1771760760000,1978.58,1979.10,1978.58,1978.81,253.737,1771760819999,502118.90984,721,123.717,244815.93219,0
1771760820000,1978.81,1979.13,1978.81,1979.13,212.617,1771760879999,420781.39818,425,65.806,130229.97914,0
1771760880000,1979.13,1979.14,1979.12,1979.13,184.881,1771760939999,365903.90707,297,143.312,283633.71841,0
1771760940000,1979.14,1979.14,1979.04,1979.04,186.991,1771760999999,370068.14135,374,78.421,155199.85783,0
1771761000000,1979.05,1979.30,1978.84,1979.30,587.850,1771761059999,1163353.81574,899,216.215,427882.00089,0
1771761060000,1979.30,1979.84,1979.29,1979.83,445.254,1771761119999,881454.32560,1126,269.694,533904.96320,0
1771761120000,1979.84,1979.84,1979.83,1979.84,102.812,1771761179999,203550.96830,298,68.634,135884.33856,0
1771761180000,1979.83,1979.84,1979.49,1979.49,617.402,1771761239999,1222309.11745,623,98.159,194330.28470,0
1771761240000,1979.50,1979.50,1979.43,1979.43,89.278,1771761299999,176721.19028,333,25.640,50753.05604,0
1771761300000,1979.44,1979.44,1979.26,1979.26,288.415,1771761359999,570866.84837,472,85.328,168890.76371,0
1771761360000,1979.26,1979.27,1978.85,1979.26,558.604,1771761419999,1105488.69359,869,281.193,556460.61658,0
1771761420000,1979.27,1979.86,1979.18,1979.82,670.650,1771761479999,1327521.66391,1033,374.287,740879.26670,0
1771761480000,1979.83,1979.83,1979.75,1979.78,138.487,1771761539999,274174.99892,281,110.386,218540.65292,0
1771761540000,1979.79,1979.85,1979.78,1979.84,141.867,1771761599999,280869.25674,462,97.997,194015.48296,0
1771761600000,1979.85,1980.60,1979.53,1980.59,684.420,1771761659999,1355052.60901,1763,542.378,1073829.20762,0
1771761660000,1980.59,1980.60,1979.38,1979.38,758.139,1771761719999,1501161.98329,1835,278.233,550960.89967,0
1771761720000,1979.39,1980.13,1979.34,1979.54,717.173,1771761779999,1419850.56182,2396,266.522,527630.72491,0
1771761780000,1979.54,1979.54,1976.36,1977.06,2535.017,1771761839999,5012603.15204,5585,619.448,1224627.49144,0
1771761840000,1977.06,1977.63,1976.29,1976.78,2961.502,1771761899999,5854254.33949,4760,1436.894,2840557.27436,0
1771761900000,1976.79,1976.79,1975.01,1975.17,3659.010,1771761959999,7229605.58498,5166,1230.422,2431140.79374,0
1771761960000,1975.17,1975.43,1972.33,1973.23,7635.651,1771762019999,15074121.96712,7824,2288.895,4518198.57744,0
1771762020000,1973.24,1973.84,1972.15,1973.36,4991.098,1771762079999,9846866.22863,4759,2706.249,5339199.21083,0
1771762080000,1973.36,1973.87,1973.22,1973.54,2066.416,1771762139999,4078090.22133,2497,1107.685,2185987.50413,0
1771762140000,1973.54,1974.36,1973.47,1973.81,1723.623,1771762199999,3402034.54617,1916,1325.483,2616176.45257,0
1771762200000,1973.81,1975.05,1973.37,1973.47,2758.876,1771762259999,5446462.59031,3404,1618.614,3195740.19483,0
1771762260000,1973.47,1973.47,1972.41,1972.89,3524.529,1771762319999,6953440.50590,4104,1156.778,2282157.38630,0
1771762320000,1972.90,1973.22,1972.81,1973.16,1371.539,1771762379999,2706232.36185,2135,693.643,1368647.12910,0
1771762380000,1973.17,1973.80,1972.45,1972.45,2032.832,1771762439999,4011515.10587,2345,642.935,1268753.36789,0
1771762440000,1972.45,1973.02,1971.10,1972.91,3677.070,1771762499999,7251228.70075,4316,1412.526,2785692.14691,0
1771762500000,1972.91,1973.07,1972.29,1972.85,1509.629,1771762559999,2978086.49767,2800,759.555,1498427.51858,0
1771762560000,1972.85,1974.67,1972.85,1973.54,2501.333,1771762619999,4937501.04958,3169,1661.681,3279934.56839,0
1771762620000,1973.53,1975.02,1973.33,1974.84,1887.661,1771762679999,3726745.61723,2172,1317.766,2601470.03042,0
1771762680000,1974.84,1974.84,1972.54,1973.81,1601.223,1771762739999,3159802.39014,3193,731.207,1442794.81593,0
1771762740000,1973.81,1973.85,1972.62,1972.63,740.623,1771762799999,1461676.38351,1250,234.009,461857.75044,0
1771762800000,1972.62,1974.51,1972.34,1974.32,4026.324,1771762859999,7945316.63834,4597,2988.512,5897218.02314,0
1771762860000,1974.32,1974.32,1972.19,1973.41,2989.804,1771762919999,5898721.76735,4239,1380.397,2723351.31372,0
1771762920000,1973.40,1973.64,1970.40,1971.59,3486.631,1771762979999,6873434.16449,4124,1035.476,2041286.71751,0
1771762980000,1971.59,1972.46,1971.35,1971.56,1606.460,1771763039999,3167812.63505,2038,755.651,1490051.59725,0
1771763040000,1971.56,1973.31,1971.22,1973.15,1671.845,1771763099999,3297552.62061,2141,1191.928,2351062.62527,0
1771763100000,1973.15,1973.86,1971.38,1972.49,4352.952,1771763159999,8585106.65116,4107,1087.924,2145722.03420,0
1771763160000,1972.48,1973.17,1972.43,1972.43,919.472,1771763219999,1813922.08648,1747,600.252,1184160.95138,0
1771763220000,1972.43,1972.62,1972.31,1972.48,560.990,1771763279999,1106545.66854,712,317.014,625308.03744,0
1771763280000,1972.48,1973.37,1972.47,1973.37,754.861,1771763339999,1489369.50575,1340,527.827,1041387.05872,0
1771763340000,1973.38,1973.82,1973.14,1973.43,908.231,1771763399999,1792346.70043,1533,418.500,825881.86955,0
1771763400000,1973.42,1973.43,1972.18,1972.18,930.100,1771763459999,1835018.42228,2064,264.717,522256.81615,0
1771763460000,1972.17,1972.50,1972.17,1972.45,552.979,1771763519999,1090647.18418,872,205.882,406055.76426,0
1771763520000,1972.46,1972.99,1972.19,1972.99,854.275,1771763579999,1685015.22615,1413,416.639,821804.96755,0
1771763580000,1972.99,1973.23,1971.60,1972.66,2194.376,1771763639999,4327987.56224,2966,796.398,1570619.22997,0
1771763640000,1972.66,1973.00,1970.54,1970.55,1697.945,1771763699999,3347759.34668,2756,290.987,573770.66544,0
1771763700000,1970.55,1971.94,1970.45,1970.46,2068.851,1771763759999,4077984.11855,2834,814.595,1605538.50934,0
1771763760000,1970.46,1971.22,1970.40,1970.41,2612.259,1771763819999,5147987.12993,2406,1414.766,2788038.67891,0
1771763820000,1970.41,1971.88,1970.02,1971.29,3489.485,1771763879999,6876813.38053,3964,1999.066,3940010.62627,0
1771763880000,1971.30,1971.30,1968.60,1969.75,7858.844,1771763939999,15477613.75731,7332,2878.024,5668095.77100,0
1771763940000,1969.76,1970.00,1960.00,1962.90,46083.074,1771763999999,90503466.39905,30797,15134.286,29716137.45923,0
1771764000000,1962.89,1963.80,1961.64,1962.45,13632.991,1771764059999,26759035.18297,10826,7412.013,14549093.87397,0
1771764060000,1962.46,1963.81,1962.39,1963.47,4864.550,1771764119999,9550253.05521,5429,2482.114,4872930.65799,0
1771764120000,1963.48,1964.92,1963.48,1964.18,4890.708,1771764179999,9605897.22367,5534,3204.086,6293378.95936,0
1771764180000,1964.17,1965.17,1964.00,1965.04,6571.012,1771764239999,12910098.80772,5946,3679.809,7229917.87072,0
1771764240000,1965.04,1965.54,1962.89,1963.21,4505.086,1771764299999,8848889.13734,5383,1546.457,3037541.95125,0
1771764300000,1963.21,1965.94,1963.21,1964.60,5437.086,1771764359999,10682869.02161,5483,3775.458,7417999.13350,0
1771764360000,1964.61,1965.04,1960.53,1963.03,8054.151,1771764419999,15805982.05105,10332,2975.347,5838536.15934,0
1771764420000,1963.03,1966.10,1962.39,1964.24,5798.136,1771764479999,11391014.06982,7943,2814.319,5528536.82211,0
1771764480000,1964.24,1965.26,1963.69,1964.72,3607.767,1771764539999,7087673.38674,4749,1863.790,3661416.41013,0
1771764540000,1964.71,1965.91,1964.08,1965.52,2958.845,1771764599999,5814381.38957,4277,1729.030,3397836.99638,0
1771764600000,1965.52,1965.61,1964.46,1965.23,3298.849,1771764659999,6482490.56602,3530,2055.140,4038467.85309,0
1771764660000,1965.22,1966.99,1965.18,1966.58,2563.589,1771764719999,5040922.60474,3366,1754.198,3449272.94568,0
1771764720000,1966.58,1966.84,1965.59,1966.52,2523.373,1771764779999,4961342.57063,3546,1010.123,1986024.02814,0
1771764780000,1966.52,1966.84,1966.02,1966.47,1762.288,1771764839999,3465429.25845,2449,748.177,1471180.98980,0
1771764840000,1966.46,1966.46,1965.12,1965.15,1793.949,1771764899999,3526181.45573,2539,531.933,1045525.22940,0
1771764900000,1965.14,1965.63,1964.90,1965.62,1611.186,1771764959999,3166232.62021,2254,640.772,1259197.19911,0
1771764960000,1965.62,1965.71,1965.37,1965.53,656.101,1771765019999,1289652.60586,1106,305.722,600932.08445,0
1771765020000,1965.54,1965.54,1964.26,1964.88,1266.836,1771765079999,2488934.10788,2447,608.295,1195058.00658,0
1771765080000,1964.88,1966.21,1964.87,1965.54,1470.320,1771765139999,2890377.57351,2351,853.357,1677485.25639,0
1771765140000,1965.54,1965.96,1965.18,1965.45,1272.084,1771765199999,2500327.54757,1784,675.980,1328659.53468,0
1771765200000,1965.45,1966.46,1965.41,1966.46,1410.766,1771765259999,2773320.78589,2303,978.374,1923279.05670,0
1771765260000,1966.46,1966.91,1965.74,1966.48,2005.931,1771765319999,3944368.94768,3379,906.528,1782510.19538,0
1771765320000,1966.47,1966.48,1965.41,1966.03,1390.993,1771765379999,2734407.07541,2157,954.719,1876734.16791,0
1771765380000,1966.04,1967.91,1965.58,1967.91,2837.488,1771765439999,5580766.49549,4841,1928.006,3792138.24943,0
1771765440000,1967.91,1967.99,1966.66,1967.09,2950.856,1771765499999,5805193.11708,4017,1457.119,2866650.62629,0
1771765500000,1967.10,1967.32,1965.94,1966.07,1874.263,1771765559999,3686087.80332,3408,1145.612,2253056.12440,0
1771765560000,1966.07,1966.36,1964.44,1966.35,1752.876,1771765619999,3444773.74614,3599,843.569,1657680.35089,0
1771765620000,1966.36,1966.60,1965.41,1965.59,745.787,1771765679999,1466231.45504,2287,277.147,544848.55225,0
1771765680000,1965.58,1965.68,1963.19,1964.11,2209.756,1771765739999,4340403.23202,4765,882.202,1732716.30913,0
1771765740000,1964.12,1965.07,1963.77,1965.06,1183.072,1771765799999,2324089.56654,2560,490.513,963603.21320,0
1771765800000,1965.07,1965.07,1964.41,1964.79,1141.684,1771765859999,2243149.98361,2472,420.666,826497.32204,0
1771765860000,1964.78,1965.49,1964.63,1964.92,1102.750,1771765919999,2166931.22140,1824,598.566,1176148.77128,0
1771765920000,1964.91,1965.29,1964.60,1965.09,737.087,1771765979999,1448326.31035,1415,442.668,869824.07757,0
1771765980000,1965.09,1965.34,1965.08,1965.33,415.639,1771766039999,816846.54952,776,279.464,549222.56758,0
1771766040000,1965.34,1966.15,1965.33,1966.12,800.473,1771766099999,1573644.30477,1569,526.804,1035629.66323,0
1771766100000,1966.11,1966.56,1964.60,1965.50,3978.694,1771766159999,7819054.61241,3922,1005.938,1976757.88913,0
1771766160000,1965.50,1965.96,1965.33,1965.94,492.595,1771766219999,968300.57627,819,349.656,687326.24529,0
1771766220000,1965.94,1967.29,1965.94,1967.00,1638.204,1771766279999,3221743.54104,2300,1060.804,2086247.79364,0
1771766280000,1967.00,1967.98,1966.73,1966.88,2875.366,1771766339999,5656786.23406,3353,916.275,1802688.60091,0
1771766340000,1966.88,1966.88,1965.45,1966.02,3185.213,1771766399999,6262372.51693,4126,1586.705,3119342.49901,0
1771766400000,1966.01,1966.51,1964.84,1966.20,2178.856,1771766459999,4282550.24393,2861,1309.016,2573036.98259,0
1771766460000,1966.20,1966.20,1964.65,1964.81,985.118,1771766519999,1936029.13347,1847,456.249,896591.12677,0
1771766520000,1964.82,1965.14,1964.18,1964.41,1510.845,1771766579999,2968291.43192,2461,653.035,1282961.28287,0
1771766580000,1964.40,1964.41,1963.67,1964.25,1902.591,1771766639999,3736899.35393,2546,1081.510,2124185.09834,0
1771766640000,1964.25,1965.40,1964.24,1965.31,922.904,1771766699999,1813440.56202,1842,619.496,1217193.31475,0
1771766700000,1965.30,1966.30,1965.22,1965.55,716.661,1771766759999,1408717.55490,1984,313.752,616732.33906,0
1771766760000,1965.55,1965.73,1965.20,1965.54,714.831,1771766819999,1404980.24657,1127,346.418,680849.90281,0
1771766820000,1965.55,1965.60,1965.22,1965.39,1223.823,1771766879999,2405394.21066,1087,455.475,895212.54634,0
1771766880000,1965.39,1965.39,1964.00,1964.50,1463.631,1771766939999,2875195.67134,2236,929.985,1826766.00503,0
1771766940000,1964.50,1964.52,1963.35,1964.05,1567.746,1771766999999,3078793.93439,2685,628.694,1234628.07902,0
1771767000000,1964.04,1964.38,1963.23,1964.01,1155.271,1771767059999,2268658.77950,2658,446.431,876718.09558,0
1771767060000,1964.02,1964.68,1962.58,1962.83,2245.177,1771767119999,4408988.18832,4300,965.209,1895698.88985,0
1771767120000,1962.83,1963.83,1960.74,1961.61,7232.415,1771767179999,14188270.69658,7813,1587.707,3114587.16285,0
1771767180000,1961.62,1962.83,1956.78,1959.84,16062.705,1771767239999,31474163.37529,15626,6117.254,11990443.99489,0
1771767240000,1959.84,1961.00,1959.54,1960.70,8282.610,1771767299999,16235514.77081,6521,5055.321,9909235.63577,0
1771767300000,1960.70,1960.76,1957.10,1958.30,7724.317,1771767359999,15130643.11635,9276,2513.540,4924063.60604,0
1771767360000,1958.29,1960.56,1956.08,1958.44,17940.617,1771767419999,35128941.08411,22869,8876.297,17384296.06048,0
1771767420000,1958.45,1958.45,1956.48,1956.60,7936.849,1771767479999,15536224.44735,10035,2986.214,5845536.73767,0
1771767480000,1956.61,1957.74,1955.01,1955.09,9715.903,1771767539999,19004203.56023,12689,2856.315,5586978.84379,0
1771767540000,1955.10,1956.37,1951.00,1951.58,31796.762,1771767599999,62106173.65913,25935,10539.511,20584072.31512,0
1771767600000,1951.59,1952.30,1946.05,1947.69,37273.427,1771767659999,72656170.04361,29343,15695.994,30598786.71906,0
1771767660000,1947.69,1948.97,1947.07,1947.22,11708.806,1771767719999,22808214.90795,11761,4823.543,9396215.49108,0
1771767720000,1947.22,1947.77,1945.00,1946.60,16797.667,1771767779999,32691386.52685,17301,6433.982,12522100.08664,0
1771767780000,1946.61,1947.60,1946.39,1946.71,10299.844,1771767839999,20053171.41620,9210,4308.354,8388309.74484,0
1771767840000,1946.72,1947.00,1945.00,1946.78,10504.539,1771767899999,20441713.77022,12584,4186.956,8147788.50367,0
1771767900000,1946.78,1947.70,1942.79,1946.44,23893.873,1771767959999,46483937.28478,20780,11964.714,23278683.76022,0
1771767960000,1946.44,1949.69,1945.35,1947.53,12948.417,1771768019999,25220309.38117,13560,7667.054,14934534.11520,0
1771768020000,1947.53,1949.00,1947.38,1948.09,7122.275,1771768079999,13875517.84545,6557,4389.726,8551886.75104,0
1771768080000,1948.09,1948.54,1947.01,1948.17,7098.645,1771768139999,13827237.16310,6204,3819.241,7439256.90403,0
1771768140000,1948.17,1949.70,1947.88,1949.26,8745.762,1771768199999,17043559.35706,7859,5850.794,11402050.03124,0
1771768200000,1949.26,1949.57,1948.02,1948.04,8019.787,1771768259999,15629351.04944,6363,4697.237,9154431.42737,0
1771768260000,1948.03,1948.83,1947.80,1948.35,4798.467,1771768319999,9348817.93797,4602,2661.936,5186140.10505,0
1771768320000,1948.35,1949.34,1948.18,1949.04,4392.642,1771768379999,8560263.18101,5029,2205.940,4298888.11594,0
1771768380000,1949.03,1950.13,1948.93,1949.11,3359.144,1771768439999,6548797.43192,5401,1961.457,3824019.23191,0
1771768440000,1949.11,1949.94,1949.00,1949.94,2662.061,1771768499999,5189462.42126,3448,1446.204,2819315.55016,0
1771768500000,1949.94,1950.60,1948.70,1948.93,4552.009,1771768559999,8874968.36194,5312,2299.101,4482846.34893,0
1771768560000,1948.94,1949.99,1948.23,1949.62,2118.089,1771768619999,4128088.20968,3458,1278.188,2491205.10212,0
1771768620000,1949.63,1949.63,1948.48,1948.93,1932.394,1771768679999,3765900.36583,2836,692.821,1350155.72699,0
1771768680000,1948.93,1950.59,1948.92,1950.19,3085.367,1771768739999,6016215.75931,3559,1915.485,3735098.21812,0
1771768740000,1950.19,1950.19,1949.26,1949.91,2318.047,1771768799999,4519770.81707,2971,1108.923,2162169.68152,0
1771768800000,1949.90,1950.55,1949.02,1950.12,5350.227,1771768859999,10431782.62539,4821,2485.439,4845903.97136,0
1771768860000,1950.13,1950.60,1948.24,1948.45,5292.363,1771768919999,10316253.03131,4416,1181.023,2302440.69344,0
1771768920000,1948.45,1949.21,1948.24,1948.99,1736.206,1771768979999,3383752.08823,2169,878.816,1712742.74503,0
1771768980000,1948.99,1949.21,1948.09,1948.10,2321.445,1771769039999,4524163.22032,2140,1317.324,2567476.58381,0
1771769040000,1948.10,1948.10,1945.28,1946.27,5183.277,1771769099999,10089247.34497,6289,1780.555,3465171.53414,0
1771769100000,1946.28,1946.68,1944.49,1944.50,4640.821,1771769159999,9029379.75631,4950,1663.021,3236376.77738,0
1771769160000,1944.50,1945.94,1942.24,1945.17,11100.472,1771769219999,21581497.95487,13297,6213.540,12081751.98032,0
1771769220000,1945.18,1947.52,1944.53,1946.85,4301.267,1771769279999,8371923.04012,7138,2851.131,5549196.92540,0
1771769280000,1946.86,1950.35,1946.70,1948.84,5927.268,1771769339999,11552480.55799,8417,3517.750,6855803.49349,0
1771769340000,1948.85,1948.86,1947.00,1947.88,2050.783,1771769399999,3994630.56733,4017,1113.623,2169159.54472,0
1771769400000,1947.87,1948.15,1947.59,1948.00,1617.011,1771769459999,3149683.23389,2953,838.389,1633039.58186,0
1771769460000,1948.00,1948.14,1947.52,1947.75,1551.465,1771769519999,3022152.50196,2373,735.866,1433410.28405,0
1771769520000,1947.74,1948.55,1946.56,1948.55,2916.630,1771769579999,5680336.29704,3940,1782.166,3470977.17866,0
1771769580000,1948.54,1950.66,1948.48,1950.66,2989.517,1771769639999,5827994.14158,4362,2119.899,4132859.49575,0
1771769640000,1950.66,1950.66,1949.80,1950.22,1993.495,1771769699999,3887762.91057,2625,923.965,1801960.37615,0
1771769700000,1950.22,1950.52,1950.00,1950.52,3286.909,1771769759999,6410178.15495,2962,2583.597,5038564.93468,0
1771769760000,1950.52,1950.95,1950.18,1950.77,2632.501,1771769819999,5135041.98753,3368,1584.283,3090356.47268,0
1771769820000,1950.77,1951.52,1948.60,1948.82,4643.025,1771769879999,9056496.23968,6171,2303.536,4493619.50819,0
1771769880000,1948.83,1948.83,1947.47,1947.99,3340.057,1771769939999,6507092.35440,4870,1065.577,2076057.89911,0
1771769940000,1948.00,1948.89,1947.00,1947.99,3874.807,1771769999999,7546378.90233,4248,2900.701,5649018.50717,0
1771770000000,1947.99,1949.60,1947.99,1949.38,2302.961,1771770059999,4488393.55701,2551,1749.324,3409382.80421,0
1771770060000,1949.39,1950.00,1949.34,1949.99,1152.750,1771770119999,2247299.65425,1445,766.408,1494117.34866,0
1771770120000,1949.99,1952.00,1949.99,1951.42,2876.843,1771770179999,5613789.65636,4945,1835.708,3582013.79633,0
1771770180000,1951.42,1951.42,1950.00,1950.23,1944.101,1771770239999,3792150.32646,2877,978.051,1907711.27402,0
1771770240000,1950.23,1950.23,1949.44,1949.70,1321.668,1771770299999,2577100.58118,1563,320.116,624139.88569,0
1771770300000,1949.70,1950.11,1949.20,1949.20,1253.395,1771770359999,2443681.49889,1586,486.540,948543.60436,0
1771770360000,1949.20,1949.49,1948.61,1948.61,1795.938,1771770419999,3500512.74334,2287,780.949,1522235.53452,0
1771770420000,1948.62,1948.62,1947.26,1947.46,985.802,1771770479999,1920325.69081,2044,323.331,629834.89867,0
1771770480000,1947.47,1948.96,1947.46,1948.96,799.376,1771770539999,1557437.61017,1775,543.381,1058701.09715,0
1771770540000,1948.96,1949.50,1948.82,1949.24,1655.869,1771770599999,3227211.14874,1518,1037.739,2022493.32948,0
1771770600000,1949.23,1949.81,1948.81,1949.79,2131.352,1771770659999,4154410.58918,1903,1540.458,3002691.32005,0
1771770660000,1949.80,1951.33,1949.71,1951.33,3126.508,1771770719999,6098120.37243,3512,2697.114,5260578.26598,0
1771770720000,1951.33,1952.51,1951.25,1951.64,4220.788,1771770779999,8239129.62072,4694,2842.328,5548266.47508,0
1771770780000,1951.64,1953.50,1951.64,1952.25,3356.145,1771770839999,6553322.94159,4340,2283.712,4459234.72267,0
1771770840000,1952.25,1952.81,1951.57,1951.71,2586.704,1771770899999,5049505.54606,3723,1764.287,3444139.74588,0
1771770900000,1951.70,1951.70,1950.61,1951.12,1093.612,1771770959999,2133827.17104,2832,400.729,781894.73127,0
1771770960000,1951.13,1952.00,1951.12,1951.63,998.767,1771771019999,1949367.71918,1560,571.284,1115006.99651,0
1771771020000,1951.63,1952.89,1951.39,1951.39,1220.247,1771771079999,2381929.41932,2975,602.649,1176318.11470,0
1771771080000,1951.39,1951.39,1950.56,1950.75,1501.638,1771771139999,2929333.89955,1386,475.578,927668.41617,0
1771771140000,1950.76,1950.96,1950.10,1950.26,1352.720,1771771199999,2638510.65326,2394,631.806,1232402.31508,0
1771771200000,1950.26,1950.60,1949.87,1950.56,1273.297,1771771259999,2483160.98977,1897,695.847,1357015.76687,0
1771771260000,1950.56,1951.46,1948.28,1948.28,2407.785,1771771319999,4695599.23682,3800,765.617,1493527.74485,0
1771771320000,1948.28,1950.13,1946.68,1947.08,5101.493,1771771379999,9937643.75002,5776,2485.008,4840739.29994,0
1771771380000,1947.09,1948.13,1946.00,1947.80,3630.294,1771771439999,7068795.49303,6494,2004.576,3903152.08527,0
1771771440000,1947.80,1948.56,1945.80,1946.55,6801.053,1771771499999,13238872.07230,6079,4116.338,8012455.63356,0
1771771500000,1946.55,1947.93,1945.85,1946.76,2493.163,1771771559999,4854086.48212,5242,1450.741,2824547.09165,0
1771771560000,1946.76,1947.19,1944.15,1946.07,4653.731,1771771619999,9053881.27481,8435,1970.249,3833342.98716,0
1771771620000,1946.07,1947.18,1944.67,1945.16,4632.949,1771771679999,9015622.56039,6428,2100.057,4087423.21854,0
1771771680000,1945.15,1946.60,1945.15,1945.40,1686.689,1771771739999,3282151.33374,4067,887.008,1726064.40358,0
1771771740000,1945.40,1946.37,1944.47,1945.78,3729.022,1771771799999,7255016.74821,7801,1997.389,3885968.18585,0
1771771800000,1945.77,1948.29,1945.61,1947.48,2587.652,1771771859999,5038980.13284,4998,1460.875,2844508.24107,0
1771771860000,1947.48,1949.45,1946.49,1948.54,3680.972,1771771919999,7170869.68936,6195,2386.694,4649674.23778,0
1771771920000,1948.54,1949.78,1948.08,1948.09,3011.157,1771771979999,5868574.87006,3322,1702.309,3317799.11276,0
1771771980000,1948.08,1950.46,1948.08,1950.15,2827.127,1771772039999,5512388.51509,3842,2140.012,4172582.48702,0
1771772040000,1950.15,1950.15,1948.52,1948.85,2986.898,1771772099999,5823158.17130,2439,371.738,724668.21232,0
1771772100000,1948.85,1950.04,1948.37,1949.99,2014.586,1771772159999,3926975.73192,3705,1160.873,2262903.78479,0
1771772160000,1950.00,1950.43,1949.48,1949.52,1827.653,1771772219999,3563430.40507,2816,764.349,1490275.88808,0
1771772220000,1949.52,1949.52,1948.37,1949.30,1488.238,1771772279999,2900374.89614,2408,484.898,944972.94877,0
1771772280000,1949.29,1949.67,1948.19,1948.69,3469.641,1771772339999,6762377.35921,4293,1296.953,2528043.66924,0
1771772340000,1948.69,1949.66,1948.50,1949.64,712.139,1771772399999,1388107.48171,1779,387.127,754608.30358,0
1771772400000,1949.63,1949.95,1949.37,1949.38,1697.274,1771772459999,3309175.32287,1635,872.984,1702036.95337,0
1771772460000,1949.37,1949.37,1948.80,1949.19,955.889,1771772519999,1863077.69792,1660,401.836,783172.93142,0
1771772520000,1949.20,1949.31,1948.61,1948.64,580.413,1771772579999,1131125.13002,1144,219.251,427306.85684,0
1771772580000,1948.64,1949.49,1948.63,1948.71,667.751,1771772639999,1301509.77597,1783,344.605,671633.91543,0
1771772640000,1948.71,1949.76,1948.18,1949.56,1525.944,1771772699999,2973639.06579,2466,1067.957,2081147.29702,0
1771772700000,1949.56,1949.77,1949.02,1949.03,825.980,1771772759999,1610237.77463,1811,361.646,705006.38346,0
1771772760000,1949.03,1949.41,1948.16,1948.16,1352.248,1771772819999,2635314.89487,2131,516.328,1006293.36275,0
1771772820000,1948.16,1948.16,1945.57,1946.70,6438.086,1771772879999,12534782.31151,9326,3030.580,5900169.46664,0
1771772880000,1946.70,1947.99,1946.53,1946.87,2393.415,1771772939999,4660523.17126,4724,1212.057,2360172.91180,0
1771772940000,1946.87,1948.12,1946.86,1948.03,1258.874,1771772999999,2451878.75599,2820,878.600,1711211.87554,0
1771773000000,1948.03,1948.80,1948.00,1948.51,866.140,1771773059999,1687546.45175,1695,697.556,1359077.61062,0
1771773060000,1948.51,1948.80,1947.53,1948.80,1426.447,1771773119999,2779038.24916,3192,859.696,1674953.82486,0
1771773120000,1948.80,1949.31,1947.43,1948.20,7021.608,1771773179999,13679102.00866,3148,756.621,1474093.98399,0
1771773180000,1948.20,1948.42,1947.48,1947.93,550.630,1771773239999,1072634.85124,1823,271.484,528822.56326,0
1771773240000,1947.92,1949.20,1947.72,1947.99,1175.994,1771773299999,2291251.95433,2671,862.172,1679850.68035,0
1771773300000,1948.00,1948.00,1947.30,1947.30,508.479,1771773359999,990402.58802,1385,238.752,465035.95191,0
1771773360000,1947.29,1947.29,1946.29,1946.95,2209.921,1771773419999,4302374.85148,2848,867.952,1689639.02206,0
1771773420000,1946.96,1947.25,1944.50,1945.80,3356.996,1771773479999,6530935.54275,5877,1367.280,2660052.38009,0
1771773480000,1945.80,1946.19,1944.64,1945.34,2541.719,1771773539999,4944811.94554,4458,1095.430,2131214.61595,0
1771773540000,1945.33,1946.01,1945.31,1945.79,1491.270,1771773599999,2901603.46743,2542,527.856,1027088.86543,0
1771773600000,1945.80,1946.38,1945.72,1946.37,1791.625,1771773659999,3486487.17744,2776,590.796,1149714.35925,0
1771773660000,1946.37,1946.82,1945.10,1946.81,2174.406,1771773719999,4231059.70560,3369,999.281,1944613.52583,0
1771773720000,1946.82,1947.11,1946.40,1946.80,860.853,1771773779999,1675836.42763,2058,523.307,1018694.32794,0
1771773780000,1946.80,1948.00,1946.67,1947.96,1838.417,1771773839999,3579600.52345,2975,1182.988,2303461.57666,0
1771773840000,1947.96,1948.81,1947.96,1948.59,1965.202,1771773899999,3828899.06454,2791,1480.815,2885122.84042,0
1771773900000,1948.59,1951.71,1948.46,1951.70,7536.429,1771773959999,14698431.03569,6711,5262.789,10263571.42874,0
1771773960000,1951.71,1952.21,1950.58,1951.33,4270.243,1771774019999,8332767.26346,5703,2260.975,4411994.09170,0
1771774020000,1951.33,1951.42,1950.49,1950.69,2747.432,1771774079999,5359936.91953,3286,1751.653,3417199.39367,0
1771774080000,1950.70,1952.42,1950.69,1952.11,3110.035,1771774139999,6070338.14898,3365,2212.356,4318167.58913,0
1771774140000,1952.10,1953.51,1951.87,1952.98,4114.530,1771774199999,8034563.53631,4836,2864.035,5592768.43176,0
1771774200000,1952.98,1953.00,1952.45,1952.47,9118.442,1771774259999,17803658.00823,2670,1565.185,3056197.84438,0
1771774260000,1952.47,1954.14,1952.00,1953.64,11446.586,1771774319999,22353032.96545,5358,2867.508,5601506.71033,0
1771774320000,1953.64,1954.22,1953.48,1954.05,3939.013,1771774379999,7695677.68234,3490,1502.639,2935995.91191,0
1771774380000,1954.06,1954.30,1953.63,1954.21,2024.658,1771774439999,3956324.00428,2780,864.161,1688587.13544,0
1771774440000,1954.21,1954.81,1954.00,1954.53,2679.521,1771774499999,5237035.39595,2601,1510.633,2952415.17833,0
1771774500000,1954.52,1954.55,1954.24,1954.45,3180.524,1771774559999,6215981.93117,3278,1776.304,3471604.95541,0
1771774560000,1954.46,1955.95,1954.24,1955.31,7456.264,1771774619999,14577918.49286,7141,6033.175,11795835.19840,0
1771774620000,1955.32,1955.85,1953.63,1953.71,4037.639,1771774679999,7893746.47649,4753,1299.586,2540992.45216,0
1771774680000,1953.71,1954.80,1952.89,1954.13,5462.557,1771774739999,10671468.58780,6486,3832.400,7486662.22497,0
1771774740000,1954.12,1957.84,1953.79,1956.97,9181.106,1771774799999,17959306.77401,9224,7059.726,13810178.70023,0
1771774800000,1956.97,1957.12,1955.30,1956.08,4447.337,1771774859999,8698726.81441,5444,3093.035,6049870.47036,0
1771774860000,1956.08,1956.84,1954.70,1954.72,4024.030,1771774919999,7870058.23970,4373,1056.222,2066048.21713,0
1771774920000,1954.72,1954.80,1953.57,1953.57,1216.888,1771774979999,2378105.55720,2483,519.403,1015144.33799,0
1771774980000,1953.58,1955.15,1953.57,1954.94,958.222,1771775039999,1872876.98746,1821,611.789,1195715.62612,0
1771775040000,1954.94,1956.80,1954.93,1955.66,1978.056,1771775099999,3869176.07751,3018,983.519,1923635.70180,0
1771775100000,1955.65,1956.31,1955.65,1956.01,1017.454,1771775159999,1990101.00077,1712,734.639,1436932.10004,0
1771775160000,1956.02,1956.02,1955.41,1955.41,2553.424,1771775219999,4994017.15809,1756,583.767,1141754.82299,0
1771775220000,1955.41,1955.75,1954.53,1955.72,1073.334,1771775279999,2098625.29520,2171,555.925,1086944.93136,0
1771775280000,1955.72,1955.72,1954.88,1955.23,632.944,1771775339999,1237490.42807,1265,301.607,589686.05206,0
1771775340000,1955.23,1955.33,1954.61,1954.72,972.766,1771775399999,1901772.88424,1292,262.982,514114.53925,0
1771775400000,1954.73,1955.86,1954.72,1955.58,547.821,1771775459999,1071090.98802,1476,342.980,670578.61152,0
1771775460000,1955.58,1955.59,1954.99,1955.45,668.316,1771775519999,1306753.28295,1318,154.104,301314.30991,0
1771775520000,1955.45,1955.45,1955.00,1955.01,430.403,1771775579999,841509.93938,964,196.763,384698.62890,0
1771775580000,1955.02,1955.31,1954.15,1954.24,2017.095,1771775639999,3942784.48369,2028,892.672,1744956.86509,0
1771775640000,1954.25,1954.68,1954.08,1954.67,1103.853,1771775699999,2157249.93553,1366,733.344,1433141.66645,0
1771775700000,1954.67,1954.94,1954.53,1954.54,462.059,1771775759999,903189.10813,884,243.246,475479.80406,0
1771775760000,1954.54,1954.67,1954.42,1954.67,425.479,1771775819999,831623.99936,650,251.873,492308.97602,0
1771775820000,1954.67,1954.85,1954.16,1954.16,673.316,1771775879999,1315972.62947,1044,277.639,542667.07494,0
1771775880000,1954.17,1954.17,1951.26,1952.54,3851.686,1771775939999,7521156.01925,4830,1096.603,2141156.90342,0
1771775940000,1952.55,1952.96,1952.24,1952.81,1458.864,1771775999999,2848783.61947,1848,760.219,1484558.60816,0
1771776000000,1952.81,1952.82,1951.85,1952.45,1907.003,1771776059999,3723067.72125,2496,847.169,1653896.73746,0
1771776060000,1952.44,1953.07,1951.62,1952.57,2387.526,1771776119999,4661669.41516,3070,829.362,1619326.68491,0
1771776120000,1952.57,1953.77,1952.24,1953.77,1520.229,1771776179999,2969155.41559,1821,783.903,1531061.15256,0
1771776180000,1953.77,1954.67,1952.83,1952.92,1204.657,1771776239999,2353810.12905,2491,589.630,1152136.84083,0
1771776240000,1952.92,1953.19,1952.11,1952.12,857.839,1771776299999,1675161.60912,1992,349.406,682360.28399,0
1771776300000,1952.12,1952.12,1951.11,1951.24,1204.004,1771776359999,2349592.90996,2005,263.222,513687.13378,0
1771776360000,1951.23,1952.00,1951.02,1952.00,858.988,1771776419999,1676405.48278,1743,577.082,1126233.22881,0
1771776420000,1952.00,1952.00,1950.95,1951.00,1314.139,1771776479999,2564217.59553,2058,596.397,1163652.17788,0
1771776480000,1950.99,1950.99,1950.01,1950.05,2894.933,1771776539999,5646241.44830,3290,1074.792,2096222.50219,0
1771776540000,1950.05,1950.37,1949.47,1950.04,2496.389,1771776599999,4867661.47017,3557,913.069,1780422.21894,0
1771776600000,1950.03,1950.46,1950.03,1950.46,1240.165,1771776659999,2418541.00968,1152,928.151,1810060.52699,0
1771776660000,1950.46,1950.53,1950.10,1950.46,1213.301,1771776719999,2366402.40663,1563,540.063,1053329.28155,0
1771776720000,1950.45,1950.45,1950.17,1950.17,396.076,1771776779999,772501.45716,739,239.646,467402.55884,0
1771776780000,1950.18,1950.18,1949.00,1950.01,1846.178,1771776839999,3598956.53704,2259,399.283,778319.01097,0
1771776840000,1950.02,1950.12,1949.58,1949.75,602.339,1771776899999,1174528.21060,940,290.826,567084.50919,0
1771776900000,1949.74,1950.28,1949.40,1950.08,1136.525,1771776959999,2215915.36003,1774,916.391,1786726.60119,0
1771776960000,1950.08,1950.08,1949.10,1949.11,4505.408,1771777019999,8784857.70256,1525,210.561,410552.72699,0
1771777020000,1949.12,1949.94,1949.11,1949.86,641.236,1771777079999,1250102.59907,1166,324.320,632257.28093,0
1771777080000,1949.85,1950.44,1949.48,1950.12,1454.275,1771777139999,2835770.07939,1778,719.490,1402934.32702,0
1771777140000,1950.11,1950.53,1950.11,1950.52,803.878,1771777199999,1567731.64358,1047,507.100,988943.85812,0
1771777200000,1950.52,1951.50,1950.52,1951.41,1233.154,1771777259999,2405941.46973,1494,1036.969,2023138.46450,0
1771777260000,1951.41,1951.41,1950.45,1950.67,1058.004,1771777319999,2064005.39211,1225,298.332,582013.26772,0
1771777320000,1950.67,1950.67,1950.18,1950.19,383.240,1771777379999,747445.61692,781,76.896,149969.59360,0
1771777380000,1950.19,1950.33,1949.71,1949.85,644.579,1771777439999,1256888.49374,1423,283.367,552534.73354,0
1771777440000,1949.84,1949.84,1949.05,1949.06,1002.181,1771777499999,1953673.38412,1351,303.013,590667.41833,0
1771777500000,1949.06,1949.43,1948.60,1949.15,3016.699,1771777559999,5879689.15323,3287,1481.645,2887686.05470,0
1771777560000,1949.15,1949.15,1946.51,1947.25,4288.847,1771777619999,8352302.83813,5417,2032.727,3958269.85999,0
1771777620000,1947.25,1948.00,1947.24,1948.00,926.040,1771777679999,1803607.28097,1646,656.737,1279091.78385,0
1771777680000,1947.99,1948.69,1947.99,1948.07,770.884,1771777739999,1501950.22650,1532,542.190,1056359.41489,0
1771777740000,1948.06,1948.07,1946.65,1947.03,1803.525,1771777799999,3512557.04415,2787,511.001,995222.85708,0
1771777800000,1947.03,1948.59,1947.03,1947.88,1626.741,1771777859999,3168706.34368,2414,1389.098,2705885.29680,0
1771777860000,1947.88,1948.37,1947.61,1947.92,649.844,1771777919999,1265861.24235,1439,285.848,556831.55125,0
1771777920000,1947.92,1948.59,1947.92,1948.53,631.264,1771777979999,1229877.18185,1488,479.413,934028.98650,0
1771777980000,1948.53,1948.73,1948.17,1948.27,718.198,1771778039999,1399366.90814,1295,281.445,548368.08633,0
1771778040000,1948.28,1948.28,1947.34,1947.45,799.698,1771778099999,1557490.12286,1321,250.987,488786.46425,0
1771778100000,1947.46,1947.59,1946.55,1947.07,2239.533,1771778159999,4360475.80508,2741,544.679,1060536.79171,0
1771778160000,1947.06,1948.65,1947.06,1948.02,1106.265,1771778219999,2155090.36177,2002,848.693,1653244.55070,0
1771778220000,1948.01,1948.43,1948.01,1948.29,601.202,1771778279999,1171328.32838,944,441.480,860145.37642,0
1771778280000,1948.28,1948.28,1947.53,1947.53,397.701,1771778339999,774677.63142,774,99.853,194511.82383,0
1771778340000,1947.53,1947.99,1947.44,1947.55,899.995,1771778399999,1752939.46284,1250,414.064,806482.59831,0
1771778400000,1947.55,1948.53,1947.55,1948.42,592.846,1771778459999,1154835.78790,1104,315.108,613822.96899,0
1771778460000,1948.42,1948.76,1948.23,1948.56,947.797,1771778519999,1846750.88998,1275,517.244,1007809.90322,0
1771778520000,1948.55,1948.57,1948.54,1948.55,551.306,1771778579999,1074250.58429,464,316.421,616563.62001,0
1771778580000,1948.56,1949.49,1948.55,1949.30,2167.932,1771778639999,4225445.55147,2642,1035.174,2017627.59145,0
1771778640000,1949.31,1949.81,1949.02,1949.02,948.926,1771778699999,1849878.41083,1406,712.355,1388702.86101,0
1771778700000,1949.03,1950.39,1948.82,1949.98,1328.935,1771778759999,2590993.76112,2295,829.533,1617200.57472,0
1771778760000,1949.98,1950.75,1949.97,1950.57,869.043,1771778819999,1694980.32297,1487,606.793,1183445.40135,0
1771778820000,1950.58,1951.26,1950.39,1950.89,1523.429,1771778879999,2972116.43695,1404,834.899,1628760.98931,0
1771778880000,1950.88,1951.00,1950.28,1950.63,1411.534,1771778939999,2753558.75251,2187,731.181,1426312.93858,0
1771778940000,1950.63,1951.20,1950.58,1951.00,1015.494,1771778999999,1981123.56093,1079,472.890,922537.24544,0
1771779000000,1951.00,1951.00,1950.30,1950.31,676.132,1771779059999,1318813.52368,1060,235.080,458534.34843,0
1771779060000,1950.31,1950.32,1950.01,1950.23,452.469,1771779119999,882385.79259,684,247.584,482817.93964,0
1771779120000,1950.22,1951.37,1950.22,1951.36,621.162,1771779179999,1211877.35045,1452,464.809,906825.89819,0
1771779180000,1951.36,1951.75,1951.16,1951.75,602.430,1771779239999,1175616.02542,967,535.104,1044243.33159,0
1771779240000,1951.75,1951.75,1951.30,1951.34,1074.249,1771779299999,2096434.64183,1665,253.851,495389.47244,0
1771779300000,1951.34,1951.78,1951.18,1951.18,413.394,1771779359999,806739.60657,994,260.083,507546.76313,0
1771779360000,1951.18,1952.08,1951.05,1951.70,1942.624,1771779419999,3791488.08289,2067,1636.336,3193679.64875,0
1771779420000,1951.70,1951.70,1951.29,1951.35,272.274,1771779479999,531311.92033,693,127.173,248164.03374,0
1771779480000,1951.35,1952.00,1951.34,1951.65,1099.212,1771779539999,2145412.99232,1402,508.510,992508.13293,0
1771779540000,1951.64,1951.64,1951.30,1951.56,483.240,1771779599999,943017.03233,984,258.432,504308.25686,0
1771779600000,1951.57,1952.63,1951.57,1952.40,1691.431,1771779659999,3301875.77838,1617,1410.329,2753123.07525,0
1771779660000,1952.39,1952.72,1951.69,1951.84,773.228,1771779719999,1509601.94780,1525,482.653,942322.22954,0
1771779720000,1951.84,1951.85,1950.59,1950.88,3366.551,1771779779999,6568631.95214,3155,500.695,976854.70736,0
1771779780000,1950.88,1951.13,1950.62,1950.99,446.898,1771779839999,871854.35397,1295,309.160,603147.86128,0
1771779840000,1950.98,1951.10,1950.45,1950.46,357.329,1771779899999,697051.36754,924,183.957,358862.79471,0
1771779900000,1950.45,1950.50,1950.45,1950.48,354.094,1771779959999,690654.40013,472,92.611,180635.20622,0
1771779960000,1950.48,1950.49,1948.86,1948.86,942.786,1771780019999,1837925.65024,1495,275.273,536577.00078,0
1771780020000,1948.85,1949.22,1948.55,1949.05,1129.417,1771780079999,2201174.09482,1524,519.588,1012628.66049,0
1771780080000,1949.05,1949.05,1948.33,1948.58,396.319,1771780139999,772325.46265,1123,201.744,393158.21189,0
1771780140000,1948.57,1948.58,1947.36,1948.03,2139.274,1771780199999,4166764.47498,2921,1197.526,2332500.18027,0
1771780200000,1948.02,1948.70,1947.85,1948.57,538.908,1771780259999,1049865.24698,1072,367.897,716682.35194,0
1771780260000,1948.57,1949.72,1947.50,1949.28,1554.080,1771780319999,3028457.11952,2939,1337.629,2606555.81363,0
1771780320000,1949.28,1949.29,1948.43,1948.44,1104.366,1771780379999,2152230.98421,1474,445.711,868576.78358,0
1771780380000,1948.44,1948.62,1948.15,1948.16,458.807,1771780439999,893917.24621,891,187.905,366106.90444,0
1771780440000,1948.16,1948.19,1947.35,1947.50,1144.042,1771780499999,2228119.64213,1515,476.765,928510.98379,0
1771780500000,1947.50,1947.64,1946.01,1946.01,1687.454,1771780559999,3284947.38242,2156,381.951,743631.29138,0
1771780560000,1946.01,1948.22,1945.25,1947.61,6564.276,1771780619999,12782808.91045,5201,1856.371,3614350.36501,0
1771780620000,1947.61,1947.86,1946.50,1946.60,1104.318,1771780679999,2150397.29172,2001,273.194,531972.13030,0
1771780680000,1946.60,1946.60,1945.01,1945.53,6713.322,1771780739999,13063733.07404,3352,793.568,1544157.62370,0
1771780740000,1945.53,1946.96,1945.53,1946.74,1146.575,1771780799999,2231764.67396,1793,925.760,1801922.49274,0
1771780800000,1946.75,1946.75,1945.89,1946.10,1227.031,1771780859999,2388070.16709,1425,962.213,1872638.51421,0
1771780860000,1946.11,1946.59,1946.10,1946.35,811.323,1771780919999,1579115.32809,1230,587.189,1142894.77368,0
1771780920000,1946.35,1946.57,1946.35,1946.56,594.156,1771780979999,1156473.70118,573,371.332,722761.69810,0
1771780980000,1946.56,1946.59,1946.15,1946.58,394.338,1771781039999,767538.67963,820,182.559,355335.77006,0
1771781040000,1946.58,1947.20,1945.43,1947.20,1464.979,1771781099999,2851383.59539,2844,454.937,885534.37225,0
1771781100000,1947.19,1947.82,1947.19,1947.75,514.461,1771781159999,1001966.10704,906,461.763,899330.03463,0
1771781160000,1947.75,1948.54,1947.59,1948.40,686.507,1771781219999,1337279.49144,1773,448.082,872869.19969,0
1771781220000,1948.40,1948.40,1947.76,1947.77,196.593,1771781279999,382982.58039,538,97.176,189306.96524,0
1771781280000,1947.77,1948.01,1947.76,1947.96,431.236,1771781339999,840013.63097,670,268.682,523360.34535,0
1771781340000,1947.97,1948.00,1947.23,1947.23,1813.171,1771781399999,3531803.18598,1562,589.718,1148630.86692,0
1771781400000,1947.23,1947.82,1947.14,1947.82,423.997,1771781459999,825679.46970,896,263.933,513977.64857,0
1771781460000,1947.82,1948.31,1945.70,1946.16,6337.485,1771781519999,12339898.51144,3837,407.447,793347.64330,0
1771781520000,1946.17,1946.22,1936.00,1940.41,49887.283,1771781579999,96809267.57359,27952,14680.788,28477461.15126,0
1771781580000,1940.42,1940.42,1933.00,1937.58,28856.810,1771781639999,55858916.45323,22943,13969.124,27041835.57113,0
1771781640000,1937.57,1937.59,1934.57,1935.50,13887.045,1771781699999,26883882.31574,13265,6207.710,12016885.56053,0
1771781700000,1935.50,1936.81,1934.07,1934.92,5435.103,1771781759999,10518361.45608,7644,2363.483,4574598.53130,0
1771781760000,1934.92,1935.93,1933.81,1934.55,6412.877,1771781819999,12408390.56370,7360,3292.450,6370780.90372,0
1771781820000,1934.56,1938.35,1934.55,1937.88,5794.167,1771781879999,11224947.23173,6941,4319.996,8368923.97577,0
1771781880000,1937.89,1939.10,1937.70,1937.70,3895.526,1771781939999,7551230.54859,3979,1988.071,3853631.79271,0
1771781940000,1937.70,1937.70,1936.14,1936.47,1926.515,1771781999999,3731022.78098,3116,1030.706,1996079.07892,0
1771782000000,1936.48,1939.63,1936.00,1939.10,5063.183,1771782059999,9814033.85131,7040,3855.026,7472608.60138,0
1771782060000,1939.10,1939.10,1937.48,1938.71,2165.392,1771782119999,4196692.18694,3452,1034.996,2005984.96703,0
1771782120000,1938.72,1939.00,1937.92,1937.92,915.698,1771782179999,1774781.18597,1591,355.794,689579.44369,0
1771782180000,1937.93,1938.80,1937.85,1938.29,876.258,1771782239999,1698448.00147,1548,559.297,1084082.44488,0
1771782240000,1938.29,1938.40,1937.77,1937.82,1238.937,1771782299999,2401221.67394,2315,623.860,1209101.08981,0
1771782300000,1937.82,1939.05,1937.82,1938.58,1606.750,1771782359999,3114846.82965,2427,886.725,1719015.08733,0
1771782360000,1938.58,1938.58,1935.10,1937.00,8072.847,1771782419999,15633847.27610,7640,2593.096,5021199.99106,0
1771782420000,1937.01,1937.01,1936.34,1936.75,1776.889,1771782479999,3441167.57439,1657,1259.547,2439267.15807,0
1771782480000,1936.75,1938.15,1936.34,1937.82,1972.884,1771782539999,3821972.42864,2827,1372.439,2658845.03899,0
1771782540000,1937.82,1937.83,1937.18,1937.83,1051.927,1771782599999,2038089.41113,1582,631.402,1223310.14957,0
1771782600000,1937.83,1937.93,1937.00,1937.01,1492.335,1771782659999,2891559.89067,2539,939.490,1820407.22561,0
1771782660000,1937.01,1937.50,1936.61,1937.50,1006.420,1771782719999,1949549.19702,1415,651.930,1262905.86910,0
1771782720000,1937.50,1937.64,1936.16,1937.52,2534.830,1771782779999,4909513.92139,3117,1375.486,2664027.14005,0
1771782780000,1937.51,1939.17,1937.51,1938.84,1280.737,1771782839999,2482629.15980,1775,1040.034,2016028.36481,0
1771782840000,1938.84,1940.22,1938.83,1939.92,1974.438,1771782899999,3829623.55674,3689,1528.705,2965056.09872,0
1771782900000,1939.92,1940.47,1939.36,1939.68,4327.608,1771782959999,8395042.00097,3718,1669.399,3238484.94274,0
1771782960000,1939.68,1940.48,1939.63,1940.06,1374.718,1771783019999,2667122.65591,1988,885.181,1717333.55053,0
1771783020000,1940.06,1940.07,1939.17,1939.17,960.979,1771783079999,1863853.47517,1195,173.442,336426.24700,0
1771783080000,1939.18,1939.47,1939.17,1939.23,852.720,1771783139999,1653630.86414,806,699.796,1357075.14831,0
1771783140000,1939.22,1939.23,1937.40,1939.23,2597.640,1771783199999,5035095.08680,3550,1006.731,1951372.21452,0
1771783200000,1939.23,1939.43,1938.38,1939.43,1710.107,1771783259999,3315575.19606,2361,1094.262,2121501.22758,0
1771783260000,1939.43,1939.69,1939.42,1939.69,774.123,1771783319999,1501453.98719,725,581.982,1128789.24811,0
1771783320000,1939.68,1939.80,1939.11,1939.60,1230.837,1771783379999,2387228.28577,1829,316.311,613470.14993,0
1771783380000,1939.61,1939.77,1938.96,1939.37,721.707,1771783439999,1399683.50762,1473,366.548,710890.28732,0
1771783440000,1939.38,1939.67,1939.24,1939.31,543.467,1771783499999,1054039.92064,959,182.753,354435.24619,0
1771783500000,1939.32,1939.72,1939.20,1939.42,1087.618,1771783559999,2109463.02728,2037,797.397,1546577.66717,0
1771783560000,1939.42,1939.45,1939.00,1939.01,591.943,1771783619999,1147960.03755,1319,326.962,634085.59798,0
1771783620000,1939.00,1939.14,1937.28,1938.29,1756.220,1771783679999,3403476.92355,3987,740.566,1435170.22077,0
1771783680000,1938.29,1938.98,1937.63,1938.98,832.028,1771783739999,1612766.12972,1970,618.571,1199068.31149,0
1771783740000,1938.97,1941.81,1938.97,1941.48,3138.769,1771783799999,6091407.21089,3735,2544.097,4937137.09367,0
1771783800000,1941.47,1941.55,1940.53,1940.63,1560.247,1771783859999,3028667.86989,2293,646.876,1255595.90753,0
1771783860000,1940.64,1940.89,1940.55,1940.80,412.152,1771783919999,799860.56171,933,230.329,447002.00119,0
1771783920000,1940.80,1941.00,1940.65,1940.70,389.844,1771783979999,756623.16619,1000,177.184,343884.73157,0
1771783980000,1940.70,1940.99,1940.69,1940.78,282.746,1771784039999,548784.51232,594,155.649,302105.17062,0
1771784040000,1940.78,1942.45,1940.66,1941.62,4201.210,1771784099999,8158045.52346,3323,2976.305,5779442.14676,0
1771784100000,1941.62,1943.18,1941.56,1942.90,4268.928,1771784159999,8292885.67324,4133,3120.171,6061072.15151,0
1771784160000,1942.90,1943.32,1942.62,1943.29,1669.716,1771784219999,3244310.26374,2111,1158.546,2251098.56671,0
1771784220000,1943.30,1943.32,1942.74,1942.80,1271.440,1771784279999,2470531.36157,1755,422.116,820230.03388,0
1771784280000,1942.80,1942.80,1942.00,1942.01,2573.308,1771784339999,4998498.29356,2050,230.824,448315.75126,0
1771784340000,1942.00,1942.03,1940.97,1940.98,863.984,1771784399999,1677669.09482,1772,452.110,877936.69751,0
1771784400000,1940.97,1941.29,1940.97,1941.08,562.812,1771784459999,1092468.67736,862,253.863,492769.99887,0
1771784460000,1941.09,1941.19,1940.50,1940.87,572.280,1771784519999,1110684.06392,1140,209.585,406779.61002,0
1771784520000,1940.87,1941.37,1940.87,1941.10,1284.875,1771784579999,2493984.21652,874,1184.917,2299946.78295,0
1771784580000,1941.10,1941.63,1941.09,1941.63,224.996,1771784639999,436784.06297,629,186.520,362086.38606,0
1771784640000,1941.63,1942.59,1941.48,1942.10,1452.368,1771784699999,2820419.09439,1671,1292.397,2509769.05211,0
1771784700000,1942.11,1942.93,1942.11,1942.92,429.491,1771784759999,834261.08096,1165,307.669,597638.42394,0
1771784760000,1942.92,1943.16,1941.48,1941.65,1159.672,1771784819999,2252386.60992,2003,547.046,1062319.75075,0
1771784820000,1941.65,1941.65,1941.00,1941.00,330.647,1771784879999,641888.09035,658,145.787,283020.43314,0
1771784880000,1941.00,1941.01,1939.22,1939.53,1023.427,1771784939999,1985317.26638,2222,376.169,729664.06242,0
1771784940000,1939.53,1940.11,1939.50,1940.11,551.327,1771784999999,1069344.37652,797,233.666,453223.33283,0
1771785000000,1940.10,1940.34,1940.10,1940.34,271.046,1771785059999,525901.62902,579,170.480,330775.10516,0
1771785060000,1940.34,1941.23,1940.33,1940.82,568.583,1771785119999,1103595.27757,1257,289.910,562669.20631,0
1771785120000,1940.83,1940.92,1940.53,1940.54,363.035,1771785179999,704596.55153,612,94.034,182502.75327,0
1771785180000,1940.54,1940.54,1939.83,1939.83,557.904,1771785239999,1082389.93439,1084,228.264,442826.61913,0
1771785240000,1939.84,1940.53,1939.81,1940.52,984.549,1771785299999,1909989.82281,979,366.196,710414.89323,0
1771785300000,1940.52,1940.56,1940.16,1940.56,703.702,1771785359999,1365393.23975,676,506.430,982596.04913,0
1771785360000,1940.56,1941.00,1940.55,1940.85,797.622,1771785419999,1548112.47298,769,243.167,471938.13770,0
1771785420000,1940.85,1940.85,1939.68,1939.86,1139.447,1771785479999,2210591.16208,1888,192.286,373009.44558,0
1771785480000,1939.87,1939.87,1937.90,1938.48,2540.512,1771785539999,4924969.03461,2884,799.381,1549413.81564,0
1771785540000,1938.49,1940.45,1938.48,1940.44,1487.800,1771785599999,2885296.79601,1979,1233.676,2392537.23358,0
1771785600000,1940.45,1940.45,1939.99,1940.00,469.226,1771785659999,910366.62842,817,196.851,381904.23867,0
1771785660000,1939.99,1939.99,1939.23,1939.67,867.671,1771785719999,1682833.80027,1297,258.382,501125.90789,0
1771785720000,1939.67,1940.46,1939.66,1940.45,521.022,1771785779999,1010884.51250,977,372.102,721930.15321,0
1771785780000,1940.45,1940.67,1940.01,1940.67,542.441,1771785839999,1052527.46478,1011,292.027,566650.70931,0
1771785840000,1940.66,1940.84,1940.41,1940.67,725.505,1771785899999,1407923.39693,897,481.244,933919.68203,0
1771785900000,1940.67,1940.70,1940.67,1940.70,134.899,1771785959999,261798.29487,203,128.893,250142.52556,0
1771785960000,1940.70,1941.24,1940.69,1941.24,337.671,1771786019999,655394.62172,804,273.299,530463.90415,0
1771786020000,1941.24,1942.26,1941.23,1942.24,681.229,1771786079999,1322715.65722,1161,542.969,1054261.55300,0
1771786080000,1942.24,1942.24,1941.40,1941.45,371.782,1771786139999,721884.07434,851,180.858,351153.78051,0
1771786140000,1941.45,1941.85,1941.15,1941.85,637.659,1771786199999,1237941.30328,1029,169.302,328681.43029,0
1771786200000,1941.85,1942.24,1941.74,1942.23,402.133,1771786259999,780942.33208,699,344.744,669486.84420,0
1771786260000,1942.24,1942.74,1942.23,1942.29,668.810,1771786319999,1299150.33791,1349,529.316,1028185.22824,0
1771786320000,1942.30,1942.30,1941.60,1941.99,446.376,1771786379999,866801.40298,1103,302.356,587137.22850,0
1771786380000,1941.99,1942.23,1941.99,1942.23,328.338,1771786439999,637644.66005,580,277.037,538015.62745,0
1771786440000,1942.22,1942.91,1942.00,1942.00,717.820,1771786499999,1394319.33394,1564,475.311,923285.43202,0
1771786500000,1942.01,1942.01,1941.34,1941.62,284.976,1771786559999,553327.08710,895,135.953,263960.02435,0
1771786560000,1941.62,1941.68,1941.62,1941.67,76.044,1771786619999,147652.28655,229,46.607,90495.46162,0
1771786620000,1941.68,1942.13,1941.67,1942.12,336.401,1771786679999,653267.88130,679,314.371,610489.84125,0
1771786680000,1942.13,1942.51,1941.92,1941.92,272.957,1771786739999,530135.45588,890,129.992,252471.19556,0
1771786740000,1941.91,1942.36,1941.68,1942.11,348.220,1771786799999,676260.78110,986,249.149,483866.15872,0
1771786800000,1942.11,1942.77,1942.10,1942.77,612.474,1771786859999,1189703.47191,973,492.858,957335.46843,0
1771786860000,1942.77,1943.21,1942.61,1943.21,803.302,1771786919999,1560715.57049,1142,644.733,1252629.34428,0
1771786920000,1943.21,1943.50,1943.02,1943.50,1077.447,1771786979999,2093730.78251,1662,662.458,1287290.46773,0
1771786980000,1943.50,1943.65,1943.11,1943.11,1452.483,1771787039999,2822867.80808,1237,782.679,1521133.31662,0
1771787040000,1943.10,1943.67,1942.29,1943.65,791.518,1771787099999,1537871.17730,1831,478.455,929687.50079,0
1771787100000,1943.66,1943.91,1943.46,1943.85,790.921,1771787159999,1537295.38624,1145,539.818,1049231.67926,0
1771787160000,1943.86,1944.30,1943.83,1944.11,984.476,1771787219999,1913936.99761,1370,761.528,1480502.54879,0
1771787220000,1944.12,1944.24,1942.92,1943.49,1595.435,1771787279999,3100803.89601,2088,580.604,1128513.11655,0
1771787280000,1943.49,1943.49,1942.80,1943.33,1355.632,1771787339999,2634218.21586,1861,588.811,1144203.30116,0
1771787340000,1943.33,1943.88,1943.12,1943.88,671.342,1771787399999,1304620.55275,963,456.478,887091.34204,0
1771787400000,1943.87,1943.87,1941.58,1941.59,937.749,1771787459999,1821856.67287,2039,232.216,451200.26039,0
1771787460000,1941.59,1941.60,1939.50,1939.75,2739.693,1771787519999,5315572.64150,3450,618.890,1200699.79951,0
1771787520000,1939.74,1940.64,1939.51,1940.38,761.869,1771787579999,1478203.76405,1441,539.521,1046763.66456,0
1771787580000,1940.38,1940.88,1940.38,1940.45,429.540,1771787639999,833580.64006,883,330.451,641284.67791,0
1771787640000,1940.46,1940.82,1940.45,1940.75,286.798,1771787699999,556565.84977,604,209.913,407355.66344,0
1771787700000,1940.76,1941.08,1940.76,1940.96,357.204,1771787759999,693329.15446,827,252.518,490134.66150,0
1771787760000,1940.96,1942.54,1940.95,1941.66,600.671,1771787819999,1166322.94314,1780,482.670,937167.65905,0
1771787820000,1941.65,1941.66,1941.05,1941.09,336.745,1771787879999,653704.45819,943,134.942,261943.66823,0
1771787880000,1941.08,1941.61,1941.08,1941.40,211.811,1771787939999,411200.70139,596,136.510,265001.67553,0
1771787940000,1941.39,1941.68,1941.39,1941.68,122.091,1771787999999,237037.18079,375,78.380,152174.74116,0
1771788000000,1941.69,1942.50,1941.69,1942.50,375.509,1771788059999,729244.55762,726,322.421,626148.17890,0
1771788060000,1942.50,1942.73,1941.96,1941.97,353.440,1771788119999,686532.16093,848,147.846,287175.21657,0
1771788120000,1941.96,1941.96,1940.76,1941.31,987.024,1771788179999,1915940.84490,1421,176.615,342850.97927,0
1771788180000,1941.32,1941.32,1941.24,1941.25,104.223,1771788239999,202327.09315,182,23.791,46184.81306,0
1771788240000,1941.25,1942.07,1941.24,1942.06,469.750,1771788299999,912048.99731,1044,408.849,793806.84774,0
1771788300000,1942.06,1942.07,1941.28,1941.28,213.691,1771788359999,414927.10499,613,66.180,128502.39694,0
1771788360000,1941.29,1941.29,1941.09,1941.16,191.509,1771788419999,371753.89631,442,40.953,79496.11809,0
1771788420000,1941.17,1941.17,1940.46,1940.76,190.459,1771788479999,369632.73499,901,89.470,173629.50749,0
1771788480000,1940.76,1941.30,1940.69,1940.69,432.359,1771788539999,839201.73355,1050,253.644,492309.47072,0
1771788540000,1940.70,1940.84,1940.12,1940.84,612.090,1771788599999,1187793.54245,1484,157.286,305223.87309,0
1771788600000,1940.84,1940.84,1940.21,1940.35,428.119,1771788659999,830713.25010,784,120.811,234415.00926,0
1771788660000,1940.36,1941.18,1940.35,1941.18,612.775,1771788719999,1189158.38642,1071,358.563,695819.59739,0
1771788720000,1941.18,1943.03,1941.18,1942.92,1809.818,1771788779999,3515277.42441,2857,1432.855,2783048.70968,0
1771788780000,1942.92,1943.22,1942.45,1942.79,2322.249,1771788839999,4511968.79914,2316,892.712,1734523.19914,0
1771788840000,1942.80,1943.10,1942.80,1943.10,371.556,1771788899999,721888.07458,541,275.159,534598.21873,0
1771788900000,1943.09,1943.94,1943.09,1943.55,830.167,1771788959999,1613465.96383,1279,711.551,1382897.94628,0
1771788960000,1943.56,1944.70,1943.35,1944.39,1328.995,1771789019999,2584079.00019,1807,649.130,1262045.69861,0
1771789020000,1944.38,1944.38,1943.52,1943.61,409.476,1771789079999,795892.93613,999,122.677,238443.79819,0
1771789080000,1943.60,1943.78,1943.60,1943.78,372.556,1771789139999,724118.21207,356,307.336,597351.60988,0
1771789140000,1943.77,1944.19,1943.77,1944.19,535.864,1771789199999,1041755.97369,660,457.891,890164.23446,0
1771789200000,1944.19,1944.36,1944.17,1944.20,694.613,1771789259999,1350499.75942,487,609.379,1184780.67878,0
1771789260000,1944.19,1944.20,1943.44,1943.45,310.163,1771789319999,602934.97552,689,69.414,134935.80231,0
1771789320000,1943.45,1943.70,1943.30,1943.30,209.329,1771789379999,406828.29838,615,116.733,226870.63190,0
1771789380000,1943.30,1943.69,1943.18,1943.68,533.431,1771789439999,1036612.73827,722,421.001,818124.56867,0
1771789440000,1943.68,1944.02,1943.42,1944.01,453.357,1771789499999,881171.94243,709,365.398,710212.60191,0
1771789500000,1944.01,1944.04,1943.77,1943.78,306.563,1771789559999,595947.87766,558,141.166,274418.62588,0
1771789560000,1943.78,1944.99,1943.77,1944.34,1183.963,1771789619999,2302267.35055,1882,927.415,1803359.76919,0
1771789620000,1944.33,1944.34,1944.03,1944.04,505.025,1771789679999,981863.34858,692,224.627,436704.93858,0
1771789680000,1944.04,1944.08,1943.98,1943.98,204.878,1771789739999,398286.00966,295,34.173,66433.12102,0
1771789740000,1943.98,1943.99,1943.81,1943.89,231.650,1771789799999,450302.24534,386,44.820,87123.03789,0
1771789800000,1943.90,1944.15,1943.90,1944.15,115.123,1771789859999,223809.93205,325,65.509,127353.37009,0
1771789860000,1944.14,1944.15,1942.82,1942.91,889.467,1771789919999,1728485.05898,1400,105.693,205368.64851,0
1771789920000,1942.91,1942.91,1942.04,1942.55,316.802,1771789979999,615350.72219,1038,139.490,270933.84118,0
1771789980000,1942.54,1942.55,1942.33,1942.33,296.147,1771790039999,575249.58454,417,24.006,46630.30653,0
1771790040000,1942.34,1943.53,1942.33,1943.08,461.037,1771790099999,895724.32086,1094,337.502,655674.46494,0
1771790100000,1943.07,1943.07,1942.94,1942.94,130.815,1771790159999,254172.24136,299,49.546,96267.17230,0
1771790160000,1942.95,1943.03,1942.83,1943.02,94.959,1771790219999,184500.91446,357,56.731,110226.21807,0
1771790220000,1943.03,1943.51,1943.02,1943.51,380.373,1771790279999,739179.72412,544,364.015,707391.96650,0
1771790280000,1943.51,1943.51,1942.99,1942.99,449.760,1771790339999,874032.36753,736,143.122,278124.85444,0
1771790340000,1943.00,1943.00,1942.40,1942.81,446.396,1771790399999,867164.60639,859,83.042,161321.52142,0
1771790400000,1942.81,1943.15,1942.53,1942.74,578.919,1771790459999,1124702.59612,1318,276.562,537283.30508,0
1771790460000,1942.75,1943.83,1942.74,1943.19,1800.974,1771790519999,3499779.70886,2348,1491.157,2897737.05024,0
1771790520000,1943.18,1943.75,1943.18,1943.67,322.940,1771790579999,627662.26881,635,211.114,410315.51022,0
1771790580000,1943.67,1943.68,1942.99,1943.00,215.417,1771790639999,418643.20299,644,46.794,90943.03113,0
1771790640000,1942.99,1943.00,1942.58,1942.58,200.950,1771790699999,390425.09599,589,97.229,188906.89996,0
1771790700000,1942.58,1944.76,1942.54,1944.49,1213.514,1771790759999,2359184.14538,2254,1089.830,2118739.83902,0
1771790760000,1944.49,1944.49,1942.69,1942.69,559.309,1771790819999,1087086.49777,1440,62.310,121128.70393,0
1771790820000,1942.69,1942.70,1942.42,1942.42,592.727,1771790879999,1151409.76187,589,51.662,100357.17550,0
1771790880000,1942.43,1942.43,1942.00,1942.04,440.550,1771790939999,855617.22945,837,132.824,257953.52068,0
1771790940000,1942.04,1942.22,1941.75,1942.22,483.638,1771790999999,939196.73228,997,245.198,476161.82108,0
1771791000000,1942.22,1942.44,1941.97,1941.97,433.392,1771791059999,841789.36701,800,139.730,271407.71903,0
1771791060000,1941.97,1941.98,1940.24,1940.45,1125.983,1771791119999,2185478.32590,2458,153.364,297680.90463,0
1771791120000,1940.45,1940.67,1940.00,1940.15,1133.906,1771791179999,2200059.97031,1491,247.488,480184.38840,0
1771791180000,1940.14,1940.70,1940.01,1940.39,1317.855,1771791239999,2557120.59836,1596,937.039,1818213.31440,0
1771791240000,1940.39,1940.85,1940.36,1940.69,1138.526,1771791299999,2209408.79940,1597,842.345,1634643.10602,0
1771791300000,1940.70,1941.13,1940.70,1941.12,549.906,1771791359999,1067398.25349,627,156.261,303301.80605,0
1771791360000,1941.12,1941.70,1941.09,1941.19,574.380,1771791419999,1115026.96019,1185,294.264,571235.45199,0
1771791420000,1941.19,1942.64,1941.19,1942.64,461.634,1771791479999,896617.85726,1171,316.530,614796.84047,0
1771791480000,1942.63,1942.87,1942.10,1942.71,357.163,1771791539999,693787.88410,1102,142.015,275867.49777,0
1771791540000,1942.71,1943.50,1942.50,1943.24,777.614,1771791599999,1511003.72099,1289,554.500,1077479.36931,0
1771791600000,1943.24,1943.30,1942.58,1943.07,1322.288,1771791659999,2569250.85464,1713,337.383,655515.40675,0
1771791660000,1943.07,1943.15,1942.96,1943.15,459.505,1771791719999,892858.88341,492,157.047,305154.85039,0
1771791720000,1943.15,1943.18,1943.15,1943.17,158.761,1771791779999,308499.77486,190,75.277,146276.17058,0
1771791780000,1943.18,1943.80,1943.17,1943.80,250.378,1771791839999,486553.47815,586,234.828,456335.09073,0
1771791840000,1943.80,1944.46,1943.32,1943.61,744.373,1771791899999,1447061.25686,1767,305.281,593483.77274,0
1771791900000,1943.60,1943.61,1942.42,1942.69,460.526,1771791959999,894854.08753,1350,91.091,176978.42554,0
1771791960000,1942.70,1942.83,1942.44,1942.65,252.684,1771792019999,490876.78453,653,107.110,208074.93271,0
1771792020000,1942.64,1943.49,1942.64,1943.49,442.743,1771792079999,860294.89824,817,387.270,752520.83347,0
1771792080000,1943.49,1943.49,1943.10,1943.47,220.015,1771792139999,427573.54446,721,101.306,196879.98173,0
1771792140000,1943.46,1943.84,1943.46,1943.84,282.364,1771792199999,548828.21765,516,236.257,459208.68492,0
1771792200000,1943.84,1943.84,1942.78,1942.78,264.082,1771792259999,513139.35136,882,130.467,253489.59173,0
1771792260000,1942.79,1942.80,1942.35,1942.80,503.260,1771792319999,977621.16324,946,159.951,310721.95125,0
1771792320000,1942.80,1943.64,1942.43,1942.44,913.963,1771792379999,1776051.97035,2023,268.355,521445.07090,0
1771792380000,1942.44,1942.44,1942.43,1942.44,271.475,1771792439999,527323.24881,334,206.456,401028.39264,0
1771792440000,1942.43,1943.15,1942.43,1943.15,229.988,1771792499999,446814.20710,722,152.257,295794.65797,0
1771792500000,1943.15,1943.34,1943.15,1943.34,250.358,1771792559999,486509.74813,568,136.619,265483.93112,0
1771792560000,1943.34,1943.53,1943.33,1943.44,143.750,1771792619999,279365.81897,361,90.346,175580.83380,0
1771792620000,1943.44,1944.01,1943.43,1943.59,316.367,1771792679999,614938.48924,859,235.173,457118.80595,0
1771792680000,1943.59,1943.93,1943.58,1943.59,392.362,1771792739999,762675.50208,543,251.894,489621.11776,0
1771792740000,1943.58,1943.66,1943.58,1943.65,201.266,1771792799999,391184.27662,211,151.469,294399.77632,0
1771792800000,1943.66,1943.66,1943.36,1943.37,178.665,1771792859999,347227.95742,429,89.020,173003.36341,0
1771792860000,1943.36,1943.36,1942.64,1942.65,963.722,1771792919999,1872450.69521,1341,174.108,338265.33980,0
1771792920000,1942.64,1942.78,1942.33,1942.78,516.875,1771792979999,1004035.15565,829,292.435,568050.13795,0
1771792980000,1942.77,1943.57,1942.77,1943.57,465.548,1771793039999,904635.73432,856,407.838,792514.58197,0
1771793040000,1943.57,1943.58,1943.07,1943.08,859.522,1771793099999,1670381.27139,952,389.054,756061.43706,0
1771793100000,1943.08,1943.28,1943.00,1943.01,309.878,1771793159999,602145.85460,525,39.259,76285.65813,0
1771793160000,1943.00,1943.01,1942.78,1942.79,137.423,1771793219999,267007.69698,305,19.205,37314.65445,0
1771793220000,1942.78,1943.52,1942.76,1943.52,429.825,1771793279999,835117.27317,751,410.709,797977.45943,0
1771793280000,1943.52,1944.70,1943.30,1944.06,2036.069,1771793339999,3958077.81933,2700,1480.837,2878684.94382,0
1771793340000,1944.06,1945.00,1944.03,1944.11,2377.866,1771793399999,4624391.53127,2647,1746.622,3396745.27878,0
1771793400000,1944.10,1944.11,1942.60,1942.60,561.699,1771793459999,1091696.16272,1155,238.196,462979.30455,0
1771793460000,1942.61,1942.71,1941.54,1941.68,715.613,1771793519999,1389881.44622,1350,235.012,456518.17482,0
1771793520000,1941.68,1942.37,1941.10,1942.37,643.337,1771793579999,1249214.99172,1389,542.936,1054266.73818,0
1771793580000,1942.37,1942.37,1940.00,1940.50,1179.658,1771793639999,2289687.43380,2329,386.060,749139.55014,0
1771793640000,1940.49,1941.22,1938.92,1939.46,2443.177,1771793699999,4739874.40551,4307,677.635,1314531.86270,0
1771793700000,1939.47,1940.06,1939.46,1939.61,648.630,1771793759999,1258273.52238,1265,434.345,842589.12454,0
1771793760000,1939.61,1940.05,1939.61,1940.04,369.179,1771793819999,716184.69499,638,241.654,468795.32218,0
1771793820000,1940.04,1940.19,1939.84,1939.84,337.665,1771793879999,655099.64358,606,201.149,390247.05950,0
1771793880000,1939.84,1939.88,1939.84,1939.88,232.106,1771793939999,450251.68306,244,97.192,188538.70572,0
1771793940000,1939.87,1940.02,1939.24,1940.02,975.591,1771793999999,1892337.48569,1303,489.609,949642.64632,0
1771794000000,1940.02,1940.95,1940.02,1940.94,686.501,1771794059999,1332358.57510,1155,544.671,1057083.95649,0
1771794060000,1940.95,1940.95,1940.93,1940.94,215.885,1771794119999,419020.23065,358,87.022,168904.88487,0
1771794120000,1940.94,1941.58,1940.94,1941.39,480.214,1771794179999,932273.01023,1017,415.393,806420.85971,0
1771794180000,1941.38,1941.58,1940.90,1941.26,404.066,1771794239999,784422.87642,1236,190.951,370674.95356,0
1771794240000,1941.25,1941.25,1940.61,1941.20,745.854,1771794299999,1447643.79628,1311,384.500,746310.80721,0
1771794300000,1941.21,1941.70,1941.21,1941.27,440.754,1771794359999,855692.80462,913,127.460,247454.61457,0
1771794360000,1941.28,1941.28,1941.12,1941.12,309.812,1771794419999,601395.29893,337,125.586,243779.39872,0
1771794420000,1941.12,1941.15,1941.12,1941.14,115.905,1771794479999,224986.33064,293,71.164,138138.63166,0
1771794480000,1941.15,1941.40,1941.14,1941.40,218.874,1771794539999,424900.51321,364,154.639,300195.49876,0
1771794540000,1941.39,1941.39,1940.78,1940.79,157.882,1771794599999,306453.94437,601,20.667,40111.74616,0
1771794600000,1940.78,1941.69,1940.78,1941.68,445.926,1771794659999,865559.09400,901,382.498,742411.91053,0
1771794660000,1941.68,1941.88,1941.68,1941.88,125.338,1771794719999,243369.36786,423,97.346,189017.71642,0
1771794720000,1941.87,1941.88,1941.01,1941.20,562.622,1771794779999,1092297.03215,883,76.044,147622.06874,0
1771794780000,1941.21,1941.83,1941.20,1941.83,635.285,1771794839999,1233409.92522,836,496.307,963611.55780,0
1771794840000,1941.82,1941.83,1941.50,1941.71,237.837,1771794899999,461816.49065,602,115.147,223580.29594,0
1771794900000,1941.72,1942.00,1941.72,1941.99,154.817,1771794959999,300637.48455,427,143.896,279430.02844,0
1771794960000,1941.99,1942.19,1941.96,1942.19,479.814,1771795019999,931806.65579,538,411.403,798953.06524,0
1771795020000,1942.18,1942.68,1942.18,1942.68,522.551,1771795079999,1015034.66338,691,490.181,952155.34439,0
1771795080000,1942.68,1942.68,1942.29,1942.30,357.597,1771795139999,694617.93481,588,167.867,326060.89274,0
1771795140000,1942.30,1942.68,1942.04,1942.38,722.169,1771795199999,1402716.89856,1379,356.500,692472.95099,0
1771795200000,1942.38,1942.39,1942.19,1942.19,124.403,1771795259999,241618.32589,324,87.848,170619.12731,0
1771795260000,1942.20,1942.49,1942.19,1942.48,205.622,1771795319999,399386.92286,391,106.215,206302.87137,0
1771795320000,1942.49,1942.49,1942.48,1942.48,74.055,1771795379999,143850.80596,184,44.956,87326.58044,0
1771795380000,1942.49,1942.68,1942.48,1942.68,91.696,1771795439999,178129.74337,331,60.827,118162.66204,0
1771795440000,1942.67,1942.68,1942.07,1942.07,896.745,1771795499999,1741873.74681,1422,316.010,613784.88872,0
1771795500000,1942.07,1942.23,1942.00,1942.23,143.145,1771795559999,277996.65903,348,93.779,182126.05427,0
1771795560000,1942.23,1942.89,1941.92,1941.93,471.996,1771795619999,916870.26306,1137,269.157,522855.96093,0
1771795620000,1941.92,1941.92,1940.72,1940.73,309.807,1771795679999,601441.38698,964,63.077,122466.61660,0
1771795680000,1940.72,1941.10,1940.72,1940.92,345.829,1771795739999,671197.62284,864,188.892,366606.08857,0
1771795740000,1940.92,1940.92,1940.00,1940.39,449.502,1771795799999,872151.52023,1029,169.980,329785.90597,0
1771795800000,1940.38,1940.98,1940.21,1940.98,768.260,1771795859999,1490881.76511,830,618.705,1200686.43119,0
1771795860000,1940.98,1940.99,1940.97,1940.99,232.153,1771795919999,450604.91533,245,214.142,415645.97561,0
1771795920000,1940.99,1942.23,1940.98,1942.23,842.676,1771795979999,1636312.96255,1413,804.448,1562087.44928,0
1771795980000,1942.23,1942.23,1941.32,1942.23,501.678,1771796039999,974265.86667,1394,194.570,377839.42582,0
1771796040000,1942.23,1942.66,1942.22,1942.48,323.970,1771796099999,629318.53868,725,138.897,269796.96060,0
1771796100000,1942.48,1943.84,1942.47,1943.84,1684.188,1771796159999,3272335.55168,1425,1497.204,2909021.77668,0
1771796160000,1943.84,1944.53,1943.39,1943.90,2090.093,1771796219999,4063524.72068,2072,680.187,1322420.35146,0
1771796220000,1943.91,1944.10,1943.90,1944.09,531.952,1771796279999,1034089.66929,429,478.609,930395.14884,0
1771796280000,1944.10,1948.17,1944.10,1946.60,9871.032,1771796339999,19210728.30110,6726,6986.618,13598157.62433,0
1771796340000,1946.61,1949.90,1946.30,1949.40,4565.788,1771796399999,8894620.21211,5311,3571.231,6957110.54316,0
1771796400000,1949.41,1949.41,1947.83,1948.05,2787.253,1771796459999,5430746.91093,2896,1293.760,2520424.30103,0
1771796460000,1948.04,1948.25,1947.91,1947.92,687.766,1771796519999,1339854.32503,710,217.165,423058.51338,0
1771796520000,1947.92,1949.08,1947.91,1948.72,1073.971,1771796579999,2092682.30344,1490,874.506,1703991.29975,0
1771796580000,1948.73,1948.76,1948.26,1948.62,557.350,1771796639999,1086028.06216,901,290.150,565358.66759,0
1771796640000,1948.62,1949.09,1948.61,1948.92,589.868,1771796699999,1149555.85481,872,461.458,899308.80143,0
1771796700000,1948.91,1948.91,1948.62,1948.75,351.828,1771796759999,685611.68499,668,181.079,352871.39304,0
1771796760000,1948.76,1949.07,1948.24,1948.40,559.957,1771796819999,1091151.99146,1142,343.943,670236.29832,0
1771796820000,1948.41,1948.95,1948.41,1948.95,297.261,1771796879999,579310.94166,588,177.941,346776.20439,0
1771796880000,1948.94,1949.50,1948.94,1949.31,615.355,1771796939999,1199428.96904,1080,414.975,808862.14080,0
1771796940000,1949.31,1949.65,1948.75,1948.76,1025.004,1771796999999,1997873.75406,1371,599.388,1168244.96584,0
1771797000000,1948.76,1949.07,1948.76,1949.07,283.577,1771797059999,552700.23320,450,195.831,381679.29875,0
1771797060000,1949.06,1950.90,1949.06,1950.24,3829.100,1771797119999,7466788.44989,4002,2801.798,5463399.36092,0
1771797120000,1950.23,1951.33,1949.50,1949.51,2700.938,1771797179999,5267500.26737,3397,1310.525,2556196.43787,0
1771797180000,1949.50,1949.66,1949.50,1949.51,503.375,1771797239999,981352.89799,436,256.675,500395.34920,0
1771797240000,1949.50,1950.19,1949.10,1949.58,1480.778,1771797299999,2886597.16427,1921,1221.209,2380559.18082,0
1771797300000,1949.57,1950.97,1949.57,1950.32,2423.516,1771797359999,4727162.98124,2209,1912.266,3729924.35737,0
1771797360000,1950.31,1950.32,1949.66,1949.67,345.552,1771797419999,673810.23536,701,33.329,64991.12229,0
1771797420000,1949.66,1949.67,1949.26,1949.27,416.415,1771797479999,811814.18623,562,120.069,234092.15497,0
1771797480000,1949.26,1949.27,1949.26,1949.27,113.116,1771797539999,220493.09958,171,60.542,118012.70434,0
1771797540000,1949.26,1949.44,1949.14,1949.44,535.819,1771797599999,1044444.27437,751,405.601,790614.43518,0
1771797600000,1949.43,1950.02,1949.39,1950.02,736.148,1771797659999,1435330.93937,994,630.424,1229218.03166,0
1771797660000,1950.02,1950.77,1949.85,1949.85,1242.954,1771797719999,2424278.27477,1906,838.711,1635855.29645,0
1771797720000,1949.84,1949.84,1948.92,1948.93,806.031,1771797779999,1571187.28802,1254,110.637,215676.57251,0
1771797780000,1948.92,1949.13,1948.61,1948.88,1274.943,1771797839999,2484642.22339,1906,539.434,1051265.58312,0
1771797840000,1948.87,1949.47,1948.12,1948.82,1278.115,1771797899999,2490577.46418,2301,502.986,980135.46936,0
1771797900000,1948.83,1949.66,1948.82,1949.29,595.731,1771797959999,1161229.88105,1135,361.476,704621.48313,0
1771797960000,1949.29,1949.29,1948.07,1948.09,439.345,1771798019999,856202.34993,1016,16.482,32122.99246,0
1771798020000,1948.08,1948.30,1948.08,1948.29,250.483,1771798079999,487975.41067,450,83.906,163460.50987,0
1771798080000,1948.29,1948.56,1947.92,1948.33,646.247,1771798139999,1259013.80384,1217,221.043,430611.99861,0
1771798140000,1948.32,1948.37,1947.34,1947.34,352.485,1771798199999,686651.60460,923,87.278,170041.20971,0
1771798200000,1947.34,1947.73,1947.17,1947.72,675.300,1771798259999,1314999.92586,893,530.023,1032087.41829,0
1771798260000,1947.72,1948.11,1947.72,1948.11,396.914,1771798319999,773095.07650,590,279.397,544199.93260,0
1771798320000,1948.10,1948.22,1945.87,1946.51,2097.359,1771798379999,4083346.74919,2553,756.123,1471812.60300,0
1771798380000,1946.51,1946.59,1945.70,1946.58,1735.325,1771798439999,3376977.12617,1835,851.079,1656172.26302,0
1771798440000,1946.58,1946.59,1946.08,1946.08,397.799,1771798499999,774295.07920,612,187.336,364643.41522,0
1771798500000,1946.09,1947.46,1946.08,1947.45,651.710,1771798559999,1268861.13010,1280,469.035,913165.65785,0
1771798560000,1947.45,1947.46,1947.19,1947.30,247.947,1771798619999,482813.94296,377,141.204,274957.36194,0
1771798620000,1947.29,1947.45,1947.29,1947.45,108.357,1771798679999,211014.92835,195,48.768,94970.45829,0
1771798680000,1947.44,1947.58,1947.28,1947.57,275.141,1771798739999,535806.71920,438,148.227,288656.37680,0
1771798740000,1947.58,1947.60,1947.31,1947.33,233.889,1771798799999,455477.22117,312,78.383,152642.76884,0
1771798800000,1947.33,1948.46,1947.33,1948.46,409.942,1771798859999,798605.24558,1150,404.699,788393.13253,0
1771798860000,1948.46,1952.73,1948.45,1952.43,7492.089,1771798919999,14617546.04375,5988,5896.125,11502594.83037,0
1771798920000,1952.43,1953.40,1952.36,1952.71,2458.944,1771798979999,4802169.92722,2237,1574.294,3074581.05059,0
1771798980000,1952.71,1956.23,1952.71,1954.84,6988.492,1771799039999,13658838.64355,6384,4769.692,9322438.78588,0
1771799040000,1954.83,1955.00,1952.85,1953.72,2120.098,1771799099999,4142669.27948,2735,766.368,1497186.74866,0
1771799100000,1953.72,1953.80,1952.99,1953.79,1237.765,1771799159999,2417959.49079,1235,599.102,1170384.15044,0
1771799160000,1953.80,1954.05,1952.08,1953.15,3156.960,1771799219999,6166423.71859,2874,613.583,1198485.02715,0
1771799220000,1953.14,1954.31,1953.14,1954.31,1444.350,1771799279999,2821865.31014,1325,1018.031,1988990.23044,0
1771799280000,1954.30,1954.31,1954.00,1954.28,629.364,1771799339999,1229905.59990,573,438.144,856222.18588,0
1771799340000,1954.28,1954.44,1953.67,1953.68,814.010,1771799399999,1590793.16651,925,307.331,600635.21975,0
1771799400000,1953.67,1953.79,1953.15,1953.78,1074.834,1771799459999,2099702.10541,1220,681.412,1331107.48536,0
1771799460000,1953.78,1953.79,1952.16,1953.09,1715.944,1771799519999,3351093.73201,2092,303.500,592706.16130,0
1771799520000,1953.09,1954.26,1953.09,1954.23,1088.566,1771799579999,2127004.26443,1161,607.620,1187158.85873,0
1771799580000,1954.23,1954.24,1953.88,1954.07,837.703,1771799639999,1636901.57479,978,340.130,664612.23080,0
1771799640000,1954.08,1957.83,1954.07,1956.39,7184.129,1771799699999,14054962.86891,6759,5599.525,10955033.84252,0
1771799700000,1956.38,1956.39,1954.14,1954.15,1260.854,1771799759999,2465179.10844,1899,423.497,827890.45533,0
1771799760000,1954.15,1954.16,1953.09,1953.50,1311.172,1771799819999,2561177.73298,1522,777.028,1517685.61606,0
1771799820000,1953.50,1954.71,1953.50,1954.33,825.870,1771799879999,1613838.04057,1301,552.979,1080596.80812,0
1771799880000,1954.33,1955.80,1954.18,1954.56,1405.373,1771799939999,2747678.10572,2640,644.601,1260167.66485,0
1771799940000,1954.56,1955.54,1954.56,1955.26,1413.477,1771799999999,2763594.22268,1829,882.021,1724432.04426,0
1771800000000,1955.25,1955.26,1953.68,1954.02,1064.039,1771800059999,2079761.53841,1404,275.735,538988.55850,0
1771800060000,1954.02,1956.15,1954.01,1956.15,742.432,1771800119999,1451257.45149,1357,718.290,1404077.95378,0
1771800120000,1956.15,1957.09,1955.60,1956.87,2356.934,1771800179999,4611251.95667,3721,1228.065,2402630.57931,0
1771800180000,1956.87,1959.86,1956.87,1957.86,6765.987,1771800239999,13251994.35358,11317,4117.918,8065480.80022,0
1771800240000,1957.86,1958.08,1956.12,1956.48,1122.811,1771800299999,2197272.58542,3374,320.630,627389.64831,0
1771800300000,1956.48,1957.76,1956.00,1956.19,1096.814,1771800359999,2146267.07727,2749,600.001,1173992.95771,0
1771800360000,1956.19,1957.61,1955.18,1957.31,1974.014,1771800419999,3861241.27872,3001,594.682,1163500.63374,0
1771800420000,1957.30,1957.31,1955.99,1957.20,823.294,1771800479999,1610859.41412,2160,389.326,761789.64633,0
1771800480000,1957.20,1957.75,1956.76,1957.20,835.921,1771800539999,1636185.13642,1861,317.602,621602.81024,0
1771800540000,1957.21,1957.21,1956.46,1956.46,527.487,1771800599999,1032261.13373,920,162.300,317600.11984,0
1771800600000,1956.46,1957.36,1955.86,1957.30,889.196,1771800659999,1739677.25243,1903,443.939,868619.76718,0
1771800660000,1957.29,1957.32,1956.49,1956.64,796.616,1771800719999,1559015.30473,1425,379.143,741983.62086,0
1771800720000,1956.63,1957.44,1956.63,1957.36,653.594,1771800779999,1279266.27252,1140,407.136,796845.16758,0
1771800780000,1957.35,1958.08,1957.01,1958.07,849.401,1771800839999,1662710.25225,1327,504.553,987654.61460,0
1771800840000,1958.07,1959.46,1958.07,1959.17,1650.125,1771800899999,3232186.63217,2113,1091.065,2136880.59702,0
1771800900000,1959.17,1959.60,1959.00,1959.57,794.088,1771800959999,1555808.71971,1162,440.641,863334.52445,0
1771800960000,1959.57,1959.58,1957.31,1957.33,3841.400,1771801019999,7524408.24459,2776,652.420,1277502.33740,0
1771801020000,1957.34,1957.34,1957.09,1957.29,330.188,1771801079999,646234.03341,923,226.512,443318.26248,0
1771801080000,1957.28,1959.57,1957.28,1959.48,1580.976,1771801139999,3096403.68326,2669,1369.374,2681919.02307,0
1771801140000,1959.47,1959.48,1957.31,1957.31,2312.501,1771801199999,4530027.50285,1891,201.027,393814.23255,0
1771801200000,1957.30,1958.73,1956.17,1957.79,1965.232,1771801259999,3846952.74853,5829,694.473,1359444.34222,0
1771801260000,1957.78,1959.20,1957.78,1959.07,936.215,1771801319999,1833897.35409,2500,660.205,1293207.25682,0
1771801320000,1959.06,1959.06,1955.34,1956.59,1547.628,1771801379999,3027841.06579,4087,693.618,1356988.97635,0
1771801380000,1956.59,1956.84,1956.00,1956.55,1415.922,1771801439999,2770125.12773,4323,558.450,1092525.95541,0
1771801440000,1956.55,1958.04,1956.16,1957.91,1598.549,1771801499999,3128685.68782,2975,1116.703,2185761.26756,0
1771801500000,1957.91,1960.00,1957.91,1958.47,5990.581,1771801559999,11736773.88710,7754,4338.055,8499122.10681,0
1771801560000,1958.46,1959.28,1958.11,1959.06,818.339,1771801619999,1602740.58670,1850,491.360,962314.38264,0
1771801620000,1959.06,1959.21,1955.44,1955.89,2007.890,1771801679999,3929737.30712,5985,830.031,1624462.57639,0
1771801680000,1955.88,1959.27,1955.37,1958.68,3581.181,1771801739999,7009380.48038,5914,3031.985,5934889.95619,0
1771801740000,1958.68,1958.68,1955.70,1955.89,944.525,1771801799999,1848670.94057,3007,312.679,611959.95854,0
1771801800000,1955.88,1956.92,1955.73,1956.11,1187.850,1771801859999,2323710.81993,2989,657.657,1286553.64869,0
1771801860000,1956.12,1956.12,1955.07,1955.30,1299.078,1771801919999,2540235.21009,2587,518.127,1013131.16495,0
1771801920000,1955.29,1955.48,1954.42,1954.80,1497.315,1771801979999,2927239.63433,2858,323.435,632322.24924,0
1771801980000,1954.80,1954.81,1954.01,1954.01,1583.819,1771802039999,3095525.03339,2219,318.832,623115.76495,0
1771802040000,1954.01,1954.40,1953.50,1953.60,2041.835,1771802099999,3989662.31022,3407,971.872,1899054.67581,0
1771802100000,1953.60,1955.52,1952.41,1955.50,5782.289,1771802159999,11297345.38982,7095,3871.510,7565165.57672,0
1771802160000,1955.50,1955.50,1953.34,1954.50,1445.326,1771802219999,2824887.46387,3182,716.695,1400812.80602,0
1771802220000,1954.51,1956.13,1954.51,1954.70,908.871,1771802279999,1777415.69174,2639,381.300,745612.94171,0
1771802280000,1954.69,1955.15,1954.04,1954.91,676.188,1771802339999,1321692.79757,2014,255.494,499402.83417,0
1771802340000,1954.92,1954.92,1952.90,1952.91,906.038,1771802399999,1770319.90140,2581,281.220,549505.87475,0
1771802400000,1952.91,1952.91,1949.55,1949.55,7088.903,1771802459999,13828678.92261,8751,2149.105,4192348.79561,0
1771802460000,1949.55,1951.14,1949.15,1950.53,1719.354,1771802519999,3352848.79228,4154,864.357,1685636.44311,0
1771802520000,1950.54,1950.70,1949.98,1949.99,1139.618,1771802579999,2222557.10958,1874,293.400,572214.00468,0
1771802580000,1949.98,1950.00,1949.17,1949.62,1464.917,1771802639999,2856090.53591,1947,276.208,538490.29080,0
1771802640000,1949.61,1951.90,1949.50,1951.90,2799.036,1771802699999,5460033.02570,3301,2613.085,5097354.68209,0
1771802700000,1951.87,1953.15,1951.51,1952.93,4315.315,1771802759999,8425146.81397,5418,3675.371,7175717.89321,0
1771802760000,1952.93,1952.93,1950.97,1951.80,855.507,1771802819999,1669883.75627,2416,410.597,801317.60361,0
1771802820000,1951.79,1951.92,1951.26,1951.31,358.987,1771802879999,700550.02510,1170,188.333,367513.21959,0
1771802880000,1951.31,1951.31,1951.10,1951.31,291.696,1771802939999,569167.61732,610,204.515,399057.56379,0
1771802940000,1951.30,1953.00,1951.30,1952.42,580.689,1771802999999,1133729.67530,1550,327.217,638754.99718,0
1771803000000,1952.42,1952.95,1951.51,1952.31,612.422,1771803059999,1195581.70259,2683,449.759,878023.19693,0
1771803060000,1952.32,1952.32,1950.70,1950.70,659.067,1771803119999,1286093.68727,1662,178.532,348359.67729,0
1771803120000,1950.70,1951.98,1950.00,1950.84,1080.161,1771803179999,2106953.59336,3552,396.359,773132.61500,0
1771803180000,1950.84,1951.66,1950.84,1951.22,296.406,1771803239999,578368.70473,1308,148.766,290282.98042,0
1771803240000,1951.23,1951.84,1951.00,1951.21,464.957,1771803299999,907328.06237,1463,175.026,341566.70765,0
1771803300000,1951.22,1952.58,1950.69,1952.24,463.841,1771803359999,905348.69620,2231,231.844,452508.40562,0
1771803360000,1952.23,1952.24,1951.13,1951.68,274.377,1771803419999,535505.17982,1246,82.608,161219.02472,0
1771803420000,1951.68,1952.63,1951.68,1952.26,429.941,1771803479999,839385.01978,1588,180.103,351598.37090,0
1771803480000,1952.25,1952.25,1950.92,1950.93,590.005,1771803539999,1151479.73466,1342,210.983,411755.36061,0
1771803540000,1950.93,1951.30,1950.23,1950.77,767.219,1771803599999,1496792.25550,1835,251.083,489824.01014,0
1771803600000,1950.77,1951.56,1950.70,1951.33,194.390,1771803659999,379292.62371,890,79.518,155148.96696,0
1771803660000,1951.33,1951.33,1949.62,1949.72,627.613,1771803719999,1224025.93261,1763,261.568,510066.10463,0
1771803720000,1949.72,1949.73,1947.68,1947.72,2009.812,1771803779999,3915646.30848,3405,627.415,1222192.52979,0
1771803780000,1947.71,1948.76,1947.70,1948.51,891.760,1771803839999,1737229.61234,1543,624.149,1215862.24774,0
1771803840000,1948.51,1948.65,1947.44,1948.37,845.366,1771803899999,1646592.29492,1704,476.257,927592.64507,0
1771803900000,1948.37,1948.60,1947.54,1948.07,963.777,1771803959999,1877531.03353,2292,373.110,726818.16771,0
1771803960000,1948.08,1948.88,1947.84,1948.15,715.826,1771804019999,1394599.72636,1656,239.291,466198.26388,0
1771804020000,1948.15,1950.23,1948.14,1949.64,1067.753,1771804079999,2081607.67206,2727,600.755,1171072.11796,0
1771804080000,1949.64,1952.31,1948.80,1951.57,4028.727,1771804139999,7858662.17129,4837,3355.879,6546460.55274,0
1771804140000,1951.57,1951.74,1951.10,1951.38,1237.234,1771804199999,2414257.58133,1746,775.692,1513599.38690,0
1771804200000,1951.38,1951.99,1950.80,1951.41,708.120,1771804259999,1381793.43508,1756,478.031,932826.70846,0
1771804260000,1951.41,1951.51,1950.34,1950.91,351.385,1771804319999,685548.93616,1288,172.790,337098.61109,0
1771804320000,1950.90,1950.91,1950.46,1950.68,313.628,1771804379999,611782.85007,756,138.721,270589.73335,0
1771804380000,1950.68,1950.92,1950.68,1950.91,254.144,1771804439999,495793.26713,538,157.631,307510.83668,0
1771804440000,1950.91,1956.51,1950.55,1955.86,7905.403,1771804499999,15444857.44458,7919,5964.553,11652323.08735,0
1771804500000,1955.86,1955.87,1954.41,1954.88,1072.694,1771804559999,2097160.56060,2132,470.803,920383.42860,0
1771804560000,1954.88,1956.86,1954.88,1956.85,1946.080,1771804619999,3806977.71111,3127,1144.452,2238743.86915,0
1771804620000,1956.86,1959.80,1956.85,1958.11,6503.271,1771804679999,12736650.92804,8726,4505.853,8824759.90186,0
1771804680000,1958.11,1959.09,1957.05,1957.18,1451.849,1771804739999,2842761.52811,2919,466.930,914358.29289,0
1771804740000,1957.18,1957.36,1956.67,1957.01,1104.252,1771804799999,2160994.97917,1939,419.625,821182.44934,0
