open_time,open,high,low,close,volume,close_time,quote_volume,count,taker_buy_volume,taker_buy_quote_volume,ignore
1762041600000,3872.14,3872.27,3871.68,3872.12,436.197,1762041659999,1688962.73690,1124,246.035,952641.45558,0
1762041660000,3872.12,3872.57,3871.12,3871.12,252.048,1762041719999,975853.39237,1019,87.157,337471.93124,0
1762041720000,3871.13,3871.13,3867.89,3868.61,1230.652,1762041779999,4761695.46960,2244,343.457,1328676.96570,0
1762041780000,3868.62,3869.31,3868.40,3868.40,460.401,1762041839999,1781241.76008,1301,263.614,1019903.11227,0
1762041840000,3868.41,3868.41,3867.51,3868.13,1003.917,1762041899999,3882913.02222,1140,761.943,2946962.38750,0
1762041900000,3868.12,3868.13,3867.67,3867.68,363.720,1762041959999,1406838.06837,816,131.770,509669.90436,0
1762041960000,3867.68,3868.12,3867.67,3868.12,331.777,1762042019999,1283268.18810,877,220.514,852910.95126,0
1762042020000,3868.12,3869.80,3868.01,3869.00,669.468,1762042079999,2589782.89041,1690,541.668,2095328.68054,0
1762042080000,3868.99,3869.70,3867.11,3867.12,760.040,1762042139999,2940117.38549,1624,132.020,510765.45227,0
1762042140000,3867.11,3867.12,3866.25,3866.88,921.543,1762042199999,3563314.45333,1510,496.117,1918305.47113,0
1762042200000,3866.89,3868.28,3866.88,3868.27,333.807,1762042259999,1290989.98546,1000,281.312,1087980.21432,0
1762042260000,3868.28,3868.29,3867.64,3868.28,348.497,1762042319999,1347984.71973,805,132.838,513798.84033,0
1762042320000,3868.28,3868.45,3867.73,3867.73,533.856,1762042379999,2065080.07227,781,344.430,1332337.38589,0
1762042380000,3867.74,3869.08,3867.32,3869.08,664.421,1762042439999,2569781.82279,1020,620.198,2398733.51204,0
1762042440000,3869.07,3869.08,3868.54,3869.06,376.146,1762042499999,1455194.62815,774,285.614,1104941.82310,0
1762042500000,3869.07,3869.07,3867.31,3867.33,476.800,1762042559999,1844179.06959,1095,183.629,710182.16399,0
1762042560000,3867.33,3868.05,3865.48,3866.22,1171.330,1762042619999,4528700.49473,2298,435.691,1684463.85604,0
1762042620000,3866.21,3866.21,3864.37,3865.52,2504.888,1762042679999,9681618.08869,2689,474.495,1834003.06422,0
1762042680000,3865.52,3865.54,3864.48,3864.92,492.891,1762042739999,1904975.85704,1206,224.078,866004.29003,0
1762042740000,3864.92,3864.92,3863.68,3863.68,841.859,1762042799999,3253057.88411,1321,172.160,665225.15950,0
1762042800000,3863.69,3865.92,3863.68,3865.32,1699.165,1762042859999,6567971.20098,1893,671.702,2596223.69387,0
1762042860000,3865.33,3866.22,3864.46,3865.45,540.783,1762042919999,2090239.27978,1716,328.529,1269819.84042,0
1762042920000,3865.45,3866.11,3864.70,3865.60,877.692,1762042979999,3392863.04869,1876,199.585,771470.89556,0
1762042980000,3865.60,3866.91,3865.25,3865.96,369.266,1762043039999,1427560.78508,1656,178.330,689440.17613,0
1762043040000,3865.96,3866.59,3865.01,3866.58,321.264,1762043099999,1241870.01531,1046,115.500,446484.33062,0
1762043100000,3866.59,3866.59,3864.00,3865.56,659.142,1762043159999,2547701.64029,1665,164.903,637380.97278,0
1762043160000,3865.56,3867.53,3865.35,3867.53,323.373,1762043219999,1250248.31787,1210,274.778,1062391.42584,0
1762043220000,3867.52,3868.98,3867.26,3868.42,550.211,1762043279999,2128558.84886,1425,177.121,685171.98606,0
1762043280000,3868.42,3868.43,3865.85,3866.29,560.662,1762043339999,2167952.90800,1268,385.212,1489424.24019,0
1762043340000,3866.30,3866.30,3864.53,3864.53,355.821,1762043399999,1375280.28757,767,63.087,243842.53211,0
1762043400000,3864.53,3866.71,3863.63,3865.91,1324.995,1762043459999,5121086.10180,2279,893.003,3451777.99661,0
1762043460000,3865.91,3868.75,3865.91,3867.08,926.603,1762043519999,3583967.51964,2418,708.077,2738645.46849,0
1762043520000,3867.08,3867.08,3864.31,3865.09,407.684,1762043579999,1575699.48432,1548,225.317,870816.75183,0
1762043580000,3865.09,3866.16,3865.00,3865.02,607.076,1762043639999,2346544.85453,1205,319.560,1235172.55921,0
1762043640000,3865.03,3865.03,3863.63,3863.64,327.123,1762043699999,1264226.37299,769,65.463,252999.71915,0
1762043700000,3863.64,3865.24,3863.63,3863.63,598.062,1762043759999,2311067.05109,1408,346.746,1339917.64306,0
1762043760000,3863.64,3864.93,3863.50,3864.10,780.968,1762043819999,3017638.21089,1510,501.276,1936907.07803,0
1762043820000,3864.10,3864.10,3860.21,3861.70,2518.584,1762043879999,9726159.27728,3241,487.615,1883037.14481,0
1762043880000,3861.70,3864.92,3861.70,3864.92,973.769,1762043939999,3761888.61950,1967,661.973,2557322.43122,0
1762043940000,3864.92,3866.76,3864.70,3866.75,866.170,1762043999999,3348272.07683,1648,737.587,2851289.15804,0
1762044000000,3866.76,3866.76,3866.00,3866.53,274.976,1762044059999,1063157.06471,757,182.951,707331.11822,0
1762044060000,3866.54,3868.53,3866.54,3868.02,1064.375,1762044119999,4116673.71261,2348,849.569,3285833.29864,0
1762044120000,3868.02,3869.00,3867.20,3867.21,442.108,1762044179999,1710200.38207,1251,289.899,1121461.07683,0
1762044180000,3867.20,3868.40,3867.20,3867.86,389.234,1762044239999,1505563.75534,1079,264.979,1024930.24212,0
1762044240000,3867.85,3868.64,3867.09,3868.43,211.573,1762044299999,818312.10871,897,163.058,630662.89965,0
1762044300000,3868.43,3869.00,3868.00,3868.01,315.307,1762044359999,1219773.44223,754,162.215,627517.29869,0
1762044360000,3868.00,3868.22,3867.68,3867.74,330.110,1762044419999,1276843.11264,624,235.284,910057.36321,0
1762044420000,3867.74,3867.75,3866.33,3866.34,215.366,1762044479999,832762.10858,668,78.772,304569.25670,0
1762044480000,3866.34,3866.34,3866.33,3866.33,49.753,1762044539999,192361.83379,184,31.730,122678.96820,0
1762044540000,3866.34,3866.34,3863.57,3864.12,583.458,1762044599999,2254808.63669,1543,192.201,742628.74878,0
1762044600000,3864.12,3864.36,3863.72,3863.87,320.911,1762044659999,1240028.87136,691,224.185,866279.36899,0
1762044660000,3863.87,3865.60,3863.86,3865.33,247.094,1762044719999,954945.73666,983,142.604,551097.98267,0
1762044720000,3865.32,3865.33,3864.37,3864.37,234.068,1762044779999,904642.96307,552,126.683,489586.54461,0
1762044780000,3864.37,3865.59,3864.37,3865.24,218.862,1762044839999,845843.98686,730,158.230,611515.85852,0
1762044840000,3865.24,3865.61,3865.24,3865.61,124.946,1762044899999,482974.83966,313,77.739,300501.02456,0
1762044900000,3865.61,3865.61,3865.28,3865.31,172.427,1762044959999,666501.05848,550,77.320,298866.54680,0
1762044960000,3865.30,3865.31,3864.80,3864.80,92.535,1762045019999,357667.00209,347,17.116,66157.82991,0
1762045020000,3864.81,3864.81,3864.62,3864.62,149.164,1762045079999,576470.31122,450,89.120,344418.44198,0
1762045080000,3864.63,3864.85,3864.60,3864.84,198.902,1762045139999,768687.43868,465,150.203,580482.06549,0
1762045140000,3864.85,3866.14,3864.73,3864.73,336.676,1762045199999,1301359.42416,1179,183.065,707594.61997,0
1762045200000,3864.73,3864.74,3864.73,3864.74,171.688,1762045259999,663528.53663,315,77.239,298508.65286,0
1762045260000,3864.74,3866.10,3864.73,3865.80,329.062,1762045319999,1271923.42808,933,262.701,1015398.83163,0
1762045320000,3865.80,3866.34,3865.35,3866.34,265.405,1762045379999,1025959.21783,808,225.482,871632.21492,0
1762045380000,3866.35,3866.37,3865.24,3865.24,291.936,1762045439999,1128607.49878,665,27.729,107197.53265,0
1762045440000,3865.24,3866.00,3863.24,3863.25,358.064,1762045499999,1383914.13566,1436,155.890,602565.21264,0
1762045500000,3863.24,3863.25,3861.81,3863.01,581.953,1762045559999,2247618.74333,1301,342.007,1320855.21427,0
1762045560000,3863.01,3863.01,3861.70,3861.71,163.225,1762045619999,630434.87305,715,33.676,130074.51732,0
1762045620000,3861.70,3862.56,3861.47,3862.04,394.344,1762045679999,1523021.01853,1106,213.958,826326.72783,0
1762045680000,3862.05,3862.05,3860.33,3860.63,963.720,1762045739999,3720848.35201,1309,263.387,1016921.97491,0
1762045740000,3860.63,3860.65,3860.01,3860.20,942.323,1762045799999,3637713.69275,1066,229.922,887567.68023,0
1762045800000,3860.20,3861.48,3860.20,3860.89,1351.144,1762045859999,5216223.42523,1792,1080.065,4169654.24265,0
1762045860000,3860.89,3863.43,3860.88,3863.43,846.733,1762045919999,3269995.59874,1455,756.743,2922482.37630,0
1762045920000,3863.43,3864.02,3863.42,3863.99,293.478,1762045979999,1133926.71984,742,246.815,953632.47092,0
1762045980000,3863.98,3865.79,3863.98,3865.76,569.356,1762046039999,2200629.05821,1352,481.162,1859705.01669,0
1762046040000,3865.76,3865.76,3863.73,3864.04,908.296,1762046099999,3509890.36494,1583,361.748,1397816.00800,0
1762046100000,3864.04,3864.78,3863.81,3864.22,230.541,1762046159999,890838.90340,881,103.451,399748.94356,0
1762046160000,3864.22,3864.81,3864.20,3864.81,195.799,1762046219999,756645.48035,885,95.194,367872.22030,0
1762046220000,3864.81,3867.03,3864.80,3867.02,280.811,1762046279999,1085695.70194,1570,217.903,842473.52778,0
1762046280000,3867.03,3868.55,3867.03,3867.51,668.182,1762046339999,2584444.12350,1458,474.390,1834868.12770,0
1762046340000,3867.51,3867.51,3863.32,3863.63,453.665,1762046399999,1753435.49920,1739,125.334,484334.74891,0
1762046400000,3863.64,3866.18,3863.63,3866.17,342.323,1762046459999,1323074.77108,1315,273.894,1058573.97131,0
1762046460000,3866.18,3869.00,3865.76,3868.60,995.748,1762046519999,3850979.47222,2318,591.318,2286858.58102,0
1762046520000,3868.60,3869.87,3868.59,3869.33,502.836,1762046579999,1945539.05523,1259,347.977,1346338.52810,0
1762046580000,3869.32,3869.38,3867.30,3869.37,402.603,1762046639999,1557356.88198,1777,206.902,800328.01792,0
1762046640000,3869.38,3869.38,3868.76,3868.92,219.598,1762046699999,849660.98279,472,141.067,545803.98749,0
1762046700000,3868.92,3869.23,3868.48,3868.49,288.366,1762046759999,1115627.87168,640,149.398,577997.36432,0
1762046760000,3868.49,3872.32,3868.49,3872.16,2287.848,1762046819999,8855687.60647,3186,1983.198,7676322.14784,0
1762046820000,3872.16,3873.17,3872.16,3872.71,689.940,1762046879999,2671972.46186,1281,459.079,1777867.91515,0
1762046880000,3872.71,3872.71,3871.50,3872.22,484.609,1762046939999,1876466.41925,1104,236.824,916960.66323,0
1762046940000,3872.21,3873.00,3872.21,3873.00,395.336,1762046999999,1531041.65513,787,309.405,1198266.50739,0
1762047000000,3873.00,3873.00,3870.67,3871.17,748.045,1762047059999,2896233.71838,1556,211.072,817077.27088,0
1762047060000,3871.16,3871.17,3870.26,3870.56,241.561,1762047119999,934970.66398,818,89.283,345558.81643,0
1762047120000,3870.56,3872.40,3870.55,3872.20,543.026,1762047179999,2102553.00476,1242,413.900,1602558.98262,0
1762047180000,3872.20,3872.20,3870.39,3871.96,395.585,1762047239999,1531490.47425,1548,272.382,1054485.98387,0
1762047240000,3871.97,3873.00,3871.00,3872.99,666.997,1762047299999,2582664.04579,1613,518.783,2008818.86993,0
1762047300000,3873.00,3875.69,3872.99,3875.69,1927.177,1762047359999,7467326.74876,3293,1548.797,6001086.08271,0
1762047360000,3875.69,3875.69,3873.17,3873.40,737.735,1762047419999,2858170.48525,2396,296.860,1150042.22291,0
1762047420000,3873.40,3874.91,3873.40,3874.88,455.575,1762047479999,1765083.19628,1092,304.514,1179835.51989,0
1762047480000,3874.88,3874.88,3873.62,3873.62,194.260,1762047539999,752659.63142,953,57.329,222129.36092,0
1762047540000,3873.63,3873.82,3872.47,3873.43,808.641,1762047599999,3132104.47956,1889,432.587,1675537.75200,0
1762047600000,3873.43,3873.53,3872.29,3873.34,588.370,1762047659999,2278639.32829,1575,246.340,954003.75343,0
1762047660000,3873.33,3873.34,3872.59,3872.65,380.605,1762047719999,1474081.97286,1009,293.736,1137632.93080,0
1762047720000,3872.65,3872.65,3870.80,3871.32,236.247,1762047779999,914567.68478,1295,84.023,325248.63185,0
1762047780000,3871.33,3872.13,3871.32,3872.12,185.900,1762047839999,719761.30701,842,142.061,550021.91334,0
1762047840000,3872.12,3872.12,3871.74,3871.74,155.536,1762047899999,602239.96111,470,85.008,329156.57305,0
1762047900000,3871.74,3871.99,3871.00,3871.01,253.981,1762047959999,983353.40400,783,173.590,672100.55687,0
1762047960000,3871.01,3871.01,3869.15,3869.16,595.875,1762048019999,2306264.48712,1362,153.795,595237.01364,0
1762048020000,3869.15,3869.16,3867.22,3868.05,471.329,1762048079999,1823100.28305,1693,207.992,804487.43690,0
1762048080000,3868.05,3868.06,3865.86,3866.12,509.471,1762048139999,1969920.03473,1444,155.078,599577.78565,0
1762048140000,3866.13,3867.35,3866.00,3867.35,468.721,1762048199999,1812189.08648,947,413.212,1597582.16753,0
1762048200000,3867.34,3870.81,3867.34,3870.57,1716.017,1762048259999,6638520.40431,3032,1413.405,5467855.76811,0
1762048260000,3870.58,3870.58,3869.99,3870.23,178.838,1762048319999,692124.60299,560,90.541,350401.14683,0
1762048320000,3870.22,3871.36,3870.22,3870.87,364.831,1762048379999,1412255.96177,985,154.962,599829.08658,0
1762048380000,3870.88,3870.88,3869.02,3869.03,933.197,1762048439999,3611077.97000,1520,142.332,550767.85183,0
1762048440000,3869.03,3869.29,3867.54,3868.52,851.150,1762048499999,3292813.40351,1671,248.983,963220.02652,0
1762048500000,3868.51,3869.59,3868.00,3869.59,413.781,1762048559999,1600899.39830,1375,165.419,639941.80598,0
1762048560000,3869.58,3870.00,3868.82,3869.21,149.713,1762048619999,579324.36942,846,52.268,202249.27000,0
1762048620000,3869.22,3870.40,3869.21,3869.92,357.412,1762048679999,1383106.35042,856,233.210,902493.63119,0
1762048680000,3869.92,3869.92,3869.19,3869.19,86.451,1762048739999,334545.90274,443,10.766,41662.43823,0
1762048740000,3869.19,3871.40,3869.19,3870.47,1360.889,1762048799999,5267255.77826,2082,894.653,3462404.56934,0
1762048800000,3870.47,3870.47,3867.00,3868.11,1571.787,1762048859999,6079625.02440,2682,816.407,3157740.43441,0
1762048860000,3868.11,3868.75,3867.52,3868.13,361.959,1762048919999,1400080.28734,1369,251.799,973966.18585,0
1762048920000,3868.14,3869.86,3868.13,3869.86,306.179,1762048979999,1184533.24108,933,193.090,747035.74810,0
1762048980000,3869.86,3871.68,3869.14,3871.26,474.299,1762049039999,1835698.73347,1713,318.783,1233829.01731,0
1762049040000,3871.26,3871.26,3869.21,3870.12,246.794,1762049099999,955102.58084,1198,81.384,314958.94489,0
1762049100000,3870.12,3870.49,3868.60,3868.61,330.867,1762049159999,1280380.19450,1342,77.034,298116.39563,0
1762049160000,3868.60,3870.00,3868.00,3868.00,471.770,1762049219999,1825441.52422,1371,142.439,551063.37204,0
1762049220000,3868.01,3868.01,3867.50,3867.82,279.820,1762049279999,1082256.46481,708,159.654,617483.43974,0
1762049280000,3867.82,3868.03,3867.18,3867.85,289.978,1762049339999,1121543.63715,988,121.386,469473.95066,0
1762049340000,3867.84,3869.67,3867.73,3869.67,219.585,1762049399999,849486.49629,826,175.395,678544.57510,0
1762049400000,3869.67,3870.49,3869.67,3870.49,257.023,1762049459999,994747.88541,604,189.909,735012.04692,0
1762049460000,3870.49,3872.42,3870.49,3872.38,755.085,1762049519999,2923289.48426,1373,467.750,1810859.82241,0
1762049520000,3872.38,3873.79,3872.00,3872.16,494.254,1762049579999,1914048.22928,1582,265.338,1027589.30371,0
1762049580000,3872.15,3875.47,3872.15,3875.10,1752.817,1762049639999,6791506.55513,2984,983.891,3812000.96364,0
1762049640000,3875.09,3875.26,3873.93,3874.48,684.387,1762049699999,2651749.40058,1389,205.942,797970.32398,0
1762049700000,3874.47,3874.99,3873.54,3874.99,511.859,1762049759999,1983020.94838,1717,381.445,1477774.96007,0
1762049760000,3874.98,3876.78,3874.30,3874.50,859.585,1762049819999,3331356.21939,2471,597.476,2315578.38713,0
1762049820000,3874.50,3874.60,3873.82,3874.60,233.862,1762049879999,906074.53522,793,96.646,374440.41022,0
1762049880000,3874.60,3874.60,3872.89,3872.90,243.035,1762049939999,941484.51789,935,60.325,233677.15854,0
1762049940000,3872.89,3872.90,3870.00,3870.01,553.988,1762049999999,2144422.44283,1400,107.344,415496.74873,0
1762050000000,3870.01,3870.98,3870.00,3870.34,242.036,1762050059999,936844.85769,808,116.215,449804.52966,0
1762050060000,3870.34,3871.93,3870.33,3871.69,304.206,1762050119999,1177612.87166,1084,241.298,934070.59325,0
1762050120000,3871.69,3873.53,3871.68,3872.32,653.100,1762050179999,2529075.32214,1597,418.813,1621751.95710,0
1762050180000,3872.32,3872.68,3871.66,3872.59,173.130,1762050239999,670421.00786,899,85.428,330809.96969,0
1762050240000,3872.60,3873.60,3872.59,3873.49,172.762,1762050299999,669135.88443,602,90.120,349022.13571,0
1762050300000,3873.50,3875.48,3873.49,3875.32,303.558,1762050359999,1176199.00940,1084,213.964,829013.84206,0
1762050360000,3875.31,3875.32,3875.00,3875.00,358.722,1762050419999,1390092.42457,705,186.488,722660.89620,0
1762050420000,3875.00,3875.01,3874.66,3874.69,450.173,1762050479999,1744326.85505,636,223.606,866403.12165,0
1762050480000,3874.69,3874.69,3874.68,3874.69,234.548,1762050539999,908798.71715,450,27.251,105589.17719,0
1762050540000,3874.68,3875.31,3873.55,3874.07,721.290,1762050599999,2794647.57787,1825,359.492,1392748.73463,0
1762050600000,3874.06,3875.31,3873.74,3875.31,205.209,1762050659999,795105.28857,830,130.947,507382.66903,0
1762050660000,3875.31,3876.30,3875.14,3876.29,458.733,1762050719999,1777894.92297,904,375.434,1455083.87470,0
1762050720000,3876.30,3882.48,3876.30,3879.25,4211.230,1762050779999,16340090.82797,6795,2427.141,9416574.72089,0
1762050780000,3879.24,3881.38,3879.06,3881.31,2113.030,1762050839999,8198902.89983,2545,1574.335,6108717.88812,0
1762050840000,3881.30,3885.83,3881.30,3883.58,3773.262,1762050899999,14654027.79733,5723,1932.120,7504249.34512,0
1762050900000,3883.58,3884.08,3882.75,3883.02,1457.717,1762050959999,5660918.15251,2942,821.981,3192108.61106,0
1762050960000,3883.02,3883.08,3881.70,3881.71,439.669,1762051019999,1706911.92660,1091,74.419,288910.91503,0
1762051020000,3881.71,3881.71,3880.33,3880.65,635.753,1762051079999,2467343.38534,1345,321.166,1246415.82885,0
1762051080000,3880.65,3881.00,3880.00,3880.00,329.927,1762051139999,1280310.26062,889,102.839,399083.35674,0
1762051140000,3880.01,3880.01,3878.47,3879.51,1125.810,1762051199999,4367066.12224,1551,911.210,3534537.46905,0
1762051200000,3879.52,3879.52,3878.00,3878.01,680.329,1762051259999,2638932.60558,1366,447.665,1736510.16544,0
1762051260000,3878.01,3878.65,3878.00,3878.48,434.262,1762051319999,1684243.86451,756,342.031,1326527.77554,0
1762051320000,3878.47,3878.48,3876.26,3876.27,385.036,1762051379999,1492957.31713,1405,56.987,220956.92356,0
1762051380000,3876.26,3876.31,3876.26,3876.26,198.809,1762051439999,770640.93668,439,83.272,322786.94575,0
1762051440000,3876.26,3877.24,3876.22,3877.24,575.282,1762051499999,2230168.62206,838,249.649,967772.11952,0
1762051500000,3877.23,3879.77,3877.23,3879.41,976.851,1762051559999,3789049.95184,1870,525.978,2040033.65702,0
1762051560000,3879.41,3879.41,3877.32,3877.32,247.542,1762051619999,960101.24016,1067,66.074,256274.65769,0
1762051620000,3877.33,3878.12,3877.32,3878.11,321.647,1762051679999,1247293.13230,833,210.039,814470.06687,0
1762051680000,3878.11,3879.28,3878.11,3878.94,190.787,1762051739999,739998.54951,737,99.811,387105.83544,0
1762051740000,3878.94,3879.68,3878.94,3879.40,351.992,1762051799999,1365547.56767,782,237.672,922041.93135,0
1762051800000,3879.41,3880.00,3878.77,3880.00,534.315,1762051859999,2072865.30827,1225,233.469,905734.77566,0
1762051860000,3880.00,3881.33,3879.89,3880.11,1561.189,1762051919999,6058036.71237,1749,1039.822,4034820.96014,0
1762051920000,3880.10,3880.10,3878.71,3878.72,998.778,1762051979999,3874323.91676,1406,375.626,1457016.32529,0
1762051980000,3878.72,3879.84,3878.50,3879.44,391.336,1762052039999,1517937.34562,1024,151.669,588281.17901,0
1762052040000,3879.43,3879.43,3877.00,3877.23,849.516,1762052099999,3294024.14826,1461,235.932,914752.28540,0
1762052100000,3877.22,3878.62,3877.00,3878.27,331.436,1762052159999,1285227.72050,1570,226.184,877075.38181,0
1762052160000,3878.28,3880.44,3878.28,3879.70,309.757,1762052219999,1201732.66699,1581,185.770,720686.34723,0
1762052220000,3879.70,3879.70,3879.28,3879.29,133.418,1762052279999,517586.43911,422,12.334,47849.26088,0
1762052280000,3879.29,3881.00,3879.04,3881.00,366.903,1762052339999,1423471.51940,1037,223.263,866235.56893,0
1762052340000,3880.99,3881.27,3878.46,3878.47,1472.298,1762052399999,5712216.01008,1823,177.366,688196.22087,0
1762052400000,3878.47,3880.26,3878.46,3880.01,892.813,1762052459999,3464106.01050,1857,225.855,876244.18604,0
1762052460000,3880.01,3880.02,3878.34,3878.77,283.746,1762052519999,1100668.01262,932,78.769,305529.06444,0
1762052520000,3878.76,3881.69,3878.76,3881.49,521.379,1762052579999,2023032.67247,1457,469.007,1819809.50793,0
1762052580000,3881.49,3882.89,3881.18,3881.83,721.423,1762052639999,2800671.04067,1674,564.213,2190392.26399,0
1762052640000,3881.83,3881.84,3881.01,3881.14,214.614,1762052699999,832953.35464,795,134.017,520137.06819,0
1762052700000,3881.14,3882.29,3881.14,3882.28,407.858,1762052759999,1583144.11560,1203,205.003,795717.03745,0
1762052760000,3882.28,3882.29,3880.08,3880.08,559.216,1762052819999,2170251.89555,1628,117.614,456454.61560,0
1762052820000,3880.08,3880.09,3877.57,3877.57,782.828,1762052879999,3036343.61455,1573,23.006,89239.27785,0
1762052880000,3877.57,3878.27,3877.45,3878.26,436.572,1762052939999,1693007.20091,1404,210.058,814577.80851,0
1762052940000,3878.26,3878.27,3876.69,3876.98,544.459,1762052999999,2111108.92843,1205,53.678,208158.15558,0
1762053000000,3876.97,3877.49,3876.22,3877.49,705.843,1762053059999,2736102.83358,1438,429.911,1666495.84098,0
1762053060000,3877.49,3878.00,3876.83,3877.54,324.676,1762053119999,1258967.91472,1221,160.598,622716.08477,0
1762053120000,3877.54,3880.00,3877.54,3880.00,347.681,1762053179999,1348510.21962,1137,300.941,1167218.36159,0
1762053180000,3879.99,3881.00,3879.68,3880.59,1110.160,1762053239999,4307998.84365,1434,450.324,1747516.33441,0
1762053240000,3880.58,3880.59,3880.29,3880.29,147.679,1762053299999,573065.28195,362,47.575,184615.34969,0
1762053300000,3880.29,3880.59,3878.74,3878.75,361.733,1762053359999,1403555.81025,1085,101.306,393092.18270,0
1762053360000,3878.74,3880.10,3878.53,3880.10,294.005,1762053419999,1140528.19180,1121,190.086,737361.61101,0
1762053420000,3880.10,3880.45,3879.52,3879.91,284.881,1762053479999,1105346.52285,910,186.216,722516.59993,0
1762053480000,3879.91,3880.06,3878.64,3879.81,214.930,1762053539999,833756.24467,1197,159.278,617844.81583,0
1762053540000,3879.80,3879.81,3877.98,3877.99,185.914,1762053599999,721128.89748,841,32.112,124556.25977,0
1762053600000,3877.98,3877.99,3877.31,3877.51,181.641,1762053659999,704303.98319,721,58.810,228028.78950,0
1762053660000,3877.51,3878.05,3877.50,3877.78,156.352,1762053719999,606300.50406,781,94.678,367133.67079,0
1762053720000,3877.79,3878.00,3877.62,3877.63,121.020,1762053779999,469288.08395,524,33.754,130891.02239,0
1762053780000,3877.63,3878.04,3877.44,3877.44,233.657,1762053839999,906092.95842,691,54.128,209892.81663,0
1762053840000,3877.45,3877.48,3876.20,3877.00,336.150,1762053899999,1303140.42516,1171,115.924,449395.94523,0
1762053900000,3876.99,3877.00,3876.99,3877.00,85.704,1762053959999,332273.66293,345,11.197,43410.76900,0
1762053960000,3876.99,3877.00,3876.79,3876.79,164.224,1762054019999,636671.64153,467,19.157,74268.72600,0
1762054020000,3876.80,3878.75,3876.79,3878.75,860.872,1762054079999,3338322.62544,1316,842.784,3268168.34269,0
1762054080000,3878.74,3878.75,3877.70,3877.73,270.608,1762054139999,1049423.79137,725,81.560,316276.70364,0
1762054140000,3877.72,3877.82,3877.52,3877.52,206.726,1762054199999,801616.65555,691,96.032,372376.10480,0
1762054200000,3877.53,3879.00,3877.52,3878.79,277.784,1762054259999,1077367.62203,1027,184.909,717130.15872,0
1762054260000,3878.79,3878.87,3877.30,3877.30,227.403,1762054319999,881882.74712,1045,62.461,242222.95491,0
1762054320000,3877.30,3878.77,3877.30,3878.77,153.865,1762054379999,596655.93156,989,104.282,404377.70248,0
1762054380000,3878.77,3880.00,3878.77,3880.00,137.528,1762054439999,533542.30779,713,81.682,316881.95591,0
1762054440000,3879.99,3882.40,3879.99,3882.40,989.047,1762054499999,3838732.15021,1856,865.555,3359394.69357,0
1762054500000,3882.40,3883.55,3881.86,3881.96,683.637,1762054559999,2654460.93037,1984,337.748,1311369.73613,0
1762054560000,3881.96,3881.96,3880.52,3880.53,363.711,1762054619999,1411671.00702,1185,124.678,483907.60998,0
1762054620000,3880.53,3880.53,3877.54,3878.93,907.350,1762054679999,3519488.38879,2531,408.523,1584578.74838,0
1762054680000,3878.94,3878.94,3877.00,3877.01,308.598,1762054739999,1196652.48463,1023,105.106,407529.79674,0
1762054740000,3877.01,3878.16,3877.01,3878.16,370.082,1762054799999,1435014.98886,804,341.597,1324561.08021,0
1762054800000,3878.16,3878.59,3878.16,3878.42,268.793,1762054859999,1042501.85311,722,107.561,417163.47191,0
1762054860000,3878.43,3879.01,3878.42,3879.01,189.005,1762054919999,733103.93504,626,111.166,431184.25811,0
1762054920000,3879.00,3879.01,3878.99,3879.00,135.807,1762054979999,526795.52930,284,18.641,72308.61753,0
1762054980000,3879.00,3880.00,3878.99,3879.99,157.453,1762055039999,610817.65315,582,123.031,477272.79377,0
1762055040000,3880.00,3881.32,3879.99,3880.72,378.547,1762055099999,1469018.75507,1072,231.908,899936.50535,0
1762055100000,3880.73,3880.98,3880.40,3880.62,169.500,1762055159999,657777.63999,678,99.618,386585.03356,0
1762055160000,3880.62,3881.59,3880.61,3881.01,386.965,1762055219999,1501866.41911,989,104.574,405858.80949,0
1762055220000,3881.00,3881.00,3879.69,3880.36,246.344,1762055279999,955896.45090,1102,88.810,344608.20683,0
1762055280000,3880.35,3880.82,3879.93,3880.82,615.144,1762055339999,2386869.40224,955,436.089,1692067.00417,0
1762055340000,3880.81,3880.82,3877.63,3877.92,542.496,1762055399999,2104110.99941,1374,83.512,323878.29036,0
1762055400000,3877.92,3878.32,3877.05,3877.05,479.748,1762055459999,1860423.28228,1090,306.969,1190396.36325,0
1762055460000,3877.05,3877.05,3876.40,3876.69,513.652,1762055519999,1991270.28188,884,242.988,941954.89005,0
1762055520000,3876.69,3877.71,3876.38,3876.94,451.155,1762055579999,1749066.78618,1281,232.286,900543.82367,0
1762055580000,3876.94,3878.72,3876.93,3878.71,390.708,1762055639999,1515122.37160,972,374.146,1450892.01247,0
1762055640000,3878.72,3878.72,3878.42,3878.42,135.053,1762055699999,523803.04085,390,34.748,134767.91041,0
1762055700000,3878.42,3879.46,3878.23,3879.34,253.478,1762055759999,983199.66608,1374,178.684,693075.22949,0
1762055760000,3879.34,3879.34,3878.83,3878.84,245.481,1762055819999,952245.75091,739,85.844,332984.15276,0
1762055820000,3878.83,3879.25,3878.83,3879.03,230.004,1762055879999,892205.87831,658,138.687,537969.86812,0
1762055880000,3879.03,3879.25,3878.81,3878.82,78.426,1762055939999,304222.20583,441,45.561,176735.08824,0
1762055940000,3878.82,3879.25,3878.55,3879.25,242.281,1762055999999,939751.43771,580,186.966,725193.86783,0
1762056000000,3879.25,3879.25,3878.65,3879.16,247.771,1762056059999,961065.93562,997,142.633,553249.90577,0
1762056060000,3879.15,3879.70,3878.00,3878.13,792.160,1762056119999,3072725.25192,1392,380.308,1475183.36006,0
1762056120000,3878.13,3878.13,3876.43,3877.52,834.831,1762056179999,3236454.24216,1495,390.442,1513630.37855,0
1762056180000,3877.53,3878.16,3877.00,3877.00,535.900,1762056239999,2077965.00785,1083,309.053,1198391.39384,0
1762056240000,3877.00,3877.01,3874.35,3875.02,1669.447,1762056299999,6469481.59058,2116,313.769,1215868.74955,0
1762056300000,3875.01,3875.08,3874.08,3875.06,954.909,1762056359999,3699939.42742,1273,277.091,1073651.20110,0
1762056360000,3875.06,3877.41,3875.05,3876.08,568.840,1762056419999,2204965.97610,1650,374.377,1451068.98168,0
1762056420000,3876.09,3877.84,3876.08,3877.83,822.387,1762056479999,3188480.63238,1924,344.795,1336686.74246,0
1762056480000,3877.84,3877.84,3876.18,3877.63,408.161,1762056539999,1582398.29060,1297,227.419,881624.64106,0
1762056540000,3877.63,3878.28,3877.39,3878.28,278.329,1762056599999,1079282.28192,1057,215.618,836104.88664,0
1762056600000,3878.28,3879.57,3878.27,3879.18,373.220,1762056659999,1447747.84016,1041,279.859,1085575.08317,0
1762056660000,3879.17,3885.49,3879.17,3884.15,3391.506,1762056719999,13169535.26915,4633,2654.742,10308388.95381,0
1762056720000,3884.16,3884.16,3882.06,3882.28,1413.999,1762056779999,5490573.47677,2669,719.154,2792439.19181,0
1762056780000,3882.28,3882.28,3880.69,3880.70,538.535,1762056839999,2090369.03713,981,159.374,618539.82355,0
1762056840000,3880.70,3881.26,3880.69,3881.00,378.030,1762056899999,1467133.34439,785,252.539,980076.05718,0
1762056900000,3881.01,3882.57,3881.00,3881.94,719.582,1762056959999,2793383.23199,1378,398.021,1544949.95251,0
1762056960000,3881.94,3883.01,3880.79,3880.80,683.490,1762057019999,2653651.10069,1728,342.506,1329799.64326,0
1762057020000,3880.80,3880.80,3879.58,3880.75,404.419,1762057079999,1569167.51508,1247,87.301,338729.27680,0
1762057080000,3880.76,3882.14,3880.75,3881.35,233.411,1762057139999,905970.97946,985,76.792,298041.04574,0
1762057140000,3881.35,3881.65,3881.28,3881.29,153.091,1762057199999,594223.83082,547,75.514,293104.13936,0
1762057200000,3881.29,3881.29,3881.28,3881.28,153.856,1762057259999,597158.61374,347,39.806,154498.62974,0
1762057260000,3881.28,3883.88,3881.28,3883.88,821.073,1762057319999,3187730.49368,1298,661.912,2569715.56115,0
1762057320000,3883.88,3884.61,3883.87,3884.61,707.903,1762057379999,2749748.73972,1243,454.915,1767038.92539,0
1762057380000,3884.61,3886.49,3883.74,3884.13,1889.636,1762057439999,7341155.45097,3413,1133.479,4403686.76152,0
1762057440000,3884.14,3884.35,3883.79,3884.00,369.505,1762057499999,1435138.92721,832,116.272,451591.94006,0
1762057500000,3884.00,3885.50,3883.99,3884.75,877.098,1762057559999,3407706.03517,1349,385.507,1497715.80672,0
1762057560000,3884.74,3885.56,3884.17,3884.80,1343.857,1762057619999,5220368.23080,1861,579.775,2252160.09208,0
1762057620000,3884.80,3885.78,3884.80,3885.68,476.937,1762057679999,1853099.39436,1190,267.429,1039052.59648,0
1762057680000,3885.67,3885.68,3883.96,3883.97,552.598,1762057739999,2146880.30878,1071,106.752,414744.55213,0
1762057740000,3883.97,3884.08,3883.90,3884.08,218.225,1762057799999,847593.83436,640,138.196,536756.07063,0
1762057800000,3884.08,3884.08,3882.65,3882.65,203.193,1762057859999,789125.44118,1019,52.407,203540.35420,0
1762057860000,3882.65,3883.70,3882.65,3883.70,257.237,1762057919999,998887.65515,990,181.879,706240.79943,0
1762057920000,3883.69,3884.45,3882.46,3882.76,453.334,1762057979999,1760462.70785,1512,160.302,622537.54583,0
1762057980000,3882.76,3882.76,3881.57,3882.20,195.936,1762058039999,760639.83446,1001,96.181,373367.87166,0
1762058040000,3882.20,3883.00,3882.20,3883.00,242.906,1762058099999,943102.12629,687,156.985,609528.97281,0
1762058100000,3882.99,3884.50,3882.99,3884.50,187.942,1762058159999,729958.95629,876,127.692,495953.02640,0
1762058160000,3884.50,3884.50,3882.66,3883.15,264.574,1762058219999,1027532.83406,1105,118.568,460468.23156,0
1762058220000,3883.14,3883.89,3883.14,3883.89,117.977,1762058279999,458178.74666,571,96.094,373193.72544,0
1762058280000,3883.88,3885.67,3883.88,3885.67,624.937,1762058339999,2427647.25562,1446,539.913,2097414.12115,0
1762058340000,3885.67,3888.89,3885.66,3887.00,2075.485,1762058399999,8068589.20037,3942,1299.929,5053630.99592,0
1762058400000,3887.00,3888.57,3886.88,3887.38,892.122,1762058459999,3468222.23523,2218,398.207,1548049.06621,0
1762058460000,3887.37,3891.34,3887.37,3889.72,2968.553,1762058519999,11547360.46386,4399,1884.561,7330721.17538,0
1762058520000,3889.72,3890.48,3888.40,3890.11,1635.396,1762058579999,6360629.06164,3008,723.536,2814140.71789,0
1762058580000,3890.11,3892.63,3890.11,3891.02,3695.797,1762058639999,14380956.91047,5073,2031.291,7903981.94574,0
1762058640000,3891.02,3894.00,3891.01,3891.58,4488.047,1762058699999,17472711.08345,6039,2080.046,8097644.72819,0
1762058700000,3891.58,3892.08,3889.66,3890.23,1966.696,1762058759999,7652313.27313,3454,842.786,3279219.67441,0
1762058760000,3890.22,3901.70,3890.22,3899.34,15391.668,1762058819999,59999346.19244,12504,11599.352,45211547.71277,0
1762058820000,3899.35,3901.22,3898.92,3900.54,4716.788,1762058879999,18396279.90704,4407,1531.020,5971284.01214,0
1762058880000,3900.53,3901.21,3896.80,3897.36,3780.096,1762058939999,14739690.65255,4746,1027.848,4008013.68452,0
1762058940000,3897.37,3900.84,3897.37,3898.17,2141.294,1762058999999,8349798.09560,3668,858.942,3349330.61309,0
1762059000000,3898.17,3900.99,3896.80,3900.69,1766.616,1762059059999,6887829.80168,3257,711.886,2775430.39282,0
1762059060000,3900.69,3902.64,3900.68,3902.36,2734.095,1762059119999,10666842.43322,4061,1577.535,6154496.80916,0
1762059120000,3902.36,3902.36,3896.87,3897.01,2901.887,1762059179999,11313027.00359,4323,1081.706,4216632.17450,0
1762059180000,3897.00,3899.19,3897.00,3898.05,1295.105,1762059239999,5048749.28113,2198,786.854,3067315.10943,0
1762059240000,3898.05,3904.00,3897.39,3902.53,6648.451,1762059299999,25933979.06597,7386,4971.599,19392836.90553,0
1762059300000,3902.54,3906.19,3901.46,3905.78,6337.084,1762059359999,24738786.65826,7776,4655.318,18173080.51197,0
1762059360000,3905.79,3915.98,3902.93,3909.10,13949.980,1762059419999,54540123.09395,15039,10428.891,40777887.70987,0
1762059420000,3909.10,3909.72,3906.30,3907.79,6333.895,1762059479999,24752310.99810,7561,2650.715,10358264.13015,0
1762059480000,3907.79,3907.79,3904.61,3907.06,3289.307,1762059539999,12847477.36354,4938,1666.875,6510246.52576,0
1762059540000,3907.05,3908.99,3906.63,3907.21,2051.028,1762059599999,8014551.39439,3642,1076.464,4206411.30219,0
1762059600000,3907.22,3908.00,3903.96,3904.56,4486.232,1762059659999,17523513.33467,6918,1392.197,5438489.61189,0
1762059660000,3904.56,3905.97,3903.33,3903.34,1345.711,1762059719999,5254923.26871,3170,461.825,1803407.80906,0
1762059720000,3903.34,3903.34,3899.58,3900.04,3422.999,1762059779999,13354349.36209,5749,1273.794,4969399.89501,0
1762059780000,3900.04,3902.57,3900.03,3901.82,907.131,1762059839999,3539042.74094,2499,597.884,2332443.36177,0
1762059840000,3901.82,3903.79,3901.81,3903.12,1018.974,1762059899999,3976851.98124,2417,637.257,2487035.21620,0
1762059900000,3903.12,3904.72,3903.11,3904.17,645.849,1762059959999,2521440.99597,1851,354.699,1384739.32400,0
1762059960000,3904.17,3904.17,3900.00,3900.36,1158.084,1762060019999,4519050.86604,3173,303.345,1183326.77734,0
1762060020000,3900.35,3902.81,3900.35,3901.71,878.276,1762060079999,3426747.03967,2394,462.343,1803833.14868,0
1762060080000,3901.72,3901.72,3899.40,3899.40,1002.174,1762060139999,3908758.38970,2266,340.256,1327120.75445,0
1762060140000,3899.41,3900.40,3898.07,3899.97,2921.140,1762060199999,11389701.35086,4225,1011.421,3943805.23586,0
1762060200000,3899.97,3901.34,3898.87,3898.88,1253.862,1762060259999,4890339.22150,2454,623.605,2432273.05881,0
1762060260000,3898.89,3898.89,3898.00,3898.39,736.325,1762060319999,2870741.78639,1159,221.248,862570.69364,0
1762060320000,3898.39,3898.97,3896.64,3898.97,1661.221,1762060379999,6475192.23647,3199,572.852,2232960.63920,0
1762060380000,3898.97,3898.97,3898.00,3898.57,417.516,1762060439999,1627564.98886,1397,137.160,534671.65114,0
1762060440000,3898.57,3900.14,3898.56,3900.14,693.656,1762060499999,2704631.50669,1568,597.713,2330505.43320,0
1762060500000,3900.13,3902.86,3900.13,3902.75,597.602,1762060559999,2331911.05844,2939,404.993,1580268.65324,0
1762060560000,3902.75,3902.75,3901.99,3902.74,498.255,1762060619999,1944410.84298,1195,161.892,631768.69153,0
1762060620000,3902.74,3904.42,3902.74,3903.80,1307.034,1762060679999,5102079.69803,2139,936.288,3654813.37682,0
1762060680000,3903.81,3904.67,3902.56,3903.65,778.897,1762060739999,3040526.66372,2103,494.381,1929906.12002,0
1762060740000,3903.65,3903.66,3899.54,3900.21,1373.854,1762060799999,5359405.28477,3251,519.713,2027365.77684,0
1762060800000,3900.21,3900.21,3898.00,3898.53,672.430,1762060859999,2621747.68962,1644,208.192,811671.12415,0
1762060860000,3898.52,3898.53,3896.00,3896.01,2036.648,1762060919999,7935945.80470,2875,695.731,2710791.14766,0
1762060920000,3896.01,3896.02,3893.20,3894.36,2598.413,1762060979999,10118515.23858,3527,1001.142,3898244.89272,0
1762060980000,3894.35,3895.17,3894.34,3894.82,571.983,1762061039999,2227707.43532,1629,309.079,1203758.19746,0
1762061040000,3894.82,3894.82,3893.00,3893.39,1763.518,1762061099999,6866480.00983,2391,718.678,2798209.85764,0
1762061100000,3893.39,3895.85,3893.39,3894.76,650.830,1762061159999,2534745.09147,1941,407.232,1586012.08805,0
1762061160000,3894.76,3897.55,3894.75,3896.84,1241.527,1762061219999,4837702.94955,2139,898.297,3500352.02365,0
1762061220000,3896.84,3898.00,3895.93,3896.64,841.593,1762061279999,3279683.41076,1781,274.683,1070409.51584,0
1762061280000,3896.63,3898.30,3896.63,3897.49,735.441,1762061339999,2866451.61782,1436,621.162,2421008.98623,0
1762061340000,3897.49,3899.40,3897.48,3898.21,977.965,1762061399999,3812586.68261,1626,784.453,3058141.83061,0
1762061400000,3898.20,3898.50,3897.12,3897.88,340.260,1762061459999,1326281.59276,1295,147.818,576164.51793,0
1762061460000,3897.88,3901.44,3897.88,3901.15,965.216,1762061519999,3764198.34178,2449,650.457,2536656.30545,0
1762061520000,3901.15,3901.15,3899.18,3899.32,702.066,1762061579999,2738284.39406,1586,309.383,1206693.52420,0
1762061580000,3899.32,3900.61,3897.75,3897.75,620.202,1762061639999,2418408.11756,1934,200.861,783279.15644,0
1762061640000,3897.75,3898.37,3897.11,3897.87,391.203,1762061699999,1524837.31993,1332,108.891,424408.04688,0
1762061700000,3897.87,3897.87,3895.00,3895.38,784.007,1762061759999,3054429.78768,1901,115.777,451018.01952,0
1762061760000,3895.38,3896.85,3895.37,3896.07,243.955,1762061819999,950534.59379,1143,147.555,574911.55086,0
1762061820000,3896.08,3897.05,3895.90,3895.91,847.963,1762061879999,3304165.39579,1630,618.188,2408782.45983,0
1762061880000,3895.91,3895.91,3893.41,3894.00,644.286,1762061939999,2508978.23782,1466,219.483,854625.27587,0
1762061940000,3894.00,3894.89,3893.69,3894.63,710.655,1762061999999,2767374.09782,1531,399.282,1554845.18951,0
1762062000000,3894.62,3896.00,3894.34,3895.94,529.664,1762062059999,2063094.71941,1220,386.794,1506519.61629,0
1762062060000,3895.95,3897.98,3895.94,3896.39,865.775,1762062119999,3373687.36144,1783,405.206,1578844.00887,0
1762062120000,3896.38,3899.77,3896.38,3899.77,769.976,1762062179999,3001459.53088,1684,573.831,2237002.95755,0
1762062180000,3899.76,3900.61,3899.76,3900.29,933.042,1762062239999,3639003.97919,1221,512.249,1997814.30259,0
1762062240000,3900.29,3900.60,3899.84,3900.59,415.738,1762062299999,1621394.41994,1011,164.435,641301.88970,0
1762062300000,3900.59,3903.05,3900.59,3902.99,1245.931,1762062359999,4861931.45968,2365,739.667,2886348.80434,0
1762062360000,3902.99,3904.68,3902.99,3903.26,1570.231,1762062419999,6130195.81437,2654,701.550,2738912.37094,0
1762062420000,3903.27,3904.00,3901.79,3902.73,562.411,1762062479999,2195067.95339,1641,119.599,466825.79801,0
1762062480000,3902.73,3903.46,3900.71,3901.10,601.538,1762062539999,2347124.60695,2052,233.010,909153.00234,0
1762062540000,3901.10,3901.79,3898.16,3898.55,1249.998,1762062599999,4874257.27299,2609,161.454,629694.87307,0
1762062600000,3898.54,3898.54,3897.22,3897.88,814.553,1762062659999,3175027.09206,2265,290.704,1133055.79224,0
1762062660000,3897.88,3897.88,3896.01,3896.50,542.860,1762062719999,2115471.31641,1120,196.949,767388.93144,0
1762062720000,3896.50,3898.70,3896.49,3897.43,681.890,1762062779999,2657723.01142,1812,378.413,1474807.95902,0
1762062780000,3897.43,3898.08,3896.12,3898.07,636.672,1762062839999,2480827.42672,1401,421.910,1643992.16679,0
1762062840000,3898.08,3899.90,3897.69,3899.54,481.349,1762062899999,1876792.36550,1709,277.159,1080631.16374,0
1762062900000,3899.54,3899.55,3898.87,3899.34,170.206,1762062959999,663683.98185,807,113.551,442768.97644,0
1762062960000,3899.34,3901.48,3899.25,3901.48,763.615,1762063019999,2978228.36020,2172,452.762,1765814.45526,0
1762063020000,3901.48,3902.00,3900.79,3901.28,601.099,1762063079999,2345146.05868,1447,265.066,1034125.71789,0
1762063080000,3901.27,3901.29,3900.00,3900.95,425.282,1762063139999,1658848.85114,1552,246.193,960292.88515,0
1762063140000,3900.94,3902.00,3900.94,3901.05,638.637,1762063199999,2491668.77884,1589,445.486,1738055.48825,0
1762063200000,3901.05,3901.05,3899.00,3899.19,473.894,1762063259999,1848106.10275,1604,167.909,654799.16951,0
1762063260000,3899.19,3901.40,3896.80,3901.40,446.681,1762063319999,1741512.52238,2892,249.584,973139.62677,0
1762063320000,3901.40,3902.32,3896.08,3897.39,855.831,1762063379999,3336637.91366,3119,283.537,1105918.10535,0
1762063380000,3897.40,3899.90,3897.39,3899.61,424.385,1762063439999,1654684.03729,1651,276.541,1078221.96052,0
1762063440000,3899.61,3900.46,3899.06,3900.45,261.273,1762063499999,1018866.67464,1138,145.657,567999.24243,0
1762063500000,3900.46,3900.46,3899.46,3899.88,248.412,1762063559999,968802.66317,1321,119.058,464318.42727,0
1762063560000,3899.88,3899.88,3897.80,3898.24,289.890,1762063619999,1130076.18285,1466,124.116,483809.50944,0
1762063620000,3898.25,3900.00,3898.17,3899.21,393.564,1762063679999,1534493.63548,1320,216.984,845958.31191,0
1762063680000,3899.21,3899.25,3898.41,3899.25,264.228,1762063739999,1030212.26546,1034,94.839,369762.32969,0
1762063740000,3899.25,3899.25,3895.71,3895.72,1120.333,1762063799999,4366070.52166,2125,139.392,543293.33160,0
1762063800000,3895.73,3896.04,3895.72,3896.04,566.795,1762063859999,2208192.04887,848,237.739,926208.30298,0
1762063860000,3896.04,3897.00,3895.40,3895.41,1177.793,1762063919999,4588893.22083,1852,323.884,1261858.73114,0
1762063920000,3895.41,3895.41,3894.48,3895.40,772.819,1762063979999,3009967.83793,1381,294.173,1145740.91331,0
1762063980000,3895.40,3896.16,3895.01,3895.23,646.114,1762064039999,2517140.39110,1292,231.292,901036.10727,0
1762064040000,3895.24,3895.28,3895.01,3895.27,625.242,1762064099999,2435415.16648,726,161.302,628282.89309,0
1762064100000,3895.27,3896.69,3895.01,3896.38,734.062,1762064159999,2860171.23162,1271,180.821,704478.55467,0
1762064160000,3896.39,3896.39,3894.93,3894.94,408.313,1762064219999,1590508.06103,1183,121.291,472460.63209,0
1762064220000,3894.93,3894.94,3893.30,3893.30,827.775,1762064279999,3223464.42047,1601,183.220,713433.42828,0
1762064280000,3893.31,3894.43,3892.72,3894.43,608.957,1762064339999,2370858.38095,1584,418.123,1627902.63065,0
1762064340000,3894.43,3896.36,3894.42,3895.80,503.892,1762064399999,1962938.87148,1331,450.715,1755779.68566,0
1762064400000,3895.81,3896.43,3894.99,3895.55,243.880,1762064459999,950105.12253,1244,108.791,423804.76201,0
1762064460000,3895.56,3895.56,3893.35,3893.55,379.874,1762064519999,1479127.67953,1337,188.887,735418.31509,0
1762064520000,3893.55,3895.29,3893.55,3893.87,391.691,1762064579999,1525348.49859,1469,154.214,600553.09939,0
1762064580000,3893.86,3893.87,3890.10,3892.28,1987.086,1762064639999,7732280.91283,3390,534.057,2077975.12190,0
1762064640000,3892.28,3893.67,3892.00,3892.38,548.141,1762064699999,2133866.50893,1762,242.275,943154.17824,0
1762064700000,3892.37,3893.12,3891.90,3893.12,569.674,1762064759999,2217429.01410,1284,398.031,1549341.76326,0
1762064760000,3893.12,3893.12,3892.17,3892.89,719.749,1762064819999,2801844.60135,1318,274.627,1069046.66301,0
1762064820000,3892.89,3894.00,3892.89,3893.56,326.026,1762064879999,1269444.55614,881,146.313,569690.41741,0
1762064880000,3893.56,3895.56,3893.55,3894.99,463.800,1762064939999,1806376.75016,1862,327.927,1277130.21869,0
1762064940000,3894.98,3895.39,3894.25,3895.33,284.591,1762064999999,1108391.99184,1076,120.638,469857.13286,0
1762065000000,3895.34,3895.34,3892.15,3893.33,557.270,1762065059999,2169663.58864,2115,261.471,1017910.37471,0
1762065060000,3893.33,3893.33,3890.36,3890.79,551.059,1762065119999,2144280.43016,1787,239.952,933683.56756,0
1762065120000,3890.79,3893.28,3890.78,3892.67,478.909,1762065179999,1864082.77655,1625,316.940,1233547.39344,0
1762065180000,3892.68,3892.82,3891.44,3891.99,297.586,1762065239999,1158261.53139,1087,152.880,595031.12097,0
1762065240000,3892.00,3893.55,3891.99,3892.32,364.207,1762065299999,1417787.98581,1567,119.644,465729.78566,0
1762065300000,3892.31,3892.32,3890.71,3892.00,1284.283,1762065359999,4997626.20268,1740,593.901,2311089.76110,0
1762065360000,3892.01,3893.00,3891.22,3893.00,1228.369,1762065419999,4780675.52109,1753,359.690,1399876.59173,0
1762065420000,3893.00,3893.52,3892.72,3893.12,334.206,1762065479999,1301094.30552,917,240.361,935738.19135,0
1762065480000,3893.12,3894.00,3893.00,3893.36,319.829,1762065539999,1245169.38907,1267,238.345,927918.96405,0
1762065540000,3893.37,3893.37,3892.64,3893.22,471.253,1762065599999,1834537.84922,1115,308.435,1200683.40685,0
1762065600000,3893.23,3895.80,3893.23,3895.16,1075.326,1762065659999,4188555.87867,2030,385.942,1503160.53143,0
1762065660000,3895.17,3896.36,3894.62,3895.13,511.129,1762065719999,1991045.35604,1555,420.816,1639232.79297,0
1762065720000,3895.12,3895.56,3895.12,3895.50,248.883,1762065779999,969467.39704,768,179.323,698503.35007,0
1762065780000,3895.50,3898.50,3895.36,3897.85,1154.673,1762065839999,4500166.40727,2309,1029.044,4010498.28876,0
1762065840000,3897.85,3899.60,3897.85,3899.60,516.893,1762065899999,2015295.81896,1421,301.730,1176329.22424,0
1762065900000,3899.60,3903.50,3899.40,3903.50,1869.037,1762065959999,7293320.12501,3631,1200.262,4683471.00813,0
1762065960000,3903.50,3905.63,3903.04,3904.42,1561.482,1762066019999,6096578.43210,3719,787.879,3076204.96013,0
1762066020000,3904.41,3905.49,3903.13,3904.32,1471.648,1762066079999,5745562.39833,3338,699.136,2729484.69180,0
1762066080000,3904.33,3906.01,3904.08,3905.82,1425.099,1762066139999,5565279.58157,2395,848.598,3313902.75949,0
1762066140000,3905.83,3906.74,3902.98,3903.33,1553.127,1762066199999,6064279.98294,3035,534.515,2087172.17916,0
1762066200000,3903.33,3904.55,3901.83,3902.17,1881.373,1762066259999,7343376.95941,3005,212.691,830176.82649,0
1762066260000,3902.17,3903.00,3901.00,3901.00,815.364,1762066319999,3181583.11664,2227,213.146,831761.31903,0
1762066320000,3901.01,3901.01,3899.45,3900.59,576.619,1762066379999,2248956.31266,2088,223.009,869746.05766,0
1762066380000,3900.59,3902.26,3900.59,3902.26,482.459,1762066439999,1882430.21124,1919,280.919,1096080.77847,0
1762066440000,3902.26,3902.26,3900.60,3901.09,359.863,1762066499999,1403936.80441,1413,228.255,890487.67196,0
1762066500000,3901.09,3901.70,3901.02,3901.03,222.372,1762066559999,867568.98127,887,139.209,543103.13603,0
1762066560000,3901.03,3901.69,3900.88,3901.01,492.999,1762066619999,1923231.59836,977,382.464,1491996.00671,0
1762066620000,3901.01,3901.01,3899.48,3900.99,389.014,1762066679999,1517192.99469,1549,158.660,618806.09915,0
1762066680000,3900.99,3901.40,3900.60,3901.21,262.394,1762066739999,1023606.44634,945,125.590,489935.49987,0
1762066740000,3901.21,3901.21,3899.28,3900.28,618.077,1762066799999,2410525.85559,1431,277.719,1083075.69998,0
1762066800000,3900.28,3901.46,3899.90,3901.45,601.960,1762066859999,2348042.72280,1728,467.414,1823223.30501,0
1762066860000,3901.45,3901.50,3899.62,3899.73,677.335,1762066919999,2642181.89443,1881,433.070,1689388.20213,0
1762066920000,3899.73,3899.73,3898.00,3898.20,841.974,1762066979999,3282459.77408,1960,167.038,651226.96720,0
1762066980000,3898.20,3899.00,3894.00,3895.87,3992.211,1762067039999,15555981.16802,5405,510.139,1987763.25236,0
1762067040000,3895.87,3896.16,3890.38,3892.34,4334.661,1762067099999,16876626.14913,6118,717.563,2793645.49638,0
1762067100000,3892.35,3892.95,3892.00,3892.00,1191.584,1762067159999,4638071.27562,2333,548.570,2135262.43382,0
1762067160000,3892.01,3893.52,3891.18,3893.46,2288.010,1762067219999,8905607.19934,3689,1575.897,6133696.32419,0
1762067220000,3893.47,3893.55,3892.76,3893.33,658.768,1762067279999,2564612.45072,1256,549.850,2140573.73425,0
1762067280000,3893.33,3893.33,3891.04,3893.04,1804.680,1762067339999,7024364.59710,3476,929.680,3618697.03400,0
1762067340000,3893.03,3893.20,3892.45,3892.74,1199.830,1762067399999,4670767.33044,1450,506.468,1971589.58465,0
1762067400000,3892.73,3893.10,3891.89,3892.76,685.816,1762067459999,2669596.82881,1700,246.722,960362.70575,0
1762067460000,3892.76,3893.26,3892.49,3893.00,444.655,1762067519999,1731040.28461,1232,195.191,759859.76141,0
1762067520000,3893.00,3894.00,3892.81,3893.39,517.589,1762067579999,2015189.96504,1243,347.862,1354322.19600,0
1762067580000,3893.39,3895.94,3893.24,3893.67,2296.189,1762067639999,8941612.33281,3221,1483.225,5776098.60926,0
1762067640000,3893.67,3894.00,3892.96,3893.99,1137.254,1762067699999,4428015.70836,1601,318.361,1239512.78467,0
1762067700000,3894.00,3895.00,3893.97,3894.00,246.362,1762067759999,959391.35683,1268,131.447,511881.72819,0
1762067760000,3894.01,3894.01,3892.56,3892.57,328.788,1762067819999,1280000.42603,855,46.926,182679.36182,0
1762067820000,3892.56,3895.00,3892.56,3894.08,637.825,1762067879999,2483685.15678,1788,368.726,1435734.00750,0
1762067880000,3894.07,3894.08,3892.85,3892.85,572.139,1762067939999,2227838.19348,845,80.908,315009.76799,0
1762067940000,3892.86,3892.86,3891.24,3891.75,841.282,1762067999999,3274244.33885,1293,458.855,1785839.36897,0
1762068000000,3891.75,3892.21,3891.63,3891.71,243.341,1762068059999,947045.75493,1002,116.802,454571.10129,0
1762068060000,3891.71,3892.37,3891.00,3892.37,643.172,1762068119999,2502919.51424,1449,459.283,1787326.06403,0
1762068120000,3892.37,3894.01,3891.92,3891.93,291.391,1762068179999,1134413.53604,1412,94.248,366896.39078,0
1762068180000,3891.93,3891.93,3890.80,3890.80,549.570,1762068239999,2138388.32839,890,170.034,661611.65473,0
1762068240000,3890.81,3894.43,3890.80,3892.66,460.614,1762068299999,1793009.20229,2206,327.012,1272923.86814,0
1762068300000,3892.67,3894.22,3892.00,3893.92,282.738,1762068359999,1100753.66336,1195,207.369,807293.36914,0
1762068360000,3893.92,3895.89,3892.57,3893.22,1571.370,1762068419999,6119290.31654,2647,321.678,1252686.61051,0
1762068420000,3893.21,3893.22,3891.70,3891.79,282.112,1762068479999,1097985.63198,1065,187.508,729750.66130,0
1762068480000,3891.79,3892.56,3891.79,3892.24,201.172,1762068539999,782983.73266,800,168.942,657536.97124,0
1762068540000,3892.24,3893.36,3892.23,3892.99,310.042,1762068599999,1206979.25790,865,223.990,871964.08527,0
1762068600000,3892.99,3894.73,3892.99,3893.91,284.850,1762068659999,1109240.59879,1194,161.919,630508.62304,0
1762068660000,3893.91,3893.92,3892.00,3892.01,198.784,1762068719999,773852.71624,941,59.141,230212.48183,0
1762068720000,3892.01,3892.01,3890.58,3890.66,1013.802,1762068779999,3944637.55349,1391,195.347,760053.49993,0
1762068780000,3890.67,3891.59,3890.39,3891.59,628.504,1762068839999,2445445.08679,1194,400.737,1559221.78740,0
1762068840000,3891.59,3892.00,3890.34,3891.59,503.674,1762068899999,1959878.84423,1386,327.422,1274060.34104,0
1762068900000,3891.59,3892.08,3891.42,3891.90,258.243,1762068959999,1005013.06577,863,101.173,393730.05275,0
1762068960000,3891.91,3893.57,3891.68,3893.18,404.723,1762069019999,1575454.01532,1212,301.591,1173950.41024,0
1762069020000,3893.18,3894.45,3893.18,3894.33,485.055,1762069079999,1888850.88057,1185,307.616,1197862.91014,0
1762069080000,3894.33,3894.36,3892.67,3892.68,585.522,1762069139999,2279972.07945,1098,323.267,1258787.61962,0
1762069140000,3892.68,3893.81,3891.17,3893.81,435.041,1762069199999,1693496.21572,1675,204.120,794526.42203,0
1762069200000,3893.80,3897.15,3893.80,3896.54,965.511,1762069259999,3761748.93221,2821,719.921,2804965.47604,0
1762069260000,3896.53,3897.76,3896.53,3897.55,675.341,1762069319999,2632005.28160,1487,510.684,1990255.55636,0
1762069320000,3897.55,3897.63,3896.73,3897.16,647.567,1762069379999,2523777.26555,1180,199.309,776757.48930,0
1762069380000,3897.15,3897.16,3896.58,3896.70,259.912,1762069439999,1012807.47794,861,141.430,551107.67538,0
1762069440000,3896.69,3897.40,3896.66,3896.69,335.952,1762069499999,1309213.85249,880,235.671,918400.43795,0
1762069500000,3896.69,3897.42,3896.56,3896.56,564.765,1762069559999,2200861.27341,1261,386.702,1506966.36453,0
1762069560000,3896.56,3897.54,3896.56,3896.70,442.511,1762069619999,1724466.84061,1113,208.511,812546.18925,0
1762069620000,3896.69,3897.94,3896.69,3897.94,490.668,1762069679999,1912267.51731,1101,279.320,1088607.15475,0
1762069680000,3897.94,3898.00,3897.29,3897.53,370.544,1762069739999,1444242.29526,1019,251.221,979159.51042,0
1762069740000,3897.53,3898.99,3897.53,3898.99,495.617,1762069799999,1932031.10395,1344,397.289,1548733.63179,0
1762069800000,3898.98,3902.16,3898.98,3902.16,1162.845,1762069859999,4535616.85928,2633,882.067,3440409.63966,0
1762069860000,3902.16,3907.00,3902.16,3907.00,3558.089,1762069919999,13893256.22128,6096,2398.297,9364193.64220,0
1762069920000,3906.99,3909.75,3905.34,3908.95,3545.895,1762069979999,13855792.68791,5442,2275.230,8891137.40217,0
1762069980000,3908.95,3912.63,3908.24,3911.18,6573.356,1762070039999,25703119.27054,7752,2867.303,11212149.05619,0
1762070040000,3911.17,3917.00,3909.01,3912.53,9561.642,1762070099999,37419406.13135,11405,5146.457,20144603.55641,0
1762070100000,3912.54,3913.94,3908.28,3909.47,4440.037,1762070159999,17368766.00356,7120,2080.546,8139375.66719,0
1762070160000,3909.47,3912.17,3909.47,3910.30,2905.364,1762070219999,11363341.70549,3870,1323.574,5176604.09536,0
1762070220000,3910.31,3911.05,3908.56,3909.01,1707.727,1762070279999,6676414.94758,3260,763.131,2983491.89505,0
1762070280000,3909.00,3909.01,3905.00,3905.69,2262.680,1762070339999,8838984.87863,3735,508.251,1985083.49982,0
1762070340000,3905.69,3906.49,3904.57,3904.57,822.278,1762070399999,3211658.33419,1892,467.485,1825937.43436,0
1762070400000,3904.58,3907.86,3904.58,3906.30,3674.861,1762070459999,14355347.82669,4451,1849.568,7225069.42794,0
1762070460000,3906.30,3909.34,3906.29,3908.71,2034.261,1762070519999,7949499.17873,3666,1241.785,4852752.73941,0
1762070520000,3908.71,3908.76,3905.85,3905.85,1930.906,1762070579999,7544231.38806,2782,557.461,2178020.45825,0
1762070580000,3905.86,3905.86,3903.67,3903.68,2311.001,1762070639999,9023790.90499,2556,522.741,2041079.16118,0
1762070640000,3903.68,3904.20,3901.00,3901.29,2354.806,1762070699999,9189682.95258,3186,636.836,2485427.79328,0
1762070700000,3901.28,3901.69,3900.30,3900.84,1482.738,1762070759999,5783860.70927,2468,938.376,3660377.86190,0
1762070760000,3900.84,3901.06,3900.69,3900.69,724.805,1762070819999,2827362.67821,1064,211.095,823458.48685,0
1762070820000,3900.69,3900.98,3898.52,3899.81,1428.958,1762070879999,5572409.23937,3046,574.700,2241023.70429,0
1762070880000,3899.80,3900.69,3899.22,3900.67,1422.020,1762070939999,5545760.77607,1736,1136.480,4432160.30078,0
1762070940000,3900.68,3902.71,3900.68,3901.25,737.630,1762070999999,2878051.82761,2001,440.277,1717837.85781,0
1762071000000,3901.25,3901.26,3900.00,3900.00,313.280,1762071059999,1221990.66096,1231,84.332,328947.15951,0
1762071060000,3900.00,3900.26,3899.70,3900.01,783.979,1762071119999,3057522.36744,968,291.240,1135821.81100,0
1762071120000,3900.01,3901.27,3900.00,3900.92,414.280,1762071179999,1615997.08003,975,239.889,935719.61029,0
1762071180000,3900.92,3901.84,3900.91,3901.56,683.261,1762071239999,2665766.59986,1025,529.520,2065929.43972,0
1762071240000,3901.56,3902.39,3901.56,3902.39,904.269,1762071299999,3528282.39458,1165,722.700,2819820.04406,0
1762071300000,3902.38,3902.38,3901.00,3901.01,776.022,1762071359999,3027711.39604,1452,507.759,1981022.22617,0
1762071360000,3901.01,3901.59,3900.41,3901.59,408.397,1762071419999,1593229.00940,1126,342.056,1334431.54287,0
1762071420000,3901.59,3902.19,3901.15,3901.71,1084.640,1762071479999,4231911.92556,1385,683.674,2667414.96676,0
1762071480000,3901.72,3905.68,3901.72,3903.92,1479.585,1762071539999,5776848.03866,2922,931.853,3638187.15038,0
1762071540000,3903.92,3905.62,3903.91,3904.14,554.676,1762071599999,2165985.73923,1461,358.433,1399621.59954,0
1762071600000,3904.13,3904.14,3902.11,3902.11,586.016,1762071659999,2287352.67507,1284,137.429,536477.16557,0
1762071660000,3902.11,3902.11,3900.64,3900.64,960.373,1762071719999,3746519.25475,1462,551.154,2150078.93933,0
1762071720000,3900.64,3900.65,3896.59,3896.59,1428.540,1762071779999,5569565.82093,2535,187.612,731369.52954,0
1762071780000,3896.59,3897.51,3895.18,3897.30,2858.001,1762071839999,11134368.37105,3299,1601.130,6237717.46801,0
1762071840000,3897.30,3897.49,3895.99,3897.09,645.506,1762071899999,2515187.38044,2002,439.609,1712902.78101,0
1762071900000,3897.09,3897.09,3895.00,3896.75,1087.260,1762071959999,4235681.22458,2337,435.060,1694875.07597,0
1762071960000,3896.76,3898.80,3896.47,3898.80,722.740,1762072019999,2816871.68288,1794,546.392,2129628.89582,0
1762072020000,3898.80,3899.39,3897.42,3897.42,473.414,1762072079999,1845655.76135,1286,203.316,792628.12797,0
1762072080000,3897.42,3898.17,3895.52,3898.17,946.766,1762072139999,3689240.40305,2091,610.444,2378845.18927,0
1762072140000,3898.17,3898.17,3896.41,3896.88,516.865,1762072199999,2014413.25333,1148,168.230,655530.19719,0
1762072200000,3896.88,3897.46,3896.00,3896.00,227.431,1762072259999,886272.04183,1155,99.567,388002.15715,0
1762072260000,3896.01,3896.17,3895.00,3895.29,408.102,1762072319999,1589762.13933,1259,151.202,589026.61410,0
1762072320000,3895.29,3896.78,3895.00,3896.51,1237.173,1762072379999,4819716.72816,2270,483.204,1882528.48399,0
1762072380000,3896.51,3897.55,3896.26,3896.27,740.341,1762072439999,2885022.64386,1472,236.273,920762.10845,0
1762072440000,3896.27,3896.27,3895.60,3895.83,256.482,1762072499999,999234.12865,802,122.894,478781.77247,0
1762072500000,3895.82,3898.49,3895.82,3898.01,640.344,1762072559999,2495768.88833,2052,461.056,1796956.44529,0
1762072560000,3898.02,3898.02,3895.05,3895.65,1258.402,1762072619999,4902876.32984,2276,262.029,1020797.71035,0
1762072620000,3895.65,3896.43,3895.16,3895.72,817.650,1762072679999,3185159.42253,1624,514.005,2002273.42993,0
1762072680000,3895.72,3897.36,3895.71,3897.35,320.869,1762072739999,1250088.89693,1030,236.879,922873.85008,0
1762072740000,3897.36,3898.39,3897.24,3897.25,565.663,1762072799999,2204936.13927,1714,239.138,932100.47690,0
1762072800000,3897.25,3897.82,3896.90,3897.81,687.829,1762072859999,2680907.95810,981,229.149,893100.61148,0
1762072860000,3897.81,3898.30,3897.80,3898.30,273.759,1762072919999,1067110.13286,617,192.751,751340.90002,0
1762072920000,3898.30,3898.30,3896.17,3896.17,452.119,1762072979999,1762137.93885,1224,69.688,271599.05279,0
1762072980000,3896.18,3897.07,3896.16,3896.17,1022.622,1762073039999,3984729.65163,1674,615.457,2398176.79200,0
1762073040000,3896.18,3896.36,3895.88,3896.36,414.631,1762073099999,1615402.64163,746,142.124,553707.42442,0
1762073100000,3896.36,3896.36,3895.06,3895.07,453.631,1762073159999,1767251.05969,1105,106.331,414205.32523,0
1762073160000,3895.06,3895.07,3892.00,3892.81,2402.147,1762073219999,9352153.04215,3522,408.986,1591979.36696,0
1762073220000,3892.82,3894.07,3892.10,3893.51,1207.272,1762073279999,4699888.17772,2435,596.737,2323069.22026,0
1762073280000,3893.51,3893.51,3892.50,3892.84,911.536,1762073339999,3548539.43924,1351,327.227,1273814.92252,0
1762073340000,3892.84,3893.37,3890.02,3890.68,2896.765,1762073399999,11274441.66102,2679,272.886,1062345.68721,0
1762073400000,3890.67,3894.55,3890.67,3894.55,1520.663,1762073459999,5918887.27094,2699,1088.777,4238083.99908,0
1762073460000,3894.55,3894.55,3893.57,3893.98,380.675,1762073519999,1482396.22999,1002,127.120,494995.15165,0
1762073520000,3893.99,3894.45,3893.50,3894.07,402.192,1762073579999,1566171.60053,1219,182.336,710020.38944,0
1762073580000,3894.08,3894.08,3892.51,3892.51,602.953,1762073639999,2347236.74088,1130,278.465,1084004.42273,0
1762073640000,3892.52,3893.13,3892.01,3892.69,344.567,1762073699999,1341239.86604,1006,210.699,820150.43825,0
1762073700000,3892.69,3894.28,3892.68,3893.95,409.640,1762073759999,1594907.77555,1570,246.314,958987.60517,0
1762073760000,3893.95,3894.29,3893.00,3893.01,515.967,1762073819999,2008982.33043,1121,328.898,1280640.11038,0
1762073820000,3893.01,3893.01,3891.00,3891.86,725.774,1762073879999,2824415.66059,1532,210.134,817685.13452,0
1762073880000,3891.87,3893.33,3891.86,3892.80,387.469,1762073939999,1508408.75111,1179,179.909,700361.60361,0
1762073940000,3892.81,3893.22,3892.43,3893.22,630.030,1762073999999,2452479.06821,1314,439.233,1709740.57692,0
1762074000000,3893.22,3894.61,3893.21,3894.61,824.741,1762074059999,3211720.63527,1288,674.888,2628120.00932,0
1762074060000,3894.61,3896.32,3892.91,3893.18,1589.909,1762074119999,6192011.15647,2796,525.877,2048329.79992,0
1762074120000,3893.18,3895.41,3893.17,3895.41,502.547,1762074179999,1957172.22405,1243,435.214,1694961.26527,0
1762074180000,3895.41,3896.37,3894.02,3894.03,1104.540,1762074239999,4302567.09234,2353,618.373,2408876.85850,0
1762074240000,3894.02,3895.16,3893.50,3894.80,750.372,1762074299999,2922027.12088,1421,367.354,1430554.47601,0
1762074300000,3894.79,3895.90,3894.12,3895.89,629.208,1762074359999,2450610.79731,1575,321.207,1251004.53085,0
1762074360000,3895.90,3896.93,3895.02,3896.92,861.139,1762074419999,3355148.66385,1663,451.934,1760803.08471,0
1762074420000,3896.93,3896.93,3895.87,3896.45,574.228,1762074479999,2237585.96290,1360,234.649,914379.35565,0
1762074480000,3896.44,3900.35,3896.44,3899.11,2618.239,1762074539999,10208217.04047,3483,1744.866,6802935.16467,0
1762074540000,3899.10,3899.12,3896.90,3899.12,1587.254,1762074599999,6186905.20133,2063,704.043,2744411.17992,0
1762074600000,3899.12,3899.12,3894.71,3894.72,2897.189,1762074659999,11290598.19252,2855,440.506,1716964.97558,0
1762074660000,3894.72,3894.72,3893.64,3894.71,844.472,1762074719999,3288443.00169,1631,302.686,1178715.41409,0
1762074720000,3894.72,3894.72,3894.71,3894.71,122.259,1762074779999,476164.20608,663,85.619,333462.03168,0
1762074780000,3894.72,3896.83,3894.71,3896.83,478.576,1762074839999,1864317.26312,1967,346.378,1349333.08230,0
1762074840000,3896.83,3898.00,3896.83,3897.79,451.003,1762074899999,1757820.34327,1264,301.934,1176785.65290,0
1762074900000,3897.78,3897.79,3895.33,3895.35,1348.575,1762074959999,5255245.16852,1581,329.944,1285528.74275,0
1762074960000,3895.35,3895.77,3894.82,3894.82,507.478,1762075019999,1976775.00666,1028,240.884,938308.20764,0
1762075020000,3894.82,3896.00,3894.00,3896.00,536.302,1762075079999,2088676.93716,1216,310.997,1211255.39624,0
1762075080000,3896.00,3897.52,3895.99,3897.12,336.896,1762075139999,1312874.85303,1005,220.984,861134.16159,0
1762075140000,3897.11,3897.12,3894.74,3895.76,946.745,1762075199999,3688463.50434,1684,199.186,775836.44467,0
1762075200000,3895.76,3897.75,3895.76,3897.75,740.226,1762075259999,2884013.37996,1213,651.232,2537290.69139,0
1762075260000,3897.74,3900.59,3897.74,3900.55,952.106,1762075319999,3712852.39557,1838,739.910,2885263.17598,0
1762075320000,3900.56,3900.56,3899.45,3899.94,1016.962,1762075379999,3965978.83415,2479,258.627,1008612.12231,0
1762075380000,3899.94,3901.44,3899.93,3901.44,492.920,1762075439999,1922822.90949,1423,443.264,1729131.84641,0
1762075440000,3901.43,3901.86,3901.02,3901.44,953.587,1762075499999,3720416.64205,1366,492.947,1923205.27046,0
1762075500000,3901.44,3901.45,3900.31,3900.82,502.945,1762075559999,1961915.07420,1122,132.207,515689.20410,0
1762075560000,3900.81,3900.81,3900.40,3900.58,372.933,1762075619999,1454649.30730,754,178.151,694872.89414,0
1762075620000,3900.58,3900.58,3900.30,3900.31,187.648,1762075679999,731889.41214,545,87.110,339756.19967,0
1762075680000,3900.31,3900.31,3899.17,3899.63,427.623,1762075739999,1667715.37080,1101,145.553,567651.87404,0
1762075740000,3899.63,3899.77,3898.00,3898.00,236.725,1762075799999,923060.70043,1086,68.174,265850.21628,0
1762075800000,3898.01,3898.01,3895.00,3895.81,618.019,1762075859999,2407925.40328,1946,255.766,996357.69186,0
1762075860000,3895.81,3895.81,3892.50,3893.54,1067.045,1762075919999,4154719.81156,2962,289.574,1127391.75487,0
1762075920000,3893.54,3893.54,3885.21,3886.92,7656.140,1762075979999,29765967.88071,10210,1682.116,6539810.48811,0
1762075980000,3886.92,3886.92,3880.24,3883.00,8374.123,1762076039999,32519450.26634,11247,3623.904,14073987.03383,0
1762076040000,3883.01,3886.70,3882.71,3886.37,3504.525,1762076099999,13615868.92860,4832,2693.325,10463979.66182,0
1762076100000,3886.37,3886.55,3885.00,3886.00,2132.428,1762076159999,8286077.37904,2971,955.694,3713555.30214,0
1762076160000,3886.00,3886.00,3883.40,3885.45,2327.853,1762076219999,9043504.62206,3800,1363.255,5295968.27229,0
1762076220000,3885.45,3887.52,3885.44,3886.09,1699.892,1762076279999,6607135.34826,3083,1219.800,4741098.12219,0
1762076280000,3886.09,3887.78,3886.08,3886.32,1398.704,1762076339999,5436798.41738,1565,976.341,3794912.55563,0
1762076340000,3886.32,3886.49,3885.00,3886.49,1469.039,1762076399999,5708366.14678,2254,977.786,3799499.05593,0
1762076400000,3886.49,3886.63,3874.11,3879.19,11196.048,1762076459999,43435498.95458,10738,1746.140,6774460.92266,0
1762076460000,3879.18,3880.20,3864.45,3876.63,28356.190,1762076519999,109778885.43929,21054,11812.100,45733573.08394,0
1762076520000,3876.63,3876.69,3872.50,3875.17,6536.716,1762076579999,25327801.27754,7467,3663.470,14194578.69976,0
1762076580000,3875.16,3877.02,3873.27,3874.78,2715.431,1762076639999,10523200.90879,4686,1636.533,6342236.18881,0
1762076640000,3874.78,3875.38,3874.50,3875.34,1806.191,1762076699999,6998619.13513,3420,1077.455,4174905.57486,0
1762076700000,3875.34,3875.35,3869.34,3870.29,5399.051,1762076759999,20900774.20408,6866,1982.286,7672488.32665,0
1762076760000,3870.30,3873.33,3870.00,3873.33,2130.589,1762076819999,8249253.71394,3785,1384.030,5359038.70628,0
1762076820000,3873.33,3874.51,3870.53,3870.53,2606.230,1762076879999,10094086.05647,4308,1459.397,5652955.73928,0
1762076880000,3870.54,3873.85,3870.00,3872.06,2814.536,1762076939999,10898603.10663,4054,1669.601,6464755.81072,0
1762076940000,3872.06,3873.27,3868.13,3869.05,3462.014,1762076999999,13398043.06827,5506,1190.148,4606137.21049,0
1762077000000,3869.06,3869.87,3867.25,3869.03,3535.339,1762077059999,13677097.04023,5778,1529.601,5917466.24523,0
1762077060000,3869.02,3871.58,3868.54,3870.74,3041.660,1762077119999,11771413.01648,5021,2101.934,8134629.08294,0
1762077120000,3870.75,3871.98,3869.28,3871.97,2647.671,1762077179999,10248491.77484,3398,1123.588,4349148.02778,0
1762077180000,3871.98,3873.00,3870.74,3870.99,1854.473,1762077239999,7180419.82794,2994,837.952,3244489.94085,0
1762077240000,3870.98,3872.77,3870.98,3871.53,2034.046,1762077299999,7875808.16825,2886,1292.015,5002574.26307,0
1762077300000,3871.53,3871.79,3870.00,3870.93,1036.867,1762077359999,4013563.53557,1653,569.923,2206074.90334,0
1762077360000,3870.93,3872.93,3870.15,3872.91,1155.405,1762077419999,4473599.96627,2265,850.453,3292886.61600,0
1762077420000,3872.91,3873.87,3871.20,3872.58,2335.360,1762077479999,9044045.77638,3836,1450.679,5618083.50599,0
1762077480000,3872.57,3873.32,3871.20,3871.21,1065.174,1762077539999,4124937.91559,1635,593.742,2299294.24853,0
1762077540000,3871.21,3871.35,3869.66,3870.77,1698.358,1762077599999,6573500.38355,2461,548.357,2122435.88588,0
1762077600000,3870.76,3873.28,3870.76,3873.27,1939.375,1762077659999,7509839.90231,3217,1390.667,5385011.01358,0
1762077660000,3873.28,3874.69,3872.60,3872.97,1673.200,1762077719999,6481576.01049,3190,1164.854,4512354.25358,0
1762077720000,3872.97,3874.13,3870.00,3870.01,2008.047,1762077779999,7775885.79168,3658,569.455,2205195.31037,0
1762077780000,3870.01,3870.01,3853.00,3863.14,35208.184,1762077839999,135934000.59101,24687,7344.455,28356008.45774,0
1762077840000,3863.13,3864.49,3860.57,3861.06,4066.866,1762077899999,15710871.11747,5363,1412.160,5455537.77551,0
1762077900000,3861.07,3861.30,3858.00,3859.69,4647.834,1762077959999,17938716.01032,6401,2829.175,10919624.07151,0
1762077960000,3859.70,3864.41,3859.70,3864.36,2854.537,1762078019999,11025692.11701,5049,2061.044,7960720.26933,0
1762078020000,3864.35,3865.26,3862.67,3865.23,1770.557,1762078079999,6841964.30680,4037,982.644,3797258.87336,0
1762078080000,3865.23,3865.23,3864.14,3864.49,1584.095,1762078139999,6122062.53567,2390,835.154,3227492.26853,0
1762078140000,3864.50,3865.50,3863.70,3865.03,1382.701,1762078199999,5344036.72599,2826,794.293,3069908.63924,0
1762078200000,3865.00,3866.46,3863.45,3866.41,2424.975,1762078259999,9372041.48686,3556,1642.505,6347948.15395,0
1762078260000,3866.41,3866.52,3865.16,3865.25,1338.315,1762078319999,5173895.96906,2496,762.187,2946603.23603,0
1762078320000,3865.25,3866.42,3864.48,3866.24,1549.154,1762078379999,5987653.01541,2118,1094.718,4231233.03256,0
1762078380000,3866.24,3866.24,3864.16,3864.98,2560.200,1762078439999,9895209.59103,3409,1557.123,6018209.24689,0
1762078440000,3864.98,3866.81,3864.98,3866.00,2195.502,1762078499999,8487808.96833,2641,1612.170,6232612.82913,0
1762078500000,3866.00,3866.00,3862.35,3864.88,1554.293,1762078559999,6005439.81848,3472,628.895,2429863.39299,0
1762078560000,3864.88,3864.89,3862.67,3862.80,1240.519,1762078619999,4793024.86719,2622,525.859,2031754.16558,0
1762078620000,3862.80,3862.80,3860.20,3860.20,1291.283,1762078679999,4985013.44696,2441,622.101,2401515.72920,0
1762078680000,3860.21,3860.58,3856.80,3857.93,3820.198,1762078739999,14740286.99802,5241,1277.627,4930324.60596,0
1762078740000,3857.94,3859.27,3856.35,3858.34,3384.468,1762078799999,13057619.75875,4790,2406.277,9283508.64334,0
1762078800000,3858.34,3859.14,3857.03,3858.18,1966.669,1762078859999,7587657.15531,3584,1202.812,4640432.80930,0
1762078860000,3858.18,3858.62,3855.44,3856.91,3133.459,1762078919999,12084707.65650,4074,993.687,3832544.14618,0
1762078920000,3856.92,3861.23,3856.92,3861.23,2316.744,1762078979999,8942057.33901,4171,1694.473,6540061.63356,0
1762078980000,3861.23,3861.42,3859.24,3860.52,2356.069,1762079039999,9094761.64082,3144,1541.186,5949081.44185,0
1762079040000,3860.52,3860.53,3858.49,3858.94,1194.841,1762079099999,4610933.44052,2441,701.669,2707743.72091,0
1762079100000,3858.94,3859.98,3858.76,3858.81,893.422,1762079159999,3447901.79507,2177,333.854,1288366.61800,0
1762079160000,3858.81,3859.20,3856.77,3859.19,1498.752,1762079219999,5782262.20053,3078,670.323,2586190.57046,0
1762079220000,3859.20,3861.01,3858.61,3860.01,2643.690,1762079279999,10204480.67991,3612,1840.639,7104793.75557,0
1762079280000,3860.01,3860.01,3858.38,3858.38,664.548,1762079339999,2564818.53363,1306,355.358,1371572.71546,0
1762079340000,3858.39,3858.82,3856.70,3856.71,1122.097,1762079399999,4328882.78202,2235,505.923,1951867.03611,0
1762079400000,3856.71,3857.67,3852.61,3854.68,9580.089,1762079459999,36933257.17969,9282,2762.040,10647976.13105,0
1762079460000,3854.69,3856.00,3851.24,3855.00,4722.799,1762079519999,18197951.84913,5763,1958.268,7546339.24283,0
1762079520000,3855.00,3856.53,3854.37,3855.00,1964.810,1762079579999,7575521.21207,3714,1280.869,4938581.57929,0
1762079580000,3855.00,3857.82,3854.30,3856.32,1969.500,1762079639999,7594785.70266,3654,1362.400,5253791.53323,0
1762079640000,3856.32,3857.95,3855.73,3857.95,1386.586,1762079699999,5348146.35663,2962,1058.865,4084124.34411,0
1762079700000,3857.95,3857.95,3855.38,3856.97,1034.881,1762079759999,3991133.33185,2648,477.260,1840747.53273,0
1762079760000,3856.98,3857.94,3855.01,3856.30,2024.606,1762079819999,7806883.42497,2736,1237.387,4771428.39288,0
1762079820000,3856.31,3859.46,3855.55,3859.18,1710.354,1762079879999,6598884.89576,3126,1014.153,3913011.76663,0
1762079880000,3859.17,3859.46,3858.14,3858.64,670.768,1762079939999,2588371.26811,1988,436.053,1682618.09485,0
1762079940000,3858.63,3860.27,3858.63,3859.40,1835.265,1762079999999,7083196.81370,2625,999.372,3856870.76500,0
1762080000000,3859.40,3859.44,3856.04,3858.83,1733.123,1762080059999,6685721.26052,3348,760.871,2934991.89276,0
1762080060000,3858.82,3859.99,3858.18,3859.07,965.733,1762080119999,3727004.63531,2338,523.716,2021072.03326,0
1762080120000,3859.08,3859.08,3858.19,3858.78,901.381,1762080179999,3477856.42198,1268,711.867,2746642.17729,0
1762080180000,3858.78,3859.35,3855.95,3855.96,1416.310,1762080239999,5463455.09111,2829,355.691,1372175.91552,0
1762080240000,3855.95,3857.70,3855.95,3857.70,675.319,1762080299999,2604564.92874,1462,459.219,1771082.33011,0
1762080300000,3857.69,3862.84,3857.69,3862.83,2293.867,1762080359999,8855596.03031,3994,1730.120,6679293.64705,0
1762080360000,3862.84,3862.84,3861.41,3862.08,1174.514,1762080419999,4536175.86623,2524,655.801,2532771.88568,0
1762080420000,3862.09,3862.62,3860.12,3861.06,1293.277,1762080479999,4993758.42315,2385,516.519,1994574.36749,0
1762080480000,3861.06,3861.86,3858.69,3858.70,1444.895,1762080539999,5577810.72308,2240,655.445,2530501.82612,0
1762080540000,3858.69,3861.62,3858.69,3861.16,786.342,1762080599999,3035745.03463,2485,372.864,1439471.24379,0
1762080600000,3861.16,3861.16,3858.19,3858.20,866.227,1762080659999,3342585.59108,1736,367.600,1418427.47854,0
1762080660000,3858.21,3860.49,3857.57,3859.61,2096.133,1762080719999,8088141.43707,2549,1202.453,4639603.40103,0
1762080720000,3859.60,3859.82,3859.04,3859.82,755.908,1762080779999,2917351.00122,1218,453.630,1750714.02287,0
1762080780000,3859.82,3860.29,3859.70,3860.00,500.242,1762080839999,1930919.35786,1147,304.634,1175875.73364,0
1762080840000,3860.00,3860.50,3858.96,3858.97,1077.259,1762080899999,4157963.92269,1344,426.112,1644739.44313,0
1762080900000,3858.97,3858.97,3858.30,3858.30,388.198,1762080959999,1497822.51668,661,218.077,841418.19115,0
1762080960000,3858.31,3858.31,3857.50,3857.50,364.465,1762081019999,1406123.26855,763,95.201,367293.68797,0
1762081020000,3857.51,3859.83,3857.50,3859.01,1045.255,1762081079999,4033341.14526,1948,720.633,2780523.93059,0
1762081080000,3859.01,3860.00,3858.76,3859.99,1350.085,1762081139999,5210526.71309,1181,1086.907,4194865.70042,0
1762081140000,3859.99,3861.64,3859.99,3861.64,577.299,1762081199999,2228792.48832,1193,452.306,1746241.03796,0
1762081200000,3861.64,3863.00,3860.43,3862.17,1288.651,1762081259999,4976609.29151,2812,826.479,3191752.40757,0
1762081260000,3862.17,3863.00,3862.00,3862.43,1278.667,1762081319999,4938580.79414,1932,683.480,2639795.70118,0
1762081320000,3862.43,3867.00,3862.42,3866.23,3807.523,1762081379999,14717186.96320,4133,3039.927,11749920.52438,0
1762081380000,3866.23,3869.99,3866.22,3867.49,5997.564,1762081439999,23201353.49138,6687,3713.510,14365608.50854,0
1762081440000,3867.49,3867.49,3865.21,3865.22,1380.814,1762081499999,5338879.40509,2469,374.699,1448832.60741,0
1762081500000,3865.21,3865.22,3863.10,3863.29,3302.404,1762081559999,12759701.81340,3349,1734.478,6701537.14397,0
1762081560000,3863.29,3864.17,3862.36,3863.34,1809.221,1762081619999,6988873.71653,2906,571.887,2209130.65847,0
1762081620000,3863.33,3866.40,3863.33,3865.76,1539.047,1762081679999,5949114.66115,2211,1238.204,4786224.53426,0
1762081680000,3865.76,3866.61,3865.00,3865.96,1157.797,1762081739999,4475927.79339,2269,730.568,2824263.40785,0
1762081740000,3865.97,3865.97,3863.30,3864.97,2618.197,1762081799999,10118354.69513,3227,1601.808,6190380.85930,0
1762081800000,3864.97,3865.45,3864.22,3865.00,932.553,1762081859999,3604282.03106,1837,556.052,2149131.75402,0
1762081860000,3864.99,3866.30,3864.99,3866.23,768.227,1762081919999,2969846.72943,1388,588.838,2276316.93177,0
1762081920000,3866.23,3866.57,3865.25,3865.26,1056.187,1762081979999,4083535.03429,1564,519.375,2008044.47675,0
1762081980000,3865.26,3866.58,3865.25,3866.22,435.804,1762082039999,1684852.59448,1092,313.838,1213298.70752,0
1762082040000,3866.23,3866.80,3865.82,3866.05,1023.536,1762082099999,3957279.01683,1439,344.556,1332152.50972,0
1762082100000,3866.05,3866.44,3864.83,3866.44,958.582,1762082159999,3705464.91315,1751,524.871,2028937.91292,0
1762082160000,3866.43,3871.13,3866.43,3871.13,4101.163,1762082219999,15868736.57941,5020,2923.694,11312242.90911,0
1762082220000,3871.13,3871.53,3869.65,3871.25,1441.672,1762082279999,5580005.95275,2358,794.543,3075413.74613,0
1762082280000,3871.24,3872.22,3870.25,3871.36,2423.133,1762082339999,9381192.06452,3963,1536.849,5949986.78420,0
1762082340000,3871.37,3872.08,3870.21,3871.74,926.068,1762082399999,3584983.32861,1924,577.740,2236577.01617,0
1762082400000,3871.74,3871.75,3870.52,3870.93,1409.819,1762082459999,5457540.04201,2182,892.440,3454590.07716,0
1762082460000,3870.93,3870.93,3870.24,3870.86,1024.475,1762082519999,3965234.62591,1494,446.601,1728568.83293,0
1762082520000,3870.85,3873.00,3870.85,3872.77,1606.463,1762082579999,6220321.18568,2913,1148.072,4445290.88705,0
1762082580000,3872.77,3873.89,3872.76,3873.00,825.564,1762082639999,3197677.10443,1727,568.347,2201405.82445,0
1762082640000,3873.00,3874.28,3873.00,3873.65,1842.358,1762082699999,7137126.01823,2332,1097.868,4252936.15574,0
1762082700000,3873.65,3874.99,3873.31,3873.99,2173.028,1762082759999,8418638.64153,2677,1562.777,6054445.10998,0
1762082760000,3873.98,3879.08,3873.98,3878.74,6117.164,1762082819999,23709855.85484,7572,4658.570,18055632.66260,0
1762082820000,3878.74,3879.46,3875.95,3878.96,2652.096,1762082879999,10285268.37256,4994,1225.133,4751274.09753,0
1762082880000,3878.96,3880.98,3878.95,3880.30,2813.164,1762082939999,10915097.37195,4605,1943.138,7539413.97727,0
1762082940000,3880.30,3880.31,3877.48,3878.66,1971.734,1762082999999,7647771.22954,3820,498.030,1931518.11738,0
1762083000000,3878.65,3888.87,3878.16,3885.45,15817.851,1762083059999,61441695.19467,11666,10568.675,41045602.14445,0
1762083060000,3885.45,3885.76,3880.46,3880.47,3609.605,1762083119999,14018507.12246,3312,566.519,2199558.38075,0
1762083120000,3880.47,3882.80,3880.38,3881.36,1597.593,1762083179999,6200980.08837,2773,848.115,3291897.54162,0
1762083180000,3881.36,3883.15,3880.43,3883.01,802.093,1762083239999,3113311.21764,2412,508.655,1974369.51442,0
1762083240000,3883.00,3884.05,3882.40,3882.40,838.935,1762083299999,3257974.17486,1568,242.063,940123.97088,0
1762083300000,3882.41,3884.40,3882.40,3883.82,1415.279,1762083359999,5496712.71047,2515,813.907,3161013.60753,0
1762083360000,3883.82,3889.69,3883.42,3889.32,3612.399,1762083419999,14042035.38064,6372,2466.919,9589730.08936,0
1762083420000,3889.31,3892.00,3888.59,3889.79,5317.872,1762083479999,20687344.11929,6341,3377.674,13139954.21599,0
1762083480000,3889.78,3889.78,3887.27,3889.13,1412.575,1762083539999,5492926.77269,2900,389.817,1515883.93663,0
1762083540000,3889.13,3891.58,3887.01,3890.52,1955.504,1762083599999,7605349.21026,3359,733.055,2851419.03196,0
1762083600000,3890.52,3893.27,3890.13,3892.01,2951.055,1762083659999,11484483.47763,4599,1555.166,6052340.99294,0
1762083660000,3892.02,3892.35,3890.00,3890.00,1734.991,1762083719999,6751015.38079,3929,601.071,2338786.30136,0
1762083720000,3890.00,3890.01,3887.05,3888.99,2086.033,1762083779999,8111206.02598,3659,840.060,3266478.04804,0
1762083780000,3888.98,3890.00,3888.29,3890.00,1318.591,1762083839999,5127691.03121,1603,768.343,2987915.93415,0
1762083840000,3890.00,3890.00,3887.36,3888.24,1687.464,1762083899999,6562404.35520,2525,342.427,1331763.87856,0
1762083900000,3888.23,3890.41,3888.23,3889.95,1318.813,1762083959999,5129352.01099,2192,454.288,1766960.10697,0
1762083960000,3889.96,3891.65,3889.50,3890.52,1967.283,1762084019999,7653385.44417,3240,907.897,3532011.32692,0
1762084020000,3890.52,3892.01,3890.12,3890.67,1729.804,1762084079999,6730942.68766,2801,682.902,2657258.83926,0
1762084080000,3890.69,3891.04,3889.57,3890.96,1153.690,1762084139999,4488306.78671,2463,461.393,1794980.69663,0
1762084140000,3890.96,3893.00,3890.96,3893.00,557.238,1762084199999,2168910.80394,1554,294.905,1147861.57572,0
1762084200000,3893.00,3893.00,3890.25,3892.05,1883.161,1762084259999,7328972.11284,3582,655.556,2551414.19098,0
1762084260000,3892.05,3894.79,3892.04,3893.29,2158.002,1762084319999,8402076.65394,5072,1082.284,4213785.32307,0
1762084320000,3893.28,3895.80,3892.17,3893.19,7205.117,1762084379999,28058575.50251,6502,2769.656,10785682.86623,0
1762084380000,3893.19,3895.30,3893.19,3893.69,1477.293,1762084439999,5753097.26973,2970,724.093,2819837.56317,0
1762084440000,3893.70,3893.98,3889.07,3889.29,2149.295,1762084499999,8363623.26251,3735,389.398,1515380.19129,0
1762084500000,3889.30,3890.86,3889.29,3889.48,1255.850,1762084559999,4885342.09701,2196,326.065,1268410.86733,0
1762084560000,3889.47,3891.20,3889.47,3890.90,1247.922,1762084619999,4855094.87738,2365,789.665,3072119.13358,0
1762084620000,3890.90,3891.40,3890.42,3891.40,488.006,1762084679999,1898853.72438,1772,275.022,1070126.14660,0
1762084680000,3891.39,3891.58,3889.60,3890.57,2290.447,1762084739999,8909966.74579,2565,654.907,2547648.97547,0
1762084740000,3890.57,3890.85,3888.69,3888.92,2401.012,1762084799999,9338873.80551,2608,328.396,1277219.11548,0
1762084800000,3888.93,3891.01,3888.92,3890.53,1200.854,1762084859999,4671583.36010,2341,750.175,2918306.51539,0
1762084860000,3890.53,3890.54,3888.12,3888.12,3344.558,1762084919999,13007300.00791,3697,1094.864,4257837.65031,0
1762084920000,3888.12,3892.98,3887.00,3890.04,5355.168,1762084979999,20829502.35099,6293,3499.117,13611342.17688,0
1762084980000,3890.05,3890.73,3886.21,3887.95,4440.569,1762085039999,17267918.72726,5835,1305.283,5075534.32509,0
1762085040000,3887.95,3889.32,3887.55,3889.30,1690.974,1762085099999,6575434.03554,2614,904.587,3517512.24039,0
1762085100000,3889.30,3890.44,3889.30,3889.55,1302.579,1762085159999,5067011.26445,2108,458.698,1784287.60976,0
1762085160000,3889.55,3890.00,3888.12,3890.00,875.041,1762085219999,3403108.82575,2180,436.990,1699419.12095,0
1762085220000,3889.99,3891.11,3887.00,3887.23,1603.618,1762085279999,6236850.96641,2823,855.750,3328664.13894,0
1762085280000,3887.23,3887.24,3885.01,3885.42,2422.593,1762085339999,9413942.18855,3612,786.615,3056500.25421,0
1762085340000,3885.42,3886.01,3883.64,3885.25,3236.632,1762085399999,12574915.54420,4397,1654.129,6426644.11983,0
1762085400000,3885.25,3885.50,3883.25,3884.39,1832.578,1762085459999,7118498.23721,3790,757.310,2941676.90891,0
1762085460000,3884.39,3884.96,3884.22,3884.66,850.779,1762085519999,3304978.13328,1882,546.829,2124253.74463,0
1762085520000,3884.67,3886.90,3884.67,3886.89,1014.886,1762085579999,3943410.84176,1895,488.102,1896595.81098,0
1762085580000,3886.90,3887.48,3886.50,3886.51,622.330,1762085639999,2418928.15485,1405,285.283,1108859.85199,0
1762085640000,3886.50,3886.90,3886.50,3886.90,405.231,1762085699999,1575002.54927,891,250.275,972743.80235,0
1762085700000,3886.90,3888.44,3886.90,3887.70,491.857,1762085759999,1912216.61699,1740,283.087,1100551.06912,0
1762085760000,3887.70,3889.82,3887.69,3889.05,1306.887,1762085819999,5082333.24577,2846,416.968,1621641.32336,0
1762085820000,3889.06,3890.00,3889.06,3889.38,553.080,1762085879999,2151316.61222,1344,173.710,675660.46373,0
1762085880000,3889.38,3889.54,3887.53,3888.00,1511.190,1762085939999,5876167.46468,1715,356.865,1387540.24379,0
1762085940000,3888.00,3888.00,3886.51,3886.82,626.566,1762085999999,2435667.30890,2071,166.583,647521.03801,0
1762086000000,3886.82,3888.73,3886.54,3887.26,716.110,1762086059999,2784106.24813,1851,437.372,1700421.14187,0
1762086060000,3887.26,3887.27,3880.00,3880.20,4196.032,1762086119999,16291296.69145,6512,1466.104,5691414.38285,0
1762086120000,3880.19,3880.57,3877.31,3878.66,3741.705,1762086179999,14514911.23707,5855,1311.413,5087104.89418,0
1762086180000,3878.66,3880.00,3877.67,3879.23,1246.990,1762086239999,4837242.50746,2787,646.970,2509728.67398,0
1762086240000,3879.24,3883.25,3879.24,3883.25,2134.055,1762086299999,8282020.35803,3580,1579.112,6128160.59581,0
1762086300000,3883.25,3883.87,3880.25,3880.25,573.329,1762086359999,2225891.31178,2025,135.068,524407.55927,0
1762086360000,3880.25,3881.44,3879.04,3881.43,828.083,1762086419999,3213472.41566,2368,456.850,1772817.21865,0
1762086420000,3881.44,3882.07,3880.78,3881.67,1148.205,1762086479999,4456507.75620,1675,251.983,978091.59057,0
1762086480000,3881.67,3881.67,3879.44,3880.01,753.387,1762086539999,2923253.96698,1854,227.925,884318.40046,0
1762086540000,3880.00,3882.37,3880.00,3881.32,736.684,1762086599999,2859150.24404,1744,517.432,2008083.57625,0
1762086600000,3881.32,3882.21,3881.32,3882.00,323.379,1762086659999,1255331.83295,1030,174.427,677104.03617,0
1762086660000,3882.01,3885.25,3882.00,3883.85,1616.885,1762086719999,6280686.42905,2694,673.387,2615405.51280,0
1762086720000,3883.86,3883.86,3880.63,3881.78,719.647,1762086779999,2793600.40635,2161,207.602,805785.20118,0
1762086780000,3881.78,3882.74,3880.98,3880.98,895.381,1762086839999,3475602.22405,1618,267.176,1037077.67391,0
1762086840000,3880.98,3880.99,3878.84,3879.29,1133.045,1762086899999,4395579.59675,1947,130.391,505806.78827,0
1762086900000,3879.30,3879.58,3877.52,3877.70,1205.805,1762086959999,4676876.02721,2265,260.721,1011243.01531,0
1762086960000,3877.70,3878.00,3876.10,3876.67,1795.006,1762087019999,6959243.11582,3865,484.394,1877937.18992,0
1762087020000,3876.68,3878.71,3873.04,3874.11,3941.276,1762087079999,15273547.92140,6221,1570.426,6086070.39182,0
1762087080000,3874.11,3875.98,3873.72,3875.32,1503.345,1762087139999,5825367.54858,2817,924.030,3580547.16924,0
1762087140000,3875.32,3875.95,3869.70,3872.58,6285.437,1762087199999,24333651.82687,7351,1539.289,5959811.75220,0
1762087200000,3872.60,3874.33,3870.20,3874.33,2775.189,1762087259999,10746085.98164,4558,1607.463,6224426.16128,0
1762087260000,3874.33,3877.53,3873.87,3877.21,1944.413,1762087319999,7536341.32329,3330,1239.627,4805048.88897,0
1762087320000,3877.21,3878.81,3876.69,3876.70,987.716,1762087379999,3829909.26192,2175,522.265,2025028.02139,0
1762087380000,3876.70,3877.75,3875.88,3876.24,1808.936,1762087439999,7013126.34546,1764,1223.498,4743413.82673,0
1762087440000,3876.24,3876.99,3875.15,3875.15,377.454,1762087499999,1463163.84546,1275,240.110,930806.53367,0
1762087500000,3875.16,3875.16,3872.24,3872.39,1802.112,1762087559999,6979802.27398,2549,632.223,2448416.80616,0
1762087560000,3872.39,3874.29,3872.00,3874.28,1005.642,1762087619999,3894784.73902,2579,526.694,2039980.07815,0
1762087620000,3874.28,3875.00,3870.27,3872.76,1566.725,1762087679999,6066658.98375,3848,610.953,2365922.37472,0
1762087680000,3872.75,3873.51,3871.44,3873.35,829.117,1762087739999,3210761.63088,2512,319.812,1238461.52712,0
1762087740000,3873.35,3874.84,3872.81,3874.03,518.331,1762087799999,2007824.97896,1643,345.631,1338838.60442,0
1762087800000,3874.02,3874.99,3872.81,3874.41,781.232,1762087859999,3026535.85067,2101,566.392,2194363.90640,0
1762087860000,3874.42,3876.00,3874.41,3875.00,1114.741,1762087919999,4319931.04808,1970,813.609,3152887.36674,0
1762087920000,3875.00,3877.70,3874.96,3876.17,2361.020,1762087979999,9152837.69063,2970,1731.376,6711900.48431,0
1762087980000,3876.16,3876.17,3874.81,3874.82,358.440,1762088039999,1389099.63099,958,141.588,548684.61939,0
1762088040000,3874.81,3876.06,3874.81,3876.05,539.790,1762088099999,2091972.08985,1299,336.103,1302534.05312,0
1762088100000,3876.05,3876.78,3876.00,3876.33,409.865,1762088159999,1588772.92580,913,255.120,988926.96854,0
1762088160000,3876.33,3877.48,3875.86,3876.79,1128.210,1762088219999,4373813.74398,2119,628.597,2436930.29891,0
1762088220000,3876.79,3876.79,3875.51,3876.58,458.042,1762088279999,1775319.14955,1033,194.819,755090.55459,0
1762088280000,3876.57,3876.58,3874.32,3874.61,662.826,1762088339999,2568635.57161,1494,178.421,691425.78864,0
1762088340000,3874.61,3876.66,3874.61,3875.91,333.283,1762088399999,1291768.58383,1809,180.434,699320.58759,0
1762088400000,3875.90,3875.91,3872.49,3872.85,1200.173,1762088459999,4649284.22053,2790,541.096,2096218.19040,0
1762088460000,3872.85,3875.92,3872.00,3875.43,927.866,1762088519999,3594389.91426,2989,463.112,1794285.41261,0
1762088520000,3875.43,3875.65,3873.51,3873.51,492.495,1762088579999,1908216.89962,2108,301.343,1167575.86939,0
1762088580000,3873.51,3875.50,3873.09,3875.09,432.058,1762088639999,1674082.59222,1518,324.274,1256406.27795,0
1762088640000,3875.10,3875.10,3873.00,3873.00,682.040,1762088699999,2642175.41791,1904,195.663,757940.87425,0
1762088700000,3873.01,3873.01,3869.86,3870.35,1650.009,1762088759999,6386208.37545,3254,689.725,2669399.14773,0
1762088760000,3870.35,3870.55,3869.00,3869.16,1205.195,1762088819999,4663693.30164,2011,479.583,1855891.58824,0
1762088820000,3869.17,3869.55,3868.00,3869.55,2186.939,1762088879999,8460832.01613,2967,784.032,3033389.94590,0
1762088880000,3869.55,3871.24,3869.10,3870.01,4443.939,1762088939999,17197739.20323,3166,2300.292,8902005.62222,0
1762088940000,3870.01,3872.79,3870.00,3872.49,1480.944,1762088999999,5733656.01047,2286,1144.954,4432784.57196,0
1762089000000,3872.49,3872.49,3869.20,3869.74,1808.200,1762089059999,6999131.16211,2288,262.105,1014397.06213,0
1762089060000,3869.74,3870.88,3869.74,3870.36,286.527,1762089119999,1108952.47072,1159,206.845,800538.65426,0
1762089120000,3870.37,3871.73,3870.36,3871.24,431.486,1762089179999,1670285.07471,1458,308.335,1193529.72160,0
1762089180000,3871.24,3871.24,3871.00,3871.00,423.986,1762089239999,1641322.24668,573,130.931,506850.36715,0
1762089240000,3871.01,3871.01,3869.29,3869.29,388.894,1762089299999,1505032.76596,1020,206.489,799086.88052,0
1762089300000,3869.30,3869.30,3865.00,3865.66,3502.928,1762089359999,13543164.73394,3705,688.843,2663278.05721,0
1762089360000,3865.66,3868.00,3864.92,3866.67,4683.007,1762089419999,18102675.53948,4952,1812.079,7005303.01820,0
1762089420000,3866.68,3867.25,3862.00,3862.50,4662.473,1762089479999,18016133.15925,5544,1113.785,4303656.65361,0
1762089480000,3862.51,3863.06,3861.24,3862.36,2597.657,1762089539999,10032255.17686,3812,1292.509,4991791.72516,0
1762089540000,3862.36,3864.22,3860.99,3861.95,2155.048,1762089599999,8324350.78020,3329,1204.173,4651661.23067,0
1762089600000,3861.95,3862.50,3860.00,3860.01,3279.465,1762089659999,12661718.88936,4174,2034.498,7855370.96042,0
1762089660000,3860.00,3860.29,3858.15,3858.61,4882.763,1762089719999,18843919.15805,5366,1830.192,7062601.46711,0
1762089720000,3858.61,3860.99,3854.44,3856.16,8121.539,1762089779999,31318674.95499,7871,2092.230,8069101.68618,0
1762089780000,3856.16,3858.00,3852.30,3856.26,4490.385,1762089839999,17309601.44615,7273,2093.466,8070401.58567,0
1762089840000,3856.26,3860.90,3854.10,3858.69,2933.020,1762089899999,11316337.69529,6071,1921.980,7415333.92836,0
1762089900000,3858.69,3861.95,3858.15,3860.89,2698.728,1762089959999,10417902.41909,5256,1839.211,7099968.96581,0
1762089960000,3860.89,3861.06,3858.83,3859.80,1399.402,1762090019999,5401798.88800,3615,760.659,2936200.24206,0
1762090020000,3859.79,3860.00,3857.08,3857.08,1953.697,1762090079999,7538792.27786,3483,549.507,2120418.20524,0
1762090080000,3857.09,3861.96,3857.05,3860.46,2812.801,1762090139999,10857776.10115,3963,1591.758,6144336.28520,0
1762090140000,3860.46,3861.20,3860.45,3861.17,1408.041,1762090199999,5436270.68906,2164,823.162,3178099.28662,0
1762090200000,3861.18,3862.00,3859.10,3861.88,2376.900,1762090259999,9176650.01146,3362,1175.795,4539712.14039,0
1762090260000,3861.88,3862.68,3858.85,3862.47,2193.287,1762090319999,8467725.20726,4179,1222.663,4720540.23742,0
1762090320000,3862.47,3864.40,3861.91,3862.06,2905.801,1762090379999,11226204.20935,4954,1709.269,6603594.78228,0
1762090380000,3862.07,3863.45,3860.00,3862.87,1315.223,1762090439999,5078930.40339,3731,726.358,2804935.57073,0
1762090440000,3862.86,3864.48,3861.84,3861.85,833.686,1762090499999,3220758.23800,1947,408.820,1579323.03317,0
1762090500000,3861.85,3861.85,3857.60,3859.02,2529.215,1762090559999,9760946.95684,4258,1307.855,5046793.69240,0
1762090560000,3859.02,3859.02,3856.01,3856.21,2039.010,1762090619999,7864956.14462,3023,662.610,2555944.51059,0
1762090620000,3856.21,3859.55,3856.21,3858.66,1448.185,1762090679999,5587140.50883,2889,974.018,3757597.16828,0
1762090680000,3858.65,3859.79,3857.50,3859.19,1386.962,1762090739999,5351642.02422,2472,1002.225,3867104.87058,0
1762090740000,3859.20,3860.93,3858.17,3860.73,805.962,1762090799999,3110667.48987,2293,483.245,1865155.42513,0
1762090800000,3860.72,3860.72,3859.80,3860.01,474.896,1762090859999,1833202.22114,1066,231.172,892354.23296,0
1762090860000,3860.01,3860.31,3858.59,3860.31,713.366,1762090919999,2753113.15016,1709,251.106,969076.20057,0
1762090920000,3860.32,3863.09,3860.11,3862.69,823.611,1762090979999,3181200.21664,2160,538.972,2081737.06862,0
1762090980000,3862.69,3864.85,3861.81,3864.25,804.877,1762091039999,3109899.94455,2309,493.792,1907770.04476,0
1762091040000,3864.26,3864.48,3863.61,3864.22,648.313,1762091099999,2505086.50999,1613,354.054,1368047.51133,0
1762091100000,3864.21,3864.22,3861.00,3861.01,545.035,1762091159999,2105368.35721,2085,230.629,890903.72624,0
1762091160000,3861.01,3861.01,3859.05,3859.67,860.103,1762091219999,3319660.65593,1872,374.257,1444442.77564,0
1762091220000,3859.68,3860.95,3859.67,3860.46,904.861,1762091279999,3492857.55460,1459,689.343,2660898.65181,0
1762091280000,3860.45,3863.40,3859.51,3863.40,1033.179,1762091339999,3989330.57922,2689,726.654,2805779.59330,0
1762091340000,3863.40,3866.67,3863.40,3865.45,2437.956,1762091399999,9423681.76437,4636,1310.649,5066127.19092,0
1762091400000,3865.45,3866.34,3863.28,3863.29,1376.401,1762091459999,5319726.16518,2724,868.851,3357941.93526,0
1762091460000,3863.28,3863.73,3862.70,3863.39,940.377,1762091519999,3633070.75760,1702,674.160,2604594.78134,0
1762091520000,3863.39,3863.72,3862.30,3862.50,520.327,1762091579999,2010003.49709,1242,258.858,999939.93945,0
1762091580000,3862.49,3863.12,3862.07,3862.84,516.111,1762091639999,1993563.27026,1464,322.683,1246411.45918,0
1762091640000,3862.84,3866.73,3862.51,3866.72,752.404,1762091699999,2908055.95617,2026,537.898,2078955.08236,0
1762091700000,3866.72,3866.72,3864.58,3864.58,643.016,1762091759999,2485676.68986,1624,249.448,964290.49078,0
1762091760000,3864.58,3866.16,3863.40,3865.92,906.990,1762091819999,3505033.80703,1853,684.612,2645600.03115,0
1762091820000,3865.93,3866.96,3865.92,3866.49,1198.209,1762091879999,4632781.87996,2067,618.763,2392374.28426,0
1762091880000,3866.48,3868.11,3865.88,3867.21,1316.466,1762091939999,5091248.61349,2377,942.665,3645700.91526,0
1762091940000,3867.22,3867.22,3866.14,3866.46,600.895,1762091999999,2323410.37715,1493,259.706,1004155.76443,0
1762092000000,3866.46,3866.81,3863.46,3864.28,931.464,1762092059999,3600303.95305,2628,321.375,1242235.16158,0
1762092060000,3864.29,3864.88,3863.50,3864.27,435.527,1762092119999,1682900.33806,1554,213.020,823121.58745,0
1762092120000,3864.27,3864.95,3863.27,3863.95,811.225,1762092179999,3134517.73405,2103,301.941,1166644.92663,0
1762092180000,3863.95,3868.00,3863.95,3867.00,1292.778,1762092239999,4999072.84947,3066,716.786,2771577.87414,0
1762092240000,3867.00,3868.00,3865.23,3867.74,725.153,1762092299999,2804018.01265,2282,450.934,1743634.51131,0
1762092300000,3867.74,3871.29,3867.73,3869.36,2313.253,1762092359999,8952490.86725,4264,1578.009,6106991.16395,0
1762092360000,3869.37,3870.60,3868.04,3869.11,1417.775,1762092419999,5485462.79447,2580,634.440,2454640.70523,0
1762092420000,3869.12,3870.09,3868.65,3869.00,667.164,1762092479999,2581480.20136,1700,321.245,1242995.06041,0
1762092480000,3869.00,3870.77,3868.50,3870.76,634.738,1762092539999,2456215.64699,1340,410.034,1586825.60837,0
1762092540000,3870.76,3871.50,3869.84,3869.84,1627.572,1762092599999,6300139.47373,2719,740.551,2866633.49756,0
1762092600000,3869.85,3870.75,3868.86,3868.86,488.039,1762092659999,1888702.14382,1766,174.162,674034.20785,0
1762092660000,3868.87,3868.87,3862.41,3862.45,2399.368,1762092719999,9273351.85479,4160,309.820,1197043.09662,0
1762092720000,3862.44,3862.45,3857.26,3859.39,2474.969,1762092779999,9552046.04483,5441,667.063,2574175.36935,0
1762092780000,3859.38,3859.38,3856.25,3857.73,1872.511,1762092839999,7223304.05155,3501,786.435,3033669.34809,0
1762092840000,3857.74,3858.96,3857.21,3858.24,835.872,1762092899999,3224659.81262,2038,449.768,1735187.98373,0
1762092900000,3858.24,3859.00,3856.53,3858.99,1524.505,1762092959999,5880853.59516,3250,802.880,3097101.66654,0
1762092960000,3859.00,3859.44,3856.55,3856.55,1172.318,1762093019999,4523146.83380,2366,549.525,2120508.06593,0
1762093020000,3856.55,3858.83,3855.83,3857.56,1260.723,1762093079999,4862491.42596,3520,599.398,2311833.76426,0
1762093080000,3857.55,3857.56,3840.00,3847.58,25178.243,1762093139999,96851761.65755,26351,6356.640,24450635.63168,0
1762093140000,3847.57,3851.61,3845.97,3850.63,5417.464,1762093199999,20852653.15737,7674,3559.172,13699786.29069,0
1762093200000,3850.64,3851.31,3847.48,3847.48,3255.108,1762093259999,12529169.67445,6805,1896.372,7299016.21000,0
1762093260000,3847.49,3847.49,3845.24,3845.41,2954.185,1762093319999,11361642.82930,6547,1566.711,6025464.93485,0
1762093320000,3845.40,3846.60,3842.50,3843.16,4751.584,1762093379999,18265831.44364,6790,1566.136,6020943.15548,0
1762093380000,3843.16,3847.79,3842.70,3846.41,3126.225,1762093439999,12022417.98070,6018,1924.492,7400925.31780,0
1762093440000,3846.41,3850.00,3845.44,3849.00,1805.432,1762093499999,6948336.92426,3894,1158.056,4456796.29586,0
1762093500000,3849.01,3849.28,3844.05,3846.01,2604.642,1762093559999,10017350.70361,5287,1072.892,4126062.76929,0
1762093560000,3846.01,3848.00,3845.60,3846.15,1109.163,1762093619999,4266777.76713,2922,712.327,2740235.44470,0
1762093620000,3846.15,3847.25,3841.00,3842.46,5184.975,1762093679999,19925487.87410,6651,1770.598,6804358.30313,0
1762093680000,3842.46,3842.85,3837.04,3838.56,8834.356,1762093739999,33918460.47225,10121,2420.232,9292359.82861,0
1762093740000,3838.57,3841.37,3838.56,3841.37,2991.284,1762093799999,11486151.22323,5470,1894.334,7273944.23640,0
1762093800000,3841.36,3845.31,3840.04,3844.70,4996.285,1762093859999,19198982.97328,7723,3933.417,15115024.27337,0
1762093860000,3844.70,3845.79,3842.85,3844.70,1932.111,1762093919999,7427848.12938,4323,1218.589,4684593.16665,0
1762093920000,3844.69,3845.98,3843.42,3845.37,1308.169,1762093979999,5029431.81480,3427,826.790,3178584.22339,0
1762093980000,3845.37,3848.27,3845.36,3847.73,1439.505,1762094039999,5537842.70659,3291,1006.109,3870342.45900,0
1762094040000,3847.72,3849.24,3846.56,3846.56,2294.805,1762094099999,8830897.95617,3510,1349.807,5194469.74085,0
1762094100000,3846.57,3849.69,3846.01,3848.99,1268.060,1762094159999,4880138.59891,3942,750.591,2888744.21981,0
1762094160000,3848.99,3851.00,3848.41,3848.67,2384.827,1762094219999,9180336.23794,4507,1214.360,4674638.77524,0
1762094220000,3848.66,3851.50,3848.66,3850.43,1383.885,1762094279999,5328835.59795,3782,859.054,3307848.03650,0
1762094280000,3850.44,3850.81,3848.46,3850.02,927.792,1762094339999,3571532.34555,3259,514.479,1980444.57503,0
1762094340000,3850.02,3850.62,3848.20,3848.99,1238.345,1762094399999,4766692.96700,2435,740.365,2849788.78804,0
1762094400000,3849.00,3851.70,3848.79,3851.69,632.021,1762094459999,2433432.81230,2422,506.096,1948605.31609,0
1762094460000,3851.70,3855.25,3851.69,3855.25,2624.174,1762094519999,10112474.96961,4773,1805.330,6957057.64565,0
1762094520000,3855.25,3857.78,3854.00,3854.11,2620.588,1762094579999,10104253.65333,5496,1474.957,5687088.08534,0
1762094580000,3854.12,3854.12,3851.63,3851.72,1870.553,1762094639999,7206439.57129,3205,563.955,2172599.67314,0
1762094640000,3851.71,3851.71,3847.51,3847.51,1324.117,1762094699999,5096306.23570,3376,234.961,904315.88129,0
1762094700000,3847.51,3847.83,3843.03,3844.35,3271.707,1762094759999,12580968.85857,4977,735.398,2828345.15412,0
1762094760000,3844.34,3850.74,3844.34,3849.30,1697.754,1762094819999,6533183.44130,4570,1140.620,4389090.69211,0
1762094820000,3849.30,3849.54,3841.00,3844.15,1646.336,1762094879999,6328294.12164,5037,602.679,2316199.60981,0
1762094880000,3844.14,3847.16,3844.14,3845.91,1385.449,1762094939999,5328330.40435,3557,986.913,3795695.20523,0
1762094940000,3845.91,3849.00,3845.21,3849.00,805.026,1762094999999,3097315.26622,2768,379.790,1461182.93902,0
1762095000000,3848.99,3852.00,3848.57,3849.47,965.295,1762095059999,3716569.88925,3702,631.559,2431660.26566,0
1762095060000,3849.46,3855.33,3849.46,3854.50,1981.422,1762095119999,7633909.84395,4338,1666.388,6420396.76890,0
1762095120000,3854.49,3855.84,3853.53,3855.64,1682.786,1762095179999,6486640.04618,3691,836.592,3224899.90349,0
1762095180000,3855.63,3857.80,3854.13,3854.13,2501.766,1762095239999,9646360.25478,5190,1702.147,6563274.91120,0
1762095240000,3854.14,3857.96,3854.13,3857.63,1478.978,1762095299999,5703681.84846,3154,790.058,3046807.59933,0
1762095300000,3857.63,3857.63,3855.97,3856.17,671.343,1762095359999,2589220.65737,1932,282.891,1091006.29317,0
1762095360000,3856.18,3856.96,3855.21,3855.81,863.495,1762095419999,3329652.81662,2456,411.159,1585396.91912,0
1762095420000,3855.82,3856.44,3851.50,3852.21,1107.349,1762095479999,4267482.27536,3227,257.242,991325.57050,0
1762095480000,3852.21,3852.21,3850.00,3851.36,890.727,1762095539999,3429938.88887,2416,191.021,735559.26359,0
1762095540000,3851.35,3851.41,3849.35,3851.40,796.142,1762095599999,3065552.39818,2014,182.532,702835.48788,0
1762095600000,3851.40,3851.41,3849.00,3849.45,679.812,1762095659999,2617605.92209,2685,310.748,1196495.22151,0
1762095660000,3849.45,3849.46,3846.36,3846.36,868.659,1762095719999,3342385.00769,3188,314.192,1208903.79732,0
1762095720000,3846.36,3849.23,3844.01,3848.39,1731.321,1762095779999,6658430.51027,4327,739.994,2846229.02361,0
1762095780000,3848.40,3850.13,3848.40,3848.52,991.046,1762095839999,3814812.71248,2752,638.002,2455814.87158,0
1762095840000,3848.52,3851.21,3848.52,3849.90,862.825,1762095899999,3322257.30006,2699,479.660,1846927.68717,0
1762095900000,3849.90,3852.34,3849.00,3852.34,601.519,1762095959999,2316504.02419,2140,432.022,1663788.29544,0
1762095960000,3852.34,3852.34,3849.76,3850.71,827.890,1762096019999,3188186.92631,2660,309.897,1193288.22004,0
1762096020000,3850.71,3850.93,3846.38,3846.72,1156.294,1762096079999,4449903.38941,3013,217.822,838347.40243,0
1762096080000,3846.72,3849.30,3846.55,3849.29,367.045,1762096139999,1412210.77225,1749,237.775,914865.78551,0
1762096140000,3849.29,3857.69,3849.09,3857.69,2438.052,1762096199999,9396691.46354,5346,1741.248,6710958.96858,0
1762096200000,3857.68,3859.35,3852.73,3852.96,2896.187,1762096259999,11169704.61747,5418,1290.572,4978794.45089,0
1762096260000,3852.97,3853.67,3851.49,3852.01,607.081,1762096319999,2338888.03265,1857,358.265,1380279.75630,0
1762096320000,3852.01,3852.29,3850.31,3852.05,758.448,1762096379999,2921027.30489,1974,244.204,940515.59881,0
1762096380000,3852.04,3855.40,3852.04,3855.40,666.501,1762096439999,2568537.12479,2330,328.055,1264301.43415,0
1762096440000,3855.40,3856.00,3853.23,3855.43,1513.334,1762096499999,5833258.69822,2736,758.689,2924480.96414,0
1762096500000,3855.43,3856.12,3854.46,3855.71,956.217,1762096559999,3686581.63594,2235,592.885,2285784.14857,0
1762096560000,3855.71,3857.83,3855.71,3857.29,1242.316,1762096619999,4791185.09027,2556,581.311,2241739.53753,0
1762096620000,3857.29,3857.29,3852.80,3854.99,760.627,1762096679999,2931516.78025,2952,304.567,1173738.19472,0
1762096680000,3854.99,3855.73,3853.00,3853.32,555.475,1762096739999,2140634.32996,1852,214.775,827614.00814,0
1762096740000,3853.32,3857.67,3853.31,3856.41,1268.569,1762096799999,4890599.65429,2576,899.957,3468894.41376,0
1762096800000,3856.40,3858.00,3855.80,3858.00,1428.007,1762096859999,5507459.77223,2636,637.333,2458105.62636,0
1762096860000,3857.99,3858.00,3855.00,3856.82,973.704,1762096919999,3755012.86828,3077,442.288,1705604.58233,0
1762096920000,3856.83,3859.90,3856.82,3859.61,1155.218,1762096979999,4457906.12280,2666,846.366,3266087.90015,0
1762096980000,3859.62,3861.73,3859.22,3861.00,2152.460,1762097039999,8309577.87745,4046,1525.473,5889011.32518,0
1762097040000,3861.00,3861.35,3859.74,3860.50,1010.895,1762097099999,3902635.06299,2418,591.502,2283517.48875,0
1762097100000,3860.51,3866.01,3860.32,3866.00,4569.225,1762097159999,17655209.77170,7321,3516.042,13585682.33749,0
1762097160000,3866.01,3869.00,3865.08,3865.45,2962.615,1762097219999,11456582.27590,5116,1737.817,6720577.88848,0
1762097220000,3865.45,3865.45,3862.00,3862.61,1118.680,1762097279999,4321738.13640,2700,325.960,1259125.90735,0
1762097280000,3862.60,3864.58,3862.42,3863.19,966.949,1762097339999,3735537.31064,2104,439.608,1698202.61545,0
1762097340000,3863.19,3865.99,3863.19,3865.98,999.565,1762097399999,3862591.56926,1825,578.525,2235669.32383,0
1762097400000,3865.98,3866.37,3863.66,3864.53,1613.064,1762097459999,6234149.44454,2847,281.798,1089040.49631,0
1762097460000,3864.50,3869.91,3864.14,3867.46,3001.213,1762097519999,11609130.30237,4891,2078.068,8038019.52698,0
1762097520000,3867.45,3868.17,3866.49,3867.00,1144.276,1762097579999,4425502.46114,2727,333.883,1291321.42742,0
1762097580000,3867.00,3868.17,3866.75,3866.90,1001.274,1762097639999,3872193.88911,1874,301.335,1165293.33695,0
1762097640000,3866.90,3868.15,3866.73,3866.73,803.919,1762097699999,3108875.00728,1494,536.412,2074354.41479,0
1762097700000,3866.74,3867.68,3865.98,3865.98,869.363,1762097759999,3361910.16241,2055,368.136,1423648.53512,0
1762097760000,3865.98,3865.98,3862.04,3862.88,1691.976,1762097819999,6536660.46037,3605,346.655,1339147.83731,0
1762097820000,3862.87,3863.01,3860.40,3862.80,1087.237,1762097879999,4198548.80671,2561,341.244,1317835.48110,0
1762097880000,3862.81,3863.01,3861.37,3862.02,792.742,1762097939999,3061599.15896,2255,253.231,977980.73548,0
1762097940000,3862.03,3866.82,3862.02,3865.05,1127.548,1762097999999,4357999.08430,3251,667.255,2578700.40068,0
1762098000000,3865.05,3865.06,3860.23,3861.31,1927.045,1762098059999,7444125.84599,3334,544.135,2102055.15861,0
1762098060000,3861.31,3861.31,3858.32,3859.34,1237.117,1762098119999,4774735.80176,2859,400.011,1543784.23766,0
1762098120000,3859.33,3859.33,3853.00,3854.99,4707.331,1762098179999,18148631.54805,5407,782.980,3018661.70724,0
1762098180000,3854.99,3856.80,3854.99,3856.54,1176.864,1762098239999,4538080.61992,1787,662.818,2555783.15383,0
1762098240000,3856.54,3857.36,3855.00,3856.97,1031.846,1762098299999,3979163.74783,1992,731.163,2819658.73327,0
1762098300000,3856.98,3859.06,3856.97,3859.05,525.551,1762098359999,2027470.85765,1708,253.686,978668.44280,0
1762098360000,3859.06,3861.00,3858.85,3860.21,1001.759,1762098419999,3866722.52963,2436,709.490,2738497.38891,0
1762098420000,3860.22,3861.31,3858.95,3859.55,1068.656,1762098479999,4125362.00473,2217,402.567,1553889.35577,0
1762098480000,3859.56,3859.67,3858.31,3858.78,443.878,1762098539999,1712954.49211,1355,215.359,831064.18886,0
1762098540000,3858.78,3858.79,3856.23,3856.24,759.749,1762098599999,2930508.31815,2144,272.364,1050510.74395,0
1762098600000,3856.23,3856.91,3855.55,3855.55,870.225,1762098659999,3355927.08494,1966,274.773,1059570.62382,0
1762098660000,3855.55,3856.22,3854.81,3854.81,492.033,1762098719999,1897055.90476,1442,189.461,730488.90354,0
1762098720000,3854.82,3855.57,3853.15,3855.53,969.176,1762098779999,3735747.18324,2918,386.052,1488066.99261,0
1762098780000,3855.53,3857.91,3855.52,3857.91,352.685,1762098839999,1360105.28898,1325,214.338,826617.09036,0
1762098840000,3857.90,3858.52,3857.35,3857.64,462.391,1762098899999,1783836.77848,1312,185.887,717108.13279,0
1762098900000,3857.65,3857.76,3856.81,3857.54,740.667,1762098959999,2856888.86839,1551,459.874,1773730.40543,0
1762098960000,3857.53,3857.53,3855.10,3856.03,1016.904,1762099019999,3921671.42048,2297,351.785,1356559.13407,0
1762099020000,3856.04,3856.04,3852.00,3853.73,1037.139,1762099079999,3996972.33378,2992,322.425,1242525.67549,0
1762099080000,3853.73,3854.44,3853.11,3853.31,737.103,1762099139999,2840490.80796,1716,361.031,1391237.27092,0
1762099140000,3853.32,3853.81,3850.80,3851.63,1607.376,1762099199999,6191914.91752,3272,595.857,2295356.69834,0
1762099200000,3851.63,3853.02,3845.08,3851.90,6324.482,1762099259999,24348719.97512,10432,3058.593,11775802.42422,0
1762099260000,3851.91,3855.00,3848.08,3854.00,2807.979,1762099319999,10817446.38200,6016,1970.105,7590103.42449,0
1762099320000,3854.00,3856.99,3853.00,3853.27,2003.081,1762099379999,7721480.32894,4728,1234.501,4758691.48237,0
1762099380000,3853.27,3853.96,3849.32,3850.92,1259.856,1762099439999,4852064.11254,4401,817.699,3149199.07789,0
1762099440000,3850.92,3850.92,3847.50,3847.71,1244.812,1762099499999,4791415.03214,3732,437.915,1685605.32695,0
1762099500000,3847.71,3849.80,3846.84,3847.43,2438.309,1762099559999,9382544.69758,4867,1296.771,4990009.31322,0
1762099560000,3847.44,3848.64,3846.16,3847.77,1433.639,1762099619999,5516091.55112,4039,548.200,2109243.85074,0
1762099620000,3847.78,3850.11,3846.17,3848.56,1960.894,1762099679999,7545448.73857,5021,806.918,3105371.36233,0
1762099680000,3848.56,3848.57,3845.51,3847.60,1837.357,1762099739999,7067849.85057,4617,798.965,3073473.78357,0
1762099740000,3847.59,3852.67,3847.59,3850.76,1621.286,1762099799999,6242957.17379,3629,929.939,3580603.82464,0
1762099800000,3850.77,3854.82,3850.77,3854.22,1905.695,1762099859999,7344586.18216,3627,1318.581,5081778.95525,0
1762099860000,3854.23,3854.23,3851.41,3853.48,954.115,1762099919999,3676336.20049,2351,321.272,1237688.70150,0
1762099920000,3853.48,3853.49,3848.63,3848.63,1319.913,1762099979999,5083702.87923,2859,498.545,1920268.44323,0
1762099980000,3848.63,3848.63,3845.40,3847.66,3342.302,1762100039999,12856756.48800,5604,986.914,3796172.29327,0
1762100040000,3847.66,3848.39,3843.00,3845.12,2811.074,1762100099999,10808163.65325,5388,586.739,2256249.11514,0
1762100100000,3845.13,3846.19,3838.23,3839.62,5226.215,1762100159999,20078699.27484,8075,1910.623,7341085.73962,0
1762100160000,3839.61,3842.03,3838.70,3841.01,5941.706,1762100219999,22819714.96299,7413,2882.742,11071622.02916,0
1762100220000,3841.00,3847.86,3841.00,3847.86,1906.900,1762100279999,7330081.56579,3735,1408.768,5415593.60845,0
1762100280000,3847.86,3847.86,3844.05,3844.52,1267.178,1762100339999,4872846.30325,3411,434.488,1670664.13948,0
1762100340000,3844.53,3847.36,3844.53,3845.72,1276.717,1762100399999,4909692.35818,3090,590.222,2269857.09757,0
1762100400000,3845.71,3850.77,3845.71,3850.76,1030.563,1762100459999,3966649.11891,3174,856.817,3297892.75756,0
1762100460000,3850.76,3850.77,3849.01,3849.42,1163.447,1762100519999,4479143.44588,2806,600.490,2311823.84806,0
1762100520000,3849.42,3851.60,3849.42,3851.37,719.381,1762100579999,2769760.58355,2100,483.966,1863331.16855,0
1762100580000,3851.37,3853.71,3850.46,3853.71,2088.786,1762100639999,8047323.78493,3911,1692.400,6520109.31233,0
1762100640000,3853.70,3859.97,3853.70,3855.91,3307.824,1762100699999,12758697.65697,6376,2186.781,8434537.05942,0
1762100700000,3855.92,3861.00,3855.35,3858.49,2754.749,1762100759999,10631178.08143,4886,1629.780,6289730.50524,0
1762100760000,3858.50,3860.16,3857.00,3857.68,2850.908,1762100819999,11001330.78241,4409,1386.812,5351607.99243,0
1762100820000,3857.68,3858.60,3856.03,3856.05,1074.085,1762100879999,4143409.32986,2520,476.538,1838308.45768,0
1762100880000,3856.06,3857.52,3856.05,3857.05,638.564,1762100939999,2462804.30808,1538,382.584,1475532.00342,0
1762100940000,3857.05,3858.83,3856.70,3858.00,499.416,1762100999999,1926719.43741,1514,270.990,1045430.82886,0
1762101000000,3858.01,3858.32,3853.70,3854.19,1197.600,1762101059999,4617003.34378,3403,425.473,1640136.43785,0
1762101060000,3854.20,3855.11,3851.75,3853.63,1194.124,1762101119999,4601127.33746,2944,370.295,1426793.42548,0
1762101120000,3853.62,3856.17,3853.40,3856.16,948.957,1762101179999,3657659.92993,2286,482.593,1860270.13751,0
1762101180000,3856.16,3857.31,3854.04,3854.51,517.516,1762101239999,1995300.95819,2076,188.965,728591.51907,0
1762101240000,3854.51,3855.19,3849.28,3855.18,1850.594,1762101299999,7127984.32613,4946,643.699,2479593.75195,0
1762101300000,3855.18,3856.79,3853.07,3856.79,968.328,1762101359999,3733020.59626,3230,437.993,1688390.93967,0
1762101360000,3856.79,3857.31,3855.17,3856.22,804.698,1762101419999,3103172.12737,2914,475.685,1834353.45300,0
1762101420000,3856.23,3858.11,3855.53,3855.86,985.328,1762101479999,3799983.37852,2898,486.962,1877881.74929,0
1762101480000,3855.87,3856.21,3852.57,3854.22,624.050,1762101539999,2405109.56474,2481,423.463,1631987.64120,0
1762101540000,3854.23,3856.48,3853.80,3854.30,405.020,1762101599999,1561553.01635,1983,156.058,601652.54187,0
1762101600000,3854.29,3855.80,3853.70,3855.80,468.677,1762101659999,1806607.07315,2104,219.173,844820.82457,0
1762101660000,3855.79,3856.82,3854.44,3856.45,385.870,1762101719999,1487801.38326,1784,105.776,407823.93580,0
1762101720000,3856.45,3859.67,3856.30,3859.28,1288.523,1762101779999,4971590.40505,2493,914.344,3527875.21967,0
1762101780000,3859.28,3859.67,3857.00,3857.47,943.157,1762101839999,3639602.45361,1897,490.977,1894743.04010,0
1762101840000,3857.48,3860.00,3857.13,3859.64,781.444,1762101899999,3015866.73064,1987,401.872,1550884.35331,0
1762101900000,3859.65,3860.11,3856.13,3856.14,808.108,1762101959999,3118504.65736,2328,399.612,1542247.87590,0
1762101960000,3856.14,3858.45,3855.60,3858.44,948.644,1762102019999,3659708.60186,2350,270.021,1041494.45854,0
1762102020000,3858.44,3859.67,3857.94,3858.98,836.931,1762102079999,3229338.63584,1655,487.229,1879866.70697,0
1762102080000,3858.98,3859.03,3858.22,3859.00,405.336,1762102139999,1564124.34862,1120,267.026,1030401.97751,0
1762102140000,3859.01,3859.02,3856.16,3856.97,758.025,1762102199999,2924445.48556,1546,66.460,256321.98689,0
1762102200000,3856.97,3856.97,3854.83,3856.46,629.744,1762102259999,2428102.55589,1913,303.392,1169765.53984,0
1762102260000,3856.46,3856.98,3856.20,3856.44,241.865,1762102319999,932730.18503,750,99.144,382337.89181,0
1762102320000,3856.43,3860.28,3856.43,3859.66,1258.469,1762102379999,4856630.17476,2539,912.216,3520266.09856,0
1762102380000,3859.65,3859.66,3858.67,3858.92,522.102,1762102439999,2014805.73409,1227,110.615,426855.27321,0
1762102440000,3858.92,3860.00,3857.95,3859.99,266.409,1762102499999,1028092.63100,1121,171.768,662845.37164,0
1762102500000,3860.00,3863.00,3859.99,3862.68,1920.655,1762102559999,7417265.75957,2745,1501.038,5796549.82471,0
1762102560000,3862.68,3862.86,3862.26,3862.28,796.701,1762102619999,3077333.77573,1109,344.209,1329525.07528,0
1762102620000,3862.28,3863.17,3862.22,3863.17,874.913,1762102679999,3379424.85151,1444,605.423,2338488.14163,0
1762102680000,3863.17,3863.58,3862.21,3862.61,608.466,1762102739999,2350435.32857,1298,264.093,1020167.87541,0
1762102740000,3862.61,3862.88,3861.76,3862.75,1076.143,1762102799999,4156325.80201,1252,478.733,1848853.63568,0
1762102800000,3862.75,3862.76,3859.80,3859.80,814.849,1762102859999,3146512.04984,2346,200.150,772899.24708,0
1762102860000,3859.80,3861.27,3859.31,3861.26,645.269,1762102919999,2490950.69660,1978,298.691,1152935.62995,0
1762102920000,3861.27,3861.48,3858.91,3861.47,1028.969,1762102979999,3971924.52456,2589,395.184,1525385.51249,0
1762102980000,3861.47,3861.48,3858.71,3859.71,700.116,1762103039999,2702273.07508,1502,387.805,1496586.04798,0
1762103040000,3859.71,3859.72,3857.35,3857.35,305.053,1762103099999,1177141.10145,1167,49.521,191087.43665,0
1762103100000,3857.35,3858.53,3856.98,3858.52,768.105,1762103159999,2963006.11087,1454,567.559,2189419.88986,0
1762103160000,3858.52,3861.08,3858.52,3859.42,786.707,1762103219999,3036840.58130,1914,493.864,1906374.78999,0
1762103220000,3859.42,3859.42,3857.60,3859.08,486.501,1762103279999,1877202.56185,1433,246.078,949424.23679,0
1762103280000,3859.08,3860.13,3859.00,3859.61,605.995,1762103339999,2338899.95957,947,344.047,1327841.49799,0
1762103340000,3859.61,3859.62,3858.13,3858.30,593.501,1762103399999,2290084.78354,1435,251.197,969198.73491,0
1762103400000,3858.29,3859.15,3857.39,3858.78,291.715,1762103459999,1125500.75073,1436,131.657,507932.25219,0
1762103460000,3858.78,3860.15,3858.56,3859.21,447.648,1762103519999,1727616.33166,1498,216.952,837281.00032,0
1762103520000,3859.20,3859.21,3857.18,3857.97,395.226,1762103579999,1524764.77891,1120,49.491,190937.30166,0
1762103580000,3857.98,3858.12,3856.98,3856.99,505.443,1762103639999,1949867.16625,941,206.162,795320.91164,0
1762103640000,3856.98,3858.10,3856.98,3857.91,461.507,1762103699999,1780393.46231,977,302.638,1167502.30818,0
1762103700000,3857.92,3857.92,3856.97,3857.48,276.701,1762103759999,1067271.43157,911,160.919,620670.11986,0
1762103760000,3857.49,3860.00,3857.48,3858.48,770.680,1762103819999,2973732.76710,2015,545.250,2103838.83178,0
1762103820000,3858.48,3858.96,3858.06,3858.94,240.463,1762103879999,927845.60093,1022,133.732,516008.32660,0
1762103880000,3858.94,3858.95,3855.47,3855.48,469.529,1762103939999,1810826.68235,1609,82.302,317426.29066,0
1762103940000,3855.47,3855.48,3852.12,3853.67,1073.350,1762103999999,4136176.33979,2944,303.829,1170807.99419,0
1762104000000,3853.67,3854.62,3852.25,3854.61,609.042,1762104059999,2347014.42508,1970,247.983,955609.77043,0
1762104060000,3854.61,3854.71,3853.22,3854.70,372.135,1762104119999,1434180.41475,1797,108.662,418767.93516,0
1762104120000,3854.71,3854.71,3852.70,3853.91,439.633,1762104179999,1694271.94798,1393,127.154,490019.61481,0
1762104180000,3853.91,3855.99,3853.91,3855.99,377.821,1762104239999,1456467.54585,1194,272.682,1051150.43563,0
1762104240000,3855.99,3859.71,3855.99,3859.71,1564.954,1762104299999,6036290.41327,2410,1254.115,4837327.63948,0
1762104300000,3859.70,3860.38,3857.63,3858.21,406.528,1762104359999,1568894.97875,1521,188.412,727170.96907,0
1762104360000,3858.22,3860.26,3858.21,3858.63,467.384,1762104419999,1803621.68782,1620,240.845,929441.97971,0
1762104420000,3858.63,3860.00,3858.62,3860.00,192.579,1762104479999,743230.13932,701,134.656,519684.75735,0
1762104480000,3859.99,3860.00,3857.82,3858.31,490.079,1762104539999,1890983.13412,1232,114.635,442382.01436,0
1762104540000,3858.31,3858.40,3857.68,3857.68,161.115,1762104599999,621570.90219,633,44.592,172032.93817,0
1762104600000,3857.68,3857.88,3856.44,3856.44,174.725,1762104659999,673876.27953,961,49.354,190348.51684,0
1762104660000,3856.45,3856.45,3853.98,3854.11,609.823,1762104719999,2350621.65595,1636,134.520,518462.19339,0
1762104720000,3854.11,3854.99,3854.11,3854.99,263.467,1762104779999,1015546.94059,875,196.543,757585.48462,0
1762104780000,3854.99,3855.19,3854.12,3854.12,187.055,1762104839999,721090.97423,773,84.988,327640.15185,0
1762104840000,3854.13,3854.13,3850.52,3851.85,1242.246,1762104899999,4784653.59527,3291,513.654,1978295.12195,0
1762104900000,3851.85,3852.78,3851.73,3851.73,446.784,1762104959999,1721136.87872,1604,182.803,704215.77716,0
1762104960000,3851.74,3852.71,3851.55,3851.55,211.087,1762105019999,813136.07632,1293,80.928,311753.07838,0
1762105020000,3851.55,3854.98,3851.55,3854.98,350.464,1762105079999,1350625.10444,1423,253.688,977684.65470,0
1762105080000,3854.98,3854.98,3853.29,3853.30,293.513,1762105139999,1131152.13402,1270,115.870,446535.88561,0
1762105140000,3853.30,3854.00,3853.29,3853.99,286.023,1762105199999,1102171.44635,898,182.145,701871.83696,0
1762105200000,3853.99,3854.68,3853.40,3853.66,288.152,1762105259999,1110505.51569,1331,92.002,354569.70571,0
1762105260000,3853.66,3853.66,3852.04,3852.57,403.794,1762105319999,1555697.99231,1519,157.653,607363.02397,0
1762105320000,3852.57,3853.21,3851.92,3853.20,201.446,1762105379999,776037.16545,993,102.251,393913.06579,0
1762105380000,3853.21,3854.91,3853.21,3854.26,540.379,1762105439999,2082677.61895,1459,281.833,1086158.91902,0
1762105440000,3854.27,3854.50,3853.46,3854.50,359.028,1762105499999,1383630.21602,796,133.774,515533.76584,0
1762105500000,3854.50,3854.67,3853.46,3853.46,323.871,1762105559999,1248308.24697,717,75.669,291653.04785,0
1762105560000,3853.46,3854.99,3853.02,3854.98,324.236,1762105619999,1249642.67400,1241,231.346,891665.81018,0
1762105620000,3854.98,3855.13,3852.32,3852.32,346.894,1762105679999,1336839.04833,1178,105.440,406430.85110,0
1762105680000,3852.32,3852.76,3851.00,3852.75,1475.341,1762105739999,5683253.98681,1656,1183.032,4557311.05776,0
1762105740000,3852.75,3852.76,3851.55,3852.41,195.330,1762105799999,752416.48989,1028,91.824,353712.27651,0
1762105800000,3852.41,3852.96,3852.00,3852.00,387.020,1762105859999,1490988.09312,1101,225.102,867206.46616,0
1762105860000,3852.01,3852.01,3850.20,3850.32,579.766,1762105919999,2232680.25122,1314,248.983,958809.40058,0
1762105920000,3850.31,3850.76,3847.85,3849.76,1628.645,1762105979999,6268579.45469,3065,295.866,1138892.49377,0
1762105980000,3849.77,3850.00,3849.32,3849.78,314.414,1762106039999,1210384.93519,888,229.819,884729.27948,0
1762106040000,3849.78,3853.72,3849.25,3853.72,532.122,1762106099999,2049386.18303,2163,454.906,1752036.59274,0
1762106100000,3853.72,3854.00,3853.12,3854.00,317.236,1762106159999,1222443.39200,1035,191.070,736278.53867,0
1762106160000,3854.00,3855.88,3853.99,3855.88,658.122,1762106219999,2537001.90038,1427,539.464,2079585.28557,0
1762106220000,3855.88,3855.88,3855.00,3855.10,274.828,1762106279999,1059509.61161,714,90.827,350149.62286,0
1762106280000,3855.11,3855.84,3855.00,3855.84,277.861,1762106339999,1071187.80306,687,112.634,434227.74989,0
1762106340000,3855.83,3858.04,3855.83,3857.70,997.085,1762106399999,3845751.92169,1738,680.651,2625281.78589,0
1762106400000,3857.70,3857.70,3856.47,3857.00,502.136,1762106459999,1936765.53453,1375,141.204,544595.46498,0
1762106460000,3856.99,3857.00,3855.34,3855.34,382.420,1762106519999,1474660.64025,919,111.021,428171.51574,0
1762106520000,3855.35,3856.24,3855.04,3856.24,288.267,1762106579999,1111370.53267,922,105.012,404872.75226,0
1762106580000,3856.25,3856.40,3855.30,3855.99,183.846,1762106639999,708893.91118,750,41.492,159982.59029,0
1762106640000,3855.99,3856.00,3855.24,3855.97,173.114,1762106699999,667445.83466,872,32.744,126242.41080,0
1762106700000,3855.97,3857.78,3855.96,3857.76,325.705,1762106759999,1256199.63244,1059,257.181,991924.05101,0
1762106760000,3857.77,3858.45,3856.51,3857.33,403.862,1762106819999,1557784.76584,1523,179.948,694092.12112,0
1762106820000,3857.34,3859.57,3857.33,3859.56,378.808,1762106879999,1461663.44389,1167,364.859,1407837.13903,0
1762106880000,3859.56,3862.76,3857.68,3857.99,2263.484,1762106939999,8739231.39027,3986,1545.887,5969042.41283,0
1762106940000,3858.00,3858.52,3857.74,3857.99,326.565,1762106999999,1259918.36963,1175,102.769,396480.61958,0
1762107000000,3858.00,3860.38,3857.99,3860.07,1366.286,1762107059999,5272334.59423,1465,1181.340,4558514.88685,0
1762107060000,3860.08,3860.08,3857.81,3857.92,264.193,1762107119999,1019416.09003,1058,123.530,476611.03915,0
1762107120000,3857.92,3858.97,3857.69,3858.97,137.150,1762107179999,529106.87508,685,106.129,409428.96497,0
1762107180000,3858.96,3858.97,3855.98,3855.98,338.099,1762107239999,1304081.86901,1312,25.062,96681.26090,0
1762107240000,3855.99,3855.99,3855.00,3855.00,294.348,1762107299999,1134835.99597,700,13.552,52250.84636,0
1762107300000,3855.00,3855.66,3854.18,3854.92,401.072,1762107359999,1546042.68344,1266,178.664,688669.88892,0
1762107360000,3854.92,3855.62,3854.56,3855.62,150.153,1762107419999,578820.68751,710,69.329,267260.30238,0
1762107420000,3855.62,3855.62,3853.52,3854.05,293.491,1762107479999,1131228.04498,1159,74.466,286984.81633,0
1762107480000,3854.06,3858.06,3853.79,3858.06,428.609,1762107539999,1652727.19525,1798,360.206,1389034.44303,0
1762107540000,3858.05,3859.45,3857.59,3858.70,342.966,1762107599999,1323474.16037,1334,226.554,874245.57747,0
1762107600000,3858.70,3860.13,3857.64,3860.12,440.591,1762107659999,1700282.22168,1579,247.427,954922.45094,0
1762107660000,3860.13,3860.23,3858.65,3859.54,531.089,1762107719999,2049727.79252,1066,159.268,614652.27193,0
1762107720000,3859.54,3859.58,3858.66,3859.49,316.858,1762107779999,1222793.71912,987,100.177,386604.28440,0
1762107780000,3859.50,3860.00,3859.23,3859.68,421.874,1762107839999,1628262.66863,843,184.908,713648.05700,0
1762107840000,3859.68,3859.69,3858.73,3858.97,455.361,1762107899999,1757241.28339,835,190.000,733191.82776,0
1762107900000,3858.96,3858.97,3856.26,3856.31,343.572,1762107959999,1325246.87397,1319,40.628,156729.95866,0
1762107960000,3856.31,3857.49,3856.31,3857.48,112.151,1762108019999,432565.23451,667,86.203,332480.68107,0
1762108020000,3857.49,3858.24,3857.48,3858.02,159.755,1762108079999,616334.60115,650,82.094,316709.87909,0
1762108080000,3858.01,3858.88,3858.01,3858.88,118.239,1762108139999,456234.16384,516,53.914,208028.22497,0
1762108140000,3858.88,3859.14,3858.12,3858.91,178.013,1762108199999,686923.40805,916,42.587,164331.59445,0
1762108200000,3858.92,3859.30,3857.49,3859.29,368.004,1762108259999,1419893.47445,1241,288.130,1111703.54504,0
1762108260000,3859.30,3860.99,3859.30,3860.99,407.337,1762108319999,1572533.79505,892,297.272,1147610.85551,0
1762108320000,3860.98,3861.00,3860.06,3860.99,295.512,1762108379999,1140883.69211,780,126.642,488933.31226,0
1762108380000,3860.99,3861.20,3860.79,3860.79,312.071,1762108439999,1204936.22714,735,249.516,963408.85448,0
1762108440000,3860.79,3860.79,3858.77,3860.39,287.549,1762108499999,1109789.61582,1357,167.033,644632.12951,0
1762108500000,3860.39,3860.59,3860.14,3860.51,398.926,1762108559999,1539994.43464,733,157.891,609506.55303,0
1762108560000,3860.51,3860.52,3859.37,3859.56,666.460,1762108619999,2572324.27213,951,176.347,680607.45235,0
1762108620000,3859.56,3864.66,3859.55,3864.35,1607.743,1762108679999,6210318.62093,2156,1434.282,5540430.49646,0
1762108680000,3864.35,3865.89,3862.34,3863.36,2049.807,1762108739999,7921600.51053,3448,1674.850,6472821.74158,0
1762108740000,3863.37,3863.40,3861.03,3861.50,1179.235,1762108799999,4555085.79433,1407,68.622,264975.98433,0
1762108800000,3861.50,3862.79,3860.83,3862.79,313.571,1762108859999,1210894.31387,1257,181.523,700947.29738,0
1762108860000,3862.78,3864.02,3862.78,3863.76,285.480,1762108919999,1103018.75496,863,119.693,462436.48282,0
1762108920000,3863.76,3864.30,3863.30,3863.74,367.495,1762108979999,1419916.37481,1061,241.092,931495.92520,0
1762108980000,3863.73,3864.43,3863.69,3864.00,324.712,1762109039999,1254726.43787,1036,197.031,761343.81026,0
1762109040000,3864.00,3864.01,3863.00,3863.27,263.716,1762109099999,1018869.64266,790,97.783,377749.89075,0
1762109100000,3863.28,3864.34,3863.27,3864.34,242.536,1762109159999,937143.97210,890,136.803,528583.03508,0
1762109160000,3864.34,3865.43,3863.75,3864.31,615.331,1762109219999,2377985.87934,1579,259.020,1000966.58764,0
1762109220000,3864.32,3864.87,3863.34,3863.80,541.149,1762109279999,2091057.84442,1377,227.737,879996.36480,0
1762109280000,3863.79,3864.89,3863.79,3863.79,248.279,1762109339999,959430.29544,961,97.795,377894.48253,0
1762109340000,3863.79,3863.80,3862.86,3862.86,281.771,1762109399999,1088474.17185,835,114.914,443899.32790,0
1762109400000,3862.87,3863.24,3862.50,3862.50,305.028,1762109459999,1178292.81746,696,143.793,555462.07096,0
1762109460000,3862.51,3864.00,3862.50,3863.70,239.659,1762109519999,925915.52757,918,108.022,417308.81420,0
1762109520000,3863.70,3863.71,3860.36,3860.36,493.210,1762109579999,1904685.32734,1680,98.917,382085.09865,0
1762109580000,3860.36,3862.49,3860.36,3862.32,281.824,1762109639999,1088122.17869,987,217.800,840872.15507,0
1762109640000,3862.32,3863.00,3861.29,3861.98,147.898,1762109699999,571240.77970,1191,59.104,228283.07183,0
1762109700000,3861.98,3863.52,3861.98,3863.52,332.913,1762109759999,1285927.04419,1133,279.567,1079854.25776,0
1762109760000,3863.52,3864.58,3862.73,3862.73,350.671,1762109819999,1355019.33051,1262,262.388,1013902.69010,0
1762109820000,3862.72,3862.72,3860.12,3860.51,422.831,1762109879999,1632412.74382,1558,190.100,733871.06571,0
1762109880000,3860.52,3863.56,3860.51,3862.16,1143.075,1762109939999,4414284.88608,1923,970.709,3748488.39773,0
1762109940000,3862.17,3862.45,3862.17,3862.44,97.886,1762109999999,378069.52493,343,82.595,319009.60754,0
1762110000000,3862.44,3862.99,3861.90,3862.40,468.411,1762110059999,1809197.94772,1268,309.170,1194153.57049,0
1762110060000,3862.39,3862.40,3860.82,3861.18,375.267,1762110119999,1449051.60804,1146,99.457,384017.63892,0
1762110120000,3861.17,3862.46,3861.17,3862.15,845.919,1762110179999,3266678.28138,1305,682.723,2636465.41471,0
1762110180000,3862.16,3862.23,3861.35,3861.48,303.021,1762110239999,1170221.76055,679,112.067,432787.90329,0
1762110240000,3861.48,3861.63,3859.09,3859.43,1067.480,1762110299999,4120611.53247,1583,114.755,442942.53849,0
1762110300000,3859.43,3860.97,3859.15,3860.51,607.593,1762110359999,2345363.13797,1489,474.757,1832630.52409,0
1762110360000,3860.51,3860.51,3859.45,3859.60,604.752,1762110419999,2334274.01613,1261,356.386,1375598.28848,0
1762110420000,3859.60,3859.60,3854.38,3856.65,2313.914,1762110479999,8923827.28819,3929,400.211,1543169.40129,0
1762110480000,3856.61,3857.38,3855.87,3857.37,1096.638,1762110539999,4229266.47077,1369,711.181,2742737.24604,0
1762110540000,3857.38,3857.80,3856.80,3857.77,422.344,1762110599999,1629099.00552,980,65.994,254550.73194,0
1762110600000,3857.76,3859.84,3857.74,3859.83,613.489,1762110659999,2366934.83109,1067,477.255,1841332.65807,0
1762110660000,3859.83,3862.36,3859.83,3861.11,765.762,1762110719999,2957168.71854,1602,432.345,1669514.99423,0
1762110720000,3861.10,3861.35,3860.00,3861.23,406.762,1762110779999,1570428.58764,1186,115.917,447493.70138,0
1762110780000,3861.21,3861.21,3860.00,3860.01,117.700,1762110839999,454392.07152,759,48.832,188515.58682,0
1762110840000,3860.00,3860.23,3859.63,3860.22,91.743,1762110899999,354134.79111,415,34.559,133399.55785,0
1762110900000,3860.22,3860.22,3858.12,3858.12,189.301,1762110959999,730528.50442,926,18.187,70184.56148,0
1762110960000,3858.13,3858.90,3857.00,3857.21,440.340,1762111019999,1698731.10770,1463,100.726,388609.33297,0
1762111020000,3857.21,3858.27,3857.20,3858.26,91.338,1762111079999,352358.94494,538,65.128,251250.51306,0
1762111080000,3858.26,3858.27,3856.45,3857.66,226.466,1762111139999,873565.93995,1218,111.076,428439.29550,0
1762111140000,3857.66,3857.66,3856.00,3856.61,591.736,1762111199999,2282059.95909,1212,62.483,240951.67096,0
1762111200000,3856.61,3856.62,3855.00,3855.01,508.319,1762111259999,1959776.13982,881,33.979,130997.75113,0
1762111260000,3855.01,3855.01,3853.16,3853.21,735.254,1762111319999,2833756.27439,1920,217.560,838483.96844,0
1762111320000,3853.21,3854.36,3851.65,3853.39,667.425,1762111379999,2571542.05759,2304,318.834,1228477.56204,0
1762111380000,3853.39,3853.56,3852.77,3852.77,385.941,1762111439999,1487059.39406,875,196.744,758076.71552,0
1762111440000,3852.78,3854.11,3852.77,3854.06,396.107,1762111499999,1526495.29842,1118,260.971,1005706.79460,0
1762111500000,3854.07,3854.07,3852.59,3852.59,216.008,1762111559999,832317.11956,738,44.985,173332.88327,0
1762111560000,3852.59,3853.48,3852.59,3852.60,189.151,1762111619999,728788.72971,721,139.294,536682.16172,0
1762111620000,3852.61,3852.61,3850.85,3851.34,456.726,1762111679999,1758968.71729,1205,145.044,558575.27745,0
1762111680000,3851.35,3851.35,3849.00,3849.84,1702.610,1762111739999,6554766.53508,2642,872.657,3359542.69737,0
1762111740000,3849.83,3849.84,3848.34,3848.65,754.218,1762111799999,2902905.54624,1547,418.653,1611311.49658,0
1762111800000,3848.64,3850.26,3847.13,3848.05,2094.338,1762111859999,8059539.77711,3638,577.355,2221953.35673,0
1762111860000,3848.04,3850.26,3847.84,3850.19,450.227,1762111919999,1733016.75650,1436,277.839,1069494.20058,0
1762111920000,3850.19,3850.56,3849.62,3850.21,603.960,1762111979999,2325281.64621,1036,318.362,1225691.96803,0
1762111980000,3850.21,3850.26,3849.15,3850.26,572.045,1762112039999,2202329.51678,1297,271.652,1045821.78351,0
1762112040000,3850.26,3855.54,3850.24,3853.92,1850.712,1762112099999,7130811.46056,2997,1461.523,5631016.05563,0
1762112100000,3853.92,3855.59,3853.51,3854.25,609.955,1762112159999,2351135.17193,2193,382.401,1473913.83527,0
1762112160000,3854.25,3854.25,3847.52,3847.52,766.156,1762112219999,2949977.40497,2592,33.224,127931.63834,0
1762112220000,3847.52,3847.56,3840.93,3841.80,7699.418,1762112279999,29593093.05140,9268,2203.800,8470695.26857,0
1762112280000,3841.79,3845.00,3841.28,3844.33,3015.797,1762112339999,11588427.10184,3825,1823.799,7008517.72545,0
1762112340000,3844.32,3847.38,3844.32,3846.51,912.462,1762112399999,3508801.68680,2222,725.464,2789625.93105,0
1762112400000,3846.50,3846.50,3845.00,3845.00,458.278,1762112459999,1762336.30365,1308,197.571,759772.37321,0
1762112460000,3845.00,3845.55,3844.02,3845.00,667.854,1762112519999,2567754.13449,1844,460.036,1768730.95424,0
1762112520000,3845.00,3845.44,3844.28,3844.99,963.861,1762112579999,3706018.49858,1360,552.064,2122620.05731,0
1762112580000,3845.00,3845.00,3842.08,3842.11,803.571,1762112639999,3088303.72571,1789,293.514,1128044.10902,0
1762112640000,3842.11,3843.44,3842.10,3842.89,350.095,1762112699999,1345296.24517,975,183.234,704097.76291,0
1762112700000,3842.89,3844.74,3842.88,3844.74,527.947,1762112759999,2029472.11927,1508,290.511,1116709.80170,0
1762112760000,3844.74,3845.55,3844.43,3845.54,316.463,1762112819999,1216897.87524,1101,262.073,1007758.01397,0
1762112820000,3845.55,3846.55,3845.10,3845.28,467.343,1762112879999,1797444.44146,1541,361.750,1391360.67566,0
1762112880000,3845.28,3845.52,3845.27,3845.51,228.262,1762112939999,877760.92090,402,144.100,554132.00965,0
1762112940000,3845.52,3845.52,3844.22,3844.42,323.626,1762112999999,1244314.27159,795,99.887,384006.69049,0
1762113000000,3844.43,3847.31,3844.42,3844.75,1143.430,1762113059999,4397523.89423,2235,981.371,3774236.85309,0
1762113060000,3844.74,3845.22,3844.63,3844.63,226.804,1762113119999,872018.03910,673,123.613,475269.20429,0
1762113120000,3844.64,3848.46,3844.63,3848.02,765.141,1762113179999,2943160.37767,1822,702.419,2701819.02677,0
1762113180000,3848.02,3850.11,3848.01,3850.11,495.678,1762113239999,1907829.37232,1216,453.533,1745634.84458,0
1762113240000,3850.10,3852.14,3849.54,3851.89,1225.306,1762113299999,4718678.26760,2155,789.448,3040035.00144,0
1762113300000,3851.90,3855.03,3851.90,3854.43,1255.214,1762113359999,4837563.85826,2833,891.487,3435694.92822,0
1762113360000,3854.43,3855.00,3854.16,3854.17,662.535,1762113419999,2553823.57755,1509,162.404,626006.14438,0
1762113420000,3854.17,3854.17,3852.06,3852.12,328.533,1762113479999,1265802.33669,1023,71.477,275377.60084,0
1762113480000,3852.12,3853.96,3851.59,3853.95,276.391,1762113539999,1064887.18537,1012,149.061,574377.92905,0
1762113540000,3853.96,3854.38,3853.49,3854.38,350.399,1762113599999,1350386.08531,668,242.124,933101.08300,0
1762113600000,3854.38,3854.52,3853.56,3853.95,416.110,1762113659999,1603711.60273,1037,247.140,952486.45600,0
1762113660000,3853.95,3854.20,3852.77,3852.95,263.433,1762113719999,1015246.13907,968,65.076,250790.49012,0
1762113720000,3852.96,3852.96,3851.43,3852.68,414.020,1762113779999,1594693.76669,1091,195.243,751995.59555,0
1762113780000,3852.67,3852.94,3852.00,3852.94,371.889,1762113839999,1432741.32350,674,230.958,889788.16911,0
1762113840000,3852.94,3856.36,3852.93,3855.93,496.298,1762113899999,1913284.23357,1757,354.992,1368423.83570,0
1762113900000,3855.93,3855.93,3854.33,3854.41,491.507,1762113959999,1894750.80874,1049,386.384,1489528.80632,0
1762113960000,3854.41,3857.00,3854.41,3856.99,423.385,1762114019999,1632643.57062,1143,176.326,679910.09974,0
1762114020000,3856.99,3856.99,3854.26,3854.91,344.386,1762114079999,1327740.47744,1419,66.807,257525.18403,0
1762114080000,3854.91,3854.91,3853.76,3853.77,82.307,1762114139999,317226.36719,614,27.241,104987.40604,0
1762114140000,3853.76,3854.01,3853.76,3854.01,245.925,1762114199999,947789.04783,348,145.165,559463.10453,0
1762114200000,3854.01,3854.69,3850.77,3850.77,757.918,1762114259999,2920008.29438,1793,102.074,393301.03104,0
1762114260000,3850.77,3850.77,3848.71,3848.71,505.363,1762114319999,1945265.74311,1640,149.447,575230.83982,0
1762114320000,3848.72,3849.02,3848.07,3848.51,453.364,1762114379999,1744801.74970,1107,164.467,632947.02035,0
1762114380000,3848.51,3848.51,3847.82,3847.82,298.798,1762114439999,1149842.18216,738,125.991,484836.84422,0
1762114440000,3847.82,3847.83,3846.00,3846.39,637.785,1762114499999,2453116.25471,1456,266.357,1024450.35700,0
1762114500000,3846.39,3848.26,3846.38,3848.26,426.342,1762114559999,1640248.78204,1414,332.340,1278601.29521,0
1762114560000,3848.26,3849.08,3848.25,3848.76,234.485,1762114619999,902453.52022,948,168.855,649851.47615,0
1762114620000,3848.76,3849.46,3848.76,3849.46,164.693,1762114679999,633917.87420,406,131.009,504265.31068,0
1762114680000,3849.46,3849.87,3848.12,3849.33,235.907,1762114739999,908000.63201,1236,103.788,399473.74269,0
1762114740000,3849.34,3850.18,3849.34,3850.02,167.268,1762114799999,643983.02316,547,142.144,547252.65803,0
1762114800000,3850.02,3852.87,3850.01,3852.45,240.318,1762114859999,925673.93077,1321,183.349,706193.32781,0
1762114860000,3852.45,3852.52,3850.40,3851.78,212.914,1762114919999,820032.11018,1103,88.984,342683.71455,0
1762114920000,3851.79,3852.45,3851.79,3852.17,182.644,1762114979999,703563.16581,525,131.948,508278.62873,0
1762114980000,3852.18,3852.18,3850.58,3851.87,271.397,1762115039999,1045246.99180,1158,128.000,492910.31717,0
1762115040000,3851.87,3851.89,3851.55,3851.56,91.971,1762115099999,354247.47472,244,26.990,103955.03206,0
1762115100000,3851.55,3852.83,3851.55,3852.83,204.765,1762115159999,788824.18416,629,192.286,740752.30919,0
1762115160000,3852.83,3852.90,3849.53,3850.25,379.902,1762115219999,1463305.67222,1624,58.860,226647.61041,0
1762115220000,3850.24,3850.75,3849.85,3850.75,331.199,1762115279999,1275224.57170,1036,158.131,608866.21279,0
1762115280000,3850.76,3851.60,3850.76,3851.60,113.224,1762115339999,436037.52714,669,78.681,303003.95704,0
1762115340000,3851.60,3851.61,3850.70,3851.20,212.739,1762115399999,819304.30841,783,100.669,387685.12208,0
1762115400000,3851.20,3851.68,3850.70,3850.71,259.155,1762115459999,998033.19598,858,150.437,579342.59341,0
1762115460000,3850.70,3853.42,3850.70,3853.23,314.432,1762115519999,1211409.52791,1473,245.919,947421.48928,0
1762115520000,3853.22,3853.71,3852.29,3853.71,358.884,1762115579999,1382825.51252,1172,167.769,646392.23548,0
1762115580000,3853.71,3854.66,3853.70,3854.66,261.156,1762115639999,1006506.39300,851,235.488,907588.69458,0
1762115640000,3854.65,3855.49,3853.99,3855.34,468.400,1762115699999,1805661.84800,1543,323.138,1245687.45687,0
1762115700000,3855.34,3855.34,3854.66,3854.88,174.105,1762115759999,671139.32577,634,61.812,238269.39521,0
1762115760000,3854.87,3854.88,3853.88,3854.28,200.107,1762115819999,771264.55582,741,72.335,278788.73691,0
1762115820000,3854.27,3855.27,3854.27,3855.27,235.757,1762115879999,908849.09080,696,150.249,579208.03113,0
1762115880000,3855.26,3855.60,3854.82,3855.41,164.817,1762115939999,635428.26542,835,80.198,309184.54290,0
1762115940000,3855.40,3855.59,3854.46,3854.47,795.333,1762115999999,3066203.98720,950,217.650,839080.74953,0
1762116000000,3854.47,3855.00,3854.47,3854.99,134.533,1762116059999,518584.57552,487,111.959,431564.33538,0
1762116060000,3854.99,3855.71,3854.82,3855.00,613.073,1762116119999,2363537.14996,1092,381.933,1472375.66003,0
1762116120000,3854.99,3855.46,3854.62,3854.62,317.772,1762116179999,1225056.67120,599,242.497,934855.39087,0
1762116180000,3854.62,3854.92,3854.19,3854.19,183.841,1762116239999,708645.24305,553,101.548,391433.32690,0
1762116240000,3854.19,3854.19,3852.32,3852.71,341.319,1762116299999,1315070.58929,915,95.326,367236.24647,0
1762116300000,3852.71,3852.93,3852.00,3852.71,359.335,1762116359999,1384303.43209,903,118.609,456916.87428,0
1762116360000,3852.71,3852.71,3852.00,3852.00,116.994,1762116419999,450704.36241,583,21.363,82298.67939,0
1762116420000,3852.00,3852.76,3852.00,3852.75,158.185,1762116479999,609342.38591,478,96.741,372659.25791,0
1762116480000,3852.75,3854.05,3852.75,3852.97,198.687,1762116539999,765661.56349,930,83.453,321582.98861,0
1762116540000,3852.98,3855.89,3852.97,3854.79,859.404,1762116599999,3312746.62658,2140,677.523,2611565.39737,0
1762116600000,3854.79,3854.80,3853.73,3853.98,192.272,1762116659999,741075.18349,709,35.138,135427.18563,0
1762116660000,3853.98,3856.77,3853.98,3856.11,459.018,1762116719999,1769902.82723,1340,303.310,1169453.94659,0
1762116720000,3856.11,3857.37,3856.11,3857.36,260.077,1762116779999,1003095.92454,816,189.686,731597.00188,0
1762116780000,3857.36,3858.19,3857.36,3857.46,853.745,1762116839999,3293569.97363,1633,694.011,2677337.95618,0
1762116840000,3857.45,3857.69,3857.45,3857.68,143.089,1762116899999,551969.18544,423,127.329,491173.31213,0
1762116900000,3857.68,3857.69,3855.96,3856.18,348.582,1762116959999,1344441.77386,1211,67.564,260579.37146,0
1762116960000,3856.18,3857.33,3856.17,3857.33,164.580,1762117019999,634739.74355,700,158.309,610555.50172,0
1762117020000,3857.33,3857.43,3857.00,3857.01,132.215,1762117079999,510000.84595,334,29.437,113546.23394,0
1762117080000,3857.01,3857.04,3856.58,3857.04,139.166,1762117139999,536731.00933,458,78.668,303402.30653,0
1762117140000,3857.04,3857.19,3856.82,3857.19,323.048,1762117199999,1245984.21346,497,208.583,804490.51445,0
1762117200000,3857.19,3858.71,3857.19,3858.12,673.443,1762117259999,2598317.52100,1815,489.462,1888440.92634,0
1762117260000,3858.13,3858.76,3858.12,3858.76,299.343,1762117319999,1154922.28136,694,172.195,664364.17170,0
1762117320000,3858.76,3861.74,3858.75,3861.00,1716.116,1762117379999,6625323.13217,3134,972.903,3755931.05349,0
1762117380000,3861.01,3861.01,3859.28,3859.54,411.160,1762117439999,1587028.31371,1151,183.284,707403.83534,0
1762117440000,3859.54,3860.00,3859.28,3859.28,462.554,1762117499999,1785324.81640,773,319.451,1232953.37310,0
1762117500000,3859.29,3859.29,3858.00,3858.01,334.981,1762117559999,1292538.28805,885,82.492,318259.91051,0
1762117560000,3858.01,3859.29,3858.00,3858.15,434.094,1762117619999,1675017.15156,1075,230.854,890769.85059,0
1762117620000,3858.14,3858.15,3857.74,3857.74,232.287,1762117679999,896170.88024,474,33.321,128547.84469,0
1762117680000,3857.74,3857.76,3857.74,3857.75,171.419,1762117739999,661291.23460,297,98.973,381813.33959,0
1762117740000,3857.76,3857.76,3855.93,3855.94,422.798,1762117799999,1630774.99212,1072,48.122,185629.10729,0
1762117800000,3855.94,3855.94,3854.10,3855.35,529.802,1762117859999,2042246.99941,2107,216.210,833414.27283,0
1762117860000,3855.35,3856.29,3855.34,3855.77,437.970,1762117919999,1688848.54106,885,122.768,473358.22025,0
1762117920000,3855.77,3855.78,3855.00,3855.00,180.949,1762117979999,697678.28691,389,9.116,35146.68957,0
1762117980000,3855.00,3855.01,3854.08,3854.08,277.037,1762118039999,1067862.18324,784,44.971,173334.55361,0
1762118040000,3854.08,3854.08,3848.97,3849.83,4009.343,1762118099999,15440270.18488,4458,783.646,3016800.24821,0
1762118100000,3849.83,3850.00,3849.70,3849.99,608.734,1762118159999,2343534.90452,634,372.547,1434247.15188,0
1762118160000,3850.00,3850.00,3848.39,3848.40,416.937,1762118219999,1604837.66413,925,53.451,205712.63760,0
1762118220000,3848.40,3849.23,3848.39,3849.23,408.725,1762118279999,1573067.28968,627,374.828,1442608.89016,0
1762118280000,3849.22,3850.73,3849.22,3850.73,2248.301,1762118339999,8655910.60545,1137,2152.359,8286566.73338,0
1762118340000,3850.73,3851.33,3850.72,3851.33,275.411,1762118399999,1060660.45457,498,233.642,899799.18177,0
1762118400000,3851.32,3851.76,3849.70,3851.02,683.148,1762118459999,2630688.26055,1540,385.678,1485121.52166,0
1762118460000,3851.01,3852.58,3851.01,3852.58,146.836,1762118519999,565612.81232,799,127.985,492997.74004,0
1762118520000,3852.57,3852.58,3850.95,3851.69,315.195,1762118579999,1213933.45971,1034,175.920,677483.14609,0
1762118580000,3851.69,3852.28,3851.58,3851.89,298.880,1762118639999,1151304.72344,822,94.866,365402.34577,0
1762118640000,3851.89,3852.07,3851.24,3851.24,174.474,1762118699999,672031.37966,579,65.684,252991.06492,0
1762118700000,3851.24,3851.32,3851.24,3851.32,53.233,1762118759999,205013.72817,287,35.281,135876.13721,0
1762118760000,3851.32,3852.07,3851.31,3852.07,58.430,1762118819999,225057.97387,335,54.357,209370.31309,0
1762118820000,3852.06,3852.07,3852.06,3852.07,59.435,1762118879999,228947.58680,288,40.070,154352.44490,0
1762118880000,3852.07,3853.34,3852.06,3853.00,211.234,1762118939999,813845.33076,991,132.290,509657.06947,0
1762118940000,3852.99,3852.99,3851.88,3851.90,118.057,1762118999999,454758.49589,653,24.413,94036.36445,0
1762119000000,3851.89,3854.59,3851.89,3854.58,226.374,1762119059999,872312.69318,1215,193.670,746314.25811,0
1762119060000,3854.58,3855.88,3854.35,3854.35,765.181,1762119119999,2950033.14216,1426,416.183,1604449.22534,0
1762119120000,3854.35,3854.35,3852.40,3853.99,911.530,1762119179999,3512201.71994,1576,630.959,2431129.46989,0
1762119180000,3853.99,3854.12,3853.32,3853.49,217.275,1762119239999,837345.28223,609,84.085,324060.58979,0
1762119240000,3853.49,3854.13,3853.48,3854.12,158.635,1762119299999,611348.12494,437,108.740,419062.08447,0
1762119300000,3854.12,3854.13,3853.45,3853.77,396.390,1762119359999,1527613.81480,714,160.424,618207.19022,0
1762119360000,3853.77,3853.78,3853.04,3853.71,935.098,1762119419999,3603431.09294,783,292.028,1125251.51585,0
1762119420000,3853.71,3856.51,3853.71,3856.50,221.783,1762119479999,854972.61596,1108,196.170,756258.75795,0
1762119480000,3856.50,3859.29,3856.50,3859.00,682.581,1762119539999,2633801.34018,1708,411.844,1589090.44990,0
1762119540000,3859.01,3859.04,3858.14,3858.71,423.385,1762119599999,1633703.95641,1140,185.468,715651.36194,0
1762119600000,3858.71,3858.98,3858.00,3858.98,194.752,1762119659999,751427.90007,723,106.242,409912.91782,0
1762119660000,3858.97,3859.44,3858.42,3858.73,536.015,1762119719999,2068482.62163,1116,301.280,1162633.29717,0
1762119720000,3858.72,3858.72,3855.40,3856.20,574.077,1762119779999,2213994.15631,1575,90.712,349806.36618,0
1762119780000,3856.20,3858.30,3856.20,3858.30,228.139,1762119839999,880033.11722,1088,144.497,557358.73644,0
1762119840000,3858.31,3859.67,3858.31,3859.67,159.683,1762119899999,616230.47509,540,134.275,518179.05012,0
1762119900000,3859.66,3862.00,3859.66,3860.49,939.877,1762119959999,3628947.02571,1995,683.173,2637697.51547,0
1762119960000,3860.48,3861.47,3860.27,3861.46,308.676,1762120019999,1191642.17050,772,236.500,913018.24225,0
1762120020000,3861.46,3862.80,3860.38,3861.20,580.562,1762120079999,2242023.77065,2279,282.786,1092029.91224,0
1762120080000,3861.19,3862.73,3861.19,3862.31,718.218,1762120139999,2773871.99066,1732,531.063,2051051.22116,0
1762120140000,3862.31,3862.31,3862.08,3862.30,169.106,1762120199999,653129.69261,450,85.422,329919.85085,0
1762120200000,3862.31,3867.45,3862.30,3866.88,4217.092,1762120259999,16302575.83042,4455,3382.855,13077645.59106,0
1762120260000,3866.88,3867.37,3865.17,3866.53,1152.315,1762120319999,4454824.50347,2115,542.409,2096884.90307,0
1762120320000,3866.52,3866.53,3865.63,3866.06,499.980,1762120379999,1932985.06314,797,151.684,586396.19977,0
1762120380000,3866.07,3866.07,3865.24,3865.24,215.388,1762120439999,832644.17364,761,90.300,349080.98223,0
1762120440000,3865.24,3865.24,3864.54,3864.71,281.825,1762120499999,1089192.23773,707,67.192,259674.88877,0
1762120500000,3864.72,3864.72,3862.92,3863.00,334.671,1762120559999,1293016.34600,1376,67.758,261754.20579,0
1762120560000,3862.99,3863.22,3862.99,3863.22,143.410,1762120619999,554018.26765,325,82.058,317003.43755,0
1762120620000,3863.21,3863.21,3861.55,3861.56,428.197,1762120679999,1653823.48922,983,110.648,427329.03634,0
1762120680000,3861.56,3861.56,3860.77,3860.78,161.871,1762120739999,625016.10966,569,52.178,201472.88416,0
1762120740000,3860.78,3860.78,3859.20,3859.54,622.414,1762120799999,2402462.06299,1376,209.635,809174.12625,0
1762120800000,3859.54,3860.59,3858.23,3858.41,615.431,1762120859999,2375147.30859,1525,352.054,1358622.88320,0
1762120860000,3858.41,3858.63,3857.35,3857.36,446.386,1762120919999,1722191.01625,1011,113.212,436816.36385,0
1762120920000,3857.36,3857.37,3856.58,3857.18,539.990,1762120979999,2082753.98695,1100,151.329,583664.94325,0
1762120980000,3857.19,3857.84,3856.39,3856.85,469.616,1762121039999,1811302.13754,1117,175.959,678682.45224,0
1762121040000,3856.85,3858.12,3856.85,3858.12,234.022,1762121099999,902690.48055,752,209.182,806868.84846,0
1762121100000,3858.12,3858.98,3857.00,3857.70,409.493,1762121159999,1580046.26181,1329,151.045,582790.04490,0
1762121160000,3857.71,3860.06,3857.70,3860.05,368.783,1762121219999,1423206.79977,1398,256.838,991113.51511,0
1762121220000,3860.05,3861.22,3860.04,3861.21,784.762,1762121279999,3029725.47236,1165,654.728,2527693.97747,0
1762121280000,3861.21,3861.59,3859.85,3860.65,642.630,1762121339999,2481014.92089,1482,265.325,1024359.53471,0
1762121340000,3860.65,3860.65,3857.48,3857.54,796.256,1762121399999,3072161.20384,1474,82.577,318607.89489,0
1762121400000,3857.54,3857.86,3857.53,3857.86,329.256,1762121459999,1270126.15938,500,242.473,935356.30120,0
1762121460000,3857.86,3857.86,3856.84,3856.84,175.342,1762121519999,676360.45881,584,20.944,80788.60842,0
1762121520000,3856.84,3856.85,3856.84,3856.84,82.965,1762121579999,319983.33197,175,60.137,231939.38845,0
1762121580000,3856.85,3857.80,3855.02,3856.40,1163.739,1762121639999,4487882.10223,1862,331.483,1278468.85757,0
1762121640000,3856.39,3856.40,3854.30,3855.23,823.101,1762121699999,3173413.11238,1354,194.307,748974.18484,0
1762121700000,3855.23,3856.18,3854.78,3855.34,882.240,1762121759999,3401443.66912,1478,347.430,1339474.66105,0
1762121760000,3855.33,3856.70,3855.33,3856.70,240.991,1762121819999,929198.93460,431,179.332,691443.90153,0
1762121820000,3856.70,3856.70,3855.33,3855.40,179.785,1762121879999,693224.28723,494,36.293,139925.56109,0
1762121880000,3855.40,3856.14,3855.39,3856.14,143.920,1762121939999,554893.65528,352,112.216,432653.35248,0
1762121940000,3856.14,3857.38,3856.13,3857.38,254.448,1762121999999,981290.79773,548,245.874,948227.25783,0
1762122000000,3857.38,3859.06,3857.37,3859.06,231.258,1762122059999,892306.96808,753,170.501,657851.54641,0
1762122060000,3859.06,3859.89,3858.68,3859.89,587.691,1762122119999,2267919.10370,1003,403.452,1556915.42508,0
1762122120000,3859.89,3861.38,3859.89,3861.38,404.140,1762122179999,1560382.42056,791,321.362,1240749.73954,0
1762122180000,3861.38,3861.38,3860.48,3860.66,338.216,1762122239999,1305809.96659,572,107.786,416160.27070,0
1762122240000,3860.67,3862.08,3860.67,3861.53,925.134,1762122299999,3572629.75899,1051,622.351,2403311.57863,0
1762122300000,3861.52,3861.53,3859.54,3860.09,259.636,1762122359999,1002231.00617,761,144.427,557456.69253,0
1762122360000,3860.09,3860.19,3860.09,3860.19,71.938,1762122419999,277693.49683,237,33.210,128196.44579,0
1762122420000,3860.19,3860.19,3859.05,3859.06,378.673,1762122479999,1461529.29566,628,18.979,73252.77507,0
1762122480000,3859.05,3859.06,3858.23,3858.23,127.191,1762122539999,490791.79741,364,34.657,133717.92042,0
1762122540000,3858.23,3858.53,3858.23,3858.53,97.502,1762122599999,376194.33589,383,77.812,300224.80636,0
1762122600000,3858.53,3858.85,3856.36,3856.37,327.354,1762122659999,1262934.66716,1016,69.582,268462.77655,0
1762122660000,3856.36,3856.37,3851.50,3851.74,928.313,1762122719999,3577636.36453,2272,327.769,1263215.73245,0
1762122720000,3851.74,3853.36,3851.07,3851.07,1118.309,1762122779999,4307823.33288,1557,353.250,1360830.49946,0
1762122780000,3851.07,3851.07,3850.23,3850.32,668.994,1762122839999,2576080.60098,927,115.443,444521.84543,0
1762122840000,3850.32,3850.32,3842.49,3844.09,3666.010,1762122899999,14099350.77089,6022,1062.465,4086306.94426,0
1762122900000,3844.08,3850.66,3844.08,3849.48,1885.675,1762122959999,7255433.05796,3207,1215.368,4676655.45244,0
1762122960000,3849.48,3851.29,3842.71,3844.08,1792.277,1762123019999,6892587.92587,3566,494.375,1901599.28042,0
1762123020000,3844.08,3846.39,3842.41,3845.69,2422.002,1762123079999,9312497.68576,3665,1378.927,5302073.25597,0
1762123080000,3845.69,3845.69,3842.74,3844.60,1224.294,1762123139999,4705908.60911,2160,799.114,3071571.13750,0
1762123140000,3844.60,3844.60,3843.40,3843.71,479.733,1762123199999,1844145.27559,988,258.445,993511.29138,0
1762123200000,3843.72,3845.62,3843.26,3845.61,510.209,1762123259999,1961447.67097,1295,416.920,1602798.90507,0
1762123260000,3845.62,3846.45,3844.53,3845.47,238.188,1762123319999,915892.01046,966,163.221,627616.87143,0
1762123320000,3845.47,3847.44,3844.99,3845.76,694.836,1762123379999,2672238.37018,1801,312.132,1200423.62428,0
1762123380000,3845.77,3847.49,3844.96,3847.49,509.305,1762123439999,1958780.83621,1303,218.262,839521.45745,0
1762123440000,3847.49,3848.44,3847.48,3848.43,192.606,1762123499999,741180.75790,708,120.898,465224.41919,0
1762123500000,3848.43,3848.44,3845.59,3847.01,519.023,1762123559999,1996480.59760,1500,224.554,863642.70005,0
1762123560000,3847.01,3847.17,3845.46,3845.46,255.162,1762123619999,981283.18140,669,49.589,190720.45090,0
1762123620000,3845.46,3850.35,3845.45,3849.92,776.202,1762123679999,2986602.48100,2275,596.517,2295130.37178,0
1762123680000,3849.92,3851.58,3849.91,3849.93,586.225,1762123739999,2257524.63727,1474,163.850,630981.25527,0
1762123740000,3849.93,3850.84,3849.93,3850.83,138.283,1762123799999,532462.79379,455,100.999,388899.53864,0
1762123800000,3850.83,3850.84,3849.90,3849.90,216.558,1762123859999,833793.15948,503,89.901,346135.13143,0
1762123860000,3849.91,3849.91,3849.89,3849.90,99.423,1762123919999,382769.21709,301,74.675,287491.93096,0
1762123920000,3849.89,3852.53,3849.88,3852.17,548.463,1762123979999,2112328.64824,1642,437.123,1683450.00178,0
1762123980000,3852.16,3852.17,3852.14,3852.15,118.229,1762124039999,455436.51122,446,82.170,316531.73886,0
1762124040000,3852.14,3852.15,3847.61,3847.93,1116.224,1762124099999,4296280.46819,2412,202.092,777779.47014,0
1762124100000,3847.94,3847.98,3847.93,3847.98,185.975,1762124159999,715623.61998,396,157.624,606530.71575,0
1762124160000,3847.98,3851.33,3847.97,3850.52,593.494,1762124219999,2284803.58131,1815,467.661,1800242.36240,0
1762124220000,3850.51,3851.02,3848.61,3848.62,558.070,1762124279999,2148770.08508,1558,257.221,990419.55087,0
1762124280000,3848.61,3850.17,3848.02,3850.17,293.489,1762124339999,1129658.14858,1092,191.078,735537.52975,0
1762124340000,3850.17,3853.39,3850.17,3853.39,414.688,1762124399999,1597198.88907,2067,294.771,1135320.18812,0
1762124400000,3853.39,3860.72,3853.39,3859.16,3798.907,1762124459999,14654731.13297,7919,2486.592,9592562.69124,0
1762124460000,3859.15,3862.28,3857.97,3861.21,2610.333,1762124519999,10076711.66891,5464,1486.940,5740423.08718,0
1762124520000,3861.21,3863.58,3860.00,3862.16,1937.937,1762124579999,7484420.70911,5212,885.035,3417885.86834,0
1762124580000,3862.16,3865.60,3860.27,3862.31,3230.280,1762124639999,12480180.68571,7319,1990.339,7690040.26146,0
1762124640000,3862.32,3865.71,3859.87,3864.60,2034.933,1762124699999,7862252.06889,5320,977.686,3777472.64272,0
1762124700000,3864.61,3866.55,3864.01,3866.07,2386.496,1762124759999,9225403.85875,4552,801.735,3099200.06635,0
1762124760000,3866.06,3868.87,3862.19,3862.90,2034.713,1762124819999,7866673.44912,5351,1504.517,5817379.26817,0
1762124820000,3862.90,3865.20,3861.09,3863.89,590.461,1762124879999,2281162.96917,3049,177.967,687563.98063,0
1762124880000,3863.90,3870.00,3863.86,3869.99,3414.209,1762124939999,13207941.70090,6534,2080.470,8048533.99989,0
1762124940000,3870.00,3876.77,3870.00,3874.10,9381.654,1762124999999,36345133.84192,12515,6654.883,25781140.11811,0
1762125000000,3874.10,3875.75,3873.00,3873.70,1565.260,1762125059999,6063988.52240,3486,613.924,2378479.83048,0
1762125060000,3873.70,3875.40,3870.57,3871.18,1777.611,1762125119999,6884302.38120,4421,957.735,3709365.87253,0
1762125120000,3871.18,3871.93,3870.57,3871.93,900.441,1762125179999,3485606.27592,1990,467.544,1809855.44563,0
1762125180000,3871.93,3876.15,3871.92,3875.00,1526.489,1762125239999,5913683.77791,3811,957.603,3709515.40545,0
1762125240000,3874.99,3881.86,3874.73,3879.62,6680.174,1762125299999,25910371.17343,9687,4776.904,18528503.51182,0
1762125300000,3879.62,3880.58,3877.13,3877.33,2454.259,1762125359999,9520409.85272,5833,1064.988,4131359.71048,0
1762125360000,3877.32,3877.33,3873.15,3873.93,1274.794,1762125419999,4939084.70010,4059,591.957,2293385.14222,0
1762125420000,3873.92,3875.99,3872.37,3875.98,1048.095,1762125479999,4060224.57502,2906,508.341,1969207.35366,0
1762125480000,3875.98,3878.58,3875.02,3876.27,3140.018,1762125539999,12171006.04981,4651,1787.417,6927771.78309,0
1762125540000,3876.27,3877.38,3875.92,3876.25,889.452,1762125599999,3448151.85920,2590,440.824,1708965.97878,0
1762125600000,3876.24,3876.25,3872.17,3873.84,2378.080,1762125659999,9211557.83876,4828,970.435,3758689.40084,0
1762125660000,3873.84,3874.21,3872.64,3873.86,876.776,1762125719999,3396439.06002,1922,422.414,1636306.66345,0
1762125720000,3873.86,3873.88,3871.88,3873.86,812.528,1762125779999,3146969.19202,2680,331.783,1285026.00298,0
1762125780000,3873.87,3874.04,3871.29,3872.29,818.450,1762125839999,3169309.86122,1963,408.789,1583023.26824,0
1762125840000,3872.29,3873.46,3869.64,3871.57,976.508,1762125899999,3780124.29999,3182,473.858,1834348.89205,0
1762125900000,3871.56,3871.56,3869.13,3869.38,549.955,1762125959999,2128373.06958,1583,137.285,531295.66355,0
1762125960000,3869.38,3871.39,3869.37,3870.78,488.323,1762126019999,1890109.54859,1612,297.565,1151700.79504,0
1762126020000,3870.76,3876.00,3870.45,3875.45,669.261,1762126079999,2592286.78583,2707,493.618,1911991.94435,0
1762126080000,3875.45,3875.97,3872.64,3873.23,2162.493,1762126139999,8378182.30764,2459,341.645,1323636.69248,0
1762126140000,3873.24,3873.88,3872.13,3872.13,771.263,1762126199999,2987222.38034,1906,282.363,1093639.29543,0
1762126200000,3872.13,3874.84,3871.89,3873.94,781.944,1762126259999,3028395.52121,1922,484.669,1876963.47734,0
1762126260000,3873.93,3876.62,3873.93,3874.62,946.948,1762126319999,3670057.08277,2584,451.375,1749304.36287,0
1762126320000,3874.62,3874.63,3870.83,3872.40,847.996,1762126379999,3283301.71410,2598,308.196,1193225.73207,0
1762126380000,3872.40,3873.93,3870.48,3871.43,712.459,1762126439999,2758479.16054,2781,289.093,1119211.42948,0
1762126440000,3871.43,3873.33,3871.24,3873.33,723.954,1762126499999,2803204.15876,2217,429.784,1664167.13122,0
1762126500000,3873.33,3875.00,3872.14,3874.99,560.614,1762126559999,2171328.23183,2364,322.204,1247867.10915,0
1762126560000,3874.99,3875.73,3873.71,3875.39,639.270,1762126619999,2477109.76121,1876,341.512,1323354.51170,0
1762126620000,3875.39,3875.40,3873.24,3873.26,470.908,1762126679999,1824616.57076,1799,235.578,912747.04806,0
1762126680000,3873.27,3874.40,3872.82,3873.55,397.811,1762126739999,1540876.47201,1702,225.868,874844.72856,0
1762126740000,3873.55,3900.01,3873.55,3892.87,52333.003,1762126799999,203609762.44547,36613,39522.467,153728561.69368,0
1762126800000,3892.88,3894.52,3888.89,3889.30,5347.040,1762126859999,20812829.95834,7380,1978.423,7700827.75690,0
1762126860000,3889.31,3895.29,3889.31,3891.80,5782.811,1762126919999,22508832.64445,7032,3552.177,13825865.91863,0
1762126920000,3891.80,3906.98,3890.89,3904.85,21064.284,1762126979999,82146033.60556,16200,14841.294,57869690.92199,0
1762126980000,3904.85,3905.68,3899.18,3899.79,4776.192,1762127039999,18635016.74001,6299,1874.935,7314655.36507,0
1762127040000,3899.80,3900.38,3898.45,3899.50,2400.925,1762127099999,9361696.90246,3800,1245.531,4856473.34499,0
1762127100000,3899.51,3901.53,3899.33,3899.35,2858.306,1762127159999,11149260.46713,4928,1117.370,4358503.93803,0
1762127160000,3899.35,3904.00,3899.34,3903.53,2248.339,1762127219999,8772059.44900,4648,1420.630,5542817.99387,0
1762127220000,3903.53,3904.03,3902.42,3903.62,2623.227,1762127279999,10239265.08745,3557,910.776,3555002.68744,0
1762127280000,3903.63,3905.07,3899.90,3900.80,2720.636,1762127339999,10618598.10328,4736,923.136,3603420.57504,0
1762127340000,3900.81,3902.67,3899.09,3902.66,1523.704,1762127399999,5943092.91402,3134,672.802,2624350.17165,0
1762127400000,3902.66,3904.59,3901.84,3904.29,2095.979,1762127459999,8182569.18861,3725,929.990,3630631.65558,0
1762127460000,3904.29,3907.96,3904.29,3906.54,3495.240,1762127519999,13652977.96012,4908,1727.931,6749326.88744,0
1762127520000,3906.54,3909.65,3904.93,3905.24,3858.995,1762127579999,15075225.10137,6791,1546.999,6043190.99122,0
1762127580000,3905.23,3909.89,3905.23,3909.64,2841.335,1762127639999,11104866.06292,5589,1610.986,6296111.04115,0
1762127640000,3909.64,3910.60,3908.36,3909.20,5861.033,1762127699999,22914100.37468,6404,3176.869,12420288.95421,0
1762127700000,3909.21,3912.96,3909.20,3912.71,3854.347,1762127759999,15075050.25127,6014,2543.125,9946794.40520,0
1762127760000,3912.71,3913.23,3910.11,3912.99,3488.251,1762127819999,13645265.31472,4691,1378.466,5392321.41570,0
1762127820000,3913.00,3915.00,3912.40,3912.45,3864.919,1762127879999,15126672.01122,5579,1781.186,6971745.41815,0
1762127880000,3912.46,3912.46,3908.00,3908.00,3711.006,1762127939999,14509841.58701,4441,792.034,3096823.41077,0
1762127940000,3908.01,3908.01,3904.73,3904.80,3168.678,1762127999999,12378039.68559,4341,1162.123,4539293.88473,0
