open_time,open,high,low,close,volume,close_time,quote_volume,count,taker_buy_volume,taker_buy_quote_volume,ignore
1764201600000,3025.02,3025.61,3023.23,3024.79,2011.194,1764201659999,6083048.31040,3539,1077.203,3258005.03321,0
1764201660000,3024.79,3026.64,3023.97,3024.44,1835.156,1764201719999,5552061.30150,3395,978.185,2959349.52580,0
1764201720000,3024.44,3024.45,3018.00,3019.82,7650.087,1764201779999,23105619.28615,7474,1218.770,3681477.80457,0
1764201780000,3019.82,3021.14,3019.24,3021.14,1123.118,1764201839999,3392204.93407,2251,431.424,1303039.91221,0
1764201840000,3021.15,3021.33,3018.65,3018.85,2441.090,1764201899999,7371222.35374,2844,1007.601,3042464.94842,0
1764201900000,3018.85,3018.85,3014.02,3015.73,7759.267,1764201959999,23404135.54975,7588,1484.361,4475679.70942,0
1764201960000,3015.74,3016.89,3014.50,3016.89,2100.466,1764202019999,6334370.87028,2961,1103.522,3328030.44045,0
1764202020000,3016.89,3019.08,3015.86,3015.98,878.665,1764202079999,2651400.88384,2734,429.854,1297034.08259,0
1764202080000,3015.98,3016.00,3015.01,3016.00,916.890,1764202139999,2764878.24944,2097,263.661,795093.67288,0
1764202140000,3016.00,3016.30,3014.96,3015.36,1064.983,1764202199999,3211378.03724,2376,518.244,1562687.27344,0
1764202200000,3015.37,3017.39,3002.00,3010.31,25507.108,1764202259999,76760071.53968,18600,5230.136,15738310.91285,0
1764202260000,3010.30,3014.76,3010.11,3013.68,2067.961,1764202319999,6229134.12119,4332,1195.606,3601502.44023,0
1764202320000,3013.68,3013.69,3011.33,3011.96,1112.780,1764202379999,3352089.70628,2663,519.211,1563996.35895,0
1764202380000,3011.96,3012.47,3008.30,3012.10,6170.749,1764202439999,18575641.08650,8817,2450.051,7376067.85987,0
1764202440000,3012.10,3012.89,3010.73,3010.73,831.222,1764202499999,2503508.13525,2459,339.807,1023440.76265,0
1764202500000,3010.73,3011.26,3008.00,3009.88,5438.004,1764202559999,16364733.47539,6374,1444.346,4346257.07771,0
1764202560000,3009.88,3011.41,3008.95,3011.41,2716.709,1764202619999,8177741.04269,3707,1827.648,5502047.28062,0
1764202620000,3011.41,3011.58,3010.00,3010.70,1302.320,1764202679999,3921019.92921,2931,627.468,1889221.22172,0
1764202680000,3010.70,3015.90,3010.69,3015.60,1762.682,1764202739999,5313196.66253,3933,1393.928,4201341.27880,0
1764202740000,3015.60,3016.66,3013.05,3016.04,3942.498,1764202799999,11887570.84187,4473,2084.364,6284134.58315,0
1764202800000,3016.03,3016.04,3012.15,3012.15,1512.301,1764202859999,4557597.94168,3327,591.921,1783750.39791,0
1764202860000,3012.16,3012.90,3010.88,3012.21,847.664,1764202919999,2553130.29157,2605,354.151,1066659.17161,0
1764202920000,3012.21,3015.78,3012.21,3015.32,3654.709,1764202979999,11017664.45610,3853,1606.256,4841428.48751,0
1764202980000,3015.33,3015.49,3014.00,3014.36,945.018,1764203039999,2849033.73336,2088,538.458,1623396.39691,0
1764203040000,3014.37,3014.68,3013.35,3013.59,584.239,1764203099999,1761013.07496,1676,256.685,773697.79386,0
1764203100000,3013.58,3015.20,3013.35,3013.62,864.249,1764203159999,2605181.94007,2392,522.105,1573835.56412,0
1764203160000,3013.63,3014.38,3012.52,3014.23,398.527,1764203219999,1200925.87191,1603,184.015,554555.49820,0
1764203220000,3014.24,3014.90,3014.05,3014.71,572.007,1764203279999,1724328.94757,1246,221.659,668201.04143,0
1764203280000,3014.71,3014.86,3013.77,3014.58,363.489,1764203339999,1095713.00674,1331,190.810,575167.44243,0
1764203340000,3014.58,3016.04,3014.58,3015.01,590.859,1764203399999,1781667.81356,1397,328.662,991012.72539,0
1764203400000,3015.01,3015.15,3014.64,3015.00,326.045,1764203459999,983013.67407,793,196.585,592696.56157,0
1764203460000,3014.99,3015.52,3012.80,3014.58,1347.065,1764203519999,4059865.88285,2635,582.772,1756366.48737,0
1764203520000,3014.58,3015.67,3014.57,3014.64,559.149,1764203579999,1685987.37639,1448,216.900,654001.11569,0
1764203580000,3014.64,3015.31,3014.29,3014.83,322.592,1764203639999,972541.11512,984,250.916,756451.96979,0
1764203640000,3014.83,3018.86,3014.82,3018.55,1214.151,1764203699999,3663509.95964,3051,1027.652,3100761.71196,0
1764203700000,3018.54,3018.54,3016.51,3017.58,775.948,1764203759999,2341503.72263,2309,356.564,1075964.58733,0
1764203760000,3017.59,3019.52,3017.58,3018.97,798.811,1764203819999,2411409.86586,2590,460.658,1390554.32041,0
1764203820000,3018.96,3019.22,3018.23,3018.83,899.645,1764203879999,2715749.73410,2216,514.274,1552432.38741,0
1764203880000,3018.82,3020.59,3018.82,3018.91,2300.316,1764203939999,6946831.28857,2644,1843.085,5566045.61238,0
1764203940000,3018.92,3019.20,3017.65,3019.01,447.301,1764203999999,1350160.29594,1452,255.502,771194.16898,0
1764204000000,3019.00,3023.33,3018.68,3022.04,1115.218,1764204059999,3369183.72927,3039,690.125,2084731.90557,0
1764204060000,3022.05,3023.28,3021.48,3021.66,1101.044,1764204119999,3327586.04303,2046,616.619,1863479.16553,0
1764204120000,3021.66,3022.45,3021.53,3021.61,484.556,1764204179999,1464238.35294,1383,240.938,728076.58482,0
1764204180000,3021.60,3021.60,3019.17,3020.53,1212.031,1764204239999,3660503.88592,2547,439.912,1328378.68007,0
1764204240000,3020.53,3021.93,3020.53,3021.32,1158.992,1764204299999,3501864.11910,1912,945.943,2858100.59481,0
1764204300000,3021.32,3022.76,3020.97,3021.57,882.829,1764204359999,2667548.58396,2047,577.530,1745029.34439,0
1764204360000,3021.57,3022.83,3021.00,3021.01,752.503,1764204419999,2273839.91409,2091,381.262,1152018.84259,0
1764204420000,3021.01,3034.97,3019.53,3031.21,14797.138,1764204479999,44804496.23226,13874,11088.014,33571867.70371,0
1764204480000,3031.20,3046.66,3030.70,3040.22,41221.965,1764204539999,125385696.52752,34894,26400.465,80290234.48001,0
1764204540000,3040.22,3045.93,3040.22,3043.42,10033.331,1764204599999,30533892.20993,14165,5449.023,16582763.60865,0
1764204600000,3043.42,3045.73,3040.21,3045.20,5206.809,1764204659999,15842878.86693,8778,2600.023,7911612.80679,0
1764204660000,3045.19,3045.60,3037.00,3037.93,6110.501,1764204719999,18586521.69484,8199,1460.989,4442474.31441,0
1764204720000,3037.93,3039.00,3032.32,3032.55,5302.148,1764204779999,16093749.70203,7324,1565.338,4752109.16312,0
1764204780000,3032.55,3035.91,3032.54,3034.42,2397.458,1764204839999,7275560.22535,4501,1462.486,4438217.94290,0
1764204840000,3034.43,3038.33,3034.11,3037.26,4432.097,1764204899999,13455007.04384,4800,3055.359,9276204.71719,0
1764204900000,3037.25,3037.26,3034.10,3034.63,2113.292,1764204959999,6414150.98162,4424,856.964,2600982.48387,0
1764204960000,3034.63,3038.34,3034.63,3037.20,2276.648,1764205019999,6913750.26217,3912,1526.689,4635940.83055,0
1764205020000,3037.20,3037.41,3035.33,3035.53,687.227,1764205079999,2086596.01068,2123,221.808,673391.82935,0
1764205080000,3035.52,3035.87,3032.65,3032.96,1368.716,1764205139999,4153136.06725,2778,308.276,935513.55203,0
1764205140000,3032.96,3034.08,3032.96,3033.75,1142.352,1764205199999,3465210.89133,2156,430.271,1305120.14743,0
1764205200000,3033.75,3034.50,3029.60,3031.60,3827.671,1764205259999,11604466.50141,5548,729.759,2212947.17664,0
1764205260000,3031.59,3037.00,3031.09,3036.12,2597.848,1764205319999,7881090.27599,6067,1535.419,4658913.56625,0
1764205320000,3036.11,3039.96,3035.85,3039.63,3462.172,1764205379999,10518721.23660,6121,2278.827,6923668.80337,0
1764205380000,3039.64,3046.68,3039.17,3045.55,9582.146,1764205439999,29156083.02396,10770,7158.683,21778980.12598,0
1764205440000,3045.55,3046.27,3044.06,3044.91,6496.491,1764205499999,19783065.01537,5902,1166.762,3552921.50131,0
1764205500000,3044.92,3050.00,3040.92,3046.24,12886.672,1764205559999,39263764.57591,17079,9396.840,28636234.36663,0
1764205560000,3046.24,3046.40,3042.97,3044.36,3243.750,1764205619999,9874394.39756,7297,1241.002,3777519.24721,0
1764205620000,3044.35,3044.94,3040.31,3040.91,1819.109,1764205679999,5532863.74078,5158,776.489,2361751.56140,0
1764205680000,3040.92,3041.56,3039.00,3039.69,1710.279,1764205739999,5199906.08836,4521,558.746,1698789.55723,0
1764205740000,3039.70,3044.20,3039.70,3043.52,1418.455,1764205799999,4315326.30343,4682,878.412,2672366.99739,0
1764205800000,3043.53,3043.53,3038.72,3039.81,2799.310,1764205859999,8512352.34731,5845,760.316,2312507.78347,0
1764205860000,3039.80,3040.30,3037.99,3038.40,2823.391,1764205919999,8580052.37514,4381,1015.627,3086253.82709,0
1764205920000,3038.39,3038.39,3035.82,3038.08,5033.753,1764205979999,15287775.41509,6473,2308.348,7010368.94490,0
1764205980000,3038.08,3038.32,3032.20,3033.25,5613.366,1764206039999,17037536.64250,7794,2427.761,7367995.37786,0
1764206040000,3033.25,3034.62,3032.83,3034.62,3302.336,1764206099999,10018029.61171,3901,1886.596,5723095.96479,0
1764206100000,3034.61,3034.89,3031.05,3034.25,3870.477,1764206159999,11740043.54690,7158,1117.634,3390096.52766,0
1764206160000,3034.24,3035.36,3034.21,3034.76,1966.703,1764206219999,5968725.40874,2950,999.948,3034772.08742,0
1764206220000,3034.75,3037.00,3034.13,3036.99,1844.800,1764206279999,5599543.91214,2835,1564.788,4749679.84210,0
1764206280000,3037.00,3037.29,3032.73,3032.73,1424.044,1764206339999,4321251.95185,3299,638.922,1938643.39389,0
1764206340000,3032.74,3033.45,3029.95,3030.91,3323.742,1764206399999,10073956.35231,5810,1126.846,3415338.32041,0
1764206400000,3030.91,3030.91,3026.55,3026.55,3984.225,1764206459999,12065598.14506,6953,1150.102,3482659.87065,0
1764206460000,3026.55,3027.94,3026.50,3027.00,3512.855,1764206519999,10633784.09401,4362,2178.365,6593994.19379,0
1764206520000,3026.99,3027.50,3026.25,3026.65,1304.666,1764206579999,3948976.69475,2341,803.906,2433279.20351,0
1764206580000,3026.65,3029.23,3026.64,3028.00,1422.085,1764206639999,4306507.92694,3055,823.620,2494183.85690,0
1764206640000,3028.00,3029.31,3027.10,3028.89,1025.893,1764206699999,3106697.89622,3134,594.948,1801680.61995,0
1764206700000,3028.89,3031.25,3028.88,3030.01,1020.734,1764206759999,3093027.23189,2371,740.280,2243192.05073,0
1764206760000,3030.00,3030.36,3029.09,3030.00,1179.615,1764206819999,3574152.62709,3135,636.759,1929341.15340,0
1764206820000,3029.99,3032.66,3029.13,3031.99,882.092,1764206879999,2673790.85576,2700,515.301,1562146.57970,0
1764206880000,3031.99,3033.85,3031.99,3032.71,995.959,1764206939999,3020574.59054,3648,542.943,1646645.96029,0
1764206940000,3032.71,3033.01,3030.47,3030.47,761.385,1764206999999,2308250.54150,3107,312.889,948597.37940,0
1764207000000,3030.47,3030.47,3028.14,3029.45,961.006,1764207059999,2911170.31339,3782,331.732,1004969.67417,0
1764207060000,3029.44,3029.54,3028.16,3029.29,833.429,1764207119999,2524360.89606,2714,233.484,707182.23767,0
1764207120000,3029.28,3031.10,3028.41,3028.41,474.705,1764207179999,1438347.24403,2311,222.982,675629.65942,0
1764207180000,3028.41,3030.44,3028.13,3029.49,661.639,1764207239999,2004294.36195,2369,347.202,1051760.97801,0
1764207240000,3029.49,3032.70,3029.49,3032.70,871.991,1764207299999,2643841.94140,2570,560.063,1697983.89423,0
1764207300000,3032.69,3032.70,3031.15,3032.50,356.220,1764207359999,1080068.88125,1748,176.401,534865.38847,0
1764207360000,3032.50,3034.06,3032.34,3033.07,969.862,1764207419999,2941932.43682,2098,545.500,1654604.46855,0
1764207420000,3033.07,3033.63,3032.34,3032.57,662.506,1764207479999,2009339.65077,1921,389.551,1181473.42489,0
1764207480000,3032.57,3032.73,3030.96,3031.33,692.140,1764207539999,2098286.95864,2116,281.275,852754.45492,0
1764207540000,3031.33,3032.52,3031.16,3031.30,431.469,1764207599999,1308026.40423,1433,175.032,530613.72761,0
1764207600000,3031.30,3032.97,3031.29,3032.97,779.901,1764207659999,2365066.74353,1685,454.920,1379506.96077,0
1764207660000,3032.98,3035.20,3032.97,3033.86,1293.005,1764207719999,3922907.62794,2317,712.071,2160454.45233,0
1764207720000,3033.86,3036.57,3033.86,3036.38,1710.107,1764207779999,5191524.14266,2765,1320.263,4007910.38143,0
1764207780000,3036.38,3037.98,3036.37,3036.88,1396.875,1764207839999,4242536.40111,2859,558.760,1697059.16971,0
1764207840000,3036.89,3038.24,3036.88,3038.23,1159.110,1764207899999,3521101.23651,1348,949.295,2883792.16342,0
1764207900000,3038.24,3038.24,3036.71,3038.23,1572.933,1764207959999,4777889.35549,2304,550.298,1671511.69961,0
1764207960000,3038.23,3038.24,3036.71,3036.99,604.867,1764208019999,1837126.02315,2090,209.634,636680.66090,0
1764208020000,3036.98,3037.26,3034.44,3034.52,810.552,1764208079999,2460839.03659,2103,183.491,557149.63864,0
1764208080000,3034.53,3034.87,3034.34,3034.35,584.799,1764208139999,1774671.95264,1505,201.519,611547.08815,0
1764208140000,3034.35,3035.76,3034.34,3035.18,1319.704,1764208199999,4005274.73830,2652,886.023,2689079.51503,0
1764208200000,3035.18,3038.88,3034.18,3038.44,3550.927,1764208259999,10782903.50385,3005,3067.981,9317149.70973,0
1764208260000,3038.45,3038.75,3036.36,3036.74,1851.976,1764208319999,5625832.58299,2666,395.937,1202725.17418,0
1764208320000,3036.75,3037.10,3033.00,3034.36,1618.432,1764208379999,4912161.92776,3203,456.113,1384068.07048,0
1764208380000,3034.37,3035.54,3034.25,3034.26,2323.739,1764208439999,7052544.87501,1692,1915.016,5812059.91692,0
1764208440000,3034.26,3036.17,3034.25,3036.17,262.544,1764208499999,797001.49598,1396,117.757,357463.67739,0
1764208500000,3036.16,3038.39,3036.16,3037.23,958.641,1764208559999,2912003.46711,2178,429.106,1303485.68996,0
1764208560000,3037.23,3044.68,3037.23,3042.66,7247.914,1764208619999,22036552.87361,7227,6478.507,19695752.36055,0
1764208620000,3042.66,3057.20,3041.64,3051.62,23591.377,1764208679999,71980798.18996,19168,18420.813,56207816.58618,0
1764208680000,3051.62,3054.19,3050.29,3050.49,6723.545,1764208739999,20520898.76760,10222,3509.052,10710048.18835,0
1764208740000,3050.48,3054.60,3050.00,3050.58,8656.938,1764208799999,26419040.72801,11897,3118.146,9517172.81472,0
1764208800000,3050.58,3052.83,3046.42,3046.60,8094.305,1764208859999,24691769.51647,8197,1909.612,5825228.00361,0
1764208860000,3046.60,3046.60,3039.57,3040.55,5618.951,1764208919999,17099422.81252,12893,2207.664,6717526.41029,0
1764208920000,3040.54,3043.91,3040.28,3042.18,1571.302,1764208979999,4780021.58615,4445,766.291,2331079.90605,0
1764208980000,3042.17,3044.00,3040.31,3040.69,1879.591,1764209039999,5717897.54991,5766,663.766,2019493.05234,0
1764209040000,3040.68,3041.86,3040.61,3041.85,1029.508,1764209099999,3131032.64228,3195,637.460,1938683.59078,0
1764209100000,3041.86,3042.75,3040.00,3042.75,1052.741,1764209159999,3201616.18241,3976,517.956,1575312.83632,0
1764209160000,3042.74,3049.67,3040.34,3046.47,9971.027,1764209219999,30369877.10714,15347,6452.083,19656083.58570,0
1764209220000,3046.46,3050.11,3046.45,3049.18,3596.300,1764209279999,10964665.03734,7324,2418.528,7373954.50824,0
1764209280000,3049.19,3050.32,3047.68,3049.75,3005.410,1764209339999,9163807.36176,6612,1462.336,4459024.26345,0
1764209340000,3049.76,3049.76,3048.10,3048.27,1665.273,1764209399999,5076898.77003,4410,817.499,2492280.46359,0
1764209400000,3048.27,3050.88,3046.05,3050.25,3173.791,1764209459999,9674921.56737,6760,2107.466,6424463.75318,0
1764209460000,3050.26,3051.31,3048.00,3048.43,2587.132,1764209519999,7890498.00447,5079,1279.004,3900731.39060,0
1764209520000,3048.43,3048.67,3044.48,3046.06,2181.490,1764209579999,6647330.16436,5608,554.757,1690425.21893,0
1764209580000,3046.07,3047.94,3045.79,3046.36,1502.474,1764209639999,4577734.78105,4126,385.924,1175968.39145,0
1764209640000,3046.38,3048.44,3044.82,3046.00,4361.095,1764209699999,13287387.50117,7700,2451.065,7468512.65034,0
1764209700000,3045.99,3046.74,3044.09,3046.34,965.015,1764209759999,2938882.83262,3954,449.692,1369513.41454,0
1764209760000,3046.33,3050.06,3046.33,3049.77,1886.078,1764209819999,5749463.91791,3215,1518.624,4629200.61298,0
1764209820000,3049.77,3053.00,3049.76,3050.59,4610.916,1764209879999,14070010.12424,6178,3116.299,9509050.08310,0
1764209880000,3050.60,3051.01,3049.26,3049.64,1729.803,1764209939999,5276307.37843,3862,437.540,1334596.98243,0
1764209940000,3049.65,3049.83,3046.18,3049.83,4459.034,1764209999999,13592548.93640,7718,2566.932,7824877.70662,0
1764210000000,3049.82,3052.20,3049.46,3052.00,1242.694,1764210059999,3791565.18093,3497,855.646,2610621.78995,0
1764210060000,3052.00,3067.39,3051.99,3058.45,29926.129,1764210119999,91595397.18731,30016,23100.235,70699435.82104,0
1764210120000,3058.45,3059.66,3057.02,3057.11,3288.392,1764210179999,10056317.37599,5568,1904.286,5823403.40438,0
1764210180000,3057.11,3057.66,3052.87,3054.00,3768.232,1764210239999,11509757.01880,7374,1001.063,3057472.84095,0
1764210240000,3054.00,3058.00,3053.99,3056.74,3286.871,1764210299999,10045460.99442,5461,2387.255,7295648.23894,0
1764210300000,3056.73,3059.14,3056.73,3058.99,2000.053,1764210359999,6115217.62398,5115,1173.345,3587574.49151,0
1764210360000,3058.99,3065.70,3058.92,3063.54,7475.845,1764210419999,22892275.33675,12307,4840.569,14821738.34306,0
1764210420000,3063.55,3065.39,3062.48,3062.93,4619.094,1764210479999,14152945.07575,7892,2326.681,7128766.59245,0
1764210480000,3062.92,3066.95,3062.75,3064.73,5038.109,1764210539999,15438526.26094,8727,3610.686,11064863.00283,0
1764210540000,3064.72,3066.77,3063.18,3065.81,4196.077,1764210599999,12860484.85708,6965,2756.000,8447235.02284,0
1764210600000,3065.81,3070.00,3063.46,3067.48,7373.034,1764210659999,22611695.34805,12220,4951.138,15185229.75853,0
1764210660000,3067.48,3070.00,3065.55,3068.96,5680.649,1764210719999,17431292.92991,10746,3391.470,10407567.77946,0
1764210720000,3068.96,3069.74,3063.00,3064.22,4696.672,1764210779999,14404542.64391,9148,2365.064,7254320.59903,0
1764210780000,3064.22,3067.60,3063.00,3066.24,3924.858,1764210839999,12031382.35185,7353,2239.906,6866888.69737,0
1764210840000,3066.23,3066.50,3060.09,3060.57,3868.452,1764210899999,11849889.48076,7167,1049.405,3214757.67254,0
1764210900000,3060.57,3063.00,3059.01,3061.42,3606.949,1764210959999,11039771.89560,7634,1472.333,4506455.89254,0
1764210960000,3061.43,3061.59,3057.00,3057.80,2225.580,1764211019999,6807556.99000,6445,706.087,2159576.09071,0
1764211020000,3057.80,3059.85,3055.45,3059.74,2683.603,1764211079999,8206301.49970,6849,1248.995,3819487.34757,0
1764211080000,3059.74,3060.94,3059.02,3060.94,1782.070,1764211139999,5452940.99355,3236,771.954,2362321.60734,0
1764211140000,3060.93,3062.25,3060.43,3061.56,1232.412,1764211199999,3772875.74549,4280,677.996,2075669.96290,0
1764211200000,3061.56,3061.67,3059.22,3059.59,1354.671,1764211259999,4145542.29000,3455,380.963,1165839.17915,0
1764211260000,3059.59,3063.83,3059.59,3063.61,1380.473,1764211319999,4227753.82435,3792,690.155,2113442.15160,0
1764211320000,3063.60,3068.00,3063.60,3065.58,3202.014,1764211379999,9818725.46758,6462,1625.230,4983400.99673,0
1764211380000,3065.59,3065.59,3063.59,3064.28,2413.142,1764211439999,7394763.64555,3777,897.364,2749711.85201,0
1764211440000,3064.27,3066.44,3064.27,3065.20,1603.770,1764211499999,4916236.97364,4319,1018.885,3123253.61804,0
1764211500000,3065.19,3066.88,3058.64,3060.00,6884.194,1764211559999,21076646.09428,7719,2841.613,8699663.10559,0
1764211560000,3060.00,3061.00,3055.22,3057.50,12404.785,1764211619999,37932505.99196,11842,4872.065,14896312.10937,0
1764211620000,3057.50,3060.18,3055.25,3055.74,5899.829,1764211679999,18040245.98626,7550,2914.795,8913114.64609,0
1764211680000,3055.73,3055.83,3047.85,3048.67,11484.525,1764211739999,35030629.58378,13614,3849.848,11740957.05898,0
1764211740000,3048.70,3053.51,3048.20,3050.52,12255.141,1764211799999,37381011.95008,9697,9324.434,28441207.95918,0
1764211800000,3050.52,3052.29,3049.62,3050.73,2863.713,1764211859999,8736860.37171,6764,1517.476,4629537.18248,0
1764211860000,3050.74,3051.01,3045.47,3047.66,6632.741,1764211919999,20213549.14821,9852,3209.762,9780437.07310,0
1764211920000,3047.66,3048.58,3045.72,3046.02,7591.791,1764211979999,23133547.63054,9332,3158.008,9623055.09902,0
1764211980000,3046.02,3047.04,3042.34,3044.12,9672.534,1764212039999,29442171.62269,12649,4746.381,14446378.29605,0
1764212040000,3044.13,3044.56,3037.19,3038.24,8394.596,1764212099999,25519228.23315,12436,3372.142,10251909.38945,0
1764212100000,3038.24,3041.07,3037.58,3038.41,7745.484,1764212159999,23539115.51075,10421,4270.986,12980679.48562,0
1764212160000,3038.41,3038.55,3035.00,3037.69,5078.122,1764212219999,15421538.16679,8780,2196.790,6671307.99165,0
1764212220000,3037.69,3039.98,3035.42,3036.90,4585.028,1764212279999,13926630.96510,7732,2082.088,6324351.56005,0
1764212280000,3036.89,3037.97,3035.42,3037.97,4261.849,1764212339999,12943392.09096,4531,1554.671,4721429.37175,0
1764212340000,3037.97,3038.39,3035.60,3035.75,2025.923,1764212399999,6152882.68639,3522,697.550,2118617.26466,0
1764212400000,3035.76,3040.38,3033.77,3038.30,4639.736,1764212459999,14091596.85014,7441,2336.827,7098694.54236,0
1764212460000,3038.30,3040.20,3038.29,3038.86,2809.206,1764212519999,8538303.17479,4029,1665.529,5062285.76744,0
1764212520000,3038.86,3040.44,3037.99,3038.88,2676.109,1764212579999,8132860.94643,4635,1411.115,4288592.99943,0
1764212580000,3038.89,3038.89,3037.20,3037.39,1497.153,1764212639999,4548442.45264,3262,480.917,1461057.12141,0
1764212640000,3037.39,3039.00,3037.20,3037.56,1528.638,1764212699999,4644147.00275,3691,730.762,2220162.68973,0
1764212700000,3037.54,3037.92,3034.12,3035.52,2335.052,1764212759999,7089249.54001,5105,513.129,1558096.95011,0
1764212760000,3035.51,3037.42,3035.51,3036.60,1640.311,1764212819999,4980919.36322,4278,679.444,2063135.17891,0
1764212820000,3036.60,3043.00,3036.32,3041.16,4333.087,1764212879999,13172822.00958,7564,3229.728,9817372.01742,0
1764212880000,3041.16,3044.71,3040.43,3043.57,1872.111,1764212939999,5695364.85003,4764,894.241,2720572.66622,0
1764212940000,3043.57,3045.69,3041.89,3042.12,4423.606,1764212999999,13467911.10009,6703,2774.828,8448385.32139,0
1764213000000,3042.11,3043.00,3040.31,3042.48,1302.968,1764213059999,3963313.28150,4830,552.396,1680389.00923,0
1764213060000,3042.47,3042.47,3040.11,3041.24,1061.044,1764213119999,3226673.67806,2826,357.053,1085780.12965,0
1764213120000,3041.23,3041.70,3040.54,3041.11,1392.825,1764213179999,4235666.14439,2862,708.761,2155350.78170,0
1764213180000,3041.10,3041.51,3039.71,3040.06,1344.939,1764213239999,4089091.32162,2868,578.800,1759705.16443,0
1764213240000,3040.05,3041.50,3039.67,3041.39,954.128,1764213299999,2901330.15062,1942,503.396,1530761.13980,0
1764213300000,3041.38,3041.39,3039.28,3039.42,2072.271,1764213359999,6299854.01323,3408,853.412,2594345.81229,0
1764213360000,3039.43,3041.78,3039.37,3041.77,979.359,1764213419999,2977653.05366,2147,678.729,2063565.57216,0
1764213420000,3041.78,3043.83,3041.77,3042.56,1572.141,1764213479999,4784304.43703,4102,859.096,2614349.75436,0
1764213480000,3042.55,3049.81,3042.14,3049.32,3386.898,1764213539999,10318010.25143,7000,2358.262,7183864.10713,0
1764213540000,3049.31,3049.31,3046.91,3047.34,2745.198,1764213599999,8368297.11961,3827,982.091,2993699.92396,0
1764213600000,3047.35,3049.99,3047.35,3049.24,2957.616,1764213659999,9017614.69974,4609,1990.217,6068019.83874,0
1764213660000,3049.25,3050.56,3048.80,3049.04,1738.723,1764213719999,5302408.75273,3656,1061.563,3237411.78121,0
1764213720000,3049.05,3050.62,3049.04,3049.61,1608.302,1764213779999,4904821.47808,3332,994.121,3031699.65123,0
1764213780000,3049.60,3049.61,3046.00,3046.08,1213.171,1764213839999,3697072.98216,3025,294.309,896824.01391,0
1764213840000,3046.07,3048.33,3045.85,3047.83,1221.399,1764213899999,3721842.55698,2529,497.262,1515112.94467,0
1764213900000,3047.83,3048.60,3045.00,3045.00,1000.958,1764213959999,3049618.24827,2732,290.318,884750.17673,0
1764213960000,3045.00,3047.31,3044.15,3044.82,1619.553,1764214019999,4932378.16868,5039,419.792,1278611.81561,0
1764214020000,3044.82,3045.25,3043.48,3045.25,1171.286,1764214079999,3565673.30527,2745,396.790,1207939.55568,0
1764214080000,3045.24,3046.00,3044.30,3045.86,666.117,1764214139999,2028269.99101,2099,259.139,789113.84899,0
1764214140000,3045.85,3045.85,3044.20,3044.54,1022.813,1764214199999,3114120.76196,3270,415.516,1265114.70907,0
1764214200000,3044.53,3044.53,3039.15,3039.15,1953.002,1764214259999,5939706.44749,5493,508.284,1545912.61513,0
1764214260000,3039.15,3040.38,3036.45,3038.25,4978.292,1764214319999,15124823.33018,8680,1352.601,4109512.95003,0
1764214320000,3038.24,3038.24,3035.73,3037.13,2064.895,1764214379999,6271321.65396,4220,817.123,2481722.88963,0
1764214380000,3037.14,3039.69,3037.14,3039.69,2959.937,1764214439999,8992616.02477,5093,1397.439,4245517.97124,0
1764214440000,3039.69,3039.81,3036.24,3036.83,1671.293,1764214499999,5077321.15324,3535,701.473,2130964.14497,0
1764214500000,3036.83,3041.00,3036.00,3041.00,2282.495,1764214559999,6934296.30591,4651,1495.587,4543797.49358,0
1764214560000,3041.00,3041.13,3039.68,3039.86,1192.508,1764214619999,3625878.32656,2209,509.859,1550270.29160,0
1764214620000,3039.86,3040.63,3038.13,3038.48,831.099,1764214679999,2526332.02786,2161,332.213,1009853.65210,0
1764214680000,3038.48,3039.73,3037.91,3039.24,857.522,1764214739999,2605971.67501,2522,393.375,1195394.45183,0
1764214740000,3039.23,3039.51,3035.25,3035.62,2288.547,1764214799999,6949621.67454,4754,1115.989,3388558.54265,0
1764214800000,3035.61,3037.08,3035.00,3035.01,1439.077,1764214859999,4369200.69986,3057,590.382,1792510.76808,0
1764214860000,3035.01,3036.50,3033.09,3036.37,3261.628,1764214919999,9897675.22417,5219,1438.248,4364560.55878,0
1764214920000,3036.37,3036.97,3034.04,3034.99,1206.032,1764214979999,3660690.44182,3644,499.524,1516226.10631,0
1764214980000,3034.99,3037.02,3030.43,3031.49,5990.343,1764215039999,18168572.63741,5900,2339.603,7094204.88986,0
1764215040000,3031.49,3032.94,3028.00,3031.58,14668.593,1764215099999,44448678.04210,10579,8638.571,26177953.20151,0
1764215100000,3031.58,3032.23,3029.30,3030.65,3001.453,1764215159999,9097067.62192,5016,972.514,2947771.24006,0
1764215160000,3030.65,3030.87,3029.63,3029.72,1180.614,1764215219999,3577497.33763,2335,588.182,1782328.05018,0
1764215220000,3029.72,3033.16,3028.57,3031.05,6186.651,1764215279999,18749079.09810,6266,4268.437,12936393.68288,0
1764215280000,3031.05,3031.49,3029.55,3030.95,2290.145,1764215339999,6939864.17840,4245,1228.331,3722103.19407,0
1764215340000,3030.96,3032.05,3030.36,3032.05,1051.073,1764215399999,3185482.17614,2416,576.247,1746432.29373,0
1764215400000,3032.05,3033.00,3031.71,3032.52,1177.752,1764215459999,3571446.33398,2433,709.848,2152577.28588,0
1764215460000,3032.51,3033.74,3031.49,3032.09,1354.546,1764215519999,4107729.14732,3013,690.722,2094841.98039,0
1764215520000,3032.10,3033.44,3032.09,3033.30,1208.861,1764215579999,3666218.26585,2690,594.157,1801986.77151,0
1764215580000,3033.30,3033.72,3031.32,3031.71,1578.689,1764215639999,4787013.57415,2828,504.870,1530888.22664,0
1764215640000,3031.71,3032.64,3031.04,3032.44,974.869,1764215699999,2955599.22740,2052,416.554,1262891.00081,0
1764215700000,3032.44,3032.77,3030.02,3032.76,1635.492,1764215759999,4957633.40853,3387,449.023,1361144.48409,0
1764215760000,3032.76,3036.01,3032.34,3035.60,3396.692,1764215819999,10307857.88215,4416,2469.617,7494050.27110,0
1764215820000,3035.59,3035.59,3034.23,3034.66,1236.257,1764215879999,3751777.86240,1810,788.755,2393730.82627,0
1764215880000,3034.67,3034.83,3032.55,3032.76,1632.509,1764215939999,4952048.79523,2660,649.342,1969558.80361,0
1764215940000,3032.76,3033.95,3031.91,3032.32,802.584,1764215999999,2434109.90429,2102,385.328,1168664.83899,0
1764216000000,3032.31,3032.77,3031.38,3032.50,2185.302,1764216059999,6625923.82833,3172,772.225,2341344.38235,0
1764216060000,3032.50,3034.23,3030.00,3031.95,3104.304,1764216119999,9411184.99820,3452,719.486,2182276.17851,0
1764216120000,3031.95,3032.56,3031.15,3031.35,673.362,1764216179999,2041446.39921,1726,151.007,457839.05809,0
1764216180000,3031.34,3033.33,3030.84,3031.14,782.764,1764216239999,2373580.59733,2010,323.009,979341.35907,0
1764216240000,3031.16,3033.00,3031.16,3032.80,2216.167,1764216299999,6720649.77339,1762,1884.172,5713791.97683,0
1764216300000,3032.79,3035.50,3032.02,3035.49,2182.446,1764216359999,6621419.49975,3297,1432.841,4346863.53652,0
1764216360000,3035.50,3036.33,3035.50,3035.92,883.907,1764216419999,2683442.88038,1638,481.367,1461380.48101,0
1764216420000,3035.92,3036.48,3035.37,3035.95,946.446,1764216479999,2873442.82659,1976,465.532,1413367.69895,0
1764216480000,3035.95,3035.98,3034.36,3035.95,684.226,1764216539999,2076667.58415,1773,392.495,1191295.39772,0
1764216540000,3035.96,3039.26,3035.95,3038.84,3382.521,1764216599999,10275765.58673,4615,2319.129,7044964.83198,0
1764216600000,3038.84,3047.68,3038.82,3045.54,16504.467,1764216659999,50244129.02820,11917,5401.149,16439404.85650,0
1764216660000,3045.53,3047.60,3044.77,3046.01,5722.618,1764216719999,17433053.93044,5215,1713.744,5220457.67182,0
1764216720000,3046.01,3046.32,3044.05,3045.02,4720.216,1764216779999,14373960.45457,4360,1616.007,4920735.81405,0
1764216780000,3045.01,3048.76,3045.01,3048.60,2535.968,1764216839999,7725289.35871,3531,1294.211,3942709.00840,0
1764216840000,3048.60,3049.00,3046.28,3047.26,1589.697,1764216899999,4844601.63140,2889,725.637,2211384.79746,0
1764216900000,3047.26,3052.73,3047.06,3050.16,6671.351,1764216959999,20345991.51159,7800,4044.748,12335000.73179,0
1764216960000,3050.17,3050.55,3048.30,3048.63,5482.792,1764217019999,16722081.76096,3391,984.865,3003771.91109,0
1764217020000,3048.64,3048.64,3044.82,3046.70,1424.868,1764217079999,4340500.02225,3654,393.650,1199167.83594,0
1764217080000,3046.70,3046.70,3044.37,3044.37,1190.433,1764217139999,3625774.71614,1822,149.392,455056.12938,0
1764217140000,3044.37,3044.37,3041.62,3041.89,2210.789,1764217199999,6726858.90300,3221,500.829,1523793.67723,0
1764217200000,3041.89,3042.40,3041.10,3041.38,2705.235,1764217259999,8228620.93004,3219,1054.147,3206261.92829,0
1764217260000,3041.39,3041.53,3040.01,3041.14,1282.769,1764217319999,3900586.03315,2552,506.414,1539919.90356,0
1764217320000,3041.14,3041.59,3041.13,3041.51,335.480,1764217379999,1020316.79355,813,219.235,666769.63008,0
1764217380000,3041.51,3042.00,3041.01,3042.00,739.376,1764217439999,2248860.96837,1272,518.807,1578008.91990,0
1764217440000,3042.00,3042.00,3039.44,3040.80,1130.586,1764217499999,3437474.05226,2190,453.896,1380222.02114,0
1764217500000,3040.80,3043.80,3040.80,3043.01,1726.544,1764217559999,5252862.85552,2599,1307.532,3977922.96175,0
1764217560000,3043.01,3044.30,3042.31,3042.84,792.345,1764217619999,2411509.32208,2193,488.109,1485625.88976,0
1764217620000,3042.86,3043.72,3040.27,3040.36,615.139,1764217679999,1870834.08603,2435,148.714,452323.80888,0
1764217680000,3040.35,3040.35,3037.13,3038.17,1560.141,1764217739999,4740278.73361,3078,399.740,1214423.73448,0
1764217740000,3038.17,3038.62,3035.71,3037.48,2058.004,1764217799999,6250501.41694,3676,886.031,2690951.50191,0
1764217800000,3037.47,3037.73,3035.33,3036.38,1836.967,1764217859999,5577808.62383,3348,831.199,2523995.59991,0
1764217860000,3036.37,3037.52,3035.74,3037.11,2019.628,1764217919999,6132796.63221,3484,939.885,2853919.42146,0
1764217920000,3037.11,3037.15,3035.52,3036.49,1185.206,1764217979999,3598976.72288,2246,449.205,1364064.31412,0
1764217980000,3036.49,3036.96,3035.00,3035.19,1449.816,1764218039999,4401199.23742,2858,709.671,2154346.72436,0
1764218040000,3035.18,3036.09,3034.35,3036.09,1977.395,1764218099999,6001343.91549,2385,1441.760,4375762.59407,0
1764218100000,3036.08,3038.49,3036.08,3037.59,660.486,1764218159999,2006320.04780,2084,521.547,1584244.12203,0
1764218160000,3037.59,3038.39,3037.58,3038.10,325.831,1764218219999,989895.42938,1101,237.883,722698.88136,0
1764218220000,3038.11,3041.22,3038.08,3041.05,1759.865,1764218279999,5348533.39616,3152,1388.487,4219935.46631,0
1764218280000,3041.05,3044.86,3041.04,3043.01,2134.188,1764218339999,6495313.89631,4966,1529.759,4655605.48007,0
1764218340000,3043.02,3043.03,3041.87,3042.93,626.808,1764218399999,1907094.20990,2007,283.526,862633.68997,0
1764218400000,3042.92,3043.01,3041.04,3041.36,1259.225,1764218459999,3830724.74353,2320,309.553,941650.42271,0
1764218460000,3041.35,3042.68,3041.00,3041.55,1574.845,1764218519999,4790388.73035,2914,1199.097,3647466.60774,0
1764218520000,3041.55,3041.77,3040.25,3040.25,571.022,1764218579999,1736674.86607,1864,196.047,596273.47939,0
1764218580000,3040.25,3043.01,3040.25,3042.30,1069.407,1764218639999,3252818.31273,2213,756.834,2301884.97767,0
1764218640000,3042.30,3042.31,3040.62,3040.63,475.695,1764218699999,1446734.07489,1296,219.592,667800.47636,0
1764218700000,3040.63,3041.37,3040.31,3040.47,497.500,1764218759999,1512923.92264,1606,239.684,728875.18305,0
1764218760000,3040.46,3042.18,3040.00,3042.17,1408.052,1764218819999,4281853.61928,1919,1158.273,3522361.02527,0
1764218820000,3042.17,3042.58,3040.45,3041.50,468.446,1764218879999,1424830.69521,1762,248.925,757130.92861,0
1764218880000,3041.49,3041.74,3040.00,3040.06,537.506,1764218939999,1634599.25637,1490,229.191,697003.76397,0
1764218940000,3040.05,3040.41,3039.81,3040.40,373.627,1764218999999,1135886.83719,1475,179.243,544934.11947,0
1764219000000,3040.41,3040.41,3038.20,3038.41,1455.881,1764219059999,4424864.39706,2113,217.458,660866.80411,0
1764219060000,3038.41,3038.97,3038.20,3038.96,377.982,1764219119999,1148531.25281,1399,149.110,453091.60022,0
1764219120000,3038.96,3039.65,3038.77,3039.44,390.584,1764219179999,1187041.13897,1445,267.743,813704.39347,0
1764219180000,3039.45,3040.06,3038.80,3039.60,574.288,1764219239999,1745474.60734,1388,305.873,929672.70369,0
1764219240000,3039.60,3039.75,3039.18,3039.37,294.037,1764219299999,893717.35403,1008,166.195,505138.88360,0
1764219300000,3039.38,3039.92,3039.37,3039.92,300.875,1764219359999,914512.25307,726,169.938,516535.15410,0
1764219360000,3039.92,3040.08,3038.68,3039.66,838.497,1764219419999,2548729.41105,2101,465.704,1415623.40224,0
1764219420000,3039.65,3039.93,3039.01,3039.01,255.433,1764219479999,776378.47746,949,111.640,339328.45822,0
1764219480000,3039.01,3040.10,3038.58,3040.10,454.207,1764219539999,1380623.10287,1144,244.855,744249.94675,0
1764219540000,3040.09,3040.75,3040.00,3040.15,757.109,1764219599999,2301906.14499,1357,616.521,1874453.00970,0
1764219600000,3040.14,3040.15,3038.10,3038.10,875.145,1764219659999,2659421.94283,2987,407.512,1238321.60484,0
1764219660000,3038.11,3039.46,3036.41,3036.91,1050.491,1764219719999,3191186.49460,2867,579.060,1759111.89549,0
1764219720000,3036.92,3040.50,3036.91,3040.36,617.180,1764219779999,1875507.45686,2111,460.719,1400104.51406,0
1764219780000,3040.37,3040.46,3039.30,3039.72,771.316,1764219839999,2344707.71699,1492,282.991,860188.11702,0
1764219840000,3039.72,3042.12,3039.08,3040.26,1387.358,1764219899999,4218370.41997,3148,947.653,2881209.32865,0
1764219900000,3040.25,3040.56,3037.60,3039.39,802.341,1764219959999,2438265.54671,2412,388.869,1181759.37241,0
1764219960000,3039.39,3042.57,3039.38,3042.57,947.276,1764220019999,2881075.92070,2591,742.090,2257028.39593,0
1764220020000,3042.57,3044.88,3040.92,3041.20,1459.779,1764220079999,4441875.38797,3834,881.870,2683668.43098,0
1764220080000,3041.20,3041.20,3037.23,3037.99,1307.017,1764220139999,3972172.61464,3459,592.501,1800536.63686,0
1764220140000,3037.99,3037.99,3035.00,3035.76,1879.962,1764220199999,5707729.73808,3061,635.894,1930471.03876,0
1764220200000,3035.76,3036.00,3034.61,3034.81,1880.837,1764220259999,5709018.45709,2993,463.121,1405773.39956,0
1764220260000,3034.81,3035.02,3033.43,3034.36,2248.925,1764220319999,6823794.32981,3070,715.691,2171597.01768,0
1764220320000,3034.36,3036.21,3034.29,3034.95,1437.041,1764220379999,4361375.99565,3143,664.767,2017605.45413,0
1764220380000,3034.94,3036.80,3034.94,3036.80,1113.980,1764220439999,3381766.67920,2305,425.964,1293110.42685,0
1764220440000,3036.80,3037.81,3035.15,3035.76,1751.011,1764220499999,5316128.61758,4090,477.730,1450368.91254,0
1764220500000,3035.75,3036.00,3033.90,3035.00,1224.259,1764220559999,3715633.85196,2744,459.686,1395179.42459,0
1764220560000,3035.00,3035.75,3033.41,3034.31,1356.021,1764220619999,4114924.88635,3307,634.185,1924307.23779,0
1764220620000,3034.31,3035.26,3033.37,3033.37,742.641,1764220679999,2253396.70076,2238,276.791,839872.70620,0
1764220680000,3033.37,3034.59,3032.01,3033.92,1860.035,1764220739999,5641241.73996,3488,818.346,2481989.33205,0
1764220740000,3033.92,3034.27,3033.18,3033.40,1167.232,1764220799999,3540963.31555,2803,617.416,1873061.45719,0
1764220800000,3033.40,3038.85,3033.40,3036.00,3367.140,1764220859999,10225787.83710,4676,2519.910,7652796.74487,0
1764220860000,3035.99,3036.50,3035.04,3036.48,1061.848,1764220919999,3223480.30656,2657,478.611,1452933.15008,0
1764220920000,3036.49,3037.65,3035.75,3036.27,977.396,1764220979999,2967903.38713,2278,366.673,1113536.78447,0
1764220980000,3036.27,3040.00,3036.27,3039.00,2402.659,1764221039999,7301083.44504,4348,1578.849,4797721.03704,0
1764221040000,3039.00,3041.00,3038.57,3039.82,1432.743,1764221099999,4355404.97230,3315,740.737,2251801.64220,0
1764221100000,3039.82,3041.21,3039.59,3040.70,1264.327,1764221159999,3844201.35823,1955,880.389,2676808.34666,0
1764221160000,3040.71,3041.17,3037.56,3037.85,1484.084,1764221219999,4510706.01117,3275,383.213,1164929.43061,0
1764221220000,3037.85,3038.53,3036.49,3036.49,490.170,1764221279999,1488995.38125,1482,210.114,638287.69339,0
1764221280000,3036.50,3037.82,3036.50,3037.82,805.810,1764221339999,2447211.90051,1589,433.680,1317087.66413,0
1764221340000,3037.82,3038.36,3036.30,3036.61,1001.688,1764221399999,3042404.99873,2326,402.633,1222860.89523,0
1764221400000,3036.60,3036.61,3033.43,3035.21,1384.665,1764221459999,4201948.81677,3669,612.393,1858386.81491,0
1764221460000,3035.21,3036.12,3031.00,3031.56,4180.149,1764221519999,12678005.75366,5121,1087.619,3298689.80622,0
1764221520000,3031.55,3033.23,3030.16,3032.12,3983.015,1764221579999,12075002.35183,5593,1419.671,4304183.25993,0
1764221580000,3032.11,3034.01,3031.83,3033.67,961.112,1764221639999,2915391.37581,2983,607.051,1841390.78216,0
1764221640000,3033.66,3033.67,3032.75,3033.47,719.068,1764221699999,2181109.61204,2046,380.802,1155044.48989,0
1764221700000,3033.47,3033.47,3028.40,3029.07,4003.157,1764221759999,12130468.18055,5181,1023.455,3100952.44019,0
1764221760000,3029.06,3030.76,3028.85,3030.46,1767.645,1764221819999,5355715.36337,2868,1153.187,3493962.63396,0
1764221820000,3030.46,3030.46,3025.16,3027.10,5748.039,1764221879999,17403620.22681,7172,1202.572,3640161.56965,0
1764221880000,3027.10,3027.15,3018.88,3021.61,19166.321,1764221939999,57921891.56926,16265,8587.247,25948659.30644,0
1764221940000,3021.61,3022.88,3019.00,3022.60,11445.269,1764221999999,34566259.74029,8675,5261.444,15891964.28945,0
1764222000000,3022.60,3022.66,3019.48,3019.49,6045.501,1764222059999,18265405.89164,6218,1339.159,4046084.54173,0
1764222060000,3019.48,3021.72,3019.16,3021.63,2617.986,1764222119999,7907003.46448,4736,1363.508,4118247.15648,0
1764222120000,3021.63,3021.78,3019.91,3020.11,3118.362,1764222179999,9419366.90444,4606,1188.128,3588706.97959,0
1764222180000,3020.11,3022.96,3018.56,3022.70,5668.094,1764222239999,17118370.78929,5874,2108.024,6367401.07509,0
1764222240000,3022.70,3023.00,3021.37,3022.20,1533.416,1764222299999,4634161.58025,2574,747.142,2258030.96391,0
1764222300000,3022.20,3022.80,3021.33,3022.50,1825.090,1764222359999,5515789.98894,3035,1152.629,3483482.05155,0
1764222360000,3022.50,3023.51,3021.97,3023.28,1582.676,1764222419999,4784021.00621,2986,985.094,2977745.59786,0
1764222420000,3023.28,3023.79,3022.19,3022.19,1905.229,1764222479999,5759418.10303,3265,847.875,2563144.04230,0
1764222480000,3022.18,3025.40,3022.00,3025.01,2647.296,1764222539999,8005908.73206,3708,1788.381,5408405.13291,0
1764222540000,3025.00,3025.01,3023.10,3023.11,1169.166,1764222599999,3535447.90538,2212,473.748,1432620.16712,0
1764222600000,3023.11,3025.19,3022.62,3024.98,1665.308,1764222659999,5035913.41768,3750,806.574,2439114.82786,0
1764222660000,3024.98,3025.20,3023.50,3024.53,772.769,1764222719999,2337148.21096,2559,326.211,986550.07044,0
1764222720000,3024.53,3025.37,3024.07,3025.37,1029.806,1764222779999,3114865.83192,2304,556.113,1682083.26743,0
1764222780000,3025.37,3026.92,3022.28,3022.46,1957.490,1764222839999,5921204.11994,4431,915.189,2768641.35447,0
1764222840000,3022.47,3023.32,3021.24,3021.57,2289.380,1764222899999,6918512.26252,3516,1158.071,3499519.98120,0
1764222900000,3021.56,3023.77,3019.16,3019.54,2448.869,1764222959999,7398541.02311,4785,1029.988,3112199.63382,0
1764222960000,3019.55,3019.86,3015.26,3017.19,9824.028,1764223019999,29643241.37698,10825,2906.243,8769933.05290,0
1764223020000,3017.19,3020.74,3017.18,3020.74,3732.161,1764223079999,11267713.71036,5837,2509.873,7577534.60575,0
1764223080000,3020.73,3022.52,3020.73,3022.46,1776.750,1764223139999,5368996.99861,2832,1060.120,3203334.54982,0
1764223140000,3022.46,3022.47,3021.52,3022.20,788.848,1764223199999,2383871.74694,1979,388.871,1175140.21505,0
1764223200000,3022.20,3023.99,3021.49,3023.62,1852.430,1764223259999,5599193.59131,3055,1146.293,3465117.47754,0
1764223260000,3023.62,3024.67,3023.48,3024.28,1230.642,1764223319999,3721420.53748,2353,837.609,2532851.41671,0
1764223320000,3024.27,3024.93,3023.80,3024.35,1011.199,1764223379999,3058496.86519,2095,628.311,1900419.47489,0
1764223380000,3024.34,3024.34,3021.97,3024.02,1198.505,1764223439999,3623613.33239,3483,323.463,978014.69210,0
1764223440000,3024.01,3024.54,3023.41,3024.28,769.306,1764223499999,2326404.80880,2001,369.512,1117412.12115,0
1764223500000,3024.28,3025.13,3022.96,3023.35,2262.990,1764223559999,6843322.79288,3539,992.285,3000870.25276,0
1764223560000,3023.35,3023.35,3021.35,3023.01,1627.436,1764223619999,4918789.80013,3047,574.856,1737503.62069,0
1764223620000,3023.00,3024.01,3023.00,3023.02,648.078,1764223679999,1959428.05007,1633,441.440,1334638.79029,0
1764223680000,3023.02,3024.84,3023.00,3024.47,582.401,1764223739999,1761306.03895,1611,446.569,1350535.30041,0
1764223740000,3024.46,3026.92,3024.46,3026.83,1484.423,1764223799999,4491968.32363,3059,1196.095,3619418.01333,0
1764223800000,3026.83,3029.83,3026.83,3029.14,2673.700,1764223859999,8098293.73172,5104,1571.442,4759585.17162,0
1764223860000,3029.14,3029.58,3028.84,3029.00,1235.524,1764223919999,3742559.94402,1971,790.705,2395138.27845,0
1764223920000,3029.01,3029.55,3026.22,3027.30,2219.503,1764223979999,6720538.46921,3330,610.001,1847592.41393,0
1764223980000,3027.29,3028.71,3027.29,3028.16,787.524,1764224039999,2384793.15017,1689,379.983,1150672.16444,0
1764224040000,3028.16,3029.00,3027.88,3028.59,895.287,1764224099999,2711363.44623,1878,631.698,1913094.60197,0
1764224100000,3028.60,3028.99,3027.00,3028.99,1068.494,1764224159999,3235221.50535,2553,604.663,1830897.80885,0
1764224160000,3029.00,3029.65,3028.08,3028.64,1175.758,1764224219999,3561346.56072,2181,707.682,2143555.86103,0
1764224220000,3028.64,3028.64,3025.50,3025.50,1170.432,1764224279999,3543170.28329,2698,194.053,587471.51216,0
1764224280000,3025.50,3025.50,3023.20,3023.59,1300.117,1764224339999,3932102.73749,2505,352.496,1066107.83606,0
1764224340000,3023.58,3024.27,3023.58,3023.98,708.118,1764224399999,2141298.06740,1392,287.647,869842.02072,0
1764224400000,3023.98,3024.86,3023.94,3024.14,698.384,1764224459999,2112094.08151,1349,483.626,1462577.48275,0
1764224460000,3024.14,3024.85,3023.89,3024.77,733.806,1764224519999,2219321.80756,1357,533.140,1612416.88819,0
1764224520000,3024.77,3026.24,3024.10,3026.24,612.569,1764224579999,1853024.84716,1515,379.669,1148516.82747,0
1764224580000,3026.24,3027.15,3025.55,3026.06,666.686,1764224639999,2017699.56465,1747,388.469,1175695.01780,0
1764224640000,3026.06,3027.60,3025.03,3027.51,412.272,1764224699999,1247512.31910,1606,252.314,763471.49262,0
1764224700000,3027.51,3028.11,3027.40,3028.10,488.020,1764224759999,1477584.06612,1436,354.988,1074810.82522,0
1764224760000,3028.11,3030.98,3028.11,3030.45,1966.418,1764224819999,5958351.59542,3643,1620.661,4910531.78910,0
1764224820000,3030.46,3031.57,3029.59,3031.29,882.761,1764224879999,2675279.59088,1708,467.906,1418133.76954,0
1764224880000,3031.29,3031.29,3028.87,3031.17,1451.202,1764224939999,4397162.78069,3284,635.100,1924406.70400,0
1764224940000,3031.17,3032.91,3031.17,3031.82,1419.271,1764224999999,4303244.30816,2559,953.743,2891825.67015,0
1764225000000,3031.83,3031.83,3030.41,3030.75,861.669,1764225059999,2611825.77889,2022,256.566,777653.49750,0
1764225060000,3030.76,3032.08,3030.30,3030.85,797.856,1764225119999,2418300.69617,1919,486.332,1474028.80024,0
1764225120000,3030.85,3031.67,3030.84,3031.67,617.256,1764225179999,1871156.02303,1163,311.990,945765.22073,0
1764225180000,3031.66,3031.66,3029.00,3029.01,1671.826,1764225239999,5065838.08003,2606,211.617,641176.64464,0
1764225240000,3029.00,3029.39,3028.16,3029.36,1134.124,1764225299999,3435036.61476,1879,445.279,1348607.08413,0
1764225300000,3029.36,3030.00,3027.52,3028.19,1426.736,1764225359999,4321436.98388,2123,848.561,2570450.50635,0
1764225360000,3028.19,3029.66,3028.19,3029.53,516.682,1764225419999,1565120.68923,1117,262.962,796515.92137,0
1764225420000,3029.53,3033.30,3029.53,3032.00,2256.213,1764225479999,6840897.05692,4190,1543.859,4680692.30361,0
1764225480000,3031.99,3031.99,3031.42,3031.66,349.741,1764225539999,1060291.40666,1055,147.313,446588.38052,0
1764225540000,3031.65,3032.12,3029.00,3029.00,1343.369,1764225599999,4071910.19657,2347,565.889,1715168.61725,0
1764225600000,3029.01,3029.01,3027.00,3027.01,1091.128,1764225659999,3303482.32609,2760,388.452,1176016.74884,0
1764225660000,3027.01,3028.00,3026.40,3027.11,2154.060,1764225719999,6520812.02438,4015,841.335,2547092.36658,0
1764225720000,3027.12,3028.66,3027.11,3028.60,714.370,1764225779999,2163188.66447,2055,453.312,1372651.45436,0
1764225780000,3028.61,3029.69,3028.35,3029.11,614.201,1764225839999,1860466.31721,2023,340.685,1031955.34729,0
1764225840000,3029.12,3029.85,3028.68,3029.34,428.808,1764225899999,1298951.09298,1560,258.095,781825.80059,0
1764225900000,3029.35,3030.58,3029.34,3029.48,559.867,1764225959999,1696391.96599,1846,351.813,1065985.65489,0
1764225960000,3029.48,3030.50,3027.42,3027.42,1516.709,1764226019999,4593971.54624,2789,703.409,2130561.57926,0
1764226020000,3027.43,3030.78,3027.42,3029.71,1656.136,1764226079999,5016908.26258,2756,1046.210,3169259.88186,0
1764226080000,3029.71,3029.90,3028.13,3028.69,697.110,1764226139999,2111499.47268,2239,255.717,774553.47097,0
1764226140000,3028.69,3029.19,3027.75,3027.75,448.621,1764226199999,1358738.76893,1897,191.523,580076.89338,0
1764226200000,3027.75,3027.76,3024.12,3025.26,2433.272,1764226259999,7362042.20033,4267,684.720,2071262.18412,0
1764226260000,3025.25,3025.43,3022.12,3023.42,2131.429,1764226319999,6444303.09015,4135,716.450,2166100.71434,0
1764226320000,3023.42,3024.36,3023.13,3023.64,997.976,1764226379999,3017499.61459,2155,493.220,1491269.24764,0
1764226380000,3023.64,3024.38,3023.52,3024.23,1320.665,1764226439999,3993707.75883,1998,515.898,1560041.54781,0
1764226440000,3024.24,3025.55,3024.24,3025.31,1172.448,1764226499999,3546381.99266,2064,641.866,1941539.68613,0
1764226500000,3025.30,3027.30,3025.15,3026.66,1815.515,1764226559999,5495209.48905,2873,748.629,2265797.60862,0
1764226560000,3026.66,3027.00,3026.26,3027.00,599.197,1764226619999,1813550.85855,1556,252.332,763708.03905,0
1764226620000,3027.00,3027.47,3026.45,3026.67,575.059,1764226679999,1740625.52600,1518,163.755,495662.41612,0
1764226680000,3026.67,3027.30,3026.43,3026.61,368.896,1764226739999,1116531.24546,1142,223.475,676393.65126,0
1764226740000,3026.61,3026.65,3025.75,3026.48,821.808,1764226799999,2486993.82872,1585,311.723,943323.48327,0
1764226800000,3026.48,3027.60,3025.62,3027.49,1554.559,1764226859999,4705278.00093,2297,1161.977,3516919.66307,0
1764226860000,3027.50,3027.82,3025.14,3026.94,839.623,1764226919999,2541268.77604,2269,448.857,1358634.59137,0
1764226920000,3026.93,3026.94,3025.35,3025.88,598.832,1764226979999,1812061.82057,1622,173.872,526112.43845,0
1764226980000,3025.87,3026.34,3024.65,3024.66,953.709,1764227039999,2885245.13460,1808,183.393,554842.58628,0
1764227040000,3024.66,3025.78,3024.66,3025.17,646.659,1764227099999,1956258.05209,1518,519.535,1571672.75470,0
1764227100000,3025.17,3027.66,3025.17,3026.62,950.520,1764227159999,2876725.67901,2027,632.301,1913454.11807,0
1764227160000,3026.62,3027.04,3026.11,3027.04,277.189,1764227219999,838941.41280,1200,112.530,340590.00624,0
1764227220000,3027.04,3027.99,3027.04,3027.32,360.491,1764227279999,1091437.34756,1093,153.136,463645.83615,0
1764227280000,3027.31,3028.86,3026.79,3027.38,793.057,1764227339999,2401470.31407,2097,538.047,1629297.81004,0
1764227340000,3027.38,3028.53,3027.38,3028.53,405.252,1764227399999,1226991.42553,1031,233.477,706891.42383,0
1764227400000,3028.52,3029.30,3027.77,3028.57,1020.943,1764227459999,3092140.74104,2117,622.596,1885733.25499,0
1764227460000,3028.54,3028.54,3028.09,3028.44,299.310,1764227519999,906395.68190,789,200.085,605901.81504,0
1764227520000,3028.45,3030.00,3028.44,3029.90,691.675,1764227579999,2095409.71629,1361,377.154,1142503.62353,0
1764227580000,3029.91,3029.96,3028.83,3029.44,1265.550,1764227639999,3833792.62382,2235,550.842,1668718.13577,0
1764227640000,3029.44,3029.44,3027.90,3028.40,645.668,1764227699999,1955471.92352,1386,208.035,629974.10803,0
1764227700000,3028.39,3028.40,3027.72,3027.72,257.188,1764227759999,778802.50564,769,98.506,298284.58158,0
1764227760000,3027.72,3028.50,3027.32,3028.49,284.274,1764227819999,860756.65727,1010,151.773,459560.34161,0
1764227820000,3028.49,3029.88,3028.06,3029.87,1052.291,1764227879999,3187354.33892,1852,829.556,2512709.21455,0
1764227880000,3029.88,3033.00,3029.88,3031.56,3350.410,1764227939999,10157844.77541,3776,2296.810,6963283.87120,0
1764227940000,3031.55,3032.26,3031.35,3032.01,1157.708,1764227999999,3509991.41383,1624,671.697,2036523.18466,0
1764228000000,3032.00,3032.01,3031.00,3031.23,905.180,1764228059999,2743999.70599,1439,372.048,1127775.12448,0
1764228060000,3031.23,3031.82,3031.12,3031.77,804.793,1764228119999,2439727.36018,1409,472.609,1432699.48584,0
1764228120000,3031.77,3032.23,3031.13,3031.98,526.886,1764228179999,1597450.55619,1257,331.748,1005818.12573,0
1764228180000,3031.99,3032.16,3031.35,3032.15,518.641,1764228239999,1572500.35541,1104,155.856,472539.06990,0
1764228240000,3032.16,3032.16,3030.67,3031.10,941.595,1764228299999,2854131.49170,1403,476.873,1445342.18245,0
1764228300000,3031.10,3032.55,3030.91,3032.54,826.013,1764228359999,2504595.58903,1445,547.819,1661064.41566,0
1764228360000,3032.55,3033.00,3031.76,3033.00,2189.868,1764228419999,6640778.61675,2439,1730.489,5247699.49260,0
1764228420000,3033.00,3034.56,3032.99,3034.31,2254.930,1764228479999,6841835.24452,2845,1588.526,4819758.87628,0
1764228480000,3034.30,3034.99,3034.29,3034.39,1185.135,1764228539999,3596398.91236,1794,779.946,2366793.89815,0
1764228540000,3034.39,3034.40,3032.36,3032.36,1000.375,1764228599999,3034150.19241,1615,288.534,875154.55884,0
1764228600000,3032.37,3032.50,3027.59,3027.88,2223.292,1764228659999,6735303.19569,3847,667.580,2022303.63163,0
1764228660000,3027.89,3029.00,3026.05,3028.86,1106.428,1764228719999,3349632.35752,3174,364.083,1102242.24041,0
1764228720000,3028.87,3029.11,3027.16,3028.09,559.312,1764228779999,1693608.72587,2041,215.315,651948.41642,0
1764228780000,3028.10,3030.34,3028.10,3029.40,555.390,1764228839999,1682410.86510,1898,385.360,1167376.17132,0
1764228840000,3029.39,3030.44,3028.11,3030.43,740.083,1764228899999,2241821.17294,2154,358.892,1087180.74974,0
1764228900000,3030.44,3030.61,3029.04,3029.28,1156.459,1764228959999,3504356.10679,1817,507.114,1536759.22651,0
1764228960000,3029.27,3029.28,3028.25,3028.49,442.367,1764229019999,1339741.58938,1096,159.903,484262.74418,0
1764229020000,3028.48,3029.44,3027.67,3027.68,645.909,1764229079999,1956254.46526,1839,234.885,711407.64382,0
1764229080000,3027.68,3028.66,3026.55,3028.65,980.111,1764229139999,2967327.26169,2112,507.402,1536187.80003,0
1764229140000,3028.66,3030.40,3028.00,3029.70,1178.865,1764229199999,3570940.76220,2489,526.859,1595819.04233,0
1764229200000,3029.69,3029.70,3027.29,3028.40,809.225,1764229259999,2450480.86013,1950,329.718,998433.95619,0
1764229260000,3028.40,3029.33,3027.23,3027.63,632.947,1764229319999,1916636.57625,1821,286.424,867288.47042,0
1764229320000,3027.62,3028.80,3027.62,3028.60,416.529,1764229379999,1261320.26044,1414,117.192,354882.31493,0
1764229380000,3028.61,3029.43,3028.43,3028.51,289.235,1764229439999,876006.11282,1252,126.797,384033.63281,0
1764229440000,3028.50,3028.50,3027.41,3027.92,1070.474,1764229499999,3241130.63589,1403,326.904,989747.36644,0
1764229500000,3027.91,3029.35,3027.91,3028.52,541.953,1764229559999,1641369.24149,1503,330.316,1000439.58356,0
1764229560000,3028.54,3028.83,3026.41,3026.43,1576.070,1764229619999,4771461.63848,2026,150.222,454808.76608,0
1764229620000,3026.43,3028.74,3026.40,3028.74,598.439,1764229679999,1811635.63953,1235,333.036,1008236.47648,0
1764229680000,3028.73,3030.80,3028.61,3030.41,1064.133,1764229739999,3224311.63948,1760,661.480,2004257.26177,0
1764229740000,3030.42,3031.70,3030.42,3030.89,765.778,1764229799999,2321211.20096,1526,470.309,1425589.91164,0
1764229800000,3030.89,3032.84,3030.89,3031.94,2989.864,1764229859999,9065157.31922,2495,807.248,2447522.19918,0
1764229860000,3031.94,3034.26,3031.00,3031.00,2211.391,1764229919999,6707352.62519,2983,1424.014,4319232.61028,0
1764229920000,3031.01,3031.72,3030.05,3030.59,1153.646,1764229979999,3496538.74699,1760,556.443,1686468.13794,0
1764229980000,3030.59,3031.41,3030.22,3031.00,391.287,1764230039999,1185939.23206,1112,163.324,494996.88652,0
1764230040000,3031.00,3031.00,3029.01,3029.55,454.135,1764230099999,1375969.05064,1269,177.909,539058.23990,0
1764230100000,3029.56,3030.57,3029.56,3030.43,523.699,1764230159999,1586864.06323,987,378.117,1145718.67846,0
1764230160000,3030.43,3031.19,3029.87,3030.44,571.332,1764230219999,1731461.06405,1521,286.217,867426.56632,0
1764230220000,3030.43,3031.50,3030.38,3031.02,401.117,1764230279999,1215782.70335,923,162.652,493004.59289,0
1764230280000,3031.04,3031.67,3031.04,3031.49,341.039,1764230339999,1033791.23187,700,148.276,449469.78924,0
1764230340000,3031.49,3032.78,3031.26,3032.12,916.664,1764230399999,2779301.19822,1407,417.612,1266118.03162,0
1764230400000,3032.12,3033.04,3031.04,3031.70,1433.670,1764230459999,4347061.11114,2044,818.189,2480915.52906,0
1764230460000,3031.70,3033.17,3031.59,3032.59,1062.901,1764230519999,3223065.62881,1960,386.493,1171982.28552,0
1764230520000,3032.60,3034.00,3032.37,3032.88,679.458,1764230579999,2061025.80733,1901,410.806,1246145.60207,0
1764230580000,3032.87,3032.88,3029.68,3029.68,1077.949,1764230639999,3267063.79847,1904,186.713,566036.93733,0
1764230640000,3029.69,3030.05,3028.35,3028.78,1145.236,1764230699999,3468926.57405,1592,190.646,577493.12959,0
1764230700000,3028.78,3029.50,3028.59,3029.00,1114.850,1764230759999,3376870.12342,1658,758.626,2297878.95810,0
1764230760000,3028.99,3029.39,3028.36,3029.31,656.343,1764230819999,1987931.87524,1185,240.836,729429.37508,0
1764230820000,3029.31,3030.72,3026.17,3026.51,2336.625,1764230879999,7075432.45449,2920,870.006,2634662.65613,0
1764230880000,3026.51,3027.28,3026.09,3026.37,1011.883,1764230939999,3062785.21775,1728,493.034,1492313.54519,0
1764230940000,3026.36,3026.67,3026.31,3026.32,993.610,1764230999999,3007086.27788,1250,431.346,1305442.94989,0
1764231000000,3026.32,3026.67,3025.03,3025.10,1318.360,1764231059999,3989289.39213,2068,376.323,1138850.55420,0
1764231060000,3025.10,3025.31,3023.25,3024.81,2584.747,1764231119999,7817315.12411,3483,1101.805,3332296.18900,0
1764231120000,3024.83,3026.12,3022.75,3022.76,1857.112,1764231179999,5617195.08097,2741,811.066,2453369.52367,0
1764231180000,3022.76,3023.13,3021.20,3022.10,2497.767,1764231239999,7548516.49184,3722,950.492,2872419.23249,0
1764231240000,3022.11,3022.11,3019.23,3020.12,4392.342,1764231299999,13266444.25485,6738,1867.592,5640873.23718,0
1764231300000,3020.12,3022.30,3020.12,3022.24,2043.443,1764231359999,6174441.31254,3606,1699.071,5133877.40443,0
1764231360000,3022.23,3022.71,3021.84,3021.85,1134.207,1764231419999,3428091.82508,1882,813.179,2457806.36320,0
1764231420000,3021.85,3022.00,3020.62,3021.00,748.353,1764231479999,2261087.30937,1746,376.827,1138537.73088,0
1764231480000,3021.01,3022.08,3020.71,3021.65,1043.587,1764231539999,3152919.98894,1756,535.127,1616758.22703,0
1764231540000,3021.65,3022.00,3021.48,3021.71,1398.345,1764231599999,4225518.17521,1802,710.357,2146524.62560,0
1764231600000,3021.70,3022.93,3021.16,3022.83,1160.605,1764231659999,3507438.44692,2168,843.286,2548527.53396,0
1764231660000,3022.84,3022.84,3020.79,3021.78,1432.124,1764231719999,4327521.94687,1774,512.962,1550045.67476,0
1764231720000,3021.78,3022.35,3021.00,3021.03,1268.110,1764231779999,3831774.21263,2174,446.965,1350645.01531,0
1764231780000,3021.03,3022.55,3020.50,3021.92,1529.257,1764231839999,4620164.34238,2234,473.506,1430511.01458,0
1764231840000,3021.94,3023.03,3021.94,3022.27,1046.119,1764231899999,3161888.60020,2183,695.453,2101987.78674,0
1764231900000,3022.26,3022.70,3022.26,3022.51,862.875,1764231959999,2607943.69193,1697,572.362,1729901.71274,0
1764231960000,3022.50,3025.57,3022.50,3023.20,1411.171,1764232019999,4267127.95737,2833,960.873,2905429.26449,0
1764232020000,3023.21,3024.26,3022.34,3022.79,1049.795,1764232079999,3173587.97195,2038,501.635,1516456.35300,0
1764232080000,3022.80,3022.80,3021.00,3021.69,965.607,1764232139999,2917790.43918,2245,337.190,1018800.91710,0
1764232140000,3021.70,3022.45,3021.18,3021.59,627.649,1764232199999,1896566.79455,1759,284.507,859728.99684,0
1764232200000,3021.60,3021.60,3019.00,3020.80,2138.277,1764232259999,6457570.34236,2963,621.985,1878526.03236,0
1764232260000,3020.81,3021.58,3020.70,3020.87,998.413,1764232319999,3016542.02524,1472,373.779,1129269.67597,0
1764232320000,3020.87,3021.11,3018.34,3019.60,2092.395,1764232379999,6317690.41745,2983,433.549,1309099.24604,0
1764232380000,3019.60,3019.85,3018.28,3018.97,1855.091,1764232439999,5600709.46501,2849,349.450,1055030.94441,0
1764232440000,3018.96,3019.80,3016.06,3019.80,3025.932,1764232499999,9130842.42682,5479,1345.307,4059569.11246,0
1764232500000,3019.79,3022.49,3019.39,3022.35,3274.738,1764232559999,9892522.44258,3637,1938.626,5856228.73584,0
1764232560000,3022.35,3026.68,3022.34,3024.24,3754.168,1764232619999,11358101.17972,5062,2368.142,7163844.85827,0
1764232620000,3024.23,3025.59,3024.23,3024.50,823.739,1764232679999,2491731.55844,2025,536.505,1622893.94526,0
1764232680000,3024.51,3026.10,3024.00,3025.50,819.090,1764232739999,2478043.12643,1569,505.503,1529286.68063,0
1764232740000,3025.51,3025.85,3024.25,3024.27,659.023,1764232799999,1993735.35180,1601,247.076,747437.63508,0
1764232800000,3024.27,3024.30,3022.56,3024.30,731.830,1764232859999,2212540.28846,1705,270.592,818104.60191,0
1764232860000,3024.29,3024.30,3022.48,3022.54,760.177,1764232919999,2298244.63121,1838,255.686,773064.81076,0
1764232920000,3022.54,3022.55,3021.22,3022.34,498.514,1764232979999,1506477.38254,1283,255.008,770628.97144,0
1764232980000,3022.35,3023.26,3022.29,3022.86,741.347,1764233039999,2240884.72919,1283,630.161,1904768.70108,0
1764233040000,3022.86,3022.86,3021.41,3022.70,1159.848,1764233099999,3505197.20872,1446,666.391,2013881.41433,0
1764233100000,3022.71,3022.84,3021.41,3021.98,623.807,1764233159999,1885045.81424,1527,297.598,899287.53166,0
1764233160000,3021.98,3023.63,3021.98,3023.40,1445.238,1764233219999,4368941.04734,1882,1164.772,3520961.50743,0
1764233220000,3023.40,3025.43,3023.39,3024.43,1443.637,1764233279999,4366776.91808,2844,859.079,2598566.09177,0
1764233280000,3024.43,3024.63,3023.84,3024.20,767.434,1764233339999,2320918.57684,1234,469.806,1420793.34107,0
1764233340000,3024.19,3024.19,3022.80,3023.31,733.077,1764233399999,2216418.14602,1756,455.992,1378626.45367,0
1764233400000,3023.31,3024.71,3023.01,3024.69,684.316,1764233459999,2069218.34851,1426,393.216,1188910.45796,0
1764233460000,3024.68,3025.17,3024.00,3024.68,808.471,1764233519999,2445379.33352,1648,559.950,1693706.92712,0
1764233520000,3024.68,3025.44,3024.44,3025.26,1478.819,1764233579999,4473411.80331,1538,1239.991,3750937.50655,0
1764233580000,3025.26,3026.10,3024.43,3025.92,1511.066,1764233639999,4571370.16509,1935,781.871,2365468.07389,0
1764233640000,3025.92,3027.10,3025.91,3026.00,1126.198,1764233699999,3408528.06267,1544,771.431,2334765.67570,0
1764233700000,3026.01,3027.08,3025.81,3026.20,1533.751,1764233759999,4642234.70146,2193,913.181,2764016.45498,0
1764233760000,3026.19,3026.35,3026.00,3026.12,726.665,1764233819999,2198971.80188,1010,418.310,1265844.71424,0
1764233820000,3026.13,3026.37,3026.00,3026.22,452.659,1764233879999,1369846.92736,917,334.584,1012525.93937,0
1764233880000,3026.21,3027.15,3026.13,3026.91,1401.582,1764233939999,4242301.59738,1424,987.582,2989230.26639,0
1764233940000,3026.90,3027.12,3026.46,3026.85,1398.039,1764233999999,4231592.28108,1502,559.085,1692256.02829,0
1764234000000,3026.85,3026.85,3025.65,3026.41,1213.272,1764234059999,3671813.82939,1605,371.307,1123650.56830,0
1764234060000,3026.41,3026.73,3025.06,3025.76,659.214,1764234119999,1994458.30446,1397,264.525,800306.03071,0
1764234120000,3025.75,3025.75,3024.03,3024.45,1173.209,1764234179999,3548387.63260,1561,407.896,1233632.80995,0
1764234180000,3024.45,3028.43,3024.45,3025.50,3970.152,1764234239999,12016999.22353,4187,2642.614,7998320.30085,0
1764234240000,3025.51,3026.00,3024.96,3025.06,1760.520,1764234299999,5326279.90232,1893,1356.475,4103896.85256,0
1764234300000,3025.05,3025.63,3024.92,3024.93,369.270,1764234359999,1117054.64475,1036,137.689,416513.78912,0
1764234360000,3024.93,3025.89,3024.38,3024.52,1703.371,1764234419999,5152821.10728,1801,1238.149,3745495.97051,0
1764234420000,3024.52,3025.71,3024.27,3024.87,1353.309,1764234479999,4093443.23901,1684,1091.981,3302941.21748,0
1764234480000,3024.88,3025.67,3024.52,3025.49,1027.871,1764234539999,3109475.31139,1397,676.134,2045487.23884,0
1764234540000,3025.48,3027.22,3024.81,3024.94,1737.997,1764234599999,5259091.74379,2348,1042.274,3153754.11149,0
1764234600000,3024.94,3026.62,3024.93,3026.47,3550.922,1764234659999,10743178.47592,2332,2730.385,8260624.00311,0
1764234660000,3026.47,3026.47,3025.60,3025.61,348.453,1764234719999,1054351.04365,686,107.274,324577.04785,0
1764234720000,3025.60,3025.86,3025.07,3025.43,1007.954,1764234779999,3049514.51978,1594,223.436,676008.94644,0
1764234780000,3025.44,3025.62,3025.00,3025.24,814.201,1764234839999,2463171.42488,1050,478.958,1448978.83032,0
1764234840000,3025.23,3025.60,3025.23,3025.52,438.369,1764234899999,1326212.20778,704,203.033,614246.37911,0
1764234900000,3025.51,3026.39,3025.34,3026.38,609.632,1764234959999,1844641.82958,933,539.853,1633517.35477,0
1764234960000,3026.39,3030.57,3026.39,3030.15,4871.530,1764235019999,14756189.75771,5343,3909.538,11842168.93091,0
1764235020000,3030.16,3030.83,3028.61,3030.44,9861.145,1764235079999,29875372.41621,3956,1908.973,5783231.51023,0
1764235080000,3030.45,3031.99,3030.44,3031.30,3877.560,1764235139999,11753973.81988,3999,2865.657,8686595.45979,0
1764235140000,3031.30,3037.03,3031.29,3036.23,7636.562,1764235199999,23171776.34935,8117,6276.645,19045202.73719,0
1764235200000,3036.23,3038.29,3034.92,3035.40,15229.486,1764235259999,46239530.05060,7189,5316.303,16143102.56379,0
1764235260000,3035.36,3035.71,3033.63,3034.15,2615.526,1764235319999,7936484.48914,3400,1528.620,4638197.56793,0
1764235320000,3034.15,3035.00,3032.81,3034.63,2894.543,1764235379999,8782294.38270,3930,1699.369,5156307.98117,0
1764235380000,3034.64,3037.78,3033.22,3033.22,4360.140,1764235439999,13235930.66200,5411,3090.411,9381436.81529,0
1764235440000,3033.22,3033.22,3031.11,3032.07,2377.079,1764235499999,7207551.20899,3590,1276.402,3870049.06594,0
1764235500000,3032.07,3033.06,3032.07,3032.28,1831.211,1764235559999,5553536.00877,2120,1147.070,3478730.59394,0
1764235560000,3032.28,3033.96,3032.09,3033.19,2012.263,1764235619999,6102640.20354,2025,1653.273,5013932.72266,0
1764235620000,3033.20,3033.20,3030.00,3030.01,652.401,1764235679999,1977843.65460,1820,175.372,531696.81157,0
1764235680000,3030.01,3030.52,3028.52,3028.52,2311.228,1764235739999,7002711.08650,2611,1235.257,3742701.54652,0
1764235740000,3028.53,3029.48,3028.01,3029.36,1559.174,1764235799999,4722329.28927,2398,675.201,2044932.84407,0
1764235800000,3029.36,3032.83,3029.36,3032.75,1331.129,1764235859999,4034947.63554,2533,1049.533,3181260.83244,0
1764235860000,3032.76,3034.45,3032.59,3034.45,1577.246,1764235919999,4784184.22360,2120,1378.914,4182547.55461,0
1764235920000,3034.45,3041.76,3034.44,3038.71,9529.090,1764235979999,28956019.26297,11281,7257.144,22050689.56386,0
1764235980000,3038.71,3040.54,3037.67,3040.13,4922.470,1764236039999,14959465.35225,5297,2885.226,8767978.14921,0
1764236040000,3040.13,3041.15,3037.40,3037.88,4286.636,1764236099999,13030596.67571,5583,2491.853,7575388.58171,0
1764236100000,3037.87,3040.82,3036.58,3038.56,5955.050,1764236159999,18093303.44268,6580,3877.652,11782015.23631,0
1764236160000,3038.55,3038.93,3037.41,3038.37,3036.839,1764236219999,9226447.28072,3162,1824.081,5541803.44428,0
1764236220000,3038.36,3044.00,3037.67,3042.26,5863.790,1764236279999,17834420.98063,6410,3542.488,10774071.53668,0
1764236280000,3042.26,3042.26,3036.29,3036.68,3140.233,1764236339999,9541737.22838,4512,807.801,2454287.52492,0
1764236340000,3036.69,3037.92,3036.45,3037.18,1034.031,1764236399999,3140592.89744,1964,633.756,1924904.90733,0
1764236400000,3037.18,3038.09,3036.42,3037.50,1888.913,1764236459999,5737055.20521,2135,1262.050,3833144.05157,0
1764236460000,3037.50,3037.50,3035.61,3035.62,1844.436,1764236519999,5600846.54843,2303,587.962,1785256.50044,0
1764236520000,3035.62,3037.88,3035.61,3036.78,1619.543,1764236579999,4918133.77492,1870,1034.576,3141771.16994,0
1764236580000,3036.77,3036.77,3033.67,3033.72,1531.969,1764236639999,4649850.04773,2848,576.614,1750161.48015,0
1764236640000,3033.72,3034.60,3033.47,3033.82,1508.196,1764236699999,4576034.58768,1705,600.468,1821894.76244,0
1764236700000,3033.81,3033.81,3030.50,3031.34,3342.517,1764236759999,10133920.22428,4498,1195.457,3624019.44186,0
1764236760000,3031.34,3032.60,3031.05,3031.58,1253.411,1764236819999,3800175.48209,2528,597.698,1812172.19347,0
1764236820000,3031.57,3031.81,3030.47,3031.49,1974.211,1764236879999,5984043.01775,2634,1122.113,3401113.34496,0
1764236880000,3031.49,3032.35,3031.23,3032.35,1842.524,1764236939999,5586054.88690,2618,1259.419,3818236.18685,0
1764236940000,3032.34,3032.34,3030.41,3031.04,1766.512,1764236999999,5354871.33567,1976,504.652,1529682.72841,0
1764237000000,3031.03,3031.03,3030.02,3030.33,1183.165,1764237059999,3585447.19524,1607,648.608,1965513.54043,0
1764237060000,3030.34,3030.77,3028.66,3029.00,1903.163,1764237119999,5765744.52502,2742,598.433,1812884.48738,0
1764237120000,3028.99,3029.50,3028.66,3028.67,858.331,1764237179999,2599866.04127,1564,358.816,1086855.93115,0
1764237180000,3028.68,3029.36,3028.40,3029.36,877.637,1764237239999,2658010.31820,1306,307.925,932588.23420,0
1764237240000,3029.35,3030.14,3028.91,3029.41,1331.451,1764237299999,4033572.00921,1886,1050.542,3182593.00315,0
1764237300000,3029.42,3029.42,3028.66,3028.78,588.113,1764237359999,1781390.28263,1081,139.537,422666.86849,0
1764237360000,3028.78,3029.70,3028.49,3028.50,934.494,1764237419999,2830795.45471,1263,627.035,1899429.42176,0
1764237420000,3028.50,3028.50,3025.06,3025.23,5603.747,1764237479999,16960473.10692,4644,1289.728,3902944.45773,0
1764237480000,3025.23,3026.85,3025.02,3026.60,2547.903,1764237539999,7709708.35885,2661,1793.924,5428528.56026,0
1764237540000,3026.61,3027.00,3026.19,3026.20,812.442,1764237599999,2458823.77607,1013,542.925,1643136.14058,0
1764237600000,3026.19,3026.50,3025.51,3026.50,1269.548,1764237659999,3841739.40070,1583,567.840,1718344.28591,0
1764237660000,3026.49,3027.91,3026.00,3026.60,1122.509,1764237719999,3397709.53115,1914,644.858,1951796.27787,0
1764237720000,3026.61,3027.18,3025.57,3026.10,1104.179,1764237779999,3341761.95127,1602,370.705,1121894.55173,0
1764237780000,3026.11,3026.83,3025.58,3025.59,815.792,1764237839999,2468605.73219,1586,228.639,691879.09664,0
1764237840000,3025.59,3028.12,3025.30,3027.93,1167.003,1764237899999,3532211.04602,2186,896.960,2714707.43002,0
1764237900000,3027.94,3029.69,3027.05,3029.68,1592.878,1764237959999,4824165.57435,2852,1257.186,3807498.90504,0
1764237960000,3029.69,3029.80,3028.19,3029.80,1032.448,1764238019999,3127265.47140,1934,407.461,1234143.61196,0
1764238020000,3029.80,3030.24,3029.31,3029.46,1282.167,1764238079999,3884627.38832,2126,971.838,2944352.98367,0
1764238080000,3029.46,3031.33,3029.46,3029.63,1694.671,1764238139999,5135479.93809,2416,1348.612,4086777.27567,0
1764238140000,3029.64,3029.70,3028.45,3029.59,5551.467,1764238199999,16817780.03220,1883,349.961,1060040.28457,0
1764238200000,3029.59,3029.59,3026.10,3026.37,3930.712,1764238259999,11903009.49336,3346,1849.156,5599644.52976,0
1764238260000,3026.38,3026.96,3025.71,3025.71,4687.190,1764238319999,14182465.78368,1979,674.158,2039990.98157,0
1764238320000,3025.72,3027.00,3025.71,3026.98,1071.453,1764238379999,3242452.36118,1437,700.563,2120126.93627,0
1764238380000,3026.99,3028.11,3026.74,3027.99,544.400,1764238439999,1648064.52133,1268,379.172,1147876.51614,0
1764238440000,3027.99,3028.75,3027.41,3027.91,783.336,1764238499999,2372089.70501,1512,646.246,1956969.90452,0
1764238500000,3027.90,3028.61,3027.90,3028.47,311.718,1764238559999,943955.77505,785,143.996,436067.94186,0
1764238560000,3028.47,3028.67,3027.25,3028.14,810.091,1764238619999,2452948.15736,2099,362.276,1096978.70871,0
1764238620000,3028.14,3028.14,3027.15,3027.34,400.296,1764238679999,1211871.86744,849,153.751,465467.12693,0
1764238680000,3027.35,3030.75,3027.35,3030.75,1013.967,1764238739999,3071578.52944,1901,839.798,2544005.79063,0
1764238740000,3030.74,3031.32,3030.56,3031.32,943.264,1764238799999,2859036.58263,1436,712.279,2158917.81884,0
1764238800000,3031.32,3033.51,3030.51,3033.51,2505.833,1764238859999,7598572.99170,2857,1998.466,6060147.31804,0
1764238860000,3033.51,3033.51,3032.00,3033.48,662.104,1764238919999,2008001.83056,1605,353.173,1071077.32334,0
1764238920000,3033.49,3034.26,3032.79,3034.00,1335.865,1764238979999,4052167.57755,1860,844.139,2560653.69713,0
1764238980000,3034.01,3034.02,3033.30,3033.64,870.740,1764239039999,2641538.90335,1263,514.201,1559892.46443,0
1764239040000,3033.65,3033.65,3033.01,3033.58,922.883,1764239099999,2799391.41561,1101,415.516,1260364.67124,0
1764239100000,3033.58,3033.59,3032.45,3032.58,1018.569,1764239159999,3089388.34853,949,220.175,667739.40396,0
1764239160000,3032.57,3033.00,3032.16,3032.58,800.610,1764239219999,2427831.20281,1209,346.384,1050397.95856,0
1764239220000,3032.57,3032.58,3032.04,3032.07,563.291,1764239279999,1708081.76925,890,194.342,589311.68913,0
1764239280000,3032.06,3032.92,3032.06,3032.91,561.444,1764239339999,1702615.83596,958,355.239,1077270.78587,0
1764239340000,3032.91,3033.28,3030.72,3030.72,1764.538,1764239399999,5349968.79733,2084,591.226,1792744.53708,0
1764239400000,3030.72,3031.68,3029.29,3031.68,1089.826,1764239459999,3302304.89843,2383,478.251,1449193.59954,0
1764239460000,3031.68,3032.72,3030.03,3030.36,478.603,1764239519999,1450908.78492,1803,320.088,970406.69387,0
1764239520000,3030.36,3030.37,3024.00,3024.69,3685.147,1764239579999,11150131.53476,6303,824.473,2494454.27244,0
1764239580000,3024.70,3025.46,3023.04,3024.98,2856.434,1764239639999,8638983.74991,4343,1309.234,3959930.00965,0
1764239640000,3024.98,3024.98,3021.17,3022.74,6567.926,1764239699999,19853628.37226,5631,1605.255,4851525.89039,0
1764239700000,3022.73,3022.74,3020.14,3021.87,4634.899,1764239759999,14002456.89626,5156,1796.657,5427526.10858,0
1764239760000,3021.87,3022.35,3021.58,3022.17,1144.853,1764239819999,3459814.81874,1679,705.166,2131017.12791,0
1764239820000,3022.16,3023.41,3022.16,3023.35,1446.753,1764239879999,4373243.29939,1901,1151.455,3480629.93419,0
1764239880000,3023.35,3023.46,3022.00,3022.78,847.659,1764239939999,2562345.50196,1526,303.513,917505.96860,0
1764239940000,3022.78,3024.81,3022.77,3024.61,2143.513,1764239999999,6482170.97522,2940,1626.592,4918919.00326,0
1764240000000,3024.61,3025.94,3024.14,3025.41,1221.632,1764240059999,3695559.76751,2129,891.076,2695595.36130,0
1764240060000,3025.41,3026.56,3025.40,3026.55,610.712,1764240119999,1847886.04721,1667,332.018,1004613.44740,0
1764240120000,3026.55,3027.27,3025.64,3027.12,1804.876,1764240179999,5462490.68215,2526,1096.930,3319972.78549,0
1764240180000,3027.13,3030.46,3027.13,3030.21,1234.149,1764240239999,3738112.03544,2466,772.380,2339500.97877,0
1764240240000,3030.20,3030.46,3028.69,3030.45,2153.930,1764240299999,6525692.54461,2697,977.802,2962366.79698,0
1764240300000,3030.45,3030.45,3029.32,3030.29,1466.013,1764240359999,4441709.14794,1809,844.706,2559205.26327,0
1764240360000,3030.29,3031.52,3029.51,3030.45,1078.512,1764240419999,3268394.43753,2401,463.293,1403998.88687,0
1764240420000,3030.46,3030.46,3028.63,3028.92,1677.184,1764240479999,5081224.06068,1679,241.577,731942.49569,0
1764240480000,3028.93,3028.93,3027.87,3028.73,785.467,1764240539999,2378619.02017,1190,138.086,418177.49223,0
1764240540000,3028.74,3030.78,3028.50,3029.40,1196.294,1764240599999,3624565.15066,2645,642.452,1946528.68787,0
1764240600000,3029.40,3031.51,3029.18,3030.91,745.358,1764240659999,2258950.52983,1639,509.493,1544059.64703,0
1764240660000,3030.91,3030.91,3029.62,3029.63,403.110,1764240719999,1221527.03682,1526,141.683,429342.37990,0
1764240720000,3029.62,3031.14,3029.28,3031.00,635.548,1764240779999,1925877.27394,1494,478.280,1449380.10564,0
1764240780000,3031.00,3032.87,3030.88,3031.46,1315.814,1764240839999,3989684.58787,2647,802.062,2431966.02274,0
1764240840000,3031.47,3032.87,3031.39,3032.87,528.279,1764240899999,1601805.44071,1325,274.273,831640.60157,0
1764240900000,3032.86,3033.79,3032.38,3033.69,1697.024,1764240959999,5147352.45621,2128,1285.997,3900659.74996,0
1764240960000,3033.69,3033.69,3032.08,3032.67,1057.203,1764241019999,3206138.69486,1822,475.082,1440767.93101,0
1764241020000,3032.67,3032.68,3031.93,3031.93,405.844,1764241079999,1230659.13162,1039,72.692,220436.75620,0
1764241080000,3031.93,3034.74,3031.76,3034.18,2959.809,1764241139999,8978589.18894,2674,2403.328,7290291.33401,0
1764241140000,3034.17,3034.17,3032.83,3032.83,595.278,1764241199999,1805671.77235,1222,266.423,808120.47060,0
1764241200000,3032.84,3033.45,3032.04,3033.44,1305.723,1764241259999,3960152.68032,2297,765.506,2321677.25713,0
1764241260000,3033.44,3033.55,3032.71,3032.84,495.240,1764241319999,1502215.48041,1240,185.206,561781.91631,0
1764241320000,3032.85,3033.75,3032.85,3033.02,473.702,1764241379999,1436918.59005,1013,216.796,657620.63534,0
1764241380000,3033.02,3033.87,3031.73,3033.87,1098.813,1764241439999,3332362.34730,1678,488.606,1481772.24625,0
1764241440000,3033.87,3034.72,3033.44,3033.44,914.661,1764241499999,2775230.10577,1445,442.123,1341468.76868,0
1764241500000,3033.44,3034.10,3033.44,3033.58,540.095,1764241559999,1638513.50891,1073,307.577,933077.87730,0
1764241560000,3033.59,3033.59,3031.40,3031.90,760.927,1764241619999,2307265.01542,1412,179.445,544063.60086,0
1764241620000,3031.90,3031.90,3029.49,3029.60,1629.015,1764241679999,4936415.80265,2178,264.413,801220.30298,0
1764241680000,3029.60,3029.82,3028.35,3028.35,1042.247,1764241739999,3157270.92105,1492,305.774,926318.59733,0
1764241740000,3028.35,3028.83,3028.35,3028.66,704.670,1764241799999,2134174.66983,883,266.881,808266.14517,0
1764241800000,3028.66,3029.53,3028.66,3028.66,893.920,1764241859999,2707594.31122,1269,606.318,1836442.56399,0
1764241860000,3028.66,3029.88,3028.01,3029.02,1310.417,1764241919999,3969207.11453,1654,495.286,1500297.40143,0
1764241920000,3029.02,3031.15,3029.02,3030.83,463.540,1764241979999,1404605.36678,1147,330.763,1002220.11635,0
1764241980000,3030.84,3031.13,3030.29,3031.12,748.024,1764242039999,2266929.06631,897,440.461,1334833.15601,0
1764242040000,3031.13,3031.55,3031.00,3031.32,365.026,1764242099999,1106501.97158,864,159.512,483523.01806,0
1764242100000,3031.32,3031.86,3031.31,3031.74,272.520,1764242159999,826168.04828,822,187.283,567758.77407,0
1764242160000,3031.71,3031.71,3029.64,3029.64,562.712,1764242219999,1705435.73021,1084,49.714,150699.33875,0
1764242220000,3029.65,3030.21,3029.22,3029.22,736.720,1764242279999,2232107.85868,1059,266.965,808819.10819,0
1764242280000,3029.22,3030.13,3029.22,3029.47,963.459,1764242339999,2918902.00000,1663,472.519,1431520.71185,0
1764242340000,3029.48,3029.64,3029.19,3029.25,427.762,1764242399999,1295830.86571,631,194.288,588558.60264,0
1764242400000,3029.25,3029.26,3028.30,3028.48,527.575,1764242459999,1597874.14607,1112,161.757,489907.94734,0
1764242460000,3028.48,3028.49,3026.65,3027.26,1160.933,1764242519999,3514609.11244,1739,206.860,626208.71306,0
1764242520000,3027.27,3027.90,3026.23,3026.23,1115.730,1764242579999,3377049.11949,1702,309.543,936993.32824,0
1764242580000,3026.23,3027.27,3026.23,3027.10,573.369,1764242639999,1735488.78956,1229,223.379,676143.00285,0
1764242640000,3027.09,3027.55,3026.44,3026.70,653.126,1764242699999,1977039.87175,1234,272.641,825329.40946,0
1764242700000,3026.69,3027.80,3026.55,3027.79,405.841,1764242759999,1228667.24971,853,235.598,713260.58150,0
1764242760000,3027.79,3028.16,3027.72,3027.73,472.194,1764242819999,1429777.06766,881,215.907,653755.09235,0
1764242820000,3027.73,3028.08,3026.38,3026.39,789.193,1764242879999,2389093.88188,1182,312.866,947010.18765,0
1764242880000,3026.39,3027.25,3026.38,3026.85,735.631,1764242939999,2226629.40441,1085,386.901,1171042.05540,0
1764242940000,3026.85,3027.29,3026.54,3026.72,933.321,1764242999999,2825110.13939,1191,174.032,526776.25546,0
1764243000000,3026.73,3026.97,3022.65,3022.83,4800.686,1764243059999,14522242.22536,5121,1131.462,3422635.85902,0
1764243060000,3022.84,3025.00,3021.89,3024.76,4086.332,1764243119999,12353703.12462,4452,2417.357,7308647.21996,0
1764243120000,3024.77,3028.43,3024.58,3027.44,11646.331,1764243179999,35233075.04821,3776,11019.201,33334570.93926,0
1764243180000,3027.44,3027.44,3025.90,3026.27,597.485,1764243239999,1808296.22059,1362,145.349,439878.74850,0
1764243240000,3026.26,3026.95,3026.08,3026.87,635.147,1764243299999,1922331.30858,1090,409.412,1239091.38951,0
1764243300000,3026.87,3026.90,3025.88,3026.68,713.593,1764243359999,2159672.49271,1174,228.320,690983.05619,0
1764243360000,3026.69,3028.17,3026.68,3028.17,979.326,1764243419999,2965279.85222,2200,599.298,1814570.25975,0
1764243420000,3028.17,3030.12,3028.16,3029.15,1869.535,1764243479999,5663312.88656,2477,1317.413,3990660.47020,0
1764243480000,3029.14,3030.00,3028.42,3029.64,7574.959,1764243539999,22944466.81299,2286,463.291,1403252.83105,0
1764243540000,3029.65,3031.24,3029.64,3029.69,849.884,1764243599999,2575421.93089,2089,423.261,1282611.50300,0
1764243600000,3029.70,3030.14,3029.42,3029.42,508.235,1764243659999,1539861.51077,1049,230.393,698038.38362,0
1764243660000,3029.43,3029.43,3028.28,3028.43,606.823,1764243719999,1837877.78321,1089,100.605,304685.93029,0
1764243720000,3028.44,3029.45,3028.43,3029.45,456.549,1764243779999,1382713.24306,758,261.377,791635.74601,0
1764243780000,3029.45,3030.23,3029.44,3029.72,416.289,1764243839999,1261299.22106,869,229.852,696399.62060,0
1764243840000,3029.73,3029.73,3029.44,3029.44,359.265,1764243899999,1088406.15703,643,95.959,290710.17177,0
1764243900000,3029.44,3029.45,3028.69,3028.70,326.626,1764243959999,989320.72132,701,139.186,421584.61236,0
1764243960000,3028.69,3031.08,3028.46,3030.75,766.136,1764244019999,2320945.03461,1432,429.083,1299925.58473,0
1764244020000,3030.75,3030.76,3028.53,3028.53,724.683,1764244079999,2195552.10652,1264,119.458,361845.60660,0
1764244080000,3028.54,3028.60,3027.67,3028.05,726.151,1764244139999,2198955.08096,1230,457.346,1384939.62902,0
1764244140000,3028.05,3028.05,3026.64,3027.37,777.459,1764244199999,2353686.78709,1411,187.303,567019.79140,0
1764244200000,3027.37,3027.69,3027.37,3027.42,637.316,1764244259999,1929480.06125,649,284.690,861874.75548,0
1764244260000,3027.43,3027.67,3026.81,3027.57,780.535,1764244319999,2362874.33989,1115,332.681,1007091.21527,0
1764244320000,3027.57,3028.48,3026.96,3026.97,697.924,1764244379999,2113165.83750,1158,221.517,670678.26874,0
1764244380000,3026.96,3027.77,3026.56,3027.76,555.030,1764244439999,1680054.27554,925,335.067,1014242.53821,0
1764244440000,3027.76,3028.32,3027.69,3028.30,368.129,1764244499999,1114658.72400,656,215.935,653813.22808,0
1764244500000,3028.28,3028.77,3028.02,3028.75,317.076,1764244559999,960292.96616,764,184.423,558535.16858,0
1764244560000,3028.74,3028.75,3027.86,3028.33,381.932,1764244619999,1156556.69464,993,67.526,204474.58360,0
1764244620000,3028.34,3028.34,3027.60,3027.60,312.050,1764244679999,944848.76171,637,65.408,198043.94174,0
1764244680000,3027.61,3027.61,3026.80,3027.26,1028.538,1764244739999,3113385.31520,1025,533.589,1615130.57835,0
1764244740000,3027.26,3027.27,3026.71,3026.75,452.027,1764244799999,1368230.97322,566,109.900,332647.73137,0
1764244800000,3026.75,3028.41,3026.00,3026.48,2841.738,1764244859999,8602087.31756,3556,1579.187,4780475.28813,0
1764244860000,3026.48,3028.67,3026.48,3027.99,612.626,1764244919999,1854919.32010,1397,269.477,815918.78734,0
1764244920000,3027.99,3027.99,3026.16,3026.17,458.702,1764244979999,1388774.93683,1003,125.950,381355.54413,0
1764244980000,3026.16,3026.17,3023.70,3024.10,3563.399,1764245039999,10779264.55714,2712,461.267,1395307.04380,0
1764245040000,3024.09,3026.61,3024.00,3026.61,3078.061,1764245099999,9312172.21534,1746,2765.324,8366149.83719,0
1764245100000,3026.60,3027.36,3025.66,3026.92,3443.422,1764245159999,10421730.53120,2200,2559.776,7747376.91932,0
1764245160000,3026.93,3028.75,3025.69,3025.69,1414.072,1764245219999,4280767.84955,2771,425.449,1288004.89273,0
1764245220000,3025.69,3025.69,3024.12,3024.80,954.542,1764245279999,2887307.80569,1841,488.510,1477560.95426,0
1764245280000,3024.79,3025.18,3023.44,3023.44,1215.109,1764245339999,3674936.16323,1642,471.800,1426930.71283,0
1764245340000,3023.44,3024.60,3022.16,3024.45,2642.278,1764245399999,7988081.35109,2790,1192.330,3604982.47476,0
1764245400000,3024.45,3025.22,3024.19,3025.18,1230.285,1764245459999,3721271.88464,1633,611.272,1848916.43659,0
1764245460000,3025.17,3027.18,3025.17,3027.00,738.302,1764245519999,2234185.60897,1773,582.668,1763154.34159,0
1764245520000,3027.00,3027.18,3025.17,3025.17,692.442,1764245579999,2095573.01513,1366,289.300,875520.78727,0
1764245580000,3025.17,3025.18,3024.55,3024.78,885.027,1764245639999,2676989.74316,997,503.617,1523279.10774,0
1764245640000,3024.79,3024.79,3024.00,3024.00,366.970,1764245699999,1109949.34681,751,141.458,427875.18860,0
1764245700000,3024.00,3024.54,3023.08,3024.47,1012.879,1764245759999,3062618.17517,1810,620.750,1877005.66920,0
1764245760000,3024.46,3024.46,3022.12,3023.17,1621.232,1764245819999,4901003.81251,2836,673.612,2036278.02709,0
1764245820000,3023.17,3023.17,3018.28,3019.59,6612.589,1764245879999,19972895.80466,7135,1386.645,4188010.16416,0
1764245880000,3019.60,3020.77,3019.00,3019.12,2134.426,1764245939999,6445833.86214,2402,1145.264,3458640.66377,0
1764245940000,3019.13,3019.62,3017.07,3019.07,6484.837,1764245999999,19573008.27507,4911,1784.277,5385463.35574,0
1764246000000,3019.06,3019.10,3017.64,3017.99,5403.615,1764246059999,16309237.87124,4713,1859.129,5611195.86264,0
1764246060000,3017.98,3018.40,3016.62,3017.13,4279.068,1764246119999,12911221.68809,4025,1263.552,3812366.67762,0
1764246120000,3017.14,3017.14,3008.05,3010.80,21885.617,1764246179999,65915481.68776,20266,7962.336,23978508.32382,0
1764246180000,3010.81,3012.61,3010.41,3012.46,5064.452,1764246239999,15251041.52706,5316,3656.102,11009918.60414,0
1764246240000,3012.46,3016.38,3012.16,3014.62,5855.613,1764246299999,17650292.69795,7001,3932.693,11854629.72387,0
1764246300000,3014.63,3015.63,3013.67,3015.14,2924.734,1764246359999,8817719.64655,3755,1782.611,5374336.42801,0
1764246360000,3015.14,3015.14,3013.42,3014.75,1570.060,1764246419999,4732866.97602,3137,910.431,2744535.11585,0
1764246420000,3014.74,3014.74,3012.51,3012.52,2040.906,1764246479999,6150151.21013,2893,615.305,1854319.61634,0
1764246480000,3012.51,3014.00,3011.33,3013.04,2609.306,1764246539999,7860592.27066,3605,1158.379,3490074.06798,0
1764246540000,3013.05,3013.50,3011.84,3012.70,1923.521,1764246599999,5794514.57253,3148,1144.067,3446409.65305,0
1764246600000,3012.69,3012.70,3010.01,3010.66,2989.870,1764246659999,9001908.30798,3621,1285.393,3869989.14130,0
1764246660000,3010.65,3015.26,3010.30,3012.67,4189.843,1764246719999,12621528.50037,4778,3101.972,9343370.71852,0
1764246720000,3012.67,3013.30,3011.28,3011.39,2587.914,1764246779999,7796361.32070,2335,1593.171,4799693.59962,0
1764246780000,3011.38,3012.35,3008.80,3010.81,4590.728,1764246839999,13820769.17363,5342,1384.474,4167678.36295,0
1764246840000,3010.81,3012.45,3010.52,3011.25,1296.545,1764246899999,3904652.23579,2036,734.077,2210693.00948,0
1764246900000,3011.24,3011.49,3006.87,3007.83,4985.344,1764246959999,14996793.20686,5591,1676.792,5043740.84688,0
1764246960000,3007.83,3008.06,3006.29,3007.10,3979.833,1764247019999,11968594.84067,5199,2063.862,6206706.15801,0
1764247020000,3007.09,3009.00,3006.75,3007.64,2623.102,1764247079999,7889784.21943,3472,1326.331,3989217.68949,0
1764247080000,3007.63,3010.06,3007.51,3008.81,2284.025,1764247139999,6872571.30703,3118,1486.953,4474031.32770,0
1764247140000,3008.80,3010.00,3007.95,3009.60,3075.163,1764247199999,9253958.00577,3544,1718.945,5172583.92588,0
1764247200000,3009.60,3009.60,3006.14,3006.85,2995.435,1764247259999,9009397.11936,4104,1164.030,3500892.23550,0
1764247260000,3006.86,3007.31,3005.00,3007.08,7932.263,1764247319999,23846471.31876,7174,3468.392,10427432.85990,0
1764247320000,3007.07,3007.46,3006.09,3006.83,1605.309,1764247379999,4826614.93535,2428,1034.657,3110826.00333,0
1764247380000,3006.83,3006.83,3005.15,3005.62,2532.413,1764247439999,7612367.27211,3121,1041.686,3131140.18432,0
1764247440000,3005.63,3006.60,3005.35,3005.85,2769.085,1764247499999,8324215.65505,2521,1449.476,4357215.18062,0
1764247500000,3005.85,3008.75,3004.53,3007.75,5498.995,1764247559999,16531683.34337,6697,2973.832,8941068.12855,0
1764247560000,3007.74,3008.67,3006.48,3006.48,2219.653,1764247619999,6676274.66917,3110,1274.834,3834393.72947,0
1764247620000,3006.48,3006.76,3005.00,3006.70,1872.726,1764247679999,5629685.45717,3106,754.476,2268039.96567,0
1764247680000,3006.70,3007.84,3004.74,3004.76,2513.666,1764247739999,7556930.61181,3412,1442.701,4337530.53822,0
1764247740000,3004.75,3006.51,3004.74,3006.17,1344.813,1764247799999,4042276.80842,2065,575.577,1730050.05962,0
1764247800000,3006.16,3006.16,3004.68,3004.69,1145.200,1764247859999,3441345.23923,1730,492.971,1481397.96650,0
1764247860000,3004.68,3004.84,3002.00,3002.85,6769.477,1764247919999,20330547.11145,7008,2745.977,8246473.08414,0
1764247920000,3002.85,3003.00,3001.00,3002.71,7404.112,1764247979999,22228285.16560,6839,3712.653,11146318.17796,0
1764247980000,3002.72,3003.60,3000.00,3000.97,8273.387,1764248039999,24828132.48498,8067,3221.655,9668332.97506,0
1764248040000,3000.96,3000.97,2991.43,2995.07,36569.660,1764248099999,109576046.32678,26782,10840.850,32478159.17446,0
1764248100000,2995.07,2995.08,2990.22,2993.06,13845.628,1764248159999,41437525.93935,15521,5289.064,15830902.42550,0
1764248160000,2993.06,2994.71,2991.03,2991.25,6759.005,1764248219999,20225169.73545,8843,3124.787,9350386.62603,0
1764248220000,2991.26,2995.07,2986.32,2987.68,18065.336,1764248279999,54016248.12975,17011,7806.412,23346983.05550,0
1764248280000,2987.68,2990.89,2986.95,2989.86,10055.479,1764248339999,30051122.32680,11446,6898.816,20617863.17559,0
1764248340000,2989.85,2992.96,2988.99,2990.24,6014.990,1764248399999,17988934.42524,7663,3589.874,10736453.37101,0
1764248400000,2990.23,2994.12,2988.09,2993.93,6188.162,1764248459999,18515242.44713,9223,4093.037,12246951.45047,0
1764248460000,2993.93,2994.46,2992.19,2993.31,4547.426,1764248519999,13612615.22317,7197,2699.775,8081763.05972,0
1764248520000,2993.30,2997.07,2993.30,2996.28,5181.256,1764248579999,15521914.00086,7293,3420.976,10248504.70526,0
1764248580000,2996.28,2997.03,2995.40,2996.86,3413.599,1764248639999,10227423.38656,4234,1726.853,5173898.58777,0
1764248640000,2996.85,2997.42,2994.74,2995.14,3968.898,1764248699999,11892554.05130,5374,2072.089,6209180.54351,0
1764248700000,2995.14,2995.14,2989.66,2993.28,5502.800,1764248759999,16464313.05273,7547,2634.154,7880489.95787,0
1764248760000,2993.28,2997.91,2992.90,2995.81,4342.444,1764248819999,13011245.88866,5503,2014.230,6034573.93269,0
1764248820000,2995.81,2998.69,2994.07,2998.69,3877.422,1764248879999,11618072.74834,5342,2276.478,6821674.91797,0
1764248880000,2998.68,2999.56,2996.86,2996.88,5505.439,1764248939999,16505825.92323,6419,2254.458,6759429.08615,0
1764248940000,2996.88,2997.80,2995.75,2995.75,1286.899,1764248999999,3856624.07341,2601,462.814,1387059.87099,0
1764249000000,2995.75,2996.50,2992.94,2996.32,3504.691,1764249059999,10496095.63918,4619,1915.063,5735629.80434,0
1764249060000,2996.32,2996.72,2993.24,2993.24,2224.706,1764249119999,6663077.33459,3514,1057.446,3167299.65903,0
1764249120000,2993.25,2994.85,2992.49,2994.30,1957.637,1764249179999,5860419.48875,3740,1127.024,3373875.14337,0
1764249180000,2994.30,2994.30,2991.30,2993.05,2410.547,1764249239999,7212993.01691,4264,1062.121,3177906.10661,0
1764249240000,2993.05,2996.85,2993.04,2996.84,2275.028,1764249299999,6813543.24460,3349,1716.302,5140175.27125,0
1764249300000,2996.84,2998.67,2994.89,2994.89,2372.995,1764249359999,7112332.36684,5777,1479.138,4433513.72808,0
1764249360000,2994.90,2994.90,2987.22,2988.16,11717.015,1764249419999,35038135.82642,13001,4094.597,12243356.61017,0
1764249420000,2988.17,2989.57,2987.04,2987.54,4404.080,1764249479999,13161251.12354,6372,2424.403,7245451.44055,0
1764249480000,2987.55,2991.75,2987.22,2991.61,2798.220,1764249539999,8365734.26449,5629,1993.299,5959463.44282,0
1764249540000,2991.60,2994.99,2990.81,2990.82,2739.190,1764249599999,8198212.11126,6004,1776.304,5316582.61444,0
1764249600000,2990.81,2991.42,2987.17,2988.11,4387.688,1764249659999,13114406.29379,6976,1522.275,4550343.86458,0
1764249660000,2988.12,2989.89,2987.22,2989.78,2383.179,1764249719999,7122366.29680,4235,1436.828,4294206.82130,0
1764249720000,2989.77,2992.39,2989.26,2991.15,2499.342,1764249779999,7475292.86564,4378,1614.778,4829525.58548,0
1764249780000,2991.15,2994.80,2991.14,2993.08,3833.651,1764249839999,11475425.20230,4560,2622.740,7850652.52078,0
1764249840000,2993.07,2993.21,2991.74,2992.37,1200.047,1764249899999,3591142.41416,2191,529.112,1583328.71914,0
1764249900000,2992.36,2997.47,2991.75,2996.21,5607.144,1764249959999,16796253.84406,6914,3678.371,11018289.45291,0
1764249960000,2996.21,2997.46,2994.95,2995.62,3308.961,1764250019999,9913858.59037,5337,1497.834,4487774.54702,0
1764250020000,2995.62,2999.24,2995.13,2998.62,6091.137,1764250079999,18259636.14774,6858,3988.189,11955611.72729,0
1764250080000,2998.62,3000.31,2997.09,2999.57,6599.733,1764250139999,19791489.65372,7149,3397.025,10187717.77200,0
1764250140000,2999.57,3000.99,2997.98,2998.87,5780.192,1764250199999,17338721.99505,6887,3406.235,10218123.58379,0
1764250200000,2998.87,2999.49,2996.40,2999.48,4437.318,1764250259999,13302573.58864,4869,2902.248,8700527.96566,0
1764250260000,2999.49,2999.50,2993.74,2994.30,4911.268,1764250319999,14716228.38285,7237,1148.668,3441634.75513,0
1764250320000,2994.29,2995.03,2992.22,2992.35,1869.059,1764250379999,5596037.65154,3858,735.400,2201832.60675,0
1764250380000,2992.36,2993.91,2991.59,2991.83,2058.762,1764250439999,6160914.65443,3988,1079.061,3229195.82302,0
1764250440000,2991.82,2991.87,2989.56,2989.70,2113.496,1764250499999,6320991.23077,3408,654.147,1956310.81325,0
1764250500000,2989.70,2991.84,2989.00,2989.25,2839.997,1764250559999,8493234.43280,4357,1097.147,3281040.75876,0
1764250560000,2989.25,2992.00,2988.97,2991.34,2182.414,1764250619999,6526333.65770,3856,1133.537,3389717.17696,0
1764250620000,2991.34,2995.57,2991.34,2994.82,2855.010,1764250679999,8546093.20036,5333,1702.226,5095763.81951,0
1764250680000,2994.82,3000.82,2994.27,2998.43,5898.753,1764250739999,17690940.38088,8546,3207.519,9619784.23740,0
1764250740000,2998.42,2998.42,2994.69,2995.50,2675.935,1764250799999,8017710.72636,5307,1035.652,3102921.58817,0
1764250800000,2995.49,2997.93,2994.83,2995.45,2602.514,1764250859999,7798159.07955,4784,1334.121,3997574.93942,0
1764250860000,2995.45,2996.49,2994.51,2996.46,1467.178,1764250919999,4394998.49352,3733,769.243,2304232.00215,0
1764250920000,2996.47,2996.90,2994.51,2995.00,1715.956,1764250979999,5140354.12476,3696,828.858,2482913.23289,0
1764250980000,2995.00,2996.25,2994.32,2994.91,1754.171,1764251039999,5254261.28218,2733,583.157,1746853.42096,0
1764251040000,2994.91,2995.70,2994.45,2994.66,1157.187,1764251099999,3465937.33983,2240,416.302,1246816.93646,0
1764251100000,2994.66,2997.83,2993.66,2995.78,2151.991,1764251159999,6447138.89466,3905,1390.116,4164522.55764,0
1764251160000,2995.78,2995.78,2991.45,2991.52,1443.309,1764251219999,4320983.55875,3833,623.625,1867109.79481,0
1764251220000,2991.53,2993.87,2991.22,2992.94,1136.426,1764251279999,3401008.39636,2773,642.476,1922777.61507,0
1764251280000,2992.95,2994.87,2992.94,2994.16,1027.865,1764251339999,3077072.29815,2582,729.197,2182957.77196,0
1764251340000,2994.16,2995.47,2993.39,2994.55,1113.071,1764251399999,3333217.64266,2567,560.536,1678557.46659,0
1764251400000,2994.56,2996.98,2994.18,2996.69,1309.808,1764251459999,3924013.28007,3640,743.980,2228767.82110,0
1764251460000,2996.69,2996.69,2995.03,2995.92,1320.019,1764251519999,3954183.02363,2823,830.979,2489181.75391,0
1764251520000,2995.92,2999.51,2995.18,2998.10,3363.293,1764251579999,10083261.10002,5629,2008.421,6021325.82993,0
1764251580000,2998.09,2999.73,2997.03,2997.15,4508.918,1764251639999,13519923.67929,5785,1823.328,5467343.35060,0
1764251640000,2997.16,2998.50,2996.55,2998.49,1265.075,1764251699999,3791583.30099,2703,553.268,1658213.83817,0
1764251700000,2998.50,2998.94,2995.35,2996.68,2548.821,1764251759999,7636918.93096,3727,826.467,2476401.92306,0
1764251760000,2996.69,2998.04,2994.60,2994.88,1172.111,1764251819999,3512286.06718,2410,476.352,1427623.32233,0
1764251820000,2994.88,2997.23,2994.87,2997.08,1678.626,1764251879999,5028540.89876,2735,936.359,2805065.26134,0
1764251880000,2997.09,2997.63,2994.83,2994.83,1090.702,1764251939999,3268164.80785,2580,514.393,1541428.91302,0
1764251940000,2994.82,2994.82,2993.12,2994.03,1300.089,1764251999999,3892440.31085,2799,534.487,1600207.76658,0
1764252000000,2994.04,2995.40,2993.77,2993.77,1704.331,1764252059999,5103378.81963,2859,1170.737,3505547.82272,0
1764252060000,2993.77,2995.00,2993.77,2993.83,1769.436,1764252119999,5298417.02070,2226,1150.767,3445894.24888,0
1764252120000,2993.82,2996.11,2992.19,2995.21,1746.970,1764252179999,5230876.06449,3888,1015.976,3042113.27068,0
1764252180000,2995.22,2995.35,2993.40,2994.22,1513.574,1764252239999,4532161.36764,2968,737.255,2207675.20924,0
1764252240000,2994.21,2995.27,2993.94,2994.48,754.613,1764252299999,2259800.67344,2055,418.796,1254128.90637,0
1764252300000,2994.48,2995.57,2993.18,2993.18,755.061,1764252359999,2261134.66225,1874,385.897,1155630.98402,0
1764252360000,2993.19,2995.04,2992.00,2994.03,1824.379,1764252419999,5461428.99407,4102,688.722,2061470.07928,0
1764252420000,2994.03,2997.50,2992.94,2996.93,2156.476,1764252479999,6459739.40152,3822,1358.860,4070472.14889,0
1764252480000,2996.93,2997.30,2994.71,2995.23,1177.610,1764252539999,3527498.28307,2164,573.501,1717920.08821,0
1764252540000,2995.22,2995.22,2992.89,2994.84,1262.895,1764252599999,3780436.71150,3205,507.694,1519719.55954,0
1764252600000,2994.83,2994.90,2993.25,2993.29,853.104,1764252659999,2554078.14203,1962,501.893,1502491.40472,0
1764252660000,2993.30,2994.27,2992.52,2993.40,1243.691,1764252719999,3723089.81333,2464,924.896,2768768.17058,0
1764252720000,2993.40,2994.12,2992.38,2994.12,882.903,1764252779999,2642691.24652,2016,424.615,1270888.01342,0
1764252780000,2994.11,2995.11,2993.69,2993.87,361.144,1764252839999,1081408.67809,1676,178.580,534744.88818,0
1764252840000,2993.87,2994.94,2992.72,2994.20,679.533,1764252899999,2034450.82682,1960,269.351,806381.28963,0
1764252900000,2994.21,2994.21,2987.50,2990.93,8432.443,1764252959999,25211862.40887,8531,1942.443,5807645.94999,0
1764252960000,2990.93,2991.10,2989.19,2989.20,1236.480,1764253019999,3697402.33455,2768,445.607,1332498.17974,0
1764253020000,2989.19,2989.65,2988.80,2988.89,1664.637,1764253079999,4975943.40613,3035,911.014,2723179.31624,0
1764253080000,2988.88,2988.88,2987.00,2987.60,2676.518,1764253139999,7996845.86885,3948,1154.588,3449607.08367,0
1764253140000,2987.60,2987.87,2985.00,2986.04,7805.437,1764253199999,23307928.46504,6856,2787.048,8322577.78612,0
1764253200000,2986.04,2988.36,2985.10,2985.78,3076.970,1764253259999,9189792.03781,5148,1463.852,4372056.31515,0
1764253260000,2985.78,2987.38,2983.81,2987.38,4240.990,1764253319999,12661283.00764,5666,2259.907,6747345.79152,0
1764253320000,2987.38,2988.00,2986.54,2986.99,1976.679,1764253379999,5904854.58058,3598,1129.676,3374524.66142,0
1764253380000,2986.98,2990.66,2986.98,2989.63,2281.128,1764253439999,6819502.41930,4375,1471.159,4397983.05493,0
1764253440000,2989.62,2989.63,2987.18,2987.19,1502.297,1764253499999,4489574.54158,2215,624.897,1867521.76349,0
1764253500000,2987.18,2989.48,2987.18,2989.29,947.882,1764253559999,2832691.65700,2290,547.549,1636333.66361,0
1764253560000,2989.29,2997.00,2989.29,2997.00,4971.477,1764253619999,14886072.14263,8171,3591.334,10752888.06865,0
1764253620000,2997.00,2997.00,2995.38,2996.70,2669.799,1764253679999,7999459.07560,4249,1770.986,5306464.56373,0
1764253680000,2996.69,2998.09,2995.50,2998.01,3277.105,1764253739999,9821078.85698,3872,2100.391,6294909.69537,0
1764253740000,2998.00,2998.01,2996.72,2996.74,2573.754,1764253799999,7714416.67549,3057,1065.348,3193281.65283,0
1764253800000,2996.73,2998.06,2995.05,2995.89,2890.688,1764253859999,8662867.02613,5030,1859.627,5573427.57486,0
1764253860000,2995.90,2996.47,2994.24,2995.29,1346.405,1764253919999,4032806.63476,3738,447.509,1340368.09409,0
1764253920000,2995.29,2997.37,2994.66,2994.66,1291.333,1764253979999,3868699.51957,3340,589.612,1766474.66823,0
1764253980000,2994.66,2996.90,2993.50,2996.27,2045.834,1764254039999,6127436.13385,3629,1131.408,3388913.81624,0
1764254040000,2996.26,2996.26,2993.58,2993.85,996.923,1764254099999,2985512.57571,2396,357.635,1070894.46072,0
1764254100000,2993.84,2993.84,2990.76,2990.76,1756.240,1764254159999,5254829.39426,4139,559.802,1674977.59645,0
1764254160000,2990.77,2991.35,2987.70,2989.97,3358.507,1764254219999,10038309.74901,6189,1085.179,3243481.23953,0
1764254220000,2989.97,2990.29,2988.01,2989.39,2433.278,1764254279999,7273310.76672,3356,1392.584,4162559.08462,0
1764254280000,2989.39,2991.25,2988.56,2991.25,839.289,1764254339999,2509462.93667,2369,480.956,1438095.55264,0
1764254340000,2991.24,2991.24,2987.69,2987.71,1440.565,1764254399999,4306178.12917,3052,358.889,1072999.73647,0
1764254400000,2987.70,2987.71,2986.04,2986.90,2564.251,1764254459999,7658907.69652,4040,1435.855,4288597.36581,0
1764254460000,2986.89,2991.25,2985.88,2990.41,4375.122,1764254519999,13075133.63312,6562,2387.116,7133280.53564,0
1764254520000,2990.42,2996.13,2990.42,2991.37,6311.716,1764254579999,18894894.68945,5945,5063.389,15158549.19842,0
1764254580000,2991.36,2992.20,2990.49,2992.20,1076.487,1764254639999,3220035.76885,2284,668.894,2000830.05658,0
1764254640000,2992.19,2992.91,2991.45,2991.54,960.225,1764254699999,2873288.07423,1787,386.756,1157321.51267,0
1764254700000,2991.53,2992.00,2990.21,2991.76,650.139,1764254759999,1944783.11764,2433,309.300,925234.04223,0
1764254760000,2991.75,2992.46,2990.00,2992.05,678.166,1764254819999,2028701.92179,2440,381.416,1140996.17458,0
1764254820000,2992.04,2994.64,2991.10,2992.12,1617.998,1764254879999,4842253.44449,3677,929.169,2780733.99842,0
1764254880000,2992.12,2992.17,2989.52,2989.52,621.164,1764254939999,1858165.98090,2319,218.706,654310.60841,0
1764254940000,2989.51,2994.77,2988.69,2993.71,4029.576,1764254999999,12058212.84429,5465,2760.347,8260561.70134,0
1764255000000,2993.70,2993.71,2992.54,2993.28,394.538,1764255059999,1180839.46138,1257,171.109,512106.11603,0
1764255060000,2993.28,2994.98,2992.98,2994.74,657.008,1764255119999,1966962.71174,2015,345.697,1034953.55442,0
1764255120000,2994.75,2997.37,2994.33,2996.75,3179.974,1764255179999,9527304.41488,5290,2085.635,6248658.43349,0
1764255180000,2996.75,2998.26,2995.41,2996.72,2955.055,1764255239999,8856949.84648,4611,1453.579,4357107.98503,0
1764255240000,2996.72,2997.62,2995.00,2995.00,1287.332,1764255299999,3857249.93194,2454,405.548,1215121.09003,0
1764255300000,2995.01,2995.01,2993.50,2993.51,624.124,1764255359999,1868786.60903,1262,222.524,666282.63020,0
1764255360000,2993.50,2995.73,2993.20,2995.51,875.076,1764255419999,2620535.47038,1831,685.639,2053314.65506,0
1764255420000,2995.51,2996.58,2994.85,2995.74,1066.470,1764255479999,3194829.11111,2048,735.760,2204121.73080,0
1764255480000,2995.75,2996.62,2995.27,2996.47,642.417,1764255539999,1924540.31107,1319,298.106,893083.12354,0
1764255540000,2996.47,2997.36,2994.58,2994.76,2106.334,1764255599999,6311645.41844,3083,932.112,2793102.13979,0
1764255600000,2994.76,2995.77,2993.88,2994.97,1018.777,1764255659999,3050947.72361,2175,658.699,1972675.58542,0
1764255660000,2994.97,2996.94,2994.50,2995.55,706.331,1764255719999,2115923.70450,2391,356.514,1067988.10292,0
1764255720000,2995.55,2998.86,2995.16,2997.63,2287.153,1764255779999,6856401.30111,4108,1783.946,5347837.73266,0
1764255780000,2997.63,2999.86,2997.55,2999.80,2293.896,1764255839999,6878471.23890,3060,1763.046,5286683.51861,0
1764255840000,2999.81,3008.82,2999.12,3007.84,19099.880,1764255899999,57390829.19155,19459,12597.408,37849290.13851,0
1764255900000,3007.84,3009.00,3003.22,3004.46,7198.491,1764255959999,21634308.10139,7432,4446.860,13363879.59447,0
1764255960000,3004.46,3004.46,3000.30,3001.97,3836.426,1764256019999,11517351.02970,5253,1630.401,4894105.90830,0
1764256020000,3001.96,3002.44,2998.53,2998.53,3342.436,1764256079999,10029900.72515,4993,1448.801,4347831.14902,0
1764256080000,2998.54,2998.54,2990.04,2991.10,6443.816,1764256139999,19286982.12867,11649,2602.803,7789429.53241,0
1764256140000,2991.11,2992.95,2988.50,2992.34,3702.370,1764256199999,11073115.67074,6386,1963.815,5874119.11930,0
1764256200000,2992.34,2993.69,2990.62,2992.20,5260.832,1764256259999,15740363.36497,6322,1865.500,5581844.14075,0
1764256260000,2992.20,2992.37,2991.25,2992.05,900.086,1764256319999,2692810.59832,2544,533.586,1596335.00905,0
1764256320000,2992.05,2992.90,2992.00,2992.44,1126.045,1764256379999,3369511.50993,2457,736.124,2202702.32906,0
1764256380000,2992.44,2992.44,2989.29,2989.46,1917.607,1764256439999,5734692.51230,2786,549.869,1644462.32730,0
1764256440000,2989.46,2991.80,2989.46,2991.10,950.419,1764256499999,2842523.30655,2014,585.011,1749562.52802,0
1764256500000,2991.10,2995.00,2991.10,2994.90,2212.955,1764256559999,6624141.20838,3997,1665.266,4984130.55508,0
1764256560000,2994.90,2996.74,2994.89,2996.18,1504.175,1764256619999,4506627.07119,2969,1065.988,3193828.55958,0
1764256620000,2996.19,3000.52,2996.19,2998.55,3868.001,1764256679999,11600149.99291,5326,2549.551,7645804.47607,0
1764256680000,2998.55,3004.23,2998.55,2999.69,6134.984,1764256739999,18416886.81788,7763,3807.617,11429643.07801,0
1764256740000,2999.69,2999.69,2998.15,2998.66,1513.657,1764256799999,4539383.77862,2703,647.711,1942419.56186,0
1764256800000,2998.66,2999.91,2997.85,2999.10,1445.714,1764256859999,4335576.05350,2773,647.967,1943230.29601,0
1764256860000,2999.11,3002.47,2999.11,3001.19,2141.335,1764256919999,6426727.26371,4484,934.901,2805782.83192,0
1764256920000,3001.19,3005.24,3000.38,3003.31,1817.566,1764256979999,5458218.87158,4210,1049.786,3152799.37198,0
1764256980000,3003.31,3004.17,3000.07,3001.27,2896.339,1764257039999,8693897.58124,4904,1115.680,3349236.06738,0
1764257040000,3001.27,3002.98,3000.78,3001.66,674.570,1764257099999,2024879.30929,2368,268.640,806404.39446,0
1764257100000,3001.66,3002.35,3001.08,3001.50,1429.235,1764257159999,4290105.07011,2740,734.438,2204433.17042,0
1764257160000,3001.50,3004.20,3001.41,3003.82,2381.962,1764257219999,7154421.27450,3823,1154.157,3466607.26541,0
1764257220000,3003.82,3005.66,3001.51,3001.52,2443.419,1764257279999,7340559.34105,4003,1446.861,4347193.16034,0
1764257280000,3001.52,3002.76,3001.52,3002.57,1076.041,1764257339999,3230365.01005,2121,520.089,1561334.91046,0
1764257340000,3002.56,3003.67,3002.19,3003.14,796.871,1764257399999,2393082.19387,1501,534.676,1605678.14163,0
1764257400000,3003.15,3004.66,3002.11,3002.32,1589.784,1764257459999,4774561.83488,2974,507.750,1524987.02544,0
1764257460000,3002.31,3003.77,3001.22,3003.31,2087.895,1764257519999,6269175.56395,3756,1172.264,3519837.50421,0
1764257520000,3003.31,3003.31,3002.15,3002.43,899.795,1764257579999,2701874.89844,1797,582.691,1749663.99105,0
1764257580000,3002.43,3002.43,3000.30,3001.63,1692.639,1764257639999,5079648.47754,3173,468.017,1404475.01666,0
1764257640000,3001.63,3001.88,2998.61,3001.00,2349.911,1764257699999,7049570.33717,4218,1050.899,3152386.30883,0
1764257700000,3000.99,3003.02,3000.35,3002.82,1283.790,1764257759999,3853265.75076,2983,803.224,2410866.65478,0
1764257760000,3002.82,3007.60,3001.65,3007.06,3619.201,1764257819999,10876744.81958,5457,2759.749,8293819.40314,0
1764257820000,3007.06,3007.45,3004.21,3004.67,1763.423,1764257879999,5300428.10291,3441,671.339,2017919.51114,0
1764257880000,3004.68,3005.16,3003.50,3004.17,1184.808,1764257939999,3559701.03584,2804,482.565,1449910.42920,0
1764257940000,3004.17,3004.17,3000.61,3001.07,1465.574,1764257999999,4399479.12325,3546,682.307,2048143.23140,0
1764258000000,3001.07,3001.74,2997.05,2999.38,2607.003,1764258059999,7818984.25321,5351,791.181,2373023.39601,0
1764258060000,2999.38,3000.33,2998.65,2999.60,1077.545,1764258119999,3232327.79121,2708,545.250,1635562.26492,0
1764258120000,2999.61,3001.00,2999.61,3000.28,727.118,1764258179999,2181664.67759,1672,486.738,1460383.81159,0
1764258180000,3000.28,3000.70,2999.90,3000.21,631.076,1764258239999,1893421.55824,1872,491.757,1475430.66883,0
1764258240000,3000.21,3004.05,3000.20,3003.38,2635.613,1764258299999,7913932.95347,4101,2045.737,6142560.77020,0
1764258300000,3003.38,3007.77,3003.37,3006.48,3435.616,1764258359999,10327656.93850,4942,2192.333,6590032.29776,0
1764258360000,3006.47,3006.48,3003.50,3003.50,1624.697,1764258419999,4882033.83914,3055,590.081,1773185.86709,0
1764258420000,3003.51,3007.91,3002.81,3007.62,1903.693,1764258479999,5721241.73727,3864,1525.747,4585158.55803,0
1764258480000,3007.63,3012.55,3007.44,3010.16,9088.680,1764258539999,27357023.80951,11203,6039.610,18180168.54443,0
1764258540000,3010.15,3010.65,3009.17,3009.82,1658.448,1764258599999,4991635.18837,3300,928.504,2794635.57748,0
1764258600000,3009.81,3012.77,3009.39,3009.59,5881.082,1764258659999,17707257.92407,6624,3850.514,11593826.02638,0
1764258660000,3009.60,3013.30,3009.19,3010.44,5521.563,1764258719999,16627717.28369,6532,2855.542,8598324.43037,0
1764258720000,3010.43,3012.00,3008.12,3008.80,2648.202,1764258779999,7972272.63969,4991,1187.175,3574279.74381,0
1764258780000,3008.79,3010.90,3008.66,3010.56,1918.870,1764258839999,5775507.54217,3192,1095.390,3296801.98892,0
1764258840000,3010.57,3013.00,3010.56,3011.49,2706.551,1764258899999,8152565.94326,3826,1966.040,5921995.03942,0
1764258900000,3011.48,3011.48,3009.01,3009.75,1002.965,1764258959999,3018796.31663,2206,460.919,1387303.52392,0
1764258960000,3009.75,3010.52,3008.34,3009.74,1362.702,1764259019999,4100974.25626,3222,562.594,1693183.61175,0
1764259020000,3009.75,3011.99,3009.74,3011.06,1609.051,1764259079999,4844891.91292,3264,1151.416,3466911.50248,0
1764259080000,3011.07,3011.63,3010.23,3010.34,1157.963,1764259139999,3486858.41125,2205,408.506,1230144.49550,0
1764259140000,3010.35,3010.50,3008.51,3009.68,1794.025,1764259199999,5399077.20623,2511,755.258,2272661.96583,0
1764259200000,3009.68,3010.00,3008.70,3009.44,1057.779,1764259259999,3183375.43732,2183,394.715,1187866.08182,0
1764259260000,3009.45,3012.46,3009.05,3012.44,4187.645,1764259319999,12607903.46625,4909,3273.669,9856257.62127,0
1764259320000,3012.45,3014.79,3010.09,3013.66,2859.138,1764259379999,8615168.53191,5652,1930.710,5817641.77835,0
1764259380000,3013.67,3013.81,3010.00,3011.77,4517.984,1764259439999,13607074.51630,6318,1904.712,5736783.86597,0
1764259440000,3011.76,3012.23,3009.60,3009.61,1298.491,1764259499999,3909924.46811,2713,614.381,1850045.47430,0
1764259500000,3009.60,3009.60,3006.81,3007.78,2891.374,1764259559999,8697328.89643,5435,792.072,2382440.11633,0
1764259560000,3007.78,3008.81,3007.14,3008.09,1518.323,1764259619999,4566857.13110,2555,750.823,2258404.82873,0
1764259620000,3008.09,3010.03,3006.49,3006.75,2924.473,1764259679999,8798423.15804,3543,1985.565,5973892.91587,0
1764259680000,3006.74,3007.76,3005.51,3006.39,1558.970,1764259739999,4687321.02842,2414,629.872,1893988.60717,0
1764259740000,3006.38,3006.82,3003.01,3004.80,3344.896,1764259799999,10050424.79749,4116,1039.475,3123181.40288,0
1764259800000,3004.80,3005.27,3003.66,3004.78,1630.209,1764259859999,4898120.18496,2427,807.390,2425954.28563,0
1764259860000,3004.79,3011.39,3004.78,3010.71,6126.565,1764259919999,18433932.56015,6548,5024.235,15116103.00227,0
1764259920000,3010.71,3011.54,3009.63,3010.96,1726.177,1764259979999,5196950.91837,2549,1091.917,3287285.51572,0
1764259980000,3010.95,3019.30,3010.71,3018.75,6252.557,1764260039999,18856051.27764,7746,4613.891,13913952.64648,0
1764260040000,3018.72,3024.69,3017.35,3019.83,18232.908,1764260099999,55077801.53457,20742,10168.138,30717199.19205,0
1764260100000,3019.82,3021.44,3016.33,3016.65,5577.568,1764260159999,16831499.68793,7016,1945.347,5870988.77843,0
1764260160000,3016.65,3020.40,3015.33,3019.54,4814.197,1764260219999,14524563.82510,6589,3189.581,9623080.82967,0
1764260220000,3019.54,3024.97,3015.82,3017.74,6834.510,1764260279999,20648575.09461,12392,3749.375,11327170.21294,0
1764260280000,3017.75,3019.50,3017.07,3019.22,1876.335,1764260339999,5663045.21705,4941,899.015,2713397.86482,0
1764260340000,3019.22,3019.22,3015.62,3018.49,3215.316,1764260399999,9702711.90925,4807,676.245,2040881.65027,0
1764260400000,3018.49,3018.49,3016.01,3017.16,1438.887,1764260459999,4341338.59713,3213,449.301,1355448.34856,0
1764260460000,3017.16,3018.31,3016.00,3017.53,1174.152,1764260519999,3542916.59434,3312,593.953,1792233.85161,0
1764260520000,3017.54,3021.41,3017.54,3019.66,2111.285,1764260579999,6375646.45598,5206,1244.951,3759628.32611,0
1764260580000,3019.67,3024.00,3019.66,3021.96,3957.235,1764260639999,11959742.33747,7209,2090.593,6318223.69359,0
1764260640000,3021.96,3022.15,3016.23,3017.61,3423.278,1764260699999,10333793.58969,5864,1295.551,3910157.24693,0
1764260700000,3017.60,3019.05,3016.79,3016.80,1188.930,1764260759999,3587797.25592,3179,404.750,1221430.14288,0
1764260760000,3016.79,3017.01,3015.24,3016.23,2172.470,1764260819999,6552457.66844,4017,536.584,1618441.04619,0
1764260820000,3016.23,3016.54,3016.00,3016.22,696.012,1764260879999,2099406.75185,1751,392.732,1184604.04844,0
1764260880000,3016.22,3016.54,3013.76,3014.50,2821.518,1764260939999,8505860.66752,2898,434.470,1310194.44799,0
1764260940000,3014.50,3015.54,3013.92,3015.29,1215.227,1764260999999,3663495.60557,2415,497.023,1498324.00813,0
1764261000000,3015.30,3016.36,3014.23,3014.83,1459.437,1764261059999,4400639.32850,3303,478.629,1443241.80448,0
1764261060000,3014.84,3017.27,3013.33,3017.08,2100.257,1764261119999,6332416.07361,3694,1280.564,3861449.96364,0
1764261120000,3017.07,3021.34,3017.07,3020.55,2330.039,1764261179999,7035941.43058,5683,1299.167,3922933.83359,0
1764261180000,3020.55,3020.55,3017.31,3017.96,1575.490,1764261239999,4755754.49224,4114,676.750,2042849.30996,0
1764261240000,3017.95,3018.50,3016.00,3016.00,709.454,1764261299999,2140789.53196,2514,378.309,1141594.75882,0
1764261300000,3016.00,3018.65,3016.00,3017.96,730.818,1764261359999,2205374.82792,2277,447.594,1350653.64044,0
1764261360000,3017.97,3021.50,3017.11,3021.36,2622.625,1764261419999,7918793.05914,3444,2168.978,6548954.11345,0
1764261420000,3021.37,3022.42,3019.44,3020.87,2469.107,1764261479999,7458091.06900,4110,640.785,1935648.50158,0
1764261480000,3020.86,3021.54,3019.95,3020.99,1327.323,1764261539999,4009262.16068,2949,530.186,1601471.09393,0
1764261540000,3020.99,3024.20,3020.87,3023.55,2953.203,1764261599999,8927272.64512,5982,1630.268,4928169.27366,0
1764261600000,3023.54,3026.10,3020.83,3021.70,4420.926,1764261659999,13367767.43254,7499,2521.505,7625632.74702,0
1764261660000,3021.70,3021.80,3017.26,3017.56,2398.341,1764261719999,7240764.65769,4776,548.522,1655925.88968,0
1764261720000,3017.56,3020.34,3017.30,3019.56,2514.673,1764261779999,7592029.61591,3432,1965.071,5932674.67921,0
1764261780000,3019.56,3019.57,3018.08,3019.16,832.939,1764261839999,2514546.79784,1947,390.731,1179555.24270,0
1764261840000,3019.15,3019.80,3017.60,3017.61,928.451,1764261899999,2802717.48950,1627,183.803,554779.87726,0
1764261900000,3017.60,3018.73,3016.01,3016.56,1418.239,1764261959999,4278899.24208,3157,639.738,1930010.28873,0
1764261960000,3016.56,3018.31,3016.40,3017.47,883.226,1764262019999,2665044.98650,1802,355.410,1072421.04299,0
1764262020000,3017.48,3020.70,3017.48,3019.61,1339.106,1764262079999,4042915.41454,3559,821.152,2479228.76441,0
1764262080000,3019.60,3019.60,3016.70,3016.98,728.002,1764262139999,2197192.65574,2080,168.369,508130.67376,0
1764262140000,3016.98,3017.11,3015.37,3015.88,2041.694,1764262199999,6157959.82347,2677,583.300,1759327.93946,0
1764262200000,3015.89,3017.47,3015.37,3016.48,714.439,1764262259999,2155134.85615,2327,224.645,677674.72380,0
1764262260000,3016.49,3018.75,3016.48,3018.40,557.927,1764262319999,1683839.70198,1615,286.592,864889.33777,0
1764262320000,3018.39,3019.84,3016.87,3018.24,631.126,1764262379999,1905030.08149,2450,314.060,948008.98621,0
1764262380000,3018.24,3018.73,3017.07,3018.73,419.737,1764262439999,1266672.66436,1329,230.588,695876.76827,0
1764262440000,3018.74,3020.11,3017.89,3020.11,572.363,1764262499999,1727995.11110,1828,293.001,884591.17965,0
1764262500000,3020.10,3021.38,3019.10,3020.29,881.961,1764262559999,2664080.01315,2759,462.910,1398300.67981,0
1764262560000,3020.29,3020.30,3019.05,3019.39,852.774,1764262619999,2575015.39735,1835,310.245,936807.41499,0
1764262620000,3019.39,3021.05,3019.00,3019.08,1277.926,1764262679999,3859179.81662,2591,704.520,2127584.41129,0
1764262680000,3019.09,3020.80,3018.02,3019.55,827.124,1764262739999,2497623.31085,1945,411.424,1242373.48625,0
1764262740000,3019.55,3020.79,3019.21,3019.35,769.182,1764262799999,2323165.01072,1508,261.139,788740.08159,0
1764262800000,3019.34,3019.36,3017.37,3017.97,696.242,1764262859999,2101733.00972,1998,269.191,812608.41020,0
1764262860000,3017.97,3021.00,3017.97,3018.51,1136.477,1764262919999,3431793.42255,2531,406.015,1225903.65668,0
1764262920000,3018.51,3018.52,3017.00,3017.76,828.827,1764262979999,2501090.78460,2038,287.310,866959.88753,0
1764262980000,3017.76,3019.06,3016.63,3019.06,973.784,1764263039999,2938297.21398,2016,254.592,768218.49133,0
1764263040000,3019.06,3020.78,3017.64,3017.64,1015.852,1764263099999,3067278.21143,2338,710.942,2146590.58607,0
1764263100000,3017.65,3018.92,3017.23,3017.24,494.989,1764263159999,1493848.06786,1697,264.818,799205.51209,0
1764263160000,3017.24,3017.24,3014.14,3014.70,2601.166,1764263219999,7843531.18797,4508,553.610,1669415.20825,0
1764263220000,3014.71,3015.72,3014.70,3015.71,668.720,1764263279999,2016380.25049,1570,371.356,1119768.83713,0
1764263280000,3015.71,3017.04,3015.71,3015.78,975.791,1764263339999,2943498.79546,1657,398.504,1202123.10908,0
1764263340000,3015.77,3018.27,3015.19,3018.27,850.057,1764263399999,2564322.63640,2098,451.916,1363395.73274,0
1764263400000,3018.27,3019.27,3017.65,3018.24,662.080,1764263459999,1998493.53037,1900,320.387,967040.75276,0
1764263460000,3018.25,3019.22,3017.75,3018.17,2325.566,1764263519999,7020360.16719,2308,1294.887,3909063.01128,0
1764263520000,3018.17,3018.52,3017.73,3018.19,550.987,1764263579999,1663043.53238,1260,299.705,904598.95245,0
1764263580000,3018.20,3018.47,3016.08,3017.48,667.634,1764263639999,2014400.91310,1853,277.367,836840.70171,0
1764263640000,3017.48,3017.48,3015.59,3015.73,582.873,1764263699999,1758134.31164,1513,152.279,459321.05354,0
1764263700000,3015.73,3018.12,3015.66,3018.12,416.897,1764263759999,1257758.22137,1912,250.046,754385.01533,0
1764263760000,3018.12,3019.79,3016.97,3018.84,1275.591,1764263819999,3850686.57618,2786,374.308,1129756.48557,0
1764263820000,3018.85,3020.00,3018.36,3018.36,875.075,1764263879999,2642205.03162,1968,443.368,1338756.52396,0
1764263880000,3018.36,3021.32,3018.35,3018.96,1811.093,1764263939999,5469898.10611,3419,947.730,2862325.13265,0
1764263940000,3018.95,3018.95,3016.21,3016.21,867.580,1764263999999,2617991.82643,1909,189.722,572527.12650,0
1764264000000,3016.21,3020.20,3016.21,3020.19,707.838,1764264059999,2136190.27748,2178,405.686,1224353.26492,0
1764264060000,3020.20,3022.97,3020.20,3020.62,1978.177,1764264119999,5976895.55527,4187,1111.402,3358109.78434,0
1764264120000,3020.63,3021.57,3018.69,3018.97,780.975,1764264179999,2358849.82119,2308,273.604,826472.89632,0
1764264180000,3018.97,3019.10,3016.50,3018.80,1001.215,1764264239999,3021117.18090,3248,476.055,1436578.93969,0
1764264240000,3018.80,3019.77,3018.46,3018.46,432.851,1764264299999,1306805.44912,1477,157.761,476290.31679,0
1764264300000,3018.47,3021.29,3018.46,3021.00,1914.988,1764264359999,5783281.32359,3606,1140.217,3443074.15426,0
1764264360000,3020.99,3021.30,3020.00,3020.10,570.656,1764264419999,1723597.94030,1593,237.945,718669.18777,0
1764264420000,3020.11,3021.49,3019.74,3020.46,712.960,1764264479999,2153677.97205,2191,373.225,1127364.46602,0
1764264480000,3020.46,3020.59,3015.11,3015.37,1544.954,1764264539999,4661967.53063,3902,395.106,1192303.19790,0
1764264540000,3015.37,3016.53,3014.00,3014.97,2487.282,1764264599999,7499378.68535,4311,953.414,2874871.06082,0
1764264600000,3014.97,3015.80,3013.03,3013.97,1592.412,1764264659999,4799684.25326,4589,521.854,1572927.09178,0
1764264660000,3013.97,3014.24,3011.10,3011.56,3151.212,1764264719999,9492055.25873,5262,666.750,2008256.53392,0
1764264720000,3011.56,3017.63,3011.55,3017.63,2399.270,1764264779999,7232238.55886,5524,1554.396,4685890.84108,0
1764264780000,3017.63,3019.36,3017.34,3017.87,919.713,1764264839999,2775932.91750,3496,454.962,1373208.87277,0
1764264840000,3017.88,3019.89,3017.88,3019.19,867.977,1764264899999,2620214.30851,2465,552.717,1668541.88328,0
1764264900000,3019.19,3020.35,3017.79,3020.35,1121.430,1764264959999,3385830.84571,2951,671.351,2027172.53067,0
1764264960000,3020.35,3020.67,3016.23,3016.75,799.051,1764265019999,2411785.70167,2994,272.362,822101.26842,0
1764265020000,3016.75,3017.00,3015.00,3015.82,581.788,1764265079999,1754745.50270,2680,163.503,493128.98964,0
1764265080000,3015.82,3016.74,3013.13,3013.65,1207.977,1764265139999,3641614.69985,3103,398.920,1202747.54653,0
1764265140000,3013.64,3013.65,3012.00,3012.94,994.152,1764265199999,2995069.89690,2765,336.453,1013611.43217,0
1764265200000,3012.94,3014.25,3012.59,3013.90,1682.016,1764265259999,5068615.24625,2953,629.228,1896249.01624,0
1764265260000,3013.89,3014.12,3012.02,3013.33,2413.288,1764265319999,7270896.88122,3121,716.320,2158037.70090,0
1764265320000,3013.33,3014.15,3013.12,3013.38,507.521,1764265379999,1529530.93797,1471,121.449,366013.58955,0
1764265380000,3013.38,3014.44,3013.38,3013.69,574.059,1764265439999,1730114.99552,1363,237.824,716722.25795,0
1764265440000,3013.68,3014.81,3013.68,3014.48,316.218,1764265499999,953211.66989,904,156.319,471197.78736,0
1764265500000,3014.49,3017.76,3014.48,3017.76,1389.646,1764265559999,4191080.22761,2693,1073.980,3239253.97312,0
1764265560000,3016.41,3017.55,3014.56,3014.85,998.917,1764265619999,3013053.73353,1990,519.738,1567779.71601,0
1764265620000,3014.85,3015.88,3014.57,3014.81,783.939,1764265679999,2363757.68431,1838,230.423,694761.04327,0
1764265680000,3014.80,3014.94,3013.02,3013.17,828.181,1764265739999,2495909.36636,2179,147.123,443397.03074,0
1764265740000,3013.19,3014.55,3013.18,3014.35,634.504,1764265799999,1912427.00435,1994,249.705,752597.96835,0
1764265800000,3014.34,3015.54,3014.34,3014.50,445.720,1764265859999,1343827.12380,1476,167.837,506004.31234,0
1764265860000,3014.51,3016.19,3014.50,3015.91,516.949,1764265919999,1558943.35918,1594,383.661,1156982.38672,0
1764265920000,3015.91,3016.17,3014.26,3015.36,324.507,1764265979999,978425.68343,1346,102.767,309826.54459,0
1764265980000,3015.37,3018.00,3014.25,3016.20,2520.833,1764266039999,7602676.98558,3389,1714.552,5170686.45977,0
1764266040000,3016.21,3018.00,3015.90,3018.00,963.599,1764266099999,2906762.78859,1117,883.517,2665193.00635,0
1764266100000,3017.99,3018.91,3016.82,3018.05,1838.613,1764266159999,5548452.87844,3141,878.546,2651175.47793,0
1764266160000,3018.06,3018.45,3017.85,3017.92,265.185,1764266219999,800371.37565,985,117.957,356013.49340,0
1764266220000,3017.92,3018.92,3017.53,3018.33,902.570,1764266279999,2724337.23380,1917,602.737,1819327.11956,0
1764266280000,3018.34,3019.00,3018.34,3018.75,531.976,1764266339999,1605952.62927,1097,429.594,1296876.64351,0
1764266340000,3018.74,3018.88,3018.26,3018.53,429.747,1764266399999,1297275.83433,964,171.358,517273.17553,0
1764266400000,3018.54,3018.54,3016.56,3017.87,1119.276,1764266459999,3377430.99438,2485,492.270,1485396.70796,0
1764266460000,3017.87,3018.77,3016.76,3017.17,571.578,1764266519999,1725026.13359,1723,323.819,977303.45051,0
1764266520000,3017.17,3018.00,3017.00,3017.99,371.748,1764266579999,1121703.68101,1063,128.531,387826.78114,0
1764266580000,3017.99,3018.00,3016.40,3017.79,427.954,1764266639999,1291221.82206,1293,204.353,616535.94829,0
1764266640000,3017.80,3017.80,3016.09,3016.34,413.914,1764266699999,1248592.09759,1082,223.827,675177.39705,0
1764266700000,3016.34,3017.29,3014.61,3015.42,1711.225,1764266759999,5160610.19133,3425,834.361,2516083.24912,0
1764266760000,3015.41,3020.92,3015.41,3020.10,2994.154,1764266819999,9040417.81730,4260,2156.290,6510538.08986,0
1764266820000,3020.11,3022.50,3018.05,3019.10,1782.884,1764266879999,5385775.04294,4100,878.217,2653035.66641,0
1764266880000,3019.09,3021.86,3018.93,3021.00,1581.824,1764266939999,4778188.62993,2862,1121.719,3388077.84271,0
1764266940000,3021.01,3021.22,3019.28,3019.99,556.129,1764266999999,1679339.46181,1529,241.475,729179.04924,0
1764267000000,3019.99,3021.96,3019.48,3021.30,1285.846,1764267059999,3884174.84755,2488,998.703,3016776.21805,0
1764267060000,3021.30,3021.84,3019.58,3020.73,1069.679,1764267119999,3231330.35355,2342,681.144,2057668.62104,0
1764267120000,3020.73,3020.89,3018.89,3018.89,456.946,1764267179999,1379981.95231,1519,93.870,283481.68130,0
1764267180000,3018.89,3019.64,3018.80,3019.43,566.598,1764267239999,1710670.55418,1195,407.907,1231543.30708,0
1764267240000,3019.43,3020.76,3017.94,3020.61,1148.460,1764267299999,3467739.51935,2718,638.541,1927992.73083,0
1764267300000,3020.61,3022.81,3019.72,3022.20,945.954,1764267359999,2857817.13877,2391,639.434,1931909.55901,0
1764267360000,3022.21,3025.50,3021.12,3025.00,3355.635,1764267419999,10147345.85838,4761,2546.114,7699354.89655,0
1764267420000,3025.00,3028.00,3022.89,3024.18,5274.764,1764267479999,15960262.14915,7282,3398.082,10282510.98065,0
1764267480000,3024.18,3025.82,3022.53,3024.87,2008.367,1764267539999,6072808.41801,3466,1088.666,3292012.36951,0
1764267540000,3024.86,3025.15,3024.17,3024.60,867.622,1764267599999,2624256.94578,2625,406.661,1229992.79204,0
1764267600000,3024.60,3027.18,3024.60,3026.11,1992.223,1764267659999,6028483.90466,3293,1494.933,4523732.77820,0
1764267660000,3026.10,3026.22,3024.06,3024.07,862.670,1764267719999,2610008.04890,2202,335.091,1013793.34887,0
1764267720000,3024.07,3024.97,3020.15,3021.34,1291.913,1764267779999,3905231.50568,3642,676.328,2044492.26171,0
1764267780000,3021.34,3023.49,3019.91,3022.51,1668.774,1764267839999,5042461.02154,3066,786.543,2376960.31036,0
1764267840000,3022.50,3023.99,3021.70,3023.81,611.023,1764267899999,1847005.02918,1849,215.624,651839.38512,0
1764267900000,3023.80,3026.19,3023.53,3026.06,1906.647,1764267959999,5767955.43006,3160,1474.114,4459379.06270,0
1764267960000,3026.06,3026.30,3021.87,3022.64,2510.267,1764268019999,7589208.87437,4181,902.754,2729322.85205,0
1764268020000,3022.64,3022.91,3020.24,3020.50,1400.070,1764268079999,4230366.63619,2414,345.250,1043185.64278,0
1764268080000,3020.50,3021.42,3019.59,3020.92,1895.423,1764268139999,5724933.92422,2917,977.980,2953840.19340,0
1764268140000,3020.91,3021.66,3020.65,3021.45,390.391,1764268199999,1179396.48647,837,266.338,804607.92290,0
1764268200000,3021.45,3021.45,3019.35,3020.88,1423.659,1764268259999,4299469.67860,2509,675.868,2041049.53152,0
1764268260000,3020.88,3021.41,3020.45,3020.45,410.168,1764268319999,1239083.50611,1017,86.469,261239.66619,0
1764268320000,3020.45,3021.51,3020.10,3020.11,581.556,1764268379999,1756640.79624,1154,316.025,954610.27455,0
1764268380000,3020.10,3021.27,3020.10,3021.26,195.012,1764268439999,589112.47425,1030,108.593,328045.32229,0
1764268440000,3021.26,3022.90,3021.17,3022.89,297.285,1764268499999,898276.30415,1178,175.262,529575.69538,0
1764268500000,3022.90,3026.13,3022.68,3025.69,1411.970,1764268559999,4270733.65533,3348,854.794,2585260.52353,0
1764268560000,3025.70,3026.13,3024.37,3025.70,971.203,1764268619999,2938090.64670,2262,289.255,875064.96913,0
1764268620000,3025.71,3026.80,3025.23,3025.45,1209.302,1764268679999,3659125.36113,1711,615.650,1862910.36250,0
1764268680000,3025.44,3028.00,3025.44,3027.23,2635.906,1764268739999,7979462.38634,3303,2105.161,6372718.67588,0
1764268740000,3027.23,3034.44,3027.22,3032.07,14490.616,1764268799999,43930418.64484,15124,9829.126,29796111.32599,0
1764268800000,3032.07,3034.66,3031.28,3032.98,4636.162,1764268859999,14062113.02830,7174,2721.821,8255753.14265,0
1764268860000,3032.98,3034.21,3031.03,3033.02,1626.050,1764268919999,4931011.20845,3407,1053.916,3196097.57830,0
1764268920000,3033.02,3038.00,3033.01,3033.75,7604.535,1764268979999,23084810.16809,8968,4676.744,14197429.99716,0
1764268980000,3033.76,3035.55,3032.38,3034.51,3694.240,1764269039999,11208408.60200,4925,2190.946,6647316.37471,0
1764269040000,3034.50,3034.66,3032.90,3032.90,1293.666,1764269099999,3924547.35638,2600,522.506,1585110.88350,0
1764269100000,3032.90,3033.94,3032.63,3033.51,866.194,1764269159999,2627558.26121,2263,380.134,1153096.55365,0
1764269160000,3033.52,3036.26,3030.07,3030.73,2659.959,1764269219999,8069086.92218,4557,828.580,2513995.96370,0
1764269220000,3030.73,3033.21,3030.73,3032.80,1716.887,1764269279999,5205850.31446,3492,925.381,2805681.00775,0
1764269280000,3032.80,3033.98,3031.94,3033.24,1048.295,1764269339999,3179137.08363,2136,516.051,1564970.29351,0
1764269340000,3033.26,3034.78,3031.67,3034.77,416.769,1764269399999,1264055.14264,1775,201.829,612166.91158,0
1764269400000,3034.77,3036.00,3034.26,3034.62,1167.229,1764269459999,3542667.29516,2488,659.508,2001683.99862,0
1764269460000,3034.62,3037.00,3033.37,3036.07,1769.058,1764269519999,5368647.27251,3135,1044.084,3168552.00786,0
1764269520000,3036.07,3036.76,3035.31,3035.31,1155.993,1764269579999,3509725.49673,2569,562.243,1707040.88491,0
1764269580000,3035.31,3035.58,3033.21,3034.22,1529.220,1764269639999,4640383.20768,2634,427.586,1297460.73776,0
1764269640000,3034.22,3035.98,3034.22,3035.97,894.988,1764269699999,2716256.29655,1440,585.426,1776791.46469,0
1764269700000,3035.98,3037.99,3035.97,3036.61,1722.207,1764269759999,5229874.50059,2976,895.945,2720793.15369,0
1764269760000,3036.61,3037.78,3035.53,3037.77,957.335,1764269819999,2906573.68868,1669,463.614,1407627.71546,0
1764269820000,3037.77,3037.78,3035.89,3035.96,749.372,1764269879999,2275653.47687,1655,173.122,525690.48409,0
1764269880000,3035.96,3035.96,3034.64,3035.30,614.060,1764269939999,1863777.87070,1089,328.811,997973.34230,0
1764269940000,3035.31,3036.99,3035.28,3035.99,1634.595,1764269999999,4962709.91042,2297,920.225,2793800.99450,0
1764270000000,3035.99,3036.16,3033.24,3035.15,1995.322,1764270059999,6055642.53117,4200,837.130,2540764.93797,0
1764270060000,3035.14,3035.15,3032.91,3034.33,1682.549,1764270119999,5104478.70149,2747,430.530,1306027.33472,0
1764270120000,3034.33,3034.33,3032.71,3033.00,645.942,1764270179999,1959275.88400,2135,89.968,272889.14920,0
1764270180000,3033.00,3034.15,3030.38,3031.66,2527.345,1764270239999,7662236.33126,3984,1126.079,3414287.44614,0
1764270240000,3031.66,3032.36,3030.75,3031.83,1132.293,1764270299999,3432741.69284,2222,486.080,1473681.02891,0
1764270300000,3031.83,3033.23,3030.69,3031.45,710.674,1764270359999,2154668.11223,2156,396.404,1201823.13474,0
1764270360000,3031.44,3031.67,3028.79,3029.82,1640.484,1764270419999,4970617.26257,3267,404.545,1225808.98896,0
1764270420000,3029.82,3031.02,3027.66,3028.01,2087.540,1764270479999,6322240.61204,3470,426.723,1292376.05114,0
1764270480000,3028.01,3031.28,3028.00,3029.89,1104.981,1764270539999,3347613.55987,1963,875.780,2653068.77822,0
1764270540000,3029.89,3032.80,3029.08,3032.79,646.421,1764270599999,1959308.80243,1683,445.422,1350159.48077,0
1764270600000,3032.79,3033.59,3031.50,3031.51,734.772,1764270659999,2228076.74787,1940,310.436,941345.96854,0
1764270660000,3031.51,3032.00,3030.43,3031.99,933.397,1764270719999,2829441.03687,2078,288.601,874906.81738,0
1764270720000,3031.99,3032.68,3031.54,3032.17,461.800,1764270779999,1400197.36243,1630,223.285,677008.64176,0
1764270780000,3032.18,3032.70,3031.44,3031.76,426.483,1764270839999,1293146.23063,1284,151.134,458223.86893,0
1764270840000,3031.76,3031.76,3030.96,3031.08,350.841,1764270899999,1063494.08979,907,127.562,386653.33813,0
1764270900000,3031.07,3031.99,3030.19,3031.99,378.870,1764270959999,1148357.28357,1402,146.836,445082.13659,0
1764270960000,3032.00,3032.11,3027.54,3027.54,2046.103,1764271019999,6197019.21613,2928,301.396,912746.64005,0
1764271020000,3027.54,3029.75,3027.37,3028.75,2346.918,1764271079999,7108264.23412,2275,1689.771,5117868.98163,0
1764271080000,3028.76,3030.25,3027.82,3029.29,788.154,1764271139999,2387090.37562,2059,287.887,872015.11013,0
1764271140000,3029.30,3030.00,3029.29,3029.53,238.381,1764271199999,722217.29544,811,78.223,236985.91240,0
1764271200000,3029.52,3031.30,3029.52,3030.97,606.128,1764271259999,1836906.15224,1487,355.824,1078267.80242,0
1764271260000,3030.97,3032.35,3030.60,3030.73,376.357,1764271319999,1140871.10439,1316,183.218,555400.50391,0
1764271320000,3030.72,3030.81,3027.78,3028.88,497.966,1764271379999,1508396.22398,2017,115.632,350219.54027,0
1764271380000,3028.88,3030.71,3028.88,3029.77,532.209,1764271439999,1612680.23291,1687,134.149,406455.81114,0
1764271440000,3029.77,3029.89,3028.53,3029.69,777.671,1764271499999,2355770.69548,1414,284.999,863339.43868,0
1764271500000,3029.69,3030.55,3028.19,3028.79,702.489,1764271559999,2127837.50087,1630,266.794,808058.75477,0
1764271560000,3028.79,3029.54,3028.32,3029.04,350.378,1764271619999,1061294.06990,1472,161.696,489772.22854,0
1764271620000,3029.04,3029.38,3029.04,3029.24,317.990,1764271679999,963268.59871,472,63.063,191032.43092,0
1764271680000,3029.23,3030.10,3028.05,3028.32,1337.050,1764271739999,4050326.59289,2071,283.739,859536.93494,0
1764271740000,3028.31,3028.99,3028.07,3028.60,716.052,1764271799999,2168465.31669,933,93.826,284154.44495,0
1764271800000,3028.61,3029.39,3028.38,3028.51,462.657,1764271859999,1401274.88158,1312,163.648,495645.66628,0
1764271860000,3028.51,3030.39,3027.40,3030.27,542.708,1764271919999,1643793.87366,2356,233.067,706018.21271,0
1764271920000,3030.27,3031.83,3028.99,3029.21,1731.874,1764271979999,5248629.08217,2856,599.532,1817069.51324,0
1764271980000,3029.21,3029.21,3025.49,3026.34,1342.854,1764272039999,4064546.60577,3564,282.504,855171.12418,0
1764272040000,3026.34,3027.05,3026.07,3026.53,570.191,1764272099999,1725700.04464,1675,159.567,482929.31707,0
1764272100000,3026.54,3026.74,3025.97,3025.97,741.486,1764272159999,2243965.02029,1220,155.318,470046.78095,0
1764272160000,3025.98,3028.00,3025.33,3026.98,1024.027,1764272219999,3099417.35253,2341,557.363,1686820.18883,0
1764272220000,3026.99,3028.01,3026.99,3027.49,359.331,1764272279999,1087971.22505,1129,108.874,329631.80705,0
1764272280000,3027.49,3029.00,3027.42,3029.00,286.240,1764272339999,866864.10762,940,133.084,403050.01077,0
1764272340000,3028.99,3032.57,3028.46,3030.89,3192.105,1764272399999,9674599.26434,4560,2580.856,7821885.15692,0
1764272400000,3030.90,3033.46,3030.12,3033.46,1291.995,1764272459999,3916871.20359,2585,837.712,2540006.00494,0
1764272460000,3033.46,3034.47,3032.93,3034.46,1479.105,1764272519999,4486820.11152,2679,1016.932,3084840.00597,0
1764272520000,3034.47,3035.23,3032.85,3034.77,858.634,1764272579999,2605196.46343,2014,493.479,1497234.45869,0
1764272580000,3034.76,3034.76,3033.56,3033.87,356.031,1764272639999,1080217.03501,992,160.343,486485.43398,0
1764272640000,3033.86,3034.78,3032.90,3034.13,736.328,1764272699999,2233921.48182,1604,361.023,1095188.78248,0
1764272700000,3034.13,3034.70,3031.51,3031.65,843.188,1764272759999,2557778.06681,2196,269.248,816859.18588,0
1764272760000,3031.64,3031.72,3029.24,3030.43,1982.974,1764272819999,6009309.49497,2923,473.214,1433923.65782,0
1764272820000,3030.44,3031.53,3030.13,3030.14,483.499,1764272879999,1465472.01799,1103,151.147,458106.04348,0
1764272880000,3030.14,3030.87,3028.83,3030.38,900.477,1764272939999,2728240.29994,2276,223.759,677988.36315,0
1764272940000,3030.38,3030.58,3028.61,3029.66,1115.064,1764272999999,3377808.19337,2520,306.692,928977.01340,0
1764273000000,3029.66,3029.90,3028.35,3028.35,747.027,1764273059999,2262610.84890,1637,194.675,589625.66033,0
1764273060000,3028.35,3028.71,3025.84,3026.94,1223.894,1764273119999,3704772.73709,2634,429.660,1300413.40158,0
1764273120000,3026.94,3028.02,3026.93,3027.23,492.151,1764273179999,1490002.45189,1308,258.642,783028.09980,0
1764273180000,3027.23,3030.37,3027.23,3030.01,701.898,1764273239999,2126074.80840,1899,563.892,1708051.68641,0
1764273240000,3030.01,3030.44,3029.38,3029.78,669.709,1764273299999,2029260.99078,979,136.227,412775.16216,0
1764273300000,3029.79,3030.70,3029.79,3030.03,484.997,1764273359999,1469661.69969,998,273.355,828303.23718,0
1764273360000,3030.04,3030.16,3029.64,3029.64,469.282,1764273419999,1421887.35820,665,100.004,303000.15228,0
1764273420000,3029.65,3029.65,3029.28,3029.64,222.634,1764273479999,674479.43373,453,129.616,392678.88320,0
1764273480000,3029.63,3029.64,3028.71,3029.09,277.122,1764273539999,839464.99103,686,59.713,180887.16055,0
1764273540000,3029.09,3030.49,3029.08,3030.48,456.405,1764273599999,1382815.68829,784,315.456,955759.94917,0
1764273600000,3030.49,3031.54,3028.73,3028.96,1558.218,1764273659999,4721759.82729,2722,843.020,2554594.11029,0
1764273660000,3028.96,3031.46,3028.55,3030.64,1109.813,1764273719999,3362409.82263,2151,465.252,1409583.00255,0
1764273720000,3030.64,3033.33,3030.64,3032.83,1355.079,1764273779999,4109429.91986,2473,740.469,2245397.54391,0
1764273780000,3032.83,3034.53,3032.49,3032.50,777.927,1764273839999,2359815.56032,1809,287.331,871701.70866,0
1764273840000,3032.50,3032.50,3029.06,3029.89,1164.901,1764273899999,3529864.55561,2537,303.759,920295.53066,0
1764273900000,3029.89,3033.00,3029.89,3032.45,928.386,1764273959999,2815002.65020,1665,732.647,2221499.23535,0
1764273960000,3032.46,3032.55,3032.00,3032.01,393.280,1764274019999,1192562.22427,838,137.409,416679.93397,0
1764274020000,3032.00,3034.00,3032.00,3033.99,492.655,1764274079999,1494258.42592,1339,256.492,777992.21747,0
1764274080000,3034.00,3035.49,3033.53,3034.83,1468.455,1764274139999,4456430.23586,2105,1138.620,3455551.01829,0
1764274140000,3034.84,3036.16,3034.84,3035.29,698.093,1764274199999,2119119.90285,1434,488.005,1481365.51682,0
1764274200000,3035.28,3036.46,3031.78,3035.70,4326.350,1764274259999,13126052.77631,4771,1543.061,4682474.66659,0
1764274260000,3035.69,3037.40,3035.00,3036.85,1805.948,1764274319999,5483384.87803,2617,1248.354,3790424.86123,0
1764274320000,3036.85,3038.99,3036.47,3037.35,3028.132,1764274379999,9198669.72762,4139,2034.973,6181684.91450,0
1764274380000,3037.35,3037.35,3036.25,3036.51,932.120,1764274439999,2830714.58667,1355,209.991,637684.33062,0
1764274440000,3036.51,3036.84,3036.33,3036.48,780.550,1764274499999,2370121.54717,889,330.585,1003778.13380,0
1764274500000,3036.49,3036.64,3035.65,3036.64,517.578,1764274559999,1571480.45460,1339,135.379,411032.98172,0
1764274560000,3036.63,3036.64,3033.91,3034.58,1436.495,1764274619999,4359610.52365,2611,241.809,733880.94573,0
1764274620000,3034.58,3035.76,3034.42,3034.72,577.989,1764274679999,1754185.61913,1200,261.182,792666.21942,0
1764274680000,3034.72,3036.46,3034.72,3035.95,2301.009,1764274739999,6985499.76863,1630,1968.123,5975008.07815,0
1764274740000,3035.94,3038.00,3035.94,3037.09,1049.224,1764274799999,3186968.94228,1934,628.186,1908074.72096,0
1764274800000,3037.10,3037.59,3035.78,3035.78,723.071,1764274859999,2195921.78082,1158,333.252,1012107.45131,0
1764274860000,3035.78,3035.79,3034.22,3034.23,1130.315,1764274919999,3430600.27772,1701,214.269,650327.03433,0
1764274920000,3034.22,3034.23,3033.35,3034.12,1182.582,1764274979999,3587666.87742,1488,661.925,2008057.41563,0
1764274980000,3034.11,3035.78,3033.94,3034.07,2833.452,1764275039999,8599503.62672,1835,2308.677,7006731.03688,0
1764275040000,3034.07,3035.58,3033.77,3035.47,457.703,1764275099999,1388999.11608,1010,149.626,454055.30024,0
1764275100000,3035.48,3036.10,3033.97,3036.09,1265.670,1764275159999,3841425.54439,2073,715.533,2171701.57563,0
1764275160000,3036.09,3036.90,3035.27,3035.27,770.905,1764275219999,2340424.80686,1424,285.755,867518.07696,0
1764275220000,3035.28,3036.10,3035.27,3035.46,454.171,1764275279999,1378721.62846,837,261.411,793528.42295,0
1764275280000,3035.46,3035.70,3035.37,3035.38,293.043,1764275339999,889526.15381,422,31.652,96080.22998,0
1764275340000,3035.37,3035.85,3034.61,3035.84,331.131,1764275399999,1005036.22693,947,123.512,374874.73725,0
1764275400000,3035.85,3037.14,3034.62,3034.96,552.419,1764275459999,1677151.19457,1756,198.851,603744.09101,0
1764275460000,3034.96,3037.03,3034.39,3036.16,837.714,1764275519999,2543076.23856,1633,335.377,1017941.27668,0
1764275520000,3036.16,3037.54,3035.89,3037.53,859.709,1764275579999,2610756.71195,1088,698.037,2119845.48688,0
1764275580000,3037.54,3038.87,3037.07,3037.34,1264.015,1764275639999,3839893.84884,2267,681.407,2070102.52327,0
1764275640000,3037.35,3041.85,3037.35,3039.77,3710.574,1764275699999,11280302.90308,5147,2647.158,8047605.06765,0
1764275700000,3039.76,3043.50,3039.01,3041.24,3569.344,1764275759999,10857083.98217,5053,2060.736,6268601.25058,0
1764275760000,3041.23,3041.43,3038.49,3039.57,1323.301,1764275819999,4022127.56792,2840,505.162,1535484.73373,0
1764275820000,3039.56,3040.06,3037.77,3038.36,573.236,1764275879999,1741880.02086,1959,213.011,647287.37717,0
1764275880000,3038.36,3038.36,3035.00,3035.23,1026.278,1764275939999,3116487.90489,2256,366.588,1113210.41097,0
1764275940000,3035.23,3037.93,3034.68,3037.92,676.400,1764275999999,2053734.38336,1800,463.907,1408610.64997,0
1764276000000,3037.92,3041.02,3037.66,3041.00,967.748,1764276059999,2941408.25052,2561,699.384,2125893.18647,0
1764276060000,3041.01,3041.65,3038.84,3041.26,1512.289,1764276119999,4597925.55138,3443,748.343,2275377.62476,0
1764276120000,3041.27,3042.11,3040.50,3040.98,1066.643,1764276179999,3244025.70501,2092,447.232,1360141.29441,0
1764276180000,3040.98,3040.99,3039.54,3040.32,868.937,1764276239999,2641892.28662,1610,200.278,608896.88568,0
1764276240000,3040.32,3041.61,3040.07,3040.45,754.367,1764276299999,2294053.83545,1501,357.997,1088665.06580,0
1764276300000,3040.46,3040.76,3038.73,3038.88,960.932,1764276359999,2921085.02258,1891,193.110,587087.91471,0
1764276360000,3038.88,3039.65,3038.12,3039.18,642.101,1764276419999,1951330.56983,1386,318.827,968927.33913,0
1764276420000,3039.18,3042.61,3039.17,3042.59,1310.966,1764276479999,3986726.44505,2683,737.717,2243404.60047,0
1764276480000,3042.59,3042.59,3039.24,3039.76,710.042,1764276539999,2159171.24247,2142,218.131,663211.24225,0
1764276540000,3039.76,3039.91,3038.47,3039.10,976.017,1764276599999,2966294.23069,1811,244.311,742529.63689,0
1764276600000,3039.10,3040.81,3039.10,3040.81,647.461,1764276659999,1968082.10903,1564,413.829,1257930.08230,0
1764276660000,3040.82,3042.54,3040.57,3040.57,597.321,1764276719999,1816864.54463,2012,345.567,1051136.51352,0
1764276720000,3040.57,3041.28,3040.02,3040.38,392.885,1764276779999,1194668.17751,1303,134.868,410112.36236,0
1764276780000,3040.38,3041.14,3039.12,3041.13,428.860,1764276839999,1303810.60688,1518,172.757,525211.01585,0
1764276840000,3041.14,3041.78,3041.00,3041.17,448.408,1764276899999,1363779.97930,1347,224.765,683596.56465,0
1764276900000,3041.16,3041.16,3038.80,3039.53,294.108,1764276959999,894116.99432,1201,80.288,244064.20680,0
1764276960000,3039.53,3040.10,3039.25,3039.48,341.920,1764277019999,1039288.77703,1063,170.734,518960.48613,0
1764277020000,3039.48,3040.49,3038.40,3038.41,779.491,1764277079999,2369469.25637,1711,445.226,1353441.39771,0
1764277080000,3038.40,3039.71,3036.13,3037.44,1807.351,1764277139999,5490608.75751,3333,895.959,2722164.16135,0
1764277140000,3037.43,3038.26,3037.18,3037.38,348.836,1764277199999,1059584.45207,879,151.071,458856.69466,0
1764277200000,3037.39,3037.60,3035.00,3035.01,1176.567,1764277259999,3572251.44480,2798,281.319,854107.42102,0
1764277260000,3035.00,3035.29,3033.28,3034.69,866.040,1764277319999,2627827.67756,2659,256.658,778825.60570,0
1764277320000,3034.68,3034.69,3032.40,3033.15,1247.099,1764277379999,3782483.12714,2885,329.068,998052.35710,0
1764277380000,3033.15,3033.83,3031.57,3033.30,988.677,1764277439999,2998593.98460,2447,442.752,1342838.11344,0
1764277440000,3033.31,3033.54,3032.11,3032.84,842.710,1764277499999,2555540.25036,1825,203.859,618203.63337,0
1764277500000,3032.83,3033.93,3032.04,3032.05,668.812,1764277559999,2028465.82807,1724,291.500,884197.37560,0
1764277560000,3032.05,3032.05,3028.09,3030.77,3948.218,1764277619999,11962449.62566,5507,1499.985,4544888.94419,0
1764277620000,3030.77,3033.08,3030.77,3032.93,908.370,1764277679999,2754275.10305,2186,634.927,1925108.88305,0
1764277680000,3032.92,3035.92,3032.92,3034.70,2713.494,1764277739999,8234254.04374,3703,1804.506,5475542.94306,0
1764277740000,3034.71,3037.77,3034.68,3036.56,3788.022,1764277799999,11501200.82084,4585,2484.149,7542178.08841,0
1764277800000,3036.56,3036.92,3035.81,3036.44,332.034,1764277859999,1008190.79862,1140,120.234,365077.77034,0
1764277860000,3036.44,3036.45,3034.17,3034.61,762.344,1764277919999,2313665.68132,1574,395.207,1199377.46395,0
1764277920000,3034.62,3035.19,3034.48,3035.03,334.445,1764277979999,1015015.73704,1052,179.727,545452.34151,0
1764277980000,3035.03,3036.96,3035.03,3036.40,339.632,1764278039999,1031196.23556,1183,235.556,715161.09465,0
1764278040000,3036.40,3036.83,3035.58,3036.73,689.596,1764278099999,2093850.81187,1729,501.766,1523544.83495,0
1764278100000,3036.74,3036.74,3034.38,3034.93,886.276,1764278159999,2690542.95571,1747,152.512,462983.27246,0
1764278160000,3034.93,3035.48,3034.54,3035.10,192.369,1764278219999,583841.42733,776,52.301,158734.70234,0
1764278220000,3035.11,3039.09,3035.11,3038.74,2512.326,1764278279999,7632599.59726,2947,1907.880,5795885.30442,0
1764278280000,3038.74,3040.34,3038.71,3039.26,850.176,1764278339999,2583956.26970,2081,526.625,1600584.91658,0
1764278340000,3039.27,3042.82,3039.26,3041.83,1115.487,1764278399999,3392697.96556,2647,740.743,2252853.38173,0
1764278400000,3041.83,3041.84,3040.61,3040.87,494.328,1764278459999,1503320.85938,1477,116.379,353916.99906,0
1764278460000,3040.88,3041.36,3036.27,3037.65,1367.273,1764278519999,4154406.76469,3724,419.364,1274549.82191,0
1764278520000,3037.65,3038.51,3037.21,3038.49,496.029,1764278579999,1506798.25904,1018,189.515,575682.71119,0
1764278580000,3038.49,3038.50,3037.21,3037.21,206.576,1764278639999,627553.52218,1020,62.944,191215.86042,0
1764278640000,3037.21,3037.24,3035.73,3035.85,301.030,1764278699999,914025.27605,1285,91.473,277736.34696,0
1764278700000,3035.84,3036.75,3035.00,3036.38,494.423,1764278759999,1501050.69064,1701,147.877,448944.73130,0
1764278760000,3036.39,3036.76,3036.00,3036.29,193.373,1764278819999,587135.61912,870,70.927,215352.68480,0
1764278820000,3036.29,3036.83,3035.52,3035.53,342.564,1764278879999,1040148.89572,1114,140.598,426905.92612,0
1764278880000,3035.52,3037.68,3035.44,3036.92,277.935,1764278939999,843996.82210,1410,175.962,534318.31049,0
1764278940000,3036.93,3037.47,3036.57,3037.32,310.041,1764278999999,941627.39232,895,192.795,585520.36303,0
1764279000000,3037.32,3037.92,3035.56,3035.76,1145.140,1764279059999,3477518.18083,1936,616.647,1872585.12858,0
1764279060000,3035.76,3040.05,3035.76,3036.94,2274.596,1764279119999,6912346.49909,3594,1389.331,4222148.36777,0
1764279120000,3036.94,3037.03,3034.32,3034.75,1640.334,1764279179999,4978958.87078,3381,477.710,1449884.17922,0
1764279180000,3034.75,3035.57,3033.45,3035.02,845.951,1764279239999,2567245.04310,2176,231.191,701533.96080,0
1764279240000,3035.02,3036.87,3035.02,3036.87,378.002,1764279299999,1147455.83665,1609,177.958,540181.07438,0
1764279300000,3036.86,3038.26,3036.58,3037.95,340.897,1764279359999,1035448.08286,1385,221.996,674308.34368,0
1764279360000,3037.95,3037.96,3036.52,3037.75,281.778,1764279419999,855896.00288,990,70.756,214902.85029,0
1764279420000,3037.75,3038.00,3037.22,3037.22,447.256,1764279479999,1358604.65171,1107,205.887,625412.47458,0
1764279480000,3037.23,3038.47,3037.17,3038.35,244.580,1764279539999,743075.17459,767,147.735,448834.63744,0
1764279540000,3038.35,3040.03,3037.84,3039.71,531.173,1764279599999,1614152.63614,1335,218.318,663437.82835,0
1764279600000,3039.71,3040.51,3037.65,3037.72,1102.852,1764279659999,3351933.79822,2218,380.316,1155823.84876,0
1764279660000,3037.72,3038.20,3036.90,3037.50,626.364,1764279719999,1902556.86389,2028,382.240,1161005.31272,0
1764279720000,3037.50,3038.35,3036.85,3037.91,377.378,1764279779999,1146294.56807,994,215.768,655421.40443,0
1764279780000,3037.90,3038.30,3037.08,3037.09,208.092,1764279839999,632160.93548,888,62.858,190958.06620,0
1764279840000,3037.09,3037.25,3036.50,3036.50,145.639,1764279899999,442270.28033,652,58.236,176847.63247,0
1764279900000,3036.51,3038.08,3035.41,3036.09,727.315,1764279959999,2208370.17259,2144,173.483,526863.29725,0
1764279960000,3036.10,3037.91,3036.10,3037.91,228.911,1764280019999,695205.31314,832,169.837,515804.97300,0
1764280020000,3037.91,3040.50,3037.91,3038.88,741.649,1764280079999,2254076.42601,2821,429.409,1304999.96749,0
1764280080000,3038.88,3039.64,3036.18,3036.54,456.487,1764280139999,1386961.61124,1676,154.682,469983.10527,0
1764280140000,3036.54,3036.85,3035.07,3036.03,1033.481,1764280199999,3137543.90125,2445,243.443,739043.39941,0
1764280200000,3036.03,3036.03,3032.78,3033.41,1206.833,1764280259999,3662342.21829,2432,456.243,1384495.92956,0
1764280260000,3033.42,3033.69,3032.70,3033.00,645.535,1764280319999,1958071.34554,1771,140.433,425962.08066,0
1764280320000,3033.00,3033.40,3032.76,3033.18,377.207,1764280379999,1144112.34816,904,200.507,608162.48956,0
1764280380000,3033.19,3034.44,3033.18,3034.44,451.065,1764280439999,1368452.28724,858,295.332,895983.55936,0
1764280440000,3034.43,3034.44,3033.48,3034.10,333.019,1764280499999,1010391.68795,782,75.927,230344.96734,0
1764280500000,3034.09,3034.99,3032.62,3034.78,867.752,1764280559999,2632405.57208,1942,374.717,1136731.50694,0
1764280560000,3034.78,3035.17,3030.30,3031.38,1661.682,1764280619999,5037837.15617,3291,620.047,1879517.29835,0
1764280620000,3031.37,3032.97,3030.37,3032.97,1426.620,1764280679999,4324497.80066,1813,639.256,1937879.10091,0
1764280680000,3032.96,3032.97,3032.15,3032.38,746.671,1764280739999,2264311.71062,1181,150.024,454941.29268,0
1764280740000,3032.39,3032.78,3030.25,3030.82,3205.925,1764280799999,9716911.53954,2613,1474.300,4468153.81581,0
1764280800000,3030.82,3031.37,3029.44,3030.33,1230.880,1764280859999,3730221.54090,2973,439.130,1330764.68166,0
1764280860000,3030.32,3031.55,3029.41,3030.57,1522.194,1764280919999,4612734.39128,2034,513.539,1556327.51744,0
1764280920000,3030.56,3032.43,3030.31,3031.61,1144.547,1764280979999,3470373.62185,1727,416.627,1263198.16528,0
1764280980000,3031.60,3032.39,3031.35,3032.21,245.393,1764281039999,744026.84365,812,108.932,330271.93585,0
1764281040000,3032.21,3032.22,3031.39,3031.81,260.419,1764281099999,789547.47292,895,92.230,279619.51542,0
1764281100000,3031.81,3032.82,3029.24,3030.37,814.024,1764281159999,2467076.69338,2446,227.144,688481.08851,0
1764281160000,3030.38,3030.74,3029.60,3030.04,411.322,1764281219999,1246455.56897,1489,203.877,617821.59561,0
1764281220000,3030.05,3030.60,3029.86,3030.11,394.245,1764281279999,1194646.58880,810,239.028,724294.90180,0
1764281280000,3030.10,3030.11,3026.83,3029.01,2355.264,1764281339999,7132061.24815,3831,660.390,1999712.24712,0
1764281340000,3029.01,3029.22,3028.90,3029.09,277.224,1764281399999,839707.68963,542,109.978,333120.66940,0
1764281400000,3029.10,3029.70,3028.93,3028.93,568.124,1764281459999,1721012.17061,874,277.379,840241.63440,0
1764281460000,3028.93,3029.40,3027.99,3027.99,491.370,1764281519999,1488077.40091,1050,230.532,698136.77040,0
1764281520000,3028.00,3028.89,3027.30,3028.32,1552.594,1764281579999,4701679.70489,1883,905.749,2742911.66644,0
1764281580000,3028.32,3029.46,3028.03,3028.79,1155.933,1764281639999,3501042.83245,1808,707.455,2142733.53046,0
1764281640000,3028.78,3029.84,3028.12,3029.60,1007.937,1764281699999,3053079.73172,1393,551.632,1670715.76020,0
1764281700000,3029.60,3029.95,3028.91,3029.37,361.985,1764281759999,1096653.12530,1033,208.702,632280.39358,0
1764281760000,3029.38,3030.39,3029.38,3030.39,397.862,1764281819999,1205501.04380,809,255.270,773450.64980,0
1764281820000,3030.38,3032.85,3030.38,3030.73,494.891,1764281879999,1500359.32150,1653,297.440,901688.18576,0
1764281880000,3030.73,3032.74,3030.72,3032.19,295.423,1764281939999,895722.51367,949,153.322,464842.55339,0
1764281940000,3032.20,3033.00,3031.77,3032.32,281.476,1764281999999,853653.91283,913,193.490,586819.13469,0
1764282000000,3032.32,3032.32,3030.65,3031.33,502.779,1764282059999,1524208.42964,1162,101.158,306643.91234,0
1764282060000,3031.34,3032.00,3031.33,3032.00,164.089,1764282119999,497483.78523,519,90.916,275634.02010,0
1764282120000,3032.00,3032.00,3029.32,3029.33,432.208,1764282179999,1309788.74308,1108,113.074,342614.29130,0
1764282180000,3029.32,3029.52,3025.91,3028.00,2126.456,1764282239999,6437374.41874,3388,456.661,1382373.77754,0
1764282240000,3028.01,3028.29,3027.53,3027.81,983.711,1764282299999,2978552.97720,1086,411.479,1245884.64223,0
1764282300000,3027.82,3028.81,3027.66,3028.81,736.604,1764282359999,2230585.94027,1066,452.340,1369749.26172,0
1764282360000,3028.80,3029.20,3028.04,3029.19,711.003,1764282419999,2153388.31592,1302,254.556,770969.92606,0
1764282420000,3029.19,3030.00,3029.11,3030.00,163.111,1764282479999,494147.22170,471,91.759,277998.22827,0
1764282480000,3030.00,3030.44,3029.99,3030.44,166.457,1764282539999,504389.08528,354,110.719,335493.58464,0
1764282540000,3030.44,3030.91,3030.43,3030.91,197.589,1764282599999,598810.17516,456,118.399,358822.32072,0
1764282600000,3030.91,3033.45,3030.90,3032.48,1769.739,1764282659999,5367167.96396,1724,708.137,2147401.53636,0
1764282660000,3032.48,3032.49,3029.54,3029.55,514.505,1764282719999,1559348.55369,1308,82.323,249492.23870,0
1764282720000,3029.55,3029.55,3025.55,3026.10,2869.596,1764282779999,8686314.84785,3922,645.339,1953459.26376,0
1764282780000,3026.10,3028.19,3026.10,3027.86,803.282,1764282839999,2431583.21430,1285,610.063,1846660.81856,0
1764282840000,3027.85,3027.86,3026.26,3026.72,939.037,1764282899999,2842406.30330,1414,332.204,1005464.75254,0
1764282900000,3026.72,3026.93,3026.52,3026.53,613.288,1764282959999,1856184.30015,597,156.314,473097.91408,0
1764282960000,3026.52,3026.53,3022.34,3025.33,2933.267,1764283019999,8870872.51621,3758,797.359,2411563.54541,0
1764283020000,3025.33,3025.95,3025.33,3025.33,672.800,1764283079999,2035570.56655,808,324.492,981776.47422,0
1764283080000,3025.33,3025.33,3024.00,3024.99,938.808,1764283139999,2839433.20585,1276,248.916,752853.56062,0
1764283140000,3025.00,3025.65,3024.16,3024.17,475.186,1764283199999,1437512.07430,806,313.485,948366.15130,0
1764283200000,3024.16,3024.46,3022.22,3023.64,1881.307,1764283259999,5687883.16666,2523,825.683,2496013.66067,0
1764283260000,3023.64,3023.64,3016.98,3017.63,6821.905,1764283319999,20600095.44228,7116,2130.855,6433695.49369,0
1764283320000,3017.63,3020.27,3017.63,3020.27,1572.825,1764283379999,4748357.73480,1902,1116.318,3370077.10646,0
1764283380000,3020.26,3021.00,3016.88,3016.96,1130.034,1764283439999,3412457.19599,2123,506.529,1529919.79920,0
1764283440000,3016.96,3016.96,3009.00,3011.06,11303.897,1764283499999,34038630.99281,12651,4808.583,14476654.51921,0
1764283500000,3011.05,3011.05,3002.00,3009.58,12976.148,1764283559999,39013365.49720,14123,2401.837,7220088.08723,0
1764283560000,3009.59,3014.73,3009.59,3013.36,2967.481,1764283619999,8938436.90879,4609,2077.859,6258638.44243,0
1764283620000,3013.36,3015.82,3013.07,3014.65,1767.701,1764283679999,5329194.90035,3915,980.643,2956393.67442,0
1764283680000,3014.65,3015.51,3010.00,3010.00,1666.709,1764283739999,5020791.50632,4089,800.610,2411908.95997,0
1764283740000,3010.01,3011.90,3009.00,3011.90,1087.590,1764283799999,3274607.46625,2258,765.114,2303815.65115,0
1764283800000,3011.89,3011.89,3009.41,3009.75,1222.139,1764283859999,3678985.62195,3293,688.540,2072523.35702,0
1764283860000,3009.74,3010.53,3006.04,3010.53,1568.400,1764283919999,4718484.38576,3514,1020.258,3069413.40132,0
1764283920000,3010.52,3010.74,3005.00,3005.00,1184.108,1764283979999,3562519.14722,3104,480.822,1446744.40633,0
1764283980000,3005.00,3007.67,3002.86,3007.16,3240.386,1764284039999,9736559.60056,5774,1337.099,4018106.72597,0
1764284040000,3007.16,3008.87,3005.00,3005.25,683.594,1764284099999,2055757.98768,2320,311.875,937898.27139,0
1764284100000,3005.24,3007.36,3005.19,3007.31,1050.416,1764284159999,3158069.00463,3227,728.021,2188856.54385,0
1764284160000,3007.30,3009.65,3006.31,3008.11,1428.755,1764284219999,4297815.12461,2965,755.015,2271312.03441,0
1764284220000,3008.12,3008.74,3008.11,3008.68,447.671,1764284279999,1346760.45061,1016,296.929,893262.69150,0
1764284280000,3008.69,3011.09,3007.75,3010.80,1822.736,1764284339999,5486438.84496,2855,1491.817,4490562.78187,0
1764284340000,3010.79,3011.69,3008.30,3009.41,1209.165,1764284399999,3639826.69335,4036,618.346,1861287.79026,0
1764284400000,3009.41,3013.33,3008.68,3012.80,2101.355,1764284459999,6325524.62519,4132,1234.627,3716510.48071,0
1764284460000,3012.80,3014.35,3012.21,3013.87,1311.036,1764284519999,3950318.61834,3374,761.301,2293883.87199,0
1764284520000,3013.87,3014.86,3013.86,3014.86,1504.695,1764284579999,4535704.68924,2330,1061.943,3201060.42245,0
1764284580000,3014.86,3016.02,3014.07,3014.81,2953.064,1764284639999,8903780.99355,5140,1054.806,3180437.22591,0
1764284640000,3014.81,3016.59,3014.34,3015.01,798.756,1764284699999,2408819.77505,2681,549.055,1655805.87933,0
1764284700000,3015.01,3017.00,3015.01,3016.00,1190.460,1764284759999,3590555.85805,2386,719.065,2168752.56446,0
1764284760000,3016.00,3016.00,3011.29,3011.33,1337.016,1764284819999,4029736.85835,3433,437.800,1319605.79084,0
1764284820000,3011.34,3013.93,3010.90,3013.43,896.167,1764284879999,2699488.25130,2657,621.070,1870822.70021,0
1764284880000,3013.42,3014.50,3012.44,3013.29,920.334,1764284939999,2773465.70203,2138,448.844,1352674.03775,0
1764284940000,3013.29,3015.55,3013.28,3014.17,475.368,1764284999999,1433133.45199,1941,276.294,832961.97172,0
1764285000000,3014.16,3014.78,3013.26,3013.81,825.228,1764285059999,2487170.60081,2665,305.303,920116.05497,0
1764285060000,3013.81,3014.73,3012.18,3013.19,501.850,1764285119999,1512114.26227,1944,274.664,827585.23683,0
1764285120000,3013.19,3016.20,3012.20,3015.89,828.194,1764285179999,2496463.29867,2576,639.644,1928166.24858,0
1764285180000,3015.88,3018.36,3015.42,3017.36,2698.911,1764285239999,8143575.59152,5032,1744.843,5264946.30566,0
1764285240000,3017.37,3018.66,3017.36,3018.44,1316.333,1764285299999,3972816.54158,1789,502.338,1516084.18149,0
1764285300000,3018.45,3022.44,3018.44,3020.81,1825.486,1764285359999,5513771.33167,4399,1156.105,3491878.16791,0
1764285360000,3020.80,3021.45,3018.62,3019.47,1477.411,1764285419999,4461419.13257,3163,480.192,1450244.36642,0
1764285420000,3019.46,3020.18,3017.55,3018.24,1309.396,1764285479999,3953190.90348,2316,662.372,1999685.46905,0
1764285480000,3018.25,3019.00,3018.24,3018.31,469.487,1764285539999,1417263.10256,979,163.699,494155.03891,0
1764285540000,3018.32,3018.32,3015.51,3016.42,656.220,1764285599999,1979455.12263,1815,176.907,533583.94069,0
1764285600000,3016.43,3016.98,3015.96,3016.57,350.363,1764285659999,1056893.75814,1206,129.982,392076.89162,0
1764285660000,3016.57,3017.11,3015.04,3015.35,646.685,1764285719999,1950461.04517,1871,220.822,666044.34180,0
1764285720000,3015.35,3015.53,3012.41,3013.84,1467.975,1764285779999,4424223.98746,3430,578.547,1743495.98061,0
1764285780000,3013.83,3014.33,3013.20,3013.21,398.767,1764285839999,1201832.35108,1249,234.723,707427.51604,0
1764285840000,3013.21,3013.45,3011.53,3012.53,2644.639,1764285899999,7967350.39927,3291,1446.554,4357973.59653,0
1764285900000,3012.53,3012.54,3010.00,3010.01,1775.417,1764285959999,5345222.31191,2514,577.118,1737412.30503,0
1764285960000,3010.01,3012.43,3010.00,3011.41,944.785,1764286019999,2845302.66047,2141,653.847,1969083.04687,0
1764286020000,3011.40,3012.00,3010.99,3012.00,423.808,1764286079999,1276274.24772,1332,141.572,426334.90526,0
1764286080000,3012.00,3012.82,3011.48,3012.23,678.188,1764286139999,2042873.72661,1673,295.700,890680.94151,0
1764286140000,3012.23,3012.29,3011.11,3011.22,1070.999,1764286199999,3225231.45857,1157,656.426,1976698.45549,0
1764286200000,3011.22,3012.99,3010.42,3011.58,1858.188,1764286259999,5596176.28444,2830,1132.035,3409384.80676,0
1764286260000,3011.58,3012.44,3010.17,3010.18,1309.558,1764286319999,3944107.41919,2403,828.552,2495367.24802,0
1764286320000,3010.18,3010.18,3008.92,3009.01,716.046,1764286379999,2154965.83227,2143,302.868,911516.16297,0
1764286380000,3009.02,3010.00,3006.00,3007.21,1934.571,1764286439999,5818646.61517,4294,443.770,1334698.12851,0
1764286440000,3007.20,3009.78,3007.20,3007.72,1548.156,1764286499999,4657103.83913,2166,1231.211,3703556.93066,0
1764286500000,3007.72,3010.99,3007.72,3009.92,1722.712,1764286559999,5184345.69226,3083,1220.008,3671687.63030,0
1764286560000,3009.93,3012.00,3009.92,3010.11,661.332,1764286619999,1991064.10789,1949,336.087,1011845.32274,0
1764286620000,3010.11,3011.99,3010.00,3011.76,577.670,1764286679999,1739342.76425,1844,366.472,1103377.97323,0
1764286680000,3011.75,3011.87,3010.02,3011.86,629.731,1764286739999,1896134.51112,1488,119.786,360700.07171,0
1764286740000,3011.86,3013.35,3011.65,3013.35,899.559,1764286799999,2710052.00178,1773,676.363,2037683.68702,0
1764286800000,3013.35,3013.99,3013.34,3013.50,486.214,1764286859999,1465254.67644,1228,351.957,1060653.44255,0
1764286860000,3013.49,3015.08,3013.18,3014.91,1071.619,1764286919999,3230289.37671,1781,624.246,1881810.84273,0
1764286920000,3014.91,3014.91,3013.40,3014.07,625.859,1764286979999,1886200.84517,1431,301.898,909826.04774,0
1764286980000,3014.07,3016.04,3014.07,3016.03,648.487,1764287039999,1955304.10235,1649,320.216,965473.22114,0
1764287040000,3016.04,3016.76,3015.34,3015.35,695.930,1764287099999,2098861.06408,1526,346.096,1043796.08829,0
1764287100000,3015.34,3016.46,3014.28,3014.28,584.372,1764287159999,1762090.83609,1534,198.529,598655.40872,0
1764287160000,3014.28,3014.98,3013.56,3014.30,430.420,1764287219999,1297438.58080,1423,188.959,569605.38072,0
1764287220000,3014.30,3014.33,3012.97,3013.19,769.391,1764287279999,2318638.62287,1865,346.660,1044701.04578,0
1764287280000,3013.19,3014.53,3013.00,3013.25,888.908,1764287339999,2679067.64284,1467,441.350,1330144.53399,0
1764287340000,3013.26,3014.88,3013.26,3014.58,292.573,1764287399999,881884.58496,1392,205.571,619653.12864,0
1764287400000,3014.57,3015.00,3013.95,3014.43,794.662,1764287459999,2395593.15351,1431,556.207,1676777.30860,0
1764287460000,3014.44,3014.84,3014.29,3014.76,302.066,1764287519999,910571.51736,951,129.855,391444.30882,0
1764287520000,3014.75,3015.92,3014.18,3015.66,443.125,1764287579999,1336082.67836,1273,164.158,494939.61722,0
1764287580000,3015.66,3016.78,3015.34,3016.78,469.235,1764287639999,1415251.19945,1026,390.719,1178440.61498,0
1764287640000,3016.77,3016.96,3014.64,3014.91,503.284,1764287699999,1517954.41066,1350,346.902,1046366.48869,0
1764287700000,3014.90,3014.91,3013.60,3014.72,314.732,1764287759999,948638.69878,905,191.029,575758.51310,0
1764287760000,3014.72,3015.35,3013.00,3013.25,788.161,1764287819999,2375509.27921,2053,206.892,623647.94302,0
1764287820000,3013.25,3013.39,3012.03,3012.92,845.566,1764287879999,2547455.48384,1683,347.256,1046244.15144,0
1764287880000,3012.91,3013.60,3012.91,3013.60,297.829,1764287939999,897417.81810,485,71.880,216589.15201,0
1764287940000,3013.60,3014.43,3013.59,3013.80,968.362,1764287999999,2918587.04127,1424,592.682,1786296.52031,0
