open_time,open,high,low,close,volume,close_time,quote_volume,count,taker_buy_volume,taker_buy_quote_volume,ignore
1764288000000,3013.81,3014.87,3013.41,3013.90,830.888,1764288059999,2504237.24535,2253,418.731,1261993.48272,0
1764288060000,3013.90,3014.13,3011.93,3011.93,1087.196,1764288119999,3275327.36691,2418,504.132,1518713.02668,0
1764288120000,3011.94,3014.26,3010.05,3010.40,3305.214,1764288179999,9953932.49988,4025,853.064,2569191.04350,0
1764288180000,3010.40,3011.92,3010.40,3011.40,1363.907,1764288239999,4107121.80752,2224,679.630,2046512.76023,0
1764288240000,3011.40,3012.17,3011.21,3011.95,589.501,1764288299999,1775426.01540,1284,268.212,807800.50401,0
1764288300000,3011.96,3012.16,3011.03,3011.42,574.298,1764288359999,1729479.31613,1402,282.845,851775.51187,0
1764288360000,3011.42,3015.23,3011.42,3015.23,1221.496,1764288419999,3679836.87888,2361,712.378,2146307.91352,0
1764288420000,3015.23,3015.77,3013.65,3015.30,958.739,1764288479999,2890161.40602,2394,665.540,2006242.34878,0
1764288480000,3015.29,3016.92,3013.00,3013.00,1015.901,1764288539999,3063352.35235,2347,403.068,1215810.01129,0
1764288540000,3013.00,3014.56,3012.36,3014.45,1668.308,1764288599999,5027847.87969,3097,1382.223,4165559.90483,0
1764288600000,3014.45,3014.45,3013.00,3014.13,709.945,1764288659999,2139466.62086,1532,363.587,1095622.60236,0
1764288660000,3014.13,3014.70,3012.37,3013.15,609.017,1764288719999,1835327.79360,1744,287.801,867417.84721,0
1764288720000,3013.14,3013.98,3013.14,3013.17,518.071,1764288779999,1561186.45441,1048,273.025,822720.04029,0
1764288780000,3013.17,3013.44,3012.54,3013.43,215.559,1764288839999,649443.49094,792,125.003,376616.89292,0
1764288840000,3013.43,3013.44,3011.79,3012.24,593.321,1764288899999,1787227.79220,1256,134.839,406121.30067,0
1764288900000,3012.25,3013.35,3010.19,3011.46,1273.721,1764288959999,3835675.78214,3317,561.653,1691163.14617,0
1764288960000,3011.46,3012.15,3008.64,3008.64,1673.067,1764289019999,5036703.12222,3175,626.793,1887280.81721,0
1764289020000,3008.64,3010.33,3008.14,3009.03,1911.572,1764289079999,5752179.89175,2854,913.060,2747407.14710,0
1764289080000,3009.03,3009.46,3008.23,3008.32,694.703,1764289139999,2090269.13050,1384,234.677,706138.31270,0
1764289140000,3008.32,3010.00,3007.81,3009.99,968.713,1764289199999,2914457.11521,2033,467.966,1408036.50857,0
1764289200000,3009.99,3012.85,3009.99,3012.84,626.294,1764289259999,1886194.46708,2155,391.533,1179157.41469,0
1764289260000,3012.84,3015.75,3012.84,3013.36,1254.807,1764289319999,3782651.85627,2916,695.810,2097670.18786,0
1764289320000,3013.36,3014.12,3011.35,3011.92,462.160,1764289379999,1392321.31272,1558,186.303,561271.34397,0
1764289380000,3011.91,3012.39,3010.94,3011.74,307.920,1764289439999,927373.65297,1207,102.760,309483.88552,0
1764289440000,3011.75,3012.81,3011.74,3012.61,493.833,1764289499999,1487576.86963,1238,288.957,870419.22381,0
1764289500000,3012.61,3014.77,3012.60,3014.73,647.657,1764289559999,1952055.96755,1836,440.264,1326952.92851,0
1764289560000,3014.73,3017.00,3014.28,3015.83,2027.944,1764289619999,6115906.59120,4112,1331.639,4015984.47733,0
1764289620000,3015.82,3015.88,3013.47,3013.94,394.213,1764289679999,1188528.50631,1533,207.817,626528.70175,0
1764289680000,3013.94,3014.64,3012.61,3014.64,717.428,1764289739999,2162048.96528,1753,481.005,1449589.07845,0
1764289740000,3014.64,3015.30,3014.64,3014.81,498.613,1764289799999,1503318.26986,1281,281.199,847814.29162,0
1764289800000,3014.80,3015.64,3014.30,3015.24,942.127,1764289859999,2840575.37585,1552,515.031,1552818.51137,0
1764289860000,3015.24,3016.52,3014.77,3015.36,653.443,1764289919999,1970537.38588,1799,425.057,1281799.37196,0
1764289920000,3015.36,3016.23,3015.36,3015.83,493.321,1764289979999,1487719.86500,1546,311.057,938044.26084,0
1764289980000,3015.82,3018.35,3015.11,3018.35,1764.293,1764290039999,5323800.11418,2470,1629.143,4916039.08760,0
1764290040000,3018.35,3021.63,3017.55,3020.60,2073.368,1764290099999,6259880.55121,3767,1570.485,4741820.50138,0
1764290100000,3020.60,3022.58,3020.21,3022.00,1503.843,1764290159999,4543504.96006,3952,941.591,2844911.27087,0
1764290160000,3021.99,3023.16,3019.31,3019.50,1468.828,1764290219999,4437897.83119,3327,763.560,2307194.42908,0
1764290220000,3019.49,3019.88,3018.20,3018.71,633.089,1764290279999,1911246.09223,1979,312.632,943791.10234,0
1764290280000,3018.71,3018.71,3015.00,3015.60,1611.792,1764290339999,4861301.60728,3653,444.543,1340741.26944,0
1764290340000,3015.61,3016.41,3014.59,3016.34,1250.272,1764290399999,3769788.74392,2658,529.617,1596892.22305,0
1764290400000,3016.34,3016.41,3012.21,3012.45,2687.704,1764290459999,8101176.30681,3887,727.156,2191572.78750,0
1764290460000,3012.45,3012.47,3011.88,3012.25,558.795,1764290519999,1683162.59775,1303,383.683,1155705.17945,0
1764290520000,3012.25,3013.00,3012.00,3012.01,1090.131,1764290579999,3283983.17971,1266,534.692,1610840.07449,0
1764290580000,3012.02,3012.74,3011.50,3011.74,708.883,1764290639999,2135161.48727,1282,236.223,711512.61412,0
1764290640000,3011.74,3012.41,3011.54,3012.35,463.695,1764290699999,1396637.34637,1285,390.032,1174770.27510,0
1764290700000,3012.35,3012.35,3010.30,3010.47,1027.499,1764290759999,3093788.26687,1806,211.310,636250.13124,0
1764290760000,3010.47,3012.70,3010.30,3011.96,719.585,1764290819999,2167010.50931,2114,490.606,1477407.63787,0
1764290820000,3011.96,3013.67,3011.95,3013.19,644.905,1764290879999,1942831.89167,1687,523.654,1577575.45079,0
1764290880000,3013.19,3013.19,3012.37,3012.37,487.092,1764290939999,1467486.23996,1216,316.235,952748.32026,0
1764290940000,3012.38,3012.48,3009.32,3009.42,908.471,1764290999999,2734777.65458,2198,300.775,905407.44625,0
1764291000000,3009.43,3011.47,3008.00,3011.46,1661.633,1764291059999,5001089.62380,3013,933.790,2810990.21414,0
1764291060000,3011.47,3011.70,3009.68,3009.93,516.683,1764291119999,1555610.92733,1409,197.105,593459.19278,0
1764291120000,3009.96,3011.46,3009.89,3010.41,671.068,1764291179999,2020501.85003,1914,485.512,1461825.07188,0
1764291180000,3010.42,3011.90,3010.42,3011.59,293.637,1764291239999,884265.97799,928,224.121,674918.28259,0
1764291240000,3011.60,3011.60,3010.02,3010.23,344.059,1764291299999,1035792.42806,990,108.109,325460.66234,0
1764291300000,3010.22,3011.52,3010.12,3011.30,308.129,1764291359999,927679.04496,1230,236.287,711394.94579,0
1764291360000,3011.29,3012.66,3011.29,3012.37,403.571,1764291419999,1215616.67512,933,342.562,1031851.89957,0
1764291420000,3012.36,3013.48,3011.97,3013.02,1254.548,1764291479999,3779676.27571,1930,986.409,2971833.57950,0
1764291480000,3013.03,3013.56,3012.44,3012.54,489.367,1764291539999,1474393.91902,1034,350.050,1054649.51222,0
1764291540000,3012.55,3013.65,3012.54,3013.51,285.482,1764291599999,860237.57921,781,255.081,768629.02653,0
1764291600000,3013.51,3013.51,3012.06,3013.00,528.749,1764291659999,1592907.52586,1161,287.426,865858.53906,0
1764291660000,3012.99,3014.89,3012.99,3013.37,519.609,1764291719999,1566051.97467,1666,304.816,918657.01788,0
1764291720000,3013.37,3013.42,3010.27,3010.75,597.604,1764291779999,1799796.45464,1834,201.744,607497.82451,0
1764291780000,3010.75,3012.50,3010.19,3010.64,781.359,1764291839999,2352542.09890,1722,242.554,730309.09353,0
1764291840000,3010.64,3011.66,3009.45,3009.77,1990.925,1764291899999,5992839.37745,1731,298.389,898162.95647,0
1764291900000,3009.77,3012.00,3009.77,3011.98,869.472,1764291959999,2618093.95437,2195,305.656,920304.72987,0
1764291960000,3011.99,3014.85,3011.99,3014.20,563.336,1764292019999,1697869.18300,2760,319.383,962584.36085,0
1764292020000,3014.21,3015.40,3014.00,3014.69,975.172,1764292079999,2939976.20001,1858,776.299,2340413.62584,0
1764292080000,3014.70,3014.70,3010.51,3010.60,842.535,1764292139999,2538990.50451,2663,308.485,929610.38608,0
1764292140000,3010.60,3011.07,3010.02,3010.20,630.279,1764292199999,1897398.54465,1802,315.136,948678.87866,0
1764292200000,3010.20,3010.26,2996.77,3001.20,25429.923,1764292259999,76336632.65279,18331,6330.579,19003197.14492,0
1764292260000,3001.20,3001.47,2995.55,2998.92,8373.605,1764292319999,25104509.51786,11214,3250.545,9746917.88399,0
1764292320000,2998.92,2999.41,2996.85,2996.99,2798.321,1764292379999,8391140.71087,4111,1385.447,4154561.36514,0
1764292380000,2997.00,2999.41,2996.94,2998.72,5167.456,1764292439999,15491648.09319,4002,4208.849,12617418.66409,0
1764292440000,2998.73,2999.04,2993.60,2997.66,7908.117,1764292499999,23693708.22531,8718,3792.009,11363219.18954,0
1764292500000,2997.65,3000.42,2996.04,2998.82,4322.647,1764292559999,12959286.15578,5625,3137.640,9406607.60062,0
1764292560000,2998.82,3002.81,2997.84,2998.34,3715.902,1764292619999,11148343.29176,5417,2405.578,7217872.14647,0
1764292620000,2998.34,3000.23,2997.25,2997.25,1974.660,1764292679999,5921750.85327,3288,1439.219,4316104.70447,0
1764292680000,2997.25,2997.25,2993.10,2994.15,4417.955,1764292739999,13230420.95678,7507,1277.404,3825625.32536,0
1764292740000,2994.16,2995.00,2993.37,2994.76,2719.598,1764292799999,8143125.69668,5442,975.437,2920747.89233,0
1764292800000,2994.76,2998.00,2994.76,2998.00,1554.142,1764292859999,4656906.11349,3584,826.685,2477135.20364,0
1764292860000,2998.00,3000.10,2997.99,2998.94,2124.797,1764292919999,6373008.23116,3459,823.523,2469931.83265,0
1764292920000,2998.94,3001.00,2998.19,2998.20,1666.019,1764292979999,4997351.30339,3587,821.772,2465105.58792,0
1764292980000,2998.20,2999.66,2997.29,2999.66,857.054,1764293039999,2569933.48482,2290,489.901,1468971.39456,0
1764293040000,2999.66,3002.89,2999.20,3002.18,1148.111,1764293099999,3445397.24978,2974,779.041,2337801.37692,0
1764293100000,3002.17,3003.36,3000.19,3002.96,1977.753,1764293159999,5936920.46190,3957,696.758,2091557.10644,0
1764293160000,3002.97,3003.10,3001.71,3002.55,1421.612,1764293219999,4268381.71366,2422,412.028,1237104.61271,0
1764293220000,3002.56,3003.20,3000.01,3000.01,857.280,1764293279999,2573273.18765,2088,342.813,1029036.00122,0
1764293280000,3000.02,3000.91,2999.82,3000.49,513.963,1764293339999,1542035.33334,1685,380.295,1140988.43994,0
1764293340000,3000.48,3000.49,3000.14,3000.17,147.250,1764293399999,441779.80267,571,50.397,151200.08949,0
1764293400000,3000.17,3002.45,2998.79,3002.20,1334.426,1764293459999,4004494.55857,2982,880.317,2642149.38184,0
1764293460000,3002.21,3002.38,2997.13,2997.35,1410.517,1764293519999,4231993.12273,3211,699.755,2099994.07831,0
1764293520000,2997.34,2997.43,2994.49,2997.40,1511.513,1764293579999,4528092.58263,3717,649.577,1946091.34560,0
1764293580000,2997.41,3001.31,2997.31,3000.75,1352.824,1764293639999,4057899.23332,3539,914.247,2742360.77533,0
1764293640000,3000.74,3003.36,3000.44,3003.35,1242.813,1764293699999,3730973.97820,2878,893.006,2680756.94289,0
1764293700000,3003.35,3006.60,3003.34,3006.03,1863.006,1764293759999,5598380.27043,4131,1381.153,4150360.97889,0
1764293760000,3006.04,3006.79,3004.67,3004.94,1534.992,1764293819999,4613792.60380,3325,702.355,2111168.82286,0
1764293820000,3004.94,3005.80,3004.39,3005.19,858.354,1764293879999,2579416.73748,2266,558.333,1677810.02213,0
1764293880000,3005.19,3006.45,3005.18,3005.64,1124.555,1764293939999,3380385.02072,2204,472.489,1420235.16644,0
1764293940000,3005.63,3006.20,3004.80,3005.31,1129.987,1764293999999,3396090.53915,2285,681.698,2048735.16503,0
1764294000000,3005.31,3006.15,3003.80,3006.04,664.228,1764294059999,1995953.93179,1966,367.047,1102972.49007,0
1764294060000,3006.05,3007.00,3006.02,3006.39,852.317,1764294119999,2562557.27363,1801,500.895,1506001.74993,0
1764294120000,3006.40,3006.40,3005.20,3006.03,658.715,1764294179999,1980116.82246,1169,313.549,942541.76069,0
1764294180000,3006.02,3007.68,3002.68,3003.38,5025.836,1764294239999,15105487.12397,5781,1523.305,4577535.82913,0
1764294240000,3003.37,3003.37,2999.42,3002.50,3533.873,1764294299999,10604967.19941,4606,1852.015,5557411.44997,0
1764294300000,3002.49,3003.27,3001.75,3002.69,687.458,1764294359999,2064156.68299,2160,276.794,831134.62544,0
1764294360000,3002.70,3002.70,2997.30,2998.71,3182.080,1764294419999,9542933.42040,5450,591.243,1773076.57933,0
1764294420000,2998.71,3000.18,2997.75,2998.12,1024.295,1764294479999,3071559.27909,2867,287.660,862652.92940,0
1764294480000,2998.12,2998.92,2997.92,2998.01,610.136,1764294539999,1829363.22536,1452,311.499,933968.14415,0
1764294540000,2998.01,2998.64,2997.40,2997.75,561.946,1764294599999,1684740.46080,1552,337.669,1012360.74577,0
1764294600000,2997.75,2999.00,2997.50,2997.51,965.624,1764294659999,2895321.53938,1744,398.904,1196015.12018,0
1764294660000,2997.51,2998.66,2997.30,2997.54,809.887,1764294719999,2427951.54450,1467,437.867,1312669.30842,0
1764294720000,2997.54,2998.66,2994.12,2994.86,1889.800,1764294779999,5661775.70808,4454,844.339,2529826.94975,0
1764294780000,2994.86,2996.52,2993.72,2995.98,2305.570,1764294839999,6905608.11003,4411,1496.081,4481254.61002,0
1764294840000,2995.97,2997.04,2992.10,2994.40,6018.330,1764294899999,18021739.78095,7962,3468.874,10388922.61376,0
1764294900000,2994.40,2997.67,2994.39,2996.15,1537.576,1764294959999,4605615.07315,2936,965.549,2892116.10485,0
1764294960000,2996.16,2996.61,2994.75,2996.14,1372.490,1764295019999,4111451.37557,3029,769.511,2305129.88091,0
1764295020000,2996.13,2998.00,2996.13,2997.23,1255.260,1764295079999,3762063.97654,2962,870.058,2607546.19230,0
1764295080000,2997.23,2998.60,2996.83,2997.63,2034.541,1764295139999,6098314.91975,2987,513.990,1540770.25921,0
1764295140000,2997.63,2998.75,2996.76,2996.78,1125.080,1764295199999,3372758.63664,2004,529.431,1587088.74753,0
1764295200000,2996.78,2999.15,2996.78,2997.73,1252.430,1764295259999,3754769.64997,3035,759.186,2275945.68836,0
1764295260000,2997.73,2999.93,2996.82,2999.52,1761.765,1764295319999,5282977.74188,3911,773.247,2318886.52677,0
1764295320000,2999.52,3000.88,2998.51,2999.54,1355.401,1764295379999,4065659.81560,2879,954.133,2862112.12700,0
1764295380000,2999.54,3000.15,2998.94,2999.30,663.530,1764295439999,1990159.42865,1500,352.978,1058696.73228,0
1764295440000,2999.31,2999.74,2996.00,2996.00,832.391,1764295499999,2495578.19770,2516,349.827,1048800.51844,0
1764295500000,2996.00,3000.40,2996.00,2998.69,1902.063,1764295559999,5703496.58816,4195,773.514,2319429.59330,0
1764295560000,2998.69,2999.47,2995.25,2999.19,1586.981,1764295619999,4756410.34933,4580,686.517,2057606.04730,0
1764295620000,2999.20,2999.86,2994.45,2995.22,1721.496,1764295679999,5158615.47990,4641,777.485,2329457.20734,0
1764295680000,2995.22,2997.25,2994.48,2996.36,1763.646,1764295739999,5283372.71514,3241,1035.302,3101410.06410,0
1764295740000,2996.36,2998.85,2996.36,2998.68,1243.895,1764295799999,3728875.52985,2951,646.748,1938693.28248,0
1764295800000,2998.68,3000.00,2998.10,2998.64,814.255,1764295859999,2441925.53096,2489,441.937,1325348.06759,0
1764295860000,2998.64,2998.90,2995.20,2997.02,3110.337,1764295919999,9322177.27646,5019,2009.141,6021620.91259,0
1764295920000,2997.02,2999.99,2996.39,2996.64,1615.417,1764295979999,4842830.95829,3898,773.367,2318377.95878,0
1764295980000,2996.65,2999.85,2996.23,2998.54,1243.038,1764296039999,3726803.07350,3207,615.833,1846380.15209,0
1764296040000,2998.54,3002.58,2998.53,3002.11,1452.595,1764296099999,4358832.58562,3216,1038.892,3117618.16286,0
1764296100000,3002.10,3007.06,3000.84,3005.24,7147.864,1764296159999,21477833.06779,8916,4658.468,13997732.52476,0
1764296160000,3005.24,3006.94,3004.40,3004.43,1679.737,1764296219999,5047922.33195,4453,844.602,2538218.94775,0
1764296220000,3004.43,3004.99,3001.18,3001.18,1484.870,1764296279999,4459161.11264,3310,546.108,1640028.12225,0
1764296280000,3001.18,3001.18,2995.26,2996.93,1542.031,1764296339999,4622685.76158,5172,672.072,2014590.54532,0
1764296340000,2996.94,2999.38,2996.15,2998.89,4241.269,1764296399999,12714832.76868,6545,2224.510,6668716.05639,0
1764296400000,2998.89,3000.00,2998.87,2999.05,1539.085,1764296459999,4616546.17497,2735,816.285,2448552.67307,0
1764296460000,2999.05,3000.99,2998.53,3000.06,1502.750,1764296519999,4508108.86747,3237,918.687,2755937.33599,0
1764296520000,3000.06,3000.23,2998.70,2999.79,746.216,1764296579999,2238328.96757,2235,251.293,753759.96475,0
1764296580000,2999.80,3000.87,2999.78,3000.24,459.689,1764296639999,1379198.50750,1777,226.070,678254.51580,0
1764296640000,3000.24,3003.49,3000.24,3002.75,1135.552,1764296699999,3409124.92083,2446,523.254,1570745.71628,0
1764296700000,3002.76,3003.72,3002.30,3002.98,1892.349,1764296759999,5682646.28278,3123,942.707,2830830.03157,0
1764296760000,3002.97,3002.98,3000.58,3001.60,563.669,1764296819999,1691968.92955,1989,168.016,504345.06090,0
1764296820000,3001.60,3001.60,2996.86,2996.86,1101.031,1764296879999,3302430.78822,3028,181.080,543185.79281,0
1764296880000,2996.86,3000.50,2996.86,2999.86,1531.053,1764296939999,4591420.93606,3014,1111.801,3334234.12710,0
1764296940000,2999.86,2999.87,2997.23,2997.24,1405.604,1764296999999,4214617.53438,2339,482.603,1447126.68158,0
1764297000000,2997.23,2999.27,2997.23,2998.48,931.278,1764297059999,2792531.11203,2043,485.033,1454398.30230,0
1764297060000,2998.48,3002.25,2997.78,3000.73,1635.660,1764297119999,4906473.05795,3852,1050.417,3151242.60256,0
1764297120000,3000.72,3002.78,2999.14,2999.15,1668.813,1764297179999,5008605.36141,3637,1162.624,3489593.98571,0
1764297180000,2999.14,3000.94,2997.90,2997.90,772.801,1764297239999,2318136.80539,2817,289.155,867449.39762,0
1764297240000,2997.90,3002.78,2997.90,3001.24,2037.592,1764297299999,6114496.97489,3720,1536.205,4609954.89623,0
1764297300000,3001.23,3004.43,3001.23,3002.50,3894.729,1764297359999,11695733.26750,5014,1902.526,5713122.38509,0
1764297360000,3002.50,3003.13,3001.30,3001.48,1363.214,1764297419999,4092784.76165,2818,372.269,1117616.70833,0
1764297420000,3001.47,3003.13,3001.30,3002.48,790.615,1764297479999,2373448.70603,1729,598.751,1797442.05979,0
1764297480000,3002.48,3002.82,3001.36,3002.50,603.930,1764297539999,1813005.35284,1597,193.901,582106.26516,0
1764297540000,3002.51,3003.77,3002.38,3003.07,907.105,1764297599999,2724065.92156,1815,538.762,1617890.50502,0
1764297600000,3003.07,3003.98,3002.19,3002.81,1088.476,1764297659999,3268626.47058,2909,530.996,1594511.56040,0
1764297660000,3002.81,3002.99,3001.79,3001.79,375.552,1764297719999,1127464.87038,1370,132.652,398231.07129,0
1764297720000,3001.78,3002.98,3000.34,3001.82,1027.987,1764297779999,3085860.89119,2748,270.492,811916.35390,0
1764297780000,3001.83,3004.17,3001.83,3002.43,1626.814,1764297839999,4884725.99876,2087,1361.166,4086863.84701,0
1764297840000,3002.44,3003.22,3001.90,3002.87,904.518,1764297899999,2715609.82220,1493,621.887,1867096.85653,0
1764297900000,3002.88,3003.86,3002.18,3003.85,1301.677,1764297959999,3908967.75139,2163,817.236,2454141.05589,0
1764297960000,3003.85,3005.79,3002.78,3003.99,2762.935,1764298019999,8300135.99201,2921,2161.364,6493113.18810,0
1764298020000,3004.00,3005.67,3003.99,3005.12,1117.693,1764298079999,3358693.31435,3009,814.346,2447113.96116,0
1764298080000,3005.11,3005.95,3004.50,3004.75,677.074,1764298139999,2034803.72070,2003,334.147,1004235.10020,0
1764298140000,3004.74,3005.10,3004.53,3005.09,361.816,1764298199999,1087163.09868,1022,149.948,450552.36497,0
1764298200000,3005.09,3005.09,3003.05,3003.74,497.338,1764298259999,1494087.85865,1505,198.296,595703.09044,0
1764298260000,3003.74,3005.10,3003.74,3004.86,407.299,1764298319999,1223700.83361,1583,289.142,868714.29849,0
1764298320000,3004.86,3005.39,3003.00,3003.95,288.799,1764298379999,867580.10874,1781,166.614,500537.88990,0
1764298380000,3003.95,3005.88,3003.19,3005.87,502.213,1764298439999,1509030.12136,1519,323.413,971811.81701,0
1764298440000,3005.88,3009.63,3005.16,3007.87,3813.140,1764298499999,11469479.80818,5541,2872.156,8639350.76803,0
1764298500000,3007.86,3013.88,3007.86,3013.18,6702.089,1764298559999,20182655.78070,8492,5096.733,15348054.54844,0
1764298560000,3013.17,3014.00,3011.68,3011.96,2442.610,1764298619999,7359778.31616,3813,1037.947,3127295.95349,0
1764298620000,3011.96,3012.00,3010.25,3011.75,3776.200,1764298679999,11370343.70653,3372,2625.004,7903848.61302,0
1764298680000,3011.76,3011.99,3009.38,3010.69,1296.444,1764298739999,3902712.28246,3020,566.880,1706492.05134,0
1764298740000,3010.70,3011.49,3010.35,3010.80,1213.003,1764298799999,3652196.71396,2357,714.665,2151826.85269,0
1764298800000,3010.81,3011.49,3009.25,3010.43,1495.510,1764298859999,4502172.41946,3646,647.118,1948180.16172,0
1764298860000,3010.44,3010.50,3008.17,3008.72,938.269,1764298919999,2823586.79338,2313,311.765,938253.04956,0
1764298920000,3008.72,3009.44,3007.63,3009.16,1908.941,1764298979999,5742948.40305,2567,862.055,2593506.66913,0
1764298980000,3009.15,3009.65,3008.54,3008.91,723.646,1764299039999,2177561.42218,1541,492.692,1482581.50205,0
1764299040000,3008.92,3009.85,3007.77,3007.77,818.170,1764299099999,2462086.22769,1734,264.784,796808.92890,0
1764299100000,3007.78,3007.92,3006.41,3006.99,1424.239,1764299159999,4282850.36905,2223,742.635,2233094.57821,0
1764299160000,3006.98,3008.90,3006.98,3008.52,2132.378,1764299219999,6414075.31390,1440,1966.765,5915900.25354,0
1764299220000,3008.53,3011.88,3008.52,3010.86,1868.303,1764299279999,5625321.81731,2834,1319.762,3973405.47744,0
1764299280000,3010.85,3010.96,3010.20,3010.45,954.472,1764299339999,2873633.88827,1846,323.400,973649.43631,0
1764299340000,3010.45,3010.67,3009.17,3010.48,830.226,1764299399999,2499110.88624,2095,246.107,740774.49096,0
1764299400000,3010.49,3013.80,3010.49,3012.97,2042.636,1764299459999,6154305.36783,2963,1036.171,3121580.89443,0
1764299460000,3013.00,3013.38,3011.11,3011.22,1074.114,1764299519999,3235309.80378,2177,379.982,1144525.66730,0
1764299520000,3011.23,3012.21,3007.13,3007.89,4359.326,1764299579999,13117842.74092,4927,1511.224,4547668.88204,0
1764299580000,3007.90,3008.18,3007.62,3007.65,1274.055,1764299639999,3832200.49226,1123,669.058,2012469.28588,0
1764299640000,3007.65,3008.38,3002.02,3003.31,7379.877,1764299699999,22186658.66894,5873,2626.486,7898852.32519,0
1764299700000,3003.31,3004.39,3000.17,3004.22,7276.037,1764299759999,21846915.33286,8029,2980.658,8949090.06360,0
1764299760000,3004.22,3005.15,3001.45,3003.24,1728.351,1764299819999,5191829.78360,3391,609.082,1829590.05586,0
1764299820000,3003.25,3005.00,3003.25,3004.01,1634.913,1764299879999,4911433.01563,3007,1122.519,3372087.30062,0
1764299880000,3004.02,3006.00,3003.74,3005.20,902.048,1764299939999,2710619.24535,2251,567.856,1706284.83730,0
1764299940000,3005.21,3006.00,3005.10,3005.43,476.405,1764299999999,1431772.93033,1119,290.508,873105.66449,0
1764300000000,3005.43,3009.71,3005.43,3008.07,2243.699,1764300059999,6749620.95277,3267,1670.658,5026033.18007,0
1764300060000,3008.06,3008.64,3007.51,3008.63,698.347,1764300119999,2100542.62583,1501,348.723,1048895.24414,0
1764300120000,3008.64,3008.70,3007.02,3007.03,975.706,1764300179999,2935139.51279,2252,378.998,1140101.95568,0
1764300180000,3007.03,3007.71,3005.76,3005.94,441.355,1764300239999,1326983.94014,1452,96.466,290046.82155,0
1764300240000,3005.95,3007.49,3005.53,3005.53,959.372,1764300299999,2884569.22736,1641,414.978,1247650.30235,0
1764300300000,3005.53,3006.28,3005.27,3005.91,1037.085,1764300359999,3117058.10413,1768,635.451,1909863.58404,0
1764300360000,3005.91,3007.40,3005.90,3007.22,771.744,1764300419999,2320512.15739,2144,558.172,1678299.46414,0
1764300420000,3007.22,3007.22,3006.73,3006.76,588.164,1764300479999,1768570.82788,1135,334.111,1004634.92956,0
1764300480000,3006.75,3007.13,3005.66,3006.89,535.657,1764300539999,1610526.11165,1436,204.783,615726.94199,0
1764300540000,3006.90,3008.71,3006.79,3008.04,1697.671,1764300599999,5106476.97314,2525,1207.579,3632316.30488,0
1764300600000,3008.03,3009.37,3005.31,3007.56,2852.685,1764300659999,8578116.87760,3744,1471.068,4423307.67566,0
1764300660000,3007.56,3009.68,3007.55,3009.68,1475.275,1764300719999,4438467.99320,2713,846.975,2548064.68994,0
1764300720000,3009.67,3009.67,3008.62,3009.00,532.388,1764300779999,1601928.10702,1118,198.434,597074.23695,0
1764300780000,3009.01,3010.42,3008.65,3008.78,1610.351,1764300839999,4846584.19428,2236,982.708,2957745.48642,0
1764300840000,3008.78,3010.25,3008.78,3009.03,882.397,1764300899999,2655647.03358,2421,407.487,1226324.35799,0
1764300900000,3009.04,3009.58,3008.65,3009.58,491.958,1764300959999,1480218.07078,1116,163.080,490678.48922,0
1764300960000,3009.60,3010.20,3007.60,3007.87,821.748,1764301019999,2472724.46401,2265,266.054,800667.43500,0
1764301020000,3007.87,3008.57,3006.92,3007.95,411.024,1764301079999,1236156.00814,1419,175.483,527750.23517,0
1764301080000,3007.94,3007.95,3006.83,3007.59,269.095,1764301139999,809268.19478,1136,100.708,302837.27926,0
1764301140000,3007.59,3007.59,3006.60,3006.68,424.147,1764301199999,1275377.24700,927,231.971,697509.80504,0
1764301200000,3006.67,3006.68,3005.16,3005.17,644.763,1764301259999,1938310.73696,1175,193.632,582129.46548,0
1764301260000,3005.16,3005.46,3004.11,3005.29,618.554,1764301319999,1858639.16162,1995,293.099,880704.50264,0
1764301320000,3005.30,3005.30,3003.71,3004.29,1720.765,1764301379999,5169559.96332,2282,836.631,2513306.84523,0
1764301380000,3004.28,3005.60,3004.28,3004.80,566.860,1764301439999,1703390.03975,1188,250.448,752529.99676,0
1764301440000,3004.79,3005.83,3004.79,3005.81,507.571,1764301499999,1525491.73746,981,378.624,1137968.76089,0
1764301500000,3005.81,3006.67,3005.52,3006.35,301.720,1764301559999,907019.60891,1033,228.902,688124.13695,0
1764301560000,3006.35,3006.35,3005.24,3005.43,220.846,1764301619999,663807.97619,947,104.168,313095.82161,0
1764301620000,3005.42,3006.00,3005.13,3005.94,282.322,1764301679999,848523.92279,1324,170.331,511930.44852,0
1764301680000,3005.94,3006.67,3005.57,3005.67,679.519,1764301739999,2042702.17161,1324,289.555,870460.00376,0
1764301740000,3005.67,3005.94,3005.16,3005.60,249.123,1764301799999,748785.81033,909,148.610,446669.40975,0
1764301800000,3005.61,3006.02,3005.16,3005.38,250.670,1764301859999,753410.22019,924,155.679,467911.86946,0
1764301860000,3005.37,3006.67,3005.37,3006.67,296.365,1764301919999,890877.55961,943,161.465,485359.33511,0
1764301920000,3006.67,3006.67,3005.61,3006.03,568.789,1764301979999,1709840.91438,1223,299.592,900627.39092,0
1764301980000,3006.03,3008.00,3006.00,3007.77,520.934,1764302039999,1566639.43384,1345,439.894,1322923.37909,0
1764302040000,3007.77,3007.78,3007.06,3007.27,279.044,1764302099999,839186.72226,762,173.176,520795.55449,0
1764302100000,3007.27,3008.67,3007.26,3008.21,504.142,1764302159999,1516515.12037,1135,397.808,1196630.91493,0
1764302160000,3008.22,3008.54,3008.19,3008.19,319.591,1764302219999,961428.04427,657,209.998,631737.75382,0
1764302220000,3008.20,3008.20,3007.40,3007.44,297.686,1764302279999,895338.37377,858,123.929,372743.30050,0
1764302280000,3007.44,3008.18,3006.50,3006.80,1474.513,1764302339999,4434173.35795,2192,374.036,1124867.08644,0
1764302340000,3006.79,3007.45,3006.79,3007.19,386.245,1764302399999,1161450.98161,902,117.175,352345.70055,0
1764302400000,3007.19,3008.17,3005.55,3008.16,1469.495,1764302459999,4418266.58791,2464,521.404,1567734.77144,0
1764302460000,3008.16,3008.17,3004.63,3004.63,1630.113,1764302519999,4900148.26323,2267,140.211,421501.53660,0
1764302520000,3004.64,3005.35,3004.22,3004.95,1062.050,1764302579999,3191119.66034,1461,516.972,1553365.31404,0
1764302580000,3004.96,3005.49,3004.26,3005.04,525.129,1764302639999,1577937.33917,1315,178.270,535670.24643,0
1764302640000,3005.03,3007.66,3004.73,3007.04,2825.515,1764302699999,8494195.54392,3338,2412.047,7251291.91822,0
1764302700000,3007.03,3008.16,3005.51,3007.85,1927.689,1764302759999,5795829.83446,2831,901.858,2711534.95002,0
1764302760000,3007.85,3008.92,3007.83,3008.28,549.936,1764302819999,1654421.24123,1356,352.260,1059754.33637,0
1764302820000,3008.28,3008.68,3007.38,3007.63,653.521,1764302879999,1965732.76643,1263,250.537,753578.40216,0
1764302880000,3007.64,3010.99,3007.39,3010.26,2648.550,1764302939999,7971337.12440,3817,2139.650,6439525.23855,0
1764302940000,3010.25,3011.00,3009.65,3010.54,3309.190,1764302999999,9962587.24355,2546,2196.356,6612587.02788,0
1764303000000,3010.55,3016.00,3010.00,3013.93,8552.943,1764303059999,25770300.98457,6530,6849.465,20636733.88527,0
1764303060000,3013.94,3017.59,3013.63,3014.05,4693.106,1764303119999,14154059.30724,5880,1971.663,5947031.01309,0
1764303120000,3014.05,3015.71,3013.88,3014.90,2104.491,1764303179999,6344720.40384,3236,653.949,1971491.01332,0
1764303180000,3014.90,3015.15,3013.05,3013.91,1474.086,1764303239999,4442839.37754,2420,564.465,1701211.62214,0
1764303240000,3013.91,3014.96,3013.91,3014.94,869.106,1764303299999,2619968.46512,1436,699.158,2107661.73911,0
1764303300000,3014.95,3015.00,3013.29,3013.88,539.737,1764303359999,1626977.87794,1330,272.506,821477.29656,0
1764303360000,3013.88,3016.80,3013.88,3016.35,1073.179,1764303419999,3236410.66057,1983,730.773,2203850.70018,0
1764303420000,3016.35,3016.55,3015.29,3015.30,582.704,1764303479999,1757445.61819,1429,242.122,730221.61012,0
1764303480000,3015.29,3015.30,3013.93,3014.10,1688.827,1764303539999,5090723.28358,2809,806.026,2429650.03319,0
1764303540000,3014.10,3014.44,3012.94,3013.44,1269.890,1764303599999,3826895.49697,2562,621.588,1873155.63362,0
1764303600000,3013.43,3013.44,3011.45,3012.46,586.539,1764303659999,1766774.58579,1687,182.896,550912.12755,0
1764303660000,3012.45,3012.90,3011.53,3012.37,483.843,1764303719999,1457441.36198,1231,263.509,793754.14306,0
1764303720000,3012.37,3013.77,3011.86,3013.03,902.536,1764303779999,2719232.80657,1899,681.573,2053552.77417,0
1764303780000,3013.03,3013.99,3012.30,3013.17,1034.160,1764303839999,3116227.85928,1951,792.969,2389381.52915,0
1764303840000,3013.16,3013.50,3012.27,3012.35,417.353,1764303899999,1257391.53161,1076,227.689,686007.04088,0
1764303900000,3012.35,3012.75,3011.90,3012.13,341.516,1764303959999,1028717.77977,975,201.249,606193.94491,0
1764303960000,3012.14,3013.36,3012.13,3012.86,506.192,1764304019999,1525148.55184,1105,290.844,876277.12982,0
1764304020000,3012.86,3014.55,3012.86,3014.24,596.471,1764304079999,1797933.13529,1174,326.109,982943.18224,0
1764304080000,3014.24,3014.24,3013.47,3013.48,306.958,1764304139999,925113.74504,712,84.422,254437.14961,0
1764304140000,3013.48,3013.48,3013.03,3013.28,176.225,1764304199999,531005.24902,517,117.051,352697.29599,0
1764304200000,3013.28,3013.49,3011.90,3012.04,649.707,1764304259999,1957360.99788,1116,187.012,563424.12869,0
1764304260000,3012.04,3013.13,3012.04,3013.13,417.515,1764304319999,1257789.90690,857,175.759,529510.08967,0
1764304320000,3013.13,3015.37,3013.12,3014.79,3776.215,1764304379999,11382051.58556,2280,3480.812,10491461.24063,0
1764304380000,3014.79,3017.00,3014.58,3016.03,1169.873,1764304439999,3528096.25784,2311,691.977,2086697.40598,0
1764304440000,3016.04,3016.15,3015.43,3015.44,733.007,1764304499999,2210646.68917,1134,331.943,1001093.73258,0
1764304500000,3015.44,3018.58,3015.40,3018.42,2138.469,1764304559999,6452743.39866,3382,1367.060,4124854.68262,0
1764304560000,3018.41,3018.41,3011.66,3011.67,2802.554,1764304619999,8450688.91462,3519,427.007,1287048.13004,0
1764304620000,3011.67,3013.40,3011.66,3012.79,907.802,1764304679999,2734565.98687,1689,471.802,1421158.89750,0
1764304680000,3012.80,3013.58,3012.43,3013.17,466.815,1764304739999,1406507.95541,1245,145.298,437788.26749,0
1764304740000,3013.18,3013.40,3012.88,3012.89,206.725,1764304799999,622875.20987,700,81.378,245197.35468,0
1764304800000,3012.88,3013.82,3012.88,3013.81,314.348,1764304859999,947148.95562,862,82.223,247743.27080,0
1764304860000,3013.81,3014.43,3013.27,3013.44,526.780,1764304919999,1587757.48370,956,304.400,917508.09283,0
1764304920000,3013.44,3014.08,3012.89,3013.81,414.977,1764304979999,1250554.58763,1042,287.077,865145.45965,0
1764304980000,3013.81,3013.81,3013.11,3013.66,210.966,1764305039999,635749.34532,909,98.461,296711.04157,0
1764305040000,3013.67,3013.94,3013.66,3013.66,209.407,1764305099999,631105.72128,540,124.393,374890.18783,0
1764305100000,3013.67,3014.74,3012.42,3012.43,429.940,1764305159999,1295774.19065,1611,202.513,610373.67493,0
1764305160000,3012.42,3014.80,3011.88,3014.79,645.385,1764305219999,1944541.64674,1806,316.890,954916.27003,0
1764305220000,3014.80,3015.33,3012.59,3012.59,466.749,1764305279999,1406913.84455,1382,210.265,633903.90019,0
1764305280000,3012.59,3013.40,3012.57,3013.07,419.401,1764305339999,1263622.73879,1086,180.730,544525.11599,0
1764305340000,3013.07,3013.37,3011.71,3012.79,514.440,1764305399999,1549731.17730,1402,250.844,755746.84449,0
1764305400000,3012.79,3015.63,3012.42,3015.09,1442.279,1764305459999,4347184.92976,2841,1252.504,3775325.76055,0
1764305460000,3015.08,3015.63,3013.56,3013.75,1545.567,1764305519999,4659431.76166,2536,860.020,2592889.17247,0
1764305520000,3013.75,3015.40,3013.75,3015.23,684.616,1764305579999,2064015.15877,1670,513.172,1547112.21924,0
1764305580000,3015.24,3016.99,3015.03,3016.65,1036.416,1764305639999,3125888.72215,1580,815.066,2458276.18138,0
1764305640000,3016.65,3016.99,3015.66,3015.87,557.866,1764305699999,1682750.53414,1048,266.624,804295.62600,0
1764305700000,3015.86,3016.61,3015.86,3016.38,420.177,1764305759999,1267390.06278,836,204.396,616530.71806,0
1764305760000,3016.38,3017.44,3016.22,3016.45,1020.009,1764305819999,3077173.53031,1741,708.967,2138803.83272,0
1764305820000,3016.44,3017.89,3016.23,3016.71,1370.598,1764305879999,4135448.32646,2186,950.406,2867557.28506,0
1764305880000,3016.71,3017.34,3016.20,3016.20,905.966,1764305939999,2733037.45023,1492,450.171,1358005.56580,0
1764305940000,3016.21,3016.69,3016.00,3016.00,365.328,1764305999999,1101928.77707,772,129.877,391746.97835,0
1764306000000,3016.00,3016.13,3014.37,3015.01,708.301,1764306059999,2135723.93954,1624,204.781,617418.41472,0
1764306060000,3015.01,3015.88,3014.14,3014.16,503.185,1764306119999,1517107.62755,1428,285.815,861747.84225,0
1764306120000,3014.15,3017.00,3013.67,3015.80,1804.544,1764306179999,5442055.58233,2940,1257.423,3792040.07013,0
1764306180000,3015.81,3016.26,3015.00,3015.80,517.698,1764306239999,1561232.39864,1460,284.918,859259.57331,0
1764306240000,3015.79,3015.79,3015.00,3015.62,319.353,1764306299999,962964.06361,847,167.581,505315.68022,0
1764306300000,3015.62,3017.00,3015.04,3017.00,390.134,1764306359999,1176696.08610,1246,237.299,715737.52433,0
1764306360000,3016.99,3018.71,3016.11,3017.58,3963.136,1764306419999,11959664.81124,4103,3382.991,10209037.23294,0
1764306420000,3017.59,3017.79,3017.10,3017.63,603.480,1764306479999,1820941.84266,1478,307.157,926810.60488,0
1764306480000,3017.63,3022.74,3017.31,3021.92,5123.648,1764306539999,15476759.23242,7817,4075.360,12310350.95551,0
1764306540000,3021.91,3027.00,3021.23,3023.46,9208.178,1764306599999,27849856.85842,12904,5595.899,16925135.45549,0
1764306600000,3023.46,3023.61,3022.32,3023.21,1526.087,1764306659999,4613462.36340,2801,792.254,2395075.63228,0
1764306660000,3023.21,3024.24,3021.46,3022.83,1917.127,1764306719999,5794975.17062,3778,638.338,1929599.62978,0
1764306720000,3022.83,3025.72,3022.37,3024.05,2411.898,1764306779999,7293177.12838,4589,804.650,2433264.56118,0
1764306780000,3024.04,3024.05,3020.94,3021.74,1388.043,1764306839999,4194671.25624,2568,481.144,1454051.89032,0
1764306840000,3021.74,3027.22,3021.74,3027.22,3019.083,1764306899999,9134186.55973,4089,2770.833,8383516.81166,0
1764306900000,3027.22,3028.00,3025.34,3025.34,5381.899,1764306959999,16289760.76675,4756,2273.336,6881442.30288,0
1764306960000,3025.34,3026.99,3024.80,3025.91,2325.018,1764307019999,7035362.63952,3930,1099.079,3325670.68884,0
1764307020000,3025.92,3025.92,3024.33,3025.31,3399.513,1764307079999,10284142.46049,2347,306.068,925910.04686,0
1764307080000,3025.32,3025.32,3023.86,3024.23,1011.217,1764307139999,3058254.62597,2005,310.693,939625.31663,0
1764307140000,3024.23,3024.23,3021.16,3021.16,1506.807,1764307199999,4554243.17357,2615,430.735,1301829.80603,0
1764307200000,3021.16,3023.02,3020.30,3022.11,1506.081,1764307259999,4550729.32571,2950,752.058,2272459.91806,0
1764307260000,3022.12,3024.14,3021.10,3023.28,875.129,1764307319999,2644722.76056,2359,497.248,1502713.82531,0
1764307320000,3023.30,3024.60,3021.81,3021.81,973.136,1764307379999,2942392.49091,2307,439.430,1328759.07962,0
1764307380000,3021.81,3021.89,3020.69,3021.53,808.396,1764307439999,2442322.32527,1974,380.722,1150245.15838,0
1764307440000,3021.53,3022.26,3021.50,3021.67,403.126,1764307499999,1218194.22310,1147,203.930,616245.76853,0
1764307500000,3021.66,3022.25,3021.66,3022.01,305.132,1764307559999,922126.32150,731,158.580,479229.28306,0
1764307560000,3022.00,3022.46,3021.14,3022.00,628.743,1764307619999,1899992.98742,1199,256.458,775009.38448,0
1764307620000,3022.01,3023.72,3021.85,3023.60,1257.566,1764307679999,3801196.64858,1363,903.686,2731687.63027,0
1764307680000,3023.61,3023.90,3022.82,3023.03,613.981,1764307739999,1856318.18651,1394,369.999,1118671.71710,0
1764307740000,3023.02,3023.29,3022.64,3022.64,387.898,1764307799999,1172571.96610,834,169.542,512504.95438,0
1764307800000,3022.65,3024.48,3022.64,3024.47,1206.276,1764307859999,3647290.28760,3011,920.956,2784609.44938,0
1764307860000,3024.47,3025.53,3017.14,3019.50,9811.756,1764307919999,29637703.27936,8422,3294.577,9948134.93376,0
1764307920000,3019.50,3020.55,3019.21,3020.22,1039.245,1764307979999,3138318.32462,1840,625.114,1887684.87972,0
1764307980000,3020.22,3020.48,3019.35,3020.37,757.020,1764308039999,2286169.91523,1728,379.498,1146055.17384,0
1764308040000,3020.38,3020.38,3018.59,3019.88,766.984,1764308099999,2315776.64870,1596,243.628,735560.70370,0
1764308100000,3019.87,3020.12,3019.50,3019.63,412.836,1764308159999,1246678.17996,1169,189.374,571867.28553,0
1764308160000,3019.63,3021.57,3019.50,3020.06,593.545,1764308219999,1792948.15102,1651,229.691,693821.13966,0
1764308220000,3020.07,3020.55,3020.06,3020.51,362.112,1764308279999,1093687.46962,800,252.689,763189.22179,0
1764308280000,3020.50,3020.50,3019.18,3019.78,736.458,1764308339999,2223988.21830,1366,275.786,832789.86491,0
1764308340000,3019.78,3020.79,3019.69,3019.91,1187.541,1764308399999,3586467.07618,1582,591.913,1787545.99293,0
1764308400000,3019.92,3021.00,3019.92,3020.41,855.228,1764308459999,2583367.50974,2554,614.901,1857376.38513,0
1764308460000,3020.41,3021.35,3019.54,3019.59,1154.495,1764308519999,3487201.91523,2878,503.825,1521826.33191,0
1764308520000,3019.59,3020.70,3019.00,3020.69,505.923,1764308579999,1527864.79462,1303,311.664,941242.96201,0
1764308580000,3020.69,3021.73,3020.69,3021.72,750.093,1764308639999,2266360.08396,1470,526.456,1590626.06826,0
1764308640000,3021.73,3022.70,3021.55,3022.40,447.020,1764308699999,1350951.34168,1310,293.403,886675.97532,0
1764308700000,3022.41,3022.91,3022.32,3022.90,409.324,1764308759999,1237281.68062,1014,328.991,994457.27314,0
1764308760000,3022.90,3023.00,3021.16,3023.00,2964.270,1764308819999,8959790.62507,2365,2556.599,7727852.75239,0
1764308820000,3023.00,3024.00,3022.46,3023.80,2273.756,1764308879999,6873774.85849,2199,1796.511,5430969.86446,0
1764308880000,3023.81,3026.18,3022.13,3025.00,2397.761,1764308939999,7251144.02324,4646,1321.323,3996154.43045,0
1764308940000,3024.99,3025.35,3021.57,3021.97,1904.965,1764308999999,5758633.78424,3176,594.925,1798665.48107,0
1764309000000,3021.97,3025.66,3021.97,3024.51,1646.872,1764309059999,4979890.96108,3209,1001.998,3029667.77463,0
1764309060000,3024.51,3027.30,3023.88,3026.46,2491.955,1764309119999,7540068.81448,3739,1993.045,6030428.11126,0
1764309120000,3026.47,3026.47,3023.81,3024.95,2363.955,1764309179999,7151237.64328,3366,584.584,1768126.19409,0
1764309180000,3024.95,3025.20,3022.92,3023.56,1092.309,1764309239999,3303615.65097,2272,362.280,1095624.99676,0
1764309240000,3023.56,3024.93,3023.36,3024.54,734.290,1764309299999,2220645.48124,1427,461.163,1394682.00953,0
1764309300000,3024.54,3024.60,3023.48,3024.60,492.193,1764309359999,1488338.76157,1206,214.358,648197.93084,0
1764309360000,3024.60,3025.62,3023.30,3023.31,813.192,1764309419999,2459623.08841,1829,383.499,1160058.13637,0
1764309420000,3023.31,3024.19,3022.14,3022.14,880.607,1764309479999,2662237.43210,1716,525.172,1587716.96150,0
1764309480000,3022.14,3023.46,3022.14,3023.09,482.869,1764309539999,1459492.20972,1119,247.900,749298.60471,0
1764309540000,3023.09,3023.09,3022.70,3022.97,301.259,1764309599999,910654.94386,696,177.696,537143.80492,0
1764309600000,3022.97,3022.97,3021.00,3022.05,1251.815,1764309659999,3782589.30643,2349,387.386,1170515.04417,0
1764309660000,3022.05,3022.10,3020.32,3020.48,922.895,1764309719999,2788374.57738,2194,338.008,1021261.69995,0
1764309720000,3020.49,3020.49,3018.01,3018.82,2959.190,1764309779999,8934580.71602,4664,1136.486,3431017.08412,0
1764309780000,3018.81,3018.94,3017.97,3018.18,1216.248,1764309839999,3671014.52210,2493,347.363,1048484.56682,0
1764309840000,3018.18,3019.79,3018.18,3019.64,1967.475,1764309899999,5940213.28366,2869,1206.421,3642301.02834,0
1764309900000,3019.65,3019.74,3018.37,3019.47,1589.996,1764309959999,4800629.99133,2742,752.307,2271313.88667,0
1764309960000,3019.46,3021.21,3019.46,3020.40,1245.487,1764310019999,3761932.42096,1886,890.200,2688833.66659,0
1764310020000,3020.40,3021.75,3020.15,3020.49,530.122,1764310079999,1601562.43040,1550,268.621,811472.48020,0
1764310080000,3020.49,3020.98,3019.92,3020.38,460.833,1764310139999,1391957.16254,1452,242.482,732387.31232,0
1764310140000,3020.38,3021.25,3020.37,3020.91,297.213,1764310199999,897852.90539,1101,124.955,377459.12577,0
1764310200000,3020.92,3022.65,3020.36,3021.71,1012.238,1764310259999,3058902.45505,1775,323.237,976653.69351,0
1764310260000,3021.72,3022.40,3021.45,3022.40,489.207,1764310319999,1478295.02516,996,278.997,843086.29190,0
1764310320000,3022.39,3022.41,3020.99,3021.32,656.017,1764310379999,1982539.35391,1135,220.043,664946.53492,0
1764310380000,3021.32,3022.13,3020.09,3020.10,1002.811,1764310439999,3029975.42827,1915,624.867,1888076.54490,0
1764310440000,3020.09,3020.46,3015.85,3018.19,4586.490,1764310499999,13839786.11003,5206,1488.119,4490312.36989,0
1764310500000,3018.19,3018.30,3016.44,3018.19,1207.271,1764310559999,3643033.66499,2418,683.042,2061132.00773,0
1764310560000,3018.18,3019.38,3018.18,3018.94,724.929,1764310619999,2188479.40566,1469,418.646,1263837.20308,0
1764310620000,3018.94,3019.32,3018.00,3019.31,343.771,1764310679999,1037791.94867,1257,214.155,646505.50638,0
1764310680000,3019.31,3019.32,3017.56,3017.70,825.186,1764310739999,2490779.23452,1638,338.829,1022763.18059,0
1764310740000,3017.71,3017.96,3014.00,3015.21,3316.241,1764310799999,10001954.50711,3346,601.521,1814039.79793,0
1764310800000,3015.21,3016.22,3014.89,3015.80,1554.628,1764310859999,4688193.48308,2525,741.072,2234808.79235,0
1764310860000,3015.80,3016.05,3014.30,3015.06,2052.179,1764310919999,6187451.61123,3518,911.919,2749479.77585,0
1764310920000,3015.06,3016.29,3014.80,3015.44,2184.590,1764310979999,6587374.26085,2609,1315.893,3967883.08517,0
1764310980000,3015.45,3016.62,3015.01,3015.02,1054.986,1764311039999,3181636.43281,1427,604.618,1823465.88723,0
1764311040000,3015.01,3015.09,3013.60,3014.82,2073.354,1764311099999,6249752.94325,2647,876.412,2641819.40224,0
1764311100000,3014.82,3014.82,3013.00,3013.74,2037.055,1764311159999,6139168.43350,2977,617.817,1861856.18898,0
1764311160000,3013.74,3014.36,3013.15,3013.15,1490.413,1764311219999,4492030.44825,1281,1137.037,3427017.17684,0
1764311220000,3013.15,3013.16,3011.52,3012.67,1568.842,1764311279999,4726314.73913,2648,538.149,1621206.58520,0
1764311280000,3012.68,3013.18,3010.29,3010.86,2046.835,1764311339999,6163713.26060,3026,569.055,1713846.45304,0
1764311340000,3010.86,3011.26,3007.77,3010.00,3769.873,1764311399999,11346179.36389,4958,1306.386,3932168.18704,0
1764311400000,3010.00,3012.00,3009.65,3011.61,2447.046,1764311459999,7368096.82796,3556,1941.095,5844684.30357,0
1764311460000,3011.61,3012.41,3011.14,3011.35,1263.699,1764311519999,3806128.69523,1895,708.430,2133833.35467,0
1764311520000,3011.36,3012.64,3011.26,3012.63,1117.089,1764311579999,3364711.46477,1375,712.208,2145246.33734,0
1764311580000,3012.64,3012.64,3010.33,3011.03,1028.532,1764311639999,3096846.82091,2148,508.714,1531642.87518,0
1764311640000,3011.02,3011.76,3010.25,3010.55,1322.002,1764311699999,3981064.26381,2031,453.882,1366847.53614,0
1764311700000,3010.56,3010.71,3006.69,3006.97,2926.578,1764311759999,8804079.17839,3464,570.819,1717144.34692,0
1764311760000,3006.98,3008.09,3000.90,3004.16,9161.868,1764311819999,27526310.83901,10568,2003.782,6020307.36442,0
1764311820000,3004.16,3005.79,3003.62,3003.63,2576.905,1764311879999,7743310.41802,3117,1462.281,4394085.44250,0
1764311880000,3003.63,3005.76,3003.62,3004.95,2721.545,1764311939999,8177666.26212,3868,1562.617,4695274.74631,0
1764311940000,3004.95,3007.16,3004.55,3007.16,1380.376,1764311999999,4148713.59602,2426,775.384,2330618.96757,0
1764312000000,3007.15,3009.49,3006.40,3008.85,2091.183,1764312059999,6289930.72821,3698,1257.091,3781198.30857,0
1764312060000,3008.85,3010.23,3007.98,3008.53,2172.586,1764312119999,6537813.50663,3542,1698.869,5112319.08338,0
1764312120000,3008.53,3011.50,3008.52,3010.97,1173.428,1764312179999,3532282.96950,2266,806.543,2427864.35406,0
1764312180000,3010.97,3013.01,3010.96,3010.98,2150.557,1764312239999,6477040.24920,3399,1332.950,4014545.17685,0
1764312240000,3010.98,3011.70,3009.50,3009.50,845.784,1764312299999,2546638.86200,1486,389.563,1173028.06245,0
1764312300000,3009.50,3009.84,3008.40,3008.69,1415.312,1764312359999,4258752.14130,2651,668.874,2012575.77255,0
1764312360000,3008.69,3009.15,3006.59,3007.71,1232.233,1764312419999,3706327.79207,2297,554.181,1667002.33349,0
1764312420000,3007.72,3007.72,3006.73,3007.39,853.386,1764312479999,2566314.97431,1208,259.919,781617.82897,0
1764312480000,3007.40,3008.77,3007.39,3008.11,657.930,1764312539999,1979233.25683,1464,487.200,1465634.91642,0
1764312540000,3008.12,3009.22,3007.00,3008.09,1175.723,1764312599999,3537022.45260,2101,749.032,2253460.22412,0
1764312600000,3008.10,3009.50,3008.09,3009.50,432.005,1764312659999,1299909.73791,1233,287.844,866113.40134,0
1764312660000,3009.50,3010.73,3009.38,3010.04,868.778,1764312719999,2614995.92337,1611,407.508,1226533.27376,0
1764312720000,3010.04,3012.66,3010.03,3011.29,1117.350,1764312779999,3364492.94026,2420,620.147,1867330.53577,0
1764312780000,3011.29,3011.29,3010.09,3010.32,672.325,1764312839999,2023974.18395,1258,456.197,1373315.83719,0
1764312840000,3010.33,3010.35,3008.95,3009.65,880.375,1764312899999,2649643.73302,1482,278.480,838052.40232,0
1764312900000,3009.65,3011.26,3009.58,3010.94,435.136,1764312959999,1309922.00484,1033,215.062,647436.63204,0
1764312960000,3010.94,3011.26,3010.11,3010.11,419.251,1764313019999,1262331.49788,755,223.280,672280.23023,0
1764313020000,3010.11,3010.11,3008.73,3008.99,411.199,1764313079999,1237370.72142,1045,143.713,432415.39332,0
1764313080000,3009.00,3009.08,3008.76,3009.07,341.494,1764313139999,1027521.72963,535,129.266,388945.76482,0
1764313140000,3009.07,3009.07,3008.17,3008.34,561.650,1764313199999,1689828.17395,982,180.520,543110.24076,0
1764313200000,3008.34,3008.73,3006.78,3007.45,692.395,1764313259999,2082520.54161,1786,226.228,680420.57165,0
1764313260000,3007.44,3011.19,3007.44,3009.35,2102.908,1764313319999,6329347.71611,3464,1620.141,4876477.08528,0
1764313320000,3009.36,3011.04,3009.36,3010.18,1206.891,1764313379999,3633351.77667,2116,615.468,1852771.92224,0
1764313380000,3010.19,3011.50,3010.18,3011.50,679.735,1764313439999,2046555.22975,1095,557.242,1677736.97598,0
1764313440000,3011.49,3013.18,3011.31,3011.74,2155.663,1764313499999,6493597.56608,3133,1368.265,4121739.52878,0
1764313500000,3011.74,3012.66,3011.73,3012.28,764.535,1764313559999,2302998.12305,1355,454.068,1367769.92882,0
1764313560000,3012.28,3012.29,3011.85,3011.85,410.790,1764313619999,1237320.41357,695,216.281,651459.34978,0
1764313620000,3011.85,3012.62,3011.15,3012.62,608.448,1764313679999,1832589.09763,1115,322.760,972127.24942,0
1764313680000,3012.62,3014.50,3012.61,3014.17,1344.755,1764313739999,4053022.30821,2086,865.420,2608276.97516,0
1764313740000,3014.18,3015.82,3013.62,3014.18,3076.677,1764313799999,9275327.58609,4112,1859.526,5606008.99130,0
1764313800000,3014.18,3015.24,3014.17,3015.00,569.274,1764313859999,1716187.08448,1027,293.213,883949.43473,0
1764313860000,3015.00,3015.01,3014.12,3014.42,1053.285,1764313919999,3175283.99271,1705,383.295,1155521.18665,0
1764313920000,3014.42,3014.43,3013.59,3014.02,629.867,1764313979999,1898321.56761,1362,200.883,605437.32677,0
1764313980000,3014.02,3014.71,3014.02,3014.63,394.216,1764314039999,1188352.82283,1053,226.934,684078.13527,0
1764314040000,3014.62,3014.63,3014.23,3014.24,199.105,1764314099999,600207.55405,482,71.033,214133.51355,0
1764314100000,3014.24,3014.75,3013.15,3014.51,663.501,1764314159999,1999732.72124,1406,146.292,440918.41881,0
1764314160000,3014.51,3015.30,3014.08,3015.16,766.010,1764314219999,2309327.80279,1176,559.980,1688200.35344,0
1764314220000,3015.16,3016.74,3014.94,3014.94,1412.472,1764314279999,4259945.50006,2449,797.980,2406531.37353,0
1764314280000,3014.94,3014.94,3012.75,3013.03,1445.953,1764314339999,4357874.77345,2300,396.206,1194041.75842,0
1764314340000,3013.04,3013.19,3011.74,3013.05,1295.481,1764314399999,3902639.55023,1752,414.773,1249351.62955,0
1764314400000,3013.04,3013.65,3011.44,3012.77,1105.774,1764314459999,3331081.85642,1995,349.586,1053073.19880,0
1764314460000,3012.78,3013.42,3012.30,3012.52,452.353,1764314519999,1362889.52296,1026,172.946,521092.71147,0
1764314520000,3012.52,3012.95,3012.52,3012.90,167.587,1764314579999,504899.88991,555,111.145,334850.22604,0
1764314580000,3012.90,3017.42,3012.90,3016.80,1562.427,1764314639999,4712893.06596,3327,1154.842,3483408.29809,0
1764314640000,3016.79,3016.80,3015.64,3016.10,524.071,1764314699999,1580728.27161,1003,343.213,1035194.35006,0
1764314700000,3016.11,3019.83,3016.10,3018.21,2352.838,1764314759999,7102212.93558,3824,1780.138,5373319.27625,0
1764314760000,3018.20,3018.70,3017.16,3017.16,912.348,1764314819999,2753722.27463,1647,599.198,1808589.50956,0
1764314820000,3017.16,3022.00,3016.80,3020.31,5768.146,1764314879999,17417426.80660,5828,3610.776,10902907.06239,0
1764314880000,3020.32,3020.65,3019.27,3019.58,1847.450,1764314939999,5578981.48755,2269,1185.853,3581053.00016,0
1764314940000,3019.57,3020.55,3019.04,3020.19,889.010,1764314999999,2684493.89317,1341,661.203,1996610.14720,0
1764315000000,3020.19,3020.33,3016.86,3016.86,1886.753,1764315059999,5695016.30517,3041,465.819,1406060.92918,0
1764315060000,3016.87,3017.77,3016.63,3017.31,1049.168,1764315119999,3165662.90919,1572,530.047,1599291.17690,0
1764315120000,3017.31,3020.24,3016.97,3019.62,3248.306,1764315179999,9805179.39172,3745,2730.016,8240570.89781,0
1764315180000,3019.63,3019.95,3018.45,3018.46,940.060,1764315239999,2838460.46962,1604,393.604,1188491.34344,0
1764315240000,3018.46,3018.46,3014.95,3014.95,2401.112,1764315299999,7244597.35168,2405,312.435,942608.80155,0
1764315300000,3014.96,3016.72,3014.95,3015.00,1085.721,1764315359999,3274462.07899,1755,456.258,1375903.13830,0
1764315360000,3015.00,3015.61,3013.39,3014.99,1456.937,1764315419999,4391955.76650,2480,679.199,2047526.03147,0
1764315420000,3014.99,3015.05,3013.15,3013.15,961.335,1764315479999,2897637.76630,1577,288.204,868766.84445,0
1764315480000,3013.16,3013.16,3008.20,3009.06,5941.213,1764315539999,17884353.75392,6074,1471.715,4430033.58554,0
1764315540000,3009.05,3010.60,3009.05,3010.39,1772.840,1764315599999,5336258.11716,2313,1339.378,4031481.49815,0
1764315600000,3010.39,3011.17,3009.47,3011.16,2391.463,1764315659999,7199279.36156,2704,1715.725,5165201.73439,0
1764315660000,3011.16,3011.80,3008.01,3008.01,3416.684,1764315719999,10283209.76918,4931,1097.674,3303336.79102,0
1764315720000,3008.01,3008.74,3004.48,3007.71,6638.216,1764315779999,19961145.23075,5371,1437.596,4322481.95721,0
1764315780000,3007.70,3010.26,3007.69,3009.15,2046.280,1764315839999,6158119.69967,2674,1159.480,3489083.80032,0
1764315840000,3009.15,3010.11,3008.66,3009.23,1036.669,1764315899999,3119785.83043,1728,591.989,1781529.48868,0
1764315900000,3009.24,3010.00,3007.35,3007.80,1580.442,1764315959999,4755472.66147,2032,389.521,1171807.85651,0
1764315960000,3007.79,3008.14,3005.48,3007.67,2690.802,1764316019999,8090969.48043,3420,938.040,2820689.08928,0
1764316020000,3007.66,3008.27,3005.70,3005.94,1096.758,1764316079999,3298035.87441,2200,569.511,1712642.46481,0
1764316080000,3005.94,3006.98,3004.72,3004.83,3777.193,1764316139999,11353235.29136,3612,1998.663,6007404.03398,0
1764316140000,3004.83,3004.98,3002.76,3003.67,4313.328,1764316199999,12957219.58794,4289,1284.093,3857779.20943,0
1764316200000,3003.67,3003.67,3001.60,3001.75,3781.072,1764316259999,11352440.79404,4097,1009.544,3031198.27778,0
1764316260000,3001.76,3005.55,3001.17,3002.67,4283.912,1764316319999,12865492.66213,5936,1902.383,5713495.13736,0
1764316320000,3002.67,3004.59,3002.66,3003.67,1568.966,1764316379999,4712555.90608,2637,935.709,2810458.24105,0
1764316380000,3003.66,3003.67,3001.02,3002.21,1885.146,1764316439999,5659546.57747,3009,853.765,2563227.88756,0
1764316440000,3002.20,3003.28,3002.11,3003.10,1419.683,1764316499999,4263082.70878,1779,893.601,2683331.07803,0
1764316500000,3003.10,3003.48,3001.79,3002.23,1796.079,1764316559999,5393152.89233,2549,906.341,2721427.11624,0
1764316560000,3002.24,3002.62,3001.00,3001.24,1988.436,1764316619999,5968971.82429,2624,705.935,2119154.40994,0
1764316620000,3001.24,3001.25,2998.40,2998.94,11028.471,1764316679999,33084575.32280,6758,2487.582,7461075.08786,0
1764316680000,2998.94,3001.66,2998.94,3000.26,3829.882,1764316739999,11489087.73374,3772,3099.510,9298017.37449,0
1764316740000,3000.25,3001.79,2999.88,3000.14,2616.101,1764316799999,7850069.07143,2670,1774.491,5324735.19022,0
1764316800000,3000.13,3001.94,2999.70,3001.56,3304.002,1764316859999,9915586.18928,3025,2646.898,7943651.47586,0
1764316860000,3001.56,3002.52,3001.55,3002.32,2286.726,1764316919999,6864586.31060,2649,1454.992,4367732.80118,0
1764316920000,3002.32,3003.22,3002.31,3003.21,1945.271,1764316979999,5841211.44503,2120,1178.532,3538903.23475,0
1764316980000,3003.22,3003.45,3002.32,3003.12,1485.409,1764317039999,4460851.12612,1641,567.429,1704008.34180,0
1764317040000,3003.13,3003.88,3003.12,3003.66,1540.597,1764317099999,4627214.11405,1731,852.772,2561324.47247,0
1764317100000,3003.66,3004.36,3002.86,3002.86,2372.334,1764317159999,7125529.49020,3195,1393.305,4185067.69124,0
1764317160000,3002.86,3006.00,3002.50,3005.85,2592.844,1764317219999,7789024.06757,3330,1838.756,5523820.22374,0
1764317220000,3005.86,3007.32,3005.80,3006.87,2201.797,1764317279999,6619880.10151,2705,1413.214,4248881.52991,0
1764317280000,3006.87,3007.36,3005.49,3006.17,2222.795,1764317339999,6682780.76458,2327,649.314,1952163.83534,0
1764317340000,3006.15,3007.90,3005.49,3007.90,1977.394,1764317399999,5945402.36364,2645,1392.939,4187990.38958,0
1764317400000,3007.89,3009.29,3007.59,3009.29,1771.544,1764317459999,5329388.97673,2114,1038.541,3124287.32848,0
1764317460000,3009.28,3018.00,3009.28,3017.96,13234.213,1764317519999,39888667.18064,12483,8816.064,26569768.48870,0
1764317520000,3017.96,3021.79,3016.37,3016.37,8517.649,1764317579999,25711704.43430,9424,3820.017,11532144.43995,0
1764317580000,3016.37,3017.10,3014.72,3016.61,3022.506,1764317639999,9114941.43526,4291,1196.727,3608917.13493,0
1764317640000,3016.60,3017.20,3015.05,3015.24,1363.234,1764317699999,4111406.81300,2177,663.862,2002261.31489,0
1764317700000,3015.24,3018.19,3014.29,3015.69,4298.392,1764317759999,12965122.84374,5085,2481.265,7485131.51420,0
1764317760000,3015.69,3019.90,3015.35,3016.28,2151.300,1764317819999,6490997.04242,4237,958.408,2891608.81146,0
1764317820000,3016.25,3017.85,3015.45,3015.46,1490.939,1764317879999,4497396.14088,2847,1031.914,3112777.21543,0
1764317880000,3015.47,3015.47,3013.19,3013.63,1365.979,1764317939999,4117150.05142,2737,584.692,1762238.23170,0
1764317940000,3013.64,3013.64,3012.37,3013.53,1512.150,1764317999999,4555995.48266,2117,669.062,2015872.42426,0
1764318000000,3013.53,3018.00,3013.53,3015.62,1607.710,1764318059999,4848029.83051,3810,805.287,2428125.96575,0
1764318060000,3015.62,3019.62,3015.42,3018.15,4072.761,1764318119999,12290570.95021,6419,2597.909,7839273.43778,0
1764318120000,3018.15,3018.85,3015.45,3015.46,1940.147,1764318179999,5854505.77780,4098,829.300,2502527.50837,0
1764318180000,3015.46,3017.93,3015.45,3016.96,2035.559,1764318239999,6141220.36532,4142,1112.053,3355077.17578,0
1764318240000,3016.96,3019.40,3016.96,3018.78,2434.356,1764318299999,7348114.76750,3670,1193.993,3603975.67678,0
1764318300000,3018.80,3018.84,3017.80,3018.24,740.299,1764318359999,2234412.50325,1341,304.589,919324.84610,0
1764318360000,3018.24,3019.33,3016.61,3016.62,1296.987,1764318419999,3914908.03004,2446,690.172,2083303.44806,0
1764318420000,3016.61,3017.16,3015.66,3016.66,1105.460,1764318479999,3334491.03392,1757,418.114,1261140.88917,0
1764318480000,3016.67,3017.70,3016.66,3017.70,624.980,1764318539999,1885617.89741,911,281.306,848737.12700,0
1764318540000,3017.70,3017.76,3016.45,3016.75,783.284,1764318599999,2363076.50288,1204,280.901,847417.26459,0
1764318600000,3016.76,3017.10,3014.83,3014.83,1356.595,1764318659999,4091997.87151,2611,569.116,1716702.01067,0
1764318660000,3014.83,3016.58,3013.94,3016.20,1978.271,1764318719999,5964093.21066,2756,1046.491,3155053.72627,0
1764318720000,3016.21,3016.71,3013.92,3014.02,826.222,1764318779999,2491188.39820,1998,342.738,1033388.82620,0
1764318780000,3014.01,3015.74,3013.85,3014.56,1477.070,1764318839999,4452726.35157,2734,889.958,2682788.39278,0
1764318840000,3014.56,3016.79,3014.56,3016.45,737.327,1764318899999,2223608.36131,1377,422.867,1275248.91328,0
1764318900000,3016.46,3022.66,3016.45,3022.61,5905.640,1764318959999,17836521.36264,6539,4280.455,12928766.12237,0
1764318960000,3022.61,3027.73,3022.25,3023.00,13067.668,1764319019999,39530887.18552,13579,7305.876,22102460.05443,0
1764319020000,3023.01,3024.24,3022.04,3023.32,3346.871,1764319079999,10117800.34760,4984,1392.064,4208366.25009,0
1764319080000,3023.32,3023.32,3021.85,3021.90,3327.812,1764319139999,10058580.51803,4466,902.517,2727908.71853,0
1764319140000,3021.90,3022.61,3020.93,3022.24,4285.673,1764319199999,12950814.40619,3433,3378.786,10210234.62777,0
1764319200000,3022.24,3023.00,3022.10,3022.36,1253.253,1764319259999,3788163.73809,1464,551.528,1667036.79559,0
1764319260000,3022.36,3022.37,3020.10,3020.27,1347.967,1764319319999,4072459.87879,2038,265.893,803242.03568,0
1764319320000,3020.28,3021.25,3019.47,3021.12,2469.211,1764319379999,7458199.58746,2883,1583.005,4781188.03100,0
1764319380000,3021.13,3021.76,3020.10,3021.50,1404.242,1764319439999,4242150.23879,1484,533.794,1612533.46253,0
1764319440000,3021.50,3021.81,3021.49,3021.67,385.868,1764319499999,1165965.59041,674,150.126,453627.43105,0
1764319500000,3021.67,3023.95,3021.12,3022.82,2094.702,1764319559999,6331089.23524,3084,1398.965,4228337.65678,0
1764319560000,3022.83,3024.53,3022.31,3023.61,1533.045,1764319619999,4635208.87075,2535,991.215,2996959.30836,0
1764319620000,3023.60,3024.38,3023.15,3023.45,1043.636,1764319679999,3155748.62314,1806,439.256,1328225.71687,0
1764319680000,3023.45,3026.49,3023.45,3025.00,6879.275,1764319739999,20808230.19910,7658,4515.609,13658864.88114,0
1764319740000,3025.00,3025.26,3024.12,3025.25,1365.790,1764319799999,4131006.05582,1947,733.938,2219854.07265,0
1764319800000,3025.25,3049.00,3025.25,3045.86,53477.692,1764319859999,162402679.05903,39521,37862.553,114980808.56247,0
1764319860000,3046.01,3080.00,3045.86,3059.51,90301.126,1764319919999,276408730.61527,82861,53247.211,163001707.17808,0
1764319920000,3059.51,3069.50,3059.00,3061.70,18442.987,1764319979999,56507738.74338,31603,8944.503,27403596.24867,0
1764319980000,3061.70,3065.72,3056.07,3057.59,14795.988,1764320039999,45290304.27834,22343,6286.595,19247066.75319,0
1764320040000,3057.59,3063.58,3056.91,3060.23,6947.850,1764320099999,21264050.43573,11205,3953.351,12099591.93871,0
1764320100000,3060.23,3064.46,3058.00,3058.00,8671.905,1764320159999,26547702.14061,11067,2541.216,7779459.42711,0
1764320160000,3058.00,3058.01,3050.30,3051.93,11515.158,1764320219999,35164821.69531,17418,4421.489,13501163.95461,0
1764320220000,3051.93,3056.38,3051.04,3056.06,5289.607,1764320279999,16148330.41778,7068,3160.193,9647464.70255,0
1764320280000,3056.06,3060.00,3056.06,3058.30,7238.153,1764320339999,22136937.54657,9798,4320.473,13213793.20290,0
1764320340000,3058.32,3064.16,3056.95,3063.61,6243.716,1764320399999,19103002.27747,9558,3917.156,11985015.66268,0
1764320400000,3063.61,3067.92,3056.58,3056.59,16328.623,1764320459999,50012029.30268,20627,7036.185,21558147.88867,0
1764320460000,3056.59,3059.77,3056.27,3057.00,4854.569,1764320519999,14848112.98709,7894,2654.034,8117676.80650,0
1764320520000,3057.00,3058.30,3054.58,3055.57,5751.980,1764320579999,17576547.14960,9131,2101.395,6421257.08595,0
1764320580000,3055.58,3056.52,3053.45,3056.33,2886.702,1764320639999,8819232.71326,5357,1586.661,4847614.75491,0
1764320640000,3056.34,3059.41,3056.07,3057.06,3211.426,1764320699999,9818393.84970,6593,1565.588,4786787.07173,0
1764320700000,3057.07,3062.13,3057.06,3062.06,5224.973,1764320759999,15985697.06597,7224,3798.899,11622718.48577,0
1764320760000,3062.06,3062.24,3058.04,3059.49,3610.968,1764320819999,11048606.57966,4943,733.107,2243212.55958,0
1764320820000,3059.50,3064.04,3058.50,3058.69,3997.604,1764320879999,12236261.70214,7101,2071.864,6341972.22344,0
1764320880000,3058.69,3059.74,3058.18,3058.78,2027.970,1764320939999,6203289.37725,3778,874.362,2674527.81349,0
1764320940000,3058.78,3064.73,3058.78,3064.06,3449.568,1764320999999,10563743.82001,7495,2369.155,7254979.71378,0
1764321000000,3064.06,3071.81,3063.87,3064.95,12943.194,1764321059999,39700457.97229,19729,7462.130,22893129.33195,0
1764321060000,3064.95,3065.08,3060.99,3061.75,5560.598,1764321119999,17028673.38160,8134,1904.789,5833712.19318,0
1764321120000,3061.75,3062.20,3060.44,3061.79,2375.878,1764321179999,7273947.96307,3868,947.238,2900098.80171,0
1764321180000,3061.80,3061.80,3058.60,3060.04,3128.547,1764321239999,9574078.40917,5755,1616.205,4945630.34707,0
1764321240000,3060.05,3061.82,3059.53,3061.00,3362.689,1764321299999,10291647.71265,3786,2503.338,7661852.67052,0
1764321300000,3061.00,3062.99,3058.18,3059.62,6229.696,1764321359999,19065019.59101,9266,2549.211,7803105.27884,0
1764321360000,3059.62,3059.95,3057.09,3059.49,2797.213,1764321419999,8555810.31744,4607,990.333,3029280.55660,0
1764321420000,3059.49,3059.68,3057.71,3057.95,1788.868,1764321479999,5471927.53394,3654,716.589,2191859.76209,0
1764321480000,3057.94,3058.79,3054.60,3056.22,5892.418,1764321539999,18008389.13641,6868,1759.446,5377601.01770,0
1764321540000,3056.22,3059.67,3056.22,3059.10,2695.042,1764321599999,8240988.99837,4827,1657.210,5067689.12865,0
1764321600000,3059.10,3059.85,3057.87,3058.41,2344.316,1764321659999,7171352.28395,3783,938.499,2870924.62779,0
1764321660000,3058.41,3061.30,3058.20,3058.62,2864.573,1764321719999,8764289.24061,4363,1695.600,5188185.69695,0
1764321720000,3058.61,3061.48,3058.58,3060.39,2402.745,1764321779999,7353896.84791,4009,1291.697,3953171.73109,0
1764321780000,3060.40,3062.49,3059.15,3061.60,2780.967,1764321839999,8513152.54105,4499,1451.060,4441902.15634,0
1764321840000,3061.59,3061.60,3056.13,3056.81,2849.723,1764321899999,8713463.95897,5694,700.201,2140754.05195,0
1764321900000,3056.81,3058.91,3056.57,3058.48,3693.306,1764321959999,11293776.34796,3892,2183.848,6678007.66732,0
1764321960000,3058.49,3058.92,3055.95,3056.94,3288.892,1764322019999,10055157.88172,3789,870.770,2662103.49293,0
1764322020000,3056.93,3057.92,3056.69,3057.82,683.622,1764322079999,2090151.19286,1986,320.459,979787.42176,0
1764322080000,3057.81,3057.98,3056.69,3057.64,1461.173,1764322139999,4467530.77696,2052,532.264,1627456.86827,0
1764322140000,3057.63,3058.97,3057.63,3058.86,1366.292,1764322199999,4178650.06128,1832,846.491,2588845.83855,0
1764322200000,3058.86,3059.33,3055.55,3056.84,3636.089,1764322259999,11116069.52473,4938,1756.613,5369944.61740,0
1764322260000,3056.84,3057.53,3055.02,3055.29,2599.294,1764322319999,7944258.65824,3702,1241.543,3794465.77566,0
1764322320000,3055.28,3056.40,3054.12,3055.78,4500.809,1764322379999,13749445.54978,5200,2954.469,9025485.42679,0
1764322380000,3055.78,3056.39,3054.01,3054.21,1412.891,1764322439999,4316177.90588,2662,547.984,1673985.46292,0
1764322440000,3054.21,3055.00,3053.01,3053.89,2394.287,1764322499999,7311631.85313,3007,1021.411,3119228.04683,0
1764322500000,3053.89,3056.38,3053.89,3056.38,1647.767,1764322559999,5033673.94709,3173,972.212,2969894.03420,0
1764322560000,3056.37,3058.43,3056.02,3056.24,2022.982,1764322619999,6185092.65424,3233,634.623,1940281.13310,0
1764322620000,3056.25,3056.25,3053.63,3053.82,1170.565,1764322679999,3575940.13094,2169,507.467,1550146.79901,0
1764322680000,3053.82,3054.98,3052.80,3053.08,1319.591,1764322739999,4029358.43515,2573,374.142,1142446.00362,0
1764322740000,3053.08,3053.09,3050.68,3051.62,5217.738,1764322799999,15924821.98972,4586,1462.576,4463935.56781,0
1764322800000,3051.62,3052.40,3049.74,3049.96,5230.496,1764322859999,15957783.40325,4518,1363.796,4160704.28091,0
1764322860000,3049.96,3050.00,3047.10,3049.99,5604.322,1764322919999,17084134.43276,6436,2125.390,6478977.45003,0
1764322920000,3050.00,3051.80,3049.60,3051.56,2477.914,1764322979999,7559230.57626,3313,1483.515,4525838.35524,0
1764322980000,3051.56,3052.05,3048.55,3049.98,2510.534,1764323039999,7657814.41498,3353,1155.035,3523157.02584,0
1764323040000,3049.98,3051.85,3049.98,3051.79,1435.898,1764323099999,4381251.28115,2018,1000.281,3052083.61703,0
1764323100000,3051.79,3054.85,3051.79,3054.62,2658.889,1764323159999,8119788.23835,3526,1982.348,6053766.02076,0
1764323160000,3054.61,3054.61,3052.98,3053.84,2070.441,1764323219999,6322562.45977,2941,977.057,2983581.30558,0
1764323220000,3053.83,3054.60,3052.99,3054.06,1252.831,1764323279999,3825857.90794,1996,871.583,2661710.26619,0
1764323280000,3054.06,3054.63,3053.15,3053.66,1259.476,1764323339999,3846165.06458,1723,756.587,2310391.91566,0
1764323340000,3053.67,3055.67,3053.66,3054.24,1388.423,1764323399999,4241541.56288,2123,996.701,3044854.95479,0
1764323400000,3054.24,3054.25,3052.69,3053.68,1051.090,1764323459999,3209379.42273,1587,542.644,1656868.27886,0
1764323460000,3053.68,3055.00,3053.68,3054.22,1046.611,1764323519999,3196881.98884,1800,624.915,1908752.46058,0
1764323520000,3054.22,3054.51,3052.32,3052.84,1127.344,1764323579999,3442447.23823,1815,524.105,1600335.39202,0
1764323580000,3052.85,3054.63,3052.84,3054.12,812.428,1764323639999,2481098.18898,1819,463.131,1414314.38509,0
1764323640000,3054.13,3054.32,3053.64,3053.95,620.388,1764323699999,1894659.99818,1262,368.199,1124468.33550,0
1764323700000,3053.95,3054.10,3052.95,3053.25,844.714,1764323759999,2579470.64081,1463,367.996,1123734.41329,0
1764323760000,3053.24,3053.56,3049.36,3051.22,4288.874,1764323819999,13085680.42085,4068,1044.528,3186835.21473,0
1764323820000,3051.22,3051.96,3051.22,3051.53,621.918,1764323879999,1897867.87342,1126,321.910,982356.48836,0
1764323880000,3051.54,3052.23,3051.53,3052.23,803.832,1764323939999,2453141.86884,1130,529.541,1616043.42524,0
1764323940000,3052.23,3054.09,3052.22,3054.09,572.653,1764323999999,1748627.15163,1429,479.540,1464296.73899,0
1764324000000,3054.09,3054.09,3052.09,3052.62,1787.155,1764324059999,5456382.56696,2390,565.071,1725085.76470,0
1764324060000,3052.63,3055.56,3052.62,3054.67,2385.264,1764324119999,7285359.84741,3038,1535.895,4690861.60041,0
1764324120000,3054.67,3055.87,3050.00,3050.43,2473.970,1764324179999,7552178.53053,3620,851.775,2601461.27058,0
1764324180000,3050.42,3051.81,3050.37,3051.12,2127.591,1764324239999,6491098.96964,2963,1043.909,3184715.38330,0
1764324240000,3051.11,3051.64,3050.88,3051.29,645.700,1764324299999,1970124.26208,1449,363.764,1109878.87404,0
1764324300000,3051.30,3051.30,3048.50,3049.68,1374.747,1764324359999,4192408.13986,2959,424.141,1293437.54599,0
1764324360000,3049.68,3051.29,3049.56,3050.00,1643.060,1764324419999,5011933.96737,1759,1140.093,3477538.00108,0
1764324420000,3050.01,3050.52,3049.00,3050.26,2357.984,1764324479999,7191293.64154,2025,685.144,2089576.98758,0
1764324480000,3050.26,3050.88,3050.26,3050.88,564.973,1764324539999,1723410.70684,933,353.348,1077850.40185,0
1764324540000,3050.88,3050.88,3049.00,3049.01,1079.260,1764324599999,3291246.34188,1575,341.264,1040615.89947,0
1764324600000,3049.01,3050.20,3049.01,3049.68,978.656,1764324659999,2984608.64011,1306,595.465,1815967.43622,0
1764324660000,3049.67,3051.07,3049.08,3049.09,1130.049,1764324719999,3447078.92329,1871,507.349,1547513.34423,0
1764324720000,3049.09,3050.23,3048.90,3049.61,972.836,1764324779999,2966670.28440,1638,429.479,1309653.38962,0
1764324780000,3049.62,3049.62,3048.01,3049.06,1050.416,1764324839999,3202295.13965,1704,426.412,1299952.30469,0
1764324840000,3049.06,3049.06,3048.23,3048.87,588.146,1764324899999,1793016.91049,982,398.866,1215954.79136,0
1764324900000,3048.88,3049.90,3048.55,3048.66,1398.208,1764324959999,4263413.91338,1717,545.340,1662872.14900,0
1764324960000,3048.65,3048.66,3046.84,3047.69,2625.123,1764325019999,7999686.89175,2537,1297.635,3954166.57757,0
1764325020000,3047.70,3048.25,3045.84,3046.08,2509.849,1764325079999,7647044.02456,3159,695.818,2120189.29223,0
1764325080000,3046.08,3048.24,3045.91,3048.24,2354.571,1764325139999,7174139.06308,3061,1196.770,3646390.57852,0
1764325140000,3048.24,3051.59,3047.44,3050.84,1237.215,1764325199999,3773023.68026,3149,818.122,2494918.03256,0
1764325200000,3050.85,3053.63,3050.85,3052.86,2011.419,1764325259999,6139616.59209,3754,1231.061,3757696.02596,0
1764325260000,3052.86,3054.74,3052.21,3054.24,2602.471,1764325319999,7945739.92414,3553,1649.461,5035976.54406,0
1764325320000,3054.24,3054.41,3051.51,3052.65,1766.190,1764325379999,5391907.16454,2763,1043.155,3184537.62083,0
1764325380000,3052.65,3053.60,3052.65,3053.32,1235.823,1764325439999,3773131.40285,1509,597.377,1823830.65335,0
1764325440000,3053.33,3053.65,3052.38,3053.00,750.800,1764325499999,2292227.88162,1480,350.934,1071369.07924,0
1764325500000,3053.00,3053.31,3051.80,3052.25,758.829,1764325559999,2316302.29858,1480,356.797,1089066.29107,0
1764325560000,3052.24,3052.65,3051.45,3051.68,629.990,1764325619999,1922697.94979,1547,240.717,734638.42667,0
1764325620000,3051.68,3051.68,3050.52,3050.52,573.438,1764325679999,1749627.32333,1276,162.043,494386.00642,0
1764325680000,3050.51,3050.52,3049.66,3050.17,535.593,1764325739999,1633577.83618,1114,194.331,592702.58091,0
1764325740000,3050.16,3050.23,3049.07,3049.52,570.660,1764325799999,1740248.41219,1281,320.929,978651.35937,0
1764325800000,3049.52,3050.00,3047.91,3049.51,2358.583,1764325859999,7191169.96011,2550,708.955,2161724.98429,0
1764325860000,3049.51,3050.91,3049.33,3050.28,831.465,1764325919999,2536128.23342,1577,379.888,1158670.13918,0
1764325920000,3050.28,3052.76,3050.28,3052.75,746.429,1764325979999,2277558.25403,1644,538.960,1644498.53350,0
1764325980000,3052.75,3053.79,3051.93,3053.79,1072.220,1764326039999,3273275.97977,1810,687.053,2097426.12707,0
1764326040000,3053.78,3055.55,3051.38,3051.38,1994.138,1764326099999,6090425.63255,3343,1069.081,3265671.04065,0
1764326100000,3051.38,3051.38,3049.37,3050.39,1596.842,1764326159999,4870733.06607,3223,652.324,1989790.05612,0
1764326160000,3050.39,3051.25,3050.01,3050.84,636.258,1764326219999,1940989.37974,1933,476.097,1452426.06287,0
1764326220000,3050.84,3051.51,3050.40,3050.70,431.725,1764326279999,1317134.96422,1296,196.483,599462.02217,0
1764326280000,3050.71,3051.59,3050.71,3051.51,449.412,1764326339999,1371279.48129,1198,238.433,727508.66327,0
1764326340000,3051.51,3052.49,3051.21,3052.24,345.114,1764326399999,1053246.40172,1147,281.839,860155.32253,0
1764326400000,3052.24,3052.94,3052.05,3052.06,520.965,1764326459999,1590275.98359,1087,273.004,833375.67840,0
1764326460000,3052.06,3053.00,3051.75,3051.75,960.330,1764326519999,2931163.98556,1749,596.559,1820804.45641,0
1764326520000,3051.76,3052.78,3051.04,3052.77,648.670,1764326579999,1979519.89333,1210,413.239,1261059.90070,0
1764326580000,3052.78,3052.78,3051.20,3051.68,460.085,1764326639999,1404189.59888,969,221.905,677216.02570,0
1764326640000,3051.67,3051.83,3050.54,3050.54,844.440,1764326699999,2576633.32604,991,240.567,734060.13075,0
1764326700000,3050.54,3052.22,3050.23,3051.51,1535.412,1764326759999,4684405.88611,1775,702.690,2143894.54000,0
1764326760000,3051.52,3051.52,3048.77,3049.45,1414.715,1764326819999,4314078.54354,2258,376.249,1147295.92334,0
1764326820000,3049.44,3050.01,3049.32,3049.90,739.993,1764326879999,2256706.47895,1395,330.965,1009342.50887,0
1764326880000,3049.90,3050.50,3049.90,3050.49,303.636,1764326939999,926135.64747,800,201.717,615267.29510,0
1764326940000,3050.50,3050.50,3048.56,3049.56,1497.723,1764326999999,4566866.68942,1827,396.226,1208149.93174,0
1764327000000,3049.55,3050.00,3048.60,3050.00,1178.962,1764327059999,3594980.87783,1668,576.478,1757779.51737,0
1764327060000,3049.99,3054.51,3049.80,3054.19,4892.814,1764327119999,14933713.34623,5276,3594.130,10969796.46841,0
1764327120000,3054.18,3057.10,3053.65,3055.41,4796.866,1764327179999,14655195.08648,5482,3231.936,9874239.66827,0
1764327180000,3055.41,3058.46,3054.15,3056.85,4434.472,1764327239999,13553836.02247,6396,2365.902,7231906.66860,0
1764327240000,3056.84,3059.85,3056.59,3057.77,4490.844,1764327299999,13737028.63088,5097,2471.427,7559968.19185,0
1764327300000,3057.76,3062.29,3057.34,3062.02,7828.945,1764327359999,23964752.87602,9711,4988.195,15268103.36764,0
1764327360000,3062.02,3062.38,3058.80,3059.16,3323.370,1764327419999,10172224.86755,4592,1446.458,4427406.15198,0
1764327420000,3059.16,3059.55,3058.51,3058.67,852.408,1764327479999,2607464.19271,1866,345.515,1056913.42176,0
1764327480000,3058.67,3058.88,3057.89,3058.54,988.762,1764327539999,3024092.53069,1640,466.531,1426880.53244,0
1764327540000,3058.54,3059.46,3057.65,3059.27,1238.252,1764327599999,3787377.34237,2077,492.982,1507846.06247,0
1764327600000,3059.28,3059.96,3057.74,3058.66,1291.015,1764327659999,3949252.79950,2497,680.666,2082270.75356,0
1764327660000,3058.66,3060.37,3057.95,3060.37,1772.965,1764327719999,5423682.78199,2657,988.643,3024673.89487,0
1764327720000,3060.37,3060.76,3056.81,3057.56,3977.682,1764327779999,12165957.56664,6682,1260.323,3855007.28810,0
1764327780000,3057.56,3058.87,3054.65,3054.66,2211.840,1764327839999,6760825.27486,3707,616.147,1883889.38379,0
1764327840000,3054.65,3054.65,3051.44,3052.99,3760.408,1764327899999,11480108.55827,5395,878.988,2683437.57747,0
1764327900000,3052.99,3053.55,3051.05,3052.17,1557.753,1764327959999,4754251.10124,3223,600.742,1833552.80922,0
1764327960000,3052.18,3052.44,3050.52,3052.21,1598.822,1764328019999,4878738.12368,2909,547.801,1671583.37177,0
1764328020000,3052.22,3052.30,3050.07,3051.62,2045.382,1764328079999,6240629.92663,3494,798.451,2436158.02596,0
1764328080000,3051.62,3051.85,3050.54,3051.19,1394.794,1764328139999,4255512.17770,2398,756.747,2308812.02719,0
1764328140000,3051.19,3052.28,3050.63,3051.44,2019.713,1764328199999,6162816.94057,2742,1113.684,3398356.79403,0
1764328200000,3051.43,3052.51,3050.50,3050.51,1030.230,1764328259999,3143783.83921,2363,608.758,1857717.35554,0
1764328260000,3050.50,3050.51,3049.32,3049.71,2158.486,1764328319999,6583247.77234,2523,494.510,1508161.60867,0
1764328320000,3049.71,3050.00,3049.50,3049.82,653.390,1764328379999,1992723.98904,1203,347.332,1059305.84471,0
1764328380000,3049.80,3049.80,3047.24,3047.81,2494.211,1764328439999,7602873.41248,2942,706.945,2154707.43280,0
1764328440000,3047.82,3047.82,3032.06,3032.74,26286.575,1764328499999,79883558.31103,26717,8087.642,24572137.41182,0
1764328500000,3032.75,3033.46,3015.31,3020.66,45166.799,1764328559999,136577700.23116,49554,19747.831,59705599.84046,0
1764328560000,3020.66,3026.56,3018.32,3022.74,11408.647,1764328619999,34485035.39194,19733,7092.160,21437753.96951,0
1764328620000,3022.74,3027.81,3019.55,3023.18,9478.504,1764328679999,28654612.55456,16421,4738.898,14326844.48300,0
1764328680000,3023.19,3027.48,3023.19,3025.23,4180.878,1764328739999,12651120.88991,9266,2531.801,7660968.23093,0
1764328740000,3025.24,3025.95,3020.00,3024.61,4358.516,1764328799999,13174549.59444,9749,2489.267,7524574.50596,0
1764328800000,3024.61,3029.83,3024.27,3026.94,6221.163,1764328859999,18833039.99115,10848,3934.065,11909443.50645,0
1764328860000,3026.95,3028.22,3025.63,3025.74,2859.136,1764328919999,8655189.60306,5854,1849.795,5599827.78894,0
1764328920000,3025.75,3025.75,3023.00,3024.71,2604.849,1764328979999,7878600.64649,5978,1220.576,3691556.79011,0
1764328980000,3024.70,3028.95,3024.45,3028.22,2790.628,1764329039999,8448631.54400,5741,1658.739,5021725.99288,0
1764329040000,3028.21,3028.22,3025.14,3025.90,1870.389,1764329099999,5661287.17649,3599,721.444,2183483.85832,0
1764329100000,3025.90,3028.35,3025.01,3028.05,1806.987,1764329159999,5469703.79547,3404,1168.796,3537911.36422,0
1764329160000,3028.06,3028.06,3025.85,3026.26,1924.221,1764329219999,5824814.22523,4558,819.993,2482158.40614,0
1764329220000,3026.25,3027.78,3025.95,3027.77,1193.670,1764329279999,3612857.01314,2537,618.298,1871494.40460,0
1764329280000,3027.78,3031.65,3027.57,3031.47,5180.577,1764329339999,15698986.07068,6789,3190.098,9667039.80050,0
1764329340000,3031.46,3032.07,3028.56,3028.61,2171.678,1764329399999,6580928.57800,3644,774.365,2346791.09172,0
1764329400000,3028.61,3029.60,3027.82,3029.00,1378.233,1764329459999,4174101.36582,3340,641.303,1942265.20306,0
1764329460000,3029.00,3032.27,3027.36,3031.62,2080.450,1764329519999,6304414.26772,4088,1352.934,4100099.45874,0
1764329520000,3031.62,3031.62,3028.56,3028.88,1391.902,1764329579999,4217616.37289,3095,498.926,1511912.21347,0
1764329580000,3028.89,3030.22,3027.49,3028.55,1343.612,1764329639999,4069364.65568,3327,476.517,1443279.30332,0
1764329640000,3028.54,3030.76,3028.19,3029.15,1195.319,1764329699999,3621396.75330,3301,756.086,2290638.20380,0
1764329700000,3029.15,3029.85,3027.37,3029.47,1036.318,1764329759999,3138208.23059,2901,463.777,1404415.35249,0
1764329760000,3029.47,3032.40,3029.23,3031.78,1710.469,1764329819999,5184126.12817,3140,963.395,2919945.17730,0
1764329820000,3031.76,3032.46,3030.47,3032.46,1171.266,1764329879999,3550972.23541,2975,483.661,1466249.86874,0
1764329880000,3032.45,3033.00,3031.27,3031.32,1086.888,1764329939999,3295883.22003,2787,485.650,1472720.86471,0
1764329940000,3031.33,3031.33,3028.48,3028.60,1073.099,1764329999999,3251034.66501,2778,274.430,831234.92185,0
1764330000000,3028.60,3029.99,3026.52,3029.33,1912.624,1764330059999,5791365.22350,3556,666.068,2017169.32774,0
1764330060000,3029.32,3031.95,3028.35,3031.11,1399.651,1764330119999,4242163.23190,3410,963.971,2921705.79591,0
1764330120000,3031.12,3034.49,3031.11,3032.11,2214.187,1764330179999,6716407.98064,4725,1173.898,3560892.95299,0
1764330180000,3032.10,3032.25,3029.86,3030.95,1256.252,1764330239999,3807787.21951,2752,693.994,2103584.41165,0
1764330240000,3030.96,3032.00,3026.88,3028.29,2972.586,1764330299999,9004407.43325,4667,1614.960,4891543.11418,0
1764330300000,3028.30,3033.87,3028.13,3033.79,2857.510,1764330359999,8661737.33259,4573,2320.752,7034874.45052,0
1764330360000,3033.78,3033.78,3031.84,3032.20,1318.015,1764330419999,3996694.48110,2306,549.656,1666787.05140,0
1764330420000,3032.21,3032.21,3030.41,3030.41,503.210,1764330479999,1525382.76823,1744,196.839,596657.92044,0
1764330480000,3030.42,3030.93,3030.00,3030.72,595.597,1764330539999,1804889.84433,1213,398.108,1206440.68939,0
1764330540000,3030.72,3031.28,3029.76,3030.36,1061.842,1764330599999,3217617.67060,2033,461.616,1398818.69793,0
1764330600000,3030.35,3032.40,3029.11,3032.26,1066.261,1764330659999,3232008.26819,3184,545.619,1653832.47361,0
1764330660000,3032.26,3032.40,3030.74,3031.42,1069.564,1764330719999,3242672.25389,2011,208.951,633482.59766,0
1764330720000,3031.42,3031.43,3027.56,3028.38,2641.992,1764330779999,8002059.06659,4134,948.254,2871751.37959,0
1764330780000,3028.38,3029.81,3028.38,3029.41,1087.178,1764330839999,3292914.41206,1730,921.436,2790842.92862,0
1764330840000,3029.42,3032.30,3029.39,3031.70,1045.479,1764330899999,3169029.38184,2343,703.514,2132555.48522,0
1764330900000,3031.70,3034.34,3031.19,3034.09,2259.011,1764330959999,6852673.02944,3487,1656.440,5024992.95435,0
1764330960000,3034.10,3037.26,3034.09,3034.87,4629.305,1764331019999,14053691.38957,6142,3159.572,9591734.52020,0
1764331020000,3034.88,3035.01,3033.00,3033.23,2509.908,1764331079999,7615774.51527,3709,663.814,2014334.95804,0
1764331080000,3033.22,3033.94,3033.00,3033.56,699.379,1764331139999,2121560.25045,1611,432.663,1312456.81713,0
1764331140000,3033.55,3034.00,3032.25,3032.44,1870.205,1764331199999,5672914.02772,2433,587.080,1780757.24718,0
1764331200000,3032.44,3033.27,3031.56,3033.11,1048.856,1764331259999,3180398.37999,2362,616.464,1869284.78640,0
1764331260000,3033.12,3033.69,3032.19,3033.30,1343.464,1764331319999,4074853.59608,2417,553.531,1678880.23842,0
1764331320000,3033.29,3036.52,3033.04,3035.08,1180.644,1764331379999,3583357.44183,3295,764.739,2321121.48232,0
1764331380000,3035.07,3041.99,3034.70,3037.41,6432.175,1764331439999,19546473.74642,9100,4316.431,13117221.44155,0
1764331440000,3037.42,3038.48,3036.60,3037.38,2199.727,1764331499999,6681599.94472,3663,705.683,2143591.35281,0
1764331500000,3037.39,3037.99,3036.02,3036.88,1243.601,1764331559999,3776685.83185,2554,506.581,1538434.28651,0
1764331560000,3036.87,3037.58,3036.15,3036.88,1171.751,1764331619999,3558253.06803,2258,407.888,1238690.16567,0
1764331620000,3036.88,3044.78,3036.31,3042.66,4960.283,1764331679999,15086171.70049,6860,3688.120,11216953.61187,0
1764331680000,3042.66,3043.64,3040.00,3042.74,4357.115,1764331739999,13254258.04079,6408,1907.547,5802379.90292,0
1764331740000,3042.75,3044.43,3041.25,3041.87,2796.401,1764331799999,8508850.32341,5069,1145.404,3485421.91230,0
1764331800000,3041.86,3041.91,3040.30,3041.10,1816.858,1764331859999,5525080.76603,3477,512.778,1559350.14185,0
1764331860000,3041.10,3041.10,3040.10,3040.38,905.815,1764331919999,2754050.80966,2238,356.599,1084211.99476,0
1764331920000,3040.38,3041.35,3039.24,3041.34,1399.256,1764331979999,4253850.55833,2434,397.948,1209908.34084,0
1764331980000,3041.35,3041.35,3035.99,3037.51,1977.803,1764332039999,6007911.19270,4015,515.096,1564664.93021,0
1764332040000,3037.51,3037.97,3036.28,3037.25,1144.970,1764332099999,3477544.44498,2607,380.616,1156076.16230,0
1764332100000,3037.25,3038.70,3035.99,3038.49,594.841,1764332159999,1806646.09054,2080,339.319,1030641.15269,0
1764332160000,3038.50,3038.50,3033.88,3035.19,1581.207,1764332219999,4799530.90937,3592,409.778,1243848.84717,0
1764332220000,3035.18,3037.91,3033.88,3037.33,888.770,1764332279999,2698112.86246,2671,505.267,1534099.79691,0
1764332280000,3037.33,3038.25,3035.61,3036.39,1180.011,1764332339999,3583246.31161,2797,381.400,1158097.93196,0
1764332340000,3036.38,3038.38,3035.76,3038.12,508.784,1764332399999,1545382.42399,1617,260.209,790396.71915,0
1764332400000,3038.12,3040.19,3037.80,3039.04,1040.220,1764332459999,3161277.59332,2385,753.210,2289062.18370,0
1764332460000,3039.04,3039.90,3037.24,3037.24,1065.286,1764332519999,3237187.79967,2358,642.041,1951204.26697,0
1764332520000,3037.24,3038.43,3036.49,3037.79,421.330,1764332579999,1279817.76550,1962,164.720,500371.25547,0
1764332580000,3037.79,3038.55,3036.25,3036.52,510.027,1764332639999,1549323.49415,1820,136.168,413646.42956,0
1764332640000,3036.54,3037.01,3036.28,3036.34,386.228,1764332699999,1172877.22561,1015,119.305,362293.16771,0
1764332700000,3036.34,3036.41,3033.69,3034.29,2042.850,1764332759999,6199070.94619,3038,560.695,1701255.78426,0
1764332760000,3034.29,3035.20,3033.74,3034.99,919.285,1764332819999,2789429.20899,1830,435.054,1320171.55232,0
1764332820000,3035.00,3036.30,3034.95,3036.20,328.976,1764332879999,998651.03485,1513,124.725,378633.81773,0
1764332880000,3036.21,3036.41,3035.11,3035.26,317.498,1764332939999,963832.06101,1068,123.973,376344.23610,0
1764332940000,3035.26,3035.31,3034.57,3034.58,535.529,1764332999999,1625382.20405,1099,226.932,688745.10649,0
1764333000000,3034.57,3035.44,3034.07,3034.21,430.187,1764333059999,1305524.20913,1318,200.666,608987.70425,0
1764333060000,3034.21,3034.21,3030.93,3031.46,3009.030,1764333119999,9123888.17429,4612,801.076,2428884.17032,0
1764333120000,3031.47,3034.69,3031.47,3034.68,985.700,1764333179999,2989526.47440,2531,604.119,1832253.42882,0
1764333180000,3034.68,3038.84,3034.68,3036.80,1699.788,1764333239999,5162403.04426,3376,1220.257,3706007.21536,0
1764333240000,3036.80,3038.58,3036.45,3038.05,851.375,1764333299999,2586073.13470,1730,439.566,1335239.36222,0
1764333300000,3038.05,3038.45,3037.31,3038.08,792.411,1764333359999,2407377.00120,1572,311.969,947785.49937,0
1764333360000,3038.08,3039.88,3037.80,3037.80,1116.213,1764333419999,3391660.10974,2630,653.267,1984938.86480,0
1764333420000,3037.81,3038.62,3036.20,3037.10,1255.707,1764333479999,3813699.48379,2503,327.183,993636.84049,0
1764333480000,3037.10,3037.54,3035.28,3035.28,497.360,1764333539999,1510440.58371,1627,181.011,549748.22178,0
1764333540000,3035.29,3036.73,3035.28,3036.67,920.273,1764333599999,2794009.65329,1505,725.053,2201318.75210,0
1764333600000,3036.66,3039.57,3036.66,3038.00,3051.840,1764333659999,9271352.34895,3219,1301.560,3953854.74966,0
1764333660000,3038.00,3038.50,3037.00,3038.18,427.604,1764333719999,1299016.43552,1417,220.878,671037.35634,0
1764333720000,3038.18,3038.83,3037.95,3038.17,542.448,1764333779999,1648221.97844,1396,368.643,1120132.22757,0
1764333780000,3038.18,3038.80,3037.75,3037.75,418.352,1764333839999,1271036.29084,1327,244.775,743661.06640,0
1764333840000,3037.76,3037.76,3035.20,3035.74,1302.964,1764333899999,3956010.42242,2090,512.141,1554629.00309,0
1764333900000,3035.74,3036.59,3034.66,3034.66,1023.465,1764333959999,3106602.81464,2554,458.298,1391157.18906,0
1764333960000,3034.66,3036.54,3033.31,3035.76,2048.418,1764334019999,6215330.29053,3354,567.279,1721477.64750,0
1764334020000,3035.77,3037.23,3035.64,3036.25,735.571,1764334079999,2233545.95445,1836,468.922,1423862.49571,0
1764334080000,3036.26,3036.50,3035.16,3035.43,412.192,1764334139999,1251415.82439,1122,138.645,420897.81790,0
1764334140000,3035.43,3036.03,3034.36,3034.36,606.774,1764334199999,1841682.01838,1297,236.335,717396.92466,0
1764334200000,3034.36,3036.03,3034.36,3035.33,635.866,1764334259999,1930039.47374,1557,451.001,1368872.32803,0
1764334260000,3035.34,3036.94,3034.91,3036.73,885.787,1764334319999,2689512.55925,1588,619.116,1879916.50934,0
1764334320000,3036.73,3037.21,3036.12,3037.21,347.436,1764334379999,1055120.15263,997,163.659,497022.57342,0
1764334380000,3037.20,3037.54,3036.64,3037.09,490.807,1764334439999,1490555.35303,1118,215.633,654857.82910,0
1764334440000,3037.09,3037.47,3036.38,3036.39,382.044,1764334499999,1160273.07324,1063,219.720,667290.26038,0
1764334500000,3036.38,3036.52,3036.00,3036.11,457.250,1764334559999,1388328.85392,754,155.517,472180.23372,0
1764334560000,3036.11,3038.06,3035.94,3036.49,781.752,1764334619999,2374238.59956,1776,552.441,1677787.85384,0
1764334620000,3036.50,3036.50,3035.00,3035.01,389.992,1764334679999,1183915.00537,1013,91.910,279056.67273,0
1764334680000,3035.00,3035.01,3033.90,3034.72,749.205,1764334739999,2273234.33591,1179,302.469,917748.87153,0
1764334740000,3034.72,3034.82,3034.22,3034.82,371.988,1764334799999,1128806.86765,871,186.174,564950.21323,0
1764334800000,3034.82,3035.45,3033.49,3035.28,1136.567,1764334859999,3449188.05773,1873,480.978,1459616.96282,0
1764334860000,3035.27,3035.82,3034.41,3035.38,442.837,1764334919999,1344126.10105,1404,307.892,934530.46161,0
1764334920000,3035.38,3035.48,3034.16,3034.16,585.949,1764334979999,1778276.11235,1336,230.279,698827.78336,0
1764334980000,3034.14,3034.14,3031.84,3032.53,1594.977,1764335039999,4837174.20962,2913,333.985,1012917.62810,0
1764335040000,3032.52,3033.79,3031.72,3033.79,1162.127,1764335099999,3524244.47935,2048,697.965,2116722.75262,0
1764335100000,3033.79,3035.36,3033.78,3034.17,894.916,1764335159999,2715381.69409,1748,515.259,1563395.08119,0
1764335160000,3034.18,3035.51,3034.12,3034.17,814.178,1764335219999,2470841.64982,1931,485.604,1473712.30637,0
1764335220000,3034.17,3034.17,3025.00,3027.31,16342.983,1764335279999,49506295.57132,10131,2193.328,6640919.05602,0
1764335280000,3027.32,3029.15,3025.59,3026.26,4452.912,1764335339999,13479650.08518,6337,2217.222,6711864.02699,0
1764335340000,3026.26,3028.01,3024.34,3027.00,3417.654,1764335399999,10342499.30224,5002,1784.378,5400096.68919,0
1764335400000,3027.00,3028.04,3025.20,3027.56,1791.689,1764335459999,5423219.54732,3567,892.078,2700088.19604,0
1764335460000,3027.56,3029.75,3027.56,3029.47,1106.869,1764335519999,3352840.07181,2466,640.579,1940414.95097,0
1764335520000,3029.48,3030.00,3027.81,3027.83,672.325,1764335579999,2036474.00995,2129,440.249,1333527.94802,0
1764335580000,3027.83,3029.01,3027.71,3029.00,698.284,1764335639999,2114697.75081,1554,357.496,1082640.81737,0
1764335640000,3029.00,3030.13,3029.00,3029.28,876.695,1764335699999,2656113.84958,1713,491.423,1488863.37646,0
1764335700000,3029.29,3029.81,3027.72,3027.73,1136.771,1764335759999,3443256.16853,2151,765.239,2317854.87952,0
1764335760000,3027.73,3028.87,3027.21,3027.39,800.289,1764335819999,2423189.69631,1984,305.840,926029.00638,0
1764335820000,3027.40,3028.98,3027.00,3027.71,694.023,1764335879999,2101495.50952,1682,245.664,743859.89435,0
1764335880000,3027.72,3031.02,3027.71,3030.64,1420.678,1764335939999,4304662.91886,2835,1026.784,3111176.81407,0
1764335940000,3030.64,3032.37,3029.50,3031.06,1858.061,1764335999999,5632276.52374,2951,858.121,2601172.87195,0
1764336000000,3031.06,3032.30,3030.44,3031.75,1446.813,1764336059999,4385925.22183,1850,931.260,2823143.41929,0
1764336060000,3031.75,3032.33,3031.10,3032.32,1018.835,1764336119999,3088657.49515,1576,644.473,1953768.39393,0
1764336120000,3032.33,3034.70,3032.32,3034.36,2390.407,1764336179999,7251001.77580,3929,1659.600,5034215.96015,0
1764336180000,3034.37,3034.66,3032.38,3032.79,1319.003,1764336239999,4001824.67236,2879,656.106,1990641.59671,0
1764336240000,3032.79,3033.47,3032.62,3033.28,733.364,1764336299999,2224296.75816,1360,417.011,1264717.73327,0
1764336300000,3033.28,3033.81,3033.19,3033.67,791.634,1764336359999,2401360.41660,1354,501.362,1520840.67903,0
1764336360000,3033.69,3035.04,3033.68,3034.75,1470.478,1764336419999,4461869.15656,2137,925.748,2809057.05391,0
1764336420000,3034.74,3034.75,3034.10,3034.29,459.683,1764336479999,1394874.33140,938,224.081,679955.67908,0
1764336480000,3034.30,3034.35,3034.00,3034.20,641.861,1764336539999,1947488.21746,1035,380.682,1155032.42476,0
1764336540000,3034.20,3034.21,3034.00,3034.08,410.696,1764336599999,1246072.30295,643,195.373,592769.51002,0
1764336600000,3034.08,3036.46,3032.19,3035.93,5205.126,1764336659999,15793347.75909,8524,3102.482,9414151.29208,0
1764336660000,3035.94,3037.93,3035.85,3037.28,1410.504,1764336719999,4283931.83337,3139,845.763,2568727.27126,0
1764336720000,3037.27,3039.00,3036.63,3038.51,1456.603,1764336779999,4425632.93136,3197,925.842,2812940.74364,0
1764336780000,3038.51,3038.51,3036.44,3038.24,1478.469,1764336839999,4490872.03092,2395,590.990,1795170.22157,0
1764336840000,3038.25,3038.98,3037.53,3038.43,1248.412,1764336899999,3793138.12153,2238,987.553,3000548.80705,0
1764336900000,3038.43,3044.00,3038.42,3041.75,6797.646,1764336959999,20675889.46193,7773,4876.248,14831177.47919,0
1764336960000,3041.75,3057.08,3041.75,3056.05,18107.155,1764337019999,55226756.36771,23179,12356.367,37682995.59137,0
1764337020000,3056.04,3056.65,3046.24,3047.12,6605.220,1764337079999,20148238.21585,10079,1967.497,6001197.38326,0
1764337080000,3047.12,3050.45,3047.10,3048.77,3332.518,1764337139999,10160196.60582,6776,1790.331,5458351.54119,0
1764337140000,3048.77,3056.41,3048.60,3053.22,6106.958,1764337199999,18644507.74082,11009,3435.272,10487872.96447,0
1764337200000,3053.21,3060.00,3050.21,3052.01,9584.444,1764337259999,29283528.61488,15880,4485.617,13709957.86138,0
1764337260000,3052.01,3053.24,3050.37,3051.45,1906.060,1764337319999,5817124.16373,5096,910.719,2779504.30594,0
1764337320000,3051.45,3055.32,3051.19,3055.00,4091.429,1764337379999,12494030.30607,7084,2215.954,6766850.59912,0
1764337380000,3054.99,3055.00,3051.30,3051.31,2756.339,1764337439999,8414381.34339,4752,847.166,2586025.56352,0
1764337440000,3051.30,3053.56,3051.30,3053.55,1620.512,1764337499999,4946368.82115,2696,907.928,2771389.18437,0
1764337500000,3053.56,3057.36,3053.24,3056.66,3309.268,1764337559999,10110989.57350,4740,2078.970,6352004.06165,0
1764337560000,3056.65,3062.48,3056.65,3060.99,10765.774,1764337619999,32947121.12569,12243,6824.782,20884903.14390,0
1764337620000,3060.99,3080.00,3060.00,3078.88,36119.957,1764337679999,111010944.61037,38358,22447.432,68983815.43879,0
1764337680000,3078.89,3087.99,3071.57,3074.49,37659.463,1764337739999,115983318.50031,41907,20017.050,61672891.24016,0
1764337740000,3074.49,3076.15,3072.97,3073.00,7714.969,1764337799999,23718953.08955,10465,2805.400,8625361.69085,0
1764337800000,3073.00,3073.06,3066.12,3067.32,12228.649,1764337859999,37529736.43268,17032,4201.058,12892164.72554,0
1764337860000,3067.31,3069.49,3065.03,3067.66,6519.236,1764337919999,19994250.89638,10436,2897.983,8888112.89869,0
1764337920000,3067.65,3071.32,3066.92,3069.79,4780.211,1764337979999,14673430.93784,9582,2831.430,8691617.80112,0
1764337980000,3069.80,3072.21,3067.08,3067.65,3741.406,1764338039999,11484406.20884,7159,1610.371,4943647.91257,0
1764338040000,3067.65,3068.00,3064.00,3068.00,6711.147,1764338099999,20575545.31186,10266,3006.218,9216758.96271,0
1764338100000,3068.00,3072.44,3067.70,3069.18,3049.637,1764338159999,9361979.61119,6757,1497.050,4595748.64691,0
1764338160000,3069.18,3069.60,3066.71,3067.35,2125.265,1764338219999,6519472.21292,4432,1010.475,3099711.94369,0
1764338220000,3067.35,3071.71,3066.41,3071.69,2917.235,1764338279999,8952892.21077,4823,2048.063,6285706.71100,0
1764338280000,3071.69,3075.00,3070.64,3072.97,7163.045,1764338339999,22010712.70985,9055,4230.036,12998246.12940,0
1764338340000,3072.98,3072.98,3070.31,3072.56,3133.351,1764338399999,9624226.24838,5017,1583.327,4863381.39015,0
1764338400000,3072.56,3077.47,3069.19,3076.50,6332.048,1764338459999,19451232.99054,8927,3543.080,10885744.77298,0
1764338460000,3076.50,3077.69,3068.70,3072.50,7526.914,1764338519999,23129747.47602,15100,3475.269,10680230.52623,0
1764338520000,3072.50,3074.71,3070.36,3071.29,2803.561,1764338579999,8613440.62839,7164,1454.933,4470326.38323,0
1764338580000,3071.29,3074.15,3069.38,3073.40,3197.232,1764338639999,9822371.66991,6501,1964.502,6035711.73015,0
1764338640000,3073.40,3073.41,3070.79,3072.99,2457.429,1764338699999,7549400.36364,4862,928.701,2853005.62592,0
1764338700000,3072.99,3075.00,3071.54,3073.44,2956.341,1764338759999,9085536.77308,6704,1393.311,4281780.89448,0
1764338760000,3073.46,3073.46,3070.30,3071.23,2926.402,1764338819999,8988424.92113,6452,1365.109,4193014.38729,0
1764338820000,3071.23,3072.19,3070.40,3070.53,2049.374,1764338879999,6293781.77591,3494,1106.798,3399102.44505,0
1764338880000,3070.52,3071.56,3069.14,3070.61,2977.740,1764338939999,9142471.35985,5003,1154.702,3545396.89382,0
1764338940000,3070.60,3073.10,3070.60,3070.68,2278.563,1764338999999,6999468.35696,4421,1405.716,4318121.84464,0
1764339000000,3070.68,3070.69,3064.68,3065.94,7585.147,1764339059999,23264485.00169,10065,2446.865,7504628.30513,0
1764339060000,3065.93,3069.40,3062.41,3068.79,6657.217,1764339119999,20410149.90109,8766,3574.450,10961210.03205,0
1764339120000,3068.78,3068.80,3066.56,3067.01,1822.431,1764339179999,5591089.44601,3865,930.715,2855341.90739,0
1764339180000,3067.02,3068.56,3067.00,3067.08,1200.327,1764339239999,3682083.98608,2772,605.274,1856732.15706,0
1764339240000,3067.08,3069.60,3066.20,3068.90,2107.210,1764339299999,6465175.19571,4091,1244.784,3819088.08183,0
1764339300000,3068.91,3072.85,3068.42,3071.86,2803.481,1764339359999,8607607.20882,5366,1688.993,5186032.91356,0
1764339360000,3071.86,3074.96,3071.86,3073.87,3712.073,1764339419999,11409932.27731,5633,2416.362,7427066.34888,0
1764339420000,3073.86,3077.30,3072.84,3075.66,5354.178,1764339479999,16466506.86804,7072,3301.435,10154039.29814,0
1764339480000,3075.66,3075.67,3072.15,3073.29,2776.274,1764339539999,8532361.15231,4422,866.933,2664083.54489,0
1764339540000,3073.30,3073.30,3069.33,3070.28,4767.100,1764339599999,14637818.64670,6319,1683.636,5169563.06811,0
1764339600000,3070.28,3073.10,3070.28,3072.80,1449.390,1764339659999,4451503.41744,3470,811.770,2493217.67725,0
1764339660000,3072.80,3075.44,3072.47,3074.59,1888.332,1764339719999,5805639.44805,4002,1092.624,3359130.72276,0
1764339720000,3074.58,3079.88,3072.96,3078.89,8982.993,1764339779999,27642588.52050,7552,7738.684,23813875.87165,0
1764339780000,3078.89,3081.18,3077.23,3081.17,5772.859,1764339839999,17773699.50214,7963,3814.519,11744895.72019,0
1764339840000,3081.18,3082.94,3077.73,3077.73,9712.812,1764339899999,29922172.96467,12609,4799.162,14786205.03001,0
1764339900000,3077.73,3083.00,3077.55,3079.82,5753.894,1764339959999,17723331.46395,9316,3456.164,10645168.70762,0
1764339960000,3079.82,3084.84,3079.82,3083.71,11613.936,1764340019999,35805014.98261,16125,6403.408,19741023.33398,0
1764340020000,3083.70,3094.99,3083.54,3092.84,33682.362,1764340079999,104105667.93215,35146,24523.189,75792240.72359,0
1764340080000,3092.85,3093.20,3088.70,3090.90,12189.023,1764340139999,37665890.70052,13212,3891.119,12024239.23676,0
1764340140000,3090.90,3093.84,3087.59,3090.98,13460.659,1764340199999,41601834.27010,13590,4076.990,12601940.43431,0
1764340200000,3090.97,3099.00,3072.80,3074.63,61224.735,1764340259999,188793894.55624,45322,33101.846,102062429.66009,0
1764340260000,3074.63,3075.99,3071.85,3075.97,9025.682,1764340319999,27748196.74947,16292,3923.811,12063236.70419,0
1764340320000,3075.98,3078.73,3071.10,3072.30,11310.793,1764340379999,34782020.48598,13443,5539.054,17037122.07154,0
1764340380000,3072.30,3076.97,3070.00,3075.84,8056.629,1764340439999,24761334.51907,13616,4159.879,12786132.79379,0
1764340440000,3075.84,3076.99,3072.07,3074.00,4059.241,1764340499999,12478896.30530,8721,1391.948,4279364.12302,0
1764340500000,3074.00,3074.09,3070.17,3072.81,5573.592,1764340559999,17122047.20021,10919,2325.567,7143940.16762,0
1764340560000,3072.82,3074.27,3068.53,3070.46,5172.409,1764340619999,15884246.32377,9937,1995.153,6127201.22166,0
1764340620000,3070.45,3071.86,3068.00,3069.34,5420.953,1764340679999,16638996.03678,10712,2262.810,6945775.49717,0
1764340680000,3069.33,3069.69,3062.01,3065.33,14344.910,1764340739999,43960881.81620,19921,4776.058,14637055.82076,0
1764340740000,3065.34,3066.71,3060.15,3061.96,11912.790,1764340799999,36484447.03466,15124,5460.716,16723977.03171,0
1764340800000,3061.95,3063.85,3056.16,3061.86,11830.151,1764340859999,36201113.80168,17852,4294.090,13143107.25669,0
1764340860000,3061.86,3061.86,3050.11,3055.53,19321.461,1764340919999,58999544.50460,24561,9094.886,27769215.94923,0
1764340920000,3055.52,3060.15,3052.20,3052.55,9521.510,1764340979999,29099002.16787,13848,4813.586,14712561.94479,0
1764340980000,3052.56,3057.30,3052.01,3057.29,6700.957,1764341039999,20472760.30329,10954,3451.457,10544711.77071,0
1764341040000,3057.29,3060.22,3053.79,3053.98,5760.363,1764341099999,17612601.51578,9984,3321.779,10156949.23077,0
1764341100000,3053.97,3058.49,3051.43,3053.86,9921.164,1764341159999,30299630.95862,16324,6029.194,18412234.59131,0
1764341160000,3053.86,3056.07,3050.01,3054.55,8457.331,1764341219999,25814093.76289,15687,3509.948,10713430.52109,0
1764341220000,3054.54,3063.29,3054.29,3059.51,11928.261,1764341279999,36487024.34145,16418,7475.335,22867474.44189,0
1764341280000,3059.51,3064.37,3059.31,3063.17,6604.894,1764341339999,20224103.00166,10380,3506.603,10736357.47208,0
1764341340000,3063.17,3067.01,3062.91,3064.74,8565.674,1764341399999,26252697.23643,13183,4391.247,13459127.67963,0
1764341400000,3064.75,3069.48,3064.35,3066.00,6371.416,1764341459999,19541262.20340,11007,3498.014,10729163.00013,0
1764341460000,3066.00,3066.39,3064.19,3065.70,3294.383,1764341519999,10099195.59767,5941,1430.872,4386430.41453,0
1764341520000,3065.70,3065.81,3061.53,3062.02,2885.482,1764341579999,8837573.81347,5750,1107.229,3391280.29285,0
1764341580000,3062.01,3065.41,3062.01,3064.34,5809.968,1764341639999,17802704.21048,7948,3351.506,10269553.97220,0
1764341640000,3064.33,3065.55,3062.03,3063.32,4619.464,1764341699999,14153478.36520,8668,2526.441,7740666.28528,0
1764341700000,3063.32,3065.22,3061.50,3065.22,2447.890,1764341759999,7497860.92513,4319,1040.486,3187158.54347,0
1764341760000,3065.22,3066.00,3063.38,3064.45,2023.776,1764341819999,6202253.69970,4837,997.328,3056613.57272,0
1764341820000,3064.44,3064.45,3061.18,3062.71,1461.549,1764341879999,4476322.94481,3640,515.178,1577779.82505,0
1764341880000,3062.72,3063.23,3060.00,3061.61,3210.064,1764341939999,9827781.79987,5825,1555.686,4762870.25779,0
1764341940000,3061.61,3065.91,3061.16,3065.46,1327.324,1764341999999,4065763.81975,3225,588.133,1801648.00913,0
1764342000000,3065.46,3067.84,3064.85,3067.40,3486.813,1764342059999,10690985.80542,4284,2358.986,7233200.02542,0
1764342060000,3067.40,3069.72,3064.49,3067.69,5084.603,1764342119999,15597967.04492,7478,1996.349,6124275.82485,0
1764342120000,3067.68,3068.28,3062.13,3062.72,5330.763,1764342179999,16342925.65108,7431,1504.764,4612257.39886,0
1764342180000,3062.71,3062.71,3058.38,3060.57,4371.661,1764342239999,13376700.31847,6748,1306.309,3996909.04349,0
1764342240000,3060.56,3060.99,3054.27,3060.73,4474.693,1764342299999,13680919.16417,8957,1664.110,5088682.92813,0
1764342300000,3060.72,3061.31,3058.00,3059.62,1965.528,1764342359999,6013803.09446,5415,758.455,2320639.14940,0
1764342360000,3059.63,3061.10,3058.00,3060.57,1934.140,1764342419999,5918295.67035,4526,897.318,2745559.49707,0
1764342420000,3060.57,3064.20,3059.41,3062.28,2408.531,1764342479999,7375525.00931,6035,1179.080,3610782.60744,0
1764342480000,3062.28,3063.63,3060.76,3063.34,2283.363,1764342539999,6992298.28027,3339,1655.728,5070337.52202,0
1764342540000,3063.34,3064.63,3053.93,3054.78,9867.999,1764342599999,30171555.15693,13854,3989.293,12198780.82899,0
1764342600000,3054.78,3057.54,3054.78,3056.38,3604.839,1764342659999,11017142.66327,5888,2305.503,7045860.96435,0
1764342660000,3056.37,3062.47,3054.45,3061.50,3057.088,1764342719999,9351391.12247,6738,1480.415,4528687.92023,0
1764342720000,3061.49,3067.84,3060.88,3065.93,4985.552,1764342779999,15278402.96671,8396,2372.418,7270528.75413,0
1764342780000,3065.93,3066.14,3064.04,3065.87,2334.458,1764342839999,7155639.92668,3692,1203.630,3689143.84034,0
1764342840000,3065.88,3065.88,3064.14,3065.20,1639.529,1764342899999,5025604.66159,2918,650.874,1995070.29102,0
1764342900000,3065.20,3065.87,3062.32,3064.74,3513.979,1764342959999,10766728.00791,5986,1894.003,5803081.86158,0
1764342960000,3064.75,3074.44,3064.74,3074.44,9159.159,1764343019999,28122451.39028,12477,6908.039,21209032.62222,0
1764343020000,3074.44,3076.00,3070.00,3071.58,8422.006,1764343079999,25876265.55553,11004,4406.243,13540198.50268,0
1764343080000,3071.58,3074.96,3069.00,3071.72,5822.606,1764343139999,17888804.46567,8136,3382.362,10391666.38816,0
1764343140000,3071.71,3075.27,3071.22,3074.95,7013.760,1764343199999,21557095.38511,7303,3470.125,10664825.59876,0
1764343200000,3074.95,3081.59,3074.74,3080.32,15154.430,1764343259999,46645651.44511,13639,10076.340,31020590.13721,0
1764343260000,3080.32,3082.04,3075.90,3078.01,8778.639,1764343319999,27029381.98594,10537,5301.729,16324731.44158,0
1764343320000,3078.00,3078.58,3074.72,3076.68,7046.179,1764343379999,21675067.36070,8945,2984.131,9179578.18939,0
1764343380000,3076.69,3080.00,3076.69,3079.25,5870.548,1764343439999,18071748.99536,6532,3096.216,9531635.93405,0
1764343440000,3079.24,3084.00,3079.24,3082.36,6993.784,1764343499999,21557503.21123,7621,4620.239,14241609.43948,0
1764343500000,3082.35,3083.44,3079.11,3079.81,4482.180,1764343559999,13808989.29912,7586,1748.493,5386594.21757,0
1764343560000,3079.82,3081.27,3079.00,3079.86,2414.303,1764343619999,7436039.10065,4444,982.934,3027403.48436,0
1764343620000,3079.86,3081.78,3079.31,3079.69,4437.298,1764343679999,13669477.56907,5752,2475.830,7627140.72554,0
1764343680000,3079.70,3080.25,3075.73,3078.93,6993.293,1764343739999,21523837.15742,7329,4128.178,12705962.24775,0
1764343740000,3078.93,3082.05,3078.93,3082.00,4908.714,1764343799999,15119965.82347,3819,3524.425,10856134.75415,0
1764343800000,3081.99,3082.50,3080.67,3080.77,4138.571,1764343859999,12753110.22198,5992,2108.526,6497137.36221,0
1764343860000,3080.77,3081.71,3078.51,3081.57,4464.661,1764343919999,13750080.30291,5065,2671.072,8226402.68094,0
1764343920000,3081.57,3086.53,3077.04,3079.64,10600.331,1764343979999,32673376.57019,13880,6073.615,18724664.74821,0
1764343980000,3079.63,3085.74,3079.18,3085.09,3970.441,1764344039999,12241086.03735,7746,2070.328,6383402.63009,0
1764344040000,3085.09,3087.77,3083.59,3087.50,9138.149,1764344099999,28203781.95184,9208,6151.058,18984569.21373,0
1764344100000,3087.50,3090.57,3084.11,3084.98,9834.314,1764344159999,30368638.19252,11304,6336.940,19571460.66475,0
1764344160000,3084.98,3086.50,3083.00,3085.00,2754.565,1764344219999,8496981.75851,7421,1259.015,3883532.51285,0
1764344220000,3085.01,3085.03,3081.07,3081.68,4839.049,1764344279999,14918901.51381,7909,1468.026,4526120.65175,0
1764344280000,3081.68,3081.68,3075.00,3077.59,6381.770,1764344339999,19637247.29260,11897,2472.278,7606325.57361,0
1764344340000,3077.58,3077.66,3072.10,3075.31,5324.015,1764344399999,16368067.05891,9659,1875.145,5764827.54631,0
1764344400000,3075.31,3076.12,3071.22,3074.11,4447.166,1764344459999,13667780.34491,8326,2259.465,6944785.35771,0
1764344460000,3074.10,3075.06,3070.01,3074.15,4215.795,1764344519999,12954223.07092,8116,2033.145,6247771.39073,0
1764344520000,3074.16,3075.65,3070.00,3070.16,5105.323,1764344579999,15684128.01469,8564,1855.789,5701457.65799,0
1764344580000,3070.15,3071.01,3068.10,3070.54,3339.234,1764344639999,10251671.25555,5259,1729.523,5310182.56429,0
1764344640000,3070.54,3070.54,3067.23,3068.94,5081.734,1764344699999,15593366.33678,7874,1755.975,5388238.70516,0
1764344700000,3068.94,3068.94,3064.00,3064.78,7233.913,1764344759999,22182442.94861,9823,2801.307,8589159.55099,0
1764344760000,3064.79,3064.79,3061.00,3063.70,7791.090,1764344819999,23863899.01973,12004,3297.591,10100457.26086,0
1764344820000,3063.71,3065.97,3063.20,3065.10,3292.960,1764344879999,10091353.49281,6864,2179.095,6677957.13519,0
1764344880000,3065.09,3066.44,3063.69,3066.38,2948.572,1764344939999,9037225.81066,6514,1959.876,6006879.30881,0
1764344940000,3066.39,3067.33,3064.36,3066.67,1821.788,1764344999999,5585195.62990,4296,1207.151,3700840.17605,0
1764345000000,3066.67,3067.17,3062.28,3062.85,2707.477,1764345059999,8295245.90197,6496,1572.938,4818855.56257,0
1764345060000,3062.85,3063.18,3058.01,3060.92,6963.860,1764345119999,21311301.19113,11979,2888.833,8841072.16256,0
1764345120000,3060.93,3065.43,3060.37,3064.72,4102.598,1764345179999,12563882.70918,7806,3019.765,9247756.52267,0
1764345180000,3064.73,3072.77,3064.72,3070.69,6057.548,1764345239999,18591620.51899,9617,3654.634,11215820.99257,0
1764345240000,3070.69,3072.98,3069.94,3071.56,5921.480,1764345299999,18189957.48513,6883,3217.785,9884212.02969,0
1764345300000,3071.56,3076.56,3071.23,3073.38,4524.365,1764345359999,13907442.88762,8684,2709.422,8328886.15863,0
1764345360000,3073.38,3074.49,3070.23,3071.58,2652.222,1764345419999,8147133.91620,6253,844.647,2594748.00987,0
1764345420000,3071.58,3075.44,3070.00,3072.24,5978.213,1764345479999,18368520.48015,8216,3635.355,11170959.79275,0
1764345480000,3072.24,3072.95,3068.30,3068.55,3824.449,1764345539999,11740965.86777,6603,971.777,2983260.38126,0
1764345540000,3068.55,3073.17,3068.32,3071.77,2161.200,1764345599999,6635428.07751,5047,1020.410,3132862.07113,0
1764345600000,3071.77,3072.53,3068.63,3069.98,2252.050,1764345659999,6914663.50521,5592,968.592,2974102.49808,0
1764345660000,3069.99,3069.99,3060.56,3062.82,8637.328,1764345719999,26475126.09247,10989,2370.008,7263609.84163,0
1764345720000,3062.81,3064.00,3059.00,3059.71,5220.139,1764345779999,15983641.85340,9142,1669.554,5113231.48809,0
1764345780000,3059.72,3064.33,3059.71,3063.46,4663.890,1764345839999,14281375.01784,7189,3298.260,10099416.78287,0
1764345840000,3063.47,3065.88,3061.95,3062.70,1709.746,1764345899999,5238142.80340,4316,890.586,2728421.26150,0
1764345900000,3062.70,3063.46,3052.52,3053.00,13417.761,1764345959999,41009056.56875,14605,3639.762,11123635.39376,0
1764345960000,3053.00,3055.74,3052.50,3054.51,5355.208,1764346019999,16356068.03054,8352,3389.440,10352366.41715,0
1764346020000,3054.52,3055.32,3053.00,3054.99,2694.347,1764346079999,8229625.33364,6231,1389.044,4242831.38967,0
1764346080000,3055.00,3056.46,3053.93,3054.74,4005.719,1764346139999,12238118.22818,5583,1185.396,3621711.97253,0
1764346140000,3054.75,3055.92,3052.29,3054.61,6321.307,1764346199999,19307455.07148,7667,3326.563,10160586.01574,0
1764346200000,3054.60,3056.51,3051.45,3051.45,3901.619,1764346259999,11914329.16166,6653,1760.466,5376490.27841,0
1764346260000,3051.45,3054.91,3050.73,3051.40,5087.010,1764346319999,15527827.32808,6212,3271.042,9985451.45927,0
1764346320000,3051.40,3057.19,3051.39,3057.19,5803.420,1764346379999,17726652.87499,8163,3834.356,11711588.77342,0
1764346380000,3057.18,3057.69,3056.39,3056.40,3099.730,1764346439999,9476289.75386,3924,1168.105,3570977.97017,0
1764346440000,3056.39,3058.72,3056.18,3056.62,2061.626,1764346499999,6303247.27797,3471,1273.558,3893916.43232,0
1764346500000,3056.62,3057.37,3055.16,3057.35,1296.473,1764346559999,3962698.81511,3966,601.920,1839800.24768,0
1764346560000,3057.35,3057.50,3054.45,3057.37,2367.029,1764346619999,7233769.25597,5021,1212.858,3706717.51930,0
1764346620000,3057.37,3059.28,3056.94,3057.89,2915.639,1764346679999,8916580.31644,5382,1804.283,5517881.27463,0
1764346680000,3057.90,3059.16,3056.93,3057.79,1645.034,1764346739999,5031022.84932,3605,964.004,2948194.78060,0
1764346740000,3057.78,3059.04,3057.00,3057.66,1854.598,1764346799999,5671424.21838,4031,1093.682,3344511.83126,0
1764346800000,3057.66,3057.91,3050.23,3050.42,4547.350,1764346859999,13880838.05167,7911,956.997,2920794.42900,0
1764346860000,3050.42,3050.43,3036.78,3039.92,35750.917,1764346919999,108768017.14965,31977,9427.785,28675112.77344,0
1764346920000,3039.92,3039.93,3031.22,3034.14,19800.468,1764346979999,60082356.65043,24735,8589.289,26064368.35261,0
1764346980000,3034.14,3036.38,3027.15,3032.17,16101.056,1764347039999,48809082.93274,20272,7904.242,23965118.33019,0
1764347040000,3032.17,3037.00,3029.24,3034.33,9164.321,1764347099999,27786264.99728,13177,4564.009,13839046.83140,0
1764347100000,3034.33,3039.21,3032.61,3037.85,6645.886,1764347159999,20178375.08968,11613,3989.952,12115172.54026,0
1764347160000,3037.85,3038.10,3035.32,3035.77,4771.871,1764347219999,14491321.98922,8929,2356.076,7155112.67566,0
1764347220000,3035.77,3035.78,3026.08,3027.75,13600.637,1764347279999,41208487.24457,15420,4579.399,13875432.61521,0
1764347280000,3027.75,3028.80,3025.00,3026.81,7257.530,1764347339999,21966201.24431,11507,3703.865,11211292.30897,0
1764347340000,3026.81,3031.53,3025.81,3027.86,5354.667,1764347399999,16218782.69712,8741,3312.597,10034155.14047,0
1764347400000,3027.85,3029.38,3020.00,3026.07,19039.029,1764347459999,57555943.46487,22278,8282.098,25039288.45473,0
1764347460000,3026.07,3031.72,3026.04,3030.72,7216.052,1764347519999,21859808.50076,12766,4939.733,14964697.64594,0
1764347520000,3030.71,3031.97,3029.29,3030.39,4303.025,1764347579999,13040162.83965,8237,2201.082,6670511.59339,0
1764347580000,3030.38,3033.46,3029.51,3033.36,3629.969,1764347639999,11004949.15003,7468,2440.107,7398087.65585,0
1764347640000,3033.35,3033.85,3031.62,3032.87,4340.775,1764347699999,13163991.61992,6075,1945.388,5899696.45521,0
1764347700000,3032.87,3034.90,3030.00,3033.85,6271.065,1764347759999,19017107.98280,7107,4415.126,13388681.82574,0
1764347760000,3033.86,3035.41,3032.20,3032.64,3686.407,1764347819999,11185686.48917,5958,1831.720,5558128.61052,0
1764347820000,3032.64,3033.41,3029.51,3032.00,3168.606,1764347879999,9604642.24566,5902,1287.593,3903232.83904,0
1764347880000,3032.00,3033.33,3029.50,3031.40,2821.062,1764347939999,8551320.89620,6147,1718.177,5208394.26198,0
1764347940000,3031.40,3032.10,3030.49,3032.09,1929.216,1764347999999,5848458.98867,4294,1007.170,3053227.91529,0
1764348000000,3032.10,3033.38,3029.00,3030.30,3173.463,1764348059999,9615975.69345,5626,1959.733,5938046.08315,0
1764348060000,3030.29,3032.77,3028.26,3031.43,4339.358,1764348119999,13152171.27326,5547,2053.308,6222494.53445,0
1764348120000,3031.43,3031.44,3026.52,3027.11,3104.018,1764348179999,9399523.15160,5079,1319.073,3994384.21520,0
1764348180000,3027.11,3032.10,3027.10,3032.04,3053.444,1764348239999,9254164.91729,5708,1628.038,4933268.97276,0
1764348240000,3032.04,3035.07,3030.70,3034.54,2761.140,1764348299999,8376210.99897,5561,1578.914,4789954.58070,0
1764348300000,3034.53,3034.84,3031.85,3033.01,2259.077,1764348359999,6852417.66845,4644,1007.494,3056044.15460,0
1764348360000,3033.01,3033.02,3030.00,3030.60,1680.862,1764348419999,5094790.15057,3884,671.906,2036450.01020,0
1764348420000,3030.59,3033.16,3029.16,3032.99,1932.663,1764348479999,5858401.19836,4273,889.961,2697653.95748,0
1764348480000,3033.00,3037.71,3032.61,3035.80,4178.130,1764348539999,12684199.10895,7406,2379.496,7223463.08710,0
1764348540000,3035.79,3035.80,3032.00,3032.69,2932.362,1764348599999,8896207.00305,4304,684.203,2075659.13051,0
1764348600000,3032.68,3032.69,3026.00,3027.74,4066.548,1764348659999,12315778.96790,7256,1701.603,5153008.59582,0
1764348660000,3027.71,3029.34,3026.30,3027.59,5534.892,1764348719999,16759689.09519,6866,3870.624,11719967.51780,0
1764348720000,3027.60,3031.09,3026.60,3029.16,4492.929,1764348779999,13609556.68348,5783,3205.145,9708438.14351,0
1764348780000,3029.16,3033.66,3029.09,3029.81,4810.886,1764348839999,14583679.81883,5765,3676.250,11144397.51192,0
1764348840000,3029.80,3034.42,3029.12,3032.72,6137.457,1764348899999,18609413.17267,6982,4846.831,14695687.30583,0
1764348900000,3032.72,3032.72,3030.74,3031.68,1626.770,1764348959999,4932146.98854,3298,613.416,1859709.55524,0
1764348960000,3031.67,3031.67,3028.64,3029.00,1885.781,1764349019999,5712888.17391,4117,709.979,2150797.62613,0
1764349020000,3029.00,3029.35,3025.47,3025.47,2806.443,1764349079999,8496072.71396,5036,917.129,2776499.60942,0
1764349080000,3025.47,3026.46,3023.35,3025.84,6663.990,1764349139999,20156488.67464,9930,3020.018,9134228.25013,0
1764349140000,3025.84,3025.84,3023.33,3023.67,1571.742,1764349199999,4753470.02169,3077,688.856,2083200.54076,0
1764349200000,3023.67,3024.91,3020.14,3020.29,6518.297,1764349259999,19693985.76514,9558,2222.427,6714530.91748,0
1764349260000,3020.28,3020.28,3014.81,3018.75,22400.747,1764349319999,67590711.14539,20773,8360.087,25227201.58712,0
1764349320000,3018.74,3022.66,3018.48,3020.82,6441.219,1764349379999,19454702.85475,9237,3943.609,11910925.29181,0
1764349380000,3020.83,3022.91,3020.25,3022.57,2909.765,1764349439999,8792302.13238,5018,1692.820,5114988.82364,0
1764349440000,3022.58,3023.30,3020.30,3020.59,2586.584,1764349499999,7816352.10164,5432,998.955,3018810.85547,0
1764349500000,3020.59,3026.98,3020.40,3026.33,4340.198,1764349559999,13128168.70783,7898,3198.997,9676381.81437,0
1764349560000,3026.33,3029.70,3024.76,3028.17,3224.785,1764349619999,9762507.60029,6904,2073.323,6276961.68460,0
1764349620000,3028.16,3029.67,3026.39,3027.13,2720.698,1764349679999,8238429.76057,4820,1389.040,4206190.96183,0
1764349680000,3027.13,3027.45,3024.31,3024.31,1465.047,1764349739999,4432958.03829,3408,407.033,1231677.09579,0
1764349740000,3024.31,3027.83,3023.33,3027.13,2966.024,1764349799999,8974248.85610,4786,1385.442,4191667.12386,0
1764349800000,3027.12,3028.77,3026.70,3028.28,2770.456,1764349859999,8388075.07132,3798,1896.508,5741899.20121,0
1764349860000,3028.28,3028.85,3024.43,3025.34,3231.643,1764349919999,9780413.05384,5791,1030.426,3119366.31519,0
1764349920000,3025.34,3025.34,3020.73,3021.14,2283.511,1764349979999,6902962.45598,4063,1023.679,3094613.62068,0
1764349980000,3021.15,3021.83,3018.00,3018.97,6595.626,1764350039999,19911980.11675,7275,2110.916,6373014.35690,0
1764350040000,3018.96,3019.80,3016.24,3016.67,8428.700,1764350099999,25436400.86326,7327,2453.715,7404718.74079,0
1764350100000,3016.67,3018.31,3012.10,3016.59,15071.403,1764350159999,45440608.60717,16376,4414.652,13311634.68239,0
1764350160000,3016.60,3019.80,3009.36,3015.76,19676.843,1764350219999,59301039.57465,18751,9189.110,27706952.71206,0
1764350220000,3015.76,3021.74,3014.33,3021.64,3585.858,1764350279999,10821777.51280,7695,2339.705,7061951.41637,0
1764350280000,3021.65,3022.62,3016.88,3018.61,2811.564,1764350339999,8488897.42493,7160,1090.104,3291729.28523,0
1764350340000,3018.60,3021.87,3017.56,3018.33,3494.540,1764350399999,10553069.73372,6442,2249.567,6793962.23199,0
1764350400000,3018.34,3020.79,3016.04,3017.43,8399.091,1764350459999,25352131.82256,8231,2276.717,6871195.64629,0
1764350460000,3017.42,3019.91,3016.36,3018.35,2574.048,1764350519999,7769238.55614,4423,1549.730,4677558.10121,0
1764350520000,3018.36,3020.35,3016.22,3016.96,2837.464,1764350579999,8564595.44186,5112,1429.133,4313535.00998,0
1764350580000,3016.95,3021.00,3016.55,3020.99,2086.764,1764350639999,6299590.90172,5522,1496.219,4516778.73441,0
1764350640000,3021.00,3021.63,3019.12,3020.24,1284.677,1764350699999,3880147.85330,3597,761.818,2300969.44253,0
1764350700000,3020.24,3024.00,3019.70,3022.44,2735.173,1764350759999,8266970.96049,5378,1640.305,4957654.54423,0
1764350760000,3022.44,3023.27,3021.13,3022.41,1287.527,1764350819999,3891002.72775,3397,811.543,2452505.74332,0
1764350820000,3022.42,3022.42,3018.94,3019.26,2226.932,1764350879999,6725535.73875,4567,790.131,2386298.20535,0
1764350880000,3019.26,3019.62,3014.00,3015.91,4096.876,1764350939999,12356254.05422,7651,1820.376,5491011.03490,0
1764350940000,3015.90,3016.96,3014.12,3016.15,2006.532,1764350999999,6050881.60921,5423,1068.507,3222066.60607,0
1764351000000,3016.15,3020.00,3013.49,3018.67,4184.910,1764351059999,12627052.29635,9547,2475.783,7469561.23785,0
1764351060000,3018.67,3020.25,3014.66,3019.04,2453.007,1764351119999,7403718.02529,6834,1244.689,3757202.23593,0
1764351120000,3019.04,3019.87,3014.25,3015.23,6996.710,1764351179999,21103489.27049,5946,3658.380,11032841.69552,0
1764351180000,3015.23,3020.34,3015.00,3018.57,3677.546,1764351239999,11098951.05983,5353,1823.699,5504017.47296,0
1764351240000,3018.56,3020.32,3015.36,3019.20,1946.791,1764351299999,5875568.24573,5975,800.905,2417149.97759,0
1764351300000,3019.20,3023.13,3017.95,3018.93,4090.233,1764351359999,12354636.99892,7483,2044.376,6175281.22569,0
1764351360000,3018.93,3022.22,3016.15,3020.00,3696.329,1764351419999,11161906.15085,7430,1422.368,4295150.25445,0
1764351420000,3020.00,3020.01,3015.62,3016.54,5986.349,1764351479999,18073143.26397,5909,1137.110,3431758.71468,0
1764351480000,3016.54,3019.12,3015.90,3016.80,2771.437,1764351539999,8361731.92613,5066,833.264,2514011.54474,0
1764351540000,3016.81,3020.00,3015.90,3017.88,2653.875,1764351599999,8010176.09988,5083,1614.936,4874544.59455,0
1764351600000,3017.88,3019.60,3015.15,3016.01,4884.938,1764351659999,14740251.99185,8068,2898.462,8746020.73407,0
1764351660000,3016.00,3019.02,3015.15,3018.25,3361.584,1764351719999,10142130.83289,7028,1726.254,5208351.15844,0
1764351720000,3018.25,3021.61,3017.37,3019.88,1697.040,1764351779999,5124342.66140,3660,719.926,2174000.18023,0
1764351780000,3019.88,3022.60,3019.45,3021.19,2639.278,1764351839999,7974577.75506,5075,1298.310,3922771.48846,0
1764351840000,3021.18,3022.76,3020.92,3021.41,1434.531,1764351899999,4334738.13282,3960,848.243,2563110.64223,0
1764351900000,3021.40,3026.16,3021.28,3025.25,5815.608,1764351959999,17587104.43541,8407,4134.835,12503956.53918,0
1764351960000,3025.25,3028.96,3023.82,3028.95,6233.190,1764352019999,18866828.97279,8124,4063.941,12301537.23331,0
1764352020000,3028.96,3035.00,3027.54,3032.13,10094.530,1764352079999,30599563.95122,13227,5904.402,17899010.44160,0
1764352080000,3032.12,3038.71,3029.82,3033.73,10650.384,1764352139999,32317026.52643,16366,5586.816,16953424.82685,0
1764352140000,3033.74,3033.90,3029.00,3029.54,4647.435,1764352199999,14085489.27034,6362,1039.658,3151061.63032,0
1764352200000,3029.54,3034.25,3029.31,3032.08,7882.274,1764352259999,23901882.08523,9072,5578.557,16916111.36320,0
1764352260000,3032.08,3036.67,3030.70,3034.16,4726.745,1764352319999,14338390.51601,7762,3365.483,10208946.23001,0
1764352320000,3034.16,3039.00,3033.26,3036.29,5706.609,1764352379999,17326790.78410,8383,3991.615,12120136.51563,0
1764352380000,3036.29,3037.23,3035.00,3035.02,1969.666,1764352439999,5980273.06970,4030,772.727,2346188.90507,0
1764352440000,3035.03,3035.69,3033.57,3034.46,2660.514,1764352499999,8073383.55769,5370,1075.501,3263484.89532,0
1764352500000,3034.46,3037.95,3034.46,3037.33,3445.899,1764352559999,10464680.75874,4212,1542.688,4684839.80939,0
1764352560000,3037.33,3039.99,3037.00,3039.44,4000.757,1764352619999,12156307.94061,5301,1874.734,5696420.15868,0
1764352620000,3039.44,3041.92,3039.44,3041.15,4453.415,1764352679999,13542507.51988,6334,2460.309,7481564.52255,0
1764352680000,3041.16,3042.99,3038.08,3038.22,4556.365,1764352739999,13851362.25543,6239,2133.095,6485888.75698,0
1764352740000,3038.21,3038.86,3023.19,3033.60,20458.587,1764352799999,62011290.34941,20169,6354.193,19261489.47702,0
1764352800000,3033.60,3037.84,3032.07,3032.07,5443.939,1764352859999,16518258.21793,12131,2536.070,7695492.51327,0
1764352860000,3032.06,3033.87,3024.45,3033.46,5837.100,1764352919999,17676127.36657,13411,2844.974,8615231.85403,0
1764352920000,3033.45,3034.17,3029.60,3029.99,1830.151,1764352979999,5548157.83062,6299,834.352,2529327.21266,0
1764352980000,3029.98,3030.36,3025.74,3025.74,3408.198,1764353039999,10322105.08160,6258,2125.945,6438861.34549,0
1764353040000,3025.74,3030.42,3022.61,3028.64,4917.208,1764353099999,14880549.99485,9836,2070.206,6264897.81107,0
1764353100000,3028.64,3028.72,3023.18,3027.84,3142.962,1764353159999,9510932.54599,7663,1682.244,5090595.82965,0
1764353160000,3027.85,3029.88,3026.33,3026.97,1454.270,1764353219999,4403775.85558,4542,759.951,2301218.86298,0
1764353220000,3026.97,3030.78,3026.83,3030.78,1487.231,1764353279999,4505433.21600,4239,735.939,2229379.95512,0
1764353280000,3030.77,3032.33,3029.54,3032.00,1688.334,1764353339999,5117152.52376,4417,887.765,2690718.94982,0
1764353340000,3031.99,3036.29,3031.74,3035.07,3599.271,1764353399999,10917899.09223,5559,2672.528,8106416.51312,0
1764353400000,3035.07,3040.30,3034.21,3036.48,4733.405,1764353459999,14374026.89406,8065,2483.794,7543658.56216,0
1764353460000,3036.47,3041.33,3035.00,3040.62,5681.005,1764353519999,17260037.83538,9328,3321.746,10093507.88766,0
1764353520000,3040.62,3046.61,3039.54,3044.69,7816.244,1764353579999,23789262.73999,12193,5416.467,16485750.44733,0
1764353580000,3044.69,3047.70,3044.63,3045.68,4875.558,1764353639999,14853220.84826,7045,1976.366,6020658.78922,0
1764353640000,3045.68,3046.21,3044.39,3045.26,3708.254,1764353699999,11293119.24613,4199,1636.661,4984392.47815,0
1764353700000,3045.27,3046.91,3044.90,3045.87,2642.004,1764353759999,8047170.31188,4525,1507.576,4591768.47120,0
1764353760000,3045.87,3045.99,3041.28,3042.66,5010.528,1764353819999,15249284.08189,6418,1719.726,5234511.36087,0
1764353820000,3042.66,3045.71,3042.07,3042.70,2823.115,1764353879999,8591358.40384,4795,1112.814,3386616.79673,0
1764353880000,3042.69,3043.71,3039.00,3040.00,3186.191,1764353939999,9688787.73392,5160,1215.078,3695073.28604,0
1764353940000,3040.00,3042.03,3038.83,3040.41,2074.037,1764353999999,6305998.84671,3887,1098.596,3340212.29422,0
1764354000000,3040.41,3043.05,3038.48,3042.03,1424.523,1764354059999,4331616.12587,4378,914.869,2781830.37096,0
1764354060000,3042.03,3042.97,3038.74,3041.50,2319.893,1764354119999,7053345.91379,4323,750.548,2281986.35864,0
1764354120000,3041.49,3042.36,3039.09,3039.83,1338.291,1764354179999,4068654.49562,2751,702.897,2136847.20376,0
1764354180000,3039.84,3040.54,3038.38,3039.23,1887.114,1764354239999,5735793.07813,2917,887.354,2696905.43345,0
1764354240000,3039.24,3040.27,3030.20,3033.05,9658.954,1764354299999,29305217.42536,12319,2499.310,7582264.72164,0
1764354300000,3033.05,3035.71,3032.81,3033.52,2581.849,1764354359999,7833913.95569,4575,1330.532,4036980.75169,0
1764354360000,3033.51,3035.40,3033.03,3035.05,2023.350,1764354419999,6139099.38678,3507,1392.556,4225095.91010,0
1764354420000,3035.05,3035.20,3034.22,3035.08,901.005,1764354479999,2734321.63379,1716,656.857,1993359.00421,0
1764354480000,3035.08,3036.28,3034.66,3035.41,949.691,1764354539999,2882643.11248,2107,562.156,1706312.54914,0
1764354540000,3035.41,3035.87,3034.47,3035.86,901.272,1764354599999,2735388.11695,1712,613.145,1860867.65299,0
1764354600000,3035.87,3037.75,3033.83,3034.44,1427.949,1764354659999,4335644.68419,3515,1069.724,3248117.34887,0
1764354660000,3034.43,3034.44,3028.60,3034.30,4275.024,1764354719999,12961226.97029,7078,1342.114,4069155.79576,0
1764354720000,3034.29,3034.75,3031.23,3032.56,1166.573,1764354779999,3537695.67503,2854,473.510,1435879.80494,0
1764354780000,3032.56,3032.80,3031.00,3032.25,1331.385,1764354839999,4036545.71317,2924,684.470,2075093.48929,0
1764354840000,3032.25,3032.56,3029.98,3030.86,1112.368,1764354899999,3371547.13384,2426,414.571,1256370.42113,0
1764354900000,3030.86,3033.30,3030.50,3031.21,1367.619,1764354959999,4146640.55445,3049,818.087,2480249.21387,0
1764354960000,3031.20,3031.39,3028.80,3030.32,1183.738,1764355019999,3586835.74024,3040,570.284,1728006.82843,0
1764355020000,3030.33,3032.22,3028.71,3031.59,611.489,1764355079999,1852914.11108,2384,307.135,930623.48489,0
1764355080000,3031.58,3036.66,3031.58,3036.53,688.686,1764355139999,2089631.10000,2916,457.555,1388291.61275,0
1764355140000,3036.52,3038.43,3035.50,3036.89,1404.389,1764355199999,4264930.01375,3255,880.234,2673224.65995,0
1764355200000,3036.89,3038.96,3034.55,3035.36,4291.360,1764355259999,13034603.68029,5333,2149.537,6529418.27224,0
1764355260000,3035.36,3037.00,3034.86,3037.00,713.677,1764355319999,2166829.26208,2517,418.518,1270695.39278,0
1764355320000,3037.00,3037.63,3035.26,3035.45,979.623,1764355379999,2974738.65892,2375,284.443,863667.76509,0
1764355380000,3035.44,3039.42,3035.29,3039.42,2413.764,1764355439999,7333748.28187,3199,1767.790,5370895.98207,0
1764355440000,3039.41,3039.77,3038.00,3038.59,1170.002,1764355499999,3555421.75418,1777,786.882,2391113.65308,0
1764355500000,3038.58,3040.85,3037.63,3040.62,1532.246,1764355559999,4657429.91611,3182,823.966,2504474.20948,0
1764355560000,3040.61,3042.46,3040.41,3040.91,1599.099,1764355619999,4863646.75793,3246,1033.080,3142230.74381,0
1764355620000,3040.91,3041.92,3039.11,3039.54,1669.210,1764355679999,5075477.64090,2929,741.864,2256107.17480,0
1764355680000,3039.54,3040.83,3039.38,3040.31,643.326,1764355739999,1955795.00817,1627,362.747,1102808.25844,0
1764355740000,3040.32,3043.04,3040.31,3041.94,1556.468,1764355799999,4734606.89051,3075,996.148,3030079.77551,0
1764355800000,3041.94,3041.94,3040.00,3040.00,805.628,1764355859999,2449882.64697,2287,436.217,1326577.61673,0
1764355860000,3040.00,3040.39,3039.03,3039.74,634.803,1764355919999,1929570.88074,2222,297.538,904413.27522,0
1764355920000,3039.75,3040.18,3034.96,3037.27,2703.884,1764355979999,8212293.47877,4290,779.588,2367475.08980,0
1764355980000,3037.28,3038.04,3037.28,3037.38,984.985,1764356039999,2992068.26070,1461,641.077,1947347.19876,0
1764356040000,3037.38,3037.59,3032.78,3032.78,1228.742,1764356099999,3729207.48127,2455,330.857,1004127.03836,0
1764356100000,3032.78,3033.65,3032.66,3033.59,1331.711,1764356159999,4039455.75444,1866,399.520,1211816.56378,0
1764356160000,3033.59,3033.60,3032.67,3033.00,946.809,1764356219999,2871662.27118,1393,564.099,1710838.24687,0
1764356220000,3033.00,3034.47,3032.35,3034.47,1010.605,1764356279999,3065177.74824,1814,457.749,1388448.91720,0
1764356280000,3034.47,3034.95,3033.66,3034.11,331.129,1764356339999,1004754.51394,1241,190.997,579554.75957,0
1764356340000,3034.10,3041.74,3034.10,3041.15,7551.949,1764356399999,22952575.65519,5534,4944.165,15024826.32129,0
1764356400000,3041.14,3041.70,3040.20,3040.21,2750.921,1764356459999,8365430.80716,2684,1402.485,4264902.51578,0
1764356460000,3040.20,3042.50,3040.20,3042.50,1308.831,1764356519999,3980690.51622,2360,904.624,2751253.51612,0
1764356520000,3042.50,3042.50,3040.72,3040.86,1337.317,1764356579999,4067810.47186,2160,564.191,1716081.57536,0
1764356580000,3040.86,3042.00,3040.26,3040.26,1529.747,1764356639999,4652739.86449,1935,421.828,1282991.83506,0
1764356640000,3040.26,3041.05,3040.10,3040.10,496.587,1764356699999,1509910.55522,1154,198.636,603948.32101,0
1764356700000,3040.09,3041.79,3040.09,3041.79,573.993,1764356759999,1745529.33011,1475,370.553,1126809.10856,0
1764356760000,3041.79,3044.25,3041.04,3041.04,1671.623,1764356819999,5086687.85973,3127,1155.983,3517573.99898,0
1764356820000,3041.04,3041.04,3037.95,3038.53,935.804,1764356879999,2844102.12212,2819,249.156,757256.35527,0
1764356880000,3038.54,3039.10,3037.35,3038.03,801.061,1764356939999,2433726.26388,1592,344.852,1047619.89346,0
1764356940000,3038.02,3038.74,3036.75,3037.21,823.109,1764356999999,2500635.41974,2183,238.633,724987.06751,0
1764357000000,3037.20,3037.20,3036.22,3036.93,880.649,1764357059999,2674163.44184,1581,327.821,995428.35769,0
1764357060000,3036.93,3038.30,3035.81,3038.29,805.662,1764357119999,2446936.45046,1974,478.042,1451982.52793,0
1764357120000,3038.30,3040.49,3038.29,3040.01,293.074,1764357179999,890874.11031,1291,141.832,431095.44308,0
1764357180000,3040.00,3040.80,3039.50,3040.39,977.236,1764357239999,2970948.31484,1782,420.679,1278902.17425,0
1764357240000,3040.39,3042.15,3039.87,3041.40,1415.032,1764357299999,4303042.55293,2037,873.467,2656121.97173,0
1764357300000,3041.40,3041.70,3039.00,3039.00,773.596,1764357359999,2352027.69122,2250,350.473,1065598.39257,0
1764357360000,3039.00,3040.32,3037.39,3040.06,750.885,1764357419999,2281638.05196,2370,397.461,1207708.52698,0
1764357420000,3040.07,3040.92,3038.57,3038.57,410.176,1764357479999,1246952.00330,1524,94.521,287323.02973,0
1764357480000,3038.58,3039.12,3036.51,3037.85,683.191,1764357539999,2075386.06932,2022,286.723,870949.43569,0
1764357540000,3037.86,3041.24,3037.65,3040.34,3328.057,1764357599999,10117014.79757,3380,2375.993,7222512.41300,0
1764357600000,3040.34,3050.31,3039.55,3048.93,8760.609,1764357659999,26685681.90138,10629,6475.849,19730093.87730,0
1764357660000,3048.94,3050.70,3047.47,3049.49,14086.080,1764357719999,42954119.28003,11863,6871.949,20954486.89746,0
1764357720000,3049.49,3051.00,3048.74,3050.12,5434.994,1764357779999,16577233.35923,5143,2308.844,7042141.13049,0
1764357780000,3050.11,3053.87,3050.11,3051.80,4701.181,1764357839999,14349631.79246,6110,2937.940,8967233.48691,0
1764357840000,3051.80,3053.85,3051.80,3053.34,3233.948,1764357899999,9873763.34908,3185,2330.212,7114584.86583,0
1764357900000,3053.35,3056.40,3052.21,3053.91,5187.963,1764357959999,15846140.48809,4841,4012.335,12255945.86024,0
1764357960000,3053.92,3054.01,3051.77,3052.21,1613.155,1764358019999,4923985.05157,2435,629.359,1921053.69275,0
1764358020000,3052.21,3053.60,3050.53,3050.88,3155.041,1764358079999,9628112.89404,3495,1260.648,3846913.81622,0
1764358080000,3050.88,3051.85,3050.31,3051.74,1488.315,1764358139999,4541085.39225,2189,724.592,2210754.55589,0
1764358140000,3051.74,3053.41,3051.74,3052.15,976.222,1764358199999,2980169.37107,1459,635.827,1940957.36300,0
1764358200000,3052.14,3054.73,3051.64,3054.20,2080.016,1764358259999,6351081.09244,3743,1167.080,3563504.42317,0
1764358260000,3054.21,3054.21,3050.10,3050.35,2050.085,1764358319999,6255223.60878,3782,369.277,1126779.67112,0
1764358320000,3050.35,3051.85,3050.00,3050.00,4530.772,1764358379999,13819889.20646,2964,762.123,2325077.05181,0
1764358380000,3050.00,3051.10,3048.13,3048.64,2408.694,1764358439999,7345633.84644,3422,1007.255,3071554.30825,0
1764358440000,3048.67,3050.20,3048.67,3049.57,794.081,1764358499999,2421713.42395,1254,259.384,791040.90358,0
1764358500000,3049.57,3050.00,3049.08,3049.64,430.142,1764358559999,1311733.25223,1368,193.837,591104.73315,0
1764358560000,3049.64,3054.42,3049.05,3054.20,2591.529,1764358619999,7908705.82687,3937,2174.058,6634675.64522,0
1764358620000,3054.20,3058.00,3054.20,3057.62,5610.858,1764358679999,17152157.92188,6290,3707.864,11334658.38521,0
1764358680000,3057.62,3059.85,3056.90,3057.26,4380.210,1764358739999,13394969.08466,6597,2591.738,7925932.63282,0
1764358740000,3057.27,3057.56,3054.66,3055.67,1469.150,1764358799999,4490062.97428,2822,514.235,1571712.39497,0
1764358800000,3055.68,3056.22,3055.37,3055.37,978.883,1764358859999,2991331.54209,1670,257.344,786398.07773,0
1764358860000,3055.37,3055.54,3053.73,3054.30,1282.684,1764358919999,3918151.95146,2354,572.057,1747478.48269,0
1764358920000,3054.29,3054.70,3052.97,3053.41,1697.217,1764358979999,5182905.99316,2558,477.018,1456659.37311,0
1764358980000,3053.41,3053.41,3050.95,3051.59,1051.597,1764359039999,3208871.57681,2071,468.688,1430119.40684,0
1764359040000,3051.59,3052.41,3051.00,3051.14,524.681,1764359099999,1601019.54670,1579,206.488,630083.51255,0
1764359100000,3051.14,3051.21,3049.35,3051.05,934.681,1764359159999,2850917.55336,2489,475.325,1449812.54524,0
1764359160000,3051.05,3051.47,3048.17,3049.61,1302.053,1764359219999,3970411.80445,2535,543.530,1657510.98383,0
1764359220000,3049.61,3050.25,3049.35,3049.51,515.238,1764359279999,1571413.08790,1349,168.783,514760.13465,0
1764359280000,3049.51,3050.09,3049.40,3050.00,595.981,1764359339999,1817513.36600,1215,379.926,1158617.42201,0
1764359340000,3049.99,3050.00,3047.40,3048.15,1652.531,1764359399999,5037236.38553,2477,366.461,1117000.41024,0
1764359400000,3048.15,3049.00,3047.13,3047.34,894.957,1764359459999,2727851.90022,1750,378.547,1153786.04236,0
1764359460000,3047.34,3048.99,3046.81,3047.55,1613.947,1764359519999,4918970.83258,2892,552.403,1683600.34259,0
1764359520000,3047.55,3047.75,3046.21,3046.30,930.195,1764359579999,2834087.99650,1656,238.710,727284.96141,0
1764359580000,3046.30,3047.46,3046.30,3047.25,628.426,1764359639999,1914806.27623,1538,464.812,1416306.64168,0
1764359640000,3047.26,3048.98,3047.26,3047.97,1108.836,1764359699999,3379999.89099,2239,560.479,1708539.59369,0
1764359700000,3047.97,3048.80,3046.98,3048.79,711.841,1764359759999,2169701.93558,1606,479.117,1460357.21090,0
1764359760000,3048.79,3048.79,3047.81,3047.82,353.647,1764359819999,1077990.89371,874,54.512,166156.27690,0
1764359820000,3047.82,3047.82,3046.11,3046.64,684.226,1764359879999,2084568.48153,1151,220.193,670797.33910,0
1764359880000,3046.65,3049.80,3046.65,3049.78,1369.587,1764359939999,4175535.19616,2001,1206.496,3678309.29447,0
1764359940000,3049.78,3049.79,3048.16,3048.50,795.704,1764359999999,2426099.62995,907,477.406,1455527.56896,0
1764360000000,3048.50,3048.50,3044.02,3044.99,2509.813,1764360059999,7643628.44421,3897,897.899,2734542.96117,0
1764360060000,3045.00,3045.00,3043.96,3044.74,950.684,1764360119999,2894244.98355,1961,432.000,1315188.92274,0
1764360120000,3044.73,3044.88,3043.28,3043.98,617.557,1764360179999,1879908.01579,1926,270.799,824341.84327,0
1764360180000,3043.98,3044.15,3039.56,3041.14,4570.358,1764360239999,13899382.55974,4532,1967.659,5983342.22483,0
1764360240000,3041.14,3041.14,3037.50,3039.00,2837.463,1764360299999,8622867.98908,4046,1075.246,3267385.21471,0
1764360300000,3038.99,3039.32,3034.00,3036.14,3060.460,1764360359999,9292273.79505,5757,1092.322,3317128.37779,0
1764360360000,3036.14,3037.42,3035.09,3037.19,1668.558,1764360419999,5066272.34862,2760,1123.394,3411045.16217,0
1764360420000,3037.19,3038.97,3037.19,3038.09,1124.918,1764360479999,3417703.84061,2526,777.211,2361328.77203,0
1764360480000,3038.10,3038.91,3038.09,3038.15,444.383,1764360539999,1350232.49560,1334,209.336,636071.44732,0
1764360540000,3038.16,3040.00,3038.15,3038.72,816.120,1764360599999,2480458.48860,1535,696.184,2115912.82412,0
1764360600000,3038.71,3040.55,3038.70,3039.93,807.126,1764360659999,2453565.36524,1510,600.294,1824832.11363,0
1764360660000,3039.94,3040.77,3038.79,3040.44,567.589,1764360719999,1725360.41553,1601,252.880,768719.32594,0
1764360720000,3040.44,3040.51,3039.89,3040.30,213.355,1764360779999,648659.12094,726,92.439,281029.35235,0
1764360780000,3040.31,3042.30,3040.30,3041.40,797.657,1764360839999,2425803.76854,1538,355.517,1081230.50580,0
1764360840000,3041.41,3042.81,3041.40,3042.08,1294.818,1764360899999,3938905.00634,1907,946.397,2878884.74132,0
1764360900000,3042.09,3042.30,3040.43,3040.65,682.921,1764360959999,2076957.43712,1589,147.831,449588.43676,0
1764360960000,3040.66,3044.24,3039.36,3043.51,847.702,1764361019999,2578774.31345,2913,423.445,1288143.88571,0
1764361020000,3043.51,3044.40,3041.80,3044.03,1293.871,1764361079999,3937259.33497,2582,475.412,1446937.06396,0
1764361080000,3044.02,3044.87,3043.65,3044.31,575.463,1764361139999,1751928.13300,1297,300.980,916330.42817,0
1764361140000,3044.32,3054.31,3043.85,3051.91,9090.085,1764361199999,27724931.26706,8829,7224.136,22033333.23198,0
1764361200000,3051.90,3051.90,3050.32,3050.56,1210.242,1764361259999,3692794.73902,2326,485.136,1480315.18447,0
1764361260000,3050.56,3052.60,3049.20,3052.35,4179.448,1764361319999,12748145.77010,3465,770.993,2352151.57089,0
1764361320000,3052.35,3053.39,3051.85,3051.85,1085.484,1764361379999,3313474.79607,2250,616.251,1881181.15692,0
1764361380000,3051.86,3054.71,3051.85,3054.46,767.301,1764361439999,2343114.92287,2064,554.419,1692969.21467,0
1764361440000,3054.47,3055.54,3053.35,3053.36,1095.030,1764361499999,3345028.21885,2170,518.311,1583440.76812,0
1764361500000,3053.35,3053.70,3052.54,3053.25,526.719,1764361559999,1608088.69088,1468,220.623,673515.68745,0
1764361560000,3053.24,3053.25,3050.25,3050.74,3102.546,1764361619999,9466504.40857,2881,666.947,2034908.20694,0
1764361620000,3050.73,3052.82,3050.73,3052.82,1271.708,1764361679999,3880717.29664,1736,765.897,2337083.22938,0
1764361680000,3052.82,3053.00,3051.92,3051.93,528.167,1764361739999,1612358.25570,1176,76.056,232181.86262,0
1764361740000,3051.93,3052.60,3051.76,3052.26,657.868,1764361799999,2007947.22601,1213,401.805,1226409.74503,0
1764361800000,3052.26,3053.87,3052.25,3053.86,651.424,1764361859999,1988922.88353,1502,405.576,1238307.53888,0
1764361860000,3053.86,3055.36,3052.26,3052.27,898.539,1764361919999,2744352.85422,2401,520.789,1590645.06626,0
1764361920000,3052.26,3052.59,3050.50,3050.51,924.922,1764361979999,2822583.05446,1807,180.510,550821.83081,0
1764361980000,3050.50,3051.08,3050.00,3050.40,2152.922,1764362039999,6567177.22633,2286,561.875,1713949.91326,0
1764362040000,3050.40,3051.40,3050.01,3050.52,1352.615,1764362099999,4126145.43562,2151,417.424,1273363.69404,0
1764362100000,3050.51,3051.75,3050.13,3051.56,1100.847,1764362159999,3358442.17192,1734,661.277,2017256.78222,0
1764362160000,3051.57,3051.75,3050.84,3051.41,641.639,1764362219999,1957824.13368,1302,181.842,554836.13084,0
1764362220000,3051.42,3051.50,3050.56,3050.56,322.236,1764362279999,983232.94051,1004,214.673,655034.26201,0
1764362280000,3050.57,3052.35,3050.57,3051.53,901.740,1764362339999,2751831.55770,1575,420.600,1283404.77739,0
1764362340000,3051.53,3053.93,3051.53,3053.39,709.845,1764362399999,2167271.38354,1399,506.143,1545361.37341,0
1764362400000,3053.38,3053.44,3052.35,3052.35,490.182,1764362459999,1496493.83676,1358,212.829,649714.13567,0
1764362460000,3052.36,3052.74,3051.00,3052.65,634.591,1764362519999,1936835.66938,1713,220.578,673219.72628,0
1764362520000,3052.64,3053.43,3051.62,3051.62,640.184,1764362579999,1954039.61219,1549,272.116,830552.69628,0
1764362580000,3051.62,3052.41,3051.61,3052.40,449.285,1764362639999,1371173.55850,907,352.179,1074824.63885,0
1764362640000,3052.41,3052.41,3051.61,3051.61,274.060,1764362699999,836454.78777,598,66.525,203031.11081,0
1764362700000,3051.61,3051.61,3050.00,3050.21,3791.256,1764362759999,11564196.31259,2429,783.392,2389604.97247,0
1764362760000,3050.22,3052.64,3047.35,3052.18,15189.615,1764362819999,46337913.84135,6813,7051.354,21515646.38859,0
1764362820000,3052.18,3054.28,3051.84,3053.76,4034.756,1764362879999,12315951.26028,2082,917.868,2801889.19256,0
1764362880000,3053.75,3055.08,3051.19,3051.19,826.674,1764362939999,2523676.68279,1899,431.745,1318245.92053,0
1764362940000,3051.19,3053.68,3050.81,3053.68,1148.532,1764362999999,3505040.69592,1619,729.703,2226868.76424,0
1764363000000,3053.67,3055.55,3053.67,3055.42,801.666,1764363059999,2448838.92008,2303,536.614,1639203.96520,0
1764363060000,3055.41,3055.89,3054.33,3054.61,964.311,1764363119999,2946210.81878,1636,750.745,2293751.52088,0
1764363120000,3054.61,3056.37,3054.61,3055.79,846.989,1764363179999,2588087.21587,2010,528.617,1615287.57038,0
1764363180000,3055.78,3056.38,3055.30,3055.30,555.560,1764363239999,1697789.75007,1049,416.202,1271943.11064,0
1764363240000,3055.30,3055.54,3052.52,3052.67,1390.841,1764363299999,4247055.04415,2035,785.713,2398886.81035,0
1764363300000,3052.66,3052.77,3051.61,3052.52,513.120,1764363359999,1566231.57673,1208,176.932,540034.42037,0
1764363360000,3052.52,3053.40,3052.29,3053.40,490.479,1764363419999,1497398.69917,839,409.384,1249835.06072,0
1764363420000,3053.39,3054.39,3053.39,3053.83,390.010,1764363479999,1191071.15705,989,144.238,440480.13422,0
1764363480000,3053.83,3056.14,3053.15,3055.62,3266.229,1764363539999,9977852.09549,3775,1836.114,5608726.11199,0
1764363540000,3055.62,3055.63,3054.49,3054.54,648.064,1764363599999,1979734.90071,1181,441.155,1347602.96375,0
1764363600000,3054.54,3057.31,3054.54,3056.05,3756.661,1764363659999,11482450.85249,4319,2198.312,6718771.88573,0
1764363660000,3056.05,3056.61,3054.61,3056.61,1264.980,1764363719999,3865357.85038,2417,855.372,2613761.92001,0
1764363720000,3056.62,3058.39,3056.26,3056.26,1531.292,1764363779999,4681862.63946,2265,876.672,2680455.77341,0
1764363780000,3056.26,3057.29,3054.80,3055.29,1101.332,1764363839999,3365805.12452,2656,435.790,1331814.46795,0
1764363840000,3055.28,3056.46,3054.90,3055.13,1053.104,1764363899999,3218156.67888,2562,307.136,938546.42463,0
1764363900000,3055.14,3055.46,3054.99,3055.30,381.749,1764363959999,1166351.59058,1055,149.232,455937.92723,0
1764363960000,3055.29,3056.30,3051.84,3051.85,1268.638,1764364019999,3874000.01431,3024,649.088,1982102.70062,0
1764364020000,3051.85,3054.27,3051.84,3053.86,297.753,1764364079999,908987.49862,1368,121.598,371227.87822,0
1764364080000,3053.86,3053.87,3052.18,3052.35,262.009,1764364139999,799913.98240,889,47.747,145762.81340,0
1764364140000,3052.35,3052.77,3051.46,3052.47,476.575,1764364199999,1454526.14933,1109,88.179,269131.29520,0
1764364200000,3052.47,3052.65,3050.92,3052.58,867.152,1764364259999,2646224.21017,1984,364.961,1113720.91389,0
1764364260000,3052.57,3052.58,3051.37,3051.37,421.987,1764364319999,1287871.52750,933,62.862,191823.53051,0
1764364320000,3051.37,3052.00,3049.75,3050.10,3779.088,1764364379999,11528671.35376,2092,1132.038,3454564.60198,0
1764364380000,3050.10,3051.34,3050.09,3051.19,331.903,1764364439999,1012595.11849,940,166.797,508852.88419,0
1764364440000,3051.20,3052.64,3051.20,3051.63,949.679,1764364499999,2898176.21199,1499,648.611,1979387.17756,0
1764364500000,3051.64,3051.64,3050.00,3051.34,815.633,1764364559999,2488234.97887,1458,153.166,467240.27609,0
1764364560000,3051.35,3051.73,3047.73,3047.74,1147.440,1764364619999,3498861.59945,2202,662.285,2019379.61678,0
1764364620000,3047.73,3048.98,3045.40,3045.41,1894.070,1764364679999,5772210.54608,3564,987.113,3008495.97499,0
1764364680000,3045.40,3045.41,3043.23,3043.74,2165.919,1764364739999,6594632.28020,3919,703.177,2140975.63091,0
1764364740000,3043.73,3044.63,3042.78,3042.78,1456.806,1764364799999,4434418.34015,2346,791.752,2410028.75855,0
1764364800000,3042.79,3044.56,3042.48,3043.75,885.093,1764364859999,2693759.78160,1794,652.981,1987336.63609,0
1764364860000,3043.74,3044.05,3042.16,3042.16,560.933,1764364919999,1707186.14087,1462,350.240,1065947.84142,0
1764364920000,3042.15,3044.65,3042.00,3044.52,947.285,1764364979999,2883067.10276,1729,535.229,1629044.00670,0
1764364980000,3044.52,3045.76,3043.98,3044.16,688.121,1764365039999,2095494.29014,1359,552.093,1681264.89530,0
1764365040000,3044.16,3045.43,3043.50,3045.43,877.996,1764365099999,2672767.76915,1327,752.519,2290764.17205,0
1764365100000,3045.42,3045.91,3044.35,3044.99,1122.615,1764365159999,3418626.22673,1750,502.212,1529341.20137,0
1764365160000,3044.99,3047.10,3044.54,3047.10,996.409,1764365219999,3035254.35187,1595,880.405,2681855.24971,0
1764365220000,3047.10,3047.64,3046.00,3046.01,677.234,1764365279999,2063347.59810,1133,284.730,867543.06903,0
1764365280000,3046.00,3047.24,3045.10,3045.59,1494.722,1764365339999,4552834.27202,2109,428.995,1306812.27741,0
1764365340000,3045.59,3047.74,3045.59,3047.47,1039.810,1764365399999,3168410.61408,1548,999.158,3044531.09756,0
1764365400000,3047.46,3047.92,3046.27,3047.91,422.494,1764365459999,1287360.64705,1197,233.385,711100.42199,0
1764365460000,3047.91,3047.92,3045.44,3046.49,955.298,1764365519999,2910070.08493,1233,748.016,2278566.94732,0
1764365520000,3046.48,3046.48,3044.41,3045.07,424.570,1764365579999,1293042.81250,1273,83.301,253702.96991,0
1764365580000,3045.07,3047.34,3045.06,3047.33,725.750,1764365639999,2210658.85779,1246,500.340,1524041.44732,0
1764365640000,3047.34,3047.43,3043.49,3044.48,1570.502,1764365699999,4782787.28436,3150,713.431,2172412.12237,0
1764365700000,3044.48,3044.72,3044.39,3044.65,218.076,1764365759999,663933.18853,785,63.460,193204.86827,0
1764365760000,3044.65,3045.48,3043.40,3044.01,991.644,1764365819999,3018949.13996,2054,357.819,1089224.37232,0
1764365820000,3044.00,3044.63,3043.00,3043.69,735.273,1764365879999,2237912.20555,1484,444.912,1354142.13497,0
1764365880000,3043.69,3045.54,3043.69,3045.54,420.412,1764365939999,1280139.77612,1342,321.162,977925.23093,0
1764365940000,3045.54,3045.86,3044.60,3044.98,210.303,1764365999999,640445.98948,703,70.316,214121.26291,0
1764366000000,3044.98,3046.00,3044.40,3045.99,387.918,1764366059999,1181302.81268,1025,210.083,639815.56557,0
1764366060000,3045.99,3048.51,3045.99,3048.51,1234.530,1764366119999,3761315.37271,1798,1130.544,3444423.45846,0
1764366120000,3048.52,3051.00,3048.51,3050.76,611.739,1764366179999,1865845.66164,1600,521.636,1591044.71281,0
1764366180000,3050.76,3051.86,3050.75,3051.26,470.912,1764366239999,1436975.79641,1221,269.970,823847.91740,0
1764366240000,3051.26,3051.26,3049.43,3049.44,517.704,1764366299999,1579022.28978,1156,73.728,224856.75002,0
1764366300000,3049.44,3049.44,3047.25,3047.67,321.946,1764366359999,981336.70305,1142,90.525,275904.55453,0
1764366360000,3047.68,3048.14,3046.30,3046.49,286.555,1764366419999,873172.77405,1325,114.541,349038.34265,0
1764366420000,3046.49,3046.80,3046.04,3046.41,402.035,1764366479999,1224773.42692,1040,64.722,197170.16115,0
1764366480000,3046.41,3046.42,3045.10,3045.50,934.396,1764366539999,2845872.16139,1135,424.329,1292218.05395,0
1764366540000,3045.51,3045.84,3045.04,3045.83,196.631,1764366599999,598827.75013,679,144.134,438950.58719,0
1764366600000,3045.83,3047.11,3045.15,3045.16,642.634,1764366659999,1957622.38940,1760,129.240,393723.85529,0
1764366660000,3045.15,3046.75,3045.15,3046.75,241.151,1764366719999,734489.22440,743,159.080,484510.96292,0
1764366720000,3046.74,3046.75,3038.60,3039.97,4337.252,1764366779999,13189776.12031,7315,1138.170,3459955.18688,0
1764366780000,3039.98,3040.43,3039.22,3039.76,693.943,1764366839999,2109473.63748,1372,242.250,736409.45506,0
1764366840000,3039.77,3040.00,3037.50,3038.15,1270.477,1764366899999,3860292.66397,1958,440.927,1339698.59144,0
1764366900000,3038.14,3038.75,3037.66,3038.46,1054.217,1764366959999,3202756.49446,1678,793.149,2409591.98067,0
1764366960000,3038.46,3039.35,3038.45,3038.87,994.681,1764367019999,3022685.78107,1512,599.039,1820349.57442,0
1764367020000,3038.86,3039.21,3038.43,3038.85,562.127,1764367079999,1708255.50627,1187,303.117,921147.98397,0
1764367080000,3038.85,3039.01,3035.07,3035.69,1683.811,1764367139999,5112467.28475,3073,460.602,1398516.01869,0
1764367140000,3035.68,3036.07,3034.59,3035.03,1417.121,1764367199999,4301347.32386,1964,360.255,1093456.83204,0
1764367200000,3035.02,3035.74,3032.08,3033.50,2838.473,1764367259999,8612434.46914,5233,1208.768,3667784.24689,0
1764367260000,3033.51,3034.16,3031.93,3033.39,1090.773,1764367319999,3308361.72724,2397,367.076,1113403.14761,0
1764367320000,3033.39,3033.40,3027.60,3029.92,6057.430,1764367379999,18352928.48317,6602,1723.338,5220793.62219,0
1764367380000,3029.92,3032.24,3025.62,3029.61,8484.669,1764367439999,25700417.50785,10624,5694.131,17249751.13690,0
1764367440000,3029.60,3030.96,3028.90,3030.54,1290.284,1764367499999,3909513.60652,2439,840.088,2545389.71980,0
1764367500000,3030.54,3039.62,3030.54,3035.49,7753.131,1764367559999,23536507.34838,8814,6649.546,20185294.75739,0
1764367560000,3035.48,3035.49,3032.37,3033.06,1010.598,1764367619999,3066176.90392,2606,303.550,921030.63908,0
1764367620000,3033.05,3033.06,3031.32,3032.15,495.357,1764367679999,1501897.57785,1318,273.297,828574.74392,0
1764367680000,3032.14,3033.62,3032.14,3032.82,596.658,1764367739999,1809556.03342,1415,486.479,1475426.65840,0
1764367740000,3032.82,3033.12,3031.59,3032.57,1160.768,1764367799999,3519760.91197,2113,597.608,1812022.95097,0
1764367800000,3032.57,3032.89,3032.21,3032.87,732.469,1764367859999,2221319.03929,1102,394.254,1195601.92849,0
1764367860000,3032.87,3032.87,3031.64,3031.75,345.442,1764367919999,1047616.67435,804,223.784,678670.18495,0
1764367920000,3031.74,3035.96,3031.25,3035.96,1684.325,1764367979999,5108408.81148,3259,1213.024,3679100.56749,0
1764367980000,3035.95,3035.95,3030.00,3030.00,1570.378,1764368039999,4762934.28370,3010,580.219,1759159.86669,0
1764368040000,3030.00,3030.01,3026.82,3027.19,1884.424,1764368099999,5706099.28706,2868,466.308,1412123.77391,0
1764368100000,3027.20,3027.20,3018.20,3026.75,14922.086,1764368159999,45086903.65796,13738,4999.347,15109992.25468,0
1764368160000,3026.76,3028.20,3021.51,3023.47,3392.271,1764368219999,10260098.50599,4783,980.725,2967400.30174,0
1764368220000,3023.47,3027.30,3023.47,3025.32,1191.250,1764368279999,3604539.86230,2654,607.080,1836740.06554,0
1764368280000,3025.32,3027.83,3025.09,3027.15,907.847,1764368339999,2747665.40440,2214,599.104,1813312.71111,0
1764368340000,3027.15,3027.74,3025.02,3025.02,1085.106,1764368399999,3283878.62309,1826,573.510,1735796.06101,0
1764368400000,3025.02,3027.23,3024.00,3027.08,1504.701,1764368459999,4552156.99490,2560,898.225,2717348.38650,0
1764368460000,3027.08,3027.90,3026.60,3027.28,557.500,1764368519999,1687694.18951,1361,291.655,882924.22625,0
1764368520000,3027.28,3027.49,3026.16,3026.32,820.372,1764368579999,2483109.47349,1913,279.398,845636.16795,0
1764368580000,3026.31,3026.40,3024.77,3024.77,711.787,1764368639999,2153518.10884,1390,267.481,809266.09053,0
1764368640000,3024.77,3024.78,3023.28,3024.16,1026.204,1764368699999,3103459.15438,1651,373.655,1129916.30153,0
1764368700000,3024.16,3027.30,3024.16,3027.30,730.099,1764368759999,2209392.56747,1489,460.842,1394402.58798,0
1764368760000,3027.30,3034.64,3027.29,3031.04,6463.136,1764368819999,19594016.98374,7666,4894.898,14840368.28933,0
1764368820000,3031.04,3031.23,3027.35,3027.83,1507.319,1764368879999,4565475.13948,2320,302.057,914936.94407,0
1764368880000,3027.83,3028.56,3027.33,3028.56,597.158,1764368939999,1808049.85798,1046,401.563,1215865.01734,0
1764368940000,3028.57,3030.21,3028.57,3030.21,522.817,1764368999999,1583972.25601,1384,394.218,1194362.68272,0
1764369000000,3030.21,3031.01,3029.31,3030.58,619.615,1764369059999,1877675.69672,1598,268.499,813668.22308,0
1764369060000,3030.58,3030.82,3028.31,3029.69,832.791,1764369119999,2522887.36026,1553,181.604,550110.64472,0
1764369120000,3029.69,3030.59,3028.86,3029.99,1005.330,1764369179999,3045949.52447,1409,426.467,1292067.74339,0
1764369180000,3030.00,3031.80,3029.83,3031.73,500.463,1764369239999,1516835.19896,1176,340.096,1030772.31910,0
1764369240000,3031.72,3033.46,3031.53,3033.46,851.365,1764369299999,2582032.40419,1583,735.273,2229922.71287,0
1764369300000,3033.46,3035.69,3032.86,3034.73,1117.949,1764369359999,3392515.52782,2608,802.919,2436659.34981,0
1764369360000,3034.74,3036.74,3034.63,3034.63,1244.986,1764369419999,3779256.37622,2147,701.660,2129974.80422,0
1764369420000,3034.64,3035.39,3034.05,3034.96,325.497,1764369479999,987699.18447,976,166.897,506442.17431,0
1764369480000,3034.95,3039.34,3033.45,3036.02,2455.483,1764369539999,7457258.39718,3699,1780.178,5406732.83882,0
1764369540000,3036.01,3036.54,3034.05,3034.05,454.575,1764369599999,1380015.77484,1164,189.151,574250.80522,0
1764369600000,3034.06,3035.54,3032.80,3034.54,955.347,1764369659999,2898727.01352,2399,387.702,1176337.13208,0
1764369660000,3034.55,3034.55,3033.14,3034.00,467.411,1764369719999,1418028.20615,927,267.385,811174.65328,0
1764369720000,3034.00,3034.00,3032.08,3032.78,261.098,1764369779999,791862.52052,927,82.821,251161.78660,0
1764369780000,3032.78,3035.28,3032.78,3034.99,458.977,1764369839999,1392731.26891,1509,217.449,659819.76879,0
1764369840000,3034.99,3035.52,3032.84,3035.51,353.584,1764369899999,1072710.92044,1538,141.284,428598.31348,0
1764369900000,3035.52,3035.76,3034.46,3034.48,271.870,1764369959999,825214.42854,771,61.328,186138.88624,0
1764369960000,3034.47,3038.38,3031.96,3036.60,2534.063,1764370019999,7691488.55282,5335,1151.175,3495105.86152,0
1764370020000,3036.60,3037.38,3035.68,3035.69,457.794,1764370079999,1390256.02758,1412,303.339,921204.12827,0
1764370080000,3035.68,3036.63,3034.37,3035.73,358.026,1764370139999,1086765.79753,1529,206.504,626810.79792,0
1764370140000,3035.73,3036.29,3035.56,3036.28,197.515,1764370199999,599617.13545,556,158.857,482250.70780,0
1764370200000,3036.28,3037.80,3035.06,3037.80,326.179,1764370259999,990298.43966,1464,175.020,531444.85227,0
1764370260000,3037.80,3038.50,3037.79,3038.50,229.134,1764370319999,696100.83014,773,141.084,428610.30287,0
1764370320000,3038.50,3041.49,3038.06,3038.37,1188.944,1764370379999,3614506.92710,3832,749.320,2278053.06306,0
1764370380000,3038.37,3039.21,3038.37,3038.92,337.100,1764370439999,1024419.77737,1006,240.957,732242.50534,0
1764370440000,3038.93,3039.17,3038.64,3038.97,420.881,1764370499999,1279010.05310,811,143.713,436732.69926,0
1764370500000,3038.98,3038.98,3036.75,3037.79,496.444,1764370559999,1507910.17650,1493,238.429,724157.33951,0
1764370560000,3037.80,3039.00,3037.80,3039.00,427.405,1764370619999,1298654.78611,1002,277.436,842997.83915,0
1764370620000,3039.00,3039.42,3038.58,3039.04,530.052,1764370679999,1610882.88469,1101,259.529,788721.59955,0
1764370680000,3039.03,3039.30,3036.62,3037.03,479.700,1764370739999,1457372.24753,1338,228.419,693860.25782,0
1764370740000,3037.02,3038.27,3035.33,3038.27,567.600,1764370799999,1723628.90694,2692,255.192,774911.11797,0
1764370800000,3038.27,3040.00,3038.26,3038.53,832.435,1764370859999,2529804.52843,2105,501.771,1524918.25969,0
1764370860000,3038.52,3039.74,3037.79,3039.74,438.138,1764370919999,1331286.87935,1122,223.782,679959.21681,0
1764370920000,3039.74,3043.27,3039.74,3042.93,1677.003,1764370979999,5102038.21333,3749,845.442,2572010.86935,0
1764370980000,3042.92,3044.00,3041.99,3042.13,978.184,1764371039999,2976324.77218,2684,526.615,1602330.94214,0
1764371040000,3042.13,3043.17,3041.50,3043.16,815.718,1764371099999,2481802.03968,2208,412.650,1255465.57342,0
1764371100000,3043.16,3043.85,3041.26,3042.06,778.477,1764371159999,2368472.56798,2432,244.426,743648.27849,0
1764371160000,3042.05,3042.06,3040.67,3040.68,455.841,1764371219999,1386373.53640,1082,224.982,684237.20489,0
1764371220000,3040.67,3040.68,3036.21,3037.22,3156.091,1764371279999,9588239.05741,4182,442.155,1342997.03614,0
1764371280000,3037.20,3037.71,3035.57,3036.73,1488.394,1764371339999,4519593.60874,3127,338.982,1029298.23968,0
1764371340000,3036.74,3037.35,3035.95,3037.00,376.547,1764371399999,1143443.89670,1407,193.921,588905.23910,0
1764371400000,3037.00,3038.90,3036.74,3038.26,613.588,1764371459999,1864218.16987,1722,472.636,1435986.89919,0
1764371460000,3038.27,3040.30,3038.26,3039.87,448.548,1764371519999,1363218.16767,1431,310.795,944540.52762,0
1764371520000,3039.86,3040.18,3039.48,3040.06,318.099,1764371579999,967012.83694,1011,114.401,347768.65329,0
1764371580000,3040.06,3040.06,3039.04,3039.21,363.071,1764371639999,1103526.29500,688,141.031,428641.79992,0
1764371640000,3039.20,3041.51,3039.20,3039.60,425.072,1764371699999,1292317.61130,1398,214.093,650829.80061,0
1764371700000,3039.60,3039.95,3039.12,3039.58,260.880,1764371759999,792927.76232,957,122.817,373276.10561,0
1764371760000,3039.59,3040.17,3039.00,3040.17,333.152,1764371819999,1012661.81316,947,128.192,389655.47448,0
1764371820000,3040.17,3040.77,3037.72,3037.72,384.961,1764371879999,1170252.31363,1379,72.389,220079.40745,0
1764371880000,3037.71,3038.63,3035.76,3038.31,816.358,1764371939999,2479081.96096,2031,413.177,1254599.16070,0
1764371940000,3038.30,3038.45,3035.71,3036.00,781.480,1764371999999,2373110.18150,1970,226.494,687744.28668,0
1764372000000,3036.00,3037.41,3035.82,3036.41,361.242,1764372059999,1096970.10787,1196,230.558,700113.55434,0
1764372060000,3036.41,3036.98,3036.40,3036.66,247.125,1764372119999,750421.77403,584,83.533,253650.98899,0
1764372120000,3036.66,3037.26,3035.80,3036.00,316.368,1764372179999,960560.65015,1225,92.062,279520.66661,0
1764372180000,3036.00,3037.88,3035.99,3036.94,1140.694,1764372239999,3464248.90976,1916,909.227,2761239.13080,0
1764372240000,3036.93,3036.94,3035.98,3036.62,321.796,1764372299999,977094.14072,766,144.865,439817.91332,0
1764372300000,3036.62,3037.98,3036.62,3036.69,241.427,1764372359999,733314.18168,1050,67.751,205767.76637,0
1764372360000,3036.68,3036.69,3035.59,3035.75,272.586,1764372419999,827554.67376,942,123.893,376121.55093,0
1764372420000,3035.74,3036.00,3035.36,3036.00,433.737,1764372479999,1316686.41532,892,86.107,261399.47342,0
1764372480000,3035.99,3036.00,3035.43,3035.82,240.374,1764372539999,729709.52674,564,151.202,459000.73312,0
1764372540000,3035.82,3036.30,3035.25,3035.59,473.333,1764372599999,1436879.26152,1050,297.111,901921.32346,0
1764372600000,3035.59,3036.40,3035.26,3035.27,577.013,1764372659999,1751760.08113,1148,219.994,667869.45637,0
1764372660000,3035.27,3035.27,3032.00,3032.00,1180.721,1764372719999,3581783.12071,2357,279.754,848490.87918,0
1764372720000,3032.00,3032.93,3031.37,3032.77,782.591,1764372779999,2373026.41321,1775,248.129,752402.11955,0
1764372780000,3032.78,3033.86,3032.77,3033.33,389.462,1764372839999,1181331.88022,1120,247.284,750061.94514,0
1764372840000,3033.33,3034.41,3033.32,3034.40,485.019,1764372899999,1471535.26108,791,434.888,1319430.82443,0
1764372900000,3034.41,3034.41,3033.79,3033.81,284.741,1764372959999,863903.72351,598,144.298,437803.97863,0
1764372960000,3033.80,3036.18,3033.80,3035.45,1089.133,1764373019999,3305581.45022,1709,854.803,2594254.54697,0
1764373020000,3035.44,3035.45,3034.82,3035.07,302.484,1764373079999,918068.35185,768,194.980,591769.59477,0
1764373080000,3035.08,3035.60,3034.24,3034.25,474.591,1764373139999,1440437.47514,1188,343.405,1042287.42114,0
1764373140000,3034.24,3034.26,3031.87,3032.63,691.049,1764373199999,2095961.05670,1655,199.185,604129.71264,0
1764373200000,3032.63,3033.99,3032.63,3033.59,319.630,1764373259999,969446.25457,960,154.320,468033.83724,0
1764373260000,3033.60,3034.02,3031.22,3032.38,1038.061,1764373319999,3147687.24058,2295,409.713,1242251.62885,0
1764373320000,3032.38,3032.80,3031.99,3032.61,897.494,1764373379999,2721625.94972,1072,371.892,1127701.94616,0
1764373380000,3032.60,3034.08,3032.60,3034.03,1132.754,1764373439999,3435837.72396,984,1054.783,3199286.16471,0
1764373440000,3034.04,3034.04,3033.07,3033.08,345.259,1764373499999,1047385.66006,665,145.405,441093.23155,0
1764373500000,3033.07,3033.07,3031.19,3032.07,580.057,1764373559999,1758711.87665,1338,176.833,536105.40032,0
1764373560000,3032.06,3032.74,3030.54,3030.54,823.351,1764373619999,2495906.01949,1515,158.742,481320.04111,0
1764373620000,3030.55,3030.55,3028.65,3030.47,2020.282,1764373679999,6120241.69703,3023,448.564,1358880.25137,0
1764373680000,3030.47,3031.67,3030.47,3031.35,448.271,1764373739999,1358737.48235,1253,244.873,742271.91386,0
1764373740000,3031.34,3031.66,3030.79,3030.99,457.127,1764373799999,1385646.11561,806,270.919,821228.15330,0
1764373800000,3030.99,3033.61,3030.99,3032.75,594.628,1764373859999,1803489.37462,1800,440.556,1336173.81959,0
1764373860000,3032.74,3032.75,3031.45,3031.46,480.832,1764373919999,1457852.18035,1148,148.349,449779.16637,0
1764373920000,3031.45,3032.43,3031.26,3031.73,329.309,1764373979999,998382.42210,1008,164.502,498686.95217,0
1764373980000,3031.72,3031.73,3031.03,3031.06,390.089,1764374039999,1182488.90688,745,94.501,286460.73455,0
1764374040000,3031.05,3031.95,3031.05,3031.63,185.875,1764374099999,563448.20015,615,108.073,327591.53567,0
1764374100000,3031.62,3031.63,3030.31,3030.69,395.587,1764374159999,1198941.78867,1139,156.218,473439.02205,0
1764374160000,3030.69,3030.85,3030.39,3030.39,296.162,1764374219999,897527.00048,816,107.155,324740.40649,0
1764374220000,3030.40,3031.07,3029.73,3029.74,746.437,1764374279999,2261917.78024,1595,407.230,1234045.31826,0
1764374280000,3029.74,3030.00,3029.49,3029.99,350.580,1764374339999,1062185.67806,847,211.240,640024.51747,0
1764374340000,3029.99,3030.30,3029.75,3029.80,474.856,1764374399999,1438773.93821,934,273.131,827560.08862,0
