open_time,open,high,low,close,volume,close_time,quote_volume,count,taker_buy_volume,taker_buy_quote_volume,ignore
1763424000000,3030.06,3031.85,3027.00,3028.36,4918.552,1763424059999,14900161.39906,8526,2678.814,8115955.03267,0
1763424060000,3028.36,3028.36,3024.10,3026.41,1995.281,1763424119999,6037517.30469,5420,807.321,2442595.54021,0
1763424120000,3026.42,3028.88,3025.31,3026.17,1584.847,1763424179999,4797534.59467,5996,779.079,2358311.96081,0
1763424180000,3026.17,3030.00,3026.17,3029.42,2499.702,1763424239999,7569830.86884,6514,1462.332,4428235.92670,0
1763424240000,3029.43,3029.79,3027.00,3027.30,1928.739,1763424299999,5840647.04107,4855,931.725,2821534.10526,0
1763424300000,3027.30,3034.31,3027.30,3028.75,3699.966,1763424359999,11217112.78928,7900,2402.005,7282308.75005,0
1763424360000,3028.75,3032.30,3027.16,3032.29,2152.010,1763424419999,6520107.73681,5970,941.303,2852124.43618,0
1763424420000,3032.30,3034.50,3031.41,3032.29,2892.330,1763424479999,8772191.90502,6871,1651.881,5009946.12667,0
1763424480000,3032.28,3034.56,3031.86,3031.90,1830.835,1763424539999,5553598.44107,4755,1031.777,3129810.66451,0
1763424540000,3031.90,3037.64,3031.89,3036.94,3383.207,1763424599999,10269039.56781,7061,2498.935,7584746.47920,0
1763424600000,3036.93,3036.93,3034.50,3035.40,2340.419,1763424659999,7105292.48362,3695,1042.936,3166209.35933,0
1763424660000,3035.40,3036.90,3033.37,3033.61,2159.232,1763424719999,6554888.76282,4256,1455.514,4418866.65939,0
1763424720000,3033.62,3035.03,3033.13,3033.13,1121.119,1763424779999,3401661.17890,3625,570.155,1730040.36116,0
1763424780000,3033.13,3033.13,3031.25,3032.37,1489.082,1763424839999,4515143.28118,3964,848.252,2572030.18502,0
1763424840000,3032.37,3033.60,3031.61,3033.04,1978.619,1763424899999,6000336.65984,4047,1009.825,3062243.66064,0
1763424900000,3033.05,3035.59,3033.05,3033.77,1254.689,1763424959999,3806945.65753,3877,752.603,2283434.36829,0
1763424960000,3033.77,3033.77,3029.33,3031.99,1719.601,1763425019999,5212610.55274,5417,748.440,2268617.89113,0
1763425020000,3032.00,3036.40,3031.50,3032.00,1463.838,1763425079999,4440673.23720,5368,971.303,2946502.25949,0
1763425080000,3032.00,3032.00,3021.42,3024.89,3866.124,1763425139999,11693597.76166,10461,1681.958,5086193.70547,0
1763425140000,3024.88,3025.50,3021.44,3021.69,3622.589,1763425199999,10951289.07068,6723,1006.103,3041328.92297,0
1763425200000,3021.68,3023.05,3019.36,3023.04,2126.168,1763425259999,6423460.17888,5392,661.137,1997745.66459,0
1763425260000,3023.04,3023.98,3021.42,3023.40,1611.265,1763425319999,4870734.55903,4697,743.306,2247020.95219,0
1763425320000,3023.40,3030.08,3023.38,3029.46,1698.327,1763425379999,5139673.91875,6186,906.976,2744798.86937,0
1763425380000,3029.45,3031.00,3027.90,3030.25,1708.040,1763425439999,5175349.56481,5258,727.495,2204288.76221,0
1763425440000,3030.25,3035.46,3029.54,3033.69,2753.035,1763425499999,8348532.81185,8159,1892.067,5737981.74196,0
1763425500000,3033.69,3034.19,3029.31,3029.32,2174.109,1763425559999,6592130.39831,6090,1017.060,3084034.96899,0
1763425560000,3029.32,3029.32,3024.10,3024.74,1636.231,1763425619999,4951757.73962,5492,696.725,2108279.65192,0
1763425620000,3024.74,3024.75,3016.97,3017.09,4009.793,1763425679999,12107207.93679,8772,1328.079,4010014.14159,0
1763425680000,3017.08,3020.80,3016.93,3020.48,2814.169,1763425739999,8495880.53638,6841,1477.939,4462028.84331,0
1763425740000,3020.48,3021.35,3018.28,3018.64,1620.649,1763425799999,4894251.28792,3935,951.310,2873139.27696,0
1763425800000,3018.64,3019.62,3018.15,3018.29,1303.692,1763425859999,3935649.16393,3955,769.834,2324019.02077,0
1763425860000,3018.29,3019.36,3016.40,3017.81,2436.373,1763425919999,7352496.89546,5233,634.320,1914244.94804,0
1763425920000,3017.81,3017.81,3008.69,3010.76,8216.898,1763425979999,24754209.11237,13221,2522.073,7595479.90658,0
1763425980000,3010.76,3011.99,3007.73,3010.62,3491.582,1763426039999,10511024.45012,7641,1883.060,5668853.50601,0
1763426040000,3010.63,3011.85,3008.00,3008.00,4504.087,1763426099999,13557609.26213,7705,2249.367,6770642.01322,0
1763426100000,3008.00,3011.38,3005.16,3010.29,5391.710,1763426159999,16218344.27914,10376,2322.968,6989047.64935,0
1763426160000,3010.29,3012.69,3009.54,3012.26,2698.050,1763426219999,8124134.00981,6384,1488.085,4480739.46326,0
1763426220000,3012.26,3015.22,3011.27,3011.29,2956.258,1763426279999,8908951.05211,7194,1189.481,3584760.32680,0
1763426280000,3011.29,3016.72,3010.54,3012.60,1819.121,1763426339999,5482006.54909,6499,875.065,2637250.79969,0
1763426340000,3012.60,3015.18,3010.23,3010.43,2183.206,1763426399999,6577135.52334,6685,1020.521,3074735.75062,0
1763426400000,3010.43,3012.69,3008.56,3009.11,2467.483,1763426459999,7427187.57210,6637,1375.397,4139709.45859,0
1763426460000,3009.11,3009.72,3001.00,3002.40,5936.229,1763426519999,17835567.18077,12184,2163.857,6502207.36868,0
1763426520000,3002.40,3002.41,2995.00,3000.33,18443.576,1763426579999,55306116.86223,22143,6262.886,18781307.76028,0
1763426580000,3000.33,3000.66,2994.84,2995.60,8838.272,1763426639999,26487270.45195,15069,4116.056,12333561.06742,0
1763426640000,2995.59,2999.27,2992.31,2997.66,9205.130,1763426699999,27580533.45427,12879,4319.674,12945757.30943,0
1763426700000,2997.65,3001.54,2995.27,2995.27,4165.630,1763426759999,12492973.56771,11454,2141.507,6422817.83133,0
1763426760000,2995.27,3011.85,2989.51,3008.44,11015.256,1763426819999,33010571.42437,23833,4927.504,14771894.84011,0
1763426820000,3008.45,3017.71,3003.26,3015.91,7025.362,1763426879999,21150058.11401,20513,3713.251,11180231.14636,0
1763426880000,3015.90,3027.20,3015.02,3019.46,11379.276,1763426939999,34394408.88255,24519,5868.814,17739098.57801,0
1763426940000,3019.46,3031.79,3019.46,3027.05,11400.862,1763426999999,34507304.95270,23779,6342.098,19194415.51513,0
1763427000000,3027.05,3038.46,3025.72,3033.85,11570.593,1763427059999,35096176.68702,23423,6753.925,20488728.81458,0
1763427060000,3033.86,3036.87,3032.64,3035.48,8721.693,1763427119999,26468523.47323,15561,5620.247,17056312.22862,0
1763427120000,3035.50,3040.00,3032.41,3036.75,8774.294,1763427179999,26641625.75871,17468,5887.411,17877620.97364,0
1763427180000,3036.76,3039.45,3031.81,3033.72,4285.531,1763427239999,13009163.20582,11917,2010.838,6105197.40563,0
1763427240000,3033.71,3035.00,3028.07,3028.56,3201.909,1763427299999,9709198.17053,9302,1457.789,4421110.51687,0
1763427300000,3028.56,3029.99,3025.57,3026.37,4173.813,1763427359999,12637301.00902,10565,1452.722,4398137.58492,0
1763427360000,3026.37,3029.23,3022.02,3028.71,10540.521,1763427419999,31902531.04543,15652,6859.895,20762605.80881,0
1763427420000,3028.70,3037.42,3028.21,3036.49,6523.878,1763427479999,19791851.20515,12569,4777.252,14495693.49926,0
1763427480000,3036.49,3037.65,3032.35,3035.99,3709.004,1763427539999,11258375.61074,9536,1560.316,4736182.50653,0
1763427540000,3035.98,3036.77,3031.40,3031.43,3057.141,1763427599999,9274020.90821,8466,1176.705,3569630.60983,0
1763427600000,3031.43,3033.12,3028.90,3030.63,3597.075,1763427659999,10903889.72361,10684,1486.975,4507355.61144,0
1763427660000,3030.62,3036.98,3030.25,3034.84,2843.454,1763427719999,8627137.25282,9480,1417.513,4300274.44748,0
1763427720000,3034.84,3037.29,3032.84,3035.45,2373.373,1763427779999,7203237.51879,8274,1449.338,4398473.13134,0
1763427780000,3035.46,3037.71,3026.71,3027.20,6433.235,1763427839999,19511459.07356,11909,2675.909,8111549.37606,0
1763427840000,3027.20,3031.13,3024.04,3030.83,3768.036,1763427899999,11405339.56430,9854,1715.059,5192251.33558,0
1763427900000,3030.84,3034.15,3028.00,3029.40,3822.604,1763427959999,11587142.02235,12095,1995.686,6049035.49214,0
1763427960000,3029.41,3042.60,3028.71,3038.00,8993.616,1763428019999,27314277.35048,18358,5482.986,16654388.30299,0
1763428020000,3038.00,3041.13,3035.42,3038.26,4791.868,1763428079999,14557959.36787,11197,1691.218,5137897.55937,0
1763428080000,3038.26,3044.37,3036.74,3042.61,5546.886,1763428139999,16874953.31873,13707,3203.104,9744548.43651,0
1763428140000,3042.61,3046.50,3039.39,3044.38,5027.972,1763428199999,15301009.90341,11632,2975.308,9054607.70186,0
1763428200000,3044.38,3046.46,3040.03,3043.78,3869.722,1763428259999,11776998.45830,9941,1476.585,4493936.87345,0
1763428260000,3043.78,3045.94,3037.65,3037.65,2572.621,1763428319999,7825972.47307,8940,797.879,2428017.77933,0
1763428320000,3037.65,3038.24,3032.10,3036.34,3651.080,1763428379999,11082056.58368,9728,1681.832,5104707.52613,0
1763428380000,3036.35,3040.90,3034.20,3036.74,3951.663,1763428439999,12002856.06073,8916,2049.527,6224248.23995,0
1763428440000,3036.74,3038.45,3034.88,3035.16,1434.969,1763428499999,4356694.84805,5760,396.333,1203288.47143,0
1763428500000,3035.16,3036.81,3032.31,3035.26,4611.145,1763428559999,13993605.90950,10260,1590.834,4827802.09124,0
1763428560000,3035.27,3042.30,3033.60,3040.63,5748.714,1763428619999,17455361.57500,13699,2474.247,7515389.64116,0
1763428620000,3040.63,3045.50,3039.59,3045.13,4519.682,1763428679999,13751724.37736,12028,2295.625,6984608.65649,0
1763428680000,3045.13,3046.25,3042.46,3042.88,2373.897,1763428739999,7226305.40129,7914,964.491,2936292.39943,0
1763428740000,3042.89,3047.00,3041.45,3046.65,2338.981,1763428799999,7122731.71206,8531,1145.403,3487856.85393,0
1763428800000,3046.65,3049.00,3038.36,3038.82,4356.066,1763428859999,13264850.52728,11710,1884.829,5742165.69833,0
1763428860000,3038.83,3040.86,3037.06,3038.28,2873.431,1763428919999,8731920.18260,7443,1592.575,4839875.01732,0
1763428920000,3038.27,3041.30,3035.90,3039.20,2468.849,1763428979999,7501673.10184,8089,1040.202,3160988.04540,0
1763428980000,3039.19,3043.07,3038.55,3038.56,2626.746,1763429039999,7986137.17913,6371,765.527,2327380.09065,0
1763429040000,3038.56,3039.17,3032.87,3032.87,2936.730,1763429099999,8914602.39546,7976,1569.049,4763348.95577,0
1763429100000,3032.87,3032.88,3025.80,3028.07,5843.402,1763429159999,17698358.11969,11939,1528.454,4629489.27672,0
1763429160000,3028.06,3028.69,3023.25,3023.55,5784.937,1763429219999,17504436.79849,9284,1393.148,4216003.97397,0
1763429220000,3023.56,3024.78,3016.81,3021.33,8444.902,1763429279999,25506554.67177,13051,2713.634,8195024.57416,0
1763429280000,3021.34,3022.44,3020.40,3021.79,2705.116,1763429339999,8173642.19652,5565,2024.858,6118088.20888,0
1763429340000,3021.79,3025.35,3021.51,3024.56,1748.209,1763429399999,5286396.06810,5414,1351.306,4086100.76612,0
1763429400000,3024.56,3030.41,3024.34,3027.48,2739.499,1763429459999,8295051.68369,9403,1878.326,5687609.65418,0
1763429460000,3027.48,3031.23,3025.08,3025.88,2498.636,1763429519999,7566649.13014,8841,1670.944,5060456.87210,0
1763429520000,3025.84,3029.41,3025.00,3027.21,2084.545,1763429579999,6310463.79416,7674,1087.789,3292892.24432,0
1763429580000,3027.21,3034.36,3026.92,3034.35,2648.643,1763429639999,8027031.42622,9410,1735.901,5260986.04748,0
1763429640000,3034.36,3038.25,3031.37,3034.00,6984.273,1763429699999,21192522.80951,13841,4978.693,15106537.09008,0
1763429700000,3034.00,3038.57,3032.70,3035.31,3188.118,1763429759999,9679428.81781,8323,2183.020,6628401.40487,0
1763429760000,3035.31,3037.00,3031.03,3031.80,2261.058,1763429819999,6858824.42994,7336,809.091,2453994.34018,0
1763429820000,3031.80,3031.80,3025.39,3027.82,2618.595,1763429879999,7928878.58582,8515,889.594,2693712.06025,0
1763429880000,3027.82,3028.87,3025.84,3026.16,2190.526,1763429939999,6631246.02225,6418,924.053,2797713.45972,0
1763429940000,3026.16,3026.52,3023.50,3024.99,2246.947,1763429999999,6796946.11888,6455,1166.077,3527291.20628,0
1763430000000,3025.00,3027.66,3024.75,3026.24,2529.459,1763430059999,7655097.53217,6437,1367.590,4138879.36469,0
1763430060000,3026.25,3026.78,3024.11,3024.81,1414.633,1763430119999,4279547.04772,4930,698.410,2112681.14589,0
1763430120000,3024.81,3028.40,3024.56,3024.56,1267.420,1763430179999,3835626.44068,4845,653.555,1977765.30386,0
1763430180000,3024.56,3025.50,3023.38,3024.76,1215.624,1763430239999,3676608.28602,4210,523.470,1583233.83067,0
1763430240000,3024.77,3030.21,3023.38,3030.01,1149.563,1763430299999,3478436.33002,4821,747.983,2263613.42794,0
1763430300000,3030.01,3031.69,3026.87,3029.19,2041.130,1763430359999,6182596.51949,7019,790.228,2393627.82928,0
1763430360000,3029.19,3032.74,3025.48,3030.70,1491.398,1763430419999,4517490.60242,7744,874.566,2649210.86848,0
1763430420000,3030.72,3031.56,3023.91,3024.31,1632.559,1763430479999,4942125.77356,6354,784.091,2373544.41559,0
1763430480000,3024.31,3027.51,3023.07,3024.00,1593.871,1763430539999,4821244.13090,6005,856.175,2589841.93116,0
1763430540000,3024.00,3024.49,3020.42,3021.23,1936.238,1763430599999,5851189.19516,5819,713.587,2156263.39546,0
1763430600000,3021.22,3021.83,3018.01,3019.43,3652.717,1763430659999,11031109.42464,6750,1520.333,4591234.07416,0
1763430660000,3019.43,3020.74,3016.20,3018.00,2634.046,1763430719999,7950586.15939,7690,1348.574,4070864.38223,0
1763430720000,3018.01,3019.21,3017.35,3018.10,1676.062,1763430779999,5058433.28313,5505,783.991,2366145.55276,0
1763430780000,3018.10,3018.19,3012.64,3015.99,5037.716,1763430839999,15189583.01119,9374,1968.686,5936015.38415,0
1763430840000,3015.99,3019.09,3014.10,3017.29,2172.259,1763430899999,6552737.78770,5701,1493.508,4505388.49373,0
1763430900000,3017.29,3017.30,3013.84,3016.63,1960.086,1763430959999,5910191.72525,6402,1109.860,3346447.73761,0
1763430960000,3016.62,3017.30,3014.29,3015.35,1450.644,1763431019999,4374759.15001,4670,703.797,2122413.68071,0
1763431020000,3015.34,3018.04,3014.81,3016.96,1852.231,1763431079999,5586860.44691,6287,953.260,2875267.89050,0
1763431080000,3016.96,3021.50,3016.54,3019.33,1810.210,1763431139999,5464618.86234,5639,1111.974,3357078.13290,0
1763431140000,3019.34,3020.61,3016.73,3016.73,1913.572,1763431199999,5776395.81455,4833,914.005,2759291.11437,0
1763431200000,3016.73,3017.32,3013.40,3013.40,1921.465,1763431259999,5793709.42910,6694,971.489,2929319.56283,0
1763431260000,3013.41,3014.00,3006.34,3007.53,6927.128,1763431319999,20844682.00061,13417,2186.436,6580584.47768,0
1763431320000,3007.54,3008.48,2997.71,2999.38,13938.053,1763431379999,41842197.04084,21497,5445.990,16349740.24847,0
1763431380000,2999.39,3002.97,2998.00,3002.26,9405.362,1763431439999,28222908.49268,17392,5920.113,17764896.58885,0
1763431440000,3002.25,3003.00,2998.50,3002.28,5340.340,1763431499999,16023682.06807,11576,2818.887,8458114.90076,0
1763431500000,3002.28,3006.81,2996.87,3002.20,7580.130,1763431559999,22751371.13577,13334,2945.089,8842295.87649,0
1763431560000,3002.20,3006.52,3001.00,3006.14,3898.598,1763431619999,11712071.28907,9802,1783.641,5358115.92085,0
1763431620000,3006.14,3007.17,3004.35,3005.31,2809.796,1763431679999,8444957.41005,7489,1615.070,4853903.73407,0
1763431680000,3005.32,3009.80,3003.00,3009.80,2593.608,1763431739999,7799930.68368,7821,1152.013,3464490.24118,0
1763431740000,3009.80,3019.36,3009.80,3015.63,6267.862,1763431799999,18905208.57010,14348,3097.227,9340880.68421,0
1763431800000,3015.62,3017.23,3013.08,3016.35,2582.493,1763431859999,7787812.01517,6122,1787.291,5390064.04432,0
1763431860000,3016.35,3016.36,3010.57,3011.97,2009.670,1763431919999,6053686.42232,6806,876.399,2639686.63741,0
1763431920000,3011.98,3012.50,3007.36,3007.90,2437.633,1763431979999,7336984.19029,6172,576.754,1736542.85756,0
1763431980000,3007.89,3009.71,3004.16,3006.11,4221.536,1763432039999,12694768.62626,10960,2010.533,6045823.70117,0
1763432040000,3006.11,3009.20,3005.00,3007.64,3496.077,1763432099999,10512294.54767,7889,2009.924,6043472.80438,0
1763432100000,3007.63,3009.91,3006.15,3007.00,1994.719,1763432159999,5999213.88452,6516,652.591,1962897.09564,0
1763432160000,3007.01,3007.63,2993.00,2995.66,10715.626,1763432219999,32139301.43413,17383,2775.013,8323121.99368,0
1763432220000,2995.63,2996.56,2977.79,2983.59,22201.245,1763432279999,66338350.64112,34247,7915.390,23654139.01461,0
1763432280000,2983.55,2984.45,2976.64,2982.40,17456.215,1763432339999,52038081.37494,27028,9096.172,27117858.77075,0
1763432340000,2982.39,2994.99,2981.01,2989.01,9832.624,1763432399999,29402055.36399,19961,5590.335,16715604.31851,0
1763432400000,2989.00,3014.88,2988.81,3014.19,14798.818,1763432459999,44498792.64497,28106,9294.706,27946236.36324,0
1763432460000,3014.19,3017.00,3005.16,3012.63,7738.772,1763432519999,23303664.65438,19836,3667.179,11043703.77958,0
1763432520000,3012.63,3021.02,3011.42,3014.18,9346.439,1763432579999,28199842.56098,19736,5385.017,16248486.27499,0
1763432580000,3014.18,3015.00,3007.03,3014.67,6236.074,1763432639999,18779941.89079,14889,3558.202,10715608.70900,0
1763432640000,3014.66,3026.54,3013.82,3018.48,12051.769,1763432699999,36404875.58289,20464,8562.370,25863868.76277,0
1763432700000,3018.49,3023.67,3016.02,3023.17,3799.039,1763432759999,11469876.12553,11954,1848.428,5580988.61460,0
1763432760000,3023.16,3027.68,3019.86,3024.30,8329.286,1763432819999,25194783.30792,16973,4629.895,14006045.42440,0
1763432820000,3024.30,3028.32,3023.80,3027.40,4062.280,1763432879999,12295839.23911,11038,1921.819,5816869.61260,0
1763432880000,3027.41,3037.51,3027.22,3031.98,14443.709,1763432939999,43801439.08404,18111,9741.824,29538077.32884,0
1763432940000,3031.98,3038.00,3031.98,3036.31,6434.919,1763432999999,19533228.51973,11651,4014.361,12185516.98553,0
1763433000000,3036.31,3041.13,3034.23,3035.76,9885.144,1763433059999,30031755.56597,19629,4567.772,13878557.63799,0
1763433060000,3035.75,3043.72,3034.00,3040.22,9910.599,1763433119999,30126545.35502,19973,5055.185,15368604.23710,0
1763433120000,3040.22,3044.43,3037.00,3037.32,7785.341,1763433179999,23674479.41594,15180,3681.738,11196664.01283,0
1763433180000,3037.32,3043.40,3034.68,3040.32,6506.094,1763433239999,19772616.60388,14631,3669.306,11150381.66309,0
1763433240000,3040.32,3041.56,3031.70,3032.86,5267.295,1763433299999,15991055.59619,11865,1965.043,5965662.56113,0
1763433300000,3032.86,3034.77,3025.40,3026.31,5810.474,1763433359999,17601343.50351,13239,2058.206,6235034.37410,0
1763433360000,3026.30,3030.17,3025.50,3025.50,5772.610,1763433419999,17479995.82264,9921,3488.396,10563821.89628,0
1763433420000,3025.50,3025.51,3017.00,3021.60,7907.526,1763433479999,23877592.23756,17009,4382.444,13233162.24588,0
1763433480000,3021.60,3027.76,3019.25,3027.40,4365.753,1763433539999,13196006.75824,12489,2271.879,6867998.78091,0
1763433540000,3027.39,3029.72,3023.75,3025.20,3142.438,1763433599999,9511778.73150,11128,1473.099,4458950.97008,0
1763433600000,3025.21,3029.00,3024.27,3026.94,1502.337,1763433659999,4546982.57397,7549,709.621,2147679.92286,0
1763433660000,3026.94,3032.39,3026.70,3030.99,2504.202,1763433719999,7585584.52750,10001,1581.484,4790251.06800,0
1763433720000,3030.99,3031.11,3028.00,3028.96,1795.643,1763433779999,5440202.21830,6659,720.596,2183222.38510,0
1763433780000,3028.95,3030.60,3027.06,3028.55,1515.507,1763433839999,4589686.41357,5725,429.993,1302242.77031,0
1763433840000,3028.55,3028.55,3024.82,3027.72,2277.690,1763433899999,6893592.51263,6644,846.658,2562491.90268,0
1763433900000,3027.72,3037.15,3025.01,3035.31,5890.155,1763433959999,17862496.27906,12363,4433.726,13447980.84694,0
1763433960000,3035.30,3042.65,3034.61,3038.87,9830.060,1763434019999,29870849.16648,18016,6375.586,19374274.45930,0
1763434020000,3038.87,3044.86,3027.76,3029.00,27003.222,1763434079999,81986857.82662,23345,11441.450,34736911.58817,0
1763434080000,3029.01,3030.60,3026.31,3029.63,3357.772,1763434139999,10171198.16530,7659,2249.647,6814851.00743,0
1763434140000,3029.63,3031.60,3027.55,3028.66,1710.816,1763434199999,5182669.92768,7670,547.614,1659056.79670,0
1763434200000,3028.63,3029.44,3023.61,3023.98,2339.546,1763434259999,7080896.52414,7628,530.281,1605356.11501,0
1763434260000,3023.99,3023.99,3011.07,3014.80,9092.987,1763434319999,27437098.61678,15060,2593.918,7826376.56651,0
1763434320000,3014.77,3015.88,3007.69,3014.24,15616.138,1763434379999,47023483.87342,17536,7772.056,23402559.27419,0
1763434380000,3014.24,3015.73,3009.35,3010.22,7294.533,1763434439999,21970094.72306,10370,2414.270,7270460.96295,0
1763434440000,3010.22,3010.82,3006.55,3008.91,4172.934,1763434499999,12554109.83063,7742,2123.484,6388707.54982,0
1763434500000,3008.91,3009.00,3004.52,3004.81,4971.696,1763434559999,14946083.05391,8370,2417.913,7268844.47748,0
1763434560000,3004.81,3007.39,3001.35,3005.29,4669.569,1763434619999,14029379.94578,9110,2259.219,6788172.84131,0
1763434620000,3005.30,3005.54,3001.21,3001.72,3553.045,1763434679999,10671178.50953,8465,2002.697,6015465.86721,0
1763434680000,3001.72,3002.60,2979.30,2981.23,32598.683,1763434739999,97426906.77101,23508,8166.091,24400101.04114,0
1763434740000,2981.44,2987.50,2977.02,2984.40,44404.363,1763434799999,132414114.79686,39433,22592.615,67369041.03333,0
1763434800000,2984.41,2988.00,2967.00,2973.31,34930.864,1763434859999,103970831.12730,32793,7531.083,22435215.26879,0
1763434860000,2973.31,2978.14,2958.80,2963.11,43533.809,1763434919999,129121328.69237,41105,16915.924,50152433.92766,0
1763434920000,2963.10,2964.60,2943.31,2951.53,68126.590,1763434979999,201151694.79816,63848,22667.222,66940903.04265,0
1763434980000,2951.53,2968.45,2947.25,2965.64,28304.055,1763435039999,83678631.24849,35675,17991.588,53176196.36092,0
1763435040000,2965.55,2967.94,2956.45,2959.53,13814.401,1763435099999,40925322.90649,24944,5027.071,14894784.93232,0
1763435100000,2959.53,2974.52,2958.93,2971.34,14133.390,1763435159999,41988070.24473,25252,7400.497,21987422.44009,0
1763435160000,2971.35,2974.85,2965.40,2965.40,7550.439,1763435219999,22423761.72324,16698,3280.946,9744146.39318,0
1763435220000,2965.41,2971.84,2961.41,2963.16,8182.170,1763435279999,24266304.14096,18873,3623.191,10745816.68942,0
1763435280000,2963.17,2964.04,2956.20,2963.55,10657.800,1763435339999,31543606.95384,21635,5768.415,17073962.68701,0
1763435340000,2963.56,2969.58,2961.90,2969.40,7714.468,1763435399999,22876610.15656,14938,4755.253,14100245.34905,0
1763435400000,2969.40,2973.93,2967.06,2972.22,10674.923,1763435459999,31714070.93639,17363,6687.926,19868291.81937,0
1763435460000,2972.23,2976.64,2970.04,2974.23,6157.690,1763435519999,18314293.49302,14573,3243.712,9647620.59201,0
1763435520000,2974.23,2975.21,2971.32,2973.69,4641.034,1763435579999,13801184.72803,10257,2463.793,7326643.27755,0
1763435580000,2973.69,2977.10,2971.89,2976.12,5199.017,1763435639999,15465679.49313,9926,3253.575,9678312.28208,0
1763435640000,2976.12,2976.69,2970.44,2972.93,6312.337,1763435699999,18768185.61952,11116,1968.579,5853866.84720,0
1763435700000,2972.94,2979.85,2972.94,2979.63,7397.967,1763435759999,22022900.54249,15691,4685.892,13949483.85020,0
1763435760000,2979.64,2981.07,2967.73,2980.15,8983.498,1763435819999,26731960.49080,18089,4822.588,14355355.09559,0
1763435820000,2980.13,2980.13,2975.49,2976.40,5546.315,1763435879999,16516715.89295,13211,1917.492,5710069.36738,0
1763435880000,2976.38,2980.43,2972.33,2979.70,4742.837,1763435939999,14122566.43649,14042,2328.880,6935823.74165,0
1763435940000,2979.71,2981.78,2978.17,2978.51,3523.976,1763435999999,10503111.21153,10679,1519.281,4528131.73989,0
1763436000000,2978.51,2984.90,2978.51,2981.66,3669.554,1763436059999,10943358.33961,10899,1957.310,5836794.60505,0
1763436060000,2981.66,2982.60,2975.25,2975.99,4785.728,1763436119999,14260113.81320,12817,2067.189,6160179.85869,0
1763436120000,2975.99,2982.63,2975.30,2980.54,3560.045,1763436179999,10607325.71553,9943,1493.619,4450424.17395,0
1763436180000,2980.53,2984.88,2980.13,2980.59,5036.752,1763436239999,15021745.45401,11395,2674.618,7977014.68913,0
1763436240000,2980.60,2981.75,2975.78,2981.27,7833.563,1763436299999,23340440.59255,14289,3721.914,11090924.26942,0
1763436300000,2981.27,2982.90,2975.57,2975.86,3609.317,1763436359999,10750695.79438,10344,1329.622,3960855.07977,0
1763436360000,2975.85,2982.00,2968.89,2982.00,8047.583,1763436419999,23927991.07349,18399,4160.363,12372510.95500,0
1763436420000,2982.00,2982.58,2975.25,2975.60,3650.043,1763436479999,10870787.41941,10997,1417.017,4219983.83513,0
1763436480000,2975.59,2975.63,2970.00,2971.47,5215.743,1763436539999,15504071.73994,13008,2821.909,8389066.23656,0
1763436540000,2971.48,2973.30,2963.55,2964.43,5488.302,1763436599999,16291848.82798,11663,1214.585,3607401.98316,0
1763436600000,2964.44,2968.75,2955.20,2955.65,18923.945,1763436659999,56043023.98341,31557,7229.813,21415613.62810,0
1763436660000,2955.66,2982.60,2954.50,2979.33,21937.547,1763436719999,65145699.22069,35610,14010.261,41610622.01235,0
1763436720000,2979.32,2982.39,2966.21,2966.54,7392.057,1763436779999,21980352.32505,20943,3307.191,9834585.64132,0
1763436780000,2966.54,2967.84,2954.79,2963.10,21398.770,1763436839999,63348112.61473,28625,7053.845,20882200.67777,0
1763436840000,2963.09,2963.10,2951.69,2958.53,11747.095,1763436899999,34729642.34033,24190,4569.515,13509985.79028,0
1763436900000,2958.52,2967.65,2957.57,2966.36,10474.607,1763436959999,31030677.27383,21940,5795.480,17168125.09955,0
1763436960000,2966.35,2978.37,2964.57,2977.62,10436.897,1763437019999,31013703.11961,23402,7123.343,21169174.71204,0
1763437020000,2977.62,2987.34,2976.48,2986.87,15655.198,1763437079999,46699825.51846,24469,8678.705,25890687.14884,0
1763437080000,2986.88,3002.69,2986.88,3000.30,24424.212,1763437139999,73171858.92315,36198,14872.957,44557807.46254,0
1763437140000,3000.31,3012.00,2999.85,3009.98,30018.725,1763437199999,90264385.39563,33551,19288.743,57999075.55844,0
1763437200000,3009.97,3016.80,3008.26,3014.99,17535.987,1763437259999,52823712.92550,26317,8641.415,26033822.56781,0
1763437260000,3014.99,3025.68,3014.17,3023.99,24413.859,1763437319999,73724882.55640,34023,14815.881,44745766.93937,0
1763437320000,3023.99,3023.99,3012.56,3018.75,16562.538,1763437379999,49958323.71155,26471,7143.039,21546773.04369,0
1763437380000,3018.75,3019.79,3014.28,3018.40,7418.594,1763437439999,22381984.66734,15235,2867.869,8653306.74455,0
1763437440000,3018.44,3020.51,3014.00,3014.01,5922.935,1763437499999,17870552.08408,11533,2828.711,8534893.14448,0
1763437500000,3014.00,3019.87,3013.63,3018.64,7548.118,1763437559999,22771989.08515,13536,4593.302,13858025.52011,0
1763437560000,3018.65,3018.65,3010.88,3014.59,8074.428,1763437619999,24331172.19153,14408,3141.152,9464579.62941,0
1763437620000,3014.59,3021.80,3012.80,3021.11,7277.406,1763437679999,21965384.22593,12234,4412.583,13318850.54213,0
1763437680000,3021.11,3022.62,3018.30,3020.14,6701.461,1763437739999,20242729.65186,13162,3203.622,9677303.14591,0
1763437740000,3020.14,3024.30,3016.34,3016.55,5841.556,1763437799999,17648060.03407,12090,2724.291,8231558.07323,0
1763437800000,3016.55,3018.30,3014.74,3016.82,4950.818,1763437859999,14933658.42024,10634,1866.955,5631598.94197,0
1763437860000,3016.82,3023.48,3016.81,3019.98,4252.490,1763437919999,12847135.76247,12282,2299.931,6948057.76301,0
1763437920000,3019.98,3021.58,3019.34,3021.26,2705.415,1763437979999,8171391.18059,7746,1609.437,4861157.90430,0
1763437980000,3021.26,3026.11,3020.97,3024.06,5257.131,1763438039999,15898753.82618,9563,3459.959,10464061.12703,0
1763438040000,3024.05,3024.05,3017.57,3019.85,4420.122,1763438099999,13347889.05648,10281,2899.424,8755577.22751,0
1763438100000,3019.85,3019.90,3016.21,3017.22,3065.284,1763438159999,9249593.56032,7774,670.418,2022840.84207,0
1763438160000,3017.23,3018.52,3016.16,3016.81,2135.552,1763438219999,6443451.20183,5961,730.537,2204208.76795,0
1763438220000,3016.81,3021.56,3016.80,3018.50,1919.673,1763438279999,5796637.20090,6321,1091.219,3295083.43257,0
1763438280000,3018.50,3024.75,3018.50,3022.08,2559.338,1763438339999,7734979.63297,6708,1521.629,4598535.98820,0
1763438340000,3022.08,3027.47,3021.33,3022.93,5378.736,1763438399999,16268125.78721,8883,3103.654,9387086.29446,0
1763438400000,3022.94,3024.23,3021.82,3023.32,3814.315,1763438459999,11531940.61900,7856,1921.209,5808299.32310,0
1763438460000,3023.33,3024.01,3019.43,3019.88,2380.442,1763438519999,7192339.84830,6455,654.756,1978552.85212,0
1763438520000,3019.89,3020.79,3017.04,3019.57,3637.628,1763438579999,10981490.13458,8053,1124.063,3393518.68241,0
1763438580000,3019.58,3022.19,3018.02,3019.91,1824.847,1763438639999,5510959.97236,5730,697.023,2105142.52263,0
1763438640000,3019.91,3020.30,3012.66,3013.11,4085.008,1763438699999,12321642.72423,8320,819.760,2473520.13808,0
1763438700000,3013.11,3016.49,3009.03,3012.65,9670.044,1763438759999,29130535.22541,13687,4131.472,12446512.28898,0
1763438760000,3012.65,3015.00,3010.38,3010.62,4089.467,1763438819999,12322784.77744,9583,1528.417,4605335.74400,0
1763438820000,3010.61,3014.05,3001.08,3002.35,10482.876,1763438879999,31521042.86523,16459,2653.692,7982504.54251,0
1763438880000,3002.35,3007.99,3000.12,3005.40,6804.090,1763438939999,20436884.84633,11251,3053.572,9172919.97073,0
1763438940000,3005.40,3006.33,2995.00,3002.00,10169.582,1763438999999,30509956.18050,16192,4194.001,12585247.93252,0
1763439000000,3002.00,3002.72,2996.71,2999.99,5534.836,1763439059999,16604587.12178,11383,2734.650,8205520.74098,0
1763439060000,2999.99,3002.44,2997.50,2998.92,3684.754,1763439119999,11053671.82800,9681,1930.121,5790421.06235,0
1763439120000,2998.91,3001.83,2995.50,3000.05,3626.475,1763439179999,10876351.33365,9988,1553.819,4660337.81634,0
1763439180000,3000.04,3000.93,2993.76,2996.01,3860.056,1763439239999,11568947.60851,9816,1990.047,5964561.50725,0
1763439240000,2996.01,2996.28,2993.53,2994.72,3585.260,1763439299999,10737714.59081,8516,1750.670,5243501.70935,0
1763439300000,2994.71,2999.39,2991.72,2995.49,4446.670,1763439359999,13317811.53796,12225,1723.289,5163251.42491,0
1763439360000,2995.50,2999.12,2992.03,2993.76,4687.114,1763439419999,14043868.02304,12009,2282.489,6839568.57159,0
1763439420000,2993.77,2997.35,2985.47,2987.48,9884.116,1763439479999,29557987.78839,19418,2668.751,7985012.94094,0
1763439480000,2987.50,2990.91,2985.80,2986.82,6882.982,1763439539999,20568954.80441,14155,3527.764,10542992.58994,0
1763439540000,2986.81,2992.48,2985.95,2991.23,6572.672,1763439599999,19646624.09152,13457,3769.132,11266340.25616,0
1763439600000,2991.22,2995.67,2985.22,2985.61,6594.969,1763439659999,19724082.76093,15303,3321.890,9937082.46992,0
1763439660000,2985.60,2992.78,2983.00,2989.33,6447.093,1763439719999,19261397.39598,16595,3105.443,9281516.41232,0
1763439720000,2989.33,2998.05,2988.59,2992.01,5833.685,1763439779999,17465556.26557,16309,2807.503,8406607.52951,0
1763439780000,2992.02,3001.32,2991.91,2994.16,6563.235,1763439839999,19676938.05508,16675,4109.919,12322145.16929,0
1763439840000,2994.15,2994.71,2984.63,2986.20,5151.063,1763439899999,15390442.77923,15804,2334.491,6974702.60897,0
1763439900000,2986.36,2992.65,2984.63,2987.32,6806.792,1763439959999,20341695.86609,15229,3303.167,9871515.99396,0
1763439960000,2987.31,2987.31,2977.64,2980.81,11204.904,1763440019999,33398326.78513,21234,5270.621,15711571.63409,0
1763440020000,2980.80,2983.71,2978.69,2981.01,4175.436,1763440079999,12449421.53458,11010,1633.684,4871416.39722,0
1763440080000,2981.01,2981.81,2977.92,2981.24,4696.540,1763440139999,13996608.15663,11265,2386.183,7111295.34501,0
1763440140000,2981.23,2984.55,2977.28,2977.30,5089.079,1763440199999,15167932.79624,9505,3153.002,9398861.68744,0
1763440200000,2977.29,2982.33,2977.08,2981.01,6043.518,1763440259999,18007988.89581,10676,4641.426,13830231.36417,0
1763440260000,2981.02,2981.71,2977.72,2980.76,3549.816,1763440319999,10578148.86722,7329,1971.656,5875434.67405,0
1763440320000,2980.75,2984.00,2976.20,2976.99,3440.387,1763440379999,10253972.15775,10936,1360.905,4056419.32116,0
1763440380000,2976.99,2986.49,2976.99,2984.00,3222.965,1763440439999,9612121.74214,12125,1962.711,5852828.86983,0
1763440440000,2984.00,2992.33,2982.12,2989.14,8489.189,1763440499999,25369439.74717,17272,4869.310,14552890.78173,0
1763440500000,2989.14,2994.99,2987.42,2989.58,5080.916,1763440559999,15196986.86058,13608,2574.791,7702644.37196,0
1763440560000,2989.59,2995.91,2986.45,2986.45,5660.681,1763440619999,16937474.45808,15220,3071.905,9191739.04441,0
1763440620000,2986.45,2986.92,2983.31,2985.77,3214.386,1763440679999,9594758.70670,11893,1406.995,4199882.26484,0
1763440680000,2985.77,2990.19,2985.65,2989.81,1898.463,1763440739999,5673699.91303,8220,1050.376,3139123.01409,0
1763440740000,2989.81,2994.16,2986.54,2987.24,3371.579,1763440799999,10081903.43939,10871,1873.982,5603869.22152,0
1763440800000,2987.24,2989.78,2985.00,2985.00,2051.655,1763440859999,6130257.48151,7657,801.814,2395676.26047,0
1763440860000,2985.01,2989.28,2985.01,2988.88,2299.549,1763440919999,6870108.55813,7782,1586.518,4739963.72213,0
1763440920000,2988.88,2989.76,2986.00,2986.97,2670.643,1763440979999,7979914.81126,7081,1187.341,3547720.93560,0
1763440980000,2986.97,2989.87,2986.20,2986.49,2844.646,1763441039999,8500024.19252,8598,1431.159,4276262.42431,0
1763441040000,2986.48,2987.88,2974.11,2974.30,9975.099,1763441099999,29708002.40999,17419,3139.761,9350717.19801,0
1763441100000,2974.29,2979.11,2973.08,2973.08,5931.069,1763441159999,17651081.43597,12891,3153.223,9385644.53809,0
1763441160000,2973.08,2974.13,2971.10,2973.30,6006.605,1763441219999,17853884.11678,11863,2279.777,6776246.36479,0
1763441220000,2973.29,2973.92,2956.63,2971.09,30890.125,1763441279999,91562555.85165,34520,9895.508,29344534.76826,0
1763441280000,2971.00,2988.31,2968.18,2987.83,16888.955,1763441339999,50306275.45297,26580,11598.620,34554911.67795,0
1763441340000,2987.84,2990.23,2981.09,2983.97,8519.463,1763441399999,25437923.06567,17746,4534.109,13538188.38505,0
1763441400000,2983.97,2993.13,2975.37,2978.90,11354.004,1763441459999,33889225.21165,20314,7136.745,21304456.22050,0
1763441460000,2978.90,2984.41,2970.07,2974.52,7598.799,1763441519999,22614621.79917,16299,2759.535,8216680.21647,0
1763441520000,2974.51,2976.28,2971.22,2972.77,4404.598,1763441579999,13097473.65800,12977,3184.279,9468689.99793,0
1763441580000,2972.76,2972.76,2966.62,2968.00,6867.355,1763441639999,20390134.94384,13194,3639.263,10805744.45384,0
1763441640000,2968.01,2982.89,2967.72,2981.78,5105.715,1763441699999,15200283.59266,12926,3918.957,11668207.48291,0
1763441700000,2981.79,2987.00,2977.44,2986.96,5226.747,1763441759999,15583248.49295,13149,3115.488,9288967.04251,0
1763441760000,2986.95,3000.98,2986.65,2999.86,16993.750,1763441819999,50889855.04797,24172,12283.629,36792577.62249,0
1763441820000,2999.86,3005.47,2996.48,3002.35,19549.264,1763441879999,58649677.95814,24591,10395.076,31194040.03822,0
1763441880000,3002.34,3009.86,3002.01,3006.81,15479.234,1763441939999,46534663.73406,21424,8943.732,26890227.74068,0
1763441940000,3006.81,3008.80,3003.63,3005.00,7116.164,1763441999999,21389677.92840,11927,3192.248,9595595.64185,0
1763442000000,3004.99,3005.55,3000.25,3002.11,6768.886,1763442059999,20330642.92554,12658,2676.891,8040819.61305,0
1763442060000,3002.10,3003.78,2993.53,2995.68,6015.909,1763442119999,18038434.96678,13877,1910.062,5729259.31383,0
1763442120000,2995.69,2996.29,2985.49,2986.65,11768.335,1763442179999,35194209.03079,17590,3602.122,10776259.20163,0
1763442180000,2986.68,2990.14,2982.77,2985.88,6445.736,1763442239999,19246173.07847,16189,3082.353,9205052.33059,0
1763442240000,2985.87,2998.36,2984.95,2997.20,8066.690,1763442299999,24142124.41319,14884,6603.680,19767377.15275,0
1763442300000,2997.26,2999.95,2994.96,2999.95,5416.937,1763442359999,16238450.81830,11811,2598.122,7788525.78514,0
1763442360000,2999.94,3005.76,2999.89,3005.00,6000.576,1763442419999,18020043.66589,13986,2949.072,8856482.34801,0
1763442420000,3005.00,3012.31,3005.00,3011.80,7898.808,1763442479999,23773541.37161,14953,4534.163,13647066.86003,0
1763442480000,3011.79,3012.00,3006.89,3008.46,3386.224,1763442539999,10187607.66974,8608,1142.918,3438621.24662,0
1763442540000,3008.46,3008.46,3001.37,3001.37,3724.607,1763442599999,11191315.79560,9466,1038.915,3121374.80766,0
1763442600000,3001.37,3007.44,3000.67,3006.80,2393.035,1763442659999,7188655.61894,8103,1603.572,4817717.79152,0
1763442660000,3006.81,3011.17,3006.37,3007.40,4487.310,1763442719999,13501158.23633,9708,3038.029,9141116.52330,0
1763442720000,3007.41,3010.52,3002.81,3008.09,3205.799,1763442779999,9641645.24695,8477,1302.167,3916704.43171,0
1763442780000,3008.09,3015.84,3007.79,3013.61,8620.385,1763442839999,25973516.99301,12121,5497.370,16563277.07743,0
1763442840000,3013.62,3016.26,3013.00,3013.17,3868.995,1763442899999,11662513.57760,7528,2268.584,6838596.83996,0
1763442900000,3013.16,3014.53,3011.44,3012.26,2904.776,1763442959999,8751378.20461,6717,902.924,2720400.90210,0
1763442960000,3012.27,3018.00,3012.27,3016.73,3827.990,1763443019999,11543748.29303,7496,2263.771,6826338.71964,0
1763443020000,3016.73,3019.99,3015.43,3015.88,5707.815,1763443079999,17226097.73094,11129,3930.453,11862462.84222,0
1763443080000,3015.87,3017.68,3011.10,3016.44,2513.230,1763443139999,7573722.94529,8244,950.198,2863776.94531,0
1763443140000,3016.45,3018.90,3015.33,3016.86,2545.119,1763443199999,7679407.55214,7916,1080.510,3260168.47769,0
1763443200000,3016.86,3021.93,3016.09,3016.44,5446.211,1763443259999,16440541.16425,12066,3074.531,9281049.14825,0
1763443260000,3016.44,3022.00,3016.38,3018.66,3446.298,1763443319999,10406339.93286,9449,1574.915,4755499.87941,0
1763443320000,3018.65,3023.00,3015.75,3017.10,5099.132,1763443379999,15396681.19612,11951,3048.613,9204434.34118,0
1763443380000,3017.10,3020.00,3016.04,3016.44,2241.029,1763443439999,6762578.79875,7445,906.525,2735778.07447,0
1763443440000,3016.44,3020.27,3016.12,3018.73,3423.084,1763443499999,10330797.96018,7528,1960.574,5916842.28344,0
1763443500000,3018.74,3020.00,3016.05,3016.31,1596.242,1763443559999,4816333.90184,6007,483.530,1459018.69591,0
1763443560000,3016.31,3016.48,3008.04,3011.86,5083.628,1763443619999,15307378.13859,10606,1464.797,4410589.91909,0
1763443620000,3011.86,3013.16,3010.18,3011.81,2115.898,1763443679999,6373177.78558,5856,957.894,2885403.91526,0
1763443680000,3011.80,3016.36,3011.80,3016.08,2088.086,1763443739999,6293302.46773,5274,1454.173,4382730.18053,0
1763443740000,3016.09,3016.35,3013.14,3013.14,1782.330,1763443799999,5373111.25335,5274,857.558,2585307.82152,0
1763443800000,3013.15,3018.38,3013.14,3016.31,2006.728,1763443859999,6052291.57694,5874,1144.175,3450837.23262,0
1763443860000,3016.32,3020.20,3015.11,3015.76,1893.579,1763443919999,5715161.42472,6929,697.844,2106017.48416,0
1763443920000,3015.75,3017.70,3014.20,3014.83,2115.871,1763443979999,6382426.42059,5880,846.795,2554289.76220,0
1763443980000,3014.82,3018.74,3013.77,3016.89,2136.010,1763444039999,6442580.79983,7484,1018.597,3071938.01494,0
1763444040000,3016.89,3019.00,3015.12,3017.85,2101.438,1763444099999,6340705.43305,6540,740.088,2232883.24794,0
1763444100000,3017.85,3020.91,3016.01,3017.28,2585.305,1763444159999,7804676.86407,8072,1332.730,4023318.41923,0
1763444160000,3017.29,3017.29,3010.71,3013.32,2244.824,1763444219999,6764689.59053,8590,1089.082,3281908.61148,0
1763444220000,3013.33,3017.99,3012.89,3015.44,1434.797,1763444279999,4325968.90811,5627,852.768,2571017.12522,0
1763444280000,3015.43,3017.56,3007.13,3007.58,4650.559,1763444339999,13999499.39043,9858,1356.304,4083498.60512,0
1763444340000,3007.58,3008.00,3001.71,3007.99,5601.417,1763444399999,16832257.31847,12315,2110.358,6341846.71097,0
1763444400000,3007.99,3009.14,3004.07,3006.94,2827.836,1763444459999,8503602.99927,7042,1212.699,3646518.32047,0
1763444460000,3006.95,3007.63,3002.12,3005.72,4206.946,1763444519999,12641652.94835,8924,2188.173,6575290.83976,0
1763444520000,3005.72,3006.91,3004.20,3006.16,1376.340,1763444579999,4136864.03359,4629,861.234,2588705.81080,0
1763444580000,3006.15,3006.51,3001.01,3001.79,1440.764,1763444639999,4327593.04966,5067,533.949,1603749.89548,0
1763444640000,3001.79,3006.00,3001.01,3005.16,1903.240,1763444699999,5716224.14048,6613,1032.600,3101351.65433,0
1763444700000,3005.11,3011.00,3004.80,3009.80,3187.367,1763444759999,9591946.77221,7722,1634.204,4917872.66856,0
1763444760000,3009.81,3012.30,3008.94,3009.47,2651.972,1763444819999,7984276.77247,6470,1359.363,4092777.74146,0
1763444820000,3009.49,3017.99,3008.65,3016.27,3730.395,1763444879999,11246826.70962,9205,2674.071,8061718.80093,0
1763444880000,3016.27,3018.89,3014.75,3017.71,3415.466,1763444939999,10303237.41806,7479,2387.752,7203220.50684,0
1763444940000,3017.71,3019.04,3016.74,3017.85,2921.355,1763444999999,8816088.96916,7315,1531.123,4620575.67076,0
1763445000000,3017.85,3022.33,3017.50,3021.45,4084.625,1763445059999,12337452.16832,8101,2636.260,7962624.78404,0
1763445060000,3021.44,3021.45,3013.65,3014.10,2161.530,1763445119999,6522163.10723,6812,848.343,2560069.08100,0
1763445120000,3014.11,3015.54,3012.33,3012.74,1281.702,1763445179999,3863229.01946,4688,593.469,1788844.44335,0
1763445180000,3012.73,3013.95,3006.41,3006.96,2429.736,1763445239999,7312299.48928,5990,530.419,1596198.25957,0
1763445240000,3006.95,3008.03,3006.53,3007.00,2127.309,1763445299999,6397547.22299,4878,1039.459,3125973.61506,0
1763445300000,3007.00,3009.53,3005.01,3009.20,2018.171,1763445359999,6068401.69134,5445,1107.551,3330374.07263,0
1763445360000,3009.20,3011.90,3008.00,3008.60,2177.263,1763445419999,6553246.71626,5933,1213.885,3653560.15449,0
1763445420000,3008.59,3010.85,3008.20,3010.84,1977.305,1763445479999,5950868.21114,5703,1216.754,3661878.69059,0
1763445480000,3010.85,3015.00,3010.43,3011.49,1397.134,1763445539999,4208173.29431,5105,611.731,1842609.58179,0
1763445540000,3011.49,3012.83,3010.80,3011.14,566.243,1763445599999,1705330.14105,2698,277.139,834640.06921,0
1763445600000,3011.14,3011.88,3004.78,3005.99,5811.537,1763445659999,17477828.42755,10164,2027.960,6099229.82962,0
1763445660000,3006.00,3008.67,3000.80,3006.28,2521.781,1763445719999,7576801.71310,8457,939.143,2821625.62742,0
1763445720000,3006.27,3010.92,3004.21,3004.21,1929.636,1763445779999,5805518.31800,6639,1164.216,3502912.83437,0
1763445780000,3004.21,3006.80,3000.36,3001.23,3010.977,1763445839999,9040427.58237,7364,894.211,2684808.66465,0
1763445840000,3001.24,3003.16,2998.49,3001.47,3052.099,1763445899999,9157413.21089,8512,1009.681,3030072.23514,0
1763445900000,3001.46,3005.15,2999.99,3004.84,2424.883,1763445959999,7280911.00467,6913,1392.488,4181495.76724,0
1763445960000,3004.84,3007.16,2999.14,2999.33,4460.063,1763446019999,13392631.03266,7758,613.862,1843881.44966,0
1763446020000,2999.32,2999.97,2995.96,2998.48,3480.308,1763446079999,10432211.74905,8291,1598.759,4792377.08650,0
1763446080000,2998.48,3003.01,2997.51,3002.68,1901.540,1763446139999,5704208.03397,5972,1142.985,3428936.07161,0
1763446140000,3002.68,3006.70,3000.81,3006.26,2335.388,1763446199999,7015409.56470,6853,1246.262,3743314.11056,0
1763446200000,3006.25,3008.19,3002.48,3007.21,1326.341,1763446259999,3985591.75032,5259,751.454,2258082.49816,0
1763446260000,3007.21,3009.82,3006.17,3009.49,2324.805,1763446319999,6992667.98728,5912,1402.739,4219289.21794,0
1763446320000,3009.49,3010.78,3005.69,3008.02,2786.821,1763446379999,8385094.37560,7329,1773.032,5334233.44701,0
1763446380000,3008.03,3012.10,3007.07,3011.92,3094.697,1763446439999,9314442.20963,8114,1954.805,5883913.50775,0
1763446440000,3011.91,3013.89,3010.39,3013.10,2443.117,1763446499999,7358995.29028,6333,1676.103,5048704.48920,0
1763446500000,3013.10,3013.84,3009.39,3010.29,1313.271,1763446559999,3954950.51367,5056,466.751,1405673.52510,0
1763446560000,3010.28,3012.90,3007.87,3011.16,1577.223,1763446619999,4747583.14910,6566,677.038,2038088.44319,0
1763446620000,3011.17,3011.17,3008.01,3010.08,1470.937,1763446679999,4426750.63111,5672,864.364,2601259.37075,0
1763446680000,3010.08,3013.00,3008.66,3010.47,1752.982,1763446739999,5277649.37574,5619,774.164,2330659.50635,0
1763446740000,3010.46,3014.59,3010.22,3014.00,1361.557,1763446799999,4102712.10181,5615,914.261,2754838.86971,0
1763446800000,3014.00,3014.00,3009.30,3009.55,1566.841,1763446859999,4718192.59985,6388,615.754,1854174.04128,0
1763446860000,3009.55,3011.98,3005.39,3011.97,1465.675,1763446919999,4408868.53255,6509,641.899,1930945.05585,0
1763446920000,3011.98,3013.78,3011.00,3011.44,1738.301,1763446979999,5236052.11195,5350,845.081,2545610.87483,0
1763446980000,3011.44,3011.56,3006.02,3007.26,1204.181,1763447039999,3622379.70833,4397,454.338,1366595.84708,0
1763447040000,3007.27,3008.17,3005.00,3006.01,1182.657,1763447099999,3555766.87241,4405,483.520,1453780.30297,0
1763447100000,3006.01,3006.66,3003.26,3003.84,1201.443,1763447159999,3610114.45049,4373,299.801,900862.94501,0
1763447160000,3003.84,3004.57,3000.94,3001.55,1426.751,1763447219999,4284050.50183,4664,440.753,1323748.12290,0
1763447220000,3001.55,3003.62,3001.55,3002.80,959.314,1763447279999,2880933.83460,3452,503.164,1511026.76670,0
1763447280000,3002.81,3003.23,2998.83,2999.48,2019.075,1763447339999,6058592.39027,5163,692.655,2078540.10798,0
1763447340000,2999.49,3003.76,2999.49,3003.60,2900.255,1763447399999,8706980.69696,5995,1813.227,5443513.32691,0
1763447400000,3003.59,3003.64,3000.50,3003.64,2615.843,1763447459999,7852255.89643,6656,1445.303,4338770.44231,0
1763447460000,3003.63,3004.49,3000.89,3003.29,1037.738,1763447519999,3116128.79419,4302,431.344,1295160.84566,0
1763447520000,3003.29,3004.06,3000.90,3001.02,995.810,1763447579999,2990015.82422,4063,548.793,1647771.88189,0
1763447580000,3001.02,3001.02,2996.48,2997.08,2099.056,1763447639999,6294260.58278,7215,682.892,2047827.44143,0
1763447640000,2997.08,2998.78,2984.36,2990.30,18309.485,1763447699999,54734441.11229,22911,4627.830,13837172.90583,0
1763447700000,2990.29,2990.29,2984.00,2984.00,6175.020,1763447759999,18435421.31113,12896,3034.784,9060001.77022,0
1763447760000,2984.00,2988.86,2983.46,2985.06,3758.593,1763447819999,11223547.83338,10493,1972.817,5891012.66828,0
1763447820000,2985.06,2986.09,2980.04,2983.15,4302.869,1763447879999,12835641.90212,11732,1861.766,5554236.58210,0
1763447880000,2983.15,2984.90,2978.16,2979.99,6314.331,1763447939999,18830064.01845,11930,3096.631,9235708.71542,0
1763447940000,2980.00,2983.10,2979.02,2982.47,3802.508,1763447999999,11335363.59328,10316,1988.884,5928941.35047,0
1763448000000,2982.47,2986.00,2982.27,2982.75,4177.860,1763448059999,12468615.18759,9104,2761.951,8242920.75034,0
1763448060000,2982.74,2985.62,2982.74,2982.98,2431.697,1763448119999,7256768.27423,7386,1155.515,3448252.54097,0
1763448120000,2982.99,2983.72,2977.31,2981.31,3886.280,1763448179999,11583093.94287,10706,1519.319,4528518.47478,0
1763448180000,2981.31,2981.49,2973.63,2975.76,7150.448,1763448239999,21280055.64798,13268,2148.903,6395379.79798,0
1763448240000,2975.77,2977.92,2972.28,2975.27,6378.911,1763448299999,18975891.22735,12467,3206.838,9539961.29370,0
1763448300000,2975.28,2981.16,2975.28,2978.56,7777.745,1763448359999,23172356.31175,12483,3854.057,11481909.43461,0
1763448360000,2978.56,2983.89,2978.55,2983.74,4953.129,1763448419999,14770257.54040,9220,3830.766,11423042.40813,0
1763448420000,2983.74,2985.79,2981.00,2985.79,3962.072,1763448479999,11820082.73277,7173,2405.779,7177812.15724,0
1763448480000,2985.77,2985.77,2980.64,2980.89,3666.732,1763448539999,10938254.28881,7690,1461.444,4359740.46337,0
1763448540000,2980.88,2983.90,2980.68,2981.64,1938.339,1763448599999,5779542.27540,5726,1318.564,3931371.24267,0
1763448600000,2981.64,2981.65,2976.07,2980.40,6527.301,1763448659999,19443054.35262,9145,1272.854,3791492.95465,0
1763448660000,2980.41,2980.41,2976.51,2977.64,2635.969,1763448719999,7850607.80733,7222,1323.283,3941050.65445,0
1763448720000,2977.65,2978.83,2976.05,2978.00,2520.774,1763448779999,7506361.73140,6461,1362.768,4057733.19541,0
1763448780000,2978.00,2983.50,2977.97,2983.04,4956.432,1763448839999,14775132.18156,9080,3702.871,11038439.45444,0
1763448840000,2983.04,2988.00,2982.30,2987.11,2711.991,1763448899999,8096724.79496,6576,2046.386,6109680.13667,0
1763448900000,2987.11,3001.29,2986.94,2994.94,13080.931,1763448959999,39181872.92184,21048,8754.997,26220671.27025,0
1763448960000,2994.95,2997.40,2992.36,2992.54,3030.041,1763449019999,9072853.63621,8778,1336.453,4001875.75203,0
1763449020000,2992.54,2993.05,2987.29,2987.98,2951.517,1763449079999,8822216.42106,8242,1322.155,3951994.97079,0
1763449080000,2987.99,2989.70,2987.09,2987.69,1725.396,1763449139999,5155563.10549,5846,832.407,2487257.51079,0
1763449140000,2987.69,2989.36,2987.38,2988.85,1549.270,1763449199999,4629603.13141,3070,1248.645,3731194.90077,0
1763449200000,2988.84,2989.36,2982.28,2982.28,3526.625,1763449259999,10532312.83251,9054,1351.791,4037746.09262,0
1763449260000,2982.27,2986.36,2977.51,2984.88,7711.661,1763449319999,22983450.99907,14726,3524.585,10507159.27179,0
1763449320000,2984.87,2986.40,2980.71,2980.71,4505.726,1763449379999,13444019.77524,11128,1623.509,4845795.03787,0
1763449380000,2980.71,2982.00,2977.39,2977.40,3136.657,1763449439999,9347584.72281,8104,1918.515,5717389.92973,0
1763449440000,2977.40,2981.60,2976.06,2978.64,2121.572,1763449499999,6318665.73033,7505,1293.680,3853264.63110,0
1763449500000,2978.64,2989.00,2978.64,2983.42,2738.724,1763449559999,8173728.14382,11061,1782.768,5320711.45390,0
1763449560000,2983.42,2992.53,2983.41,2992.02,2887.422,1763449619999,8629235.89927,10894,1666.244,4979589.84479,0
1763449620000,2992.01,2996.37,2990.74,2990.85,3707.822,1763449679999,11097879.03630,12861,1966.344,5885920.74808,0
1763449680000,2990.84,2997.71,2986.80,2996.78,9619.206,1763449739999,28797481.98725,15036,7442.905,22287177.08347,0
1763449740000,2996.79,3001.96,2993.96,2999.56,5372.449,1763449799999,16109085.06259,11801,3238.632,9710580.93955,0
1763449800000,2999.55,3005.00,2999.55,3000.10,4079.365,1763449859999,12247023.17535,10478,1965.142,5899386.77726,0
1763449860000,3000.10,3003.53,2998.00,2998.00,2940.072,1763449919999,8823078.75095,8604,1642.169,4928806.43316,0
1763449920000,2998.00,2999.13,2995.36,2997.91,1959.693,1763449979999,5874061.46192,6536,1137.588,3409826.66479,0
1763449980000,2997.91,2999.47,2996.90,2997.27,2178.894,1763450039999,6532620.12595,5625,1054.144,3160734.12870,0
1763450040000,2997.27,2997.66,2995.26,2996.87,1389.884,1763450099999,4164389.83803,5249,655.442,1963777.63090,0
1763450100000,2996.87,2997.54,2991.66,2992.94,3401.586,1763450159999,10183758.11444,8192,591.884,1771827.58747,0
1763450160000,2992.95,2993.84,2986.20,2992.99,3968.447,1763450219999,11866956.48921,12101,1921.855,5747485.58227,0
1763450220000,2992.98,2998.45,2991.61,2995.97,3383.876,1763450279999,10135794.98608,9819,1800.792,5393983.17115,0
1763450280000,2995.96,2996.80,2991.12,2991.29,2411.963,1763450339999,7220518.86473,9287,1198.072,3586474.00541,0
1763450340000,2991.28,2991.28,2987.18,2988.33,2320.909,1763450399999,6937312.82130,6682,1232.026,3682347.54681,0
1763450400000,2988.32,2989.15,2987.30,2987.58,2246.082,1763450459999,6711649.53364,6395,1544.454,4614974.23368,0
1763450460000,2987.59,2993.52,2987.59,2992.92,2920.099,1763450519999,8733085.89837,6749,2042.059,6106873.86175,0
1763450520000,2992.92,2993.01,2988.80,2991.45,1866.211,1763450579999,5581938.22034,6676,999.062,2988408.50528,0
1763450580000,2991.46,2995.59,2990.00,2994.47,1955.961,1763450639999,5854774.76317,7077,952.891,2852084.11280,0
1763450640000,2994.46,3000.11,2993.48,2999.00,3938.100,1763450699999,11807057.34929,9162,2674.282,8017935.18938,0
1763450700000,2998.99,3006.18,2998.96,3005.35,6543.098,1763450759999,19653262.70404,12073,4300.869,12918635.59072,0
1763450760000,3005.35,3007.65,3003.25,3007.58,3338.171,1763450819999,10034458.84689,8093,1668.798,5016297.84952,0
1763450820000,3007.59,3013.29,3005.73,3012.00,7716.647,1763450879999,23231242.79397,12375,5377.674,16188407.37916,0
1763450880000,3012.00,3012.00,3006.64,3007.27,3863.169,1763450939999,11622917.28135,8116,1107.410,3331822.59284,0
1763450940000,3007.28,3010.50,3007.28,3008.83,2538.268,1763450999999,7637655.92491,5844,1099.988,3309952.03257,0
1763451000000,3008.82,3011.55,3008.13,3009.59,2555.430,1763451059999,7692475.22544,8212,1312.901,3952120.59415,0
1763451060000,3009.58,3011.54,3005.28,3005.28,2642.822,1763451119999,7952539.41916,7404,1018.207,3063980.87810,0
1763451120000,3005.29,3010.20,3003.00,3009.49,2835.208,1763451179999,8525274.35797,7948,1299.800,3909482.84939,0
1763451180000,3009.49,3016.43,3008.44,3016.15,6696.307,1763451239999,20181998.39933,12865,4424.959,13337026.85222,0
1763451240000,3016.16,3019.90,3014.96,3018.27,7389.929,1763451299999,22297744.74303,11740,4158.179,12546857.01269,0
1763451300000,3018.27,3024.99,3017.80,3022.30,12875.193,1763451359999,38906455.04332,16823,7641.675,23090942.07638,0
1763451360000,3022.30,3024.59,3019.04,3021.57,4199.771,1763451419999,12689938.21117,8993,1782.449,5386546.36777,0
1763451420000,3021.58,3025.82,3019.44,3024.41,6180.039,1763451479999,18685460.67346,13574,3624.290,10958733.79970,0
1763451480000,3024.41,3027.75,3023.88,3026.89,4363.192,1763451539999,13204644.75076,11205,2256.966,6830410.11003,0
1763451540000,3026.89,3031.00,3026.64,3029.44,8331.517,1763451599999,25237751.35797,13503,5399.271,16355053.88270,0
1763451600000,3029.43,3033.50,3027.77,3028.08,8498.022,1763451659999,25757462.24892,14346,4597.421,13934575.01610,0
1763451660000,3028.08,3028.20,3025.25,3026.45,4106.201,1763451719999,12428632.06989,9279,1553.519,4702283.15275,0
1763451720000,3026.46,3026.76,3022.81,3026.38,5503.062,1763451779999,16646401.85419,7856,1630.977,4933843.01951,0
1763451780000,3026.38,3027.66,3025.00,3026.06,2250.333,1763451839999,6809641.09259,6349,974.035,2947452.76947,0
1763451840000,3026.06,3026.43,3024.04,3024.70,2562.606,1763451899999,7752268.44223,7084,1207.410,3652493.08432,0
1763451900000,3024.71,3028.01,3024.46,3027.72,2962.364,1763451959999,8963836.08746,7710,1774.608,5370052.88116,0
1763451960000,3027.72,3029.85,3025.34,3025.48,2656.713,1763452019999,8045357.98464,6140,1068.222,3234671.36486,0
1763452020000,3025.47,3028.94,3025.47,3028.00,2578.412,1763452079999,7805448.73332,6987,1086.065,3287544.68634,0
1763452080000,3028.00,3028.86,3025.42,3028.26,2277.326,1763452139999,6894648.18296,6936,924.439,2798917.94939,0
1763452140000,3028.26,3028.27,3024.03,3027.00,2621.641,1763452199999,7932873.40816,7408,893.321,2703125.24447,0
1763452200000,3027.00,3027.00,3024.36,3025.95,1893.569,1763452259999,5729006.14873,6972,964.845,2919109.15709,0
1763452260000,3025.95,3027.41,3025.79,3026.99,1184.640,1763452319999,3585512.36366,4306,562.540,1702632.77211,0
1763452320000,3026.99,3027.96,3025.03,3025.04,1676.919,1763452379999,5075487.33208,5310,652.264,1974129.10912,0
1763452380000,3025.03,3026.56,3022.96,3026.23,3344.282,1763452439999,10115303.85443,5932,1118.208,3381919.74990,0
1763452440000,3026.22,3027.54,3024.66,3025.30,1481.808,1763452499999,4483713.14572,4138,534.182,1616392.36139,0
1763452500000,3025.31,3028.49,3022.75,3027.62,2683.632,1763452559999,8120916.26516,6994,1156.879,3500808.03380,0
1763452560000,3027.63,3028.39,3025.46,3025.55,2131.876,1763452619999,6453067.03183,5251,596.965,1806994.21974,0
1763452620000,3025.54,3026.28,3023.29,3025.54,1782.758,1763452679999,5392506.61635,5352,847.702,2564100.70954,0
1763452680000,3025.54,3025.67,3023.59,3024.66,1409.108,1763452739999,4262634.25103,3516,416.363,1259487.53549,0
1763452740000,3024.67,3025.59,3022.52,3022.93,2014.525,1763452799999,6092805.22048,5197,510.735,1544803.26471,0
1763452800000,3022.94,3030.94,3022.94,3025.53,6614.238,1763452859999,20025770.49671,12212,3091.261,9359739.60192,0
1763452860000,3025.53,3032.33,3025.53,3030.90,4823.856,1763452919999,14613848.88995,9641,2271.354,6880166.91034,0
1763452920000,3030.90,3034.76,3029.83,3032.54,5266.113,1763452979999,15968323.85519,10557,2978.693,9032104.22051,0
1763452980000,3032.54,3032.70,3028.17,3030.16,2409.414,1763453039999,7300629.45030,7072,1128.391,3418994.96187,0
1763453040000,3030.17,3037.99,3030.15,3036.82,14362.329,1763453099999,43590009.27549,11845,12061.177,36606233.68245,0
1763453100000,3036.82,3038.00,3034.47,3034.47,4422.037,1763453159999,13425583.77926,10317,2070.818,6287383.67453,0
1763453160000,3034.47,3043.59,3030.60,3030.60,12386.351,1763453219999,37649093.10034,17583,8061.057,24507032.48355,0
1763453220000,3030.60,3032.07,3027.47,3032.06,5153.163,1763453279999,15613021.69897,11039,2229.108,6753814.26141,0
1763453280000,3032.06,3041.72,3032.05,3036.68,14039.496,1763453339999,42642941.75160,16162,8168.538,24804283.42010,0
1763453340000,3036.69,3039.16,3033.83,3033.83,3658.683,1763453399999,11111628.79914,9182,1486.354,4514337.05283,0
1763453400000,3033.84,3035.87,3030.83,3031.84,3551.182,1763453459999,10771400.76423,8291,1254.152,3804140.17864,0
1763453460000,3031.83,3034.15,3030.90,3032.70,2881.120,1763453519999,8736653.00414,6440,1328.701,4029128.35310,0
1763453520000,3032.69,3039.00,3032.69,3037.86,1892.489,1763453579999,5747194.87863,5672,1013.194,3076748.09269,0
1763453580000,3037.87,3038.82,3035.85,3036.18,2113.718,1763453639999,6420310.67947,5927,658.240,1999141.18785,0
1763453640000,3036.18,3037.27,3030.00,3031.70,2996.122,1763453699999,9086021.56739,7288,1125.768,3413911.88371,0
1763453700000,3031.71,3033.72,3031.21,3033.71,2225.641,1763453759999,6748845.92227,4889,1291.596,3916606.07140,0
1763453760000,3033.72,3035.33,3027.92,3029.43,3131.504,1763453819999,9492350.52141,7135,877.859,2661194.86777,0
1763453820000,3029.43,3040.49,3029.42,3040.47,6958.626,1763453879999,21137079.81174,14560,4735.364,14384317.68716,0
1763453880000,3040.46,3043.34,3038.27,3039.58,5230.175,1763453939999,15906357.53940,12446,3317.897,10091128.13465,0
1763453940000,3039.59,3039.86,3032.48,3037.64,4986.727,1763453999999,15144144.80167,9898,2575.888,7822052.69753,0
1763454000000,3037.64,3037.64,3031.11,3034.89,3992.987,1763454059999,12114327.46995,9829,2193.283,6654164.38580,0
1763454060000,3034.90,3036.77,3030.97,3030.97,2345.372,1763454119999,7114227.81327,8980,838.063,2542199.16299,0
1763454120000,3030.98,3031.88,3026.20,3028.00,7490.600,1763454179999,22684173.39742,13286,2528.995,7658241.38057,0
1763454180000,3027.99,3030.69,3027.14,3030.52,4363.918,1763454239999,13218327.98624,11091,1867.589,5656890.30065,0
1763454240000,3030.52,3032.21,3029.22,3031.07,3580.267,1763454299999,10851689.80117,8010,1388.787,4209374.19402,0
1763454300000,3031.06,3031.96,3027.77,3028.45,4280.215,1763454359999,12968562.50718,6335,1115.172,3378999.53543,0
1763454360000,3028.45,3032.69,3027.55,3032.68,2310.002,1763454419999,6999030.77509,6211,1079.988,3272657.87239,0
1763454420000,3032.68,3034.00,3031.50,3031.80,2035.136,1763454479999,6171114.77880,6606,834.920,2531762.67367,0
1763454480000,3031.79,3033.56,3030.00,3033.25,1516.919,1763454539999,4597833.55945,5031,627.272,1901276.33379,0
1763454540000,3033.25,3037.22,3031.05,3032.54,3881.265,1763454599999,11776599.72072,8696,2353.425,7141157.23057,0
1763454600000,3032.55,3036.27,3030.61,3035.86,2397.747,1763454659999,7276311.39392,9152,1055.137,3201925.87245,0
1763454660000,3035.85,3041.00,3035.65,3039.33,4319.840,1763454719999,13127370.22074,10319,2235.775,6794841.44633,0
1763454720000,3039.33,3041.11,3037.60,3038.81,3276.607,1763454779999,9958169.64138,7591,1436.767,4366959.13125,0
1763454780000,3038.82,3045.83,3038.82,3045.27,8207.155,1763454839999,24981579.59139,14046,5697.212,17341821.14035,0
1763454840000,3045.27,3047.70,3043.78,3046.94,4527.546,1763454899999,13790430.67467,10076,2674.456,8146498.76990,0
1763454900000,3046.94,3054.00,3045.98,3049.96,15758.201,1763454959999,48075337.16427,23913,10715.983,32693432.92833,0
1763454960000,3049.97,3060.90,3049.76,3053.15,14231.681,1763455019999,43485494.58091,20017,9243.029,28245241.25156,0
1763455020000,3053.16,3058.00,3052.81,3057.19,6034.053,1763455079999,18438359.00482,11701,3507.577,10718166.50445,0
1763455080000,3057.19,3066.00,3057.04,3061.89,17766.088,1763455139999,54406318.19610,26380,11006.862,33705459.02716,0
1763455140000,3061.87,3065.94,3060.93,3062.78,6625.004,1763455199999,20295883.65901,13424,2890.117,8853562.09914,0
1763455200000,3062.79,3066.89,3057.22,3059.86,9509.223,1763455259999,29113650.22470,18537,4418.517,13528988.89447,0
1763455260000,3059.86,3062.11,3057.37,3058.18,4671.677,1763455319999,14293594.63603,10550,1789.708,5476227.26245,0
1763455320000,3058.18,3060.00,3056.00,3057.52,4017.018,1763455379999,12282093.09906,10024,1581.319,4835097.28223,0
1763455380000,3057.54,3058.74,3056.49,3057.86,2655.599,1763455439999,8119294.54436,6822,1464.473,4477542.08216,0
1763455440000,3057.86,3062.22,3056.22,3057.16,4540.542,1763455499999,13889665.13099,9873,2879.001,8807297.50741,0
1763455500000,3057.16,3060.00,3055.32,3058.37,6056.139,1763455559999,18516949.75424,12122,3288.403,10054828.37346,0
1763455560000,3058.36,3061.72,3056.10,3058.07,3212.448,1763455619999,9825909.97899,9840,2077.550,6354427.44142,0
1763455620000,3058.06,3059.63,3054.56,3056.75,3290.356,1763455679999,10058570.82901,8588,1551.521,4742802.78700,0
1763455680000,3056.75,3061.01,3055.71,3059.28,3456.723,1763455739999,10573311.37488,8283,1945.720,5951270.31750,0
1763455740000,3059.28,3059.86,3056.95,3059.85,2056.291,1763455799999,6289592.01646,5749,1272.581,3892612.08875,0
1763455800000,3059.86,3059.86,3055.00,3055.01,2475.319,1763455859999,7567570.71661,6034,1173.685,3587946.51745,0
1763455860000,3055.00,3060.93,3053.40,3060.75,4702.246,1763455919999,14372864.87987,10040,3211.119,9816437.30514,0
1763455920000,3060.75,3060.76,3057.56,3059.43,2645.856,1763455979999,8094058.75743,7101,1726.042,5280075.34602,0
1763455980000,3059.43,3060.70,3055.19,3056.65,4433.772,1763456039999,13557474.85843,9821,2138.948,6540721.11982,0
1763456040000,3056.66,3061.71,3055.65,3060.39,5910.744,1763456099999,18080800.10232,8855,3865.856,11825503.06370,0
1763456100000,3060.39,3060.73,3058.87,3060.49,3101.572,1763456159999,9490524.48788,4860,902.200,2760558.44514,0
1763456160000,3060.49,3062.12,3059.80,3060.45,2005.872,1763456219999,6139923.51411,5391,1027.814,3146117.60625,0
1763456220000,3060.46,3060.70,3057.15,3057.84,2096.605,1763456279999,6412352.61814,5461,931.969,2850308.28201,0
1763456280000,3057.84,3060.72,3057.83,3060.24,1307.906,1763456339999,4001247.33866,3777,753.341,2304744.98218,0
1763456340000,3060.24,3061.00,3059.23,3059.23,1309.552,1763456399999,4007283.50118,3819,741.100,2267755.74376,0
1763456400000,3059.23,3066.63,3058.33,3060.88,11000.776,1763456459999,33697979.51308,15818,7905.214,24213977.12878,0
1763456460000,3060.88,3063.15,3060.06,3060.06,1742.938,1763456519999,5336726.92575,5859,781.036,2391572.87651,0
1763456520000,3060.06,3061.46,3057.27,3060.14,4694.604,1763456579999,14363021.37249,8973,2163.422,6619168.53733,0
1763456580000,3060.14,3063.78,3059.80,3061.61,3090.911,1763456639999,9461371.16365,6385,1650.649,5052524.72109,0
1763456640000,3061.62,3062.22,3051.99,3053.57,9874.255,1763456699999,30176926.79388,13596,4506.726,13770274.90892,0
1763456700000,3053.58,3055.26,3047.14,3048.18,8930.441,1763456759999,27243164.98528,13142,2850.320,8696158.62118,0
1763456760000,3048.18,3050.23,3045.36,3047.01,9158.333,1763456819999,27914562.26312,11875,4249.186,12952960.68262,0
1763456820000,3047.01,3047.69,3044.99,3046.23,6591.466,1763456879999,20080640.88859,7578,3546.229,10803593.38584,0
1763456880000,3046.29,3049.20,3044.11,3044.70,8974.611,1763456939999,27340314.01163,9167,4304.446,13112875.80115,0
1763456940000,3044.70,3045.81,3040.00,3045.62,7885.233,1763456999999,23996359.81970,11922,3679.738,11198736.92757,0
1763457000000,3045.63,3046.09,3043.62,3044.60,6002.011,1763457059999,18274424.88845,4694,3301.738,10053117.81496,0
1763457060000,3044.58,3050.00,3044.05,3049.27,8081.426,1763457119999,24617499.59025,6692,5675.154,17285259.78727,0
1763457120000,3049.28,3052.20,3044.10,3045.33,3717.016,1763457179999,11331601.47364,8492,1471.726,4487057.26680,0
1763457180000,3045.34,3045.75,3040.97,3041.71,3251.026,1763457239999,9891149.87062,6904,1505.148,4579061.09454,0
1763457240000,3041.70,3045.47,3041.08,3043.96,3447.923,1763457299999,10492405.48996,6446,2421.169,7367246.23672,0
1763457300000,3043.97,3047.86,3043.96,3046.12,2113.810,1763457359999,6438737.02904,6594,1249.844,3806931.63045,0
1763457360000,3046.11,3051.76,3046.11,3051.66,4724.978,1763457419999,14408639.61503,9508,3010.023,9179245.18449,0
1763457420000,3051.66,3053.49,3050.00,3053.08,3417.038,1763457479999,10428631.45570,7877,2097.576,6401698.35009,0
1763457480000,3053.09,3054.88,3050.30,3051.63,5703.739,1763457539999,17409642.21761,10613,3451.184,10534849.50497,0
1763457540000,3051.63,3052.97,3050.93,3051.80,1960.815,1763457599999,5984257.73350,6008,1218.620,3719060.13369,0
1763457600000,3051.80,3052.32,3045.12,3047.59,3749.834,1763457659999,11431892.28853,8077,2246.954,6849544.97938,0
1763457660000,3047.59,3047.59,3043.00,3043.38,2408.917,1763457719999,7334640.66443,5487,1080.000,3288498.46780,0
1763457720000,3043.39,3043.64,3039.31,3039.68,3571.617,1763457779999,10862716.07107,6162,957.515,2911856.42381,0
1763457780000,3039.67,3039.67,3036.88,3037.47,3631.211,1763457839999,11032922.53182,7791,1616.183,4910746.66579,0
1763457840000,3037.47,3038.66,3036.93,3037.36,1699.733,1763457899999,5163479.03514,3944,811.565,2465475.57647,0
1763457900000,3037.36,3038.07,3027.78,3027.78,12479.897,1763457959999,37842796.97127,15103,3709.148,11245235.33786,0
1763457960000,3027.78,3030.21,3026.70,3028.41,6024.912,1763458019999,18248112.10304,9163,2896.967,8774796.45020,0
1763458020000,3028.41,3033.15,3028.40,3032.49,2943.958,1763458079999,8924639.57750,5993,1851.851,5613535.22957,0
1763458080000,3032.49,3035.27,3032.21,3034.18,2570.806,1763458139999,7799583.58508,6238,1612.358,4891788.55291,0
1763458140000,3034.19,3034.67,3029.79,3030.71,4098.220,1763458199999,12425629.18880,6615,1018.546,3087874.68080,0
1763458200000,3030.72,3033.30,3029.53,3032.20,2277.553,1763458259999,6903582.19813,5254,1600.736,4852055.91743,0
1763458260000,3032.20,3033.95,3032.20,3033.87,1579.636,1763458319999,4791202.84898,4402,1064.836,3229747.53690,0
1763458320000,3033.87,3036.29,3032.01,3032.14,2194.236,1763458379999,6657917.63745,5373,1311.214,3979127.29180,0
1763458380000,3032.14,3036.58,3032.13,3036.13,1244.910,1763458439999,3778048.18384,5180,777.264,2358873.71906,0
1763458440000,3036.14,3037.54,3030.83,3031.22,2012.966,1763458499999,6106054.88858,6237,782.006,2373339.20505,0
1763458500000,3031.22,3033.97,3031.20,3033.96,1947.079,1763458559999,5904180.55095,5758,1217.872,3692981.04315,0
1763458560000,3033.97,3035.13,3031.06,3031.75,1402.355,1763458619999,4253002.55278,5446,644.414,1954340.63793,0
1763458620000,3031.75,3033.88,3031.23,3033.24,1248.692,1763458679999,3786963.48948,4638,571.967,1734639.73048,0
1763458680000,3033.23,3036.40,3033.23,3036.39,1456.525,1763458739999,4420675.07859,4548,894.635,2715247.96907,0
1763458740000,3036.40,3038.52,3034.94,3037.68,1973.878,1763458799999,5995293.73759,5898,1290.751,3920516.01995,0
1763458800000,3037.68,3038.70,3036.31,3037.32,2308.388,1763458859999,7011631.97493,4826,972.008,2952523.86849,0
1763458860000,3037.33,3038.37,3034.46,3035.34,1649.295,1763458919999,5006794.81317,4661,707.705,2148544.20257,0
1763458920000,3035.33,3038.07,3035.33,3038.06,1361.545,1763458979999,4135295.89592,3617,784.931,2383917.86037,0
1763458980000,3038.07,3044.66,3038.07,3043.11,6048.909,1763459039999,18400689.59068,8986,4503.201,13698539.75589,0
1763459040000,3043.11,3045.00,3041.68,3044.02,3886.856,1763459099999,11829989.13385,5971,2289.345,6968321.20749,0
1763459100000,3044.02,3046.01,3043.87,3045.59,4070.386,1763459159999,12394225.39148,5828,2354.269,7168872.79319,0
1763459160000,3045.60,3045.60,3043.71,3044.14,2015.135,1763459219999,6134974.79225,2977,487.269,1483326.76449,0
1763459220000,3044.14,3047.84,3043.89,3046.49,4924.296,1763459279999,15003197.85438,6570,2561.023,7802473.71581,0
1763459280000,3046.49,3049.00,3046.49,3049.00,2355.182,1763459339999,7177782.91929,3878,1377.459,4198146.59264,0
1763459340000,3049.00,3053.77,3049.00,3052.01,8093.877,1763459399999,24697809.58911,8515,5285.369,16127593.97024,0
1763459400000,3052.00,3053.77,3051.65,3052.76,3553.106,1763459459999,10845111.92364,4659,1441.816,4400993.10638,0
1763459460000,3052.75,3054.68,3051.65,3052.06,4621.539,1763459519999,14110221.67787,6334,1921.855,5867869.25191,0
1763459520000,3052.07,3055.29,3051.96,3055.28,4125.947,1763459579999,12599818.29516,6398,2611.964,7976637.95968,0
1763459580000,3055.29,3055.80,3054.03,3054.72,2787.696,1763459639999,8515843.91152,4184,1625.944,4967140.90743,0
1763459640000,3054.71,3055.98,3054.44,3055.04,2556.017,1763459699999,7809291.82029,4458,1171.972,3580546.38541,0
1763459700000,3055.05,3055.73,3050.32,3054.17,4657.961,1763459759999,14219610.40237,6859,1109.017,3384755.38559,0
1763459760000,3054.17,3055.56,3051.98,3055.31,3520.181,1763459819999,10751402.78592,5971,1750.456,5345565.87931,0
1763459820000,3055.31,3057.46,3055.04,3056.61,3565.106,1763459879999,10896596.63657,5832,1951.652,5965167.15166,0
1763459880000,3056.61,3062.99,3055.38,3058.91,10985.935,1763459939999,33613683.31477,12571,7420.315,22706485.01202,0
1763459940000,3058.91,3061.35,3058.91,3059.16,3383.053,1763459999999,10351903.90265,6237,1661.381,5083563.55002,0
1763460000000,3059.16,3062.00,3058.66,3061.75,2685.757,1763460059999,8220798.75753,6159,1593.816,4878353.46906,0
1763460060000,3061.74,3064.31,3059.20,3059.40,4206.471,1763460119999,12880887.77442,8576,2005.533,6141560.77372,0
1763460120000,3059.39,3060.94,3058.01,3059.07,2604.610,1763460179999,7968193.68222,6382,867.934,2655098.29798,0
1763460180000,3059.07,3063.00,3059.03,3061.48,3446.649,1763460239999,10549321.04382,7621,1062.810,3252988.54155,0
1763460240000,3061.47,3065.68,3061.06,3065.36,5681.045,1763460299999,17404395.02363,9970,3125.890,9578293.06183,0
1763460300000,3065.35,3066.00,3061.41,3062.63,5600.144,1763460359999,17157452.75524,10006,2214.943,6786992.06094,0
1763460360000,3062.64,3064.52,3059.91,3064.52,3039.320,1763460419999,9308335.70372,6586,1061.678,3251763.63373,0
1763460420000,3064.52,3064.74,3059.00,3060.09,4283.221,1763460479999,13113962.01727,8697,1784.004,5461178.07837,0
1763460480000,3060.09,3060.22,3054.87,3056.02,5631.266,1763460539999,17213294.75606,7997,2125.769,6497570.62888,0
1763460540000,3056.02,3056.57,3054.41,3055.46,3335.328,1763460599999,10191823.90054,6167,1142.423,3491070.36691,0
1763460600000,3055.46,3056.65,3054.86,3056.46,1991.718,1763460659999,6086482.53641,4329,742.711,2269630.96368,0
1763460660000,3056.46,3060.00,3054.41,3056.82,1868.633,1763460719999,5712741.37324,5636,903.567,2762770.27059,0
1763460720000,3056.82,3057.21,3055.14,3057.21,1887.974,1763460779999,5769906.57014,4948,606.665,1854086.46819,0
1763460780000,3057.20,3057.20,3055.92,3056.85,1545.826,1763460839999,4724980.11302,3029,496.987,1519058.22106,0
1763460840000,3056.85,3059.50,3056.85,3057.75,1537.831,1763460899999,4703403.79475,4211,499.290,1526969.01171,0
1763460900000,3057.75,3059.36,3056.37,3059.09,1461.129,1763460959999,4468039.52687,4652,624.658,1910232.09621,0
1763460960000,3059.09,3060.00,3056.36,3059.46,1532.433,1763461019999,4687228.00080,4745,769.089,2352430.51096,0
1763461020000,3059.45,3063.05,3058.21,3060.75,2088.147,1763461079999,6391804.81119,6039,1252.641,3834392.27698,0
1763461080000,3060.76,3065.00,3060.76,3064.99,4130.749,1763461139999,12654514.74930,6491,3089.867,9465391.25512,0
1763461140000,3065.00,3068.00,3062.43,3062.64,4706.093,1763461199999,14426641.30618,8647,3022.566,9267346.75765,0
1763461200000,3062.65,3063.12,3055.76,3055.76,2260.098,1763461259999,6914504.15011,7134,726.342,2222193.88932,0
1763461260000,3055.76,3055.77,3048.88,3051.95,6789.097,1763461319999,20719471.62085,10803,1978.310,6036083.92653,0
1763461320000,3051.96,3054.34,3051.96,3054.27,1876.048,1763461379999,5728077.00557,5312,803.467,2453261.29995,0
1763461380000,3054.26,3055.08,3052.87,3053.20,1195.291,1763461439999,3650004.36733,3669,462.647,1412741.71048,0
1763461440000,3053.20,3053.20,3050.21,3051.65,1815.852,1763461499999,5540526.64958,4959,705.763,2153219.21711,0
1763461500000,3051.66,3052.34,3051.00,3052.00,1355.184,1763461559999,4135605.78953,3049,578.417,1765166.91153,0
1763461560000,3051.99,3054.67,3051.99,3053.96,1379.923,1763461619999,4213270.18985,4648,800.509,2444113.63564,0
1763461620000,3053.95,3054.16,3051.34,3052.95,1502.563,1763461679999,4586605.04691,3938,740.158,2259410.40330,0
1763461680000,3052.95,3060.39,3052.95,3059.99,3390.355,1763461739999,10368564.25994,6695,2330.805,7128306.57273,0
1763461740000,3060.00,3061.00,3058.80,3059.52,1443.047,1763461799999,4415568.61310,4014,675.629,2067314.47858,0
1763461800000,3059.53,3061.25,3057.54,3060.99,1930.854,1763461859999,5907020.07088,6111,1004.172,3072072.00062,0
1763461860000,3060.99,3065.00,3060.61,3065.00,3794.392,1763461919999,11619669.47098,7219,2299.812,7043755.39889,0
1763461920000,3065.00,3070.25,3063.99,3068.20,9227.026,1763461979999,28306654.22420,13804,5544.413,17008325.08536,0
1763461980000,3068.20,3071.98,3066.59,3067.45,8142.025,1763462039999,24991159.55066,12446,4940.317,15164407.25780,0
1763462040000,3067.45,3068.40,3065.01,3065.01,1806.562,1763462099999,5540976.76727,5644,865.891,2655963.19442,0
1763462100000,3065.01,3065.39,3061.43,3064.29,2463.316,1763462159999,7545502.10528,5789,1379.046,4223931.43516,0
1763462160000,3064.30,3065.12,3060.83,3062.04,1967.634,1763462219999,6027196.63324,5051,785.685,2406901.63648,0
1763462220000,3062.05,3066.37,3062.05,3066.37,2449.202,1763462279999,7503403.27204,4708,1948.502,5969183.76683,0
1763462280000,3066.38,3067.93,3066.38,3066.82,1532.627,1763462339999,4700664.08325,4548,781.819,2397830.00924,0
1763462340000,3066.81,3066.82,3064.59,3064.59,1111.867,1763462399999,3408376.79165,3381,594.975,1823834.61297,0
1763462400000,3064.60,3065.86,3063.37,3065.10,1144.602,1763462459999,3508021.91201,3576,578.619,1773370.29232,0
1763462460000,3065.10,3065.35,3061.04,3062.99,1326.645,1763462519999,4063106.32075,4070,485.839,1487811.28560,0
1763462520000,3063.00,3065.44,3062.58,3063.82,1140.594,1763462579999,3494624.17850,3286,504.555,1545870.33684,0
1763462580000,3063.82,3064.59,3061.39,3062.40,1150.822,1763462639999,3524443.87704,3864,307.364,941230.06231,0
1763462640000,3062.39,3064.50,3062.39,3063.26,638.995,1763462699999,1957687.35420,2995,270.027,827244.86878,0
1763462700000,3063.27,3065.33,3063.27,3064.17,897.015,1763462759999,2748812.58834,3604,338.895,1038563.86842,0
1763462760000,3064.17,3064.95,3061.42,3064.26,1297.916,1763462819999,3975307.29889,4767,406.974,1246629.47284,0
1763462820000,3064.25,3064.81,3061.20,3062.26,991.374,1763462879999,3036781.84830,3708,324.164,993028.48327,0
1763462880000,3062.26,3064.65,3059.71,3059.71,2154.469,1763462939999,6597163.98990,5387,647.474,1983424.13561,0
1763462940000,3059.71,3061.97,3058.00,3058.00,1422.556,1763462999999,4352302.29312,4239,360.784,1103855.97941,0
1763463000000,3058.00,3058.01,3052.05,3057.78,3656.310,1763463059999,11169661.02966,8215,1603.214,4897492.21885,0
1763463060000,3057.78,3058.87,3055.58,3056.19,2130.714,1763463119999,6514408.89235,4894,860.378,2630484.32522,0
1763463120000,3056.20,3059.36,3056.20,3059.13,1151.077,1763463179999,3519624.76758,4355,715.813,2188687.51157,0
1763463180000,3059.12,3059.41,3057.36,3058.34,1340.685,1763463239999,4100473.78939,4296,445.181,1361619.39665,0
1763463240000,3058.36,3063.60,3058.13,3059.60,1689.368,1763463299999,5171052.07339,5578,893.316,2734518.05237,0
1763463300000,3059.60,3061.42,3058.80,3061.16,885.833,1763463359999,2710763.04919,4182,443.670,1357621.32801,0
1763463360000,3061.17,3066.31,3061.16,3064.16,2412.180,1763463419999,7392791.34952,6819,1257.015,3852334.65729,0
1763463420000,3064.16,3066.00,3063.68,3063.90,1558.320,1763463479999,4776027.74403,4655,960.858,2944964.76210,0
1763463480000,3063.90,3065.33,3062.52,3063.03,2595.460,1763463539999,7951638.37661,5120,602.478,1845889.54521,0
1763463540000,3063.03,3066.13,3063.03,3064.50,3041.865,1763463599999,9323209.80343,5545,1435.470,4399718.22989,0
1763463600000,3064.50,3064.62,3062.06,3064.30,1854.865,1763463659999,5682236.12357,5929,668.586,2048211.43084,0
1763463660000,3064.31,3065.47,3062.70,3063.71,2465.103,1763463719999,7553645.58758,5160,1149.239,3521904.13763,0
1763463720000,3063.71,3063.89,3058.47,3059.21,3039.940,1763463779999,9304463.05918,5961,843.690,2581929.50900,0
1763463780000,3059.21,3061.00,3058.90,3060.00,1162.498,1763463839999,3557022.16465,3429,439.972,1346198.34944,0
1763463840000,3059.99,3062.00,3059.99,3061.49,672.362,1763463899999,2057979.97823,2697,392.927,1202641.78819,0
1763463900000,3061.50,3062.94,3061.19,3061.53,829.567,1763463959999,2540106.46561,3165,426.263,1305176.26003,0
1763463960000,3061.52,3062.73,3060.00,3060.69,1255.330,1763464019999,3842535.05691,3910,467.725,1431628.25902,0
1763464020000,3060.70,3061.94,3059.17,3060.11,1967.881,1763464079999,6022118.12185,4990,1042.927,3191416.47999,0
1763464080000,3060.11,3061.25,3058.20,3058.46,1292.743,1763464139999,3955610.51823,4350,391.745,1198755.25991,0
1763464140000,3058.47,3060.94,3058.46,3060.94,1120.859,1763464199999,3429552.27111,3454,599.532,1834418.13312,0
1763464200000,3060.93,3065.00,3060.92,3063.67,1043.491,1763464259999,3196830.96040,3901,510.166,1562747.12089,0
1763464260000,3063.66,3066.00,3063.40,3065.76,2174.837,1763464319999,6665261.74504,4833,1321.391,4049676.30686,0
1763464320000,3065.75,3066.48,3059.48,3059.88,2801.841,1763464379999,8582690.42882,6075,773.477,2370007.40540,0
1763464380000,3059.88,3061.98,3058.00,3058.77,4265.408,1763464439999,13050827.98669,7314,2816.177,8617081.71568,0
1763464440000,3058.76,3058.86,3055.91,3057.54,2114.217,1763464499999,6464307.61615,5506,690.330,2110726.55410,0
1763464500000,3057.55,3058.35,3056.85,3057.81,2045.942,1763464559999,6255557.47817,4236,917.697,2805871.08303,0
1763464560000,3057.81,3058.00,3050.75,3054.52,7213.010,1763464619999,22024036.29041,10234,2896.640,8844429.88873,0
1763464620000,3054.51,3055.96,3052.05,3053.38,3380.960,1763464679999,10326850.16078,6910,1383.049,4224364.43473,0
1763464680000,3053.38,3054.48,3052.11,3053.40,3204.617,1763464739999,9784980.20987,6345,2020.119,6168383.43631,0
1763464740000,3053.40,3054.30,3053.05,3054.09,1378.688,1763464799999,4210076.06032,3233,539.980,1648924.21532,0
1763464800000,3054.10,3058.36,3053.88,3057.82,2622.634,1763464859999,8017754.04750,5971,1295.521,3959799.67562,0
1763464860000,3057.82,3059.26,3057.65,3057.95,1523.489,1763464919999,4659537.71004,4204,811.689,2482560.07703,0
1763464920000,3057.95,3064.60,3057.22,3064.60,2748.658,1763464979999,8415124.74088,6367,1757.768,5381420.77600,0
1763464980000,3064.60,3068.85,3064.60,3068.33,5610.369,1763465039999,17205232.65141,8748,3410.370,10457521.17901,0
1763465040000,3068.34,3073.71,3065.25,3065.57,7660.101,1763465099999,23516065.95809,12061,3799.303,11665671.28253,0
1763465100000,3065.56,3065.95,3058.65,3062.69,2311.513,1763465159999,7077822.96987,8235,858.420,2628385.17537,0
1763465160000,3062.68,3064.01,3060.73,3061.14,1336.340,1763465219999,4092074.81776,4532,501.606,1535940.54850,0
1763465220000,3061.14,3063.23,3060.63,3060.63,1422.589,1763465279999,4355796.53728,4584,805.608,2466712.25818,0
1763465280000,3060.63,3060.91,3059.00,3060.88,1132.404,1763465339999,3465070.26433,3655,408.401,1249634.20129,0
1763465340000,3060.89,3064.00,3058.92,3061.71,1941.578,1763465399999,5944255.00298,5820,724.377,2217658.22119,0
1763465400000,3061.71,3061.71,3056.72,3058.13,1519.867,1763465459999,4649721.03847,5583,648.819,1984834.09253,0
1763465460000,3058.13,3059.93,3056.33,3057.61,1296.318,1763465519999,3964072.91026,4957,556.070,1700451.81891,0
1763465520000,3057.61,3058.26,3055.35,3055.38,1350.225,1763465579999,4126982.10080,4610,578.012,1766628.87586,0
1763465580000,3055.39,3055.91,3054.25,3054.50,1592.260,1763465639999,4864091.69671,5189,801.208,2447538.80004,0
1763465640000,3054.50,3057.03,3054.34,3056.37,1537.651,1763465699999,4698128.88875,4845,781.894,2389129.96634,0
1763465700000,3056.37,3059.65,3055.88,3059.65,2687.064,1763465759999,8215935.35061,5961,903.770,2763616.72014,0
1763465760000,3059.65,3066.28,3059.64,3066.00,2905.263,1763465819999,8901042.37775,7196,1792.434,5490919.61150,0
1763465820000,3066.00,3067.35,3061.45,3063.36,2591.273,1763465879999,7940800.72035,7406,1053.182,3227602.46814,0
1763465880000,3063.36,3065.37,3061.53,3065.29,1932.565,1763465939999,5920863.24901,5648,1171.743,3589826.94986,0
1763465940000,3065.29,3067.90,3062.94,3062.95,2682.153,1763465999999,8222999.08030,6240,1393.067,4271188.08246,0
1763466000000,3062.95,3064.81,3062.94,3064.59,822.748,1763466059999,2521055.53086,2678,304.242,932264.87667,0
1763466060000,3064.59,3070.00,3064.59,3069.28,3219.995,1763466119999,9877028.16475,6188,1906.267,5847549.00469,0
1763466120000,3069.28,3069.99,3066.86,3068.03,4198.477,1763466179999,12883205.82758,7875,1629.859,5001336.24706,0
1763466180000,3068.03,3068.70,3067.02,3067.42,1636.660,1763466239999,5021281.53772,4015,695.906,2135127.68595,0
1763466240000,3067.42,3068.55,3066.19,3068.04,1797.824,1763466299999,5514909.56525,4229,541.988,1662618.95292,0
1763466300000,3068.04,3069.40,3067.04,3068.98,2784.415,1763466359999,8543590.19989,4856,1415.607,4343544.45832,0
1763466360000,3068.98,3069.32,3067.20,3068.99,1820.484,1763466419999,5586231.28344,4262,759.252,2329762.44919,0
1763466420000,3069.00,3069.37,3067.36,3067.95,2509.027,1763466479999,7698553.94777,4430,1102.975,3384532.19928,0
1763466480000,3067.94,3068.23,3065.37,3067.54,1507.220,1763466539999,4622082.23837,4043,682.510,2092836.47109,0
1763466540000,3067.54,3067.71,3066.04,3066.98,1241.038,1763466599999,3805895.66700,2897,631.855,1937707.83493,0
1763466600000,3066.98,3067.00,3064.30,3064.31,1917.610,1763466659999,5878154.06712,4268,423.198,1297264.40702,0
1763466660000,3064.31,3065.58,3064.31,3064.48,1025.239,1763466719999,3142384.27693,2477,372.218,1140845.72720,0
1763466720000,3064.48,3064.75,3062.32,3063.34,1773.313,1763466779999,5433075.91810,4114,534.701,1638215.03916,0
1763466780000,3063.35,3063.98,3060.67,3061.38,1233.479,1763466839999,3777156.57441,3908,429.967,1316640.46090,0
1763466840000,3061.38,3062.15,3060.54,3061.32,1168.843,1763466899999,3578088.30566,3595,500.737,1532935.49767,0
1763466900000,3061.31,3064.76,3061.31,3061.69,1095.874,1763466959999,3357081.82895,4539,573.541,1756902.10721,0
1763466960000,3061.69,3061.69,3060.11,3060.24,1262.433,1763467019999,3863845.26435,3042,428.681,1311980.30492,0
1763467020000,3060.24,3062.87,3060.23,3062.20,741.467,1763467079999,2270155.69197,2798,348.844,1068043.26450,0
1763467080000,3062.19,3062.20,3060.94,3061.26,827.743,1763467139999,2534085.79768,2565,244.274,747796.36257,0
1763467140000,3061.25,3061.58,3051.90,3056.44,9859.633,1763467199999,30129612.31019,12915,3166.660,9673637.88106,0
1763467200000,3056.45,3057.43,3054.00,3054.00,2583.972,1763467259999,7896544.71284,5514,1382.013,4223320.83060,0
1763467260000,3054.00,3055.05,3051.72,3054.40,3309.071,1763467319999,10104224.40719,5747,1562.734,4772101.87602,0
1763467320000,3054.40,3054.42,3050.82,3051.26,3330.181,1763467379999,10164302.72747,6837,1488.262,4542386.41729,0
1763467380000,3051.27,3052.16,3045.29,3046.10,10299.364,1763467439999,31401313.98025,15067,4728.253,14416619.28035,0
1763467440000,3046.11,3049.62,3045.06,3048.64,4090.538,1763467499999,12466754.64220,8351,2032.780,6195695.51684,0
1763467500000,3048.64,3050.75,3048.21,3049.63,2469.972,1763467559999,7532746.65605,5838,1129.560,3444929.30281,0
1763467560000,3049.63,3050.71,3048.13,3049.48,1944.087,1763467619999,5928260.46354,5399,1043.717,3182759.41174,0
1763467620000,3049.48,3054.78,3047.23,3049.06,6677.198,1763467679999,20374643.99533,9771,2632.883,8033733.89393,0
1763467680000,3049.06,3050.30,3048.03,3050.26,2499.743,1763467739999,7623064.37546,4796,1586.608,4838653.77203,0
1763467740000,3050.27,3053.40,3050.26,3052.00,2393.894,1763467799999,7306472.52635,6355,1318.346,4023658.59234,0
1763467800000,3051.99,3054.00,3050.47,3052.46,1862.918,1763467859999,5686138.29454,5345,818.722,2499022.65035,0
1763467860000,3052.47,3053.66,3050.52,3052.42,1821.741,1763467919999,5559937.18948,5956,998.879,3048643.94484,0
1763467920000,3052.40,3054.92,3046.07,3046.22,4165.734,1763467979999,12703490.60829,7665,1614.014,4921636.37647,0
1763467980000,3046.23,3047.95,3042.22,3043.69,6895.043,1763468039999,20989489.88882,11593,2288.947,6968183.75446,0
1763468040000,3043.70,3044.06,3037.06,3038.99,9800.515,1763468099999,29789869.55460,15105,3395.290,10320401.88687,0
1763468100000,3038.99,3044.23,3038.51,3043.44,5192.197,1763468159999,15794760.08062,7300,3373.877,10262182.52045,0
1763468160000,3043.45,3044.65,3040.20,3042.09,4379.887,1763468219999,13325421.07357,7777,1061.231,3229201.08063,0
1763468220000,3042.08,3054.75,3042.08,3054.01,5090.366,1763468279999,15529781.02377,10682,2980.557,9090756.44399,0
1763468280000,3054.00,3055.90,3051.98,3053.34,4103.755,1763468339999,12532388.94272,9037,1696.555,5181569.81235,0
1763468340000,3053.34,3057.54,3051.97,3057.54,2842.784,1763468399999,8682184.76529,6356,1424.173,4350232.52506,0
1763468400000,3057.54,3060.95,3056.83,3057.96,5073.682,1763468459999,15519517.92977,10101,2821.691,8631228.85427,0
1763468460000,3057.95,3059.80,3056.14,3059.12,3391.886,1763468519999,10372731.14222,7236,1642.136,5022334.43765,0
1763468520000,3059.12,3062.74,3056.53,3057.19,3972.418,1763468579999,12152171.08013,8958,1459.900,4466743.51764,0
1763468580000,3057.18,3057.18,3050.33,3050.47,2772.333,1763468639999,8467088.64129,8084,629.208,1921901.29365,0
1763468640000,3050.47,3054.19,3050.47,3053.03,2159.622,1763468699999,6591981.50216,4882,634.692,1937354.99961,0
1763468700000,3053.02,3053.49,3046.32,3046.66,2426.371,1763468759999,7398651.09879,7356,613.191,1869810.42691,0
1763468760000,3046.65,3048.42,3045.00,3047.35,1914.818,1763468819999,5834124.08748,6328,939.562,2862706.75591,0
1763468820000,3047.34,3051.43,3046.85,3048.31,2022.218,1763468879999,6166597.38676,4778,1484.730,4527666.80572,0
1763468880000,3048.31,3050.00,3046.86,3048.25,963.938,1763468939999,2938111.47651,3993,513.475,1565084.19390,0
1763468940000,3048.25,3049.00,3045.44,3045.65,1396.227,1763468999999,4253879.70838,3684,513.826,1565607.91886,0
1763469000000,3045.65,3047.79,3045.38,3047.36,3009.475,1763469059999,9167731.45879,4388,2372.080,7225785.01254,0
1763469060000,3047.35,3048.80,3044.84,3047.73,2687.054,1763469119999,8187457.61950,5609,771.620,2351218.23294,0
1763469120000,3047.72,3049.38,3046.03,3049.27,1501.088,1763469179999,4574957.05682,4311,938.338,2859887.93955,0
1763469180000,3049.27,3052.00,3047.65,3048.51,3708.778,1763469239999,11311828.27351,6131,2914.588,8889530.97206,0
1763469240000,3048.52,3049.62,3047.42,3049.36,2404.490,1763469299999,7329709.62635,4346,1827.412,5570505.60092,0
1763469300000,3049.36,3050.19,3047.73,3049.12,1030.749,1763469359999,3142656.54900,4195,496.141,1512710.61914,0
1763469360000,3049.12,3054.43,3045.63,3054.19,1708.095,1763469419999,5210409.04579,6192,1176.430,3589028.64102,0
1763469420000,3054.18,3055.55,3050.77,3052.30,1799.178,1763469479999,5493108.05224,5514,1006.779,3073929.11591,0
1763469480000,3052.31,3054.00,3050.56,3053.34,1071.437,1763469539999,3270734.27844,4354,574.387,1753489.78466,0
1763469540000,3053.34,3055.15,3051.63,3053.87,1496.763,1763469599999,4570550.29816,5330,937.813,2863867.12692,0
1763469600000,3053.86,3056.51,3053.43,3056.31,1923.264,1763469659999,5875780.24557,6150,1309.772,4001424.98436,0
1763469660000,3056.31,3064.00,3055.76,3062.90,7616.939,1763469719999,23315609.51441,13181,4312.314,13199569.45671,0
1763469720000,3062.90,3065.00,3059.20,3059.34,3443.418,1763469779999,10543745.84996,9066,1669.093,5111268.16257,0
1763469780000,3059.34,3063.91,3059.34,3063.02,3265.872,1763469839999,10002325.02118,5476,1153.209,3531754.88198,0
1763469840000,3063.02,3064.20,3061.04,3063.14,2203.480,1763469899999,6749205.72637,5496,869.470,2663298.69784,0
1763469900000,3063.15,3064.00,3059.31,3062.69,3885.738,1763469959999,11895359.91016,10259,1730.689,5298216.03518,0
1763469960000,3062.69,3062.69,3057.02,3058.21,3177.982,1763470019999,9722019.37094,8023,956.240,2925461.88052,0
1763470020000,3058.21,3059.73,3057.01,3059.19,1380.118,1763470079999,4220740.97481,5246,806.145,2465310.81433,0
1763470080000,3059.19,3060.00,3056.12,3057.79,1550.967,1763470139999,4742612.15000,4991,565.173,1728352.77407,0
1763470140000,3057.79,3058.30,3054.00,3054.99,1574.960,1763470199999,4812492.19278,4801,604.923,1848409.99300,0
1763470200000,3055.00,3055.66,3052.42,3052.42,1677.029,1763470259999,5121020.94773,4481,649.405,1983106.76461,0
1763470260000,3052.42,3053.30,3050.60,3052.13,1709.332,1763470319999,5216698.65391,5342,838.834,2560139.27765,0
1763470320000,3052.12,3052.13,3045.90,3049.09,3403.547,1763470379999,10376108.08251,8046,1584.164,4829407.39867,0
1763470380000,3049.09,3049.65,3047.00,3048.13,3561.139,1763470439999,10855399.88547,6693,1448.688,4416106.28851,0
1763470440000,3048.14,3049.42,3048.14,3049.05,1388.047,1763470499999,4231618.56960,3924,1056.772,3221653.85804,0
1763470500000,3049.04,3051.00,3044.17,3044.18,4014.128,1763470559999,12230960.61216,7016,1610.757,4909908.19365,0
1763470560000,3044.18,3046.49,3041.20,3042.52,4255.545,1763470619999,12952538.20323,9073,2336.920,7113476.62313,0
1763470620000,3042.52,3043.35,3040.00,3040.51,3136.855,1763470679999,9541859.13997,6586,1423.831,4331362.79834,0
1763470680000,3040.51,3044.84,3040.50,3044.84,2235.421,1763470739999,6802303.95568,5166,1687.161,5133823.63132,0
1763470740000,3044.84,3048.75,3044.84,3048.03,1494.362,1763470799999,4552608.45566,4585,939.653,2862653.64641,0
1763470800000,3048.04,3048.19,3045.80,3045.80,1945.724,1763470859999,5928351.75649,4560,532.444,1622401.93895,0
1763470860000,3045.81,3045.81,3040.63,3041.89,4380.144,1763470919999,13326146.49393,7469,2579.003,7845814.59625,0
1763470920000,3041.90,3047.37,3041.66,3045.05,3860.155,1763470979999,11748311.66676,5375,3082.391,9379652.02748,0
1763470980000,3045.04,3046.95,3043.88,3045.35,1347.964,1763471039999,4105423.01946,4399,778.122,2369783.15650,0
1763471040000,3045.35,3048.00,3043.75,3046.88,2178.341,1763471099999,6637367.37308,4349,1423.392,4337330.91851,0
1763471100000,3046.87,3047.00,3041.55,3044.70,1285.615,1763471159999,3913860.66905,4780,555.604,1691335.40202,0
1763471160000,3044.70,3045.67,3041.26,3041.26,1265.980,1763471219999,3853696.34878,4877,460.723,1402320.73116,0
1763471220000,3041.26,3043.64,3038.60,3043.02,3620.067,1763471279999,11007188.37580,7905,1472.312,4477001.12690,0
1763471280000,3043.02,3045.00,3041.78,3041.79,1226.076,1763471339999,3731398.63698,4621,583.737,1776406.91057,0
1763471340000,3041.78,3045.62,3041.53,3044.16,1313.090,1763471399999,3996476.60461,5344,629.082,1914601.37565,0
1763471400000,3044.15,3046.87,3043.86,3044.79,1211.296,1763471459999,3688563.90106,4346,671.670,2045319.53323,0
1763471460000,3044.78,3047.00,3044.06,3046.49,1443.791,1763471519999,4398076.91041,4222,885.597,2697655.93801,0
1763471520000,3046.50,3047.89,3044.26,3044.58,1491.748,1763471579999,4544634.30539,4505,530.519,1616255.05706,0
1763471580000,3044.58,3046.77,3044.00,3046.06,994.770,1763471639999,3029397.56003,4267,562.213,1712098.55582,0
1763471640000,3046.07,3046.66,3044.67,3045.35,812.484,1763471699999,2474570.41118,3359,372.816,1135464.35047,0
1763471700000,3045.34,3047.33,3044.89,3047.00,1616.452,1763471759999,4924441.70574,4823,1083.004,3299299.78335,0
1763471760000,3047.00,3048.32,3046.11,3047.40,4293.618,1763471819999,13084938.67753,5808,2977.386,9074137.88271,0
1763471820000,3047.39,3049.61,3047.06,3049.08,1682.254,1763471879999,5128425.40952,5294,909.618,2773088.75129,0
1763471880000,3049.08,3049.98,3047.68,3047.68,1716.640,1763471939999,5234631.43823,4867,668.255,2037798.48252,0
1763471940000,3047.68,3049.30,3046.59,3046.59,1306.822,1763471999999,3983525.15819,4528,492.538,1501358.98783,0
1763472000000,3046.60,3049.21,3045.80,3047.07,2151.913,1763472059999,6558466.13008,5826,1078.903,3288107.75899,0
1763472060000,3047.06,3047.95,3033.59,3036.37,6252.010,1763472119999,18998398.36478,12609,1170.675,3557226.66837,0
1763472120000,3036.37,3038.06,3034.66,3035.79,6306.649,1763472179999,19146137.61719,12182,2651.287,8049533.76996,0
1763472180000,3035.79,3038.02,3034.88,3035.88,6537.419,1763472239999,19850244.26314,8522,3319.905,10080639.78265,0
1763472240000,3035.87,3039.05,3032.44,3034.95,7581.643,1763472299999,23006161.95912,10665,4445.352,13488695.28682,0
1763472300000,3034.95,3035.73,3031.00,3034.24,4799.779,1763472359999,14559660.47352,9996,2078.778,6305555.80081,0
1763472360000,3034.24,3034.40,3032.00,3032.95,3443.686,1763472419999,10446966.75424,6238,1663.126,5045666.80065,0
1763472420000,3032.95,3034.00,3031.60,3034.00,2457.980,1763472479999,7455011.26759,5438,1165.799,3535984.42973,0
1763472480000,3034.00,3036.55,3033.98,3035.90,3049.634,1763472539999,9256513.79278,6703,1974.674,5993546.33331,0
1763472540000,3035.90,3035.90,3034.05,3034.99,1898.337,1763472599999,5761160.16288,4330,781.284,2371041.69215,0
1763472600000,3034.99,3034.99,3030.00,3031.99,6866.630,1763472659999,20818695.81136,11985,2459.317,7456524.06125,0
1763472660000,3032.00,3036.76,3031.05,3035.21,5261.397,1763472719999,15966164.43597,10068,3393.122,10296354.30148,0
1763472720000,3035.21,3038.48,3034.10,3038.47,2689.947,1763472779999,8167748.35546,8006,1511.274,4589028.26208,0
1763472780000,3038.48,3040.00,3038.00,3038.00,2832.381,1763472839999,8608836.12941,5117,2042.546,6208387.12291,0
1763472840000,3038.00,3039.20,3036.72,3036.72,1870.525,1763472899999,5683271.02775,6078,895.907,2722040.55921,0
1763472900000,3036.73,3037.24,3032.08,3033.75,2676.840,1763472959999,8120647.96156,9172,855.722,2596122.50425,0
1763472960000,3033.75,3034.61,3027.80,3029.70,4420.377,1763473019999,13397559.13941,9455,1473.853,4467085.07275,0
1763473020000,3029.70,3031.32,3025.20,3026.41,9074.323,1763473079999,27474514.83404,15951,3068.874,9291649.70429,0
1763473080000,3026.41,3026.44,3020.01,3023.84,10293.720,1763473139999,31118469.54316,18522,3792.431,11464009.72563,0
1763473140000,3023.85,3030.46,3021.09,3030.46,6826.728,1763473199999,20651664.26076,12287,4214.915,12752918.38269,0
1763473200000,3030.45,3046.80,3029.49,3045.00,14685.221,1763473259999,44642955.46076,24661,9052.952,27521468.22185,0
1763473260000,3044.99,3045.55,3038.72,3039.90,6583.698,1763473319999,20022990.97792,12579,2387.843,7261446.96282,0
1763473320000,3039.91,3039.91,3032.18,3038.14,5133.436,1763473379999,15586386.74329,11706,2783.125,8450879.41825,0
1763473380000,3038.13,3040.61,3036.63,3040.61,1953.607,1763473439999,5936112.41765,5490,1052.798,3199061.39671,0
1763473440000,3040.60,3041.18,3033.82,3037.74,6728.880,1763473499999,20435817.96341,9008,1846.055,5607476.43014,0
1763473500000,3037.73,3041.48,3036.82,3039.79,2788.579,1763473559999,8476124.22624,7611,1981.062,6021767.10120,0
1763473560000,3039.78,3043.84,3039.78,3042.95,2938.116,1763473619999,8937642.27501,7427,1748.809,5320075.53784,0
1763473620000,3042.95,3043.47,3038.25,3039.39,4449.607,1763473679999,13531220.95036,8607,1141.309,3471024.51346,0
1763473680000,3039.40,3046.53,3039.40,3040.78,3725.571,1763473739999,11339539.90018,9263,2221.753,6762637.51755,0
1763473740000,3040.78,3041.65,3037.57,3041.64,1889.763,1763473799999,5744875.81496,6802,1126.913,3425985.76545,0
1763473800000,3041.64,3044.27,3040.00,3040.40,1711.812,1763473859999,5207935.70565,6420,1015.079,3088390.61159,0
1763473860000,3040.40,3042.21,3038.76,3040.16,4055.946,1763473919999,12330251.87520,8248,1253.640,3811205.08966,0
1763473920000,3040.18,3042.57,3039.70,3040.83,1605.437,1763473979999,4881802.24307,5504,567.886,1726911.47551,0
1763473980000,3040.83,3044.18,3040.83,3043.62,2069.906,1763474039999,6297810.58802,6023,982.837,2990256.28818,0
1763474040000,3043.62,3049.99,3043.00,3048.57,3855.499,1763474099999,11749662.81231,8235,2839.328,8652755.55324,0
1763474100000,3048.56,3048.87,3045.75,3046.93,1924.356,1763474159999,5862868.06061,6108,890.953,2714527.12243,0
1763474160000,3046.93,3049.46,3046.93,3048.56,3127.215,1763474219999,9532158.57720,5849,2154.389,6566975.55331,0
1763474220000,3048.55,3049.19,3043.46,3043.86,1822.443,1763474279999,5552451.83259,5981,422.421,1287010.22450,0
1763474280000,3043.87,3046.37,3043.74,3044.34,1143.443,1763474339999,3481601.03626,4329,667.635,2032901.76444,0
1763474340000,3044.35,3047.00,3044.16,3047.00,464.263,1763474399999,1413971.11536,2625,313.205,953917.31374,0
1763474400000,3046.99,3048.85,3043.29,3044.88,1912.328,1763474459999,5825549.25620,7144,868.450,2645907.77585,0
1763474460000,3044.88,3046.40,3044.00,3045.86,1188.342,1763474519999,3618891.15384,4510,572.598,1743745.46001,0
1763474520000,3045.86,3045.86,3037.46,3038.50,3182.436,1763474579999,9675410.19661,8871,767.891,2334767.27103,0
1763474580000,3038.50,3045.37,3036.01,3039.48,4167.053,1763474639999,12669528.55217,11231,2396.580,7286639.85964,0
1763474640000,3039.47,3040.38,3036.13,3038.33,1286.436,1763474699999,3908862.19095,5231,508.272,1544512.39911,0
1763474700000,3038.34,3039.59,3035.00,3039.42,3358.328,1763474759999,10200127.39766,7899,2098.100,6373113.47718,0
1763474760000,3039.42,3041.19,3036.29,3036.64,1664.603,1763474819999,5059464.69409,6231,796.125,2419878.20282,0
1763474820000,3036.64,3038.58,3033.55,3033.55,2181.263,1763474879999,6621438.48037,6130,907.127,2754219.11250,0
1763474880000,3033.55,3037.38,3030.50,3035.52,4559.630,1763474939999,13829200.99023,10969,2236.064,6782723.70021,0
1763474940000,3035.51,3038.01,3034.55,3038.00,1195.259,1763474999999,3629287.74784,4985,737.044,2238085.59251,0
1763475000000,3038.00,3043.54,3037.58,3038.87,1979.946,1763475059999,6020226.55086,7994,1168.294,3552499.63391,0
1763475060000,3038.86,3039.04,3033.39,3034.54,2000.183,1763475119999,6072519.65432,6635,730.711,2218444.28061,0
1763475120000,3034.53,3035.31,3030.69,3034.85,1932.224,1763475179999,5861198.49134,6873,902.994,2739256.88707,0
1763475180000,3034.84,3037.07,3033.49,3036.86,1262.680,1763475239999,3833022.35832,4688,904.449,2745698.21271,0
1763475240000,3036.85,3037.16,3033.53,3035.52,1090.924,1763475299999,3310601.38430,4148,589.626,1789294.40481,0
1763475300000,3035.52,3038.34,3035.52,3037.79,1945.198,1763475359999,5908397.93495,5690,1261.718,3832355.24318,0
1763475360000,3037.80,3038.27,3035.51,3035.62,1184.249,1763475419999,3596773.18282,4399,726.614,2206943.92741,0
1763475420000,3035.61,3040.99,3035.61,3040.70,1611.698,1763475479999,4897605.77166,6008,1119.346,3401521.36632,0
1763475480000,3040.69,3043.99,3039.00,3041.92,2023.975,1763475539999,6156238.91572,7668,1281.823,3899128.31065,0
1763475540000,3041.92,3042.60,3040.32,3041.06,1375.330,1763475599999,4183401.90783,4799,728.073,2214610.19774,0
1763475600000,3041.05,3041.57,3037.95,3041.35,1562.758,1763475659999,4749682.66199,5033,1144.668,3478794.67431,0
1763475660000,3041.35,3041.36,3036.00,3036.01,1248.814,1763475719999,3795600.00324,4798,374.211,1137305.87688,0
1763475720000,3036.01,3039.11,3035.54,3039.06,1275.950,1763475779999,3875497.06698,4096,639.829,1943469.49037,0
1763475780000,3039.06,3043.75,3039.06,3043.75,1319.134,1763475839999,4011775.13112,5190,831.965,2530472.80208,0
1763475840000,3043.75,3050.00,3043.75,3049.94,3558.508,1763475899999,10842867.80445,9183,2155.975,6569428.05573,0
1763475900000,3049.95,3060.96,3046.23,3060.68,19767.606,1763475959999,60353494.98939,22587,14817.815,45235941.13420,0
1763475960000,3060.69,3065.00,3058.28,3064.00,9842.139,1763476019999,30140739.08534,18845,5297.790,16225033.61146,0
1763476020000,3063.99,3064.88,3058.48,3064.75,7658.658,1763476079999,23444608.52966,14204,3486.423,10672912.05991,0
1763476080000,3064.74,3068.00,3062.70,3063.02,8903.493,1763476139999,27293938.87987,14086,5202.604,15951289.17824,0
1763476140000,3063.05,3065.90,3056.55,3056.55,6806.331,1763476199999,20843305.43666,11677,3412.456,10451892.36424,0
1763476200000,3056.56,3068.99,3055.00,3058.75,13797.455,1763476259999,42262610.38311,25766,7899.238,24201081.43062,0
1763476260000,3058.76,3058.87,3042.52,3048.15,19170.171,1763476319999,58409216.93652,31327,7268.524,22144808.19387,0
1763476320000,3048.14,3086.00,3047.67,3082.17,52858.163,1763476379999,162506122.52553,58003,34238.735,105263426.25317,0
1763476380000,3082.16,3088.00,3077.39,3079.81,23171.804,1763476439999,71461158.85163,41011,14190.985,43770217.63867,0
1763476440000,3079.80,3084.34,3068.21,3071.24,13748.468,1763476499999,42269960.18466,30278,6447.333,19825707.37380,0
1763476500000,3071.23,3077.47,3069.04,3073.43,8825.644,1763476559999,27123897.51750,28801,4555.348,14001036.27580,0
1763476560000,3073.47,3082.83,3073.47,3080.59,11301.345,1763476619999,34793176.57022,29829,6875.845,21168106.72251,0
1763476620000,3080.59,3089.56,3078.61,3085.75,14867.441,1763476679999,45873162.48886,32220,8145.716,25135127.61322,0
1763476680000,3085.75,3091.73,3075.63,3079.19,17351.214,1763476739999,53533046.09840,33646,10443.748,32226297.86360,0
1763476740000,3079.19,3091.30,3075.06,3080.60,14179.224,1763476799999,43747112.48819,31224,7810.758,24097754.32064,0
1763476800000,3080.59,3087.26,3076.34,3085.91,10773.561,1763476859999,33203944.37092,30833,6674.417,20571792.39548,0
1763476860000,3085.94,3091.57,3077.35,3078.44,12467.760,1763476919999,38457143.55278,30956,5729.623,17673469.23429,0
1763476920000,3078.45,3079.13,3070.06,3072.99,9950.701,1763476979999,30588109.32931,26007,4685.462,14403096.52447,0
1763476980000,3073.00,3073.39,3062.34,3070.41,11098.264,1763477039999,34048415.47122,27550,5765.600,17691600.59071,0
1763477040000,3070.42,3070.83,3060.00,3062.32,9461.989,1763477099999,28998200.58447,23952,3509.133,10757036.44242,0
1763477100000,3062.33,3083.90,3061.86,3077.65,15276.561,1763477159999,46985240.45570,31668,7054.809,21692480.81909,0
1763477160000,3077.65,3080.84,3071.87,3073.19,6465.661,1763477219999,19885401.09762,19828,2470.691,7598519.00083,0
1763477220000,3073.18,3075.85,3061.60,3066.31,6697.887,1763477279999,20539322.57852,22094,3008.699,9227547.80355,0
1763477280000,3066.31,3075.80,3066.31,3074.86,14006.487,1763477339999,43015619.61030,19552,11686.137,35892758.40799,0
1763477340000,3074.86,3078.45,3068.57,3071.34,4412.556,1763477399999,13563816.94082,17095,2125.537,6533780.09208,0
1763477400000,3071.34,3075.26,3065.85,3072.53,6132.185,1763477459999,18836366.08926,18901,2512.674,7718149.95120,0
1763477460000,3072.52,3078.68,3067.65,3068.77,4617.866,1763477519999,14193299.48526,18229,2289.013,7036233.11570,0
1763477520000,3068.76,3071.35,3061.27,3067.67,5626.572,1763477579999,17243308.06654,16570,2507.701,7685921.81081,0
1763477580000,3067.66,3071.71,3062.81,3069.85,3818.358,1763477639999,11714759.05207,15068,1695.101,5200285.85064,0
1763477640000,3069.86,3077.74,3065.23,3070.42,5751.225,1763477699999,17672351.54826,20765,2698.489,8292008.94528,0
1763477700000,3070.41,3070.41,3061.05,3064.60,5961.379,1763477759999,18267106.71458,17417,2571.670,7879913.24105,0
1763477760000,3064.61,3067.42,3062.26,3064.91,3335.112,1763477819999,10219324.82728,13293,1609.433,4931781.57714,0
1763477820000,3064.91,3073.22,3064.75,3068.68,4867.414,1763477879999,14941646.54612,17763,2787.905,8557648.68155,0
1763477880000,3068.69,3069.39,3063.00,3064.71,2901.408,1763477939999,8894612.32843,11745,1133.649,3475539.74714,0
1763477940000,3064.70,3064.76,3056.67,3056.67,6132.218,1763477999999,18763183.83637,15306,2088.299,6390476.01418,0
1763478000000,3056.68,3061.60,3053.76,3058.93,8244.614,1763478059999,25211396.44111,22189,4077.608,12470745.58070,0
1763478060000,3058.92,3059.51,3050.38,3055.25,6737.129,1763478119999,20579817.58401,20330,3161.301,9657549.94247,0
1763478120000,3055.26,3055.74,3040.00,3046.32,22465.729,1763478179999,68412037.97987,34358,9554.779,29097858.36471,0
1763478180000,3046.33,3047.03,3038.10,3038.11,8697.368,1763478239999,26462472.20508,23943,3724.781,11333548.09182,0
1763478240000,3038.10,3041.15,3032.00,3037.67,13717.674,1763478299999,41648723.90359,27842,5745.869,17446524.89805,0
1763478300000,3037.67,3047.40,3037.31,3045.59,10112.095,1763478359999,30769234.41051,26375,4905.401,14926081.24295,0
1763478360000,3045.65,3056.69,3044.55,3054.95,12350.986,1763478419999,37709296.22085,29574,7307.345,22309424.48881,0
1763478420000,3054.95,3072.90,3054.51,3068.03,17994.686,1763478479999,55175126.99424,36570,11857.091,36351550.80758,0
1763478480000,3068.02,3078.00,3054.84,3077.18,23130.644,1763478539999,70944675.64697,37677,10800.672,33154973.61624,0
1763478540000,3077.19,3077.19,3068.43,3074.76,10694.317,1763478599999,32868440.37336,22221,3884.541,11936431.20042,0
1763478600000,3074.76,3091.24,3073.90,3079.74,24771.702,1763478659999,76396464.66535,40328,14068.642,43398523.44357,0
1763478660000,3079.74,3081.07,3066.60,3068.42,8999.141,1763478719999,27673058.48461,25441,3669.735,11286919.81417,0
1763478720000,3068.42,3073.43,3066.51,3068.47,7736.573,1763478779999,23755219.61963,20052,3855.161,11838207.28161,0
1763478780000,3068.47,3087.33,3068.46,3085.64,7114.724,1763478839999,21922818.33765,22292,4149.151,12784167.38818,0
1763478840000,3085.63,3088.98,3078.12,3078.95,14046.513,1763478899999,43319768.30748,25235,4829.580,14898530.19023,0
1763478900000,3078.94,3084.55,3078.00,3081.90,5941.775,1763478959999,18302674.12199,20155,2461.411,7582121.10436,0
1763478960000,3081.90,3085.00,3072.46,3078.98,10344.580,1763479019999,31844859.16233,21998,5798.643,17857039.13510,0
1763479020000,3078.97,3082.42,3076.00,3080.33,4889.412,1763479079999,15056687.93829,17397,2265.859,6977986.04770,0
1763479080000,3080.33,3088.41,3080.33,3086.18,10959.650,1763479139999,33813933.37730,23498,5073.724,15653246.29909,0
1763479140000,3086.19,3100.00,3084.31,3095.85,22619.580,1763479199999,69995212.91578,33504,16295.786,50430004.28042,0
1763479200000,3095.84,3113.00,3095.00,3108.85,33851.058,1763479259999,105178893.70466,46994,20345.813,63214190.66891,0
1763479260000,3108.86,3117.00,3106.01,3108.42,22883.596,1763479319999,71222571.83534,37192,10068.463,31341876.99249,0
1763479320000,3108.42,3113.11,3104.48,3110.02,10776.742,1763479379999,33509112.56902,25519,5664.536,17615038.94143,0
1763479380000,3110.03,3118.07,3108.53,3112.60,16333.490,1763479439999,50860881.13268,28882,8926.790,27802661.95289,0
1763479440000,3112.60,3113.94,3103.82,3108.04,11717.651,1763479499999,36435538.66125,24690,4846.723,15072956.02558,0
1763479500000,3108.04,3113.04,3103.84,3110.77,5896.295,1763479559999,18325643.56960,22061,2581.157,8022256.45638,0
1763479560000,3110.77,3116.33,3105.28,3109.07,7220.678,1763479619999,22464071.92063,21643,3259.333,10141638.05613,0
1763479620000,3109.06,3115.34,3106.89,3111.49,6382.882,1763479679999,19858328.05282,18908,3635.540,11310885.30752,0
1763479680000,3111.48,3113.10,3102.88,3105.39,7223.522,1763479739999,22435908.32027,18639,2755.761,8558659.81727,0
1763479740000,3105.39,3110.49,3103.71,3108.25,4523.410,1763479799999,14053221.80352,15178,2666.235,8283468.40689,0
1763479800000,3108.26,3113.60,3105.30,3109.70,7198.437,1763479859999,22380007.27112,24477,2930.687,9112391.15867,0
1763479860000,3109.70,3113.59,3104.40,3105.11,6067.819,1763479919999,18869939.16669,22301,2642.818,8219390.52001,0
1763479920000,3105.11,3121.59,3104.98,3117.10,13895.168,1763479979999,43309762.11829,29149,9291.727,28966471.34399,0
1763479980000,3117.09,3123.17,3108.02,3108.90,11272.389,1763480039999,35144091.70729,27640,5423.782,16913403.18762,0
1763480040000,3108.91,3110.93,3097.10,3099.60,15650.034,1763480099999,48547374.24982,28713,6542.165,20302284.29654,0
1763480100000,3099.59,3102.43,3093.27,3096.91,10621.222,1763480159999,32891680.33765,23950,4454.509,13796197.71175,0
1763480160000,3096.90,3101.80,3094.54,3097.77,5747.589,1763480219999,17807020.27443,18252,3248.626,10065866.88274,0
1763480220000,3097.77,3108.79,3097.77,3105.00,6193.259,1763480279999,19228958.75486,20110,3418.702,10615278.39884,0
1763480280000,3104.99,3112.96,3103.50,3110.80,6634.857,1763480339999,20624936.41066,16847,3293.877,10240635.63936,0
1763480340000,3110.79,3113.00,3106.57,3112.74,4693.201,1763480399999,14596940.46417,13234,2408.286,7489681.09700,0
1763480400000,3112.74,3114.33,3105.25,3107.83,6128.069,1763480459999,19047774.46491,14536,2063.738,6413984.83853,0
1763480460000,3107.82,3117.93,3106.63,3116.80,5252.999,1763480519999,16356623.46476,16775,3329.266,10366652.11067,0
1763480520000,3116.79,3117.15,3106.98,3107.16,4041.206,1763480579999,12580134.18007,13641,1611.510,5016664.27418,0
1763480580000,3107.16,3111.79,3103.74,3104.85,3601.646,1763480639999,11193808.54191,12711,1606.614,4993998.30147,0
1763480640000,3104.86,3111.15,3101.00,3108.88,6372.182,1763480699999,19793184.17630,15256,3640.205,11308732.81470,0
1763480700000,3108.87,3110.37,3103.38,3106.20,3435.935,1763480759999,10673371.43968,12585,1658.003,5150403.58959,0
1763480760000,3106.20,3110.07,3103.74,3108.69,2768.551,1763480819999,8603473.45719,12070,1153.385,3584378.55258,0
1763480820000,3108.69,3111.00,3104.40,3104.56,4128.172,1763480879999,12827266.25398,12589,1847.058,5739415.11369,0
1763480880000,3104.57,3105.01,3097.29,3098.54,4468.511,1763480939999,13860919.75293,12683,1407.255,4365338.78112,0
1763480940000,3098.54,3103.93,3098.25,3103.64,3535.335,1763480999999,10964290.65897,12878,2053.490,6368900.36093,0
1763481000000,3103.64,3103.64,3093.78,3096.06,5588.597,1763481059999,17301107.43290,12813,2109.174,6528852.74584,0
1763481060000,3096.07,3106.80,3095.56,3106.33,3921.574,1763481119999,12156718.59876,15115,2311.373,7165825.82352,0
1763481120000,3106.34,3119.60,3106.34,3114.83,14100.433,1763481179999,43903263.47963,20832,9660.879,30079390.91098,0
1763481180000,3114.82,3117.90,3110.00,3110.12,4071.869,1763481239999,12679020.75339,12040,1679.663,5230564.15770,0
1763481240000,3110.12,3115.53,3108.63,3115.38,3416.824,1763481299999,10631865.71073,9518,2150.102,6690126.42262,0
1763481300000,3115.38,3116.07,3112.79,3114.79,3387.923,1763481359999,10553215.63965,10282,1369.306,4265559.70028,0
1763481360000,3114.80,3114.99,3106.87,3107.39,5171.124,1763481419999,16087342.88292,11733,1532.261,4768446.71320,0
1763481420000,3107.38,3110.51,3107.15,3108.36,3097.203,1763481479999,9628285.58074,8620,1456.027,4525922.81565,0
1763481480000,3108.36,3108.36,3105.00,3105.01,4041.154,1763481539999,12553789.65190,8705,1582.385,4915667.64722,0
1763481540000,3105.01,3107.89,3105.00,3105.19,2576.321,1763481599999,8002891.24676,6444,1403.443,4359683.83188,0
1763481600000,3105.19,3109.77,3104.29,3109.32,5636.890,1763481659999,17517565.03244,12042,3637.576,11304790.95186,0
1763481660000,3109.32,3110.02,3098.98,3106.20,19249.328,1763481719999,59791894.03726,16798,9005.981,27967264.12735,0
1763481720000,3106.20,3110.47,3102.13,3102.72,13364.479,1763481779999,41523199.80635,15404,7939.243,24665068.41043,0
1763481780000,3102.72,3103.61,3098.98,3101.88,6887.291,1763481839999,21361592.95146,12821,3243.519,10059025.80387,0
1763481840000,3101.87,3104.56,3100.75,3103.69,4760.699,1763481899999,14771001.80371,10332,1591.852,4938835.26383,0
1763481900000,3103.70,3105.71,3098.09,3099.41,3223.246,1763481959999,9994433.84682,11429,1174.223,3641581.96584,0
1763481960000,3099.41,3104.22,3097.88,3104.11,3648.351,1763482019999,11314428.79107,10073,1641.805,5091250.06250,0
1763482020000,3104.11,3121.18,3104.11,3117.44,20121.783,1763482079999,62695975.84878,23803,14002.514,43621199.50720,0
1763482080000,3117.44,3128.00,3117.43,3123.06,25935.949,1763482139999,81021876.61110,22659,19100.369,59672953.02851,0
1763482140000,3123.05,3125.76,3121.43,3124.96,6125.125,1763482199999,19132722.42407,13919,2732.451,8535847.76276,0
1763482200000,3124.96,3124.96,3120.45,3122.60,6190.224,1763482259999,19329556.72674,14370,2451.006,7653501.58048,0
1763482260000,3122.59,3125.98,3121.31,3122.68,5349.496,1763482319999,16712417.69136,11551,2827.282,8833343.63280,0
1763482320000,3122.69,3123.68,3116.14,3117.75,5385.774,1763482379999,16800629.33656,10711,2082.239,6496333.70082,0
1763482380000,3117.75,3121.72,3117.74,3118.63,3545.232,1763482439999,11059535.86531,10171,1637.012,5106727.96615,0
1763482440000,3118.63,3123.00,3116.16,3119.19,4866.050,1763482499999,15177354.95636,10773,2728.273,8509596.78561,0
1763482500000,3119.18,3123.43,3115.30,3120.11,4277.344,1763482559999,13340244.62892,12616,1914.540,5971234.49501,0
1763482560000,3120.12,3130.00,3119.09,3129.21,10173.916,1763482619999,31792462.68840,17797,5768.930,18033228.40177,0
1763482620000,3129.22,3132.49,3128.25,3131.53,10005.178,1763482679999,31322140.33152,18787,6303.822,19734544.87275,0
1763482680000,3131.53,3151.42,3130.76,3147.62,52981.886,1763482739999,166563171.72221,44481,36694.197,115351701.62248,0
1763482740000,3147.61,3149.27,3144.62,3146.54,10672.104,1763482799999,33584242.92204,20376,5083.551,15998010.74430,0
1763482800000,3146.54,3159.01,3145.42,3156.61,22213.655,1763482859999,70042312.88818,27375,15195.597,47916389.27199,0
1763482860000,3156.61,3157.35,3145.32,3145.32,8745.221,1763482919999,27548163.39257,18324,3409.080,10738868.25454,0
1763482920000,3145.32,3151.00,3145.31,3147.76,6044.373,1763482979999,19030270.21413,13749,2932.352,9232283.25168,0
1763482980000,3147.75,3150.94,3147.01,3150.24,5993.283,1763483039999,18871626.88587,11387,2681.640,8445093.21661,0
1763483040000,3150.23,3152.96,3146.68,3147.71,4371.748,1763483099999,13770825.77645,10717,2379.012,7494025.16918,0
1763483100000,3147.70,3151.97,3147.70,3149.99,3456.696,1763483159999,10888642.32119,10648,1624.831,5118044.29926,0
1763483160000,3150.00,3159.36,3148.39,3156.77,15266.475,1763483219999,48173749.33877,18225,8093.126,25538368.73862,0
1763483220000,3156.77,3158.93,3155.05,3155.57,5423.746,1763483279999,17122444.17404,10903,2731.637,8623459.01175,0
1763483280000,3155.56,3159.46,3155.11,3158.31,6734.879,1763483339999,21263195.25688,11845,3076.137,9712535.62837,0
1763483340000,3158.30,3159.98,3154.46,3155.66,6149.813,1763483399999,19417143.97799,12587,3022.291,9542091.30099,0
1763483400000,3155.66,3163.12,3149.90,3153.97,15554.603,1763483459999,49097037.32161,22155,7685.968,24276518.99089,0
1763483460000,3153.97,3163.90,3153.67,3162.88,5976.791,1763483519999,18889306.76736,17117,3464.986,10950476.22412,0
1763483520000,3162.88,3167.89,3160.15,3164.72,11641.124,1763483579999,36842704.84992,21607,7003.552,22165819.57553,0
1763483580000,3164.71,3166.35,3160.01,3164.79,6369.128,1763483639999,20146853.65611,14590,3612.058,11426415.47269,0
1763483640000,3164.79,3165.72,3157.50,3158.86,11280.570,1763483699999,35662721.52509,16073,3027.048,9570903.31585,0
1763483700000,3158.85,3160.52,3153.49,3155.98,8311.956,1763483759999,26240591.49705,19247,3900.385,12314631.96527,0
1763483760000,3155.99,3158.49,3152.00,3156.39,8482.156,1763483819999,26759720.25711,17350,4172.344,13163541.19926,0
1763483820000,3156.38,3161.00,3155.90,3156.58,2838.888,1763483879999,8966526.79973,11220,1542.552,4872141.63333,0
1763483880000,3156.57,3158.52,3154.00,3156.83,3313.204,1763483939999,10457325.70210,12649,1236.675,3903163.19865,0
1763483940000,3156.83,3157.20,3145.00,3149.80,10562.335,1763483999999,33261289.78599,19064,3902.889,12289564.47872,0
1763484000000,3149.80,3152.42,3145.13,3150.38,6394.128,1763484059999,20133247.25728,14906,2797.526,8809896.66754,0
1763484060000,3150.38,3150.73,3146.17,3148.65,4620.691,1763484119999,14548345.66491,11519,1616.673,5090397.98974,0
1763484120000,3148.65,3151.71,3145.83,3147.50,3938.348,1763484179999,12398517.42344,10931,2235.055,7036617.15401,0
1763484180000,3147.49,3150.00,3145.32,3147.72,4168.155,1763484239999,13117905.09052,11261,2544.041,8006346.40143,0
1763484240000,3147.72,3148.89,3145.95,3148.74,2678.810,1763484299999,8431507.66956,7862,1644.982,5177486.53392,0
1763484300000,3148.74,3154.73,3148.16,3152.49,5762.917,1763484359999,18165422.60577,12801,3878.028,12223663.78494,0
1763484360000,3152.49,3153.20,3148.00,3149.56,3876.432,1763484419999,12211078.80352,9420,1779.464,5605494.03973,0
1763484420000,3149.56,3151.30,3148.00,3148.42,1887.629,1763484479999,5945604.40001,7685,1044.597,3290340.37100,0
1763484480000,3148.42,3157.63,3145.58,3156.77,6734.018,1763484539999,21224048.06823,15541,4037.674,12728089.16931,0
1763484540000,3156.76,3158.21,3151.02,3153.70,3809.720,1763484599999,12018667.64513,10860,1291.818,4075267.55803,0
1763484600000,3153.71,3155.72,3152.14,3155.62,1863.659,1763484659999,5877646.84987,7498,1204.243,3798192.10124,0
1763484660000,3155.62,3157.29,3148.85,3148.85,2799.556,1763484719999,8825508.08983,8244,933.925,2945000.48023,0
1763484720000,3148.86,3152.30,3148.05,3148.85,2472.321,1763484779999,7787426.27161,7893,1108.841,3492984.62008,0
1763484780000,3148.85,3151.12,3146.00,3147.48,4183.231,1763484839999,13168250.25319,9076,1128.017,3551124.95916,0
1763484840000,3147.48,3149.83,3144.48,3148.32,3538.945,1763484899999,11134374.98544,8134,1505.062,4735817.46483,0
1763484900000,3148.32,3153.44,3148.31,3150.60,1929.027,1763484959999,6078636.83039,7654,963.808,3037022.71499,0
1763484960000,3150.59,3150.92,3148.00,3150.32,1303.358,1763485019999,4105161.00193,6340,655.768,2065502.48010,0
1763485020000,3150.33,3153.16,3149.48,3153.01,1614.506,1763485079999,5088468.77877,6729,920.094,2899894.00424,0
1763485080000,3153.01,3154.14,3148.71,3148.92,1247.914,1763485139999,3933697.21846,6388,669.604,2110852.22352,0
1763485140000,3148.92,3151.81,3148.80,3150.88,1026.218,1763485199999,3233312.76994,4058,677.900,2135821.86240,0
1763485200000,3150.87,3152.39,3148.50,3152.13,3039.990,1763485259999,9578006.67845,8854,1930.563,6082705.13068,0
1763485260000,3152.12,3154.36,3148.00,3153.61,5366.793,1763485319999,16913465.98766,10860,4067.883,12820395.18088,0
1763485320000,3153.62,3155.52,3152.06,3154.34,2172.906,1763485379999,6853166.32342,6694,1400.028,4415607.48056,0
1763485380000,3154.34,3157.79,3152.64,3156.83,4372.344,1763485439999,13793437.80772,8048,2388.284,7535858.22643,0
1763485440000,3156.84,3157.73,3153.70,3154.41,2317.552,1763485499999,7314217.24061,6949,1172.482,3700675.67280,0
1763485500000,3154.41,3156.02,3152.24,3153.39,1263.581,1763485559999,3985459.25574,6486,560.355,1767485.93005,0
1763485560000,3153.39,3153.96,3149.03,3149.59,2102.925,1763485619999,6627908.93675,7127,871.991,2748754.50378,0
1763485620000,3149.59,3154.00,3149.04,3153.31,1503.488,1763485679999,4739531.27930,6284,699.411,2204705.27929,0
1763485680000,3153.30,3153.30,3148.27,3151.35,1592.429,1763485739999,5016059.22161,5977,645.720,2033929.88088,0
1763485740000,3151.35,3153.45,3149.22,3150.00,1326.253,1763485799999,4178879.80582,5051,666.927,2101431.71334,0
1763485800000,3149.99,3155.46,3149.22,3153.94,3693.654,1763485859999,11647148.79763,7043,1847.057,5824143.08475,0
1763485860000,3153.94,3153.94,3148.54,3151.49,2597.670,1763485919999,8184071.65792,6778,1335.999,4209097.18493,0
1763485920000,3151.49,3152.87,3144.09,3146.22,7443.357,1763485979999,23425747.05856,11951,1679.143,5284925.33515,0
1763485980000,3146.22,3146.59,3143.47,3144.51,3525.359,1763486039999,11087860.38035,8918,1442.634,4537355.93978,0
1763486040000,3144.51,3144.51,3136.58,3139.08,10770.951,1763486099999,33814448.64067,16057,3860.677,12120089.32002,0
1763486100000,3139.08,3143.91,3138.01,3143.01,5360.703,1763486159999,16840443.01838,10423,3062.232,9619866.71762,0
1763486160000,3143.02,3147.44,3142.26,3146.39,2659.441,1763486219999,8363451.96616,8435,1344.020,4226820.60570,0
1763486220000,3146.39,3146.40,3140.40,3141.80,2227.160,1763486279999,6998140.54709,8325,702.809,2208493.12448,0
1763486280000,3141.81,3145.34,3141.35,3142.99,1937.188,1763486339999,6089200.78524,7248,1004.938,3158739.65641,0
1763486340000,3143.00,3144.94,3140.03,3143.74,1894.704,1763486399999,5954371.46240,6539,785.208,2467829.86741,0
1763486400000,3143.73,3149.80,3143.73,3148.66,3912.918,1763486459999,12312353.86355,10186,1888.078,5941558.04997,0
1763486460000,3148.66,3151.55,3147.26,3150.37,2223.275,1763486519999,7002658.12348,6859,1164.625,3668265.06511,0
1763486520000,3150.37,3151.20,3142.16,3143.44,1702.046,1763486579999,5355199.57326,7805,652.874,2054539.79633,0
1763486580000,3143.43,3144.00,3140.34,3141.72,1897.683,1763486639999,5962561.35392,7324,935.372,2938837.18247,0
1763486640000,3141.72,3142.03,3137.28,3138.32,2921.369,1763486699999,9170319.88384,7015,1199.456,3765360.10017,0
1763486700000,3138.31,3140.53,3137.01,3137.36,2485.152,1763486759999,7799802.38556,7798,1100.356,3453780.69572,0
1763486760000,3137.35,3138.01,3134.12,3137.25,3880.793,1763486819999,12171879.00261,8807,2255.703,7075710.56341,0
1763486820000,3137.26,3137.82,3127.53,3128.00,12707.361,1763486879999,39785235.61902,16003,3648.323,11423231.62565,0
1763486880000,3128.00,3130.79,3122.09,3123.34,13307.081,1763486939999,41604905.33987,19274,4223.003,13203051.07520,0
1763486940000,3123.32,3125.08,3121.11,3124.27,5917.818,1763486999999,18484347.19619,10399,2828.573,8834823.23218,0
1763487000000,3124.28,3126.98,3123.09,3126.28,5811.320,1763487059999,18164358.74507,9327,3261.885,10195854.67054,0
1763487060000,3126.29,3126.29,3121.00,3124.99,4211.633,1763487119999,13155611.60044,9062,1892.744,5911500.37581,0
1763487120000,3124.99,3126.04,3122.35,3122.82,3047.455,1763487179999,9520528.05929,8698,1164.823,3639024.70826,0
1763487180000,3122.82,3123.23,3119.16,3121.42,7390.735,1763487239999,23066614.34436,12949,2243.552,7002671.76215,0
1763487240000,3121.42,3127.94,3118.64,3127.11,3296.445,1763487299999,10291435.92648,10494,2058.029,6426613.52748,0
1763487300000,3127.11,3133.68,3126.45,3129.68,7722.098,1763487359999,24171634.63784,13522,4372.716,13687583.41387,0
1763487360000,3129.68,3130.10,3123.79,3125.03,3361.542,1763487419999,10512559.94969,9236,1352.459,4229592.15235,0
1763487420000,3125.04,3127.39,3124.14,3125.89,2599.228,1763487479999,8124723.44231,9103,1082.506,3383635.67860,0
1763487480000,3125.89,3135.00,3125.89,3132.52,5340.660,1763487539999,16723402.12258,11792,3277.014,10261603.33927,0
1763487540000,3132.52,3137.70,3130.68,3135.77,4503.097,1763487599999,14116752.93630,10255,3239.211,10155588.22852,0
1763487600000,3135.77,3139.55,3131.70,3136.00,5009.707,1763487659999,15706150.91177,11099,1958.395,6140604.72065,0
1763487660000,3136.00,3139.12,3132.00,3132.70,5002.875,1763487719999,15690058.36279,10616,3207.348,10059953.67005,0
1763487720000,3132.70,3137.97,3132.69,3134.35,1807.436,1763487779999,5666614.72320,7826,1168.131,3662603.70020,0
1763487780000,3134.35,3138.00,3133.80,3134.32,1864.066,1763487839999,5844805.90220,7320,986.870,3094255.51162,0
1763487840000,3134.32,3135.88,3132.91,3135.88,882.331,1763487899999,2765566.64823,4947,576.077,1805659.16089,0
1763487900000,3135.88,3136.49,3129.22,3130.63,1841.955,1763487959999,5767654.83071,8261,684.057,2141756.88484,0
1763487960000,3130.63,3133.86,3127.89,3128.85,1658.878,1763488019999,5192919.25830,7309,613.671,1921198.78458,0
1763488020000,3128.84,3130.84,3128.21,3130.09,1496.223,1763488079999,4682502.40737,6026,951.342,2977353.94402,0
1763488080000,3130.09,3134.18,3130.00,3130.57,2020.784,1763488139999,6330403.68253,6609,1408.701,4412945.50892,0
1763488140000,3130.56,3132.90,3128.41,3130.46,1455.322,1763488199999,4556084.33394,5774,536.657,1680046.67754,0
1763488200000,3130.47,3130.47,3124.00,3125.83,1922.875,1763488259999,6012293.46692,7217,814.765,2547501.47182,0
1763488260000,3125.83,3129.43,3125.79,3127.24,2503.803,1763488319999,7830292.48858,7427,1523.036,4763184.59603,0
1763488320000,3127.25,3130.00,3126.65,3129.18,1794.956,1763488379999,5615808.38976,6288,799.527,2501472.40964,0
1763488380000,3129.18,3135.60,3127.71,3133.46,2956.386,1763488439999,9259374.51082,7776,2115.700,6625965.34928,0
1763488440000,3133.45,3135.39,3132.09,3133.07,1414.708,1763488499999,4432658.29137,4907,627.623,1966640.83683,0
1763488500000,3133.07,3133.07,3128.44,3130.39,1126.887,1763488559999,3528360.76698,5200,317.588,994299.56618,0
1763488560000,3130.39,3135.09,3130.39,3135.06,1346.119,1763488619999,4218096.85474,4665,1029.774,3226680.24756,0
1763488620000,3135.06,3136.62,3132.82,3134.08,1060.747,1763488679999,3325166.06610,4608,393.319,1232912.92907,0
1763488680000,3134.07,3135.26,3133.34,3134.34,875.115,1763488739999,2742885.83075,3919,491.776,1541446.84632,0
1763488740000,3134.35,3135.58,3133.65,3134.29,974.526,1763488799999,3054594.84887,4368,521.491,1634598.54367,0
1763488800000,3134.32,3136.92,3134.20,3134.96,2239.891,1763488859999,7023947.57891,6785,1494.857,4687799.61318,0
1763488860000,3134.97,3138.87,3134.97,3137.98,2946.180,1763488919999,9244471.19573,6991,1898.650,5957669.35385,0
1763488920000,3137.99,3139.99,3134.42,3134.43,2814.842,1763488979999,8831232.92485,7203,1401.375,4396917.27648,0
1763488980000,3134.42,3147.62,3134.16,3144.12,10660.064,1763489039999,33514080.17900,13786,7385.486,23218519.03646,0
1763489040000,3144.13,3145.98,3143.16,3143.38,3132.516,1763489099999,9849515.38550,5829,1781.977,5602984.03106,0
1763489100000,3143.38,3145.71,3142.55,3145.33,2925.814,1763489159999,9199791.61293,6820,1464.224,4603744.16928,0
1763489160000,3145.34,3149.67,3144.77,3147.74,5118.318,1763489219999,16109974.18852,9407,3073.441,9673377.26794,0
1763489220000,3147.74,3148.15,3143.78,3144.82,3651.072,1763489279999,11485254.87330,7150,942.021,2963587.95793,0
1763489280000,3144.82,3146.44,3143.36,3146.26,1923.310,1763489339999,6048381.98011,4914,671.434,2111499.17858,0
1763489340000,3146.26,3147.75,3145.00,3146.00,2354.046,1763489399999,7406417.06457,6376,1321.517,4158031.23448,0
1763489400000,3146.00,3149.88,3146.00,3149.63,1900.764,1763489459999,5984595.92566,5143,1139.380,3587329.60659,0
1763489460000,3149.63,3153.99,3148.93,3150.44,6327.560,1763489519999,19938717.26859,9993,4102.048,12925627.63720,0
1763489520000,3150.45,3150.84,3148.25,3149.40,2115.871,1763489579999,6664217.39629,5570,1053.211,3317235.79410,0
1763489580000,3149.40,3152.60,3148.54,3148.92,1765.677,1763489639999,5562160.29996,5147,891.967,2809836.92526,0
1763489640000,3148.93,3151.59,3147.55,3150.42,1646.287,1763489699999,5185245.08516,4384,800.480,2521396.34439,0
1763489700000,3150.42,3151.52,3145.85,3149.84,2587.682,1763489759999,8145248.85911,7211,713.300,2245735.49489,0
1763489760000,3149.83,3151.74,3149.45,3151.64,1656.248,1763489819999,5218197.60608,5630,836.954,2636877.38480,0
1763489820000,3151.64,3151.68,3147.05,3149.78,1642.415,1763489879999,5171424.06447,5302,710.068,2235620.71305,0
1763489880000,3149.79,3152.68,3149.55,3151.37,1584.693,1763489939999,4993719.17068,4815,777.992,2451678.22241,0
1763489940000,3151.36,3151.36,3147.64,3147.74,1272.359,1763489999999,4006295.96165,4623,502.667,1582650.71975,0
1763490000000,3147.74,3148.00,3142.38,3142.90,2685.920,1763490059999,8444718.45608,7941,1123.003,3530375.38491,0
1763490060000,3142.90,3145.04,3142.90,3144.77,1118.887,1763490119999,3517704.47005,4016,471.105,1481152.02790,0
1763490120000,3144.77,3145.61,3143.00,3145.61,924.319,1763490179999,2906021.94866,4250,584.172,1836646.79321,0
1763490180000,3145.61,3146.98,3144.19,3146.47,1392.339,1763490239999,4379787.80132,4571,896.873,2821159.57165,0
1763490240000,3146.46,3146.46,3143.35,3145.79,1297.696,1763490299999,4080717.34005,4375,356.566,1121262.08752,0
1763490300000,3145.79,3145.79,3141.03,3141.79,1333.256,1763490359999,4190322.84129,5412,607.058,1907737.31059,0
1763490360000,3141.79,3141.79,3138.01,3139.80,3632.459,1763490419999,11403811.84540,7850,1772.773,5565454.40767,0
1763490420000,3139.80,3147.20,3139.80,3146.36,2936.852,1763490479999,9233554.66075,7997,2389.912,7514134.93292,0
1763490480000,3146.36,3146.87,3141.99,3142.00,1320.136,1763490539999,4150471.98257,5183,700.732,2203087.00018,0
1763490540000,3141.99,3143.39,3141.14,3142.38,674.743,1763490599999,2120174.48690,3634,441.715,1387950.47685,0
1763490600000,3142.38,3146.39,3142.38,3145.71,1357.666,1763490659999,4269449.96064,5381,873.045,2745230.55583,0
1763490660000,3145.71,3148.85,3143.38,3148.67,2721.120,1763490719999,8561146.54269,6820,1753.486,5517545.86425,0
1763490720000,3148.63,3149.29,3146.81,3148.14,1473.371,1763490779999,4638433.63790,4810,649.654,2045256.86069,0
1763490780000,3148.13,3149.73,3147.71,3148.87,1782.842,1763490839999,5613854.20632,4297,710.660,2237688.12773,0
1763490840000,3148.87,3151.85,3148.56,3151.70,2364.693,1763490899999,7449142.25820,5381,1739.476,5479567.70584,0
1763490900000,3151.70,3153.40,3148.49,3149.83,1458.978,1763490959999,4597384.53842,5206,567.470,1788264.05316,0
1763490960000,3149.83,3150.90,3147.18,3150.36,1752.847,1763491019999,5520054.84647,4955,1103.174,3474121.24354,0
1763491020000,3150.36,3150.36,3146.56,3148.70,1143.640,1763491079999,3600947.88674,4479,434.859,1369161.59801,0
1763491080000,3148.70,3149.80,3145.81,3149.80,1630.289,1763491139999,5131402.67839,5430,609.984,1920107.24590,0
1763491140000,3149.80,3153.53,3149.35,3152.73,3409.911,1763491199999,10748317.01351,6468,2149.902,6776249.29571,0
1763491200000,3152.74,3159.00,3150.58,3157.76,11376.902,1763491259999,35896518.17278,14029,4131.570,13039265.15685,0
1763491260000,3157.77,3158.25,3155.99,3157.20,3040.036,1763491319999,9598089.43429,6529,1671.012,5275940.57836,0
1763491320000,3157.20,3157.20,3154.47,3155.74,1518.037,1763491379999,4790799.12850,4986,478.012,1508547.36116,0
1763491380000,3155.73,3156.19,3152.68,3156.18,2065.231,1763491439999,6514837.67537,4969,854.554,2695608.32990,0
1763491440000,3156.19,3157.98,3155.73,3156.99,1530.895,1763491499999,4832811.31073,4449,508.058,1603943.58983,0
1763491500000,3157.00,3162.17,3155.91,3160.62,5884.687,1763491559999,18591402.98495,9768,4792.035,15139520.06329,0
1763491560000,3160.61,3164.96,3160.00,3160.33,6048.064,1763491619999,19126640.38811,10315,2968.087,9387085.51649,0
1763491620000,3160.34,3164.71,3158.37,3161.86,4508.610,1763491679999,14254396.59942,8611,1872.359,5919743.06528,0
1763491680000,3161.87,3166.81,3159.05,3159.69,6101.035,1763491739999,19302361.94278,11209,3793.507,12002252.79032,0
1763491740000,3159.69,3162.04,3156.98,3160.87,3458.911,1763491799999,10927919.38798,7342,1862.418,5885086.88097,0
1763491800000,3160.88,3166.39,3159.45,3164.99,5310.198,1763491859999,16801198.97152,7682,3138.116,9927591.66608,0
1763491860000,3165.00,3169.28,3164.99,3168.29,5564.589,1763491919999,17627383.50096,10339,3151.108,9982191.51590,0
1763491920000,3168.30,3168.79,3164.58,3165.66,3028.442,1763491979999,9591236.26497,6825,853.917,2704632.14081,0
1763491980000,3165.66,3165.79,3162.71,3162.96,1568.853,1763492039999,4963765.78812,5588,520.447,1646648.92903,0
1763492040000,3162.97,3164.47,3162.65,3164.29,806.496,1763492099999,2551554.64384,3282,359.061,1135949.00820,0
1763492100000,3164.28,3164.48,3160.12,3160.12,3452.704,1763492159999,10920569.11108,7476,2043.826,6464774.63295,0
1763492160000,3160.12,3160.89,3159.00,3160.77,1610.034,1763492219999,5087331.94431,4656,526.489,1663516.85607,0
1763492220000,3160.78,3161.00,3158.09,3158.29,1171.753,1763492279999,3701569.01543,4094,265.694,839321.39206,0
1763492280000,3158.29,3159.88,3156.35,3158.59,1587.560,1763492339999,5013363.52752,4850,678.437,2142363.05434,0
1763492340000,3158.59,3160.75,3158.44,3159.12,1327.963,1763492399999,4195681.78576,3778,474.748,1499989.45207,0
1763492400000,3159.12,3159.66,3156.22,3158.17,1767.350,1763492459999,5580755.74944,5765,762.022,2406215.10260,0
1763492460000,3158.17,3160.96,3156.95,3157.01,3902.160,1763492519999,12329052.99905,6266,2904.898,9178945.87207,0
1763492520000,3157.01,3158.11,3155.33,3157.74,1381.838,1763492579999,4361750.20506,4793,537.174,1695595.23081,0
1763492580000,3157.73,3157.73,3152.73,3155.89,1631.358,1763492639999,5147190.73351,5454,628.217,1982217.46311,0
1763492640000,3155.89,3157.00,3155.32,3155.84,904.363,1763492699999,2854284.24284,3729,370.873,1170527.03493,0
1763492700000,3155.83,3157.85,3155.51,3156.32,970.304,1763492759999,3062966.53919,3591,624.905,1972681.30460,0
1763492760000,3156.33,3158.11,3155.04,3158.11,1892.571,1763492819999,5974448.08092,3939,1370.606,4326734.84884,0
1763492820000,3158.12,3161.00,3156.17,3158.60,2507.111,1763492879999,7920695.73789,5974,1471.628,4649545.68964,0
1763492880000,3158.59,3159.36,3157.77,3158.71,1217.606,1763492939999,3846081.50916,4047,613.130,1936684.57998,0
1763492940000,3158.70,3161.00,3156.01,3159.24,1011.498,1763492999999,3195596.15069,4468,615.993,1946161.68417,0
1763493000000,3159.24,3160.55,3157.21,3159.31,1952.707,1763493059999,6169143.77415,4998,1380.038,4360128.26890,0
1763493060000,3159.32,3162.72,3157.19,3162.72,2349.245,1763493119999,7423783.70838,5671,1353.486,4277369.94545,0
1763493120000,3162.73,3166.27,3162.73,3163.48,2652.008,1763493179999,8392611.32199,6146,1522.776,4819121.36930,0
1763493180000,3163.48,3166.32,3160.85,3165.97,1768.582,1763493239999,5595037.94762,5783,679.219,2149001.51421,0
1763493240000,3165.98,3167.61,3163.15,3164.01,2875.243,1763493299999,9101694.83549,5492,1658.181,5249160.85344,0
1763493300000,3164.01,3165.87,3160.16,3161.58,1789.322,1763493359999,5659928.02386,5152,752.506,2380453.70167,0
1763493360000,3161.57,3162.24,3159.02,3160.86,1164.427,1763493419999,3680359.98796,4038,430.781,1361457.44983,0
1763493420000,3160.85,3160.85,3157.15,3158.93,613.712,1763493479999,1938432.32460,3728,243.239,768277.95217,0
1763493480000,3158.93,3161.84,3158.92,3161.84,1626.887,1763493539999,5142493.64536,5053,892.065,2819717.80864,0
1763493540000,3161.84,3166.08,3161.84,3164.40,1527.927,1763493599999,4835176.67257,4878,884.260,2798406.62797,0
1763493600000,3164.40,3167.23,3162.24,3162.99,3792.435,1763493659999,12003287.89046,7692,1409.769,4462284.53291,0
1763493660000,3163.00,3163.63,3160.71,3160.71,913.950,1763493719999,2890262.11978,4016,414.204,1309852.07322,0
1763493720000,3160.72,3161.61,3158.00,3159.29,1885.914,1763493779999,5958725.40794,5155,1098.945,3472267.13897,0
1763493780000,3159.29,3160.00,3157.43,3159.12,1951.182,1763493839999,6163425.88435,4365,1417.566,4477863.50859,0
1763493840000,3159.12,3159.24,3157.95,3158.90,610.732,1763493899999,1929152.56253,2650,279.224,882019.91122,0
1763493900000,3158.91,3161.72,3158.01,3160.65,742.909,1763493959999,2347402.00588,3867,388.131,1226351.62340,0
1763493960000,3160.64,3161.51,3159.16,3159.81,947.158,1763494019999,2993098.82422,3366,185.851,587360.49756,0
1763494020000,3159.81,3160.91,3157.48,3160.80,1534.422,1763494079999,4847476.60488,4467,1064.021,3361327.22340,0
1763494080000,3160.81,3160.81,3158.02,3158.02,1106.801,1763494139999,3496869.46988,4013,504.236,1592970.63467,0
1763494140000,3158.03,3160.60,3157.73,3159.65,525.742,1763494199999,1660723.60986,2395,232.883,735650.43478,0
1763494200000,3159.66,3160.59,3158.90,3160.33,686.722,1763494259999,2169994.81974,3955,332.036,1049190.16350,0
1763494260000,3160.33,3160.85,3157.56,3158.15,1457.983,1763494319999,4605294.12080,4371,586.549,1852858.12196,0
1763494320000,3158.16,3158.16,3153.70,3154.22,2101.936,1763494379999,6631848.96678,5542,779.678,2459849.28206,0
1763494380000,3154.23,3155.50,3152.10,3153.51,2544.311,1763494439999,8024092.96688,5650,1224.844,3863140.54286,0
1763494440000,3153.50,3154.05,3148.90,3150.25,4781.716,1763494499999,15065917.18148,7868,2029.863,6395443.27380,0
1763494500000,3150.24,3152.16,3149.00,3150.93,2118.081,1763494559999,6673553.92103,5029,1019.405,3211858.58946,0
1763494560000,3150.93,3152.64,3149.47,3151.08,1515.510,1763494619999,4775603.88375,4675,661.107,2083169.26627,0
1763494620000,3151.07,3155.85,3151.07,3154.93,1785.765,1763494679999,5631737.13530,5323,1490.413,4700338.49603,0
1763494680000,3154.92,3155.49,3150.00,3151.54,3165.644,1763494739999,9978706.55813,6699,1134.738,3576772.60082,0
1763494740000,3151.55,3162.07,3151.54,3160.66,2671.027,1763494799999,8436675.88189,7862,2047.117,6466012.12694,0
1763494800000,3160.66,3160.98,3155.04,3155.75,2515.822,1763494859999,7944544.80153,6477,1197.235,3780284.25148,0
1763494860000,3155.74,3157.04,3153.11,3153.12,3666.355,1763494919999,11568295.71492,4947,902.507,2848167.07309,0
1763494920000,3153.11,3153.29,3149.03,3149.68,2589.128,1763494979999,8159624.71325,7466,963.071,3034757.57096,0
1763494980000,3149.68,3151.77,3148.88,3149.27,3508.958,1763495039999,11052031.51696,6174,1344.903,4235864.25225,0
1763495040000,3149.27,3149.72,3144.32,3144.40,3257.025,1763495099999,10250409.62214,6260,1105.539,3478869.45453,0
1763495100000,3144.40,3147.69,3144.21,3146.24,2801.725,1763495159999,8813768.02790,7364,1667.673,5246633.44929,0
1763495160000,3146.24,3146.56,3142.00,3142.98,2039.885,1763495219999,6413155.00590,5801,914.820,2876244.83441,0
1763495220000,3142.98,3150.02,3142.97,3148.91,2096.685,1763495279999,6597453.69793,6352,1603.049,5043928.60391,0
1763495280000,3148.91,3148.91,3143.25,3144.36,1944.675,1763495339999,6115834.09132,6187,776.047,2440579.97931,0
1763495340000,3144.36,3146.40,3141.01,3141.59,3264.329,1763495399999,10258210.70252,6849,1216.242,3822369.10736,0
1763495400000,3141.59,3142.80,3139.06,3141.35,4036.024,1763495459999,12676805.38315,7506,1655.931,5201314.45221,0
1763495460000,3141.34,3147.23,3140.17,3145.34,3796.275,1763495519999,11934620.65955,8135,2905.402,9133609.08568,0
1763495520000,3145.34,3146.28,3142.77,3143.48,991.366,1763495579999,3117396.70499,3862,499.689,1571188.08457,0
1763495580000,3143.48,3144.37,3140.26,3140.39,2328.790,1763495639999,7317291.56133,6182,723.595,2273753.25850,0
1763495640000,3140.38,3141.33,3134.39,3137.59,7647.922,1763495699999,23992804.46812,10984,1890.465,5930202.62795,0
1763495700000,3137.59,3139.96,3135.03,3139.65,2823.557,1763495759999,8857732.08349,6494,1800.048,5647045.04890,0
1763495760000,3139.65,3141.54,3138.15,3141.53,1275.031,1763495819999,4003008.55000,4737,736.437,2312251.41004,0
1763495820000,3141.54,3142.93,3139.63,3140.93,1187.287,1763495879999,3729147.24849,4601,680.098,2136049.97005,0
1763495880000,3140.94,3142.38,3140.25,3141.30,1228.498,1763495939999,3858966.55766,4185,741.771,2330063.87513,0
1763495940000,3141.31,3145.83,3141.31,3144.64,932.587,1763495999999,2931969.60036,4294,668.188,2100614.54433,0
1763496000000,3144.64,3148.32,3142.71,3147.81,2147.483,1763496059999,6755519.07424,6197,1520.009,4781669.22033,0
1763496060000,3147.81,3148.00,3145.00,3147.02,1463.860,1763496119999,4606041.50756,4579,700.611,2204450.03018,0
1763496120000,3147.02,3148.33,3142.83,3145.00,2318.289,1763496179999,7292134.06377,5157,586.788,1845634.35828,0
1763496180000,3144.99,3146.66,3144.44,3145.73,564.721,1763496239999,1776440.00791,3637,353.949,1113430.71494,0
1763496240000,3145.74,3146.38,3144.77,3146.35,472.759,1763496299999,1487234.20801,3260,326.261,1026373.12823,0
1763496300000,3146.35,3146.35,3141.66,3141.66,1030.188,1763496359999,3238652.70887,4780,522.464,1642481.43350,0
1763496360000,3141.65,3143.34,3139.73,3142.51,885.461,1763496419999,2781930.26318,4587,366.051,1150071.93936,0
1763496420000,3142.51,3144.06,3141.07,3142.21,1223.770,1763496479999,3845634.70294,4652,743.507,2336462.99860,0
1763496480000,3142.22,3144.00,3140.00,3142.80,1566.630,1763496539999,4922461.89191,5066,1034.886,3251679.07512,0
1763496540000,3142.80,3144.65,3141.92,3143.22,1746.539,1763496599999,5490092.65884,3607,1317.947,4143069.40514,0
1763496600000,3143.24,3145.01,3142.33,3142.65,1160.098,1763496659999,3647335.10763,4104,461.340,1450471.42434,0
1763496660000,3142.64,3142.64,3137.50,3137.80,1340.133,1763496719999,4208180.21633,5081,426.815,1340355.84430,0
1763496720000,3137.80,3139.52,3136.67,3138.78,1328.535,1763496779999,4169005.38513,4991,735.153,2307020.38795,0
1763496780000,3138.77,3138.96,3136.33,3138.94,1672.170,1763496839999,5247018.21896,4146,893.070,2802186.28010,0
1763496840000,3138.93,3141.09,3138.69,3140.72,1112.332,1763496899999,3492673.55094,4407,736.739,2313315.35313,0
1763496900000,3140.72,3141.99,3140.00,3140.32,662.283,1763496959999,2080126.81965,3489,380.548,1195215.98513,0
1763496960000,3140.33,3142.83,3140.10,3142.25,580.366,1763497019999,1823269.72273,3865,305.072,958357.63794,0
1763497020000,3142.24,3147.56,3142.24,3145.22,1423.058,1763497079999,4476735.16526,5739,896.148,2818974.94775,0
1763497080000,3145.23,3146.94,3144.93,3145.68,865.912,1763497139999,2724379.64604,3584,532.834,1676457.63399,0
1763497140000,3145.68,3146.67,3144.83,3145.59,647.941,1763497199999,2038346.17196,2852,404.009,1271023.46160,0
1763497200000,3145.58,3146.59,3144.11,3146.58,719.737,1763497259999,2263719.11527,3654,386.238,1214790.91641,0
1763497260000,3146.58,3149.46,3146.12,3147.58,1550.348,1763497319999,4880682.74576,6105,788.504,2482269.88689,0
1763497320000,3147.58,3148.47,3147.00,3147.25,663.390,1763497379999,2088102.76620,3638,400.865,1261771.95904,0
1763497380000,3147.24,3149.16,3145.56,3147.79,691.387,1763497439999,2175877.89791,3476,347.407,1093345.27479,0
1763497440000,3147.79,3148.04,3144.25,3145.45,696.824,1763497499999,2192203.35918,3680,292.351,919748.57388,0
1763497500000,3145.46,3145.76,3140.90,3141.31,1798.502,1763497559999,5653357.47102,4695,424.066,1333213.20075,0
1763497560000,3141.31,3142.85,3138.40,3142.03,942.817,1763497619999,2960835.26536,4879,473.542,1487205.73776,0
1763497620000,3142.02,3142.33,3140.26,3141.13,589.636,1763497679999,1852281.80244,2839,206.698,649328.20854,0
1763497680000,3141.14,3143.08,3139.34,3142.94,1967.313,1763497739999,6180151.78131,3591,1686.067,5296683.74748,0
1763497740000,3142.93,3147.00,3142.93,3146.43,897.305,1763497799999,2822802.89974,3428,398.568,1253593.42301,0
1763497800000,3146.44,3148.22,3144.11,3146.69,1104.434,1763497859999,3474686.90737,4667,522.439,1643582.69520,0
1763497860000,3146.69,3146.69,3140.56,3140.57,871.655,1763497919999,2739754.57432,4408,260.300,818211.37981,0
1763497920000,3140.57,3141.21,3138.34,3139.17,1272.565,1763497979999,3995889.32675,4137,619.237,1944403.36519,0
1763497980000,3139.18,3139.18,3135.29,3135.29,2152.115,1763498039999,6751419.89691,6089,1102.057,3457401.90519,0
1763498040000,3135.29,3135.29,3131.40,3132.54,3587.732,1763498099999,11240745.43474,8570,1611.892,5050254.05237,0
1763498100000,3132.53,3135.26,3132.31,3132.32,1426.145,1763498159999,4469311.30385,4866,980.475,3072687.14354,0
1763498160000,3132.33,3133.90,3130.10,3133.43,1816.608,1763498219999,5689627.66590,5308,660.795,2069777.97479,0
1763498220000,3133.43,3135.95,3133.00,3135.12,1304.330,1763498279999,4087907.17029,4722,1019.312,3194595.56790,0
1763498280000,3135.12,3139.07,3134.80,3137.72,1042.687,1763498339999,3270771.18295,4948,681.870,2138913.98449,0
1763498340000,3137.71,3137.93,3135.94,3137.10,666.042,1763498399999,2089254.59778,3807,385.739,1210020.69307,0
1763498400000,3137.10,3137.39,3134.53,3134.56,815.221,1763498459999,2556614.65012,3950,344.700,1081024.32181,0
1763498460000,3134.57,3135.61,3133.40,3134.40,709.792,1763498519999,2224893.73594,3507,370.480,1161300.27867,0
1763498520000,3134.40,3134.71,3132.42,3132.95,1196.809,1763498579999,3750115.06821,4096,423.288,1326283.89777,0
1763498580000,3132.95,3135.45,3132.50,3133.87,1665.943,1763498639999,5221409.02473,4942,1142.347,3580337.78322,0
1763498640000,3133.87,3133.87,3130.51,3131.20,1083.113,1763498699999,3392304.57686,3363,598.878,1875544.98169,0
1763498700000,3131.21,3131.88,3130.00,3131.53,1504.815,1763498759999,4711482.37982,4738,788.469,2468706.28113,0
1763498760000,3131.54,3132.17,3125.43,3127.03,9077.302,1763498819999,28398736.58818,11263,2306.961,7217685.94682,0
1763498820000,3127.02,3128.60,3125.23,3128.60,2477.204,1763498879999,7745945.26662,5664,1229.020,3843242.93429,0
1763498880000,3128.59,3130.73,3126.08,3129.14,2140.583,1763498939999,6696198.35669,5222,1138.574,3561605.24857,0
1763498940000,3129.15,3130.17,3128.22,3128.82,1047.839,1763498999999,3278706.13694,3303,597.807,1870507.44071,0
1763499000000,3128.83,3133.20,3128.83,3132.00,2642.891,1763499059999,8276091.64659,6475,1918.973,6008812.66625,0
1763499060000,3132.00,3133.47,3131.10,3133.25,1688.603,1763499119999,5289017.73044,4503,1040.702,3259683.24552,0
1763499120000,3133.25,3134.92,3132.40,3132.60,1147.086,1763499179999,3594361.11243,4274,639.999,2005458.52154,0
1763499180000,3132.60,3134.32,3132.07,3133.53,1574.537,1763499239999,4933271.35472,4863,883.167,2766979.43493,0
1763499240000,3133.53,3135.70,3133.53,3133.62,1734.362,1763499299999,5436895.89150,4139,1040.730,3262423.03315,0
1763499300000,3133.62,3134.10,3129.62,3129.63,1718.477,1763499359999,5382406.06356,5284,1014.269,3176820.50718,0
1763499360000,3129.62,3129.62,3127.44,3128.91,1850.737,1763499419999,5789999.63751,3656,1062.820,3325092.76654,0
1763499420000,3128.91,3129.31,3126.19,3126.80,1609.310,1763499479999,5033286.36814,3269,794.088,2483451.96706,0
1763499480000,3126.80,3128.26,3124.34,3125.69,2492.660,1763499539999,7790822.03818,5325,1220.945,3816164.33552,0
1763499540000,3125.68,3126.24,3121.30,3121.87,4097.729,1763499599999,12801599.14899,7567,1895.850,5923288.92085,0
1763499600000,3121.86,3122.98,3117.51,3119.05,7515.297,1763499659999,23451540.98227,11224,4155.820,12967605.84629,0
1763499660000,3119.04,3120.29,3113.22,3120.29,7637.719,1763499719999,23799984.74599,11488,3080.720,9600494.11359,0
1763499720000,3120.29,3123.20,3119.11,3121.72,3324.169,1763499779999,10376593.15760,6882,1723.640,5380219.66865,0
1763499780000,3121.71,3121.83,3118.96,3120.30,1798.204,1763499839999,5611091.26702,4400,1199.715,3743514.30769,0
1763499840000,3120.30,3121.99,3117.29,3117.30,1668.620,1763499899999,5205703.50036,5170,961.138,2998589.58313,0
1763499900000,3117.29,3120.89,3115.95,3116.81,3545.702,1763499959999,11055846.38994,7374,2231.646,6958286.79881,0
1763499960000,3116.81,3118.96,3115.84,3118.67,1622.483,1763500019999,5058110.26815,4425,1084.133,3379743.98408,0
1763500020000,3118.67,3118.68,3115.00,3116.49,2130.968,1763500079999,6641324.02334,4507,1150.632,3585838.95953,0
1763500080000,3116.49,3116.50,3114.08,3115.87,1723.277,1763500139999,5368663.84110,3565,1117.895,3482474.33325,0
1763500140000,3115.87,3118.66,3115.87,3117.08,1721.820,1763500199999,5367134.08942,3515,1291.351,4025244.95261,0
1763500200000,3117.09,3122.44,3117.08,3122.01,2185.737,1763500259999,6820854.94920,4762,1695.281,5290000.71426,0
1763500260000,3122.00,3122.00,3119.44,3119.87,1344.423,1763500319999,4195370.28751,2881,365.126,1139373.70593,0
1763500320000,3119.88,3124.27,3119.88,3123.99,1143.459,1763500379999,3570517.46940,3391,905.129,2826284.88279,0
1763500380000,3123.95,3125.28,3123.90,3125.23,1572.935,1763500439999,4914980.40875,3062,1072.152,3350136.12088,0
1763500440000,3125.23,3125.88,3124.86,3125.42,1300.294,1763500499999,4063702.96535,2097,823.593,2573903.76780,0
1763500500000,3125.42,3126.28,3124.38,3125.77,1927.441,1763500559999,6023991.23552,2958,826.499,2583147.34198,0
1763500560000,3125.76,3126.24,3123.90,3123.90,772.533,1763500619999,2414211.70765,2238,359.582,1123753.20348,0
1763500620000,3123.90,3125.12,3123.19,3123.73,777.427,1763500679999,2428765.05842,2262,312.328,975696.32525,0
1763500680000,3123.73,3123.73,3119.11,3121.84,953.251,1763500739999,2975218.84647,3240,384.098,1198804.88401,0
1763500740000,3121.84,3125.06,3121.84,3123.86,555.365,1763500799999,1734910.61454,3305,328.967,1027699.57361,0
1763500800000,3123.85,3125.29,3123.19,3125.28,593.198,1763500859999,1853225.96270,2039,444.399,1388379.79754,0
1763500860000,3125.29,3126.00,3123.41,3125.99,600.997,1763500919999,1878181.02704,3071,266.939,834219.81596,0
1763500920000,3125.99,3130.25,3125.98,3128.03,2833.468,1763500979999,8864570.06826,5712,1805.880,5649374.06564,0
1763500980000,3128.03,3128.70,3125.27,3125.27,988.684,1763501039999,3092437.97745,3069,440.400,1377534.22464,0
1763501040000,3125.28,3126.26,3121.40,3122.78,3082.704,1763501099999,9628789.25547,5267,696.214,2174163.08609,0
1763501100000,3122.79,3125.27,3122.79,3125.27,829.312,1763501159999,2590794.27301,3288,424.527,1326187.68203,0
1763501160000,3125.27,3126.01,3124.01,3124.15,588.281,1763501219999,1838335.99824,2155,308.738,964759.01437,0
1763501220000,3124.16,3124.89,3123.41,3124.89,301.697,1763501279999,942565.84414,1457,199.323,622736.93810,0
1763501280000,3124.89,3126.76,3124.33,3124.33,639.674,1763501339999,1999293.73841,2493,246.742,771189.94423,0
1763501340000,3124.33,3124.34,3122.73,3122.73,281.491,1763501399999,879185.37480,1327,125.143,390839.27241,0
1763501400000,3122.73,3122.74,3120.16,3120.86,934.104,1763501459999,2915473.12531,3187,304.309,949714.53240,0
1763501460000,3120.87,3122.80,3117.77,3119.35,868.940,1763501519999,2710853.99045,4158,412.605,1287403.50997,0
1763501520000,3119.35,3119.35,3105.77,3105.77,14827.390,1763501579999,46143214.01807,16088,2988.771,9296706.62532,0
1763501580000,3105.78,3110.24,3105.78,3108.29,5542.386,1763501639999,17227075.99033,7124,2943.067,9148435.88025,0
1763501640000,3108.29,3108.74,3104.46,3108.74,3952.476,1763501699999,12278053.46239,7435,1765.668,5484854.22773,0
1763501700000,3108.73,3109.57,3106.79,3107.99,2708.542,1763501759999,8419007.90232,4649,738.540,2295564.84477,0
1763501760000,3107.99,3108.59,3106.93,3108.05,1542.307,1763501819999,4793204.44468,3047,870.028,2703819.50114,0
1763501820000,3108.04,3109.73,3107.15,3109.71,2163.309,1763501879999,6724805.55951,4051,897.235,2789264.52506,0
1763501880000,3109.71,3110.92,3107.10,3107.11,2146.005,1763501939999,6672164.27915,3476,902.896,2807124.37501,0
1763501940000,3107.10,3107.63,3106.77,3107.23,1017.714,1763501999999,3162215.41551,2393,540.274,1678680.85900,0
1763502000000,3107.24,3107.47,3105.55,3107.47,1336.817,1763502059999,4153102.26606,2884,753.527,2340945.67134,0
1763502060000,3107.46,3107.55,3105.88,3106.37,1388.784,1763502119999,4314453.11658,3179,617.962,1919801.01629,0
1763502120000,3106.37,3108.00,3106.37,3107.74,803.445,1763502179999,2496672.88186,1799,556.892,1730449.04844,0
1763502180000,3107.73,3107.74,3102.27,3104.49,3595.299,1763502239999,11159600.24677,5775,1093.065,3392654.85227,0
1763502240000,3104.49,3106.02,3102.82,3102.82,1312.300,1763502299999,4073960.41016,3342,514.731,1598037.32366,0
1763502300000,3102.82,3102.83,3100.06,3101.89,3964.783,1763502359999,12295001.14281,6287,1505.786,4669552.62529,0
1763502360000,3101.89,3103.83,3101.88,3102.40,1469.109,1763502419999,4558195.10686,2930,1003.423,3113243.23494,0
1763502420000,3102.40,3102.41,3097.00,3099.48,4508.012,1763502479999,13972373.81794,7142,1298.258,4023578.63448,0
1763502480000,3099.48,3100.63,3095.99,3099.75,6423.906,1763502539999,19902806.79952,9595,3558.548,11025697.61930,0
1763502540000,3099.76,3103.87,3099.76,3100.23,1791.319,1763502599999,5556531.17256,4289,835.107,2590850.57416,0
1763502600000,3100.24,3100.56,3097.17,3099.71,2178.639,1763502659999,6750703.20315,5025,1079.960,3346506.02988,0
1763502660000,3099.71,3103.82,3099.25,3102.00,1727.411,1763502719999,5358644.58644,3765,1022.153,3171136.10090,0
1763502720000,3102.01,3104.54,3102.00,3103.14,956.075,1763502779999,2967388.76251,2687,661.951,2054454.50086,0
1763502780000,3103.13,3103.17,3100.00,3100.60,2060.586,1763502839999,6391221.76777,3365,340.674,1056677.90205,0
1763502840000,3100.61,3101.31,3096.57,3096.60,2765.278,1763502899999,8568128.23505,4784,620.903,1923407.52552,0
1763502900000,3096.61,3097.60,3096.40,3097.59,664.725,1763502959999,2058729.86299,2326,339.397,1051148.30892,0
1763502960000,3097.60,3099.58,3096.63,3097.72,2365.545,1763503019999,7329316.69587,3384,1725.929,5347941.16624,0
1763503020000,3097.73,3098.64,3096.57,3098.46,1011.096,1763503079999,3132077.78432,2917,386.926,1198623.38270,0
1763503080000,3098.45,3099.79,3098.45,3099.15,1500.860,1763503139999,4651330.34810,3223,934.680,2896676.36188,0
1763503140000,3099.14,3099.32,3096.21,3097.01,1715.769,1763503199999,5314602.65625,3590,1000.031,3097540.88025,0
1763503200000,3097.00,3097.53,3096.53,3097.11,1496.782,1763503259999,4635484.31877,2745,818.559,2535039.35239,0
1763503260000,3097.12,3099.21,3097.11,3098.42,1756.894,1763503319999,5442982.28067,3032,1060.606,3285693.81505,0
1763503320000,3098.42,3103.32,3098.41,3102.18,4998.749,1763503379999,15503818.94121,6898,2384.018,7393865.38081,0
1763503380000,3102.19,3106.21,3099.23,3100.46,8675.179,1763503439999,26914656.99429,12712,4099.625,12718759.99372,0
1763503440000,3100.46,3102.16,3100.02,3101.67,1253.801,1763503499999,3888360.17082,3078,540.660,1676711.31407,0
1763503500000,3101.67,3107.45,3101.66,3106.15,1398.541,1763503559999,4342565.72266,4146,1128.441,3503772.44149,0
1763503560000,3106.14,3107.74,3104.39,3105.54,1371.054,1763503619999,4257969.79780,2782,718.066,2230015.79930,0
1763503620000,3105.55,3106.90,3105.55,3105.89,504.290,1763503679999,1566553.56671,1495,304.325,945349.95913,0
1763503680000,3105.89,3110.25,3105.06,3108.38,2661.823,1763503739999,8273301.66975,4785,1888.252,5868502.26049,0
1763503740000,3108.39,3111.83,3108.39,3110.14,1994.837,1763503799999,6204788.38989,3960,1265.220,3935306.56564,0
1763503800000,3110.13,3111.99,3110.13,3111.31,1405.724,1763503859999,4373054.59019,2016,1102.757,3430495.34067,0
1763503860000,3111.32,3116.59,3110.56,3116.26,2975.682,1763503919999,9265250.91080,6044,1968.834,6130388.51582,0
1763503920000,3116.27,3117.00,3112.87,3112.87,1946.787,1763503979999,6065199.72897,2738,900.678,2806082.96038,0
1763503980000,3112.87,3116.23,3112.75,3115.85,1067.524,1763504039999,3324469.71666,2474,786.069,2447791.41396,0
1763504040000,3115.85,3120.00,3115.85,3120.00,1803.417,1763504099999,5623274.36941,3481,1317.673,4108567.68131,0
1763504100000,3120.00,3121.04,3111.57,3114.19,2595.073,1763504159999,8086525.68599,5938,1139.291,3551424.51858,0
1763504160000,3114.19,3114.89,3113.28,3114.01,596.226,1763504219999,1856645.25544,1559,254.646,792969.82556,0
1763504220000,3114.00,3118.01,3114.00,3116.58,1602.180,1763504279999,4993689.38792,2886,1134.075,3534554.39478,0
1763504280000,3116.57,3118.80,3116.57,3117.54,2077.450,1763504339999,6477446.95955,3088,1041.865,3248488.17655,0
1763504340000,3117.54,3118.97,3116.86,3116.87,890.666,1763504399999,2777026.25831,1972,538.280,1678172.97867,0
1763504400000,3116.87,3118.07,3116.86,3117.72,934.615,1763504459999,2913848.74799,1423,358.320,1117044.08225,0
1763504460000,3117.72,3119.00,3117.72,3118.22,684.618,1763504519999,2135023.85032,1299,478.685,1492779.08675,0
1763504520000,3118.22,3119.53,3118.00,3119.12,782.756,1763504579999,2441258.49749,1679,405.188,1263709.42486,0
1763504580000,3119.12,3121.90,3118.79,3121.29,1382.995,1763504639999,4315890.06555,2749,1014.788,3166740.61945,0
1763504640000,3121.30,3121.70,3120.33,3120.54,1047.389,1763504699999,3268942.34299,1630,659.429,2058144.63686,0
1763504700000,3120.54,3122.35,3119.41,3122.35,942.502,1763504759999,2941494.49875,2000,517.372,1614817.00248,0
1763504760000,3122.35,3123.00,3120.96,3121.68,999.895,1763504819999,3121960.85294,1772,700.205,2186284.67962,0
1763504820000,3121.67,3122.69,3121.67,3122.13,1048.299,1763504879999,3272999.49981,1642,720.435,2249355.01899,0
1763504880000,3122.13,3127.11,3122.12,3125.54,3751.197,1763504939999,11722991.27588,5141,2976.303,9300749.41458,0
1763504940000,3125.54,3125.74,3125.00,3125.04,1837.625,1763504999999,5742937.85531,1343,852.648,2664755.03456,0
1763505000000,3125.04,3125.47,3121.68,3121.86,4267.289,1763505059999,13333773.33425,2235,487.589,1523035.78259,0
1763505060000,3121.86,3122.49,3121.67,3122.49,993.416,1763505119999,3101525.08190,1018,594.750,1856904.74130,0
1763505120000,3122.48,3123.53,3121.66,3122.47,1007.558,1763505179999,3146150.99208,1753,320.383,1000439.66985,0
1763505180000,3122.48,3126.05,3122.24,3126.05,910.190,1763505239999,2843551.26023,1852,560.646,1751550.92000,0
1763505240000,3126.05,3128.50,3125.90,3127.15,1409.162,1763505299999,4406962.31925,2535,936.172,2927836.02664,0
1763505300000,3127.14,3127.15,3126.52,3127.13,596.903,1763505359999,1866444.69194,1091,322.095,1007151.38836,0
1763505360000,3127.14,3127.77,3127.03,3127.76,645.391,1763505419999,2018478.39618,932,379.687,1187447.00856,0
1763505420000,3127.76,3127.76,3126.24,3126.24,995.979,1763505479999,3114628.81585,1381,162.581,508398.06369,0
1763505480000,3126.25,3126.59,3124.71,3124.78,1022.365,1763505539999,3196063.53922,1631,323.833,1012371.19865,0
1763505540000,3124.78,3124.79,3120.01,3121.19,1558.147,1763505599999,4863963.81783,3140,710.608,2217911.35235,0
1763505600000,3121.20,3123.80,3121.20,3122.00,748.572,1763505659999,2337579.91187,1815,490.305,1531000.99545,0
1763505660000,3122.00,3124.78,3121.99,3124.00,723.158,1763505719999,2258655.62691,1396,541.030,1689649.97066,0
1763505720000,3124.01,3124.01,3121.44,3121.63,950.513,1763505779999,2968075.46947,1911,318.905,995744.53376,0
1763505780000,3121.63,3124.38,3121.51,3124.05,663.550,1763505839999,2071857.98609,1780,431.573,1347525.67318,0
1763505840000,3124.05,3124.05,3122.00,3122.00,438.655,1763505899999,1369786.31294,820,55.971,174765.17316,0
1763505900000,3122.00,3123.30,3122.00,3123.29,318.850,1763505959999,995573.93606,1034,213.509,666641.59879,0
1763505960000,3123.30,3124.14,3122.00,3122.01,558.179,1763506019999,1743664.89106,1398,191.838,599263.43900,0
1763506020000,3122.01,3122.36,3117.42,3120.11,3273.451,1763506079999,10210528.43379,5624,1272.536,3969427.02591,0
1763506080000,3120.12,3120.35,3119.10,3119.99,547.937,1763506139999,1709508.27014,1444,169.940,530167.94723,0
1763506140000,3120.00,3120.00,3118.74,3118.75,766.302,1763506199999,2390334.37924,1180,177.042,552184.20830,0
1763506200000,3118.74,3124.45,3118.74,3124.35,965.442,1763506259999,3013892.16967,3303,733.234,2288732.98325,0
1763506260000,3124.35,3124.75,3122.73,3122.74,451.371,1763506319999,1409993.04181,1799,240.652,751726.75003,0
1763506320000,3122.74,3123.12,3121.98,3123.11,633.303,1763506379999,1977505.69849,1298,200.199,625103.91984,0
1763506380000,3123.11,3124.00,3123.00,3123.99,245.220,1763506439999,765919.48050,765,175.570,548398.92486,0
1763506440000,3124.00,3124.00,3123.00,3123.80,162.343,1763506499999,507097.59183,748,52.898,165226.25893,0
1763506500000,3123.80,3124.78,3123.80,3124.77,825.670,1763506559999,2579681.97898,1342,443.052,1384179.99881,0
1763506560000,3124.78,3125.82,3124.04,3124.04,502.103,1763506619999,1569154.03548,1365,289.758,905515.20438,0
1763506620000,3124.04,3124.43,3124.04,3124.33,329.346,1763506679999,1028953.96769,667,151.007,471794.76482,0
1763506680000,3124.33,3124.34,3121.65,3121.65,573.554,1763506739999,1791357.38020,1537,249.687,779780.50932,0
1763506740000,3121.65,3126.25,3120.18,3124.02,843.766,1763506799999,2635227.55824,3199,453.241,1415445.62938,0
1763506800000,3124.02,3125.15,3122.26,3122.26,1183.739,1763506859999,3697775.19280,3050,481.862,1505141.11100,0
1763506860000,3122.25,3125.10,3121.84,3123.18,1568.789,1763506919999,4900587.63447,3133,597.552,1866475.21084,0
1763506920000,3123.18,3123.19,3120.24,3121.32,1059.404,1763506979999,3307424.90187,3626,689.596,2152889.34255,0
1763506980000,3121.33,3122.11,3118.97,3120.74,1939.262,1763507039999,6051332.60670,5919,747.551,2332692.31942,0
1763507040000,3120.74,3122.52,3119.74,3119.96,966.540,1763507099999,3016701.19671,3881,378.991,1182846.28300,0
1763507100000,3119.95,3122.48,3119.45,3121.10,1827.309,1763507159999,5702384.83748,3887,662.392,2067236.01251,0
1763507160000,3121.10,3122.27,3119.56,3119.60,842.899,1763507219999,2630589.46919,3714,352.567,1100239.36431,0
1763507220000,3119.61,3122.24,3116.16,3120.81,3195.763,1763507279999,9965476.48481,6348,1511.266,4712232.32296,0
1763507280000,3120.80,3120.80,3116.91,3117.40,1263.752,1763507339999,3941171.77714,3636,445.328,1388817.20927,0
1763507340000,3117.41,3117.46,3111.01,3112.46,3648.072,1763507399999,11359537.08742,6874,1116.985,3478547.92103,0
1763507400000,3112.46,3114.18,3108.89,3111.58,4733.281,1763507459999,14730058.62595,7400,2326.711,7241426.96677,0
1763507460000,3111.58,3112.28,3109.42,3110.61,2107.586,1763507519999,6557661.41727,4326,830.386,2583894.34945,0
1763507520000,3110.61,3110.61,3105.99,3108.50,2232.576,1763507579999,6939285.00552,5449,842.956,2619780.06177,0
1763507580000,3108.50,3108.71,3107.27,3108.65,1158.352,1763507639999,3600449.12723,2631,411.693,1279599.31403,0
1763507640000,3108.64,3111.00,3108.55,3110.99,1201.202,1763507699999,3735310.12093,3105,838.162,2606332.63323,0
1763507700000,3111.00,3113.15,3111.00,3112.78,802.935,1763507759999,2498785.85736,3311,502.788,1564740.18762,0
1763507760000,3112.78,3112.78,3110.19,3110.21,749.118,1763507819999,2330600.87473,2990,356.123,1107956.85860,0
1763507820000,3110.21,3111.31,3109.31,3111.30,685.739,1763507879999,2132834.66213,2354,490.953,1527009.32285,0
1763507880000,3111.30,3114.90,3110.95,3112.69,1205.435,1763507939999,3753336.34120,4108,854.587,2660874.22907,0
1763507940000,3112.69,3113.45,3111.70,3113.01,412.604,1763507999999,1284318.79028,2680,203.317,632885.61260,0
1763508000000,3113.00,3113.90,3112.08,3113.21,426.916,1763508059999,1329019.16133,2244,272.723,849002.56550,0
1763508060000,3113.22,3115.67,3113.21,3114.71,833.255,1763508119999,2595449.03413,3010,722.448,2250296.26895,0
1763508120000,3114.71,3114.83,3113.70,3114.21,1098.062,1763508179999,3419623.23412,2648,723.770,2253960.65326,0
1763508180000,3114.22,3116.50,3113.33,3115.68,959.261,1763508239999,2988313.97525,3112,729.980,2274025.21642,0
1763508240000,3115.68,3116.55,3114.46,3114.46,1080.326,1763508299999,3366060.49608,3107,608.619,1896374.02799,0
1763508300000,3114.46,3115.55,3112.30,3115.45,2628.270,1763508359999,8184667.44958,4151,2003.688,6239789.36065,0
1763508360000,3115.45,3118.01,3115.45,3117.24,923.994,1763508419999,2880220.16543,2962,656.863,2047554.35719,0
1763508420000,3117.24,3118.12,3115.75,3118.12,1123.077,1763508479999,3500707.21771,2427,509.373,1587993.93423,0
1763508480000,3118.12,3118.33,3117.81,3118.12,376.597,1763508539999,1174257.18035,1009,204.962,639075.93049,0
1763508540000,3118.12,3118.40,3117.01,3117.01,632.109,1763508599999,1970839.32711,1118,113.637,354322.78595,0
1763508600000,3117.01,3119.81,3116.80,3119.29,1010.708,1763508659999,3151786.07641,2470,799.224,2492361.28187,0
1763508660000,3119.29,3119.31,3117.11,3117.68,536.755,1763508719999,1673772.69313,2166,320.156,998400.62842,0
1763508720000,3117.68,3118.26,3115.19,3118.11,870.110,1763508779999,2711993.82930,3336,577.187,1799059.00178,0
1763508780000,3118.11,3119.95,3117.69,3117.95,781.509,1763508839999,2437437.68945,3010,284.277,886642.15959,0
1763508840000,3117.94,3120.89,3116.60,3120.16,723.781,1763508899999,2257319.13230,3234,389.702,1215540.92080,0
1763508900000,3120.16,3120.71,3119.49,3120.48,589.164,1763508959999,1838208.30058,1750,201.858,629795.19700,0
1763508960000,3120.47,3121.72,3119.57,3119.58,1175.098,1763509019999,3667233.47347,3197,710.488,2217267.70293,0
1763509020000,3119.57,3121.27,3119.56,3121.07,607.789,1763509079999,1896628.96122,1946,347.208,1083410.18184,0
1763509080000,3121.08,3121.97,3119.79,3120.24,965.955,1763509139999,3014791.02068,3043,447.599,1396903.95993,0
1763509140000,3120.23,3122.00,3120.23,3121.26,756.636,1763509199999,2361582.74525,2198,403.653,1259781.99303,0
1763509200000,3121.26,3121.80,3119.96,3120.36,659.481,1763509259999,2058242.49495,2376,269.002,839535.57603,0
1763509260000,3120.36,3120.84,3119.14,3119.33,374.559,1763509319999,1168710.84775,2152,190.209,593500.14857,0
1763509320000,3119.34,3121.00,3118.03,3119.61,1046.515,1763509379999,3264771.93814,2796,640.287,1997594.64331,0
1763509380000,3119.62,3120.37,3117.87,3118.14,916.638,1763509439999,2858558.35042,2598,360.557,1124439.05122,0
1763509440000,3118.14,3119.31,3117.95,3119.31,531.416,1763509499999,1657229.62124,1410,176.517,550491.14142,0
1763509500000,3119.30,3120.72,3118.18,3119.04,606.413,1763509559999,1891608.78743,2455,303.508,946817.53880,0
1763509560000,3119.04,3119.61,3115.11,3115.12,811.308,1763509619999,2529406.49534,3024,197.597,616270.89930,0
1763509620000,3115.12,3115.12,3113.60,3114.03,1232.683,1763509679999,3838827.28608,2913,666.879,2076726.77764,0
1763509680000,3114.03,3114.60,3113.16,3114.57,869.050,1763509739999,2706209.32801,2956,423.540,1318866.79956,0
1763509740000,3114.56,3115.11,3113.11,3113.11,579.442,1763509799999,1804378.99861,1914,233.181,726114.26995,0
1763509800000,3113.11,3115.00,3112.45,3114.71,646.405,1763509859999,2012479.08655,2400,339.494,1057016.81612,0
1763509860000,3114.72,3116.88,3114.02,3114.04,860.927,1763509919999,2682295.12016,3066,396.377,1234951.29917,0
1763509920000,3114.05,3116.90,3114.05,3116.90,421.024,1763509979999,1311437.53274,1709,338.845,1055441.88670,0
1763509980000,3116.90,3118.55,3115.96,3118.01,259.692,1763510039999,809476.54660,2088,139.381,434468.47258,0
1763510040000,3118.01,3118.27,3116.54,3117.31,320.229,1763510099999,998287.92451,1498,183.607,572374.09541,0
1763510100000,3117.31,3118.13,3116.54,3117.53,259.982,1763510159999,810438.06953,1606,168.451,525100.39442,0
1763510160000,3117.54,3120.54,3117.54,3120.53,475.986,1763510219999,1484610.94839,2096,350.159,1092168.95227,0
1763510220000,3120.53,3124.23,3120.53,3123.88,1265.016,1763510279999,3950453.90733,4014,900.310,2811451.30966,0
1763510280000,3123.88,3124.70,3122.27,3122.64,1758.553,1763510339999,5493746.03937,3870,646.359,2019177.25446,0
1763510340000,3122.65,3122.65,3122.02,3122.20,598.858,1763510399999,1869821.35892,1456,312.203,974792.87035,0
