open_time,open,high,low,close,volume,close_time,quote_volume,count,taker_buy_volume,taker_buy_quote_volume,ignore
1767657600000,3223.72,3225.88,3223.71,3225.49,3087.159,1767657659999,9956075.64270,3338,1951.358,6293009.25681,0
1767657660000,3225.49,3227.53,3225.13,3227.26,1308.440,1767657719999,4221555.72684,2445,773.478,2495581.12457,0
1767657720000,3227.26,3228.98,3226.71,3228.25,1883.737,1767657779999,6080871.19497,2662,1154.714,3727515.92514,0
1767657780000,3228.24,3228.33,3227.50,3228.33,696.889,1767657839999,2249570.91677,1034,454.132,1465957.46798,0
1767657840000,3228.33,3228.94,3227.75,3228.94,1155.904,1767657899999,3731565.68574,1593,690.386,2228742.98924,0
1767657900000,3228.94,3230.00,3228.94,3229.68,1932.517,1767657959999,6240823.19538,2427,1128.545,3644459.62884,0
1767657960000,3229.67,3229.68,3224.50,3225.44,1563.327,1767658019999,5043741.40644,2728,540.565,1743646.88368,0
1767658020000,3225.44,3225.90,3221.49,3221.92,2865.484,1767658079999,9235263.08589,4279,595.326,1918379.29136,0
1767658080000,3221.92,3222.47,3220.28,3220.99,2164.147,1767658139999,6971451.80041,2806,745.796,2402550.01241,0
1767658140000,3220.99,3221.09,3220.36,3220.44,1834.934,1767658199999,5909555.06546,2260,909.110,2927860.63577,0
1767658200000,3220.45,3220.81,3219.23,3219.74,2987.811,1767658259999,9620863.87342,3065,976.091,3143090.42117,0
1767658260000,3219.75,3220.96,3219.16,3219.35,1670.244,1767658319999,5378051.93094,2404,697.974,2247487.94730,0
1767658320000,3219.35,3219.36,3217.13,3217.14,4009.285,1767658379999,12903432.74059,4482,1456.219,4686641.51570,0
1767658380000,3217.13,3219.38,3216.52,3217.72,3259.514,1767658439999,10487303.22117,5591,1340.744,4313984.83556,0
1767658440000,3217.73,3218.08,3215.44,3215.88,4114.221,1767658499999,13231788.77110,3964,1638.075,5268065.62222,0
1767658500000,3215.88,3216.85,3213.73,3214.01,4252.097,1767658559999,13670493.36736,6311,1562.487,5023724.06624,0
1767658560000,3214.00,3216.77,3214.00,3216.52,1959.783,1767658619999,6301360.04661,3551,1054.936,3391846.74237,0
1767658620000,3216.52,3216.52,3214.23,3215.04,1492.333,1767658679999,4798135.30021,3153,722.006,2321429.09830,0
1767658680000,3215.05,3217.20,3213.45,3216.53,4827.360,1767658739999,15520528.40007,6371,3524.608,11332192.70523,0
1767658740000,3216.54,3218.25,3215.80,3217.62,1594.753,1767658799999,5130720.53375,3786,989.985,3184860.28461,0
1767658800000,3217.61,3220.00,3216.81,3219.70,1480.523,1767658859999,4765605.68764,3241,926.253,2981584.13246,0
1767658860000,3219.71,3220.52,3217.70,3218.63,2484.744,1767658919999,7999998.39806,3314,896.569,2886698.67493,0
1767658920000,3218.62,3218.74,3217.00,3217.24,1022.877,1767658979999,3291127.95892,1902,473.723,1524150.50209,0
1767658980000,3217.24,3220.00,3217.24,3218.84,876.602,1767659039999,2821543.88166,2321,440.720,1418551.73601,0
1767659040000,3218.83,3218.83,3215.31,3215.32,1026.755,1767659099999,3302666.34111,2284,238.279,766434.63860,0
1767659100000,3215.32,3215.39,3214.00,3215.21,837.601,1767659159999,2692702.86694,2391,332.093,1067613.26384,0
1767659160000,3215.21,3217.78,3215.07,3217.77,623.455,1767659219999,2005098.15440,1789,365.181,1174568.28520,0
1767659220000,3217.77,3218.14,3216.51,3216.51,1254.559,1767659279999,4036303.50403,2526,662.621,2131802.22868,0
1767659280000,3216.51,3218.17,3216.06,3218.17,701.900,1767659339999,2258006.35285,1670,469.295,1509726.49018,0
1767659340000,3218.16,3220.00,3218.16,3220.00,1243.977,1767659399999,4004945.49394,2154,662.777,2133708.61448,0
1767659400000,3219.99,3219.99,3216.16,3216.17,943.257,1767659459999,3035437.57830,2363,406.258,1307450.41541,0
1767659460000,3216.16,3216.17,3212.29,3212.29,2222.648,1767659519999,7142549.36017,4093,778.258,2500908.89218,0
1767659520000,3212.29,3212.80,3210.00,3210.00,4316.846,1767659579999,13864288.35551,6307,1356.351,4356591.77972,0
1767659580000,3210.00,3211.60,3206.00,3209.59,8598.171,1767659639999,27586932.19706,8219,2231.615,7161658.99514,0
1767659640000,3209.59,3209.94,3206.80,3206.81,2185.640,1767659699999,7011798.59052,3341,955.368,3064815.63906,0
1767659700000,3206.81,3208.58,3206.13,3206.15,2810.237,1767659759999,9012880.00025,5433,1523.839,4887027.36677,0
1767659760000,3206.16,3206.57,3204.18,3205.63,4058.266,1767659819999,13007844.99973,6647,1780.576,5707153.27456,0
1767659820000,3205.63,3207.17,3203.43,3203.46,2744.856,1767659879999,8796988.82873,4966,1028.730,3297367.41289,0
1767659880000,3203.45,3205.28,3202.87,3204.30,3454.043,1767659939999,11066657.62817,5275,1891.843,6061578.75820,0
1767659940000,3204.31,3204.93,3202.48,3203.13,2474.628,1767659999999,7927870.53286,4786,1033.998,3312426.76166,0
1767660000000,3203.14,3204.42,3201.91,3204.14,2099.020,1767660059999,6723486.05838,4607,989.567,3169650.19494,0
1767660060000,3204.14,3204.93,3201.91,3204.60,2054.621,1767660119999,6582524.60688,3438,933.857,2991937.73138,0
1767660120000,3204.60,3204.85,3202.23,3204.00,1185.735,1767660179999,3798399.10732,2553,735.711,2356698.06718,0
1767660180000,3204.01,3204.01,3203.00,3203.37,1419.950,1767660239999,4548889.63784,1976,378.041,1210975.83290,0
1767660240000,3203.38,3207.70,3202.94,3205.05,4588.726,1767660299999,14709374.30318,5915,1821.792,5839640.55628,0
1767660300000,3205.06,3207.65,3204.00,3207.03,1582.756,1767660359999,5073942.36645,4204,789.225,2530319.08581,0
1767660360000,3207.04,3208.00,3203.80,3204.05,1355.326,1767660419999,4344628.80423,2869,675.746,2166156.16022,0
1767660420000,3204.04,3205.23,3203.00,3204.70,1036.792,1767660479999,3322127.73174,3049,398.847,1278013.62869,0
1767660480000,3204.70,3207.56,3204.70,3207.16,963.979,1767660539999,3091132.12486,2446,785.404,2518562.39997,0
1767660540000,3207.15,3208.00,3206.16,3208.00,1296.889,1767660599999,4159021.98440,2006,1079.745,3462725.26029,0
1767660600000,3207.99,3208.88,3207.73,3208.52,1472.536,1767660659999,4724282.62366,2883,1138.776,3653476.06711,0
1767660660000,3208.52,3212.00,3208.35,3211.00,2317.421,1767660719999,7439940.76526,4343,1792.168,5753366.56767,0
1767660720000,3211.00,3212.75,3211.00,3212.56,2323.872,1767660779999,7464246.66428,3394,1815.546,5831538.73782,0
1767660780000,3212.56,3213.67,3211.92,3212.38,2232.982,1767660839999,7174433.95576,2832,1027.076,3299855.06474,0
1767660840000,3212.38,3213.30,3212.00,3212.48,724.149,1767660899999,2326254.36316,1592,358.180,1150632.64957,0
1767660900000,3212.48,3215.21,3212.47,3214.90,1406.077,1767660959999,4519649.13809,2502,937.569,3013596.91349,0
1767660960000,3214.90,3215.32,3214.56,3215.32,1026.839,1767661019999,3301289.84718,1745,586.482,1885543.43249,0
1767661020000,3215.32,3215.32,3214.27,3214.28,815.076,1767661079999,2620506.60204,1326,385.464,1239323.99480,0
1767661080000,3214.28,3215.32,3214.27,3215.03,881.972,1767661139999,2835478.63595,1151,669.588,2152688.06964,0
1767661140000,3215.02,3215.09,3214.71,3214.71,557.549,1767661199999,1792473.98994,874,264.016,848794.70807,0
1767661200000,3214.71,3217.63,3214.29,3217.29,2169.303,1767661259999,6976614.97397,3175,1499.962,4824194.24996,0
1767661260000,3217.28,3225.60,3216.64,3223.72,9371.716,1767661319999,30182447.23151,12034,6812.851,21940670.71563,0
1767661320000,3223.73,3225.88,3219.11,3219.43,4312.698,1767661379999,13900553.85866,8424,1437.449,4633965.60957,0
1767661380000,3219.43,3219.82,3217.12,3219.39,1229.444,1767661439999,3957296.73305,4208,607.261,1954609.69603,0
1767661440000,3219.39,3221.11,3218.62,3219.95,2639.951,1767661499999,8499536.47577,4970,1135.991,3657632.35895,0
1767661500000,3219.95,3220.50,3216.64,3217.52,1926.129,1767661559999,6198697.39549,3718,469.029,1509269.23800,0
1767661560000,3217.52,3218.74,3216.74,3218.69,812.508,1767661619999,2614620.42329,2979,390.861,1257753.55970,0
1767661620000,3218.68,3219.00,3215.35,3216.82,841.883,1767661679999,2708327.24468,2643,233.908,752470.13299,0
1767661680000,3216.82,3217.90,3216.82,3217.90,495.659,1767661739999,1594706.98742,1828,205.825,662192.40728,0
1767661740000,3217.90,3220.43,3217.90,3220.06,1154.324,1767661799999,3716275.28385,2329,730.513,2351834.42886,0
1767661800000,3220.07,3220.66,3219.54,3220.07,659.531,1767661859999,2123781.99365,2033,437.717,1409527.07770,0
1767661860000,3220.07,3222.31,3219.12,3222.30,1039.517,1767661919999,3347799.27056,3128,456.067,1468925.59863,0
1767661920000,3222.31,3224.66,3222.30,3222.41,1215.998,1767661979999,3919569.69356,2649,554.179,1786350.08202,0
1767661980000,3222.41,3223.93,3221.38,3223.68,686.675,1767662039999,2212939.96604,2181,427.496,1377719.66556,0
1767662040000,3223.68,3224.21,3222.24,3222.25,873.303,1767662099999,2814933.92339,1683,356.418,1148932.65220,0
1767662100000,3222.25,3223.80,3222.25,3223.11,895.778,1767662159999,2887329.72513,2211,437.057,1408781.86719,0
1767662160000,3223.11,3223.11,3220.88,3221.51,752.902,1767662219999,2425701.45206,1828,357.786,1152723.25352,0
1767662220000,3221.51,3223.57,3221.10,3223.50,803.724,1767662279999,2590170.05070,1839,304.800,982309.11227,0
1767662280000,3223.49,3223.49,3222.60,3223.32,502.961,1767662339999,1621042.97469,1238,288.825,930878.75075,0
1767662340000,3223.32,3227.87,3223.32,3227.87,2267.880,1767662399999,7316828.58852,4939,1713.980,5529600.92707,0
1767662400000,3227.87,3228.95,3227.04,3228.82,1961.572,1767662459999,6331795.84249,4311,1067.870,3447141.41655,0
1767662460000,3228.82,3239.16,3228.82,3233.86,13643.617,1767662519999,44130036.24446,18564,9937.862,32140889.18776,0
1767662520000,3233.85,3234.08,3232.26,3232.39,2535.649,1767662579999,8198915.52816,5180,1121.708,3626888.27814,0
1767662580000,3232.39,3233.57,3230.00,3230.21,2343.319,1767662639999,7573246.06941,3849,465.796,1505474.33136,0
1767662640000,3230.21,3231.45,3229.60,3230.67,1593.990,1767662699999,5149688.36776,3198,538.892,1740919.55097,0
1767662700000,3230.67,3235.31,3230.66,3234.49,2237.602,1767662759999,7234996.22893,3217,1673.520,5411745.12253,0
1767662760000,3234.49,3234.49,3232.28,3232.85,1200.932,1767662819999,3882997.87957,2782,408.535,1320850.82453,0
1767662820000,3232.86,3233.83,3231.46,3232.24,1910.015,1767662879999,6174202.23771,2874,417.469,1349524.47462,0
1767662880000,3232.24,3237.43,3232.23,3237.42,6464.796,1767662939999,20919293.84524,6029,4888.240,15816846.90755,0
1767662940000,3237.43,3246.00,3237.42,3241.71,11829.839,1767662999999,38364749.18120,16784,7083.363,22970732.45592,0
1767663000000,3241.72,3243.04,3238.43,3239.00,4234.720,1767663059999,13721940.97526,7558,1162.355,3766423.33282,0
1767663060000,3239.00,3239.56,3237.01,3237.01,2424.508,1767663119999,7850869.22152,5046,848.015,2745936.60608,0
1767663120000,3237.02,3239.24,3236.80,3237.41,1985.738,1767663179999,6429220.96707,4229,920.043,2979111.27141,0
1767663180000,3237.41,3237.90,3233.33,3233.81,2308.948,1767663239999,7471687.23389,4016,887.808,2873395.94123,0
1767663240000,3233.81,3234.29,3232.47,3233.09,1644.416,1767663299999,5316999.99543,2739,403.230,1303767.94363,0
1767663300000,3233.09,3235.00,3233.08,3233.66,1258.795,1767663359999,4071139.95324,3355,355.270,1149016.31232,0
1767663360000,3233.66,3234.00,3233.00,3233.48,726.656,1767663419999,2349768.52162,1831,152.955,494590.29242,0
1767663420000,3233.49,3233.49,3231.60,3232.87,1204.848,1767663479999,3894757.16231,2418,452.439,1462508.48012,0
1767663480000,3232.88,3232.88,3228.69,3229.15,2500.938,1767663539999,8077443.79537,4165,520.202,1680194.29289,0
1767663540000,3229.16,3231.26,3228.09,3231.26,2382.195,1767663599999,7692903.05011,3740,1257.464,4061045.70709,0
1767663600000,3231.26,3231.26,3230.00,3230.01,619.511,1767663659999,2001523.90347,2009,212.667,687084.36669,0
1767663660000,3230.01,3231.17,3230.00,3230.00,573.063,1767663719999,1851331.33061,1280,234.852,758711.99866,0
1767663720000,3230.01,3230.39,3228.25,3228.85,1708.374,1767663779999,5517031.88376,2150,565.113,1825007.36354,0
1767663780000,3228.86,3229.40,3228.00,3228.33,856.906,1767663839999,2766624.45255,2050,483.896,1562314.05956,0
1767663840000,3228.34,3228.34,3225.14,3226.20,2712.902,1767663899999,8753199.59131,4114,1129.345,3643800.40630,0
1767663900000,3226.21,3227.68,3226.00,3226.68,1073.527,1767663959999,3463902.43300,2765,633.483,2044048.64959,0
1767663960000,3226.68,3229.74,3225.52,3229.09,1689.903,1767664019999,5455198.48339,4202,1042.153,3364018.89524,0
1767664020000,3229.10,3229.99,3226.48,3226.51,1155.379,1767664079999,3729747.76646,2753,522.895,1688152.93378,0
1767664080000,3226.51,3227.67,3223.61,3226.60,2366.147,1767664139999,7631886.22313,4311,1206.115,3890356.52665,0
1767664140000,3226.61,3226.90,3222.60,3222.83,2997.896,1767664199999,9666488.11106,4504,1135.854,3662754.74910,0
1767664200000,3222.83,3223.20,3215.07,3217.99,8696.534,1767664259999,27989235.27837,12238,3069.957,9880693.86872,0
1767664260000,3217.98,3219.35,3217.17,3218.73,2006.217,1767664319999,6456764.01608,3167,1219.929,3926059.46488,0
1767664320000,3218.71,3218.89,3217.00,3217.00,2162.500,1767664379999,6959111.97025,3252,1088.128,3501845.85544,0
1767664380000,3217.01,3218.32,3216.09,3218.31,1772.362,1767664439999,5701910.14047,3214,905.464,2913212.85150,0
1767664440000,3218.31,3218.32,3216.00,3216.30,1039.465,1767664499999,3343907.82920,1739,409.264,1316647.11512,0
1767664500000,3216.29,3216.76,3215.04,3215.04,1723.106,1767664559999,5541350.79141,3375,1179.159,3792114.52298,0
1767664560000,3215.04,3216.95,3215.04,3216.64,1906.196,1767664619999,6130083.70244,2704,1145.678,3684352.98316,0
1767664620000,3216.64,3217.58,3215.71,3216.48,2074.353,1767664679999,6672754.10953,3024,1018.718,3277095.46096,0
1767664680000,3216.47,3217.21,3216.01,3216.64,947.487,1767664739999,3047630.24838,1877,692.929,2228860.51270,0
1767664740000,3216.64,3216.97,3216.55,3216.96,667.150,1767664799999,2146093.55976,933,511.034,1643906.68731,0
1767664800000,3216.97,3218.37,3216.96,3217.64,1472.769,1767664859999,4738766.71818,2662,945.715,3042958.09476,0
1767664860000,3217.64,3223.14,3217.63,3222.68,2055.518,1767664919999,6620542.62187,4550,1588.777,5117057.27557,0
1767664920000,3222.68,3222.68,3221.17,3221.41,2546.705,1767664979999,8205017.96709,4258,1679.502,5410932.60611,0
1767664980000,3221.41,3222.34,3220.61,3220.85,1782.629,1767665039999,5742765.24035,3427,1054.110,3395842.69284,0
1767665040000,3220.84,3220.85,3216.66,3218.31,1720.943,1767665099999,5538048.32471,3681,944.091,3037910.97664,0
1767665100000,3218.31,3220.63,3217.88,3220.38,1997.110,1767665159999,6429068.25591,3385,922.461,2969342.26797,0
1767665160000,3220.38,3220.88,3219.42,3220.20,1127.514,1767665219999,3630525.08859,2442,687.761,2214538.40075,0
1767665220000,3220.20,3220.67,3215.43,3215.89,2034.287,1767665279999,6546623.82991,3097,578.406,1861096.61959,0
1767665280000,3215.88,3216.13,3213.26,3214.30,3653.422,1767665339999,11743903.17060,5284,1376.923,4426124.84449,0
1767665340000,3214.31,3214.56,3212.74,3213.31,1997.849,1767665399999,6420502.02169,2976,797.479,2562872.51418,0
1767665400000,3213.30,3214.47,3212.01,3214.33,2183.288,1767665459999,7014998.17324,4060,725.351,2330632.49661,0
1767665460000,3214.32,3216.51,3213.36,3216.27,1317.847,1767665519999,4236890.20684,2543,990.906,3185839.77817,0
1767665520000,3216.27,3216.30,3215.48,3215.64,1494.842,1767665579999,4807300.37073,1455,632.107,2032753.94019,0
1767665580000,3215.65,3217.74,3215.64,3217.25,539.747,1767665639999,1736446.71604,1526,351.632,1131217.01943,0
1767665640000,3217.24,3217.25,3216.12,3216.12,472.735,1767665699999,1520555.95485,1225,202.740,652108.63409,0
1767665700000,3216.12,3216.12,3214.01,3215.25,979.099,1767665759999,3147853.56603,2064,494.282,1589104.38736,0
1767665760000,3215.25,3216.22,3215.00,3216.22,660.584,1767665819999,2124075.72690,1567,277.920,893651.87054,0
1767665820000,3216.22,3217.58,3216.05,3217.58,678.571,1767665879999,2182888.97293,1602,409.478,1317258.72807,0
1767665880000,3217.57,3217.94,3214.87,3215.02,841.680,1767665939999,2707169.88068,1955,399.703,1285722.53589,0
1767665940000,3215.01,3215.15,3214.00,3214.01,571.309,1767665999999,1836535.76152,1141,245.702,789894.53515,0
1767666000000,3214.01,3218.00,3214.00,3218.00,764.809,1767666059999,2459773.94852,1921,561.192,1804834.59659,0
1767666060000,3217.99,3218.58,3215.78,3218.57,690.831,1767666119999,2222714.13576,1983,516.214,1660926.15556,0
1767666120000,3218.57,3219.08,3216.56,3218.53,1076.551,1767666179999,3464626.01123,2562,750.385,2414978.64405,0
1767666180000,3218.53,3219.71,3216.95,3218.10,617.907,1767666239999,1988661.43337,2210,311.786,1003444.27164,0
1767666240000,3218.10,3218.57,3217.50,3217.51,886.285,1767666299999,2852200.61351,1274,515.363,1658511.41407,0
1767666300000,3217.51,3220.22,3217.51,3220.21,810.260,1767666359999,2607806.09059,2474,643.661,2071643.06127,0
1767666360000,3220.21,3220.64,3217.83,3219.55,1118.145,1767666419999,3599825.77660,2490,747.241,2405796.71849,0
1767666420000,3219.56,3219.56,3217.43,3218.35,2009.494,1767666479999,6467127.49053,3745,495.126,1593398.92096,0
1767666480000,3218.34,3219.85,3218.22,3219.48,1037.516,1767666539999,3339983.78882,1736,780.357,2512103.42890,0
1767666540000,3219.48,3219.48,3217.50,3217.64,528.541,1767666599999,1701145.67701,1350,300.127,966003.73514,0
1767666600000,3217.64,3219.84,3217.64,3218.71,608.525,1767666659999,1958636.73295,1760,377.919,1216327.79581,0
1767666660000,3218.70,3218.70,3213.60,3214.19,1142.920,1767666719999,3675056.95102,3663,476.190,1530974.53547,0
1767666720000,3214.19,3214.71,3212.64,3213.53,1862.693,1767666779999,5985881.73520,4518,719.973,2313615.70580,0
1767666780000,3213.54,3213.65,3212.10,3212.10,1555.156,1767666839999,4996709.30667,2985,756.010,2429014.44115,0
1767666840000,3212.11,3212.11,3210.32,3210.99,1875.488,1767666899999,6022519.90071,2860,391.364,1256678.83829,0
1767666900000,3210.98,3211.00,3210.01,3210.23,1140.793,1767666959999,3662572.38559,2067,442.944,1422047.72459,0
1767666960000,3210.23,3212.32,3210.22,3212.05,1768.805,1767667019999,5680437.64500,2726,1476.130,4740415.36968,0
1767667020000,3212.06,3212.06,3210.52,3210.95,1271.937,1767667079999,4084774.66832,2083,399.372,1282429.48797,0
1767667080000,3210.96,3210.96,3207.60,3209.73,2346.080,1767667139999,7528628.99654,4558,490.397,1573570.96279,0
1767667140000,3209.74,3210.95,3209.63,3210.09,962.995,1767667199999,3091468.29644,2424,574.385,1843897.79026,0
1767667200000,3210.08,3213.26,3210.08,3212.55,2142.095,1767667259999,6880900.57843,3690,1677.816,5389289.80671,0
1767667260000,3212.56,3212.64,3211.07,3212.43,816.613,1767667319999,2623180.20469,1718,561.516,1803752.40658,0
1767667320000,3212.43,3213.50,3211.98,3213.33,765.483,1767667379999,2459156.69813,1438,459.820,1477221.51154,0
1767667380000,3213.33,3213.87,3212.13,3213.87,470.571,1767667439999,1512016.55907,1565,312.350,1003643.30146,0
1767667440000,3213.86,3214.00,3213.00,3213.89,885.999,1767667499999,2847353.32069,1215,287.471,923856.70609,0
1767667500000,3213.89,3215.30,3213.35,3213.35,1950.870,1767667559999,6271123.95141,2533,1613.397,5186414.07538,0
1767667560000,3213.36,3214.43,3213.36,3214.42,387.922,1767667619999,1246801.61151,1560,292.441,939926.28738,0
1767667620000,3214.43,3214.43,3211.60,3212.18,1035.237,1767667679999,3326335.47809,2406,348.566,1119967.46765,0
1767667680000,3212.18,3214.32,3212.18,3213.90,522.464,1767667739999,1678901.23298,2283,289.683,930801.75303,0
1767667740000,3213.90,3215.36,3213.54,3213.54,455.120,1767667799999,1462948.15597,1564,170.926,549464.20896,0
1767667800000,3213.54,3214.01,3212.96,3213.91,404.717,1767667859999,1300639.89280,1061,265.237,852403.19045,0
1767667860000,3213.90,3214.46,3212.75,3212.76,1165.416,1767667919999,3745253.66855,1422,453.565,1457543.96511,0
1767667920000,3212.75,3212.76,3211.73,3212.73,719.562,1767667979999,2311526.31178,1540,223.315,717349.13628,0
1767667980000,3212.73,3213.48,3212.56,3213.48,454.070,1767668039999,1458912.24724,1147,243.307,781703.21740,0
1767668040000,3213.47,3214.01,3213.19,3214.00,365.303,1767668099999,1173924.01571,886,263.919,848117.95833,0
1767668100000,3214.01,3215.16,3214.01,3214.59,509.493,1767668159999,1637853.43992,1443,369.816,1188826.89769,0
1767668160000,3214.60,3217.88,3214.59,3216.87,1044.675,1767668219999,3360402.61437,3013,884.746,2845930.50107,0
1767668220000,3216.86,3217.94,3214.78,3215.21,1135.324,1767668279999,3651922.50585,2453,753.241,2422980.61098,0
1767668280000,3215.21,3217.83,3215.21,3217.32,895.553,1767668339999,2881239.85343,1926,719.267,2314058.79390,0
1767668340000,3217.33,3217.33,3215.70,3215.97,601.295,1767668399999,1933934.50562,953,463.848,1491830.58260,0
1767668400000,3215.98,3216.05,3214.96,3214.96,387.878,1767668459999,1247245.83410,893,146.014,469527.28435,0
1767668460000,3214.96,3214.97,3213.46,3213.61,576.268,1767668519999,1852117.88210,1353,269.662,866626.69770,0
1767668520000,3213.61,3213.61,3212.65,3213.34,737.067,1767668579999,2368357.10001,1324,236.550,760078.17956,0
1767668580000,3213.34,3215.67,3213.34,3214.64,707.480,1767668639999,2274157.09896,2396,528.707,1699469.89348,0
1767668640000,3214.64,3217.34,3214.64,3217.33,1043.222,1767668699999,3355041.71435,1934,899.463,2892734.34196,0
1767668700000,3217.33,3221.23,3216.38,3219.79,3108.414,1767668759999,10007946.22017,5322,1949.997,6278657.06188,0
1767668760000,3219.78,3219.78,3219.00,3219.50,1084.562,1767668819999,3491649.19944,2085,437.048,1406999.72902,0
1767668820000,3219.50,3220.27,3217.00,3217.00,789.180,1767668879999,2540283.74874,2020,284.300,915220.37041,0
1767668880000,3217.01,3218.68,3217.00,3218.61,713.780,1767668939999,2296916.24806,1882,578.942,1863027.13452,0
1767668940000,3218.61,3218.61,3216.95,3217.18,413.090,1767668999999,1329144.98015,1555,200.606,645443.30296,0
1767669000000,3217.19,3218.04,3216.15,3216.16,482.246,1767669059999,1551429.75548,1556,219.539,706287.86567,0
1767669060000,3216.15,3216.16,3214.50,3214.50,384.901,1767669119999,1237503.38185,1345,118.663,381518.55559,0
1767669120000,3214.50,3215.37,3214.50,3214.53,432.539,1767669179999,1390601.31278,1390,230.234,740190.68706,0
1767669180000,3214.54,3216.74,3214.36,3216.74,942.706,1767669239999,3031174.55073,2157,712.859,2292149.22694,0
1767669240000,3216.73,3218.41,3216.57,3218.41,546.019,1767669299999,1756948.48183,1407,303.921,977926.57094,0
1767669300000,3218.42,3220.94,3217.68,3220.74,572.805,1767669359999,1843786.91364,1966,298.799,961905.05098,0
1767669360000,3220.74,3220.74,3218.03,3219.58,1145.247,1767669419999,3687009.34503,2022,318.919,1026666.53181,0
1767669420000,3219.58,3220.39,3219.00,3219.01,512.512,1767669479999,1650029.76955,1398,298.823,962018.81973,0
1767669480000,3219.00,3219.53,3218.72,3218.73,448.185,1767669539999,1442680.94189,1438,205.976,663041.55722,0
1767669540000,3218.73,3219.87,3218.72,3219.49,423.304,1767669599999,1362771.63288,1326,254.956,820789.97724,0
1767669600000,3219.50,3220.24,3218.73,3220.24,268.407,1767669659999,864142.89771,1318,149.547,481480.42813,0
1767669660000,3220.24,3220.73,3218.00,3218.28,1136.801,1767669719999,3660172.97725,2575,336.038,1081970.22988,0
1767669720000,3218.29,3219.45,3217.69,3217.69,249.753,1767669779999,803888.66561,1508,110.417,355406.94187,0
1767669780000,3217.69,3217.99,3216.08,3216.08,678.581,1767669839999,2183173.72048,2038,171.523,551804.45760,0
1767669840000,3216.09,3217.44,3215.47,3217.01,1418.218,1767669899999,4561816.17136,2394,1160.144,3731728.65812,0
1767669900000,3217.00,3217.63,3216.00,3217.02,1010.707,1767669959999,3251393.58656,1892,407.125,1309493.39629,0
1767669960000,3217.00,3220.70,3216.03,3220.56,990.036,1767670019999,3185690.82024,2557,675.460,2173468.08208,0
1767670020000,3220.55,3222.00,3220.47,3221.93,1529.251,1767670079999,4926655.60467,2104,857.923,2763828.55554,0
1767670080000,3221.92,3222.44,3221.51,3222.42,766.032,1767670139999,2468165.60301,1209,507.492,1635144.54112,0
1767670140000,3222.43,3223.98,3221.00,3222.69,2958.934,1767670199999,9534943.86302,3547,1815.812,5851423.51134,0
1767670200000,3222.69,3223.27,3221.00,3221.01,740.040,1767670259999,2384751.37206,2350,237.726,766109.30085,0
1767670260000,3221.01,3228.10,3221.01,3226.43,3829.967,1767670319999,12354827.14727,6632,2895.910,9341551.03541,0
1767670320000,3226.44,3229.00,3226.43,3227.99,3351.437,1767670379999,10817650.94857,5204,1408.740,4546965.36904,0
1767670380000,3227.99,3232.57,3227.99,3230.11,6272.078,1767670439999,20261759.12618,8315,4484.596,14487072.85499,0
1767670440000,3230.10,3231.16,3227.68,3227.69,3868.485,1767670499999,12492486.93025,5617,1275.461,4119068.48713,0
1767670500000,3227.68,3229.62,3226.67,3228.49,2248.329,1767670559999,7257833.69429,3742,1371.842,4428576.74119,0
1767670560000,3228.50,3229.01,3226.08,3226.08,1100.448,1767670619999,3551611.52590,2297,402.107,1297807.42899,0
1767670620000,3226.09,3228.47,3226.08,3226.15,902.319,1767670679999,2912014.91529,2941,403.649,1302608.50348,0
1767670680000,3226.16,3227.40,3225.89,3226.03,479.574,1767670739999,1547282.12449,1924,171.326,552766.54237,0
1767670740000,3226.02,3228.26,3226.02,3227.19,694.681,1767670799999,2242119.82826,1928,350.716,1131904.58165,0
1767670800000,3227.18,3227.18,3225.19,3226.33,725.920,1767670859999,2341757.08763,2225,234.877,757663.65267,0
1767670860000,3226.33,3228.12,3225.19,3225.74,1019.533,1767670919999,3289572.76948,2573,319.604,1031201.73240,0
1767670920000,3225.73,3226.35,3225.73,3226.05,739.436,1767670979999,2385530.40527,973,197.313,636540.53284,0
1767670980000,3226.06,3226.06,3224.28,3224.99,1489.346,1767671039999,4803038.14030,2098,352.782,1137719.29826,0
1767671040000,3224.98,3224.99,3224.31,3224.52,533.849,1767671099999,1721511.62384,1043,178.077,574242.37937,0
1767671100000,3224.52,3227.70,3224.51,3227.21,1857.291,1767671159999,5992305.33596,2685,1333.322,4301764.25326,0
1767671160000,3227.21,3227.21,3225.25,3225.26,644.195,1767671219999,2077960.10906,1224,56.910,183565.84698,0
1767671220000,3225.26,3225.99,3225.25,3225.37,478.775,1767671279999,1544273.55384,1025,233.276,752403.15118,0
1767671280000,3225.37,3225.38,3223.47,3223.62,1154.302,1767671339999,3721514.11494,1925,594.080,1915185.48509,0
1767671340000,3223.61,3223.70,3222.56,3222.61,865.867,1767671399999,2790921.14313,1661,89.265,287728.08880,0
1767671400000,3222.61,3222.61,3221.99,3222.39,940.193,1767671459999,3029499.32815,1218,370.618,1194199.72736,0
1767671460000,3222.39,3224.10,3221.94,3223.39,1761.509,1767671519999,5677355.63996,1853,997.476,3214712.81811,0
1767671520000,3223.38,3224.99,3223.06,3223.64,869.710,1767671579999,2804130.31361,2514,271.505,875344.52873,0
1767671580000,3223.64,3223.64,3222.26,3222.42,292.281,1767671639999,941940.22547,982,164.381,529743.44699,0
1767671640000,3222.43,3222.84,3221.59,3222.42,368.065,1767671699999,1186014.28677,1163,69.854,225086.48269,0
1767671700000,3222.42,3222.48,3221.18,3221.90,1191.841,1767671759999,3839682.77403,2917,573.029,1846039.86122,0
1767671760000,3221.91,3223.93,3221.90,3223.92,406.651,1767671819999,1310678.20665,1349,267.494,862129.90712,0
1767671820000,3223.93,3224.03,3222.76,3223.28,544.914,1767671879999,1756338.86139,1198,167.493,539821.84716,0
1767671880000,3223.28,3223.56,3222.96,3223.54,476.120,1767671939999,1534657.79020,783,330.175,1064223.82610,0
1767671940000,3223.54,3223.88,3223.53,3223.88,222.335,1767671999999,716713.87980,448,139.914,451025.52943,0
1767672000000,3223.88,3224.00,3222.93,3223.52,1073.853,1767672059999,3461625.13343,1560,388.985,1253848.92431,0
1767672060000,3223.53,3225.63,3223.52,3224.74,830.841,1767672119999,2679571.00663,2032,456.866,1473468.77088,0
1767672120000,3224.75,3226.47,3224.74,3226.30,764.378,1767672179999,2465646.10019,1530,624.127,2013240.00232,0
1767672180000,3226.30,3226.30,3222.00,3222.00,683.593,1767672239999,2203628.05573,2197,133.164,429211.04615,0
1767672240000,3222.01,3225.00,3222.00,3224.58,972.164,1767672299999,3134203.12908,1912,552.007,1779374.94246,0
1767672300000,3224.58,3225.30,3224.20,3225.30,955.314,1767672359999,3080631.31825,1425,618.538,1994586.57371,0
1767672360000,3225.30,3225.79,3224.78,3225.42,597.267,1767672419999,1926453.78703,1549,213.982,690178.04385,0
1767672420000,3225.41,3228.52,3225.41,3228.41,1434.678,1767672479999,4630461.57930,2760,1113.731,3594536.08960,0
1767672480000,3228.40,3229.92,3227.94,3229.92,1210.975,1767672539999,3909834.19592,2715,655.172,2115383.81400,0
1767672540000,3229.92,3230.73,3228.46,3228.46,1792.856,1767672599999,5790706.79158,2785,637.003,2057483.56731,0
1767672600000,3228.46,3230.80,3228.46,3230.53,880.682,1767672659999,2844575.11267,1817,467.089,1508571.79976,0
1767672660000,3230.53,3231.76,3230.04,3230.04,1373.782,1767672719999,4438856.49802,2196,528.547,1707797.36276,0
1767672720000,3230.05,3230.42,3228.16,3228.49,1030.995,1767672779999,3329374.11640,1705,150.493,486029.70884,0
1767672780000,3228.50,3229.15,3228.49,3229.15,508.976,1767672839999,1643448.11514,977,272.840,880973.47385,0
1767672840000,3229.15,3230.22,3229.15,3230.21,393.979,1767672899999,1272401.44282,1106,226.276,730791.52681,0
1767672900000,3230.21,3231.89,3230.21,3231.35,531.959,1767672959999,1718788.13428,1895,364.034,1176218.05033,0
1767672960000,3231.35,3232.37,3231.25,3231.77,1026.541,1767673019999,3317683.56960,2196,649.847,2100222.66617,0
1767673020000,3231.77,3231.77,3229.50,3229.66,1688.011,1767673079999,5452877.17570,2065,611.318,1974674.04910,0
1767673080000,3229.66,3229.67,3228.26,3228.27,647.119,1767673139999,2089374.10500,1813,281.679,909453.30059,0
1767673140000,3228.26,3229.38,3228.26,3228.40,640.254,1767673199999,2067166.02935,1413,294.957,952370.09190,0
1767673200000,3228.40,3228.88,3228.39,3228.87,317.805,1767673259999,1026039.91962,687,169.155,546133.89396,0
1767673260000,3228.88,3228.88,3228.12,3228.46,470.417,1767673319999,1518782.30451,1090,135.240,436645.87014,0
1767673320000,3228.47,3229.05,3228.46,3229.05,335.525,1767673379999,1083352.21616,709,222.123,717198.10912,0
1767673380000,3229.04,3229.05,3228.14,3228.51,345.451,1767673439999,1115307.35296,1019,101.711,328369.19616,0
1767673440000,3228.51,3228.51,3226.56,3226.56,552.133,1767673499999,1782005.87567,1286,206.305,665879.69988,0
1767673500000,3226.57,3226.57,3226.16,3226.36,397.270,1767673559999,1281780.92968,921,171.138,552175.93481,0
1767673560000,3226.36,3226.36,3224.50,3225.28,674.192,1767673619999,2174408.20809,2001,241.197,777914.62897,0
1767673620000,3225.28,3225.90,3224.00,3224.00,926.094,1767673679999,2986610.50068,1925,211.929,683462.34382,0
1767673680000,3224.00,3225.25,3223.81,3224.91,497.415,1767673739999,1604042.82643,1035,238.749,769868.44599,0
1767673740000,3224.91,3225.60,3224.91,3225.55,354.385,1767673799999,1143060.00496,595,87.161,281129.13399,0
1767673800000,3225.56,3225.81,3225.16,3225.16,181.574,1767673859999,585665.26346,762,49.521,159736.51452,0
1767673860000,3225.17,3225.81,3225.16,3225.80,321.330,1767673919999,1036456.84789,804,160.908,519013.47816,0
1767673920000,3225.80,3227.16,3225.80,3225.92,702.149,1767673979999,2265439.13087,1526,468.858,1512730.05800,0
1767673980000,3225.93,3226.52,3224.76,3226.52,675.404,1767674039999,2178529.97385,1511,272.380,878630.53402,0
1767674040000,3226.53,3227.68,3226.53,3227.39,233.673,1767674099999,754147.58645,1356,91.005,293689.87285,0
1767674100000,3227.39,3228.39,3227.39,3227.60,379.126,1767674159999,1223778.13452,1154,208.436,672806.10774,0
1767674160000,3227.60,3227.70,3227.43,3227.70,129.564,1767674219999,418182.86526,690,83.857,270658.26657,0
1767674220000,3227.70,3230.51,3227.69,3229.75,1337.987,1767674279999,4321335.15142,1923,849.356,2743016.88128,0
1767674280000,3229.75,3229.76,3228.36,3228.52,1502.772,1767674339999,4852905.03098,1684,381.207,1230946.32992,0
1767674340000,3228.52,3228.52,3225.01,3225.99,1770.618,1767674399999,5713510.67753,2721,361.295,1165772.01879,0
1767674400000,3226.00,3226.31,3224.91,3224.93,558.434,1767674459999,1801158.29450,1449,84.837,273623.01387,0
1767674460000,3224.93,3225.22,3224.40,3224.41,352.298,1767674519999,1136141.42112,1047,108.245,349086.99633,0
1767674520000,3224.41,3224.78,3223.94,3224.56,636.333,1767674579999,2051787.03248,1234,138.122,445349.87761,0
1767674580000,3224.57,3224.57,3224.50,3224.57,270.418,1767674639999,871966.12172,482,119.185,384314.19771,0
1767674640000,3224.57,3224.94,3223.56,3223.73,686.140,1767674699999,2212313.04252,1206,207.486,669025.95290,0
1767674700000,3223.74,3223.91,3222.59,3222.87,1826.270,1767674759999,5886321.33590,2040,743.370,2395924.93112,0
1767674760000,3222.87,3223.97,3222.87,3223.20,901.247,1767674819999,2905306.86354,1160,350.940,1131305.18397,0
1767674820000,3223.20,3223.41,3223.19,3223.40,291.265,1767674879999,938852.26059,474,132.378,426697.20868,0
1767674880000,3223.41,3223.77,3223.28,3223.28,283.680,1767674939999,914440.29788,620,162.597,524118.80986,0
1767674940000,3223.29,3223.86,3223.06,3223.85,208.949,1767674999999,673526.47113,632,107.716,347224.60085,0
1767675000000,3223.86,3223.97,3223.52,3223.97,275.440,1767675059999,887915.77636,562,137.377,442849.26619,0
1767675060000,3223.97,3224.00,3222.91,3222.91,561.438,1767675119999,1809846.30408,768,231.409,745989.10224,0
1767675120000,3222.92,3222.92,3221.81,3221.82,548.866,1767675179999,1768565.17144,1106,100.554,324006.52291,0
1767675180000,3221.81,3222.29,3221.44,3221.86,353.069,1767675239999,1137519.56412,1006,158.089,509332.17301,0
1767675240000,3221.85,3222.29,3221.85,3222.06,545.590,1767675299999,1757943.06315,605,333.387,1074189.51470,0
1767675300000,3222.06,3223.59,3222.06,3223.59,348.009,1767675359999,1121528.80657,881,225.468,726673.13229,0
1767675360000,3223.59,3224.33,3223.00,3224.32,1644.442,1767675419999,5301141.55562,1652,1288.548,4153810.19908,0
1767675420000,3224.33,3224.37,3223.15,3223.72,424.291,1767675479999,1367880.74367,888,172.941,557509.89939,0
1767675480000,3223.72,3223.72,3222.11,3222.11,255.028,1767675539999,822032.37605,872,67.696,218213.01722,0
1767675540000,3222.12,3222.43,3221.35,3221.35,535.683,1767675599999,1725887.07303,915,123.493,397862.62207,0
1767675600000,3221.36,3224.90,3220.06,3224.31,2743.771,1767675659999,8841059.64741,4407,1730.402,5575966.69934,0
1767675660000,3224.31,3224.31,3222.76,3223.48,844.821,1767675719999,2723302.42022,1854,360.780,1162902.30007,0
1767675720000,3223.48,3223.78,3222.82,3222.96,825.745,1767675779999,2661803.20659,1415,135.170,435711.40187,0
1767675780000,3222.96,3223.56,3221.80,3223.55,599.740,1767675839999,1932567.82390,1554,373.540,1203662.71508,0
1767675840000,3223.55,3223.78,3220.78,3223.32,3397.575,1767675899999,10947931.20004,3826,1292.224,4163263.94502,0
1767675900000,3223.32,3224.21,3222.36,3224.21,913.997,1767675959999,2945861.68556,1476,426.730,1375452.15473,0
1767675960000,3224.20,3224.79,3224.16,3224.16,509.234,1767676019999,1642059.28676,1181,234.564,756369.77917,0
1767676020000,3224.16,3224.16,3221.76,3222.66,1172.519,1767676079999,3778420.22364,2437,428.882,1381980.79068,0
1767676080000,3222.66,3224.19,3222.65,3223.69,462.858,1767676139999,1491957.92656,1251,142.578,459560.81980,0
1767676140000,3223.69,3223.69,3221.51,3221.51,800.242,1767676199999,2578843.65716,1357,196.394,632834.41397,0
1767676200000,3221.51,3222.81,3221.00,3222.81,878.649,1767676259999,2831355.25387,1360,350.014,1127903.54033,0
1767676260000,3222.81,3223.65,3222.80,3223.40,556.518,1767676319999,1793809.41074,1570,376.702,1214184.86568,0
1767676320000,3223.41,3225.89,3223.40,3224.34,1141.178,1767676379999,3680320.66325,2182,491.173,1583986.25659,0
1767676380000,3224.33,3225.00,3223.93,3224.83,1112.392,1767676439999,3587060.45589,1577,506.800,1634204.79943,0
1767676440000,3224.84,3224.84,3223.60,3223.61,890.340,1767676499999,2870621.18430,964,78.910,254406.86872,0
1767676500000,3223.61,3224.01,3223.41,3224.00,959.902,1767676559999,3094480.62728,1105,757.978,2443526.15808,0
1767676560000,3224.01,3226.01,3224.00,3224.99,6536.463,1767676619999,21080927.05039,6369,4136.304,13339658.21990,0
1767676620000,3225.00,3226.12,3223.29,3225.00,3555.242,1767676679999,11464714.62342,3517,1631.172,5259604.63473,0
1767676680000,3224.99,3224.99,3223.08,3223.24,1614.176,1767676739999,5203521.35309,3739,125.910,405868.29017,0
1767676740000,3223.25,3225.46,3222.43,3225.46,535.302,1767676799999,1725561.34984,1589,249.265,803560.66077,0
1767676800000,3225.45,3228.00,3224.48,3224.86,2368.111,1767676859999,7639941.67597,3592,1269.171,4094748.07972,0
1767676860000,3224.87,3225.72,3224.41,3224.51,1025.733,1767676919999,3308199.34215,1510,120.072,387229.60867,0
1767676920000,3224.52,3224.68,3223.00,3223.03,679.937,1767676979999,2192103.82298,1478,321.384,1036120.83755,0
1767676980000,3223.04,3224.98,3223.03,3224.91,543.759,1767677039999,1752972.69221,1701,357.546,1152666.08150,0
1767677040000,3224.92,3226.12,3222.31,3222.48,666.826,1767677099999,2150271.50118,2274,124.571,401645.74908,0
1767677100000,3222.49,3222.49,3220.38,3221.88,2722.754,1767677159999,8770243.83489,3859,1630.509,5251655.22412,0
1767677160000,3221.87,3222.28,3220.80,3222.24,1351.621,1767677219999,4354462.97844,2085,828.760,2669895.95108,0
1767677220000,3222.23,3222.75,3221.70,3221.90,737.286,1767677279999,2375620.53227,1510,325.905,1050112.28669,0
1767677280000,3221.91,3223.27,3221.90,3222.06,716.195,1767677339999,2307974.03084,1921,221.454,713672.16361,0
1767677340000,3222.06,3222.27,3221.91,3222.23,458.697,1767677399999,1478010.21562,964,170.921,550737.14495,0
1767677400000,3222.22,3224.00,3222.22,3223.17,810.368,1767677459999,2612132.69221,1974,439.488,1416648.67288,0
1767677460000,3223.16,3225.84,3222.71,3225.83,1093.358,1767677519999,3525032.09080,2636,954.801,3078340.33093,0
1767677520000,3225.84,3226.05,3223.56,3223.56,730.801,1767677579999,2357021.27229,1848,417.289,1345941.76801,0
1767677580000,3223.56,3223.57,3221.67,3221.67,567.029,1767677639999,1827194.96887,1173,363.043,1169858.27273,0
1767677640000,3221.67,3221.68,3219.58,3219.77,1771.146,1767677699999,5703846.77008,2327,497.247,1601295.43682,0
1767677700000,3219.77,3221.56,3217.27,3220.96,4203.750,1767677759999,13534290.79616,5994,2566.728,8264500.58190,0
1767677760000,3220.95,3220.99,3218.84,3219.21,697.277,1767677819999,2245348.52398,1426,403.213,1298427.55860,0
1767677820000,3219.21,3219.21,3217.14,3217.15,551.129,1767677879999,1773638.85858,1526,194.282,625211.24070,0
1767677880000,3217.14,3217.92,3215.71,3215.71,2456.557,1767677939999,7902282.83759,3228,1093.555,3517919.26684,0
1767677940000,3215.71,3219.80,3215.61,3219.20,2402.386,1767677999999,7729512.47305,3714,1912.467,6153276.89665,0
1767678000000,3219.20,3219.20,3216.93,3216.93,623.635,1767678059999,2006848.31079,1445,209.670,674708.14216,0
1767678060000,3216.94,3217.88,3216.62,3217.56,755.009,1767678119999,2428986.38575,1517,355.270,1142912.59451,0
1767678120000,3217.56,3217.76,3216.96,3217.00,469.463,1767678179999,1510385.39230,1258,154.889,498324.70866,0
1767678180000,3217.01,3218.53,3217.00,3218.16,620.018,1767678239999,1995147.89091,1528,409.325,1317125.59570,0
1767678240000,3218.16,3218.20,3217.51,3217.51,950.011,1767678299999,3057094.62107,1241,560.298,1803043.02746,0
1767678300000,3217.52,3217.52,3216.63,3216.63,616.934,1767678359999,1984623.51552,1212,270.748,870962.27198,0
1767678360000,3216.63,3216.84,3216.63,3216.84,435.657,1767678419999,1401374.35153,754,251.252,808203.21372,0
1767678420000,3216.83,3218.13,3215.20,3218.05,1030.582,1767678479999,3314763.58980,2631,556.452,1789966.01302,0
1767678480000,3218.05,3218.34,3216.54,3216.80,443.274,1767678539999,1426243.26453,1491,220.531,709580.70592,0
1767678540000,3216.80,3220.45,3216.79,3220.45,757.251,1767678599999,2437757.10904,1839,643.238,2070725.00885,0
1767678600000,3220.45,3220.45,3218.30,3219.01,612.474,1767678659999,1971632.73904,1856,301.410,970206.59213,0
1767678660000,3219.01,3220.09,3218.69,3218.69,614.649,1767678719999,1978668.98173,1438,355.613,1144787.38712,0
1767678720000,3218.69,3219.62,3218.46,3219.61,769.423,1767678779999,2476799.15685,1353,639.250,2057766.26483,0
1767678780000,3219.61,3220.50,3217.34,3218.52,1120.186,1767678839999,3605914.88771,3512,533.838,1718440.26490,0
1767678840000,3218.53,3220.00,3217.83,3218.73,739.093,1767678899999,2379109.23224,2336,431.497,1388974.48106,0
1767678900000,3218.73,3219.83,3217.91,3217.92,779.087,1767678959999,2507886.74010,2463,247.180,795627.42355,0
1767678960000,3217.92,3218.00,3216.89,3216.89,666.455,1767679019999,2144231.37957,1258,142.627,458875.49291,0
1767679020000,3216.90,3217.00,3216.16,3217.00,625.688,1767679079999,2012629.14762,1617,299.014,961795.85869,0
1767679080000,3217.00,3217.00,3216.90,3216.91,318.240,1767679139999,1023770.05124,520,144.101,463572.21113,0
1767679140000,3216.91,3217.11,3216.55,3217.11,447.298,1767679199999,1438930.72786,758,265.800,855068.99537,0
1767679200000,3217.11,3219.84,3216.51,3219.84,1272.376,1767679259999,4094060.67005,2424,728.165,2342998.60155,0
1767679260000,3219.83,3220.91,3218.98,3220.90,739.498,1767679319999,2380946.92086,2325,400.864,1290699.95695,0
1767679320000,3220.91,3221.21,3220.08,3220.46,656.519,1767679379999,2114376.61927,1444,226.536,729570.73875,0
1767679380000,3220.46,3220.47,3218.35,3220.41,1265.691,1767679439999,4075332.85665,3098,964.642,3106015.55782,0
1767679440000,3220.42,3222.24,3220.41,3222.04,545.548,1767679499999,1757387.26763,2165,396.427,1277039.01908,0
1767679500000,3222.05,3222.05,3219.54,3219.54,722.429,1767679559999,2326885.24098,2448,367.604,1184040.93114,0
1767679560000,3219.55,3220.32,3218.42,3220.00,795.283,1767679619999,2560393.27548,2517,294.886,949324.14481,0
1767679620000,3220.00,3221.00,3219.37,3220.07,392.551,1767679679999,1264126.57712,1872,211.637,681545.74511,0
1767679680000,3220.06,3220.51,3219.50,3219.51,471.512,1767679739999,1518359.30407,1023,180.706,581886.56071,0
1767679740000,3219.51,3220.00,3218.00,3218.27,891.541,1767679799999,2869908.15431,2058,302.085,972326.11697,0
1767679800000,3218.27,3220.30,3218.26,3220.20,690.167,1767679859999,2221853.68650,2114,526.753,1695790.05169,0
1767679860000,3220.20,3222.67,3220.20,3222.67,889.017,1767679919999,2864209.97927,1824,577.798,1861547.87035,0
1767679920000,3222.70,3223.85,3222.55,3222.56,741.241,1767679979999,2389345.64055,2170,370.043,1192828.94401,0
1767679980000,3222.55,3222.74,3222.17,3222.17,420.574,1767680039999,1355289.81176,690,127.034,409357.47470,0
1767680040000,3222.17,3222.53,3222.17,3222.26,248.457,1767680099999,800624.87912,761,128.323,413512.84497,0
1767680100000,3222.27,3222.93,3220.52,3221.13,1020.524,1767680159999,3287970.12024,2368,351.765,1133251.00279,0
1767680160000,3221.13,3221.84,3220.52,3220.52,554.382,1767680219999,1785671.17036,1353,160.134,515816.84639,0
1767680220000,3220.53,3221.50,3220.13,3220.13,314.383,1767680279999,1012564.09850,1321,167.738,540270.37626,0
1767680280000,3220.14,3220.58,3219.58,3220.18,695.647,1767680339999,2240060.12458,1225,369.434,1189647.95006,0
1767680340000,3220.18,3220.18,3216.45,3216.96,1511.920,1767680399999,4865222.71281,2949,335.417,1079164.78814,0
1767680400000,3216.96,3218.26,3216.95,3218.00,532.443,1767680459999,1713213.75895,1408,326.144,1049372.33384,0
1767680460000,3218.01,3218.54,3217.69,3218.53,338.138,1767680519999,1088187.54424,977,117.305,377491.71547,0
1767680520000,3218.54,3218.74,3217.60,3217.61,236.987,1767680579999,762676.94708,853,50.556,162707.23852,0
1767680580000,3217.61,3219.02,3216.62,3219.02,957.983,1767680639999,3082316.65809,1884,288.071,927028.57642,0
1767680640000,3219.02,3220.00,3218.74,3219.62,397.193,1767680699999,1278639.98176,1287,297.950,959163.19349,0
1767680700000,3219.62,3220.47,3218.91,3220.16,666.100,1767680759999,2144699.30705,1671,434.298,1398340.88947,0
1767680760000,3220.16,3221.32,3219.91,3220.80,1420.415,1767680819999,4574604.90124,1723,1139.894,3671115.45109,0
1767680820000,3220.81,3223.11,3219.99,3222.60,1386.701,1767680879999,4467553.04286,2866,981.031,3160746.51901,0
1767680880000,3222.60,3222.65,3221.80,3222.65,486.827,1767680939999,1568676.45950,1081,274.730,885242.35250,0
1767680940000,3222.64,3223.26,3222.31,3223.16,708.422,1767680999999,2283193.37990,1081,354.679,1143067.20757,0
1767681000000,3223.17,3226.66,3223.16,3226.06,2337.567,1767681059999,7539465.75158,3638,1637.126,5279993.88851,0
1767681060000,3226.06,3227.70,3225.76,3226.09,2314.439,1767681119999,7468701.78928,3551,907.901,2929925.26786,0
1767681120000,3226.09,3227.99,3225.91,3227.99,1084.578,1767681179999,3499796.38114,2286,390.056,1258659.57785,0
1767681180000,3228.00,3230.00,3227.99,3228.60,2318.998,1767681239999,7488841.33496,4101,1141.440,3685977.95611,0
1767681240000,3228.61,3229.20,3228.12,3229.19,1321.587,1767681299999,4266894.68555,1797,413.683,1335631.64360,0
1767681300000,3229.19,3229.19,3225.83,3227.53,2856.786,1767681359999,9218963.26636,3372,626.303,2020971.52386,0
1767681360000,3227.53,3227.99,3227.43,3227.93,793.803,1767681419999,2562244.50837,1184,330.773,1067629.51147,0
1767681420000,3227.94,3228.80,3227.72,3227.84,785.783,1767681479999,2536593.72836,1536,390.697,1261215.97608,0
1767681480000,3227.84,3228.49,3227.84,3227.94,744.161,1767681539999,2402319.43908,1380,251.443,811685.05425,0
1767681540000,3227.95,3229.99,3227.00,3229.32,2178.820,1767681599999,7033417.94664,3261,930.942,3005592.61817,0
1767681600000,3229.31,3237.13,3228.12,3234.73,17421.550,1767681659999,56336493.71785,14526,11595.016,37491680.52551,0
1767681660000,3234.73,3235.85,3231.99,3235.01,8136.768,1767681719999,26316525.74621,7841,4799.876,15523603.30353,0
1767681720000,3235.00,3235.53,3234.30,3235.05,2781.566,1767681779999,8998520.28737,3466,1563.503,5057954.34829,0
1767681780000,3235.05,3244.10,3234.35,3240.01,16228.758,1767681839999,52585108.60015,14497,10784.383,34943906.40924,0
1767681840000,3240.02,3250.00,3237.85,3246.90,29118.724,1767681899999,94482147.43010,21003,18485.555,59986010.49579,0
1767681900000,3246.90,3254.94,3243.55,3250.00,29899.385,1767681959999,97141326.86057,21048,16843.658,54730996.52434,0
1767681960000,3250.00,3251.32,3246.66,3250.27,21109.069,1767682019999,68598560.40196,12507,6226.408,20231141.40083,0
1767682020000,3250.27,3251.01,3242.78,3250.83,15748.456,1767682079999,51138820.98897,13234,8998.283,29217200.20666,0
1767682080000,3250.82,3251.63,3246.81,3250.00,15159.388,1767682139999,49265022.10636,9802,4970.137,16149057.35127,0
1767682140000,3250.00,3251.00,3248.71,3250.47,9032.499,1767682199999,29356107.12635,6696,3261.198,10599005.08485,0
1767682200000,3250.47,3251.76,3250.00,3250.00,8730.559,1767682259999,28376977.09012,5925,2521.098,8195269.62779,0
1767682260000,3250.00,3250.01,3241.18,3244.03,13093.896,1767682319999,42498021.37464,12538,4076.175,13224100.37834,0
1767682320000,3244.02,3245.72,3242.64,3243.50,4022.981,1767682379999,13051438.09950,5120,2010.662,6523213.01927,0
1767682380000,3243.50,3244.35,3242.01,3242.34,2762.864,1767682439999,8959193.54458,3186,1057.575,3429403.31257,0
1767682440000,3242.33,3243.81,3241.74,3243.70,2336.777,1767682499999,7577967.63427,3149,1395.355,4525240.83272,0
1767682500000,3243.70,3243.78,3242.50,3243.00,3507.406,1767682559999,11374989.76858,3348,1462.514,4742868.13547,0
1767682560000,3243.00,3243.69,3242.08,3242.37,2059.428,1767682619999,6678209.85776,2255,1039.463,3370727.98290,0
1767682620000,3242.36,3243.13,3241.79,3241.80,2224.833,1767682679999,7214023.84234,2140,1028.184,3333983.00252,0
1767682680000,3241.79,3241.99,3239.84,3240.67,4317.114,1767682739999,13990500.21286,4368,1606.784,5207369.40807,0
1767682740000,3240.68,3240.68,3239.67,3239.68,1889.400,1767682799999,6121659.81392,1654,782.279,2534625.70352,0
1767682800000,3239.67,3241.70,3239.00,3239.00,4540.308,1767682859999,14712506.52711,4397,2098.157,6799196.02471,0
1767682860000,3239.00,3239.01,3236.54,3236.65,3942.019,1767682919999,12764519.53147,4912,1628.764,5273900.11765,0
1767682920000,3236.66,3238.58,3236.65,3237.68,1866.876,1767682979999,6044059.90905,2524,1086.498,3517631.17384,0
1767682980000,3237.69,3237.69,3235.78,3237.37,1969.115,1767683039999,6373097.22182,2940,767.327,2483509.56434,0
1767683040000,3237.38,3238.10,3235.15,3235.51,1765.422,1767683099999,5713532.79952,2815,704.204,2279154.34638,0
1767683100000,3235.52,3237.25,3235.51,3236.99,1465.385,1767683159999,4742910.44847,1962,921.964,2983872.23156,0
1767683160000,3237.00,3237.00,3235.82,3236.37,1332.834,1767683219999,4313681.09436,2066,631.530,2043896.48861,0
1767683220000,3236.37,3239.00,3236.26,3237.99,2218.972,1767683279999,7184438.80496,3330,1482.028,4798239.42369,0
1767683280000,3237.99,3238.00,3235.51,3235.52,740.673,1767683339999,2397318.02325,1591,250.307,810110.66027,0
1767683340000,3235.51,3236.69,3235.51,3236.54,1605.721,1767683399999,5196462.84388,1812,977.883,3164561.85719,0
1767683400000,3236.54,3236.55,3234.37,3234.76,1496.661,1767683459999,4841884.11997,2488,454.983,1471851.60478,0
1767683460000,3234.76,3234.76,3233.42,3233.45,2082.291,1767683519999,6733888.82161,2643,925.598,2993309.90188,0
1767683520000,3233.45,3234.55,3233.45,3234.21,1369.544,1767683579999,4429022.71370,2003,640.619,2071693.02199,0
1767683580000,3234.20,3234.21,3232.88,3233.07,1440.701,1767683639999,4658428.37508,1615,352.225,1138900.90432,0
1767683640000,3233.07,3233.50,3232.50,3232.92,2266.730,1767683699999,7328119.79022,1869,993.297,3211156.63176,0
1767683700000,3232.92,3234.52,3232.92,3233.53,1703.662,1767683759999,5509142.29040,2201,1202.289,3887737.59130,0
1767683760000,3233.52,3234.04,3233.30,3233.87,1770.725,1767683819999,5726013.65830,1606,1113.031,3599263.73828,0
1767683820000,3233.87,3233.88,3232.40,3232.40,639.631,1767683879999,2068131.59145,1221,358.853,1160329.65747,0
1767683880000,3232.41,3232.41,3228.89,3229.11,4370.727,1767683939999,14121262.54989,3906,448.094,1447842.64163,0
1767683940000,3229.10,3230.59,3228.52,3230.54,2472.269,1767683999999,7984901.28395,2465,1250.077,4037524.58029,0
1767684000000,3230.55,3231.27,3229.49,3230.46,1572.473,1767684059999,5079509.32229,2547,879.966,2842546.62270,0
1767684060000,3230.46,3231.11,3230.30,3230.30,447.468,1767684119999,1445643.15811,1098,280.909,907550.20018,0
1767684120000,3230.30,3230.31,3226.68,3226.69,2497.211,1767684179999,8061108.80664,3191,689.304,2225414.97894,0
1767684180000,3226.68,3226.91,3222.70,3223.67,8097.981,1767684239999,26112228.37294,8459,4043.313,13037742.02131,0
1767684240000,3223.66,3224.59,3221.59,3223.37,5860.606,1767684299999,18888189.43151,6098,3553.975,11454864.80061,0
1767684300000,3223.38,3224.10,3222.22,3223.45,2879.682,1767684359999,9282283.00772,3298,1850.214,5963884.94776,0
1767684360000,3223.44,3224.58,3222.32,3222.41,3165.589,1767684419999,10203698.84929,3550,1714.918,5527978.18107,0
1767684420000,3222.42,3222.88,3221.68,3222.12,1705.563,1767684479999,5495829.92032,1886,1096.466,3533135.05891,0
1767684480000,3222.12,3222.13,3220.00,3220.50,2743.344,1767684539999,8835692.12837,3327,1400.773,4511579.15321,0
1767684540000,3220.51,3220.51,3217.89,3220.00,5276.752,1767684599999,16987022.86978,4753,1946.325,6266178.32275,0
1767684600000,3220.00,3220.60,3216.00,3217.78,4845.522,1767684659999,15594769.02923,6605,2408.992,7754600.10386,0
1767684660000,3217.78,3218.74,3216.25,3217.30,3132.569,1767684719999,10079375.43531,4264,1824.142,5869302.03421,0
1767684720000,3217.30,3218.78,3216.08,3216.76,5283.133,1767684779999,16997858.00774,4622,2033.785,6543238.37426,0
1767684780000,3216.76,3217.12,3212.60,3214.86,9500.658,1767684839999,30544036.50377,8213,2677.151,8607819.74928,0
1767684840000,3214.86,3218.36,3214.68,3217.40,4137.808,1767684899999,13311280.34112,3847,3380.184,10874033.23196,0
1767684900000,3217.40,3217.40,3214.24,3216.00,3350.837,1767684959999,10775273.90853,4348,1888.584,6073178.06624,0
1767684960000,3216.01,3218.88,3215.26,3218.34,6223.563,1767685019999,20025037.62535,6799,3572.168,11493746.44634,0
1767685020000,3218.36,3218.51,3215.50,3215.50,1997.466,1767685079999,6425740.58737,2217,839.342,2699976.38031,0
1767685080000,3215.50,3215.51,3212.00,3212.93,3515.969,1767685139999,11299758.25470,5577,1345.734,4324937.44277,0
1767685140000,3212.93,3214.73,3210.17,3211.75,5257.399,1767685199999,16887522.01949,7149,2618.005,8410285.20630,0
1767685200000,3211.75,3213.46,3211.54,3212.40,3766.694,1767685259999,12100451.23239,5764,2746.901,8824334.10798,0
1767685260000,3212.39,3215.87,3211.49,3215.86,4316.968,1767685319999,13875644.22050,6673,3007.273,9665776.00572,0
1767685320000,3215.86,3219.00,3214.61,3216.57,7554.507,1767685379999,24303568.02928,7908,5115.702,16457659.32228,0
1767685380000,3216.57,3218.82,3215.82,3217.49,3617.102,1767685439999,11638155.04255,5670,2160.195,6950440.92747,0
1767685440000,3217.49,3217.75,3216.31,3217.46,1565.700,1767685499999,5036859.35350,2200,853.862,2746838.33914,0
1767685500000,3217.47,3217.75,3215.82,3215.82,1254.819,1767685559999,4036681.09363,2568,594.219,1911662.74551,0
1767685560000,3215.81,3216.98,3214.67,3216.08,2261.596,1767685619999,7272504.52000,2842,840.047,2701460.82602,0
1767685620000,3216.07,3216.42,3214.20,3215.51,2765.765,1767685679999,8892234.41409,4486,1005.532,3232786.52278,0
1767685680000,3215.52,3216.50,3214.50,3214.87,1811.523,1767685739999,5824766.08506,2971,970.672,3121138.87935,0
1767685740000,3214.88,3215.57,3213.59,3213.69,983.408,1767685799999,3161445.08328,2670,511.356,1643949.75864,0
1767685800000,3213.69,3214.18,3212.01,3212.12,1825.094,1767685859999,5863949.22527,2645,653.294,2099001.03325,0
1767685860000,3212.13,3217.88,3210.02,3216.82,5121.911,1767685919999,16460216.89089,8262,2674.002,8595145.31843,0
1767685920000,3216.81,3218.29,3214.95,3217.58,3642.641,1767685979999,11715423.60159,6047,2524.111,8117825.43544,0
1767685980000,3217.59,3222.24,3217.47,3221.69,7778.237,1767686039999,25045604.31941,9159,3765.510,12124799.80233,0
1767686040000,3221.69,3221.69,3218.80,3218.96,3126.172,1767686099999,10066968.40776,2676,1742.682,5611779.95752,0
1767686100000,3218.96,3219.69,3218.00,3218.43,1367.053,1767686159999,4400193.14363,2347,684.059,2201760.67754,0
1767686160000,3218.44,3218.61,3217.41,3218.43,1532.113,1767686219999,4930381.59815,1541,813.089,2616543.60832,0
1767686220000,3218.43,3218.43,3216.77,3218.19,876.419,1767686279999,2820194.85019,1347,472.121,1519188.97754,0
1767686280000,3218.19,3218.20,3218.09,3218.20,716.349,1767686339999,2305313.37852,561,515.347,1658458.84294,0
1767686340000,3218.20,3218.66,3218.00,3218.01,684.082,1767686399999,2201518.98357,1003,345.339,1111377.64988,0
1767686400000,3218.00,3221.29,3217.60,3219.59,2663.160,1767686459999,8573826.28011,3461,1366.208,4398200.24101,0
1767686460000,3219.59,3220.00,3217.79,3218.20,1958.038,1767686519999,6302890.74905,2541,851.989,2742380.94591,0
1767686520000,3218.20,3221.47,3217.97,3221.39,2043.446,1767686579999,6579892.48136,3573,1324.733,4265567.79847,0
1767686580000,3221.40,3222.82,3220.24,3220.93,3238.121,1767686639999,10431740.12837,4789,1965.679,6332671.90719,0
1767686640000,3220.94,3222.41,3219.59,3222.06,1653.047,1767686699999,5323997.78574,2680,801.597,2581829.69493,0
1767686700000,3222.06,3223.46,3221.41,3223.21,1506.847,1767686759999,4855777.87823,2417,1017.889,3280113.77323,0
1767686760000,3223.21,3228.59,3223.20,3225.94,5514.839,1767686819999,17790718.27456,5398,4168.746,13448174.65474,0
1767686820000,3225.95,3226.56,3224.73,3225.72,1764.535,1767686879999,5691514.67055,2533,726.069,2341938.38025,0
1767686880000,3225.71,3226.31,3225.00,3225.01,1246.051,1767686939999,4019168.31617,1855,335.699,1082873.29020,0
1767686940000,3225.01,3225.70,3223.73,3225.69,908.486,1767686999999,2929769.76662,2430,449.565,1449862.69910,0
1767687000000,3225.70,3225.70,3223.71,3223.94,848.134,1767687059999,2734715.94834,1716,349.123,1125713.26492,0
1767687060000,3223.95,3225.31,3223.05,3223.30,1602.806,1767687119999,5167520.05753,2450,569.407,1835744.13724,0
1767687120000,3223.31,3223.31,3221.14,3222.04,1082.818,1767687179999,3489127.18488,2120,245.353,790537.35823,0
1767687180000,3222.05,3222.89,3222.04,3222.54,572.928,1767687239999,1846261.30197,857,440.488,1419495.41895,0
1767687240000,3222.54,3222.54,3219.81,3220.30,2973.075,1767687299999,9575199.38902,3641,2057.070,6624992.89343,0
1767687300000,3220.29,3221.93,3219.36,3219.36,1684.161,1767687359999,5424493.70694,2436,828.334,2668138.76957,0
1767687360000,3219.35,3220.15,3218.01,3220.15,1790.729,1767687419999,5764070.83932,2269,1227.893,3952424.17390,0
1767687420000,3220.16,3221.69,3220.10,3220.90,888.799,1767687479999,2862712.67365,1883,627.031,2019598.89666,0
1767687480000,3220.89,3221.98,3220.00,3220.83,1076.238,1767687539999,3466509.81143,1713,555.114,1787953.56873,0
1767687540000,3220.83,3222.20,3220.12,3220.59,1165.379,1767687599999,3753868.41692,1697,754.604,2430658.02227,0
1767687600000,3220.59,3222.20,3220.59,3221.20,1588.411,1767687659999,5116813.03661,1759,1244.915,4010333.87981,0
1767687660000,3221.20,3221.20,3219.89,3219.90,603.473,1767687719999,1943684.68082,1105,390.889,1259050.93339,0
1767687720000,3219.89,3220.58,3219.38,3219.86,2037.248,1767687779999,6559781.09160,1861,591.261,1903797.17914,0
1767687780000,3219.87,3221.91,3219.27,3219.28,1573.671,1767687839999,5067655.37463,2371,965.237,3108547.88646,0
1767687840000,3219.27,3219.57,3218.47,3218.51,1201.684,1767687899999,3868141.01785,1967,386.780,1245001.81925,0
1767687900000,3218.51,3219.83,3218.42,3219.00,958.656,1767687959999,3086003.00908,1937,740.147,2382569.20946,0
1767687960000,3218.99,3218.99,3213.67,3213.82,4618.969,1767688019999,14855079.29235,4775,1035.537,3329943.47800,0
1767688020000,3213.82,3214.66,3212.80,3214.25,3987.914,1767688079999,12815679.20741,3965,1544.510,4963337.38797,0
1767688080000,3214.24,3215.10,3213.13,3215.09,1135.665,1767688139999,3650199.81289,1798,491.620,1580051.79460,0
1767688140000,3215.10,3218.43,3214.22,3217.44,1772.765,1767688199999,5702446.87155,2522,1044.860,3361027.05040,0
1767688200000,3217.44,3217.76,3215.19,3215.21,827.141,1767688259999,2660362.25112,2258,336.715,1083095.35609,0
1767688260000,3215.21,3215.76,3214.33,3215.10,1170.518,1767688319999,3763283.08615,1756,843.904,2713231.03386,0
1767688320000,3215.10,3218.37,3215.09,3217.37,902.183,1767688379999,2902277.45896,2321,656.783,2112880.75947,0
1767688380000,3217.38,3217.38,3216.79,3216.89,452.287,1767688439999,1454989.79291,1085,212.147,682457.39129,0
1767688440000,3216.88,3217.17,3216.75,3216.87,295.030,1767688499999,949076.79977,695,177.157,569895.28232,0
1767688500000,3216.88,3217.00,3216.00,3216.32,599.609,1767688559999,1928641.64120,1076,183.325,589656.23522,0
1767688560000,3216.33,3217.59,3216.32,3217.41,417.645,1767688619999,1343513.48418,1110,335.472,1079184.78311,0
1767688620000,3217.42,3217.42,3216.32,3217.17,404.432,1767688679999,1300996.40889,1359,313.747,1009263.93649,0
1767688680000,3217.18,3217.96,3216.90,3217.57,1194.355,1767688739999,3842822.48286,1187,432.709,1392191.82989,0
1767688740000,3217.57,3217.57,3216.01,3216.01,514.746,1767688799999,1655982.84401,1199,261.302,840637.25984,0
1767688800000,3216.01,3216.02,3215.01,3216.00,990.343,1767688859999,3184500.99217,1658,627.659,2018250.51573,0
1767688860000,3216.01,3218.69,3216.00,3218.45,601.813,1767688919999,1936090.11623,1803,404.877,1302497.74990,0
1767688920000,3218.45,3219.48,3217.72,3218.67,1294.209,1767688979999,4166030.27440,1905,822.155,2646476.11651,0
1767688980000,3218.68,3219.54,3218.68,3219.46,556.562,1767689039999,1791755.42246,1058,380.024,1223420.10784,0
1767689040000,3219.46,3219.68,3218.58,3218.59,612.130,1767689099999,1970630.46140,845,140.756,453133.66137,0
1767689100000,3218.58,3219.68,3217.25,3217.25,713.893,1767689159999,2297754.27227,1706,273.154,879306.62652,0
1767689160000,3217.24,3217.24,3216.00,3216.00,349.084,1767689219999,1122896.29204,623,133.645,429875.91822,0
1767689220000,3216.00,3216.01,3215.00,3215.14,691.035,1767689279999,2222014.84117,1386,344.269,1107038.24940,0
1767689280000,3215.13,3217.07,3215.01,3215.59,668.032,1767689339999,2148397.88503,1802,457.567,1471518.70601,0
1767689340000,3215.59,3216.80,3215.16,3216.79,402.796,1767689399999,1295381.03101,1201,282.974,910039.11879,0
1767689400000,3216.79,3217.00,3215.89,3217.00,629.224,1767689459999,2023823.23917,1507,160.073,514830.21527,0
1767689460000,3216.99,3217.11,3216.99,3217.05,195.239,1767689519999,628098.61991,527,76.701,246754.31239,0
1767689520000,3217.04,3219.37,3217.00,3218.75,603.726,1767689579999,1942888.02003,1374,467.387,1504148.17140,0
1767689580000,3218.75,3220.84,3218.52,3220.83,857.612,1767689639999,2761382.86524,1612,533.211,1716927.02364,0
1767689640000,3220.83,3221.78,3219.79,3220.08,957.495,1767689699999,3083940.12827,1607,564.284,1817592.86187,0
1767689700000,3220.08,3220.55,3218.31,3218.32,435.503,1767689759999,1402308.07862,1081,111.179,357969.54751,0
1767689760000,3218.32,3218.89,3218.13,3218.59,546.802,1767689819999,1759915.06348,1084,453.151,1458481.37117,0
1767689820000,3218.59,3219.64,3218.32,3218.79,1025.612,1767689879999,3301258.49508,1967,643.286,2070604.11215,0
1767689880000,3218.78,3219.08,3218.50,3218.89,699.949,1767689939999,2252931.08943,957,446.262,1436355.50829,0
1767689940000,3218.89,3218.89,3218.54,3218.55,400.887,1767689999999,1290353.83943,437,135.708,436812.33442,0
1767690000000,3218.54,3218.54,3216.11,3216.53,863.746,1767690059999,2778851.43991,2174,242.200,779134.88481,0
1767690060000,3216.54,3219.92,3216.54,3218.12,576.073,1767690119999,1854001.19570,2404,431.810,1389681.01596,0
1767690120000,3218.13,3220.89,3217.95,3220.41,790.479,1767690179999,2545306.48009,2030,514.552,1656824.68379,0
1767690180000,3220.41,3221.90,3220.40,3221.89,664.545,1767690239999,2140518.94635,2001,492.238,1585515.89725,0
1767690240000,3221.89,3222.73,3221.81,3222.26,1152.399,1767690299999,3713239.12966,2002,872.828,2812364.33615,0
1767690300000,3222.26,3223.51,3222.25,3223.51,1163.068,1767690359999,3748260.34396,1865,930.310,2998162.27400,0
1767690360000,3223.50,3226.44,3223.50,3225.24,3145.696,1767690419999,10145505.37850,4112,2466.368,7954430.86894,0
1767690420000,3225.24,3225.24,3223.00,3223.07,1268.364,1767690479999,4088993.83325,1690,339.777,1095344.80243,0
1767690480000,3223.08,3223.08,3220.38,3221.40,2783.083,1767690539999,8965634.26401,3281,1597.587,5146233.83663,0
1767690540000,3221.39,3221.39,3219.52,3220.32,970.453,1767690599999,3125267.86032,1809,282.762,910621.67165,0
1767690600000,3220.32,3221.10,3220.14,3221.10,629.592,1767690659999,2027751.33901,1234,479.972,1545866.39524,0
1767690660000,3221.09,3221.33,3220.70,3221.33,769.825,1767690719999,2479619.68394,985,411.013,1323893.35054,0
1767690720000,3221.34,3222.76,3221.34,3222.42,468.234,1767690779999,1508691.15103,1282,369.907,1191862.92851,0
1767690780000,3222.43,3222.56,3221.93,3222.06,431.270,1767690839999,1389660.94873,904,236.665,762605.24213,0
1767690840000,3222.07,3222.07,3221.18,3221.43,512.980,1767690899999,1652553.70568,794,223.984,721562.93214,0
1767690900000,3221.43,3223.90,3221.43,3223.30,1395.094,1767690959999,4496182.27421,2396,947.453,3053375.29371,0
1767690960000,3223.30,3226.00,3223.29,3225.70,1043.923,1767691019999,3366689.85566,2322,743.008,2396194.15203,0
1767691020000,3225.71,3226.00,3224.49,3224.50,1214.630,1767691079999,3917536.47658,1567,541.172,1745478.97526,0
1767691080000,3224.50,3224.96,3223.55,3224.61,757.158,1767691139999,2441334.29324,1678,443.998,1431589.24915,0
1767691140000,3224.61,3226.73,3224.33,3226.60,1062.031,1767691199999,3425556.99574,1855,702.392,2265655.45207,0
1767691200000,3226.60,3227.47,3226.07,3227.47,1333.296,1767691259999,4302049.89589,1811,984.688,3177270.85313,0
1767691260000,3227.46,3228.16,3227.00,3227.22,1865.549,1767691319999,6021270.03133,2194,1124.286,3628880.99110,0
1767691320000,3227.22,3227.23,3225.23,3225.25,1228.355,1767691379999,3963022.31901,1674,286.301,923599.35912,0
1767691380000,3225.25,3225.82,3224.11,3225.82,1245.763,1767691439999,4017487.53044,2014,519.148,1674282.88218,0
1767691440000,3225.81,3226.43,3225.15,3225.67,919.515,1767691499999,2966358.30739,1529,339.852,1096305.28813,0
1767691500000,3225.68,3226.35,3225.10,3225.17,896.291,1767691559999,2891229.27339,1352,382.478,1233852.47657,0
1767691560000,3225.18,3225.18,3224.85,3224.93,483.604,1767691619999,1559605.49997,876,176.192,568204.23095,0
1767691620000,3224.92,3225.01,3224.36,3224.36,243.389,1767691679999,784875.54761,649,88.361,284943.41225,0
1767691680000,3224.37,3224.37,3224.17,3224.23,366.131,1767691739999,1180501.70361,706,238.069,767589.22518,0
1767691740000,3224.22,3224.23,3223.21,3223.92,451.926,1767691799999,1456829.45908,1066,232.077,748114.37093,0
1767691800000,3223.92,3225.56,3223.91,3224.67,695.525,1767691859999,2243009.44117,1509,421.434,1359098.78189,0
1767691860000,3224.67,3225.28,3224.13,3224.13,372.101,1767691919999,1199853.33770,994,175.781,566835.87940,0
1767691920000,3224.13,3225.54,3223.93,3225.18,1245.147,1767691979999,4015205.31856,1957,632.504,2039534.06835,0
1767691980000,3225.19,3225.19,3223.24,3223.37,852.089,1767692039999,2747099.74322,1519,252.342,813498.22014,0
1767692040000,3223.36,3223.36,3220.00,3220.06,1901.320,1767692099999,6124696.82335,2625,354.042,1140352.85887,0
1767692100000,3220.06,3220.77,3218.70,3218.90,2946.718,1767692159999,9487446.92967,3706,950.051,3059011.68650,0
1767692160000,3218.89,3219.30,3218.00,3218.28,1647.476,1767692219999,5302778.14896,2251,798.377,2569787.53534,0
1767692220000,3218.29,3218.61,3217.50,3217.50,1319.152,1767692279999,4245175.51375,1875,418.319,1346227.20285,0
1767692280000,3217.51,3217.51,3216.31,3217.32,1746.391,1767692339999,5617850.84402,2376,648.494,2085948.19024,0
1767692340000,3217.32,3218.87,3217.31,3218.70,1030.991,1767692399999,3318017.09803,1870,887.428,2856015.15863,0
1767692400000,3218.71,3220.62,3218.70,3220.01,644.188,1767692459999,2074237.31731,1556,562.806,1812187.25275,0
1767692460000,3220.01,3221.19,3220.01,3220.71,786.811,1767692519999,2534028.88954,1371,579.800,1867361.51061,0
1767692520000,3220.70,3220.71,3219.15,3220.13,1065.849,1767692579999,3431733.19431,1631,780.534,2513102.01222,0
1767692580000,3220.13,3220.58,3220.12,3220.54,442.933,1767692639999,1426403.99669,605,307.768,991110.45702,0
1767692640000,3220.55,3220.71,3220.30,3220.70,277.939,1767692699999,895126.44442,581,183.631,591398.86697,0
1767692700000,3220.71,3221.00,3219.50,3220.96,471.653,1767692759999,1518824.09326,1354,223.907,721018.39693,0
1767692760000,3220.96,3221.35,3220.72,3221.18,406.728,1767692819999,1310055.78952,975,343.932,1107795.61202,0
1767692820000,3221.18,3221.21,3220.60,3221.21,393.485,1767692879999,1267394.61988,889,162.065,522009.25050,0
1767692880000,3221.21,3221.29,3220.55,3220.56,433.597,1767692939999,1396592.99375,800,172.508,555642.08568,0
1767692940000,3220.55,3222.00,3220.55,3221.99,552.852,1767692999999,1780999.85375,1013,380.495,1225733.74924,0
1767693000000,3222.00,3222.31,3220.86,3221.34,355.563,1767693059999,1145453.64660,1082,213.690,688417.19495,0
1767693060000,3221.34,3222.78,3221.34,3222.54,271.917,1767693119999,876198.31092,1068,207.582,668898.05397,0
1767693120000,3222.54,3222.55,3221.37,3222.34,543.605,1767693179999,1751352.98630,1164,284.186,915549.68381,0
1767693180000,3222.35,3222.79,3222.34,3222.79,297.602,1767693239999,959049.44562,594,237.989,766939.57670,0
1767693240000,3222.79,3226.09,3222.78,3223.68,2775.626,1767693299999,8949680.37963,4443,1892.909,6103250.73165,0
1767693300000,3223.68,3225.71,3222.88,3223.93,1668.851,1767693359999,5381212.62069,2333,1005.263,3241672.56669,0
1767693360000,3223.93,3224.80,3223.88,3224.12,411.970,1767693419999,1328272.86674,1193,303.763,979376.23386,0
1767693420000,3224.13,3224.13,3222.07,3222.08,577.165,1767693479999,1860190.75923,1469,137.049,441706.01749,0
1767693480000,3222.08,3222.67,3221.62,3221.96,271.395,1767693539999,874463.70563,1041,104.140,335555.20679,0
1767693540000,3221.96,3222.32,3221.71,3221.90,275.145,1767693599999,886490.16518,781,98.024,315832.29221,0
1767693600000,3221.90,3222.54,3221.23,3222.30,1010.795,1767693659999,3256779.88380,1640,680.611,2192847.06104,0
1767693660000,3222.31,3222.57,3220.01,3220.01,3825.527,1767693719999,12324995.13387,1767,281.047,905233.12706,0
1767693720000,3220.01,3222.67,3220.01,3222.40,759.494,1767693779999,2446560.92799,1855,411.493,1325471.31747,0
1767693780000,3222.41,3223.43,3222.40,3223.42,489.651,1767693839999,1578095.37275,1147,284.295,916257.95683,0
1767693840000,3223.42,3225.00,3223.42,3224.99,1045.125,1767693899999,3369615.81177,1481,678.325,2187013.91811,0
1767693900000,3225.00,3225.15,3224.54,3224.72,710.361,1767693959999,2290704.97893,880,355.785,1147328.67194,0
1767693960000,3224.72,3226.57,3224.48,3224.48,1299.483,1767694019999,4192056.35868,2048,535.978,1728996.37780,0
1767694020000,3224.49,3224.64,3223.68,3224.03,926.654,1767694079999,2987651.00812,1632,222.109,716092.32041,0
1767694080000,3224.03,3225.28,3224.03,3224.50,647.628,1767694139999,2088461.69732,1250,362.507,1168993.17877,0
1767694140000,3224.50,3225.60,3224.48,3225.53,732.756,1767694199999,2363247.49054,1341,593.886,1915381.54244,0
1767694200000,3225.54,3226.03,3224.16,3225.60,1608.604,1767694259999,5187701.50286,2273,730.812,2356995.81405,0
1767694260000,3225.60,3229.28,3225.60,3226.70,2997.703,1767694319999,9676704.13678,4345,1759.406,5679408.06441,0
1767694320000,3226.70,3228.29,3226.69,3227.30,1226.691,1767694379999,3959186.80509,2125,942.149,3040849.56735,0
1767694380000,3227.29,3227.51,3226.92,3227.40,785.359,1767694439999,2534544.22695,1216,434.103,1400951.34690,0
1767694440000,3227.39,3228.04,3225.76,3226.31,1801.771,1767694499999,5813320.10949,2238,470.334,1517558.63742,0
1767694500000,3226.31,3227.14,3226.13,3227.13,536.244,1767694559999,1730196.92140,1230,369.845,1193332.09400,0
1767694560000,3227.14,3229.00,3227.13,3228.25,1363.182,1767694619999,4400754.22632,2302,1127.200,3638922.94181,0
1767694620000,3228.26,3229.07,3228.25,3228.58,473.760,1767694679999,1529677.64337,1110,213.940,690768.60203,0
1767694680000,3228.58,3228.79,3227.81,3227.81,809.399,1767694739999,2613093.38444,1797,361.944,1168546.64783,0
1767694740000,3227.81,3228.46,3225.57,3225.57,1295.054,1767694799999,4179494.94944,1841,641.971,2072127.17159,0
1767694800000,3225.57,3225.58,3223.29,3224.25,1383.045,1767694859999,4458957.46369,2300,351.208,1132186.98858,0
1767694860000,3224.25,3224.90,3223.92,3224.83,597.664,1767694919999,1927106.28599,1673,184.870,596091.66909,0
1767694920000,3224.83,3224.84,3223.55,3224.80,482.404,1767694979999,1555472.19939,1238,193.253,623120.06963,0
1767694980000,3224.79,3226.44,3224.49,3226.34,970.523,1767695039999,3130503.30763,1678,530.226,1710348.43537,0
1767695040000,3226.34,3227.68,3226.34,3227.39,416.562,1767695099999,1344431.02657,989,255.609,824970.40601,0
1767695100000,3227.40,3230.41,3227.39,3229.37,1915.816,1767695159999,6187098.19239,3291,1047.614,3383350.29290,0
1767695160000,3229.38,3229.38,3228.00,3228.73,852.809,1767695219999,2753341.44096,1530,406.226,1311504.86466,0
1767695220000,3228.73,3229.00,3228.21,3228.69,271.050,1767695279999,875095.54119,805,93.734,302622.95468,0
1767695280000,3228.68,3228.69,3228.15,3228.15,489.983,1767695339999,1581905.49274,694,246.488,795799.57417,0
1767695340000,3228.16,3228.16,3227.04,3227.67,1172.997,1767695399999,3785869.35832,1308,286.525,924717.39385,0
1767695400000,3227.66,3227.67,3226.72,3227.00,346.915,1767695459999,1119479.96944,859,139.743,450937.28222,0
1767695460000,3227.00,3227.86,3227.00,3227.61,292.765,1767695519999,944923.95173,868,195.816,632006.21283,0
1767695520000,3227.61,3228.00,3226.75,3227.99,676.528,1767695579999,2183175.53967,1101,500.508,1615136.01968,0
1767695580000,3228.00,3228.90,3227.99,3228.90,301.027,1767695639999,971796.90863,954,227.311,733819.78835,0
1767695640000,3228.90,3229.00,3227.87,3227.88,394.582,1767695699999,1273807.04843,973,195.416,630845.21271,0
1767695700000,3227.87,3227.88,3227.06,3227.31,236.737,1767695759999,764059.36322,819,43.619,140777.46858,0
1767695760000,3227.32,3227.32,3226.72,3227.18,371.454,1767695819999,1198653.77204,869,218.539,705208.17932,0
1767695820000,3227.19,3227.19,3225.69,3225.69,486.556,1767695879999,1569818.34935,931,85.988,277464.89442,0
1767695880000,3225.69,3226.65,3225.60,3226.65,1097.974,1767695939999,3541944.91856,1210,601.522,1940450.56389,0
1767695940000,3226.64,3226.80,3226.64,3226.79,373.179,1767695999999,1204140.02698,545,273.502,882509.35715,0
1767696000000,3226.79,3227.22,3226.79,3227.21,164.528,1767696059999,530918.44432,591,121.211,391138.94529,0
1767696060000,3227.22,3227.31,3227.01,3227.02,200.244,1767696119999,646230.80675,489,86.741,279935.41902,0
1767696120000,3227.01,3227.38,3227.01,3227.30,189.423,1767696179999,611299.33362,404,103.683,334603.00854,0
1767696180000,3227.31,3227.31,3226.56,3226.57,522.003,1767696239999,1684363.51373,597,103.338,333431.18956,0
1767696240000,3226.56,3226.69,3225.91,3226.68,393.581,1767696299999,1269826.78766,792,250.127,806988.92325,0
1767696300000,3226.68,3227.87,3226.68,3227.30,537.383,1767696359999,1734416.82371,980,299.324,966072.86443,0
1767696360000,3227.30,3227.30,3226.57,3227.12,293.268,1767696419999,946349.10739,729,158.323,510902.90379,0
1767696420000,3227.12,3227.90,3227.11,3227.90,231.802,1767696479999,748091.34752,528,188.548,608502.40127,0
1767696480000,3227.89,3229.90,3227.89,3229.89,386.773,1767696539999,1248847.70329,1110,325.782,1051906.64638,0
1767696540000,3229.90,3229.90,3228.15,3228.31,658.122,1767696599999,2125062.55526,1130,123.641,399183.98924,0
1767696600000,3228.30,3228.87,3226.61,3226.61,916.072,1767696659999,2956955.56637,1703,384.247,1240406.81536,0
1767696660000,3226.61,3227.27,3226.24,3227.26,651.610,1767696719999,2102485.24899,1007,178.535,576085.70600,0
1767696720000,3227.27,3229.09,3227.26,3228.85,629.127,1767696779999,2031120.36804,1075,253.697,819043.56962,0
1767696780000,3228.85,3230.00,3228.49,3229.01,987.940,1767696839999,3190653.51599,1360,531.764,1717368.35288,0
1767696840000,3229.00,3230.47,3228.54,3228.95,1222.523,1767696899999,3948260.44337,2061,461.931,1491811.03653,0
1767696900000,3228.95,3228.95,3227.68,3227.68,440.210,1767696959999,1421085.16919,1235,119.657,386280.90363,0
1767696960000,3227.68,3227.68,3225.69,3226.04,1241.593,1767697019999,4005783.92920,2167,774.882,2499971.55228,0
1767697020000,3226.03,3228.56,3226.03,3227.99,1187.834,1767697079999,3833806.04427,2268,755.937,2439750.99538,0
1767697080000,3227.99,3228.40,3227.32,3227.34,1013.327,1767697139999,3270570.14815,1492,458.023,1478220.11909,0
1767697140000,3227.34,3227.45,3227.33,3227.44,348.372,1767697199999,1124347.05641,490,133.889,432117.13398,0
1767697200000,3227.45,3227.46,3225.53,3225.84,1068.958,1767697259999,3448684.58809,1610,562.439,1814361.43898,0
1767697260000,3225.84,3228.16,3225.83,3228.16,1049.256,1767697319999,3386093.37040,1339,599.351,1933857.98081,0
1767697320000,3228.15,3230.42,3228.15,3230.15,646.840,1767697379999,2089106.65773,1484,391.487,1264420.89080,0
1767697380000,3230.16,3233.92,3230.15,3232.89,4225.728,1767697439999,13659690.31746,4930,3452.083,11159004.40386,0
1767697440000,3232.89,3234.96,3232.88,3233.76,3461.129,1767697499999,11193526.01576,3774,1957.160,6329656.61981,0
1767697500000,3233.76,3233.77,3231.66,3232.46,1619.616,1767697559999,5235174.85624,2397,674.154,2179012.86450,0
1767697560000,3232.46,3234.04,3232.46,3233.80,1253.841,1767697619999,4054386.56082,1954,917.088,2965503.56133,0
1767697620000,3233.81,3234.04,3232.36,3232.36,558.849,1767697679999,1806868.13002,1347,217.454,703068.43358,0
1767697680000,3232.36,3233.97,3232.13,3233.19,964.282,1767697739999,3117147.86945,1675,472.091,1526090.31977,0
1767697740000,3233.19,3235.59,3233.19,3235.19,1955.253,1767697799999,6323977.50276,2869,1570.187,5078600.89688,0
1767697800000,3235.19,3238.00,3234.94,3235.86,4096.699,1767697859999,13259505.75263,5915,2458.551,7957724.18286,0
1767697860000,3235.85,3236.78,3235.13,3236.78,1927.165,1767697919999,6236002.64202,2581,1526.051,4938099.47775,0
1767697920000,3236.79,3237.77,3236.69,3237.47,1180.081,1767697979999,3820273.51794,2191,535.057,1732127.03018,0
1767697980000,3237.46,3237.94,3237.45,3237.50,1237.586,1767698039999,4006796.75504,1517,652.773,2113416.46998,0
1767698040000,3237.51,3237.51,3235.51,3236.59,2362.043,1767698099999,7644462.70865,2475,1122.929,3633923.97559,0
1767698100000,3236.59,3237.45,3234.77,3234.90,2064.316,1767698159999,6680959.32684,2546,1053.198,3408785.91418,0
1767698160000,3234.90,3235.00,3234.01,3234.38,1928.182,1767698219999,6236853.15373,2539,484.755,1567986.13586,0
1767698220000,3234.39,3234.39,3232.04,3232.58,2232.564,1767698279999,7217699.59990,2926,397.363,1284559.74429,0
1767698280000,3232.58,3234.38,3232.38,3234.38,2376.374,1767698339999,7683108.13688,2542,665.014,2150141.79857,0
1767698340000,3234.37,3235.00,3233.48,3234.09,1488.455,1767698399999,4814015.15319,1663,366.192,1184422.12225,0
1767698400000,3234.09,3234.69,3234.09,3234.36,402.865,1767698459999,1303097.73066,872,135.095,436971.55550,0
1767698460000,3234.35,3235.00,3233.06,3233.65,1086.089,1767698519999,3512597.93802,2051,582.891,1885216.86283,0
1767698520000,3233.64,3234.95,3232.61,3234.95,1342.677,1767698579999,4341864.55363,1889,796.325,2575309.77892,0
1767698580000,3234.94,3236.68,3234.94,3236.67,760.038,1767698639999,2459371.66345,1093,530.289,1715919.08862,0
1767698640000,3236.67,3237.81,3236.00,3237.00,1498.017,1767698699999,4849317.85043,2058,1059.868,3431026.76119,0
1767698700000,3237.00,3241.76,3237.00,3239.86,7225.182,1767698759999,23409123.37650,7587,4735.338,15341828.98961,0
1767698760000,3239.86,3240.32,3237.77,3239.00,2498.330,1767698819999,8091857.23572,3959,1410.838,4569651.86516,0
1767698820000,3239.01,3239.88,3237.53,3237.53,1860.921,1767698879999,6027162.73143,2166,796.039,2578538.35319,0
1767698880000,3237.54,3241.01,3237.54,3239.32,3971.209,1767698939999,12866900.04838,3332,993.427,3218352.25450,0
1767698940000,3239.33,3240.07,3239.32,3239.68,1942.901,1767698999999,6294410.67173,1815,742.004,2403857.19918,0
1767699000000,3239.67,3239.68,3237.05,3237.74,1956.914,1767699059999,6337365.63661,3733,684.455,2216654.44980,0
1767699060000,3237.75,3239.10,3236.81,3237.66,1767.639,1767699119999,5723630.57164,2817,853.560,2764096.21363,0
1767699120000,3237.67,3237.67,3236.29,3236.88,1352.452,1767699179999,4377722.28141,2511,460.693,1491175.61168,0
1767699180000,3236.88,3238.08,3236.19,3236.99,1336.508,1767699239999,4326346.24997,2381,535.657,1733976.64986,0
1767699240000,3237.00,3238.00,3235.66,3236.24,1839.560,1767699299999,5954487.63055,2148,294.491,953209.82877,0
1767699300000,3236.25,3237.79,3235.99,3237.58,1081.156,1767699359999,3499625.02752,1621,577.754,1870192.07124,0
1767699360000,3237.59,3238.67,3237.43,3238.60,891.492,1767699419999,2886586.70734,1381,472.615,1530303.34884,0
1767699420000,3238.60,3239.04,3237.48,3237.87,1313.803,1767699479999,4254186.47177,1965,387.300,1254129.38745,0
1767699480000,3237.88,3240.00,3237.88,3239.99,1355.428,1767699539999,4390766.36295,2208,1074.368,3480318.88757,0
1767699540000,3240.00,3240.10,3238.34,3238.89,2723.173,1767699599999,8820633.37171,2911,2319.293,7512278.09318,0
1767699600000,3238.89,3240.09,3238.88,3239.00,2648.016,1767699659999,8578520.75162,2826,1211.971,3926191.28486,0
1767699660000,3239.01,3239.01,3238.00,3238.00,796.243,1767699719999,2578626.96013,1413,246.197,797311.47637,0
1767699720000,3238.00,3238.10,3237.80,3238.09,564.795,1767699779999,1828795.86453,900,261.345,846222.62521,0
1767699780000,3238.09,3238.30,3238.09,3238.30,455.258,1767699839999,1474234.69648,782,172.308,557974.64383,0
1767699840000,3238.29,3239.00,3238.29,3239.00,382.748,1767699899999,1239664.06436,730,199.747,646943.02577,0
1767699900000,3238.99,3241.07,3238.61,3241.07,2363.571,1767699959999,7657691.88817,3020,1627.550,5273050.76251,0
1767699960000,3241.06,3241.46,3239.54,3240.11,929.583,1767700019999,3012220.34171,2097,485.404,1572878.07187,0
1767700020000,3240.11,3241.26,3238.45,3238.46,1057.338,1767700079999,3425746.57393,2030,425.504,1378773.17136,0
1767700080000,3238.45,3239.83,3238.45,3238.48,857.256,1767700139999,2776878.78088,1803,442.097,1432152.71652,0
1767700140000,3238.48,3239.99,3237.17,3239.99,2271.767,1767700199999,7356491.63798,3058,1266.860,4102412.46690,0
1767700200000,3239.98,3240.05,3239.20,3239.46,899.607,1767700259999,2914547.06209,1588,535.614,1735275.45615,0
1767700260000,3239.47,3239.47,3238.45,3238.45,446.296,1767700319999,1445517.70796,1195,169.864,550193.62774,0
1767700320000,3238.45,3238.45,3236.20,3237.23,1730.084,1767700379999,5600447.29514,2350,402.015,1301377.61636,0
1767700380000,3237.23,3237.23,3235.67,3236.78,2729.503,1767700439999,8833388.18122,2537,430.606,1393505.37393,0
1767700440000,3236.77,3236.78,3235.98,3235.99,1426.216,1767700499999,4615796.89533,1011,464.763,1504132.72647,0
1767700500000,3235.99,3236.87,3234.72,3234.72,2113.765,1767700559999,6839137.53940,2309,718.417,2324460.05239,0
1767700560000,3234.72,3236.65,3234.72,3236.45,1655.285,1767700619999,5356576.12306,2025,817.615,2645786.20652,0
1767700620000,3236.44,3237.08,3236.44,3237.07,902.398,1767700679999,2921015.41456,825,415.792,1345855.27980,0
1767700680000,3237.06,3237.07,3235.86,3235.86,409.884,1767700739999,1326469.48603,954,170.860,552938.62704,0
1767700740000,3235.87,3236.60,3235.86,3236.36,477.434,1767700799999,1545094.82669,1019,341.055,1103723.62133,0
1767700800000,3236.36,3237.81,3236.35,3237.80,863.645,1767700859999,2795653.54230,1225,761.047,2463560.57301,0
1767700860000,3237.80,3237.81,3236.93,3236.94,566.570,1767700919999,1834244.10110,1285,263.212,852146.04432,0
1767700920000,3236.94,3238.57,3236.93,3238.57,649.032,1767700979999,2101444.30014,1271,492.260,1593805.68026,0
1767700980000,3238.57,3238.57,3236.01,3236.68,680.123,1767701039999,2201894.07457,1862,239.553,775590.06702,0
1767701040000,3236.69,3236.80,3235.00,3235.00,1519.293,1767701099999,4916934.67737,1838,499.640,1617119.07339,0
1767701100000,3235.00,3235.62,3234.56,3235.29,1560.001,1767701159999,5046611.55733,1762,813.073,2630220.15505,0
1767701160000,3235.30,3244.50,3235.29,3242.39,5620.971,1767701219999,18220699.04168,6869,4402.568,14269786.71400,0
1767701220000,3242.40,3242.41,3239.72,3241.76,2346.252,1767701279999,7604433.87940,4165,869.142,2816979.25061,0
1767701280000,3241.77,3241.77,3239.00,3239.65,3701.957,1767701339999,11993592.81523,3422,1403.772,4547788.13440,0
1767701340000,3239.65,3239.66,3238.35,3238.70,661.424,1767701399999,2142368.82111,1380,175.436,568191.40736,0
1767701400000,3238.71,3240.24,3238.70,3240.13,746.590,1767701459999,2418773.86141,1291,487.656,1579881.75819,0
1767701460000,3240.14,3240.50,3240.13,3240.23,527.946,1767701519999,1710687.85291,1093,365.167,1183231.54636,0
1767701520000,3240.23,3240.77,3238.94,3240.77,1095.590,1767701579999,3549153.94178,1655,428.015,1386590.84030,0
1767701580000,3240.77,3240.98,3240.30,3240.30,808.241,1767701639999,2619343.46813,1138,271.450,879710.45389,0
1767701640000,3240.30,3240.31,3239.47,3239.48,692.752,1767701699999,2244400.13621,1338,231.577,750224.54459,0
1767701700000,3239.48,3240.40,3238.99,3239.87,926.041,1767701759999,3000161.34340,1832,315.035,1020611.04703,0
1767701760000,3239.87,3240.81,3239.86,3240.81,1139.868,1767701819999,3693253.33981,1055,522.372,1692541.19478,0
1767701820000,3240.80,3241.46,3239.95,3241.46,1287.466,1767701879999,4172524.64994,1828,598.233,1938765.84832,0
1767701880000,3241.46,3241.99,3239.95,3239.95,902.015,1767701939999,2923684.93166,1821,331.536,1074615.87978,0
1767701940000,3239.96,3240.66,3239.80,3239.80,721.328,1767701999999,2337331.93688,1365,386.621,1252747.37001,0
1767702000000,3239.81,3239.81,3236.37,3237.26,1337.837,1767702059999,4331980.99738,3280,445.828,1443656.12299,0
1767702060000,3237.27,3237.63,3237.08,3237.58,683.557,1767702119999,2212963.30160,1162,364.529,1180118.74458,0
1767702120000,3237.59,3239.00,3237.00,3239.00,677.971,1767702179999,2194982.93849,1505,459.939,1489100.40403,0
1767702180000,3238.99,3239.17,3238.19,3238.99,443.930,1767702239999,1437789.04762,1361,235.147,761572.34078,0
1767702240000,3238.99,3240.46,3238.41,3240.14,835.194,1767702299999,2705382.40000,1583,436.145,1412848.04872,0
1767702300000,3240.15,3240.15,3238.79,3239.41,693.370,1767702359999,2245969.64881,1185,146.366,474109.85530,0
1767702360000,3239.40,3239.49,3238.55,3239.49,551.115,1767702419999,1784955.34861,1021,145.958,472735.67728,0
1767702420000,3239.50,3240.46,3237.72,3240.24,1643.919,1767702479999,5324963.26953,2802,1096.118,3550574.98730,0
1767702480000,3240.23,3240.46,3240.14,3240.14,434.587,1767702539999,1408191.54713,596,111.022,359741.89354,0
1767702540000,3240.15,3240.46,3240.14,3240.46,308.589,1767702599999,999876.00661,567,136.983,443848.28993,0
1767702600000,3240.46,3241.22,3239.83,3241.22,807.608,1767702659999,2616911.21474,1388,427.434,1385046.86059,0
1767702660000,3241.22,3241.22,3239.04,3239.23,1017.870,1767702719999,3297674.64643,2214,213.316,691053.66517,0
1767702720000,3239.24,3240.39,3238.50,3239.98,935.459,1767702779999,3030104.38922,1916,247.269,800989.62818,0
1767702780000,3239.98,3240.21,3239.04,3239.04,496.325,1767702839999,1607871.27786,1305,117.551,380807.79420,0
1767702840000,3239.04,3239.04,3237.84,3238.18,1836.666,1767702899999,5947412.78941,1930,757.466,2452748.00321,0
1767702900000,3238.18,3239.19,3236.78,3236.79,1073.452,1767702959999,3475960.44791,2021,390.419,1264415.68663,0
1767702960000,3236.79,3236.97,3235.39,3236.30,2094.043,1767703019999,6776595.95813,3212,685.057,2216981.67339,0
1767703020000,3236.30,3237.00,3235.84,3236.22,620.312,1767703079999,2007549.94273,1195,263.801,853734.10951,0
1767703080000,3236.22,3237.66,3236.22,3237.26,1160.018,1767703139999,3754936.40620,1523,807.278,2613250.27426,0
1767703140000,3237.25,3237.70,3236.01,3236.43,647.206,1767703199999,2094773.78444,1497,198.745,643280.88861,0
1767703200000,3236.44,3238.35,3236.43,3237.35,1530.348,1767703259999,4954803.58738,2126,519.448,1681688.59711,0
1767703260000,3237.36,3237.36,3237.00,3237.00,272.821,1767703319999,883147.42305,565,92.492,299405.22035,0
1767703320000,3237.01,3237.01,3236.40,3236.40,509.684,1767703379999,1649732.88448,669,68.485,221664.35283,0
1767703380000,3236.41,3237.17,3236.40,3236.81,994.098,1767703439999,3217729.83671,1229,227.208,735375.58582,0
1767703440000,3236.81,3238.12,3236.80,3238.12,621.419,1767703499999,2011661.75475,1287,447.415,1448384.56324,0
1767703500000,3238.11,3239.00,3238.11,3238.42,1171.820,1767703559999,3795120.09592,1380,595.017,1927062.50536,0
1767703560000,3238.42,3238.43,3237.71,3237.71,446.816,1767703619999,1446793.15617,670,120.376,389756.45861,0
1767703620000,3237.72,3238.40,3237.60,3238.36,474.179,1767703679999,1535297.69460,1132,300.672,973518.15890,0
1767703680000,3238.36,3238.89,3237.55,3237.55,597.994,1767703739999,1936654.00629,1008,162.050,524806.16698,0
1767703740000,3237.56,3238.30,3237.50,3238.15,509.792,1767703799999,1650619.09484,863,357.365,1157067.11103,0
1767703800000,3238.15,3238.46,3237.25,3237.26,269.023,1767703859999,870984.39184,871,74.876,242426.15282,0
1767703860000,3237.25,3237.93,3236.65,3236.99,658.996,1767703919999,2133138.87922,1160,103.203,334090.72575,0
1767703920000,3236.99,3237.69,3236.98,3237.00,412.048,1767703979999,1334009.66676,964,204.294,661404.64731,0
1767703980000,3237.01,3237.01,3235.72,3236.53,1729.356,1767704039999,5596569.89420,1570,681.193,2204456.23354,0
1767704040000,3236.54,3237.63,3236.53,3237.63,385.652,1767704099999,1248514.62191,689,265.484,859486.85688,0
1767704100000,3237.63,3237.63,3237.62,3237.62,160.137,1767704159999,518463.40151,395,64.757,209659.20591,0
1767704160000,3237.63,3239.60,3237.46,3239.59,1033.891,1767704219999,3348288.23208,1299,727.161,2355066.03527,0
1767704220000,3239.59,3240.21,3239.44,3240.21,790.208,1767704279999,2560243.17110,982,521.488,1689617.66530,0
1767704280000,3240.20,3240.37,3239.62,3239.62,637.486,1767704339999,2065519.15125,859,321.551,1041862.40549,0
1767704340000,3239.62,3239.62,3237.01,3237.07,933.417,1767704399999,3022168.60319,1461,243.217,787364.77397,0
1767704400000,3237.06,3237.06,3233.00,3235.24,4658.235,1767704459999,15067607.71011,5512,1419.586,4591874.95678,0
1767704460000,3235.24,3237.62,3234.79,3235.14,1978.802,1767704519999,6403170.16072,3789,545.114,1763953.99342,0
1767704520000,3235.14,3235.46,3231.93,3233.36,5425.712,1767704579999,17542252.32970,5504,1900.075,6143225.79349,0
1767704580000,3233.35,3234.84,3233.00,3233.75,2765.258,1767704639999,8942283.37474,2620,1035.713,3349183.70536,0
1767704640000,3233.76,3233.76,3230.24,3232.09,7499.416,1767704699999,24234791.93295,6364,2590.464,8370438.62054,0
1767704700000,3232.10,3232.10,3229.03,3230.36,4471.727,1767704759999,14445028.82412,4735,1477.027,4771068.73988,0
1767704760000,3230.36,3231.19,3230.35,3231.19,973.425,1767704819999,3144841.67299,1828,574.778,1856913.24460,0
1767704820000,3231.20,3231.37,3230.07,3230.35,1795.269,1767704879999,5800209.84356,1944,881.629,2848513.69933,0
1767704880000,3230.36,3231.20,3228.19,3231.20,2467.890,1767704939999,7969425.84239,3604,1524.211,4921924.59137,0
1767704940000,3231.20,3235.63,3230.08,3234.52,3847.594,1767704999999,12440513.35216,5762,2990.216,9667722.92011,0
1767705000000,3234.52,3236.51,3232.63,3232.98,2196.141,1767705059999,7103235.88332,3527,1227.673,3970800.54570,0
1767705060000,3232.99,3234.24,3232.20,3234.24,835.616,1767705119999,2701690.59804,1814,481.916,1558205.86599,0
1767705120000,3234.24,3234.24,3232.77,3232.78,816.667,1767705179999,2640371.57741,1469,434.204,1403819.10806,0
1767705180000,3232.77,3235.10,3232.30,3233.99,709.964,1767705239999,2295517.92142,2062,279.437,903588.57107,0
1767705240000,3234.00,3234.60,3232.78,3234.07,1254.523,1767705299999,4056586.24170,2392,904.198,2923750.68483,0
1767705300000,3234.07,3235.53,3232.73,3233.96,2380.326,1767705359999,7698673.24824,2980,2026.117,6552973.03538,0
1767705360000,3233.96,3234.68,3232.50,3232.50,442.773,1767705419999,1431691.06295,1407,179.993,582079.81810,0
1767705420000,3232.51,3232.51,3230.03,3231.87,2805.135,1767705479999,9063940.81403,3484,763.583,2467256.58760,0
1767705480000,3231.88,3231.88,3230.20,3230.92,1857.317,1767705539999,6000890.55300,1839,290.419,938253.79995,0
1767705540000,3230.92,3231.77,3230.91,3231.22,1384.922,1767705599999,4475241.97859,1754,493.226,1593855.94859,0
1767705600000,3231.22,3232.00,3230.60,3231.73,1148.962,1767705659999,3712374.42925,1529,472.171,1525672.35184,0
1767705660000,3231.72,3233.03,3230.64,3232.98,733.330,1767705719999,2369767.75655,1513,519.707,1679426.74647,0
1767705720000,3232.97,3233.36,3232.40,3232.77,541.194,1767705779999,1749578.23477,1243,302.837,979002.26168,0
1767705780000,3232.77,3234.56,3232.04,3234.56,1399.129,1767705839999,4523696.68659,2217,572.014,1849680.98990,0
1767705840000,3234.55,3235.79,3234.55,3234.57,970.755,1767705899999,3140572.48767,2164,673.420,2178650.33594,0
1767705900000,3234.57,3235.50,3234.18,3234.83,1135.922,1767705959999,3674602.47286,1538,611.771,1978991.95472,0
1767705960000,3234.83,3235.20,3232.80,3233.37,2079.512,1767706019999,6724857.56575,2309,251.961,814834.38089,0
1767706020000,3233.36,3233.37,3232.55,3232.96,1169.078,1767706079999,3779595.63295,1505,968.340,3130597.16569,0
1767706080000,3232.95,3233.95,3232.85,3232.85,558.853,1767706139999,1806980.68995,1038,375.110,1212895.30156,0
1767706140000,3232.86,3233.65,3232.56,3233.65,346.793,1767706199999,1121122.41409,929,212.586,687258.75187,0
1767706200000,3233.64,3233.95,3232.41,3232.43,373.523,1767706259999,1207617.35070,1095,124.866,403694.24562,0
1767706260000,3232.43,3235.00,3232.43,3235.00,1067.711,1767706319999,3452677.49991,1559,664.814,2149769.37445,0
1767706320000,3234.99,3235.84,3234.60,3235.01,1037.908,1767706379999,3357804.89604,1431,841.653,2722881.76482,0
1767706380000,3235.01,3235.05,3233.25,3233.25,621.036,1767706439999,2008446.23308,1471,298.502,965318.53603,0
1767706440000,3233.25,3234.17,3233.25,3233.84,287.966,1767706499999,931269.24125,750,152.416,492891.57456,0
1767706500000,3233.84,3233.84,3231.44,3232.80,1064.262,1767706559999,3440205.94555,1765,354.313,1145209.76727,0
1767706560000,3232.80,3233.28,3231.32,3231.49,684.314,1767706619999,2211934.30246,1621,292.118,944232.32308,0
1767706620000,3231.49,3232.33,3231.42,3232.31,283.594,1767706679999,916621.14815,650,136.767,442059.84565,0
1767706680000,3232.31,3233.28,3231.30,3231.31,438.759,1767706739999,1418209.43656,1097,209.435,676907.05341,0
1767706740000,3231.31,3231.64,3230.85,3231.63,1143.270,1767706799999,3694053.53085,1332,635.323,2052802.83822,0
1767706800000,3231.63,3232.26,3231.08,3232.25,1588.239,1767706859999,5132446.46430,1614,1158.538,3743884.91472,0
1767706860000,3232.25,3234.16,3232.25,3234.08,1495.625,1767706919999,4836250.78622,1778,1035.467,3348228.08516,0
1767706920000,3234.08,3235.07,3234.07,3234.29,1011.644,1767706979999,3272522.30677,1424,405.399,1311367.17354,0
1767706980000,3234.29,3234.29,3233.94,3234.08,520.760,1767707039999,1684210.19336,678,227.471,735668.71273,0
1767707040000,3234.07,3234.08,3233.58,3233.80,344.321,1767707099999,1113451.32365,548,167.536,541762.53628,0
1767707100000,3233.80,3233.80,3233.03,3233.04,361.948,1767707159999,1170345.19635,958,113.101,365691.81758,0
1767707160000,3233.04,3233.04,3231.21,3231.22,711.188,1767707219999,2298773.14419,1272,317.919,1027606.72963,0
1767707220000,3231.21,3231.76,3231.21,3231.34,607.032,1767707279999,1961717.48140,901,295.012,953365.12033,0
1767707280000,3231.34,3231.35,3230.00,3230.01,1751.859,1767707339999,5659254.03903,1493,380.139,1227990.44698,0
1767707340000,3230.01,3231.14,3229.51,3231.14,1036.543,1767707399999,3348096.29415,1610,530.295,1712914.43016,0
1767707400000,3231.14,3231.45,3229.31,3230.50,1682.611,1767707459999,5435199.84939,2468,1030.065,3327374.95338,0
1767707460000,3230.49,3231.34,3229.00,3231.31,1281.556,1767707519999,4139879.65199,2386,825.463,2666662.55791,0
1767707520000,3231.32,3231.74,3231.00,3231.01,692.982,1767707579999,2239302.02894,1067,279.279,902469.91320,0
1767707580000,3231.00,3231.74,3230.40,3231.73,455.800,1767707639999,1472764.74284,1132,308.965,998326.35699,0
1767707640000,3231.72,3233.38,3231.72,3232.73,612.304,1767707699999,1979479.11335,1465,315.527,1020010.31528,0
1767707700000,3232.73,3234.00,3232.56,3232.71,895.479,1767707759999,2895111.35199,1571,454.707,1470051.05180,0
1767707760000,3232.71,3234.75,3232.70,3234.75,1235.546,1767707819999,3995855.35346,1786,718.136,2322310.17218,0
1767707820000,3234.75,3236.38,3234.75,3236.38,1118.392,1767707879999,3618986.31783,1569,820.655,2655523.88395,0
1767707880000,3236.38,3238.19,3236.37,3237.77,2240.294,1767707939999,7253078.64199,1976,1884.014,6099534.83036,0
1767707940000,3237.77,3237.99,3236.14,3236.30,1752.917,1767707999999,5673881.19303,1524,302.798,980224.52619,0
1767708000000,3236.30,3239.39,3236.29,3238.90,1928.420,1767708059999,6244834.99476,2384,1516.103,4909432.77159,0
1767708060000,3238.89,3239.47,3237.80,3239.14,1564.632,1767708119999,5066954.28904,2097,473.004,1531949.96979,0
1767708120000,3239.14,3239.15,3237.37,3237.50,972.417,1767708179999,3148699.04355,1873,384.665,1245576.66649,0
1767708180000,3237.51,3239.19,3236.85,3238.73,1677.461,1767708239999,5431651.97945,1960,1003.819,3250468.47572,0
1767708240000,3238.73,3241.71,3238.72,3241.24,2443.794,1767708299999,7918766.59284,3515,1717.706,5565940.98467,0
1767708300000,3241.24,3246.39,3240.54,3243.20,11064.033,1767708359999,35885640.88947,8548,8153.036,26443487.55470,0
1767708360000,3243.20,3247.35,3242.09,3246.29,9771.358,1767708419999,31704969.31262,8754,6247.024,20272134.13845,0
1767708420000,3246.27,3258.72,3245.06,3256.30,23814.386,1767708479999,77429090.25348,23041,16091.254,52320623.35008,0
1767708480000,3256.30,3256.55,3251.53,3253.69,15717.461,1767708539999,51149237.16402,15289,7894.172,25690870.39657,0
1767708540000,3253.69,3254.00,3250.08,3251.82,9008.416,1767708599999,29291706.06051,9362,3115.352,10130779.03800,0
1767708600000,3251.82,3259.00,3251.82,3257.82,9550.073,1767708659999,31095031.02713,11532,6271.221,20419468.06158,0
1767708660000,3257.82,3262.58,3257.12,3260.35,16373.662,1767708719999,53382776.52135,17001,9865.657,32164841.66062,0
1767708720000,3260.36,3283.00,3260.35,3269.53,127482.432,1767708779999,417679999.85645,74520,88908.840,291342574.48402,0
1767708780000,3269.54,3277.68,3269.40,3276.31,16741.666,1767708839999,54786551.96186,16959,10561.917,34568508.72595,0
1767708840000,3276.32,3276.79,3270.12,3273.96,11063.368,1767708899999,36215630.96560,14299,5325.385,17432584.18707,0
1767708900000,3273.96,3282.50,3273.70,3282.06,13552.489,1767708959999,44440546.41140,18249,8410.579,27577916.21171,0
1767708960000,3282.05,3292.81,3279.75,3281.13,38594.974,1767709019999,126833612.72666,41079,23610.367,77595618.83273,0
1767709020000,3281.14,3287.06,3281.14,3283.99,10823.769,1767709079999,35551014.75258,16446,3971.901,13045305.21198,0
1767709080000,3284.00,3285.26,3277.87,3280.45,20940.744,1767709139999,68703838.97423,19739,7778.711,25520176.16184,0
1767709140000,3280.45,3288.00,3280.45,3286.21,10555.665,1767709199999,34672481.42547,12567,6091.038,20004948.87818,0
1767709200000,3286.20,3294.50,3284.60,3293.87,14291.944,1767709259999,47008108.94277,15034,8291.744,27275385.19321,0
1767709260000,3293.87,3295.99,3288.46,3289.91,18190.833,1767709319999,59893423.98450,20525,8923.061,29383229.76598,0
1767709320000,3289.90,3291.69,3287.51,3291.00,8981.575,1767709379999,29541634.64623,10261,4036.618,13276901.63644,0
1767709380000,3290.99,3303.43,3289.80,3299.53,31303.498,1767709439999,103234006.96310,32508,21338.056,70378392.65848,0
1767709440000,3299.54,3308.00,3295.06,3297.73,40234.022,1767709499999,132827568.33112,34930,18134.235,59873806.03587,0
1767709500000,3298.02,3302.20,3295.39,3300.01,22710.381,1767709559999,74919024.63654,19972,9560.868,31538070.77095,0
1767709560000,3300.02,3300.02,3296.87,3299.30,11548.305,1767709619999,38096818.10990,9946,3820.812,12603180.85592,0
1767709620000,3299.31,3301.99,3298.73,3298.74,10073.780,1767709679999,33247414.15184,10339,3737.911,12336587.38440,0
1767709680000,3298.74,3301.29,3296.48,3300.38,11993.364,1767709739999,39567649.70480,12508,7011.451,23131848.52850,0
1767709740000,3300.39,3305.00,3297.03,3304.99,25434.858,1767709799999,83949326.70571,14596,7410.147,24464566.59112,0
1767709800000,3304.99,3305.34,3296.00,3296.51,33888.232,1767709859999,111814782.22623,24039,8092.002,26700199.99288,0
1767709860000,3296.51,3297.22,3290.93,3292.90,19630.367,1767709919999,64663125.53469,23864,7839.862,25823802.29026,0
1767709920000,3292.90,3292.91,3284.96,3288.43,17874.825,1767709979999,58775029.44779,23477,7950.512,26143653.90329,0
1767709980000,3288.43,3293.48,3288.42,3292.96,7597.265,1767710039999,25004457.03851,12554,4403.600,14492739.97453,0
1767710040000,3292.96,3296.49,3288.01,3293.25,8485.847,1767710099999,27940995.44542,13932,5381.240,17719511.14502,0
1767710100000,3293.26,3302.96,3292.77,3300.68,14724.462,1767710159999,48560830.23008,21383,8655.773,28551184.90131,0
1767710160000,3300.71,3302.57,3295.50,3296.81,8784.467,1767710219999,28983533.67851,14549,3971.418,13103315.34810,0
1767710220000,3296.81,3298.60,3290.83,3291.58,6481.601,1767710279999,21353083.92476,12064,3177.360,10468843.20539,0
1767710280000,3291.58,3300.00,3289.99,3299.05,14213.905,1767710339999,46822426.40227,17957,8214.512,27065612.64486,0
1767710340000,3299.06,3303.48,3298.44,3301.62,12587.350,1767710399999,41554293.66183,17234,7528.960,24855461.58259,0
1767710400000,3301.62,3304.99,3295.27,3296.25,10646.967,1767710459999,35152011.77067,14956,4333.969,14311288.63339,0
1767710460000,3296.26,3304.03,3294.05,3298.47,13622.072,1767710519999,44937839.31886,15584,9794.596,32309747.00333,0
1767710520000,3298.47,3300.87,3296.35,3300.86,10609.355,1767710579999,35009283.96783,10101,8484.021,27997916.13338,0
1767710580000,3300.86,3302.00,3287.83,3290.74,24692.338,1767710639999,81336699.81061,19094,12015.212,39588802.61412,0
1767710640000,3290.75,3292.00,3288.64,3289.99,23419.779,1767710699999,77058071.79442,15224,13386.991,44046145.35355,0
1767710700000,3290.00,3291.68,3286.53,3289.00,14502.751,1767710759999,47701813.82528,14670,7342.879,24151994.44619,0
1767710760000,3288.99,3291.33,3286.75,3288.93,21568.450,1767710819999,70939501.48913,12463,16907.196,55607515.48472,0
1767710820000,3288.93,3289.00,3274.68,3276.21,29359.784,1767710879999,96301188.06162,25801,12115.211,39729120.27680,0
1767710880000,3276.21,3276.66,3267.99,3270.67,37939.220,1767710939999,124096212.72823,27507,19211.689,62832383.94750,0
1767710940000,3270.66,3280.95,3264.58,3279.93,26211.640,1767710999999,85775711.87536,29011,14327.257,46900274.95306,0
1767711000000,3279.93,3288.00,3278.71,3287.67,12043.714,1767711059999,39539393.23566,18088,6470.278,21240914.96773,0
1767711060000,3287.67,3287.67,3279.36,3280.34,7716.898,1767711119999,25342823.05789,12280,2093.135,6874270.92773,0
1767711120000,3280.35,3281.34,3269.28,3269.93,12295.430,1767711179999,40246185.03756,16766,4463.235,14606104.31553,0
1767711180000,3269.94,3271.66,3267.19,3270.65,9694.244,1767711239999,31695028.11121,11543,5558.508,18174224.52510,0
1767711240000,3270.65,3275.83,3270.65,3274.37,11919.816,1767711299999,39008590.55562,11247,8080.294,26441562.91152,0
1767711300000,3274.36,3276.17,3266.41,3266.41,7662.825,1767711359999,25069378.05329,12643,3063.446,10021929.21967,0
1767711360000,3266.42,3268.64,3263.00,3266.38,11188.271,1767711419999,36539011.46335,19157,4300.578,14046569.82285,0
1767711420000,3266.42,3273.93,3265.00,3272.44,11781.630,1767711479999,38525863.80407,15447,7381.902,24137876.58266,0
1767711480000,3272.44,3276.41,3270.99,3275.17,7865.364,1767711539999,25751744.17856,10961,4849.305,15876624.63115,0
1767711540000,3275.18,3278.64,3274.92,3276.67,5436.676,1767711599999,17814946.80041,9250,2787.528,9134241.63627,0
1767711600000,3276.67,3279.54,3273.57,3279.34,12716.511,1767711659999,41654100.84409,11191,3095.771,10142447.62028,0
1767711660000,3279.33,3280.90,3272.16,3275.01,9706.789,1767711719999,31811427.53161,15007,4494.080,14734175.23162,0
1767711720000,3275.01,3276.23,3272.01,3275.47,3524.838,1767711779999,11539852.96268,8207,1619.613,5302619.01231,0
1767711780000,3275.47,3280.57,3274.26,3280.56,6987.450,1767711839999,22907802.50053,9441,4496.639,14740861.32262,0
1767711840000,3280.56,3280.56,3277.00,3279.00,3455.121,1767711899999,11328797.47624,6895,999.184,3276126.29743,0
1767711900000,3278.99,3281.37,3276.43,3276.76,3355.543,1767711959999,11003974.28064,7899,1951.666,6400578.67299,0
1767711960000,3276.75,3286.30,3275.97,3286.05,7581.617,1767712019999,24886216.87403,10961,5351.442,17565904.67558,0
1767712020000,3286.05,3291.52,3285.21,3286.21,11154.782,1767712079999,36683200.60491,15475,6495.988,21361640.99852,0
1767712080000,3286.20,3290.00,3282.43,3283.07,4171.254,1767712139999,13712884.14365,8728,1615.800,5312813.79738,0
1767712140000,3283.07,3289.39,3281.81,3289.12,4261.489,1767712199999,14004093.43184,7713,2624.860,8627222.52207,0
1767712200000,3289.11,3291.70,3270.61,3271.17,35299.746,1767712259999,115746154.70580,24575,7704.381,25272757.53160,0
1767712260000,3271.17,3275.00,3269.34,3274.79,9786.546,1767712319999,32022506.50181,11841,5856.099,19160783.25862,0
1767712320000,3274.79,3279.54,3274.79,3277.42,3358.870,1767712379999,11010044.78583,7417,2280.128,7473980.97118,0
1767712380000,3277.42,3283.22,3276.47,3282.89,3472.722,1767712439999,11391165.30679,7338,1884.159,6181286.64602,0
1767712440000,3282.90,3284.68,3279.29,3279.64,2647.534,1767712499999,8688798.90297,5767,614.691,2017302.79951,0
1767712500000,3279.65,3287.80,3279.65,3287.01,5759.432,1767712559999,18915543.20314,9646,3084.937,10131704.77591,0
1767712560000,3287.00,3289.55,3286.24,3288.87,4558.866,1767712619999,14990846.31738,6793,2605.332,8567386.07350,0
1767712620000,3288.88,3290.00,3285.12,3289.37,3918.602,1767712679999,12885171.55451,8218,1593.870,5241618.22484,0
1767712680000,3289.38,3291.33,3289.37,3289.97,6070.722,1767712739999,19973982.05663,7120,3235.051,10643995.74192,0
1767712740000,3289.97,3290.63,3287.66,3288.27,2981.489,1767712799999,9806059.35324,5580,982.737,3231927.77013,0
1767712800000,3288.28,3294.81,3287.00,3288.79,8024.389,1767712859999,26405907.35241,13999,4876.615,16045506.27373,0
1767712860000,3288.80,3293.47,3286.73,3293.30,3442.830,1767712919999,11326863.95915,7216,1536.928,5057576.29127,0
1767712920000,3293.30,3300.00,3292.55,3299.16,14460.955,1767712979999,47682971.29747,17859,9992.945,32949861.07866,0
1767712980000,3299.17,3300.87,3293.04,3293.15,10482.552,1767713039999,34568153.05655,15907,4577.940,15100236.49116,0
1767713040000,3293.14,3295.00,3291.65,3295.00,5013.339,1767713099999,16510961.89968,7646,2832.269,9327542.98522,0
1767713100000,3295.00,3295.71,3290.73,3291.36,8434.280,1767713159999,27778544.92224,7256,4788.053,15770704.20772,0
1767713160000,3291.37,3296.89,3290.35,3295.96,5118.803,1767713219999,16861273.67504,7085,3067.648,10105191.87210,0
1767713220000,3295.97,3299.80,3295.39,3299.11,4063.579,1767713279999,13401397.14085,6923,1883.168,6210309.75927,0
1767713280000,3299.11,3299.12,3293.00,3294.02,3170.040,1767713339999,10448514.09162,6388,981.354,3234510.76968,0
1767713340000,3294.02,3296.82,3294.02,3295.58,3270.296,1767713399999,10778576.16400,5230,2578.748,8499175.61373,0
1767713400000,3295.58,3298.00,3294.06,3294.63,3522.740,1767713459999,11611524.60314,7393,1762.420,5809176.87946,0
1767713460000,3294.62,3296.87,3290.80,3292.17,4020.329,1767713519999,13244790.59004,6950,1217.399,4010524.81681,0
1767713520000,3292.17,3292.18,3285.44,3289.99,5379.619,1767713579999,17691962.80795,9929,1775.280,5838067.19952,0
1767713580000,3290.00,3290.00,3285.87,3289.10,2739.549,1767713639999,9006762.46049,6420,1157.705,3806158.35577,0
1767713640000,3289.11,3292.28,3288.39,3292.27,2264.253,1767713699999,7449894.43340,5017,1473.946,4849680.45640,0
1767713700000,3292.28,3293.51,3286.15,3286.16,2458.288,1767713759999,8086227.12103,7805,560.027,1842418.78202,0
1767713760000,3286.16,3286.69,3278.58,3279.41,8079.452,1767713819999,26522268.40767,13246,3490.674,11459697.08317,0
1767713820000,3279.41,3279.41,3269.69,3269.91,28734.192,1767713879999,94062193.77416,23997,11751.198,38467036.15160,0
1767713880000,3269.92,3273.54,3267.82,3271.65,20350.706,1767713939999,66549562.92785,19075,11769.963,38488450.91967,0
1767713940000,3271.65,3273.64,3268.07,3268.48,9067.326,1767713999999,29661829.93430,11645,4532.561,14828095.00341,0
1767714000000,3268.48,3271.13,3268.44,3268.99,6468.224,1767714059999,21148400.78985,11053,3863.083,12630473.75581,0
1767714060000,3268.99,3271.88,3263.43,3265.34,9857.971,1767714119999,32217422.68390,13923,4632.169,15141093.41347,0
1767714120000,3265.33,3265.33,3259.62,3262.96,17017.922,1767714179999,55510027.59730,21441,7083.715,23106970.90487,0
1767714180000,3262.96,3273.39,3262.96,3273.08,12273.924,1767714239999,40120013.88930,16472,8027.295,26237879.76846,0
1767714240000,3273.08,3273.08,3267.45,3269.20,4499.594,1767714299999,14711344.95796,7238,2373.045,7758053.61260,0
1767714300000,3269.20,3269.20,3262.42,3264.77,9271.787,1767714359999,30268510.30123,12244,3124.154,10198263.38453,0
1767714360000,3264.77,3272.35,3264.13,3271.09,5374.379,1767714419999,17567671.70791,8979,3871.727,12656163.59522,0
1767714420000,3271.09,3272.22,3267.45,3268.09,2741.187,1767714479999,8963776.86582,6422,1221.651,3994724.10187,0
1767714480000,3268.09,3271.79,3267.09,3269.91,2247.611,1767714539999,7349265.96502,6561,1218.791,3985335.86337,0
1767714540000,3269.90,3271.89,3268.51,3270.01,3982.843,1767714599999,13024118.23761,5514,2867.284,9376329.77576,0
1767714600000,3270.01,3270.01,3266.47,3266.47,3775.821,1767714659999,12342718.94830,5142,1406.736,4598812.62125,0
1767714660000,3266.48,3268.94,3265.28,3265.37,3742.229,1767714719999,12225591.51744,6454,1549.635,5062699.92541,0
1767714720000,3265.36,3266.35,3262.42,3264.15,4544.086,1767714779999,14832022.11721,8702,1546.457,5048004.89773,0
1767714780000,3264.16,3265.38,3262.00,3264.69,3547.302,1767714839999,11577296.19568,7247,1571.450,5128953.54358,0
1767714840000,3264.69,3267.21,3263.05,3267.21,2870.765,1767714899999,9373403.77264,5525,2100.810,6859527.13472,0
1767714900000,3267.21,3267.79,3264.48,3264.48,3004.598,1767714959999,9812606.98182,7301,1501.527,4904080.16613,0
1767714960000,3264.49,3265.26,3263.03,3264.41,3399.921,1767715019999,11097451.66317,6416,1544.692,5041991.49471,0
1767715020000,3264.41,3269.50,3263.90,3266.56,4305.095,1767715079999,14068279.45998,5916,2747.122,8976720.62659,0
1767715080000,3266.57,3267.45,3265.44,3266.89,1250.332,1767715139999,4084137.80227,3291,695.366,2271330.99552,0
1767715140000,3266.88,3270.90,3266.88,3270.74,2995.848,1767715199999,9795263.34502,5086,2022.168,6611544.07287,0
1767715200000,3270.74,3273.32,3269.15,3273.06,4627.054,1767715259999,15134352.71735,6650,2627.304,8593995.88628,0
1767715260000,3273.07,3276.79,3272.63,3273.97,8557.726,1767715319999,28024123.84696,10125,5864.940,19206304.62336,0
1767715320000,3273.96,3277.27,3273.08,3273.22,6397.331,1767715379999,20953874.05898,7937,4671.535,15301516.00572,0
1767715380000,3273.23,3277.00,3273.23,3276.50,2584.518,1767715439999,8466059.52456,5524,1484.703,4863388.45161,0
1767715440000,3276.49,3277.76,3273.57,3274.30,3320.756,1767715499999,10878910.63459,5017,1620.934,5310965.36150,0
1767715500000,3274.30,3275.47,3273.07,3273.36,4760.769,1767715559999,15586755.27375,5350,3429.154,11226926.55264,0
1767715560000,3273.37,3276.75,3269.99,3270.00,2843.962,1767715619999,9309459.06643,6981,989.212,3239274.75434,0
1767715620000,3270.01,3270.09,3262.72,3263.70,9893.966,1767715679999,32316852.41188,13432,2309.465,7544102.02054,0
1767715680000,3263.56,3266.33,3260.00,3260.43,10925.851,1767715739999,35645875.47167,14451,4649.400,15170100.94128,0
1767715740000,3260.43,3264.97,3259.78,3264.30,6566.800,1767715799999,21421260.56475,8648,3818.674,12458954.62263,0
1767715800000,3264.30,3271.36,3264.30,3270.69,2974.466,1767715859999,9722419.44540,7009,1533.187,5011590.20100,0
1767715860000,3270.68,3271.82,3269.04,3270.00,2590.400,1767715919999,8471100.86699,5416,840.193,2747602.84246,0
1767715920000,3270.00,3274.50,3269.44,3271.37,3697.956,1767715979999,12101250.47930,7930,1835.114,6004862.56862,0
1767715980000,3271.36,3274.40,3268.07,3268.10,4017.632,1767716039999,13144649.90096,6238,1747.660,5719369.32133,0
1767716040000,3268.10,3268.11,3265.00,3266.51,2100.712,1767716099999,6860918.77314,5288,875.704,2859919.86565,0
1767716100000,3266.51,3267.85,3264.47,3265.94,2721.154,1767716159999,8887291.21608,6707,1127.411,3682312.29210,0
1767716160000,3265.94,3268.64,3263.68,3263.91,2273.716,1767716219999,7427144.90304,6248,1201.981,3926779.69853,0
1767716220000,3263.90,3267.69,3263.90,3265.42,1709.695,1767716279999,5583199.64158,6637,649.307,2120379.37222,0
1767716280000,3265.41,3267.34,3264.00,3265.74,2462.164,1767716339999,8040726.72764,6825,1740.439,5683851.03735,0
1767716340000,3265.75,3267.98,3265.27,3266.15,1256.805,1767716399999,4105703.86731,3488,415.554,1357391.58954,0
1767716400000,3266.16,3266.65,3260.14,3261.75,4803.146,1767716459999,15668122.63553,8197,1771.677,5779275.32473,0
1767716460000,3261.75,3261.75,3256.00,3259.34,11205.098,1767716519999,36514115.28056,14061,3329.258,10849606.56340,0
1767716520000,3259.35,3261.65,3257.69,3261.31,4469.189,1767716579999,14566277.83632,7420,1789.790,5833599.29090,0
1767716580000,3261.32,3264.89,3261.31,3262.87,2538.212,1767716639999,8282847.85619,5432,1114.261,3636115.34972,0
1767716640000,3262.87,3266.00,3262.54,3262.54,2319.419,1767716699999,7571709.81955,5253,1333.470,4353123.12042,0
1767716700000,3262.54,3263.46,3251.24,3255.44,12804.263,1767716759999,41674384.16925,17097,5530.592,17997948.74331,0
1767716760000,3255.43,3255.43,3250.37,3252.19,11585.940,1767716819999,37680639.34633,14795,6241.768,20300427.86700,0
1767716820000,3252.19,3258.38,3245.92,3253.95,27571.311,1767716879999,89630398.69862,26081,15647.996,50886131.27843,0
1767716880000,3253.95,3254.67,3249.75,3252.15,6050.505,1767716939999,19675220.20190,9958,3176.183,10328646.43553,0
1767716940000,3252.15,3252.16,3245.13,3247.19,11108.215,1767716999999,36071195.02417,14901,4650.634,15099819.80255,0
1767717000000,3247.20,3252.71,3244.69,3252.70,13294.615,1767717059999,43182563.76431,19340,6684.370,21714046.62521,0
1767717060000,3252.70,3255.73,3250.27,3252.83,7619.996,1767717119999,24792436.55445,12401,4883.714,15889925.58813,0
1767717120000,3252.82,3255.00,3251.89,3252.37,4260.749,1767717179999,13862287.47648,8945,1781.681,5797123.18950,0
1767717180000,3252.37,3253.00,3249.43,3249.47,3509.126,1767717239999,11408779.92303,7631,1308.450,4254058.59219,0
1767717240000,3249.47,3251.56,3245.29,3249.37,6437.796,1767717299999,20910216.45349,12635,2746.692,8921421.84479,0
1767717300000,3249.38,3249.81,3245.16,3246.99,5483.840,1767717359999,17804607.72379,10180,2673.019,8677676.10257,0
1767717360000,3246.98,3253.39,3246.83,3251.12,4181.217,1767717419999,13593533.31138,8934,2211.490,7189633.62068,0
1767717420000,3251.11,3251.16,3245.25,3248.20,4331.972,1767717479999,14067851.34281,8569,1569.055,5095476.20831,0
1767717480000,3248.21,3249.42,3245.27,3247.08,3048.626,1767717539999,9897725.23632,6920,1434.872,4658244.57266,0
1767717540000,3247.08,3249.52,3245.56,3245.68,3763.453,1767717599999,12221007.75298,7084,1538.368,4995385.89664,0
1767717600000,3245.68,3245.79,3242.19,3245.43,6654.347,1767717659999,21586950.10761,10504,2867.216,9300906.99635,0
1767717660000,3245.44,3247.92,3244.17,3245.99,3822.605,1767717719999,12408520.23305,8164,1452.872,4715869.01169,0
1767717720000,3246.00,3248.00,3243.60,3247.22,4394.265,1767717779999,14265159.07724,8680,2605.008,8457111.33318,0
1767717780000,3247.23,3247.85,3233.63,3235.76,18128.448,1767717839999,58716709.48597,21262,4856.781,15731144.88788,0
1767717840000,3235.76,3242.03,3232.00,3241.49,23368.549,1767717899999,75627262.19327,22355,13923.354,45066305.23987,0
1767717900000,3241.49,3241.69,3236.34,3238.32,7408.037,1767717959999,23992804.08857,11428,2736.481,8862628.08664,0
1767717960000,3238.33,3241.02,3235.10,3240.59,5075.592,1767718019999,16438311.68887,10046,3265.065,10575022.54940,0
1767718020000,3240.59,3242.71,3235.46,3236.11,5893.473,1767718079999,19085359.05640,11518,2541.524,8231081.53129,0
1767718080000,3236.11,3239.99,3233.00,3236.68,6999.694,1767718139999,22652483.61799,10652,3276.961,10606903.85410,0
1767718140000,3236.67,3242.00,3235.10,3240.42,5252.637,1767718199999,17012016.08018,8675,3822.531,12379929.17071,0
1767718200000,3240.43,3243.75,3239.28,3243.75,4269.430,1767718259999,13837024.42625,7334,2751.338,8917127.47388,0
1767718260000,3243.75,3249.70,3243.75,3247.26,10263.797,1767718319999,33330948.50531,17371,5448.141,17692340.69018,0
1767718320000,3247.25,3247.84,3243.01,3245.33,4999.937,1767718379999,16228653.67430,9505,1852.777,6013202.24399,0
1767718380000,3245.33,3249.71,3245.33,3247.76,4583.675,1767718439999,14888992.74213,8038,2269.919,7373520.20009,0
1767718440000,3247.76,3251.00,3246.70,3247.67,8683.308,1767718499999,28214865.57225,11387,5082.861,16517146.13148,0
1767718500000,3247.67,3247.67,3242.76,3243.47,3448.578,1767718559999,11187383.23830,6051,2080.675,6749621.24179,0
1767718560000,3243.47,3247.69,3243.46,3245.37,4063.175,1767718619999,13186818.11958,5947,2644.790,8583001.53545,0
1767718620000,3245.37,3248.76,3245.15,3248.76,4313.718,1767718679999,14007920.25805,3863,1917.192,6224276.02151,0
1767718680000,3248.75,3250.21,3248.33,3249.01,5661.440,1767718739999,18397086.74986,6316,3530.291,11471834.51690,0
1767718740000,3249.01,3251.99,3249.00,3250.13,3660.379,1767718799999,11899377.85949,5757,1801.653,5856878.42088,0
1767718800000,3250.14,3250.14,3245.36,3247.46,5032.539,1767718859999,16342441.01353,7756,2162.241,7021127.01525,0
1767718860000,3247.46,3248.88,3246.36,3247.85,2794.969,1767718919999,9077884.56295,5538,2131.198,6921908.35351,0
1767718920000,3247.85,3249.00,3246.24,3249.00,2187.074,1767718979999,7103915.82598,4475,1172.691,3809275.03911,0
1767718980000,3248.99,3250.87,3247.02,3247.03,2907.365,1767719039999,9448074.10032,5160,1434.413,4661203.29746,0
1767719040000,3247.03,3252.17,3246.26,3250.74,3542.306,1767719099999,11513732.54418,6246,1710.694,5560453.05998,0
1767719100000,3250.73,3250.74,3248.29,3248.66,1410.089,1767719159999,4581466.14363,4069,562.571,1827716.85948,0
1767719160000,3248.66,3250.88,3248.50,3249.56,1959.881,1767719219999,6369042.13821,4028,1182.988,3844270.50425,0
1767719220000,3249.55,3253.00,3249.29,3251.90,2566.442,1767719279999,8345443.90905,5334,1327.242,4315714.76137,0
1767719280000,3251.91,3252.32,3249.14,3250.21,2404.849,1767719339999,7817579.20296,5793,818.875,2661659.15377,0
1767719340000,3250.23,3250.52,3246.45,3247.84,3119.191,1767719399999,10132779.60268,5376,1362.384,4425780.68438,0
1767719400000,3247.84,3248.98,3242.66,3244.29,6495.229,1767719459999,21072155.03966,9282,1832.532,5944756.89085,0
1767719460000,3244.29,3246.86,3244.28,3246.52,1647.064,1767719519999,5346509.36392,3416,1126.446,3656407.87015,0
1767719520000,3246.52,3247.10,3244.52,3245.88,1680.653,1767719579999,5454735.63937,3988,967.822,3141078.29954,0
1767719580000,3245.88,3250.00,3245.87,3249.59,1718.458,1767719639999,5582133.54514,6195,1045.623,3396206.09288,0
1767719640000,3249.60,3249.60,3245.49,3246.06,1926.580,1767719699999,6256000.55997,3076,1030.062,3344449.20568,0
1767719700000,3246.05,3249.45,3243.24,3243.92,2394.681,1767719759999,7775093.74880,5043,1358.581,4411426.16215,0
1767719760000,3243.91,3245.53,3243.26,3244.06,948.308,1767719819999,3076838.10665,3255,455.716,1478552.93448,0
1767719820000,3244.05,3245.31,3241.47,3242.48,2070.211,1767719879999,6713424.04113,5405,664.031,2153472.12507,0
1767719880000,3242.48,3242.71,3239.00,3239.01,2966.543,1767719939999,9613825.76212,6647,1062.894,3445066.42010,0
1767719940000,3239.01,3240.34,3237.00,3239.84,2899.802,1767719999999,9391887.00425,7002,1597.107,5173033.81538,0
1767720000000,3239.85,3246.72,3239.84,3246.25,4323.237,1767720059999,14021802.88231,8021,3039.464,9857689.37192,0
1767720060000,3246.24,3247.58,3245.34,3245.99,2314.040,1767720119999,7512356.33551,5067,937.758,3044255.00507,0
1767720120000,3245.99,3248.60,3245.99,3247.62,1233.311,1767720179999,4005432.43580,3731,637.225,2069448.66896,0
1767720180000,3247.62,3249.92,3246.00,3249.91,1277.441,1767720239999,4148888.96319,4196,758.362,2462993.32382,0
1767720240000,3249.91,3250.93,3249.00,3250.11,1720.748,1767720299999,5592821.72739,4284,920.736,2992560.95157,0
1767720300000,3250.11,3251.57,3249.30,3251.25,2187.200,1767720359999,7109336.18963,4264,1109.521,3606352.82492,0
1767720360000,3251.25,3251.73,3249.34,3249.65,1587.774,1767720419999,5161269.64061,3338,1032.362,3355827.21817,0
1767720420000,3249.64,3251.50,3249.29,3250.02,1032.829,1767720479999,3357076.76486,3121,546.886,1777489.15375,0
1767720480000,3250.02,3250.02,3245.37,3246.56,1570.609,1767720539999,5100326.96028,2704,572.376,1858316.45877,0
1767720540000,3246.56,3247.71,3245.83,3247.53,2212.168,1767720599999,7183043.56399,4233,1735.038,5633861.20628,0
1767720600000,3247.52,3250.00,3247.10,3247.34,1441.358,1767720659999,4682078.71207,4315,891.424,2895820.78961,0
1767720660000,3247.35,3248.57,3246.16,3246.71,1035.473,1767720719999,3362765.07949,3547,398.466,1293987.85747,0
1767720720000,3246.72,3249.45,3246.00,3249.17,1002.835,1767720779999,3257078.94105,3482,535.811,1740106.65659,0
1767720780000,3249.17,3250.77,3248.79,3249.35,1167.931,1767720839999,3795357.14210,3748,271.025,880757.26400,0
1767720840000,3249.35,3251.00,3249.15,3249.71,901.538,1767720899999,2930182.57772,2488,409.599,1331180.18301,0
1767720900000,3249.72,3252.61,3249.34,3250.94,3380.093,1767720959999,10989374.61105,6080,1791.109,5822872.17535,0
1767720960000,3250.93,3252.58,3249.50,3251.29,2167.892,1767721019999,7048336.41756,5392,899.257,2923608.63062,0
1767721020000,3251.29,3258.63,3250.00,3256.81,8849.140,1767721079999,28804055.46122,11727,6389.759,20799845.31639,0
1767721080000,3256.80,3258.76,3255.00,3256.86,5194.385,1767721139999,16918911.70709,7980,3093.068,10073974.52869,0
1767721140000,3256.85,3257.32,3253.55,3255.40,2417.404,1767721199999,7869901.51613,5495,1279.700,4165968.86649,0
1767721200000,3255.39,3255.39,3244.13,3244.13,5879.180,1767721259999,19114561.61911,8797,991.921,3225120.42258,0
1767721260000,3244.13,3245.21,3239.37,3243.53,9658.841,1767721319999,31315137.72161,18279,3546.818,11500522.44678,0
1767721320000,3243.53,3245.25,3241.45,3242.99,3343.760,1767721379999,10844660.77082,6138,2101.934,6816828.63747,0
1767721380000,3242.99,3243.15,3238.77,3240.44,5473.329,1767721439999,17738357.89251,7969,3264.487,10579842.64247,0
1767721440000,3240.44,3240.77,3237.60,3239.55,3952.438,1767721499999,12802610.12842,6542,1576.916,5107780.93325,0
1767721500000,3239.55,3239.55,3236.33,3237.94,4381.815,1767721559999,14187662.36346,8132,2271.297,7353971.71564,0
1767721560000,3237.94,3239.77,3235.38,3236.85,4212.332,1767721619999,13639122.81901,7438,1981.256,6415510.38772,0
1767721620000,3236.86,3236.96,3232.20,3232.62,9036.218,1767721679999,29232291.59972,12829,3052.326,9873922.13432,0
1767721680000,3232.62,3232.73,3206.00,3219.64,78864.490,1767721739999,253865793.98805,61040,28353.413,91271436.65795,0
1767721740000,3219.64,3219.68,3211.78,3214.16,21738.898,1767721799999,69886884.18130,24694,8688.683,27929044.18155,0
1767721800000,3214.17,3219.00,3214.16,3218.88,8896.490,1767721859999,28614826.94836,16237,5388.003,17330342.95637,0
1767721860000,3218.88,3221.20,3216.54,3218.03,8335.450,1767721919999,26829317.54607,11868,3605.887,11607655.43908,0
1767721920000,3218.03,3218.90,3217.00,3218.89,2594.072,1767721979999,8347775.78524,5379,1386.982,4463306.62283,0
1767721980000,3218.90,3219.95,3214.06,3219.79,7840.351,1767722039999,25219955.73251,10789,3753.625,12075453.03812,0
1767722040000,3219.79,3220.00,3210.61,3210.91,7853.233,1767722099999,25257549.72435,9665,3021.966,9723164.27542,0
1767722100000,3210.91,3210.92,3195.49,3203.77,49789.224,1767722159999,159493466.99792,48242,18636.118,59710096.61940,0
1767722160000,3203.77,3204.47,3191.01,3195.17,26700.824,1767722219999,85323975.88063,30646,11212.815,35838201.61962,0
1767722220000,3195.18,3198.22,3188.01,3196.80,19144.567,1767722279999,61116075.86763,26591,9013.832,28780978.85971,0
1767722280000,3196.80,3199.24,3192.01,3192.70,15694.173,1767722339999,50167910.38824,17197,6836.385,21858326.90995,0
1767722340000,3193.04,3195.64,3190.03,3194.48,11546.868,1767722399999,36863641.36129,12629,5739.275,18326248.87565,0
1767722400000,3194.48,3194.48,3180.71,3188.83,41186.277,1767722459999,131202918.59411,44091,18315.779,58353973.75393,0
1767722460000,3188.83,3203.12,3186.77,3199.21,30632.880,1767722519999,97866769.96411,40165,20846.083,66595649.58609,0
1767722520000,3199.21,3200.80,3194.81,3199.02,12924.385,1767722579999,41331168.90306,17731,6803.412,21759713.54685,0
1767722580000,3199.01,3208.77,3197.95,3206.12,19920.301,1767722639999,63827430.26358,25349,14287.310,45782059.85740,0
1767722640000,3206.11,3208.21,3203.28,3205.28,14932.693,1767722699999,47872092.65201,16045,7114.266,22807054.26694,0
1767722700000,3205.28,3207.01,3198.88,3206.31,12893.000,1767722759999,41290968.38567,14157,6989.091,22385341.24332,0
1767722760000,3206.31,3211.00,3204.58,3211.00,11994.965,1767722819999,38493303.42025,16589,7237.251,23226058.66450,0
1767722820000,3210.99,3215.39,3210.99,3214.49,13279.169,1767722879999,42676214.11773,16067,7329.577,23555516.44527,0
1767722880000,3214.49,3217.33,3211.73,3216.29,11031.916,1767722939999,35458814.24217,15407,4778.587,15361033.64309,0
1767722940000,3216.28,3216.28,3212.04,3212.58,5167.583,1767722999999,16607771.26613,8969,1296.906,4168093.10932,0
1767723000000,3212.58,3214.25,3211.91,3212.99,3079.607,1767723059999,9895087.91215,5392,1443.492,4638074.27669,0
1767723060000,3212.99,3218.29,3212.71,3215.43,6777.266,1767723119999,21795068.29755,9475,4188.220,13468611.40198,0
1767723120000,3215.42,3218.15,3215.16,3216.19,2900.166,1767723179999,9328940.05959,5720,1576.576,5071510.92474,0
1767723180000,3216.18,3217.84,3214.60,3215.73,4608.777,1767723239999,14822580.40465,6443,1861.540,5987196.28846,0
1767723240000,3215.73,3216.66,3214.33,3214.69,2004.754,1767723299999,6445952.63548,5035,836.259,2688887.76344,0
1767723300000,3214.68,3218.50,3213.68,3214.59,3365.987,1767723359999,10825776.02007,6657,1613.038,5188212.78079,0
1767723360000,3214.59,3219.00,3214.59,3216.48,2904.842,1767723419999,9346256.70857,6365,1568.395,5046125.55923,0
1767723420000,3216.47,3219.00,3215.73,3217.19,3135.141,1767723479999,10087919.13646,5799,1888.274,6075726.23709,0
1767723480000,3217.19,3218.54,3215.17,3216.69,2178.734,1767723539999,7007968.62536,4804,1147.728,3691696.00076,0
1767723540000,3216.69,3217.23,3211.75,3212.32,4078.093,1767723599999,13106401.83445,5972,1027.823,3303955.01408,0
1767723600000,3212.32,3215.47,3212.32,3214.61,3554.180,1767723659999,11422384.74728,5539,1732.269,5566985.16140,0
1767723660000,3214.61,3218.05,3214.33,3216.32,3136.433,1767723719999,10088725.44107,4812,1802.736,5798278.62530,0
1767723720000,3216.31,3216.73,3214.42,3214.42,1681.266,1767723779999,5406871.64843,3037,752.001,2418440.35143,0
1767723780000,3214.43,3217.68,3214.23,3217.01,1361.273,1767723839999,4378486.05852,3861,974.910,3135603.57031,0
1767723840000,3217.01,3217.40,3213.20,3213.95,1703.898,1767723899999,5477274.14160,3340,609.542,1959146.07588,0
1767723900000,3213.95,3215.71,3213.20,3214.53,926.465,1767723959999,2978224.75128,3057,428.994,1379049.19935,0
1767723960000,3214.52,3215.30,3213.19,3215.10,1865.171,1767724019999,5995325.91751,3221,1375.453,4421166.06786,0
1767724020000,3215.09,3218.65,3213.40,3218.28,2464.416,1767724079999,7927388.83196,5483,1595.149,5131381.70043,0
1767724080000,3218.27,3222.99,3217.35,3222.16,9217.660,1767724139999,29694250.74546,9464,6918.162,22287159.02648,0
1767724140000,3222.15,3222.93,3218.57,3219.27,2688.412,1767724199999,8659037.63380,4998,965.385,3109611.98149,0
1767724200000,3219.27,3219.75,3217.60,3217.82,2371.255,1767724259999,7632536.66672,5664,947.771,3050455.24935,0
1767724260000,3217.82,3218.52,3216.41,3217.85,1533.490,1767724319999,4933585.02880,3169,936.441,3012664.31946,0
1767724320000,3217.86,3221.61,3217.09,3221.47,2494.069,1767724379999,8028967.93661,5175,1495.074,4812808.81371,0
1767724380000,3221.48,3223.92,3221.12,3222.61,2645.299,1767724439999,8524285.56133,4937,1706.769,5500001.80255,0
1767724440000,3222.61,3223.88,3220.24,3220.87,2259.121,1767724499999,7279592.44914,4309,1249.382,4026196.38422,0
1767724500000,3220.87,3225.64,3220.70,3224.79,3703.109,1767724559999,11938717.46285,6911,2531.471,8161022.02239,0
1767724560000,3224.80,3225.43,3221.11,3222.11,2817.808,1767724619999,9084623.63822,4196,1156.377,3728465.92125,0
1767724620000,3222.11,3222.96,3220.24,3220.85,900.068,1767724679999,2899805.91105,2655,420.436,1354636.05545,0
1767724680000,3220.85,3222.01,3220.25,3220.25,917.513,1767724739999,2955229.34350,3048,466.475,1502447.41329,0
1767724740000,3220.25,3220.38,3214.86,3215.70,3949.768,1767724799999,12707432.14396,5781,1302.973,4191852.61985,0
1767724800000,3215.71,3219.04,3215.70,3216.56,1459.593,1767724859999,4696053.79779,3397,1036.920,3335962.91735,0
1767724860000,3216.56,3218.85,3216.33,3218.84,1534.874,1767724919999,4938837.75672,2886,1059.323,3408511.85439,0
1767724920000,3218.85,3220.18,3217.05,3220.18,930.444,1767724979999,2994625.04235,3135,577.708,1859369.98040,0
1767724980000,3220.17,3220.17,3218.56,3219.22,1103.166,1767725039999,3551249.84570,2182,747.264,2405520.86394,0
1767725040000,3219.22,3221.60,3219.21,3220.01,842.286,1767725099999,2712831.66303,2025,530.443,1708407.86857,0
1767725100000,3220.01,3223.00,3219.85,3222.29,1320.579,1767725159999,4255159.21662,4028,732.248,2359434.08017,0
1767725160000,3222.29,3223.98,3221.57,3222.82,657.234,1767725219999,2118163.19723,3272,364.158,1173601.78852,0
1767725220000,3222.82,3226.66,3221.15,3226.00,2465.533,1767725279999,7952070.74986,5891,1661.764,5359487.25720,0
1767725280000,3226.00,3231.00,3224.45,3230.26,7889.396,1767725339999,25472402.03321,11046,5598.602,18077948.75598,0
1767725340000,3230.26,3231.90,3226.51,3226.90,7257.653,1767725399999,23441269.43733,9284,3182.660,10280844.59283,0
1767725400000,3226.90,3226.90,3221.20,3225.64,8188.933,1767725459999,26400022.20986,10499,2677.275,8631523.41913,0
1767725460000,3225.63,3228.00,3225.63,3226.79,2212.537,1767725519999,7139635.02396,4468,1632.839,5268813.07762,0
1767725520000,3226.79,3227.72,3226.01,3226.81,1567.879,1767725579999,5059257.24571,4739,592.893,1913073.55299,0
1767725580000,3226.80,3228.20,3225.53,3225.80,1260.457,1767725639999,4067177.42046,4197,815.899,2632692.54618,0
1767725640000,3225.81,3225.90,3222.22,3223.00,2478.695,1767725699999,7991816.60882,4818,762.589,2458680.08329,0
1767725700000,3223.00,3223.82,3221.65,3223.23,1715.941,1767725759999,5530019.66988,3019,1101.242,3549061.61024,0
1767725760000,3223.23,3223.24,3221.70,3222.21,925.507,1767725819999,2982553.48265,2748,528.330,1702610.91823,0
1767725820000,3222.22,3222.89,3217.45,3219.09,3787.591,1767725879999,12194062.55020,6095,1479.407,4762656.55308,0
1767725880000,3219.10,3219.42,3217.12,3217.26,4153.469,1767725939999,13366218.47145,5051,1369.992,4408744.42962,0
1767725940000,3217.26,3218.50,3217.15,3217.56,1604.949,1767725999999,5164147.31476,2999,957.641,3081217.59348,0
1767726000000,3217.56,3218.85,3215.39,3217.71,7061.839,1767726059999,22717492.36223,7922,4980.237,16021310.52619,0
1767726060000,3217.71,3218.57,3215.21,3215.22,1922.576,1767726119999,6184171.98144,5036,972.390,3127675.34589,0
1767726120000,3215.22,3215.66,3213.60,3213.61,2495.465,1767726179999,8021673.79596,5081,1223.046,3931321.68476,0
1767726180000,3213.61,3217.63,3212.00,3216.97,4951.874,1767726239999,15918210.19781,6948,3074.953,9885403.03310,0
1767726240000,3216.98,3220.00,3215.63,3219.26,2252.394,1767726299999,7248368.94137,5317,1407.537,4529836.36074,0
1767726300000,3219.27,3222.00,3218.57,3221.41,4264.893,1767726359999,13734029.57208,4227,3438.352,11072142.27414,0
1767726360000,3221.41,3222.20,3219.00,3219.50,1797.825,1767726419999,5789909.74675,4087,960.089,3092036.97425,0
1767726420000,3219.50,3221.52,3218.74,3220.80,813.721,1767726479999,2620575.63237,3107,400.312,1289162.82744,0
1767726480000,3220.79,3222.12,3219.60,3219.60,592.734,1767726539999,1909196.09337,2312,136.049,438236.15883,0
1767726540000,3219.61,3220.88,3218.60,3220.55,1327.841,1767726599999,4275764.06183,3180,424.482,1366866.00658,0
1767726600000,3220.53,3221.00,3219.10,3219.23,865.857,1767726659999,2788352.09086,2495,531.289,1710931.29603,0
1767726660000,3219.23,3223.81,3219.23,3222.81,1256.476,1767726719999,4048947.63569,2967,832.023,2681010.77787,0
1767726720000,3222.82,3223.74,3221.88,3223.73,969.320,1767726779999,3123465.68847,1892,359.801,1159411.28732,0
1767726780000,3223.74,3225.17,3223.54,3224.60,1685.683,1767726839999,5435282.54930,3122,1309.216,4221399.73065,0
1767726840000,3224.60,3227.34,3224.18,3225.86,2689.913,1767726899999,8678351.72363,4835,1801.860,5813211.45372,0
1767726900000,3225.87,3226.75,3225.00,3225.59,1417.527,1767726959999,4572760.18080,3431,617.198,1990972.95022,0
1767726960000,3225.57,3225.57,3222.91,3224.91,1275.708,1767727019999,4112967.76248,3073,313.340,1010206.18153,0
1767727020000,3224.91,3227.79,3223.51,3227.35,1655.924,1767727079999,5342632.38941,3238,1087.362,3508213.82200,0
1767727080000,3227.36,3227.36,3224.62,3224.62,1318.897,1767727139999,4254559.04482,2595,449.038,1448402.22044,0
1767727140000,3224.62,3225.29,3224.57,3224.58,586.784,1767727199999,1892278.85208,1478,319.739,1031133.00917,0
1767727200000,3224.57,3224.99,3224.10,3224.11,595.926,1767727259999,1921644.25754,1367,244.262,787651.76542,0
1767727260000,3224.11,3224.11,3220.71,3223.92,1276.715,1767727319999,4113673.70913,3349,532.492,1715582.63914,0
1767727320000,3223.92,3225.46,3222.72,3223.85,1097.432,1767727379999,3538092.45953,2646,567.880,1830744.09016,0
1767727380000,3223.86,3224.35,3222.69,3223.91,643.813,1767727439999,2075372.34109,1768,358.503,1155624.77369,0
1767727440000,3223.92,3225.72,3223.00,3223.00,977.551,1767727499999,3152137.91979,2846,280.332,903835.22826,0
1767727500000,3223.00,3223.01,3221.42,3222.26,799.194,1767727559999,2575028.67566,1855,515.733,1661649.81609,0
1767727560000,3222.27,3225.00,3221.97,3224.99,1065.724,1767727619999,3435278.81857,2159,760.214,2450623.53115,0
1767727620000,3224.99,3227.74,3224.51,3225.20,2852.880,1767727679999,9204559.37305,4536,1864.940,6017123.48397,0
1767727680000,3225.20,3225.20,3223.13,3223.48,1177.980,1767727739999,3798210.72202,1581,248.690,801645.48331,0
1767727740000,3223.49,3223.86,3223.15,3223.36,577.262,1767727799999,1860744.85982,1060,406.897,1311586.36096,0
1767727800000,3223.36,3224.99,3223.36,3224.24,452.806,1767727859999,1460037.65814,1881,192.222,619763.60277,0
1767727860000,3224.25,3226.10,3224.00,3225.66,516.752,1767727919999,1666633.23772,2180,349.476,1127110.95641,0
1767727920000,3225.66,3228.49,3224.47,3228.31,1453.898,1767727979999,4690935.63331,4268,882.256,2846493.45276,0
1767727980000,3228.32,3228.66,3223.16,3223.94,1076.673,1767728039999,3472457.96695,3228,461.068,1486728.21270,0
1767728040000,3223.94,3225.15,3222.41,3225.14,988.190,1767728099999,3185383.42722,2516,413.260,1332160.82140,0
1767728100000,3225.14,3225.17,3222.59,3222.90,1039.657,1767728159999,3351218.40718,2128,607.730,1958788.72610,0
1767728160000,3222.90,3223.00,3220.00,3220.85,1371.097,1767728219999,4416800.98057,2495,773.873,2492720.68209,0
1767728220000,3220.84,3223.68,3220.48,3222.09,1962.890,1767728279999,6325001.95034,3322,1235.030,3979151.15417,0
1767728280000,3222.09,3222.10,3220.44,3221.54,1115.209,1767728339999,3592039.69977,2261,431.112,1388588.01273,0
1767728340000,3221.54,3224.00,3221.54,3223.99,399.423,1767728399999,1287193.20945,1538,266.008,857256.24009,0
1767728400000,3224.00,3224.96,3222.41,3224.85,1487.678,1767728459999,4796155.16838,3190,1118.253,3605250.60739,0
1767728460000,3224.85,3224.85,3222.31,3222.41,375.345,1767728519999,1209938.03370,1761,117.777,379629.83283,0
1767728520000,3222.42,3222.58,3221.65,3222.30,674.007,1767728579999,2171786.80861,1328,420.609,1355292.98020,0
1767728580000,3222.30,3222.72,3221.20,3221.92,424.470,1767728639999,1367644.06448,1413,225.010,724964.77181,0
1767728640000,3221.93,3222.61,3220.00,3222.50,3100.421,1767728699999,9988538.15361,3523,2397.889,7725261.18324,0
1767728700000,3222.50,3224.91,3222.50,3224.18,683.236,1767728759999,2202535.64403,2113,357.321,1151801.99658,0
1767728760000,3224.18,3225.36,3223.56,3224.31,410.060,1767728819999,1322294.43913,1895,249.991,806100.41531,0
1767728820000,3224.30,3226.33,3224.16,3224.17,635.375,1767728879999,2049493.11295,1685,166.546,537171.12195,0
1767728880000,3224.17,3225.72,3223.83,3224.16,283.256,1767728939999,913338.10399,1783,175.123,564671.06164,0
1767728940000,3224.16,3225.35,3223.77,3224.21,668.593,1767728999999,2156021.31710,1836,334.291,1078013.08626,0
1767729000000,3224.21,3224.21,3222.47,3223.18,2609.138,1767729059999,8410573.30292,1892,229.546,739817.13191,0
1767729060000,3223.19,3223.19,3220.00,3221.60,727.005,1767729119999,2341897.51128,2078,217.508,700578.14273,0
1767729120000,3221.60,3222.44,3220.81,3220.81,744.200,1767729179999,2397588.65072,1680,478.387,1541330.11363,0
1767729180000,3220.82,3221.70,3220.00,3220.85,716.987,1767729239999,2309383.67485,2067,345.143,1111740.85277,0
1767729240000,3220.83,3220.83,3219.40,3219.40,1203.322,1767729299999,3874752.82728,1626,381.308,1227862.91524,0
1767729300000,3219.41,3220.52,3219.00,3220.10,740.949,1767729359999,2385655.72032,1592,334.310,1076413.82621,0
1767729360000,3220.11,3221.46,3220.00,3221.12,421.975,1767729419999,1359168.85015,1280,250.087,805513.88711,0
1767729420000,3221.13,3221.30,3220.56,3221.23,191.570,1767729479999,617063.46550,792,136.269,438936.12393,0
1767729480000,3221.24,3222.41,3221.05,3221.91,513.623,1767729539999,1654746.93778,1414,326.482,1051837.71157,0
1767729540000,3221.92,3223.10,3221.91,3222.18,547.591,1767729599999,1764604.27486,1112,370.363,1193470.05983,0
1767729600000,3222.19,3227.67,3221.91,3227.67,2197.701,1767729659999,7087902.11740,4086,1607.860,5185524.65812,0
1767729660000,3227.67,3230.62,3227.67,3229.31,2366.675,1767729719999,7642522.30987,5205,1361.537,4396772.83902,0
1767729720000,3229.32,3234.97,3229.31,3231.51,4365.052,1767729779999,14109667.50709,8396,2710.146,8761362.85898,0
1767729780000,3231.51,3232.66,3227.68,3227.69,2017.435,1767729839999,6517608.06503,4362,539.580,1743335.14021,0
1767729840000,3227.68,3232.89,3227.50,3232.24,1608.194,1767729899999,5195087.40501,4192,1032.148,3334371.87661,0
1767729900000,3232.24,3236.65,3231.00,3235.17,5060.719,1767729959999,16370319.49301,7671,2623.394,8486773.28716,0
1767729960000,3235.18,3235.86,3231.92,3231.93,2839.467,1767730019999,9184523.04856,5742,1060.545,3430574.61792,0
1767730020000,3231.93,3232.60,3230.05,3230.61,2015.703,1767730079999,6513155.14187,3597,778.437,2515247.84316,0
1767730080000,3230.61,3234.37,3230.60,3233.68,3479.275,1767730139999,11247514.73564,5436,2437.900,7881079.80596,0
1767730140000,3233.68,3235.77,3232.89,3233.46,3593.650,1767730199999,11623939.40876,5014,2508.686,8114574.49154,0
1767730200000,3233.47,3234.68,3229.04,3230.02,2233.952,1767730259999,7219772.11148,3674,373.435,1207243.90450,0
1767730260000,3230.02,3233.21,3229.37,3233.09,867.714,1767730319999,2803802.40182,3177,527.908,1705670.22986,0
1767730320000,3233.10,3233.93,3232.50,3233.28,1241.808,1767730379999,4014920.39962,2589,292.043,944246.36568,0
1767730380000,3233.28,3236.00,3233.28,3234.31,1335.247,1767730439999,4319111.91899,2728,732.676,2369926.26944,0
1767730440000,3234.31,3235.00,3233.91,3234.91,698.311,1767730499999,2258744.47806,1279,393.871,1273975.24527,0
1767730500000,3234.91,3235.29,3233.06,3233.44,1712.327,1767730559999,5537613.18543,3544,607.203,1963680.67018,0
1767730560000,3233.44,3237.50,3232.81,3237.49,2556.569,1767730619999,8273615.84171,4471,1643.192,5317866.81721,0
1767730620000,3237.50,3238.00,3235.21,3236.25,2018.841,1767730679999,6534618.31331,3163,953.089,3085179.88966,0
1767730680000,3236.26,3237.00,3234.86,3236.99,1512.795,1767730739999,4895220.70925,2796,627.142,2029457.76518,0
1767730740000,3236.99,3239.15,3236.99,3238.80,2034.217,1767730799999,6587272.72963,3616,1484.331,4806625.53211,0
1767730800000,3238.79,3242.59,3237.79,3238.56,5481.253,1767730859999,17758500.81979,7867,2979.053,9652600.74827,0
1767730860000,3238.57,3241.88,3238.40,3240.54,3457.421,1767730919999,11203541.74397,4087,2185.375,7081576.00361,0
1767730920000,3240.54,3241.44,3236.66,3238.42,1805.936,1767730979999,5848783.32356,4674,755.749,2447453.95098,0
1767730980000,3238.42,3240.45,3238.41,3239.04,1874.479,1767731039999,6071853.28982,3219,1158.220,3751692.53142,0
1767731040000,3239.04,3243.00,3238.71,3240.88,3839.659,1767731099999,12444875.12706,4820,2786.950,9032887.30383,0
1767731100000,3240.89,3241.12,3240.16,3240.84,928.283,1767731159999,3008272.56020,1794,377.496,1223353.71925,0
1767731160000,3240.84,3241.07,3238.44,3238.44,976.120,1767731219999,3161874.56364,1677,196.091,635306.17700,0
1767731220000,3238.45,3240.10,3238.44,3239.50,603.973,1767731279999,1956533.71728,1474,353.590,1145365.19222,0
1767731280000,3239.50,3239.95,3238.77,3238.96,469.283,1767731339999,1520110.42031,1185,164.552,533006.44014,0
1767731340000,3238.96,3239.78,3238.82,3238.85,570.533,1767731399999,1848081.19524,1207,212.198,687376.34293,0
1767731400000,3238.86,3240.99,3238.46,3240.99,1961.051,1767731459999,6353072.62739,2787,1289.240,4176542.31028,0
1767731460000,3241.00,3242.87,3240.52,3242.86,2995.309,1767731519999,9709385.54002,3493,2071.863,6715833.52694,0
1767731520000,3242.87,3244.00,3242.66,3243.55,3108.904,1767731579999,10083410.65161,3490,2177.541,7062632.35928,0
1767731580000,3243.55,3245.56,3241.67,3241.84,3636.028,1767731639999,11796356.58690,5096,2040.849,6621451.65747,0
1767731640000,3241.85,3244.24,3241.85,3243.14,604.198,1767731699999,1959577.65243,2213,307.960,998730.10769,0
1767731700000,3243.15,3246.93,3243.14,3246.11,2749.608,1767731759999,8923984.11616,4104,1958.114,6354870.47885,0
1767731760000,3246.11,3247.33,3245.03,3245.09,2238.441,1767731819999,7266369.95213,3545,872.767,2833193.37585,0
1767731820000,3245.09,3247.82,3245.08,3247.31,1665.063,1767731879999,5405993.73190,2364,955.156,3101060.14509,0
1767731880000,3247.32,3248.00,3246.60,3248.00,1008.932,1767731939999,3276492.76749,1814,473.383,1537288.05259,0
1767731940000,3247.99,3248.00,3245.25,3246.00,1781.651,1767731999999,5783729.99501,2826,371.348,1205427.47844,0
1767732000000,3246.01,3247.87,3246.01,3247.29,1730.748,1767732059999,5620611.85909,2024,1021.944,3318703.18079,0
1767732060000,3247.29,3247.67,3247.28,3247.40,798.866,1767732119999,2594346.73808,998,300.777,976766.17433,0
1767732120000,3247.40,3247.41,3245.48,3247.18,1158.353,1767732179999,3760223.22812,2547,457.929,1486529.87481,0
1767732180000,3247.18,3249.00,3247.17,3247.80,2165.571,1767732239999,7034095.66305,3523,1332.605,4328372.25290,0
1767732240000,3247.81,3247.81,3244.12,3244.51,1978.014,1767732299999,6419447.89275,3166,560.810,1819778.33735,0
1767732300000,3244.51,3246.65,3244.50,3246.03,1115.833,1767732359999,3621938.72655,2483,673.416,2185845.16176,0
1767732360000,3246.02,3246.53,3244.82,3245.40,1032.972,1767732419999,3352590.11663,2173,395.430,1283287.79004,0
1767732420000,3245.39,3245.83,3244.19,3244.19,827.817,1767732479999,2686050.75867,1998,159.633,517970.66487,0
1767732480000,3244.20,3246.47,3243.85,3246.05,921.780,1767732539999,2991275.61433,2176,474.832,1540807.50922,0
1767732540000,3246.05,3246.06,3245.13,3245.63,493.406,1767732599999,1601355.81701,1257,245.509,796758.46604,0
1767732600000,3245.63,3246.85,3245.45,3245.87,722.041,1767732659999,2343728.49822,1629,263.226,854409.42262,0
1767732660000,3245.87,3245.91,3242.51,3245.46,1435.623,1767732719999,4657039.07887,3780,442.705,1435931.85117,0
1767732720000,3245.45,3245.46,3241.52,3242.02,2884.173,1767732779999,9352171.46638,4237,490.587,1590666.11564,0
1767732780000,3242.03,3243.84,3241.30,3241.30,1252.870,1767732839999,4063067.85611,2292,253.733,822855.00620,0
1767732840000,3241.31,3244.44,3241.31,3243.88,699.876,1767732899999,2269432.14477,1753,417.363,1353422.08450,0
1767732900000,3243.88,3245.00,3242.74,3243.10,857.739,1767732959999,2782331.22978,2861,271.173,879648.28515,0
1767732960000,3243.08,3243.24,3241.76,3241.99,761.820,1767733019999,2470160.49488,2203,228.794,741818.20362,0
1767733020000,3241.99,3242.59,3241.35,3242.59,661.320,1767733079999,2143987.89117,1976,228.576,741055.05447,0
1767733080000,3242.59,3242.85,3241.84,3242.07,646.119,1767733139999,2094954.18322,2039,158.124,512679.86851,0
1767733140000,3242.07,3242.66,3240.10,3240.10,1781.889,1767733199999,5775981.06053,4588,869.436,2818267.12513,0
1767733200000,3240.10,3243.36,3239.43,3239.69,1666.057,1767733259999,5399996.36480,4162,835.349,2707804.07070,0
1767733260000,3239.69,3240.25,3237.91,3240.09,2264.682,1767733319999,7335153.81097,3393,813.523,2635079.08655,0
1767733320000,3240.09,3243.15,3239.47,3240.80,1336.214,1767733379999,4330790.72181,3099,629.821,2041531.31599,0
1767733380000,3240.80,3241.65,3239.28,3241.65,613.813,1767733439999,1989162.15809,2514,272.032,881530.78316,0
1767733440000,3241.65,3241.65,3238.45,3238.87,455.926,1767733499999,1477041.95357,2372,161.954,524666.76283,0
1767733500000,3238.87,3239.72,3237.77,3239.46,517.773,1767733559999,1676902.68160,2245,210.281,681054.20999,0
1767733560000,3239.46,3240.00,3236.67,3238.86,1027.913,1767733619999,3328505.70761,3599,434.274,1406130.09766,0
1767733620000,3238.86,3239.29,3237.85,3238.52,642.922,1767733679999,2082103.12028,2163,303.976,984394.95231,0
1767733680000,3238.52,3238.53,3237.35,3238.49,480.468,1767733739999,1555681.36295,1648,202.643,656111.36622,0
1767733740000,3238.48,3238.92,3237.83,3238.00,360.142,1767733799999,1166319.78679,1284,193.750,627465.32273,0
1767733800000,3237.99,3238.74,3237.89,3238.01,554.937,1767733859999,1796967.34907,2634,156.941,508195.48543,0
1767733860000,3238.01,3243.58,3236.86,3243.57,1715.956,1767733919999,5560793.33990,4755,1273.379,4126637.13794,0
1767733920000,3243.56,3253.72,3243.20,3248.26,11991.693,1767733979999,38962685.01462,18186,8374.062,27207160.98343,0
1767733980000,3248.26,3251.96,3248.14,3251.85,4607.894,1767734039999,14974003.61930,5823,2606.926,8471903.46455,0
1767734040000,3251.86,3254.52,3251.43,3253.43,5387.333,1767734099999,17525534.44775,7774,3243.616,10552299.85214,0
1767734100000,3253.44,3267.47,3252.54,3265.53,26906.100,1767734159999,87743650.79322,30208,18041.138,58831427.30693,0
1767734160000,3265.53,3275.50,3265.00,3273.37,20955.826,1767734219999,68528822.09018,29013,12056.089,39430160.96457,0
1767734220000,3273.36,3288.83,3272.15,3286.53,35012.166,1767734279999,114924298.23878,42813,19515.773,64056835.34579,0
1767734280000,3286.53,3288.10,3273.74,3277.85,17461.301,1767734339999,57245935.39931,22592,5420.506,17771596.08552,0
1767734340000,3277.86,3282.80,3275.00,3282.79,6194.935,1767734399999,20307247.08550,12182,2657.363,8712578.97271,0
1767734400000,3282.79,3286.66,3276.58,3277.78,7233.909,1767734459999,23743473.51103,12694,3193.249,10484193.77583,0
1767734460000,3277.79,3279.39,3272.94,3276.50,5410.091,1767734519999,17726309.22207,11158,1603.246,5253578.93480,0
1767734520000,3276.49,3281.74,3274.56,3281.74,4793.994,1767734579999,15712077.14483,7462,2539.149,8323505.53664,0
1767734580000,3281.75,3285.53,3281.12,3284.00,5685.980,1767734639999,18668899.96684,11315,2683.802,8812004.84190,0
1767734640000,3284.00,3286.17,3280.64,3281.14,3833.468,1767734699999,12587312.23033,7522,1451.965,4768073.26224,0
1767734700000,3281.15,3281.15,3275.18,3278.22,4709.241,1767734759999,15432912.72597,8454,1948.118,6384534.99642,0
1767734760000,3278.21,3279.69,3277.23,3279.50,1834.736,1767734819999,6014857.62095,3271,1125.298,3688999.59863,0
1767734820000,3279.50,3281.50,3279.16,3281.10,1879.418,1767734879999,6165211.58426,3728,779.325,2556345.36434,0
1767734880000,3281.10,3281.10,3279.15,3279.41,941.712,1767734939999,3088786.97754,2038,148.101,485758.86868,0
1767734940000,3279.41,3281.56,3279.41,3281.55,1232.888,1767734999999,4044414.42624,2364,469.173,1539102.57659,0
1767735000000,3281.56,3285.00,3281.56,3283.81,4242.324,1767735059999,13929643.98997,8206,2985.435,9802429.46106,0
1767735060000,3283.81,3286.19,3282.82,3283.30,3037.675,1767735119999,9978042.44208,5304,1218.203,4001374.32402,0
1767735120000,3283.31,3285.00,3282.37,3282.39,2650.531,1767735179999,8702429.10779,6389,956.555,3140578.69397,0
1767735180000,3282.40,3285.60,3281.69,3284.70,2189.573,1767735239999,7191494.27448,4789,1113.214,3656148.23219,0
1767735240000,3284.69,3299.99,3283.70,3297.99,18362.793,1767735299999,60488861.81565,26866,11799.753,38868517.06162,0
1767735300000,3298.00,3298.85,3293.24,3293.75,5510.034,1767735359999,18157892.38940,8303,1842.524,6072557.15507,0
1767735360000,3293.75,3294.78,3286.88,3287.28,6381.206,1767735419999,20991806.08429,11041,2130.664,7009319.38713,0
1767735420000,3287.29,3288.48,3285.29,3288.27,2345.555,1767735479999,7709595.40143,5544,1115.170,3665458.05969,0
1767735480000,3288.28,3289.78,3286.42,3286.87,1641.779,1767735539999,5398116.30939,3287,662.209,2177501.36666,0
1767735540000,3286.87,3287.89,3286.24,3287.08,1896.710,1767735599999,6234447.47766,3686,770.367,2532049.97591,0
1767735600000,3287.08,3288.05,3286.60,3287.35,1909.414,1767735659999,6276999.74115,2871,1097.410,3607643.69572,0
1767735660000,3287.34,3289.07,3287.11,3288.87,1695.120,1767735719999,5574477.65814,3051,1074.721,3534210.75245,0
1767735720000,3288.87,3293.60,3288.86,3291.29,2627.264,1767735779999,8648709.56316,4819,1538.463,5064569.05742,0
1767735780000,3291.29,3293.13,3288.86,3288.86,2329.809,1767735839999,7668906.15963,4269,691.524,2276520.38622,0
1767735840000,3288.87,3290.49,3288.48,3289.60,1439.016,1767735899999,4734383.51531,2872,571.001,1878579.19429,0
1767735900000,3289.61,3292.70,3289.61,3291.61,2001.421,1767735959999,6587005.95163,3557,1445.294,4756618.53244,0
1767735960000,3291.61,3291.61,3283.69,3284.98,2735.718,1767736019999,8991431.05557,6016,701.308,2304624.56911,0
1767736020000,3284.99,3286.16,3284.10,3284.99,2969.955,1767736079999,9757007.79806,5572,705.817,2318750.15012,0
1767736080000,3284.99,3285.00,3276.09,3276.10,7923.838,1767736139999,25996184.67326,11839,2173.783,7130345.51259,0
1767736140000,3276.10,3278.11,3274.81,3278.03,3979.321,1767736199999,13038119.44122,6597,1539.398,5043857.53125,0
1767736200000,3278.03,3278.03,3275.90,3277.64,2773.678,1767736259999,9089827.78032,3389,723.999,2372705.48814,0
1767736260000,3277.64,3278.28,3271.60,3272.50,7429.384,1767736319999,24323096.03021,10284,2255.808,7385157.14061,0
1767736320000,3272.50,3274.73,3271.69,3273.93,1842.907,1767736379999,6032160.00426,5259,832.681,2725581.22184,0
1767736380000,3273.93,3278.74,3273.61,3277.74,2637.288,1767736439999,8640617.26638,5074,2075.437,6800030.73373,0
1767736440000,3277.73,3279.47,3277.50,3278.51,1394.672,1767736499999,4572369.34334,3212,861.270,2823744.43144,0
1767736500000,3278.51,3278.53,3276.00,3276.01,1856.304,1767736559999,6083608.61219,4217,603.716,1978664.43850,0
1767736560000,3276.01,3277.78,3275.76,3277.78,948.586,1767736619999,3107775.62036,1824,524.256,1717548.03663,0
1767736620000,3277.78,3277.78,3275.00,3275.60,895.266,1767736679999,2932902.85336,2937,298.294,977124.24539,0
1767736680000,3275.60,3276.15,3274.58,3274.58,1091.106,1767736739999,3573762.39196,1723,282.355,924924.06770,0
1767736740000,3274.59,3276.14,3274.58,3274.77,755.867,1767736799999,2475902.64840,1538,413.558,1354591.09788,0
1767736800000,3274.77,3280.48,3274.58,3277.63,2410.331,1767736859999,7902174.60170,6670,1702.675,5581932.91915,0
1767736860000,3277.63,3280.00,3277.63,3280.00,1030.661,1767736919999,3379725.20375,3444,539.319,1768515.59290,0
1767736920000,3280.00,3282.50,3279.99,3281.85,1857.321,1767736979999,6094469.08837,4548,1193.042,3914775.77822,0
1767736980000,3281.86,3284.10,3281.85,3283.85,2124.629,1767737039999,6975372.39125,3461,1322.970,4343465.70450,0
1767737040000,3283.85,3284.88,3281.77,3283.67,2240.623,1767737099999,7356991.68239,3931,778.603,2556809.74796,0
1767737100000,3283.67,3286.10,3280.64,3281.30,1810.054,1767737159999,5942846.24952,4861,783.046,2571548.42890,0
1767737160000,3281.31,3281.56,3279.23,3279.59,1147.010,1767737219999,3762498.89590,2149,221.970,728062.65896,0
1767737220000,3279.60,3282.27,3279.59,3281.80,1060.053,1767737279999,3478289.58755,2774,750.401,2462158.59662,0
1767737280000,3281.80,3284.32,3281.80,3283.53,1336.492,1767737339999,4388093.67539,2710,951.497,3124001.69545,0
1767737340000,3283.52,3291.01,3283.33,3284.69,6252.755,1767737399999,20550576.37481,7607,4792.124,15749955.77327,0
1767737400000,3284.69,3285.32,3281.90,3281.90,772.452,1767737459999,2536448.17840,2203,231.998,761828.77938,0
1767737460000,3281.90,3281.90,3280.00,3280.01,1779.651,1767737519999,5838664.83546,3166,689.774,2263112.18281,0
1767737520000,3280.01,3281.43,3280.01,3280.05,424.258,1767737579999,1391947.23034,1745,229.975,754507.08284,0
1767737580000,3280.05,3280.71,3277.10,3277.19,2459.159,1767737639999,8063816.37011,2915,435.054,1426630.67081,0
1767737640000,3277.19,3278.16,3272.79,3273.23,4240.054,1767737699999,13885410.60892,5392,1078.621,3532411.88969,0
1767737700000,3273.24,3278.07,3273.23,3276.28,1542.995,1767737759999,5054508.96296,3313,853.291,2795184.49771,0
1767737760000,3276.29,3276.73,3271.00,3271.31,1703.333,1767737819999,5576579.72146,3210,490.738,1606683.15776,0
1767737820000,3271.31,3272.81,3269.01,3270.81,3512.168,1767737879999,11485400.40952,4957,1238.309,4049449.50616,0
1767737880000,3270.82,3273.27,3270.81,3273.00,957.804,1767737939999,3134328.60414,2076,617.126,2019472.68132,0
1767737940000,3273.01,3273.01,3267.46,3267.46,2506.298,1767737999999,8192970.42135,3971,457.898,1496778.74426,0
1767738000000,3267.45,3269.85,3266.71,3269.85,2174.596,1767738059999,7106187.13849,3528,1106.120,3614546.49906,0
1767738060000,3269.84,3272.80,3269.80,3270.10,2004.943,1767738119999,6558060.50633,3195,1330.379,4351782.21839,0
1767738120000,3270.10,3270.10,3268.41,3269.47,599.320,1767738179999,1959236.55151,1944,254.830,833052.62667,0
1767738180000,3269.48,3270.09,3267.47,3268.47,2899.109,1767738239999,9476460.91154,4076,539.116,1762357.02767,0
1767738240000,3268.47,3272.92,3268.01,3272.72,2153.587,1767738299999,7042790.36915,2993,1907.791,6239231.17336,0
1767738300000,3272.71,3274.40,3271.62,3273.74,1096.641,1767738359999,3589457.60567,2841,590.291,1932092.70990,0
1767738360000,3273.74,3273.74,3269.82,3270.05,687.910,1767738419999,2250493.28572,1740,175.650,574497.08585,0
1767738420000,3270.06,3271.43,3270.00,3270.70,473.085,1767738479999,1547425.35330,1592,179.880,588327.15040,0
1767738480000,3270.69,3275.12,3270.24,3270.51,4464.856,1767738539999,14611635.63916,4141,2594.351,8491399.86926,0
1767738540000,3270.50,3271.79,3270.50,3271.78,592.531,1767738599999,1938079.50243,866,474.473,1551923.88607,0
1767738600000,3271.79,3272.96,3271.79,3272.00,374.982,1767738659999,1227041.10284,1434,156.924,513511.33121,0
1767738660000,3272.00,3272.00,3270.10,3270.10,475.482,1767738719999,1555270.96201,1076,173.805,568455.12531,0
1767738720000,3270.11,3270.11,3268.16,3268.16,896.701,1767738779999,2931661.97148,1517,224.210,732946.16901,0
1767738780000,3268.16,3269.40,3268.16,3269.21,397.074,1767738839999,1297937.52236,937,209.430,684542.44585,0
1767738840000,3269.21,3269.22,3267.68,3267.69,409.714,1767738899999,1339042.67090,818,118.092,385949.93756,0
1767738900000,3267.68,3267.69,3265.88,3266.15,943.204,1767738959999,3081110.06648,1617,213.185,696384.21627,0
1767738960000,3266.14,3269.57,3265.00,3269.33,6218.569,1767739019999,20306456.19143,3535,1273.204,4159062.43923,0
1767739020000,3269.33,3269.99,3268.58,3269.52,737.809,1767739079999,2412219.16975,1203,334.820,1094688.89512,0
1767739080000,3269.52,3269.52,3265.54,3265.56,1019.158,1767739139999,3330130.28418,1705,274.018,895527.57271,0
1767739140000,3265.56,3268.00,3265.53,3267.92,1147.890,1767739199999,3749370.97975,2538,673.809,2200826.13785,0
1767739200000,3267.92,3271.00,3267.92,3268.59,1552.665,1767739259999,5077053.20285,2659,1200.233,3924656.91325,0
1767739260000,3268.58,3268.59,3266.10,3268.44,505.771,1767739319999,1652596.32671,1817,256.098,836679.40557,0
1767739320000,3268.43,3272.37,3268.14,3271.87,1867.220,1767739379999,6107807.17045,3160,1283.675,4198726.35258,0
1767739380000,3271.88,3271.88,3268.33,3268.33,717.920,1767739439999,2347345.72706,2083,193.509,632674.61817,0
1767739440000,3268.34,3270.01,3268.33,3270.01,512.420,1767739499999,1675323.96930,1392,389.278,1272692.70206,0
1767739500000,3270.02,3270.02,3269.48,3269.49,245.633,1767739559999,803138.76186,770,84.387,275914.68709,0
1767739560000,3269.49,3269.65,3269.42,3269.42,234.196,1767739619999,765705.17370,473,137.801,450540.46891,0
1767739620000,3269.43,3270.29,3269.42,3270.27,644.910,1767739679999,2108772.63201,1097,509.149,1664834.84159,0
1767739680000,3270.28,3274.40,3270.27,3273.90,2214.217,1767739739999,7245193.53161,3343,1633.721,5345243.36129,0
1767739740000,3273.90,3279.28,3273.90,3277.87,2888.684,1767739799999,9465998.77131,5604,2259.473,7403848.88355,0
1767739800000,3277.87,3277.88,3276.92,3277.00,2931.102,1767739859999,9605214.78335,1633,380.966,1248499.35102,0
1767739860000,3277.01,3277.95,3277.00,3277.01,981.557,1767739919999,3216839.87134,1336,521.201,1708200.45267,0
1767739920000,3277.01,3279.37,3274.67,3274.67,6244.186,1767739979999,20462516.42157,3136,761.726,2496549.99330,0
1767739980000,3274.68,3277.19,3272.45,3277.18,1501.908,1767740039999,4917697.81168,3719,859.866,2815526.06440,0
1767740040000,3277.19,3277.19,3274.21,3274.21,308.314,1767740099999,1009980.71348,1296,78.522,257235.13664,0
1767740100000,3274.22,3274.91,3272.52,3274.74,1272.530,1767740159999,4165414.60052,2257,528.089,1728484.49168,0
1767740160000,3274.75,3277.65,3274.75,3276.00,1970.858,1767740219999,6457072.64580,2785,1673.245,5482028.25785,0
1767740220000,3276.00,3278.40,3275.99,3278.39,646.528,1767740279999,2118927.74349,1886,416.514,1365045.36373,0
1767740280000,3278.40,3278.40,3274.73,3274.73,776.014,1767740339999,2543252.96098,1568,208.016,681828.15063,0
1767740340000,3274.74,3276.44,3273.54,3276.43,1060.855,1767740399999,3473844.72205,2223,439.701,1439798.70976,0
1767740400000,3276.43,3278.61,3276.10,3278.36,1317.673,1767740459999,4318826.22966,2505,751.888,2464244.80064,0
1767740460000,3278.36,3278.36,3275.57,3275.58,662.362,1767740519999,2170647.73490,1688,292.839,959647.04909,0
1767740520000,3275.58,3278.72,3275.00,3276.58,1476.208,1767740579999,4837137.35005,4608,938.345,3074430.18712,0
1767740580000,3276.58,3277.99,3275.39,3276.02,1492.733,1767740639999,4890613.84404,3563,873.894,2863065.77155,0
1767740640000,3276.02,3280.71,3275.80,3280.37,2063.944,1767740699999,6767078.13059,3943,1589.280,5210730.15861,0
1767740700000,3280.36,3280.36,3277.52,3277.94,956.166,1767740759999,3135212.80441,3084,524.445,1719688.37276,0
1767740760000,3277.95,3279.75,3277.95,3279.47,692.796,1767740819999,2271593.73500,2872,381.349,1250338.57245,0
1767740820000,3279.48,3283.53,3279.47,3282.81,3257.487,1767740879999,10690652.82286,5611,2313.260,7591537.55961,0
1767740880000,3282.82,3285.75,3282.26,3285.43,2603.372,1767740939999,8549476.27852,5303,1945.111,6387872.26078,0
1767740940000,3285.43,3286.01,3283.97,3286.00,2608.937,1767740999999,8570260.61204,4578,1364.804,4483445.74024,0
1767741000000,3286.00,3287.89,3285.04,3286.58,3759.043,1767741059999,12354216.97627,5882,2628.618,8639005.90785,0
1767741060000,3286.57,3287.87,3285.83,3286.69,1865.848,1767741119999,6132810.25992,3286,1068.228,3511068.42702,0
1767741120000,3286.70,3288.00,3285.04,3285.49,1960.364,1767741179999,6442175.21646,3883,977.445,3212160.75429,0
1767741180000,3285.49,3287.94,3285.49,3287.77,2230.243,1767741239999,7330333.21977,3752,1702.901,5597049.72642,0
1767741240000,3287.77,3287.78,3286.92,3287.48,1834.100,1767741299999,6029344.55744,2269,772.655,2539984.91930,0
1767741300000,3287.47,3290.85,3287.47,3289.73,3366.868,1767741359999,11075536.24770,6246,1835.371,6037634.47739,0
1767741360000,3289.72,3290.94,3286.66,3287.01,2109.001,1767741419999,6935135.48637,3844,882.505,2902024.13921,0
1767741420000,3287.02,3287.69,3284.04,3287.62,2281.863,1767741479999,7497444.31033,4443,1050.211,3450823.81850,0
1767741480000,3287.63,3287.98,3284.01,3285.11,2075.403,1767741539999,6819080.83967,3903,650.836,2138560.52854,0
1767741540000,3285.11,3287.36,3285.11,3287.18,1020.334,1767741599999,3353140.40015,2523,496.490,1631515.13307,0
1767741600000,3287.18,3287.55,3286.37,3286.50,652.219,1767741659999,2143711.78143,1803,221.842,729131.47661,0
1767741660000,3286.50,3286.50,3285.66,3285.81,926.963,1767741719999,3046056.91444,1586,460.435,1513037.56648,0
1767741720000,3285.82,3285.82,3281.35,3282.04,2103.695,1767741779999,6906248.03328,4106,750.966,2465460.33688,0
1767741780000,3282.04,3282.42,3281.86,3282.42,581.527,1767741839999,1908656.27940,1187,248.465,815492.34523,0
1767741840000,3282.42,3282.42,3280.79,3280.99,898.964,1767741899999,2950034.69534,1850,308.149,1011170.46159,0
1767741900000,3281.00,3281.44,3279.97,3280.85,969.901,1767741959999,3181914.92074,2271,303.836,996771.07041,0
1767741960000,3280.84,3281.37,3280.32,3281.36,912.386,1767742019999,2993365.00606,1657,352.044,1154983.32658,0
1767742020000,3281.36,3286.04,3281.36,3285.60,1961.004,1767742079999,6440363.57374,4287,1391.734,4570733.95637,0
1767742080000,3285.60,3287.50,3285.59,3287.49,1619.930,1767742139999,5323635.74855,2382,1180.605,3879848.04625,0
1767742140000,3287.50,3288.25,3286.30,3287.35,737.491,1767742199999,2424377.79827,2056,451.845,1485371.79587,0
1767742200000,3287.34,3288.00,3286.25,3286.64,1685.010,1767742259999,5538780.99229,2000,996.504,3275656.13621,0
1767742260000,3286.65,3288.08,3286.23,3287.16,3435.557,1767742319999,11292821.80610,4774,2690.131,8842460.01865,0
1767742320000,3287.15,3293.00,3287.15,3292.27,4558.091,1767742379999,15001719.96481,7345,3472.697,11429260.46900,0
1767742380000,3292.27,3292.50,3288.51,3288.80,1615.970,1767742439999,5317397.97553,3499,537.654,1769310.49706,0
1767742440000,3288.81,3288.85,3287.23,3288.07,1024.657,1767742499999,3369010.96021,1867,229.765,755474.09950,0
1767742500000,3288.08,3291.33,3288.07,3291.03,1552.653,1767742559999,5108109.88937,3279,1042.237,3428674.83441,0
1767742560000,3291.03,3291.04,3289.81,3289.97,2064.585,1767742619999,6793855.95158,3261,965.166,3175978.55496,0
1767742620000,3289.98,3290.00,3288.50,3289.99,818.350,1767742679999,2691610.61037,2382,266.529,876623.67225,0
1767742680000,3289.99,3290.00,3287.63,3287.63,919.833,1767742739999,3025122.08559,1403,163.355,537288.12585,0
1767742740000,3287.64,3289.22,3286.93,3288.00,1528.498,1767742799999,5025619.13389,2204,351.068,1154310.98651,0
1767742800000,3288.01,3288.99,3287.48,3288.14,1608.769,1767742859999,5289873.75657,2240,689.523,2267155.70448,0
1767742860000,3288.15,3288.20,3287.37,3287.37,884.684,1767742919999,2908759.13074,1689,381.150,1253180.94904,0
1767742920000,3287.37,3289.61,3287.36,3289.30,502.604,1767742979999,1652996.76390,1402,296.443,974948.81217,0
1767742980000,3289.29,3290.63,3289.29,3290.62,1869.032,1767743039999,6148951.91051,1869,768.023,2526688.92491,0
1767743040000,3290.62,3290.63,3289.64,3289.85,2325.588,1767743099999,7651405.59804,1471,693.554,2281903.39841,0
1767743100000,3289.86,3291.88,3289.85,3291.20,1582.118,1767743159999,5206599.86099,2547,1088.836,3583072.68711,0
1767743160000,3291.20,3293.33,3291.20,3292.31,1277.814,1767743219999,4207206.94714,2744,771.869,2541374.83855,0
1767743220000,3292.31,3301.64,3292.13,3298.23,26321.966,1767743279999,86810666.03698,28022,15293.584,50440328.45344,0
1767743280000,3298.23,3298.77,3295.50,3295.95,5804.129,1767743339999,19138378.14115,7145,2333.011,7692744.75821,0
1767743340000,3295.96,3295.96,3291.19,3293.31,3982.194,1767743399999,13112599.46953,6934,1175.456,3870584.70355,0
1767743400000,3293.30,3296.44,3293.30,3294.11,2818.622,1767743459999,9288618.60791,4336,1565.629,5159317.75679,0
1767743460000,3294.11,3297.43,3293.80,3297.00,3602.823,1767743519999,11874303.55067,3995,2289.155,7543754.28068,0
1767743520000,3297.01,3297.01,3292.31,3295.33,5291.512,1767743579999,17433610.98367,5371,1630.770,5371785.10060,0
1767743580000,3295.32,3295.50,3294.48,3294.83,2993.996,1767743639999,9865102.98256,2559,791.673,2608417.74338,0
1767743640000,3294.83,3295.74,3294.64,3295.40,1438.854,1767743699999,4741048.34629,1783,1150.627,3791360.03687,0
1767743700000,3295.39,3296.43,3294.90,3295.80,920.426,1767743759999,3033421.87573,1963,440.712,1452451.02794,0
1767743760000,3295.81,3298.29,3294.64,3298.29,2954.687,1767743819999,9740285.44264,3953,2194.380,7233957.50220,0
1767743820000,3298.29,3298.29,3297.11,3297.70,1446.624,1767743879999,4770422.66405,2892,554.014,1826918.94962,0
1767743880000,3297.71,3298.00,3295.26,3295.71,948.123,1767743939999,3125203.42963,2120,373.717,1231737.19037,0
1767743940000,3295.70,3297.00,3295.02,3295.46,1186.391,1767743999999,3910066.88724,2765,492.199,1622125.52299,0
