open_time,open,high,low,close,volume,close_time,quote_volume,count,taker_buy_volume,taker_buy_quote_volume,ignore
1762560000000,3434.37,3437.42,3433.96,3436.28,1671.076,1762560059999,5741578.38863,4095,669.947,2301832.57403,0
1762560060000,3436.29,3437.18,3435.53,3435.59,707.320,1762560119999,2430577.84275,2725,261.397,898229.80032,0
1762560120000,3435.58,3435.59,3432.83,3433.32,1390.843,1762560179999,4775429.72375,3198,442.127,1517904.01015,0
1762560180000,3433.32,3433.44,3426.80,3428.22,8842.311,1762560239999,30323320.90218,9419,1600.422,5487794.68389,0
1762560240000,3428.23,3430.65,3425.65,3426.13,3871.587,1762560299999,13271521.46922,6074,1810.754,6207591.90275,0
1762560300000,3426.13,3429.96,3425.00,3429.96,1952.071,1762560359999,6689033.71520,4562,901.327,3088978.60703,0
1762560360000,3429.95,3433.66,3428.15,3433.66,3170.729,1762560419999,10873571.78816,5019,1793.373,6149572.34666,0
1762560420000,3433.66,3436.00,3432.28,3433.96,4700.122,1762560479999,16141410.71626,7252,1722.404,5915455.72959,0
1762560480000,3433.96,3434.17,3427.71,3428.50,1776.467,1762560539999,6093642.96655,4892,629.527,2159544.38504,0
1762560540000,3428.49,3428.91,3427.71,3428.44,998.493,1762560599999,3423178.09120,2792,496.586,1702422.52215,0
1762560600000,3428.44,3428.58,3425.94,3427.33,1788.209,1762560659999,6128440.33851,4783,617.269,2115372.70653,0
1762560660000,3427.33,3427.81,3422.00,3424.40,5418.391,1762560719999,18553032.25513,7786,2453.682,8401460.33547,0
1762560720000,3424.40,3425.52,3421.26,3425.24,3386.686,1762560779999,11592450.45409,6725,1860.111,6367054.77828,0
1762560780000,3425.25,3427.35,3425.25,3427.28,1104.993,1762560839999,3786556.69010,3200,281.740,965405.54622,0
1762560840000,3427.28,3432.95,3425.99,3431.51,2824.749,1762560899999,9690521.89233,5153,1611.613,5527681.51807,0
1762560900000,3431.51,3434.00,3430.91,3433.74,2033.121,1762560959999,6979198.71172,4444,1042.203,3577571.03237,0
1762560960000,3433.74,3434.46,3430.24,3431.22,2743.500,1762561019999,9416371.57193,5364,535.323,1837646.30758,0
1762561020000,3431.21,3434.67,3430.81,3434.67,935.578,1762561079999,3211943.61892,3005,565.584,1941738.53305,0
1762561080000,3434.66,3436.27,3431.03,3435.98,2711.823,1762561139999,9311739.18417,5882,1231.199,4228108.04451,0
1762561140000,3435.97,3438.76,3435.53,3438.34,1463.052,1762561199999,5029228.42431,4193,995.710,3422700.71660,0
1762561200000,3438.34,3438.34,3434.44,3436.64,1414.646,1762561259999,4860550.48938,4012,513.770,1765330.68105,0
1762561260000,3436.64,3438.00,3435.49,3436.35,941.241,1762561319999,3234702.65734,3408,680.583,2338822.89486,0
1762561320000,3436.36,3437.69,3430.51,3430.85,1625.617,1762561379999,5583581.27628,4929,486.461,1671156.69160,0
1762561380000,3430.85,3431.89,3428.57,3430.54,2472.516,1762561439999,8481268.83069,4779,903.607,3099467.77289,0
1762561440000,3430.54,3434.62,3430.45,3432.00,2677.521,1762561499999,9191567.63628,4379,1761.478,6046757.56406,0
1762561500000,3431.99,3431.99,3427.29,3427.44,1145.755,1762561559999,3929101.09499,3769,592.449,2031669.72398,0
1762561560000,3427.44,3427.44,3422.99,3423.54,2376.649,1762561619999,8139857.53839,5055,842.470,2885311.85420,0
1762561620000,3423.53,3427.20,3423.53,3426.15,1072.354,1762561679999,3673342.42499,3556,640.502,2193926.71087,0
1762561680000,3426.16,3426.16,3423.74,3424.47,873.391,1762561739999,2991257.87016,3491,432.776,1482148.14917,0
1762561740000,3424.47,3424.97,3422.78,3424.86,1691.896,1762561799999,5793006.18977,3599,1096.140,3753190.68407,0
1762561800000,3424.87,3426.35,3423.61,3424.53,2857.413,1762561859999,9786555.57421,4704,1646.713,5639932.77005,0
1762561860000,3424.52,3424.72,3420.23,3421.92,2690.874,1762561919999,9209736.96171,5639,930.038,3183936.36448,0
1762561920000,3421.93,3423.81,3417.12,3417.68,5484.104,1762561979999,18751999.42265,7917,1705.372,5831748.68729,0
1762561980000,3417.69,3422.00,3417.68,3421.81,2206.891,1762562039999,7548256.04491,4785,1479.761,5061010.74634,0
1762562040000,3421.81,3422.50,3417.51,3417.57,1744.131,1762562099999,5964997.65394,4449,707.441,2419355.67435,0
1762562100000,3417.56,3421.59,3415.14,3419.69,4452.252,1762562159999,15222342.76419,6746,1621.907,5546177.02825,0
1762562160000,3419.69,3421.41,3418.17,3418.29,2715.315,1762562219999,9286609.69687,4676,793.791,2714811.11363,0
1762562220000,3418.29,3419.46,3416.00,3416.20,1425.830,1762562279999,4872453.40464,3455,618.475,2113553.42763,0
1762562280000,3416.20,3416.21,3412.00,3412.51,4565.822,1762562339999,15587823.18417,7331,1931.570,6594303.35532,0
1762562340000,3412.51,3416.00,3404.93,3415.99,10604.525,1762562399999,36163591.06845,13923,4425.126,15095879.38014,0
1762562400000,3416.00,3425.86,3416.00,3423.73,7457.295,1762562459999,25516479.67241,10335,5057.491,17302550.73237,0
1762562460000,3423.74,3426.37,3422.80,3425.81,2890.791,1762562519999,9901078.64399,5723,1652.186,5658980.45254,0
1762562520000,3425.80,3428.60,3423.97,3428.55,2049.413,1762562579999,7021570.77130,4454,731.225,2505757.80377,0
1762562580000,3428.56,3430.85,3428.56,3429.71,1525.265,1762562639999,5231025.92022,4457,933.137,3200263.19768,0
1762562640000,3429.71,3433.00,3429.42,3431.36,2194.011,1762562699999,7528535.78243,4833,840.256,2883276.84314,0
1762562700000,3431.35,3432.56,3430.24,3431.16,1382.167,1762562759999,4742925.12098,4101,398.490,1367331.16457,0
1762562760000,3431.16,3437.40,3431.16,3435.77,2525.958,1762562819999,8676810.49649,4822,1276.765,4385505.50206,0
1762562820000,3435.75,3438.86,3435.75,3438.37,2475.862,1762562879999,8510880.78278,3996,1045.782,3594837.58258,0
1762562880000,3438.37,3440.69,3438.37,3440.00,3815.324,1762562939999,13123998.01137,4229,2220.436,7637844.67229,0
1762562940000,3440.00,3447.61,3440.00,3445.69,6879.943,1762562999999,23704351.09839,9370,3857.860,13291736.92036,0
1762563000000,3445.69,3445.70,3438.00,3438.00,4629.577,1762563059999,15934280.22778,6475,1393.774,4796015.93818,0
1762563060000,3438.01,3438.01,3432.68,3433.26,1967.262,1762563119999,6756516.11737,4847,782.952,2688841.90878,0
1762563120000,3433.25,3433.26,3427.04,3428.15,2776.411,1762563179999,9522391.42124,6114,744.611,2554222.08147,0
1762563180000,3428.14,3430.09,3425.97,3427.33,2583.645,1762563239999,8856743.57896,5450,1124.532,3855226.68189,0
1762563240000,3427.33,3431.58,3425.32,3429.98,1868.082,1762563299999,6404351.54324,4671,1250.353,4286682.45308,0
1762563300000,3429.97,3430.72,3424.67,3425.13,2168.435,1762563359999,7432574.34542,4875,1008.402,3456475.65560,0
1762563360000,3425.13,3425.42,3422.70,3423.70,1196.631,1762563419999,4097114.32665,3589,519.351,1778143.58533,0
1762563420000,3423.70,3424.94,3422.58,3422.91,1627.800,1762563479999,5573253.75910,4145,794.120,2719044.13329,0
1762563480000,3422.91,3425.42,3422.90,3424.23,1438.054,1762563539999,4924544.95118,3868,766.310,2624140.13002,0
1762563540000,3424.22,3424.23,3422.07,3423.36,1900.615,1762563599999,6506137.37739,4447,436.156,1492935.75708,0
1762563600000,3423.36,3423.98,3421.05,3421.59,2658.774,1762563659999,9100019.06019,5631,1596.748,5465061.51099,0
1762563660000,3421.59,3425.11,3420.42,3425.11,1221.451,1762563719999,4180881.13175,4417,616.365,2109986.18429,0
1762563720000,3425.11,3430.63,3424.03,3427.81,2639.077,1762563779999,9046441.76570,6341,1180.727,4047765.56804,0
1762563780000,3427.82,3433.85,3427.81,3432.82,2294.772,1762563839999,7874662.08672,6005,1258.801,4319755.81895,0
1762563840000,3432.82,3435.00,3431.31,3434.95,2341.614,1762563899999,8040296.17132,6114,1162.783,3992574.02887,0
1762563900000,3434.96,3443.00,3434.24,3442.33,3162.075,1762563959999,10877445.86072,7862,2139.257,7359157.59412,0
1762563960000,3442.33,3444.41,3437.88,3438.50,2886.197,1762564019999,9932486.42277,6588,1309.864,4508182.26181,0
1762564020000,3438.50,3443.00,3438.50,3440.18,3193.008,1762564079999,10988131.25716,6271,1290.066,4439426.76477,0
1762564080000,3440.18,3441.89,3437.10,3438.02,1467.548,1762564139999,5047290.16547,4906,811.714,2791887.34402,0
1762564140000,3438.02,3441.35,3437.16,3437.32,972.349,1762564199999,3344071.12927,3961,617.472,2123573.96643,0
1762564200000,3437.32,3438.02,3433.62,3434.05,1161.310,1762564259999,3990149.40000,5386,589.850,2026712.68502,0
1762564260000,3434.06,3437.74,3434.06,3436.00,753.164,1762564319999,2588207.33485,4417,340.123,1168761.83094,0
1762564320000,3436.01,3436.42,3432.55,3435.63,1294.945,1762564379999,4447880.42610,4752,332.582,1142338.81607,0
1762564380000,3435.63,3438.87,3434.68,3436.97,721.616,1762564439999,2480135.57951,3556,370.356,1272778.03311,0
1762564440000,3436.99,3437.92,3433.69,3434.87,705.493,1762564499999,2423829.65509,3673,223.351,767345.85275,0
1762564500000,3434.87,3438.22,3433.02,3437.70,805.595,1762564559999,2767545.91684,4276,585.816,2012511.83637,0
1762564560000,3437.71,3440.61,3437.71,3439.75,904.094,1762564619999,3109844.65549,4299,579.155,1992111.89776,0
1762564620000,3439.74,3440.46,3437.79,3438.47,1000.111,1762564679999,3439690.17780,4317,580.146,1995273.28706,0
1762564680000,3438.47,3442.00,3438.11,3441.99,1345.110,1762564739999,4627103.23948,4251,1134.164,3901574.09470,0
1762564740000,3442.00,3444.71,3441.99,3443.98,2399.477,1762564799999,8263680.77066,4085,1138.718,3921485.65604,0
1762564800000,3443.97,3444.21,3440.83,3442.23,897.614,1762564859999,3089652.35362,3294,424.709,1462018.60740,0
1762564860000,3442.22,3446.18,3442.03,3444.01,2286.183,1762564919999,7875632.58004,4929,1543.961,5318731.86029,0
1762564920000,3444.00,3444.01,3440.73,3443.01,1166.445,1762564979999,4015306.02570,4427,637.122,2193198.54237,0
1762564980000,3443.01,3443.59,3440.12,3440.12,1238.162,1762565039999,4261059.38737,4037,398.892,1372788.45683,0
1762565040000,3440.12,3443.38,3439.44,3442.72,596.711,1762565099999,2053719.83463,3346,340.947,1173433.73973,0
1762565100000,3442.71,3444.54,3441.63,3442.69,790.574,1762565159999,2722051.32973,3263,300.344,1034128.72193,0
1762565160000,3442.68,3443.52,3441.33,3442.21,954.708,1762565219999,3286576.36094,3397,542.207,1866578.92601,0
1762565220000,3442.21,3442.36,3438.08,3439.84,694.377,1762565279999,2388652.55082,3709,191.884,660040.56716,0
1762565280000,3439.86,3439.86,3438.65,3439.61,438.825,1762565339999,1509200.77085,2138,226.360,778474.04760,0
1762565340000,3439.62,3439.62,3436.00,3436.00,931.600,1762565399999,3201800.84241,3135,594.023,2041513.57174,0
1762565400000,3436.00,3436.01,3429.07,3429.91,1678.196,1762565459999,5758874.01332,5691,574.131,1970048.92216,0
1762565460000,3429.91,3432.19,3429.43,3429.44,1809.225,1762565519999,6206759.22518,4207,923.958,3169746.99208,0
1762565520000,3429.43,3433.33,3427.62,3433.32,1324.303,1762565579999,4541744.88417,4121,829.338,2844450.91738,0
1762565580000,3433.33,3434.61,3432.88,3434.17,715.875,1762565639999,2457985.92582,3176,508.135,1744695.87601,0
1762565640000,3434.17,3434.17,3429.04,3430.19,1616.502,1762565699999,5545601.59940,3813,436.700,1498125.12661,0
1762565700000,3430.19,3431.91,3429.05,3431.60,966.503,1762565759999,3315288.88064,2998,533.241,1829034.39592,0
1762565760000,3431.61,3435.42,3431.60,3433.62,869.203,1762565819999,2984503.11739,4036,458.314,1573705.65441,0
1762565820000,3433.61,3433.82,3430.44,3433.33,674.231,1762565879999,2313510.58276,2961,396.677,1361116.06286,0
1762565880000,3433.33,3440.19,3433.33,3439.60,1627.212,1762565939999,5593721.40742,5721,1064.452,3659175.70197,0
1762565940000,3439.59,3441.99,3439.59,3441.98,1131.367,1762565999999,3892737.43866,3603,500.543,1722333.24231,0
1762566000000,3441.99,3444.44,3441.90,3443.47,1308.382,1762566059999,4505134.66988,4063,734.330,2528319.92621,0
1762566060000,3443.47,3444.99,3440.60,3440.61,2301.597,1762566119999,7925456.92146,4437,656.561,2260951.65955,0
1762566120000,3440.60,3440.60,3436.55,3436.75,1133.889,1762566179999,3899225.20948,4116,456.452,1569493.78471,0
1762566180000,3436.76,3438.36,3435.71,3436.91,826.017,1762566239999,2839160.68872,3251,639.517,2198099.04221,0
1762566240000,3436.90,3437.74,3436.00,3436.82,386.724,1762566299999,1329101.29405,1796,162.835,559646.29858,0
1762566300000,3436.81,3437.12,3435.06,3436.39,604.051,1762566359999,2075530.03631,2855,291.920,1003031.70253,0
1762566360000,3436.38,3438.16,3435.07,3437.59,369.768,1762566419999,1270721.36028,2302,181.441,623583.61379,0
1762566420000,3437.59,3438.96,3435.52,3438.95,404.106,1762566479999,1388828.07118,2736,217.364,747048.22661,0
1762566480000,3438.96,3439.33,3435.00,3435.85,664.228,1762566539999,2282737.03840,2852,285.749,981968.03553,0
1762566540000,3435.84,3437.09,3433.94,3437.09,719.195,1762566599999,2470678.79835,2982,297.280,1021442.74585,0
1762566600000,3437.09,3439.00,3436.14,3438.57,606.039,1762566659999,2083275.68628,3144,424.723,1459993.85086,0
1762566660000,3438.56,3441.74,3437.75,3439.74,1059.894,1762566719999,3645800.11834,3929,640.693,2203775.05739,0
1762566720000,3439.74,3439.80,3438.30,3439.36,391.463,1762566779999,1346258.98534,2375,195.629,672754.01013,0
1762566780000,3439.35,3440.94,3438.91,3439.25,567.868,1762566839999,1953458.85924,2226,319.172,1097962.61733,0
1762566840000,3439.25,3439.25,3436.14,3437.93,392.152,1762566899999,1347936.23078,2220,170.203,584992.02121,0
1762566900000,3437.93,3439.18,3430.40,3430.86,2652.678,1762566959999,9107745.52589,6131,735.132,2524389.33609,0
1762566960000,3430.86,3434.81,3430.27,3433.17,1407.546,1762567019999,4831055.87426,3448,989.171,3395380.95162,0
1762567020000,3433.16,3433.35,3431.59,3431.97,563.424,1762567079999,1933886.14299,2328,252.885,868000.27502,0
1762567080000,3431.97,3433.74,3431.67,3433.23,1103.065,1762567139999,3786642.31313,2572,485.885,1667793.90803,0
1762567140000,3433.23,3436.23,3433.23,3436.22,724.821,1762567199999,2489304.22696,2408,580.253,1992874.14721,0
1762567200000,3436.23,3436.23,3433.57,3435.98,710.187,1762567259999,2439493.52480,2959,312.561,1073553.33542,0
1762567260000,3435.98,3435.98,3434.46,3435.38,371.301,1762567319999,1275507.72722,2457,168.583,579115.30872,0
1762567320000,3435.38,3438.50,3435.38,3436.33,437.927,1762567379999,1505118.84082,2913,294.235,1011182.44180,0
1762567380000,3436.33,3438.08,3435.48,3438.08,462.680,1762567439999,1590093.26906,2695,214.336,736676.73602,0
1762567440000,3438.08,3439.44,3437.96,3439.03,502.034,1762567499999,1726392.08648,2803,281.821,969111.85634,0
1762567500000,3439.03,3440.39,3437.02,3437.02,1073.055,1762567559999,3690780.24529,3519,744.689,2561499.86630,0
1762567560000,3437.03,3437.07,3432.50,3432.78,885.490,1762567619999,3041283.99908,3239,368.194,1264557.79677,0
1762567620000,3432.77,3433.22,3431.49,3432.65,866.559,1762567679999,2974351.59778,2732,357.948,1228686.43959,0
1762567680000,3432.66,3433.34,3431.02,3432.99,1128.559,1762567739999,3873397.62799,3200,583.823,2003732.53385,0
1762567740000,3433.00,3436.00,3432.78,3435.91,489.393,1762567799999,1680763.07947,1920,354.906,1218893.79205,0
1762567800000,3435.91,3435.91,3435.15,3435.88,244.681,1762567859999,840606.72432,1135,137.200,471344.21925,0
1762567860000,3435.89,3440.72,3435.48,3440.23,898.798,1762567919999,3090417.82556,3468,649.121,2231922.42713,0
1762567920000,3440.22,3457.00,3440.22,3448.31,13764.264,1762567979999,47473979.03218,17127,10667.480,36784576.87195,0
1762567980000,3448.31,3451.52,3445.56,3449.34,2645.167,1762568039999,9121098.40873,6842,1859.267,6411018.61475,0
1762568040000,3449.34,3450.37,3446.74,3447.45,3587.564,1762568099999,12371822.42692,5671,1273.539,4392104.80526,0
1762568100000,3447.46,3450.85,3447.37,3449.21,1951.326,1762568159999,6730534.14382,3913,938.147,3235510.43710,0
1762568160000,3449.22,3449.22,3445.00,3445.79,1389.520,1762568219999,4788709.28840,3937,498.258,1716967.27646,0
1762568220000,3445.77,3451.14,3444.54,3448.93,1163.623,1762568279999,4012422.77626,4338,533.885,1840442.50018,0
1762568280000,3448.93,3453.33,3448.52,3453.29,1798.531,1762568339999,6206987.29310,4891,1216.246,4197336.32994,0
1762568340000,3453.29,3457.00,3449.85,3453.10,2847.502,1762568399999,9833889.02896,7054,1616.794,5583835.33887,0
1762568400000,3453.09,3455.00,3451.00,3452.45,1664.543,1762568459999,5747040.91259,5363,772.680,2667926.29847,0
1762568460000,3452.45,3454.96,3451.83,3454.61,1401.308,1762568519999,4839584.92866,4715,992.462,3427610.88921,0
1762568520000,3454.61,3455.89,3451.58,3455.69,1574.526,1762568579999,5438252.26678,5264,792.043,2735627.58580,0
1762568580000,3455.69,3455.69,3453.33,3454.85,2860.797,1762568639999,9883098.95420,5259,1306.030,4511584.57533,0
1762568640000,3454.85,3457.99,3452.00,3452.82,2628.697,1762568699999,9082034.72368,5586,1489.982,5148321.41590,0
1762568700000,3452.81,3453.73,3449.34,3449.34,1595.103,1762568759999,5505920.59264,4524,414.770,1431711.77145,0
1762568760000,3449.34,3452.66,3449.15,3451.49,1306.355,1762568819999,4507805.20530,4308,751.626,2593388.40722,0
1762568820000,3451.48,3452.60,3450.02,3452.30,384.098,1762568879999,1325800.01876,2382,179.200,618576.57365,0
1762568880000,3452.29,3453.14,3450.40,3450.50,920.078,1762568939999,3176061.17576,2594,399.740,1379939.69797,0
1762568940000,3450.50,3452.90,3448.54,3450.85,2316.437,1762568999999,7992351.75670,4760,1346.936,4647085.47118,0
1762569000000,3450.84,3452.00,3448.54,3448.55,1011.048,1762569059999,3488203.92176,3673,438.392,1512572.43581,0
1762569060000,3448.55,3450.48,3448.46,3449.80,1678.074,1762569119999,5788463.97783,3488,673.108,2321621.36880,0
1762569120000,3449.80,3453.16,3449.55,3451.43,1459.419,1762569179999,5036938.30512,3932,766.836,2646625.99173,0
1762569180000,3451.42,3451.42,3448.98,3448.98,538.350,1762569239999,1857480.32161,2378,203.891,703461.87722,0
1762569240000,3448.98,3455.42,3448.98,3454.41,1333.360,1762569299999,4603976.48531,4587,1025.228,3539876.40100,0
1762569300000,3454.41,3455.25,3452.43,3453.62,1344.832,1762569359999,4644805.38698,3774,768.674,2654903.52035,0
1762569360000,3453.61,3457.14,3452.22,3457.14,1663.750,1762569419999,5746559.40337,4243,1180.093,4075976.93680,0
1762569420000,3457.14,3457.28,3454.00,3454.47,1081.016,1762569479999,3735529.82172,4004,516.537,1784927.74086,0
1762569480000,3454.46,3458.14,3454.46,3456.43,1919.421,1762569539999,6634712.27126,4982,1210.736,4185142.08040,0
1762569540000,3456.43,3457.44,3454.24,3456.06,1111.255,1762569599999,3840310.15897,3722,440.184,1520950.74085,0
1762569600000,3456.06,3458.89,3454.91,3458.12,1579.502,1762569659999,5460135.76528,4510,902.517,3119933.41400,0
1762569660000,3458.11,3458.12,3453.00,3455.58,2829.964,1762569719999,9779186.44313,3940,714.037,2466524.34006,0
1762569720000,3455.58,3456.07,3453.24,3453.88,1134.355,1762569779999,3918978.26464,2869,324.027,1119297.98847,0
1762569780000,3453.89,3453.89,3452.50,3453.25,609.585,1762569839999,2104882.54944,1794,397.579,1372800.53406,0
1762569840000,3453.26,3454.24,3453.00,3453.55,368.558,1762569899999,1272803.20913,1965,121.454,419434.72598,0
1762569900000,3453.56,3453.80,3451.50,3452.52,928.453,1762569959999,3205335.23600,2774,448.043,1546717.52274,0
1762569960000,3452.53,3456.00,3452.19,3454.76,716.884,1762570019999,2476159.49726,2732,488.522,1687353.79847,0
1762570020000,3454.77,3455.25,3452.54,3452.57,1528.032,1762570079999,5277003.61699,3692,417.553,1442197.76341,0
1762570080000,3452.58,3456.90,3452.58,3454.63,910.650,1762570139999,3146616.12294,2808,499.765,1726796.19331,0
1762570140000,3454.64,3455.59,3453.42,3453.88,628.673,1762570199999,2171642.70841,2493,269.248,930094.18927,0
1762570200000,3453.88,3453.97,3449.90,3449.90,703.843,1762570259999,2429471.78111,2987,182.918,631331.89443,0
1762570260000,3449.91,3449.91,3443.80,3445.31,2816.839,1762570319999,9705932.36850,6499,1057.781,3644379.95608,0
1762570320000,3445.32,3446.48,3442.24,3442.97,1584.845,1762570379999,5458914.16301,5042,752.919,2593472.17154,0
1762570380000,3442.97,3442.98,3438.29,3438.61,3193.700,1762570439999,10987609.23221,5985,873.944,3006673.16673,0
1762570440000,3438.61,3442.00,3438.11,3439.62,1938.123,1762570499999,6667159.51661,5074,1018.775,3504569.78370,0
1762570500000,3439.62,3442.33,3439.62,3440.97,1180.843,1762570559999,4063490.03784,3761,692.208,2382083.65037,0
1762570560000,3440.97,3442.28,3440.00,3440.00,1468.505,1762570619999,5052580.45930,2903,239.623,824667.99730,0
1762570620000,3440.01,3441.42,3439.22,3440.81,2065.459,1762570679999,7105540.43197,3187,356.425,1226185.87753,0
1762570680000,3440.82,3443.00,3440.00,3442.39,1021.074,1762570739999,3514366.73776,2942,651.967,2243909.28640,0
1762570740000,3442.38,3442.56,3439.45,3439.60,1312.273,1762570799999,4515934.06566,2234,180.445,620929.41927,0
1762570800000,3439.60,3440.25,3438.28,3439.38,1255.777,1762570859999,4319182.65517,3456,631.603,2172377.10514,0
1762570860000,3439.39,3443.18,3439.39,3442.36,1067.862,1762570919999,3675536.28340,3633,684.045,2354339.69612,0
1762570920000,3442.36,3446.20,3442.35,3446.20,1357.252,1762570979999,4674460.87596,3805,1062.759,3660389.72035,0
1762570980000,3446.20,3447.84,3445.66,3447.25,1283.196,1762571039999,4422468.19280,3483,631.797,2177390.53021,0
1762571040000,3447.25,3452.00,3447.25,3451.89,1014.778,1762571099999,3500746.78499,3700,687.926,2373057.08164,0
1762571100000,3451.89,3455.00,3450.16,3453.77,2033.536,1762571159999,7022078.83574,4685,1394.095,4814313.11323,0
1762571160000,3453.77,3456.50,3453.30,3455.39,2499.630,1762571219999,8636192.74815,3236,2102.515,7264219.04117,0
1762571220000,3455.39,3455.55,3453.96,3455.55,590.867,1762571279999,2041149.75218,1818,227.565,786134.02711,0
1762571280000,3455.54,3455.55,3450.00,3452.28,1104.213,1762571339999,3811758.41828,3206,445.033,1535844.91996,0
1762571340000,3452.28,3452.28,3449.78,3450.67,1174.769,1762571399999,4053490.35396,2697,578.561,1996098.97396,0
1762571400000,3450.67,3450.67,3445.47,3447.82,1184.530,1762571459999,4083539.47837,3787,356.606,1229284.28938,0
1762571460000,3447.82,3450.23,3447.81,3448.76,1224.972,1762571519999,4225082.80597,2926,717.738,2475447.23917,0
1762571520000,3448.76,3450.91,3448.26,3449.13,807.526,1762571579999,2785509.55206,2635,546.333,1884455.28939,0
1762571580000,3449.12,3449.13,3446.20,3447.00,893.813,1762571639999,3081262.98237,2090,269.111,927529.02820,0
1762571640000,3446.99,3447.00,3443.03,3446.16,1979.820,1762571699999,6819665.71562,4249,733.568,2526869.50861,0
1762571700000,3446.16,3448.88,3445.00,3445.72,1238.823,1762571759999,4270684.19522,3852,302.540,1042649.95566,0
1762571760000,3445.73,3445.73,3443.18,3444.98,1408.244,1762571819999,4850726.72413,3544,534.868,1842238.67504,0
1762571820000,3444.98,3446.44,3443.50,3445.36,660.376,1762571879999,2274967.43320,2723,370.595,1276663.56164,0
1762571880000,3445.37,3448.80,3445.13,3448.80,545.622,1762571939999,1881035.03235,3021,331.349,1142291.39239,0
1762571940000,3448.80,3453.99,3448.80,3452.74,1603.347,1762571999999,5534236.71873,4257,1294.502,4467968.58105,0
1762572000000,3452.74,3452.79,3450.90,3451.56,582.744,1762572059999,2011598.02502,2701,324.663,1120697.66944,0
1762572060000,3451.57,3453.77,3451.10,3452.52,831.599,1762572119999,2871265.58598,2502,447.843,1546153.61880,0
1762572120000,3452.52,3456.00,3452.52,3455.30,1688.765,1762572179999,5833744.25000,3557,1364.591,4713873.24693,0
1762572180000,3455.30,3455.30,3450.83,3452.76,671.335,1762572239999,2317848.06980,2851,188.124,649459.64379,0
1762572240000,3452.75,3453.30,3450.95,3453.29,723.057,1762572299999,2496137.44057,2294,240.075,828817.10440,0
1762572300000,3453.30,3453.70,3452.37,3453.70,323.629,1762572359999,1117522.66027,2131,115.240,397920.55342,0
1762572360000,3453.70,3454.01,3452.00,3453.21,532.327,1762572419999,1838132.27244,2361,180.202,622234.65972,0
1762572420000,3453.21,3456.15,3453.20,3454.67,852.510,1762572479999,2945712.70101,2729,521.489,1801876.03659,0
1762572480000,3454.66,3455.87,3453.57,3454.78,643.525,1762572539999,2223077.38103,2312,417.680,1442778.66058,0
1762572540000,3454.77,3455.05,3452.62,3453.91,634.171,1762572599999,2190332.92370,2429,221.390,764655.19624,0
1762572600000,3453.91,3453.91,3448.00,3448.51,1278.406,1762572659999,4410718.74628,4273,357.718,1234178.43262,0
1762572660000,3448.51,3453.75,3448.51,3452.10,610.480,1762572719999,2106661.42464,3059,451.635,1558417.38131,0
1762572720000,3452.09,3453.31,3451.54,3453.20,636.754,1762572779999,2198515.88486,2227,344.352,1188865.52631,0
1762572780000,3453.19,3460.91,3452.90,3460.11,3537.831,1762572839999,12233546.03639,6633,3024.479,10458991.17209,0
1762572840000,3460.11,3460.11,3454.95,3457.11,1563.353,1762572899999,5405486.37012,4655,556.653,1924477.62973,0
1762572900000,3457.12,3457.25,3451.95,3452.58,659.772,1762572959999,2279210.30448,3289,240.716,831502.69697,0
1762572960000,3452.58,3459.69,3452.24,3456.15,5089.943,1762573019999,17589823.40843,8420,2728.328,9427735.12669,0
1762573020000,3456.14,3459.00,3453.09,3458.53,4011.623,1762573079999,13862152.69511,6157,2834.624,9794492.13255,0
1762573080000,3458.52,3458.73,3455.95,3457.32,2435.013,1762573139999,8418628.16401,4527,1034.774,3577283.71062,0
1762573140000,3457.31,3460.00,3456.26,3459.43,2389.907,1762573199999,8264395.98463,4697,1338.067,4626732.54801,0
1762573200000,3459.44,3459.44,3450.30,3451.29,2762.845,1762573259999,9544923.77179,5818,777.187,2685451.39469,0
1762573260000,3451.28,3451.30,3444.57,3446.78,5378.476,1762573319999,18542051.90350,7338,1421.850,4901162.58276,0
1762573320000,3446.78,3450.98,3446.24,3450.22,2343.120,1762573379999,8081554.32220,6379,1567.126,5404757.09851,0
1762573380000,3450.22,3456.80,3450.21,3456.06,2763.292,1762573439999,9545180.30766,5833,1757.710,6071783.26075,0
1762573440000,3456.06,3456.92,3453.98,3454.41,1202.253,1762573499999,4154558.52933,3512,507.069,1752208.89595,0
1762573500000,3454.41,3458.00,3454.40,3457.89,2214.019,1762573559999,7653557.58368,4773,1309.206,4525557.84260,0
1762573560000,3457.89,3460.01,3457.11,3458.20,3293.305,1762573619999,11389326.56519,4886,1261.164,4362168.69594,0
1762573620000,3458.19,3459.55,3456.80,3459.54,2292.657,1762573679999,7928238.55458,3947,779.586,2696018.98937,0
1762573680000,3459.55,3463.93,3458.32,3463.73,6016.861,1762573739999,20829063.21184,7305,4501.777,15585400.89367,0
1762573740000,3463.73,3465.77,3462.15,3463.25,5875.746,1762573799999,20353231.49691,8597,3839.259,13299172.68197,0
1762573800000,3463.26,3463.26,3458.29,3459.29,1889.290,1762573859999,6536982.53702,4786,606.216,2097357.20873,0
1762573860000,3459.29,3459.71,3457.83,3457.84,1044.821,1762573919999,3613583.38211,2133,239.368,827912.34037,0
1762573920000,3457.84,3460.44,3455.20,3460.43,1610.392,1762573979999,5568178.63975,4588,963.023,3330115.80278,0
1762573980000,3460.44,3463.87,3460.44,3463.64,1850.622,1762574039999,6406652.96821,4900,911.024,3153784.07565,0
1762574040000,3463.63,3464.00,3458.49,3458.49,1578.772,1762574099999,5465068.07793,4220,555.697,1923831.99219,0
1762574100000,3458.50,3459.88,3455.71,3456.18,1452.937,1762574159999,5023574.69420,4466,541.044,1870792.16013,0
1762574160000,3456.18,3457.31,3455.00,3456.28,2136.825,1762574219999,7384614.53452,4725,1080.412,3733859.31596,0
1762574220000,3456.28,3459.04,3456.10,3456.24,1024.422,1762574279999,3542271.24034,3445,477.285,1650397.63516,0
1762574280000,3456.24,3457.55,3455.73,3456.21,1913.269,1762574339999,6613985.48118,4243,700.736,2422280.42366,0
1762574340000,3456.21,3456.92,3452.19,3452.50,2149.743,1762574399999,7426087.81674,4512,858.004,2963701.04478,0
1762574400000,3452.51,3458.96,3452.51,3458.32,1065.034,1762574459999,3679805.47505,3863,608.823,2103568.92822,0
1762574460000,3458.31,3460.00,3456.77,3458.06,919.476,1762574519999,3180054.92541,3533,507.412,1754930.18867,0
1762574520000,3458.07,3459.99,3457.65,3459.60,668.953,1762574579999,2313785.47312,3221,273.619,946378.19408,0
1762574580000,3459.60,3461.44,3459.02,3459.99,2195.437,1762574639999,7597051.51425,4609,1437.566,4974503.85092,0
1762574640000,3460.00,3462.70,3458.27,3462.70,1085.684,1762574699999,3757795.84090,3755,629.329,2178572.62682,0
1762574700000,3462.69,3462.69,3459.14,3459.31,1493.860,1762574759999,5170232.47181,4161,538.595,1864079.65728,0
1762574760000,3459.30,3459.69,3454.35,3454.35,1444.325,1762574819999,4993417.15665,4124,346.216,1196897.74948,0
1762574820000,3454.35,3458.16,3454.34,3458.16,1169.862,1762574879999,4042942.86594,4278,520.632,1799183.13660,0
1762574880000,3458.18,3461.54,3458.17,3460.36,846.662,1762574939999,2929660.25973,3588,471.018,1629725.72457,0
1762574940000,3460.37,3461.54,3458.71,3458.97,787.866,1762574999999,2726174.92589,2714,471.742,1632360.88747,0
1762575000000,3458.96,3464.63,3458.30,3460.04,3523.197,1762575059999,12195161.50356,5627,2847.109,9854622.88451,0
1762575060000,3460.05,3463.37,3459.51,3463.37,451.045,1762575119999,1560988.46087,2803,245.688,850294.51852,0
1762575120000,3463.36,3463.36,3460.03,3460.33,838.253,1762575179999,2901374.46807,2701,275.794,954529.93944,0
1762575180000,3460.33,3461.65,3458.48,3459.41,620.132,1762575239999,2145617.43508,2934,191.188,661555.10508,0
1762575240000,3459.41,3459.56,3458.00,3458.90,461.594,1762575299999,1596480.33722,1950,207.045,716085.23018,0
1762575300000,3458.89,3461.00,3458.00,3461.00,881.503,1762575359999,3049801.75885,3263,428.287,1481832.42247,0
1762575360000,3460.99,3462.71,3457.71,3460.00,1174.704,1762575419999,4064999.36677,3974,515.843,1785289.28697,0
1762575420000,3460.00,3462.47,3459.59,3460.02,505.721,1762575479999,1750327.40731,2862,239.727,829748.23610,0
1762575480000,3460.02,3463.84,3458.86,3461.66,2031.878,1762575539999,7033753.28877,5338,1352.543,4682256.80850,0
1762575540000,3461.65,3461.66,3458.57,3460.44,789.369,1762575599999,2730963.73261,3119,589.629,2039843.39234,0
1762575600000,3460.44,3460.45,3457.89,3459.16,694.300,1762575659999,2401375.40442,2951,209.962,726168.99374,0
1762575660000,3459.15,3466.50,3459.15,3466.50,1861.315,1762575719999,6444706.73074,4428,1621.024,5613242.56412,0
1762575720000,3466.50,3470.96,3464.76,3466.94,8529.708,1762575779999,29582813.57365,11317,5948.762,20632110.05511,0
1762575780000,3466.95,3466.95,3463.80,3464.81,1145.660,1762575839999,3969908.90863,3381,469.540,1627098.82453,0
1762575840000,3464.80,3464.81,3457.00,3458.51,6206.020,1762575899999,21474459.19445,7418,2281.239,7891197.95600,0
1762575900000,3458.51,3460.00,3458.50,3459.72,927.330,1762575959999,3208191.24696,2971,550.130,1903228.65955,0
1762575960000,3459.71,3459.71,3456.65,3456.65,1374.675,1762576019999,4753332.93501,3395,526.156,1819334.40975,0
1762576020000,3456.65,3456.94,3454.58,3454.59,1346.149,1762576079999,4651534.02895,2652,419.353,1449127.56245,0
1762576080000,3454.58,3456.95,3453.54,3454.08,2839.541,1762576139999,9810582.67271,6311,1439.296,4973113.91131,0
1762576140000,3454.09,3454.96,3448.39,3449.98,6758.807,1762576199999,23323233.40023,7708,1538.072,5306493.78636,0
1762576200000,3449.98,3451.91,3449.07,3450.81,5078.547,1762576259999,17524088.03626,5047,2838.541,9793547.83952,0
1762576260000,3450.80,3453.82,3450.80,3451.99,2056.119,1762576319999,7098522.67181,4209,1128.711,3896730.97894,0
1762576320000,3451.99,3452.28,3448.88,3448.89,1011.718,1762576379999,3491185.99086,3120,403.741,1393139.27386,0
1762576380000,3448.88,3452.66,3447.53,3452.65,2328.547,1762576439999,8030513.78971,5730,812.045,2800840.29540,0
1762576440000,3452.65,3458.50,3451.54,3457.31,2051.258,1762576499999,7088137.71052,4990,1312.253,4534020.86505,0
1762576500000,3457.30,3458.31,3456.11,3456.69,2060.625,1762576559999,7124073.43121,4165,1002.754,3466549.21883,0
1762576560000,3456.70,3463.42,3456.70,3463.42,2907.595,1762576619999,10060993.34942,6188,2027.739,7016110.75039,0
1762576620000,3463.43,3466.45,3463.42,3464.35,2512.775,1762576679999,8706868.24654,5380,1272.531,4409226.28533,0
1762576680000,3464.35,3465.00,3461.41,3463.67,2096.417,1762576739999,7261153.76501,4475,637.742,2208853.08285,0
1762576740000,3463.67,3465.00,3463.31,3465.00,1313.640,1762576799999,4550881.64680,3150,841.004,2913533.42294,0
1762576800000,3464.99,3468.10,3463.91,3468.09,3007.875,1762576859999,10425692.80685,5710,2169.883,7521092.14454,0
1762576860000,3468.09,3471.36,3466.50,3468.05,4557.279,1762576919999,15810017.85954,8847,2256.522,7828289.85468,0
1762576920000,3468.05,3478.00,3467.81,3476.57,6155.455,1762576979999,21380822.63393,9530,4769.671,16568358.84805,0
1762576980000,3476.58,3490.00,3469.66,3472.94,21735.861,1762577039999,75647090.84386,24473,13936.536,48513944.28402,0
1762577040000,3472.93,3473.61,3470.65,3471.93,3299.912,1762577099999,11458939.27460,5577,1758.804,6107566.70517,0
1762577100000,3471.92,3477.82,3470.69,3475.31,3515.710,1762577159999,12214438.14613,7088,2513.781,8733948.14648,0
1762577160000,3475.31,3477.55,3473.16,3475.20,1927.755,1762577219999,6699771.72685,5730,1164.932,4048841.70939,0
1762577220000,3475.19,3476.00,3473.00,3473.24,2268.518,1762577279999,7883150.38193,4603,1090.301,3788718.49849,0
1762577280000,3473.24,3473.25,3468.17,3469.76,3011.919,1762577339999,10453048.07601,5818,1446.970,5022090.38378,0
1762577340000,3469.76,3469.80,3467.17,3467.32,1558.176,1762577399999,5404529.97577,3621,488.302,1693666.81035,0
1762577400000,3467.33,3467.70,3465.50,3465.51,1976.728,1762577459999,6852453.57999,3602,645.930,2238964.97246,0
1762577460000,3465.51,3467.11,3465.50,3466.55,954.946,1762577519999,3310166.57614,2879,627.307,2174471.47071,0
1762577520000,3466.54,3468.05,3465.65,3466.31,1215.201,1762577579999,4213078.87460,3354,802.119,2780945.10829,0
1762577580000,3466.32,3466.32,3463.13,3463.13,1594.262,1762577639999,5523228.49924,3909,373.115,1292591.21601,0
1762577640000,3463.14,3463.70,3459.81,3460.37,2543.482,1762577699999,8803396.73329,4819,868.141,3005066.77434,0
1762577700000,3460.37,3460.37,3458.00,3458.00,2102.535,1762577759999,7272466.86014,3793,871.603,3014731.49445,0
1762577760000,3458.00,3458.47,3455.60,3456.25,2552.333,1762577819999,8822822.07671,5383,1066.380,3686463.52721,0
1762577820000,3456.26,3461.60,3456.25,3460.12,2470.117,1762577879999,8547044.43504,4850,1775.827,6144468.38423,0
1762577880000,3460.10,3460.11,3458.02,3458.42,633.541,1762577939999,2191476.01359,2036,239.184,827301.25123,0
1762577940000,3458.41,3458.77,3457.12,3457.13,683.635,1762577999999,2364088.05163,2145,300.007,1037458.02946,0
1762578000000,3457.12,3458.41,3456.34,3457.93,1746.689,1762578059999,6038978.13596,3438,773.038,2672723.36843,0
1762578060000,3457.93,3459.19,3457.48,3458.41,1430.735,1762578119999,4947905.23041,2582,926.028,3202395.30205,0
1762578120000,3458.41,3460.93,3456.34,3460.93,1424.282,1762578179999,4926573.50840,3230,1184.332,4096731.07055,0
1762578180000,3460.93,3463.12,3460.32,3461.82,1843.936,1762578239999,6383718.46318,3339,1236.796,4281604.73479,0
1762578240000,3461.81,3464.36,3460.87,3463.52,1259.545,1762578299999,4362077.29157,3090,688.068,2382850.65953,0
1762578300000,3463.52,3465.07,3463.41,3465.07,818.622,1762578359999,2835930.30986,2550,534.550,1851887.60333,0
1762578360000,3465.08,3465.49,3462.00,3462.88,830.381,1762578419999,2876202.95638,3508,441.946,1530742.91949,0
1762578420000,3462.88,3464.62,3460.32,3463.40,1353.755,1762578479999,4687038.11461,4301,857.987,2970456.18634,0
1762578480000,3463.39,3463.48,3462.00,3462.28,451.683,1762578539999,1564014.02687,2331,216.078,748181.17747,0
1762578540000,3462.28,3462.28,3458.42,3458.42,929.271,1762578599999,3215067.19635,3311,275.089,951700.47860,0
1762578600000,3458.43,3458.43,3451.49,3454.63,2483.221,1762578659999,8576943.78232,7221,715.079,2469656.32143,0
1762578660000,3454.62,3457.07,3451.00,3451.38,1559.600,1762578719999,5386537.70096,5324,551.674,1905405.37356,0
1762578720000,3451.38,3452.53,3450.00,3451.05,2322.630,1762578779999,8015237.76996,4663,914.351,3155457.60664,0
1762578780000,3451.05,3451.85,3449.15,3449.38,2404.438,1762578839999,8295830.77467,4157,809.792,2793941.80236,0
1762578840000,3449.38,3451.00,3439.32,3445.32,17863.146,1762578899999,61502683.18099,16612,4170.193,14355237.09665,0
1762578900000,3445.31,3447.00,3442.78,3447.00,2939.698,1762578959999,10127061.90048,6972,1497.423,5158878.21865,0
1762578960000,3447.00,3450.64,3445.89,3446.06,2748.696,1762579019999,9476222.44957,5450,1825.431,6293398.27345,0
1762579020000,3446.07,3446.07,3441.44,3442.95,1783.084,1762579079999,6138925.09606,5354,775.554,2669949.55411,0
1762579080000,3442.95,3444.45,3437.85,3439.69,4106.464,1762579139999,14128225.52885,8457,1393.315,4793903.72788,0
1762579140000,3439.69,3440.74,3438.49,3440.30,3862.820,1762579199999,13286877.72424,5654,2598.086,8936551.57050,0
1762579200000,3440.30,3442.03,3439.99,3442.03,2330.892,1762579259999,8020575.33731,4388,1734.906,5969843.38321,0
1762579260000,3442.03,3445.51,3440.46,3442.06,2486.302,1762579319999,8560886.66597,4661,1751.499,6031013.19914,0
1762579320000,3442.07,3444.99,3441.57,3443.00,1066.634,1762579379999,3672520.48560,3160,635.498,2187968.68970,0
1762579380000,3443.00,3443.00,3438.59,3438.64,2702.703,1762579439999,9298327.40191,5680,1347.745,4636648.26276,0
1762579440000,3438.64,3440.79,3435.19,3440.38,4060.940,1762579499999,13961695.41789,7929,2255.824,7757106.40989,0
1762579500000,3440.39,3441.60,3438.58,3438.89,1402.788,1762579559999,4825795.96046,2793,536.283,1845021.88941,0
1762579560000,3438.90,3444.77,3438.89,3443.20,2391.116,1762579619999,8231139.35303,4580,1768.931,6088853.98250,0
1762579620000,3443.20,3445.60,3443.20,3445.31,1477.768,1762579679999,5090891.82242,2749,1051.857,3623602.88966,0
1762579680000,3445.30,3447.44,3445.30,3445.81,1394.158,1762579739999,4805294.11770,3676,778.312,2682509.99498,0
1762579740000,3445.82,3447.26,3443.93,3444.06,1347.418,1762579799999,4642938.51227,3131,278.927,961182.65796,0
1762579800000,3444.06,3445.38,3443.38,3443.40,1318.392,1762579859999,4540897.13410,2962,501.507,1727201.66648,0
1762579860000,3443.39,3447.23,3442.22,3445.10,1038.988,1762579919999,3579278.01864,3389,644.846,2221074.39824,0
1762579920000,3445.10,3447.38,3445.09,3445.27,1459.956,1762579979999,5031729.55444,3654,614.657,2118482.25619,0
1762579980000,3445.26,3445.26,3442.00,3442.38,832.862,1762580039999,2868410.53180,3550,420.995,1449905.44790,0
1762580040000,3442.38,3443.49,3441.26,3443.02,1070.393,1762580099999,3684686.82746,3533,402.020,1383909.11255,0
1762580100000,3443.03,3443.98,3437.19,3437.21,1546.858,1762580159999,5322254.21065,4304,297.138,1022550.86790,0
1762580160000,3437.22,3439.64,3437.21,3438.96,1224.285,1762580219999,4209775.55309,3216,536.451,1844645.26926,0
1762580220000,3438.96,3439.83,3436.13,3436.89,1901.170,1762580279999,6535491.02332,5194,1076.847,3701759.07269,0
1762580280000,3436.89,3438.23,3434.16,3436.99,2102.200,1762580339999,7223363.79391,5629,562.173,1931833.36368,0
1762580340000,3437.00,3438.77,3435.65,3435.65,1902.508,1762580399999,6538961.28711,4930,1051.392,3613591.10137,0
1762580400000,3435.65,3437.80,3431.88,3437.17,5733.272,1762580459999,19694211.23569,9219,2448.235,8411072.58455,0
1762580460000,3437.17,3440.00,3434.41,3439.99,2165.442,1762580519999,7441806.20191,5518,1404.207,4826202.74654,0
1762580520000,3440.00,3440.00,3436.71,3437.41,725.497,1762580579999,2494036.65043,2916,337.994,1161896.60712,0
1762580580000,3437.42,3438.47,3436.16,3437.53,732.645,1762580639999,2518501.17150,3289,353.054,1213605.06977,0
1762580640000,3437.53,3438.50,3436.66,3438.25,446.799,1762580699999,1535930.44779,2349,205.492,706376.13095,0
1762580700000,3438.25,3440.60,3438.25,3438.98,780.301,1762580759999,2683969.69035,2808,486.447,1673197.25386,0
1762580760000,3438.99,3442.89,3438.99,3439.66,1943.517,1762580819999,6688506.87863,4651,890.735,3065402.14915,0
1762580820000,3439.66,3440.07,3437.02,3437.02,750.207,1762580879999,2579260.03903,2390,109.447,376400.91877,0
1762580880000,3437.02,3439.31,3435.89,3436.92,1532.278,1762580939999,5266852.67516,3871,621.935,2137716.24777,0
1762580940000,3436.92,3438.99,3436.10,3436.10,732.007,1762580999999,2516495.70700,3381,303.765,1044247.94789,0
1762581000000,3436.10,3436.48,3433.59,3434.43,1682.839,1762581059999,5780373.88360,4321,701.124,2408305.25738,0
1762581060000,3434.44,3438.00,3434.44,3436.72,1070.494,1762581119999,3678758.16339,3200,521.490,1791906.59310,0
1762581120000,3436.71,3437.14,3434.87,3434.88,578.285,1762581179999,1987009.80218,2303,385.561,1324783.23945,0
1762581180000,3434.88,3436.07,3433.89,3435.72,670.892,1762581239999,2304559.82028,2457,363.908,1250057.26934,0
1762581240000,3435.72,3436.99,3434.25,3435.04,1155.947,1762581299999,3971092.35376,3469,502.323,1725574.26461,0
1762581300000,3435.05,3436.95,3434.25,3435.33,764.405,1762581359999,2626084.84026,2591,277.449,953131.23758,0
1762581360000,3435.32,3436.12,3434.30,3435.00,765.074,1762581419999,2628117.30241,2593,185.645,637727.30965,0
1762581420000,3435.01,3435.67,3433.42,3433.52,1841.575,1762581479999,6324714.48370,3722,617.180,2119496.66310,0
1762581480000,3433.52,3434.72,3432.90,3434.50,1523.458,1762581539999,5230852.24729,3258,844.045,2898223.03225,0
1762581540000,3434.51,3434.54,3422.84,3429.86,19471.880,1762581599999,66771423.24416,16641,5572.385,19105331.11738,0
1762581600000,3429.86,3431.42,3428.30,3429.75,2640.826,1762581659999,9058471.70710,4796,1217.256,4175278.63094,0
1762581660000,3429.75,3434.52,3429.74,3430.84,3988.235,1762581719999,13687470.57151,5386,3066.930,10524408.04969,0
1762581720000,3430.84,3432.81,3423.98,3425.82,3329.580,1762581779999,11412605.01787,7758,1246.388,4271779.95093,0
1762581780000,3425.82,3427.72,3424.37,3426.44,2796.355,1762581839999,9580605.57988,6703,1337.954,4584040.11046,0
1762581840000,3426.44,3429.69,3425.56,3425.69,1991.192,1762581899999,6824857.84571,5221,853.489,2925431.73971,0
1762581900000,3425.68,3427.29,3422.72,3425.88,2435.798,1762581959999,8343037.57542,5176,1044.642,3577939.94492,0
1762581960000,3425.87,3431.13,3425.87,3431.00,2867.635,1762582019999,9833063.78284,5457,2071.696,7102982.45545,0
1762582020000,3431.00,3434.21,3426.46,3426.99,3476.133,1762582079999,11928502.77115,6860,1516.057,5203040.05183,0
1762582080000,3427.00,3427.66,3422.15,3423.85,3866.318,1762582139999,13238221.88535,6943,2048.263,7012756.88512,0
1762582140000,3423.86,3429.60,3423.64,3429.38,3672.756,1762582199999,12581992.91768,7671,2623.015,8985354.80501,0
1762582200000,3429.39,3430.00,3426.46,3427.20,847.193,1762582259999,2904434.15699,3256,325.502,1115964.42927,0
1762582260000,3427.19,3430.26,3425.84,3430.24,2064.002,1762582319999,7076563.80489,5021,1443.298,4948712.65190,0
1762582320000,3430.24,3433.48,3429.10,3431.16,2983.476,1762582379999,10237883.76755,5690,1772.262,6081689.11201,0
1762582380000,3431.17,3432.16,3428.19,3428.36,1343.604,1762582439999,4609683.95083,3512,415.568,1425750.37912,0
1762582440000,3428.37,3432.46,3414.49,3419.63,17686.281,1762582499999,60516925.08901,13459,6021.578,20607226.60966,0
1762582500000,3419.64,3433.10,3419.14,3431.53,14292.670,1762582559999,48986147.26345,11425,8442.837,28924064.26329,0
1762582560000,3431.53,3438.25,3430.16,3437.54,12609.777,1762582619999,43326129.65990,11842,5862.759,20142074.94085,0
1762582620000,3437.54,3441.53,3436.94,3440.86,5040.709,1762582679999,17338831.81680,8367,2383.867,8200174.93920,0
1762582680000,3440.87,3442.99,3438.66,3438.95,3950.658,1762582739999,13593299.75217,6867,1198.738,4124743.35589,0
1762582740000,3438.96,3440.46,3435.70,3436.84,2059.457,1762582799999,7080738.42678,4731,775.915,2667654.51818,0
1762582800000,3436.84,3440.61,3435.70,3439.44,2693.346,1762582859999,9262246.83072,4674,2134.052,7339069.08043,0
1762582860000,3439.44,3442.31,3438.64,3442.15,2658.584,1762582919999,9146639.14552,4850,1704.684,5865052.50430,0
1762582920000,3442.15,3448.36,3442.14,3444.17,5786.750,1762582979999,19940738.19002,11403,3237.698,11156558.50522,0
1762582980000,3444.16,3444.17,3440.70,3443.09,1550.629,1762583039999,5337762.08141,4240,571.342,1966701.59096,0
1762583040000,3443.08,3446.00,3441.50,3445.85,1853.466,1762583099999,6382923.54298,4308,1169.139,4026179.76674,0
1762583100000,3445.85,3447.06,3442.97,3442.97,2363.156,1762583159999,8141426.12762,4342,796.448,2744300.51142,0
1762583160000,3442.97,3443.69,3440.09,3441.03,1214.908,1762583219999,4181398.59461,4342,355.436,1223453.89359,0
1762583220000,3441.02,3442.00,3439.65,3439.66,650.291,1762583279999,2237651.25554,2897,344.745,1186300.19773,0
1762583280000,3439.65,3439.65,3437.49,3437.95,1508.120,1762583339999,5185496.37522,3651,420.642,1446323.06767,0
1762583340000,3437.95,3444.37,3437.94,3443.42,1329.478,1762583399999,4575682.76321,4572,826.531,2844739.20066,0
1762583400000,3443.42,3447.88,3442.50,3447.56,2729.038,1762583459999,9403001.25465,6045,1964.798,6770066.08230,0
1762583460000,3447.55,3449.25,3443.13,3443.75,1575.111,1762583519999,5429393.36280,4566,950.801,3278026.46568,0
1762583520000,3443.75,3445.52,3443.45,3445.52,623.282,1762583579999,2146909.56061,2203,437.040,1505410.68705,0
1762583580000,3445.52,3450.84,3445.52,3447.66,2278.204,1762583639999,7857787.86589,5647,1725.405,5951118.82471,0
1762583640000,3447.66,3447.67,3446.23,3446.83,788.283,1762583699999,2717010.84432,2904,354.926,1223330.55396,0
1762583700000,3446.83,3446.84,3444.02,3445.65,1224.412,1762583759999,4218074.04224,3402,563.283,1940480.44015,0
1762583760000,3445.66,3449.80,3445.42,3448.51,1083.882,1762583819999,3736881.38570,3641,614.866,2119753.01006,0
1762583820000,3448.50,3450.81,3447.62,3449.80,1418.725,1762583879999,4893212.44590,4273,953.099,3287280.54932,0
1762583880000,3449.80,3454.29,3449.18,3453.05,4499.602,1762583939999,15530459.61298,7247,3610.911,12462633.49278,0
1762583940000,3453.04,3453.04,3448.28,3450.37,3913.269,1762583999999,13503853.63053,4651,1152.016,3974312.51401,0
1762584000000,3450.37,3451.03,3449.11,3450.10,1136.103,1762584059999,3919577.05079,3228,622.257,2146865.59520,0
1762584060000,3450.10,3451.08,3449.74,3450.13,969.190,1762584119999,3344228.60488,2791,361.091,1245920.60514,0
1762584120000,3450.13,3451.08,3450.01,3450.83,892.106,1762584179999,3078217.66519,1759,494.668,1706899.91816,0
1762584180000,3450.82,3454.43,3449.32,3449.32,2832.143,1762584239999,9777214.36998,4219,2195.970,7581309.65885,0
1762584240000,3449.32,3450.39,3448.38,3448.70,659.705,1762584299999,2275512.90909,2100,258.059,890103.53442,0
1762584300000,3448.70,3451.22,3448.70,3450.89,585.358,1762584359999,2019499.00285,2291,383.129,1321770.59644,0
1762584360000,3450.90,3451.99,3447.92,3449.09,881.971,1762584419999,3042616.60751,3039,457.843,1579440.91560,0
1762584420000,3449.09,3450.14,3449.09,3449.46,729.110,1762584479999,2515150.92120,2049,245.134,845611.76159,0
1762584480000,3449.46,3454.07,3449.45,3453.00,1675.020,1762584539999,5783717.54138,4154,1268.219,4379001.35012,0
1762584540000,3452.99,3453.00,3451.13,3452.62,431.324,1762584599999,1488892.28968,2079,229.695,792871.72692,0
1762584600000,3452.62,3453.31,3450.00,3450.41,746.844,1762584659999,2577678.94125,3227,257.565,888976.09377,0
1762584660000,3450.41,3451.77,3448.88,3448.88,1560.523,1762584719999,5384579.58465,3199,500.693,1727723.83987,0
1762584720000,3448.88,3450.11,3448.00,3448.09,730.845,1762584779999,2520723.99022,2697,309.254,1066651.71884,0
1762584780000,3448.08,3448.32,3443.86,3443.95,2473.820,1762584839999,8523732.96551,4875,848.949,2925388.19905,0
1762584840000,3443.94,3445.29,3443.42,3443.42,1226.778,1762584899999,4225514.13775,2813,605.005,2083972.06963,0
1762584900000,3443.43,3444.39,3441.76,3443.05,2674.461,1762584959999,9208324.51696,4768,798.087,2747852.74862,0
1762584960000,3443.06,3444.66,3441.87,3443.34,693.037,1762585019999,2386361.90142,2720,307.958,1060459.97464,0
1762585020000,3443.35,3444.10,3440.87,3442.87,651.327,1762585079999,2242209.96143,3053,234.431,807007.68406,0
1762585080000,3442.88,3443.48,3441.28,3442.90,1012.545,1762585139999,3485576.09673,2403,510.053,1755784.12670,0
1762585140000,3442.90,3445.00,3442.90,3443.75,2035.961,1762585199999,7012139.50430,2995,1684.365,5801259.78933,0
1762585200000,3443.75,3444.94,3442.71,3444.60,1213.253,1762585259999,4178474.80930,2944,628.113,2163323.63913,0
1762585260000,3444.60,3444.63,3441.66,3441.92,629.752,1762585319999,2168295.00583,2797,196.387,676145.51568,0
1762585320000,3441.91,3441.92,3438.96,3439.30,1797.510,1762585379999,6183991.99514,3672,396.832,1365109.59399,0
1762585380000,3439.30,3440.01,3438.21,3439.85,1976.477,1762585439999,6797520.00826,3588,1258.328,4327557.08435,0
1762585440000,3439.85,3440.50,3438.33,3440.49,2610.299,1762585499999,8979238.27447,3140,2067.136,7111134.61872,0
1762585500000,3440.49,3440.50,3438.43,3440.00,737.843,1762585559999,2537896.50184,2294,413.995,1423943.05350,0
1762585560000,3440.00,3442.86,3435.35,3436.41,2569.307,1762585619999,8834768.85720,5477,1199.776,4126982.21163,0
1762585620000,3436.41,3438.76,3436.31,3438.52,1251.871,1762585679999,4303602.11699,3909,942.195,3239034.05931,0
1762585680000,3438.52,3439.27,3435.49,3436.04,1866.616,1762585739999,6415072.25993,3451,528.288,1815769.82992,0
1762585740000,3436.04,3437.80,3435.23,3436.45,964.729,1762585799999,3315127.58266,2745,360.279,1238107.34473,0
1762585800000,3436.44,3437.48,3435.88,3436.94,1355.925,1762585859999,4660027.02228,3194,486.818,1673058.18036,0
1762585860000,3436.95,3437.27,3435.16,3436.13,1028.506,1762585919999,3533790.48760,2590,406.439,1396463.91525,0
1762585920000,3436.13,3437.95,3436.13,3437.95,643.801,1762585979999,2212814.81394,1791,290.621,998885.96006,0
1762585980000,3437.90,3439.40,3437.90,3438.82,1361.603,1762586039999,4682222.46050,2584,1137.780,3912491.35487,0
1762586040000,3438.83,3439.75,3437.95,3439.34,459.423,1762586099999,1579923.14146,1681,250.569,861682.17345,0
1762586100000,3439.33,3441.27,3438.77,3440.26,758.833,1762586159999,2610355.60858,3276,439.431,1511671.30945,0
1762586160000,3440.26,3444.36,3438.97,3439.16,1332.583,1762586219999,4586870.25981,4186,998.402,3436747.66877,0
1762586220000,3439.15,3439.16,3433.34,3436.60,3366.991,1762586279999,11567002.59140,5279,789.480,2712333.72873,0
1762586280000,3436.60,3439.83,3436.25,3438.14,1440.462,1762586339999,4951574.98572,2737,1272.410,4373776.41108,0
1762586340000,3438.15,3440.63,3438.15,3439.64,696.630,1762586399999,2396200.52149,2549,492.780,1694990.66317,0
1762586400000,3439.63,3440.07,3434.38,3436.74,2261.446,1762586459999,7770691.92709,4295,464.589,1596707.68190,0
1762586460000,3436.76,3437.27,3430.20,3432.42,4354.693,1762586519999,14948231.97844,7088,1365.303,4686778.55013,0
1762586520000,3432.43,3433.16,3429.82,3430.25,3355.499,1762586579999,11512801.40239,6890,1131.696,3883001.93141,0
1762586580000,3430.25,3430.25,3427.18,3427.28,4350.262,1762586639999,14914006.28461,7591,2481.008,8505454.28637,0
1762586640000,3427.27,3428.64,3426.21,3427.89,2134.617,1762586699999,7316327.72176,5821,1145.511,3926404.76471,0
1762586700000,3427.88,3427.88,3423.09,3424.72,4865.022,1762586759999,16662468.65604,7965,1390.091,4760892.03643,0
1762586760000,3424.71,3428.32,3424.71,3427.59,1994.196,1762586819999,6834084.42941,4180,1437.570,4926398.73032,0
1762586820000,3427.59,3431.09,3427.58,3431.04,1502.817,1762586879999,5154405.59488,4004,1008.265,3458044.43584,0
1762586880000,3431.05,3433.34,3430.80,3431.14,1423.888,1762586939999,4886802.79326,3126,745.530,2558574.50214,0
1762586940000,3431.14,3432.59,3431.13,3432.58,989.983,1762586999999,3397482.40449,2163,521.161,1788495.63720,0
1762587000000,3432.58,3437.74,3432.58,3432.95,1918.221,1762587059999,6589473.93134,4976,874.231,3003209.97550,0
1762587060000,3432.95,3432.95,3428.06,3429.84,2264.716,1762587119999,7769791.40311,4485,575.129,1972835.87006,0
1762587120000,3429.85,3431.28,3428.86,3431.28,886.020,1762587179999,3039362.42390,3086,490.049,1681030.01577,0
1762587180000,3431.27,3435.03,3431.27,3434.75,910.732,1762587239999,3126621.37281,2775,671.085,2303827.39715,0
1762587240000,3434.75,3439.86,3434.74,3436.84,1360.383,1762587299999,4676198.27336,3711,935.158,3214455.59182,0
1762587300000,3436.84,3439.69,3436.83,3437.26,1298.571,1762587359999,4465164.16111,3301,763.071,2623663.51144,0
1762587360000,3437.27,3439.38,3437.27,3438.54,631.492,1762587419999,2171444.97689,2241,391.889,1347527.33807,0
1762587420000,3438.54,3439.38,3436.93,3438.30,1691.093,1762587479999,5814106.35870,3491,668.292,2297469.09392,0
1762587480000,3438.29,3441.37,3438.29,3439.60,1306.942,1762587539999,4495802.44413,3415,681.723,2345144.57509,0
1762587540000,3439.61,3442.02,3439.60,3441.72,1246.532,1762587599999,4289440.90376,2678,665.661,2290515.65243,0
1762587600000,3441.72,3443.47,3440.62,3441.88,1625.172,1762587659999,5594493.64288,3668,1079.789,3717124.66438,0
1762587660000,3441.88,3442.46,3440.43,3441.99,685.537,1762587719999,2359271.91965,2493,317.140,1091434.79954,0
1762587720000,3441.99,3444.00,3441.81,3443.69,1096.710,1762587779999,3775941.37203,3486,715.354,2462958.32946,0
1762587780000,3443.69,3444.98,3443.68,3444.19,1206.389,1762587839999,4155277.62893,2896,677.678,2334187.49657,0
1762587840000,3444.18,3444.78,3443.60,3443.60,823.306,1762587899999,2835725.33623,1727,286.244,985918.78984,0
1762587900000,3443.61,3447.08,3443.33,3445.06,1997.272,1762587959999,6881489.28084,3666,1478.969,5095814.47434,0
1762587960000,3445.06,3447.20,3444.24,3447.20,1013.136,1762588019999,3491126.20409,2275,613.354,2113637.50373,0
1762588020000,3447.20,3447.60,3443.71,3444.35,1604.278,1762588079999,5527474.36728,3308,723.495,2493149.67891,0
1762588080000,3444.35,3444.87,3443.57,3444.60,1114.708,1762588139999,3839303.22255,2712,517.377,1781936.26919,0
1762588140000,3444.60,3447.75,3444.59,3446.44,894.167,1762588199999,3081459.10666,2558,556.983,1919367.02830,0
1762588200000,3446.44,3446.44,3444.24,3445.30,1205.114,1762588259999,4152069.06057,2845,670.400,2309686.36246,0
1762588260000,3445.29,3447.90,3445.25,3447.83,1753.179,1762588319999,6043651.40391,3005,1181.178,4071712.10377,0
1762588320000,3447.82,3448.00,3447.07,3448.00,948.939,1762588379999,3271589.13347,1537,615.208,2120977.23898,0
1762588380000,3448.00,3448.94,3447.99,3448.67,964.590,1762588439999,3326402.51913,1864,547.840,1889208.13744,0
1762588440000,3448.67,3448.80,3447.73,3448.24,971.860,1762588499999,3351398.18841,1724,270.564,933015.43481,0
1762588500000,3448.24,3448.80,3448.23,3448.80,595.206,1762588559999,2052636.15774,1015,367.429,1267124.24988,0
1762588560000,3448.80,3449.99,3448.07,3448.07,1392.357,1762588619999,4802495.02883,2002,804.193,2773833.90773,0
1762588620000,3448.07,3449.82,3447.89,3449.82,891.350,1762588679999,3074080.09950,1450,667.591,2302325.29086,0
1762588680000,3449.82,3449.82,3446.18,3446.69,2634.906,1762588739999,9084781.68188,4005,637.772,2198409.07363,0
1762588740000,3446.69,3448.00,3446.14,3446.41,570.491,1762588799999,1966600.27912,1536,191.244,659281.21101,0
1762588800000,3446.41,3448.60,3446.41,3446.78,1246.368,1762588859999,4296928.90508,2723,647.823,2233272.07468,0
1762588860000,3446.77,3447.46,3444.17,3447.33,2483.793,1762588919999,8557381.74931,4507,752.321,2591988.05625,0
1762588920000,3447.32,3447.33,3444.88,3445.06,448.081,1762588979999,1544326.74070,1998,154.965,534118.04069,0
1762588980000,3445.06,3447.67,3444.18,3444.18,649.051,1762589039999,2236797.12390,2770,318.270,1096805.37030,0
1762589040000,3444.19,3444.56,3441.58,3443.21,1995.180,1762589099999,6868478.48689,4079,435.495,1499181.81583,0
1762589100000,3443.21,3445.08,3442.32,3444.91,607.438,1762589159999,2091664.01203,2253,292.301,1006529.17610,0
1762589160000,3444.90,3444.91,3442.59,3443.90,510.394,1762589219999,1757666.85628,2271,207.305,713866.94266,0
1762589220000,3443.89,3453.45,3443.89,3452.40,2983.508,1762589279999,10295389.05993,5781,2246.639,7752220.20674,0
1762589280000,3452.40,3453.00,3448.77,3449.86,1065.278,1762589339999,3676173.05549,3385,438.453,1513033.75112,0
1762589340000,3449.86,3452.88,3448.60,3450.97,2103.927,1762589399999,7261151.26039,4618,1560.725,5386444.21939,0
1762589400000,3450.97,3453.00,3450.25,3452.08,942.241,1762589459999,3252033.38288,2988,500.326,1726796.11841,0
1762589460000,3452.08,3452.49,3448.94,3451.14,1019.807,1762589519999,3519006.32375,3154,470.281,1622744.29893,0
1762589520000,3451.15,3451.35,3449.67,3450.82,286.934,1762589579999,990131.07125,1589,131.113,452442.40051,0
1762589580000,3450.83,3450.83,3449.15,3449.16,542.954,1762589639999,1873135.67858,1376,168.700,581994.68862,0
1762589640000,3449.15,3450.00,3448.09,3448.09,408.960,1762589699999,1410504.91871,1754,179.111,617755.54598,0
1762589700000,3448.10,3449.68,3446.46,3446.47,770.232,1762589759999,2656019.64270,3482,352.993,1217321.46786,0
1762589760000,3446.46,3446.47,3437.95,3438.06,4565.260,1762589819999,15710694.68279,7565,850.805,2927300.27680,0
1762589820000,3438.06,3439.97,3434.04,3439.14,3389.664,1762589879999,11651983.95971,6487,2023.816,6957253.53612,0
1762589880000,3439.14,3442.29,3439.14,3440.15,1398.564,1762589939999,4811650.22740,4329,921.203,3169498.36048,0
1762589940000,3440.14,3442.50,3439.46,3440.17,644.870,1762589999999,2218840.55971,3298,321.854,1107417.71958,0
1762590000000,3440.17,3441.52,3437.69,3438.72,1229.702,1762590059999,4230010.19039,3962,693.538,2385987.84596,0
1762590060000,3438.73,3440.60,3437.71,3440.08,714.320,1762590119999,2456596.12314,2859,450.981,1550941.80520,0
1762590120000,3440.08,3441.46,3437.66,3437.67,769.027,1762590179999,2644749.01296,2728,485.545,1669818.66895,0
1762590180000,3437.68,3440.34,3437.14,3440.34,1580.355,1762590239999,5433374.74557,2948,1186.031,4077682.81100,0
1762590240000,3440.34,3442.35,3440.34,3442.35,1444.798,1762590299999,4972425.84174,2821,1029.987,3544765.52788,0
1762590300000,3442.35,3446.17,3441.88,3445.86,1063.006,1762590359999,3661834.83738,2903,672.979,2318475.66168,0
1762590360000,3445.86,3450.00,3445.36,3449.79,1135.650,1762590419999,3915215.48955,3786,818.238,2820846.47608,0
1762590420000,3449.80,3453.00,3449.24,3453.00,1688.467,1762590479999,5828040.92068,3862,1266.321,4371069.12737,0
1762590480000,3453.00,3456.68,3452.68,3452.73,3985.711,1762590539999,13770238.80812,7318,2476.432,8555947.66845,0
1762590540000,3452.74,3453.00,3450.08,3450.91,1228.332,1762590599999,4239066.94515,3342,425.934,1469885.48552,0
1762590600000,3450.90,3455.65,3450.16,3453.38,1640.319,1762590659999,5664012.05855,3808,1099.495,3796331.51931,0
1762590660000,3453.38,3453.39,3450.83,3452.39,901.261,1762590719999,3111174.73751,2994,448.989,1549959.73920,0
1762590720000,3452.39,3453.87,3451.20,3453.87,936.204,1762590779999,3232116.00789,2423,545.660,1883795.96245,0
1762590780000,3453.87,3455.00,3452.64,3454.77,1471.735,1762590839999,5083685.91658,3042,1002.600,3463328.38075,0
1762590840000,3454.76,3456.61,3453.92,3455.69,1405.223,1762590899999,4855611.31027,3213,900.323,3110927.12312,0
1762590900000,3455.69,3457.94,3454.10,3456.92,2217.991,1762590959999,7665198.53934,5062,1252.827,4329406.09950,0
1762590960000,3456.91,3460.68,3456.80,3457.89,2908.813,1762591019999,10061302.30705,6235,2032.259,7029743.80219,0
1762591020000,3457.90,3461.16,3457.31,3459.65,1980.112,1762591079999,6850137.79760,3721,1348.089,4663665.71287,0
1762591080000,3459.64,3460.67,3457.00,3458.00,1675.826,1762591139999,5796231.40660,3660,876.663,3032233.53599,0
1762591140000,3458.00,3459.82,3457.29,3459.81,764.219,1762591199999,2643204.66735,2831,403.948,1397186.74565,0
1762591200000,3459.81,3463.44,3459.15,3463.33,1932.309,1762591259999,6689441.77530,4688,1317.182,4559840.16432,0
1762591260000,3463.32,3464.84,3461.86,3462.89,3002.192,1762591319999,10398983.62596,6033,1330.264,4608007.35162,0
1762591320000,3462.89,3463.50,3460.68,3461.54,947.993,1762591379999,3282285.59848,3472,461.971,1599493.05222,0
1762591380000,3461.53,3465.99,3459.98,3464.20,4135.899,1762591439999,14324645.07573,6962,2605.724,9025429.29712,0
1762591440000,3464.20,3464.81,3462.30,3462.91,1089.142,1762591499999,3772113.81741,3168,353.388,1223824.96269,0
1762591500000,3462.90,3462.90,3461.53,3461.93,935.683,1762591559999,3239525.57706,2576,454.500,1573535.90598,0
1762591560000,3461.93,3462.43,3460.84,3462.00,1001.103,1762591619999,3465515.42725,3622,449.041,1554394.07920,0
1762591620000,3461.99,3464.48,3460.53,3463.81,2255.732,1762591679999,7810919.20063,3364,1774.893,6146063.00632,0
1762591680000,3463.81,3468.43,3460.00,3460.00,4676.674,1762591739999,16204434.56298,7872,2791.201,9673008.03750,0
1762591740000,3460.01,3461.00,3459.01,3459.95,1518.154,1762591799999,5252645.17607,3679,457.571,1583087.94625,0
1762591800000,3459.96,3459.96,3457.70,3457.71,1341.604,1762591859999,4640065.43947,3389,542.777,1877282.91229,0
1762591860000,3457.70,3460.50,3457.00,3459.90,982.994,1762591919999,3400638.10404,3200,490.873,1698139.59609,0
1762591920000,3459.91,3460.13,3459.17,3459.57,551.638,1762591979999,1908433.32057,1701,216.825,750106.63572,0
1762591980000,3459.57,3459.66,3456.70,3458.60,924.238,1762592039999,3196234.42131,2973,341.232,1180220.37904,0
1762592040000,3458.61,3458.62,3455.34,3456.42,1470.318,1762592099999,5082083.99076,3325,428.464,1480908.64871,0
1762592100000,3456.41,3456.50,3455.69,3456.40,606.178,1762592159999,2095018.82777,1955,305.126,1054515.29562,0
1762592160000,3456.40,3457.95,3455.80,3456.19,953.645,1762592219999,3296765.85053,2428,373.832,1292180.74995,0
1762592220000,3456.19,3456.99,3455.40,3456.51,436.592,1762592279999,1509006.34376,1746,193.734,669633.24733,0
1762592280000,3456.50,3456.51,3455.41,3455.93,447.683,1762592339999,1547158.83104,1116,207.519,717119.62229,0
1762592340000,3455.92,3456.51,3453.00,3453.28,2211.123,1762592399999,7639455.17796,3643,914.926,3161180.38974,0
1762592400000,3453.28,3453.78,3450.91,3450.91,1961.881,1762592459999,6773385.94963,4010,733.888,2533813.24019,0
1762592460000,3450.90,3452.78,3450.36,3451.00,1459.391,1762592519999,5037184.48639,3271,751.265,2592902.84752,0
1762592520000,3451.00,3453.70,3450.01,3452.22,1024.236,1762592579999,3535358.06507,3180,533.917,1843120.43123,0
1762592580000,3452.21,3452.64,3451.00,3451.77,653.518,1762592639999,2255665.21063,2815,414.854,1431850.95678,0
1762592640000,3451.77,3451.86,3449.00,3451.26,2695.255,1762592699999,9299622.07415,4745,1242.999,4289055.75651,0
1762592700000,3451.26,3451.29,3449.00,3449.00,793.904,1762592759999,2739174.02744,2009,249.997,862512.08605,0
1762592760000,3449.00,3453.18,3449.00,3450.65,1299.588,1762592819999,4485221.72366,4355,980.177,3382894.26549,0
1762592820000,3450.65,3451.42,3449.88,3450.61,922.904,1762592879999,3184746.66238,2649,397.692,1372332.47609,0
1762592880000,3450.61,3450.61,3447.39,3447.60,1726.787,1762592939999,5954992.44695,3702,317.966,1096471.03694,0
1762592940000,3447.60,3448.78,3447.39,3447.51,595.977,1762592999999,2054951.97507,2102,308.139,1062444.05317,0
1762593000000,3447.50,3449.35,3447.39,3449.27,608.759,1762593059999,2099016.96195,2178,358.750,1236988.12267,0
1762593060000,3449.26,3451.16,3449.26,3450.52,545.556,1762593119999,1882250.15583,2603,262.271,904865.63142,0
1762593120000,3450.52,3451.20,3449.80,3451.19,791.551,1762593179999,2731210.02157,1493,510.040,1759905.14340,0
1762593180000,3451.19,3451.20,3448.71,3450.99,759.323,1762593239999,2619430.37000,2465,200.552,691860.70307,0
1762593240000,3450.99,3450.99,3449.16,3449.24,341.609,1762593299999,1178461.23223,1530,103.999,358766.26542,0
1762593300000,3449.23,3451.00,3447.73,3449.53,582.909,1762593359999,2010674.37131,2679,342.734,1182207.90526,0
1762593360000,3449.53,3450.39,3448.78,3449.10,461.895,1762593419999,1593362.67887,2376,243.342,839400.43909,0
1762593420000,3449.09,3449.86,3447.90,3449.59,774.769,1762593479999,2672144.42971,2769,458.577,1581554.74042,0
1762593480000,3449.59,3453.46,3449.59,3453.12,1053.265,1762593539999,3634843.23854,3098,863.568,2980245.02435,0
1762593540000,3453.12,3456.30,3452.92,3453.60,1087.531,1762593599999,3756848.07390,3539,689.884,2383063.61218,0
1762593600000,3453.60,3458.82,3453.59,3458.35,1387.199,1762593659999,4794607.98572,3734,924.221,3194573.02692,0
1762593660000,3458.36,3458.36,3455.21,3456.73,984.014,1762593719999,3401694.59179,2616,425.082,1469449.36537,0
1762593720000,3456.73,3456.93,3454.08,3454.99,477.080,1762593779999,1648286.84077,2367,217.462,751277.02258,0
1762593780000,3454.98,3457.29,3454.98,3456.86,553.748,1762593839999,1914043.47423,2408,328.383,1135092.88636,0
1762593840000,3456.85,3457.55,3455.48,3456.98,456.662,1762593899999,1578556.30033,1809,155.948,539072.23298,0
1762593900000,3456.98,3458.00,3456.77,3457.52,535.896,1762593959999,1852831.82556,1600,365.940,1265204.98817,0
1762593960000,3457.51,3462.84,3456.71,3461.51,2241.074,1762594019999,7756365.03613,3703,1917.000,6634990.08815,0
1762594020000,3461.50,3461.51,3458.12,3458.51,1141.876,1762594079999,3951059.35728,2692,316.023,1093404.11355,0
1762594080000,3458.50,3459.58,3457.38,3459.57,436.338,1762594139999,1508897.77404,1472,179.950,622310.31340,0
1762594140000,3459.57,3460.96,3458.82,3458.83,354.214,1762594199999,1225555.31779,1740,172.437,596609.20377,0
1762594200000,3458.82,3460.68,3457.03,3460.67,2700.541,1762594259999,9342316.04433,3651,2027.877,7016147.52373,0
1762594260000,3460.68,3463.42,3460.28,3463.22,1227.544,1762594319999,4249620.67076,3736,738.348,2556046.68845,0
1762594320000,3463.21,3463.59,3462.51,3463.12,1000.590,1762594379999,3465130.71826,2550,385.670,1335589.13624,0
1762594380000,3463.11,3463.40,3460.00,3460.00,1175.425,1762594439999,4069075.15135,2662,366.879,1270181.40418,0
1762594440000,3460.01,3461.41,3458.76,3461.40,657.367,1762594499999,2274165.68240,2183,480.801,1663334.49573,0
1762594500000,3461.40,3462.80,3461.01,3461.05,858.404,1762594559999,2971789.15325,2475,229.836,795713.36320,0
1762594560000,3461.05,3461.31,3459.66,3459.67,527.865,1762594619999,1826584.48920,2196,204.533,707757.72422,0
1762594620000,3459.67,3461.59,3459.66,3460.91,533.710,1762594679999,1847133.76919,2359,136.938,473916.74759,0
1762594680000,3460.90,3463.00,3460.70,3462.87,726.187,1762594739999,2513913.34715,2189,443.587,1535578.85052,0
1762594740000,3462.87,3463.07,3460.48,3460.49,560.252,1762594799999,1939562.85418,2322,153.950,532983.12963,0
1762594800000,3460.49,3460.70,3458.12,3458.78,588.864,1762594859999,2036867.14779,2401,194.831,673914.06928,0
1762594860000,3458.78,3462.38,3458.78,3459.99,999.020,1762594919999,3457421.06738,2874,662.278,2291994.61333,0
1762594920000,3459.99,3460.93,3459.76,3460.52,381.356,1762594979999,1319661.41405,1785,218.292,755373.31622,0
1762594980000,3460.51,3460.52,3456.66,3456.66,1090.730,1762595039999,3771439.58122,3318,265.834,919224.72499,0
1762595040000,3456.66,3458.05,3455.27,3457.06,776.862,1762595099999,2685534.09550,2536,255.675,883769.49103,0
1762595100000,3457.05,3458.88,3456.77,3458.51,617.532,1762595159999,2135139.84548,3053,302.597,1046254.04988,0
1762595160000,3458.51,3458.52,3455.55,3455.55,909.407,1762595219999,3143571.59236,2380,408.164,1410847.09535,0
1762595220000,3455.55,3455.56,3452.74,3453.00,2053.567,1762595279999,7093451.99561,3833,474.000,1636864.19457,0
1762595280000,3453.00,3453.79,3449.00,3449.26,2569.757,1762595339999,8868634.53222,4617,597.551,2062562.73049,0
1762595340000,3449.27,3451.07,3449.27,3449.97,1517.958,1762595399999,5237430.39447,3166,925.278,3192497.22462,0
1762595400000,3449.98,3451.83,3449.21,3450.47,976.697,1762595459999,3370196.21943,2679,533.070,1839542.57068,0
1762595460000,3450.46,3450.67,3448.94,3449.10,496.673,1762595519999,1713385.20669,1812,209.451,722580.09892,0
1762595520000,3449.11,3449.13,3444.23,3444.44,2793.632,1762595579999,9627257.91552,4531,597.894,2060511.56278,0
1762595580000,3444.43,3446.37,3437.84,3439.29,12383.891,1762595639999,42619902.37895,10513,2623.602,9028346.14475,0
1762595640000,3439.29,3439.68,3437.05,3437.35,3389.300,1762595699999,11655665.76513,3344,2124.066,7304818.33863,0
1762595700000,3437.36,3439.77,3437.06,3439.48,2874.348,1762595759999,9882329.85185,3472,2105.339,7238569.85230,0
1762595760000,3439.49,3439.91,3438.00,3438.00,999.705,1762595819999,3438234.73165,2022,592.504,2037847.43130,0
1762595820000,3438.00,3441.61,3438.00,3438.62,4850.519,1762595879999,16685174.84484,4167,4229.163,14547761.02137,0
1762595880000,3438.63,3440.12,3438.62,3439.18,523.797,1762595939999,1801580.81670,1999,279.856,962553.13653,0
1762595940000,3439.18,3439.18,3438.31,3438.32,605.477,1762595999999,2082013.10215,1214,364.578,1253643.29374,0
1762596000000,3438.32,3439.15,3436.34,3436.60,1731.541,1762596059999,5952340.51189,4158,681.752,2343583.76629,0
1762596060000,3436.60,3437.17,3436.00,3436.54,1112.639,1762596119999,3823454.30500,2635,574.551,1974347.50758,0
1762596120000,3436.53,3438.00,3435.69,3437.01,1256.065,1762596179999,4316733.01315,3395,507.950,1745806.78073,0
1762596180000,3437.01,3437.01,3435.49,3435.83,968.361,1762596239999,3327364.75724,2415,427.307,1468214.30231,0
1762596240000,3435.83,3437.61,3435.83,3436.55,755.512,1762596299999,2596423.44584,2308,509.749,1751778.82160,0
1762596300000,3436.56,3440.29,3436.24,3438.92,1809.365,1762596359999,6222529.47889,3975,1502.837,5168498.68090,0
1762596360000,3438.91,3438.91,3436.82,3436.92,683.822,1762596419999,2350692.76193,2213,430.013,1478107.67170,0
1762596420000,3436.92,3439.29,3436.00,3439.28,1311.086,1762596479999,4506511.00895,3046,1027.823,3533007.19884,0
1762596480000,3439.28,3441.06,3436.16,3436.16,1552.909,1762596539999,5341579.38280,3258,858.143,2951849.41562,0
1762596540000,3436.16,3436.17,3434.38,3434.38,1280.006,1762596599999,4396799.13168,1894,297.094,1020584.22438,0
1762596600000,3434.38,3436.96,3434.38,3436.74,1104.939,1762596659999,3795918.75607,3003,633.648,2176854.87000,0
1762596660000,3436.74,3438.09,3435.51,3435.51,690.741,1762596719999,2373967.08504,2325,365.118,1254825.07905,0
1762596720000,3435.50,3436.39,3435.48,3435.98,593.525,1762596779999,2039258.26846,1736,308.491,1059915.10987,0
1762596780000,3435.97,3436.32,3435.25,3436.32,893.535,1762596839999,3070175.57442,1420,352.602,1211527.93085,0
1762596840000,3436.32,3437.07,3435.31,3435.31,382.863,1762596899999,1315650.32968,1371,131.401,451556.30507,0
1762596900000,3435.31,3436.05,3431.74,3435.90,2812.458,1762596959999,9656722.74224,5646,872.985,2998197.85092,0
1762596960000,3435.91,3442.00,3435.09,3435.48,8374.291,1762597019999,28799157.25380,6845,5179.624,17810102.43021,0
1762597020000,3435.48,3439.48,3435.00,3436.68,4387.210,1762597079999,15081733.71155,4869,2360.038,8111780.76173,0
1762597080000,3436.68,3440.47,3436.14,3439.69,2277.119,1762597139999,7830220.16809,3583,1828.533,6287565.44007,0
1762597140000,3439.69,3442.50,3439.68,3441.69,1597.273,1762597199999,5497416.85049,3230,1097.687,3777803.82106,0
1762597200000,3441.69,3443.56,3440.05,3443.02,1581.639,1762597259999,5443700.79087,3358,975.108,3356266.29084,0
1762597260000,3443.01,3443.54,3440.95,3440.96,1180.243,1762597319999,4063066.04815,2558,580.471,1998446.44241,0
1762597320000,3440.96,3441.11,3439.26,3440.67,950.613,1762597379999,3270366.05214,3075,315.318,1084721.71594,0
1762597380000,3440.67,3440.67,3439.00,3440.32,764.204,1762597439999,2628731.56123,2238,480.842,1654043.55678,0
1762597440000,3440.32,3441.10,3439.71,3439.95,620.863,1762597499999,2136033.02883,2034,184.326,634107.29054,0
1762597500000,3439.94,3442.06,3438.76,3441.75,1572.268,1762597559999,5410283.18263,3787,598.673,2059972.92593,0
1762597560000,3441.76,3446.73,3441.75,3445.30,5235.707,1762597619999,18036067.54047,6475,3587.656,12358079.84431,0
1762597620000,3445.29,3447.34,3445.29,3446.30,2058.880,1762597679999,7096148.70748,2818,1163.961,4011736.21315,0
1762597680000,3446.30,3447.70,3446.16,3447.54,840.907,1762597739999,2898676.61065,2195,362.751,1250406.97395,0
1762597740000,3447.54,3447.54,3446.60,3447.00,510.604,1762597799999,1760033.18788,1239,126.324,435419.73533,0
1762597800000,3447.00,3447.07,3446.30,3446.30,602.703,1762597859999,2077399.70812,1279,215.092,741373.97979,0
1762597860000,3446.31,3447.00,3445.95,3446.63,808.429,1762597919999,2786291.66769,2398,365.392,1259360.09794,0
1762597920000,3446.63,3449.00,3446.43,3447.99,1191.620,1762597979999,4108284.41615,2811,805.732,2777809.28501,0
1762597980000,3448.00,3448.00,3446.40,3446.76,403.469,1762598039999,1390770.62535,1260,139.042,479273.22237,0
1762598040000,3446.76,3448.41,3446.76,3448.40,556.346,1762598099999,1918007.49209,1736,301.146,1038190.36915,0
1762598100000,3448.40,3448.41,3443.85,3443.86,1024.895,1762598159999,3531413.35701,2542,203.503,701151.98338,0
1762598160000,3443.86,3444.78,3443.76,3443.81,413.780,1762598219999,1425113.96765,1507,176.001,606196.65619,0
1762598220000,3443.80,3445.00,3443.80,3445.00,623.668,1762598279999,2148176.33628,1658,290.815,1001712.54386,0
1762598280000,3445.00,3445.80,3443.94,3444.83,782.316,1762598339999,2695014.31081,2322,207.248,713958.34430,0
1762598340000,3444.83,3448.38,3444.83,3447.44,609.450,1762598399999,2100860.12707,2060,493.299,1700411.71832,0
1762598400000,3447.44,3447.45,3445.24,3445.89,747.363,1762598459999,2575282.47087,2127,152.094,524090.83106,0
1762598460000,3445.88,3447.72,3445.85,3447.72,268.895,1762598519999,926770.56330,1572,146.138,503687.45681,0
1762598520000,3447.71,3447.72,3444.00,3444.35,700.600,1762598579999,2413893.68913,2378,117.156,403602.81923,0
1762598580000,3444.34,3444.77,3442.15,3444.14,1120.140,1762598639999,3857064.17985,2854,284.615,980034.90368,0
1762598640000,3444.15,3444.76,3443.44,3444.74,524.754,1762598699999,1807361.28533,1720,207.336,714081.17085,0
1762598700000,3444.75,3448.00,3444.74,3447.49,803.375,1762598759999,2768953.51197,2259,551.596,1901093.45441,0
1762598760000,3447.49,3448.40,3447.48,3448.11,478.127,1762598819999,1648626.06444,1382,332.965,1148072.86517,0
1762598820000,3448.11,3448.53,3447.09,3447.38,633.724,1762598879999,2185167.93811,1750,183.518,632795.39072,0
1762598880000,3447.37,3448.09,3446.05,3447.20,358.519,1762598939999,1235810.23057,2137,187.164,645165.65483,0
1762598940000,3447.21,3447.50,3445.91,3446.57,531.761,1762598999999,1832684.80186,1690,74.258,255937.36486,0
1762599000000,3446.56,3447.00,3445.00,3445.00,667.976,1762599059999,2301825.63775,2083,264.528,911584.59700,0
1762599060000,3445.01,3445.01,3442.33,3444.62,876.460,1762599119999,3018086.31224,2775,342.492,1179309.16942,0
1762599120000,3444.63,3445.23,3444.27,3444.87,409.169,1762599179999,1409483.94103,1492,261.459,900651.18508,0
1762599180000,3444.87,3445.58,3444.86,3445.56,444.579,1762599239999,1531721.74413,1270,296.685,1022172.25858,0
1762599240000,3445.56,3445.92,3444.74,3445.82,339.957,1762599299999,1171288.39706,1900,172.901,595720.52547,0
1762599300000,3445.82,3445.92,3442.89,3443.73,640.175,1762599359999,2204937.66905,2126,89.951,309816.28726,0
1762599360000,3443.73,3445.81,3443.18,3445.10,807.384,1762599419999,2780906.86016,2285,587.588,2023931.67704,0
1762599420000,3445.10,3447.46,3445.09,3447.17,826.419,1762599479999,2848274.36551,2528,585.233,2016979.94297,0
1762599480000,3447.18,3447.36,3446.53,3447.36,348.596,1762599539999,1201606.56395,1297,142.138,489946.58243,0
1762599540000,3447.35,3447.36,3444.07,3444.45,496.375,1762599599999,1710372.71458,1635,186.037,640952.74366,0
1762599600000,3444.45,3444.46,3442.41,3442.41,576.184,1762599659999,1983991.45909,1526,190.590,656227.53624,0
1762599660000,3442.41,3444.39,3442.41,3444.38,580.415,1762599719999,1998490.50253,2261,180.634,621976.17820,0
1762599720000,3444.39,3445.73,3442.52,3442.92,1272.434,1762599779999,4382421.63768,2867,208.802,719193.31809,0
1762599780000,3442.92,3447.21,3442.91,3446.01,1324.369,1762599839999,4563314.46137,2946,1141.047,3931548.91162,0
1762599840000,3446.00,3446.08,3441.79,3442.60,761.360,1762599899999,2621748.83342,2609,388.656,1338559.41875,0
1762599900000,3442.60,3445.01,3441.81,3444.51,1418.117,1762599959999,4883306.57626,3021,639.644,2202537.66578,0
1762599960000,3444.52,3444.52,3442.36,3443.85,557.334,1762600019999,1919005.62016,1701,202.467,697120.86750,0
1762600020000,3443.85,3444.98,3442.75,3444.98,842.625,1762600079999,2901709.48228,2545,673.833,2320393.27024,0
1762600080000,3444.97,3446.42,3444.52,3446.24,556.549,1762600139999,1917588.03215,1795,416.398,1434689.29616,0
1762600140000,3446.25,3446.66,3444.68,3446.40,963.130,1762600199999,3318730.73615,2081,594.899,2049791.17179,0
1762600200000,3446.40,3449.96,3446.39,3449.63,1336.331,1762600259999,4608493.00503,2522,1057.524,3646843.70522,0
1762600260000,3449.63,3449.63,3449.00,3449.46,489.649,1762600319999,1688920.08010,1176,246.850,851438.19523,0
1762600320000,3449.47,3452.67,3449.18,3451.00,1903.414,1762600379999,6569532.11581,3797,1037.027,3579040.15043,0
1762600380000,3450.99,3452.99,3450.71,3452.96,671.145,1762600439999,2316846.65867,1929,391.388,1351078.12594,0
1762600440000,3452.96,3452.96,3451.60,3452.40,784.014,1762600499999,2706548.42289,1852,296.809,1024648.03150,0
1762600500000,3452.39,3452.40,3448.05,3448.82,852.663,1762600559999,2941281.67138,2643,197.160,679978.51547,0
1762600560000,3448.82,3450.00,3448.82,3450.00,415.775,1762600619999,1434080.35037,1558,229.909,792997.09099,0
1762600620000,3449.99,3449.99,3447.69,3448.88,705.682,1762600679999,2433509.39807,2311,220.720,761125.96860,0
1762600680000,3448.88,3451.94,3448.65,3451.93,473.353,1762600739999,1633051.42784,1626,268.550,926567.99393,0
1762600740000,3451.94,3452.34,3450.46,3451.73,529.804,1762600799999,1828707.30358,1813,173.796,599852.86638,0
1762600800000,3451.74,3451.74,3450.39,3451.37,548.696,1762600859999,1893552.96722,1298,217.901,751913.19988,0
1762600860000,3451.37,3454.90,3451.37,3452.84,1476.128,1762600919999,5098269.26751,3472,985.451,3403616.46904,0
1762600920000,3452.84,3452.84,3451.00,3452.05,680.799,1762600979999,2350077.48983,2182,229.994,793910.42543,0
1762600980000,3452.04,3452.33,3449.25,3449.26,594.634,1762601039999,2052053.44878,1879,112.553,388402.46173,0
1762601040000,3449.26,3450.28,3448.53,3449.76,574.135,1762601099999,1980381.62929,2180,376.001,1296953.91836,0
1762601100000,3449.75,3449.99,3448.77,3449.77,360.224,1762601159999,1242569.75318,1456,170.304,587461.67704,0
1762601160000,3449.76,3449.77,3447.90,3448.67,734.169,1762601219999,2531914.36494,2374,168.220,580137.62181,0
1762601220000,3448.67,3450.58,3448.01,3450.28,538.962,1762601279999,1859117.16703,2105,244.886,844663.73537,0
1762601280000,3450.27,3450.27,3448.45,3449.36,306.512,1762601339999,1057176.59813,2298,180.017,620871.74217,0
1762601340000,3449.35,3450.15,3448.56,3449.55,308.056,1762601399999,1062642.21801,1412,95.174,328277.32785,0
1762601400000,3449.54,3450.00,3446.81,3446.81,641.759,1762601459999,2213250.50910,2102,92.220,318070.61173,0
1762601460000,3446.81,3446.82,3444.14,3445.34,1604.248,1762601519999,5526854.47072,3857,407.541,1404004.27879,0
1762601520000,3445.34,3445.39,3442.36,3443.47,1599.460,1762601579999,5507270.26248,2929,464.642,1599673.97637,0
1762601580000,3443.47,3444.30,3440.18,3440.31,1548.052,1762601639999,5327785.52465,4151,298.421,1027103.79610,0
1762601640000,3440.30,3442.11,3440.02,3440.46,1234.713,1762601699999,4249067.98638,2669,401.071,1380190.71518,0
1762601700000,3440.46,3440.46,3438.33,3439.19,2091.490,1762601759999,7193299.50903,3272,981.935,3376957.43637,0
1762601760000,3439.19,3439.38,3435.00,3435.99,2034.595,1762601819999,6992312.72418,3913,738.218,2537122.29477,0
1762601820000,3435.99,3436.27,3431.63,3432.30,3871.890,1762601879999,13295923.34894,6256,1936.967,6652317.90580,0
1762601880000,3432.30,3435.00,3430.91,3433.62,3652.036,1762601939999,12537474.90780,5831,1839.584,6315761.41212,0
1762601940000,3433.63,3433.66,3428.05,3430.16,7719.220,1762601999999,26479649.82545,9388,3147.020,10795974.95094,0
1762602000000,3430.15,3430.16,3426.97,3428.25,3335.643,1762602059999,11434805.26838,6159,1522.019,5217557.69643,0
1762602060000,3428.26,3428.26,3425.10,3425.11,3132.392,1762602119999,10733258.90177,5436,1289.036,4417358.43208,0
1762602120000,3425.10,3425.67,3419.81,3420.64,16063.546,1762602179999,54971522.86303,15578,4462.821,15273252.67187,0
1762602180000,3420.65,3424.45,3420.09,3423.11,3553.784,1762602239999,12163831.96819,6767,2566.637,8784822.12856,0
1762602240000,3423.11,3423.11,3417.52,3418.32,8174.308,1762602299999,27953801.33457,10019,2778.501,9500516.56980,0
1762602300000,3418.32,3419.00,3414.21,3419.00,6299.310,1762602359999,21522732.90775,8949,2902.761,9918771.10542,0
1762602360000,3418.99,3424.65,3418.99,3423.83,5413.496,1762602419999,18528627.13930,7543,3581.647,12259004.35850,0
1762602420000,3423.83,3424.35,3418.19,3418.19,4813.176,1762602479999,16465884.35731,8195,1673.488,5725280.26802,0
1762602480000,3418.20,3419.07,3413.91,3414.32,5184.307,1762602539999,17707909.40491,7155,2195.472,7498589.32158,0
1762602540000,3414.32,3418.72,3414.32,3417.81,3488.812,1762602599999,11920956.01915,6389,1971.495,6735782.66321,0
1762602600000,3417.81,3418.93,3414.67,3416.20,3321.657,1762602659999,11349810.59402,6362,1657.452,5663739.34172,0
1762602660000,3416.20,3420.00,3415.01,3419.57,1947.281,1762602719999,6655402.05949,5504,1182.895,4042760.86809,0
1762602720000,3419.57,3419.58,3410.26,3411.94,3839.758,1762602779999,13108704.64605,7601,1797.890,6138252.23971,0
1762602780000,3411.94,3413.06,3409.48,3413.05,6698.339,1762602839999,22847941.27104,7418,3133.228,10688288.90940,0
1762602840000,3413.06,3413.06,3405.50,3409.02,9589.963,1762602899999,32686446.43220,12019,3994.218,13614160.24208,0
1762602900000,3409.02,3411.00,3405.56,3407.15,7547.254,1762602959999,25717814.03978,9643,2695.409,9185220.65237,0
1762602960000,3407.16,3409.79,3405.03,3408.78,7375.974,1762603019999,25127632.90852,8426,2985.513,10170277.85598,0
1762603020000,3408.78,3411.52,3407.47,3409.40,5416.047,1762603079999,18468361.46009,7481,3341.714,11395643.41306,0
1762603080000,3409.40,3412.57,3408.97,3412.53,2296.161,1762603139999,7829948.43812,4574,1057.753,3607298.43289,0
1762603140000,3412.52,3413.88,3411.25,3411.53,2108.694,1762603199999,7196206.29709,4804,983.857,3357513.64278,0
1762603200000,3411.54,3411.94,3408.48,3410.46,4577.027,1762603259999,15608791.59673,7570,1198.067,4085686.41537,0
1762603260000,3410.47,3412.20,3407.78,3412.20,1858.457,1762603319999,6337398.05933,4666,956.936,3263318.41680,0
1762603320000,3412.19,3412.43,3409.38,3410.15,1868.553,1762603379999,6372781.35589,5232,923.018,3147843.04520,0
1762603380000,3410.15,3410.15,3405.10,3409.99,3932.885,1762603439999,13399453.79681,7230,2101.787,7160757.24949,0
1762603440000,3410.00,3410.00,3407.00,3409.82,2137.787,1762603499999,7287904.68415,4963,1082.634,3690788.30246,0
1762603500000,3409.81,3412.30,3409.81,3410.49,2622.571,1762603559999,8945734.74714,5195,1362.211,4646684.70213,0
1762603560000,3410.48,3413.20,3408.07,3413.20,2095.917,1762603619999,7148916.47031,4921,1498.770,5112465.00719,0
1762603620000,3413.20,3413.79,3408.26,3409.31,2861.767,1762603679999,9758327.65408,5439,791.658,2699161.69393,0
1762603680000,3409.32,3411.10,3408.95,3410.06,1496.878,1762603739999,5104337.63854,4376,858.185,2926421.85476,0
1762603740000,3410.06,3414.28,3410.06,3414.12,1640.626,1762603799999,5596969.15582,3328,1300.392,4436080.63702,0
1762603800000,3414.11,3416.74,3413.21,3414.93,4993.556,1762603859999,17055649.01416,5787,1929.193,6588983.12458,0
1762603860000,3414.92,3415.76,3412.91,3414.28,1656.852,1762603919999,5657584.98868,3943,642.892,2195384.77782,0
1762603920000,3414.28,3414.28,3404.00,3404.36,5114.260,1762603979999,17433205.82748,7771,1043.618,3558166.28951,0
1762603980000,3404.36,3404.62,3396.00,3401.63,20472.099,1762604039999,69601546.98260,20747,8633.147,29348072.61091,0
1762604040000,3401.64,3402.92,3397.85,3398.99,2989.903,1762604099999,10166620.50251,6232,1207.931,4107426.93709,0
1762604100000,3399.00,3405.00,3398.72,3404.78,3626.659,1762604159999,12339750.62276,7036,2455.672,8355439.44063,0
1762604160000,3404.78,3408.71,3404.60,3405.36,2940.412,1762604219999,10017240.17388,5869,1950.612,6645778.55172,0
1762604220000,3405.36,3406.00,3401.50,3402.65,4428.261,1762604279999,15071560.67186,7820,1387.479,4722578.05575,0
1762604280000,3402.65,3404.99,3401.21,3404.53,1962.413,1762604339999,6678194.61788,4751,1007.725,3429515.56010,0
1762604340000,3404.52,3404.88,3401.47,3403.96,2121.377,1762604399999,7220019.81889,4341,1005.046,3420927.58188,0
1762604400000,3403.96,3404.22,3398.91,3404.00,3163.163,1762604459999,10760573.19817,5915,1052.414,3579902.72558,0
1762604460000,3404.00,3406.84,3403.40,3403.81,4636.069,1762604519999,15787107.45614,7764,3021.063,10288008.06606,0
1762604520000,3403.81,3405.50,3403.56,3405.43,944.784,1762604579999,3216711.24722,3294,335.989,1144008.46250,0
1762604580000,3405.42,3405.43,3403.04,3404.72,949.245,1762604639999,3231358.33426,3184,553.660,1884693.78643,0
1762604640000,3404.72,3404.72,3400.20,3403.05,2344.882,1762604699999,7976660.08652,4071,812.640,2764224.17723,0
1762604700000,3403.04,3409.19,3403.04,3407.60,1944.500,1762604759999,6625084.42533,4242,1482.395,5050370.68070,0
1762604760000,3407.60,3408.96,3406.56,3408.85,2668.155,1762604819999,9093036.40956,3875,1357.724,4627250.57649,0
1762604820000,3408.84,3411.04,3407.09,3411.01,5217.034,1762604879999,17787404.87866,6767,3708.692,12644650.17863,0
1762604880000,3411.01,3413.06,3410.85,3412.78,3003.923,1762604939999,10249202.97599,4917,1736.065,5923472.21130,0
1762604940000,3412.78,3413.52,3406.13,3407.44,7396.254,1762604999999,25218258.30177,8944,1983.898,6763348.63673,0
1762605000000,3407.44,3408.55,3406.62,3406.84,1548.678,1762605059999,5277279.91736,3094,686.976,2340949.41064,0
1762605060000,3406.85,3408.55,3406.00,3406.70,996.750,1762605119999,3396809.13075,3060,520.525,1773927.87929,0
1762605120000,3406.70,3408.22,3406.26,3407.13,811.897,1762605179999,2766426.32671,3006,324.526,1105797.24102,0
1762605180000,3407.14,3407.40,3405.25,3407.00,826.661,1762605239999,2815975.49148,2813,334.110,1138142.13041,0
1762605240000,3407.00,3409.60,3406.42,3409.60,492.127,1762605299999,1677298.36595,2199,376.104,1281913.01531,0
1762605300000,3409.60,3410.00,3408.47,3409.46,1101.836,1762605359999,3756398.32674,2882,612.708,2088855.25304,0
1762605360000,3409.45,3411.00,3408.70,3409.90,5379.735,1762605419999,18344884.23036,3873,4795.213,16351575.21554,0
1762605420000,3409.90,3411.40,3408.79,3411.40,920.388,1762605479999,3138690.08996,2357,569.153,1941028.71967,0
1762605480000,3411.39,3411.40,3409.02,3410.99,673.769,1762605539999,2297716.20780,2304,281.130,958686.14600,0
1762605540000,3410.99,3410.99,3407.13,3407.59,1254.276,1762605599999,4275986.13858,3219,458.161,1561859.19085,0
1762605600000,3407.59,3410.73,3407.59,3410.73,717.882,1762605659999,2447229.95022,2272,501.028,1707945.71746,0
1762605660000,3410.72,3410.73,3409.03,3409.70,443.149,1762605719999,1511093.73110,2018,196.188,668933.80929,0
1762605720000,3409.69,3411.02,3408.79,3408.79,1024.100,1762605779999,3491924.42330,2926,450.843,1537300.32098,0
1762605780000,3408.79,3409.22,3405.27,3405.57,2318.748,1762605839999,7899922.73541,3781,360.996,1230062.44472,0
1762605840000,3405.57,3406.26,3403.06,3403.13,1910.547,1762605899999,6504685.35174,4505,430.499,1465578.12661,0
1762605900000,3403.13,3405.00,3402.00,3404.41,1315.735,1762605959999,4478109.43835,3641,566.531,1928188.73547,0
1762605960000,3404.41,3407.29,3403.54,3403.81,1002.499,1762606019999,3413881.03998,2953,561.084,1910711.60429,0
1762606020000,3403.81,3405.89,3402.52,3405.55,632.576,1762606079999,2153419.80153,2650,359.294,1223122.72210,0
1762606080000,3405.54,3406.64,3403.35,3403.99,991.239,1762606139999,3375724.04146,3199,482.588,1643596.17004,0
1762606140000,3404.00,3404.93,3402.00,3402.94,714.963,1762606199999,2433078.79207,2922,334.708,1138927.49582,0
1762606200000,3402.95,3405.11,3402.94,3404.00,533.108,1762606259999,1814813.37817,2125,228.607,778218.97273,0
1762606260000,3404.00,3406.08,3403.90,3405.07,1162.422,1762606319999,3958292.79402,2483,930.536,3168676.19955,0
1762606320000,3405.06,3405.71,3402.55,3403.56,738.037,1762606379999,2512332.58938,2771,259.184,882281.16339,0
1762606380000,3403.57,3404.76,3403.56,3404.53,558.030,1762606439999,1899602.50960,1426,371.185,1263510.56876,0
1762606440000,3404.52,3405.10,3403.53,3403.94,492.527,1762606499999,1676635.07659,1821,261.955,891767.13679,0
1762606500000,3403.94,3406.69,3403.93,3406.23,735.058,1762606559999,2503548.42456,2068,365.012,1243240.91851,0
1762606560000,3406.23,3407.28,3405.77,3406.80,576.437,1762606619999,1963782.75772,1690,410.182,1397408.99545,0
1762606620000,3406.80,3407.52,3406.32,3407.30,505.241,1762606679999,1721431.64212,1904,336.551,1146677.37855,0
1762606680000,3407.29,3409.33,3406.17,3406.64,2840.872,1762606739999,9680662.02206,4897,2059.440,7017909.85001,0
1762606740000,3406.64,3407.79,3406.00,3407.78,903.826,1762606799999,3079152.11120,1559,661.241,2252687.99548,0
1762606800000,3407.78,3409.27,3407.55,3409.27,1113.835,1762606859999,3796892.83051,2921,569.799,1942314.22898,0
1762606860000,3409.27,3409.57,3407.63,3409.56,927.139,1762606919999,3160651.34199,2201,675.790,2303752.09250,0
1762606920000,3409.55,3409.56,3407.79,3407.80,633.354,1762606979999,2159063.95348,2060,278.108,948008.38695,0
1762606980000,3407.80,3407.80,3405.05,3405.05,741.712,1762607039999,2526787.84161,2487,185.297,631275.18847,0
1762607040000,3405.06,3406.89,3405.05,3405.06,496.390,1762607099999,1690575.42624,2089,277.224,944185.69324,0
1762607100000,3405.05,3405.06,3398.78,3399.54,3325.286,1762607159999,11308984.56957,5582,839.452,2854545.90366,0
1762607160000,3399.54,3400.00,3391.19,3393.23,13543.887,1762607219999,45975878.46609,16456,4807.384,16317965.12200,0
1762607220000,3393.23,3397.47,3388.09,3396.00,10160.230,1762607279999,34468462.21980,13946,5902.433,20024121.79359,0
1762607280000,3396.00,3404.77,3395.66,3404.68,6633.630,1762607339999,22564570.52011,9393,3543.864,12054315.52530,0
1762607340000,3404.69,3404.70,3400.97,3402.85,1974.142,1762607399999,6716589.57110,5007,1194.494,4064027.93661,0
1762607400000,3402.84,3403.30,3400.52,3400.86,1317.441,1762607459999,4481545.34346,3296,801.794,2727553.41450,0
1762607460000,3400.85,3406.78,3400.85,3403.73,2629.695,1762607519999,8950786.66524,6037,1663.939,5663079.00386,0
1762607520000,3403.72,3403.72,3401.37,3403.53,1768.817,1762607579999,6017996.81575,4297,694.444,2362614.46177,0
1762607580000,3403.53,3406.67,3402.77,3405.31,1793.941,1762607639999,6108517.11178,4047,1155.847,3935765.05031,0
1762607640000,3405.31,3406.29,3404.57,3404.58,879.281,1762607699999,2994250.09299,2668,508.504,1731616.45886,0
1762607700000,3404.58,3405.88,3395.61,3395.91,5363.227,1762607759999,18232158.86809,8853,985.754,3351153.49570,0
1762607760000,3395.91,3397.83,3391.79,3392.91,4490.317,1762607819999,15241750.55203,7754,1833.483,6223537.58272,0
1762607820000,3392.91,3393.97,3389.48,3393.96,4686.711,1762607879999,15894416.95123,7450,2001.823,6788994.83563,0
1762607880000,3393.96,3397.89,3391.56,3397.66,3329.010,1762607939999,11302241.24437,7551,2014.777,6840001.70573,0
1762607940000,3397.67,3399.22,3394.89,3396.69,2335.766,1762607999999,7935205.29099,5990,1112.327,3778893.70696,0
1762608000000,3396.68,3397.46,3395.33,3396.20,1537.395,1762608059999,5221652.33967,3992,957.958,3253739.83050,0
1762608060000,3396.21,3402.78,3396.20,3401.89,2840.148,1762608119999,9656921.85086,5793,1922.441,6536222.32352,0
1762608120000,3401.89,3404.13,3400.23,3400.23,2347.548,1762608179999,7987369.45573,4971,1430.136,4866154.06958,0
1762608180000,3400.23,3402.51,3398.66,3400.09,2507.822,1762608239999,8527481.64453,4506,1395.781,4746096.37054,0
1762608240000,3400.09,3401.51,3398.92,3398.93,1700.696,1762608299999,5782853.79123,3833,710.661,2416504.66912,0
1762608300000,3398.92,3400.10,3397.99,3399.39,1406.084,1762608359999,4779251.52425,4464,917.439,3118347.86365,0
1762608360000,3399.38,3399.38,3396.56,3396.57,622.873,1762608419999,2116421.82659,2162,266.466,905469.98719,0
1762608420000,3396.57,3401.34,3396.56,3401.33,976.001,1762608479999,3318096.02356,2950,404.952,1376700.30289,0
1762608480000,3401.34,3401.40,3399.45,3400.52,413.349,1762608539999,1405632.13790,2004,227.048,772115.02830,0
1762608540000,3400.52,3400.52,3398.96,3399.85,677.647,1762608599999,2303807.12249,1938,378.070,1285328.79108,0
1762608600000,3399.85,3399.86,3395.77,3396.12,1252.105,1762608659999,4253928.82660,3980,635.884,2160419.23159,0
1762608660000,3396.12,3396.35,3391.40,3395.24,2184.159,1762608719999,7412055.02657,5871,960.865,3260445.13034,0
1762608720000,3395.24,3396.22,3392.19,3392.97,1604.229,1762608779999,5444798.37016,4980,707.656,2401578.92733,0
1762608780000,3392.97,3393.49,3388.77,3389.98,4646.317,1762608839999,15754596.66552,8310,1120.319,3799508.90815,0
1762608840000,3389.98,3396.63,3389.11,3395.56,6332.400,1762608899999,21489143.94602,8208,4604.301,15624574.01683,0
1762608900000,3395.56,3398.64,3394.83,3395.72,2166.297,1762608959999,7359841.45018,5106,916.673,3114235.97369,0
1762608960000,3395.70,3401.11,3395.00,3400.71,2505.907,1762609019999,8515729.43463,5391,1713.977,5825090.61233,0
1762609020000,3400.71,3402.62,3398.93,3402.15,3007.759,1762609079999,10228382.91563,6206,2049.576,6970299.51431,0
1762609080000,3402.15,3404.15,3400.37,3400.37,2215.940,1762609139999,7539995.85680,4979,1024.206,3485058.07016,0
1762609140000,3400.38,3404.27,3400.35,3403.22,2680.231,1762609199999,9120460.79055,5169,1547.388,5265859.85270,0
1762609200000,3403.22,3404.03,3401.23,3403.43,1218.627,1762609259999,4146419.45007,3588,624.900,2126019.60539,0
1762609260000,3403.42,3407.84,3401.46,3407.70,2248.262,1762609319999,7655530.65452,5163,1468.754,5001317.68529,0
1762609320000,3407.70,3411.60,3407.34,3410.01,6516.221,1762609379999,22218324.26906,9406,4088.508,13940630.52226,0
1762609380000,3410.00,3410.01,3407.76,3407.77,2138.140,1762609439999,7289484.33528,4157,894.521,3049806.24344,0
1762609440000,3407.76,3408.06,3403.95,3406.67,2025.791,1762609499999,6899908.09511,4842,837.196,2851520.45002,0
1762609500000,3406.67,3406.97,3405.03,3406.28,1461.962,1762609559999,4979459.05672,4802,943.994,3215157.96218,0
1762609560000,3406.29,3406.29,3403.02,3403.95,1463.869,1762609619999,4983720.24815,3417,610.449,2078121.88604,0
1762609620000,3403.94,3407.64,3403.62,3406.64,2486.573,1762609679999,8469347.73062,5192,1776.381,6050422.46248,0
1762609680000,3406.63,3406.64,3401.40,3401.40,1131.329,1762609739999,3850882.71600,3428,185.850,632685.48073,0
1762609740000,3401.41,3403.10,3398.93,3402.73,2232.353,1762609799999,7590856.49387,5174,886.526,3014699.31190,0
1762609800000,3402.72,3405.48,3402.26,3402.26,1399.347,1762609859999,4762947.30255,3687,564.693,1922310.04598,0
1762609860000,3402.26,3402.30,3401.02,3401.21,650.788,1762609919999,2213779.12633,2588,234.617,798104.54989,0
1762609920000,3401.21,3403.03,3401.17,3401.86,856.550,1762609979999,2913976.86443,3368,506.044,1721539.71804,0
1762609980000,3401.85,3401.87,3398.24,3400.77,1617.198,1762610039999,5499013.26073,4709,483.829,1645075.46513,0
1762610040000,3400.77,3402.45,3398.71,3401.19,800.594,1762610099999,2722512.76041,4315,402.004,1367054.14458,0
1762610100000,3401.18,3402.82,3398.10,3399.24,945.567,1762610159999,3215184.21947,4386,411.943,1400600.72449,0
1762610160000,3399.24,3403.33,3398.58,3402.31,1221.846,1762610219999,4155577.43566,3873,747.260,2541369.92278,0
1762610220000,3402.30,3402.54,3400.52,3401.21,1071.573,1762610279999,3644583.70856,2953,468.953,1595023.50056,0
1762610280000,3401.21,3402.07,3397.51,3397.51,1503.979,1762610339999,5113330.35825,3210,662.232,2251669.77836,0
1762610340000,3397.51,3398.49,3395.03,3395.20,3848.534,1762610399999,13071792.72963,6244,935.242,3176626.81216,0
1762610400000,3395.21,3397.49,3393.70,3397.45,3328.954,1762610459999,11303817.83032,5471,2034.928,6910044.16650,0
1762610460000,3397.46,3399.39,3395.22,3395.22,1902.848,1762610519999,6465181.52270,4684,872.191,2963578.48025,0
1762610520000,3395.22,3397.62,3391.57,3396.32,3345.985,1762610579999,11357941.57374,6317,1708.229,5799026.08165,0
1762610580000,3396.32,3400.00,3395.31,3395.35,1316.437,1762610639999,4473121.52336,4424,800.556,2720375.73526,0
1762610640000,3395.35,3395.43,3392.00,3395.04,1798.665,1762610699999,6103297.06262,5681,597.538,2027990.25585,0
1762610700000,3395.04,3395.04,3390.79,3392.44,2241.249,1762610759999,7603035.16789,5446,1391.489,4720311.26271,0
1762610760000,3392.44,3393.88,3385.10,3387.79,10958.620,1762610819999,37131345.43306,11755,2729.297,9249452.32011,0
1762610820000,3387.79,3389.88,3380.01,3385.63,15436.328,1762610879999,52243547.96431,17096,5914.291,20020881.25682,0
1762610880000,3385.64,3388.72,3381.40,3382.66,6325.230,1762610939999,21413497.81023,10542,2549.100,8629511.30585,0
1762610940000,3382.66,3386.17,3381.47,3383.32,4567.887,1762610999999,15455416.78398,8959,2585.945,8749273.87599,0
1762611000000,3383.33,3388.14,3383.33,3385.19,4061.519,1762611059999,13752026.94669,7474,2284.469,7735365.03176,0
1762611060000,3385.19,3385.19,3377.10,3379.99,11102.673,1762611119999,37523592.96561,14362,3907.166,13204167.52841,0
1762611120000,3379.99,3381.08,3376.09,3380.33,5302.323,1762611179999,17913874.69463,8546,2908.663,9826795.16954,0
1762611180000,3380.33,3380.33,3376.20,3378.73,3476.705,1762611239999,11744602.42261,7016,2076.192,7013820.81921,0
1762611240000,3378.73,3379.79,3377.93,3379.39,2196.467,1762611299999,7420911.58036,5261,1175.032,3969972.07242,0
1762611300000,3379.39,3381.31,3377.94,3378.34,2921.208,1762611359999,9872965.75039,6360,1944.232,6571197.80351,0
1762611360000,3378.33,3379.99,3378.03,3379.26,1715.725,1762611419999,5797122.51540,4199,822.285,2778328.00488,0
1762611420000,3379.26,3379.26,3374.01,3375.53,3616.788,1762611479999,12210585.29773,7645,1053.419,3556532.07041,0
1762611480000,3375.53,3377.68,3372.78,3373.80,4965.680,1762611539999,16756662.56577,9384,1987.343,6706624.05272,0
1762611540000,3373.79,3373.99,3371.61,3373.00,4148.850,1762611599999,13993468.85700,7595,1583.510,5341081.45166,0
1762611600000,3373.00,3380.53,3372.63,3379.00,6737.650,1762611659999,22754681.87823,8847,4701.600,15879140.39246,0
1762611660000,3379.00,3380.43,3376.10,3376.92,3207.451,1762611719999,10835499.32396,6395,1440.564,4866440.82488,0
1762611720000,3376.93,3382.17,3376.12,3382.17,1588.105,1762611779999,5366462.46490,5857,1177.738,3980218.85804,0
1762611780000,3382.16,3385.52,3379.85,3384.25,11746.052,1762611839999,39742039.55988,11556,8534.022,28873302.35045,0
1762611840000,3384.24,3384.65,3380.44,3381.40,3376.706,1762611899999,11423581.80929,5544,2216.057,7497363.08530,0
1762611900000,3381.39,3385.85,3380.58,3384.85,2369.513,1762611959999,8019441.15358,5888,1324.841,4483755.73432,0
1762611960000,3384.84,3385.00,3381.70,3385.00,1066.292,1762612019999,3607739.89347,4650,534.894,1809821.30572,0
1762612020000,3385.00,3386.37,3384.36,3384.93,2189.138,1762612079999,7411652.55017,4061,1617.585,5476578.71298,0
1762612080000,3384.93,3386.42,3382.58,3382.58,1161.119,1762612139999,3930228.75606,3249,439.194,1486715.36770,0
1762612140000,3382.58,3384.38,3382.58,3384.37,800.650,1762612199999,2709104.87218,1762,546.377,1848720.04529,0
1762612200000,3384.38,3388.09,3383.46,3387.73,3452.397,1762612259999,11691802.89944,6045,2410.035,8161347.99162,0
1762612260000,3387.74,3388.08,3383.70,3384.82,1386.535,1762612319999,4694461.88562,3778,521.792,1766685.90635,0
1762612320000,3384.83,3387.87,3384.83,3387.50,1383.889,1762612379999,4687517.96282,4337,544.137,1843006.15904,0
1762612380000,3387.51,3391.96,3386.46,3391.30,2623.380,1762612439999,8893575.43481,6590,1893.027,6417615.50799,0
1762612440000,3391.30,3402.92,3390.82,3398.17,8633.277,1762612499999,29328656.09398,13298,5833.633,19817968.20813,0
1762612500000,3398.13,3398.47,3394.42,3395.53,3893.837,1762612559999,13224812.47073,6390,1693.992,5752904.98889,0
1762612560000,3395.53,3396.76,3394.28,3394.28,1284.490,1762612619999,4361485.47280,3823,384.583,1305898.94011,0
1762612620000,3394.28,3396.71,3392.70,3395.02,2540.582,1762612679999,8624816.07536,5453,1364.382,4631900.42138,0
1762612680000,3395.02,3406.35,3394.28,3406.35,10167.475,1762612739999,34577535.92576,9050,8232.110,27994029.38627,0
1762612740000,3406.36,3411.46,3402.13,3402.14,10315.708,1762612799999,35144294.22253,12473,5645.378,19233643.14296,0
1762612800000,3402.14,3406.14,3400.03,3405.57,6164.711,1762612859999,20976565.21926,8330,4068.356,13844185.77865,0
1762612860000,3405.57,3406.81,3401.60,3406.81,5428.305,1762612919999,18480784.18342,6027,2703.546,9203676.29138,0
1762612920000,3406.81,3408.11,3403.68,3403.69,3465.853,1762612979999,11807168.87445,5601,1885.198,6422281.49871,0
1762612980000,3403.69,3405.23,3402.51,3404.25,1625.490,1762613039999,5532756.87321,4015,1072.019,3648926.65846,0
1762613040000,3404.26,3404.99,3400.86,3402.44,3547.916,1762613099999,12072457.82450,5051,915.215,3114506.39711,0
1762613100000,3402.43,3403.06,3400.51,3401.25,1745.949,1762613159999,5939313.88324,3842,607.528,2066710.75620,0
1762613160000,3401.26,3404.63,3399.46,3400.00,3165.335,1762613219999,10768630.14227,6423,606.675,2063944.52652,0
1762613220000,3400.00,3401.99,3398.01,3401.00,1531.620,1762613279999,5206998.76250,5090,490.497,1667552.81589,0
1762613280000,3401.00,3401.97,3399.74,3401.75,1487.606,1762613339999,5059556.90153,4190,1043.105,3547653.78838,0
1762613340000,3401.75,3405.00,3401.74,3403.51,1085.484,1762613399999,3694812.97254,3781,702.883,2392494.17204,0
1762613400000,3403.51,3406.50,3402.64,3406.24,1556.558,1762613459999,5299458.26450,4205,994.146,3384807.54603,0
1762613460000,3406.24,3406.24,3403.28,3403.30,999.852,1762613519999,3403888.47515,4059,574.410,1955525.83831,0
1762613520000,3403.31,3406.00,3403.20,3404.90,1701.976,1762613579999,5795017.41152,4218,781.219,2659816.38957,0
1762613580000,3404.90,3404.90,3398.70,3399.71,1512.838,1762613639999,5145901.23929,4603,422.890,1438238.03643,0
1762613640000,3399.71,3400.36,3399.01,3399.71,1121.731,1762613699999,3813555.79509,2585,642.161,2183163.94529,0
1762613700000,3399.72,3403.00,3399.63,3402.28,961.946,1762613759999,3271565.92454,3104,540.005,1836601.75007,0
1762613760000,3402.28,3402.96,3400.29,3401.02,818.591,1762613819999,2784431.53141,3066,220.301,749448.75452,0
1762613820000,3401.03,3401.03,3399.04,3399.85,1126.457,1762613879999,3830376.48224,2709,604.389,2055172.54553,0
1762613880000,3399.86,3400.33,3398.34,3399.24,1257.852,1762613939999,4275944.61970,2941,433.234,1472768.80218,0
1762613940000,3399.25,3399.25,3397.28,3398.56,1604.817,1762613999999,5453739.71424,2982,491.237,1669351.37001,0
1762614000000,3398.57,3399.68,3397.90,3399.25,1395.460,1762614059999,4743114.42412,3190,920.045,3127171.37957,0
1762614060000,3399.24,3399.34,3394.79,3398.33,2299.032,1762614119999,7809858.01858,5078,1104.762,3753003.83504,0
1762614120000,3398.33,3402.27,3398.33,3400.88,1519.482,1762614179999,5167330.57878,4006,1183.076,4023093.91054,0
1762614180000,3400.89,3402.80,3400.43,3401.95,1036.116,1762614239999,3524594.40045,3383,656.906,2234615.01774,0
1762614240000,3401.95,3402.19,3399.07,3399.08,768.500,1762614299999,2613399.61113,2912,236.770,805152.76603,0
1762614300000,3399.07,3400.65,3398.49,3399.62,500.083,1762614359999,1700179.62134,2724,261.705,889698.98271,0
1762614360000,3399.62,3400.63,3398.30,3398.89,802.632,1762614419999,2728310.22600,2633,475.817,1617337.99108,0
1762614420000,3398.89,3400.00,3396.99,3399.81,760.318,1762614479999,2583979.96588,2498,307.111,1043779.58796,0
1762614480000,3399.81,3400.34,3399.00,3399.76,674.835,1762614539999,2294312.70362,2702,354.824,1206327.25372,0
1762614540000,3399.77,3399.77,3397.40,3397.41,710.517,1762614599999,2414633.82100,2545,295.064,1002722.53839,0
1762614600000,3397.41,3398.75,3397.27,3397.27,728.856,1762614659999,2476639.57722,2229,314.898,1069996.53941,0
1762614660000,3397.28,3397.67,3395.22,3397.03,2066.397,1762614719999,7018903.92447,4119,1167.072,3964307.88817,0
1762614720000,3397.03,3397.03,3391.91,3391.92,1706.998,1762614779999,5792907.81023,4494,282.745,959474.44117,0
1762614780000,3391.91,3393.86,3391.83,3391.83,2238.716,1762614839999,7595371.38594,3928,940.683,3191642.31597,0
1762614840000,3391.84,3395.82,3391.83,3395.82,1226.801,1762614899999,4163273.29969,2867,839.730,2849646.09196,0
1762614900000,3395.82,3400.47,3395.82,3399.00,1452.398,1762614959999,4936598.17912,4832,960.210,3263556.48141,0
1762614960000,3399.01,3402.80,3398.08,3398.92,1726.045,1762615019999,5870045.48748,4601,921.906,3135225.79067,0
1762615020000,3398.92,3398.92,3393.53,3394.38,1238.973,1762615079999,4207657.17978,4059,373.136,1267015.86460,0
1762615080000,3394.38,3394.38,3385.21,3386.63,4853.255,1762615139999,16447512.37898,9319,2021.161,6849172.22392,0
1762615140000,3386.62,3390.35,3385.82,3387.62,2529.792,1762615199999,8572647.39773,5291,1381.150,4680406.35568,0
1762615200000,3387.62,3390.51,3387.11,3388.23,1399.386,1762615259999,4742710.09155,4553,675.321,2288860.89763,0
1762615260000,3388.23,3389.40,3383.15,3385.49,3905.132,1762615319999,13221625.74807,7017,1286.581,4356190.15547,0
1762615320000,3385.49,3386.73,3381.10,3382.32,4353.715,1762615379999,14732296.58909,8042,1156.476,3913276.70482,0
1762615380000,3382.31,3387.46,3381.22,3382.85,4540.709,1762615439999,15366732.51153,8033,3016.216,10208172.67071,0
1762615440000,3382.84,3382.85,3376.50,3378.44,4205.277,1762615499999,14208973.88014,7545,1470.921,4970055.19115,0
1762615500000,3378.43,3381.40,3378.43,3380.84,4148.423,1762615559999,14021843.25526,6632,2470.267,8349327.62026,0
1762615560000,3380.85,3382.00,3378.79,3381.81,2312.223,1762615619999,7816948.05174,4845,1228.205,4152404.41977,0
1762615620000,3381.81,3382.76,3381.16,3382.75,1448.147,1762615679999,4898055.12851,2795,993.992,3361912.23003,0
1762615680000,3382.76,3382.84,3378.54,3379.49,3581.122,1762615739999,12104968.57438,4895,704.650,2382119.56484,0
1762615740000,3379.49,3381.93,3378.60,3381.52,1290.131,1762615799999,4360934.03688,3045,661.258,2235321.35611,0
1762615800000,3381.52,3384.66,3381.32,3382.23,7700.734,1762615859999,26050775.59804,5299,6714.031,22712596.59278,0
1762615860000,3382.23,3384.42,3380.00,3383.76,1192.417,1762615919999,4033469.89081,4264,651.002,2202083.07296,0
1762615920000,3383.76,3384.57,3381.01,3384.57,1337.334,1762615979999,4523884.19847,3661,585.078,1979192.70470,0
1762615980000,3384.57,3387.53,3383.78,3386.61,2157.099,1762616039999,7303722.31025,5473,1408.360,4768722.86220,0
1762616040000,3386.61,3386.78,3377.34,3377.76,1595.825,1762616099999,5396182.76479,5158,351.985,1190262.56674,0
1762616100000,3377.77,3379.85,3375.14,3375.14,4260.116,1762616159999,14387022.56072,7211,856.648,2893368.81882,0
1762616160000,3375.14,3379.20,3373.72,3379.20,1912.244,1762616219999,6456109.69029,5129,808.457,2729918.42745,0
1762616220000,3379.19,3383.38,3379.03,3381.32,1274.460,1762616279999,4308751.85606,5096,645.134,2181212.53784,0
1762616280000,3381.32,3382.99,3381.25,3381.26,1168.284,1762616339999,3951485.16897,3322,443.651,1500460.67946,0
1762616340000,3381.26,3382.82,3379.42,3380.00,1629.725,1762616399999,5509837.29806,4548,396.654,1341113.98513,0
1762616400000,3380.00,3380.41,3374.86,3376.00,1461.704,1762616459999,4936265.99287,4849,592.249,1999882.66243,0
1762616460000,3375.99,3378.59,3375.99,3377.10,1576.147,1762616519999,5322992.03553,4073,924.400,3121941.78089,0
1762616520000,3377.10,3379.86,3373.82,3374.17,4890.551,1762616579999,16512273.84921,6966,1295.625,4373729.06937,0
1762616580000,3374.16,3374.95,3373.18,3374.64,2260.713,1762616639999,7627949.99462,4315,857.508,2893354.76689,0
1762616640000,3374.65,3376.46,3367.81,3376.46,5960.090,1762616699999,20095680.46383,9203,2244.972,7570440.34456,0
1762616700000,3376.46,3377.00,3374.00,3375.16,2332.592,1762616759999,7874914.80114,4971,748.244,2526074.18446,0
1762616760000,3375.15,3377.79,3373.60,3377.79,1594.061,1762616819999,5381791.48214,4827,1124.405,3796416.23879,0
1762616820000,3377.79,3382.73,3376.95,3381.44,3630.225,1762616879999,12273280.02668,7316,2579.526,8721451.58833,0
1762616880000,3381.43,3385.35,3380.80,3383.97,3522.603,1762616939999,11919816.16367,5514,1971.528,6671103.09350,0
1762616940000,3383.96,3384.85,3380.35,3380.35,1435.713,1762616999999,4856553.91252,4181,659.183,2229855.21405,0
1762617000000,3380.35,3382.76,3379.54,3381.55,744.130,1762617059999,2515854.18034,3316,355.649,1202509.98010,0
1762617060000,3381.55,3383.16,3379.34,3379.80,665.749,1762617119999,2251033.90227,3577,269.997,913034.34873,0
1762617120000,3379.79,3381.72,3379.05,3380.78,791.160,1762617179999,2674191.28058,2745,389.233,1315575.58128,0
1762617180000,3380.77,3384.74,3380.77,3382.05,1263.641,1762617239999,4274773.94760,4106,732.237,2476935.07692,0
1762617240000,3382.06,3382.36,3379.17,3380.65,1229.946,1762617299999,4157979.24592,3221,450.145,1521460.44546,0
1762617300000,3380.65,3382.07,3378.57,3379.42,1220.957,1762617359999,4127457.66976,3242,375.581,1269652.12121,0
1762617360000,3379.42,3380.22,3377.12,3377.12,760.448,1762617419999,2569491.25832,3104,271.966,918989.52647,0
1762617420000,3377.13,3377.88,3370.82,3373.46,5614.974,1762617479999,18950630.23829,5812,891.110,3005836.64385,0
1762617480000,3373.44,3374.91,3373.00,3373.86,1159.905,1762617539999,3913452.80499,2617,526.351,1775906.86282,0
1762617540000,3373.85,3375.86,3373.85,3375.68,1055.557,1762617599999,3562333.78152,2666,710.722,2398536.09517,0
1762617600000,3375.69,3377.74,3374.04,3377.63,3041.933,1762617659999,10268349.57620,5221,1988.249,6711569.62427,0
1762617660000,3377.64,3378.38,3374.05,3374.77,3782.757,1762617719999,12769787.31980,5214,1070.752,3613952.99506,0
1762617720000,3374.77,3375.65,3371.47,3371.47,1228.346,1762617779999,4143785.12576,3778,427.474,1442171.83911,0
1762617780000,3371.47,3372.55,3367.92,3368.41,3450.569,1762617839999,11629758.83401,5236,551.283,1858705.64450,0
1762617840000,3368.42,3370.36,3362.39,3370.36,15298.738,1762617899999,51496517.20595,15904,5513.257,18561142.43904,0
1762617900000,3370.36,3376.85,3370.35,3372.85,5909.098,1762617959999,19941166.98220,9529,4713.244,15905689.34945,0
1762617960000,3372.85,3373.45,3369.38,3371.17,2716.974,1762618019999,9159202.61459,5993,1583.435,5337894.63202,0
1762618020000,3371.17,3371.17,3365.00,3368.20,2413.122,1762618079999,8126470.05999,5741,1342.964,4522197.27299,0
1762618080000,3368.19,3368.19,3362.35,3363.69,4056.058,1762618139999,13647984.57659,7435,1376.322,4632084.84014,0
1762618140000,3363.70,3364.88,3360.50,3364.20,6481.046,1762618199999,21789692.89255,8404,2477.487,8330356.15113,0
1762618200000,3364.20,3367.00,3364.03,3367.00,2738.925,1762618259999,9218913.69139,4759,1935.711,6515432.68778,0
1762618260000,3367.00,3370.00,3367.00,3367.87,2011.200,1762618319999,6775486.10499,4621,1036.020,3490245.94188,0
1762618320000,3367.87,3375.61,3366.85,3374.24,3496.345,1762618379999,11790892.10196,6992,2736.010,9226125.34191,0
1762618380000,3374.24,3378.98,3373.52,3377.94,2833.251,1762618439999,9566000.99297,6135,1920.303,6483695.39357,0
1762618440000,3377.94,3382.36,3376.40,3380.27,4343.606,1762618499999,14679786.77274,6699,2886.791,9756178.76123,0
1762618500000,3380.26,3382.94,3377.15,3380.81,5753.724,1762618559999,19448934.20158,8536,1958.239,6620714.49919,0
1762618560000,3380.82,3380.88,3377.20,3378.38,2760.517,1762618619999,9328301.83157,5303,585.210,1977218.01943,0
1762618620000,3378.38,3378.55,3375.28,3375.88,1248.769,1762618679999,4216610.32832,4720,486.636,1643092.94802,0
1762618680000,3375.87,3376.27,3373.90,3373.98,1042.365,1762618739999,3518037.67547,4239,497.761,1680093.45161,0
1762618740000,3373.99,3373.99,3370.00,3371.25,2203.186,1762618799999,7428272.75784,4857,488.568,1647228.23331,0
1762618800000,3371.26,3371.26,3364.88,3364.93,2914.957,1762618859999,9814411.11360,6019,1012.232,3408705.37454,0
1762618860000,3364.93,3367.32,3363.49,3366.66,2474.743,1762618919999,8328429.53509,5895,1479.997,4980983.95704,0
1762618920000,3366.65,3368.27,3363.95,3365.28,1888.540,1762618979999,6356554.46854,4883,1014.812,3415716.24808,0
1762618980000,3365.29,3366.63,3364.34,3366.14,993.445,1762619039999,3343613.67827,3647,565.969,1904879.15977,0
1762619040000,3366.13,3373.84,3366.13,3372.64,4643.109,1762619099999,15651610.62960,6884,3679.331,12401153.10062,0
1762619100000,3372.63,3375.63,3371.35,3375.22,1758.496,1762619159999,5932260.78968,4717,1074.871,3626068.94803,0
1762619160000,3375.21,3375.35,3373.73,3374.01,1162.397,1762619219999,3922315.54877,3590,602.262,2032189.45183,0
1762619220000,3374.01,3374.79,3373.03,3373.04,616.567,1762619279999,2080182.58486,2324,196.098,661583.64430,0
1762619280000,3373.03,3375.95,3371.87,3375.31,3622.695,1762619339999,12224149.62019,5832,2707.449,9135499.25009,0
1762619340000,3375.32,3375.35,3370.98,3374.69,1340.944,1762619399999,4524110.05260,3548,768.751,2593746.24827,0
1762619400000,3374.70,3377.74,3372.30,3376.81,2791.922,1762619459999,9420933.07412,4697,907.213,3062194.57389,0
1762619460000,3376.81,3376.82,3374.34,3374.68,1657.704,1762619519999,5595141.18594,4055,1020.841,3445393.74779,0
1762619520000,3374.68,3374.68,3370.18,3370.71,4346.686,1762619579999,14657317.83427,6434,1252.199,4223045.63573,0
1762619580000,3370.71,3372.95,3370.01,3370.55,2179.649,1762619639999,7347552.86771,4293,429.884,1449381.01216,0
1762619640000,3370.55,3376.93,3370.25,3373.78,3725.988,1762619699999,12569234.44764,5484,2870.200,9682407.06313,0
1762619700000,3373.80,3378.41,3372.33,3378.41,1283.635,1762619759999,4332456.01056,3567,909.741,3070709.34307,0
1762619760000,3378.41,3379.86,3376.68,3377.62,1692.603,1762619819999,5718329.86893,5735,968.452,3271788.77772,0
1762619820000,3377.62,3378.36,3375.35,3376.60,986.322,1762619879999,3330774.58576,4213,462.185,1560776.33858,0
1762619880000,3376.60,3378.94,3376.03,3377.49,904.265,1762619939999,3054138.24952,3750,392.181,1324557.78205,0
1762619940000,3377.49,3378.09,3374.34,3378.09,1134.291,1762619999999,3829884.00873,4329,544.923,1840036.65386,0
1762620000000,3378.09,3378.43,3375.22,3377.40,996.984,1762620059999,3366272.35557,3493,559.889,1890381.32060,0
1762620060000,3377.39,3380.08,3376.48,3378.72,2965.822,1762620119999,10019696.15555,5059,2272.556,7677459.15794,0
1762620120000,3378.69,3380.44,3377.83,3380.14,1780.113,1762620179999,6015862.90721,3980,1304.044,4407084.24797,0
1762620180000,3380.15,3380.44,3375.58,3375.58,1725.214,1762620239999,5828580.34488,4222,565.537,1910797.73476,0
1762620240000,3375.56,3376.16,3368.94,3369.48,3428.098,1762620299999,11557327.35606,5236,545.446,1839597.02136,0
1762620300000,3369.47,3370.35,3366.17,3366.50,5515.270,1762620359999,18573110.53775,8587,1440.830,4852613.11604,0
1762620360000,3366.50,3367.69,3364.44,3365.93,4171.762,1762620419999,14040687.93423,7769,1121.745,3775315.43027,0
1762620420000,3365.94,3368.54,3365.44,3368.54,1163.262,1762620479999,3916620.73937,3152,837.349,2819315.28541,0
1762620480000,3368.54,3368.99,3366.00,3368.13,1104.683,1762620539999,3719848.16872,4264,479.388,1614179.72238,0
1762620540000,3368.12,3370.95,3365.28,3365.66,1724.928,1762620599999,5809333.03265,5489,617.691,2080907.33631,0
1762620600000,3365.67,3366.85,3362.40,3363.00,1475.414,1762620659999,4963580.39451,4562,560.413,1885295.34949,0
1762620660000,3362.99,3364.25,3361.94,3362.90,3241.281,1762620719999,10900454.72611,5950,2165.856,7283784.35786,0
1762620720000,3362.90,3364.73,3355.52,3359.26,8729.032,1762620779999,29319561.83504,10579,2134.509,7170828.88565,0
1762620780000,3359.26,3360.85,3353.31,3360.06,12834.550,1762620839999,43084923.43464,12452,5620.027,18870935.57362,0
1762620840000,3360.06,3360.83,3358.01,3358.29,1572.666,1762620899999,5282872.82232,4764,908.618,3052132.13843,0
1762620900000,3358.29,3362.48,3353.88,3361.75,4748.141,1762620959999,15940421.91507,7561,3348.864,11243742.90207,0
1762620960000,3361.75,3361.75,3359.16,3360.48,1762.368,1762621019999,5921675.09273,3897,806.780,2710621.31852,0
1762621020000,3360.49,3363.49,3359.44,3363.33,2480.589,1762621079999,8337539.18000,4745,1811.502,6088763.67533,0
1762621080000,3363.33,3364.40,3362.16,3364.40,1365.446,1762621139999,4592560.68644,3123,839.607,2823920.86119,0
1762621140000,3364.39,3369.00,3364.39,3366.84,4154.172,1762621199999,13987231.43798,5931,2941.980,9905715.30112,0
1762621200000,3366.85,3367.32,3365.65,3367.00,1700.726,1762621259999,5725275.54850,4010,1058.305,3562645.28165,0
1762621260000,3367.00,3367.50,3362.48,3364.07,1455.445,1762621319999,4899037.41900,3859,351.136,1181786.17291,0
1762621320000,3364.08,3364.48,3361.65,3361.65,1162.385,1762621379999,3908831.14811,4032,440.395,1480954.61781,0
1762621380000,3361.66,3366.33,3361.66,3366.16,5598.695,1762621439999,18830983.02055,5539,2347.661,7896911.99503,0
1762621440000,3366.16,3369.04,3365.09,3368.26,1602.460,1762621499999,5396201.17162,3569,1163.632,3918500.82374,0
1762621500000,3368.25,3369.62,3367.32,3368.63,1385.612,1762621559999,4667907.56618,3247,973.264,3278839.51296,0
1762621560000,3368.63,3369.24,3367.17,3367.17,684.288,1762621619999,2304787.83332,2734,309.381,1042021.18482,0
1762621620000,3367.17,3367.65,3365.00,3365.00,1208.229,1762621679999,4067941.94981,3198,416.477,1402194.16866,0
1762621680000,3365.00,3365.90,3363.00,3365.16,2914.251,1762621739999,9803711.80811,4787,1273.135,4282613.73712,0
1762621740000,3365.17,3368.49,3364.25,3367.27,589.663,1762621799999,1985043.95854,2634,319.965,1077287.83636,0
1762621800000,3367.28,3368.49,3364.97,3364.97,734.412,1762621859999,2473003.00755,2771,317.647,1069701.41796,0
1762621860000,3364.97,3369.84,3364.11,3369.36,1303.516,1762621919999,4389998.28068,3775,997.116,3358347.36682,0
1762621920000,3369.36,3369.96,3367.70,3368.32,1212.590,1762621979999,4084970.29567,2891,606.991,2044818.28846,0
1762621980000,3368.31,3368.67,3367.19,3367.79,553.499,1762622039999,1864215.20692,1728,366.476,1234316.45159,0
1762622040000,3367.80,3368.22,3366.95,3366.95,336.037,1762622099999,1131685.27275,1044,215.676,726349.96404,0
1762622100000,3366.95,3369.88,3366.95,3369.66,864.832,1762622159999,2913549.71035,2488,699.846,2357705.57905,0
1762622160000,3369.65,3377.04,3369.13,3373.44,3756.514,1762622219999,12672792.14779,6547,2852.969,9624297.49397,0
1762622220000,3373.44,3374.70,3371.69,3371.80,1215.084,1762622279999,4098792.34623,3748,463.357,1563088.50077,0
1762622280000,3371.80,3373.03,3371.69,3372.06,863.923,1762622339999,2913449.83590,2561,420.998,1419708.42241,0
1762622340000,3372.06,3375.48,3372.06,3374.32,733.216,1762622399999,2474195.07510,2970,448.603,1513770.60526,0
1762622400000,3374.31,3375.42,3373.64,3374.04,958.930,1762622459999,3235956.88965,2825,391.288,1320409.75641,0
1762622460000,3374.05,3378.87,3374.04,3377.44,2882.892,1762622519999,9735555.12509,4348,2304.635,7782525.25026,0
1762622520000,3377.44,3384.00,3376.63,3381.80,10785.099,1762622579999,36459425.66926,10674,7883.249,26649612.78767,0
1762622580000,3381.81,3390.77,3380.00,3388.66,10090.127,1762622639999,34156121.80574,12374,7251.086,24549143.74601,0
1762622640000,3388.66,3392.13,3383.90,3383.90,8586.768,1762622699999,29098163.17117,9316,4523.053,15331376.63922,0
1762622700000,3383.89,3388.66,3383.79,3386.28,4424.539,1762622759999,14983036.96883,5996,3100.293,10498308.59175,0
1762622760000,3386.29,3390.00,3385.61,3388.60,2824.812,1762622819999,9570930.72114,4192,2212.133,7494955.00373,0
1762622820000,3388.61,3392.17,3385.26,3389.12,5383.644,1762622879999,18241289.82236,6978,3877.424,13138046.43756,0
1762622880000,3389.12,3389.33,3385.67,3385.67,1266.271,1762622939999,4289352.10513,2124,350.912,1188636.53947,0
1762622940000,3385.67,3389.46,3385.67,3388.76,2344.005,1762622999999,7941275.63176,3980,1616.316,5475856.45667,0
1762623000000,3388.77,3389.43,3387.96,3387.97,1383.774,1762623059999,4689249.33019,2720,686.577,2326716.33015,0
1762623060000,3387.96,3389.20,3385.28,3387.81,1221.555,1762623119999,4137510.31498,2987,541.563,1834227.66541,0
1762623120000,3387.81,3390.65,3387.81,3390.64,2134.126,1762623179999,7233565.84867,3500,854.426,2895920.79657,0
1762623180000,3390.65,3391.49,3389.64,3390.37,2314.164,1762623239999,7846123.42849,4689,1385.709,4698114.54651,0
1762623240000,3390.37,3394.56,3389.89,3394.35,2476.400,1762623299999,8399677.05925,4952,2065.046,7004562.17067,0
1762623300000,3394.36,3394.92,3390.18,3390.85,3732.019,1762623359999,12661175.77885,5100,2701.003,9163293.89805,0
1762623360000,3390.85,3390.86,3387.36,3387.37,1995.073,1762623419999,6761583.09844,2690,654.594,2218872.55488,0
1762623420000,3387.37,3391.42,3387.37,3389.82,1231.668,1762623479999,4174669.10363,2393,695.364,2356775.56994,0
1762623480000,3389.82,3389.83,3388.06,3388.87,753.733,1762623539999,2554195.08595,2316,387.672,1313662.23493,0
1762623540000,3388.87,3391.00,3388.34,3390.03,1323.923,1762623599999,4488226.13625,2485,439.053,1488337.02941,0
1762623600000,3390.02,3392.45,3390.02,3391.90,1089.330,1762623659999,3694478.12044,2213,663.407,2249924.98012,0
1762623660000,3391.90,3395.00,3391.73,3392.40,2275.608,1762623719999,7722107.41698,4221,1551.699,5265779.54640,0
1762623720000,3392.41,3394.87,3391.48,3391.49,1685.658,1762623779999,5720248.68348,3792,463.458,1572695.09340,0
1762623780000,3391.49,3392.08,3391.19,3391.27,528.734,1762623839999,1793291.30923,1436,223.135,756790.80854,0
1762623840000,3391.27,3392.82,3390.24,3391.27,1044.259,1762623899999,3541454.91109,2722,437.946,1485301.35620,0
1762623900000,3391.27,3391.28,3390.29,3390.56,1373.673,1762623959999,4657851.14863,1809,271.978,922180.10487,0
1762623960000,3390.56,3391.47,3389.76,3390.60,1658.746,1762624019999,5623970.44615,2392,1201.249,4072811.02891,0
1762624020000,3390.60,3393.54,3390.60,3392.40,1773.990,1762624079999,6017853.27444,3309,838.330,2843871.97663,0
1762624080000,3392.39,3397.00,3392.39,3396.47,5748.767,1762624139999,19517761.77868,7307,4095.282,13903187.89752,0
1762624140000,3396.48,3396.48,3394.38,3395.59,1083.983,1762624199999,3680484.61810,2592,468.918,1592062.77273,0
1762624200000,3395.60,3395.60,3393.14,3393.73,1247.705,1762624259999,4235177.27568,2968,471.650,1600776.41784,0
1762624260000,3393.74,3393.93,3391.39,3392.47,1128.019,1762624319999,3826655.48974,2992,208.916,708751.08779,0
1762624320000,3392.48,3392.99,3391.44,3391.62,538.445,1762624379999,1826603.27940,1995,190.829,647363.87815,0
1762624380000,3391.62,3394.74,3391.16,3394.17,1025.686,1762624439999,3480615.61544,2799,686.190,2328710.42895,0
1762624440000,3394.16,3395.79,3394.06,3395.38,841.240,1762624499999,2856134.08827,2085,507.255,1722117.25970,0
1762624500000,3395.39,3396.30,3395.38,3396.23,1107.453,1762624559999,3760676.62346,2312,719.869,2444456.00311,0
1762624560000,3396.23,3396.24,3393.55,3393.89,1349.909,1762624619999,4582631.76703,2950,286.883,973971.92410,0
1762624620000,3393.90,3396.00,3393.90,3396.00,869.885,1762624679999,2953157.75658,2214,386.079,1310691.65566,0
1762624680000,3396.00,3398.16,3395.60,3396.88,1546.203,1762624739999,5252646.56833,2959,698.977,2374496.81643,0
1762624740000,3396.88,3399.00,3396.61,3397.69,3258.514,1762624799999,11071879.82631,4692,2151.266,7309673.50175,0
1762624800000,3397.69,3397.69,3393.26,3394.09,1048.363,1762624859999,3559384.28440,3027,374.062,1270005.26686,0
1762624860000,3394.09,3396.50,3394.09,3396.04,485.980,1762624919999,1650303.13812,2199,234.314,795648.27031,0
1762624920000,3396.04,3396.46,3393.87,3395.82,1567.479,1762624979999,5321563.29426,3211,1013.273,3440004.10897,0
1762624980000,3395.81,3396.18,3393.03,3393.14,1150.350,1762625039999,3904987.13454,3734,526.473,1786904.32759,0
1762625040000,3393.13,3394.49,3391.66,3393.23,1625.192,1762625099999,5514373.07057,3422,850.225,2885073.92940,0
1762625100000,3393.22,3394.10,3392.51,3392.81,570.059,1762625159999,1934364.53404,1801,199.062,675456.50991,0
1762625160000,3392.82,3394.65,3392.82,3394.09,482.766,1762625219999,1638385.66271,1215,200.624,680841.56730,0
1762625220000,3394.09,3394.10,3390.31,3390.83,2924.869,1762625279999,9920741.58480,3756,431.325,1462879.94488,0
1762625280000,3390.83,3392.16,3390.10,3391.21,857.042,1762625339999,2906355.48792,1956,297.211,1007834.33051,0
1762625340000,3391.21,3392.18,3390.69,3392.18,510.020,1762625399999,1729637.65234,1553,174.900,593145.96003,0
1762625400000,3392.18,3396.23,3392.18,3396.12,967.214,1762625459999,3283130.72349,2700,671.552,2279616.63489,0
1762625460000,3396.12,3397.01,3394.83,3395.84,1846.209,1762625519999,6269983.61957,3543,808.468,2745509.01834,0
1762625520000,3395.84,3396.49,3393.63,3393.64,728.557,1762625579999,2473403.70339,2001,178.677,606621.99625,0
1762625580000,3393.64,3396.65,3393.64,3396.65,532.540,1762625639999,1808055.77573,1662,356.200,1209298.97081,0
1762625640000,3396.65,3398.23,3396.23,3396.23,1268.472,1762625699999,4309726.04663,2283,596.419,2026333.88168,0
1762625700000,3396.24,3396.44,3392.69,3393.43,2019.917,1762625759999,6856120.76322,3474,280.566,952572.20585,0
1762625760000,3393.44,3394.32,3392.52,3393.16,1333.194,1762625819999,4523960.83327,3116,280.495,951760.13328,0
1762625820000,3393.16,3394.21,3392.15,3392.92,420.934,1762625879999,1428266.99314,1913,174.086,590695.93151,0
1762625880000,3392.93,3393.54,3391.12,3392.39,1476.161,1762625939999,5006754.80150,3288,355.689,1206489.99131,0
1762625940000,3392.40,3393.50,3392.01,3392.86,486.370,1762625999999,1650040.11584,1997,166.573,565087.10151,0
1762626000000,3392.87,3392.87,3389.56,3389.56,1573.054,1762626059999,5333434.04906,2514,335.911,1139041.28164,0
1762626060000,3389.56,3390.41,3387.00,3390.41,4156.644,1762626119999,14084129.31289,5122,1900.611,6439869.52298,0
1762626120000,3390.41,3390.41,3388.38,3388.80,822.305,1762626179999,2786949.79727,2089,323.112,1095036.93204,0
1762626180000,3388.80,3389.42,3387.02,3387.86,1233.218,1762626239999,4178126.16237,2626,376.763,1276452.62218,0
1762626240000,3387.87,3388.40,3385.00,3385.88,1661.489,1762626299999,5626773.36985,2712,226.295,766381.61005,0
1762626300000,3385.88,3387.50,3385.88,3386.46,897.103,1762626359999,3038296.70737,2141,414.133,1402552.63256,0
1762626360000,3386.47,3386.53,3384.56,3385.35,1513.662,1762626419999,5124683.78315,3326,446.235,1510782.56382,0
1762626420000,3385.35,3387.00,3385.04,3386.99,613.805,1762626479999,2078385.82767,1966,342.223,1158778.54615,0
1762626480000,3387.00,3388.55,3386.99,3387.69,468.074,1762626539999,1585792.72926,1410,224.202,759522.27714,0
1762626540000,3387.69,3388.32,3387.38,3388.29,242.871,1762626599999,822841.45366,1387,137.852,467036.16666,0
1762626600000,3388.30,3395.42,3388.30,3394.74,2168.302,1762626659999,7355290.55336,4510,1828.179,6201911.03039,0
1762626660000,3394.74,3395.91,3392.18,3393.93,1486.735,1762626719999,5046154.37390,3932,765.456,2598080.36634,0
1762626720000,3393.94,3395.00,3393.36,3393.75,850.924,1762626779999,2887927.63181,2346,741.146,2515339.23080,0
1762626780000,3393.76,3394.15,3391.61,3392.41,1190.067,1762626839999,4037544.16643,3200,356.693,1210291.99701,0
1762626840000,3392.42,3392.43,3390.00,3391.20,693.915,1762626899999,2353027.90564,2357,286.056,970003.33206,0
1762626900000,3391.20,3392.15,3390.74,3391.68,498.616,1762626959999,1691029.55695,2053,287.445,974838.35105,0
1762626960000,3391.67,3391.68,3387.60,3388.59,547.733,1762627019999,1856341.98742,2212,104.971,355686.53835,0
1762627020000,3388.60,3391.34,3387.71,3391.34,637.327,1762627079999,2159787.47093,2545,317.251,1075101.96100,0
1762627080000,3391.34,3393.06,3391.05,3392.88,296.762,1762627139999,1006553.70547,2186,184.641,626270.52625,0
1762627140000,3392.89,3393.80,3392.43,3393.65,714.037,1762627199999,2422901.07640,2378,430.436,1460589.36017,0
1762627200000,3393.66,3394.07,3392.42,3393.63,794.228,1762627259999,2695017.31369,2322,418.811,1421150.29406,0
1762627260000,3393.63,3394.42,3392.52,3392.55,377.910,1762627319999,1282369.02269,1890,138.139,468766.56855,0
1762627320000,3392.55,3393.35,3392.35,3393.34,133.434,1762627379999,452723.46067,1366,70.122,237912.91005,0
1762627380000,3393.34,3394.48,3393.19,3393.36,406.595,1762627439999,1379999.59831,1686,169.415,575010.33656,0
1762627440000,3393.36,3394.64,3393.00,3394.63,271.098,1762627499999,920067.55485,1066,193.191,655659.35847,0
1762627500000,3394.64,3396.60,3394.47,3394.97,1100.074,1762627559999,3735302.09289,3465,585.815,1989153.43922,0
1762627560000,3394.97,3397.65,3394.97,3397.15,708.141,1762627619999,2405498.29002,2564,492.312,1672311.34809,0
1762627620000,3397.16,3397.16,3394.52,3395.99,392.063,1762627679999,1331179.00058,2204,154.537,524702.44107,0
1762627680000,3396.00,3398.18,3395.69,3397.28,501.855,1762627739999,1704836.06232,2337,271.361,921804.66763,0
1762627740000,3397.28,3399.40,3396.43,3399.29,1093.053,1762627799999,3714710.55859,2706,815.551,2771662.15745,0
1762627800000,3399.29,3399.92,3399.00,3399.88,1244.311,1762627859999,4230095.89068,2314,717.717,2439890.16929,0
1762627860000,3399.89,3402.00,3399.00,3399.00,6056.258,1762627919999,20594231.85919,5358,4155.967,14131713.29729,0
1762627920000,3399.00,3402.06,3398.55,3400.49,1451.358,1762627979999,4935110.64170,2778,849.770,2889494.02433,0
1762627980000,3400.48,3402.54,3400.00,3402.21,1275.528,1762628039999,4338573.50398,2163,978.812,3329366.79265,0
1762628040000,3402.21,3403.80,3401.50,3403.45,1824.311,1762628099999,6207311.66936,3388,1240.473,4220759.13199,0
1762628100000,3403.45,3403.49,3402.80,3403.17,1221.672,1762628159999,4157492.97505,1950,684.918,2330819.02833,0
1762628160000,3403.18,3406.46,3403.18,3404.38,3531.208,1762628219999,12023553.81404,4931,2680.063,9125192.45910,0
1762628220000,3404.38,3405.69,3404.38,3404.44,1882.007,1762628279999,6408133.33379,2577,1119.290,3811013.90766,0
1762628280000,3404.44,3405.45,3402.01,3402.39,3021.488,1762628339999,10283367.99793,3297,863.898,2940602.35752,0
1762628340000,3402.40,3403.37,3401.34,3401.35,2651.611,1762628399999,9021041.94938,2063,447.564,1522715.76423,0
1762628400000,3401.34,3402.68,3400.69,3402.68,1190.672,1762628459999,4049858.58668,2656,763.916,2598344.95100,0
1762628460000,3402.68,3402.68,3398.57,3399.80,1492.964,1762628519999,5075228.52791,3161,637.112,2165667.75991,0
1762628520000,3399.79,3400.00,3398.31,3399.50,1022.716,1762628579999,3476367.93489,2226,413.670,1406116.37320,0
1762628580000,3399.50,3401.38,3398.57,3401.23,935.831,1762628639999,3181480.60280,2385,421.925,1434429.87700,0
1762628640000,3401.22,3402.32,3399.47,3402.32,695.853,1762628699999,2366071.93730,1925,322.100,1095224.22057,0
1762628700000,3402.31,3402.32,3399.79,3400.84,555.262,1762628759999,1888150.45803,1844,302.237,1027689.29351,0
1762628760000,3400.84,3405.03,3400.84,3404.30,982.988,1762628819999,3345453.81194,3400,646.773,2201112.02290,0
1762628820000,3404.31,3404.31,3401.21,3401.79,1032.932,1762628879999,3514674.24814,2208,531.706,1808952.18282,0
1762628880000,3401.78,3403.44,3401.78,3402.76,430.769,1762628939999,1465817.37965,2129,248.777,846553.49570,0
1762628940000,3402.76,3402.76,3400.51,3401.44,1682.499,1762628999999,5723363.00365,1955,226.229,769496.71398,0
1762629000000,3401.44,3402.75,3400.00,3400.47,1116.155,1762629059999,3795960.89742,2637,391.966,1332980.28999,0
1762629060000,3400.47,3400.48,3398.35,3398.35,1243.474,1762629119999,4226958.39140,1902,304.008,1033403.18995,0
1762629120000,3398.36,3399.24,3398.35,3399.09,775.655,1762629179999,2636330.86351,1276,335.679,1140869.48561,0
1762629180000,3399.09,3400.25,3398.50,3399.75,361.063,1762629239999,1227270.66851,1566,171.740,583750.20514,0
1762629240000,3399.76,3399.93,3398.59,3398.59,804.727,1762629299999,2735632.73015,1118,362.382,1231928.90757,0
1762629300000,3398.60,3399.57,3397.88,3397.88,678.832,1762629359999,2307010.91274,1795,375.783,1277140.97471,0
1762629360000,3397.89,3397.89,3395.91,3397.71,832.549,1762629419999,2827977.62432,2229,287.848,977772.41300,0
1762629420000,3397.70,3397.70,3395.21,3396.09,2288.018,1762629479999,7770811.82341,3857,472.632,1605007.82636,0
1762629480000,3396.10,3396.14,3389.83,3390.53,5618.056,1762629539999,19056677.20535,7361,1723.087,5844222.34761,0
1762629540000,3390.53,3390.53,3385.86,3387.25,4211.535,1762629599999,14266791.64846,6660,1511.029,5119059.23056,0
1762629600000,3387.25,3388.13,3385.08,3385.73,2318.166,1762629659999,7849952.36172,4354,1051.195,3559478.82293,0
1762629660000,3385.74,3385.79,3375.86,3377.28,9901.243,1762629719999,33469761.44418,12436,2960.081,10005851.41630,0
1762629720000,3377.29,3379.42,3371.11,3371.97,4138.065,1762629779999,13967060.96324,8151,2169.533,7323998.88132,0
1762629780000,3371.97,3371.98,3367.00,3367.30,7549.304,1762629839999,25433530.83855,9470,3027.848,10200372.71548,0
1762629840000,3367.31,3368.25,3362.55,3363.52,8527.456,1762629899999,28691640.47403,10260,3760.150,12652129.86881,0
1762629900000,3363.51,3370.37,3361.49,3368.27,5303.848,1762629959999,17854052.04162,8057,3987.195,13421770.88929,0
1762629960000,3368.27,3368.97,3364.83,3368.28,1954.082,1762630019999,6578653.73646,5082,992.721,3341900.18751,0
1762630020000,3368.28,3369.82,3368.00,3369.23,978.131,1762630079999,3295398.71387,3376,592.996,1997839.22395,0
1762630080000,3369.21,3370.48,3368.51,3369.88,1935.079,1762630139999,6520612.19444,3236,1608.994,5421888.16820,0
1762630140000,3369.87,3372.46,3369.26,3371.75,2303.300,1762630199999,7764063.87511,4758,1493.066,5032852.29971,0
1762630200000,3371.76,3372.00,3370.28,3370.42,1304.150,1762630259999,4396540.25736,2957,559.322,1885434.15827,0
1762630260000,3370.42,3375.48,3369.42,3374.02,4180.625,1762630319999,14102068.28502,6530,3224.374,10876388.12843,0
1762630320000,3374.03,3374.09,3370.00,3371.09,1223.202,1762630379999,4124602.42815,3957,489.293,1649984.95240,0
1762630380000,3371.08,3372.46,3370.09,3370.32,1206.023,1762630439999,4066076.87130,2989,590.318,1990357.95006,0
1762630440000,3370.32,3372.84,3369.52,3372.29,1067.929,1762630499999,3599787.82632,2880,383.981,1294400.53406,0
1762630500000,3372.29,3373.99,3370.41,3373.06,1328.280,1762630559999,4480026.33783,2855,892.919,3011825.95291,0
1762630560000,3373.06,3376.00,3372.42,3374.20,1300.541,1762630619999,4388895.31811,3420,947.639,3198044.09710,0
1762630620000,3374.19,3376.71,3373.72,3376.35,935.091,1762630679999,3156429.11628,2352,536.838,1812063.44624,0
1762630680000,3376.35,3377.68,3375.90,3377.48,823.281,1762630739999,2780182.20957,2439,607.437,2051239.69670,0
1762630740000,3377.49,3381.86,3376.99,3380.80,3237.565,1762630799999,10941758.61307,5525,2180.722,7369575.62173,0
1762630800000,3380.80,3383.80,3380.80,3383.21,2367.085,1762630859999,8007431.11160,3621,1611.680,5451889.85711,0
1762630860000,3383.22,3384.80,3382.45,3382.82,1035.731,1762630919999,3504319.75665,2854,347.089,1174378.48544,0
1762630920000,3382.83,3383.01,3380.80,3381.13,740.831,1762630979999,2505259.20191,2389,254.477,860529.89612,0
1762630980000,3381.13,3381.92,3381.13,3381.92,273.330,1762631039999,924272.45873,927,133.931,452889.25462,0
1762631040000,3381.92,3382.56,3381.43,3382.30,250.140,1762631099999,845965.20110,1357,127.230,430273.80828,0
1762631100000,3382.31,3384.46,3382.31,3383.37,676.987,1762631159999,2290764.24832,1852,237.685,804216.43428,0
1762631160000,3383.38,3384.74,3383.31,3384.41,679.480,1762631219999,2299292.78970,1458,409.283,1384946.09617,0
1762631220000,3384.41,3387.65,3382.22,3382.37,1526.811,1762631279999,5169279.39049,4544,759.616,2571925.12171,0
1762631280000,3382.38,3383.04,3380.27,3380.27,782.597,1762631339999,2646617.37160,2690,284.240,961282.77438,0
1762631340000,3380.27,3383.94,3380.27,3383.94,645.914,1762631399999,2184591.51851,2115,383.265,1296399.38037,0
1762631400000,3383.93,3385.13,3383.01,3385.00,473.474,1762631459999,1602427.86723,1751,293.404,992985.59918,0
1762631460000,3385.00,3385.09,3383.97,3385.09,496.655,1762631519999,1680968.84428,1488,264.832,896320.72318,0
1762631520000,3385.08,3385.59,3384.36,3384.68,387.817,1762631579999,1312775.48129,1094,200.718,679436.11960,0
1762631580000,3384.68,3385.55,3383.78,3385.06,979.518,1762631639999,3315323.60208,1917,438.227,1483155.73931,0
1762631640000,3385.07,3385.77,3383.76,3383.76,576.100,1762631699999,1950024.09904,1796,131.812,446147.00823,0
1762631700000,3383.77,3384.88,3383.61,3384.30,242.650,1762631759999,821216.86124,999,157.187,531975.77220,0
1762631760000,3384.31,3386.73,3383.55,3386.72,865.626,1762631819999,2929997.44783,2165,614.963,2081632.73918,0
1762631820000,3386.73,3387.00,3385.91,3387.00,383.730,1762631879999,1299594.92903,1139,167.591,567570.13960,0
1762631880000,3386.99,3388.00,3386.40,3387.89,856.957,1762631939999,2902701.85126,1878,397.151,1345213.86893,0
1762631940000,3387.90,3389.29,3387.59,3387.61,1106.520,1762631999999,3749521.16096,1968,782.300,2650918.25059,0
1762632000000,3387.62,3389.29,3386.49,3387.72,2205.696,1762632059999,7472377.75576,3461,497.849,1686694.51330,0
1762632060000,3387.72,3389.57,3386.95,3389.30,1152.025,1762632119999,3903547.10156,3135,762.583,2584012.37470,0
1762632120000,3389.31,3392.17,3389.31,3391.38,2984.374,1762632179999,10118600.04302,3293,2479.643,8406811.38090,0
1762632180000,3391.38,3393.00,3390.62,3392.53,1066.048,1762632239999,3615910.77541,2578,530.838,1800518.64885,0
1762632240000,3392.52,3392.53,3391.06,3392.52,668.497,1762632299999,2267580.40428,1798,315.822,1071277.01647,0
1762632300000,3392.53,3394.64,3390.87,3390.99,1524.159,1762632359999,5171430.19492,3260,993.654,3371494.56302,0
1762632360000,3391.00,3391.00,3388.10,3388.11,810.989,1762632419999,2748883.22872,2548,136.279,461890.11739,0
1762632420000,3388.11,3389.19,3386.20,3387.22,1383.006,1762632479999,4684738.18349,2642,471.676,1597686.96843,0
1762632480000,3387.24,3387.88,3384.58,3386.16,623.892,1762632539999,2112705.47537,2217,170.579,577715.43758,0
1762632540000,3386.16,3387.39,3386.06,3386.29,403.666,1762632599999,1367062.80040,1373,215.143,728588.77137,0
1762632600000,3386.28,3386.67,3385.33,3386.21,488.519,1762632659999,1654134.68847,1882,228.034,772148.70331,0
1762632660000,3386.21,3389.53,3385.91,3389.19,434.047,1762632719999,1470514.36951,2103,212.448,719710.15985,0
1762632720000,3389.20,3389.68,3384.90,3384.91,674.679,1762632779999,2285066.98196,2612,119.280,404078.55951,0
1762632780000,3384.91,3385.54,3378.40,3379.65,3535.960,1762632839999,11955581.64643,5526,1016.458,3436077.07590,0
1762632840000,3379.66,3381.41,3379.49,3380.83,1146.685,1762632899999,3876042.47741,2176,652.637,2205973.73631,0
1762632900000,3380.83,3381.75,3380.24,3380.43,385.763,1762632959999,1304288.84850,1607,107.061,361962.79554,0
1762632960000,3380.44,3383.78,3380.44,3383.77,698.727,1762633019999,2363569.78419,2482,535.671,1812020.95464,0
1762633020000,3383.78,3385.36,3383.77,3385.29,438.977,1762633079999,1485743.87250,1674,249.493,844417.92877,0
1762633080000,3385.28,3387.53,3383.76,3387.53,1060.013,1762633139999,3589205.76281,2825,846.094,2865125.90183,0
1762633140000,3387.53,3390.50,3387.52,3390.24,873.872,1762633199999,2961823.25877,2836,561.044,1901506.35555,0
1762633200000,3390.25,3390.48,3387.47,3387.47,557.750,1762633259999,1890294.81220,2448,232.702,788645.19720,0
1762633260000,3387.47,3387.47,3384.29,3385.45,395.469,1762633319999,1338810.51639,2421,170.264,576384.19842,0
1762633320000,3385.44,3387.52,3384.00,3387.52,452.385,1762633379999,1531538.42470,1784,224.411,759857.48188,0
1762633380000,3387.52,3389.36,3387.22,3388.35,752.148,1762633439999,2548537.39424,2390,486.129,1647112.56379,0
1762633440000,3388.35,3388.63,3387.45,3388.63,302.922,1762633499999,1026258.38935,1621,173.054,586259.39378,0
1762633500000,3388.62,3390.43,3388.62,3390.43,1284.993,1762633559999,4355426.76033,2228,842.478,2855498.02464,0
1762633560000,3390.43,3390.43,3388.74,3389.30,479.361,1762633619999,1624819.25384,1295,119.369,404562.36809,0
1762633620000,3389.29,3389.30,3388.63,3388.63,294.512,1762633679999,998153.92901,943,175.460,594676.70519,0
1762633680000,3388.63,3390.64,3388.63,3390.23,842.160,1762633739999,2854792.77370,1514,453.698,1537927.13909,0
1762633740000,3390.23,3391.36,3390.22,3391.36,360.795,1762633799999,1223397.97845,1196,264.574,897134.75900,0
1762633800000,3391.36,3392.00,3389.54,3390.49,380.104,1762633859999,1288897.00268,2050,141.012,478111.97877,0
1762633860000,3390.49,3391.34,3390.10,3391.11,448.418,1762633919999,1520539.18604,1509,255.139,865155.52733,0
1762633920000,3391.11,3391.44,3390.24,3391.44,170.540,1762633979999,578268.53188,1107,48.571,164701.33294,0
1762633980000,3391.44,3393.49,3391.01,3391.01,1083.080,1762634039999,3674062.75673,2045,824.387,2796450.12723,0
1762634040000,3391.01,3392.35,3390.25,3390.59,266.746,1762634099999,904588.21348,1442,141.811,480878.27744,0
1762634100000,3390.59,3393.69,3390.59,3392.51,393.041,1762634159999,1333505.83441,1839,268.663,911481.62113,0
1762634160000,3392.51,3397.63,3392.33,3396.42,2011.281,1762634219999,6828727.76357,3945,1532.114,5201873.15677,0
1762634220000,3396.42,3398.00,3394.65,3394.65,1311.579,1762634279999,4454718.18556,2623,563.826,1915152.42736,0
1762634280000,3394.66,3396.46,3394.65,3396.21,681.696,1762634339999,2314593.56228,1475,575.320,1953354.84200,0
1762634340000,3396.21,3397.12,3395.99,3396.60,562.727,1762634399999,1911344.63988,1417,224.463,762367.30057,0
1762634400000,3396.61,3398.82,3394.71,3398.30,1252.592,1762634459999,4254139.58595,3772,642.098,2180655.60543,0
1762634460000,3398.31,3399.04,3397.20,3397.20,1117.068,1762634519999,3796113.67039,2164,650.089,2209172.66632,0
1762634520000,3397.21,3400.39,3397.05,3399.39,1340.744,1762634579999,4557139.12028,2671,1033.978,3514514.48710,0
1762634580000,3399.38,3399.60,3397.55,3397.56,501.620,1762634639999,1704780.96105,1527,126.775,430893.38253,0
1762634640000,3397.55,3398.46,3397.01,3398.02,485.175,1762634699999,1648297.55448,1234,201.278,683799.56774,0
1762634700000,3398.01,3401.72,3398.01,3400.57,1889.407,1762634759999,6424199.07458,4675,1096.808,3729059.89955,0
1762634760000,3400.58,3402.49,3399.24,3399.69,1417.306,1762634819999,4820272.85042,3004,499.573,1699194.28425,0
1762634820000,3399.69,3400.03,3397.98,3398.04,963.725,1762634879999,3275998.91213,2160,346.395,1177613.90901,0
1762634880000,3398.04,3398.05,3395.88,3396.49,718.410,1762634939999,2440151.15585,1787,98.236,333649.05387,0
1762634940000,3396.49,3399.55,3396.49,3399.55,1547.684,1762634999999,5258002.22821,1984,1189.708,4041657.38677,0
1762635000000,3399.55,3400.40,3399.55,3399.95,297.283,1762635059999,1010790.82833,892,140.508,477734.04517,0
1762635060000,3399.96,3401.00,3399.12,3399.39,729.809,1762635119999,2481487.87060,2447,406.273,1381458.04949,0
1762635120000,3399.39,3399.42,3397.09,3398.55,475.318,1762635179999,1615343.60540,1816,86.147,292769.42213,0
1762635180000,3398.55,3399.37,3398.48,3398.75,217.463,1762635239999,739146.46754,1212,82.049,278884.08387,0
1762635240000,3398.75,3399.15,3397.18,3397.74,244.056,1762635299999,829362.24803,1367,63.664,216337.68135,0
1762635300000,3397.74,3398.30,3396.00,3396.22,1036.541,1762635359999,3520647.43268,2272,217.649,739224.68822,0
1762635360000,3396.22,3398.34,3396.22,3398.34,405.003,1762635419999,1375732.72018,1216,185.236,629230.87698,0
1762635420000,3398.33,3398.34,3397.23,3397.79,321.772,1762635479999,1093233.86708,1272,151.829,515818.26545,0
1762635480000,3397.80,3397.80,3397.35,3397.71,170.750,1762635539999,580140.17636,508,91.340,310335.97568,0
1762635540000,3397.70,3397.71,3395.01,3396.10,3108.150,1762635599999,10554634.46615,3315,519.432,1763680.16552,0
1762635600000,3396.10,3396.11,3394.52,3396.10,1104.217,1762635659999,3749201.25335,2381,364.364,1237148.50462,0
1762635660000,3396.10,3396.84,3394.86,3396.84,463.015,1762635719999,1572307.95279,1498,241.862,821364.51763,0
1762635720000,3396.84,3396.84,3395.49,3395.50,315.746,1762635779999,1072310.65809,775,24.335,82646.31905,0
1762635780000,3395.50,3396.93,3395.50,3396.92,340.150,1762635839999,1155317.37423,1156,259.231,880493.78850,0
1762635840000,3396.93,3398.44,3396.81,3397.43,442.306,1762635899999,1502795.77556,1637,182.213,619058.90030,0
1762635900000,3397.44,3398.43,3397.43,3397.66,238.267,1762635959999,809638.94843,1088,79.606,270498.77924,0
1762635960000,3397.65,3397.73,3396.29,3397.73,303.497,1762636019999,1030986.90516,1790,73.038,248102.16761,0
1762636020000,3397.73,3397.79,3395.41,3397.78,851.287,1762636079999,2891296.01180,2617,431.154,1464243.22018,0
1762636080000,3397.79,3398.39,3395.84,3396.02,490.232,1762636139999,1665637.78477,1556,70.586,239841.11097,0
1762636140000,3396.02,3397.40,3396.02,3396.92,184.096,1762636199999,625368.92974,1116,50.784,172496.17608,0
1762636200000,3396.91,3398.00,3395.56,3395.56,523.905,1762636259999,1779833.08427,1764,105.829,359519.07642,0
1762636260000,3395.56,3397.64,3395.56,3397.09,210.913,1762636319999,716396.14616,1382,105.695,358991.15590,0
1762636320000,3397.09,3397.81,3396.76,3397.38,647.450,1762636379999,2199636.17084,1422,195.792,665172.06263,0
1762636380000,3397.37,3398.61,3396.89,3398.39,351.510,1762636439999,1194409.72271,1314,186.151,632548.99418,0
1762636440000,3398.39,3398.39,3393.00,3394.19,1233.926,1762636499999,4189090.87516,2846,582.594,1977132.43439,0
1762636500000,3394.20,3395.60,3394.20,3394.74,463.814,1762636559999,1574662.68794,1640,142.707,484469.73357,0
1762636560000,3394.74,3395.60,3393.42,3394.88,1332.163,1762636619999,4522037.20963,2409,996.290,3381819.46408,0
1762636620000,3394.88,3395.24,3394.00,3395.15,255.050,1762636679999,865774.08706,1045,98.977,335980.47816,0
1762636680000,3395.15,3397.11,3395.15,3396.29,506.756,1762636739999,1721008.82492,1566,332.789,1130097.21862,0
1762636740000,3396.28,3398.00,3395.66,3397.88,274.057,1762636799999,930973.50625,1460,167.793,570016.91276,0
1762636800000,3397.87,3397.87,3395.52,3396.99,236.550,1762636859999,803431.98565,1521,88.880,301851.89183,0
1762636860000,3397.00,3400.00,3396.50,3399.40,1541.271,1762636919999,5239048.44701,3438,1361.472,4627896.65975,0
1762636920000,3399.40,3400.47,3398.97,3398.98,472.813,1762636979999,1607529.76244,1663,185.475,630601.92516,0
1762636980000,3398.97,3399.21,3398.40,3398.40,220.072,1762637039999,748004.80486,902,46.907,159434.44121,0
1762637040000,3398.40,3399.18,3398.37,3398.50,117.268,1762637099999,398569.08918,809,50.154,170462.97910,0
1762637100000,3398.50,3399.43,3397.48,3399.42,407.114,1762637159999,1383546.57825,1762,296.102,1006289.50054,0
1762637160000,3399.43,3401.18,3399.42,3400.57,664.468,1762637219999,2259537.69144,1606,287.864,978833.37867,0
1762637220000,3400.58,3402.00,3400.26,3401.34,789.024,1762637279999,2683563.21329,1757,511.882,1741087.25518,0
1762637280000,3401.35,3401.84,3401.13,3401.20,195.949,1762637339999,666492.27050,991,116.056,394749.11401,0
1762637340000,3401.21,3401.67,3400.62,3400.97,539.573,1762637399999,1835054.57150,1004,86.595,294514.12296,0
1762637400000,3400.97,3401.50,3399.80,3400.18,225.467,1762637459999,766681.19508,1310,96.756,329015.19128,0
1762637460000,3400.18,3400.53,3399.80,3399.88,209.003,1762637519999,710619.48281,1010,107.207,364493.34215,0
1762637520000,3399.87,3403.37,3399.37,3402.88,1537.534,1762637579999,5230948.07308,3040,907.125,3086431.70489,0
1762637580000,3402.89,3404.82,3402.77,3404.14,1725.416,1762637639999,5873549.34515,2850,1288.417,4385974.99599,0
1762637640000,3404.15,3404.43,3403.01,3403.09,417.645,1762637699999,1421509.90631,1323,89.926,306075.61443,0
1762637700000,3403.09,3403.99,3402.54,3403.91,1017.798,1762637759999,3463732.19645,1741,480.901,1636592.44698,0
1762637760000,3403.91,3408.00,3402.04,3403.77,2460.700,1762637819999,8378339.73748,5230,1174.907,4001169.23896,0
1762637820000,3403.78,3404.65,3402.02,3404.18,2078.563,1762637879999,7074506.58439,3344,604.089,2056024.54100,0
1762637880000,3404.17,3407.60,3404.17,3406.95,1484.398,1762637939999,5056205.28418,3366,806.043,2745389.83250,0
1762637940000,3406.94,3406.94,3402.00,3402.70,1434.868,1762637999999,4884264.24480,3269,482.418,1641985.43995,0
1762638000000,3402.71,3405.69,3402.70,3405.68,427.782,1762638059999,1456628.52161,1639,255.337,869396.87302,0
1762638060000,3405.69,3407.83,3405.68,3407.35,817.078,1762638119999,2783693.93818,2530,447.823,1525630.79831,0
1762638120000,3407.34,3407.54,3406.79,3407.11,384.519,1762638179999,1310167.45585,1093,154.318,525826.16146,0
1762638180000,3407.11,3407.40,3406.63,3407.35,366.304,1762638239999,1248038.73371,1201,188.972,643831.75915,0
1762638240000,3407.35,3408.21,3406.83,3407.25,1049.399,1762638299999,3576031.88026,2376,424.836,1447681.37539,0
1762638300000,3407.26,3407.75,3405.00,3407.59,814.777,1762638359999,2775382.33411,3123,360.122,1226755.23650,0
1762638360000,3407.59,3407.59,3405.29,3405.29,822.902,1762638419999,2803371.01533,2438,249.026,848337.25193,0
1762638420000,3405.29,3405.95,3404.93,3405.04,1125.851,1762638479999,3834004.79672,2138,486.485,1656659.36509,0
1762638480000,3405.03,3406.76,3404.94,3406.76,281.562,1762638539999,959000.40638,1243,154.319,525598.49474,0
1762638540000,3406.75,3408.44,3406.75,3408.07,533.591,1762638599999,1818379.25032,1483,405.346,1381322.73527,0
1762638600000,3408.08,3408.75,3405.07,3405.07,1541.889,1762638659999,5253765.82037,2884,440.969,1502691.01895,0
1762638660000,3405.06,3405.06,3402.88,3404.59,691.962,1762638719999,2355451.12258,2283,210.859,717717.94431,0
1762638720000,3404.58,3404.91,3401.45,3403.36,1222.382,1762638779999,4159079.64634,3932,249.086,847502.64909,0
1762638780000,3403.36,3403.76,3402.54,3402.55,283.364,1762638839999,964302.26058,1571,98.295,334499.88180,0
1762638840000,3402.54,3404.12,3402.30,3404.12,124.588,1762638899999,423964.76933,1371,62.241,211811.89218,0
1762638900000,3404.12,3407.00,3404.12,3405.93,425.482,1762638959999,1449146.42219,2367,241.962,824049.20964,0
1762638960000,3405.92,3405.93,3404.00,3404.00,287.851,1762639019999,980093.07163,2746,81.365,277024.15506,0
1762639020000,3404.00,3404.82,3403.87,3404.09,153.760,1762639079999,523437.19264,897,79.036,269039.46127,0
1762639080000,3404.09,3404.19,3403.23,3403.23,178.232,1762639139999,606695.91163,607,51.143,174096.96061,0
1762639140000,3403.23,3404.57,3403.23,3404.18,139.692,1762639199999,475524.51827,734,44.738,152283.55653,0
1762639200000,3404.19,3404.19,3402.81,3403.43,312.625,1762639259999,1063997.25480,1247,144.950,493321.56634,0
1762639260000,3403.42,3403.42,3398.82,3398.91,1254.199,1762639319999,4265115.19559,3102,62.350,212065.33578,0
1762639320000,3398.92,3399.46,3398.49,3399.45,820.412,1762639379999,2788583.77054,1594,175.977,598145.32683,0
1762639380000,3399.46,3401.51,3399.10,3400.07,644.596,1762639439999,2191824.95898,2086,383.531,1304110.15582,0
1762639440000,3400.06,3401.33,3399.07,3399.71,390.491,1762639499999,1327720.84570,1582,116.721,396881.31667,0
1762639500000,3399.71,3400.54,3398.95,3399.08,310.750,1762639559999,1056463.23417,1416,96.517,328125.81708,0
1762639560000,3399.08,3399.08,3396.35,3397.65,715.846,1762639619999,2432028.35621,2545,119.427,405738.31463,0
1762639620000,3397.66,3399.28,3396.88,3399.28,315.569,1762639679999,1072195.48202,1654,151.321,514157.06926,0
1762639680000,3399.28,3400.66,3398.87,3399.91,381.536,1762639739999,1297125.34359,1409,196.431,667751.26226,0
1762639740000,3399.92,3400.80,3399.92,3400.80,77.348,1762639799999,263025.02068,511,50.272,170950.36409,0
1762639800000,3400.80,3401.11,3400.29,3400.39,366.861,1762639859999,1247581.52917,913,183.330,623440.13530,0
1762639860000,3400.40,3400.43,3400.39,3400.42,148.866,1762639919999,506203.78559,307,118.084,401532.85404,0
1762639920000,3400.42,3401.34,3400.00,3400.59,422.504,1762639979999,1436823.24295,1020,228.926,778512.98569,0
1762639980000,3400.59,3401.46,3400.05,3400.43,381.850,1762640039999,1298573.76554,870,194.855,662668.58606,0
1762640040000,3400.43,3400.43,3397.49,3397.50,705.380,1762640099999,2397485.41323,1475,170.040,577892.91578,0
1762640100000,3397.50,3397.61,3396.47,3396.56,218.620,1762640159999,742644.37784,957,84.843,288195.98838,0
1762640160000,3396.55,3397.65,3395.28,3396.13,618.740,1762640219999,2101638.71758,1397,205.345,697411.16747,0
1762640220000,3396.13,3397.20,3392.66,3394.01,1443.932,1762640279999,4901569.35969,2676,587.521,1994119.61824,0
1762640280000,3394.00,3396.41,3394.00,3396.40,369.948,1762640339999,1255859.44563,898,161.932,549756.48804,0
1762640340000,3396.41,3396.89,3395.60,3396.62,323.501,1762640399999,1098709.22483,777,118.055,400922.42891,0
1762640400000,3396.61,3401.17,3396.61,3399.75,1052.366,1762640459999,3577962.07227,1962,793.939,2699297.82520,0
1762640460000,3399.74,3399.82,3397.74,3398.35,597.069,1762640519999,2029412.57831,1352,63.682,216422.64504,0
1762640520000,3398.35,3401.39,3398.01,3400.53,543.923,1762640579999,1849507.69822,1236,398.221,1353965.18976,0
1762640580000,3400.52,3402.79,3400.52,3402.59,457.229,1762640639999,1555302.21701,1098,396.426,1348474.12834,0
1762640640000,3402.58,3404.10,3402.45,3402.45,546.817,1762640699999,1861182.09458,1165,369.867,1258892.47641,0
1762640700000,3402.45,3402.45,3401.00,3401.01,621.126,1762640759999,2113046.01049,802,148.555,505376.39199,0
1762640760000,3401.00,3402.27,3401.00,3402.26,142.871,1762640819999,485961.32570,476,127.443,433483.25946,0
1762640820000,3402.26,3402.27,3401.64,3401.73,330.771,1762640879999,1125243.16715,987,101.583,345588.27588,0
1762640880000,3401.72,3403.38,3401.64,3403.37,240.162,1762640939999,817166.54590,1240,172.295,586246.17841,0
1762640940000,3403.37,3403.80,3402.03,3402.07,197.590,1762640999999,672354.94227,1105,84.423,287247.72775,0
1762641000000,3402.08,3402.08,3400.29,3400.87,570.943,1762641059999,1942063.52999,1419,99.780,339332.60342,0
1762641060000,3400.87,3401.94,3400.87,3401.89,173.753,1762641119999,590992.04812,918,133.817,455153.55958,0
1762641120000,3401.88,3402.00,3401.35,3401.59,232.986,1762641179999,792560.68493,723,57.087,194189.00326,0
1762641180000,3401.60,3401.75,3401.24,3401.40,203.342,1762641239999,691691.38202,484,59.329,201811.20552,0
1762641240000,3401.39,3401.42,3399.40,3399.40,569.810,1762641299999,1937616.88367,848,22.142,75293.40301,0
1762641300000,3399.40,3399.40,3397.19,3398.56,442.844,1762641359999,1504818.30590,1180,76.493,259883.85879,0
1762641360000,3398.56,3400.36,3398.55,3400.36,297.027,1762641419999,1009830.26832,753,246.318,837436.07429,0
1762641420000,3400.36,3400.36,3400.35,3400.35,161.129,1762641479999,547895.85343,187,85.828,291846.09808,0
1762641480000,3400.35,3400.35,3399.35,3400.12,151.236,1762641539999,514168.24886,597,64.104,217926.96320,0
1762641540000,3400.11,3400.12,3397.59,3398.06,343.433,1762641599999,1167239.26097,919,110.725,376225.07996,0
1762641600000,3398.07,3401.21,3398.07,3400.13,685.547,1762641659999,2330884.26229,1234,385.532,1310743.77172,0
1762641660000,3400.13,3403.52,3399.54,3402.23,1618.051,1762641719999,5504675.30510,2429,1270.176,4321404.55476,0
1762641720000,3402.23,3402.24,3401.03,3401.04,250.363,1762641779999,851591.17767,544,78.030,265403.75333,0
1762641780000,3401.03,3401.18,3400.68,3400.68,282.604,1762641839999,961136.17689,889,59.914,203766.63156,0
1762641840000,3400.68,3400.68,3397.71,3397.71,335.385,1762641899999,1139942.14991,1845,101.636,345358.76324,0
1762641900000,3397.71,3402.52,3397.25,3402.51,1610.359,1762641959999,5475245.98397,3311,1370.746,4660670.16325,0
1762641960000,3402.51,3405.44,3402.20,3405.31,891.032,1762642019999,3032562.97196,3045,591.084,2011765.76786,0
1762642020000,3405.31,3405.40,3404.07,3404.08,276.979,1762642079999,943133.06277,907,89.466,304653.81466,0
1762642080000,3404.07,3405.00,3403.24,3403.47,395.677,1762642139999,1346941.55725,1277,195.913,666928.95163,0
1762642140000,3403.47,3404.23,3403.25,3403.58,468.548,1762642199999,1594831.46035,932,324.728,1105270.01354,0
1762642200000,3403.58,3403.59,3402.87,3403.46,367.263,1762642259999,1249872.15774,894,153.186,521322.08300,0
1762642260000,3403.47,3405.38,3403.46,3405.37,313.366,1762642319999,1066864.45704,1134,198.326,675178.52472,0
1762642320000,3405.37,3407.42,3405.00,3407.41,807.258,1762642379999,2749239.26363,2107,331.898,1130441.75046,0
1762642380000,3407.42,3409.89,3407.41,3409.40,1431.369,1762642439999,4880083.95982,3387,1110.170,3784940.00400,0
1762642440000,3409.40,3409.50,3406.93,3406.94,1273.331,1762642499999,4340116.75594,2381,300.125,1023017.82278,0
1762642500000,3406.94,3407.83,3406.40,3406.72,1430.692,1762642559999,4874518.77540,2151,482.470,1643736.04509,0
1762642560000,3406.71,3408.30,3406.71,3407.99,489.292,1762642619999,1667184.98062,1104,250.057,852015.57574,0
1762642620000,3408.00,3408.72,3407.49,3407.50,244.288,1762642679999,832614.19697,883,110.970,378213.23010,0
1762642680000,3407.50,3407.50,3406.38,3407.20,513.916,1762642739999,1750880.18633,1049,213.334,726802.94253,0
1762642740000,3407.20,3408.30,3406.61,3407.46,527.120,1762642799999,1796195.45007,1329,289.376,985998.10427,0
1762642800000,3407.45,3407.45,3404.41,3406.28,1550.182,1762642859999,5278755.48760,2383,872.621,2971152.58695,0
1762642860000,3406.28,3406.28,3405.83,3405.84,289.092,1762642919999,984721.70696,585,86.861,295871.12043,0
1762642920000,3405.83,3408.00,3405.12,3407.99,513.654,1762642979999,1749644.75720,2214,404.719,1378572.38876,0
1762642980000,3407.99,3409.09,3406.60,3408.19,1082.500,1762643039999,3688942.10064,4475,557.559,1899916.82247,0
1762643040000,3408.18,3408.33,3406.66,3407.63,967.056,1762643099999,3295239.52162,2035,431.568,1470383.39310,0
1762643100000,3407.63,3408.50,3405.00,3405.42,1314.037,1762643159999,4476152.69276,3047,450.502,1534456.64207,0
1762643160000,3405.41,3406.64,3404.23,3404.35,1457.948,1762643219999,4964804.97904,2823,323.257,1100847.40401,0
1762643220000,3404.34,3404.35,3402.87,3403.46,543.992,1762643279999,1851416.27153,1297,228.276,776814.79355,0
1762643280000,3403.47,3405.59,3403.46,3405.00,433.211,1762643339999,1475060.75582,2109,180.307,613869.99087,0
1762643340000,3404.99,3406.19,3404.74,3404.79,452.677,1762643399999,1541575.13224,1639,164.020,558512.94372,0
1762643400000,3404.78,3406.73,3404.48,3406.72,307.131,1762643459999,1045988.45772,1352,216.714,738061.46305,0
1762643460000,3406.72,3407.48,3406.26,3407.25,241.469,1762643519999,822654.31383,1460,119.269,406339.41348,0
1762643520000,3407.25,3408.80,3407.24,3408.80,329.743,1762643579999,1123876.88174,1100,271.356,924867.59687,0
1762643580000,3408.79,3409.00,3408.00,3408.72,454.788,1762643639999,1550190.38625,1458,169.479,577675.82075,0
1762643640000,3408.71,3409.40,3408.62,3408.62,487.110,1762643699999,1660558.33430,1308,213.339,727251.11463,0
1762643700000,3408.62,3410.00,3408.58,3410.00,811.715,1762643759999,2767733.63053,2094,559.965,1909355.08418,0
1762643760000,3409.99,3410.79,3408.43,3408.84,748.737,1762643819999,2552948.41636,1889,330.633,1127375.33025,0
1762643820000,3408.84,3410.78,3408.60,3408.69,578.177,1762643879999,1971586.07303,1686,259.624,885331.04131,0
1762643880000,3408.69,3408.70,3407.14,3408.07,937.361,1762643939999,3194363.56803,2206,439.494,1497743.04678,0
1762643940000,3408.06,3408.27,3406.63,3406.64,297.301,1762643999999,1013063.36219,1474,86.740,295568.15251,0
1762644000000,3406.63,3408.48,3406.60,3408.25,462.950,1762644059999,1577471.93021,1750,283.892,967300.53717,0
1762644060000,3408.25,3408.25,3406.58,3407.14,377.328,1762644119999,1285599.88500,1059,160.624,547214.18962,0
1762644120000,3407.14,3408.31,3407.02,3407.14,598.774,1762644179999,2040400.36327,1159,234.836,800200.59211,0
1762644180000,3407.13,3407.52,3406.42,3406.60,524.069,1762644239999,1785515.35761,1309,372.468,1268995.88375,0
1762644240000,3406.59,3407.47,3406.43,3407.47,276.998,1762644299999,943712.34906,986,193.426,658995.50061,0
1762644300000,3407.46,3408.22,3406.52,3406.67,584.483,1762644359999,1991564.46850,1283,157.516,536729.60574,0
1762644360000,3406.68,3407.23,3406.68,3406.87,173.382,1762644419999,590703.13557,604,121.883,415249.84963,0
1762644420000,3406.87,3406.87,3405.62,3405.62,376.317,1762644479999,1281824.62174,929,84.862,289096.71265,0
1762644480000,3405.63,3406.54,3405.62,3406.20,312.560,1762644539999,1064608.43360,868,213.377,726757.96439,0
1762644540000,3406.20,3406.80,3406.20,3406.80,185.059,1762644599999,630406.66998,578,130.946,446066.47264,0
1762644600000,3406.80,3408.48,3406.80,3408.47,691.020,1762644659999,2354713.20568,2159,568.805,1938232.78554,0
1762644660000,3408.47,3414.33,3408.47,3411.06,2902.744,1762644719999,9905421.22634,5913,1945.633,6639672.00333,0
1762644720000,3411.06,3412.55,3409.50,3409.70,863.604,1762644779999,2945878.50081,2425,391.416,1335395.90706,0
1762644780000,3409.69,3410.82,3408.51,3409.93,629.684,1762644839999,2146761.25297,1913,366.744,1250361.58264,0
1762644840000,3409.92,3411.07,3409.85,3410.16,567.202,1762644899999,1934414.66627,1771,200.517,683822.95093,0
1762644900000,3410.16,3410.17,3408.25,3408.65,862.116,1762644959999,2938730.85039,1456,270.557,922238.37286,0
1762644960000,3408.64,3408.65,3407.71,3407.91,281.090,1762645019999,958001.18900,1152,81.783,278716.97769,0
1762645020000,3407.92,3407.92,3407.00,3407.69,375.145,1762645079999,1278278.87880,871,161.325,549700.78454,0
1762645080000,3407.69,3407.69,3404.41,3404.42,604.546,1762645139999,2058953.48980,1608,18.193,61958.66633,0
1762645140000,3404.41,3406.98,3404.41,3406.98,763.781,1762645199999,2601060.51821,2302,371.885,1266523.51101,0
1762645200000,3406.98,3408.48,3405.07,3405.07,555.882,1762645259999,1893981.42093,1890,99.203,338003.82501,0
1762645260000,3405.07,3406.15,3405.01,3405.22,320.104,1762645319999,1090131.75843,1064,184.942,629789.71196,0
1762645320000,3405.21,3406.76,3405.21,3405.97,428.496,1762645379999,1459546.12861,1625,239.481,815711.04427,0
1762645380000,3405.97,3406.00,3405.27,3405.27,321.943,1762645439999,1096394.91030,1433,104.290,355162.22386,0
1762645440000,3405.27,3406.02,3405.00,3405.01,237.666,1762645499999,809341.98534,1201,87.524,298051.67823,0
1762645500000,3405.00,3406.00,3405.00,3405.70,212.432,1762645559999,723473.72447,921,116.391,396378.26457,0
1762645560000,3405.69,3406.08,3405.00,3405.17,271.047,1762645619999,923105.74886,883,135.010,459807.47447,0
1762645620000,3405.17,3405.17,3402.20,3403.04,1270.511,1762645679999,4323817.86901,2450,396.691,1349766.90011,0
1762645680000,3403.04,3405.00,3403.04,3405.00,276.976,1762645739999,942855.16136,1379,115.346,392644.36408,0
1762645740000,3405.00,3405.66,3404.79,3405.24,164.261,1762645799999,559352.38059,1008,113.580,386767.12198,0
1762645800000,3405.23,3405.27,3401.61,3401.62,573.151,1762645859999,1950556.56970,2131,138.980,473162.32100,0
1762645860000,3401.61,3401.78,3400.64,3401.69,501.937,1762645919999,1707260.54182,1680,105.548,358985.17765,0
1762645920000,3401.69,3402.10,3400.00,3400.01,1157.801,1762645979999,3937451.57659,2003,208.637,709658.27237,0
1762645980000,3400.00,3400.60,3399.89,3400.60,654.720,1762646039999,2226080.86851,1221,242.508,824556.46346,0
1762646040000,3400.59,3400.60,3399.91,3400.00,147.418,1762646099999,501288.17996,510,52.319,177909.02677,0
1762646100000,3400.02,3400.02,3398.26,3398.60,559.979,1762646159999,1903420.85563,1541,157.529,535395.98600,0
1762646160000,3398.60,3399.96,3398.60,3399.95,282.446,1762646219999,960074.27541,898,153.928,523217.19912,0
1762646220000,3399.95,3399.96,3398.92,3399.43,472.280,1762646279999,1605414.15673,1338,136.353,463482.44138,0
1762646280000,3399.44,3400.28,3398.83,3399.00,609.951,1762646339999,2073538.77532,1757,338.904,1152152.56587,0
1762646340000,3398.99,3400.08,3398.67,3400.07,383.207,1762646399999,1302647.36146,1093,217.654,739878.10058,0
