open_time,open,high,low,close,volume,close_time,quote_volume,count,taker_buy_volume,taker_buy_quote_volume,ignore
1772582400000,1981.85,1981.91,1979.36,1979.51,3028.568,1772582459999,5999928.24966,5937,622.726,1233689.63818,0
1772582460000,1979.52,1981.90,1978.66,1981.13,1309.968,1772582519999,2594029.21858,5852,543.894,1077142.42323,0
1772582520000,1981.15,1982.19,1979.52,1979.53,1923.127,1772582579999,3810325.34408,5113,1160.503,2299520.33748,0
1772582580000,1979.52,1981.30,1978.47,1981.12,1690.579,1772582639999,3347273.41159,6150,505.162,1000207.54644,0
1772582640000,1981.12,1981.30,1980.30,1980.30,576.999,1772582699999,1142874.87568,3243,272.442,539612.19321,0
1772582700000,1980.30,1981.71,1978.71,1981.53,2543.695,1772582759999,5037722.68345,5893,1417.927,2808321.09733,0
1772582760000,1981.52,1982.52,1980.03,1981.27,2302.453,1772582819999,4561305.43283,5999,637.395,1262786.68189,0
1772582820000,1981.27,1982.33,1980.38,1982.02,1097.797,1772582879999,2175414.25472,3271,534.100,1058321.33822,0
1772582880000,1982.02,1982.02,1978.48,1978.49,1769.335,1772582939999,3504559.38324,3188,668.385,1323787.49747,0
1772582940000,1978.49,1980.76,1976.48,1980.60,5872.861,1772582999999,11619529.31666,8922,3941.394,7799335.09740,0
1772583000000,1980.60,1982.20,1979.63,1981.78,2122.615,1772583059999,4205139.31834,5539,1303.686,2582968.15296,0
1772583060000,1981.79,1981.85,1979.81,1980.12,1138.704,1772583119999,2255367.86270,3072,340.197,673735.39098,0
1772583120000,1980.11,1981.15,1980.11,1980.35,1256.555,1772583179999,2488577.10400,3307,837.180,1657922.90690,0
1772583180000,1980.36,1980.70,1978.09,1978.09,1432.117,1772583239999,2834684.30067,3805,324.743,642853.76803,0
1772583240000,1978.10,1980.30,1978.09,1979.82,1105.622,1772583299999,2188610.46711,3334,574.733,1137529.02938,0
1772583300000,1979.82,1980.65,1979.50,1980.02,1113.755,1772583359999,2205318.87974,3504,569.993,1128543.10392,0
1772583360000,1980.03,1984.28,1980.02,1984.27,4866.371,1772583419999,9647433.91024,6809,3015.979,5979612.22352,0
1772583420000,1984.28,1985.00,1983.47,1984.48,1958.718,1772583479999,3886407.40463,5145,1252.687,2485455.72735,0
1772583480000,1984.47,1984.48,1981.70,1982.97,3524.891,1772583539999,6990054.84081,5632,1043.329,2069056.11521,0
1772583540000,1982.96,1985.86,1982.96,1984.50,4551.131,1772583599999,9032115.93176,6586,1005.173,1994686.05196,0
1772583600000,1984.51,1984.62,1981.15,1981.15,5144.258,1772583659999,10202340.44738,5887,723.152,1433851.25515,0
1772583660000,1981.15,1982.55,1980.92,1981.60,2166.639,1772583719999,4293527.55065,3622,795.046,1575538.53166,0
1772583720000,1981.60,1984.44,1981.60,1984.44,869.287,1772583779999,1723607.21018,2967,570.034,1130263.72125,0
1772583780000,1984.44,1984.69,1981.08,1981.23,3845.986,1772583839999,7625470.34632,6640,833.613,1652333.12020,0
1772583840000,1981.23,1981.23,1978.42,1979.07,1712.837,1772583899999,3390896.66046,4736,687.720,1361339.93779,0
1772583900000,1979.08,1981.37,1979.07,1981.04,836.038,1772583959999,1655998.48291,2946,413.999,819933.73265,0
1772583960000,1981.05,1981.32,1980.47,1980.48,440.800,1772584019999,873201.04692,1850,202.354,400836.27919,0
1772584020000,1980.48,1981.38,1980.48,1981.24,1092.809,1772584079999,2164857.33113,1849,594.119,1176884.92411,0
1772584080000,1981.24,1981.25,1979.81,1980.25,926.626,1772584139999,1834817.89454,2129,448.321,887669.42625,0
1772584140000,1980.25,1981.25,1979.32,1979.78,1063.789,1772584199999,2106635.03744,3118,462.296,915534.76589,0
1772584200000,1979.78,1980.46,1977.91,1978.92,1809.112,1772584259999,3579994.29382,4590,491.861,973306.92868,0
1772584260000,1978.91,1979.36,1974.20,1976.64,4336.871,1772584319999,8571740.93315,8142,2557.034,5053907.44570,0
1772584320000,1976.65,1977.48,1975.72,1976.45,1802.598,1772584379999,3562794.86713,4802,560.017,1106905.71901,0
1772584380000,1976.44,1976.66,1973.09,1974.01,4560.654,1772584439999,9007621.09238,9065,1657.670,3274340.23231,0
1772584440000,1974.01,1974.67,1966.69,1967.64,19566.063,1772584499999,38547801.66821,20953,4610.055,9087065.23313,0
1772584500000,1967.64,1970.07,1963.12,1965.07,6445.738,1772584559999,12680493.89872,11736,2526.425,4970881.37973,0
1772584560000,1965.08,1969.90,1963.85,1969.90,7041.411,1772584619999,13843083.01114,12766,3156.416,6206261.00219,0
1772584620000,1969.90,1970.59,1968.01,1968.99,2755.874,1772584679999,5427435.51655,6491,1516.217,2986253.61679,0
1772584680000,1969.00,1969.21,1965.19,1965.20,3041.084,1772584739999,5983192.43407,6818,1253.863,2466996.79991,0
1772584740000,1965.20,1965.60,1960.21,1965.00,11672.707,1772584799999,22909738.92000,14388,3314.023,6505609.88151,0
1772584800000,1964.99,1966.91,1964.56,1965.54,2629.634,1772584859999,5169704.76189,6613,1776.881,3493122.81278,0
1772584860000,1965.55,1965.70,1963.94,1964.52,2418.018,1772584919999,4751056.11649,5175,444.796,874109.25053,0
1772584920000,1964.52,1964.81,1960.00,1961.45,6611.263,1772584979999,12972889.25565,9385,1761.883,3457957.19203,0
1772584980000,1961.44,1964.10,1961.44,1962.13,2350.736,1772585039999,4614216.66865,5901,992.693,1948159.12219,0
1772585040000,1962.13,1964.19,1961.00,1963.24,2064.895,1772585099999,4052395.83724,5332,1297.940,2547104.22930,0
1772585100000,1963.24,1967.21,1963.23,1965.86,3174.469,1772585159999,6239510.62819,8054,1964.815,3861643.32899,0
1772585160000,1965.85,1967.69,1965.49,1966.43,1680.279,1772585219999,3304600.59601,4860,991.332,1949463.15235,0
1772585220000,1966.43,1967.26,1965.35,1967.17,1414.240,1772585279999,2780624.82186,3619,681.427,1339767.19818,0
1772585280000,1967.17,1971.34,1966.64,1971.34,3453.730,1772585339999,6801492.09737,8685,1961.802,3863107.25824,0
1772585340000,1971.35,1978.14,1970.98,1976.97,10042.824,1772585399999,19838983.81088,16344,8158.366,16116508.41168,0
1772585400000,1976.96,1978.68,1976.52,1977.85,5497.240,1772585459999,10870937.23217,10796,3606.502,7132101.59564,0
1772585460000,1977.85,1977.95,1976.10,1976.45,1730.370,1772585519999,3420605.84376,3823,435.200,860261.89140,0
1772585520000,1976.45,1976.64,1975.60,1976.11,2327.737,1772585579999,4599792.68463,4140,833.925,1647862.64950,0
1772585580000,1976.11,1976.56,1975.36,1975.40,1228.957,1772585639999,2428307.78871,2904,408.356,806873.26681,0
1772585640000,1975.40,1975.80,1975.00,1975.00,940.225,1772585699999,1857412.49229,1902,263.896,521304.96363,0
1772585700000,1975.00,1975.66,1974.49,1975.04,1324.145,1772585759999,2615081.28891,4538,702.257,1386863.30603,0
1772585760000,1975.04,1976.29,1974.28,1974.42,1200.558,1772585819999,2371056.26728,3527,532.985,1052733.76153,0
1772585820000,1974.41,1975.95,1973.82,1975.95,1228.169,1772585879999,2425576.15694,2793,853.875,1686331.03009,0
1772585880000,1975.94,1978.00,1975.94,1977.79,1149.026,1772585939999,2271809.56319,2971,615.114,1216104.77452,0
1772585940000,1977.79,1978.51,1975.35,1975.54,1836.871,1772585999999,3631387.42785,3916,495.261,979180.88592,0
1772586000000,1975.55,1977.31,1975.21,1975.71,1506.316,1772586059999,2976785.10319,4774,913.913,1806034.56501,0
1772586060000,1975.72,1976.26,1974.72,1975.79,1511.386,1772586119999,2985788.50252,4014,675.080,1333636.38406,0
1772586120000,1975.78,1980.67,1974.72,1979.72,3225.945,1772586179999,6383881.89940,8853,2237.593,4428235.25034,0
1772586180000,1979.72,1982.39,1979.71,1981.50,3987.408,1772586239999,7900425.12433,9401,2298.881,4554609.14464,0
1772586240000,1981.49,1982.15,1980.42,1981.87,3840.282,1772586299999,7609153.99723,6357,2311.648,4580570.92771,0
1772586300000,1981.87,1983.00,1980.21,1980.61,2458.401,1772586359999,4871027.65441,6223,909.767,1802909.43518,0
1772586360000,1980.62,1981.32,1979.15,1979.81,3864.512,1772586419999,7653151.12135,8232,1574.579,3118179.13937,0
1772586420000,1979.81,1979.82,1977.33,1977.36,1085.583,1772586479999,2147625.76958,3865,449.489,889241.21970,0
1772586480000,1977.36,1977.80,1972.47,1973.54,3312.841,1772586539999,6539106.93199,9790,1080.473,2132982.27792,0
1772586540000,1973.54,1978.73,1973.27,1978.16,2141.518,1772586599999,4231849.12498,8838,1322.352,2613179.78654,0
1772586600000,1978.16,1978.17,1975.56,1976.33,1562.760,1772586659999,3088912.11386,7287,628.860,1242905.98580,0
1772586660000,1976.32,1980.37,1976.16,1978.48,1619.701,1772586719999,3205316.57608,6733,942.478,1865078.54976,0
1772586720000,1978.48,1979.92,1977.68,1978.85,1043.998,1772586779999,2065876.15303,4785,616.667,1220362.27527,0
1772586780000,1978.84,1979.30,1977.53,1978.51,1260.884,1772586839999,2494590.85340,3264,199.303,394285.98192,0
1772586840000,1978.51,1979.79,1976.15,1976.55,1917.474,1772586899999,3793108.10426,5872,751.392,1486367.86990,0
1772586900000,1976.55,1977.97,1975.99,1977.28,1258.240,1772586959999,2487238.05684,4136,506.031,1000315.77867,0
1772586960000,1977.28,1978.12,1976.70,1976.72,771.465,1772587019999,1525614.86173,2935,320.104,633006.52923,0
1772587020000,1976.72,1979.00,1974.23,1974.41,1689.589,1772587079999,3340112.77825,4860,435.225,860386.42967,0
1772587080000,1974.41,1976.00,1973.00,1973.21,3150.037,1772587139999,6218580.00026,5442,313.626,619286.70771,0
1772587140000,1973.21,1975.00,1973.21,1974.71,1088.167,1772587199999,2148510.22983,3360,623.696,1231454.79240,0
1772587200000,1974.71,1975.04,1972.50,1972.74,964.481,1772587259999,1903593.49640,3345,281.812,556173.47852,0
1772587260000,1972.74,1972.84,1969.61,1970.36,3808.721,1772587319999,7506521.60321,8054,705.232,1389939.13750,0
1772587320000,1970.36,1973.43,1968.81,1973.43,3439.344,1772587379999,6777384.76877,7945,1486.058,2928675.29720,0
1772587380000,1973.44,1974.00,1970.52,1970.81,1548.979,1772587439999,3055161.85955,6897,551.748,1088296.25058,0
1772587440000,1970.82,1972.88,1970.58,1971.90,948.416,1772587499999,1869970.93154,5664,596.186,1175440.93285,0
1772587500000,1971.90,1972.60,1969.48,1971.11,1003.792,1772587559999,1978257.63621,6588,415.073,818059.42074,0
1772587560000,1971.10,1971.60,1969.34,1970.81,1659.593,1772587619999,3270896.72093,6334,863.904,1702695.47990,0
1772587620000,1970.80,1975.53,1970.05,1975.01,2661.450,1772587679999,5252406.83187,9669,2061.309,4068046.64613,0
1772587680000,1975.01,1977.95,1974.57,1977.95,2389.880,1772587739999,4723205.18839,7228,1966.493,3886457.96830,0
1772587740000,1977.95,1981.79,1977.94,1978.11,4046.649,1772587799999,8012967.74972,11544,2482.259,4915325.10918,0
1772587800000,1978.10,1979.80,1976.94,1978.94,1378.959,1772587859999,2727783.39364,8028,640.089,1266187.43077,0
1772587860000,1978.94,1980.76,1976.91,1979.37,1196.254,1772587919999,2366817.30628,7348,649.934,1286080.14889,0
1772587920000,1979.37,1987.99,1979.04,1986.10,12047.803,1772587979999,23918255.10062,23449,8353.326,16582129.88615,0
1772587980000,1986.09,1989.71,1985.49,1986.56,5484.185,1772588039999,10902109.00329,13921,3046.142,6054952.95658,0
1772588040000,1986.55,1988.36,1984.50,1984.50,4157.271,1772588099999,8258893.61885,13254,2082.677,4137660.26698,0
1772588100000,1984.50,1987.46,1984.50,1986.48,2048.745,1772588159999,4069279.07239,7853,1177.743,2339248.98918,0
1772588160000,1986.48,1989.80,1986.26,1988.36,4793.723,1772588219999,9531436.55207,12927,3338.920,6638465.11820,0
1772588220000,1988.36,1991.64,1987.91,1990.36,8641.946,1772588279999,17195103.81553,13222,6039.658,12016763.14909,0
1772588280000,1990.36,1993.06,1988.44,1990.62,5211.463,1772588339999,10376719.93617,12740,3176.875,6325763.10837,0
1772588340000,1990.62,1992.62,1989.49,1992.13,2715.257,1772588399999,5406376.78517,9522,1688.184,3361402.74227,0
1772588400000,1992.13,1992.14,1989.45,1990.05,2108.488,1772588459999,4197662.07311,7791,781.353,1555428.71434,0
1772588460000,1990.04,1991.21,1988.02,1991.20,2246.354,1772588519999,4468024.46403,6796,776.430,1544520.47123,0
1772588520000,1991.21,1997.99,1990.13,1994.60,10249.235,1772588579999,20447618.24894,22103,6769.923,13505667.88325,0
1772588580000,1994.61,1994.61,1991.47,1992.31,2854.986,1772588639999,5689749.60863,9488,1151.141,2294119.89194,0
1772588640000,1992.31,1992.31,1988.15,1988.99,3729.859,1772588699999,7419425.19525,7637,1614.676,3211547.80517,0
1772588700000,1988.99,1989.31,1983.65,1984.25,8916.928,1772588759999,17704923.34638,14212,5585.372,11087889.50528,0
1772588760000,1984.25,1985.78,1982.85,1983.00,2385.722,1772588819999,4734428.94876,7211,928.641,1842876.63019,0
1772588820000,1983.00,1986.32,1981.55,1986.05,2175.121,1772588879999,4314984.46677,8224,1169.352,2320231.02473,0
1772588880000,1986.05,1986.05,1983.28,1983.28,1651.317,1772588939999,3277839.40335,7282,663.476,1316964.67519,0
1772588940000,1983.29,1983.68,1979.04,1979.58,3179.547,1772588999999,6298262.41595,8851,1384.239,2741968.74446,0
1772589000000,1979.58,1982.39,1979.18,1982.23,1651.691,1772589059999,3271021.58670,7848,793.220,1571004.22482,0
1772589060000,1982.23,1983.81,1981.81,1983.28,1306.688,1772589119999,2590814.06900,6012,715.790,1419239.92871,0
1772589120000,1983.29,1984.60,1981.80,1982.51,1062.066,1772589179999,2106399.88927,7406,633.361,1256142.13899,0
1772589180000,1982.50,1983.16,1980.27,1980.55,1538.301,1772589239999,3048596.29803,5335,462.411,916429.72206,0
1772589240000,1980.55,1982.54,1980.55,1981.63,1602.048,1772589299999,3174761.16690,5128,894.308,1772277.23920,0
1772589300000,1981.63,1984.31,1981.50,1983.80,1155.362,1772589359999,2291007.86530,4443,802.485,1591265.46200,0
1772589360000,1983.79,1984.59,1982.11,1982.67,798.479,1772589419999,1583645.20026,4011,370.283,734331.63743,0
1772589420000,1982.68,1984.22,1981.06,1981.43,911.808,1772589479999,1807862.16448,4945,454.405,901021.95698,0
1772589480000,1981.43,1982.33,1980.71,1980.88,767.207,1772589539999,1520181.40153,3720,327.758,649412.77734,0
1772589540000,1980.87,1980.88,1979.60,1980.76,936.182,1772589599999,1853924.09191,3891,395.473,783146.62464,0
1772589600000,1980.76,1981.91,1979.91,1979.91,1402.129,1772589659999,2777548.96678,6881,744.540,1474842.58957,0
1772589660000,1979.92,1980.20,1977.07,1977.76,5544.881,1772589719999,10971811.97988,8079,1089.230,2154869.82181,0
1772589720000,1977.75,1978.96,1976.68,1977.07,1632.786,1772589779999,3229369.23343,5671,727.599,1438994.69077,0
1772589780000,1977.07,1979.57,1976.02,1977.90,2064.727,1772589839999,4082862.12020,7296,789.966,1562244.38330,0
1772589840000,1977.90,1980.00,1977.65,1977.81,1176.485,1772589899999,2327779.99231,6081,696.011,1377079.46388,0
1772589900000,1977.81,1977.81,1973.22,1973.92,5475.850,1772589959999,10814689.41963,10785,1538.827,3038586.84514,0
1772589960000,1973.93,1975.10,1972.36,1972.56,3160.884,1772590019999,6239084.23851,9533,1060.926,2094001.55156,0
1772590020000,1972.57,1974.68,1972.22,1972.53,1881.171,1772590079999,3712510.29604,7292,1115.722,2201896.90151,0
1772590080000,1972.51,1975.36,1972.27,1975.33,1160.901,1772590139999,2291709.67600,5676,742.544,1465774.59372,0
1772590140000,1975.32,1979.39,1975.22,1975.59,2757.216,1772590199999,5453109.33075,8164,1837.888,3635474.31592,0
1772590200000,1975.59,1978.98,1975.59,1975.99,1947.537,1772590259999,3850861.15877,7331,931.762,1842160.00439,0
1772590260000,1975.99,1978.84,1975.07,1978.28,1678.684,1772590319999,3318036.86922,6481,1328.441,2625699.45143,0
1772590320000,1978.28,1981.70,1978.27,1980.62,2255.609,1772590379999,4466602.31706,7807,1179.699,2335857.31005,0
1772590380000,1980.61,1981.29,1977.63,1978.50,1735.590,1772590439999,3436400.96838,6275,602.394,1192791.83726,0
1772590440000,1978.50,1978.50,1975.28,1975.85,1252.283,1772590499999,2475110.18306,5297,520.092,1027858.39951,0
1772590500000,1975.84,1975.85,1972.54,1973.85,2209.627,1772590559999,4360943.20698,6824,1326.255,2617329.86021,0
1772590560000,1973.85,1974.30,1972.19,1973.70,1923.842,1772590619999,3796305.92022,7356,949.224,1873040.13148,0
1772590620000,1973.69,1975.41,1973.27,1974.49,1200.342,1772590679999,2369823.11065,4103,745.905,1472703.71704,0
1772590680000,1974.50,1976.46,1974.30,1975.79,999.163,1772590739999,1973650.73999,4372,679.882,1342947.59837,0
1772590740000,1975.80,1978.87,1975.80,1978.53,1471.756,1772590799999,2910344.57381,6956,943.481,1865688.94252,0
1772590800000,1978.53,1980.70,1978.52,1978.62,887.180,1772590859999,1756025.28387,4515,654.962,1296382.11926,0
1772590860000,1978.63,1979.00,1976.66,1977.20,1023.269,1772590919999,2023881.23390,4477,309.193,611524.00769,0
1772590920000,1977.21,1978.92,1977.21,1978.01,676.426,1772590979999,1338152.98743,3278,296.800,587132.18294,0
1772590980000,1978.00,1978.38,1977.09,1978.15,406.212,1772591039999,803325.32123,3103,266.759,527543.65864,0
1772591040000,1978.14,1978.14,1975.14,1975.17,730.831,1772591099999,1444505.36896,3782,304.102,601053.85431,0
1772591100000,1975.16,1975.28,1972.95,1974.21,1338.290,1772591159999,2641455.62390,4854,603.447,1190982.35550,0
1772591160000,1974.20,1974.32,1972.62,1973.15,1964.068,1772591219999,3875878.65944,4547,511.978,1010418.52674,0
1772591220000,1973.14,1974.38,1972.81,1972.92,916.199,1772591279999,1808157.01745,3045,359.635,709831.20815,0
1772591280000,1972.92,1972.92,1971.61,1972.40,1392.297,1772591339999,2745481.29275,4425,808.605,1594419.22595,0
1772591340000,1972.40,1972.41,1971.00,1972.17,1599.872,1772591399999,3154156.57602,3119,798.420,1574179.06616,0
1772591400000,1972.17,1973.75,1972.04,1972.81,2129.096,1772591459999,4200599.72088,5491,1397.904,2757891.74889,0
1772591460000,1972.80,1972.81,1969.88,1972.45,2455.618,1772591519999,4839347.50204,7559,973.957,1919448.61393,0
1772591520000,1972.46,1974.82,1971.49,1974.69,1262.410,1772591579999,2490621.03027,5652,660.758,1303735.14304,0
1772591580000,1974.68,1974.68,1971.88,1971.88,1409.760,1772591639999,2781931.83387,4362,790.453,1559933.85208,0
1772591640000,1971.87,1973.47,1967.38,1968.94,3287.539,1772591699999,6476569.45248,9354,1388.304,2735271.86442,0
1772591700000,1968.94,1971.94,1968.64,1969.67,2308.708,1772591759999,4547877.26544,7430,1481.120,2917495.09348,0
1772591760000,1969.67,1972.10,1968.50,1971.07,1813.401,1772591819999,3572996.39194,6893,775.651,1528199.32627,0
1772591820000,1971.06,1971.20,1969.10,1970.39,1370.544,1772591879999,2700069.38270,5741,600.589,1183136.71190,0
1772591880000,1970.39,1974.94,1970.08,1970.99,1723.295,1772591939999,3399329.26831,7735,853.252,1682833.13497,0
1772591940000,1970.99,1973.86,1970.70,1973.26,1647.932,1772591999999,3249945.76922,6600,1125.618,2219819.26167,0
1772592000000,1973.26,1975.09,1972.01,1972.32,2396.502,1772592059999,4729902.82321,6425,1707.341,3369802.47024,0
1772592060000,1972.31,1974.19,1971.78,1973.52,1741.012,1772592119999,3436094.18356,3780,1363.034,2690262.42273,0
1772592120000,1973.52,1973.52,1971.83,1972.23,815.861,1772592179999,1609298.69489,4157,305.777,603156.00719,0
1772592180000,1972.23,1973.12,1971.77,1972.96,624.147,1772592239999,1231102.65664,2741,402.793,794505.77873,0
1772592240000,1972.95,1973.29,1972.11,1972.35,730.219,1772592299999,1440454.41664,2791,383.475,756436.05910,0
1772592300000,1972.35,1972.76,1970.78,1970.97,931.600,1772592359999,1836484.32396,2766,369.054,727516.37560,0
1772592360000,1970.97,1973.36,1970.97,1972.55,1167.424,1772592419999,2302311.90693,3889,817.879,1612943.89435,0
1772592420000,1972.56,1975.00,1972.40,1974.06,873.596,1772592479999,1723995.46508,4360,535.887,1057521.87911,0
1772592480000,1974.06,1978.41,1974.06,1976.33,2545.580,1772592539999,5031424.68235,7482,1674.374,3309751.90139,0
1772592540000,1976.33,1978.40,1975.83,1977.35,1173.288,1772592599999,2319891.77340,4878,716.509,1416728.70729,0
1772592600000,1977.35,1979.78,1977.35,1979.05,1865.951,1772592659999,3692095.56700,6405,921.960,1824066.65280,0
1772592660000,1979.05,1981.55,1979.02,1981.45,3966.571,1772592719999,7854743.34545,9418,1681.695,3330439.57133,0
1772592720000,1981.45,1981.76,1979.10,1980.84,1631.069,1772592779999,3230411.98082,5569,694.820,1376042.39716,0
1772592780000,1980.84,1980.96,1978.31,1978.72,1709.419,1772592839999,3383497.35996,4437,431.343,853882.75995,0
1772592840000,1978.72,1980.01,1978.64,1979.14,1190.434,1772592899999,2356338.21178,3061,824.545,1632071.03839,0
1772592900000,1979.13,1979.90,1978.24,1979.47,906.975,1772592959999,1795118.71756,3152,503.969,997531.85009,0
1772592960000,1979.48,1979.65,1977.09,1978.86,866.911,1772593019999,1714897.10128,4585,360.418,712991.47194,0
1772593020000,1978.85,1979.48,1978.53,1978.81,896.214,1772593079999,1773541.84356,3281,479.007,947932.80786,0
1772593080000,1978.81,1978.89,1977.30,1978.79,774.366,1772593139999,1531720.29018,2979,363.022,718046.39397,0
1772593140000,1978.78,1978.78,1977.20,1978.09,1370.202,1772593199999,2710151.18201,4158,686.904,1358709.73098,0
1772593200000,1978.09,1978.23,1975.95,1976.02,1008.225,1772593259999,1993679.72508,5114,419.400,829354.21746,0
1772593260000,1976.03,1976.65,1971.39,1971.41,3543.756,1772593319999,6996407.63660,9100,1016.008,2005918.26391,0
1772593320000,1971.40,1971.43,1968.88,1970.43,5243.809,1772593379999,10331401.94966,11594,2648.664,5218744.11069,0
1772593380000,1970.43,1973.96,1969.53,1972.54,1698.828,1772593439999,3350528.29307,5780,1127.724,2223957.20724,0
1772593440000,1972.54,1972.55,1969.80,1970.21,1955.145,1772593499999,3853358.59864,4664,362.542,714473.56130,0
1772593500000,1970.22,1971.60,1969.60,1970.41,2390.792,1772593559999,4710557.99636,4332,1419.204,2796095.63718,0
1772593560000,1970.41,1971.96,1970.00,1970.98,1298.066,1772593619999,2558614.63665,4196,675.282,1331008.80190,0
1772593620000,1970.99,1972.78,1969.01,1971.91,1641.070,1772593679999,3233698.34296,5415,922.253,1817211.89441,0
1772593680000,1971.91,1973.65,1971.91,1972.75,2366.762,1772593739999,4669400.35580,4611,1815.694,3582086.07470,0
1772593740000,1972.76,1975.24,1972.76,1974.93,908.108,1772593799999,1792824.92689,3862,504.766,996479.42158,0
1772593800000,1974.92,1975.24,1972.91,1973.20,956.798,1772593859999,1889056.54885,3665,350.030,691073.80146,0
1772593860000,1973.19,1974.04,1971.07,1972.02,1127.344,1772593919999,2223479.56714,4056,593.137,1169882.33052,0
1772593920000,1972.01,1972.68,1971.40,1972.04,1114.584,1772593979999,2198155.84422,3419,223.819,441367.87470,0
1772593980000,1972.05,1976.41,1972.05,1975.70,1607.016,1772594039999,3173303.03776,5167,798.069,1576011.88041,0
1772594040000,1975.72,1977.79,1974.66,1974.87,2334.279,1772594099999,4612781.06554,7758,1439.914,2845386.73518,0
1772594100000,1974.88,1976.50,1974.47,1976.49,1103.828,1772594159999,2180659.09378,4974,681.026,1345377.19259,0
1772594160000,1976.49,1977.60,1974.72,1975.15,1273.864,1772594219999,2517074.67611,4925,672.318,1328365.02504,0
1772594220000,1975.16,1975.71,1973.19,1974.03,1025.130,1772594279999,2023766.61949,3930,473.224,934128.39392,0
1772594280000,1974.03,1976.01,1974.03,1975.03,1046.115,1772594339999,2066072.61339,4811,627.966,1240267.82824,0
1772594340000,1975.04,1976.49,1973.81,1976.39,1000.414,1772594399999,1976242.90231,4101,335.435,662506.04403,0
1772594400000,1976.39,1979.37,1974.65,1975.19,2370.247,1772594459999,4687307.27241,8274,1054.661,2085665.42151,0
1772594460000,1975.19,1975.86,1972.64,1974.56,1649.902,1772594519999,3257219.98849,5952,811.439,1601866.94969,0
1772594520000,1974.57,1976.92,1974.57,1975.59,1143.425,1772594579999,2259217.84730,5845,658.109,1300388.32313,0
1772594580000,1975.59,1976.00,1973.58,1974.32,866.677,1772594639999,1711406.70548,3882,479.284,946417.21259,0
1772594640000,1974.32,1974.32,1971.88,1972.54,1104.705,1772594699999,2179169.78266,4360,538.799,1062883.80192,0
1772594700000,1972.55,1973.19,1969.39,1969.80,3237.553,1772594759999,6380525.46351,6968,1797.509,3542169.11651,0
1772594760000,1969.80,1972.91,1969.18,1972.04,1331.292,1772594819999,2624060.00537,5451,793.114,1563184.21129,0
1772594820000,1972.03,1972.59,1969.99,1969.99,3577.224,1772594879999,7050305.11490,5402,748.918,1475868.02846,0
1772594880000,1970.00,1970.77,1963.39,1963.66,22227.640,1772594939999,43701348.24998,19142,6042.189,11872812.97556,0
1772594940000,1963.66,1963.98,1961.50,1963.33,6899.474,1772594999999,13541597.77618,9786,2726.544,5351662.12285,0
1772595000000,1963.33,1965.10,1961.58,1962.13,6570.369,1772595059999,12900029.92956,13423,3370.965,6618989.32505,0
1772595060000,1962.13,1963.84,1955.17,1955.52,30296.065,1772595119999,59360689.44818,26983,10288.263,20157876.75281,0
1772595120000,1955.52,1957.13,1953.40,1955.39,13230.468,1772595179999,25871105.05760,19138,6861.048,13418160.29071,0
1772595180000,1955.39,1956.48,1948.58,1949.92,18558.109,1772595239999,36224229.41161,24936,6463.589,12620631.20760,0
1772595240000,1949.91,1950.98,1943.69,1946.53,38499.177,1772595299999,74937684.98802,32336,11750.596,22877182.29535,0
1772595300000,1946.53,1947.24,1943.40,1945.52,12986.422,1772595359999,25256902.44678,19306,7046.214,13704128.45222,0
1772595360000,1945.52,1948.22,1944.22,1948.07,9912.212,1772595419999,19293487.67442,15274,6721.172,13082863.46436,0
1772595420000,1948.08,1952.34,1947.60,1952.32,8419.087,1772595479999,16413291.38204,15438,4370.145,8519994.10884,0
1772595480000,1952.32,1953.66,1948.90,1952.85,6281.543,1772595539999,12258187.43202,13199,3008.503,5870307.67647,0
1772595540000,1952.84,1956.19,1952.17,1954.73,8785.450,1772595599999,17174336.86445,12675,4022.311,7861957.79818,0
1772595600000,1954.73,1956.21,1952.52,1953.81,3525.385,1772595659999,6890388.81890,8401,1401.590,2739432.94421,0
1772595660000,1953.81,1954.58,1951.43,1952.64,2170.223,1772595719999,4237978.91828,7358,988.959,1931342.18639,0
1772595720000,1952.64,1953.20,1950.09,1951.61,4765.260,1772595779999,9301102.14797,9775,1844.424,3599796.41519,0
1772595780000,1951.60,1952.54,1944.22,1946.92,13331.164,1772595839999,25958904.70195,18353,5859.409,11407091.03671,0
1772595840000,1946.91,1950.01,1946.07,1949.92,4661.766,1772595899999,9079071.15137,9156,2796.322,5446415.93630,0
1772595900000,1949.93,1950.85,1946.42,1950.29,3900.403,1772595959999,7600704.78974,10242,1817.598,3541781.71938,0
1772595960000,1950.29,1953.52,1950.21,1951.19,6466.574,1772596019999,12623748.76526,10876,3619.280,7064923.10993,0
1772596020000,1951.19,1956.39,1951.01,1955.28,6941.546,1772596079999,13563584.03238,11720,5082.148,9929373.95563,0
1772596080000,1955.29,1955.75,1954.27,1954.58,2044.448,1772596139999,3996769.57843,7529,633.465,1238352.68682,0
1772596140000,1954.57,1954.60,1952.30,1952.57,2614.495,1772596199999,5107945.92782,7043,612.426,1196622.84301,0
1772596200000,1952.57,1954.65,1950.97,1951.81,5196.655,1772596259999,10146787.20339,11155,1877.849,3667495.51043,0
1772596260000,1951.80,1954.00,1951.47,1952.61,1855.563,1772596319999,3623384.56530,6671,754.405,1472989.04260,0
1772596320000,1952.61,1954.32,1952.50,1954.32,1243.352,1772596379999,2428616.08056,6819,836.929,1634733.94881,0
1772596380000,1954.31,1954.81,1953.52,1954.34,2114.537,1772596439999,4132390.26545,5563,1393.212,2722736.74086,0
1772596440000,1954.34,1954.80,1952.90,1953.53,2749.039,1772596499999,5371485.71014,5232,1082.819,2115781.30207,0
1772596500000,1953.52,1954.48,1952.89,1954.09,1354.919,1772596559999,2647383.78957,4582,932.270,1821531.82915,0
1772596560000,1954.10,1955.36,1953.71,1954.48,1240.416,1772596619999,2424436.46868,4071,784.858,1534084.25757,0
1772596620000,1954.47,1956.65,1954.22,1955.13,2947.688,1772596679999,5763922.76670,6111,1181.850,2311049.92585,0
1772596680000,1955.13,1959.58,1954.96,1957.45,4071.646,1772596739999,7970271.55047,7615,3265.391,6392382.20620,0
1772596740000,1957.45,1960.21,1957.45,1959.59,3467.841,1772596799999,6795251.68709,7199,2221.224,4352552.75887,0
1772596800000,1959.59,1962.65,1959.10,1960.52,6009.558,1772596859999,11783717.85412,12896,3265.618,6403646.13349,0
1772596860000,1960.52,1960.99,1956.55,1956.78,5302.461,1772596919999,10387519.19837,9536,1343.724,2632718.25358,0
1772596920000,1956.79,1958.61,1956.77,1957.61,3818.425,1772596979999,7475072.55883,7334,1721.773,3370443.61190,0
1772596980000,1957.61,1957.62,1951.55,1954.86,14135.688,1772597039999,27623114.22560,15242,5579.986,10902155.95103,0
1772597040000,1954.86,1958.36,1954.86,1956.45,1935.674,1772597099999,3788235.32652,7381,847.507,1658611.48767,0
1772597100000,1956.46,1959.04,1956.46,1959.04,1336.552,1772597159999,2616852.23639,4356,1058.427,2072363.98194,0
1772597160000,1959.03,1960.00,1957.81,1959.38,1304.355,1772597219999,2555272.01851,5286,615.876,1206478.36883,0
1772597220000,1959.37,1959.38,1957.66,1957.70,1039.739,1772597279999,2036229.82370,3552,336.444,658922.77296,0
1772597280000,1957.71,1958.00,1956.01,1956.31,1756.873,1772597339999,3438167.61879,5421,635.648,1243895.77581,0
1772597340000,1956.32,1957.70,1955.28,1957.70,1306.769,1772597399999,2556673.45336,4966,723.382,1415410.47819,0
1772597400000,1957.70,1962.66,1957.07,1961.37,3895.355,1772597459999,7635866.00514,9887,2683.199,5259890.10558,0
1772597460000,1961.37,1962.73,1960.80,1962.05,3644.911,1772597519999,7150473.07976,8703,1804.225,3539561.09382,0
1772597520000,1962.05,1963.50,1960.04,1960.12,3856.863,1772597579999,7566686.27782,10052,1802.923,3537776.11187,0
1772597580000,1960.13,1960.30,1958.81,1959.60,1969.850,1772597639999,3860024.33021,6430,1009.832,1978777.29603,0
1772597640000,1959.61,1959.77,1958.79,1959.21,880.163,1772597699999,1724479.22899,2817,436.757,855693.35289,0
1772597700000,1959.21,1960.80,1959.00,1959.24,2124.168,1772597759999,4163300.22243,4836,1196.015,2344077.45859,0
1772597760000,1959.23,1959.23,1956.44,1956.78,2739.532,1772597819999,5363052.09012,6720,731.688,1432233.60582,0
1772597820000,1956.77,1957.04,1953.13,1955.70,3312.656,1772597879999,6476270.90735,9145,1297.783,2536885.60190,0
1772597880000,1955.71,1955.86,1954.61,1954.86,1206.199,1772597939999,2358371.55321,3968,538.360,1052589.51656,0
1772597940000,1954.86,1954.87,1951.70,1954.04,2760.941,1772597999999,5392733.75930,7676,1479.613,2889851.86251,0
1772598000000,1954.04,1954.53,1952.74,1953.56,1353.025,1772598059999,2643534.99484,4830,744.930,1455394.95414,0
1772598060000,1953.57,1955.12,1953.30,1953.41,1647.083,1772598119999,3218809.26256,5115,1212.258,2369113.12308,0
1772598120000,1953.41,1954.28,1952.69,1952.84,1191.636,1772598179999,2327827.19662,4290,815.520,1593084.70455,0
1772598180000,1952.83,1953.64,1950.71,1951.39,4280.635,1772598239999,8355923.56527,10505,1798.973,3511774.88208,0
1772598240000,1951.39,1954.17,1951.18,1954.02,1533.386,1772598299999,2994223.05933,4424,1030.006,2011205.96177,0
1772598300000,1954.01,1955.57,1953.30,1954.20,1114.590,1772598359999,2178416.12631,4905,661.986,1293740.11711,0
1772598360000,1954.21,1954.89,1953.00,1954.89,1104.839,1772598419999,2159048.97501,4148,619.444,1210416.15421,0
1772598420000,1954.89,1954.89,1954.18,1954.76,767.221,1772598479999,1499569.78678,1960,370.650,724441.10781,0
1772598480000,1954.77,1954.77,1953.44,1953.83,620.063,1772598539999,1211708.16463,1804,149.869,292867.49093,0
1772598540000,1953.83,1954.29,1952.88,1952.88,1389.876,1772598599999,2715739.50920,1989,1204.897,2354352.37041,0
1772598600000,1952.88,1952.88,1950.13,1950.49,1855.966,1772598659999,3621047.58053,6432,641.004,1250556.78226,0
1772598660000,1950.48,1952.63,1948.81,1952.39,3808.278,1772598719999,7427346.65064,7910,1831.701,3572917.80851,0
1772598720000,1952.39,1955.51,1952.38,1953.50,1622.933,1772598779999,3171326.54159,5883,1255.302,2452836.31240,0
1772598780000,1953.49,1954.75,1952.81,1952.92,1289.563,1772598839999,2519840.87604,4214,603.198,1178637.40354,0
1772598840000,1952.91,1955.82,1952.91,1954.11,1514.658,1772598899999,2960733.38837,4988,765.565,1496458.70709,0
1772598900000,1954.10,1956.38,1953.32,1954.01,3807.395,1772598959999,7442026.79546,7734,1181.524,2309762.61200,0
1772598960000,1954.00,1954.13,1951.72,1951.86,754.033,1772599019999,1472354.72666,3722,370.943,724314.72519,0
1772599020000,1951.86,1951.86,1950.03,1951.37,1283.024,1772599079999,2502894.32382,5681,642.019,1252480.94120,0
1772599080000,1951.37,1952.20,1950.74,1951.11,1330.619,1772599139999,2596599.24756,4932,454.643,887146.58607,0
1772599140000,1951.12,1953.58,1950.66,1952.72,2164.441,1772599199999,4225638.92767,6158,1425.303,2782733.26706,0
1772599200000,1952.72,1952.77,1950.43,1951.66,975.563,1772599259999,1904048.32956,4990,430.458,840102.95202,0
1772599260000,1951.67,1953.64,1950.31,1952.53,1803.229,1772599319999,3519292.93512,4813,757.626,1479000.59166,0
1772599320000,1952.53,1955.30,1952.53,1955.10,1522.164,1772599379999,2974198.16680,4774,1016.501,1986180.18572,0
1772599380000,1955.11,1957.48,1955.10,1956.83,2039.760,1772599439999,3991110.89552,5279,1347.964,2637458.83293,0
1772599440000,1956.83,1957.47,1956.16,1956.54,1679.024,1772599499999,3285516.22523,4062,908.658,1777985.45849,0
1772599500000,1956.54,1957.81,1956.54,1956.89,816.950,1772599559999,1599018.27871,3036,508.023,994369.66411,0
1772599560000,1956.90,1957.41,1955.76,1956.17,1037.588,1772599619999,2030142.07277,4084,538.815,1054257.58927,0
1772599620000,1956.16,1956.66,1955.55,1956.33,751.280,1772599679999,1469612.35346,2717,498.248,974645.61565,0
1772599680000,1956.33,1956.33,1954.26,1954.90,1543.587,1772599739999,3018056.08041,3281,362.256,708333.89553,0
1772599740000,1954.91,1958.57,1954.90,1958.11,3524.435,1772599799999,6897449.62705,5836,2779.449,5439942.15081,0
1772599800000,1958.11,1958.30,1955.76,1957.78,1537.943,1772599859999,3010359.47368,5428,887.362,1736854.40522,0
1772599860000,1957.77,1958.57,1956.41,1957.83,914.645,1772599919999,1790516.84091,4410,517.953,1013985.92393,0
1772599920000,1957.83,1958.35,1955.91,1956.65,807.817,1772599979999,1580915.20715,3478,331.597,648860.09232,0
1772599980000,1956.66,1958.17,1956.49,1957.81,660.920,1772600039999,1293680.63557,2457,487.079,953394.91106,0
1772600040000,1957.81,1961.42,1957.80,1959.51,5196.226,1772600099999,10182139.06526,8093,4213.502,8256523.38021,0
1772600100000,1959.51,1959.76,1958.78,1959.33,1919.085,1772600159999,3759864.08566,3345,508.095,995477.92854,0
1772600160000,1959.33,1961.78,1959.16,1961.00,3736.068,1772600219999,7325196.71047,6225,2190.940,4296051.09741,0
1772600220000,1961.01,1961.39,1959.38,1959.63,1749.543,1772600279999,3429952.63798,4033,553.838,1085657.28775,0
1772600280000,1959.62,1959.89,1957.80,1959.82,2597.088,1772600339999,5086596.54757,4698,621.372,1217066.76462,0
1772600340000,1959.83,1960.42,1958.71,1959.14,650.593,1772600399999,1274909.33112,2110,406.172,795897.42802,0
1772600400000,1959.14,1960.80,1958.60,1959.39,1290.384,1772600459999,2528727.82593,5667,751.407,1472494.76889,0
1772600460000,1959.40,1959.89,1959.07,1959.80,435.972,1772600519999,854300.53856,2613,266.612,522431.94965,0
1772600520000,1959.79,1959.80,1957.72,1957.93,1423.448,1772600579999,2787860.83037,4875,565.222,1106942.60117,0
1772600580000,1957.93,1958.26,1955.48,1958.25,3995.433,1772600639999,7817640.14414,6117,600.186,1174523.15794,0
1772600640000,1958.26,1959.59,1957.96,1959.24,839.701,1772600699999,1644651.29098,3888,625.280,1224687.02755,0
1772600700000,1959.25,1961.26,1958.88,1958.99,3233.237,1772600759999,6337790.48640,6435,2123.058,4161681.99648,0
1772600760000,1959.00,1959.70,1957.32,1958.31,1138.134,1772600819999,2228764.00474,5419,404.276,791671.50316,0
1772600820000,1958.31,1962.01,1957.46,1961.77,2097.212,1772600879999,4111421.06319,7163,1157.779,2269418.45619,0
1772600880000,1961.77,1961.77,1958.79,1960.89,1288.037,1772600939999,2524574.20348,5841,695.812,1363648.19865,0
1772600940000,1960.89,1962.07,1959.70,1960.57,1592.324,1772600999999,3122776.91499,4913,933.867,1831621.02175,0
1772601000000,1960.56,1961.49,1960.00,1960.31,1068.419,1772601059999,2094869.35254,3777,681.073,1335409.01285,0
1772601060000,1960.32,1960.89,1959.60,1960.41,1141.017,1772601119999,2236786.82223,4012,555.023,1088047.45851,0
1772601120000,1960.41,1960.53,1959.01,1959.16,1145.687,1772601179999,2245499.94638,3512,418.433,820058.07447,0
1772601180000,1959.15,1960.33,1958.37,1960.32,1474.102,1772601239999,2888075.67948,3457,963.379,1887611.48921,0
1772601240000,1960.32,1961.17,1959.78,1961.17,2463.293,1772601299999,4828548.48166,2565,673.597,1320635.30041,0
1772601300000,1961.18,1961.30,1959.89,1960.99,994.591,1772601359999,1949899.00233,4440,523.695,1026742.26797,0
1772601360000,1960.99,1962.00,1959.69,1961.99,704.947,1772601419999,1382090.89949,2960,306.738,601453.39495,0
1772601420000,1962.00,1964.42,1962.00,1963.67,3418.117,1772601479999,6711156.21024,8752,1986.862,3900873.04309,0
1772601480000,1963.66,1963.99,1962.11,1963.44,1130.884,1772601539999,2219686.79974,4848,646.776,1269505.75445,0
1772601540000,1963.45,1964.00,1961.72,1963.62,1100.657,1772601599999,2160478.71811,4741,532.526,1045340.40649,0
1772601600000,1963.62,1963.92,1962.25,1963.91,2056.519,1772601659999,4036865.69617,5117,1258.602,2470557.62323,0
1772601660000,1963.92,1964.36,1961.15,1961.16,1689.432,1772601719999,3316245.01940,4776,780.202,1531857.98580,0
1772601720000,1961.15,1961.15,1959.09,1959.53,2717.600,1772601779999,5326717.52586,3885,896.632,1757576.06250,0
1772601780000,1959.53,1960.68,1959.53,1960.06,885.025,1772601839999,1734737.36025,2665,576.862,1130666.67294,0
1772601840000,1960.06,1961.00,1959.64,1960.11,764.395,1772601899999,1498560.46523,3016,291.320,571105.30630,0
1772601900000,1960.11,1961.65,1959.48,1961.00,2209.428,1772601959999,4332358.54095,4599,1636.235,3208336.49188,0
1772601960000,1960.99,1960.99,1956.31,1956.65,1835.110,1772602019999,3593418.73498,5419,485.747,950909.01620,0
1772602020000,1956.65,1957.78,1953.83,1956.80,5205.243,1772602079999,10180105.72132,8696,1419.979,2777160.21114,0
1772602080000,1956.80,1958.09,1956.59,1957.87,751.651,1772602139999,1471349.78082,2295,534.966,1047157.93615,0
1772602140000,1957.87,1959.03,1957.87,1958.87,791.065,1772602199999,1549231.71316,1578,484.286,948382.28339,0
1772602200000,1958.87,1960.19,1958.27,1960.02,986.615,1772602259999,1933023.44453,3251,582.414,1141213.37004,0
1772602260000,1960.02,1960.78,1959.11,1959.47,662.813,1772602319999,1299174.97555,3165,230.711,452214.21420,0
1772602320000,1959.47,1961.87,1959.47,1959.98,1155.460,1772602379999,2265283.03836,4167,806.258,1580616.85454,0
1772602380000,1959.99,1960.25,1957.99,1958.26,2028.987,1772602439999,3974483.32033,5478,264.813,518738.38603,0
1772602440000,1958.25,1958.59,1957.36,1957.65,746.935,1772602499999,1462459.14986,2961,232.493,455237.76806,0
1772602500000,1957.65,1957.96,1956.66,1956.73,1110.050,1772602559999,2172486.49028,3158,448.899,878538.06629,0
1772602560000,1956.74,1957.54,1956.16,1956.71,1411.857,1772602619999,2762680.43864,4156,738.408,1444877.19265,0
1772602620000,1956.71,1962.33,1956.63,1962.33,1454.409,1772602679999,2850837.17417,4865,953.556,1869064.05425,0
1772602680000,1962.32,1963.68,1961.35,1962.62,2180.266,1772602739999,4279079.73781,6655,1236.325,2426476.54630,0
1772602740000,1962.63,1967.29,1962.53,1964.37,5805.263,1772602799999,11410118.07114,11371,3705.044,7282318.29394,0
1772602800000,1964.38,1965.40,1964.22,1964.88,1452.559,1772602859999,2853967.95678,3847,742.524,1458857.37071,0
1772602860000,1964.87,1970.84,1964.05,1970.29,8541.306,1772602919999,16811079.66157,14040,6360.015,12518854.55380,0
1772602920000,1970.30,1977.05,1968.27,1975.40,15916.741,1772602979999,31409849.66518,22527,11341.104,22380836.17396,0
1772602980000,1975.41,1975.41,1973.05,1973.14,4739.620,1772603039999,9355737.46738,8852,2122.261,4189080.56691,0
1772603040000,1973.13,1973.14,1969.58,1971.42,5318.724,1772603099999,10484812.92506,9479,2428.497,4787689.27675,0
1772603100000,1971.42,1971.43,1969.38,1970.50,3869.405,1772603159999,7623169.11055,7015,1747.507,3442683.53817,0
1772603160000,1970.50,1972.94,1970.32,1972.78,3612.320,1772603219999,7123280.19893,5976,2150.598,4240800.74918,0
1772603220000,1972.78,1974.76,1972.36,1974.31,3288.308,1772603279999,6490761.23547,7620,1467.812,2897111.70626,0
1772603280000,1974.31,1974.49,1969.43,1969.44,3198.731,1772603339999,6305288.74051,7027,732.970,1445184.22571,0
1772603340000,1969.43,1969.99,1968.29,1969.66,2938.967,1772603399999,5787626.41980,6092,1262.002,2485064.25326,0
1772603400000,1969.67,1971.03,1968.55,1970.60,2750.862,1772603459999,5419475.02038,5429,1881.806,3707275.40636,0
1772603460000,1970.59,1971.19,1969.45,1969.50,1076.702,1772603519999,2121279.12470,3344,576.713,1136160.94546,0
1772603520000,1969.50,1971.36,1969.50,1970.88,1301.002,1772603579999,2563833.43120,2961,819.807,1615481.58478,0
1772603580000,1970.88,1973.84,1970.00,1971.90,2700.966,1772603639999,5326637.18453,7017,1702.978,3358033.83909,0
1772603640000,1971.89,1975.00,1971.34,1973.86,2566.780,1772603699999,5066282.47705,6269,1703.374,3361990.62168,0
1772603700000,1973.85,1973.96,1972.41,1972.43,1196.513,1772603759999,2360758.33670,4092,338.749,668341.61351,0
1772603760000,1972.44,1972.94,1972.00,1972.61,838.711,1772603819999,1654446.80412,2366,381.755,753051.15189,0
1772603820000,1972.61,1973.55,1970.89,1972.28,2986.500,1772603879999,5889306.19205,4695,1041.226,2053480.27051,0
1772603880000,1972.29,1972.98,1971.33,1972.34,1154.178,1772603939999,2276225.79295,3419,311.028,613412.65499,0
1772603940000,1972.34,1972.53,1967.97,1970.08,6255.316,1772603999999,12320710.20127,6208,1637.282,3224882.92041,0
1772604000000,1970.09,1970.90,1969.11,1970.77,1869.223,1772604059999,3682466.49955,4874,829.575,1634351.75933,0
1772604060000,1970.77,1970.78,1966.46,1967.37,3293.838,1772604119999,6481760.93344,6250,952.472,1874416.06641,0
1772604120000,1967.38,1967.98,1967.10,1967.58,1598.528,1772604179999,3145258.87200,2893,893.535,1758145.31066,0
1772604180000,1967.58,1968.00,1966.38,1966.88,2241.275,1772604239999,4409181.52681,5065,802.135,1578154.54784,0
1772604240000,1966.89,1969.04,1966.64,1969.03,1829.684,1772604299999,3599860.32464,4131,1326.765,2610590.77790,0
1772604300000,1969.03,1970.51,1967.73,1969.27,1900.138,1772604359999,3741606.28802,6423,1202.860,2368715.29906,0
1772604360000,1969.28,1969.40,1967.00,1968.17,1147.779,1772604419999,2259347.14558,5921,496.450,977289.51677,0
1772604420000,1968.16,1968.97,1966.74,1966.91,837.134,1772604479999,1647154.70816,4095,509.840,1003114.26097,0
1772604480000,1966.92,1967.98,1966.36,1966.37,1010.947,1772604539999,1988547.09917,3296,279.473,549721.15578,0
1772604540000,1966.36,1968.13,1965.90,1968.10,1250.579,1772604599999,2459428.94862,3402,519.680,1022168.80836,0
1772604600000,1968.10,1968.10,1965.60,1966.08,1467.595,1772604659999,2886094.74923,4362,898.776,1767433.18320,0
1772604660000,1966.07,1966.66,1965.20,1965.53,1733.752,1772604719999,3408036.22101,4714,527.224,1036403.65118,0
1772604720000,1965.53,1966.08,1964.09,1964.36,1328.757,1772604779999,2611319.13349,3022,364.467,716347.81167,0
1772604780000,1964.36,1964.77,1963.37,1964.51,2110.981,1772604839999,4146311.03346,4620,701.625,1378167.53886,0
1772604840000,1964.51,1966.64,1964.01,1965.26,1934.390,1772604899999,3801785.39196,5306,1188.397,2335619.14772,0
1772604900000,1965.26,1966.23,1964.48,1964.78,1388.565,1772604959999,2728728.94813,4264,687.106,1350377.43435,0
1772604960000,1964.78,1964.79,1962.32,1962.33,2636.583,1772605019999,5177428.04218,4751,1426.015,2800497.88637,0
1772605020000,1962.32,1964.18,1962.20,1962.77,1339.732,1772605079999,2629433.73661,3696,725.679,1424281.58752,0
1772605080000,1962.78,1964.77,1962.42,1963.89,1338.565,1772605139999,2628188.15188,5420,682.306,1339657.31469,0
1772605140000,1963.89,1964.73,1963.29,1964.66,1064.600,1772605199999,2091262.32001,2550,485.133,952969.21097,0
1772605200000,1964.66,1964.66,1963.01,1963.76,1601.231,1772605259999,3144325.12453,2953,962.112,1889084.13585,0
1772605260000,1963.76,1964.57,1962.84,1964.57,1769.429,1772605319999,3474197.36837,3950,804.179,1578940.86314,0
1772605320000,1964.57,1965.00,1962.11,1962.98,2162.032,1772605379999,4244628.54015,4543,663.255,1301882.03410,0
1772605380000,1962.98,1965.39,1962.97,1965.38,1946.751,1772605439999,3823884.57393,4138,1309.375,2571739.58165,0
1772605440000,1965.38,1966.23,1964.46,1966.23,1121.726,1772605499999,2204498.75304,3706,833.294,1637650.14004,0
1772605500000,1966.22,1966.93,1965.36,1966.72,1514.538,1772605559999,2977769.00916,4357,875.135,1720559.09363,0
1772605560000,1966.72,1966.94,1965.00,1965.37,1061.234,1772605619999,2086267.52639,3544,495.858,974783.85773,0
1772605620000,1965.37,1966.69,1965.12,1965.31,802.678,1772605679999,1577938.28463,2797,345.231,678703.70705,0
1772605680000,1965.31,1966.95,1964.28,1965.31,1783.773,1772605739999,3506294.61967,4256,736.761,1448182.34759,0
1772605740000,1965.31,1966.50,1965.14,1966.22,806.571,1772605799999,1585635.69810,2524,426.863,839138.73928,0
1772605800000,1966.22,1968.52,1966.21,1967.27,1452.492,1772605859999,2857372.29003,4847,1173.038,2307547.38540,0
1772605860000,1967.27,1971.31,1966.67,1968.14,3648.139,1772605919999,7185389.50878,9005,1772.964,3492050.22608,0
1772605920000,1968.14,1970.00,1968.14,1969.99,1604.698,1772605979999,3159702.22708,4646,860.096,1693651.36646,0
1772605980000,1970.00,1974.52,1969.99,1973.61,3966.675,1772606039999,7825163.97216,10183,2922.393,5765153.57206,0
1772606040000,1973.61,1978.44,1972.54,1977.87,8884.400,1772606099999,17552111.81981,15243,5654.816,11172654.19809,0
1772606100000,1977.87,1981.92,1977.45,1978.02,13116.578,1772606159999,25975523.65616,19280,8596.619,17024773.44518,0
1772606160000,1978.02,1978.86,1976.27,1977.47,4766.232,1772606219999,9425919.03579,7640,1761.261,3483073.08155,0
1772606220000,1977.47,1980.73,1977.27,1979.66,5063.582,1772606279999,10022712.12395,9881,2658.857,5262048.22775,0
1772606280000,1979.67,1980.42,1978.74,1980.06,4907.359,1772606339999,9715596.42369,7463,1936.682,3834369.78086,0
1772606340000,1980.06,1983.00,1979.55,1982.30,4582.843,1772606399999,9080930.74877,9693,2955.924,5857102.20111,0
1772606400000,1982.30,1982.38,1977.60,1979.89,7263.445,1772606459999,14378906.83443,9856,2109.861,4177741.82214,0
1772606460000,1979.88,1982.52,1979.88,1980.56,5365.704,1772606519999,10630227.07627,7996,3825.446,7578405.50255,0
1772606520000,1980.57,1983.00,1980.56,1983.00,2355.245,1772606579999,4667941.89566,5406,1437.866,2849681.51857,0
1772606580000,1983.00,1983.04,1981.29,1982.27,2101.150,1772606639999,4164406.53670,5011,924.811,1832975.52537,0
1772606640000,1982.27,1985.54,1981.54,1984.94,5785.627,1772606699999,11478214.46103,7438,4072.571,8079972.26561,0
1772606700000,1984.94,1985.60,1981.45,1982.49,6794.530,1772606759999,13476287.03880,12374,2902.243,5756609.82499,0
1772606760000,1982.49,1982.50,1979.08,1980.56,3372.732,1772606819999,6679054.54024,7691,1261.309,2497684.96309,0
1772606820000,1980.55,1982.80,1979.75,1979.99,4411.974,1772606879999,8741659.68699,8048,2407.753,4770499.38716,0
1772606880000,1980.00,1980.37,1978.42,1978.42,2307.051,1772606939999,4566551.62650,4259,907.332,1796052.74771,0
1772606940000,1978.43,1981.29,1978.42,1981.13,2221.862,1772606999999,4398423.89109,4901,1120.474,2218217.47625,0
1772607000000,1981.12,1981.37,1979.46,1979.51,2538.610,1772607059999,5027322.12928,6406,1573.715,3116554.73306,0
1772607060000,1979.52,1980.08,1977.10,1977.70,2159.601,1772607119999,4272726.84255,4837,670.988,1327395.89240,0
1772607120000,1977.70,1978.69,1977.23,1978.23,1176.980,1772607179999,2328226.21048,3002,499.925,988901.33734,0
1772607180000,1978.22,1979.36,1978.08,1978.92,1218.666,1772607239999,2411222.30897,2387,611.009,1208930.73520,0
1772607240000,1978.91,1979.30,1978.54,1978.93,895.783,1772607299999,1772691.87454,1856,359.747,711910.41748,0
1772607300000,1978.94,1979.30,1977.48,1977.70,1512.848,1772607359999,2992347.23004,3213,582.099,1151283.39911,0
1772607360000,1977.71,1978.45,1977.57,1977.69,1430.232,1772607419999,2829065.64053,1898,348.305,688919.01155,0
1772607420000,1977.68,1978.52,1977.19,1977.62,1272.039,1772607479999,2515992.27210,2786,662.357,1310099.40730,0
1772607480000,1977.62,1979.29,1977.62,1979.29,875.013,1772607539999,1731229.52880,2251,477.629,945053.58356,0
1772607540000,1979.29,1979.61,1978.68,1979.25,833.028,1772607599999,1648746.18504,1935,372.118,736514.78350,0
1772607600000,1979.25,1980.42,1978.89,1980.42,2241.951,1772607659999,4438352.93028,3475,1494.489,2958780.99271,0
1772607660000,1980.42,1981.10,1980.34,1980.47,1503.749,1772607719999,2978560.13205,4210,1010.153,2000867.08075,0
1772607720000,1980.46,1981.10,1979.58,1980.11,1112.028,1772607779999,2202331.44499,4153,470.676,932210.68548,0
1772607780000,1980.12,1981.09,1979.42,1979.42,1073.905,1772607839999,2126652.92077,3065,679.135,1344870.02548,0
1772607840000,1979.42,1980.50,1975.04,1975.95,9578.351,1772607899999,18941590.86332,10740,2901.200,5737313.30705,0
1772607900000,1975.95,1976.78,1973.65,1975.11,10922.273,1772607959999,21571392.94713,12905,4333.705,8559451.94908,0
1772607960000,1975.12,1976.41,1974.56,1976.12,1691.343,1772608019999,3341208.97967,5066,707.148,1397010.99248,0
1772608020000,1976.13,1976.63,1975.55,1975.86,1019.457,1772608079999,2014452.65852,2129,497.948,983970.55150,0
1772608080000,1975.85,1977.81,1975.49,1977.00,754.516,1772608139999,1491368.03417,3183,442.609,874853.99670,0
1772608140000,1977.00,1978.32,1976.06,1977.13,2268.375,1772608199999,4485244.16330,7027,1370.501,2709828.63099,0
1772608200000,1977.12,1977.12,1974.42,1974.77,1305.379,1772608259999,2578307.76041,4496,430.374,849974.77094,0
1772608260000,1974.76,1976.25,1974.76,1975.98,787.226,1772608319999,1555396.93660,2686,271.328,536052.58486,0
1772608320000,1975.98,1976.00,1974.28,1974.49,1963.594,1772608379999,3878274.22359,2323,441.934,872948.62979,0
1772608380000,1974.49,1975.30,1974.01,1975.25,938.184,1772608439999,1852532.56426,2932,477.002,941884.48201,0
1772608440000,1975.25,1975.30,1974.52,1974.60,757.751,1772608499999,1496538.75220,2006,349.127,689506.87131,0
1772608500000,1974.61,1974.98,1974.00,1974.58,978.034,1772608559999,1931038.40728,2887,470.265,928506.61912,0
1772608560000,1974.58,1976.46,1973.90,1976.09,3226.804,1772608619999,6374045.48751,4815,1746.951,3451434.81503,0
1772608620000,1976.09,1976.10,1974.18,1975.04,1170.144,1772608679999,2311275.61318,3319,537.578,1061705.12673,0
1772608680000,1975.04,1975.74,1974.23,1974.23,1309.887,1772608739999,2587320.25133,3256,467.238,922888.52574,0
1772608740000,1974.24,1975.53,1973.83,1974.66,1319.384,1772608799999,2605200.01970,3352,726.024,1433742.21974,0
1772608800000,1974.67,1974.90,1973.70,1973.89,807.356,1772608859999,1593786.06103,1865,392.515,774845.84814,0
1772608860000,1973.90,1976.69,1973.80,1976.48,2283.400,1772608919999,4511157.88404,5696,1809.036,3573922.52151,0
1772608920000,1976.48,1978.37,1976.17,1977.70,2479.958,1772608979999,4904017.86851,6406,2047.130,4048151.91436,0
1772608980000,1977.70,1979.00,1977.34,1978.99,1172.479,1772609039999,2319651.66431,3939,829.022,1640150.25782,0
1772609040000,1979.00,1981.95,1979.00,1980.28,2643.543,1772609099999,5235469.40843,7217,1658.880,3285321.16464,0
1772609100000,1980.27,1980.37,1979.00,1979.37,1634.594,1772609159999,3236342.16320,2554,408.232,808216.92345,0
1772609160000,1979.37,1981.19,1979.05,1980.67,1560.035,1772609219999,3089054.72647,4213,1002.024,1984040.64817,0
1772609220000,1980.68,1981.42,1980.28,1981.41,1477.072,1772609279999,2925826.61266,3249,933.794,1849682.38835,0
1772609280000,1981.41,1984.00,1980.72,1983.39,3372.917,1772609339999,6687114.07466,5927,2088.648,4140864.08857,0
1772609340000,1983.40,1984.86,1982.24,1984.86,3363.554,1772609399999,6672212.94004,6139,1919.572,3808078.56455,0
1772609400000,1984.85,1986.93,1984.24,1985.15,8850.989,1772609459999,17576129.49103,14138,6175.656,12264017.69842,0
1772609460000,1985.15,1987.70,1984.30,1986.70,5384.017,1772609519999,10690366.83604,10891,3418.159,6787443.83307,0
1772609520000,1986.70,1986.70,1983.93,1984.87,2677.752,1772609579999,5315206.01845,7067,1509.479,2996320.52377,0
1772609580000,1984.87,1984.93,1983.20,1984.61,1898.735,1772609639999,3767392.71251,4698,767.101,1522087.06133,0
1772609640000,1984.61,1988.53,1984.51,1987.38,5696.646,1772609699999,11319289.67505,10612,4464.443,8871415.30885,0
1772609700000,1987.38,1988.15,1985.08,1986.22,3454.042,1772609759999,6861896.88982,8967,1296.102,2574980.65082,0
1772609760000,1986.22,1986.84,1985.18,1985.19,1937.570,1772609819999,3848577.19659,4222,711.453,1413128.28121,0
1772609820000,1985.19,1987.12,1984.50,1986.68,1681.612,1772609879999,3339146.03548,4603,991.480,1968691.76110,0
1772609880000,1986.68,1987.57,1986.01,1986.27,1376.996,1772609939999,2735531.31540,3227,698.024,1386736.52246,0
1772609940000,1986.26,1987.82,1984.65,1987.81,1887.328,1772609999999,3747847.86449,4468,894.323,1776027.53965,0
1772610000000,1987.81,1991.33,1987.28,1990.40,7728.678,1772610059999,15379991.69024,12331,5225.528,10398863.89753,0
1772610060000,1990.40,1992.35,1990.05,1991.62,9181.827,1772610119999,18283679.31862,11186,5103.054,10161597.05391,0
1772610120000,1991.61,1991.61,1987.68,1989.53,4585.899,1772610179999,9124112.86679,7449,1276.396,2539692.64660,0
1772610180000,1989.53,1990.33,1989.21,1990.12,3366.183,1772610239999,6697789.45476,5102,2194.921,4367324.45401,0
1772610240000,1990.13,1993.39,1989.76,1992.19,6946.434,1772610299999,13838606.18410,9256,4504.790,8974705.63039,0
1772610300000,1992.19,1993.00,1989.00,1989.80,5775.360,1772610359999,11494893.55661,8043,3089.815,6149273.84383,0
1772610360000,1989.80,1994.41,1989.70,1994.41,4320.668,1772610419999,8607609.73434,8946,2731.010,5441604.86026,0
1772610420000,1994.40,2003.22,1993.99,2001.37,30613.575,1772610479999,61204847.80966,43348,18506.389,36998559.50605,0
1772610480000,2001.36,2008.91,2000.94,2007.23,18719.390,1772610539999,37530116.03422,26788,11825.802,23710806.83334,0
1772610540000,2007.23,2010.00,2003.70,2004.85,21066.803,1772610599999,42275778.17021,22693,10307.763,20693950.39267,0
1772610600000,2004.86,2005.98,2002.60,2002.61,10304.693,1772610659999,20654965.11260,13445,3446.500,6908257.27121,0
1772610660000,2002.61,2006.17,2002.29,2003.89,6613.732,1772610719999,13255986.78292,10699,3162.432,6338483.12261,0
1772610720000,2003.90,2004.92,2003.01,2003.68,3704.761,1772610779999,7424095.75341,5779,1436.836,2879319.35624,0
1772610780000,2003.67,2004.28,2001.56,2002.67,5000.436,1772610839999,10015148.95265,9166,1922.588,3850824.53542,0
1772610840000,2002.67,2002.67,1999.33,1999.63,7178.991,1772610899999,14360320.96013,9074,2031.084,4062634.84418,0
1772610900000,1999.64,2000.90,1998.74,1999.92,8279.858,1772610959999,16559598.77683,7895,2690.735,5381289.77629,0
1772610960000,1999.93,2001.19,1996.49,2001.12,10756.609,1772611019999,21496090.24650,13198,3535.772,7067250.83192,0
1772611020000,2001.10,2002.54,1999.28,2000.12,4427.743,1772611079999,8860513.96548,7699,2763.127,5529518.03559,0
1772611080000,2000.11,2005.32,1999.88,2003.80,8530.155,1772611139999,17084309.62001,7740,5281.998,10578649.98112,0
1772611140000,2003.79,2006.55,2003.79,2005.72,10222.668,1772611199999,20504629.85875,7841,3358.390,6735943.23673,0
1772611200000,2005.71,2024.14,2003.15,2015.94,62330.018,1772611259999,125513210.02896,43620,46521.054,93692494.25466,0
1772611260000,2015.93,2018.39,2005.43,2005.48,19371.898,1772611319999,38989750.51579,27736,8500.222,17107940.87875,0
1772611320000,2005.49,2006.72,2003.33,2006.11,9528.889,1772611379999,19106179.59855,16261,5139.554,10305341.36256,0
1772611380000,2006.10,2008.89,2002.98,2004.83,10865.039,1772611439999,21793151.52437,15472,5648.436,11332593.08553,0
1772611440000,2004.84,2007.07,2003.89,2005.19,7080.041,1772611499999,14198698.33412,12057,4223.584,8470229.19857,0
1772611500000,2005.19,2011.79,2002.89,2010.13,13062.297,1772611559999,26237483.40887,17161,7435.090,14938284.64528,0
1772611560000,2010.12,2012.24,2009.65,2011.96,7527.284,1772611619999,15138183.92619,10677,3869.658,7782578.37487,0
1772611620000,2011.96,2015.27,2011.96,2014.71,10435.565,1772611679999,21013310.55214,15954,6269.594,12624597.41545,0
1772611680000,2014.71,2017.76,2011.89,2012.99,15874.549,1772611739999,31988721.70427,20972,10046.824,20246133.73341,0
1772611740000,2013.00,2016.70,2012.53,2015.90,9364.966,1772611799999,18873009.69053,15873,5438.647,10960489.25199,0
1772611800000,2015.90,2016.68,2013.66,2013.88,6370.383,1772611859999,12834521.71355,10387,3479.816,7010946.58553,0
1772611860000,2013.87,2014.25,2008.47,2009.69,11001.750,1772611919999,22119215.83496,14255,3999.638,8042009.44123,0
1772611920000,2009.70,2010.00,2007.69,2007.69,5984.038,1772611979999,12022169.20185,8899,3458.767,6949036.54846,0
1772611980000,2007.69,2010.00,2006.66,2009.83,8605.509,1772612039999,17283318.34674,11015,3512.577,7054458.93122,0
1772612040000,2009.83,2010.47,2008.79,2009.20,3143.657,1772612099999,6317782.68105,6343,1663.153,3342330.30817,0
1772612100000,2009.20,2009.29,2005.53,2006.37,8379.740,1772612159999,16816531.40033,11961,2636.776,5291667.97024,0
1772612160000,2006.38,2007.49,2005.50,2005.50,7878.045,1772612219999,15807833.95839,9935,3224.516,6470492.82857,0
1772612220000,2005.50,2006.32,2004.07,2004.62,4827.441,1772612279999,9680189.12519,7843,1881.852,3773539.49746,0
1772612280000,2004.62,2005.31,2003.17,2004.76,6036.157,1772612339999,12096071.34889,9419,2835.906,5683253.40319,0
1772612340000,2004.75,2007.30,2004.00,2004.90,5309.530,1772612399999,10649635.70464,7916,3806.951,7636430.17887,0
1772612400000,2004.92,2008.88,2004.91,2006.17,5019.733,1772612459999,10076488.27574,8104,2616.579,5252359.95112,0
1772612460000,2006.18,2006.88,2001.95,2001.95,6742.108,1772612519999,13511339.53170,10906,2616.189,5242915.60664,0
1772612520000,2001.96,2002.13,1999.39,2001.72,9303.764,1772612579999,18612423.06386,14114,3356.796,6715339.76052,0
1772612580000,2001.72,2003.50,2000.49,2002.90,3667.109,1772612639999,7340336.65360,8054,2091.775,4187202.19409,0
1772612640000,2002.91,2005.70,2002.90,2003.55,9120.782,1772612699999,18285675.78708,10284,4871.255,9765846.41673,0
1772612700000,2003.55,2004.13,2003.00,2004.07,4312.833,1772612759999,8641003.96967,6580,2587.078,5183218.65398,0
1772612760000,2004.07,2005.10,2003.33,2004.95,3245.261,1772612819999,6503681.40728,4883,1663.243,3333444.57823,0
1772612820000,2004.96,2006.47,2003.85,2004.31,3086.339,1772612879999,6188609.09479,5406,1595.637,3199574.58289,0
1772612880000,2004.31,2005.54,2003.00,2005.03,2820.536,1772612939999,5652501.13264,6135,1491.774,2989584.57659,0
1772612940000,2005.03,2005.40,2004.00,2004.87,2395.087,1772612999999,4801714.66964,4754,1394.912,2796627.71592,0
1772613000000,2004.87,2007.78,2004.53,2007.61,3689.548,1772613059999,7401344.77332,7399,2516.398,5048300.89397,0
1772613060000,2007.61,2010.78,2006.99,2009.24,7384.977,1772613119999,14836897.53672,12015,4656.750,9356031.32567,0
1772613120000,2009.24,2009.60,2007.30,2007.93,3767.462,1772613179999,7568028.55799,7443,1919.735,3856545.08861,0
1772613180000,2007.93,2012.60,2007.93,2011.76,7472.478,1772613239999,15022791.28087,13044,5016.188,10084864.95167,0
1772613240000,2011.77,2013.22,2010.41,2011.79,4317.850,1772613299999,8687569.96258,8601,2538.876,5108237.39200,0
1772613300000,2011.80,2012.87,2011.15,2011.51,3123.428,1772613359999,6284457.25734,7310,2055.036,4134778.31120,0
1772613360000,2011.51,2013.00,2011.50,2012.45,4130.646,1772613419999,8312171.30345,6296,1978.150,3980534.63693,0
1772613420000,2012.45,2012.46,2010.18,2010.84,2687.368,1772613479999,5405724.18607,7159,1328.063,2671390.22361,0
1772613480000,2010.85,2012.00,2010.60,2011.15,2326.446,1772613539999,4679325.98662,4840,1414.814,2845759.89918,0
1772613540000,2011.15,2011.68,2010.80,2011.38,1774.830,1772613599999,3569751.28758,3868,1100.918,2214291.62092,0
1772613600000,2011.37,2015.55,2011.24,2015.54,7103.376,1772613659999,14301706.09114,9463,5285.836,10642200.87438,0
1772613660000,2015.54,2021.99,2014.26,2019.97,22248.575,1772613719999,44908558.33890,26544,14836.977,29948962.98528,0
1772613720000,2019.97,2026.58,2019.15,2025.82,18486.997,1772613779999,37405328.89531,21192,13736.439,27798821.99362,0
1772613780000,2025.81,2028.90,2023.48,2024.27,28666.138,1772613839999,58078013.26749,27937,17233.675,34922905.96514,0
1772613840000,2024.27,2030.00,2023.74,2029.54,15788.967,1772613899999,32027406.26543,16655,7945.512,16116670.79628,0
1772613900000,2029.54,2034.20,2029.54,2034.09,19475.765,1772613959999,39562098.65216,23983,11345.952,23049143.95695,0
1772613960000,2034.09,2045.09,2033.37,2039.50,58405.735,1772614019999,119099957.95996,57643,35973.399,73368536.66811,0
1772614020000,2039.49,2043.41,2038.92,2041.68,17232.994,1772614079999,35176780.12467,24162,8100.775,16535584.73485,0
1772614080000,2041.69,2049.59,2041.30,2048.38,30438.795,1772614139999,62299455.26234,27779,18871.033,38627016.20301,0
1772614140000,2048.37,2050.80,2047.44,2049.09,25490.172,1772614199999,52242254.75637,26985,15033.821,30813609.49383,0
1772614200000,2049.09,2052.11,2048.68,2050.44,14042.705,1772614259999,28797720.67938,21155,6942.569,14237836.50695,0
1772614260000,2050.44,2052.64,2041.21,2044.25,27815.084,1772614319999,56938568.44193,27176,8894.520,18212502.24476,0
1772614320000,2044.25,2049.14,2042.00,2047.09,14506.329,1772614379999,29653410.27561,21623,7587.481,15511852.69188,0
1772614380000,2047.08,2048.00,2044.67,2046.51,8937.323,1772614439999,18289857.35645,15064,4926.907,10083097.07862,0
1772614440000,2046.51,2047.73,2044.21,2046.17,7314.364,1772614499999,14963582.60308,15913,4329.463,8857410.75091,0
1772614500000,2046.18,2055.00,2046.18,2054.46,18810.018,1772614559999,38594456.90203,26662,11527.818,23651641.41442,0
1772614560000,2054.46,2054.99,2049.51,2053.66,16831.796,1772614619999,34540102.18178,20697,6042.326,12398471.87055,0
1772614620000,2053.66,2066.00,2051.62,2064.98,46926.251,1772614679999,96698684.44100,43119,31318.297,64524586.15645,0
1772614680000,2064.97,2066.63,2061.13,2061.74,26239.739,1772614739999,54150635.74805,34938,12561.879,25927787.59605,0
1772614740000,2061.74,2063.47,2060.41,2063.26,12853.318,1772614799999,26503900.48063,17612,6715.627,13847720.75007,0
1772614800000,2063.27,2067.95,2059.19,2059.32,35020.235,1772614859999,72291303.35996,35580,17038.151,35182078.58145,0
1772614860000,2059.32,2062.22,2057.81,2061.96,18521.150,1772614919999,38143811.88557,19398,8516.326,17540685.41823,0
1772614920000,2061.96,2061.96,2056.28,2057.33,11136.932,1772614979999,22921793.99639,18517,5264.628,10835676.58016,0
1772614980000,2057.33,2060.00,2056.05,2057.55,11306.164,1772615039999,23263699.19783,14181,5029.074,10348645.99488,0
1772615040000,2057.56,2058.76,2054.40,2058.13,9376.747,1772615099999,19282222.99655,11697,4144.366,8523241.51460,0
1772615100000,2058.13,2067.54,2057.10,2066.69,14246.997,1772615159999,29397314.38522,24296,9307.877,19204000.75651,0
1772615160000,2066.69,2074.63,2065.39,2073.53,40546.601,1772615219999,83951139.78685,45823,25352.605,52502921.39266,0
1772615220000,2073.53,2073.70,2059.14,2059.35,22976.722,1772615279999,47468933.06399,29584,7795.109,16104342.43498,0
1772615280000,2059.35,2064.84,2058.82,2063.63,15310.412,1772615339999,31571389.07217,20926,6635.279,13683086.23231,0
1772615340000,2063.64,2066.60,2063.25,2065.02,8348.491,1772615399999,17240330.24768,13545,4334.661,8951585.14240,0
1772615400000,2065.01,2066.16,2063.00,2065.83,8251.154,1772615459999,17036222.71623,13737,4212.519,8697378.68136,0
1772615460000,2065.84,2067.61,2062.49,2065.37,6742.891,1772615519999,13921449.44515,12297,4011.401,8281805.66163,0
1772615520000,2065.37,2067.86,2064.82,2067.12,6646.733,1772615579999,13735774.27477,11163,3211.634,6637110.49442,0
1772615580000,2067.12,2069.23,2067.12,2068.68,6761.581,1772615639999,13986639.68680,10676,3551.613,7346859.76169,0
1772615640000,2068.68,2069.97,2066.69,2067.94,6939.310,1772615699999,14352954.92726,11814,3290.045,6805535.12491,0
1772615700000,2067.94,2075.00,2067.72,2071.94,17971.060,1772615759999,37232312.51527,24607,10805.201,22386014.17881,0
1772615760000,2071.94,2077.10,2070.40,2074.05,23024.600,1772615819999,47754915.99353,30006,11338.477,23522881.53666,0
1772615820000,2074.05,2080.00,2073.86,2073.86,27894.743,1772615879999,57921396.31515,38014,16341.619,33933192.75726,0
1772615880000,2073.85,2076.36,2071.15,2072.56,12467.125,1772615939999,25845937.47401,19693,5312.487,11013608.85868,0
1772615940000,2072.55,2072.55,2066.82,2069.40,17917.452,1772615999999,37078777.10547,19304,6159.010,12745800.44124,0
1772616000000,2069.41,2078.28,2068.62,2076.40,22787.476,1772616059999,47263685.63976,23437,15136.853,31392090.69071,0
1772616060000,2076.41,2077.32,2069.35,2069.44,15040.094,1772616119999,31181493.98635,17190,5660.477,11737167.60490,0
1772616120000,2069.44,2071.99,2068.63,2071.10,10682.985,1772616179999,22112620.99151,14905,5052.925,10459370.88391,0
1772616180000,2071.09,2071.10,2066.00,2067.27,14195.419,1772616239999,29346930.59951,15694,6470.412,13375457.21683,0
1772616240000,2067.28,2072.75,2067.28,2071.90,7269.291,1772616299999,15051661.23957,14386,4646.823,9621517.71077,0
1772616300000,2071.90,2075.60,2070.93,2074.71,8904.185,1772616359999,18457170.28886,13295,4715.515,9775288.36921,0
1772616360000,2074.71,2074.90,2069.81,2073.26,8745.670,1772616419999,18121078.86652,12072,3656.827,7577474.25272,0
1772616420000,2073.26,2077.76,2072.71,2076.61,9548.072,1772616479999,19816751.84418,14295,6737.396,13984088.39459,0
1772616480000,2076.61,2076.62,2074.60,2074.96,5339.968,1772616539999,11082744.69070,9356,2758.164,5724478.50406,0
1772616540000,2074.96,2075.44,2072.50,2075.44,5885.435,1772616599999,12207302.38289,8487,4245.263,8806097.15453,0
1772616600000,2075.44,2078.21,2074.30,2077.81,11449.661,1772616659999,23766852.12948,13830,5801.586,12044723.67714,0
1772616660000,2077.80,2083.00,2075.14,2075.80,31916.776,1772616719999,66356242.07579,35168,16840.639,35022868.43995,0
1772616720000,2075.78,2078.35,2073.94,2074.76,9864.416,1772616779999,20475717.24895,16951,4005.034,8312722.96258,0
1772616780000,2074.76,2075.39,2070.67,2070.67,9258.132,1772616839999,19194421.77385,13196,2869.601,5949426.56931,0
1772616840000,2070.67,2078.00,2070.67,2076.99,13858.937,1772616899999,28745305.82283,18524,10313.936,21393575.71121,0
1772616900000,2077.00,2081.54,2075.36,2081.03,9474.338,1772616959999,19686590.20672,16141,5384.529,11188679.54897,0
1772616960000,2081.03,2083.87,2075.65,2076.22,19526.230,1772617019999,40623395.65964,26310,8315.232,17302817.09140,0
1772617020000,2076.21,2088.08,2073.87,2088.08,38584.298,1772617079999,80334422.93225,35870,24672.533,51399820.63215,0
1772617080000,2088.06,2088.08,2081.28,2084.43,14189.115,1772617139999,29572692.62543,18116,5911.884,12320857.27644,0
1772617140000,2084.44,2085.29,2080.20,2080.55,8421.866,1772617199999,17541039.70348,11940,3403.795,7091022.28083,0
1772617200000,2080.55,2082.91,2079.83,2082.08,6498.006,1772617259999,13523063.17587,8711,1901.647,3958075.24366,0
1772617260000,2082.08,2086.35,2081.44,2086.09,5517.312,1772617319999,11496371.74284,11305,3108.232,6476917.55404,0
1772617320000,2086.34,2087.80,2083.37,2087.16,12068.110,1772617379999,25166853.83443,19261,5723.102,11936807.29918,0
1772617380000,2087.15,2087.15,2084.71,2085.67,6134.844,1772617439999,12795477.29801,11628,2181.819,4550531.43611,0
1772617440000,2085.66,2085.67,2082.00,2083.19,4820.796,1772617499999,10044369.74868,10838,2215.831,4616404.89835,0
1772617500000,2083.19,2084.74,2082.70,2083.42,5447.121,1772617559999,11350811.08299,8613,2794.302,5822636.95151,0
1772617560000,2083.41,2083.69,2080.99,2081.30,5980.576,1772617619999,12451947.42270,9372,2009.042,4182755.09288,0
1772617620000,2081.30,2085.00,2076.94,2083.13,13505.909,1772617679999,28099576.30036,15900,4868.446,10133340.31237,0
1772617680000,2083.13,2085.00,2081.26,2084.59,6254.205,1772617739999,13030319.03175,10604,2257.407,4704166.52699,0
1772617740000,2084.59,2084.81,2083.26,2083.96,2704.052,1772617799999,5635186.99786,6338,1099.819,2291911.76414,0
1772617800000,2083.96,2085.46,2082.27,2084.86,4605.728,1772617859999,9600523.60737,8671,2531.423,5277212.83424,0
1772617860000,2084.86,2089.62,2082.93,2082.94,12461.048,1772617919999,26006984.28125,16681,6959.163,14526293.67525,0
1772617920000,2082.94,2083.12,2074.11,2074.18,14362.459,1772617979999,29843973.20062,20958,4501.342,9352570.19873,0
1772617980000,2074.18,2076.15,2073.21,2074.01,14533.670,1772618039999,30148550.15190,17417,6958.126,14433443.75362,0
1772618040000,2074.01,2074.48,2072.21,2073.15,9165.624,1772618099999,19001961.17095,13222,4264.294,8841093.36318,0
1772618100000,2073.15,2074.41,2070.80,2071.14,14168.841,1772618159999,29368137.09662,18468,5036.897,10440650.08696,0
1772618160000,2071.14,2073.01,2070.78,2072.02,12500.491,1772618219999,25899681.02938,15312,6343.479,13143075.07582,0
1772618220000,2072.02,2072.37,2071.01,2071.01,5526.647,1772618279999,11450306.77062,8275,1994.103,4131514.24213,0
1772618280000,2071.01,2074.10,2071.00,2073.48,8278.099,1772618339999,17156494.04320,9062,5461.839,11320064.62164,0
1772618340000,2073.48,2075.59,2073.47,2074.45,6433.162,1772618399999,13346461.83742,9000,3873.625,8036541.52454,0
1772618400000,2074.45,2078.32,2074.34,2077.39,17416.789,1772618459999,36159893.16786,19156,9899.711,20554276.40683,0
1772618460000,2077.40,2082.20,2075.45,2076.22,18655.174,1772618519999,38792687.97464,22546,9565.460,19896492.17396,0
1772618520000,2076.21,2079.93,2076.04,2077.97,4595.007,1772618579999,9549861.76964,10108,1648.263,3425529.93884,0
1772618580000,2077.97,2078.64,2076.50,2077.01,3996.947,1772618639999,8302980.87240,8301,1235.756,2567198.50092,0
1772618640000,2077.02,2078.70,2076.00,2078.31,4150.209,1772618699999,8621731.23262,8476,2431.197,5050612.98306,0
1772618700000,2078.30,2078.31,2073.03,2073.99,5539.685,1772618759999,11496445.17480,11104,1436.694,2981520.58854,0
1772618760000,2073.99,2078.65,2073.40,2078.64,4598.877,1772618819999,9546845.01388,7386,2401.105,4984810.71221,0
1772618820000,2078.65,2080.81,2078.00,2079.64,5526.762,1772618879999,11493033.00959,10087,3333.145,6931634.11314,0
1772618880000,2079.63,2088.07,2077.19,2087.24,17734.425,1772618939999,36943786.55030,27790,11974.844,24946416.67878,0
1772618940000,2087.25,2093.00,2086.46,2087.11,29686.494,1772618999999,62042109.63888,37357,16600.672,34701231.00529,0
1772619000000,2087.10,2088.85,2084.14,2085.25,9891.281,1772619059999,20637889.49520,16565,4077.136,8508089.57583,0
1772619060000,2085.25,2087.13,2082.36,2084.30,7085.913,1772619119999,14770214.90147,13609,3720.132,7756130.89878,0
1772619120000,2084.30,2085.48,2083.00,2084.44,7628.289,1772619179999,15897876.77210,9028,2754.188,5739822.13331,0
1772619180000,2084.44,2085.91,2082.88,2082.88,3004.926,1772619239999,6263445.00325,8906,1234.292,2572797.26439,0
1772619240000,2082.89,2084.24,2081.61,2083.98,3526.488,1772619299999,7345017.17820,8923,1605.729,3344417.14100,0
1772619300000,2083.98,2084.28,2081.78,2084.19,3736.953,1772619359999,7782933.48194,8494,1238.953,2580743.03816,0
1772619360000,2084.19,2084.56,2082.66,2084.03,3197.994,1772619419999,6663063.41856,9065,1763.651,3674502.21195,0
1772619420000,2084.04,2085.25,2080.11,2081.66,16635.647,1772619479999,34644728.17475,19879,6366.220,13254553.08777,0
1772619480000,2081.66,2082.38,2080.16,2080.67,5379.416,1772619539999,11194591.00279,8436,1942.315,4041969.64814,0
1772619540000,2080.67,2080.67,2077.64,2079.53,8625.674,1772619599999,17933157.67878,12167,2633.204,5473860.75165,0
1772619600000,2079.54,2080.89,2078.76,2080.52,5676.360,1772619659999,11807294.98456,10112,2387.611,4966274.36487,0
1772619660000,2080.53,2081.83,2079.54,2080.07,5730.965,1772619719999,11925501.37557,9062,3832.218,7974798.94471,0
1772619720000,2080.07,2083.00,2079.64,2081.98,3675.990,1772619779999,7652441.37522,8901,1931.329,4020484.40571,0
1772619780000,2081.98,2082.10,2075.00,2075.89,8371.233,1772619839999,17395718.50323,11789,1745.264,3626047.45322,0
1772619840000,2075.90,2078.30,2075.04,2076.45,5095.671,1772619899999,10582925.25361,11169,2470.830,5131534.89172,0
1772619900000,2076.46,2078.76,2076.46,2077.00,3059.452,1772619959999,6357220.08897,7861,1372.765,2852565.28270,0
1772619960000,2077.00,2078.31,2075.18,2076.49,3673.351,1772620019999,7627682.79378,8127,1515.098,3145996.84675,0
1772620020000,2076.50,2079.28,2076.49,2078.57,2398.323,1772620079999,4984392.21725,6860,1173.938,2439804.01154,0
1772620080000,2078.57,2079.48,2076.30,2079.14,5756.780,1772620139999,11960968.83069,5543,3030.166,6295014.60747,0
1772620140000,2079.14,2080.26,2078.44,2079.15,1685.582,1772620199999,3505000.93735,5230,818.379,1701931.67115,0
1772620200000,2079.15,2079.69,2077.56,2079.68,3405.657,1772620259999,7079242.67411,7758,1378.486,2865438.89264,0
1772620260000,2079.69,2080.36,2078.00,2078.22,2224.973,1772620319999,4626163.26987,6403,874.838,1819039.97633,0
1772620320000,2078.22,2079.76,2078.21,2079.28,2557.371,1772620379999,5316652.90889,4740,945.080,1964749.59650,0
1772620380000,2079.28,2079.28,2074.55,2075.36,4194.532,1772620439999,8708811.05938,8634,1469.354,3050845.15651,0
1772620440000,2075.36,2076.71,2072.00,2074.07,7771.293,1772620499999,16121023.88852,12377,2757.690,5720990.29837,0
1772620500000,2074.08,2075.97,2073.34,2075.97,3792.298,1772620559999,7868710.25572,6406,1865.631,3870856.24444,0
1772620560000,2075.97,2076.80,2074.59,2076.76,2473.741,1772620619999,5134839.94549,4851,1169.844,2428214.32208,0
1772620620000,2076.76,2076.84,2072.25,2073.45,4228.746,1772620679999,8771960.72927,7492,1104.071,2290086.83668,0
1772620680000,2073.46,2075.00,2071.79,2073.00,4626.793,1772620739999,9591732.31576,9984,2496.839,5176283.15010,0
1772620740000,2073.00,2073.98,2072.09,2073.19,2434.458,1772620799999,5046447.45956,5506,1221.583,2532089.63367,0
1772620800000,2073.20,2076.25,2073.20,2074.28,2975.980,1772620859999,6175565.94821,6372,1423.213,2953057.82394,0
1772620860000,2074.27,2075.21,2073.59,2073.71,2011.294,1772620919999,4172242.02925,5202,852.512,1768427.50985,0
1772620920000,2073.72,2075.00,2073.06,2074.14,1959.758,1772620979999,4064126.85928,5248,928.013,1924444.11134,0
1772620980000,2074.14,2074.56,2073.00,2073.05,1629.977,1772621039999,3380343.90949,4372,631.556,1309782.62626,0
1772621040000,2073.06,2074.10,2073.05,2073.51,2341.660,1772621099999,4855643.44721,3602,748.172,1551251.80225,0
1772621100000,2073.52,2074.68,2072.54,2073.19,5103.860,1772621159999,10582751.13507,6747,1738.318,3604127.87329,0
1772621160000,2073.19,2073.28,2070.34,2072.69,10616.973,1772621219999,21992820.96483,12875,4134.342,8563219.27695,0
1772621220000,2072.69,2073.22,2070.20,2070.51,3638.620,1772621279999,7538733.63675,7142,1194.584,2475372.98887,0
1772621280000,2070.50,2070.51,2066.20,2066.77,15950.668,1772621339999,32995609.79716,19597,5598.074,11579377.56914,0
1772621340000,2066.77,2069.25,2066.38,2068.34,10753.117,1772621399999,22232587.36146,11401,6729.259,13914082.62459,0
1772621400000,2068.35,2075.09,2068.35,2074.42,7160.552,1772621459999,14845076.84127,11180,4336.286,8989093.70488,0
1772621460000,2074.41,2075.21,2072.86,2074.14,7502.449,1772621519999,15560176.60939,8231,2243.884,4653943.30593,0
1772621520000,2074.14,2074.46,2071.22,2072.09,3881.690,1772621579999,8047458.77407,6854,1340.540,2779553.11841,0
1772621580000,2072.10,2073.53,2071.50,2072.64,2686.755,1772621639999,5568585.25088,6142,1402.943,2907877.36662,0
1772621640000,2072.64,2072.71,2070.10,2070.29,1886.311,1772621699999,3907562.79331,5748,849.686,1760258.67812,0
1772621700000,2070.30,2071.28,2070.17,2071.04,2210.724,1772621759999,4577746.45023,4190,1470.084,3044167.61865,0
1772621760000,2071.04,2071.04,2069.16,2069.45,3092.788,1772621819999,6401230.93080,4462,1094.926,2266068.97987,0
1772621820000,2069.45,2070.86,2069.45,2069.46,2407.002,1772621879999,4982279.99986,4727,1241.532,2569905.36954,0
1772621880000,2069.47,2070.12,2069.16,2069.84,3246.209,1772621939999,6718442.14993,5463,1609.032,3330134.82138,0
1772621940000,2069.84,2071.88,2068.63,2071.72,3715.813,1772621999999,7692017.64228,5053,2318.525,4800202.58362,0
1772622000000,2071.71,2073.20,2071.71,2072.61,6238.642,1772622059999,12930797.69730,8061,3449.740,7150049.75204,0
1772622060000,2072.61,2073.74,2066.29,2071.17,12140.749,1772622119999,25132471.12518,10870,3754.299,7772747.40044,0
1772622120000,2071.18,2073.30,2069.69,2073.05,3765.263,1772622179999,7798774.71186,6615,2321.088,4807662.80572,0
1772622180000,2073.06,2074.30,2071.65,2074.15,3863.107,1772622239999,8009105.53103,6202,2446.356,5071883.95504,0
1772622240000,2074.15,2074.40,2071.13,2071.26,3137.439,1772622299999,6504456.61033,6225,1420.773,2945293.08697,0
1772622300000,2071.26,2072.24,2070.30,2070.69,2695.727,1772622359999,5582625.51948,5646,1684.847,3489208.88818,0
1772622360000,2070.70,2070.70,2068.34,2069.30,3200.182,1772622419999,6623181.65682,5266,1351.059,2795912.83745,0
1772622420000,2069.30,2069.88,2065.48,2066.70,12744.274,1772622479999,26337155.64111,8944,8957.823,18509789.66848,0
1772622480000,2066.70,2067.35,2065.38,2066.33,4997.124,1772622539999,10325355.98513,7823,2480.049,5124105.76152,0
1772622540000,2066.33,2067.30,2065.47,2066.23,2851.760,1772622599999,5892562.32455,4961,1334.826,2758154.66521,0
1772622600000,2066.24,2070.77,2066.23,2070.77,4883.111,1772622659999,10101488.10908,7116,2481.158,5132623.47139,0
1772622660000,2070.77,2071.99,2068.60,2070.45,8482.411,1772622719999,17562827.42482,8951,4697.544,9725999.56683,0
1772622720000,2070.45,2072.28,2070.30,2071.46,1867.156,1772622779999,3867919.53575,5419,995.079,2061350.07903,0
1772622780000,2071.45,2074.87,2071.25,2074.45,4462.287,1772622839999,9252591.57618,7114,2968.183,6154695.94562,0
1772622840000,2074.46,2075.70,2073.59,2074.22,3998.150,1772622899999,8295192.52662,6177,2207.434,4580098.59319,0
1772622900000,2074.23,2074.83,2073.41,2074.83,2156.311,1772622959999,4472560.93290,5258,1062.139,2202986.62820,0
1772622960000,2074.83,2075.05,2073.40,2073.77,2596.219,1772623019999,5385007.87505,5698,1423.731,2953078.68397,0
1772623020000,2073.77,2074.30,2072.74,2073.74,2080.141,1772623079999,4313286.82952,3939,1117.500,2317217.18464,0
1772623080000,2073.73,2074.30,2072.33,2073.72,1414.189,1772623139999,2932061.09040,4262,993.103,2058988.18744,0
1772623140000,2073.71,2075.25,2073.70,2075.00,2482.440,1772623199999,5150455.43911,4193,1598.905,3317330.69914,0
1772623200000,2075.00,2077.97,2075.00,2076.10,8327.302,1772623259999,17293536.80633,11147,5315.592,11038916.26607,0
1772623260000,2076.11,2076.54,2073.74,2074.88,2307.859,1772623319999,4789294.20865,5056,1002.185,2079655.37808,0
1772623320000,2074.89,2075.29,2070.06,2070.06,3923.653,1772623379999,8129862.50799,7800,798.693,1654733.00270,0
1772623380000,2070.06,2071.85,2069.01,2069.67,4110.498,1772623439999,8510984.88696,5521,1878.562,3890142.92133,0
1772623440000,2069.67,2070.51,2068.42,2069.71,2643.091,1772623499999,5469423.62873,4680,1410.962,2919878.04249,0
1772623500000,2069.72,2070.00,2067.72,2068.72,2459.272,1772623559999,5087120.22527,5281,1177.490,2435639.38882,0
1772623560000,2068.71,2068.72,2067.83,2068.28,2642.140,1772623619999,5464599.86595,3477,1470.649,3041607.26564,0
1772623620000,2068.28,2068.66,2065.83,2066.25,4837.949,1772623679999,10000155.93923,7406,1773.629,3665819.90755,0
1772623680000,2066.25,2066.55,2065.28,2065.50,2553.893,1772623739999,5275606.52926,4406,1518.262,3136300.64546,0
1772623740000,2065.51,2067.31,2065.38,2067.16,2373.626,1772623799999,4904991.64439,3978,1762.706,3642546.62685,0
1772623800000,2067.16,2068.00,2067.03,2068.00,1559.669,1772623859999,3224797.71622,3682,832.746,1721805.26097,0
1772623860000,2067.99,2069.10,2067.99,2068.15,3346.059,1772623919999,6921218.46865,5540,2152.676,4452805.66618,0
1772623920000,2068.15,2068.92,2067.12,2068.63,2537.369,1772623979999,5246753.18661,3201,1645.437,3402350.38025,0
1772623980000,2068.62,2068.99,2067.78,2067.78,1706.020,1772624039999,3528662.34874,3293,994.761,2057492.21849,0
1772624040000,2067.78,2067.79,2055.78,2062.10,22090.964,1772624099999,45515057.94012,25561,8571.951,17657530.63373,0
1772624100000,2062.10,2062.55,2057.07,2058.51,11829.763,1772624159999,24368346.73532,17400,4247.523,8749119.69460,0
1772624160000,2058.51,2058.52,2048.71,2050.00,57504.745,1772624219999,118059504.42312,43185,15526.341,31883778.47814,0
1772624220000,2050.01,2051.11,2048.19,2049.91,15957.172,1772624279999,32709008.84053,18875,8306.053,17026366.31393,0
1772624280000,2049.91,2053.62,2049.75,2052.40,7563.705,1772624339999,15524166.49357,10674,4826.356,9905362.09789,0
1772624340000,2052.39,2054.22,2051.83,2053.60,4476.297,1772624399999,9189368.19228,7975,2784.393,5715905.66833,0
1772624400000,2053.59,2055.84,2047.76,2048.09,8662.552,1772624459999,17779006.77895,16234,4123.289,8466168.32614,0
1772624460000,2048.10,2051.28,2045.69,2051.03,12961.386,1772624519999,26545815.84997,18523,8557.604,17527095.38231,0
1772624520000,2051.02,2053.26,2050.73,2051.57,5977.669,1772624579999,12268924.12771,10231,3328.377,6831045.20941,0
1772624580000,2051.57,2053.60,2051.20,2053.28,3670.389,1772624639999,7533556.70104,8108,2377.613,4880284.70118,0
1772624640000,2053.28,2054.32,2051.90,2053.13,2443.032,1772624699999,5015507.72613,6174,1399.237,2872499.33532,0
1772624700000,2053.14,2053.14,2050.43,2050.66,3674.409,1772624759999,7536862.01648,6002,2014.302,4131383.37237,0
1772624760000,2050.66,2053.28,2050.07,2050.13,3847.610,1772624819999,7893429.67904,7765,2301.623,4721833.89088,0
1772624820000,2050.12,2051.56,2049.80,2051.26,2500.007,1772624879999,5126657.77883,6674,1297.537,2660919.01857,0
1772624880000,2051.18,2051.90,2050.25,2050.96,3054.312,1772624939999,6264926.16764,5703,1830.069,3753919.76130,0
1772624940000,2050.96,2051.72,2050.56,2051.38,2060.646,1772624999999,4226547.94282,4161,1131.442,2320607.13193,0
1772625000000,2051.37,2052.43,2049.83,2052.43,5619.034,1772625059999,11525610.04297,7290,2795.349,5734814.61964,0
1772625060000,2052.43,2054.08,2050.00,2053.79,6227.587,1772625119999,12780244.23016,7161,3661.375,7516379.79635,0
1772625120000,2053.79,2054.15,2051.82,2053.40,2894.546,1772625179999,5942985.82653,6371,1843.769,3785589.03445,0
1772625180000,2053.40,2058.43,2053.40,2055.99,9366.654,1772625239999,19257104.79679,9747,6324.787,13004372.95881,0
1772625240000,2055.98,2056.90,2054.52,2056.78,4361.367,1772625299999,8966178.61927,5397,2878.425,5917619.98109,0
1772625300000,2056.79,2058.30,2055.58,2056.34,3798.238,1772625359999,7812372.59625,7339,2085.480,4289528.10198,0
1772625360000,2056.34,2056.43,2052.63,2053.03,2966.837,1772625419999,6094204.27426,5940,1117.886,2296182.75591,0
1772625420000,2053.02,2055.31,2052.69,2055.03,1532.671,1772625479999,3148177.26894,3729,1053.392,2163702.83086,0
1772625480000,2055.03,2055.53,2054.51,2054.96,1464.360,1772625539999,3009188.76386,3571,878.230,1804703.93798,0
1772625540000,2054.97,2055.48,2054.00,2054.18,2809.056,1772625599999,5771766.73842,4540,1477.067,3034960.55083,0
1772625600000,2054.18,2055.93,2053.36,2054.24,3675.250,1772625659999,7551651.29331,7927,2291.040,4707561.80138,0
1772625660000,2054.23,2056.80,2054.15,2056.71,2885.888,1772625719999,5931656.14160,5733,1748.507,3593988.96710,0
1772625720000,2056.71,2058.81,2054.29,2054.39,6772.806,1772625779999,13930401.63065,9000,4003.982,8236206.95566,0
1772625780000,2054.39,2056.00,2053.75,2055.87,3403.966,1772625839999,6994295.12148,7442,1269.501,2608457.20997,0
1772625840000,2055.88,2056.10,2051.00,2051.95,4327.639,1772625899999,8887579.38585,10065,1346.689,2765406.36277,0
1772625900000,2051.95,2055.42,2051.90,2053.22,2068.017,1772625959999,4246818.12587,7053,1087.236,2232733.98059,0
1772625960000,2053.22,2055.19,2052.67,2053.10,1974.756,1772626019999,4055787.60968,6077,1097.330,2253702.54208,0
1772626020000,2053.11,2053.67,2048.38,2049.24,5771.818,1772626079999,11831051.29080,12367,2301.491,4717033.69775,0
1772626080000,2049.24,2050.36,2047.72,2049.67,9324.734,1772626139999,19106476.26273,12440,5684.477,11648060.19727,0
1772626140000,2049.67,2053.20,2046.76,2047.44,3959.924,1772626199999,8115485.83933,11052,1907.646,3910177.36800,0
1772626200000,2047.44,2050.96,2047.44,2049.88,2508.745,1772626259999,5141355.04199,6732,1300.953,2666043.57775,0
1772626260000,2049.88,2051.66,2048.56,2050.23,3858.014,1772626319999,7908705.69111,9492,1774.116,3637162.18871,0
1772626320000,2050.24,2051.71,2049.36,2050.80,2295.696,1772626379999,4707704.93945,6426,996.645,2043676.09942,0
1772626380000,2050.81,2051.10,2049.19,2050.00,2272.788,1772626439999,4659551.93561,3276,1644.300,3370990.44163,0
1772626440000,2049.99,2050.81,2049.34,2049.82,1504.928,1772626499999,3085288.90801,2907,901.083,1847337.22564,0
1772626500000,2049.82,2050.27,2048.56,2048.57,2351.519,1772626559999,4818971.53947,5852,1415.808,2901434.88783,0
1772626560000,2048.56,2050.00,2045.25,2045.99,4864.433,1772626619999,9961016.79247,10906,2079.671,4259191.21553,0
1772626620000,2045.99,2046.93,2044.19,2044.30,9691.740,1772626679999,19823137.32510,12954,5015.138,10258321.75666,0
1772626680000,2044.31,2045.00,2042.50,2043.54,6694.169,1772626739999,13679524.39481,12705,2240.594,4578707.25079,0
1772626740000,2043.55,2044.90,2040.71,2044.90,7371.967,1772626799999,15060579.81823,10761,3678.716,7518023.96756,0
1772626800000,2044.90,2044.90,2043.44,2043.98,2563.551,1772626859999,5239981.16417,4761,1118.698,2286721.81185,0
1772626860000,2043.98,2045.42,2042.85,2043.57,5090.017,1772626919999,10405454.34994,7144,3374.950,6900229.45934,0
1772626920000,2043.57,2044.33,2041.98,2043.36,3924.889,1772626979999,8018895.08904,10093,2198.549,4491691.56104,0
1772626980000,2043.37,2043.69,2040.90,2041.17,3214.231,1772627039999,6565574.61596,6624,1408.010,2876086.35165,0
1772627040000,2041.17,2042.36,2038.60,2040.65,9812.526,1772627099999,20023067.16242,13412,3713.665,7578177.30348,0
1772627100000,2040.65,2041.00,2038.67,2040.47,4766.581,1772627159999,9723715.81944,10262,2306.472,4705273.92694,0
1772627160000,2040.48,2042.62,2040.36,2042.19,3355.195,1772627219999,6849043.86457,8174,2355.193,4807733.16601,0
1772627220000,2042.19,2045.42,2042.19,2043.77,6076.594,1772627279999,12421126.75910,9995,3636.053,7432453.51005,0
1772627280000,2043.76,2043.77,2041.00,2041.76,2423.173,1772627339999,4949660.59639,7495,761.884,1556190.08986,0
1772627340000,2041.76,2042.33,2040.00,2040.37,2442.822,1772627399999,4985708.81440,5871,1461.215,2982191.00001,0
1772627400000,2040.36,2041.69,2036.47,2036.85,8204.010,1772627459999,16730487.04158,13323,2095.290,4273742.66539,0
1772627460000,2036.86,2037.89,2035.94,2037.42,8347.463,1772627519999,17003376.02278,11942,4802.418,9782539.61702,0
1772627520000,2037.42,2039.18,2035.20,2039.06,7987.125,1772627579999,16269730.77426,11568,4257.847,8674318.39590,0
1772627580000,2039.06,2043.74,2038.96,2043.01,7632.228,1772627639999,15581481.44021,10851,5491.233,11209289.66139,0
1772627640000,2043.00,2043.39,2041.88,2043.23,4343.186,1772627699999,8872429.76468,5962,2401.278,4905426.85102,0
1772627700000,2043.23,2044.00,2039.60,2041.09,5656.573,1772627759999,11552383.04246,9337,2232.747,4560522.82299,0
1772627760000,2041.10,2041.40,2038.05,2040.59,2931.068,1772627819999,5979528.71522,8940,1372.015,2799176.82636,0
1772627820000,2040.58,2043.19,2039.91,2043.18,2196.770,1772627879999,4483920.65782,6058,1407.663,2873359.56040,0
1772627880000,2043.19,2046.00,2043.00,2045.91,6813.574,1772627939999,13933336.53894,11583,3301.995,6752551.69274,0
1772627940000,2045.91,2051.04,2045.12,2049.35,11046.345,1772627999999,22622154.23465,16188,6759.124,13843408.49513,0
1772628000000,2049.34,2050.47,2047.42,2048.20,6611.612,1772628059999,13548473.81546,11600,3308.765,6780415.58920,0
1772628060000,2048.21,2051.00,2047.60,2050.47,5534.486,1772628119999,11340833.86110,8708,2413.889,4946311.86165,0
1772628120000,2050.47,2051.51,2047.74,2048.81,3418.821,1772628179999,7006066.56541,7325,1596.630,3272116.10315,0
1772628180000,2048.80,2052.60,2048.80,2050.55,9323.885,1772628239999,19123698.33029,13354,4926.673,10104986.44180,0
1772628240000,2050.55,2050.55,2049.30,2049.30,2836.534,1772628299999,5814525.48901,4003,1055.492,2163557.72071,0
1772628300000,2049.31,2049.87,2047.25,2048.55,2123.531,1772628359999,4350078.21089,5369,1045.335,2141297.97046,0
1772628360000,2048.54,2048.94,2046.33,2047.03,3879.604,1772628419999,7944375.89304,6485,1524.096,3121189.21886,0
1772628420000,2047.03,2050.38,2047.03,2050.16,4107.664,1772628479999,8416334.83257,7701,2434.472,4987710.88482,0
1772628480000,2050.17,2050.36,2047.75,2047.98,2823.051,1772628539999,5784675.56285,5339,1746.230,3578259.82818,0
1772628540000,2047.97,2051.52,2047.97,2051.04,3494.552,1772628599999,7163773.14883,9109,2067.690,4238767.85742,0
1772628600000,2051.03,2052.28,2048.14,2050.13,4510.275,1772628659999,9247629.25383,9176,2540.349,5208838.16061,0
1772628660000,2050.13,2050.13,2047.89,2049.00,1787.597,1772628719999,3662330.06591,5900,952.967,1952237.11267,0
1772628720000,2049.00,2050.00,2047.78,2048.21,2450.565,1772628779999,5021250.25371,4882,1139.704,2335277.49528,0
1772628780000,2048.21,2048.80,2047.00,2047.76,5249.397,1772628839999,10750942.58465,6802,2989.377,6122380.88327,0
1772628840000,2047.76,2048.66,2046.73,2048.35,2064.900,1772628899999,4228173.32384,4148,1201.882,2461145.35496,0
1772628900000,2048.34,2048.67,2047.31,2047.64,1142.345,1772628959999,2339436.73218,3028,491.252,1006054.29684,0
1772628960000,2047.64,2051.74,2047.63,2050.73,4448.188,1772629019999,9121028.62687,7209,2216.943,4545148.24228,0
1772629020000,2050.73,2053.79,2050.72,2053.19,11412.511,1772629079999,23424875.60416,13570,7001.029,14370810.19273,0
1772629080000,2053.19,2053.83,2051.42,2053.36,4929.465,1772629139999,10118660.08746,6816,3191.192,6550576.12773,0
1772629140000,2053.36,2053.88,2052.40,2053.31,4681.508,1772629199999,9612067.94002,4686,2121.268,4355422.42743,0
1772629200000,2053.32,2053.80,2051.61,2052.62,4846.463,1772629259999,9947656.66941,7922,2420.431,4968005.02793,0
1772629260000,2052.62,2056.98,2052.62,2056.97,10652.849,1772629319999,21885729.31241,12844,8374.707,17206474.01581,0
1772629320000,2056.98,2057.94,2052.54,2053.12,8357.031,1772629379999,17173685.93808,11459,3816.058,7840236.02988,0
1772629380000,2053.12,2054.82,2052.93,2054.45,2565.149,1772629439999,5268159.92768,5627,1175.344,2413865.57230,0
1772629440000,2054.45,2057.00,2054.08,2054.61,9716.595,1772629499999,19970099.55952,9344,6535.890,13433377.80369,0
1772629500000,2054.62,2056.44,2054.09,2055.48,3154.270,1772629559999,6482704.21568,7018,1740.261,3576604.43420,0
1772629560000,2055.49,2063.33,2055.49,2063.23,19893.061,1772629619999,40986847.88907,23550,12974.940,26734570.42315,0
1772629620000,2063.24,2065.53,2061.11,2064.40,16671.513,1772629679999,34402332.45210,19336,9933.428,20500673.98833,0
1772629680000,2064.41,2068.00,2063.98,2067.13,13337.681,1772629739999,27560158.19036,17450,7505.983,15508581.61811,0
1772629740000,2067.12,2067.29,2063.11,2065.03,10330.625,1772629799999,21337455.20533,15042,4562.232,9423623.27038,0
1772629800000,2065.03,2066.93,2063.43,2063.50,8362.582,1772629859999,17270938.57482,10981,4795.699,9905092.81784,0
1772629860000,2063.50,2064.68,2061.97,2062.50,6636.836,1772629919999,13694049.56930,10348,2654.430,5477599.73846,0
1772629920000,2062.51,2063.95,2060.65,2060.91,3821.848,1772629979999,7880018.99470,7968,1965.009,4051513.45945,0
1772629980000,2060.90,2061.99,2057.13,2057.52,8955.225,1772630039999,18441694.09038,13362,2986.844,6152157.61791,0
1772630040000,2057.51,2059.73,2057.51,2058.67,4347.751,1772630099999,8949734.74677,5492,2797.396,5757595.34606,0
1772630100000,2058.66,2059.69,2057.98,2058.42,3728.656,1772630159999,7676750.94384,9602,1501.244,3090923.32664,0
1772630160000,2058.42,2059.41,2056.09,2057.00,3915.275,1772630219999,8054305.59157,8504,1822.410,3749034.38219,0
1772630220000,2057.00,2061.10,2057.00,2060.84,4932.972,1772630279999,10160289.08046,7237,2162.848,4454871.64402,0
1772630280000,2060.84,2062.39,2059.50,2061.87,3464.758,1772630339999,7139268.15284,7846,1728.351,3561416.03601,0
1772630340000,2061.87,2061.87,2054.94,2057.76,6813.648,1772630399999,14020100.96685,10958,2221.623,4572525.17258,0
1772630400000,2057.77,2059.47,2056.80,2058.28,4201.585,1772630459999,8647367.55047,7591,2596.390,5344034.98374,0
1772630460000,2058.28,2059.74,2057.50,2058.84,2814.451,1772630519999,5793599.30401,6934,1536.576,3163159.32244,0
1772630520000,2058.84,2058.84,2054.32,2055.18,4229.222,1772630579999,8694470.26783,7177,1364.931,2805592.79696,0
1772630580000,2055.19,2056.62,2054.65,2054.81,5271.038,1772630639999,10835311.08325,7498,2894.308,5949950.27556,0
1772630640000,2054.81,2057.38,2054.36,2056.97,2125.423,1772630699999,4368806.25290,6677,1063.218,2185429.63858,0
1772630700000,2056.98,2058.55,2056.93,2057.58,1430.044,1772630759999,2942798.61691,3975,899.197,1850402.68148,0
1772630760000,2057.58,2058.76,2056.91,2057.32,1146.033,1772630819999,2358260.17516,4521,468.133,963357.93817,0
1772630820000,2057.32,2060.28,2057.18,2060.28,1399.804,1772630879999,2881834.27815,4483,820.599,1689436.17069,0
1772630880000,2060.28,2062.31,2059.38,2060.15,2996.601,1772630939999,6176083.31915,7043,1974.833,4070406.09366,0
1772630940000,2060.16,2060.20,2058.77,2058.85,1660.502,1772630999999,3419848.51739,3801,547.901,1128437.15163,0
1772631000000,2058.85,2059.00,2057.31,2057.31,1437.974,1772631059999,2959689.72327,4143,532.404,1095914.83753,0
1772631060000,2057.32,2057.37,2055.20,2056.39,3183.937,1772631119999,6546541.89773,7548,1351.056,2778052.54350,0
1772631120000,2056.38,2059.21,2056.38,2058.92,1718.574,1772631179999,3537658.59517,6229,968.027,1992585.78414,0
1772631180000,2058.91,2062.29,2057.98,2060.17,3711.099,1772631239999,7646161.66255,7193,2866.287,5905446.25953,0
1772631240000,2060.16,2060.69,2058.70,2059.17,2387.158,1772631299999,4917416.48036,4681,967.390,1992734.90602,0
1772631300000,2059.16,2059.16,2055.48,2057.61,2188.352,1772631359999,4500971.63729,7693,762.776,1568787.81229,0
1772631360000,2057.61,2059.44,2056.61,2057.55,944.440,1772631419999,1943326.03223,4554,280.519,577244.36776,0
1772631420000,2057.54,2058.46,2056.50,2056.96,1609.180,1772631479999,3310656.74672,5919,817.543,1682103.56182,0
1772631480000,2056.97,2060.00,2056.97,2059.29,1362.274,1772631539999,2805049.66625,5604,513.558,1057327.05139,0
1772631540000,2059.30,2061.09,2059.01,2060.56,2243.377,1772631599999,4621817.75507,4383,1433.396,2952971.41784,0
1772631600000,2060.55,2061.00,2060.13,2060.86,2098.790,1772631659999,4324727.82849,4472,1133.130,2334939.59816,0
1772631660000,2060.86,2064.44,2060.31,2063.17,4003.496,1772631719999,8257968.24268,10000,2423.766,4999428.08250,0
1772631720000,2063.16,2063.92,2061.42,2061.69,2744.470,1772631779999,5661031.62249,7757,1481.550,3056019.42665,0
1772631780000,2061.69,2064.59,2060.86,2064.36,3064.590,1772631839999,6321358.02829,6070,1923.446,3967889.29109,0
1772631840000,2064.36,2064.36,2060.95,2062.50,3664.007,1772631899999,7556707.76961,5757,825.030,1701449.64699,0
1772631900000,2062.50,2064.63,2062.18,2063.44,2308.558,1772631959999,4763654.37373,6082,1510.893,3117642.26829,0
1772631960000,2063.44,2064.99,2062.43,2064.70,2203.010,1772632019999,4546786.81458,4861,1442.739,2977613.13518,0
1772632020000,2064.70,2066.51,2063.89,2063.90,6836.758,1772632079999,14119491.18987,9511,3299.252,6814598.42922,0
1772632080000,2063.89,2063.98,2061.00,2061.47,2553.383,1772632139999,5264669.66850,6341,749.067,1544361.70862,0
1772632140000,2061.47,2063.76,2061.46,2062.60,1349.004,1772632199999,2782397.50541,3820,735.697,1517417.94766,0
1772632200000,2062.59,2062.99,2061.00,2062.61,2409.451,1772632259999,4968797.45969,3454,472.891,975186.16558,0
1772632260000,2062.61,2063.00,2060.40,2061.89,2413.365,1772632319999,4974544.12283,5412,1550.135,3194939.29160,0
1772632320000,2061.89,2063.55,2060.89,2061.11,1501.647,1772632379999,3097007.59737,4322,770.844,1589807.06368,0
1772632380000,2061.11,2062.87,2060.15,2062.57,1461.291,1772632439999,3012392.85788,4774,828.698,1708447.92132,0
1772632440000,2062.57,2063.60,2061.79,2062.07,1176.445,1772632499999,2426686.64080,3470,569.475,1174651.32971,0
1772632500000,2062.08,2062.99,2060.65,2062.46,2669.073,1772632559999,5503391.33080,4358,893.658,1842811.02745,0
1772632560000,2062.45,2065.66,2062.45,2064.16,3395.861,1772632619999,7009378.89170,8407,2184.048,4507991.18091,0
1772632620000,2064.17,2065.41,2063.10,2064.19,2506.913,1772632679999,5175282.20457,6465,1134.139,2341233.95091,0
1772632680000,2064.20,2064.99,2063.43,2063.63,2944.740,1772632739999,6078656.85077,5016,1596.552,3295628.85588,0
1772632740000,2063.64,2064.09,2062.83,2063.47,1962.038,1772632799999,4048760.08580,4092,664.575,1371325.50333,0
1772632800000,2063.47,2064.96,2062.15,2063.51,1947.790,1772632859999,4019054.08666,4911,950.197,1960695.70792,0
1772632860000,2063.50,2063.65,2061.80,2063.65,1825.591,1772632919999,3765740.21177,4622,795.372,1640641.68901,0
1772632920000,2063.66,2067.71,2063.00,2063.90,4286.325,1772632979999,8851632.83173,10276,2500.056,5163284.64016,0
1772632980000,2063.89,2064.98,2062.25,2063.72,2054.586,1772633039999,4239572.12767,5899,1023.105,2111126.29720,0
1772633040000,2063.72,2064.90,2062.91,2063.91,1368.158,1772633099999,2823834.25896,4713,456.831,942871.23899,0
1772633100000,2063.90,2065.69,2061.82,2064.34,2353.522,1772633159999,4857098.21381,5819,1195.393,2466966.70209,0
1772633160000,2064.34,2066.92,2062.69,2066.34,2541.165,1772633219999,5246487.21917,6944,1854.381,3828734.99558,0
1772633220000,2066.35,2078.93,2066.34,2074.27,41176.671,1772633279999,85429193.27806,38090,26859.717,55720618.37705,0
1772633280000,2074.27,2074.65,2066.60,2066.74,7550.683,1772633339999,15625430.59892,12263,3193.132,6606846.75639,0
1772633340000,2066.74,2070.12,2066.16,2068.38,4213.021,1772633399999,8714643.70294,6298,2817.729,5828457.41113,0
1772633400000,2068.38,2070.66,2067.66,2069.72,3902.996,1772633459999,8077630.96856,7310,2824.399,5845534.31598,0
1772633460000,2069.71,2074.81,2069.70,2071.03,11318.502,1772633519999,23460214.78642,10019,6465.879,13399497.75844,0
1772633520000,2071.04,2071.36,2070.14,2070.35,3401.325,1772633579999,7042721.69587,5073,1072.933,2221566.61898,0
1772633580000,2070.35,2071.71,2070.35,2071.71,3315.543,1772633639999,6865987.09601,4651,1915.462,3966493.08195,0
1772633640000,2071.70,2075.00,2071.07,2073.79,5865.845,1772633699999,12163252.18686,9298,3403.002,7056375.92458,0
1772633700000,2073.79,2075.95,2072.81,2075.39,5368.584,1772633759999,11134958.57675,8819,3325.277,6897048.45965,0
1772633760000,2075.40,2079.93,2075.33,2079.38,10281.233,1772633819999,21359620.96571,15602,6722.276,13966569.84206,0
1772633820000,2079.39,2082.28,2069.76,2071.68,22668.507,1772633879999,47099329.85922,30091,11545.155,23996842.03656,0
1772633880000,2071.68,2074.99,2068.63,2072.59,8034.632,1772633939999,16640858.03484,15310,3395.569,7033440.40171,0
1772633940000,2072.59,2075.80,2071.92,2072.24,4562.929,1772633999999,9460815.24117,11245,1947.339,4038100.82989,0
1772634000000,2072.25,2072.54,2069.10,2070.15,5404.564,1772634059999,11188282.11772,11467,2247.152,4652086.20273,0
1772634060000,2070.15,2071.85,2069.02,2070.81,3652.983,1772634119999,7563494.44839,9222,1667.070,3451600.10006,0
1772634120000,2070.80,2072.19,2070.44,2071.79,2125.113,1772634179999,4401418.27159,7715,1301.161,2694866.52110,0
1772634180000,2071.79,2072.32,2069.12,2069.12,2756.872,1772634239999,5708663.14246,7800,1183.609,2450884.24551,0
1772634240000,2069.12,2070.41,2068.78,2069.60,2480.133,1772634299999,5133090.37417,6963,1048.750,2170578.41380,0
1772634300000,2069.60,2074.07,2069.03,2073.07,10065.135,1772634359999,20857204.84978,11569,7489.150,15517609.88890,0
1772634360000,2073.07,2073.89,2071.56,2072.66,4895.347,1772634419999,10147385.10802,7093,2027.382,4202529.08998,0
1772634420000,2072.66,2074.76,2072.12,2073.56,3058.324,1772634479999,6341203.22895,8775,1714.473,3554756.10295,0
1772634480000,2073.55,2079.52,2073.00,2077.36,9274.253,1772634539999,19261106.58303,12874,6455.738,13408895.77231,0
1772634540000,2077.36,2078.67,2076.25,2077.51,4281.863,1772634599999,8895679.37935,9338,2166.656,4501029.52374,0
1772634600000,2077.51,2089.55,2075.71,2088.42,29699.257,1772634659999,61889510.76175,47432,18706.842,38986311.93609,0
1772634660000,2088.41,2103.92,2085.76,2097.24,77591.642,1772634719999,162664892.37801,87427,50227.036,105302662.89669,0
1772634720000,2097.25,2109.92,2096.91,2103.46,39552.288,1772634779999,83253245.95350,61352,22912.079,48225539.41295,0
1772634780000,2103.46,2106.79,2097.00,2100.86,25775.479,1772634839999,54155546.98163,36681,9728.479,20443813.22778,0
1772634840000,2100.86,2108.34,2100.24,2106.06,18545.090,1772634899999,39043574.34846,34823,9720.700,20464311.93866,0
1772634900000,2106.06,2106.85,2086.37,2087.26,56703.046,1772634959999,118753532.32883,45732,26148.549,54754928.54073,0
1772634960000,2087.26,2089.00,2072.87,2075.12,51253.154,1772635019999,106599852.52549,55724,23100.894,48055671.62102,0
1772635020000,2075.12,2082.86,2073.92,2082.43,19788.702,1772635079999,41130527.34708,33902,10667.629,22174624.60775,0
1772635080000,2082.43,2087.37,2081.21,2085.32,16258.451,1772635139999,33890443.39974,30133,9225.630,19231698.70384,0
1772635140000,2085.30,2088.55,2078.78,2083.42,18948.792,1772635199999,39492056.57203,30824,11151.441,23245028.51075,0
1772635200000,2083.43,2086.30,2078.86,2084.60,11530.561,1772635259999,24015294.45202,26115,4784.597,9966204.36988,0
1772635260000,2084.61,2086.09,2077.32,2079.89,12808.615,1772635319999,26672506.23734,24196,6561.258,13666563.71712,0
1772635320000,2079.90,2081.97,2073.83,2076.15,16464.904,1772635379999,34201046.56031,27831,6510.878,13526492.58804,0
1772635380000,2076.15,2079.49,2072.87,2073.74,11476.440,1772635439999,23835259.95348,20676,4322.039,8977462.01864,0
1772635440000,2073.74,2076.20,2065.00,2065.57,37928.563,1772635499999,78466891.33366,41972,13458.430,27836507.27025,0
1772635500000,2065.57,2071.20,2063.81,2064.61,18823.461,1772635559999,38906097.49577,31128,9354.701,19338690.53247,0
1772635560000,2064.61,2072.86,2064.47,2070.31,12291.171,1772635619999,25437402.30439,26295,6784.774,14040484.52660,0
1772635620000,2070.31,2076.79,2067.69,2072.39,14016.054,1772635679999,29058047.02234,27764,8916.993,18491047.18742,0
1772635680000,2072.39,2075.53,2069.94,2074.47,9419.648,1772635739999,19525889.73239,24382,5122.686,10619074.69136,0
1772635740000,2074.46,2077.50,2071.25,2076.78,10855.397,1772635799999,22510673.66865,21532,6256.096,12973980.88869,0
1772635800000,2076.78,2077.79,2072.79,2073.06,5803.468,1772635859999,12042887.16978,19901,2664.146,5528488.02605,0
1772635860000,2073.06,2080.68,2072.63,2078.77,9953.957,1772635919999,20675636.19743,22779,5862.219,12178272.23004,0
1772635920000,2078.77,2083.30,2076.10,2080.97,9907.318,1772635979999,20612501.02260,23646,6150.396,12798853.95322,0
1772635980000,2080.98,2083.43,2079.23,2082.68,11356.299,1772636039999,23637506.01554,19807,5130.786,10679921.74870,0
1772636040000,2082.68,2084.36,2079.38,2080.76,7421.195,1772636099999,15449594.56581,16272,3080.089,6413415.12914,0
1772636100000,2080.75,2081.56,2075.57,2076.28,5471.710,1772636159999,11371960.79930,18042,2235.837,4646598.07839,0
1772636160000,2076.30,2082.92,2075.95,2080.84,10861.585,1772636219999,22594378.44507,14362,4525.643,9413724.51362,0
1772636220000,2080.85,2081.15,2075.61,2076.83,4993.525,1772636279999,10377534.02414,9860,1552.184,3227235.96897,0
1772636280000,2076.83,2077.84,2075.00,2077.01,3656.239,1772636339999,7590338.07740,8941,1644.928,3414950.85534,0
1772636340000,2077.00,2079.12,2075.00,2079.06,5365.250,1772636399999,11142316.07181,10750,3382.926,7025451.20976,0
1772636400000,2079.05,2096.74,2077.88,2094.23,34777.703,1772636459999,72635334.77986,52838,24054.805,50238861.07360,0
1772636460000,2094.22,2097.79,2090.20,2092.75,19488.859,1772636519999,40825751.87871,40622,10173.952,21315439.89712,0
1772636520000,2092.75,2097.37,2089.23,2090.37,14171.640,1772636579999,29660341.28517,26030,5521.571,11559419.09547,0
1772636580000,2090.37,2091.84,2084.39,2086.49,10836.771,1772636639999,22623715.96978,21712,3051.026,6371356.83702,0
1772636640000,2086.49,2089.81,2080.00,2082.98,12803.153,1772636699999,26697167.06788,23822,5194.196,10832584.36697,0
1772636700000,2082.98,2085.72,2081.00,2082.79,5545.930,1772636759999,11554279.98874,17586,2729.356,5686622.52617,0
1772636760000,2082.78,2086.33,2080.89,2085.88,4747.909,1772636819999,9892427.02017,16974,2998.433,6247737.09507,0
1772636820000,2085.87,2086.58,2082.29,2086.58,4133.969,1772636879999,8616199.94992,14415,1775.939,3701889.08812,0
1772636880000,2086.59,2096.90,2086.21,2094.66,15047.022,1772636939999,31487932.88986,28753,9629.873,20152227.79724,0
1772636940000,2094.66,2094.77,2089.58,2091.64,5906.432,1772636999999,12355514.23249,14376,2619.812,5480241.15015,0
1772637000000,2091.64,2093.70,2090.27,2093.70,3956.038,1772637059999,8276189.45062,12585,2443.882,5112513.95570,0
1772637060000,2093.70,2096.65,2090.40,2095.33,5103.873,1772637119999,10687265.68299,15684,2714.642,5684874.42104,0
1772637120000,2095.33,2095.41,2090.90,2092.76,5667.794,1772637179999,11866396.44811,13576,2701.239,5655767.33866,0
1772637180000,2092.76,2094.75,2091.25,2094.02,3404.052,1772637239999,7126846.11341,9984,2018.325,4225642.44160,0
1772637240000,2094.01,2094.62,2086.15,2088.21,5096.800,1772637299999,10651464.71829,14606,1936.836,4048333.19480,0
1772637300000,2088.20,2091.81,2087.56,2089.92,5624.605,1772637359999,11751947.81432,14129,3083.108,6442207.31017,0
1772637360000,2089.93,2094.65,2089.93,2094.21,4594.374,1772637419999,9613413.95745,13199,3169.666,6632331.01200,0
1772637420000,2094.20,2095.10,2091.00,2093.41,5405.184,1772637479999,11317542.11289,12656,2449.971,5130165.54788,0
1772637480000,2093.41,2094.70,2091.79,2092.64,3985.200,1772637539999,8341931.43534,13131,1924.121,4027761.41797,0
1772637540000,2092.64,2103.79,2092.63,2102.90,16791.445,1772637599999,35257247.57868,32067,10790.484,22659059.97589,0
1772637600000,2102.91,2106.30,2100.00,2106.21,18489.992,1772637659999,38886213.97451,32912,8942.576,18811475.37592,0
1772637660000,2106.21,2106.72,2099.27,2099.56,12887.878,1772637719999,27095313.13967,24327,4464.220,9386592.20099,0
1772637720000,2099.57,2103.72,2099.16,2103.54,7483.411,1772637779999,15726665.29185,16919,4526.649,9513371.03123,0
1772637780000,2103.55,2104.20,2097.49,2098.78,7573.034,1772637839999,15905434.85625,14862,2185.558,4590889.01084,0
1772637840000,2098.77,2100.28,2096.37,2099.33,7750.577,1772637899999,16262713.08174,15588,2775.773,5824820.86543,0
1772637900000,2099.33,2104.35,2099.00,2102.28,5691.612,1772637959999,11966137.22818,12987,3483.864,7324669.90807,0
1772637960000,2102.27,2118.42,2100.60,2114.85,53687.049,1772638019999,113475385.85038,63906,32389.211,68450539.93326,0
1772638020000,2114.85,2121.89,2112.76,2118.55,35940.095,1772638079999,76118807.86964,41499,23370.980,49508371.96271,0
1772638080000,2118.55,2121.88,2117.27,2120.22,11185.966,1772638139999,23704992.27276,22395,5239.728,11104403.64714,0
1772638140000,2120.22,2143.00,2118.64,2138.76,63688.394,1772638199999,135708370.35449,69559,45560.938,97093074.57539,0
1772638200000,2138.89,2143.00,2127.01,2131.24,46774.883,1772638259999,99797970.89533,64646,20711.841,44213373.49615,0
1772638260000,2131.25,2141.45,2131.17,2135.72,25484.022,1772638319999,54440674.53250,45430,12547.114,26806950.52445,0
1772638320000,2135.72,2136.62,2127.16,2127.68,18377.955,1772638379999,39174707.28574,32715,6995.655,14910768.84164,0
1772638380000,2127.69,2129.53,2124.02,2126.93,20654.633,1772638439999,43916686.41824,33536,10008.552,21283665.84145,0
1772638440000,2126.94,2130.96,2125.66,2126.87,12491.737,1772638499999,26592751.20051,24980,6706.632,14278450.15956,0
1772638500000,2127.01,2128.17,2124.01,2126.98,9343.482,1772638559999,19868342.99410,16868,3507.972,7459812.17304,0
1772638560000,2126.97,2128.75,2125.00,2125.57,8474.040,1772638619999,18022673.21386,17082,4683.966,9963003.68070,0
1772638620000,2125.58,2134.75,2121.69,2132.97,28348.948,1772638679999,60336883.38973,34701,19213.229,40901525.65050,0
1772638680000,2132.97,2136.26,2125.00,2125.78,15445.941,1772638739999,32917992.58522,25767,8649.404,18438976.28772,0
1772638740000,2125.79,2127.63,2124.42,2125.23,6199.116,1772638799999,13178026.59057,14168,3144.762,6685272.59561,0
1772638800000,2125.22,2130.56,2124.95,2128.16,7537.479,1772638859999,16041683.33528,13025,3441.496,7322541.49557,0
1772638860000,2128.17,2128.57,2122.32,2126.81,9129.256,1772638919999,19402006.70813,19315,3301.671,7017556.28063,0
1772638920000,2126.81,2129.62,2124.07,2127.46,8198.753,1772638979999,17437751.84786,16772,4356.913,9266448.76950,0
1772638980000,2127.45,2130.00,2125.81,2126.58,5316.496,1772639039999,11315158.86003,14083,2379.471,5063193.27305,0
1772639040000,2126.59,2127.04,2124.06,2126.30,3377.138,1772639099999,7179930.30327,9056,1393.648,2962768.53868,0
1772639100000,2126.31,2132.90,2125.35,2130.62,10854.776,1772639159999,23117624.57901,20547,6877.104,14645902.73446,0
1772639160000,2130.62,2133.33,2129.43,2131.58,9070.490,1772639219999,19335917.54101,18196,3867.439,8246298.59665,0
1772639220000,2131.59,2135.88,2128.33,2135.77,9167.497,1772639279999,19550021.66378,19660,5058.353,10789150.97839,0
1772639280000,2135.77,2135.77,2131.70,2132.99,3696.824,1772639339999,7884810.12481,14330,1418.929,3026441.62310,0
1772639340000,2132.99,2133.30,2130.63,2131.63,4466.332,1772639399999,9521944.39695,12536,1958.305,4175236.51683,0
1772639400000,2131.64,2138.59,2130.69,2137.24,11435.603,1772639459999,24411646.45482,19700,6510.346,13901900.79255,0
1772639460000,2137.25,2139.00,2135.45,2137.59,10106.133,1772639519999,21600177.70314,22432,5309.490,11349332.87551,0
1772639520000,2137.58,2138.83,2133.54,2134.77,8783.398,1772639579999,18760732.80722,16843,2378.797,5080938.92660,0
1772639580000,2134.77,2138.33,2134.40,2138.17,5437.973,1772639639999,11617926.49278,16334,2551.926,5452369.27816,0
1772639640000,2138.18,2140.61,2135.98,2136.70,12766.155,1772639699999,27307922.00808,19980,6824.918,14601381.89403,0
1772639700000,2136.71,2138.17,2134.28,2134.58,6032.655,1772639759999,12888892.77947,13617,2840.385,6069447.53226,0
1772639760000,2134.57,2136.75,2133.92,2136.27,7231.522,1772639819999,15441661.86274,13153,3437.767,7341783.89202,0
1772639820000,2136.28,2140.57,2136.27,2139.83,9321.170,1772639879999,19935441.19035,14083,5361.812,11467738.33365,0
1772639880000,2139.82,2165.50,2139.81,2154.77,137313.206,1772639939999,295609623.06083,95531,100284.414,215957426.45926,0
1772639940000,2154.78,2156.61,2143.92,2149.30,35621.663,1772639999999,76575087.51193,39539,13848.830,29775189.28763,0
1772640000000,2149.29,2154.59,2147.57,2151.03,19049.775,1772640059999,40981362.11132,22283,12088.041,26005788.99949,0
1772640060000,2151.03,2151.15,2138.26,2146.83,37314.581,1772640119999,79958286.43424,34643,13835.019,29649735.78500,0
1772640120000,2146.83,2152.21,2146.12,2148.72,18253.225,1772640179999,39236958.88260,24148,10013.858,21528023.44797,0
1772640180000,2148.73,2165.88,2147.13,2154.18,49521.186,1772640239999,106836417.88365,47470,30713.198,66277679.11970,0
1772640240000,2154.19,2156.33,2144.56,2147.24,20843.266,1772640299999,44835737.65105,30376,7907.666,17021726.90838,0
1772640300000,2147.23,2150.60,2143.86,2148.93,15673.826,1772640359999,33658127.13222,25217,6035.252,12959906.16935,0
1772640360000,2148.93,2153.10,2148.27,2152.58,22923.908,1772640419999,49312370.43707,20578,10275.940,22104257.24569,0
1772640420000,2152.58,2152.58,2144.50,2148.44,14933.845,1772640479999,32092767.19186,18678,3529.956,7580374.63675,0
1772640480000,2148.43,2150.00,2144.94,2149.63,8329.920,1772640539999,17885799.17825,15147,4694.969,10082565.39893,0
1772640540000,2149.62,2149.64,2138.11,2140.76,36830.558,1772640599999,78887779.83887,27913,8616.366,18460810.65209,0
1772640600000,2140.77,2144.23,2139.53,2142.81,11172.516,1772640659999,23924074.61206,18464,5345.601,11447835.41349,0
1772640660000,2142.81,2143.37,2133.95,2135.99,19715.840,1772640719999,42125609.29545,25321,7062.184,15085583.51681,0
1772640720000,2135.99,2136.46,2133.01,2133.29,10608.244,1772640779999,22644833.85539,19813,5139.278,10970512.04295,0
1772640780000,2133.29,2135.27,2132.86,2134.41,9606.106,1772640839999,20498556.52954,15379,5301.797,11313834.04206,0
1772640840000,2134.41,2136.82,2132.86,2134.71,5841.577,1772640899999,12472195.87814,13923,3654.718,7803664.06751,0
1772640900000,2134.72,2137.80,2134.36,2136.87,6303.988,1772640959999,13467574.92665,15171,2779.798,5938894.01916,0
1772640960000,2136.86,2143.41,2136.86,2142.62,14468.109,1772641019999,30955989.97240,24329,8832.265,18900271.40145,0
1772641020000,2142.63,2143.65,2139.44,2142.16,8914.851,1772641079999,19094651.23038,16467,4253.772,9111909.71551,0
1772641080000,2142.15,2142.78,2138.00,2138.00,5861.499,1772641139999,12543526.76469,14933,1775.634,3799697.76032,0
1772641140000,2138.00,2140.44,2136.53,2138.03,6403.066,1772641199999,13691372.60751,13359,2643.299,5652033.31213,0
1772641200000,2138.04,2140.00,2136.33,2139.63,5936.660,1772641259999,12692895.19714,14036,3155.344,6747247.18755,0
1772641260000,2139.64,2140.30,2129.08,2131.55,18453.968,1772641319999,39384446.42250,27851,6775.718,14465590.34196,0
1772641320000,2131.55,2133.00,2127.83,2130.92,15509.906,1772641379999,33038486.50332,22984,6905.301,14711129.07108,0
1772641380000,2130.91,2135.38,2128.94,2132.30,10849.646,1772641439999,23129941.32332,20534,5136.161,10949803.73926,0
1772641440000,2132.31,2133.42,2129.60,2132.21,5677.810,1772641499999,12103571.67772,14150,2157.606,4599172.36311,0
1772641500000,2132.20,2137.59,2130.96,2136.47,6656.513,1772641559999,14216297.67598,15171,3329.058,7109319.21021,0
1772641560000,2136.48,2140.82,2136.47,2139.18,7519.945,1772641619999,16085654.84799,14508,4848.273,10370965.56584,0
1772641620000,2139.17,2146.71,2137.32,2146.40,12960.956,1772641679999,27769211.96914,19789,9069.599,19435489.95185,0
1772641680000,2146.40,2147.20,2143.03,2143.04,8856.823,1772641739999,18998433.11319,14078,3787.972,8126191.35104,0
1772641740000,2143.04,2143.41,2141.15,2142.93,4278.002,1772641799999,9164896.99259,8150,2034.757,4358824.47302,0
1772641800000,2142.93,2143.94,2140.62,2141.80,2794.169,1772641859999,5985738.83816,10607,1155.147,2474646.61765,0
1772641860000,2141.81,2147.79,2141.50,2146.41,6252.286,1772641919999,13409808.70142,16036,3605.844,7735045.03653,0
1772641920000,2146.40,2147.20,2143.51,2145.00,4713.600,1772641979999,10111075.58237,10984,1974.173,4235330.33114,0
1772641980000,2145.01,2147.30,2142.90,2144.31,4566.807,1772642039999,9796670.21849,10653,2479.220,5318399.39947,0
1772642040000,2144.32,2146.49,2144.00,2146.40,4471.207,1772642099999,9591761.97585,9558,1989.428,4267807.01602,0
1772642100000,2146.41,2149.48,2145.73,2146.24,6676.830,1772642159999,14340594.67505,15245,3594.255,7721517.99812,0
1772642160000,2146.23,2148.00,2145.01,2146.90,5831.472,1772642219999,12515957.46925,11266,3496.798,7504921.33433,0
1772642220000,2146.89,2147.10,2143.95,2144.21,3126.815,1772642279999,6708606.07238,9609,1129.023,2422364.78056,0
1772642280000,2144.21,2145.25,2142.00,2144.09,5456.567,1772642339999,11697571.89589,13554,2227.059,4774580.57879,0
1772642340000,2144.09,2148.82,2144.09,2146.00,5448.801,1772642399999,11699586.14919,14733,2934.286,6300368.00785,0
1772642400000,2145.99,2150.81,2145.67,2150.00,6989.681,1772642459999,15021868.11755,15960,3579.080,7692094.13876,0
1772642460000,2149.99,2151.72,2148.32,2150.07,6690.504,1772642519999,14384037.41882,12602,2394.520,5148860.92908,0
1772642520000,2150.07,2151.39,2149.18,2149.84,2890.315,1772642579999,6215234.20275,8408,1432.520,3080518.33880,0
1772642580000,2149.84,2150.88,2149.09,2149.14,2921.307,1772642639999,6280390.23801,7496,1779.587,3825774.39633,0
1772642640000,2149.15,2149.15,2145.16,2145.16,2765.993,1772642699999,5940203.58186,6748,800.283,1718917.50671,0
1772642700000,2145.16,2147.59,2142.25,2146.40,4373.203,1772642759999,9379214.90746,12198,1451.692,3113740.64242,0
1772642760000,2146.40,2147.53,2145.12,2147.30,2864.954,1772642819999,6148964.03422,7272,1386.752,2976122.66089,0
1772642820000,2147.29,2148.76,2146.05,2146.31,3823.514,1772642879999,8210439.32705,8279,1908.895,4098934.88147,0
1772642880000,2146.31,2147.90,2143.94,2147.89,3465.193,1772642939999,7434700.36045,9221,1639.693,3517952.24481,0
1772642940000,2147.90,2148.75,2146.99,2147.98,2971.673,1772642999999,6382827.06977,6398,1452.283,3119357.25354,0
1772643000000,2147.99,2148.41,2145.69,2147.32,2412.787,1772643059999,5180216.47941,7275,940.377,2018756.18345,0
1772643060000,2147.31,2148.97,2145.87,2146.75,2008.806,1772643119999,4313101.10763,7630,1005.743,2159538.00146,0
1772643120000,2146.76,2147.00,2143.00,2144.69,5242.316,1772643179999,11243859.12395,9514,1498.386,3213404.49669,0
1772643180000,2144.69,2148.12,2144.69,2147.06,3515.440,1772643239999,7547416.53902,8588,1915.728,4112685.64597,0
1772643240000,2147.06,2147.97,2145.65,2145.87,2148.689,1772643299999,4612306.78061,5464,1201.731,2579359.03594,0
1772643300000,2145.87,2147.21,2145.15,2147.20,1411.526,1772643359999,3029302.94015,4884,538.712,1156215.85189,0
1772643360000,2147.20,2147.20,2144.22,2144.61,2546.147,1772643419999,5463183.49805,7071,1366.210,2931394.72587,0
1772643420000,2144.61,2145.68,2143.22,2143.35,2144.436,1772643479999,4598304.32528,7098,810.582,1738195.36861,0
1772643480000,2143.35,2147.72,2143.23,2145.03,7726.640,1772643539999,16578140.63466,10593,4983.332,10692738.28304,0
1772643540000,2145.04,2145.21,2138.24,2141.24,10467.406,1772643599999,22406417.63698,12962,5386.434,11529301.40564,0
1772643600000,2141.25,2141.88,2137.28,2140.67,8609.319,1772643659999,18420056.67012,17304,2853.760,6105891.19250,0
1772643660000,2140.67,2145.48,2140.67,2144.08,5069.055,1772643719999,10862612.60777,10361,3333.003,7141572.72100,0
1772643720000,2144.07,2145.02,2141.60,2144.53,3807.174,1772643779999,8159562.10368,10362,1333.290,2858122.58500,0
1772643780000,2144.53,2149.66,2144.16,2148.63,10674.229,1772643839999,22920813.31412,16159,7871.924,16903519.70882,0
1772643840000,2148.63,2149.62,2145.50,2148.58,4339.211,1772643899999,9321505.37644,11266,1886.863,4053312.72262,0
1772643900000,2148.59,2149.04,2143.14,2143.15,3264.887,1772643959999,7005793.22038,11739,1003.669,2154010.44068,0
1772643960000,2143.14,2145.55,2142.84,2144.26,2736.335,1772644019999,5867081.57636,9534,1355.823,2907269.27753,0
1772644020000,2144.27,2146.58,2141.80,2142.15,3446.416,1772644079999,7387820.17785,10804,1174.232,2517655.68387,0
1772644080000,2142.14,2143.70,2141.14,2142.48,1846.508,1772644139999,3955711.90322,7303,837.969,1795107.97801,0
1772644140000,2142.48,2147.55,2141.58,2145.32,1888.301,1772644199999,4050754.61139,8487,1072.596,2300873.33214,0
1772644200000,2145.33,2149.13,2145.01,2147.88,3070.882,1772644259999,6596096.49780,9224,1778.910,3820984.37927,0
1772644260000,2147.88,2149.91,2147.29,2148.97,2656.827,1772644319999,5707911.80474,7864,1094.659,2352057.23567,0
1772644320000,2148.97,2150.53,2147.62,2149.95,3070.597,1772644379999,6597950.09352,7134,1774.126,3812415.86425,0
1772644380000,2149.95,2154.69,2149.55,2149.88,11405.196,1772644439999,24548329.13146,22445,6957.143,14975263.22350,0
1772644440000,2149.87,2152.37,2147.55,2147.66,5508.091,1772644499999,11844562.04641,11408,2635.762,5668413.48675,0
1772644500000,2147.66,2150.01,2146.67,2147.70,5094.608,1772644559999,10942045.10355,12577,2641.042,5672321.48096,0
1772644560000,2147.71,2152.30,2146.90,2151.38,5454.632,1772644619999,11730301.87697,12231,3637.566,7822044.00448,0
1772644620000,2151.37,2152.66,2141.65,2141.78,6680.321,1772644679999,14349149.89893,16540,3286.957,7063203.38647,0
1772644680000,2141.78,2144.35,2141.34,2142.90,4076.138,1772644739999,8734577.07643,11987,2191.460,4695933.80038,0
1772644740000,2142.91,2143.33,2138.15,2139.06,10243.605,1772644799999,21924402.23154,17234,3355.427,7182176.68797,0
1772644800000,2139.07,2139.19,2132.80,2134.59,14840.226,1772644859999,31696413.79701,24251,5774.060,12332088.80490,0
1772644860000,2134.59,2135.93,2130.31,2130.85,14291.594,1772644919999,30480425.59892,21431,5013.970,10693172.24492,0
1772644920000,2130.85,2133.17,2129.00,2133.17,9917.588,1772644979999,21131373.98496,16099,4608.843,9820462.06040,0
1772644980000,2133.18,2135.15,2129.55,2130.60,8240.081,1772645039999,17566991.92973,15690,3540.831,7549316.17517,0
1772645040000,2130.61,2133.92,2130.61,2131.71,3850.011,1772645099999,8209797.33841,9603,1837.001,3916866.11424,0
1772645100000,2131.71,2133.69,2131.01,2133.56,5772.514,1772645159999,12310980.18048,8462,2820.664,6016015.49626,0
1772645160000,2133.56,2133.61,2132.01,2132.93,3421.526,1772645219999,7297476.43927,6579,1657.844,3536029.55181,0
1772645220000,2132.92,2133.47,2132.10,2132.30,2489.268,1772645279999,5309278.69691,6347,930.050,1983619.41276,0
1772645280000,2132.30,2134.39,2132.29,2134.37,3109.696,1772645339999,6634309.15255,4811,2015.525,4300273.68936,0
1772645340000,2134.37,2135.49,2133.19,2134.58,3063.877,1772645399999,6539526.10116,5373,2150.581,4590308.51822,0
1772645400000,2134.57,2137.98,2134.41,2136.36,6557.844,1772645459999,14010553.92135,14763,3988.349,8520844.10380,0
1772645460000,2136.36,2138.63,2136.09,2136.10,4566.941,1772645519999,9761480.98540,10661,2667.352,5701330.81095,0
1772645520000,2136.09,2137.20,2134.85,2135.93,2658.847,1772645579999,5679414.93584,8297,1385.493,2959433.71200,0
1772645580000,2135.94,2141.30,2135.31,2139.42,4446.477,1772645639999,9507818.81058,11274,2810.706,6011351.58623,0
1772645640000,2139.41,2139.94,2135.71,2137.89,2801.544,1772645699999,5989013.28810,9375,1291.554,2760945.99931,0
1772645700000,2137.90,2143.51,2137.15,2140.45,8465.558,1772645759999,18119603.15065,14138,5251.509,11241503.23450,0
1772645760000,2140.46,2142.53,2139.27,2141.35,5692.586,1772645819999,12182197.29046,10725,2647.482,5665537.46744,0
1772645820000,2141.34,2142.43,2139.84,2141.17,2434.709,1772645879999,5212944.02033,10214,1076.188,2304221.99999,0
1772645880000,2141.17,2143.31,2140.52,2142.80,2114.031,1772645939999,4528141.73190,7002,995.610,2132715.46042,0
1772645940000,2142.80,2145.94,2142.66,2144.01,10837.836,1772645999999,23241774.68909,14796,6464.561,13863655.00344,0
1772646000000,2144.01,2146.51,2142.39,2143.97,3757.611,1772646059999,8057891.25868,9730,1639.556,3516109.36988,0
1772646060000,2143.97,2146.12,2142.90,2145.60,3410.715,1772646119999,7313524.94405,7893,1276.623,2737123.56255,0
1772646120000,2145.60,2147.74,2145.51,2145.57,2978.423,1772646179999,6392561.40716,8079,1304.984,2800919.71013,0
1772646180000,2145.56,2146.66,2143.90,2143.90,4640.829,1772646239999,9954433.30628,7050,1090.812,2339550.35712,0
1772646240000,2143.90,2144.84,2143.20,2143.73,3717.867,1772646299999,7971264.81930,5569,849.903,1822263.72864,0
1772646300000,2143.72,2147.17,2143.31,2147.16,1960.896,1772646359999,4207014.46691,6072,1431.617,3071485.82464,0
1772646360000,2147.16,2147.62,2144.88,2144.97,3079.044,1772646419999,6608782.60155,5748,887.213,1904083.67338,0
1772646420000,2144.97,2147.13,2144.96,2146.97,1964.116,1772646479999,4215577.93611,4887,529.858,1137247.65217,0
1772646480000,2146.96,2152.70,2146.96,2151.59,15292.652,1772646539999,32888950.55673,19331,11553.869,24848381.18891,0
1772646540000,2151.59,2151.92,2149.71,2150.70,4800.269,1772646599999,10324106.48632,9108,1863.618,4008288.01558,0
1772646600000,2150.70,2153.80,2150.17,2153.64,5451.483,1772646659999,11734731.95112,10635,2713.766,5841240.53719,0
1772646660000,2153.65,2155.72,2151.08,2151.09,9400.879,1772646719999,20251112.12840,13733,4985.966,10743195.17804,0
1772646720000,2151.08,2151.08,2144.95,2147.26,12721.994,1772646779999,27310693.43480,14137,3810.695,8180645.47791,0
1772646780000,2147.26,2151.59,2146.72,2149.78,2691.069,1772646839999,5784595.01282,9228,1382.238,2971022.14088,0
1772646840000,2149.78,2152.48,2149.04,2149.04,2926.934,1772646899999,6295491.60638,7032,1751.867,3768462.34421,0
1772646900000,2149.03,2149.87,2147.62,2148.18,2023.290,1772646959999,4347006.10973,4169,587.661,1262549.92074,0
1772646960000,2148.17,2148.18,2146.53,2147.76,1878.633,1772647019999,4033819.86843,5352,718.796,1543352.36696,0
1772647020000,2147.77,2148.17,2144.42,2145.06,3955.405,1772647079999,8487001.39549,7195,1841.950,3952705.92700,0
1772647080000,2145.05,2146.78,2144.70,2146.77,1784.623,1772647139999,3829386.07478,4338,926.621,1988507.64453,0
1772647140000,2146.77,2146.77,2144.82,2144.83,1034.466,1772647199999,2219478.69795,2617,427.580,917408.29853,0
1772647200000,2144.82,2146.71,2144.16,2144.69,2450.876,1772647259999,5257291.77735,6511,1190.124,2552913.00092,0
1772647260000,2144.70,2147.25,2144.39,2145.47,2515.471,1772647319999,5397063.58757,5230,1214.723,2606610.93048,0
1772647320000,2145.48,2147.18,2144.00,2147.18,1955.769,1772647379999,4195421.98004,5351,1231.012,2640738.78435,0
1772647380000,2147.17,2147.93,2143.89,2145.73,2366.779,1772647439999,5078041.98927,5712,1262.360,2708677.88707,0
1772647440000,2145.74,2149.00,2145.73,2148.54,2635.404,1772647499999,5660127.84235,6294,1887.518,4053568.03415,0
1772647500000,2148.55,2151.18,2147.00,2149.91,4817.057,1772647559999,10354015.77277,9286,2775.287,5965821.23000,0
1772647560000,2149.91,2150.38,2147.16,2147.74,1671.148,1772647619999,3591071.40815,4872,462.922,994739.87431,0
1772647620000,2147.74,2152.49,2147.74,2151.76,2514.546,1772647679999,5407980.31284,6143,1691.687,3638470.04535,0
1772647680000,2151.77,2153.00,2150.70,2151.46,2595.756,1772647739999,5585933.35481,6190,1585.083,3411200.85042,0
1772647740000,2151.46,2151.86,2149.18,2149.43,3189.212,1772647799999,6858789.70277,6208,1190.342,2559787.22262,0
1772647800000,2149.43,2149.43,2137.29,2139.40,14706.353,1772647859999,31494838.97845,18200,4280.709,9167128.85016,0
1772647860000,2139.40,2141.65,2136.67,2141.65,6151.851,1772647919999,13158270.28333,12786,3030.765,6483595.40090,0
1772647920000,2141.65,2144.52,2141.13,2144.02,3022.260,1772647979999,6476011.57076,8203,1411.405,3024138.07480,0
1772647980000,2144.02,2144.80,2139.62,2141.52,6400.214,1772648039999,13709521.09276,9463,1726.912,3698663.26565,0
1772648040000,2141.51,2142.71,2140.20,2140.80,2292.500,1772648099999,4908966.64352,4878,923.666,1977824.94260,0
1772648100000,2140.80,2142.99,2140.01,2142.82,1533.710,1772648159999,3283768.64746,4719,688.651,1474547.33986,0
1772648160000,2142.81,2148.48,2141.31,2142.55,11618.676,1772648219999,24917279.74871,13785,7910.813,16967132.34743,0
1772648220000,2142.55,2143.44,2140.78,2143.16,3951.278,1772648279999,8463693.01706,7458,1394.479,2987156.32891,0
1772648280000,2143.16,2146.06,2143.02,2145.36,3744.229,1772648339999,8030149.29646,7522,1885.816,4044140.52569,0
1772648340000,2145.35,2151.48,2145.29,2150.58,15127.687,1772648399999,32505336.36091,15738,11582.773,24889736.79455,0
1772648400000,2150.59,2153.42,2150.39,2150.39,6609.697,1772648459999,14223862.20403,10730,3397.760,7311790.27357,0
1772648460000,2150.39,2150.93,2149.50,2150.92,2457.733,1772648519999,5284503.76458,5392,991.217,2131258.79527,0
1772648520000,2150.92,2152.00,2150.00,2151.44,1992.045,1772648579999,4285378.37680,5092,1087.588,2339675.78896,0
1772648580000,2151.43,2152.60,2151.04,2152.35,2005.297,1772648639999,4315465.01842,4163,1007.566,2168417.00576,0
1772648640000,2152.36,2152.89,2150.27,2150.94,1597.370,1772648699999,3437404.18688,3935,636.685,1370202.71509,0
1772648700000,2150.94,2153.30,2150.76,2152.31,4757.693,1772648759999,10240737.94604,6335,2768.590,5959487.93254,0
1772648760000,2152.31,2154.49,2152.05,2152.91,3897.697,1772648819999,8392642.92228,8169,1948.480,4195867.81114,0
1772648820000,2152.91,2154.52,2152.51,2154.19,1790.222,1772648879999,3855269.30859,5308,887.740,1911994.93094,0
1772648880000,2154.19,2155.00,2153.38,2153.55,2975.679,1772648939999,6410878.66791,4777,1737.307,3742935.72020,0
1772648940000,2153.56,2154.21,2153.15,2153.50,1458.384,1772648999999,3140992.25539,2561,676.390,1456742.78495,0
1772649000000,2153.51,2158.64,2150.82,2151.68,12060.205,1772649059999,25989885.96981,18350,5928.921,12784432.64290,0
1772649060000,2151.68,2151.68,2148.28,2149.37,8167.515,1772649119999,17560275.98477,10370,2682.575,5766846.61145,0
1772649120000,2149.37,2149.44,2145.21,2146.98,4497.259,1772649179999,9656372.61509,8391,1858.587,3990042.88267,0
1772649180000,2146.99,2147.55,2145.59,2146.50,1678.962,1772649239999,3603862.64230,3627,1001.982,2150601.36903,0
1772649240000,2146.51,2148.05,2145.11,2147.43,2548.571,1772649299999,5470867.02215,4548,1602.125,3439151.56760,0
1772649300000,2147.44,2148.75,2145.99,2145.99,2826.843,1772649359999,6071178.34480,6516,1454.574,3124182.11445,0
1772649360000,2146.00,2149.34,2146.00,2147.80,2069.190,1772649419999,4444082.33646,4689,1380.123,2964011.09896,0
1772649420000,2147.80,2148.00,2146.00,2146.41,1214.897,1772649479999,2608207.33309,5540,562.663,1207939.26702,0
1772649480000,2146.41,2146.78,2144.20,2145.99,3927.651,1772649539999,8425427.85579,7419,1216.032,2608521.13635,0
1772649540000,2145.99,2147.18,2145.20,2147.08,1651.401,1772649599999,3544690.96538,4329,687.383,1475373.01199,0
1772649600000,2147.08,2148.86,2147.08,2148.50,1082.313,1772649659999,2324889.72971,4090,592.576,1272862.39298,0
1772649660000,2148.51,2152.36,2147.97,2151.63,3648.073,1772649719999,7845033.60274,6773,1958.028,4210363.67093,0
1772649720000,2151.63,2152.64,2150.55,2152.29,2524.920,1772649779999,5432768.32605,5414,1650.780,3551923.24113,0
1772649780000,2152.28,2153.16,2151.75,2151.98,2575.436,1772649839999,5543462.54549,4182,1409.389,3033523.70288,0
1772649840000,2151.99,2153.24,2151.32,2152.50,1855.611,1772649899999,3994178.63585,3815,785.662,1691108.03360,0
1772649900000,2152.50,2159.99,2151.74,2157.74,10315.360,1772649959999,22247094.35267,15856,7200.377,15530566.96989,0
1772649960000,2157.74,2157.84,2153.13,2153.97,6298.198,1772650019999,13576072.36335,9358,1640.190,3535803.14271,0
1772650020000,2153.97,2154.33,2152.16,2152.34,2319.578,1772650079999,4994686.97920,6832,828.440,1784040.91134,0
1772650080000,2152.33,2153.66,2150.77,2153.34,1819.445,1772650139999,3916230.06067,6646,534.284,1149936.55476,0
1772650140000,2153.34,2158.11,2153.33,2158.10,2173.953,1772650199999,4686591.16352,6960,1468.327,3165380.13240,0
1772650200000,2158.11,2163.38,2157.18,2159.06,10549.149,1772650259999,22791108.74521,14441,7265.813,15698456.77572,0
1772650260000,2159.06,2159.68,2157.09,2157.35,2844.783,1772650319999,6139001.47968,7151,865.380,1867546.17655,0
1772650320000,2157.36,2158.49,2157.18,2158.22,1263.699,1772650379999,2726855.26073,3666,619.140,1336025.98350,0
1772650380000,2158.23,2163.93,2158.23,2159.29,6132.556,1772650439999,13255670.48732,12900,3893.208,8415822.74868,0
1772650440000,2159.30,2159.85,2156.53,2159.85,3545.588,1772650499999,7653033.55916,8404,1554.499,3355423.29443,0
1772650500000,2159.84,2160.09,2156.01,2156.85,2463.536,1772650559999,5315163.85534,6116,879.724,1898149.77332,0
1772650560000,2156.85,2159.76,2156.64,2158.63,1418.587,1772650619999,3062201.29307,5340,896.140,1934437.80886,0
1772650620000,2158.63,2158.63,2156.62,2158.00,1868.826,1772650679999,4031691.60501,3961,862.567,1860758.79290,0
1772650680000,2158.00,2158.00,2155.80,2157.46,1688.636,1772650739999,3642059.42789,5638,807.415,1741396.00132,0
1772650740000,2157.46,2162.00,2157.09,2161.99,2093.826,1772650799999,4521517.35013,5837,1335.508,2884337.79180,0
1772650800000,2161.99,2162.39,2159.70,2160.30,4419.185,1772650859999,9549299.13870,8960,1935.317,4181859.23999,0
1772650860000,2160.32,2162.81,2160.32,2162.78,3904.340,1772650919999,8441554.80622,8668,1860.165,4021785.37454,0
1772650920000,2162.77,2162.87,2160.06,2162.34,3610.643,1772650979999,7804721.32172,9087,1927.356,4165962.93389,0
1772650980000,2162.34,2174.00,2162.16,2167.60,64146.855,1772651039999,139163768.19778,48163,43424.072,94211859.79065,0
1772651040000,2167.60,2170.42,2165.93,2168.27,10838.370,1772651099999,23500611.73423,15901,4778.053,10360373.27597,0
1772651100000,2168.27,2177.00,2167.31,2170.42,17958.308,1772651159999,39044998.24737,26384,10790.942,23461864.10070,0
1772651160000,2170.41,2173.84,2170.41,2172.17,7226.513,1772651219999,15700165.17078,11612,4016.792,8727428.79831,0
1772651220000,2172.17,2175.00,2169.42,2173.59,6866.530,1772651279999,14913695.56618,11683,3090.844,6713610.69796,0
1772651280000,2173.58,2175.00,2172.75,2174.69,7865.880,1772651339999,17100221.58478,12230,3794.908,8249613.90909,0
1772651340000,2174.69,2175.64,2170.29,2171.44,5046.982,1772651399999,10970401.01109,10728,1693.427,3681387.17027,0
1772651400000,2171.44,2174.73,2170.60,2174.01,4224.264,1772651459999,9177111.04056,8380,2490.267,5409643.44184,0
1772651460000,2174.02,2176.42,2172.10,2175.97,3353.574,1772651519999,7290524.20682,8228,1928.582,4192697.21940,0
1772651520000,2175.97,2186.73,2174.11,2184.08,53118.711,1772651579999,115875215.07719,45660,35710.431,77897509.04125,0
1772651580000,2184.09,2185.81,2180.96,2184.40,12836.423,1772651639999,28032378.34433,21207,6617.053,14450905.61514,0
1772651640000,2184.41,2184.92,2178.37,2180.83,10233.039,1772651699999,22314620.24799,14273,2732.604,5961028.71954,0
1772651700000,2180.83,2181.48,2177.59,2179.86,5280.220,1772651759999,11508758.71054,9764,2391.669,5212807.40627,0
1772651760000,2179.87,2180.53,2178.85,2179.05,2830.487,1772651819999,6169038.49591,5834,1530.030,3334595.90544,0
1772651820000,2179.06,2179.75,2176.18,2177.37,5059.937,1772651879999,11016987.82178,9236,1846.873,4020864.18447,0
1772651880000,2177.35,2179.44,2176.17,2178.98,3485.040,1772651939999,7588886.76959,7079,2152.590,4687215.62613,0
1772651940000,2178.97,2199.28,2178.97,2196.79,71899.976,1772651999999,157539018.06992,56318,50584.351,110829990.54429,0
1772652000000,2196.78,2199.47,2191.63,2197.72,42334.153,1772652059999,92939915.87480,32827,20476.618,44955451.07245,0
1772652060000,2197.73,2197.81,2185.34,2187.13,15295.579,1772652119999,33506551.56654,19495,4375.754,9584489.74952,0
1772652120000,2187.14,2189.17,2185.01,2188.32,8605.868,1772652179999,18821494.05257,14733,3806.491,8324593.57077,0
1772652180000,2188.32,2188.46,2178.67,2181.47,32253.173,1772652239999,70386272.62434,22183,14233.187,31050659.95657,0
1772652240000,2181.48,2184.79,2178.60,2179.19,15132.459,1772652299999,33013206.24523,14713,6642.680,14490316.32695,0
1772652300000,2179.20,2180.00,2176.97,2177.35,10091.461,1772652359999,21987097.11139,13829,4276.219,9317491.32253,0
1772652360000,2177.35,2178.00,2175.31,2176.96,12006.367,1772652419999,26134217.74748,16821,5471.447,11910115.43646,0
1772652420000,2176.96,2179.48,2175.59,2177.32,4917.918,1772652479999,10709416.19787,10044,2541.654,5534676.50569,0
1772652480000,2177.33,2177.80,2174.51,2175.42,3698.560,1772652539999,8046783.87530,6994,1412.509,3073176.29475,0
1772652540000,2175.41,2176.39,2173.88,2174.37,3803.710,1772652599999,8273819.54163,6906,1866.148,4059402.98463,0
1772652600000,2174.38,2178.45,2172.81,2175.90,5049.125,1772652659999,10982460.99353,12345,2789.453,6067566.39874,0
1772652660000,2175.91,2176.16,2172.15,2174.31,2924.750,1772652719999,6357678.27897,8779,922.893,2006180.47570,0
1772652720000,2174.31,2177.95,2172.75,2172.75,5736.248,1772652779999,12479533.85366,12273,3541.855,7705869.82028,0
1772652780000,2172.76,2174.86,2170.38,2172.65,3190.673,1772652839999,6930910.73837,10762,1546.628,3360068.29518,0
1772652840000,2172.66,2172.77,2169.01,2172.40,6724.559,1772652899999,14599596.65644,11592,2197.277,4770990.49709,0
1772652900000,2172.39,2177.14,2169.82,2176.70,4210.794,1772652959999,9153396.93330,12265,2956.002,6426633.58244,0
1772652960000,2176.69,2179.40,2174.85,2174.86,5183.661,1772653019999,11284484.67098,11784,2926.723,6372132.72131,0
1772653020000,2174.86,2177.09,2174.21,2177.09,2165.339,1772653079999,4710381.94306,8906,1064.956,2316634.67784,0
1772653080000,2177.09,2181.22,2176.99,2180.23,5030.936,1772653139999,10964612.98317,11965,3626.552,7904383.64474,0
1772653140000,2180.22,2183.40,2179.90,2181.87,5301.149,1772653199999,11566378.56708,10350,3334.926,7276436.71822,0
1772653200000,2181.87,2183.16,2181.00,2183.00,4168.024,1772653259999,9094188.00408,7351,1679.187,3664223.18902,0
1772653260000,2183.00,2183.88,2181.39,2182.29,3356.244,1772653319999,7326009.33369,7638,1543.356,3369025.55152,0
1772653320000,2182.30,2186.81,2181.15,2186.19,5432.913,1772653379999,11865367.27052,9476,4000.584,8738239.82975,0
1772653380000,2186.20,2186.49,2178.00,2179.28,8574.014,1772653439999,18704969.29271,14111,3234.851,7058050.47581,0
1772653440000,2179.29,2181.65,2179.15,2180.36,2289.388,1772653499999,4990973.19933,5772,1434.599,3127491.38078,0
1772653500000,2180.36,2181.00,2179.17,2180.74,2567.952,1772653559999,5598171.38573,6455,1317.996,2873176.15396,0
1772653560000,2180.74,2181.24,2177.97,2178.63,1750.856,1772653619999,3815189.12952,7329,676.323,1473704.85353,0
1772653620000,2178.64,2181.21,2177.64,2179.96,2601.944,1772653679999,5670474.29540,8780,940.468,2049840.17669,0
1772653680000,2179.96,2181.21,2178.90,2179.26,1866.792,1772653739999,4069776.53583,5883,693.973,1512879.66618,0
1772653740000,2179.25,2180.19,2178.63,2180.01,2366.504,1772653799999,5157443.77039,5436,1777.348,3873260.71695,0
1772653800000,2180.02,2180.49,2179.01,2179.25,1012.383,1772653859999,2206814.44325,3675,464.806,1013207.35703,0
1772653860000,2179.25,2179.83,2174.63,2176.27,2595.953,1772653919999,5650740.65190,8366,729.400,1587841.26870,0
1772653920000,2176.28,2182.77,2175.48,2182.75,2115.783,1772653979999,4611887.67722,8819,1162.688,2534947.00990,0
1772653980000,2182.76,2184.16,2182.00,2183.16,4088.697,1772654039999,8926409.73673,7410,2319.149,5063132.01965,0
1772654040000,2183.16,2183.16,2182.38,2182.81,935.645,1772654099999,2042205.45404,2303,370.825,809372.67156,0
1772654100000,2182.81,2183.29,2178.54,2179.25,2519.716,1772654159999,5496562.18165,7015,896.727,1956125.98410,0
1772654160000,2179.25,2180.00,2177.78,2178.57,1333.320,1772654219999,2905128.20431,5046,542.065,1181138.38785,0
1772654220000,2178.56,2179.35,2177.78,2177.86,1146.624,1772654279999,2497950.67251,3492,743.882,1620560.96592,0
1772654280000,2177.85,2178.58,2176.71,2178.24,2724.279,1772654339999,5932884.18320,5526,1337.608,2913075.04235,0
1772654340000,2178.24,2178.25,2176.09,2176.46,2049.824,1772654399999,4462034.23673,4419,775.236,1687401.25828,0
1772654400000,2176.47,2178.69,2175.32,2175.43,3012.071,1772654459999,6558711.83551,7049,1858.999,4048075.63281,0
1772654460000,2175.44,2178.13,2175.44,2176.42,2998.413,1772654519999,6526766.61710,6826,2016.446,4389175.14664,0
1772654520000,2176.41,2178.34,2174.04,2174.21,2603.456,1772654579999,5665773.27397,7101,1388.413,3022053.99243,0
1772654580000,2174.21,2175.15,2172.22,2174.78,6376.168,1772654639999,13856024.66442,10530,2865.353,6226272.12636,0
1772654640000,2174.79,2178.34,2174.54,2176.63,1263.124,1772654699999,2749727.57619,5855,789.392,1718560.48433,0
1772654700000,2176.64,2177.54,2172.50,2172.83,1583.900,1772654759999,3445020.16708,6670,649.648,1412848.85560,0
1772654760000,2172.83,2174.40,2171.66,2171.69,2218.656,1772654819999,4820922.27716,5779,847.385,1841472.35199,0
1772654820000,2171.69,2173.05,2167.39,2168.31,9352.479,1772654879999,20301080.06938,14855,2968.654,6442849.25917,0
1772654880000,2168.32,2169.20,2163.10,2163.46,14854.611,1772654939999,32165831.82891,18786,6639.909,14376162.75001,0
1772654940000,2163.46,2164.86,2161.28,2163.95,7735.376,1772654999999,16735074.20663,10894,2832.886,6129034.24331,0
1772655000000,2163.95,2164.80,2162.92,2163.31,3262.763,1772655059999,7059974.24508,6640,1781.233,3854291.92199,0
1772655060000,2163.31,2167.16,2163.31,2164.52,4147.331,1772655119999,8980842.35934,8306,2702.044,5851359.78048,0
1772655120000,2164.52,2167.00,2163.99,2166.75,4018.293,1772655179999,8699615.53078,6894,2241.614,4853218.37806,0
1772655180000,2166.75,2168.76,2166.56,2168.12,2755.117,1772655239999,5972104.05760,6189,1816.103,3936721.95446,0
1772655240000,2168.13,2168.46,2166.78,2167.40,1398.758,1772655299999,3031762.37131,3488,638.090,1383060.74337,0
1772655300000,2167.39,2169.02,2167.39,2168.35,1819.739,1772655359999,3945811.84964,3656,1135.376,2461823.46811,0
1772655360000,2168.34,2176.37,2167.69,2175.28,7572.003,1772655419999,16449809.09989,11193,5424.988,11784374.12940,0
1772655420000,2175.28,2175.99,2171.92,2172.29,4197.944,1772655479999,9126582.95403,9243,1428.897,3106435.19526,0
1772655480000,2172.29,2172.43,2168.29,2169.49,1864.852,1772655539999,4046583.08349,5523,611.698,1327135.33160,0
1772655540000,2169.49,2170.19,2168.53,2169.26,1230.519,1772655599999,2669415.78524,3408,461.580,1001252.69522,0
1772655600000,2169.26,2170.94,2168.91,2170.86,1074.151,1772655659999,2330756.89106,3754,548.500,1190143.36247,0
1772655660000,2170.86,2171.24,2164.61,2164.76,4425.158,1772655719999,9591810.84208,8678,1442.853,3127061.49009,0
1772655720000,2164.76,2168.22,2164.13,2168.06,2377.529,1772655779999,5148159.66939,6176,891.793,1931137.83211,0
1772655780000,2168.06,2169.23,2167.20,2168.85,1294.303,1772655839999,2806368.52679,4944,683.519,1482090.03320,0
1772655840000,2168.85,2170.00,2167.93,2169.02,1233.580,1772655899999,2675438.85149,3862,556.235,1206349.82092,0
1772655900000,2169.03,2169.40,2167.41,2168.90,1772.607,1772655959999,3843941.50000,5725,531.663,1152908.17116,0
1772655960000,2168.89,2172.39,2168.89,2171.64,1216.200,1772656019999,2639942.88807,4908,811.449,1761373.69855,0
1772656020000,2171.65,2171.65,2169.48,2170.04,1623.644,1772656079999,3524032.08147,4674,451.677,980399.40524,0
1772656080000,2170.04,2172.23,2170.04,2170.47,2020.501,1772656139999,4386696.66040,5573,954.549,2072297.17986,0
1772656140000,2170.48,2170.77,2168.60,2170.73,2258.853,1772656199999,4900904.64056,4986,1648.828,3577427.19915,0
1772656200000,2170.73,2170.74,2168.60,2168.78,1593.632,1772656259999,3457101.65489,4129,901.321,1955162.43436,0
1772656260000,2168.79,2169.05,2165.00,2166.00,3485.773,1772656319999,7552238.82033,6978,999.398,2165761.60245,0
1772656320000,2166.00,2167.26,2164.05,2166.19,2504.890,1772656379999,5424392.81730,6761,1060.976,2297494.44259,0
1772656380000,2166.19,2166.88,2165.20,2166.62,978.633,1772656439999,2119847.00701,4489,428.708,928683.00560,0
1772656440000,2166.62,2171.49,2166.19,2170.53,1551.780,1772656499999,3366256.42566,7248,1039.480,2255021.79522,0
1772656500000,2170.52,2171.28,2169.75,2170.81,1017.772,1772656559999,2209168.33467,4705,635.882,1380218.58521,0
1772656560000,2170.81,2174.70,2170.39,2174.30,2660.065,1772656619999,5781450.13202,7382,1661.189,3610622.73570,0
1772656620000,2174.30,2174.30,2168.81,2169.53,1719.752,1772656679999,3732101.99973,6164,664.071,1441029.18845,0
1772656680000,2169.52,2170.49,2168.40,2168.40,1959.611,1772656739999,4251641.81514,4457,1350.402,2930007.51836,0
1772656740000,2168.41,2168.94,2167.57,2168.27,819.512,1772656799999,1776867.56760,3459,264.436,573333.08588,0
1772656800000,2168.26,2170.32,2167.65,2168.27,1421.388,1772656859999,3082531.03361,5921,721.655,1565154.67330,0
1772656860000,2168.28,2171.35,2168.27,2170.24,910.419,1772656919999,1975889.62208,4682,593.490,1287950.01489,0
1772656920000,2170.24,2171.63,2168.01,2171.60,2912.157,1772656979999,6318249.23766,7428,2016.673,4375100.50132,0
1772656980000,2171.60,2172.52,2169.34,2171.56,1293.432,1772657039999,2807568.91099,4394,415.792,902693.23400,0
1772657040000,2171.56,2172.43,2170.81,2171.70,890.068,1772657099999,1932863.42111,3183,413.482,897952.37615,0
1772657100000,2171.69,2171.85,2169.85,2171.85,848.100,1772657159999,1841200.08561,3871,487.655,1058694.15692,0
1772657160000,2171.84,2171.84,2170.20,2170.88,834.276,1772657219999,1810990.69138,2757,510.140,1107362.98955,0
1772657220000,2170.88,2172.88,2169.43,2169.51,1149.226,1772657279999,2494957.96736,4332,535.524,1162607.18986,0
1772657280000,2169.51,2170.36,2168.16,2170.10,2346.409,1772657339999,5091089.29063,5038,785.462,1704048.98756,0
1772657340000,2170.11,2171.34,2169.84,2170.33,643.623,1772657399999,1397044.34840,2966,422.255,916528.80639,0
1772657400000,2170.32,2170.32,2163.25,2164.76,5387.827,1772657459999,11665574.07400,14054,2452.963,5310658.28305,0
1772657460000,2164.75,2165.79,2161.00,2164.32,3462.448,1772657519999,7488674.01431,9460,1613.761,3490377.82748,0
1772657520000,2164.31,2164.47,2160.58,2160.82,3067.561,1772657579999,6630803.26828,6828,1150.236,2486187.57917,0
1772657580000,2160.83,2161.08,2157.57,2158.09,7560.413,1772657639999,16324202.87831,12946,3198.718,6907135.44896,0
1772657640000,2158.08,2160.60,2157.96,2158.70,3618.930,1772657699999,7814078.53228,8170,1899.939,4102294.39641,0
1772657700000,2158.69,2159.00,2156.24,2158.57,6760.568,1772657759999,14587506.40949,9648,2887.235,6229959.00881,0
1772657760000,2158.57,2158.57,2155.55,2156.22,4192.341,1772657819999,9042081.48458,6905,1568.192,3382350.88788,0
1772657820000,2156.21,2156.33,2154.03,2155.89,6905.592,1772657879999,14883752.58664,7440,3512.207,7569717.60435,0
1772657880000,2155.90,2156.70,2154.29,2154.63,5392.218,1772657939999,11620569.16837,5493,2659.804,5732088.14088,0
1772657940000,2154.62,2154.73,2148.35,2148.51,24990.587,1772657999999,53766105.61348,25604,7471.699,16074660.76414,0
1772658000000,2148.49,2154.20,2148.49,2151.39,9077.537,1772658059999,19527574.18165,17197,4824.033,10377253.84269,0
1772658060000,2151.39,2152.21,2148.21,2149.84,7672.642,1772658119999,16495538.51005,12940,3319.697,7136166.20384,0
1772658120000,2149.83,2153.53,2149.83,2152.81,5129.749,1772658179999,11040842.88190,10739,3168.156,6818861.01015,0
1772658180000,2152.80,2154.21,2151.06,2152.36,3740.147,1772658239999,8052184.07748,7562,1733.753,3732718.36216,0
1772658240000,2152.36,2153.69,2151.63,2151.97,1620.813,1772658299999,3488785.56298,5377,988.826,2128394.56113,0
1772658300000,2151.96,2153.24,2148.71,2148.76,2395.353,1772658359999,5151282.06910,6533,1203.266,2587918.11175,0
1772658360000,2148.76,2150.28,2145.26,2147.73,5002.780,1772658419999,10742964.44474,11876,2424.385,5205893.52290,0
1772658420000,2147.72,2148.08,2144.44,2145.78,4110.306,1772658479999,8819669.96918,7778,1539.074,3302688.97716,0
1772658480000,2145.78,2146.65,2143.67,2145.13,4736.998,1772658539999,10161031.59044,8956,1839.427,3946123.19851,0
1772658540000,2145.13,2145.92,2143.72,2145.24,2775.999,1772658599999,5954713.22781,4803,1591.690,3414192.17224,0
1772658600000,2145.24,2146.08,2144.23,2144.24,3309.904,1772658659999,7100230.98543,5226,1237.123,2653854.30480,0
1772658660000,2144.24,2144.24,2141.27,2142.01,4559.485,1772658719999,9767177.98722,9842,2125.889,4553743.94239,0
1772658720000,2142.00,2143.52,2141.33,2142.89,5088.804,1772658779999,10901808.01411,5647,1777.247,3807822.04656,0
1772658780000,2142.89,2144.92,2142.00,2144.91,2245.536,1772658839999,4813784.15018,5418,1188.201,2546994.30630,0
1772658840000,2144.92,2146.76,2143.79,2144.53,2609.454,1772658899999,5597416.07244,5341,1312.848,2816281.86217,0
1772658900000,2144.52,2145.56,2143.00,2145.42,2232.362,1772658959999,4786869.44950,8095,1211.521,2597960.52015,0
1772658960000,2145.43,2145.43,2143.01,2145.11,3052.787,1772659019999,6546956.11988,5445,918.056,1968256.03109,0
1772659020000,2145.12,2145.84,2144.02,2144.09,1003.964,1772659079999,2153349.48167,4384,508.873,1091507.23143,0
1772659080000,2144.08,2144.34,2141.20,2143.00,4365.874,1772659139999,9355314.58224,8996,1575.463,3375638.63281,0
1772659140000,2142.99,2145.29,2142.99,2145.13,1961.343,1772659199999,4205987.19118,3325,1667.405,3575813.37989,0
1772659200000,2145.12,2145.12,2143.13,2143.79,1787.186,1772659259999,3831431.12046,3735,1165.858,2499368.26266,0
1772659260000,2143.80,2148.59,2143.79,2147.39,4853.569,1772659319999,10421339.66450,10008,3470.506,7452086.39527,0
1772659320000,2147.40,2147.87,2146.34,2147.06,1793.313,1772659379999,3850573.59239,4317,1289.426,2768696.64235,0
1772659380000,2147.06,2147.06,2144.04,2144.86,1736.963,1772659439999,3725907.22288,3778,1069.444,2293818.00161,0
1772659440000,2144.86,2145.67,2144.56,2145.57,900.244,1772659499999,1931103.59446,2600,492.914,1057329.89407,0
1772659500000,2145.56,2147.41,2145.56,2146.93,931.648,1772659559999,1999821.60993,3610,712.584,1529578.55243,0
1772659560000,2146.94,2147.86,2146.21,2146.47,895.332,1772659619999,1922130.98930,3201,409.418,878880.40139,0
1772659620000,2146.46,2147.84,2146.40,2147.37,867.786,1772659679999,1863305.92023,2121,554.479,1190573.86640,0
1772659680000,2147.36,2149.19,2147.36,2148.72,1495.497,1772659739999,3213247.52081,2876,1046.601,2248737.32128,0
1772659740000,2148.71,2148.97,2146.74,2147.83,1019.041,1772659799999,2188646.13952,2583,472.234,1014298.49930,0
1772659800000,2147.83,2147.83,2145.00,2147.26,1197.777,1772659859999,2570443.05965,4554,668.468,1434535.63418,0
1772659860000,2147.26,2148.43,2147.26,2147.71,1460.777,1772659919999,3137860.52495,3027,863.947,1855730.02007,0
1772659920000,2147.71,2149.07,2147.45,2147.64,1730.625,1772659979999,3718111.03578,3214,577.592,1240817.73909,0
1772659980000,2147.65,2148.47,2147.36,2147.37,713.867,1772660039999,1533227.07781,1902,281.771,605204.12323,0
1772660040000,2147.37,2147.77,2146.30,2146.30,894.264,1772660099999,1919968.39008,2628,520.968,1118502.60170,0
1772660100000,2146.30,2146.63,2145.07,2146.46,1177.683,1772660159999,2526968.11073,3385,446.097,957194.46744,0
1772660160000,2146.46,2149.53,2146.45,2149.52,1544.012,1772660219999,3316727.25217,3677,806.821,1733126.83733,0
1772660220000,2149.52,2151.00,2149.12,2150.97,4237.272,1772660279999,9111764.25001,5382,2825.075,6075099.06764,0
1772660280000,2150.97,2154.77,2150.73,2154.47,5429.003,1772660339999,11686197.05640,7910,3825.061,8232727.05270,0
1772660340000,2154.47,2154.47,2152.25,2152.90,1663.270,1772660399999,3581190.62448,4082,944.773,2034131.74499,0
1772660400000,2152.91,2152.91,2149.61,2149.74,1695.946,1772660459999,3648338.92572,4306,611.003,1314460.80855,0
1772660460000,2149.74,2149.92,2148.41,2149.78,1768.270,1772660519999,3800209.08323,3935,496.454,1066970.52009,0
1772660520000,2149.77,2151.49,2149.77,2150.41,1159.714,1772660579999,2494127.02295,3399,858.481,1846302.20062,0
1772660580000,2150.42,2150.42,2149.99,2149.99,340.909,1772660639999,733043.36634,721,176.797,380169.11312,0
1772660640000,2150.00,2150.00,2148.00,2148.00,878.538,1772660699999,1887747.82344,2309,432.050,928342.31772,0
1772660700000,2148.01,2149.89,2147.49,2148.52,1275.488,1772660759999,2740739.32233,4477,644.328,1384505.11415,0
1772660760000,2148.52,2149.32,2147.70,2149.03,904.383,1772660819999,1942879.19342,2274,250.858,538973.96574,0
1772660820000,2149.02,2149.77,2148.58,2148.76,621.227,1772660879999,1334950.40520,1709,513.360,1103147.46578,0
1772660880000,2148.76,2149.51,2147.52,2148.48,558.966,1772660939999,1201005.34336,2561,296.091,636204.46142,0
1772660940000,2148.49,2149.67,2148.01,2148.04,718.264,1772660999999,1543453.36277,3016,427.926,919531.94856,0
1772661000000,2148.03,2148.96,2148.03,2148.69,418.348,1772661059999,898887.44447,1523,163.988,352348.61388,0
1772661060000,2148.69,2149.95,2148.68,2148.75,785.332,1772661119999,1687905.04629,2378,494.015,1061774.78403,0
1772661120000,2148.74,2151.27,2148.74,2150.81,1208.486,1772661179999,2598664.34472,3409,734.404,1579156.03149,0
1772661180000,2150.81,2151.06,2149.75,2150.18,595.343,1772661239999,1280286.32391,1889,415.755,894073.96388,0
1772661240000,2150.18,2150.18,2146.01,2146.35,1187.699,1772661299999,2550942.91434,3922,451.495,969836.84319,0
1772661300000,2146.35,2146.36,2145.01,2145.02,1533.980,1772661359999,3291252.90575,3970,642.963,1379482.32255,0
1772661360000,2145.01,2145.89,2144.34,2145.69,1668.098,1772661419999,3578290.52031,2987,903.717,1938606.33273,0
1772661420000,2145.68,2147.61,2145.03,2147.39,797.309,1772661479999,1711393.88466,2624,400.485,859649.31865,0
1772661480000,2147.39,2149.32,2147.25,2148.76,1354.359,1772661539999,2910088.72235,3302,729.072,1566553.11355,0
1772661540000,2148.77,2149.26,2148.56,2148.62,323.561,1772661599999,695266.58186,1217,180.607,388080.93257,0
1772661600000,2148.61,2152.00,2148.61,2151.92,4539.331,1772661659999,9764325.02871,5882,3813.431,8202885.88857,0
1772661660000,2151.93,2156.81,2151.93,2154.81,6443.912,1772661719999,13887087.11921,10476,4725.354,10183297.67028,0
1772661720000,2154.81,2158.84,2154.81,2158.20,5226.834,1772661779999,11275630.34109,9061,3643.383,7859642.78116,0
1772661780000,2158.21,2158.21,2154.13,2154.13,3649.158,1772661839999,7867158.04469,5291,768.214,1656257.12185,0
1772661840000,2154.13,2157.63,2154.13,2156.91,1304.450,1772661899999,2812886.06841,3809,773.220,1667137.48801,0
1772661900000,2156.92,2158.50,2156.42,2157.33,4511.548,1772661959999,9732070.30039,5569,1965.759,4240821.37857,0
1772661960000,2157.33,2158.18,2156.67,2157.48,1374.641,1772662019999,2965697.54439,2999,696.382,1502255.54797,0
1772662020000,2157.47,2159.50,2156.87,2159.33,1116.847,1772662079999,2410556.86112,3223,735.426,1587368.59859,0
1772662080000,2159.33,2160.96,2158.53,2159.01,3847.681,1772662139999,8309979.57681,6357,1726.568,3729450.24464,0
1772662140000,2159.01,2161.48,2159.00,2161.48,1139.140,1772662199999,2461110.22088,3392,881.230,1903822.12174,0
1772662200000,2161.47,2162.90,2161.11,2161.97,4464.124,1772662259999,9651823.22934,6527,1913.472,4137151.88604,0
1772662260000,2161.97,2161.98,2160.52,2160.90,2343.054,1772662319999,5063425.99594,2968,820.894,1773893.62367,0
1772662320000,2160.91,2161.73,2160.71,2161.52,902.193,1772662379999,1949801.25982,1426,523.351,1131047.49582,0
1772662380000,2161.53,2161.78,2156.89,2158.01,2663.844,1772662439999,5752108.02299,6015,849.909,1834804.02392,0
1772662440000,2158.00,2158.50,2156.07,2156.15,1262.151,1772662499999,2722357.05089,4031,503.544,1086003.97089,0
1772662500000,2156.14,2157.25,2155.24,2155.85,2282.800,1772662559999,4922305.61728,4701,1230.757,2653821.63427,0
1772662560000,2155.85,2157.00,2155.56,2155.61,882.567,1772662619999,1903014.06691,2358,395.883,853546.40068,0
1772662620000,2155.60,2156.23,2155.05,2155.05,700.072,1772662679999,1509222.10742,1698,297.244,640764.89512,0
1772662680000,2155.06,2155.36,2153.32,2154.41,1351.160,1772662739999,2911324.49669,3636,510.225,1099404.27135,0
1772662740000,2154.40,2155.50,2154.40,2155.21,664.984,1772662799999,1432986.85142,2251,276.859,596591.95570,0
1772662800000,2155.21,2155.67,2154.17,2154.17,613.046,1772662859999,1321082.00794,1334,281.527,606683.41822,0
1772662860000,2154.18,2155.99,2154.04,2155.99,1103.405,1772662919999,2377420.79351,2417,759.446,1636406.49826,0
1772662920000,2156.00,2156.88,2154.32,2156.55,2025.729,1772662979999,4366652.27588,3991,895.676,1931032.02444,0
1772662980000,2156.54,2158.68,2156.54,2158.30,1093.163,1772663039999,2358916.64843,3189,633.509,1366987.53930,0
1772663040000,2158.30,2158.30,2154.56,2155.66,874.922,1772663099999,1886404.40536,3186,532.394,1147987.34519,0
1772663100000,2155.66,2156.10,2155.06,2155.47,430.086,1772663159999,927122.65967,1611,154.335,332671.90823,0
1772663160000,2155.48,2155.83,2153.56,2153.56,1244.271,1772663219999,2680807.64952,3167,610.051,1314396.34843,0
1772663220000,2153.55,2156.02,2152.63,2155.64,1212.272,1772663279999,2611691.84642,3101,756.294,1629646.37357,0
1772663280000,2155.63,2155.63,2155.23,2155.50,425.599,1772663339999,917342.08074,929,160.137,345155.44913,0
1772663340000,2155.50,2155.69,2151.49,2151.55,2337.612,1772663399999,5035548.52100,3698,673.747,1451540.31174,0
1772663400000,2151.54,2154.00,2150.43,2152.80,1962.945,1772663459999,4224641.91834,5047,795.874,1713061.97049,0
1772663460000,2152.81,2152.81,2151.61,2152.63,708.281,1772663519999,1524421.08024,1955,483.628,1040884.57600,0
1772663520000,2152.64,2152.80,2150.81,2151.19,710.206,1772663579999,1528370.38783,1874,263.888,567790.34691,0
1772663580000,2151.20,2151.20,2149.03,2150.07,1810.473,1772663639999,3892411.83576,3162,749.584,1611591.12337,0
1772663640000,2150.07,2150.08,2148.10,2148.89,1423.184,1772663699999,3058282.55055,2655,472.408,1015116.59565,0
1772663700000,2148.90,2148.90,2144.28,2144.78,3803.148,1772663759999,8159772.18873,7003,1281.515,2749154.13049,0
1772663760000,2144.75,2147.09,2143.33,2147.01,4776.543,1772663819999,10244944.13603,4877,3737.614,8016540.39437,0
1772663820000,2147.01,2147.30,2143.73,2144.99,2156.308,1772663879999,4624957.91963,3213,1127.034,2416863.01101,0
1772663880000,2144.99,2144.99,2143.56,2143.80,1460.922,1772663939999,3132328.93736,2449,443.601,951026.73622,0
1772663940000,2143.80,2144.66,2141.59,2144.25,6693.697,1772663999999,14343811.88056,6991,3487.859,7474841.85449,0
1772664000000,2144.24,2144.58,2140.22,2141.61,1883.212,1772664059999,4034452.99922,5534,729.631,1563332.23937,0
1772664060000,2141.60,2143.60,2138.59,2139.98,7247.093,1772664119999,15514030.12568,10886,3610.199,7729014.37947,0
1772664120000,2139.98,2142.16,2132.89,2135.38,11064.951,1772664179999,23649894.95225,10095,3467.521,7418146.97792,0
1772664180000,2135.37,2136.82,2134.46,2135.40,4204.813,1772664239999,8978998.92338,6853,1441.045,3077006.37760,0
1772664240000,2135.41,2138.16,2134.33,2135.58,4258.332,1772664299999,9096292.88858,10811,2545.120,5437658.74847,0
1772664300000,2135.58,2135.85,2128.00,2131.82,9871.141,1772664359999,21037881.03028,16006,3714.889,7915489.43830,0
1772664360000,2131.81,2135.10,2131.81,2133.69,3058.298,1772664419999,6525059.25800,5689,2136.573,4558602.89822,0
1772664420000,2133.68,2135.68,2133.66,2134.25,1650.107,1772664479999,3522109.18855,4646,1031.781,2202180.97461,0
1772664480000,2134.25,2134.90,2133.84,2134.03,1258.636,1772664539999,2686379.35535,3754,463.897,990129.75365,0
1772664540000,2134.03,2134.57,2132.65,2134.57,1936.274,1772664599999,4131041.52556,2813,1228.618,2621231.33278,0
1772664600000,2134.56,2134.88,2133.00,2133.01,1231.154,1772664659999,2627483.42527,2710,691.172,1475082.61582,0
1772664660000,2133.01,2134.72,2132.46,2133.44,1469.183,1772664719999,3134715.63035,4175,859.694,1834238.62626,0
1772664720000,2133.45,2135.42,2132.62,2133.33,2992.530,1772664779999,6386245.10304,4687,2014.615,4299624.04254,0
1772664780000,2133.33,2133.34,2128.69,2128.70,3916.085,1772664839999,8345698.98742,7069,1344.384,2864544.26636,0
1772664840000,2128.69,2129.00,2127.10,2128.95,3950.847,1772664899999,8408857.41726,7326,2241.744,4771228.79641,0
1772664900000,2128.94,2128.94,2126.62,2127.24,3960.228,1772664959999,8425985.99006,8045,1961.762,4173848.09057,0
1772664960000,2127.24,2127.69,2125.54,2126.96,5433.862,1772665019999,11556975.86728,6228,3504.737,7454318.57111,0
1772665020000,2126.95,2128.74,2126.30,2128.73,2713.158,1772665079999,5771464.85367,3598,2048.761,4358290.15254,0
1772665080000,2128.73,2132.90,2128.73,2132.69,4527.847,1772665139999,9648187.54239,5704,3234.068,6890880.16595,0
1772665140000,2132.69,2132.69,2130.21,2130.97,1703.346,1772665199999,3629891.52769,3646,757.270,1613598.79282,0
1772665200000,2130.97,2133.67,2130.05,2132.24,5383.359,1772665259999,11476829.26668,11433,3511.090,7485896.76888,0
1772665260000,2132.24,2132.24,2127.41,2130.11,4143.373,1772665319999,8820909.73366,7758,2524.540,5374376.47110,0
1772665320000,2130.10,2131.67,2128.95,2130.99,2062.661,1772665379999,4394642.70631,4190,1453.686,3097108.75823,0
1772665380000,2130.98,2133.85,2130.96,2132.09,2497.311,1772665439999,5325677.77477,4779,1883.540,4016505.53602,0
1772665440000,2132.10,2133.22,2130.93,2130.93,1892.618,1772665499999,4035397.60803,5466,1083.139,2309473.30823,0
1772665500000,2130.93,2135.98,2130.92,2134.85,3393.791,1772665559999,7241814.72208,7947,2572.356,5489270.43106,0
1772665560000,2134.84,2135.01,2132.21,2132.55,1568.544,1772665619999,3346172.99115,5823,613.177,1308073.71210,0
1772665620000,2132.55,2133.93,2131.84,2132.41,1066.165,1772665679999,2273917.00245,4362,495.448,1056659.07769,0
1772665680000,2132.41,2133.00,2132.00,2132.91,564.995,1772665739999,1204879.72657,2418,272.386,580860.37858,0
1772665740000,2132.91,2133.42,2131.55,2131.81,986.380,1772665799999,2103761.25793,2911,661.247,1410399.35085,0
1772665800000,2131.80,2132.67,2131.48,2131.50,1202.439,1772665859999,2563770.19197,2268,741.096,1580106.09658,0
1772665860000,2131.50,2131.99,2131.22,2131.62,676.476,1772665919999,1442055.37569,2032,394.215,840353.76380,0
1772665920000,2131.63,2131.63,2131.00,2131.08,593.433,1772665979999,1264743.77642,1553,275.742,587667.40786,0
1772665980000,2131.07,2131.55,2130.28,2130.99,1570.267,1772666039999,3346124.63774,3133,1071.983,2284346.17951,0
1772666040000,2130.99,2131.90,2130.57,2131.34,1119.459,1772666099999,2385804.94136,3033,485.540,1034806.10781,0
1772666100000,2131.33,2133.77,2131.23,2132.51,2581.929,1772666159999,5506378.58990,4704,2053.098,4378420.05735,0
1772666160000,2132.52,2134.84,2131.76,2133.01,2057.334,1772666219999,4388414.53608,4903,1272.721,2714945.48708,0
1772666220000,2133.01,2133.36,2130.96,2131.07,1143.717,1772666279999,2438601.39993,2020,445.081,949093.72045,0
1772666280000,2131.08,2131.22,2130.00,2130.84,1688.828,1772666339999,3598139.05358,3119,879.742,1874307.15097,0
1772666340000,2130.83,2130.83,2129.27,2129.28,991.230,1772666399999,2111103.50550,2190,379.795,808840.88463,0
1772666400000,2129.27,2129.27,2122.13,2123.97,9169.388,1772666459999,19483349.18869,16916,3037.313,6454055.18670,0
1772666460000,2123.97,2125.64,2122.77,2124.42,4331.885,1772666519999,9202628.19299,9697,2217.873,4711498.97133,0
1772666520000,2124.42,2125.36,2122.81,2125.12,2947.271,1772666579999,6260140.81452,6434,1149.709,2442466.92765,0
1772666580000,2125.12,2126.85,2122.57,2125.92,5822.945,1772666639999,12374664.50427,8978,2553.786,5427269.57115,0
1772666640000,2125.91,2126.88,2124.28,2126.88,1739.004,1772666699999,3696132.92626,5684,979.392,2081660.71658,0
1772666700000,2126.88,2127.39,2125.68,2126.99,1021.318,1772666759999,2171878.10641,3722,520.426,1106759.46375,0
1772666760000,2127.00,2127.68,2126.11,2126.81,1013.679,1772666819999,2156001.74352,3615,594.283,1263974.77092,0
1772666820000,2126.80,2127.16,2126.00,2127.09,957.197,1772666879999,2035700.51918,3554,454.096,965753.92806,0
1772666880000,2127.10,2127.10,2124.80,2125.17,2146.351,1772666939999,4561950.11377,3315,423.598,900311.86669,0
1772666940000,2125.17,2125.23,2123.31,2124.33,1353.011,1772666999999,2873959.62185,3214,531.118,1128188.60566,0
1772667000000,2124.34,2125.00,2121.21,2122.54,5983.513,1772667059999,12701554.76706,8879,1509.617,3204945.87788,0
1772667060000,2122.53,2123.18,2121.32,2121.34,2288.912,1772667119999,4857835.18631,5298,896.321,1902185.01732,0
1772667120000,2121.35,2122.60,2117.98,2118.17,9712.317,1772667179999,20590866.38400,13736,2889.247,6125176.82726,0
1772667180000,2118.16,2118.78,2115.33,2116.01,7993.633,1772667239999,16921247.45507,12893,3319.847,7027998.52409,0
1772667240000,2116.01,2118.42,2115.45,2116.89,5114.159,1772667299999,10827081.82626,7062,2480.602,5251414.85914,0
1772667300000,2116.88,2117.99,2115.66,2117.15,2958.505,1772667359999,6263280.29774,4695,1364.545,2888657.29339,0
1772667360000,2117.16,2122.98,2117.15,2122.91,3953.724,1772667419999,8380062.71953,8354,3024.455,6410577.18901,0
1772667420000,2122.92,2128.75,2122.91,2126.02,7336.331,1772667479999,15599106.73673,13436,4951.357,10528034.86246,0
1772667480000,2126.02,2128.63,2124.79,2127.93,2461.972,1772667539999,5235748.43125,5996,1523.273,3239514.90820,0
1772667540000,2127.94,2131.00,2127.94,2128.62,4230.733,1772667599999,9010233.06551,9544,2685.007,5718275.19438,0
1772667600000,2128.62,2129.00,2127.31,2127.66,2414.671,1772667659999,5138670.42788,4773,1276.087,2715504.21788,0
1772667660000,2127.65,2128.62,2127.63,2127.96,2125.433,1772667719999,4523146.95537,3153,1385.634,2948689.12408,0
1772667720000,2127.96,2128.43,2126.55,2127.51,1093.901,1772667779999,2327368.01931,3383,363.181,772661.97114,0
1772667780000,2127.52,2129.71,2127.24,2129.64,2050.525,1772667839999,4364663.32111,3473,1481.116,3152999.45235,0
1772667840000,2129.65,2130.82,2129.64,2130.18,2396.080,1772667899999,5103647.92160,3486,1837.319,3913465.34923,0
1772667900000,2130.18,2131.76,2128.69,2128.73,2882.999,1772667959999,6141634.25710,5537,1522.772,3244358.66237,0
1772667960000,2128.74,2131.15,2127.82,2131.15,964.859,1772668019999,2054282.53691,3608,565.690,1204570.93445,0
1772668020000,2131.16,2132.48,2130.62,2131.54,1901.727,1772668079999,4053988.74658,4190,1219.183,2599004.65435,0
1772668080000,2131.54,2131.69,2127.47,2127.48,2778.297,1772668139999,5917946.38948,4098,410.675,874894.00432,0
1772668140000,2127.47,2128.92,2126.61,2127.15,1218.248,1772668199999,2592055.24726,3501,580.661,1235497.49761,0
1772668200000,2127.15,2127.50,2125.81,2126.42,1535.961,1772668259999,3266498.71488,3540,466.777,992718.08892,0
1772668260000,2126.43,2126.43,2123.48,2123.81,3249.511,1772668319999,6904354.53537,5575,908.966,1931471.26900,0
1772668320000,2123.81,2124.76,2123.42,2124.12,1618.054,1772668379999,3436713.45273,4247,874.168,1856748.01432,0
1772668380000,2124.12,2124.51,2122.51,2122.83,2187.900,1772668439999,4645676.17852,4445,1051.585,2232808.28683,0
1772668440000,2122.82,2124.86,2122.11,2124.64,1794.421,1772668499999,3810664.47297,4227,1372.694,2914980.78737,0
1772668500000,2124.64,2126.05,2123.13,2123.13,2181.450,1772668559999,4634924.60530,6052,1084.443,2304133.16091,0
1772668560000,2123.12,2124.18,2122.20,2123.28,1118.047,1772668619999,2373852.52881,2881,524.959,1114660.43064,0
1772668620000,2123.29,2123.70,2122.88,2123.32,1046.320,1772668679999,2221677.54385,1906,552.292,1172666.16229,0
1772668680000,2123.32,2126.84,2123.32,2126.50,1377.223,1772668739999,2927451.36319,3696,948.847,2016660.69189,0
1772668740000,2126.50,2128.59,2125.97,2125.98,1875.363,1772668799999,3989952.53509,4951,956.824,2035788.58969,0
