open_time,open,high,low,close,volume,close_time,quote_volume,count,taker_buy_volume,taker_buy_quote_volume,ignore
1773446400000,2091.00,2091.00,2088.36,2088.81,1952.103,1773446459999,4078579.90672,4676,797.197,1665416.18840,0
1773446460000,2088.81,2089.81,2087.60,2088.18,1819.042,1773446519999,3799162.47693,3515,656.645,1371341.94637,0
1773446520000,2088.17,2089.19,2087.30,2087.50,2040.992,1773446579999,4261886.42827,3508,541.365,1130537.97840,0
1773446580000,2087.49,2088.86,2086.79,2088.86,1883.356,1773446639999,3931964.57686,2204,1388.758,2899534.35932,0
1773446640000,2088.86,2090.41,2088.08,2088.09,1901.462,1773446699999,3972883.27876,3703,622.866,1301411.90714,0
1773446700000,2088.09,2089.87,2088.08,2088.80,871.468,1773446759999,1820419.36487,2454,479.200,1001008.45117,0
1773446760000,2088.80,2090.19,2088.69,2090.17,517.906,1773446819999,1082099.30387,1601,401.682,839267.53664,0
1773446820000,2090.16,2090.16,2088.92,2089.50,656.096,1773446879999,1370972.38051,1453,195.851,409197.89064,0
1773446880000,2089.50,2090.50,2089.07,2089.21,642.421,1773446939999,1342539.94789,1924,224.310,468700.49530,0
1773446940000,2089.22,2090.50,2089.07,2090.50,385.826,1773446999999,806202.64506,1704,242.394,506498.87670,0
1773447000000,2090.50,2091.98,2090.11,2090.89,1730.516,1773447059999,3618710.81137,3687,1002.660,2096654.14313,0
1773447060000,2090.89,2091.00,2090.25,2091.00,1040.578,1773447119999,2175648.88402,2266,874.609,1828671.05577,0
1773447120000,2091.00,2091.07,2089.46,2089.65,2317.227,1773447179999,4844099.32412,2277,916.017,1915207.76379,0
1773447180000,2089.64,2091.25,2089.64,2091.24,556.820,1773447239999,1164133.94554,1377,444.598,929520.81762,0
1773447240000,2091.24,2092.71,2090.85,2092.70,2006.270,1773447299999,4196949.98789,2203,1726.576,3611806.74343,0
1773447300000,2092.71,2093.81,2092.71,2093.26,3109.264,1773447359999,6508228.88235,4104,1633.005,3418251.61055,0
1773447360000,2093.25,2093.26,2090.29,2092.04,2995.007,1773447419999,6263781.05529,4126,609.707,1275048.50123,0
1773447420000,2092.04,2092.93,2091.69,2091.89,676.331,1773447479999,1415062.96994,1748,370.007,774132.51054,0
1773447480000,2091.89,2091.94,2090.83,2091.69,668.733,1773447539999,1398528.65436,1352,205.737,430247.70997,0
1773447540000,2091.70,2093.06,2091.70,2092.61,1079.646,1773447599999,2259185.96034,1571,812.375,1699981.17447,0
1773447600000,2092.61,2093.21,2091.99,2092.18,1866.753,1773447659999,3906373.68548,2488,1401.539,2932958.05152,0
1773447660000,2092.19,2093.54,2092.18,2093.34,1021.914,1773447719999,2138698.92970,1398,799.912,1674042.02392,0
1773447720000,2093.34,2094.20,2092.70,2092.95,2104.475,1773447779999,4405883.05679,2906,898.027,1880346.08065,0
1773447780000,2092.94,2092.97,2092.57,2092.57,273.245,1773447839999,571871.29917,633,156.802,328170.91359,0
1773447840000,2092.58,2092.81,2092.00,2092.02,1268.589,1773447899999,2654341.83004,2188,586.435,1227078.30455,0
1773447900000,2092.02,2092.03,2089.25,2089.80,2775.048,1773447959999,5802539.70547,2875,613.833,1282973.29447,0
1773447960000,2089.80,2090.52,2088.13,2088.28,986.869,1773448019999,2061921.12842,2740,373.618,780731.11555,0
1773448020000,2088.29,2088.81,2087.26,2087.63,1421.281,1773448079999,2967728.83382,2445,475.509,992980.12777,0
1773448080000,2087.63,2090.00,2087.60,2089.78,1034.317,1773448139999,2160725.82437,2542,773.205,1615233.43634,0
1773448140000,2089.78,2091.19,2089.39,2091.07,1006.836,1773448199999,2104241.98976,2124,591.332,1235941.09342,0
1773448200000,2091.07,2091.98,2089.15,2089.86,698.853,1773448259999,1460902.62347,3202,278.817,582830.74957,0
1773448260000,2089.86,2091.31,2089.85,2090.25,670.899,1773448319999,1402664.50588,2091,345.980,723318.61513,0
1773448320000,2090.26,2091.00,2088.37,2090.86,1733.392,1773448379999,3621899.86719,3943,662.858,1385215.85417,0
1773448380000,2090.87,2091.90,2090.58,2091.50,1075.936,1773448439999,2250243.24889,1673,652.483,1364609.81921,0
1773448440000,2091.51,2091.90,2091.12,2091.90,291.830,1773448499999,610365.09800,827,222.433,465225.35204,0
1773448500000,2091.89,2092.72,2091.89,2092.71,538.945,1773448559999,1127555.79414,1772,379.420,793802.08346,0
1773448560000,2092.72,2093.48,2092.15,2092.15,1133.552,1773448619999,2372456.44053,2322,595.329,1246011.34046,0
1773448620000,2092.15,2093.00,2091.48,2092.51,704.714,1773448679999,1474412.41404,2397,497.958,1041823.31108,0
1773448680000,2092.51,2092.51,2089.82,2089.82,950.149,1773448739999,1986912.56519,2754,185.225,387266.11489,0
1773448740000,2089.81,2089.81,2087.00,2087.00,1461.769,1773448799999,3051929.64063,2904,540.983,1129432.48880,0
1773448800000,2087.01,2088.54,2087.00,2088.50,1864.527,1773448859999,3892683.15796,3919,1308.678,2732187.17690,0
1773448860000,2088.49,2089.06,2087.14,2087.90,1433.370,1773448919999,2992594.13940,2654,834.025,1741188.48346,0
1773448920000,2087.91,2088.91,2087.84,2088.44,1157.675,1773448979999,2417546.58484,2585,809.148,1689638.30375,0
1773448980000,2088.43,2088.44,2082.00,2083.35,7718.133,1773449039999,16083368.34495,7806,2151.046,4481598.13555,0
1773449040000,2083.36,2083.99,2082.00,2082.47,3388.792,1773449099999,7058360.30890,4896,1236.933,2576708.73912,0
1773449100000,2082.48,2083.69,2082.00,2083.59,3018.117,1773449159999,6284884.59877,4130,1279.431,2664415.40958,0
1773449160000,2083.60,2085.30,2083.00,2084.19,2429.249,1773449219999,5062659.10091,5570,1259.661,2625121.71585,0
1773449220000,2084.19,2085.03,2082.63,2085.01,4014.681,1773449279999,8365206.55279,5293,2931.779,6108957.47967,0
1773449280000,2085.00,2086.41,2084.03,2084.03,1991.338,1773449339999,4152458.72790,4073,821.713,1713526.59035,0
1773449340000,2084.02,2084.48,2082.96,2083.30,4221.625,1773449399999,8796274.82681,5591,2772.673,5777307.59218,0
1773449400000,2083.30,2085.00,2083.30,2084.51,2142.944,1773449459999,4466475.49141,5073,885.816,1846131.57858,0
1773449460000,2084.50,2085.78,2084.50,2085.44,1377.052,1773449519999,2871380.58163,2345,646.642,1348390.06813,0
1773449520000,2085.44,2085.60,2084.53,2084.91,674.584,1773449579999,1406429.08978,1868,252.626,526698.18779,0
1773449580000,2084.90,2084.90,2083.03,2084.34,2464.622,1773449639999,5135917.30238,4360,1541.850,3212951.39204,0
1773449640000,2084.35,2084.78,2084.04,2084.24,320.744,1773449699999,668561.01753,1016,110.163,229623.73342,0
1773449700000,2084.25,2085.16,2084.24,2085.16,625.216,1773449759999,1303334.20492,984,234.384,488637.09294,0
1773449760000,2085.15,2086.19,2085.00,2085.14,1295.666,1773449819999,2702250.64034,2460,795.055,1658185.72894,0
1773449820000,2085.13,2085.15,2084.63,2084.70,537.656,1773449879999,1120922.09422,1223,129.127,269209.70640,0
1773449880000,2084.70,2085.86,2084.63,2085.86,498.697,1773449939999,1039964.46894,979,362.479,755919.00399,0
1773449940000,2085.86,2086.03,2084.35,2084.36,1104.253,1773449999999,2302833.67273,2107,333.373,695286.84414,0
1773450000000,2084.36,2086.77,2084.25,2086.26,1651.027,1773450059999,3443701.51365,2879,1013.532,2113901.58611,0
1773450060000,2086.27,2087.00,2085.57,2086.26,1181.014,1773450119999,2464156.99698,2565,726.224,1515270.62420,0
1773450120000,2086.27,2087.90,2086.19,2087.06,1033.414,1773450179999,2156853.32171,2661,504.439,1052750.97253,0
1773450180000,2087.05,2087.47,2086.77,2087.47,942.492,1773450239999,1967102.21883,1215,742.783,1550284.44205,0
1773450240000,2087.47,2088.39,2086.82,2087.63,3159.730,1773450299999,6596089.82747,3172,1174.302,2451480.21602,0
1773450300000,2087.64,2087.76,2087.05,2087.75,591.957,1773450359999,1235629.46332,1317,265.782,554801.88250,0
1773450360000,2087.75,2087.75,2086.83,2086.83,966.743,1773450419999,2018034.33598,1474,508.856,1062208.42038,0
1773450420000,2086.84,2087.34,2086.27,2086.90,834.092,1773450479999,1740633.99135,2157,462.003,964139.21367,0
1773450480000,2086.89,2088.27,2086.84,2088.26,412.465,1773450539999,860985.73248,1385,328.724,686178.95341,0
1773450540000,2088.27,2088.88,2088.27,2088.85,786.865,1773450599999,1643481.41965,1425,632.841,1321772.51756,0
1773450600000,2088.84,2089.18,2088.14,2088.15,1180.631,1773450659999,2466020.13805,2279,295.493,617198.32082,0
1773450660000,2088.15,2088.15,2085.06,2085.32,1384.420,1773450719999,2888307.69378,3131,443.716,925604.76265,0
1773450720000,2085.33,2086.73,2085.32,2086.48,757.549,1773450779999,1580361.45557,2116,464.050,968085.02599,0
1773450780000,2086.47,2086.48,2085.70,2085.88,493.090,1773450839999,1028638.56167,1364,167.443,349298.30693,0
1773450840000,2085.88,2086.90,2085.87,2086.82,387.800,1773450899999,809107.03379,1112,289.600,604233.42216,0
1773450900000,2086.82,2088.20,2086.82,2088.19,346.943,1773450959999,724286.16024,1394,286.601,598304.71947,0
1773450960000,2088.20,2088.48,2086.80,2087.22,1046.421,1773451019999,2184491.58212,1936,351.259,733177.99302,0
1773451020000,2087.23,2087.82,2087.12,2087.81,257.793,1773451079999,538119.48666,792,153.434,320273.36999,0
1773451080000,2087.81,2089.28,2087.81,2089.27,747.726,1773451139999,1561820.11179,1787,420.462,878218.11071,0
1773451140000,2089.27,2089.76,2088.93,2089.50,832.412,1773451199999,1739185.71619,1813,427.499,893179.52375,0
1773451200000,2089.49,2090.67,2089.24,2090.17,1964.575,1773451259999,4105991.31536,3205,1480.206,3093564.50310,0
1773451260000,2090.17,2090.53,2089.31,2090.52,512.932,1773451319999,1071948.06718,1579,287.461,600762.23018,0
1773451320000,2090.53,2091.31,2090.52,2090.83,915.781,1773451379999,1914769.27763,1803,531.581,1111455.85120,0
1773451380000,2090.83,2091.30,2090.33,2090.94,948.929,1773451439999,1984121.87053,1817,460.373,962618.00509,0
1773451440000,2090.94,2092.41,2090.35,2092.00,3672.894,1773451499999,7681695.66979,3346,1763.659,3688690.28808,0
1773451500000,2091.99,2092.50,2091.30,2092.13,2659.450,1773451559999,5563205.43536,2102,565.672,1183363.67177,0
1773451560000,2092.13,2092.36,2091.76,2092.32,940.313,1773451619999,1967194.35731,1829,396.607,829732.74495,0
1773451620000,2092.32,2092.43,2092.00,2092.01,848.082,1773451679999,1774374.22852,950,316.909,663059.01021,0
1773451680000,2092.00,2092.33,2091.00,2092.22,2541.648,1773451739999,5316363.37982,2218,659.675,1379788.19720,0
1773451740000,2092.22,2092.63,2091.59,2091.63,1010.891,1773451799999,2114988.40146,1432,550.569,1151885.93568,0
1773451800000,2091.64,2091.90,2091.14,2091.27,458.485,1773451859999,958901.89428,904,133.935,280136.83196,0
1773451860000,2091.27,2092.80,2091.27,2092.00,1165.323,1773451919999,2437893.31673,2098,508.990,1064773.40172,0
1773451920000,2092.01,2092.40,2092.00,2092.08,1145.567,1773451979999,2396741.43039,1358,714.494,1494841.22207,0
1773451980000,2092.09,2092.40,2088.16,2088.78,5156.874,1773452039999,10779729.51649,4125,460.033,961392.18976,0
1773452040000,2088.77,2089.08,2085.67,2087.53,8167.512,1773452099999,17043514.52931,6218,2837.786,5921027.33530,0
1773452100000,2087.53,2087.69,2085.75,2087.23,4344.726,1773452159999,9066000.24478,4013,1416.867,2956600.60822,0
1773452160000,2087.22,2087.59,2085.65,2086.37,2638.968,1773452219999,5506095.36132,3224,832.499,1737039.21174,0
1773452220000,2086.38,2087.06,2085.41,2085.41,1388.602,1773452279999,2897306.99996,1980,605.917,1264314.10267,0
1773452280000,2085.40,2085.40,2080.06,2082.79,10279.064,1773452339999,21409251.12915,12054,2825.339,5882424.15931,0
1773452340000,2082.80,2088.00,2082.79,2086.69,5378.743,1773452399999,11221099.38282,8304,2899.448,6047572.84443,0
1773452400000,2086.69,2088.00,2086.10,2087.85,1886.440,1773452459999,3937006.18079,3480,1093.164,2281620.15376,0
1773452460000,2087.86,2091.04,2087.86,2089.80,3095.064,1773452519999,6467926.07704,5254,2009.653,4199638.89661,0
1773452520000,2089.79,2090.00,2088.57,2089.59,804.973,1773452579999,1681935.26221,2046,504.678,1054496.21631,0
1773452580000,2089.59,2089.59,2088.81,2089.59,1096.407,1773452639999,2290482.78904,1430,905.614,1891895.66142,0
1773452640000,2089.59,2090.24,2088.29,2089.25,4557.104,1773452699999,9520321.72583,3929,1512.449,3159550.05116,0
1773452700000,2089.25,2091.19,2089.25,2090.91,3098.175,1773452759999,6477495.68887,2424,1098.353,2296101.45948,0
1773452760000,2090.91,2091.13,2090.46,2090.94,894.441,1773452819999,1870091.15801,1714,444.429,929220.23267,0
1773452820000,2090.94,2091.93,2090.94,2091.56,1362.561,1773452879999,2849919.94492,2442,980.751,2051323.82026,0
1773452880000,2091.56,2092.19,2091.08,2092.19,1097.908,1773452939999,2296529.90651,1381,419.008,876538.25202,0
1773452940000,2092.19,2092.58,2091.83,2092.58,1221.611,1773452999999,2555833.24714,2087,689.293,1442138.86566,0
1773453000000,2092.57,2093.12,2092.20,2092.30,2399.618,1773453059999,5021811.58264,2584,1021.495,2137625.73784,0
1773453060000,2092.30,2092.70,2091.30,2092.01,1940.613,1773453119999,4059900.06184,2379,506.963,1060632.25188,0
1773453120000,2092.00,2092.94,2091.66,2092.94,640.443,1773453179999,1339963.88483,1360,447.406,936091.06491,0
1773453180000,2092.93,2093.36,2091.94,2092.05,921.216,1773453239999,1927750.92280,1620,466.521,976176.35073,0
1773453240000,2092.06,2093.51,2092.05,2093.51,1186.480,1773453299999,2482973.86124,1802,946.896,1981631.40969,0
1773453300000,2093.50,2094.99,2092.84,2092.93,3831.703,1773453359999,8022628.14039,4322,2424.359,5076334.75197,0
1773453360000,2092.93,2093.00,2092.34,2092.54,787.652,1773453419999,1648290.14727,1330,387.387,810669.21600,0
1773453420000,2092.54,2093.32,2092.54,2092.78,1028.624,1773453479999,2152849.34181,1234,730.588,1529085.38576,0
1773453480000,2092.78,2093.95,2092.18,2092.18,1711.998,1773453539999,3583368.26149,2231,929.795,1946127.09252,0
1773453540000,2092.18,2092.61,2091.10,2091.57,3035.822,1773453599999,6350552.43472,3088,2116.369,4427283.87420,0
1773453600000,2091.57,2091.58,2089.65,2090.60,4179.392,1773453659999,8736780.39578,3847,864.117,1806493.62001,0
1773453660000,2090.60,2091.36,2089.95,2090.02,1140.656,1773453719999,2384485.33760,1918,282.035,589591.33722,0
1773453720000,2090.01,2090.94,2090.01,2090.01,424.733,1773453779999,887917.60315,1530,193.196,403883.77845,0
1773453780000,2090.01,2091.22,2090.01,2091.21,379.404,1773453839999,793235.94428,1083,237.047,495628.56537,0
1773453840000,2091.21,2091.81,2091.00,2091.81,696.353,1773453899999,1456328.16581,1799,444.337,929264.13112,0
1773453900000,2091.81,2093.90,2091.70,2093.86,4351.776,1773453959999,9108287.29638,3125,3752.472,7853738.74136,0
1773453960000,2093.87,2094.14,2093.37,2093.80,1335.232,1773454019999,2795765.34727,1720,851.144,1782209.47585,0
1773454020000,2093.79,2094.80,2093.13,2093.85,4200.182,1773454079999,8795287.44731,4391,2372.207,4967248.99849,0
1773454080000,2093.85,2093.85,2093.00,2093.00,829.629,1773454139999,1736695.14631,1239,241.436,505424.61044,0
1773454140000,2093.00,2093.76,2092.28,2093.72,864.315,1773454199999,1809107.16392,2023,574.084,1201633.00911,0
1773454200000,2093.71,2093.72,2093.24,2093.24,410.982,1773454259999,860470.66688,620,170.316,356590.16417,0
1773454260000,2093.24,2093.37,2092.50,2093.17,651.337,1773454319999,1363124.11899,1801,365.161,764197.29096,0
1773454320000,2093.16,2094.00,2092.99,2093.52,375.225,1773454379999,785556.08252,1133,301.262,630707.23620,0
1773454380000,2093.53,2094.50,2092.66,2093.07,2070.566,1773454439999,4335525.24642,2727,1254.008,2625740.96501,0
1773454440000,2093.07,2093.90,2092.27,2092.78,3413.688,1773454499999,7145026.10758,3552,2085.553,4365092.25690,0
1773454500000,2092.78,2092.99,2091.47,2092.98,1078.405,1773454559999,2255971.89827,2592,341.384,714162.41396,0
1773454560000,2092.99,2093.17,2092.85,2092.99,310.008,1773454619999,648850.26342,805,175.756,367856.94086,0
1773454620000,2093.00,2093.54,2092.99,2093.38,323.690,1773454679999,677580.10278,977,235.931,493870.69495,0
1773454680000,2093.39,2093.82,2092.61,2092.74,1072.933,1773454739999,2246011.83904,1766,556.615,1165304.84729,0
1773454740000,2092.74,2092.92,2092.65,2092.66,216.082,1773454799999,452220.20449,612,133.373,279121.55756,0
1773454800000,2092.66,2092.66,2090.00,2091.52,1739.870,1773454859999,3637360.88842,3005,713.603,1491819.85785,0
1773454860000,2091.52,2091.61,2089.85,2091.02,844.178,1773454919999,1765035.24259,2797,368.637,770710.38326,0
1773454920000,2091.01,2091.02,2089.89,2089.90,344.853,1773454979999,720935.08003,1597,117.676,246008.59391,0
1773454980000,2089.90,2089.90,2088.79,2089.22,1067.549,1773455039999,2230229.83496,2347,226.260,472686.56778,0
1773455040000,2089.22,2090.63,2089.10,2090.58,723.589,1773455099999,1512370.52959,1830,464.662,971181.30384,0
1773455100000,2090.58,2090.58,2089.18,2089.27,629.485,1773455159999,1315277.83611,1613,194.274,405902.96864,0
1773455160000,2089.27,2089.27,2088.54,2089.16,1137.390,1773455219999,2375965.54028,1210,140.731,293973.68530,0
1773455220000,2089.17,2089.63,2089.16,2089.62,315.192,1773455279999,658527.93142,783,170.874,357008.94906,0
1773455280000,2089.62,2090.22,2089.62,2089.82,513.316,1773455339999,1072751.71345,769,371.421,776210.08652,0
1773455340000,2089.81,2089.92,2089.64,2089.75,290.167,1773455399999,606401.06734,503,154.801,323509.97908,0
1773455400000,2089.75,2089.98,2089.00,2089.92,320.095,1773455459999,668831.42392,1376,139.526,291563.49788,0
1773455460000,2089.91,2089.92,2089.29,2089.66,264.119,1773455519999,551896.00242,916,129.285,270143.27620,0
1773455520000,2089.67,2089.67,2088.55,2088.62,428.200,1773455579999,894548.89046,1237,108.396,226444.50124,0
1773455580000,2088.63,2090.10,2088.62,2089.24,1137.020,1773455639999,2375609.46046,1540,566.260,1183221.77896,0
1773455640000,2089.24,2092.00,2089.24,2091.99,876.799,1773455699999,1833023.56049,2315,713.604,1491830.74868,0
1773455700000,2092.00,2092.01,2091.57,2091.67,948.510,1773455759999,1984167.23734,972,521.113,1090122.78115,0
1773455760000,2091.67,2092.40,2090.28,2090.29,1575.231,1773455819999,3294749.73318,2104,703.670,1472070.27901,0
1773455820000,2090.28,2090.63,2089.54,2089.81,299.573,1773455879999,626139.06060,1633,162.606,339866.67056,0
1773455880000,2089.82,2089.82,2088.80,2089.25,918.345,1773455939999,1918516.61381,1719,192.472,402106.26468,0
1773455940000,2089.25,2090.50,2088.97,2090.23,301.284,1773455999999,629700.07464,1309,168.213,351589.92957,0
1773456000000,2090.22,2091.20,2090.22,2091.20,517.316,1773456059999,1081594.47756,1431,457.890,957337.27346,0
1773456060000,2091.19,2091.96,2091.04,2091.54,500.140,1773456119999,1046117.85320,1085,395.612,827483.17539,0
1773456120000,2091.54,2091.79,2090.72,2091.23,624.908,1773456179999,1306816.16731,1556,396.173,828452.49096,0
1773456180000,2091.23,2091.23,2090.24,2090.25,1517.822,1773456239999,3173429.40430,1100,238.493,498565.29494,0
1773456240000,2090.24,2090.97,2090.04,2090.91,364.881,1773456299999,762735.32100,1107,257.481,538238.72310,0
1773456300000,2090.92,2090.97,2090.13,2090.71,567.410,1773456359999,1186166.52030,1168,310.124,648280.07981,0
1773456360000,2090.71,2091.26,2090.49,2091.00,532.188,1773456419999,1112755.24616,927,278.690,582667.06049,0
1773456420000,2091.00,2091.82,2090.99,2091.00,734.044,1773456479999,1535088.79733,1334,447.961,936785.47478,0
1773456480000,2091.01,2091.30,2090.56,2090.74,521.533,1773456539999,1090448.15867,884,413.306,864159.33288,0
1773456540000,2090.75,2091.75,2090.34,2091.74,486.500,1773456599999,1017204.55911,1219,294.629,616049.46201,0
1773456600000,2091.75,2092.00,2090.82,2091.03,741.106,1773456659999,1549980.17487,1498,357.171,746962.93586,0
1773456660000,2091.04,2092.40,2091.03,2092.37,357.946,1773456719999,748733.67488,1128,315.220,659348.88365,0
1773456720000,2092.37,2093.04,2092.36,2093.04,644.572,1773456779999,1348954.55584,1116,564.695,1181784.02029,0
1773456780000,2093.04,2093.80,2092.41,2092.90,1010.291,1773456839999,2114571.69870,2453,578.288,1210398.78370,0
1773456840000,2092.91,2093.50,2091.45,2091.46,2531.054,1773456899999,5297194.11083,2683,1723.465,3607134.22040,0
1773456900000,2091.46,2094.45,2091.45,2094.00,3021.024,1773456959999,6324502.36535,4734,2199.673,4604795.32698,0
1773456960000,2094.00,2094.00,2092.80,2092.80,1122.772,1773457019999,2350351.73248,2015,325.541,681474.17475,0
1773457020000,2092.81,2093.15,2091.83,2091.83,2109.642,1773457079999,4414927.96334,2129,1506.145,3152046.65934,0
1773457080000,2091.83,2092.86,2091.83,2092.85,251.247,1773457139999,525697.21441,799,205.872,430766.36647,0
1773457140000,2092.86,2093.00,2090.86,2091.44,1892.032,1773457199999,3958133.88369,2591,308.547,645496.29271,0
1773457200000,2091.44,2092.24,2091.44,2092.23,411.536,1773457259999,860960.57364,982,307.659,643631.57049,0
1773457260000,2092.23,2092.82,2091.96,2092.28,456.073,1773457319999,954320.21067,1691,250.916,525033.16899,0
1773457320000,2092.28,2092.69,2091.56,2092.60,527.869,1773457379999,1104460.44977,1591,284.223,594686.69663,0
1773457380000,2092.60,2093.02,2091.30,2092.07,1092.395,1773457439999,2285528.53518,2455,327.413,685041.14769,0
1773457440000,2092.06,2092.87,2091.54,2092.87,938.256,1773457499999,1962808.90638,1778,324.602,679078.17420,0
1773457500000,2092.87,2094.48,2092.86,2093.98,1761.843,1773457559999,3689029.94396,2529,1524.556,3192211.83196,0
1773457560000,2093.98,2096.45,2093.98,2095.96,5657.721,1773457619999,11855259.42633,9460,4242.063,8888995.83987,0
1773457620000,2095.95,2097.28,2095.30,2097.00,3765.722,1773457679999,7894679.14247,7254,2544.228,5333951.94129,0
1773457680000,2097.00,2097.00,2096.05,2096.87,1835.750,1773457739999,3848798.47144,2598,813.332,1705196.36925,0
1773457740000,2096.87,2097.54,2096.28,2097.51,2161.241,1773457799999,4532092.95127,3060,1448.988,3038575.98410,0
1773457800000,2097.50,2097.51,2095.81,2096.66,1867.987,1773457859999,3916004.47061,2427,932.679,1955301.41423,0
1773457860000,2096.65,2096.73,2096.40,2096.72,1071.668,1773457919999,2246842.18098,1552,766.632,1607307.04650,0
1773457920000,2096.72,2097.26,2096.39,2096.63,2262.045,1773457979999,4743021.98291,2419,1225.530,2569662.34812,0
1773457980000,2096.62,2096.91,2096.40,2096.40,759.553,1773458039999,1592499.16198,1221,330.616,693165.64960,0
1773458040000,2096.40,2097.01,2095.90,2096.91,2364.181,1773458099999,4956073.28837,2303,1568.106,3287185.45707,0
1773458100000,2096.92,2098.91,2096.82,2097.67,4000.772,1773458159999,8392803.56216,5150,2602.321,5459121.01331,0
1773458160000,2097.67,2099.26,2097.11,2097.12,6117.594,1773458219999,12837276.41463,5464,3651.380,7662578.30918,0
1773458220000,2097.12,2098.99,2096.54,2098.70,3986.238,1773458279999,8362660.46373,4996,2667.084,5595341.83064,0
1773458280000,2098.69,2099.17,2098.00,2098.69,2330.458,1773458339999,4890423.82572,3493,1293.097,2713554.19041,0
1773458340000,2098.69,2098.93,2096.16,2096.55,1651.245,1773458399999,3463453.27260,4348,481.551,1010039.37829,0
1773458400000,2096.55,2096.55,2095.32,2095.33,951.955,1773458459999,1995214.07645,1814,232.678,487677.71635,0
1773458460000,2095.33,2095.77,2095.00,2095.40,2014.318,1773458519999,4220656.15610,2089,811.719,1700847.30526,0
1773458520000,2095.40,2095.41,2095.08,2095.37,813.226,1773458579999,1703929.33112,985,264.637,554487.71777,0
1773458580000,2095.37,2096.50,2094.88,2095.89,1802.033,1773458639999,3776326.77365,2624,1423.563,2983234.70449,0
1773458640000,2095.88,2095.92,2095.10,2095.91,914.559,1773458699999,1916356.28047,1795,247.990,519617.22822,0
1773458700000,2095.92,2097.40,2095.92,2097.11,745.703,1773458759999,1563723.29290,1748,449.387,942312.19015,0
1773458760000,2097.10,2098.03,2096.72,2098.02,948.393,1773458819999,1988990.85962,1387,643.863,1350357.56857,0
1773458820000,2098.03,2098.59,2097.66,2098.58,1219.158,1773458879999,2557761.48666,1268,640.548,1343835.50313,0
1773458880000,2098.59,2098.59,2097.09,2098.21,1243.356,1773458939999,2608327.87206,2696,674.801,1415543.91949,0
1773458940000,2098.21,2098.21,2097.20,2097.56,751.121,1773458999999,1575495.85405,1281,386.016,809639.94337,0
1773459000000,2097.57,2098.21,2097.24,2097.67,608.282,1773459059999,1275958.68534,1495,360.191,755541.97217,0
1773459060000,2097.66,2098.81,2097.62,2098.04,838.638,1773459119999,1759662.90834,1509,584.360,1226114.91961,0
1773459120000,2098.04,2103.62,2098.04,2100.75,17535.528,1773459179999,36839131.19487,17582,12202.559,25637043.08205,0
1773459180000,2100.74,2101.32,2099.27,2101.11,6515.699,1773459239999,13686911.52787,6242,3421.712,7187972.92424,0
1773459240000,2101.11,2101.97,2100.46,2100.46,3151.421,1773459299999,6622212.07921,4637,1635.761,3437357.27620,0
1773459300000,2100.46,2100.47,2099.22,2099.22,1379.218,1773459359999,2896042.90386,1526,418.032,877692.28755,0
1773459360000,2099.23,2099.23,2098.53,2098.91,1071.846,1773459419999,2249618.15054,1265,686.596,1441037.29428,0
1773459420000,2098.91,2099.92,2098.90,2099.36,2022.425,1773459479999,4245733.04710,1903,1703.555,3576309.10453,0
1773459480000,2099.36,2099.36,2098.05,2098.06,493.576,1773459539999,1035894.06256,1709,211.175,443202.57053,0
1773459540000,2098.06,2101.07,2098.05,2100.55,2359.610,1773459599999,4955533.54037,3530,1614.463,3390606.64821,0
1773459600000,2100.55,2100.64,2099.57,2100.22,1379.620,1773459659999,2897293.86802,2909,464.794,976137.30442,0
1773459660000,2100.21,2100.63,2099.82,2100.63,688.868,1773459719999,1446703.37625,1114,437.366,918519.70830,0
1773459720000,2100.63,2101.16,2100.30,2101.12,2505.253,1773459779999,5263164.16900,1831,1855.180,3897507.66851,0
1773459780000,2101.13,2101.63,2100.23,2100.61,3673.273,1773459839999,7717231.15163,3033,2717.189,5708674.55080,0
1773459840000,2100.62,2100.81,2100.14,2100.29,582.276,1773459899999,1223086.46563,1210,222.103,466534.83565,0
1773459900000,2100.30,2100.78,2099.01,2099.47,1945.347,1773459959999,4085051.30982,2602,703.323,1476993.24411,0
1773459960000,2099.47,2101.05,2099.22,2100.25,2126.647,1773460019999,4465357.75410,2322,1511.668,3173892.14294,0
1773460020000,2100.25,2100.25,2099.02,2099.91,752.803,1773460079999,1580570.43789,1945,321.048,674028.00925,0
1773460080000,2099.91,2099.97,2099.50,2099.79,576.468,1773460139999,1210449.53209,958,278.541,584877.98991,0
1773460140000,2099.79,2099.79,2099.35,2099.45,444.323,1773460199999,932858.09482,792,145.266,304985.84753,0
1773460200000,2099.45,2099.68,2099.24,2099.68,356.940,1773460259999,749375.76651,830,113.246,237756.67323,0
1773460260000,2099.68,2100.20,2099.39,2099.42,1015.824,1773460319999,2133119.65286,1772,577.927,1213577.90425,0
1773460320000,2099.42,2099.60,2099.17,2099.23,614.965,1773460379999,1291067.36635,1173,216.832,455210.12142,0
1773460380000,2099.24,2099.24,2099.14,2099.15,439.705,1773460439999,923025.50385,499,176.937,371424.26963,0
1773460440000,2099.14,2100.00,2099.00,2099.99,548.020,1773460499999,1150499.79155,1070,260.184,546189.01654,0
1773460500000,2100.00,2100.39,2098.89,2099.13,922.024,1773460559999,1935792.52441,1757,644.834,1353875.25519,0
1773460560000,2099.13,2099.31,2098.97,2099.20,555.496,1773460619999,1166052.88517,779,271.723,570381.21558,0
1773460620000,2099.20,2100.38,2099.20,2099.78,715.632,1773460679999,1502708.26310,1528,443.653,931586.00763,0
1773460680000,2099.77,2099.77,2099.73,2099.73,265.062,1773460739999,556561.29950,243,168.431,353661.30794,0
1773460740000,2099.73,2100.00,2099.73,2100.00,327.261,1773460799999,687214.42126,452,135.299,284114.92014,0
1773460800000,2100.00,2101.86,2099.99,2100.76,2945.369,1773460859999,6188471.47268,4918,2045.976,4298785.44678,0
1773460860000,2100.76,2100.76,2099.79,2099.80,525.876,1773460919999,1104478.41726,1240,140.855,295839.61766,0
1773460920000,2099.79,2099.80,2098.71,2098.85,851.842,1773460979999,1788135.32594,1396,200.923,421811.48697,0
1773460980000,2098.85,2099.25,2098.78,2099.24,436.231,1773461039999,915634.64341,1049,172.666,362423.19270,0
1773461040000,2099.25,2102.70,2099.24,2101.60,1725.206,1773461099999,3625426.17387,3878,1091.087,2292849.78064,0
1773461100000,2101.60,2101.98,2100.84,2101.84,773.943,1773461159999,1626411.95986,2154,540.807,1136517.75558,0
1773461160000,2101.84,2102.54,2101.32,2101.93,798.578,1773461219999,1678691.54343,1882,496.835,1044407.86858,0
1773461220000,2101.92,2102.14,2100.92,2101.10,874.924,1773461279999,1838490.29788,1944,360.846,758250.73243,0
1773461280000,2101.11,2103.22,2101.10,2102.85,2370.167,1773461339999,4983459.90027,4194,1522.280,3200670.67418,0
1773461340000,2102.85,2103.44,2102.54,2103.41,1234.966,1773461399999,2597131.15828,2302,683.927,1438292.02615,0
1773461400000,2103.41,2103.41,2102.79,2103.14,1709.330,1773461459999,3594683.61148,1839,1145.958,2409897.89732,0
1773461460000,2103.15,2103.16,2102.43,2102.96,991.840,1773461519999,2085524.53122,1671,567.290,1192803.22898,0
1773461520000,2102.96,2103.10,2102.22,2102.22,1014.148,1773461579999,2132591.81329,1268,439.874,925003.43519,0
1773461580000,2102.23,2103.80,2102.22,2103.58,1239.646,1773461639999,2606582.53407,2058,645.980,1358285.19219,0
1773461640000,2103.58,2103.58,2102.34,2102.83,1257.429,1773461699999,2643960.68495,2182,772.013,1623249.47223,0
1773461700000,2102.84,2103.57,2100.12,2100.12,5793.353,1773461759999,12179553.84981,4590,2645.454,5562838.01214,0
1773461760000,2100.12,2100.48,2099.47,2100.48,1552.981,1773461819999,3261433.72361,2191,287.547,603904.02066,0
1773461820000,2100.47,2101.00,2099.95,2100.89,705.138,1773461879999,1481105.52968,1375,250.371,525902.25257,0
1773461880000,2100.89,2101.25,2100.88,2101.07,503.826,1773461939999,1058528.69418,844,201.150,422609.36356,0
1773461940000,2101.06,2101.47,2100.70,2101.46,789.162,1773461999999,1658169.22189,1365,458.447,963268.75133,0
1773462000000,2101.47,2101.77,2100.91,2101.10,1515.460,1773462059999,3184513.80296,1886,687.692,1445116.81195,0
1773462060000,2101.10,2101.11,2100.00,2100.57,554.131,1773462119999,1164001.62572,1722,214.541,450656.02994,0
1773462120000,2100.57,2101.00,2100.00,2100.72,559.076,1773462179999,1174354.23569,1594,152.737,320825.46230,0
1773462180000,2100.72,2100.99,2100.31,2100.77,831.205,1773462239999,1746076.70861,1491,250.203,525593.54952,0
1773462240000,2100.77,2101.00,2100.35,2100.54,990.068,1773462299999,2079808.91026,1258,509.514,1070305.96864,0
1773462300000,2100.54,2100.80,2100.18,2100.65,657.087,1773462359999,1380186.92312,1036,186.086,390873.34657,0
1773462360000,2100.65,2101.00,2100.65,2100.99,184.620,1773462419999,387854.30409,353,108.563,228078.46744,0
1773462420000,2100.99,2101.60,2100.99,2101.60,623.960,1773462479999,1311162.31745,1055,374.343,786615.39361,0
1773462480000,2101.60,2102.29,2101.59,2102.28,1604.899,1773462539999,3373459.76692,1417,1255.706,2639427.26099,0
1773462540000,2102.29,2102.29,2101.45,2102.09,1017.486,1773462599999,2138625.86372,1391,344.314,723729.63432,0
1773462600000,2102.09,2102.09,2100.78,2101.17,871.956,1773462659999,1832171.05601,2123,371.799,781224.35536,0
1773462660000,2101.16,2101.16,2100.43,2100.44,631.381,1773462719999,1326329.89064,1082,115.304,242216.66959,0
1773462720000,2100.43,2101.30,2100.43,2101.30,1013.098,1773462779999,2128409.96543,1141,814.598,1711375.08529,0
1773462780000,2101.30,2101.31,2100.64,2100.97,761.587,1773462839999,1600047.04889,980,349.467,734190.29124,0
1773462840000,2100.97,2103.25,2100.97,2102.50,994.258,1773462899999,2090253.14107,2341,656.836,1380894.82042,0
1773462900000,2102.49,2102.98,2102.31,2102.56,608.298,1773462959999,1279121.93886,999,319.576,672008.20306,0
1773462960000,2102.56,2102.56,2102.00,2102.00,319.256,1773463019999,671197.91140,676,154.829,325512.99680,0
1773463020000,2102.01,2105.75,2102.00,2103.88,3570.729,1773463079999,7514288.58298,5434,2614.113,5501364.76654,0
1773463080000,2103.87,2104.95,2103.81,2104.11,3024.697,1773463139999,6365114.95111,4351,1808.230,3805203.62146,0
1773463140000,2104.10,2104.11,2102.87,2103.97,3262.599,1773463199999,6863921.37891,1911,2406.930,5063887.41710,0
1773463200000,2103.97,2103.98,2102.67,2103.14,1593.800,1773463259999,3351924.82134,1669,416.184,875214.65771,0
1773463260000,2103.13,2103.68,2103.13,2103.43,475.014,1773463319999,999174.32021,1002,268.950,565740.94409,0
1773463320000,2103.42,2104.22,2103.41,2103.69,919.883,1773463379999,1935094.71186,1365,619.006,1302186.12668,0
1773463380000,2103.69,2103.85,2103.07,2103.07,612.643,1773463439999,1288758.52159,1019,249.794,525491.56416,0
1773463440000,2103.08,2103.17,2102.24,2102.53,1145.308,1773463499999,2408171.72633,1996,544.221,1144316.50930,0
1773463500000,2102.54,2102.85,2102.09,2102.10,467.463,1773463559999,982871.40082,841,157.509,331180.11695,0
1773463560000,2102.10,2103.01,2102.09,2102.44,1120.138,1773463619999,2355256.37141,1282,850.227,1787697.32003,0
1773463620000,2102.43,2102.90,2102.20,2102.42,553.549,1773463679999,1163806.07216,1076,208.530,438431.19361,0
1773463680000,2102.43,2103.47,2102.26,2102.92,1621.749,1773463739999,3410487.18048,1947,1096.289,2305523.62130,0
1773463740000,2102.92,2103.79,2102.91,2103.78,716.929,1773463799999,1507918.46179,1507,474.715,998469.66912,0
1773463800000,2103.79,2104.35,2101.98,2102.59,3505.043,1773463859999,7370725.06611,2920,1110.505,2335534.01745,0
1773463860000,2102.58,2103.27,2096.86,2097.28,24555.952,1773463919999,51546832.95122,14376,6610.675,13873812.40441,0
1773463920000,2097.28,2097.78,2088.73,2091.17,31940.257,1773463979999,66851612.29244,17170,10610.796,22208919.00077,0
1773463980000,2091.18,2091.89,2089.56,2090.03,7082.568,1773464039999,14805382.03155,5757,3419.952,7148773.62249,0
1773464040000,2090.03,2092.00,2086.70,2089.39,16546.226,1773464099999,34579732.10269,12911,5465.010,11421906.63652,0
1773464100000,2089.39,2090.58,2089.39,2089.69,5983.615,1773464159999,12505628.52932,4079,4755.125,9937948.12805,0
1773464160000,2089.69,2089.94,2086.25,2088.72,7033.554,1773464219999,14682914.62657,8940,2853.479,5957339.61710,0
1773464220000,2088.72,2089.01,2088.16,2088.50,2553.496,1773464279999,5333373.75459,2977,1211.229,2529841.77331,0
1773464280000,2088.50,2089.73,2088.49,2089.15,1889.378,1773464339999,3947077.77307,3117,858.803,1794221.22638,0
1773464340000,2089.14,2089.51,2088.44,2089.31,3000.948,1773464399999,6268929.90069,2549,1591.157,3323862.47567,0
1773464400000,2089.30,2090.51,2089.19,2089.89,4952.798,1773464459999,10350874.85466,4007,2012.009,4205001.93034,0
1773464460000,2089.90,2090.19,2089.54,2089.98,1404.192,1773464519999,2934605.94236,1880,890.517,1861092.12141,0
1773464520000,2089.98,2090.95,2089.86,2090.57,1997.070,1773464579999,4175017.58983,2481,1235.374,2582650.08646,0
1773464580000,2090.56,2091.34,2090.11,2090.76,1626.091,1773464639999,3399922.67834,2301,737.890,1542893.94777,0
1773464640000,2090.77,2091.27,2089.40,2089.66,3778.448,1773464699999,7897840.47619,3147,893.450,1867746.69188,0
1773464700000,2089.66,2090.30,2089.30,2089.32,2284.679,1773464759999,4774377.45375,2186,461.865,965218.13821,0
1773464760000,2089.31,2090.23,2088.27,2090.22,3437.470,1773464819999,7181205.89030,3701,1620.223,3384800.80512,0
1773464820000,2090.22,2092.40,2090.22,2092.19,2615.710,1773464879999,5470621.19346,3374,2023.092,4231123.78328,0
1773464880000,2092.20,2092.40,2091.13,2091.75,1725.138,1773464939999,3608456.89832,2997,800.953,1675377.83308,0
1773464940000,2091.75,2091.96,2090.69,2091.96,2637.407,1773464999999,5514989.57292,1972,815.401,1705136.95460,0
1773465000000,2091.96,2092.40,2091.41,2091.75,2647.518,1773465059999,5538507.44857,2103,684.978,1432864.38443,0
1773465060000,2091.74,2092.82,2091.52,2091.53,3966.032,1773465119999,8297276.06330,2260,1271.100,2659205.90685,0
1773465120000,2091.52,2092.10,2091.52,2092.09,379.833,1773465179999,794525.03792,736,296.438,620090.85204,0
1773465180000,2092.09,2092.99,2092.09,2092.51,568.865,1773465239999,1190351.96988,1257,239.815,501802.39930,0
1773465240000,2092.51,2092.51,2091.56,2091.74,1573.064,1773465299999,3290647.51456,1924,455.592,952980.31152,0
1773465300000,2091.74,2091.74,2091.00,2091.44,453.930,1773465359999,949303.15653,1394,221.155,462493.92698,0
1773465360000,2091.44,2091.83,2091.00,2091.24,956.688,1773465419999,2000670.38763,1437,636.834,1331741.18313,0
1773465420000,2091.23,2091.24,2089.20,2089.58,729.828,1773465479999,1525459.65109,2092,197.847,413480.29776,0
1773465480000,2089.57,2090.50,2089.43,2090.17,986.213,1773465539999,2061140.76450,1767,701.906,1466917.07070,0
1773465540000,2090.17,2091.05,2090.17,2091.00,782.768,1773465599999,1636495.94336,1359,455.971,953254.47587,0
1773465600000,2091.00,2091.04,2090.52,2090.63,324.183,1773465659999,677748.58257,773,175.922,367787.46912,0
1773465660000,2090.62,2091.75,2090.62,2091.13,655.015,1773465719999,1369670.44318,1276,437.859,915586.32715,0
1773465720000,2091.13,2091.64,2090.68,2091.27,761.101,1773465779999,1591515.51310,1472,366.274,765866.27331,0
1773465780000,2091.26,2092.91,2091.26,2092.07,4205.602,1773465839999,8798438.36126,3302,1335.781,2794588.12041,0
1773465840000,2092.07,2093.30,2092.07,2092.15,1304.346,1773465899999,2729702.05900,2230,750.422,1570453.06251,0
1773465900000,2092.15,2092.87,2092.04,2092.80,608.086,1773465959999,1272391.52450,1008,341.336,714247.60150,0
1773465960000,2092.80,2093.54,2092.80,2092.97,443.682,1773466019999,928768.54650,1255,193.806,405681.40295,0
1773466020000,2092.97,2092.98,2092.56,2092.56,322.231,1773466079999,674373.66493,486,177.653,371790.67588,0
1773466080000,2092.57,2092.60,2092.04,2092.04,395.035,1773466139999,826588.98808,588,172.069,360059.18798,0
1773466140000,2092.04,2092.21,2091.23,2091.38,1696.849,1773466199999,3549642.30168,1160,317.269,663622.78752,0
1773466200000,2091.39,2091.67,2090.27,2090.70,5102.048,1773466259999,10668043.68168,3207,1335.422,2792131.26392,0
1773466260000,2090.70,2090.70,2089.00,2089.13,4284.897,1773466319999,8953598.39269,3177,1570.657,3281853.56080,0
1773466320000,2089.13,2090.00,2089.13,2089.79,1397.586,1773466379999,2920536.93399,1716,996.703,2082777.21841,0
1773466380000,2089.80,2090.00,2085.70,2086.63,4853.673,1773466439999,10129172.67187,6872,1297.754,2708279.84912,0
1773466440000,2086.62,2087.10,2086.03,2086.64,1680.008,1773466499999,3505499.90929,2895,813.701,1697805.44773,0
1773466500000,2086.65,2087.06,2086.64,2086.75,1261.328,1773466559999,2632083.56101,1366,708.308,1478059.17998,0
1773466560000,2086.76,2088.52,2084.34,2087.90,6880.610,1773466619999,14352706.07459,7471,2151.436,4489654.18487,0
1773466620000,2087.89,2088.45,2086.87,2088.00,1436.856,1773466679999,2999401.45386,2980,777.978,1624010.00376,0
1773466680000,2087.99,2088.22,2087.48,2087.68,787.021,1773466739999,1643231.25052,1091,385.567,804970.87063,0
1773466740000,2087.69,2089.79,2087.68,2089.40,876.096,1773466799999,1830042.11072,2402,518.436,1082913.03337,0
1773466800000,2089.41,2089.41,2088.35,2088.55,612.244,1773466859999,1278834.02897,1509,250.711,523693.25673,0
1773466860000,2088.56,2088.64,2088.00,2088.00,563.903,1773466919999,1177659.62091,1320,294.546,615149.30413,0
1773466920000,2088.00,2088.50,2087.44,2088.49,1488.234,1773466979999,3107428.51190,1387,389.797,813969.16608,0
1773466980000,2088.50,2088.94,2088.49,2088.83,431.123,1773467039999,900527.87889,756,187.337,391307.46120,0
1773467040000,2088.84,2089.46,2088.84,2089.10,898.946,1773467099999,1878142.82630,1143,606.345,1266797.66161,0
1773467100000,2089.10,2089.22,2088.33,2089.09,761.949,1773467159999,1591630.44145,1491,379.441,792620.02875,0
1773467160000,2089.08,2089.81,2088.84,2088.98,983.814,1773467219999,2055535.20146,1574,434.131,906997.87710,0
1773467220000,2088.97,2089.50,2088.83,2088.95,1038.492,1773467279999,2169611.00992,1544,821.731,1716790.61240,0
1773467280000,2088.94,2089.20,2088.73,2088.74,285.694,1773467339999,596799.86109,598,152.489,318546.26667,0
1773467340000,2088.74,2089.40,2088.04,2089.40,713.864,1773467399999,1490941.96641,1713,149.539,312352.90627,0
1773467400000,2089.40,2089.58,2088.66,2088.66,1284.665,1773467459999,2683722.70141,1204,179.983,376004.88539,0
1773467460000,2088.67,2088.67,2088.18,2088.21,362.600,1773467519999,757226.94979,698,143.873,300464.30235,0
1773467520000,2088.21,2089.75,2088.21,2089.00,1217.293,1773467579999,2543079.49881,1744,865.602,1808295.03358,0
1773467580000,2089.01,2089.39,2089.00,2089.39,395.022,1773467639999,825260.37374,543,150.138,313675.43605,0
1773467640000,2089.38,2091.85,2089.38,2090.29,4614.163,1773467699999,9646709.34503,4423,3024.691,6323252.88599,0
1773467700000,2090.29,2091.19,2090.00,2090.91,1901.748,1773467759999,3975547.75242,1944,1236.138,2584145.55466,0
1773467760000,2090.91,2090.91,2090.29,2090.53,1096.154,1773467819999,2291675.82273,1640,508.862,1063865.20207,0
1773467820000,2090.54,2090.54,2090.15,2090.53,689.281,1773467879999,1440918.22358,859,172.744,361114.79951,0
1773467880000,2090.54,2091.32,2090.53,2091.32,445.771,1773467939999,932140.87026,1026,329.932,689914.12088,0
1773467940000,2091.31,2091.48,2091.30,2091.30,416.608,1773467999999,871268.94012,519,321.335,672021.20850,0
1773468000000,2091.30,2091.30,2089.69,2090.31,1374.412,1773468059999,2872925.23552,2585,822.348,1718888.27767,0
1773468060000,2090.32,2090.32,2087.29,2088.26,4381.331,1773468119999,9151023.49446,4630,1089.309,2275263.73741,0
1773468120000,2088.26,2089.47,2088.26,2088.69,720.791,1773468179999,1505710.71101,1549,421.190,879824.67849,0
1773468180000,2088.70,2088.70,2087.94,2087.95,524.600,1773468239999,1095553.20483,1085,166.049,346778.89525,0
1773468240000,2087.94,2088.10,2087.25,2087.42,654.363,1773468299999,1366045.05990,1578,133.045,277747.32198,0
1773468300000,2087.42,2088.32,2087.42,2087.79,414.502,1773468359999,865481.72506,1229,169.507,353920.34713,0
1773468360000,2087.79,2088.21,2087.79,2087.80,538.350,1773468419999,1124112.60306,903,304.887,636619.18062,0
1773468420000,2087.81,2088.44,2087.80,2088.00,558.824,1773468479999,1166944.62883,919,239.321,499749.33516,0
1773468480000,2088.00,2088.35,2088.00,2088.33,426.387,1773468539999,890379.89746,665,290.522,606674.55421,0
1773468540000,2088.33,2088.81,2088.32,2088.37,385.691,1773468599999,805531.94319,884,245.506,512755.37352,0
1773468600000,2088.37,2088.38,2087.66,2088.05,468.872,1773468659999,978970.38362,1142,135.298,282491.60986,0
1773468660000,2088.06,2088.29,2087.13,2087.32,1359.699,1773468719999,2838835.22896,1882,765.677,1598708.14021,0
1773468720000,2087.31,2087.54,2087.12,2087.12,516.797,1773468779999,1078690.47311,976,161.645,337404.71926,0
1773468780000,2087.13,2087.67,2087.12,2087.49,323.139,1773468839999,674535.47421,665,126.572,264206.59085,0
1773468840000,2087.49,2088.00,2087.49,2087.79,520.404,1773468899999,1086485.91829,1003,319.608,667257.71431,0
1773468900000,2087.79,2087.80,2087.00,2087.00,789.486,1773468959999,1647851.33761,949,181.600,379024.46971,0
1773468960000,2087.00,2087.23,2084.78,2084.78,3725.715,1773469019999,7770218.51852,4435,1065.833,2222477.94260,0
1773469020000,2084.79,2085.55,2082.80,2084.07,5513.851,1773469079999,11491466.06562,5324,1435.138,2991248.46563,0
1773469080000,2084.06,2084.07,2082.10,2083.81,5532.750,1773469139999,11524392.57116,7577,1945.828,4053455.29076,0
1773469140000,2083.82,2085.30,2083.24,2083.75,4931.640,1773469199999,10280117.26079,5326,2912.513,6071401.67307,0
1773469200000,2083.75,2084.08,2082.56,2084.00,2005.577,1773469259999,4178100.30366,3467,1079.506,2248873.52978,0
1773469260000,2084.00,2084.85,2082.88,2084.85,1328.082,1773469319999,2767437.00258,2629,882.514,1839056.73003,0
1773469320000,2084.85,2085.25,2084.53,2085.14,1244.054,1773469379999,2593782.31547,2016,924.548,1927622.23992,0
1773469380000,2085.13,2086.12,2085.01,2085.02,1893.747,1773469439999,3949455.28006,2493,1457.760,3040188.54216,0
1773469440000,2085.02,2085.02,2082.00,2082.63,4667.470,1773469499999,9721126.69879,5512,1000.574,2083845.12294,0
1773469500000,2082.63,2083.68,2082.00,2082.00,1759.976,1773469559999,3665353.00005,3689,655.998,1366196.53311,0
1773469560000,2082.01,2082.64,2080.30,2082.54,6994.647,1773469619999,14559317.22635,7644,2476.219,5154711.55554,0
1773469620000,2082.54,2083.74,2082.00,2083.52,3202.717,1773469679999,6671774.78194,4451,1645.439,3427555.68402,0
1773469680000,2083.52,2084.96,2083.51,2084.95,1344.478,1773469739999,2802468.97538,2296,1018.118,2122129.53918,0
1773469740000,2084.95,2085.00,2084.00,2084.01,1596.059,1773469799999,3327009.96784,1893,755.256,1574362.67416,0
1773469800000,2084.00,2084.62,2083.59,2083.67,1999.821,1773469859999,4167750.44706,2257,727.105,1515343.92441,0
1773469860000,2083.67,2084.23,2083.42,2083.95,1882.894,1773469919999,3923571.34209,2451,804.491,1676411.95397,0
1773469920000,2083.95,2083.99,2082.53,2083.10,2683.590,1773469979999,5590188.90802,2590,823.390,1715016.01923,0
1773469980000,2083.10,2083.11,2080.76,2080.98,4604.723,1773470039999,9586458.10966,3132,720.759,1500164.05070,0
1773470040000,2080.99,2080.99,2078.27,2079.02,13277.595,1773470099999,27611100.47477,13070,5007.126,10412846.10513,0
1773470100000,2079.02,2080.56,2079.00,2080.04,3823.868,1773470159999,7952791.04688,4474,2597.808,5402622.77228,0
1773470160000,2080.03,2080.97,2078.48,2078.75,4165.678,1773470219999,8661626.98249,4825,1372.776,2854401.05892,0
1773470220000,2078.74,2079.17,2075.61,2076.83,14222.639,1773470279999,29542169.30259,12312,3270.947,6794481.76323,0
1773470280000,2076.83,2077.00,2072.56,2073.26,18037.526,1773470339999,37413212.32734,19650,7616.088,15797665.50082,0
1773470340000,2073.26,2074.43,2072.41,2073.51,6205.363,1773470399999,12868503.57716,7585,2328.060,4827818.34092,0
1773470400000,2073.51,2076.44,2067.13,2072.94,37439.217,1773470459999,77543076.02093,28437,16337.910,33846606.40307,0
1773470460000,2072.94,2073.41,2071.22,2072.90,5463.070,1773470519999,11320919.69845,9108,3228.968,6691039.49982,0
1773470520000,2072.90,2074.12,2072.26,2073.45,2973.646,1773470579999,6164637.33089,5307,1651.298,3423436.05442,0
1773470580000,2073.45,2075.02,2073.22,2073.80,5330.082,1773470639999,11055780.34828,4647,2811.666,5832426.74576,0
1773470640000,2073.81,2074.30,2072.64,2074.29,4070.485,1773470699999,8439288.18591,4062,1574.902,3265492.22449,0
1773470700000,2074.30,2074.64,2073.49,2074.41,3464.207,1773470759999,7184782.37268,4359,2748.113,5699686.03436,0
1773470760000,2074.41,2076.50,2074.19,2076.46,4805.465,1773470819999,9974258.29373,5915,3775.869,7837194.12814,0
1773470820000,2076.45,2078.42,2076.30,2077.31,5665.216,1773470879999,11769200.88514,8550,3250.718,6753359.13765,0
1773470880000,2077.31,2078.21,2076.23,2077.33,2174.846,1773470939999,4518445.86025,5404,1352.389,2809821.36100,0
1773470940000,2077.33,2078.12,2076.60,2077.34,1796.663,1773470999999,3732307.04313,3522,886.802,1842223.92914,0
1773471000000,2077.35,2077.68,2076.00,2076.00,1530.747,1773471059999,3179047.28566,2631,631.804,1312199.38452,0
1773471060000,2076.01,2077.74,2076.00,2076.89,3181.249,1773471119999,6607585.98081,4201,1435.611,2981747.98890,0
1773471120000,2076.88,2077.56,2076.58,2077.20,860.578,1773471179999,1787392.06025,1574,416.206,864488.37497,0
1773471180000,2077.19,2077.30,2077.00,2077.02,532.736,1773471239999,1106551.07001,857,231.028,479876.27484,0
1773471240000,2077.01,2077.30,2076.38,2076.38,1335.898,1773471299999,2774685.82113,1382,430.854,894909.29697,0
1773471300000,2076.38,2077.61,2076.24,2077.25,1585.761,1773471359999,3294050.61560,1843,1106.906,2299316.19985,0
1773471360000,2077.26,2078.13,2077.26,2078.13,822.080,1773471419999,1708091.19456,1037,518.910,1078143.70434,0
1773471420000,2078.12,2078.30,2077.09,2077.93,1153.577,1773471479999,2396914.86663,2235,736.829,1531076.17503,0
1773471480000,2077.93,2077.93,2077.06,2077.40,909.516,1773471539999,1889698.77261,1391,341.602,709738.13260,0
1773471540000,2077.41,2077.75,2077.00,2077.16,842.250,1773471599999,1749697.18301,1482,447.804,930276.68307,0
1773471600000,2077.16,2078.00,2076.38,2077.99,1994.630,1773471659999,4143354.20293,2953,1098.690,2282345.72487,0
1773471660000,2077.99,2078.41,2077.49,2077.57,1275.369,1773471719999,2650198.76579,1794,665.109,1382083.36224,0
1773471720000,2077.58,2077.78,2077.00,2077.00,804.896,1773471779999,1672157.70095,1576,315.067,654515.30183,0
1773471780000,2077.01,2078.40,2077.00,2077.65,591.160,1773471839999,1228338.27756,1757,404.361,840202.35178,0
1773471840000,2077.65,2078.57,2077.31,2077.48,2321.227,1773471899999,4823506.68853,2340,1606.349,3337975.42213,0
1773471900000,2077.48,2077.48,2075.00,2075.94,4415.359,1773471959999,9165673.16776,3777,789.077,1637798.88394,0
1773471960000,2075.94,2076.92,2074.11,2076.32,4860.812,1773472019999,10088646.49548,4853,1997.009,4145603.25195,0
1773472020000,2076.31,2077.47,2075.89,2075.89,3955.484,1773472079999,8214721.34045,3450,2399.951,4984067.91759,0
1773472080000,2075.88,2076.74,2075.88,2076.73,1214.674,1773472139999,2522059.13348,1473,650.760,1351174.98269,0
1773472140000,2076.73,2077.94,2076.73,2077.78,1471.115,1773472199999,3055990.33133,2135,847.160,1759854.85164,0
1773472200000,2077.78,2078.24,2077.40,2077.40,1381.385,1773472259999,2870312.56192,1677,797.785,1657711.25712,0
1773472260000,2077.41,2078.22,2077.00,2077.69,1334.510,1773472319999,2772743.00744,2332,782.549,1625961.17221,0
1773472320000,2077.69,2077.96,2077.00,2077.83,2257.726,1773472379999,4690739.04899,3077,1216.456,2527308.81715,0
1773472380000,2077.83,2078.44,2077.53,2078.29,1142.752,1773472439999,2374736.05873,1594,825.109,1714665.34052,0
1773472440000,2078.29,2078.29,2077.88,2078.01,2300.554,1773472499999,4780619.78444,1406,627.407,1303804.78515,0
1773472500000,2078.01,2078.01,2077.18,2077.41,1107.530,1773472559999,2301043.49451,1577,458.483,952501.05173,0
1773472560000,2077.41,2077.42,2076.70,2077.11,1306.179,1773472619999,2712870.06013,1716,412.375,856520.61282,0
1773472620000,2077.12,2077.47,2077.00,2077.19,468.993,1773472679999,974226.67328,883,248.591,516385.09644,0
1773472680000,2077.18,2077.68,2077.00,2077.68,612.407,1773472739999,1272112.15869,992,390.721,811633.79369,0
1773472740000,2077.68,2077.95,2077.00,2077.08,748.362,1773472799999,1554740.03723,1116,400.417,831860.12670,0
1773472800000,2077.08,2077.20,2077.01,2077.10,395.929,1773472859999,822390.51428,536,169.988,353083.59866,0
1773472860000,2077.10,2077.11,2076.87,2076.87,449.527,1773472919999,933661.49334,669,63.108,131077.79215,0
1773472920000,2076.87,2076.88,2076.09,2076.32,593.751,1773472979999,1232797.26913,1260,181.164,376139.72413,0
1773472980000,2076.31,2076.32,2074.69,2075.48,2244.041,1773473039999,4657302.55781,2771,437.577,908046.12928,0
1773473040000,2075.49,2075.76,2074.80,2075.63,759.006,1773473099999,1575018.60446,1698,230.511,478346.47199,0
1773473100000,2075.64,2076.25,2075.64,2076.25,588.873,1773473159999,1222550.80037,1176,317.158,658428.35616,0
1773473160000,2076.25,2077.30,2076.25,2077.17,642.940,1773473219999,1335359.75102,1216,446.061,926442.67549,0
1773473220000,2077.16,2078.77,2077.16,2078.22,3835.708,1773473279999,7971983.75895,3033,2672.959,5555187.72698,0
1773473280000,2078.22,2078.49,2078.02,2078.03,520.167,1773473339999,1081092.80864,923,324.329,674068.95925,0
1773473340000,2078.02,2078.66,2077.71,2078.66,1277.520,1773473399999,2654967.28086,1463,596.952,1240635.44469,0
1773473400000,2078.66,2079.43,2078.65,2078.88,2294.794,1773473459999,4770962.07162,2548,1292.570,2687350.37510,0
1773473460000,2078.87,2078.99,2078.31,2078.99,733.515,1773473519999,1524645.00342,1402,397.595,826408.11938,0
1773473520000,2078.99,2079.20,2078.25,2078.25,1013.387,1773473579999,2106886.35300,1370,714.489,1485488.58673,0
1773473580000,2078.25,2078.41,2077.24,2078.40,1077.148,1773473639999,2238043.67420,2117,759.385,1577812.40926,0
1773473640000,2078.41,2078.78,2078.01,2078.46,674.659,1773473699999,1402221.57228,1402,344.251,715497.32482,0
1773473700000,2078.47,2078.47,2076.95,2076.95,1144.786,1773473759999,2378219.67531,1426,166.401,345678.46847,0
1773473760000,2076.96,2076.96,2076.00,2076.15,1520.856,1773473819999,3157530.48629,1778,273.697,568246.92715,0
1773473820000,2076.14,2076.14,2075.05,2076.01,2369.498,1773473879999,4917771.44485,2250,1183.466,2456160.71625,0
1773473880000,2076.01,2076.82,2075.78,2076.58,696.579,1773473939999,1446256.71803,1616,486.572,1010222.45486,0
1773473940000,2076.59,2077.77,2076.58,2077.38,443.964,1773473999999,922214.49855,1245,276.249,573807.86371,0
1773474000000,2077.39,2077.39,2076.53,2076.91,891.877,1773474059999,1852302.55867,1403,312.540,649072.16871,0
1773474060000,2076.90,2076.91,2075.21,2075.97,1302.541,1773474119999,2704145.00621,2864,707.778,1469380.07791,0
1773474120000,2075.96,2077.03,2075.82,2077.03,1282.154,1773474179999,2662348.04171,1503,721.270,1497681.50108,0
1773474180000,2077.02,2077.65,2076.80,2076.80,876.081,1773474239999,1819776.95812,1662,536.837,1115151.51223,0
1773474240000,2076.81,2078.00,2076.80,2077.80,695.678,1773474299999,1445390.51880,1257,375.220,779540.85755,0
1773474300000,2077.80,2077.80,2076.13,2076.14,848.793,1773474359999,1762834.46191,2052,173.906,361118.69724,0
1773474360000,2076.14,2077.37,2075.43,2076.82,1031.248,1773474419999,2140955.03549,2406,247.631,514217.94980,0
1773474420000,2076.83,2077.64,2076.81,2077.64,557.740,1773474479999,1158540.04447,854,175.266,364056.53019,0
1773474480000,2077.63,2077.64,2076.70,2077.31,700.889,1773474539999,1455747.95481,1265,137.357,285279.74222,0
1773474540000,2077.32,2077.71,2077.11,2077.11,1348.006,1773474599999,2800412.17676,1474,518.413,1077014.50264,0
1773474600000,2077.11,2078.00,2077.10,2078.00,487.504,1773474659999,1012833.57771,887,364.102,756466.51452,0
1773474660000,2078.00,2078.00,2077.40,2078.00,502.308,1773474719999,1043659.16333,1353,223.748,464874.33976,0
1773474720000,2077.99,2077.99,2076.46,2076.74,953.870,1773474779999,1981083.44183,1433,253.165,525747.02529,0
1773474780000,2076.74,2077.34,2076.48,2076.72,644.638,1773474839999,1338864.93838,1651,283.741,589280.99542,0
1773474840000,2076.72,2076.88,2075.39,2075.70,1158.410,1773474899999,2404966.60012,2156,231.772,481172.59587,0
1773474900000,2075.71,2076.97,2075.70,2076.96,769.361,1773474959999,1597603.95065,1165,645.345,1340098.43711,0
1773474960000,2076.96,2076.96,2076.26,2076.89,527.070,1773475019999,1094506.94681,1097,172.302,357799.55380,0
1773475020000,2076.90,2077.53,2076.47,2077.53,398.029,1773475079999,826751.12332,922,290.721,603886.11579,0
1773475080000,2077.52,2077.52,2076.50,2076.50,793.392,1773475139999,1647940.11299,852,89.230,185327.35472,0
1773475140000,2076.50,2076.50,2075.98,2076.30,665.784,1773475199999,1382277.18210,1020,191.462,397509.49702,0
1773475200000,2076.30,2076.30,2075.00,2075.14,1877.448,1773475259999,3896289.46022,2057,494.314,1025824.67883,0
1773475260000,2075.14,2075.80,2075.14,2075.77,856.234,1773475319999,1777132.25745,1730,579.240,1202227.62469,0
1773475320000,2075.77,2077.16,2075.77,2076.72,752.296,1773475379999,1562339.69040,1501,538.961,1119261.90487,0
1773475380000,2076.71,2077.12,2076.03,2076.15,775.287,1773475439999,1610074.04023,1549,494.192,1026296.80460,0
1773475440000,2076.15,2076.90,2075.44,2076.45,1712.124,1773475499999,3554745.92523,2008,1320.324,2741297.45140,0
1773475500000,2076.45,2077.68,2076.23,2077.51,1177.262,1773475559999,2445229.73733,2093,635.549,1320118.63603,0
1773475560000,2077.51,2077.89,2077.32,2077.32,1150.782,1773475619999,2390874.17637,1685,596.296,1238865.44667,0
1773475620000,2077.32,2077.68,2077.22,2077.48,797.032,1773475679999,1655751.44402,1143,601.448,1249447.44616,0
1773475680000,2077.48,2078.86,2077.48,2078.72,677.471,1773475739999,1407943.43079,1531,525.521,1092139.10695,0
1773475740000,2078.71,2079.01,2078.06,2078.19,3940.235,1773475799999,8190477.17327,3018,1781.780,3703780.81878,0
1773475800000,2078.18,2078.67,2078.10,2078.66,518.171,1773475859999,1076906.71151,1035,315.986,656705.86262,0
1773475860000,2078.67,2079.05,2078.37,2079.04,1127.156,1773475919999,2343115.51836,1244,568.873,1182599.21985,0
1773475920000,2079.04,2079.36,2079.04,2079.21,1069.004,1773475979999,2222657.35207,1135,693.317,1441535.55652,0
1773475980000,2079.21,2079.50,2079.01,2079.50,984.095,1773476039999,2046163.24359,1161,450.955,937664.57738,0
1773476040000,2079.50,2079.99,2079.07,2079.37,1594.745,1773476099999,3316198.15968,1764,841.278,1749446.99405,0
1773476100000,2079.37,2079.80,2078.56,2078.59,2154.401,1773476159999,4479528.76497,2198,870.343,1809815.86445,0
1773476160000,2078.60,2078.70,2078.33,2078.39,942.307,1773476219999,1958639.19394,1239,442.821,920421.89611,0
1773476220000,2078.40,2078.89,2077.50,2077.50,1200.003,1773476279999,2493977.70864,1525,722.637,1502003.26627,0
1773476280000,2077.51,2077.51,2076.70,2077.18,1537.115,1773476339999,3192841.92601,1418,312.248,648558.68965,0
1773476340000,2077.18,2077.19,2076.00,2076.25,647.949,1773476399999,1345381.22931,1275,177.962,369511.76438,0
1773476400000,2076.26,2076.55,2076.00,2076.00,1159.056,1773476459999,2406559.03413,1331,515.782,1070923.06800,0
1773476460000,2076.01,2076.80,2076.00,2076.79,858.020,1773476519999,1781599.36493,1050,229.559,476672.74796,0
1773476520000,2076.80,2077.58,2076.80,2077.15,464.335,1773476579999,964567.36427,977,292.969,608572.17666,0
1773476580000,2077.15,2077.90,2077.15,2077.83,563.860,1773476639999,1171529.93261,821,412.495,857034.04066,0
1773476640000,2077.83,2077.95,2077.20,2077.25,475.702,1773476699999,988385.19938,824,236.427,491227.75995,0
1773476700000,2077.25,2077.25,2077.06,2077.15,339.094,1773476759999,704345.70233,477,171.472,356166.32803,0
1773476760000,2077.15,2078.00,2077.14,2078.00,457.879,1773476819999,951298.40515,822,349.920,727002.27749,0
1773476820000,2078.00,2078.77,2077.97,2077.98,1624.319,1773476879999,3375624.06290,1505,1296.193,2693696.03182,0
1773476880000,2077.97,2077.98,2077.00,2077.08,1074.722,1773476939999,2232402.59529,1059,168.645,350353.18067,0
1773476940000,2077.08,2080.22,2077.07,2078.25,7465.176,1773476999999,15517058.99238,5649,4332.913,9006410.06738,0
1773477000000,2078.24,2078.52,2077.62,2078.01,1197.087,1773477059999,2487663.18052,1530,348.367,723968.57230,0
1773477060000,2078.00,2078.01,2075.68,2076.82,3215.153,1773477119999,6676145.42928,3202,1417.190,2942950.13242,0
1773477120000,2076.82,2077.47,2076.39,2076.80,685.664,1773477179999,1423977.61321,1397,340.035,706209.11148,0
1773477180000,2076.80,2077.44,2076.80,2077.44,223.960,1773477239999,465152.36667,608,121.153,251630.82381,0
1773477240000,2077.43,2077.90,2077.43,2077.73,598.286,1773477299999,1243063.27022,993,198.721,412870.12553,0
1773477300000,2077.74,2077.74,2076.84,2076.84,843.799,1773477359999,1752856.17194,957,294.063,610835.36583,0
1773477360000,2076.84,2076.84,2076.00,2076.00,299.062,1773477419999,620957.00881,862,83.701,173786.36526,0
1773477420000,2076.01,2076.01,2074.59,2075.40,3240.319,1773477479999,6723954.51958,3086,1278.260,2652378.79850,0
1773477480000,2075.40,2075.53,2073.38,2075.01,3562.199,1773477539999,7388567.97559,5082,1060.931,2200720.45097,0
1773477540000,2075.01,2075.10,2074.08,2074.28,2125.345,1773477599999,4409606.95597,1963,310.889,645015.13515,0
1773477600000,2074.28,2074.29,2072.40,2073.28,1921.350,1773477659999,3983114.58016,3479,608.193,1260854.46793,0
1773477660000,2073.28,2074.00,2073.28,2073.61,2412.192,1773477719999,5002303.21809,1831,1859.266,3855705.89508,0
1773477720000,2073.61,2073.91,2071.48,2072.78,2582.077,1773477779999,5351525.42791,3841,1183.193,2452503.17872,0
1773477780000,2072.78,2073.13,2072.71,2072.71,811.362,1773477839999,1681898.42597,1124,341.687,708289.68018,0
1773477840000,2072.71,2073.44,2072.54,2072.89,1984.176,1773477899999,4113038.68697,1780,1412.264,2927558.58793,0
1773477900000,2072.90,2073.80,2072.90,2073.80,795.140,1773477959999,1648596.92899,1450,491.190,1018407.18481,0
1773477960000,2073.79,2074.14,2073.79,2074.08,676.859,1773478019999,1403804.76792,832,590.400,1224484.60938,0
1773478020000,2074.08,2074.09,2072.56,2072.87,2241.210,1773478079999,4646172.61776,1777,496.732,1029629.15593,0
1773478080000,2072.86,2073.00,2071.98,2071.99,1142.316,1773478139999,2367284.72254,1626,400.276,829515.60231,0
1773478140000,2071.98,2073.00,2071.90,2071.92,1241.639,1773478199999,2573041.39506,2180,542.516,1124222.76237,0
1773478200000,2071.91,2072.35,2071.48,2072.15,1667.384,1773478259999,3454621.36837,2381,600.124,1243443.53553,0
1773478260000,2072.16,2073.38,2072.15,2073.10,2604.132,1773478319999,5398429.17695,2511,2058.217,4266816.83203,0
1773478320000,2073.10,2073.67,2072.51,2072.61,2734.347,1773478379999,5668646.41274,2177,914.953,1896889.68910,0
1773478380000,2072.61,2073.40,2072.61,2072.97,1047.592,1773478439999,2171823.94341,1284,470.561,975551.80832,0
1773478440000,2072.97,2073.59,2072.96,2073.49,1428.860,1773478499999,2962169.77575,720,1204.327,2496653.22162,0
1773478500000,2073.48,2073.80,2072.76,2072.79,1013.951,1773478559999,2102300.15547,1614,529.763,1098410.58586,0
1773478560000,2072.78,2074.30,2072.78,2073.34,1737.660,1773478619999,3603635.05114,1787,1186.354,2460392.95064,0
1773478620000,2073.35,2073.78,2072.79,2072.79,1582.403,1773478679999,3280566.25292,1668,1190.395,2467917.79076,0
1773478680000,2072.79,2073.08,2072.79,2073.08,211.617,1773478739999,438642.07348,454,167.652,347511.80261,0
1773478740000,2073.08,2073.48,2073.03,2073.20,702.049,1773478799999,1455573.26914,1153,212.824,441234.18065,0
1773478800000,2073.19,2073.40,2072.48,2073.39,1921.779,1773478859999,3983280.09162,2047,999.364,2071313.26767,0
1773478860000,2073.39,2073.48,2073.11,2073.19,906.822,1773478919999,1880166.53221,1001,340.845,706693.53914,0
1773478920000,2073.19,2074.00,2073.18,2073.55,969.723,1773478979999,2010860.43450,1467,427.443,886327.64648,0
1773478980000,2073.54,2074.30,2073.54,2074.14,1402.112,1773479039999,2908239.66824,1223,917.167,1902358.36889,0
1773479040000,2074.13,2075.40,2074.07,2075.40,3407.972,1773479099999,7070767.17355,2071,2775.685,5758833.87892,0
1773479100000,2075.39,2076.83,2075.39,2076.04,1858.545,1773479159999,3858268.56706,2337,1231.911,2557307.36726,0
1773479160000,2076.04,2076.05,2075.55,2075.55,515.757,1773479219999,1070629.19145,970,289.796,601575.78743,0
1773479220000,2075.55,2075.96,2075.55,2075.92,326.742,1773479279999,678263.86289,624,242.904,504223.67714,0
1773479280000,2075.93,2076.03,2075.51,2075.57,497.960,1773479339999,1033667.17092,877,213.165,442518.52624,0
1773479340000,2075.58,2076.09,2075.57,2076.09,277.865,1773479399999,576750.77491,644,179.282,372123.59540,0
1773479400000,2076.08,2076.09,2074.97,2074.98,642.237,1773479459999,1332950.28605,1309,182.796,379412.99906,0
1773479460000,2074.98,2076.20,2074.97,2076.19,1146.454,1773479519999,2379903.12809,1382,649.572,1348454.09612,0
1773479520000,2076.18,2076.19,2073.96,2074.28,2944.029,1773479579999,6108462.91991,3035,599.480,1243800.84162,0
1773479580000,2074.27,2075.57,2074.27,2075.57,258.721,1773479639999,536873.71972,955,163.836,339973.44715,0
1773479640000,2075.56,2076.12,2075.56,2076.12,236.737,1773479699999,491451.71094,688,188.599,391520.84501,0
1773479700000,2076.12,2076.12,2074.91,2074.92,805.973,1773479759999,1672705.67811,1153,42.268,87721.18436,0
1773479760000,2074.92,2074.92,2073.70,2073.81,610.914,1773479819999,1267095.51824,1239,311.843,646706.12599,0
1773479820000,2073.80,2074.81,2073.69,2074.80,519.945,1773479879999,1078557.95557,1019,344.331,714266.11569,0
1773479880000,2074.81,2074.81,2073.89,2073.90,422.309,1773479939999,875926.07072,815,121.152,251295.50933,0
1773479940000,2073.89,2075.72,2073.34,2074.93,1523.545,1773479999999,3160677.94175,3034,808.686,1677766.64492,0
1773480000000,2074.93,2075.13,2074.12,2074.14,287.084,1773480059999,595595.36058,988,112.955,234325.84440,0
1773480060000,2074.14,2074.14,2073.71,2074.01,370.125,1773480119999,767610.73032,629,202.095,419134.05041,0
1773480120000,2074.01,2074.14,2073.72,2074.14,277.417,1773480179999,575364.46053,611,132.800,275426.07273,0
1773480180000,2074.13,2074.39,2074.10,2074.10,467.361,1773480239999,969407.52904,635,247.544,513454.03416,0
1773480240000,2074.11,2074.81,2073.58,2074.67,594.045,1773480299999,1232073.29122,1212,307.568,637915.00041,0
1773480300000,2074.66,2075.37,2074.52,2075.37,528.254,1773480359999,1096035.99799,798,306.287,635495.35251,0
1773480360000,2075.36,2075.37,2074.80,2075.02,742.777,1773480419999,1541440.26440,944,258.939,537349.46636,0
1773480420000,2075.02,2075.65,2075.02,2075.65,265.180,1773480479999,550371.76311,616,192.137,398775.52617,0
1773480480000,2075.65,2075.65,2074.84,2074.85,687.947,1773480539999,1427726.90995,744,128.180,265967.13692,0
1773480540000,2074.84,2075.59,2074.84,2075.37,1254.884,1773480599999,2604112.24615,1979,870.075,1805521.31123,0
1773480600000,2075.38,2075.38,2074.84,2074.84,344.794,1773480659999,715493.87511,631,233.280,484086.60094,0
1773480660000,2074.84,2075.65,2074.84,2075.64,436.908,1773480719999,906634.95152,777,308.949,641137.11184,0
1773480720000,2075.65,2076.20,2073.22,2074.19,3733.588,1773480779999,7748637.00740,4276,1132.985,2351414.79932,0
1773480780000,2074.19,2074.41,2073.36,2073.77,855.923,1773480839999,1775157.32159,1546,217.549,451173.05626,0
1773480840000,2073.78,2073.78,2073.29,2073.65,473.448,1773480899999,981750.48778,981,151.555,314269.70425,0
1773480900000,2073.65,2074.47,2071.00,2071.53,8833.623,1773480959999,18304231.21428,4977,2308.353,4784737.98160,0
1773480960000,2071.52,2072.76,2071.35,2072.76,799.188,1773481019999,1655864.91445,1741,529.327,1096780.04115,0
1773481020000,2072.76,2073.90,2072.75,2073.25,1345.015,1773481079999,2788760.88145,2043,1178.169,2442836.44365,0
1773481080000,2073.26,2073.59,2073.26,2073.56,534.780,1773481139999,1108794.05835,624,205.765,426624.53320,0
1773481140000,2073.55,2074.00,2072.53,2073.29,1500.606,1773481199999,3111124.40160,2934,539.285,1118001.24893,0
1773481200000,2073.28,2073.28,2072.90,2073.12,220.991,1773481259999,458125.35941,618,102.588,212673.51155,0
1773481260000,2073.11,2073.27,2073.11,2073.26,252.577,1773481319999,523629.20319,324,207.562,430305.27800,0
1773481320000,2073.27,2073.33,2073.12,2073.32,338.121,1773481379999,701014.53373,478,105.931,219622.67137,0
1773481380000,2073.32,2073.65,2073.32,2073.64,431.704,1773481439999,895111.99808,593,297.652,617176.07869,0
1773481440000,2073.65,2074.01,2073.64,2074.00,406.375,1773481499999,842782.75240,629,332.992,690593.95572,0
1773481500000,2074.01,2074.13,2072.61,2072.86,462.839,1773481559999,959651.78407,1391,101.575,210626.47524,0
1773481560000,2072.86,2073.24,2072.50,2072.61,487.262,1773481619999,1009961.71947,941,210.807,436946.64179,0
1773481620000,2072.62,2072.62,2067.82,2068.37,9102.365,1773481679999,18842335.10569,8358,2868.993,5938644.27599,0
1773481680000,2068.38,2068.38,2062.47,2063.97,39515.633,1773481739999,81594457.42933,23635,14211.464,29341427.15827,0
1773481740000,2063.97,2065.98,2063.57,2065.30,5914.505,1773481799999,12213350.54726,7251,3718.687,7678757.23050,0
1773481800000,2065.30,2066.41,2064.86,2065.66,4309.883,1773481859999,8903366.99661,5021,2266.220,4681608.95856,0
1773481860000,2065.66,2068.71,2065.54,2067.88,4303.023,1773481919999,8895256.13515,4524,3006.475,6215456.42232,0
1773481920000,2067.88,2068.81,2066.91,2067.19,2729.384,1773481979999,5643866.95940,2914,1730.999,3579755.72272,0
1773481980000,2067.19,2067.20,2066.49,2067.20,1404.812,1773482039999,2903671.00182,1547,945.418,1954172.66563,0
1773482040000,2067.20,2067.57,2066.52,2066.62,1435.818,1773482099999,2967910.61869,1525,779.892,1612065.46748,0
1773482100000,2066.62,2067.86,2066.44,2067.25,2006.632,1773482159999,4148101.88140,2435,680.836,1407560.94086,0
1773482160000,2067.24,2067.61,2067.10,2067.30,1314.376,1773482219999,2717292.83431,1856,899.440,1859462.70413,0
1773482220000,2067.30,2067.30,2066.34,2066.43,1197.614,1773482279999,2475102.24335,1410,412.829,853181.90247,0
1773482280000,2066.42,2067.34,2066.00,2066.36,1792.506,1773482339999,3704511.25751,2151,507.550,1049014.98328,0
1773482340000,2066.37,2066.59,2065.93,2066.11,1189.046,1773482399999,2456973.94397,1576,449.500,928819.63604,0
1773482400000,2066.11,2066.58,2065.73,2065.88,1467.002,1773482459999,3031107.98156,2544,591.079,1221262.07979,0
1773482460000,2065.89,2067.65,2065.40,2067.36,4265.111,1773482519999,8815655.14072,4586,2789.721,5766351.02602,0
1773482520000,2067.37,2067.37,2066.29,2066.73,1634.906,1773482579999,3378916.79893,2888,802.641,1658824.17340,0
1773482580000,2066.72,2067.17,2066.53,2067.16,1457.923,1773482639999,3013430.89588,1531,614.124,1269373.41570,0
1773482640000,2067.16,2067.70,2066.92,2066.93,1588.628,1773482699999,3284453.32978,1600,414.818,857629.93897,0
1773482700000,2066.93,2067.70,2066.92,2067.69,1693.926,1773482759999,3502458.73823,1177,1333.561,2757344.45768,0
1773482760000,2067.70,2067.70,2067.29,2067.29,467.025,1773482819999,965577.75219,856,100.668,208128.77568,0
1773482820000,2067.30,2067.88,2067.22,2067.23,1048.734,1773482879999,2168386.25552,1167,594.896,1230013.95230,0
1773482880000,2067.22,2067.22,2066.40,2066.56,838.962,1773482939999,1733904.36027,1371,228.876,473025.80263,0
1773482940000,2066.55,2066.79,2066.40,2066.59,957.228,1773482999999,1978160.77189,1281,249.203,514985.79245,0
1773483000000,2066.58,2067.40,2066.58,2067.40,549.176,1773483059999,1135250.40389,1014,266.366,550602.78171,0
1773483060000,2067.39,2067.69,2067.00,2067.07,667.037,1773483119999,1379026.73291,1136,327.721,677534.48661,0
1773483120000,2067.07,2067.28,2065.56,2065.56,1461.902,1773483179999,3020586.32935,2599,489.570,1011591.47191,0
1773483180000,2065.56,2066.00,2064.31,2066.00,2438.116,1773483239999,5034756.64345,3823,571.958,1181108.19924,0
1773483240000,2065.99,2066.86,2065.99,2066.86,388.505,1773483299999,802812.10677,1072,252.487,521729.03063,0
1773483300000,2066.85,2066.86,2065.08,2065.29,1190.434,1773483359999,2459360.04609,1948,328.166,677926.08544,0
1773483360000,2065.30,2065.38,2062.72,2063.74,1796.229,1773483419999,3707731.05336,3987,560.554,1157060.54085,0
1773483420000,2063.75,2065.55,2063.75,2065.05,1253.542,1773483479999,2588372.20429,2550,844.079,1742821.05456,0
1773483480000,2065.06,2065.51,2064.59,2065.04,1027.350,1773483539999,2121539.29013,1688,421.426,870233.96250,0
1773483540000,2065.04,2065.40,2064.78,2065.03,489.860,1773483599999,1011599.85202,1040,233.829,482875.17125,0
1773483600000,2065.03,2065.84,2064.80,2064.81,1359.903,1773483659999,2808899.03797,1846,737.996,1524360.51226,0
1773483660000,2064.81,2065.63,2064.59,2065.35,842.825,1773483719999,1740386.03788,1422,356.031,735189.03632,0
1773483720000,2065.35,2066.10,2065.30,2065.85,871.356,1773483779999,1799867.02088,1138,648.667,1339852.21554,0
1773483780000,2065.86,2065.86,2065.34,2065.48,636.354,1773483839999,1314456.22084,819,256.871,530604.29049,0
1773483840000,2065.48,2065.49,2064.63,2064.63,595.389,1773483899999,1229468.69020,961,174.491,360315.64579,0
1773483900000,2064.63,2065.22,2064.63,2064.95,923.422,1773483959999,1906830.07229,1129,577.393,1192262.68335,0
1773483960000,2064.95,2064.96,2064.91,2064.94,421.357,1773484019999,870072.49070,434,202.867,418904.33203,0
1773484020000,2064.93,2065.49,2064.71,2065.14,1720.394,1773484079999,3552749.65741,1877,892.692,1843412.45645,0
1773484080000,2065.14,2065.34,2064.10,2064.39,1007.286,1773484139999,2079780.70246,1461,580.855,1199314.52285,0
1773484140000,2064.39,2064.56,2063.90,2064.50,1929.891,1773484199999,3983589.96703,2066,664.912,1372497.55388,0
1773484200000,2064.50,2065.10,2063.99,2064.06,587.448,1773484259999,1212891.86737,1380,280.072,578269.93374,0
1773484260000,2064.06,2064.89,2064.06,2064.71,501.567,1773484319999,1035576.23150,1029,232.569,480163.31326,0
1773484320000,2064.72,2064.72,2063.47,2063.47,1212.766,1773484379999,2503165.95936,1509,107.212,221327.79676,0
1773484380000,2063.48,2063.82,2060.28,2061.66,15319.902,1773484439999,31580845.56354,10977,4921.572,10145646.08943,0
1773484440000,2061.66,2063.35,2060.09,2063.24,7646.944,1773484499999,15763692.20775,8489,3418.359,7047225.40229,0
1773484500000,2063.23,2063.23,2061.94,2062.48,2369.256,1773484559999,4886405.83282,2544,1608.928,3318312.68777,0
1773484560000,2062.49,2064.00,2062.48,2063.80,1507.919,1773484619999,3111020.81379,1645,1124.294,2319448.55992,0
1773484620000,2063.80,2064.50,2061.14,2061.81,3449.325,1773484679999,7114012.07123,4276,872.738,1800557.01456,0
1773484680000,2061.81,2063.76,2061.80,2062.42,2995.164,1773484739999,6178002.58934,3412,1179.156,2432165.98989,0
1773484740000,2062.42,2063.42,2061.95,2063.05,2906.223,1773484799999,5994109.64689,3718,986.471,2034729.72540,0
1773484800000,2063.06,2063.88,2062.60,2063.49,1135.096,1773484859999,2342109.64370,1764,738.067,1522896.03612,0
1773484860000,2063.48,2064.86,2063.22,2064.52,1772.997,1773484919999,3660189.91770,1912,1488.120,3072180.98844,0
1773484920000,2064.52,2064.99,2064.04,2064.88,2263.901,1773484979999,4673934.84198,2348,1396.387,2882910.71424,0
1773484980000,2064.88,2065.30,2064.74,2064.74,1336.633,1773485039999,2760263.61142,1474,1071.608,2212994.92013,0
1773485040000,2064.74,2064.84,2064.16,2064.17,746.196,1773485099999,1540670.54999,979,351.643,726063.12143,0
1773485100000,2064.17,2064.80,2062.58,2063.23,3029.624,1773485159999,6252580.03234,3192,815.645,1683236.52032,0
1773485160000,2063.22,2063.64,2063.22,2063.64,665.588,1773485219999,1373373.68800,808,513.185,1058915.12745,0
1773485220000,2063.64,2064.06,2063.63,2063.97,808.349,1773485279999,1668353.13222,863,609.372,1257667.31932,0
1773485280000,2063.97,2064.06,2063.28,2063.96,1386.896,1773485339999,2862279.05562,1551,666.260,1374968.94687,0
1773485340000,2063.96,2064.28,2063.68,2063.68,799.978,1773485399999,1651139.33147,931,457.294,943848.91327,0
1773485400000,2063.69,2064.84,2063.68,2064.25,2336.739,1773485459999,4824025.09438,1779,1723.251,3557548.65527,0
1773485460000,2064.25,2065.02,2063.81,2064.80,3022.051,1773485519999,6239608.58297,2986,1881.958,3885652.75783,0
1773485520000,2064.79,2065.60,2064.79,2065.58,1555.509,1773485579999,3212360.34162,1135,1097.290,2266110.72238,0
1773485580000,2065.59,2065.80,2065.43,2065.44,1013.410,1773485639999,2093359.94202,1399,686.890,1418884.43328,0
1773485640000,2065.43,2065.64,2065.06,2065.49,1479.153,1773485699999,3054963.15293,1264,1053.570,2175985.57955,0
1773485700000,2065.48,2065.87,2065.17,2065.17,1426.490,1773485759999,2946477.84303,1320,801.468,1655498.91826,0
1773485760000,2065.17,2065.93,2065.00,2065.00,1135.047,1773485819999,2344402.94528,1553,577.577,1192994.67344,0
1773485820000,2065.00,2065.21,2065.00,2065.20,419.977,1773485879999,867288.17677,478,244.069,504025.03340,0
1773485880000,2065.21,2065.50,2065.00,2065.25,632.242,1773485939999,1305724.94844,1063,284.043,586619.52211,0
1773485940000,2065.25,2065.50,2064.86,2065.01,1223.012,1773485999999,2525723.96188,1388,707.395,1460863.35832,0
1773486000000,2065.01,2065.77,2064.48,2065.09,2738.780,1773486059999,5656593.73883,2750,1221.390,2522648.94995,0
1773486060000,2065.09,2065.10,2064.77,2064.77,416.787,1773486119999,860616.36848,643,153.689,317337.60951,0
1773486120000,2064.78,2066.50,2064.77,2066.50,3243.477,1773486179999,6700520.82519,2436,2798.866,5781977.51950,0
1773486180000,2066.49,2067.17,2066.48,2066.96,2644.362,1773486239999,5465446.54136,2634,1731.208,3578042.25199,0
1773486240000,2066.96,2068.14,2066.91,2068.14,3044.361,1773486299999,6294730.25598,3526,2061.887,4263306.60172,0
1773486300000,2068.14,2068.60,2067.69,2067.80,3229.417,1773486359999,6679113.47421,2579,1505.285,3113133.20255,0
1773486360000,2067.79,2067.86,2067.24,2067.55,1090.186,1773486419999,2254068.01346,1191,673.903,1393359.09075,0
1773486420000,2067.54,2068.72,2067.54,2068.72,1358.539,1773486479999,2809677.13530,1643,1077.352,2228126.25444,0
1773486480000,2068.72,2069.50,2068.30,2068.87,2891.361,1773486539999,5981818.61207,3548,1758.120,3637249.82307,0
1773486540000,2068.86,2069.16,2068.44,2069.11,1612.878,1773486599999,3336781.86502,1764,742.655,1536518.67825,0
1773486600000,2069.10,2069.11,2068.73,2068.74,1174.335,1773486659999,2429733.54699,1223,695.025,1438028.54390,0
1773486660000,2068.73,2069.26,2068.73,2069.20,1317.050,1773486719999,2725040.27726,1027,975.124,2017578.45151,0
1773486720000,2069.19,2069.20,2068.77,2069.11,760.965,1773486779999,1574445.66015,1095,391.007,809008.38225,0
1773486780000,2069.11,2069.16,2068.82,2068.97,593.785,1773486839999,1228492.54332,850,335.556,694230.19881,0
1773486840000,2068.96,2069.15,2068.96,2069.15,680.783,1773486899999,1408549.84235,601,462.642,957216.91757,0
1773486900000,2069.15,2069.65,2069.10,2069.10,1758.048,1773486959999,3637960.88207,1765,1261.198,2609833.46808,0
1773486960000,2069.10,2069.12,2068.66,2069.11,778.529,1773487019999,1610725.94041,1221,128.580,266024.24684,0
1773487020000,2069.12,2069.23,2069.11,2069.23,521.658,1773487079999,1079400.56927,531,300.582,621954.72666,0
1773487080000,2069.22,2069.41,2069.00,2069.27,1201.104,1773487139999,2485427.09384,1069,507.295,1049736.42759,0
1773487140000,2069.27,2069.27,2068.76,2068.85,614.659,1773487199999,1271660.06780,867,278.323,575812.88795,0
1773487200000,2068.85,2069.49,2068.84,2069.49,822.059,1773487259999,1700922.90320,940,654.683,1354631.87707,0
1773487260000,2069.49,2069.50,2068.81,2068.81,561.866,1773487319999,1162691.28022,1047,181.724,376062.48866,0
1773487320000,2068.81,2068.82,2068.17,2068.17,534.546,1773487379999,1105711.19924,815,65.233,134945.00816,0
1773487380000,2068.17,2069.00,2068.17,2068.89,822.574,1773487439999,1701621.74374,1110,580.681,1201177.26556,0
1773487440000,2068.90,2069.58,2068.89,2069.58,617.261,1773487499999,1277290.41512,827,425.891,881302.84753,0
1773487500000,2069.58,2070.00,2069.57,2070.00,1266.055,1773487559999,2620521.79617,1496,914.717,1893328.26952,0
1773487560000,2070.00,2071.55,2069.99,2071.54,3543.952,1773487619999,7338694.21051,3130,2800.531,5799273.69782,0
1773487620000,2071.55,2072.98,2071.54,2072.27,5082.529,1773487679999,10532202.91186,5055,3847.212,7972287.34746,0
1773487680000,2072.27,2073.68,2072.12,2072.67,4659.428,1773487739999,9658743.89831,3178,3105.481,6437464.55244,0
1773487740000,2072.68,2073.83,2072.26,2072.32,3792.183,1773487799999,7860494.56812,3063,1371.318,2842875.44564,0
1773487800000,2072.32,2072.53,2071.94,2072.16,3435.789,1773487859999,7119505.22301,2392,2440.185,5056440.34582,0
1773487860000,2072.16,2072.31,2071.56,2071.56,1216.768,1773487919999,2521092.84092,1390,238.137,493439.28291,0
1773487920000,2071.56,2072.72,2071.44,2072.46,1751.319,1773487979999,3628951.17803,1645,1189.352,2464419.88856,0
1773487980000,2072.47,2072.87,2072.46,2072.64,695.242,1773488039999,1441007.66293,1163,425.091,881072.09013,0
1773488040000,2072.63,2072.86,2072.26,2072.85,1457.878,1773488099999,3021720.00265,1087,1186.947,2460181.75766,0
1773488100000,2072.86,2073.06,2072.78,2072.79,950.831,1773488159999,1970963.41300,1007,687.843,1425827.87263,0
1773488160000,2072.79,2073.40,2072.76,2072.79,1383.817,1773488219999,2868525.23436,1630,1044.231,2164590.84971,0
1773488220000,2072.78,2072.96,2072.50,2072.96,602.468,1773488279999,1248747.81784,907,422.737,876216.70142,0
1773488280000,2072.95,2073.92,2072.95,2073.19,1554.773,1773488339999,3223540.85907,1745,1004.034,2081707.45014,0
1773488340000,2073.19,2074.07,2073.19,2074.07,1198.263,1773488399999,2484798.97691,1569,861.825,1787134.25817,0
1773488400000,2074.07,2074.07,2073.34,2073.73,1016.981,1773488459999,2108830.73376,1320,608.614,1262019.49579,0
1773488460000,2073.73,2073.73,2073.51,2073.51,416.333,1773488519999,863284.40763,589,287.882,596930.12351,0
1773488520000,2073.51,2074.90,2073.39,2074.55,3166.336,1773488579999,6568022.32349,2490,1931.522,4006481.39795,0
1773488580000,2074.55,2075.54,2074.49,2074.69,4229.063,1773488639999,8775284.24598,3627,2924.322,6067919.16368,0
1773488640000,2074.68,2074.69,2074.17,2074.18,1094.975,1773488699999,2271379.92362,1016,462.300,958947.25332,0
1773488700000,2074.17,2074.39,2074.00,2074.39,892.914,1773488759999,1852028.48780,865,678.963,1408276.38176,0
1773488760000,2074.38,2074.87,2074.38,2074.85,861.273,1773488819999,1786847.05807,866,516.298,1071147.03677,0
1773488820000,2074.86,2075.58,2074.86,2075.23,1934.443,1773488879999,4014361.81437,2283,1039.845,2157855.24753,0
1773488880000,2075.24,2075.37,2073.76,2073.92,4032.998,1773488939999,8366400.71559,3131,1069.183,2217963.24854,0
1773488940000,2073.93,2074.78,2073.92,2074.78,969.007,1773488999999,2010136.22516,1214,646.426,1341007.63700,0
1773489000000,2074.77,2074.87,2074.31,2074.43,700.376,1773489059999,1452984.48344,1007,226.357,469595.50521,0
1773489060000,2074.44,2075.20,2074.00,2074.00,2022.348,1773489119999,4195632.04623,2062,1114.124,2311478.11014,0
1773489120000,2074.00,2074.56,2073.97,2074.56,1377.140,1773489179999,2856373.81559,1422,958.716,1988464.40423,0
1773489180000,2074.56,2075.34,2074.25,2074.26,1530.431,1773489239999,3175362.69364,1689,737.355,1529864.32443,0
1773489240000,2074.25,2074.26,2072.87,2073.35,2272.191,1773489299999,4711036.55123,2086,665.070,1378826.67452,0
1773489300000,2073.35,2073.36,2070.00,2071.71,10090.473,1773489359999,20901740.65226,5298,2698.450,5589739.61985,0
1773489360000,2071.71,2072.22,2071.71,2072.03,751.236,1773489419999,1556600.09117,896,399.123,827001.16424,0
1773489420000,2072.03,2072.29,2071.68,2071.97,1052.590,1773489479999,2180877.99522,1316,586.503,1215154.42881,0
1773489480000,2071.98,2072.36,2071.94,2072.20,533.695,1773489539999,1105844.18778,664,217.592,450863.23498,0
1773489540000,2072.21,2072.65,2071.83,2072.65,723.488,1773489599999,1499159.91606,1086,424.490,879587.95675,0
1773489600000,2072.65,2073.82,2071.90,2072.96,3676.309,1773489659999,7620362.14547,3179,2837.215,5881260.08594,0
1773489660000,2072.95,2073.86,2072.60,2073.64,2534.568,1773489719999,5255483.85437,1960,1688.964,3502297.05921,0
1773489720000,2073.64,2075.58,2073.63,2075.16,4529.216,1773489779999,9396304.38071,5616,2913.193,6043605.61308,0
1773489780000,2075.16,2077.30,2075.14,2075.44,6384.011,1773489839999,13254368.13278,6208,4064.321,8438337.31865,0
1773489840000,2075.44,2075.78,2074.86,2074.99,1672.167,1773489899999,3470086.63581,1832,883.450,1833268.17308,0
1773489900000,2074.99,2075.69,2074.98,2075.66,1104.192,1773489959999,2291783.55067,1493,852.328,1769021.45143,0
1773489960000,2075.66,2076.40,2074.63,2076.40,2645.469,1773490019999,5490345.95462,3392,1220.322,2532830.81607,0
1773490020000,2076.40,2076.51,2075.46,2075.47,753.810,1773490079999,1565095.19762,1385,411.529,854426.06951,0
1773490080000,2075.46,2075.47,2075.06,2075.06,537.432,1773490139999,1115330.00286,687,67.060,139167.83508,0
1773490140000,2075.06,2075.28,2075.00,2075.00,720.453,1773490199999,1495028.77465,1014,339.157,703785.55554,0
1773490200000,2075.00,2075.64,2074.05,2074.73,2947.674,1773490259999,6115735.39802,3094,1353.457,2808380.53751,0
1773490260000,2074.72,2074.73,2073.83,2074.27,860.771,1773490319999,1785439.64476,1431,336.553,698023.55543,0
1773490320000,2074.28,2075.00,2074.27,2074.53,556.148,1773490379999,1153788.60681,1205,285.638,592556.67514,0
1773490380000,2074.53,2074.53,2073.56,2074.03,657.887,1773490439999,1364479.14058,1467,111.594,231448.63575,0
1773490440000,2074.03,2074.83,2074.03,2074.83,579.180,1773490499999,1201526.45830,960,391.443,812047.55569,0
1773490500000,2074.82,2074.83,2073.70,2073.85,754.469,1773490559999,1564779.64979,1356,187.450,388751.58429,0
1773490560000,2073.85,2074.15,2073.80,2074.14,377.931,1773490619999,783830.34717,716,166.194,344683.46456,0
1773490620000,2074.15,2074.40,2073.39,2073.58,527.859,1773490679999,1094703.91223,1092,197.265,409088.80769,0
1773490680000,2073.58,2074.23,2073.58,2074.22,188.988,1773490739999,391942.75055,684,124.563,258330.73578,0
1773490740000,2074.22,2074.52,2074.22,2074.23,391.236,1773490799999,811561.07675,1022,189.507,393098.94775,0
1773490800000,2074.23,2074.72,2073.85,2074.72,472.518,1773490859999,980074.58496,1073,290.426,602400.85165,0
1773490860000,2074.72,2075.00,2074.01,2074.26,569.029,1773490919999,1180585.13234,1051,128.766,267142.80255,0
1773490920000,2074.26,2076.47,2074.25,2075.49,1906.691,1773490979999,3957620.67365,2284,1399.045,2903842.22299,0
1773490980000,2075.49,2075.61,2074.42,2075.60,2214.478,1773491039999,4594952.57361,1964,681.540,1414241.49940,0
1773491040000,2075.61,2075.79,2075.32,2075.40,419.476,1773491099999,870650.49882,668,316.596,657121.32932,0
1773491100000,2075.40,2075.71,2075.39,2075.62,765.596,1773491159999,1589042.73294,978,436.023,904983.79189,0
1773491160000,2075.62,2075.62,2075.30,2075.42,429.499,1773491219999,891387.69671,689,259.007,537538.41858,0
1773491220000,2075.42,2075.43,2074.09,2074.79,2214.682,1773491279999,4594462.37787,1699,500.713,1038684.82946,0
1773491280000,2074.79,2075.00,2073.50,2073.75,649.008,1773491339999,1346141.76593,1395,235.901,489223.98083,0
1773491340000,2073.74,2073.75,2073.50,2073.51,452.078,1773491399999,937487.37965,479,79.532,164928.98148,0
1773491400000,2073.50,2073.78,2073.50,2073.78,219.986,1773491459999,456171.00544,352,133.176,276153.53486,0
1773491460000,2073.77,2074.28,2073.77,2074.28,274.853,1773491519999,570070.73551,649,121.535,252073.32148,0
1773491520000,2074.28,2074.28,2072.53,2072.53,2186.460,1773491579999,4534307.83692,1871,81.674,169323.20236,0
1773491580000,2072.53,2072.54,2070.59,2071.22,3131.492,1773491639999,6486663.40594,3437,977.856,2025424.49430,0
1773491640000,2071.21,2071.90,2070.70,2071.90,1560.654,1773491699999,3232467.92553,2149,611.210,1265996.18175,0
1773491700000,2071.89,2071.90,2070.28,2070.74,1723.643,1773491759999,3569534.58255,2400,609.028,1261306.63167,0
1773491760000,2070.74,2070.75,2068.34,2069.61,7803.155,1773491819999,16148938.97220,7126,3052.557,6317458.61780,0
1773491820000,2069.60,2069.68,2068.82,2069.33,1734.155,1773491879999,3588488.86263,2106,656.750,1358978.50385,0
1773491880000,2069.32,2069.94,2069.32,2069.87,1699.691,1773491939999,3517831.49654,1116,1356.149,2806795.22748,0
1773491940000,2069.86,2069.88,2069.40,2069.74,1530.651,1773491999999,3167912.27441,1310,829.466,1716644.43311,0
1773492000000,2069.74,2071.10,2069.73,2071.09,1914.630,1773492059999,3964497.24662,1651,1764.437,3653445.09047,0
1773492060000,2071.09,2071.09,2069.86,2069.87,1548.091,1773492119999,3205614.38773,1158,267.908,554630.42618,0
1773492120000,2069.86,2070.44,2069.66,2070.30,1092.798,1773492179999,2262263.29005,1036,682.498,1412871.79411,0
1773492180000,2070.30,2071.31,2070.30,2071.31,1976.634,1773492239999,4093438.78586,1713,1647.372,3411602.53952,0
1773492240000,2071.31,2071.37,2070.35,2070.36,914.414,1773492299999,1893869.26722,894,142.435,295023.97829,0
1773492300000,2070.36,2073.66,2070.15,2072.31,4431.741,1773492359999,9183794.43835,3850,3839.930,7957672.62550,0
1773492360000,2072.31,2072.33,2072.11,2072.14,914.296,1773492419999,1894644.30407,872,334.858,693903.04556,0
1773492420000,2072.14,2072.61,2072.13,2072.61,498.131,1773492479999,1032270.38860,643,310.583,643615.76037,0
1773492480000,2072.62,2073.38,2072.61,2073.17,543.303,1773492539999,1126227.16558,1178,416.313,862981.47740,0
1773492540000,2073.17,2073.17,2073.00,2073.01,422.294,1773492599999,875472.72881,517,288.062,597194.65089,0
1773492600000,2073.01,2074.34,2073.00,2074.34,734.752,1773492659999,1523693.95447,1374,624.339,1294727.26817,0
1773492660000,2074.34,2074.50,2073.80,2073.87,1886.453,1773492719999,3912844.80915,1531,1397.046,2897734.36306,0
1773492720000,2073.86,2073.87,2072.66,2073.10,2251.412,1773492779999,4667529.15289,2081,392.883,814487.98886,0
1773492780000,2073.09,2075.37,2073.09,2074.79,1737.330,1773492839999,3604146.10502,2589,1504.580,3121273.45505,0
1773492840000,2074.79,2075.57,2074.50,2074.60,2359.968,1773492899999,4896932.82048,2366,1105.217,2293429.45348,0
1773492900000,2074.59,2075.59,2074.22,2074.25,2488.960,1773492959999,5164383.98833,2469,1431.968,2971112.33811,0
1773492960000,2074.25,2074.25,2073.50,2073.52,665.061,1773493019999,1379135.77774,898,79.254,164339.57955,0
1773493020000,2073.52,2073.52,2073.51,2073.52,212.964,1773493079999,441584.09912,240,111.548,231297.00896,0
1773493080000,2073.52,2073.62,2073.03,2073.61,978.382,1773493139999,2028414.20832,1280,437.517,907063.61224,0
1773493140000,2073.61,2074.43,2073.44,2074.33,580.071,1773493199999,1202994.87527,1378,351.579,729120.28721,0
1773493200000,2074.33,2074.33,2073.00,2073.01,420.125,1773493259999,871044.94468,1327,75.895,157360.86477,0
1773493260000,2073.00,2073.60,2072.69,2072.94,1086.751,1773493319999,2253173.55447,1821,332.855,690099.15686,0
1773493320000,2072.93,2074.18,2072.93,2073.67,535.228,1773493379999,1109920.46852,1316,296.079,613967.80544,0
1773493380000,2073.66,2073.67,2073.00,2073.00,221.181,1773493439999,458585.23654,732,78.632,163029.91139,0
1773493440000,2073.01,2073.93,2072.39,2073.50,1195.848,1773493499999,2479033.62708,2197,681.471,1412849.73177,0
1773493500000,2073.51,2073.67,2073.00,2073.00,542.727,1773493559999,1125175.83418,649,175.840,364551.64523,0
1773493560000,2073.00,2073.40,2072.47,2073.08,1037.347,1773493619999,2150375.55062,1402,197.276,408938.47959,0
1773493620000,2073.09,2073.09,2072.29,2072.87,970.921,1773493679999,2012443.45174,1374,143.399,297223.29873,0
1773493680000,2072.88,2073.38,2072.87,2073.16,620.441,1773493739999,1286322.69429,894,368.403,763792.02541,0
1773493740000,2073.16,2073.17,2072.52,2072.79,662.563,1773493799999,1373398.10914,1392,344.743,714578.69367,0
1773493800000,2072.79,2072.87,2072.37,2072.86,561.769,1773493859999,1164269.82154,874,286.171,593096.35272,0
1773493860000,2072.87,2073.18,2072.71,2072.75,474.672,1773493919999,983942.49156,797,315.737,654465.12073,0
1773493920000,2072.74,2073.02,2072.74,2072.74,358.748,1773493979999,743631.72571,606,201.340,417354.04075,0
1773493980000,2072.74,2072.75,2071.66,2071.89,849.476,1773494039999,1760184.53795,1368,101.681,210694.45815,0
1773494040000,2071.90,2073.96,2071.89,2073.43,4253.163,1773494099999,8816305.04516,3179,3384.006,7014569.33764,0
1773494100000,2073.44,2075.12,2073.44,2075.12,2147.299,1773494159999,4454564.93463,2521,1223.501,2538039.07356,0
1773494160000,2075.12,2075.22,2074.89,2074.97,980.691,1773494219999,2034993.22291,1152,587.881,1219900.14464,0
1773494220000,2074.97,2075.55,2074.70,2075.04,1006.986,1773494279999,2089746.85706,1634,543.710,1128366.28594,0
1773494280000,2075.05,2076.13,2075.04,2076.12,1511.301,1773494339999,3136935.29297,1908,1095.216,2273332.12298,0
1773494340000,2076.13,2078.42,2076.12,2077.79,5458.373,1773494399999,11338335.28335,6137,3439.341,7144636.09517,0
1773494400000,2077.79,2077.79,2076.60,2077.18,1965.627,1773494459999,4083077.88877,2307,821.588,1706610.29285,0
1773494460000,2077.17,2077.79,2076.60,2076.60,2466.584,1773494519999,5124074.58543,2455,1367.910,2841688.79245,0
1773494520000,2076.61,2077.25,2076.28,2076.28,793.144,1773494579999,1647094.93502,1424,394.050,818324.24720,0
1773494580000,2076.29,2077.87,2076.28,2077.73,996.594,1773494639999,2070355.37306,2152,649.638,1349569.25236,0
1773494640000,2077.73,2078.32,2077.63,2078.31,1918.333,1773494699999,3986163.48469,2277,1326.302,2755954.57061,0
1773494700000,2078.31,2079.55,2077.89,2077.90,2443.990,1773494759999,5080410.71827,3546,1514.058,3147254.89747,0
1773494760000,2077.89,2077.90,2077.31,2077.31,736.213,1773494819999,1529522.96485,998,188.312,391232.52882,0
1773494820000,2077.32,2078.46,2077.32,2077.90,1230.214,1773494879999,2556267.14363,1687,825.204,1714693.60597,0
1773494880000,2077.91,2078.86,2077.90,2077.91,1601.070,1773494939999,3327460.71671,1840,1158.902,2408491.79436,0
1773494940000,2077.91,2077.91,2077.57,2077.73,712.398,1773494999999,1480134.51738,874,320.690,666282.67045,0
1773495000000,2077.73,2077.75,2077.09,2077.10,770.920,1773495059999,1601535.79875,1039,289.889,602244.27437,0
1773495060000,2077.11,2077.37,2076.38,2077.30,1487.337,1773495119999,3089062.34703,2020,801.651,1665029.02920,0
1773495120000,2077.30,2077.47,2077.00,2077.36,538.282,1773495179999,1118142.56948,879,232.281,482514.09890,0
1773495180000,2077.35,2078.46,2077.13,2077.42,1614.778,1773495239999,3355298.31732,2171,740.838,1539348.92067,0
1773495240000,2077.42,2077.87,2076.81,2077.79,1736.215,1773495299999,3606738.40092,2282,535.589,1112606.02890,0
1773495300000,2077.80,2077.80,2076.65,2076.65,676.602,1773495359999,1405495.81537,951,238.447,495321.38388,0
1773495360000,2076.65,2077.70,2076.65,2077.08,706.432,1773495419999,1467398.80264,1677,256.198,532148.85491,0
1773495420000,2077.08,2077.08,2076.72,2076.73,521.968,1773495479999,1084097.10616,802,287.353,596822.54970,0
1773495480000,2076.73,2077.55,2076.73,2077.28,1274.191,1773495539999,2646501.07355,1362,1072.753,2228101.13101,0
1773495540000,2077.28,2078.00,2076.56,2077.87,1230.451,1773495599999,2556079.24159,1587,419.496,871449.70654,0
1773495600000,2077.87,2077.88,2077.05,2077.52,748.957,1773495659999,1555912.97488,1013,146.675,304707.10315,0
1773495660000,2077.53,2078.00,2077.52,2078.00,258.812,1773495719999,537741.41392,695,211.879,440225.16335,0
1773495720000,2077.99,2078.20,2077.18,2077.18,774.291,1773495779999,1608834.76941,1175,222.487,462301.48067,0
1773495780000,2077.19,2077.57,2077.19,2077.50,640.168,1773495839999,1329852.27465,838,351.895,730983.78949,0
1773495840000,2077.50,2078.08,2077.49,2077.94,466.167,1773495899999,968631.36302,729,309.434,642953.07841,0
1773495900000,2077.94,2077.95,2077.22,2077.23,569.286,1773495959999,1182812.04671,992,175.901,365471.58743,0
1773495960000,2077.22,2077.23,2076.46,2076.62,573.582,1773496019999,1191206.00361,957,197.991,411182.35190,0
1773496020000,2076.62,2076.83,2075.36,2076.52,3011.324,1773496079999,6251975.18546,2632,604.585,1255135.96754,0
1773496080000,2076.51,2076.52,2075.43,2075.69,982.330,1773496139999,2038999.69256,1169,186.618,387365.88800,0
1773496140000,2075.70,2076.81,2075.70,2076.25,731.430,1773496199999,1518522.39645,1367,284.754,591174.09306,0
1773496200000,2076.26,2076.26,2075.71,2075.96,326.871,1773496259999,678595.24286,969,103.396,214647.87065,0
1773496260000,2075.96,2076.56,2075.95,2076.21,459.153,1773496319999,953325.42940,825,263.687,547494.22085,0
1773496320000,2076.22,2076.22,2075.63,2075.69,980.648,1773496379999,2035689.21932,1029,528.486,1097053.18981,0
1773496380000,2075.69,2076.53,2075.35,2076.39,1047.258,1773496439999,2174083.91511,1522,673.495,1398192.76962,0
1773496440000,2076.39,2077.86,2076.38,2077.85,727.708,1773496499999,1511563.76722,1272,529.446,1099721.62342,0
1773496500000,2077.85,2078.59,2077.18,2077.18,1226.229,1773496559999,2548112.86992,2078,529.859,1101122.93485,0
1773496560000,2077.19,2077.63,2077.18,2077.19,190.064,1773496619999,394835.02389,675,91.354,189777.66611,0
1773496620000,2077.19,2077.47,2077.18,2077.46,215.602,1773496679999,447894.48194,394,171.100,355448.01574,0
1773496680000,2077.46,2077.91,2077.46,2077.53,422.816,1773496739999,878511.64318,881,194.265,403630.94121,0
1773496740000,2077.53,2078.14,2077.22,2077.22,941.747,1773496799999,1956804.19656,1531,700.365,1455251.48317,0
1773496800000,2077.23,2077.85,2077.18,2077.19,971.775,1773496859999,2018792.06823,1338,551.805,1146366.24431,0
1773496860000,2077.19,2077.19,2076.30,2076.57,997.292,1773496919999,2071168.82959,1178,180.772,375360.56511,0
1773496920000,2076.57,2077.53,2076.30,2077.13,635.892,1773496979999,1320664.93006,1263,402.418,835767.58585,0
1773496980000,2077.12,2077.60,2076.94,2077.59,394.540,1773497039999,819583.07010,825,270.752,562448.50098,0
1773497040000,2077.59,2079.49,2077.59,2078.98,1187.015,1773497099999,2467390.06417,2162,954.679,1984412.41469,0
1773497100000,2078.99,2078.99,2077.48,2077.94,825.175,1773497159999,1714788.71990,1825,391.355,813207.40186,0
1773497160000,2077.95,2078.91,2077.95,2078.87,638.220,1773497219999,1326537.16571,1441,428.675,890999.01005,0
1773497220000,2078.87,2079.41,2078.22,2078.29,1027.916,1773497279999,2136728.41311,1951,521.398,1083858.34417,0
1773497280000,2078.29,2078.29,2076.51,2076.52,1390.278,1773497339999,2888055.77266,2157,320.634,666069.22310,0
1773497340000,2076.53,2076.53,2074.37,2074.37,2080.365,1773497399999,4318103.37212,2467,244.020,506546.13960,0
1773497400000,2074.38,2074.59,2072.41,2072.81,4392.743,1773497459999,9107885.54047,5544,1663.688,3449095.75487,0
1773497460000,2072.82,2073.86,2072.29,2073.86,1817.109,1773497519999,3766925.58881,2803,1065.547,2208987.43953,0
1773497520000,2073.85,2073.85,2073.34,2073.74,493.620,1773497579999,1023540.59747,1069,209.400,434192.71429,0
1773497580000,2073.74,2073.87,2071.51,2072.24,1983.604,1773497639999,4110976.25983,3075,326.226,676106.60270,0
1773497640000,2072.25,2073.14,2072.08,2073.05,1388.437,1773497699999,2877595.87713,1498,890.027,1844702.57400,0
1773497700000,2073.05,2073.84,2072.63,2072.63,774.639,1773497759999,1606084.08188,1561,344.879,715065.59865,0
1773497760000,2072.63,2073.79,2071.91,2073.79,2670.461,1773497819999,5535230.36682,2787,1950.958,4044109.47302,0
1773497820000,2073.80,2074.67,2073.10,2073.10,851.379,1773497879999,1765739.41955,1848,486.879,1009844.03385,0
1773497880000,2073.10,2073.40,2073.10,2073.39,393.507,1773497939999,815861.44265,798,171.111,354752.56864,0
1773497940000,2073.39,2073.53,2073.39,2073.39,652.327,1773497999999,1352563.18056,601,373.957,775377.36911,0
1773498000000,2073.39,2074.72,2073.39,2073.96,996.383,1773498059999,2066562.50890,1816,669.918,1389402.80861,0
1773498060000,2073.96,2074.07,2073.51,2073.76,592.582,1773498119999,1228902.65643,950,188.945,391826.59063,0
1773498120000,2073.76,2074.00,2073.69,2073.90,400.872,1773498179999,831337.59445,649,174.244,361344.82670,0
1773498180000,2073.91,2075.00,2073.90,2075.00,1162.412,1773498239999,2411594.44909,1748,960.095,1991853.89230,0
1773498240000,2074.99,2075.07,2074.40,2074.70,1031.188,1773498299999,2139446.88047,1427,587.512,1218883.06864,0
1773498300000,2074.70,2075.00,2074.16,2074.91,946.885,1773498359999,1964522.26998,1542,480.226,996347.83875,0
1773498360000,2074.92,2075.64,2074.91,2075.07,424.366,1773498419999,880683.72812,1182,305.057,633062.23697,0
1773498420000,2075.07,2075.30,2075.07,2075.30,204.677,1773498479999,424721.80933,620,91.388,189638.91050,0
1773498480000,2075.29,2076.20,2075.29,2076.20,678.557,1773498539999,1408623.59420,1297,550.574,1142965.26608,0
1773498540000,2076.20,2077.32,2076.06,2077.06,1597.788,1773498599999,3318178.90817,1963,1123.238,2332590.01621,0
1773498600000,2077.07,2078.33,2077.07,2077.27,1202.474,1773498659999,2498596.30621,2430,845.834,1757558.44696,0
1773498660000,2077.27,2077.27,2076.46,2076.47,558.182,1773498719999,1159324.68841,1098,78.693,163445.91168,0
1773498720000,2076.46,2076.46,2072.74,2072.93,2721.656,1773498779999,5645143.70949,4005,619.519,1284433.09712,0
1773498780000,2072.94,2075.27,2072.93,2074.93,859.070,1773498839999,1782159.86520,2182,601.337,1247430.40312,0
1773498840000,2074.93,2075.18,2074.93,2075.17,333.442,1773498899999,691934.21364,496,104.302,216437.42976,0
1773498900000,2075.18,2075.73,2074.84,2074.84,392.996,1773498959999,815601.38778,1086,103.027,213808.38222,0
1773498960000,2074.84,2075.29,2074.84,2075.29,250.164,1773499019999,519080.84588,555,102.236,212138.29594,0
1773499020000,2075.29,2075.29,2074.23,2074.68,461.653,1773499079999,957803.41855,1182,260.366,540160.67001,0
1773499080000,2074.69,2075.10,2074.52,2074.74,406.122,1773499139999,842600.89568,897,175.745,364604.81983,0
1773499140000,2074.73,2074.73,2072.97,2073.72,1690.807,1773499199999,3506118.46201,1901,303.577,629559.99857,0
1773499200000,2073.73,2074.21,2073.72,2074.13,430.889,1773499259999,893693.58616,649,201.205,417291.28417,0
1773499260000,2074.12,2074.13,2072.80,2072.84,850.869,1773499319999,1763982.12742,1723,362.338,751170.72063,0
1773499320000,2072.84,2072.98,2072.12,2072.12,775.309,1773499379999,1607000.62537,1123,299.594,621003.20836,0
1773499380000,2072.13,2072.37,2071.20,2071.67,2005.356,1773499439999,4154514.24535,2549,689.742,1428995.86965,0
1773499440000,2071.67,2071.68,2068.43,2069.42,9247.701,1773499499999,19137397.94325,10123,3759.384,7779656.57727,0
1773499500000,2069.43,2070.46,2069.26,2070.45,1721.558,1773499559999,3563471.68116,1974,755.845,1564523.86491,0
1773499560000,2070.45,2070.89,2070.09,2070.88,2122.902,1773499619999,4395487.16121,2170,1467.435,3038341.29408,0
1773499620000,2070.89,2071.30,2070.31,2070.31,1333.451,1773499679999,2761591.24964,1789,618.118,1280105.10636,0
1773499680000,2070.32,2070.67,2070.30,2070.67,815.251,1773499739999,1687904.11480,1000,352.253,729314.01415,0
1773499740000,2070.66,2071.00,2070.66,2070.84,418.336,1773499799999,866306.73510,799,238.441,493772.88043,0
1773499800000,2070.83,2071.09,2070.26,2071.08,1017.794,1773499859999,2107672.19286,1118,796.697,1649835.81046,0
1773499860000,2071.09,2071.82,2071.09,2071.42,544.017,1773499919999,1126997.63505,1232,314.734,652013.67985,0
1773499920000,2071.42,2071.42,2071.30,2071.30,347.744,1773499979999,720317.07898,342,141.188,292458.07232,0
1773499980000,2071.31,2071.99,2071.00,2071.99,564.445,1773500039999,1169195.13418,1098,394.579,817339.77446,0
1773500040000,2071.98,2072.82,2071.98,2072.01,1565.641,1773500099999,3244443.47915,1519,1152.935,2389209.11944,0
1773500100000,2072.01,2072.70,2072.01,2072.40,604.522,1773500159999,1252754.16355,918,306.715,635573.63634,0
1773500160000,2072.40,2072.75,2072.40,2072.68,357.688,1773500219999,741354.81745,528,213.430,442351.17728,0
1773500220000,2072.68,2072.68,2071.67,2071.73,728.089,1773500279999,1508643.18239,1001,298.741,618951.04205,0
1773500280000,2071.73,2071.78,2071.22,2071.22,553.511,1773500339999,1146694.15861,810,77.702,160974.52194,0
1773500340000,2071.22,2071.23,2069.80,2069.82,3304.838,1773500399999,6841718.97870,2656,716.897,1483926.99612,0
1773500400000,2069.83,2070.43,2069.34,2069.34,2867.058,1773500459999,5934662.77832,2299,1405.726,2909840.31197,0
1773500460000,2069.34,2069.60,2068.74,2069.60,1593.263,1773500519999,3296668.75716,2204,729.865,1510115.44850,0
1773500520000,2069.59,2072.73,2069.59,2072.73,1898.196,1773500579999,3931685.48267,3732,1458.131,3020277.22591,0
1773500580000,2072.73,2073.89,2072.46,2072.66,1797.330,1773500639999,3725839.29770,2889,890.894,1846891.32401,0
1773500640000,2072.66,2072.67,2071.86,2071.86,309.106,1773500699999,640517.39591,837,96.807,200579.16798,0
1773500700000,2071.87,2071.87,2070.90,2071.35,861.527,1773500759999,1784696.77088,1669,327.767,678959.72420,0
1773500760000,2071.35,2072.14,2071.34,2072.14,787.657,1773500819999,1631897.00260,1182,709.145,1469230.76684,0
1773500820000,2072.14,2072.92,2072.10,2072.14,1140.430,1773500879999,2363477.17291,1516,774.762,1605653.45234,0
1773500880000,2072.14,2072.77,2072.13,2072.76,338.791,1773500939999,702120.23192,737,275.927,571847.32783,0
1773500940000,2072.76,2072.80,2072.76,2072.79,180.070,1773500999999,373247.50861,390,140.110,290419.02733,0
1773501000000,2072.79,2072.92,2072.00,2072.70,672.036,1773501059999,1392733.38022,1471,296.705,614892.17238,0
1773501060000,2072.70,2073.70,2072.42,2072.45,2074.036,1773501119999,4299802.31707,2246,1369.491,2839250.15923,0
1773501120000,2072.46,2073.54,2072.45,2073.30,1957.223,1773501179999,4057379.60292,1994,1612.632,3343003.50308,0
1773501180000,2073.30,2074.83,2073.26,2074.00,2550.840,1773501239999,5290759.32392,2325,1622.699,3365566.69643,0
1773501240000,2073.99,2074.00,2073.43,2073.43,482.680,1773501299999,1000871.45609,802,109.378,226805.94964,0
1773501300000,2073.43,2074.52,2073.43,2074.52,626.224,1773501359999,1298813.01103,1022,506.925,1051379.69840,0
1773501360000,2074.51,2075.57,2073.85,2074.33,1378.487,1773501419999,2859859.78693,2573,818.948,1699010.69988,0
1773501420000,2074.33,2075.31,2074.00,2074.92,2485.030,1773501479999,5155999.79916,2230,1543.155,3201554.80940,0
1773501480000,2074.91,2075.79,2074.74,2075.79,569.259,1773501539999,1181359.87328,1132,342.629,711020.67965,0
1773501540000,2075.78,2076.91,2075.78,2075.86,2127.072,1773501599999,4416449.51914,2749,1234.590,2563436.62920,0
1773501600000,2075.86,2076.32,2075.86,2076.32,316.918,1773501659999,657920.15586,665,188.538,391395.52724,0
1773501660000,2076.31,2076.62,2076.20,2076.21,463.847,1773501719999,963125.06702,889,174.026,361347.28166,0
1773501720000,2076.20,2076.21,2076.09,2076.09,910.562,1773501779999,1890442.09448,585,201.763,418894.31409,0
1773501780000,2076.10,2076.10,2075.73,2075.73,688.609,1773501839999,1429539.06607,790,157.049,326024.35354,0
1773501840000,2075.73,2075.74,2073.80,2074.91,2896.175,1773501899999,6007883.95178,3403,955.256,1981529.30804,0
1773501900000,2074.91,2075.70,2074.91,2075.21,1759.750,1773501959999,3652207.87866,1385,825.969,1714146.04613,0
1773501960000,2075.22,2076.31,2074.86,2075.88,1399.810,1773502019999,2905465.48359,1792,1262.849,2621210.63424,0
1773502020000,2075.89,2076.59,2075.89,2076.16,1263.866,1773502079999,2624255.82203,1315,448.259,930712.17484,0
1773502080000,2076.16,2076.50,2075.56,2075.57,608.808,1773502139999,1263976.78990,1090,247.437,513731.12011,0
1773502140000,2075.57,2075.57,2073.85,2075.06,3385.439,1773502199999,7023351.13495,2607,1164.021,2414712.88978,0
1773502200000,2075.07,2075.07,2074.04,2074.27,1299.079,1773502259999,2694948.74430,2402,443.395,919837.91385,0
1773502260000,2074.27,2074.28,2073.63,2074.04,821.921,1773502319999,1704471.65008,1232,534.769,1108965.60952,0
1773502320000,2074.05,2074.16,2070.40,2071.79,5265.290,1773502379999,10908354.99624,5572,2145.775,4444711.38846,0
1773502380000,2071.80,2072.24,2071.62,2072.23,735.873,1773502439999,1524646.13676,1405,338.140,700591.41455,0
1773502440000,2072.23,2072.57,2071.17,2072.21,1748.671,1773502499999,3622998.29765,2638,624.017,1292775.16323,0
1773502500000,2072.21,2072.55,2070.69,2070.69,1100.502,1773502559999,2279593.46824,1804,632.554,1310231.08347,0
1773502560000,2070.70,2071.93,2070.69,2071.92,768.323,1773502619999,1591241.82781,1440,497.058,1029422.44214,0
1773502620000,2071.93,2073.46,2071.92,2073.32,937.434,1773502679999,1943063.01096,1617,765.805,1587299.09300,0
1773502680000,2073.32,2074.08,2073.32,2073.49,913.145,1773502739999,1893634.19576,1559,662.648,1374155.25473,0
1773502740000,2073.48,2074.00,2073.00,2073.00,874.473,1773502799999,1813242.84690,1075,623.890,1293654.55203,0
1773502800000,2073.00,2073.01,2072.68,2072.95,405.166,1773502859999,839823.48086,617,258.855,536538.50451,0
1773502860000,2072.96,2073.15,2072.40,2072.48,830.735,1773502919999,1721909.84889,1016,495.803,1027634.86489,0
1773502920000,2072.48,2072.48,2072.00,2072.37,625.879,1773502979999,1296977.18221,761,78.156,161964.67617,0
1773502980000,2072.36,2072.88,2072.36,2072.41,478.121,1773503039999,990922.25167,865,354.554,734833.97504,0
1773503040000,2072.41,2072.71,2072.11,2072.53,494.071,1773503099999,1023976.54474,860,333.509,691209.62323,0
1773503100000,2072.54,2073.99,2072.49,2072.93,1197.569,1773503159999,2483065.30974,2056,908.387,1883527.09363,0
1773503160000,2072.92,2073.40,2072.41,2072.42,406.445,1773503219999,842549.40641,1015,104.947,217544.96357,0
1773503220000,2072.42,2072.44,2072.03,2072.03,426.391,1773503279999,883605.75355,676,207.626,430258.33671,0
1773503280000,2072.03,2072.22,2071.83,2072.22,462.359,1773503339999,958030.90888,938,152.473,315943.70703,0
1773503340000,2072.22,2072.89,2072.21,2072.52,557.234,1773503399999,1154928.01007,987,400.580,830216.89023,0
1773503400000,2072.51,2073.39,2072.51,2073.04,264.229,1773503459999,547768.44975,868,158.937,329477.88134,0
1773503460000,2073.04,2074.48,2073.03,2074.31,526.718,1773503519999,1092415.70746,1461,269.260,558394.46905,0
1773503520000,2074.31,2075.12,2074.30,2074.74,842.171,1773503579999,1747363.57107,1495,583.315,1210249.71824,0
1773503580000,2074.74,2074.75,2073.74,2073.74,238.821,1773503639999,495359.49699,734,112.533,233410.46556,0
1773503640000,2073.74,2073.75,2073.32,2073.68,289.416,1773503699999,600089.14650,633,129.888,269310.03243,0
1773503700000,2073.68,2073.68,2073.49,2073.49,201.469,1773503759999,417773.71819,396,56.091,116310.38082,0
1773503760000,2073.49,2074.00,2073.49,2073.88,697.722,1773503819999,1446918.25280,962,481.143,997766.27358,0
1773503820000,2073.88,2073.88,2073.32,2073.33,302.194,1773503879999,626655.09848,527,85.284,176845.95738,0
1773503880000,2073.33,2073.67,2073.31,2073.66,515.082,1773503939999,1067961.04488,463,374.440,776359.53608,0
1773503940000,2073.66,2073.68,2073.55,2073.55,191.874,1773503999999,397881.94436,326,55.323,114721.66920,0
1773504000000,2073.55,2073.59,2072.64,2073.15,1436.015,1773504059999,2976939.51305,2205,900.855,1867542.97850,0
1773504060000,2073.15,2073.15,2072.40,2072.52,605.502,1773504119999,1254952.77614,1252,388.071,804285.07230,0
1773504120000,2072.52,2073.03,2071.48,2071.48,1327.966,1773504179999,2752113.22651,1805,857.854,1777933.51151,0
1773504180000,2071.49,2071.74,2070.58,2070.89,2023.531,1773504239999,4190900.85733,3189,790.386,1636922.14650,0
1773504240000,2070.90,2071.74,2070.45,2071.74,995.326,1773504299999,2061109.31863,2325,604.147,1251083.74679,0
1773504300000,2071.73,2071.74,2067.58,2068.68,22192.954,1773504359999,45921216.25647,14888,6909.886,14296512.66915,0
1773504360000,2068.67,2069.93,2068.67,2069.49,1335.200,1773504419999,2762895.10058,2638,801.286,1658015.38187,0
1773504420000,2069.49,2070.24,2069.46,2070.24,774.618,1773504479999,1603376.53256,1968,541.025,1119891.93686,0
1773504480000,2070.24,2071.98,2070.24,2071.97,1267.597,1773504539999,2625436.05341,2084,1092.043,2261903.40571,0
1773504540000,2071.98,2073.69,2071.97,2073.69,1419.360,1773504599999,2942238.69900,2378,953.520,1976520.91854,0
1773504600000,2073.68,2073.69,2073.00,2073.00,678.974,1773504659999,1407790.43751,947,299.287,620557.96514,0
1773504660000,2073.00,2073.00,2071.98,2072.12,482.264,1773504719999,999397.72716,1145,228.844,474204.00132,0
1773504720000,2072.13,2072.43,2071.73,2072.42,527.597,1773504779999,1093189.92455,1046,294.685,610589.36657,0
1773504780000,2072.42,2072.43,2071.73,2071.84,435.627,1773504839999,902606.44624,774,206.610,428076.76819,0
1773504840000,2071.85,2072.48,2071.84,2072.30,191.677,1773504899999,397157.12146,661,120.968,250644.87615,0
1773504900000,2072.30,2072.46,2071.84,2072.25,664.471,1773504959999,1376941.62078,935,524.548,1086994.82457,0
1773504960000,2072.25,2072.88,2072.25,2072.73,353.305,1773505019999,732271.86711,817,314.945,652764.19785,0
1773505020000,2072.72,2073.19,2072.72,2073.04,741.452,1773505079999,1536973.59543,770,597.368,1238305.66819,0
1773505080000,2073.04,2074.00,2072.72,2073.86,989.467,1773505139999,2051616.21860,1490,828.670,1718205.99949,0
1773505140000,2073.85,2074.40,2073.43,2073.47,684.787,1773505199999,1420284.65241,1493,306.473,635639.95026,0
1773505200000,2073.47,2073.48,2072.23,2072.24,439.885,1773505259999,911846.49831,1078,67.425,139756.63932,0
1773505260000,2072.23,2073.24,2072.23,2073.08,549.815,1773505319999,1139608.62234,967,327.274,678343.94608,0
1773505320000,2073.09,2073.67,2073.00,2073.00,335.116,1773505379999,694749.84838,861,141.201,292736.11610,0
1773505380000,2073.00,2073.01,2073.00,2073.01,151.046,1773505439999,313119.25505,172,89.705,185959.36205,0
1773505440000,2073.00,2073.42,2073.00,2073.34,306.824,1773505499999,636107.97211,651,203.875,422662.94462,0
1773505500000,2073.33,2073.86,2073.33,2073.86,278.330,1773505559999,577104.77071,567,215.917,447697.72995,0
1773505560000,2073.85,2074.44,2073.85,2074.43,881.773,1773505619999,1829048.12483,852,620.112,1286286.91324,0
1773505620000,2074.44,2074.70,2073.95,2074.57,910.615,1773505679999,1888981.45557,1243,536.929,1113841.75805,0
1773505680000,2074.56,2074.78,2074.56,2074.78,493.037,1773505739999,1022914.63065,567,383.597,795853.03863,0
1773505740000,2074.77,2074.78,2074.18,2074.21,643.580,1773505799999,1335079.07016,881,327.746,679869.04297,0
1773505800000,2074.20,2074.37,2074.13,2074.37,351.078,1773505859999,728244.25465,436,68.593,142279.69182,0
1773505860000,2074.36,2075.00,2074.36,2074.54,789.978,1773505919999,1639086.54401,1267,519.621,1078123.79510,0
1773505920000,2074.54,2074.66,2074.19,2074.66,833.270,1773505979999,1728530.56828,727,285.699,592630.38977,0
1773505980000,2074.65,2074.88,2074.65,2074.88,976.835,1773506039999,2026649.11767,696,679.195,1409142.56010,0
1773506040000,2074.88,2075.76,2074.88,2075.51,745.561,1773506099999,1547330.18492,1166,530.296,1100538.07040,0
1773506100000,2075.50,2076.20,2075.50,2076.20,829.589,1773506159999,1722141.49023,1011,640.734,1330144.17175,0
1773506160000,2076.20,2076.44,2075.31,2075.72,1865.350,1773506219999,3872357.67095,1937,791.429,1643002.52609,0
1773506220000,2075.72,2076.24,2075.21,2075.21,600.135,1773506279999,1245782.89779,1171,352.958,732677.18276,0
1773506280000,2075.21,2075.21,2074.70,2074.98,392.618,1773506339999,814679.19967,1029,150.652,312614.97072,0
1773506340000,2074.99,2075.01,2074.10,2074.11,1099.164,1773506399999,2280582.77584,1150,534.568,1109210.41545,0
1773506400000,2074.11,2074.46,2073.88,2074.46,1046.212,1773506459999,2169981.99318,1028,291.841,605299.96886,0
1773506460000,2074.45,2075.37,2074.39,2074.90,1145.690,1773506519999,2377147.92832,1410,811.567,1683930.85170,0
1773506520000,2074.90,2074.90,2074.02,2074.90,1173.618,1773506579999,2434620.15612,1652,639.934,1327530.68855,0
1773506580000,2074.89,2075.10,2074.77,2074.77,318.029,1773506639999,659911.11360,557,99.780,207043.54978,0
1773506640000,2074.77,2074.78,2074.25,2074.43,282.777,1773506699999,586635.55297,593,158.034,327844.64783,0
1773506700000,2074.43,2074.78,2074.07,2074.46,337.161,1773506759999,699392.02656,929,66.904,138778.21529,0
1773506760000,2074.45,2074.95,2074.28,2074.28,523.401,1773506819999,1085893.47769,901,348.834,723736.09677,0
1773506820000,2074.29,2074.29,2073.36,2074.25,1133.045,1773506879999,2349682.15455,1711,555.226,1151412.94397,0
1773506880000,2074.25,2076.14,2074.11,2076.00,1374.351,1773506939999,2852117.55222,1687,1105.900,2294890.56664,0
1773506940000,2076.00,2076.13,2075.80,2075.86,650.809,1773506999999,1351048.39946,692,392.051,813879.32886,0
1773507000000,2075.85,2077.26,2075.85,2076.84,1739.937,1773507059999,3613406.09089,2706,1070.716,2223660.05359,0
1773507060000,2076.84,2077.08,2076.00,2076.22,1001.726,1773507119999,2080267.06199,1227,685.228,1423095.98046,0
1773507120000,2076.22,2076.63,2075.60,2076.06,682.775,1773507179999,1417499.90397,1469,339.489,704858.51166,0
1773507180000,2076.06,2076.36,2076.06,2076.36,167.986,1773507239999,348784.10298,426,153.350,318395.77963,0
1773507240000,2076.36,2077.58,2076.32,2076.96,1571.722,1773507299999,3264551.08798,2009,891.218,1851029.73210,0
1773507300000,2076.97,2077.04,2076.51,2076.53,532.286,1773507359999,1105393.72673,1191,188.261,390954.22313,0
1773507360000,2076.52,2076.53,2076.33,2076.34,460.152,1773507419999,955460.34196,588,260.595,541097.41507,0
1773507420000,2076.35,2076.45,2076.34,2076.37,254.761,1773507479999,528973.96733,339,140.270,291250.85661,0
1773507480000,2076.37,2076.68,2076.35,2076.36,314.658,1773507539999,653408.30131,529,132.761,275680.02731,0
1773507540000,2076.35,2076.40,2076.35,2076.35,244.284,1773507599999,507222.86897,359,148.886,309141.00629,0
1773507600000,2076.36,2076.36,2075.72,2076.20,801.587,1773507659999,1664158.96645,1342,415.488,862564.69309,0
1773507660000,2076.20,2076.20,2076.10,2076.10,322.644,1773507719999,669857.24531,473,88.485,183706.47714,0
1773507720000,2076.10,2076.10,2075.61,2075.70,744.618,1773507779999,1545592.39173,1098,478.021,992202.80520,0
1773507780000,2075.70,2076.11,2075.65,2076.10,1104.303,1773507839999,2292467.90440,649,1027.222,2132455.39550,0
1773507840000,2076.11,2076.11,2075.22,2075.37,847.537,1773507899999,1759050.78402,1069,445.866,925316.13580,0
1773507900000,2075.37,2075.98,2075.37,2075.98,542.770,1773507959999,1126567.34956,849,410.990,853052.51837,0
1773507960000,2075.98,2076.45,2075.22,2075.33,1705.651,1773508019999,3540946.30473,1463,398.061,826436.90715,0
1773508020000,2075.33,2076.37,2075.33,2076.04,1350.725,1773508079999,2804059.19463,1479,1218.658,2529874.95669,0
1773508080000,2076.03,2076.03,2075.36,2075.36,330.836,1773508139999,686715.06688,652,54.862,113876.24072,0
1773508140000,2075.36,2076.22,2075.36,2076.21,675.984,1773508199999,1403220.63700,872,502.552,1043160.35299,0
1773508200000,2076.22,2076.80,2076.21,2076.80,928.107,1773508259999,1927135.02739,981,312.910,649734.68764,0
1773508260000,2076.79,2077.00,2076.23,2076.37,1257.132,1773508319999,2610686.41470,1408,748.592,1554600.57591,0
1773508320000,2076.36,2076.36,2075.86,2075.91,1607.612,1773508379999,3337602.23753,645,238.569,495248.62078,0
1773508380000,2075.92,2076.30,2075.91,2076.29,848.746,1773508439999,1762152.68518,749,390.648,811051.64463,0
1773508440000,2076.30,2076.42,2076.18,2076.42,268.148,1773508499999,556740.30534,369,127.187,264073.20147,0
1773508500000,2076.42,2076.66,2076.42,2076.65,280.395,1773508559999,582240.45908,398,202.643,420787.67340,0
1773508560000,2076.66,2076.97,2076.07,2076.69,638.334,1773508619999,1325579.00592,1465,431.536,896142.54868,0
1773508620000,2076.69,2077.00,2075.81,2075.82,777.429,1773508679999,1614292.49893,1143,267.397,555294.17354,0
1773508680000,2075.81,2075.82,2075.41,2075.41,387.584,1773508739999,804485.67621,562,25.099,52100.06708,0
1773508740000,2075.42,2075.42,2074.50,2075.38,1555.407,1773508799999,3227555.52261,1898,328.587,681803.30521,0
1773508800000,2075.39,2075.96,2075.38,2075.95,193.190,1773508859999,401001.03693,611,164.262,340956.37873,0
1773508860000,2075.96,2075.96,2075.54,2075.54,366.881,1773508919999,761501.31515,498,235.663,489130.90324,0
1773508920000,2075.55,2075.59,2074.56,2074.60,346.019,1773508979999,718081.70876,1004,121.054,251253.72588,0
1773508980000,2074.60,2075.05,2074.60,2075.04,216.687,1773509039999,449592.85814,431,81.338,168755.60551,0
1773509040000,2075.04,2075.45,2075.04,2075.44,146.662,1773509099999,304356.27103,448,109.795,227850.63981,0
1773509100000,2075.44,2076.06,2075.44,2076.06,323.950,1773509159999,672445.99242,640,217.728,451968.70841,0
1773509160000,2076.06,2076.56,2075.74,2075.75,716.136,1773509219999,1486894.76117,1202,426.085,884680.11081,0
1773509220000,2075.75,2075.75,2075.10,2075.28,273.590,1773509279999,567790.08558,730,81.236,168590.11366,0
1773509280000,2075.28,2076.28,2075.27,2076.06,4039.716,1773509339999,8386005.93535,1868,3279.328,6807362.77831,0
1773509340000,2076.07,2077.31,2076.07,2076.92,965.751,1773509399999,2005613.01744,1282,516.210,1072111.39313,0
1773509400000,2076.93,2076.93,2076.25,2076.71,349.570,1773509459999,725915.66370,827,145.314,301758.60047,0
1773509460000,2076.71,2076.71,2075.74,2075.94,295.924,1773509519999,614348.64508,769,123.000,255333.03741,0
1773509520000,2075.94,2075.94,2075.92,2075.92,163.916,1773509579999,340277.42564,176,10.398,21585.52513,0
1773509580000,2075.93,2076.26,2075.73,2075.73,492.546,1773509639999,1022530.72876,846,196.456,407842.04819,0
1773509640000,2075.73,2075.74,2074.42,2074.56,748.677,1773509699999,1553499.76716,1162,111.766,231881.81746,0
1773509700000,2074.55,2075.58,2074.55,2075.58,228.628,1773509759999,474397.72534,806,162.613,337410.41742,0
1773509760000,2075.57,2075.58,2075.06,2075.07,149.767,1773509819999,310794.54821,464,26.257,54485.82801,0
1773509820000,2075.06,2075.87,2075.06,2075.87,355.375,1773509879999,737523.52411,708,296.452,615238.54105,0
1773509880000,2075.86,2075.90,2075.51,2075.89,250.327,1773509939999,519600.46083,609,94.067,195245.75960,0
1773509940000,2075.89,2075.90,2075.09,2075.09,542.273,1773509999999,1125545.53438,874,103.429,214671.79602,0
1773510000000,2075.09,2075.09,2075.05,2075.05,238.114,1773510059999,494101.02078,280,23.344,48440.34067,0
1773510060000,2075.05,2075.50,2075.05,2075.06,266.481,1773510119999,553026.29560,674,188.500,391191.36101,0
1773510120000,2075.07,2075.07,2074.68,2074.73,513.752,1773510179999,1065966.60482,494,194.345,403219.14476,0
1773510180000,2074.72,2075.00,2074.72,2075.00,315.383,1773510239999,654361.60095,396,107.543,223136.78489,0
1773510240000,2075.00,2075.20,2074.71,2075.20,621.283,1773510299999,1289045.01326,672,416.615,864398.68387,0
1773510300000,2075.19,2075.21,2074.23,2074.50,1139.563,1773510359999,2364138.72665,1420,336.528,698121.00304,0
1773510360000,2074.51,2074.70,2074.00,2074.70,1225.912,1773510419999,2542838.24534,1156,584.377,1212100.02637,0
1773510420000,2074.70,2074.92,2074.69,2074.75,576.853,1773510479999,1196854.71256,585,386.084,801043.01064,0
1773510480000,2074.76,2075.25,2074.62,2074.62,336.740,1773510539999,698758.94664,806,191.454,397276.76034,0
1773510540000,2074.62,2074.62,2073.76,2073.76,296.774,1773510599999,615564.73585,679,43.863,90987.09235,0
1773510600000,2073.76,2073.77,2072.01,2073.00,2195.097,1773510659999,4549723.11674,2499,536.125,1111347.37501,0
1773510660000,2073.00,2073.62,2072.86,2072.86,905.514,1773510719999,1877401.50074,1545,516.332,1070521.84785,0
1773510720000,2072.87,2073.37,2072.86,2072.96,486.379,1773510779999,1008341.37652,784,251.595,521586.18508,0
1773510780000,2072.95,2072.96,2072.59,2072.59,745.255,1773510839999,1544796.81030,574,262.513,544177.06894,0
1773510840000,2072.59,2072.60,2072.20,2072.34,701.947,1773510899999,1454693.41557,738,62.291,129086.16337,0
1773510900000,2072.33,2072.82,2072.15,2072.82,1068.805,1773510959999,2214982.97939,1033,497.605,1031238.81446,0
1773510960000,2072.82,2073.68,2072.81,2073.67,379.826,1773511019999,787495.04393,876,327.670,679365.15930,0
1773511020000,2073.68,2073.71,2073.67,2073.71,74.018,1773511079999,153491.19063,198,58.404,121112.54302,0
1773511080000,2073.71,2073.89,2073.42,2073.84,421.788,1773511139999,874664.19236,878,279.284,579148.93316,0
1773511140000,2073.85,2074.28,2073.84,2073.97,696.778,1773511199999,1445136.06258,656,592.089,1227999.77502,0
1773511200000,2073.97,2073.97,2072.41,2072.69,1179.353,1773511259999,2444784.04965,2603,393.293,815219.67774,0
1773511260000,2072.70,2072.93,2072.30,2072.93,489.256,1773511319999,1014056.51839,982,297.164,615906.48986,0
1773511320000,2072.93,2073.44,2072.92,2073.31,462.874,1773511379999,959651.18889,731,391.862,812428.42619,0
1773511380000,2073.32,2073.48,2072.93,2073.21,415.229,1773511439999,860884.26665,951,311.547,645922.14964,0
1773511440000,2073.21,2073.22,2073.17,2073.17,79.436,1773511499999,164686.63734,288,20.448,42392.96648,0
1773511500000,2073.17,2073.56,2073.17,2073.17,330.624,1773511559999,685489.24535,923,210.368,436161.16333,0
1773511560000,2073.18,2073.18,2072.66,2073.17,501.437,1773511619999,1039451.77433,924,129.633,268709.35322,0
1773511620000,2073.18,2073.88,2072.77,2073.19,680.327,1773511679999,1410668.07268,1548,497.769,1032139.76264,0
1773511680000,2073.18,2073.46,2073.18,2073.46,248.630,1773511739999,515481.54368,448,106.429,220661.28114,0
1773511740000,2073.45,2073.62,2073.45,2073.62,84.153,1773511799999,174498.38247,295,31.478,65271.97951,0
1773511800000,2073.61,2073.97,2073.61,2073.96,269.631,1773511859999,559156.85488,538,251.888,522360.62000,0
1773511860000,2073.97,2073.97,2073.25,2073.45,569.484,1773511919999,1180847.13057,842,119.149,247055.58041,0
1773511920000,2073.44,2073.45,2073.44,2073.45,87.064,1773511979999,180522.23981,150,25.965,53837.12925,0
1773511980000,2073.44,2073.76,2073.44,2073.72,417.373,1773512039999,865465.34346,446,305.356,633173.62851,0
1773512040000,2073.72,2073.72,2072.50,2072.51,351.851,1773512099999,729383.62481,855,166.881,345940.05589,0
1773512100000,2072.50,2072.74,2071.70,2072.58,736.020,1773512159999,1525081.29331,1613,348.253,721597.79802,0
1773512160000,2072.59,2072.59,2072.41,2072.42,362.950,1773512219999,752213.61708,439,271.599,562885.75022,0
1773512220000,2072.41,2072.42,2072.09,2072.19,348.451,1773512279999,722076.59120,679,250.058,518178.14950,0
1773512280000,2072.19,2072.92,2072.18,2072.56,574.335,1773512339999,1190270.76248,1016,412.984,855891.63194,0
1773512340000,2072.57,2072.57,2072.22,2072.22,178.234,1773512399999,369382.95955,368,43.405,89957.82520,0
1773512400000,2072.21,2072.44,2072.21,2072.21,150.457,1773512459999,311791.89395,396,65.441,135610.30380,0
1773512460000,2072.22,2072.22,2071.79,2072.13,425.311,1773512519999,881244.29610,837,154.819,320773.53574,0
1773512520000,2072.14,2072.20,2072.13,2072.20,100.030,1773512579999,207277.81798,205,85.134,176411.24716,0
1773512580000,2072.20,2072.93,2072.20,2072.26,241.070,1773512639999,499658.11033,880,165.795,343639.97389,0
1773512640000,2072.27,2072.90,2072.26,2072.90,136.404,1773512699999,282731.56704,412,80.415,166672.97299,0
1773512700000,2072.90,2072.90,2072.89,2072.90,112.865,1773512759999,233957.47049,224,74.064,153527.26560,0
1773512760000,2072.89,2073.17,2072.89,2073.17,239.940,1773512819999,497388.07912,339,218.875,453721.06070,0
1773512820000,2073.17,2073.77,2073.16,2073.66,222.035,1773512879999,460396.32930,671,171.446,355493.33575,0
1773512880000,2073.67,2073.79,2073.30,2073.31,755.192,1773512939999,1565944.95987,671,96.033,199141.13065,0
1773512940000,2073.31,2073.31,2072.89,2073.08,199.062,1773512999999,412661.81950,488,119.742,248215.92948,0
1773513000000,2073.09,2074.16,2073.09,2074.15,422.966,1773513059999,877052.43479,923,373.800,775112.69038,0
1773513060000,2074.16,2074.26,2074.15,2074.26,189.662,1773513119999,393402.35951,307,76.370,158406.98361,0
1773513120000,2074.26,2074.98,2074.25,2074.98,675.065,1773513179999,1400362.93396,991,579.612,1202355.72301,0
1773513180000,2074.98,2075.63,2074.97,2075.63,983.694,1773513239999,2041359.63696,923,854.839,1773943.12844,0
1773513240000,2075.63,2075.85,2075.63,2075.85,724.421,1773513299999,1503690.18060,680,407.407,845660.69063,0
1773513300000,2075.85,2075.85,2074.99,2075.00,1935.163,1773513359999,4016595.00271,892,220.123,456878.79114,0
1773513360000,2075.00,2075.00,2074.99,2075.00,152.195,1773513419999,315804.30994,221,120.689,250429.67500,0
1773513420000,2075.00,2075.23,2074.99,2075.23,280.471,1773513479999,581992.17869,372,213.851,443756.20252,0
1773513480000,2075.22,2075.24,2074.83,2074.83,274.726,1773513539999,570074.07939,423,96.009,199232.45517,0
1773513540000,2074.84,2074.84,2074.28,2074.29,337.573,1773513599999,700271.33276,646,87.635,181781.52766,0
1773513600000,2074.29,2074.62,2074.08,2074.62,329.355,1773513659999,683172.02990,647,186.538,386951.59176,0
1773513660000,2074.62,2075.41,2074.62,2075.41,316.786,1773513719999,657299.81166,655,248.565,515726.02140,0
1773513720000,2075.40,2076.00,2075.40,2075.71,472.920,1773513779999,981642.16369,911,241.260,500758.98654,0
1773513780000,2075.70,2075.71,2075.55,2075.56,117.059,1773513839999,242968.42941,300,59.829,124180.85181,0
1773513840000,2075.55,2075.56,2074.68,2074.78,443.020,1773513899999,919202.20314,723,329.393,683408.76474,0
1773513900000,2074.79,2074.79,2074.44,2074.77,245.872,1773513959999,510068.36534,534,193.241,400880.85895,0
1773513960000,2074.76,2075.02,2074.76,2074.95,418.276,1773514019999,867888.80729,414,364.066,755405.49302,0
1773514020000,2074.94,2075.15,2074.94,2075.14,134.997,1773514079999,280118.86769,266,120.551,250142.08705,0
1773514080000,2075.15,2075.90,2075.15,2075.89,207.866,1773514139999,431460.52109,661,144.819,300584.31624,0
1773514140000,2075.89,2076.00,2075.50,2075.99,427.989,1773514199999,888396.06009,695,204.173,423824.51263,0
1773514200000,2075.99,2076.20,2075.51,2075.51,273.758,1773514259999,568318.62397,772,152.854,317330.45222,0
1773514260000,2075.51,2075.51,2075.34,2075.34,117.842,1773514319999,244574.10619,285,25.104,52102.86032,0
1773514320000,2075.34,2075.35,2075.34,2075.34,95.170,1773514379999,197510.70864,141,60.084,124695.32940,0
1773514380000,2075.34,2075.65,2075.34,2075.65,155.090,1773514439999,321871.66850,340,123.994,257336.22771,0
1773514440000,2075.66,2075.78,2075.34,2075.36,226.548,1773514499999,470209.34548,412,77.346,160526.66865,0
1773514500000,2075.36,2075.37,2075.36,2075.37,60.136,1773514559999,124804.08986,150,24.090,49995.66330,0
1773514560000,2075.36,2075.75,2075.36,2075.48,174.197,1773514619999,361556.72467,503,86.063,178622.51636,0
1773514620000,2075.49,2075.49,2075.46,2075.47,138.419,1773514679999,287284.27524,160,106.309,220641.14067,0
1773514680000,2075.47,2076.97,2075.46,2076.39,2350.468,1773514739999,4880158.11259,1985,1522.958,3161672.12092,0
1773514740000,2076.40,2076.40,2075.73,2075.73,259.651,1773514799999,539057.97838,695,27.544,57183.64189,0
1773514800000,2075.74,2075.74,2074.48,2074.48,1149.167,1773514859999,2384815.20407,1696,277.421,575728.21435,0
1773514860000,2074.49,2075.00,2074.07,2074.07,687.991,1773514919999,1427298.11441,1457,235.954,489482.76019,0
1773514920000,2074.07,2074.47,2073.64,2074.06,590.487,1773514979999,1224744.10350,1304,145.468,301720.74406,0
1773514980000,2074.05,2074.65,2073.86,2074.65,606.595,1773515039999,1258132.54022,1114,286.500,594220.35786,0
1773515040000,2074.66,2074.95,2074.18,2074.94,491.222,1773515099999,1019042.69989,1065,152.391,316153.94565,0
1773515100000,2074.94,2074.95,2074.81,2074.81,181.764,1773515159999,377136.36362,360,84.320,174949.79558,0
1773515160000,2074.81,2075.41,2074.81,2074.96,438.973,1773515219999,910961.09972,922,383.278,795387.09484,0
1773515220000,2074.96,2075.29,2074.95,2075.29,132.845,1773515279999,275676.48908,450,101.281,210175.60364,0
1773515280000,2075.28,2075.53,2074.95,2074.95,559.685,1773515339999,1161575.54272,732,374.698,777663.72709,0
1773515340000,2074.95,2074.96,2074.62,2074.78,288.757,1773515399999,599112.53568,489,54.352,112760.98808,0
1773515400000,2074.79,2075.30,2074.78,2075.29,225.361,1773515459999,467619.77468,500,183.758,381296.34711,0
1773515460000,2075.30,2075.41,2075.11,2075.41,200.448,1773515519999,415980.62521,613,94.238,195568.26732,0
1773515520000,2075.40,2075.52,2075.40,2075.52,60.873,1773515579999,126340.56826,213,51.756,107418.53260,0
1773515580000,2075.52,2076.18,2075.51,2076.03,627.610,1773515639999,1302866.07962,1067,396.935,823966.02559,0
1773515640000,2076.03,2076.34,2076.03,2076.18,183.155,1773515699999,380263.69913,523,87.779,182242.29944,0
1773515700000,2076.18,2076.34,2075.70,2076.18,709.839,1773515759999,1473629.89974,997,331.710,688641.20755,0
1773515760000,2076.17,2076.87,2076.17,2076.87,345.190,1773515819999,716774.79842,713,251.629,522501.53049,0
1773515820000,2076.87,2077.45,2076.44,2076.45,1444.922,1773515879999,3001276.04614,1672,783.057,1626499.35535,0
1773515880000,2076.44,2076.45,2075.93,2076.00,228.799,1773515939999,475043.56270,555,31.788,65995.61664,0
1773515940000,2076.01,2076.01,2075.62,2075.79,317.000,1773515999999,658012.59970,551,95.364,197948.03886,0
1773516000000,2075.78,2075.93,2075.49,2075.92,348.780,1773516059999,723948.48011,544,247.643,514018.34534,0
1773516060000,2075.93,2076.37,2075.92,2076.37,240.259,1773516119999,498800.04221,532,209.719,435399.95956,0
1773516120000,2076.38,2076.41,2075.78,2075.80,403.989,1773516179999,838686.83514,535,241.124,500535.82621,0
1773516180000,2075.79,2076.17,2075.79,2076.17,186.882,1773516239999,387960.33008,312,90.954,188809.75680,0
1773516240000,2076.17,2076.28,2075.98,2075.99,345.633,1773516299999,717595.59804,544,70.411,146188.29416,0
1773516300000,2075.99,2075.99,2075.69,2075.69,93.298,1773516359999,193668.66442,315,8.903,18481.06328,0
1773516360000,2075.69,2075.90,2075.34,2075.59,834.766,1773516419999,1732680.13970,893,285.752,593115.79781,0
1773516420000,2075.60,2075.84,2075.60,2075.74,102.070,1773516479999,211872.70378,301,56.580,117444.65390,0
1773516480000,2075.73,2076.08,2075.73,2076.07,255.515,1773516539999,530449.05147,378,107.698,223575.04462,0
1773516540000,2076.08,2076.27,2076.07,2076.20,238.347,1773516599999,494850.30980,387,204.464,424502.82674,0
1773516600000,2076.19,2076.40,2076.19,2076.39,137.356,1773516659999,285185.83816,300,117.502,243963.70808,0
1773516660000,2076.40,2076.40,2076.00,2076.31,243.163,1773516719999,504880.45585,588,56.604,117524.16486,0
1773516720000,2076.32,2076.43,2076.30,2076.40,404.857,1773516779999,840629.72309,428,181.673,377214.90463,0
1773516780000,2076.40,2076.40,2076.14,2076.15,128.719,1773516839999,267252.06785,355,39.870,82780.99175,0
1773516840000,2076.15,2076.15,2076.02,2076.02,157.103,1773516899999,326167.06030,354,74.737,155165.14246,0
1773516900000,2076.02,2076.03,2075.22,2075.63,367.582,1773516959999,762913.54376,1015,205.018,425492.77557,0
1773516960000,2075.64,2075.92,2075.32,2075.60,532.466,1773517019999,1105285.32604,896,202.180,419664.30104,0
1773517020000,2075.59,2076.11,2075.59,2076.11,213.430,1773517079999,443032.91459,569,164.421,341303.27360,0
1773517080000,2076.11,2076.26,2076.10,2076.26,209.876,1773517139999,435729.27929,300,93.422,193959.04639,0
1773517140000,2076.25,2076.44,2076.25,2076.43,237.654,1773517199999,493466.51548,438,124.640,258801.61869,0
1773517200000,2076.43,2076.50,2076.30,2076.50,154.734,1773517259999,321288.03769,420,85.466,177461.55844,0
1773517260000,2076.50,2076.50,2076.27,2076.47,245.173,1773517319999,509078.97899,396,153.805,319359.31617,0
1773517320000,2076.47,2077.80,2076.47,2077.44,1263.998,1773517379999,2625581.49649,1816,1035.918,2151744.00518,0
1773517380000,2077.44,2077.45,2077.09,2077.10,295.400,1773517439999,613655.99647,409,53.058,110222.73720,0
1773517440000,2077.09,2077.45,2076.71,2077.45,725.756,1773517499999,1507512.72585,1061,584.938,1215009.14045,0
1773517500000,2077.45,2077.56,2077.44,2077.47,428.073,1773517559999,889304.41223,534,380.793,791081.89859,0
1773517560000,2077.46,2077.47,2077.02,2077.02,270.349,1773517619999,561608.51144,530,87.432,181620.74595,0
1773517620000,2077.03,2077.17,2076.68,2077.17,646.199,1773517679999,1342078.67039,832,290.588,603505.33078,0
1773517680000,2077.17,2078.44,2077.16,2078.18,1901.090,1773517739999,3950508.75306,2018,1314.556,2731677.44739,0
1773517740000,2078.19,2078.23,2077.84,2077.84,383.918,1773517799999,797815.90470,508,196.235,407810.21213,0
1773517800000,2077.85,2077.85,2076.39,2077.22,2035.999,1773517859999,4228649.64778,1793,815.035,1692801.66624,0
1773517860000,2077.21,2077.22,2076.82,2077.01,508.280,1773517919999,1055698.16366,536,164.817,342316.42560,0
1773517920000,2077.02,2077.02,2076.27,2076.27,139.843,1773517979999,290372.67899,460,40.678,84463.13882,0
1773517980000,2076.27,2076.33,2076.27,2076.33,143.138,1773518039999,297198.80798,225,51.293,106499.42013,0
1773518040000,2076.33,2076.33,2076.32,2076.32,39.796,1773518099999,82629.43648,93,20.576,42722.56608,0
1773518100000,2076.32,2077.06,2076.32,2076.32,618.614,1773518159999,1284586.98746,956,539.246,1119755.33367,0
1773518160000,2076.32,2076.32,2075.92,2076.01,442.176,1773518219999,918005.75382,650,191.982,398578.84992,0
1773518220000,2076.02,2076.02,2075.77,2075.77,518.142,1773518279999,1075595.97698,574,110.005,228346.99023,0
1773518280000,2075.77,2076.15,2075.77,2076.15,305.725,1773518339999,634628.95026,378,184.750,383512.65304,0
1773518340000,2076.14,2076.26,2076.14,2076.25,65.776,1773518399999,136565.28660,258,47.176,97947.45586,0
1773518400000,2076.25,2076.59,2076.25,2076.41,453.731,1773518459999,942139.63762,915,253.047,525422.43859,0
1773518460000,2076.41,2076.41,2075.97,2075.98,652.855,1773518519999,1355434.44723,631,260.836,541529.37718,0
1773518520000,2075.97,2075.97,2075.34,2075.34,340.032,1773518579999,705786.55612,609,159.422,330903.76619,0
1773518580000,2075.34,2076.18,2075.34,2075.51,634.716,1773518639999,1317539.73272,1283,318.319,660717.75909,0
1773518640000,2075.52,2075.52,2074.79,2075.41,451.120,1773518699999,936112.42446,1097,159.908,331812.14577,0
1773518700000,2075.40,2075.40,2074.93,2075.05,344.627,1773518759999,715124.06952,520,183.826,381432.14134,0
1773518760000,2075.05,2075.98,2075.05,2075.59,1406.243,1773518819999,2918696.99448,1826,892.149,1851634.75687,0
1773518820000,2075.58,2076.59,2075.58,2076.58,245.802,1773518879999,510281.77655,728,212.741,441659.43516,0
1773518880000,2076.59,2076.76,2076.58,2076.76,244.139,1773518939999,506992.49542,326,164.536,341678.56113,0
1773518940000,2076.75,2076.76,2076.39,2076.40,160.620,1773518999999,333549.71147,441,8.963,18611.83084,0
1773519000000,2076.39,2076.69,2076.24,2076.57,229.754,1773519059999,477072.01448,551,178.402,370439.33556,0
1773519060000,2076.56,2076.74,2076.44,2076.45,197.934,1773519119999,411028.23870,519,77.781,161518.71558,0
1773519120000,2076.44,2076.45,2076.44,2076.44,142.356,1773519179999,295594.08797,288,39.533,82088.29785,0
1773519180000,2076.44,2076.44,2075.79,2076.19,420.121,1773519239999,872194.18687,886,72.746,151022.66241,0
1773519240000,2076.19,2076.93,2076.18,2076.93,446.854,1773519299999,927894.20347,683,417.608,867160.75831,0
1773519300000,2076.93,2077.00,2076.92,2076.99,148.093,1773519359999,307585.13457,288,109.571,227576.27303,0
1773519360000,2077.00,2077.00,2076.62,2076.75,492.117,1773519419999,1022060.51572,618,102.843,213572.70321,0
1773519420000,2076.75,2077.39,2076.59,2077.32,455.631,1773519479999,946344.68224,910,382.585,794629.84893,0
1773519480000,2077.32,2077.68,2077.32,2077.39,250.164,1773519539999,519716.78897,689,148.348,308186.56117,0
1773519540000,2077.39,2078.98,2077.39,2078.83,1012.621,1773519599999,2104478.75871,1674,712.898,1481649.47727,0
1773519600000,2078.83,2078.84,2078.33,2078.45,1593.823,1773519659999,3312858.79034,1043,562.230,1168584.08722,0
1773519660000,2078.45,2078.45,2076.95,2078.45,3383.135,1773519719999,7028711.87363,2364,1418.649,2947305.55597,0
1773519720000,2078.44,2079.05,2078.44,2079.04,1122.032,1773519779999,2332667.21683,990,737.368,1532956.10556,0
1773519780000,2079.05,2079.26,2079.04,2079.26,362.606,1773519839999,753929.17155,519,267.277,555722.72990,0
1773519840000,2079.25,2079.26,2078.33,2078.45,1843.190,1773519899999,3831928.41719,1691,445.237,925508.61439,0
1773519900000,2078.45,2078.69,2078.45,2078.63,437.726,1773519959999,909839.07901,586,228.021,473953.68369,0
1773519960000,2078.63,2078.65,2078.43,2078.65,298.849,1773520019999,621166.94430,434,152.369,316698.58464,0
1773520020000,2078.64,2079.00,2078.64,2079.00,191.283,1773520079999,397659.58844,415,167.223,347641.36623,0
1773520080000,2079.00,2079.00,2078.64,2078.80,569.395,1773520139999,1183685.97810,487,96.007,199584.98495,0
1773520140000,2078.80,2078.80,2078.18,2078.19,495.965,1773520199999,1030848.61137,652,135.194,280990.13153,0
1773520200000,2078.19,2078.19,2077.85,2077.92,442.714,1773520259999,919960.70636,638,85.151,176936.61119,0
1773520260000,2077.92,2077.93,2077.66,2077.66,316.037,1773520319999,656643.84457,422,184.168,382656.55508,0
1773520320000,2077.66,2078.27,2077.59,2078.27,398.374,1773520379999,827727.08866,730,328.621,682800.19761,0
1773520380000,2078.27,2078.30,2077.89,2077.89,227.197,1773520439999,472141.13388,443,67.470,140210.76963,0
1773520440000,2077.90,2078.45,2077.89,2078.45,93.194,1773520499999,193661.04170,434,70.125,145724.69828,0
1773520500000,2078.45,2078.45,2078.23,2078.23,76.144,1773520559999,158251.52696,268,20.615,42843.61198,0
1773520560000,2078.24,2078.24,2078.23,2078.24,86.700,1773520619999,180183.04750,197,50.650,105262.85600,0
1773520620000,2078.24,2078.69,2078.16,2078.69,273.516,1773520679999,568451.65637,692,180.601,375353.73569,0
1773520680000,2078.69,2079.21,2078.68,2079.19,598.408,1773520739999,1244085.02240,779,313.681,652110.39915,0
1773520740000,2079.19,2079.24,2078.74,2078.75,487.676,1773520799999,1013954.94751,649,313.126,651052.77064,0
1773520800000,2078.75,2079.24,2078.75,2079.09,449.136,1773520859999,933770.13133,725,282.977,588318.50801,0
1773520860000,2079.09,2081.83,2079.08,2080.65,10149.564,1773520919999,21119329.14058,7636,7733.444,16091384.75043,0
1773520920000,2080.64,2080.76,2080.07,2080.68,873.985,1773520979999,1818215.28278,1094,517.768,1077152.83934,0
1773520980000,2080.69,2081.76,2080.68,2081.76,1237.214,1773521039999,2574814.66939,1162,1025.640,2134510.67577,0
1773521040000,2081.75,2083.94,2081.46,2082.73,6380.173,1773521099999,13288233.29632,5432,4664.278,9714239.95114,0
1773521100000,2082.73,2082.74,2080.84,2081.22,3840.989,1773521159999,7995264.72836,3003,1675.106,3486575.00670,0
1773521160000,2081.21,2081.86,2080.94,2081.54,1271.847,1773521219999,2647299.32522,1345,562.477,1170772.31743,0
1773521220000,2081.55,2087.40,2081.55,2084.83,18119.092,1773521279999,37778832.99133,9445,12789.084,26666253.59331,0
1773521280000,2084.83,2084.83,2083.87,2083.88,3529.064,1773521339999,7355621.75947,2818,1514.477,3156545.18732,0
1773521340000,2083.88,2085.46,2083.32,2085.29,3270.217,1773521399999,6815738.17530,3435,1899.065,3958325.54193,0
1773521400000,2085.30,2085.30,2084.10,2084.22,1977.872,1773521459999,4123561.58079,1643,729.249,1520388.16223,0
1773521460000,2084.22,2084.25,2083.91,2084.25,1281.363,1773521519999,2670513.48803,897,698.131,1454998.48368,0
1773521520000,2084.24,2084.49,2084.06,2084.49,485.213,1773521579999,1011308.72740,676,279.647,582856.68801,0
1773521580000,2084.49,2084.77,2084.28,2084.76,449.707,1773521639999,937437.42669,739,222.883,464617.28817,0
1773521640000,2084.77,2084.98,2084.76,2084.78,972.344,1773521699999,2027187.03101,707,685.369,1428872.66498,0
1773521700000,2084.77,2084.81,2084.64,2084.65,609.294,1773521759999,1270213.01735,585,301.644,628842.78857,0
1773521760000,2084.64,2085.83,2084.64,2085.43,1917.679,1773521819999,3998738.19733,1985,1438.438,2999340.59095,0
1773521820000,2085.42,2085.95,2085.08,2085.73,1527.987,1773521879999,3186651.35394,1681,1119.034,2333825.40101,0
1773521880000,2085.73,2085.98,2085.27,2085.27,820.605,1773521939999,1711618.22630,923,625.929,1305593.68925,0
1773521940000,2085.27,2085.28,2084.59,2084.59,350.419,1773521999999,730599.52081,817,128.901,268745.41283,0
1773522000000,2084.60,2086.10,2083.00,2085.50,4588.529,1773522059999,9567298.42898,5933,2378.369,4958857.62718,0
1773522060000,2085.50,2085.50,2084.87,2084.88,583.522,1773522119999,1216798.74205,1207,229.436,478433.18607,0
1773522120000,2084.87,2084.88,2084.50,2084.51,309.742,1773522179999,645685.32274,1116,30.788,64182.06071,0
1773522180000,2084.51,2084.51,2083.31,2083.58,851.809,1773522239999,1774872.95507,2458,171.819,358009.48558,0
1773522240000,2083.58,2084.11,2083.57,2083.82,488.445,1773522299999,1017794.00519,1032,327.673,682770.65602,0
1773522300000,2083.82,2083.82,2083.29,2083.30,523.683,1773522359999,1091140.76566,909,113.177,235805.04312,0
1773522360000,2083.29,2083.30,2081.85,2082.33,1058.927,1773522419999,2205037.30424,1840,154.225,321147.85968,0
1773522420000,2082.34,2082.86,2082.07,2082.76,849.299,1773522479999,1768645.30510,1071,431.136,897810.96629,0
1773522480000,2082.77,2082.86,2082.60,2082.70,321.842,1773522539999,670318.74968,674,110.006,229114.29809,0
1773522540000,2082.70,2082.90,2082.53,2082.65,473.359,1773522599999,985852.55738,703,165.872,345457.91720,0
1773522600000,2082.65,2082.80,2082.41,2082.41,289.699,1773522659999,603334.13419,531,117.642,245006.51158,0
1773522660000,2082.42,2082.59,2082.40,2082.58,491.323,1773522719999,1023162.94266,400,275.844,574427.28287,0
1773522720000,2082.59,2083.11,2082.53,2083.11,568.567,1773522779999,1184220.98660,613,450.612,938539.68184,0
1773522780000,2083.11,2083.13,2081.67,2081.95,1415.235,1773522839999,2947293.78087,1595,858.916,1788851.78843,0
1773522840000,2081.96,2082.37,2081.74,2081.89,660.669,1773522899999,1375485.26037,966,485.811,1011428.52270,0
1773522900000,2081.89,2083.80,2081.89,2083.45,1724.240,1773522959999,3590701.46974,1623,1591.840,3314891.55664,0
1773522960000,2083.45,2083.46,2082.99,2083.00,120.170,1773523019999,250338.78857,446,17.414,36277.16382,0
1773523020000,2082.99,2082.99,2082.84,2082.86,464.290,1773523079999,967047.38813,413,148.202,308682.64428,0
1773523080000,2082.86,2083.86,2082.86,2083.86,750.923,1773523139999,1564559.74395,643,678.402,1413443.09992,0
1773523140000,2083.86,2083.86,2080.18,2080.21,4609.373,1773523199999,9595421.29182,3872,778.289,1620068.38837,0
1773523200000,2080.21,2082.22,2080.21,2082.19,1066.485,1773523259999,2219581.07951,1525,693.603,1443360.50088,0
1773523260000,2082.18,2082.79,2082.18,2082.60,308.605,1773523319999,642686.23984,706,184.060,383305.58651,0
1773523320000,2082.60,2082.60,2082.52,2082.53,119.141,1773523379999,248116.61470,195,33.529,69825.17913,0
1773523380000,2082.52,2082.77,2082.52,2082.77,205.335,1773523439999,427632.03036,285,114.480,238413.23466,0
1773523440000,2082.77,2083.11,2082.51,2082.51,323.433,1773523499999,673665.84164,640,145.328,302708.48405,0
1773523500000,2082.52,2082.66,2081.33,2082.36,1759.367,1773523559999,3662781.22646,1496,273.450,569283.40704,0
1773523560000,2082.36,2082.36,2082.00,2082.07,441.596,1773523619999,919470.39566,558,209.121,435405.08623,0
1773523620000,2082.07,2082.08,2081.60,2081.80,740.361,1773523679999,1541323.96464,946,184.785,384683.99113,0
1773523680000,2081.81,2082.06,2081.60,2082.06,283.038,1773523739999,589231.53853,507,195.655,407329.09067,0
1773523740000,2082.06,2082.20,2082.05,2082.16,330.182,1773523799999,687480.20077,249,256.000,533023.39597,0
1773523800000,2082.16,2082.16,2081.74,2081.75,296.694,1773523859999,617683.75367,488,89.828,187009.02466,0
1773523860000,2081.74,2082.16,2081.67,2082.05,1500.847,1773523919999,3124675.09115,1164,562.095,1170218.40093,0
1773523920000,2082.05,2082.52,2082.04,2082.52,262.117,1773523979999,545809.01344,445,180.375,375592.28029,0
1773523980000,2082.52,2082.52,2082.41,2082.41,127.222,1773524039999,264940.62004,216,93.368,194439.71956,0
1773524040000,2082.42,2082.42,2082.16,2082.17,183.096,1773524099999,381274.31495,264,74.697,155550.20569,0
1773524100000,2082.17,2082.36,2082.16,2082.36,356.622,1773524159999,742570.84766,336,333.407,694231.88171,0
1773524160000,2082.36,2082.52,2082.35,2082.52,151.259,1773524219999,314991.65236,254,122.818,255763.58636,0
1773524220000,2082.52,2082.95,2082.52,2082.95,488.165,1773524279999,1016742.74549,668,404.660,842816.30882,0
1773524280000,2082.94,2083.61,2082.94,2083.10,728.908,1773524339999,1518429.30712,906,442.035,920858.60601,0
1773524340000,2083.11,2083.80,2083.10,2083.76,480.051,1773524399999,1000246.57535,816,409.661,853569.47012,0
1773524400000,2083.77,2083.84,2083.47,2083.84,534.327,1773524459999,1113329.11334,588,389.784,812142.34744,0
1773524460000,2083.85,2084.44,2083.84,2084.43,1119.210,1773524519999,2332632.64549,1241,980.986,2044548.71326,0
1773524520000,2084.44,2084.44,2083.60,2083.94,489.019,1773524579999,1019100.96971,715,149.125,310765.54350,0
1773524580000,2083.95,2084.66,2083.91,2084.43,835.482,1773524639999,1741361.94333,871,764.344,1593097.23439,0
1773524640000,2084.44,2084.84,2084.24,2084.26,626.681,1773524699999,1306340.83369,1034,406.413,847193.58084,0
1773524700000,2084.27,2084.27,2083.53,2083.54,236.298,1773524759999,492401.30023,800,54.553,113673.41487,0
1773524760000,2083.54,2084.77,2083.51,2084.04,560.899,1773524819999,1168989.06647,1304,327.494,682497.00801,0
1773524820000,2084.03,2084.03,2083.77,2084.01,354.634,1773524879999,739022.48528,649,115.466,240610.80473,0
1773524880000,2084.00,2085.11,2084.00,2085.11,407.562,1773524939999,849693.12183,833,323.103,673609.06743,0
1773524940000,2085.11,2085.94,2085.10,2085.94,308.602,1773524999999,643640.51049,737,209.155,436215.55085,0
1773525000000,2085.93,2087.12,2085.93,2086.80,1750.873,1773525059999,3653497.03615,2623,1190.199,2483445.92360,0
1773525060000,2086.79,2087.33,2086.50,2086.84,964.764,1773525119999,2013475.45920,1489,449.412,937943.50839,0
1773525120000,2086.84,2087.99,2086.82,2087.22,1732.716,1773525179999,3616910.67493,2997,892.728,1863572.03187,0
1773525180000,2087.22,2087.64,2086.09,2086.10,938.599,1773525239999,1958653.90667,1616,299.144,624344.16927,0
1773525240000,2086.10,2087.00,2084.85,2086.18,1589.427,1773525299999,3315244.95185,2533,904.552,1886881.11523,0
1773525300000,2086.18,2086.18,2085.36,2085.57,451.111,1773525359999,940873.81339,922,166.395,347032.73781,0
1773525360000,2085.57,2086.17,2085.32,2086.15,534.699,1773525419999,1115308.60260,1228,189.855,396019.36346,0
1773525420000,2086.14,2086.96,2086.14,2086.33,1136.230,1773525479999,2370835.62609,1396,624.189,1302345.83647,0
1773525480000,2086.34,2086.83,2086.31,2086.71,779.255,1773525539999,1625974.15266,766,371.113,774312.79492,0
1773525540000,2086.72,2086.72,2084.74,2085.65,952.496,1773525599999,1986478.54187,1700,469.578,979269.46911,0
1773525600000,2085.65,2085.96,2084.33,2085.59,1103.712,1773525659999,2301393.34644,2130,308.682,643577.11015,0
1773525660000,2085.60,2086.13,2085.12,2085.12,763.197,1773525719999,1591722.81013,1419,488.952,1019726.38183,0
1773525720000,2085.13,2086.46,2085.09,2086.12,1202.970,1773525779999,2509078.19510,2625,489.923,1021864.29542,0
1773525780000,2086.12,2087.21,2086.12,2086.94,938.107,1773525839999,1957782.99793,1880,499.359,1042081.82370,0
1773525840000,2086.93,2086.93,2085.50,2086.05,528.413,1773525899999,1102275.40529,1496,255.604,533138.43890,0
1773525900000,2086.04,2086.09,2085.88,2085.88,190.654,1773525959999,397703.71862,442,74.661,155740.28227,0
1773525960000,2085.89,2086.30,2085.50,2086.15,662.243,1773526019999,1381221.29646,1108,354.971,740327.66218,0
1773526020000,2086.15,2086.15,2085.00,2085.01,349.000,1773526079999,727818.15372,1076,103.573,215993.99796,0
1773526080000,2085.01,2085.01,2084.34,2084.99,486.624,1773526139999,1014473.55719,971,187.691,391280.72124,0
1773526140000,2085.00,2085.00,2084.20,2084.20,295.274,1773526199999,615513.11353,903,62.430,130141.96436,0
1773526200000,2084.21,2085.01,2084.20,2085.01,499.797,1773526259999,1041821.39695,724,339.341,707358.24571,0
1773526260000,2085.01,2085.40,2084.70,2084.87,371.300,1773526319999,774167.40676,1088,104.833,218582.94280,0
1773526320000,2084.87,2085.05,2084.43,2085.05,900.130,1773526379999,1876502.41611,1007,557.976,1163200.30943,0
1773526380000,2085.05,2085.26,2085.04,2085.06,198.204,1773526439999,413285.36195,401,139.451,290774.99704,0
1773526440000,2085.07,2085.07,2083.89,2083.89,253.537,1773526499999,528480.27492,949,47.154,98293.77652,0
1773526500000,2083.90,2084.11,2083.58,2083.76,311.408,1773526559999,648898.28376,846,57.456,119728.89991,0
1773526560000,2083.77,2084.78,2083.76,2084.22,490.112,1773526619999,1021541.85479,1030,258.019,537771.19819,0
1773526620000,2084.22,2084.68,2084.09,2084.09,392.537,1773526679999,818201.34030,843,91.276,190249.71254,0
1773526680000,2084.10,2085.21,2084.09,2084.81,593.811,1773526739999,1237900.71033,1075,306.191,638335.26782,0
1773526740000,2084.80,2084.80,2083.90,2084.36,318.113,1773526799999,663016.99271,865,172.784,360105.43901,0
1773526800000,2084.36,2084.91,2084.36,2084.71,329.215,1773526859999,686349.62491,649,182.217,379883.97795,0
1773526860000,2084.72,2085.20,2084.60,2084.60,369.345,1773526919999,770037.01404,894,172.222,359063.71988,0
1773526920000,2084.60,2084.93,2084.23,2084.93,261.746,1773526979999,545636.14990,693,150.173,313049.36891,0
1773526980000,2084.93,2085.43,2084.92,2085.20,423.811,1773527039999,883760.01662,673,243.388,507509.97929,0
1773527040000,2085.20,2085.68,2084.73,2085.68,567.459,1773527099999,1183267.67055,1049,282.881,589862.71480,0
1773527100000,2085.68,2087.21,2085.49,2085.49,1905.290,1773527159999,3975090.95714,2025,1526.110,3184021.64632,0
1773527160000,2085.49,2085.56,2085.26,2085.36,497.031,1773527219999,1036540.50541,640,80.772,168440.26161,0
1773527220000,2085.36,2085.36,2084.73,2084.73,256.192,1773527279999,534181.10813,506,43.299,90274.38802,0
1773527280000,2084.74,2086.00,2084.73,2085.68,621.021,1773527339999,1294992.21765,900,535.781,1117224.83495,0
1773527340000,2085.68,2085.69,2085.21,2085.22,163.353,1773527399999,340686.50453,393,73.075,152404.82922,0
1773527400000,2085.21,2085.85,2085.21,2085.85,269.355,1773527459999,561738.08986,459,225.502,470276.71983,0
1773527460000,2085.84,2086.39,2085.84,2085.90,660.176,1773527519999,1377203.42049,878,346.641,723095.64395,0
1773527520000,2085.90,2085.90,2085.64,2085.77,249.261,1773527579999,519913.06836,443,41.491,86545.18983,0
1773527580000,2085.77,2086.03,2085.61,2086.03,285.325,1773527639999,595122.06228,570,149.978,312808.92783,0
1773527640000,2086.02,2086.18,2085.57,2085.58,444.949,1773527699999,928181.57161,588,70.378,146809.33127,0
1773527700000,2085.58,2085.88,2085.57,2085.87,316.626,1773527759999,660391.65362,353,219.055,456889.16853,0
1773527760000,2085.88,2086.20,2085.87,2086.19,248.918,1773527819999,519252.02185,524,141.300,294749.50317,0
1773527820000,2086.20,2086.70,2085.96,2086.39,500.815,1773527879999,1044807.53064,1091,313.372,653765.22942,0
1773527880000,2086.40,2086.40,2086.00,2086.01,280.777,1773527939999,585770.89502,350,116.272,242567.89472,0
1773527940000,2086.00,2086.01,2085.90,2085.90,162.919,1773527999999,339838.76452,230,34.166,71267.30196,0
1773528000000,2085.91,2085.91,2085.29,2085.30,157.321,1773528059999,328110.47601,579,32.207,67166.09655,0
1773528060000,2085.29,2085.30,2084.73,2084.89,523.778,1773528119999,1092014.83439,883,102.903,214531.76691,0
1773528120000,2084.89,2085.07,2084.85,2084.85,233.948,1773528179999,487780.96421,408,75.033,156440.87705,0
1773528180000,2084.86,2084.86,2084.45,2084.84,249.601,1773528239999,520332.95304,638,109.765,228818.33072,0
1773528240000,2084.85,2085.05,2084.83,2085.03,782.138,1773528299999,1630705.45495,885,464.882,969244.46659,0
1773528300000,2085.04,2085.04,2084.41,2084.41,408.476,1773528359999,851637.54381,689,231.294,482237.99151,0
1773528360000,2084.41,2084.68,2084.27,2084.63,648.960,1773528419999,1352718.12738,855,417.347,869946.73887,0
1773528420000,2084.64,2084.64,2084.50,2084.51,274.278,1773528479999,571761.37608,269,44.069,91864.91253,0
1773528480000,2084.50,2084.51,2083.34,2083.34,504.328,1773528539999,1051047.56992,1101,115.719,241176.35050,0
1773528540000,2083.33,2083.33,2082.65,2082.73,814.338,1773528599999,1696249.23677,1444,349.909,728846.61335,0
1773528600000,2082.73,2083.15,2082.71,2083.14,945.682,1773528659999,1969726.17093,860,707.588,1473815.99306,0
1773528660000,2083.15,2083.15,2082.46,2082.99,784.236,1773528719999,1633417.94565,1021,341.610,711489.11040,0
1773528720000,2083.00,2083.00,2082.60,2082.60,209.458,1773528779999,436273.79996,409,26.996,56227.04147,0
1773528780000,2082.61,2082.68,2082.00,2082.66,1658.242,1773528839999,3452833.65284,1473,699.528,1456590.11982,0
1773528840000,2082.66,2082.70,2082.65,2082.69,184.201,1773528899999,383633.39103,207,43.390,90367.95360,0
1773528900000,2082.69,2082.70,2080.39,2082.56,2683.229,1773528959999,5585046.79133,3136,1076.919,2241688.37818,0
1773528960000,2082.56,2083.00,2082.24,2082.25,1911.818,1773529019999,3981814.13983,1757,627.676,1307289.51500,0
1773529020000,2082.24,2082.25,2082.17,2082.17,159.156,1773529079999,331396.57485,709,83.675,174230.08825,0
1773529080000,2082.18,2082.59,2082.03,2082.59,656.936,1773529139999,1367879.42048,545,521.697,1086269.08019,0
1773529140000,2082.58,2083.64,2082.37,2083.48,2260.067,1773529199999,4707911.92089,2774,1906.551,3971562.91088,0
1773529200000,2083.49,2084.00,2082.90,2083.44,1183.691,1773529259999,2466302.40709,1597,507.998,1058478.48763,0
1773529260000,2083.44,2085.48,2083.43,2085.09,596.228,1773529319999,1242838.89838,1694,488.032,1017257.34963,0
1773529320000,2085.08,2093.26,2085.08,2091.13,17128.166,1773529379999,35803388.04568,13569,12872.433,26906754.77195,0
1773529380000,2091.13,2092.07,2090.11,2091.10,4518.299,1773529439999,9448310.11893,5501,2328.420,4868788.66351,0
1773529440000,2091.11,2092.17,2090.72,2091.75,1646.428,1773529499999,3443355.36916,3673,954.083,1995317.35348,0
1773529500000,2091.74,2092.68,2091.53,2092.68,3174.213,1773529559999,6640513.15194,3202,2013.691,4212654.36733,0
1773529560000,2092.68,2098.00,2092.68,2096.43,21857.739,1773529619999,45800130.16772,17164,15708.032,32916101.52079,0
1773529620000,2096.43,2097.07,2094.95,2096.14,6415.948,1773529679999,13447598.52338,6725,3037.360,6366418.86287,0
1773529680000,2096.13,2097.58,2094.94,2096.24,10237.084,1773529739999,21457871.28422,6247,5037.413,10557926.34421,0
1773529740000,2096.23,2098.58,2094.99,2095.96,8500.090,1773529799999,17821857.88033,7075,3746.572,7854622.24018,0
1773529800000,2095.96,2096.75,2095.02,2095.31,2166.158,1773529859999,4539701.16363,3467,919.427,1927029.08743,0
1773529860000,2095.32,2095.32,2091.89,2092.73,7648.421,1773529919999,16009286.28355,4187,3729.504,7804565.66044,0
1773529920000,2092.73,2093.43,2089.48,2091.34,9877.850,1773529979999,20656334.98200,5784,3971.150,8303040.87153,0
1773529980000,2091.34,2091.41,2090.03,2090.97,2154.744,1773530039999,4504908.28260,3088,893.314,1867618.31078,0
1773530040000,2090.98,2093.00,2090.97,2092.69,2937.513,1773530099999,6146004.97109,3023,1550.388,3243704.97876,0
1773530100000,2092.69,2093.31,2091.34,2091.35,1609.708,1773530159999,3367830.12560,2631,378.757,792578.05735,0
1773530160000,2091.35,2091.81,2086.46,2088.60,17157.493,1773530219999,35832500.93324,9747,10069.471,21027058.83685,0
1773530220000,2088.61,2089.77,2088.61,2089.64,1213.110,1773530279999,2534400.80641,1975,590.463,1233569.24149,0
1773530280000,2089.65,2090.64,2089.65,2089.70,927.280,1773530339999,1938132.54540,1439,449.492,939498.57646,0
1773530340000,2089.71,2089.71,2089.15,2089.51,480.442,1773530399999,1003881.84176,746,110.073,229992.67966,0
1773530400000,2089.51,2092.33,2089.51,2091.81,998.367,1773530459999,2087944.22809,2372,624.592,1306246.14261,0
1773530460000,2091.81,2091.81,2091.01,2091.37,628.513,1773530519999,1314528.95520,1080,365.307,764044.03725,0
1773530520000,2091.38,2091.84,2091.37,2091.51,553.751,1773530579999,1158235.99171,695,323.765,677171.88082,0
1773530580000,2091.52,2092.00,2091.20,2092.00,989.379,1773530639999,2069282.23570,982,516.924,1081139.01760,0
1773530640000,2092.00,2092.15,2091.56,2091.56,734.474,1773530699999,1536526.50340,825,384.241,803842.06149,0
1773530700000,2091.57,2091.57,2090.79,2090.79,483.940,1773530759999,1011946.40215,711,69.646,145646.35341,0
1773530760000,2090.79,2091.94,2090.51,2091.89,780.239,1773530819999,1631606.03620,1568,409.934,857283.14417,0
1773530820000,2091.88,2094.32,2091.88,2094.16,2146.954,1773530879999,4494367.50687,3648,1602.867,3355303.44966,0
1773530880000,2094.17,2094.88,2093.74,2094.62,1626.719,1773530939999,3407005.04087,2126,809.381,1695226.64413,0
1773530940000,2094.62,2094.73,2094.09,2094.33,2283.306,1773530999999,4782146.65573,1490,450.273,943024.10437,0
1773531000000,2094.33,2095.28,2093.70,2093.70,1320.727,1773531059999,2766551.86792,2415,596.907,1250462.87607,0
1773531060000,2093.70,2093.82,2093.30,2093.32,1188.267,1773531119999,2487668.55953,2254,303.975,636364.39902,0
1773531120000,2093.31,2094.48,2092.90,2094.48,979.004,1773531179999,2049745.69583,1780,697.319,1460033.47465,0
1773531180000,2094.48,2095.54,2094.47,2095.42,1207.542,1773531239999,2530067.41942,1832,853.073,1787377.17793,0
1773531240000,2095.43,2096.01,2095.00,2095.49,1328.557,1773531299999,2784306.89054,1938,909.311,1905720.26798,0
1773531300000,2095.49,2095.96,2095.26,2095.69,1051.528,1773531359999,2203624.02641,1307,463.344,971009.54827,0
1773531360000,2095.70,2096.00,2095.03,2095.20,662.151,1773531419999,1387643.65719,1153,232.176,486570.17269,0
1773531420000,2095.19,2096.46,2095.16,2095.54,1547.590,1773531479999,3243213.76837,2384,726.146,1521811.71005,0
1773531480000,2095.54,2095.96,2095.27,2095.45,1399.194,1773531539999,2932196.63514,1914,624.044,1307775.36137,0
1773531540000,2095.45,2097.30,2095.45,2097.00,1557.866,1773531599999,3266283.77258,2620,1066.834,2236715.12741,0
1773531600000,2097.00,2097.96,2095.88,2095.88,1592.145,1773531659999,3338822.29380,2297,990.308,2076966.21049,0
1773531660000,2095.89,2096.17,2095.88,2095.91,414.010,1773531719999,867786.66974,644,188.763,395648.07553,0
1773531720000,2095.91,2096.90,2095.91,2096.62,577.224,1773531779999,1210020.29583,1159,297.127,622846.12805,0
1773531780000,2096.61,2097.60,2095.38,2095.58,2051.961,1773531839999,4302313.97739,2687,1197.258,2510625.42433,0
1773531840000,2095.58,2096.30,2095.40,2095.53,589.367,1773531899999,1235214.71712,1172,315.048,660321.49063,0
1773531900000,2095.54,2097.54,2095.54,2096.58,1587.362,1773531959999,3328328.31164,2184,1059.339,2221141.98078,0
1773531960000,2096.59,2096.93,2095.64,2095.64,1213.096,1773532019999,2543238.12608,2069,610.093,1279050.89591,0
1773532020000,2095.64,2095.70,2094.22,2094.22,2081.116,1773532079999,4360142.37302,3310,568.508,1191174.98430,0
1773532080000,2094.22,2095.80,2093.76,2095.38,1991.469,1773532139999,4171410.27320,2782,1143.071,2394423.74145,0
1773532140000,2095.39,2095.39,2094.55,2095.09,1356.433,1773532199999,2841557.37856,1737,668.580,1400584.16309,0
1773532200000,2095.08,2095.09,2094.41,2094.59,567.878,1773532259999,1189532.26539,883,169.560,355172.57846,0
1773532260000,2094.59,2095.41,2094.21,2095.04,1789.554,1773532319999,3748698.68391,1995,1419.030,2972526.46910,0
1773532320000,2095.03,2095.03,2094.52,2094.78,906.731,1773532379999,1899479.58148,844,178.040,372969.11183,0
1773532380000,2094.77,2095.43,2094.45,2095.42,680.345,1773532439999,1425281.97127,1045,310.280,650030.68782,0
1773532440000,2095.42,2096.14,2095.27,2096.13,731.810,1773532499999,1533532.07257,886,529.101,1108765.90655,0
1773532500000,2096.14,2097.11,2096.14,2096.96,1427.525,1773532559999,2993129.23383,1989,754.260,1581458.13965,0
1773532560000,2096.97,2097.27,2095.50,2095.50,2543.339,1773532619999,5332001.62607,2256,794.394,1665340.00519,0
1773532620000,2095.51,2096.43,2095.50,2096.10,946.648,1773532679999,1984278.08200,1194,661.796,1387180.83773,0
1773532680000,2096.10,2096.10,2095.08,2095.08,937.541,1773532739999,1964609.70440,1224,234.894,492196.83455,0
1773532740000,2095.08,2095.28,2094.33,2095.27,909.013,1773532799999,1904164.76230,1426,446.901,936144.90866,0
