open_time,open,high,low,close,volume,close_time,quote_volume,count,taker_buy_volume,taker_buy_quote_volume,ignore
1770336000000,1824.94,1831.97,1824.81,1829.05,10972.721,1770336059999,20054613.63897,25941,5403.179,9875344.39995,0
1770336060000,1829.04,1830.02,1818.61,1821.22,12593.562,1770336119999,22983453.83044,27430,5750.027,10499503.03814,0
1770336120000,1821.25,1822.22,1810.00,1810.74,25161.683,1770336179999,45642596.73069,42085,9188.576,16669634.24410,0
1770336180000,1810.73,1819.70,1800.03,1817.51,53494.668,1770336239999,96691857.61937,62097,25103.339,45396656.81427,0
1770336240000,1817.50,1819.52,1809.03,1811.18,14416.723,1770336299999,26142620.24380,36316,6536.519,11854332.26922,0
1770336300000,1811.18,1815.96,1791.18,1797.49,52677.097,1770336359999,94872619.37508,57798,16244.852,29287229.81129,0
1770336360000,1797.50,1813.96,1796.06,1813.22,32729.613,1770336419999,58934483.69638,46280,17262.620,31092409.78361,0
1770336420000,1813.22,1820.66,1809.18,1818.99,36612.856,1770336479999,66452806.43602,50528,19827.341,35999182.23463,0
1770336480000,1819.00,1821.98,1814.26,1817.09,26335.187,1770336539999,47890293.84631,45498,13304.591,24194051.62452,0
1770336540000,1817.10,1817.90,1799.71,1812.60,30233.529,1770336599999,54714101.92692,49217,13827.509,25025243.70908,0
1770336600000,1812.60,1817.58,1800.13,1803.81,28047.176,1770336659999,50708477.12555,46549,12964.279,23448831.79701,0
1770336660000,1803.91,1808.33,1796.76,1797.24,28133.480,1770336719999,50692611.12934,49903,13034.966,23491309.47227,0
1770336720000,1797.24,1806.73,1790.00,1796.51,36624.450,1770336779999,65862550.33529,55582,16136.256,29030808.19923,0
1770336780000,1796.50,1801.35,1777.08,1787.65,67133.978,1770336839999,119856687.03564,69138,24494.595,43748785.55619,0
1770336840000,1787.80,1787.80,1751.00,1765.49,93651.889,1770336899999,165430337.87725,75762,33304.181,58823170.13921,0
1770336900000,1765.45,1780.60,1754.10,1774.11,47945.280,1770336959999,84725423.11428,63154,24823.341,43890409.20103,0
1770336960000,1774.10,1782.41,1761.03,1777.47,39777.561,1770337019999,70495663.74014,59034,21012.388,37246210.18428,0
1770337020000,1777.46,1795.46,1776.77,1785.28,39534.321,1770337079999,70576910.81334,61754,19916.951,35564148.35830,0
1770337080000,1785.28,1791.15,1768.33,1777.60,37764.918,1770337139999,67183299.92450,56393,17599.705,31319876.29368,0
1770337140000,1777.58,1782.85,1736.02,1746.19,82779.618,1770337199999,145311605.49629,73413,29689.610,52198988.61552,0
1770337200000,1746.11,1759.86,1740.95,1749.32,62314.354,1770337259999,109005451.13265,65188,28889.590,50552703.17846,0
1770337260000,1749.39,1785.48,1749.21,1771.82,61649.067,1770337319999,109356180.56636,60735,26729.868,47372472.25313,0
1770337320000,1771.82,1775.13,1762.09,1773.90,32463.378,1770337379999,57419208.02953,53540,16450.202,29098913.60143,0
1770337380000,1773.91,1780.00,1764.55,1767.55,29222.615,1770337439999,51765302.70163,48988,13123.340,23249925.55256,0
1770337440000,1767.54,1774.76,1763.37,1774.76,28172.474,1770337499999,49846224.81559,48820,14840.529,26261171.22222,0
1770337500000,1774.76,1780.00,1767.50,1777.45,34246.258,1770337559999,60774264.76499,52392,19399.353,34433924.87589,0
1770337560000,1777.46,1789.89,1777.07,1780.98,27456.977,1770337619999,48973790.29877,49323,13298.678,23720177.89353,0
1770337620000,1780.99,1797.28,1779.46,1791.11,27237.993,1770337679999,48743079.67026,53315,15566.985,27860375.94683,0
1770337680000,1791.09,1796.43,1782.01,1785.57,21706.918,1770337739999,38811812.52045,44114,10916.721,19522399.83622,0
1770337740000,1785.54,1789.33,1781.55,1784.42,14954.262,1770337799999,26700690.62282,38253,8189.438,14623519.28754,0
1770337800000,1784.42,1794.70,1782.03,1793.20,22678.899,1770337859999,40569571.36621,45638,12693.995,22712448.11310,0
1770337860000,1793.23,1810.00,1793.23,1804.09,42209.917,1770337919999,76132864.45934,54838,28247.786,50952447.27114,0
1770337920000,1804.09,1804.09,1793.87,1797.18,22149.807,1770337979999,39844676.78659,45789,12136.656,21833519.07804,0
1770337980000,1797.14,1812.19,1795.81,1811.49,24838.864,1770338039999,44883440.27934,45509,13401.154,24215945.26074,0
1770338040000,1811.49,1833.52,1810.90,1828.17,41511.978,1770338099999,75676264.16718,59520,24770.544,45159628.14991,0
1770338100000,1828.04,1839.45,1827.29,1828.67,34851.273,1770338159999,63896022.68009,56085,15794.364,28958488.08516,0
1770338160000,1828.68,1834.82,1827.50,1829.66,19959.009,1770338219999,36552006.67199,43079,9862.853,18063261.90789,0
1770338220000,1829.67,1840.93,1828.98,1840.54,20162.762,1770338279999,37028271.22458,45772,10349.859,19007995.52293,0
1770338280000,1840.41,1862.99,1839.18,1862.82,42593.255,1770338339999,78827928.27816,56807,24181.608,44766859.36915,0
1770338340000,1862.83,1872.75,1860.00,1861.57,44857.441,1770338399999,83675391.46060,60593,22105.962,41241925.02593,0
1770338400000,1861.56,1864.27,1844.84,1850.87,40040.796,1770338459999,74203793.43903,60556,15063.086,27920445.55221,0
1770338460000,1850.88,1851.30,1841.64,1844.37,29989.700,1770338519999,55359851.32415,43637,8767.636,16180482.79478,0
1770338520000,1844.37,1854.72,1840.00,1852.89,22137.072,1770338579999,40910625.66100,40594,11916.529,22021252.63990,0
1770338580000,1852.89,1855.55,1847.20,1855.22,34682.278,1770338639999,64236098.77247,38119,17141.624,31748472.67939,0
1770338640000,1855.22,1862.40,1851.89,1861.32,28652.034,1770338699999,53168150.41157,40396,18704.980,34713439.26436,0
1770338700000,1861.33,1889.98,1859.59,1876.51,63159.773,1770338759999,118614892.71293,70682,44383.986,83365794.08205,0
1770338760000,1876.51,1879.16,1865.11,1865.19,19752.112,1770338819999,36966659.34229,40139,9412.235,17621816.55213,0
1770338820000,1865.18,1865.18,1854.99,1858.00,16952.458,1770338879999,31532799.84238,40246,7357.496,13683569.47461,0
1770338880000,1858.01,1858.58,1850.89,1851.24,13050.302,1770338939999,24205257.49128,34662,6127.535,11366822.81544,0
1770338940000,1851.37,1862.48,1848.61,1861.64,20235.228,1770338999999,37548204.47572,37397,12223.176,22693753.66793,0
1770339000000,1861.77,1879.45,1861.52,1878.16,38604.469,1770339059999,72238354.98170,48532,27212.948,50920344.04857,0
1770339060000,1878.16,1881.61,1871.87,1875.26,24444.229,1770339119999,45856650.87198,45943,12746.579,23913831.48496,0
1770339120000,1875.26,1880.68,1872.31,1873.39,19094.804,1770339179999,35832863.10111,37165,7139.480,13402181.17529,0
1770339180000,1873.40,1892.61,1870.00,1887.54,24724.240,1770339239999,46575396.06381,48468,16510.260,31115823.39299,0
1770339240000,1887.53,1888.05,1875.12,1884.60,16532.460,1770339299999,31104741.30908,38500,8696.186,16368797.12512,0
1770339300000,1884.59,1886.94,1868.79,1871.74,29502.437,1770339359999,55357971.28662,41618,13460.239,25267240.04978,0
1770339360000,1871.73,1872.51,1865.67,1867.97,12823.959,1770339419999,23971240.61639,30513,4246.382,7937447.75441,0
1770339420000,1867.97,1870.78,1864.53,1869.34,9235.384,1770339479999,17247402.51780,25382,5320.438,9936719.24787,0
1770339480000,1869.32,1874.48,1866.02,1873.39,6698.755,1770339539999,12525320.23386,23032,4159.964,7779394.45820,0
1770339540000,1873.39,1876.20,1868.79,1869.28,7408.416,1770339599999,13870052.68216,25885,3487.028,6528954.93373,0
1770339600000,1869.29,1880.38,1868.85,1876.53,9471.333,1770339659999,17759709.08092,33662,5560.853,10429489.20096,0
1770339660000,1876.52,1882.46,1874.74,1878.03,10935.027,1770339719999,20543725.78088,33856,5908.668,11101938.11664,0
1770339720000,1878.10,1882.45,1870.84,1871.48,13149.020,1770339779999,24686029.23773,33624,5301.459,9956596.97264,0
1770339780000,1871.48,1885.77,1868.50,1882.81,26349.920,1770339839999,49509457.59018,35578,20495.086,38515533.13786,0
1770339840000,1882.81,1897.00,1881.96,1894.60,61934.720,1770339899999,117069957.63609,49230,27281.309,51572807.12289,0
1770339900000,1894.64,1901.53,1885.51,1887.07,26251.658,1770339959999,49718586.12684,37962,12953.201,24562650.72515,0
1770339960000,1887.07,1890.69,1881.87,1887.94,12968.679,1770340019999,24447560.06013,35574,7437.127,14019786.34389,0
1770340020000,1887.93,1898.80,1886.04,1898.54,8474.633,1770340079999,16030875.17507,29444,4806.912,9095935.04588,0
1770340080000,1898.54,1907.00,1897.50,1899.74,28090.972,1770340139999,53452456.80353,44124,17626.636,33543196.89113,0
1770340140000,1899.73,1908.95,1899.12,1904.10,22313.500,1770340199999,42503381.52991,41579,13762.643,26219231.88611,0
1770340200000,1904.10,1908.00,1899.14,1901.01,22496.025,1770340259999,42829605.18309,38021,10042.280,19121118.76567,0
1770340260000,1901.01,1911.77,1895.57,1909.12,22592.022,1770340319999,43025509.03198,42795,13114.989,24991845.35844,0
1770340320000,1909.10,1913.39,1893.12,1894.83,18331.930,1770340379999,34910165.05585,40150,9368.413,17851540.87310,0
1770340380000,1894.83,1896.68,1890.68,1892.13,11359.314,1770340439999,21514370.87265,31984,5217.173,9883074.18419,0
1770340440000,1892.12,1896.60,1888.00,1893.55,19416.671,1770340499999,36737213.30120,33369,9907.644,18746456.85304,0
1770340500000,1893.55,1902.71,1888.83,1900.67,15695.310,1770340559999,29735034.14331,37101,8134.881,15422194.11163,0
1770340560000,1900.66,1902.03,1888.62,1893.83,13824.231,1770340619999,26182235.06392,33668,6042.337,11444658.27867,0
1770340620000,1893.84,1904.92,1891.21,1900.04,17807.276,1770340679999,33794791.04927,32623,10324.679,19594651.08679,0
1770340680000,1900.03,1901.84,1893.59,1895.06,10731.273,1770340739999,20374711.12620,27052,4872.042,9249741.64476,0
1770340740000,1895.05,1895.05,1885.24,1890.66,27501.310,1770340799999,51960692.34478,33873,11183.432,21125434.61288,0
1770340800000,1890.74,1896.45,1887.23,1895.67,12070.153,1770340859999,22834328.20117,27616,7167.323,13560838.78332,0
1770340860000,1895.66,1895.81,1887.38,1887.89,6917.935,1770340919999,13086491.47355,25170,3092.722,5851346.93947,0
1770340920000,1887.89,1893.28,1886.77,1889.27,7919.745,1770340979999,14966602.42019,25529,4747.538,8972018.72311,0
1770340980000,1889.27,1896.01,1887.12,1891.47,7091.910,1770341039999,13415654.22337,23847,3868.130,7317263.00609,0
1770341040000,1891.48,1899.00,1889.72,1896.89,8787.883,1770341099999,16659820.00035,26573,4999.811,9480105.13110,0
1770341100000,1896.89,1902.81,1894.95,1896.19,9030.284,1770341159999,17144170.91825,29537,4598.348,8731277.49978,0
1770341160000,1896.18,1898.51,1892.80,1897.96,5863.569,1770341219999,11111034.22849,25077,3096.412,5867853.92519,0
1770341220000,1897.96,1901.60,1893.39,1897.97,11847.779,1770341279999,22482354.21196,30101,5844.351,11088551.61819,0
1770341280000,1897.97,1901.11,1891.25,1895.68,15775.354,1770341339999,29918752.60323,27211,7672.535,14550281.58674,0
1770341340000,1895.68,1896.42,1890.19,1895.95,9436.883,1770341399999,17865290.47361,18322,6523.597,12350644.91999,0
1770341400000,1895.95,1898.23,1890.00,1894.44,8039.516,1770341459999,15233797.03558,27997,4204.402,7967167.67508,0
1770341460000,1894.44,1898.10,1891.43,1895.15,7469.081,1770341519999,14159347.55506,24544,3789.049,7183208.87462,0
1770341520000,1895.15,1897.99,1892.15,1893.82,6815.298,1770341579999,12917281.83720,26431,3619.369,6860160.49661,0
1770341580000,1893.83,1901.60,1892.05,1901.60,9944.310,1770341639999,18863977.45040,27796,6389.125,12120730.91540,0
1770341640000,1901.60,1909.35,1899.55,1908.03,14272.669,1770341699999,27206249.64531,33085,8865.889,16899780.44843,0
1770341700000,1908.02,1913.00,1902.95,1911.78,12771.519,1770341759999,24366796.90868,32110,6513.694,12429704.94155,0
1770341760000,1911.76,1922.66,1911.46,1914.97,34534.553,1770341819999,66224900.43209,46121,21612.437,41455727.73419,0
1770341820000,1915.08,1915.69,1904.27,1905.70,10232.104,1770341879999,19535069.65991,28212,4547.422,8682121.21378,0
1770341880000,1905.70,1910.29,1904.69,1906.91,10009.011,1770341939999,19085014.78686,25928,5234.288,9980799.40361,0
1770341940000,1906.92,1910.17,1904.44,1909.17,7621.053,1770341999999,14534386.77418,22679,3861.859,7365529.40955,0
1770342000000,1909.18,1911.20,1904.63,1906.42,7879.803,1770342059999,15031566.73055,25408,3135.362,5981787.31955,0
1770342060000,1906.41,1908.94,1905.49,1907.21,3579.847,1770342119999,6827560.18408,21066,1821.871,3474618.85008,0
1770342120000,1907.21,1910.63,1905.01,1908.17,6557.283,1770342179999,12511552.47829,23489,3747.150,7149521.40476,0
1770342180000,1908.17,1929.93,1906.60,1921.76,49618.277,1770342239999,95250189.23331,50240,31402.259,60278635.60488,0
1770342240000,1921.92,1925.60,1917.20,1920.39,20273.075,1770342299999,38933018.25772,32845,12822.298,24626418.38505,0
1770342300000,1920.40,1921.00,1913.73,1918.37,8904.474,1770342359999,17074295.43546,29753,4571.387,8766420.14341,0
1770342360000,1918.29,1931.57,1915.08,1929.59,19793.530,1770342419999,38124541.87588,38851,11508.208,22170294.61394,0
1770342420000,1929.59,1937.00,1926.72,1936.89,23209.294,1770342479999,44832573.77611,40280,14261.419,27551895.44730,0
1770342480000,1936.89,1938.68,1930.04,1931.21,17062.660,1770342539999,33005787.20302,39485,8944.027,17302349.38772,0
1770342540000,1931.20,1939.69,1927.00,1938.69,17941.769,1770342599999,34688532.46712,34467,11899.545,23013451.63168,0
1770342600000,1938.70,1938.83,1930.83,1931.24,13566.805,1770342659999,26226433.09009,28594,7217.986,13953644.35435,0
1770342660000,1931.24,1935.78,1928.00,1933.95,14565.588,1770342719999,28114050.11452,30654,7598.249,14667757.89148,0
1770342720000,1933.95,1935.29,1926.05,1926.91,12822.635,1770342779999,24760840.89145,29431,5149.967,9943473.62593,0
1770342780000,1926.92,1927.06,1922.05,1925.11,8181.382,1770342839999,15746979.74229,27811,3692.295,7106856.97499,0
1770342840000,1925.11,1928.35,1924.31,1925.42,7705.381,1770342899999,14840746.29322,24340,4143.657,7980745.04043,0
1770342900000,1925.42,1932.05,1925.42,1929.81,7794.245,1770342959999,15035465.87052,23311,4604.972,8883532.82437,0
1770342960000,1929.80,1936.76,1927.57,1930.34,17122.051,1770343019999,33090357.29953,30442,10535.478,20363745.25909,0
1770343020000,1930.36,1930.94,1924.43,1926.48,9937.550,1770343079999,19151630.39726,26878,5589.156,10769338.11245,0
1770343080000,1926.48,1927.75,1925.04,1926.43,4746.404,1770343139999,9142734.67491,19095,1790.557,3449187.33428,0
1770343140000,1926.43,1930.94,1923.55,1930.79,11128.791,1770343199999,21446300.97524,20372,6768.274,13043252.64376,0
1770343200000,1930.80,1935.65,1926.56,1932.02,8483.413,1770343259999,16387488.08316,28001,4404.098,8508073.26292,0
1770343260000,1932.01,1943.00,1930.79,1941.52,20371.939,1770343319999,39482414.39953,36304,12857.141,24922691.30519,0
1770343320000,1941.54,1947.50,1938.00,1938.08,33434.454,1770343379999,64927878.94811,38548,13030.452,25322239.90564,0
1770343380000,1938.08,1938.08,1928.00,1929.66,13936.107,1770343439999,26917584.09167,33908,5966.928,11526407.33668,0
1770343440000,1929.65,1936.90,1929.32,1936.69,9448.038,1770343499999,18256836.78247,26317,4983.150,9627607.83501,0
1770343500000,1936.70,1939.42,1933.88,1938.44,7303.859,1770343559999,14144573.99627,28171,3964.691,7678769.83471,0
1770343560000,1938.43,1938.43,1929.11,1929.53,9126.030,1770343619999,17621910.51926,23473,3047.075,5884092.83703,0
1770343620000,1929.51,1931.58,1926.03,1928.23,8491.031,1770343679999,16372038.98955,23340,3012.958,5810925.36119,0
1770343680000,1928.23,1931.20,1926.00,1930.15,6730.992,1770343739999,12979059.81327,23064,3208.137,6186431.58184,0
1770343740000,1930.15,1932.13,1926.81,1927.02,10627.566,1770343799999,20496622.55714,23501,3331.142,6425457.07881,0
1770343800000,1927.02,1927.21,1923.66,1923.66,19727.076,1770343859999,37970032.53735,25637,5130.098,9874635.63470,0
1770343860000,1923.66,1923.66,1917.10,1919.04,29136.647,1770343919999,55937673.11165,35134,13257.465,25449760.73630,0
1770343920000,1919.03,1919.03,1909.54,1911.01,17237.264,1770343979999,32978354.32736,36015,7011.196,13415268.51276,0
1770343980000,1911.01,1913.63,1908.37,1908.71,11531.877,1770344039999,22036644.76178,26745,6084.920,11628161.85080,0
1770344040000,1908.71,1913.24,1907.27,1910.83,9354.476,1770344099999,17867838.77044,27185,5251.515,10031597.22078,0
1770344100000,1910.84,1911.97,1903.52,1906.00,11665.100,1770344159999,22251474.90065,29592,5247.763,10009213.59876,0
1770344160000,1906.00,1915.86,1905.24,1915.39,12294.332,1770344219999,23490080.13649,28003,7102.971,13571501.23316,0
1770344220000,1915.40,1918.36,1914.04,1917.16,8152.515,1770344279999,15620773.16048,25400,5126.266,9822837.74109,0
1770344280000,1917.17,1919.98,1914.95,1918.59,5487.375,1770344339999,10524260.51903,21074,3107.767,5960268.26746,0
1770344340000,1918.58,1919.96,1908.11,1909.06,6892.358,1770344399999,13194891.56299,20126,2858.828,5475349.74844,0
1770344400000,1909.06,1909.58,1901.47,1902.05,12937.406,1770344459999,24646422.96251,26581,5339.390,10172364.69661,0
1770344460000,1902.05,1904.25,1898.62,1900.14,27046.418,1770344519999,51408204.81249,30772,15648.055,29743228.98133,0
1770344520000,1900.14,1901.11,1896.69,1897.86,15296.139,1770344579999,29056647.34541,22883,8848.887,16813404.93415,0
1770344580000,1897.86,1899.50,1889.84,1895.38,20538.862,1770344639999,38892055.42671,29541,7707.213,14594202.91328,0
1770344640000,1895.38,1898.90,1892.35,1896.96,12455.877,1770344699999,23619305.09683,23638,7449.047,14125996.17768,0
1770344700000,1896.97,1900.69,1894.98,1899.62,7066.126,1770344759999,13411325.51813,18680,3120.594,5923221.17166,0
1770344760000,1899.62,1901.11,1898.00,1900.72,5901.599,1770344819999,11213375.82135,15183,3118.079,5924501.10816,0
1770344820000,1900.71,1900.71,1898.00,1899.10,4747.302,1770344879999,9016001.38085,14146,2374.354,4509514.95810,0
1770344880000,1899.09,1904.86,1899.07,1902.89,17054.941,1770344939999,32439574.60891,16301,14375.333,27340344.23527,0
1770344940000,1902.90,1906.68,1902.32,1905.61,11287.278,1770344999999,21492937.19317,15525,7626.602,14524675.16243,0
1770345000000,1905.60,1909.31,1904.48,1907.99,18346.020,1770345059999,34985201.12383,25226,11923.559,22740398.03660,0
1770345060000,1908.00,1911.83,1903.38,1906.62,8856.485,1770345119999,16899827.52419,26219,4854.213,9263243.41531,0
1770345120000,1906.62,1908.60,1903.00,1906.31,5934.438,1770345179999,11306668.25658,17438,2194.340,4182027.52445,0
1770345180000,1906.30,1925.74,1906.30,1922.53,25017.407,1770345239999,47949566.51562,34185,16322.809,31284337.40817,0
1770345240000,1922.52,1923.95,1916.33,1917.18,13512.866,1770345299999,25938894.56634,26432,5163.461,9908817.81479,0
1770345300000,1917.17,1919.45,1914.30,1914.90,9875.582,1770345359999,18923124.71369,22809,4775.998,9150442.22026,0
1770345360000,1915.13,1919.77,1913.41,1919.43,9763.268,1770345419999,18709435.92867,18563,6677.084,12795399.50049,0
1770345420000,1919.43,1920.20,1912.58,1913.75,6024.362,1770345479999,11540519.55987,17192,2588.985,4960731.11386,0
1770345480000,1913.75,1915.99,1909.63,1915.98,7428.591,1770345539999,14202516.53678,18946,3787.767,7241535.56890,0
1770345540000,1915.98,1919.87,1914.87,1919.07,6014.938,1770345599999,11533103.52100,17826,2605.010,4994781.75560,0
1770345600000,1919.07,1919.86,1915.38,1916.63,6645.594,1770345659999,12743789.75636,16932,3892.805,7466164.88496,0
1770345660000,1916.62,1919.50,1915.03,1917.31,5608.012,1770345719999,10749960.70013,16061,2654.401,5088689.55010,0
1770345720000,1917.30,1919.13,1916.41,1918.99,3310.208,1770345779999,6346955.11693,12637,2094.645,4015957.20571,0
1770345780000,1918.98,1921.66,1917.10,1921.32,8393.714,1770345839999,16115770.12382,18015,4526.956,8692465.38475,0
1770345840000,1921.31,1928.21,1916.80,1917.98,18164.841,1770345899999,34933307.84035,23945,11975.510,23038857.27852,0
1770345900000,1917.97,1921.24,1913.73,1914.31,6727.817,1770345959999,12898677.40462,17303,2464.731,4725464.18188,0
1770345960000,1914.30,1914.76,1908.74,1908.74,7453.410,1770346019999,14249771.81763,14441,1852.972,3543036.95503,0
1770346020000,1908.75,1910.36,1906.26,1908.04,5908.406,1770346079999,11274960.78981,17775,2182.666,4165008.22427,0
1770346080000,1908.04,1909.61,1904.69,1909.52,5582.022,1770346139999,10644189.51133,18410,3086.684,5885963.61158,0
1770346140000,1909.53,1916.49,1908.33,1916.49,6210.060,1770346199999,11875823.86572,17636,4232.016,8092878.61646,0
1770346200000,1916.48,1919.65,1916.23,1918.89,6852.988,1770346259999,13143961.17755,17229,3395.335,6512306.26251,0
1770346260000,1918.89,1919.65,1911.70,1912.59,5421.931,1770346319999,10386033.42136,17981,1200.907,2300288.78421,0
1770346320000,1912.60,1913.01,1903.99,1904.83,13067.244,1770346379999,24939396.32880,21531,3059.981,5841119.67886,0
1770346380000,1904.84,1907.25,1903.31,1905.35,4735.543,1770346439999,9022028.31610,12194,2776.733,5290220.17026,0
1770346440000,1905.34,1905.58,1902.00,1904.14,4682.117,1770346499999,8913654.13906,13466,1981.558,3772567.17408,0
1770346500000,1904.14,1905.92,1902.69,1903.56,3366.115,1770346559999,6410891.94012,12066,1424.322,2712535.56199,0
1770346560000,1903.56,1903.91,1898.54,1900.03,6531.393,1770346619999,12412822.23770,16507,2477.298,4708005.36660,0
1770346620000,1900.02,1906.00,1900.02,1905.54,5679.595,1770346679999,10805336.21924,13982,3591.909,6834589.59214,0
1770346680000,1905.53,1905.53,1901.56,1902.77,5218.166,1770346739999,9933882.55117,12329,2392.140,4553720.89375,0
1770346740000,1902.78,1907.83,1902.59,1906.70,6442.012,1770346799999,12272859.62588,13348,4760.865,9070613.37076,0
1770346800000,1906.69,1907.91,1902.52,1905.15,4685.935,1770346859999,8929406.62099,16710,2556.389,4872335.34997,0
1770346860000,1905.14,1908.45,1902.73,1907.81,3600.796,1770346919999,6861548.94440,18648,1915.659,3650431.13998,0
1770346920000,1907.81,1911.30,1903.72,1905.19,4500.453,1770346979999,8588908.71230,17658,2485.530,4744275.17840,0
1770346980000,1905.19,1913.22,1905.18,1912.04,3993.220,1770347039999,7627028.88594,16325,2340.976,4471475.26019,0
1770347040000,1912.05,1916.80,1908.23,1908.41,12917.348,1770347099999,24717887.90803,21085,6756.422,12927212.00713,0
1770347100000,1908.40,1912.60,1907.50,1910.80,2550.760,1770347159999,4871143.51336,14017,1431.060,2732980.96403,0
1770347160000,1910.80,1912.96,1903.13,1903.78,4858.869,1770347219999,9261045.06348,16853,1776.974,3387171.50861,0
1770347220000,1903.79,1904.81,1902.00,1902.41,4107.896,1770347279999,7817892.47341,14518,2202.114,4191053.26264,0
1770347280000,1902.42,1908.30,1900.00,1907.76,5967.197,1770347339999,11363183.35544,21059,2827.407,5385869.17540,0
1770347340000,1907.75,1910.45,1902.63,1904.25,4035.819,1770347399999,7693033.63491,18372,1936.086,3690464.34997,0
1770347400000,1904.26,1904.56,1897.51,1897.99,7784.728,1770347459999,14792832.70406,18952,2378.315,4519503.36384,0
1770347460000,1897.98,1899.47,1894.60,1898.66,10726.246,1770347519999,20347542.41325,24404,4820.544,9145757.15804,0
1770347520000,1898.66,1899.48,1893.70,1894.01,5706.378,1770347579999,10817351.62090,18332,2235.857,4238582.26215,0
1770347580000,1894.00,1898.78,1894.00,1894.48,3595.266,1770347639999,6817385.80067,13890,1696.982,3217814.30685,0
1770347640000,1894.47,1896.84,1894.00,1894.51,3362.866,1770347699999,6372268.64673,13626,1650.418,3127311.49338,0
1770347700000,1894.49,1898.92,1894.49,1897.21,4209.005,1770347759999,7983094.44900,18092,2302.151,4366011.07940,0
1770347760000,1897.20,1898.88,1895.50,1898.77,3981.015,1770347819999,7551580.49488,16933,2296.575,4356269.56405,0
1770347820000,1898.76,1904.91,1893.24,1898.35,7883.996,1770347879999,14971204.38074,20508,4985.836,9471562.52977,0
1770347880000,1898.34,1901.99,1897.38,1899.49,3619.184,1770347939999,6874280.93111,16059,1714.017,3255894.71271,0
1770347940000,1899.50,1900.11,1895.44,1899.52,3336.334,1770347999999,6332473.55659,15322,1752.733,3326637.12300,0
1770348000000,1899.53,1902.59,1897.66,1902.17,3348.210,1770348059999,6363422.31067,16543,2015.743,3831238.94036,0
1770348060000,1902.17,1906.72,1901.53,1902.79,5233.250,1770348119999,9967518.01023,18502,2742.033,5222844.61114,0
1770348120000,1902.80,1905.43,1898.38,1899.11,4300.595,1770348179999,8176685.08031,16050,1440.196,2738399.16385,0
1770348180000,1899.11,1899.11,1892.45,1892.51,5013.400,1770348239999,9498423.34982,15742,2004.958,3798193.69859,0
1770348240000,1892.51,1893.07,1888.26,1891.37,13517.133,1770348299999,25554238.07549,23416,5067.518,9581588.55836,0
1770348300000,1891.37,1893.13,1887.00,1891.98,15538.410,1770348359999,29371912.37881,20751,4517.506,8539058.45391,0
1770348360000,1891.98,1893.37,1888.21,1890.62,5873.618,1770348419999,11101446.70244,13100,2631.034,4972007.32548,0
1770348420000,1890.62,1895.00,1889.12,1894.41,4223.566,1770348479999,7987675.83775,12639,3033.738,5737699.56238,0
1770348480000,1894.41,1897.85,1894.24,1896.58,4441.859,1770348539999,8421765.78672,13428,2510.583,4760589.97377,0
1770348540000,1896.59,1899.71,1895.42,1895.55,2929.605,1770348599999,5559049.72661,11951,1364.099,2588631.64261,0
1770348600000,1895.56,1905.97,1895.03,1904.21,5932.557,1770348659999,11276026.59760,20076,3541.465,6731163.27839,0
1770348660000,1904.21,1908.00,1902.14,1906.71,7838.740,1770348719999,14934788.39201,20651,3531.231,6727785.98490,0
1770348720000,1906.71,1908.32,1903.84,1905.49,3943.135,1770348779999,7514462.39463,16129,1677.173,3196384.28560,0
1770348780000,1905.50,1905.50,1901.01,1902.31,3929.576,1770348839999,7477639.80590,14110,1432.854,2726793.53906,0
1770348840000,1902.32,1903.42,1898.90,1900.27,4003.700,1770348899999,7611717.95650,13440,1269.050,2413010.93910,0
1770348900000,1900.27,1905.80,1899.90,1905.14,2607.201,1770348959999,4960840.69893,13069,1657.193,3152974.44414,0
1770348960000,1905.14,1905.79,1902.49,1903.20,3295.593,1770349019999,6274181.52504,10735,1126.889,2145237.05557,0
1770349020000,1903.19,1905.00,1898.39,1898.86,5022.887,1770349079999,9549686.01744,16569,1685.642,3206053.81156,0
1770349080000,1898.85,1899.17,1893.89,1894.87,6893.661,1770349139999,13073905.30921,12591,1706.922,3236890.14290,0
1770349140000,1894.88,1896.00,1893.20,1895.11,3687.477,1770349199999,6986953.59416,11882,1912.566,3624023.69662,0
1770349200000,1895.12,1895.50,1891.20,1893.21,3907.419,1770349259999,7397192.75241,11362,1733.317,3281690.37737,0
1770349260000,1893.21,1895.17,1890.00,1892.08,3779.523,1770349319999,7152702.14302,12207,1797.395,3401408.23553,0
1770349320000,1892.08,1893.43,1891.12,1891.12,1752.164,1770349379999,3315632.43486,8488,850.203,1608828.92574,0
1770349380000,1891.11,1892.00,1888.67,1888.89,3763.560,1770349439999,7114088.50979,10490,1966.909,3717966.14771,0
1770349440000,1888.89,1889.77,1886.66,1889.76,6050.229,1770349499999,11423638.27998,10809,2937.277,5546808.18923,0
1770349500000,1889.77,1891.00,1888.00,1889.02,4493.991,1770349559999,8492504.58252,12098,2994.561,5659470.68397,0
1770349560000,1889.03,1890.24,1883.72,1884.37,8272.921,1770349619999,15608854.93778,16441,2189.028,4131471.51151,0
1770349620000,1884.37,1884.83,1881.89,1882.34,9249.847,1770349679999,17419113.06794,18429,3604.435,6788488.04476,0
1770349680000,1882.34,1884.98,1880.80,1884.70,8651.568,1770349739999,16289608.67689,21469,4605.876,8672928.73833,0
1770349740000,1884.69,1890.44,1883.54,1887.12,6215.800,1770349799999,11728860.20894,21400,3179.422,5998738.37215,0
1770349800000,1887.13,1891.01,1884.38,1884.38,9196.807,1770349859999,17365818.89568,18257,4641.364,8766059.73701,0
1770349860000,1884.39,1888.11,1882.00,1882.63,4860.019,1770349919999,9162756.63393,16344,1954.653,3685242.53842,0
1770349920000,1882.64,1885.11,1878.60,1881.99,16229.642,1770349979999,30544242.29452,22355,4756.673,8951722.55972,0
1770349980000,1881.99,1887.89,1881.60,1884.42,6232.841,1770350039999,11749239.00038,17513,3282.725,6187539.71521,0
1770350040000,1884.42,1887.37,1884.30,1885.39,3693.019,1770350099999,6964376.65738,13110,2304.878,4346619.23177,0
1770350100000,1885.38,1888.93,1885.21,1885.57,3102.069,1770350159999,5853631.74031,12056,1732.028,3268146.44658,0
1770350160000,1885.57,1889.93,1885.44,1887.93,2661.493,1770350219999,5023972.37661,11855,1702.826,3214353.79122,0
1770350220000,1887.93,1894.37,1887.45,1892.69,10678.931,1770350279999,20201715.56382,16201,7974.069,15083577.48605,0
1770350280000,1892.68,1892.68,1888.92,1890.50,3753.384,1770350339999,7094844.89240,11389,1978.543,3739504.53183,0
1770350340000,1890.51,1891.74,1888.91,1891.17,2642.542,1770350399999,4995167.79673,9064,964.075,1822401.59197,0
1770350400000,1891.18,1891.94,1889.12,1890.25,2367.893,1770350459999,4476393.89235,10330,1090.456,2061399.36570,0
1770350460000,1890.25,1892.30,1885.02,1891.71,3432.323,1770350519999,6479982.31318,14394,1804.605,3407198.62120,0
1770350520000,1891.71,1893.39,1889.22,1892.36,4472.210,1770350579999,8460820.62860,14538,2839.942,5372836.68647,0
1770350580000,1892.36,1894.95,1892.04,1894.43,4273.698,1770350639999,8095023.66608,13003,2492.915,4722011.74036,0
1770350640000,1894.43,1895.61,1890.64,1890.97,8287.524,1770350699999,15691887.84856,16465,2672.024,5061260.32443,0
1770350700000,1890.97,1893.34,1890.62,1893.34,3735.978,1770350759999,7068280.03051,13088,1673.305,3165819.75485,0
1770350760000,1893.33,1899.14,1893.00,1896.28,8508.797,1770350819999,16138019.22039,16425,5775.428,10952989.07262,0
1770350820000,1896.28,1896.93,1893.54,1893.98,2347.848,1770350879999,4451059.52467,9190,1086.475,2059768.18686,0
1770350880000,1893.98,1894.90,1888.34,1889.03,3609.705,1770350939999,6823120.13967,11769,1415.353,2674907.10053,0
1770350940000,1889.04,1889.87,1887.83,1889.63,2152.821,1770350999999,4066443.71013,7048,1066.679,2014892.50669,0
1770351000000,1889.63,1892.18,1887.29,1890.69,2991.294,1770351059999,5652968.95778,12036,1526.192,2884303.39312,0
1770351060000,1890.70,1892.63,1889.74,1892.50,1580.370,1770351119999,2989284.70260,8820,866.419,1638751.86189,0
1770351120000,1892.51,1896.39,1892.51,1894.86,2699.850,1770351179999,5115383.47933,10399,1912.511,3623659.99151,0
1770351180000,1894.86,1904.61,1894.58,1901.66,11719.656,1770351239999,22275183.28600,19233,8975.237,17059310.62509,0
1770351240000,1901.65,1902.09,1897.35,1899.89,4523.561,1770351299999,8592640.96488,11993,2514.793,4776806.10731,0
1770351300000,1899.90,1901.83,1898.46,1898.94,3469.467,1770351359999,6592087.08314,12238,1696.397,3223443.44509,0
1770351360000,1898.94,1905.20,1898.94,1904.46,5584.710,1770351419999,10625446.70527,15572,2998.478,5705767.32679,0
1770351420000,1904.47,1905.07,1899.62,1904.37,4968.916,1770351479999,9452893.38588,14711,2228.134,4239275.51738,0
1770351480000,1904.40,1910.00,1902.96,1908.25,14068.937,1770351539999,26831007.67606,22812,10050.374,19166586.78447,0
1770351540000,1908.25,1910.00,1906.65,1906.88,6213.385,1770351599999,11857384.02318,13513,2426.685,4631896.43167,0
1770351600000,1906.86,1907.98,1905.77,1905.84,3858.280,1770351659999,7357106.80147,10180,1759.767,3356007.38824,0
1770351660000,1905.83,1908.08,1902.78,1907.80,2848.669,1770351719999,5426962.85917,10445,1481.910,2823700.78409,0
1770351720000,1907.80,1910.00,1907.80,1909.32,3157.664,1770351779999,6027518.07518,11613,1577.048,3010314.95728,0
1770351780000,1909.32,1911.20,1904.04,1905.28,7157.060,1770351839999,13647604.82859,15587,2847.825,5433578.75589,0
1770351840000,1905.29,1911.92,1905.29,1911.55,3034.537,1770351899999,5792388.66288,11403,1571.950,3000779.34106,0
1770351900000,1911.54,1914.27,1907.54,1908.81,6722.232,1770351959999,12845995.87747,14146,3646.448,6971867.06389,0
1770351960000,1908.80,1915.36,1908.63,1914.80,4664.673,1770352019999,8923376.37853,13926,3111.162,5951713.67788,0
1770352020000,1914.80,1917.47,1914.54,1916.21,6920.483,1770352079999,13260767.12781,16675,4111.854,7879026.71202,0
1770352080000,1916.20,1917.10,1914.10,1914.10,4649.510,1770352139999,8908070.22303,8028,1314.250,2518092.20892,0
1770352140000,1914.11,1915.91,1911.00,1911.01,3204.009,1770352199999,6130136.01020,9726,1123.391,2149619.41405,0
1770352200000,1911.00,1911.51,1909.26,1911.42,6221.758,1770352259999,11887374.85466,10732,3444.238,6580581.46877,0
1770352260000,1911.41,1912.25,1908.54,1909.20,3135.833,1770352319999,5989714.60365,10852,1289.702,2463840.26051,0
1770352320000,1909.20,1911.23,1908.26,1910.53,1969.812,1770352379999,3762022.45251,7515,1028.892,1965066.26168,0
1770352380000,1910.53,1915.25,1910.53,1911.24,4442.167,1770352439999,8495295.07850,14165,2797.208,5349164.06507,0
1770352440000,1911.24,1913.59,1910.45,1913.11,2022.111,1770352499999,3866808.02117,8509,684.009,1307866.23774,0
1770352500000,1913.11,1913.11,1905.00,1905.90,4018.760,1770352559999,7667659.62399,14183,1682.661,3210499.01754,0
1770352560000,1905.89,1907.74,1903.57,1906.22,7705.641,1770352619999,14681595.95721,14330,4027.049,7672291.72062,0
1770352620000,1906.23,1907.06,1902.29,1902.77,4080.704,1770352679999,7769673.06254,12495,1655.224,3151397.31775,0
1770352680000,1902.78,1904.40,1902.09,1903.41,2073.887,1770352739999,3947460.20214,7918,1199.444,2282988.01845,0
1770352740000,1903.41,1904.13,1900.04,1903.08,3859.575,1770352799999,7340195.48025,11517,1501.002,2854913.44431,0
1770352800000,1903.09,1904.20,1900.40,1901.13,2621.961,1770352859999,4986470.57747,10035,1099.108,2090529.58802,0
1770352860000,1901.13,1903.41,1898.59,1900.81,4700.223,1770352919999,8933992.99802,12789,2565.618,4877644.37191,0
1770352920000,1900.81,1902.82,1900.29,1902.82,2683.095,1770352979999,5102030.08731,6850,1871.542,3558910.00245,0
1770352980000,1902.83,1904.86,1902.28,1903.43,2583.407,1770353039999,4917632.68266,7571,1821.971,3468082.51555,0
1770353040000,1903.42,1906.20,1903.29,1905.61,1970.062,1770353099999,3752875.92023,7177,1106.495,2107857.81117,0
1770353100000,1905.61,1910.06,1905.36,1907.65,5062.626,1770353159999,9662690.75422,12773,3114.142,5943867.13179,0
1770353160000,1907.66,1908.78,1906.07,1906.73,2441.005,1770353219999,4655560.78538,8595,883.092,1684303.25969,0
1770353220000,1906.72,1909.61,1906.13,1908.43,1629.017,1770353279999,3108136.16290,7952,838.682,1600232.77539,0
1770353280000,1908.42,1909.62,1905.24,1909.39,3893.762,1770353339999,7427007.01099,11072,1688.329,3220170.05887,0
1770353340000,1909.39,1911.75,1908.38,1910.08,3441.690,1770353399999,6574632.15537,11396,2643.027,5049003.99469,0
1770353400000,1910.08,1910.62,1906.44,1906.44,1663.034,1770353459999,3175352.78899,9905,581.813,1110948.48043,0
1770353460000,1906.45,1911.58,1906.42,1910.37,3590.669,1770353519999,6857708.25596,11187,1827.856,3490843.79824,0
1770353520000,1910.37,1910.38,1905.82,1908.35,1981.491,1770353579999,3780193.95317,11268,1084.248,2068330.85496,0
1770353580000,1908.35,1909.49,1906.43,1907.38,1839.731,1770353639999,3510034.09820,7930,623.356,1189194.91074,0
1770353640000,1907.37,1908.89,1906.56,1907.85,2161.394,1770353699999,4123943.81307,6250,1630.869,3111780.89555,0
1770353700000,1907.85,1909.50,1907.00,1907.20,1527.257,1770353759999,2914148.66545,6647,549.229,1048087.97971,0
1770353760000,1907.21,1907.38,1905.55,1906.96,1525.388,1770353819999,2907976.65554,6339,731.776,1394968.56155,0
1770353820000,1906.97,1909.49,1906.52,1907.66,1762.261,1770353879999,3362442.53129,8882,963.397,1838154.91292,0
1770353880000,1907.67,1908.42,1907.19,1907.43,1024.872,1770353939999,1955272.76702,4825,471.623,899763.44720,0
1770353940000,1907.43,1909.26,1907.10,1907.90,1198.063,1770353999999,2286177.57886,5574,517.693,987839.68280,0
1770354000000,1907.89,1910.00,1906.35,1907.82,3502.085,1770354059999,6681383.84023,9945,1487.790,2839510.06167,0
1770354060000,1907.82,1914.36,1905.70,1912.37,4071.394,1770354119999,7778597.53022,12974,2335.969,4463618.11537,0
1770354120000,1912.37,1915.99,1911.39,1914.76,5091.723,1770354179999,9745941.30723,13403,3503.586,6706995.88885,0
1770354180000,1914.76,1918.00,1913.03,1914.49,5129.669,1770354239999,9826465.50871,13932,3277.688,6279683.09266,0
1770354240000,1914.48,1916.75,1913.79,1915.30,5330.670,1770354299999,10209703.70838,14375,3466.483,6639762.27843,0
1770354300000,1915.30,1918.68,1913.12,1918.07,4135.045,1770354359999,7921860.51092,12680,1857.406,3558951.89692,0
1770354360000,1918.08,1923.90,1917.46,1919.17,14336.139,1770354419999,27535077.31493,23725,9020.988,17327889.64180,0
1770354420000,1919.16,1923.00,1918.79,1920.30,5641.154,1770354479999,10839029.03259,16233,3413.460,6558657.98426,0
1770354480000,1920.30,1920.30,1913.40,1913.41,4721.870,1770354539999,9052242.82963,13840,1862.528,3570816.27227,0
1770354540000,1913.41,1914.06,1911.22,1912.15,6522.988,1770354599999,12475121.31660,13457,3376.094,6456511.52966,0
1770354600000,1912.15,1912.20,1910.20,1911.03,4800.051,1770354659999,9173613.31258,11409,3226.748,6166613.13357,0
1770354660000,1911.02,1917.28,1910.89,1916.43,7064.776,1770354719999,13523497.52247,11399,5824.738,11149521.84687,0
1770354720000,1916.42,1925.00,1915.44,1922.03,11762.131,1770354779999,22598351.40968,22274,7469.110,14349759.66337,0
1770354780000,1922.03,1923.42,1919.63,1920.31,3358.373,1770354839999,6451427.88050,10721,1304.485,2506010.27192,0
1770354840000,1920.32,1924.17,1920.32,1922.32,3168.668,1770354899999,6091564.08091,10735,1712.118,3291589.87913,0
1770354900000,1922.30,1926.26,1918.85,1919.35,7008.241,1770354959999,13471033.80614,16096,3076.608,5915969.23996,0
1770354960000,1919.34,1920.00,1917.05,1919.30,3771.357,1770355019999,7235592.46776,10295,1597.447,3064694.74448,0
1770355020000,1919.28,1919.39,1914.82,1916.14,4111.642,1770355079999,7878816.80653,10674,2622.982,5025903.66124,0
1770355080000,1916.13,1917.38,1913.47,1917.38,4479.325,1770355139999,8578394.06979,11584,1904.957,3648961.51368,0
1770355140000,1917.38,1921.00,1917.38,1919.62,3175.615,1770355199999,6095966.40982,11490,1602.723,3076450.53018,0
1770355200000,1919.61,1921.73,1918.56,1920.66,3154.822,1770355259999,6058087.05504,10007,1904.367,3656711.63604,0
1770355260000,1920.65,1923.79,1920.27,1922.73,3490.922,1770355319999,6710261.01139,12166,2048.202,3936719.57821,0
1770355320000,1922.72,1923.90,1919.05,1920.30,2700.782,1770355379999,5188512.16883,9480,1042.070,2002042.63756,0
1770355380000,1920.31,1920.64,1916.72,1917.43,3436.215,1770355439999,6592937.68942,10649,941.729,1807015.25267,0
1770355440000,1917.42,1918.31,1915.68,1916.48,2032.691,1770355499999,3896550.09253,9682,937.959,1797974.30030,0
1770355500000,1916.47,1917.68,1913.50,1913.73,4505.389,1770355559999,8628970.50164,10842,2934.182,5619300.33139,0
1770355560000,1913.73,1913.99,1912.00,1913.43,3737.994,1770355619999,7150710.01454,8585,1451.928,2777488.03785,0
1770355620000,1913.43,1915.55,1912.33,1915.52,4304.072,1770355679999,8237774.67085,9438,2305.580,4412779.64946,0
1770355680000,1915.52,1918.85,1914.49,1917.85,3620.663,1770355739999,6937459.30573,8299,2685.185,5144692.87851,0
1770355740000,1917.85,1919.49,1916.80,1917.16,2109.082,1770355799999,4045540.44489,6128,1080.033,2071714.44987,0
1770355800000,1917.15,1918.32,1915.12,1916.11,2284.606,1770355859999,4379420.06772,9281,956.271,1833044.85761,0
1770355860000,1916.10,1922.33,1916.10,1921.54,3381.907,1770355919999,6492724.69765,11590,1542.799,2962250.52142,0
1770355920000,1921.54,1924.81,1920.39,1923.57,3513.844,1770355979999,6755919.58018,12809,1583.622,3045176.26953,0
1770355980000,1923.57,1927.68,1922.77,1926.25,6972.990,1770356039999,13428901.28549,16888,4216.835,8120947.92987,0
1770356040000,1926.24,1928.62,1924.26,1928.21,5374.228,1770356099999,10354833.57774,14180,3181.338,6130825.18525,0
1770356100000,1928.21,1929.10,1926.31,1928.89,5549.846,1770356159999,10698552.28142,13476,2996.711,5777313.47324,0
1770356160000,1928.90,1931.93,1925.84,1927.78,10724.057,1770356219999,20696558.53081,18971,7161.279,13821986.62494,0
1770356220000,1927.78,1930.18,1925.00,1929.68,4371.681,1770356279999,8428221.73975,14248,2217.346,4276392.04866,0
1770356280000,1929.68,1932.66,1929.20,1931.76,4995.369,1770356339999,9646436.47812,14582,2881.152,5563949.24567,0
1770356340000,1931.76,1934.10,1930.03,1933.26,9505.394,1770356399999,18371803.67117,16265,3811.688,7367073.37505,0
1770356400000,1933.27,1933.64,1930.09,1930.67,3718.403,1770356459999,7181270.75451,11464,1339.264,2586628.73354,0
1770356460000,1930.67,1939.99,1930.46,1936.96,12358.939,1770356519999,23931447.78246,21496,8626.235,16704123.52242,0
1770356520000,1936.94,1939.50,1933.86,1937.73,9704.619,1770356579999,18798673.58617,16848,4626.771,8961900.02775,0
1770356580000,1937.72,1938.62,1934.31,1934.91,5092.971,1770356639999,9863413.22356,11128,2601.026,5037931.00434,0
1770356640000,1934.92,1940.00,1933.86,1937.65,7322.672,1770356699999,14186079.42078,11227,5180.560,10037839.82268,0
1770356700000,1937.64,1938.07,1934.76,1935.62,4420.781,1770356759999,8560961.95323,12443,1483.655,2873174.98384,0
1770356760000,1935.61,1937.56,1932.66,1932.94,5267.893,1770356819999,10194833.35901,12886,2196.756,4251052.27808,0
1770356820000,1932.93,1935.37,1932.93,1935.36,1878.226,1770356879999,3633121.67269,5932,1033.905,1999773.57392,0
1770356880000,1935.36,1940.91,1933.07,1939.21,6646.230,1770356939999,12874954.71778,12541,3842.109,7446395.69291,0
1770356940000,1939.21,1940.00,1934.66,1939.81,7698.478,1770356999999,14912384.06334,14899,3173.990,6149076.50924,0
1770357000000,1939.81,1948.00,1938.90,1947.90,18218.760,1770357059999,35414056.11238,25672,12797.336,24876150.46592,0
1770357060000,1947.89,1962.46,1944.36,1959.77,42588.123,1770357119999,83136657.01734,45234,28486.409,55614366.17719,0
1770357120000,1959.77,1962.52,1953.00,1957.05,22532.608,1770357179999,44106446.14009,34765,11856.646,23212387.56355,0
1770357180000,1957.07,1965.97,1956.39,1963.61,21377.113,1770357239999,41958142.78905,34681,12486.434,24507514.28766,0
1770357240000,1963.60,1974.83,1963.35,1973.96,29959.522,1770357299999,59027535.38110,42057,18613.821,36672585.50117,0
1770357300000,1973.96,1974.15,1958.00,1958.86,26504.889,1770357359999,52038387.30317,30084,10727.599,21046205.52054,0
1770357360000,1958.85,1965.00,1956.80,1962.25,14525.511,1770357419999,28482501.75579,26866,8894.939,17442787.31935,0
1770357420000,1962.25,1964.78,1959.61,1959.68,8133.861,1770357479999,15963428.30818,18725,4267.717,8377098.91694,0
1770357480000,1959.69,1960.49,1955.89,1958.90,12308.125,1770357539999,24103954.46235,16667,4715.313,9234212.45076,0
1770357540000,1958.90,1958.90,1955.54,1957.62,5398.159,1770357599999,10567172.14448,12023,2916.520,5709330.80669,0
1770357600000,1957.62,1962.97,1955.46,1960.15,8202.071,1770357659999,16069271.31953,18501,4256.758,8342688.85942,0
1770357660000,1960.15,1964.76,1959.38,1964.76,5911.397,1770357719999,11595568.80460,14280,4024.081,7894204.67062,0
1770357720000,1964.76,1966.08,1960.69,1965.36,8835.632,1770357779999,17352587.54760,16845,4742.133,9312851.11117,0
1770357780000,1965.35,1965.71,1960.47,1963.82,5470.154,1770357839999,10742869.26653,15677,2163.786,4249167.75171,0
1770357840000,1963.82,1965.37,1961.30,1962.35,8485.554,1770357899999,16659170.86998,16027,3069.901,6027876.31523,0
1770357900000,1962.35,1963.59,1959.27,1959.55,9339.157,1770357959999,18319866.54756,16172,2924.839,5738290.13060,0
1770357960000,1959.54,1962.37,1958.02,1958.33,6849.043,1770358019999,13423935.42440,15949,2372.900,4651749.37032,0
1770358020000,1958.33,1964.95,1958.33,1962.50,6667.561,1770358079999,13085474.96802,16339,3168.423,6218013.86077,0
1770358080000,1962.49,1963.13,1956.40,1956.84,7535.505,1770358139999,14767130.55095,14088,2535.267,4969047.04403,0
1770358140000,1956.83,1961.30,1954.68,1959.10,9766.531,1770358199999,19114637.23429,17349,3933.340,7700293.77411,0
1770358200000,1959.10,1959.11,1954.23,1954.65,10108.906,1770358259999,19771708.42552,16817,3572.192,6986919.52236,0
1770358260000,1954.65,1954.99,1945.47,1947.79,25371.758,1770358319999,49451027.05045,28907,11035.386,21502920.70030,0
1770358320000,1947.79,1948.78,1945.43,1946.76,7280.771,1770358379999,14177388.34589,13863,3680.460,7167287.44463,0
1770358380000,1946.76,1948.99,1946.01,1948.43,5193.013,1770358439999,10113267.44926,12609,3004.675,5851466.83516,0
1770358440000,1948.43,1948.99,1946.02,1946.36,4893.630,1770358499999,9529136.21544,9453,1903.499,3707195.88702,0
1770358500000,1946.38,1948.31,1945.10,1945.79,4077.888,1770358559999,7939046.43348,11381,1935.871,3769356.13235,0
1770358560000,1945.79,1947.80,1942.00,1943.75,15003.367,1770358619999,29166444.70471,18970,4211.607,8188256.83712,0
1770358620000,1943.74,1944.69,1937.00,1937.95,11878.601,1770358679999,23051893.48973,19379,3868.568,7508778.00044,0
1770358680000,1937.95,1943.27,1937.95,1943.03,5332.375,1770358739999,10353458.32043,14078,3288.178,6384168.27327,0
1770358740000,1943.03,1945.00,1937.56,1938.39,5041.587,1770358799999,9787927.44977,15599,2558.062,4967399.70166,0
1770358800000,1938.39,1942.91,1936.09,1941.28,6499.464,1770358859999,12601118.24940,17438,3394.768,6582517.51279,0
1770358860000,1941.27,1942.69,1938.81,1942.69,5184.749,1770358919999,10059539.66013,11535,3145.121,6102092.59389,0
1770358920000,1942.70,1946.90,1942.39,1945.59,5919.028,1770358979999,11513082.41178,15129,4344.731,8450872.18977,0
1770358980000,1945.60,1945.92,1942.51,1944.50,2183.240,1770359039999,4244994.67798,8467,1064.504,2069768.57252,0
1770359040000,1944.50,1944.55,1939.44,1942.68,2474.685,1770359099999,4805065.42329,9577,1120.651,2175969.10191,0
1770359100000,1942.68,1942.68,1935.17,1938.85,4455.352,1770359159999,8634611.17793,12299,2032.039,3938207.68016,0
1770359160000,1938.84,1939.83,1931.70,1932.73,6807.292,1770359219999,13177921.78526,15161,1930.752,3740384.24121,0
1770359220000,1932.73,1939.07,1932.51,1938.55,7548.988,1770359279999,14611997.60345,13469,5283.340,10225496.11404,0
1770359280000,1938.55,1939.98,1937.40,1938.45,1939.194,1770359339999,3759630.32421,7999,1136.880,2204138.53805,0
1770359340000,1938.45,1941.84,1937.87,1939.53,5027.064,1770359399999,9752630.00198,11140,3325.630,6452006.10215,0
1770359400000,1939.53,1939.92,1934.76,1936.04,3658.863,1770359459999,7086875.17336,12654,1599.643,3098336.65622,0
1770359460000,1936.07,1940.09,1935.62,1936.19,3425.805,1770359519999,6640137.68554,13081,1411.792,2736003.14571,0
1770359520000,1936.18,1937.77,1933.25,1935.44,4209.780,1770359579999,8145411.87983,13548,1779.176,3442446.94927,0
1770359580000,1935.44,1935.64,1933.20,1934.46,3127.459,1770359639999,6048799.67598,10687,1402.226,2712016.68796,0
1770359640000,1934.47,1934.51,1930.15,1930.71,5389.368,1770359699999,10412820.83611,10925,1828.799,3533217.51026,0
1770359700000,1930.72,1934.31,1926.40,1928.82,9829.616,1770359759999,18967688.66569,20693,4067.333,7851093.25861,0
1770359760000,1928.81,1931.89,1926.26,1928.12,4538.238,1770359819999,8754095.64178,15394,2171.110,4188746.52111,0
1770359820000,1928.13,1928.99,1926.02,1927.28,3805.168,1770359879999,7334392.87320,12732,2196.024,4232894.23618,0
1770359880000,1927.27,1928.07,1923.64,1926.87,6541.273,1770359939999,12597312.73848,16895,2820.154,5431343.35769,0
1770359940000,1926.88,1928.49,1925.39,1928.10,4483.255,1770359999999,8639472.50052,13083,1961.006,3779134.16830,0
1770360000000,1928.10,1930.62,1927.27,1927.81,4503.242,1770360059999,8685690.23556,12897,2493.864,4810434.10036,0
1770360060000,1927.81,1931.55,1926.54,1930.19,5231.507,1770360119999,10095241.47212,13658,3186.406,6148932.19043,0
1770360120000,1930.19,1932.84,1927.01,1928.15,8271.917,1770360179999,15967140.49552,13613,4885.074,9428329.22746,0
1770360180000,1928.16,1929.20,1925.52,1926.60,5574.634,1770360239999,10744649.47046,10537,1686.273,3251063.35995,0
1770360240000,1926.59,1927.51,1915.13,1918.14,26911.811,1770360299999,51666660.53509,28285,6095.086,11698767.54950,0
1770360300000,1918.13,1924.65,1918.13,1918.65,11912.819,1770360359999,22878070.67930,20864,6572.458,12621095.25290,0
1770360360000,1918.66,1919.18,1911.79,1912.61,11932.497,1770360419999,22847185.92958,21920,4407.960,8441053.82113,0
1770360420000,1912.60,1924.11,1911.87,1917.32,15104.102,1770360479999,28974114.21822,32241,8102.953,15544043.27443,0
1770360480000,1917.38,1918.01,1911.39,1915.66,17418.848,1770360539999,33353938.67858,27352,5618.460,10759699.51263,0
1770360540000,1915.67,1918.58,1914.34,1914.87,6114.871,1770360599999,11717583.07600,19153,2909.089,5575736.58166,0
1770360600000,1914.87,1918.00,1914.04,1917.52,6405.405,1770360659999,12277862.42696,16414,3450.252,6613319.84294,0
1770360660000,1917.52,1921.77,1916.37,1919.48,8962.645,1770360719999,17204629.47197,18351,5032.939,9661051.71855,0
1770360720000,1919.48,1920.52,1912.00,1915.23,10675.170,1770360779999,20450863.94681,17384,3585.169,6868716.91608,0
1770360780000,1915.22,1917.71,1914.61,1915.71,5248.464,1770360839999,10056145.08921,10369,1959.963,3755186.97977,0
1770360840000,1915.72,1920.00,1915.04,1918.19,9729.219,1770360899999,18655553.81898,15684,5370.880,10300300.34255,0
1770360900000,1918.18,1918.38,1912.23,1914.77,6037.084,1770360959999,11557589.58156,14595,2565.484,4912505.08308,0
1770360960000,1914.78,1916.57,1911.21,1913.29,4802.858,1770361019999,9190281.99369,11485,1847.217,3535720.28871,0
1770361020000,1913.30,1917.46,1913.05,1914.07,4942.066,1770361079999,9464946.08199,9540,1449.798,2776805.08892,0
1770361080000,1914.07,1916.29,1914.06,1914.85,2424.944,1770361139999,4644587.65832,5746,1500.231,2873257.00708,0
1770361140000,1914.85,1914.85,1905.50,1907.55,14609.657,1770361199999,27884695.10203,18285,4064.163,7753815.14872,0
1770361200000,1907.54,1908.67,1903.18,1907.14,11324.295,1770361259999,21579394.47915,20906,4558.932,8689217.76174,0
1770361260000,1907.15,1907.66,1897.01,1898.41,19139.696,1770361319999,36387798.20883,29081,6210.653,11807332.75937,0
1770361320000,1898.41,1903.00,1898.05,1901.71,18575.816,1770361379999,35302637.80966,19781,13014.682,24733269.08055,0
1770361380000,1901.71,1902.68,1893.59,1895.48,12926.341,1770361439999,24527878.30434,21912,4221.340,8011309.90803,0
1770361440000,1895.48,1902.99,1895.48,1899.76,10838.827,1770361499999,20592339.45528,19058,4153.438,7890763.97547,0
1770361500000,1899.75,1903.14,1898.01,1902.10,14088.047,1770361559999,26770593.27517,17173,9668.915,18374002.14216,0
1770361560000,1902.10,1905.81,1901.01,1905.69,6768.518,1770361619999,12887423.29355,15964,4459.521,8491371.37969,0
1770361620000,1905.69,1905.69,1894.09,1895.58,13124.759,1770361679999,24929869.51228,20624,4643.775,8821183.54177,0
1770361680000,1895.60,1895.97,1888.02,1888.51,20524.708,1770361739999,38796513.33986,24916,6332.534,11967724.19012,0
1770361740000,1888.50,1889.46,1888.01,1888.56,6930.781,1770361799999,13090304.82307,11222,3546.978,6699499.15704,0
1770361800000,1888.55,1889.57,1886.01,1887.74,10192.350,1770361859999,19240051.84196,18084,3825.306,7222284.38333,0
1770361860000,1887.74,1889.58,1887.31,1887.94,3869.702,1770361919999,7309132.29854,9210,1904.901,3598114.46599,0
1770361920000,1887.95,1892.00,1887.07,1891.52,7764.510,1770361979999,14672911.72574,12124,5745.199,10858059.76751,0
1770361980000,1891.51,1894.03,1891.03,1893.27,5523.499,1770362039999,10452284.15570,11428,3000.001,5676964.79737,0
1770362040000,1893.26,1897.82,1892.00,1897.70,7632.959,1770362099999,14463586.23097,12614,5997.988,11366486.06683,0
1770362100000,1897.70,1898.39,1891.47,1891.56,7178.530,1770362159999,13604004.85768,15271,3249.965,6160665.70573,0
1770362160000,1891.55,1892.78,1888.31,1890.53,5151.054,1770362219999,9739266.60798,11305,1766.936,3340307.22689,0
1770362220000,1890.52,1895.37,1888.69,1895.36,13586.152,1770362279999,25713335.92437,13047,11162.228,21126235.14481,0
1770362280000,1895.36,1897.94,1893.49,1896.00,7426.523,1770362339999,14080137.13860,13314,4247.307,8052240.47166,0
1770362340000,1896.00,1897.44,1894.29,1896.98,5507.690,1770362399999,10440984.60459,9339,3041.801,5766716.08312,0
1770362400000,1896.99,1903.27,1896.62,1901.96,18479.741,1770362459999,35115965.48548,25121,12297.585,23367683.93691,0
1770362460000,1901.96,1907.80,1901.95,1907.53,11962.797,1770362519999,22796103.31722,22871,6256.850,11922714.86737,0
1770362520000,1907.52,1907.52,1897.56,1901.69,14323.241,1770362579999,27228716.12587,19514,8542.596,16235317.02757,0
1770362580000,1901.69,1905.54,1899.51,1899.78,4723.101,1770362639999,8989104.20031,13896,2176.349,4141995.41298,0
1770362640000,1899.78,1901.47,1896.25,1900.67,6156.995,1770362699999,11689709.47245,14937,2417.559,4590440.75568,0
1770362700000,1900.68,1902.37,1898.07,1899.40,3323.921,1770362759999,6314626.78046,12632,1592.604,3025644.15999,0
1770362760000,1899.40,1901.54,1896.20,1896.22,4397.099,1770362819999,8352851.53429,10241,2207.106,4193823.19224,0
1770362820000,1896.20,1897.42,1892.51,1895.80,6389.734,1770362879999,12106910.18063,14209,2653.834,5029997.25836,0
1770362880000,1895.81,1902.38,1894.59,1901.53,4135.543,1770362939999,7848539.94195,12620,2682.678,5091991.69499,0
1770362940000,1901.52,1902.40,1899.78,1902.06,2450.436,1770362999999,4658452.54757,10154,1239.276,2356110.10673,0
1770363000000,1902.06,1903.83,1899.23,1903.04,4118.240,1770363059999,7829997.06813,11788,1984.702,3774447.14638,0
1770363060000,1903.04,1906.29,1902.85,1904.40,3965.904,1770363119999,7554566.94619,10535,2167.289,4128456.22504,0
1770363120000,1904.40,1906.48,1903.92,1905.66,6302.124,1770363179999,12008798.83739,10743,3617.744,6893639.10576,0
1770363180000,1905.67,1906.52,1904.54,1905.45,4930.360,1770363239999,9394767.81762,9334,2173.502,4141896.52164,0
1770363240000,1905.43,1910.87,1905.00,1910.57,10965.477,1770363299999,20923597.20873,12916,8269.687,15781944.58022,0
1770363300000,1910.58,1911.80,1907.13,1910.95,8257.029,1770363359999,15767908.66190,15595,5088.584,9717506.80722,0
1770363360000,1910.95,1914.31,1910.06,1911.62,7100.116,1770363419999,13575763.35299,14072,5072.141,9698622.77653,0
1770363420000,1911.61,1912.03,1907.60,1909.02,5094.238,1770363479999,9725994.26621,11039,2187.130,4175795.28217,0
1770363480000,1909.03,1910.41,1907.66,1908.35,3397.692,1770363539999,6485212.41015,10287,1329.448,2537490.65650,0
1770363540000,1908.36,1910.00,1906.84,1910.00,3056.296,1770363599999,5832022.11010,9129,1481.672,2827283.76170,0
1770363600000,1910.00,1910.00,1904.01,1906.55,6114.784,1770363659999,11653056.95748,12988,1942.326,3701292.46412,0
1770363660000,1906.55,1914.43,1906.19,1913.28,7070.286,1770363719999,13512902.16212,12748,5335.289,10196848.75527,0
1770363720000,1913.27,1913.97,1908.01,1908.59,5720.544,1770363779999,10933638.06311,13336,2801.239,5354165.99151,0
1770363780000,1908.59,1910.72,1906.06,1906.54,6645.848,1770363839999,12683066.37760,12386,2279.902,4351914.89072,0
1770363840000,1906.54,1907.54,1904.22,1904.55,3859.295,1770363899999,7355249.42410,8619,2011.341,3833587.58481,0
1770363900000,1904.54,1906.27,1903.40,1905.72,6465.357,1770363959999,12313915.56030,12191,3078.203,5863468.10048,0
1770363960000,1905.72,1906.46,1901.46,1902.19,6135.013,1770364019999,11679825.31374,10187,1570.421,2990421.63277,0
1770364020000,1902.18,1904.45,1901.16,1901.63,6535.645,1770364079999,12433606.48258,13169,3097.044,5891718.61257,0
1770364080000,1901.63,1904.96,1901.63,1903.89,4354.210,1770364139999,8288574.27105,10672,2236.240,4256692.86243,0
1770364140000,1904.21,1904.23,1894.37,1894.60,8552.537,1770364199999,16241431.67253,14510,2134.812,4054896.61124,0
1770364200000,1894.61,1895.13,1890.31,1894.77,12943.786,1770364259999,24498177.34100,23332,5051.553,9559905.03420,0
1770364260000,1894.77,1898.25,1894.77,1898.17,5764.687,1770364319999,10933747.25745,15431,2910.727,5520379.51987,0
1770364320000,1898.17,1902.70,1896.61,1901.72,4414.398,1770364379999,8383430.66154,12427,2406.422,4570869.81883,0
1770364380000,1901.71,1903.09,1899.55,1900.78,3534.904,1770364439999,6721456.44882,9636,1170.573,2226140.01197,0
1770364440000,1900.79,1901.22,1893.74,1895.31,7599.235,1770364499999,14404306.31866,11031,4121.111,7810495.23727,0
1770364500000,1895.31,1898.17,1895.24,1897.29,5925.742,1770364559999,11238299.92590,8650,4387.254,8320312.91640,0
1770364560000,1897.30,1898.74,1894.56,1898.13,6238.416,1770364619999,11831265.67999,8839,2966.250,5625956.18615,0
1770364620000,1898.14,1899.08,1896.51,1898.49,4616.673,1770364679999,8762192.69919,7740,2404.124,4563199.01805,0
1770364680000,1898.48,1899.00,1896.15,1898.95,5881.443,1770364739999,11162811.65563,8074,3969.743,7534609.38447,0
1770364740000,1898.94,1900.23,1897.45,1898.21,6550.037,1770364799999,12441030.75070,8087,3442.891,6539185.32506,0
1770364800000,1898.21,1899.73,1894.06,1897.14,7797.013,1770364859999,14796603.26775,14763,4134.275,7846397.05868,0
1770364860000,1897.14,1900.27,1893.69,1895.04,8255.728,1770364919999,15666492.75834,14325,3628.173,6884611.33616,0
1770364920000,1895.05,1895.14,1888.43,1890.27,10351.576,1770364979999,19580367.71562,17955,4805.762,9089683.45232,0
1770364980000,1890.27,1893.95,1888.00,1891.32,11675.932,1770365039999,22080753.31852,19504,6349.089,12008314.15638,0
1770365040000,1891.33,1893.62,1886.47,1890.26,12080.932,1770365099999,22827383.31312,20088,5781.470,10923701.13444,0
1770365100000,1890.26,1900.27,1890.26,1898.14,16206.348,1770365159999,30749007.35764,19806,9986.106,18944721.15548,0
1770365160000,1898.14,1902.82,1896.50,1900.31,11678.668,1770365219999,22183887.19758,15895,8875.133,16858468.70058,0
1770365220000,1900.31,1902.67,1898.20,1902.45,5440.496,1770365279999,10337047.94518,11459,2414.259,4587720.22085,0
1770365280000,1902.44,1906.23,1899.14,1899.42,6921.071,1770365339999,13171892.18954,16738,4015.365,7643055.50714,0
1770365340000,1899.42,1905.10,1899.42,1904.03,3033.809,1770365399999,5774031.55569,11358,1414.040,2691019.51626,0
1770365400000,1904.03,1904.22,1900.66,1900.91,3686.535,1770365459999,7011956.26643,11553,2293.194,4361769.41259,0
1770365460000,1900.92,1904.74,1898.64,1904.31,4426.635,1770365519999,8419098.72661,12698,3084.982,5868608.46514,0
1770365520000,1904.30,1904.46,1898.80,1898.80,2771.665,1770365579999,5270319.62323,8276,724.438,1377701.20234,0
1770365580000,1898.79,1902.72,1898.79,1902.51,1729.455,1770365639999,3287898.05181,7298,1019.878,1938642.84684,0
1770365640000,1902.52,1902.93,1899.11,1900.97,2242.337,1770365699999,4262392.69763,8518,953.011,1811329.47529,0
1770365700000,1900.97,1901.62,1896.13,1896.13,10424.287,1770365759999,19798534.94806,14393,6381.557,12122149.54503,0
1770365760000,1896.12,1898.35,1888.00,1888.04,10256.997,1770365819999,19415225.03503,21340,4439.775,8404633.76267,0
1770365820000,1888.05,1890.00,1881.13,1884.91,16458.675,1770365879999,31021535.49954,23089,6376.593,12022703.70237,0
1770365880000,1884.91,1887.00,1882.26,1884.95,13202.744,1770365939999,24877864.57452,24010,6002.310,11309629.85339,0
1770365940000,1884.95,1885.63,1873.06,1881.79,27972.695,1770365999999,52569965.91812,27575,9746.846,18322084.52427,0
1770366000000,1881.79,1892.89,1881.42,1891.21,13980.139,1770366059999,26359451.35464,23824,9531.109,17969695.29010,0
1770366060000,1891.21,1894.77,1890.01,1891.73,7938.806,1770366119999,15023831.92663,18193,3284.368,6215152.21969,0
1770366120000,1891.74,1891.92,1888.27,1889.04,6555.876,1770366179999,12391927.37592,11925,1646.400,3111462.81195,0
1770366180000,1889.03,1891.27,1884.39,1885.03,6319.261,1770366239999,11930242.79396,13731,3815.781,7205077.75511,0
1770366240000,1885.03,1886.05,1880.03,1882.40,12160.274,1770366299999,22895486.90792,20774,4320.621,8134578.95225,0
1770366300000,1882.41,1891.02,1882.41,1890.53,10308.818,1770366359999,19461204.53936,19616,6979.949,13176639.67511,0
1770366360000,1890.54,1891.16,1888.02,1888.61,2813.329,1770366419999,5315427.51187,9794,877.164,1657249.51687,0
1770366420000,1888.60,1889.23,1880.01,1882.85,14885.605,1770366479999,28043219.87558,18034,4663.684,8783836.95945,0
1770366480000,1882.86,1886.62,1872.39,1873.91,26228.903,1770366539999,49270539.34602,26642,5849.102,10992031.26400,0
1770366540000,1873.91,1877.21,1867.20,1874.13,37415.828,1770366599999,70047773.98089,36977,11289.921,21142670.71781,0
1770366600000,1874.13,1874.84,1867.56,1870.53,20735.720,1770366659999,38778729.80103,29706,12192.752,22801640.85795,0
1770366660000,1870.54,1878.74,1870.53,1878.35,12751.649,1770366719999,23914539.46590,23820,6254.685,11728746.36715,0
1770366720000,1878.36,1879.48,1875.10,1877.41,4651.886,1770366779999,8733233.03024,15514,2242.681,4210421.13076,0
1770366780000,1877.42,1877.60,1868.02,1868.88,6068.846,1770366839999,11357094.94793,19473,2516.237,4708493.55058,0
1770366840000,1868.88,1874.24,1868.88,1871.35,8748.455,1770366899999,16371224.21418,15917,5530.728,10348752.72052,0
1770366900000,1871.36,1876.74,1870.39,1874.96,5827.510,1770366959999,10914997.58813,16174,3607.692,6757337.63968,0
1770366960000,1874.96,1876.80,1872.51,1874.54,3810.681,1770367019999,7144106.27469,13704,1512.693,2836035.30925,0
1770367020000,1874.54,1879.85,1874.17,1879.10,5268.831,1770367079999,9898325.06012,13681,3234.120,6075768.39166,0
1770367080000,1879.11,1882.54,1878.49,1879.59,5126.861,1770367139999,9642480.01922,15354,3037.817,5713707.40603,0
1770367140000,1879.60,1881.39,1878.59,1880.46,3958.451,1770367199999,7441587.19366,12090,1912.132,3594709.35064,0
1770367200000,1880.47,1880.47,1872.21,1872.85,6279.945,1770367259999,11786658.00816,18827,2132.543,4002150.56696,0
1770367260000,1872.84,1874.07,1871.11,1874.00,11483.011,1770367319999,21496596.27395,17445,7934.301,14852902.45592,0
1770367320000,1874.00,1875.00,1871.12,1871.79,4440.862,1770367379999,8314964.32396,12390,2278.155,4265114.00705,0
1770367380000,1871.79,1871.84,1865.70,1868.15,13288.125,1770367439999,24823345.24772,21386,5141.031,9604256.08038,0
1770367440000,1868.15,1872.80,1867.33,1867.73,7896.423,1770367499999,14763984.73309,20632,4254.027,7955083.71430,0
1770367500000,1867.74,1870.52,1865.39,1868.16,14453.177,1770367559999,27005880.85601,22633,7410.251,13846797.42348,0
1770367560000,1868.16,1872.72,1865.24,1869.14,11005.785,1770367619999,20567381.06075,19108,5537.123,10346739.76588,0
1770367620000,1869.14,1873.57,1868.40,1872.83,5120.167,1770367679999,9581113.63629,13859,3001.446,5616556.54380,0
1770367680000,1872.83,1875.65,1872.49,1873.61,4858.095,1770367739999,9104968.35099,13937,2833.757,5310772.18733,0
1770367740000,1873.62,1876.93,1873.45,1875.66,5009.241,1770367799999,9394111.37042,12632,3228.590,6054290.19564,0
1770367800000,1875.65,1878.45,1873.26,1877.55,3260.264,1770367859999,6116673.32608,11764,1846.936,3465294.49995,0
1770367860000,1877.55,1879.83,1875.07,1879.66,2665.216,1770367919999,5003656.91004,8732,1616.697,3035378.44200,0
1770367920000,1879.66,1879.92,1873.27,1875.31,3395.451,1770367979999,6370380.97353,11875,1312.502,2462333.57572,0
1770367980000,1875.32,1881.83,1874.28,1880.49,4056.813,1770368039999,7619646.22695,11958,2802.595,5263506.55322,0
1770368040000,1880.49,1880.49,1874.41,1874.73,3864.574,1770368099999,7256220.19234,13578,1349.942,2535154.13939,0
1770368100000,1874.73,1879.38,1872.64,1873.44,5854.349,1770368159999,10981356.52980,14567,1783.473,3344766.09161,0
1770368160000,1873.41,1873.84,1870.00,1872.27,5137.442,1770368219999,9615084.64089,11958,2270.557,4249495.24352,0
1770368220000,1872.26,1874.55,1871.48,1873.99,3216.144,1770368279999,6024103.38742,9091,1716.066,3214658.46928,0
1770368280000,1873.99,1874.80,1871.61,1872.53,2425.476,1770368339999,4543771.20603,8704,1275.948,2390086.92121,0
1770368340000,1872.54,1875.00,1872.53,1873.78,1519.171,1770368399999,2847099.34930,6262,825.099,1546279.88326,0
1770368400000,1873.78,1876.74,1873.15,1876.01,2068.819,1770368459999,3878633.29357,11217,1298.737,2434968.44653,0
1770368460000,1876.01,1877.80,1873.82,1877.09,3085.323,1770368519999,5787161.51605,13021,1696.950,3183134.62572,0
1770368520000,1877.10,1878.58,1873.86,1874.87,2366.564,1770368579999,4441254.85817,10975,1241.613,2330440.87462,0
1770368580000,1874.86,1874.86,1870.59,1874.58,2921.686,1770368639999,5470266.91063,11193,1364.593,2555217.81066,0
1770368640000,1874.59,1875.17,1871.41,1873.08,1779.273,1770368699999,3332887.18178,8831,840.008,1573566.96091,0
1770368700000,1873.07,1873.94,1870.30,1873.85,3511.232,1770368759999,6572168.61148,12474,1491.837,2792393.36894,0
1770368760000,1873.86,1879.31,1873.86,1876.80,6563.606,1770368819999,12318915.57111,13866,5080.144,9534451.34536,0
1770368820000,1876.80,1877.00,1872.05,1877.00,2736.419,1770368879999,5128948.09248,13477,1252.450,2347490.49346,0
1770368880000,1877.00,1880.08,1872.00,1874.06,9021.916,1770368939999,16933073.04195,18747,4883.795,9170159.33390,0
1770368940000,1874.06,1877.99,1874.06,1877.84,3178.452,1770368999999,5963796.77895,9654,2249.935,4221640.58138,0
1770369000000,1877.84,1878.83,1875.86,1878.35,2942.943,1770369059999,5525636.00118,9865,1623.515,3048098.92299,0
1770369060000,1878.35,1880.62,1877.46,1879.66,6880.649,1770369119999,12931445.77225,14005,3746.330,7041097.87867,0
1770369120000,1879.66,1880.00,1878.48,1879.67,2125.784,1770369179999,3994812.07379,7908,1220.874,2294318.60470,0
1770369180000,1879.67,1880.79,1878.00,1880.76,4184.265,1770369239999,7865685.66602,8387,2869.906,5395295.69519,0
1770369240000,1880.76,1891.70,1880.64,1885.33,29285.121,1770369299999,55226195.81496,27894,21903.144,41299049.61687,0
1770369300000,1885.36,1887.20,1879.19,1886.56,15861.967,1770369359999,29863921.12948,19861,4496.264,8469645.35089,0
1770369360000,1886.57,1891.99,1886.56,1890.17,10847.869,1770369419999,20497867.80052,16872,6835.660,12916256.15141,0
1770369420000,1890.17,1891.59,1888.40,1889.61,4852.302,1770369479999,9171624.10634,11257,1756.330,3319719.00252,0
1770369480000,1889.60,1890.21,1887.46,1888.70,7247.463,1770369539999,13689634.85305,13556,3979.881,7517242.12822,0
1770369540000,1888.70,1894.99,1887.05,1890.77,10316.491,1770369599999,19521720.42438,20861,5900.579,11167092.08818,0
1770369600000,1890.77,1894.76,1889.46,1891.91,12543.406,1770369659999,23729992.48560,21257,6473.148,12247350.75889,0
1770369660000,1891.90,1892.56,1885.01,1887.69,13584.009,1770369719999,25659836.45621,22016,5380.565,10161771.16273,0
1770369720000,1887.68,1890.90,1887.15,1890.25,5577.003,1770369779999,10534686.30528,12640,3065.796,5791221.88314,0
1770369780000,1890.25,1896.00,1890.00,1892.99,10499.771,1770369839999,19880654.89344,17638,5613.887,10631341.71513,0
1770369840000,1893.00,1907.33,1892.33,1902.78,42669.137,1770369899999,81120225.19240,39132,25276.080,48058473.48713,0
1770369900000,1902.78,1903.74,1899.57,1900.14,10126.996,1770369959999,19257209.87190,14453,3767.570,7164926.88152,0
1770369960000,1900.13,1902.80,1899.23,1902.00,11788.536,1770370019999,22404503.66835,16420,8092.973,15380062.46373,0
1770370020000,1902.00,1902.57,1898.45,1900.06,3330.808,1770370079999,6327732.98000,9810,1362.541,2588311.27305,0
1770370080000,1900.07,1902.20,1900.00,1902.19,4150.174,1770370139999,7890560.39780,7567,2802.744,5328746.77687,0
1770370140000,1902.19,1904.36,1900.08,1903.28,10250.031,1770370199999,19504573.12920,12558,4314.453,8209226.66290,0
1770370200000,1903.28,1904.83,1901.95,1904.08,4136.241,1770370259999,7872893.99603,11345,2272.210,4324953.51895,0
1770370260000,1904.07,1907.98,1903.20,1906.44,10823.605,1770370319999,20627891.62250,16899,7101.783,13534183.89212,0
1770370320000,1906.44,1914.00,1905.10,1912.73,16655.520,1770370379999,31801635.36523,24727,10410.999,19883902.60992,0
1770370380000,1912.72,1914.90,1910.02,1912.61,12150.815,1770370439999,23238310.10734,20990,5524.303,10566011.63689,0
1770370440000,1912.62,1915.65,1910.46,1914.00,16635.947,1770370499999,31825384.31997,21638,8743.652,16729547.82078,0
1770370500000,1913.99,1916.68,1910.30,1916.26,12978.577,1770370559999,24838147.87332,19006,9068.633,17356228.65601,0
1770370560000,1916.26,1916.28,1908.47,1909.81,11285.815,1770370619999,21589860.31909,17431,2622.012,5016617.80398,0
1770370620000,1909.81,1910.26,1905.62,1906.08,8243.607,1770370679999,15728119.76150,15491,3148.605,6008010.38748,0
1770370680000,1906.08,1908.39,1905.15,1906.90,6573.139,1770370739999,12535063.97218,13108,2194.329,4184670.92440,0
1770370740000,1906.90,1909.14,1904.78,1905.74,8750.417,1770370799999,16690024.89980,11082,5288.230,10086700.41134,0
1770370800000,1905.75,1907.31,1902.00,1906.10,7577.405,1770370859999,14430370.19673,13917,3163.156,6023912.77616,0
1770370860000,1906.10,1907.45,1905.02,1907.29,4900.137,1770370919999,9341331.97430,12088,2556.695,4874074.97523,0
1770370920000,1907.28,1909.11,1902.12,1902.19,6112.432,1770370979999,11655165.03190,11513,2107.675,4018906.12917,0
1770370980000,1902.20,1912.14,1902.20,1911.51,5217.451,1770371039999,9950132.22943,12179,3376.662,6438489.78994,0
1770371040000,1911.50,1914.90,1909.44,1913.86,7402.959,1770371099999,14158909.18930,13887,4086.692,7817780.15000,0
1770371100000,1913.86,1913.86,1910.88,1911.57,5549.464,1770371159999,10609563.15109,9491,2179.648,4167344.65196,0
1770371160000,1911.56,1913.58,1909.26,1909.50,4551.496,1770371219999,8697613.38125,9436,2030.158,3880811.46849,0
1770371220000,1909.50,1911.76,1907.48,1911.34,5607.674,1770371279999,10703609.25198,8035,2539.664,4847915.16605,0
1770371280000,1911.34,1923.98,1911.34,1923.20,23907.672,1770371339999,45895782.08162,31466,17501.410,33598059.26725,0
1770371340000,1923.20,1924.53,1920.88,1921.90,8406.470,1770371399999,16162010.23340,15339,4086.182,7856045.45133,0
1770371400000,1921.90,1926.17,1920.88,1924.95,9566.294,1770371459999,18409060.66203,17587,5167.919,9945540.43667,0
1770371460000,1924.94,1927.56,1923.52,1924.28,9285.199,1770371519999,17877641.02554,15881,4011.348,7723756.00600,0
1770371520000,1924.29,1926.35,1923.00,1925.79,5210.043,1770371579999,10026026.09542,10722,2655.354,5109865.08809,0
1770371580000,1925.79,1928.84,1923.35,1927.58,9292.063,1770371639999,17907356.81346,14661,6253.593,12052006.04725,0
1770371640000,1927.59,1928.42,1923.71,1924.21,6547.354,1770371699999,12609557.81985,11749,2366.952,4559611.67951,0
1770371700000,1924.22,1924.23,1922.03,1922.41,6745.392,1770371759999,12971896.82722,8975,2678.424,5150498.85576,0
1770371760000,1922.41,1923.71,1920.58,1922.35,4671.485,1770371819999,8978114.30008,8599,2031.358,3904234.77672,0
1770371820000,1922.35,1922.47,1918.30,1918.76,11697.649,1770371879999,22458592.63727,12484,2752.287,5284686.55908,0
1770371880000,1918.76,1919.59,1916.74,1919.38,11269.812,1770371939999,21618980.71272,9278,3651.122,7003999.81423,0
1770371940000,1919.37,1919.68,1917.45,1918.44,6188.523,1770371999999,11872252.63566,6745,2693.203,5167224.51469,0
1770372000000,1918.44,1920.81,1918.09,1918.64,4415.776,1770372059999,8475308.28582,8687,2432.878,4669386.83165,0
1770372060000,1918.65,1930.08,1918.00,1928.28,12539.101,1770372119999,24110833.94665,17463,8209.473,15789333.06475,0
1770372120000,1928.28,1928.56,1918.65,1922.19,15522.577,1770372179999,29846623.01567,18621,6086.191,11705003.74607,0
1770372180000,1922.20,1922.78,1918.02,1920.38,17137.946,1770372239999,32901035.71733,14968,10511.985,20178141.85555,0
1770372240000,1920.38,1920.55,1916.08,1916.85,11738.998,1770372299999,22504397.07618,10031,3830.650,7344068.22407,0
1770372300000,1916.85,1918.55,1916.49,1918.19,4105.456,1770372359999,7872385.28348,6578,2124.591,4073988.24009,0
1770372360000,1918.19,1920.50,1917.23,1918.19,5964.755,1770372419999,11446936.32119,9503,2750.623,5278383.10442,0
1770372420000,1918.18,1919.91,1918.04,1918.63,1849.592,1770372479999,3549032.66021,6217,735.499,1411184.62694,0
1770372480000,1918.63,1919.83,1917.03,1919.34,5300.905,1770372539999,10169573.30611,9186,2301.582,4415812.58682,0
1770372540000,1919.34,1922.52,1918.50,1922.32,5559.560,1770372599999,10675359.90899,6919,3867.685,7427681.55547,0
1770372600000,1922.33,1922.70,1919.00,1919.01,2799.050,1770372659999,5376814.74012,7683,1588.121,3051053.51483,0
1770372660000,1919.00,1920.88,1916.08,1916.58,9190.892,1770372719999,17635955.24162,11268,4462.869,8565361.63084,0
1770372720000,1916.59,1917.80,1909.28,1911.45,15601.469,1770372779999,29838158.70242,21381,6168.876,11796252.46351,0
1770372780000,1911.44,1912.33,1909.03,1910.12,7322.568,1770372839999,13989113.21785,11164,3287.790,6281066.08335,0
1770372840000,1910.13,1914.11,1909.26,1914.07,4765.871,1770372899999,9109790.54801,10546,2702.579,5166281.27716,0
1770372900000,1914.06,1917.17,1913.68,1916.69,4613.306,1770372959999,8838149.82999,8701,3260.382,6246298.14114,0
1770372960000,1916.70,1924.48,1916.69,1923.52,10620.734,1770373019999,20393700.36320,17315,8013.461,15387692.32806,0
1770373020000,1923.51,1924.75,1919.74,1922.54,10032.848,1770373079999,19276907.27909,13149,2368.789,4552727.99711,0
1770373080000,1922.55,1923.48,1919.89,1921.54,6098.837,1770373139999,11721297.98158,10818,3296.264,6334738.17768,0
1770373140000,1921.53,1927.00,1920.09,1925.93,6693.388,1770373199999,12874092.98514,15559,4605.215,8859123.91060,0
1770373200000,1925.92,1937.46,1923.65,1929.87,28821.234,1770373259999,55700176.19330,35532,19943.072,38546238.57109,0
1770373260000,1929.88,1929.88,1923.07,1923.98,8306.249,1770373319999,15992368.99025,15223,3391.052,6528020.25895,0
1770373320000,1923.98,1925.35,1920.30,1924.64,8521.697,1770373379999,16389150.82002,13667,3991.073,7674495.92782,0
1770373380000,1924.65,1924.76,1921.19,1922.13,3069.465,1770373439999,5901703.31465,7016,1031.953,1983966.43569,0
1770373440000,1922.13,1924.01,1920.63,1923.74,3289.034,1770373499999,6322179.61605,7592,1758.434,3380312.86583,0
1770373500000,1923.74,1925.00,1922.00,1924.50,3160.639,1770373559999,6080091.83123,8248,1721.737,3312023.43982,0
1770373560000,1924.51,1927.00,1924.23,1926.12,6289.476,1770373619999,12114289.14841,7686,3908.813,7529131.50605,0
1770373620000,1926.11,1927.60,1925.10,1925.72,3551.048,1770373679999,6842278.76855,6342,1475.863,2843791.13722,0
1770373680000,1925.71,1927.19,1924.65,1926.37,3935.242,1770373739999,7576400.26192,5770,858.774,1653701.26433,0
1770373740000,1926.38,1927.41,1925.31,1925.76,1287.642,1770373799999,2480721.86008,4324,594.144,1144648.85110,0
1770373800000,1925.76,1926.45,1924.65,1925.78,2594.024,1770373859999,4994677.74941,6408,1160.529,2234617.32884,0
1770373860000,1925.78,1927.34,1925.54,1927.00,1994.116,1770373919999,3841508.65185,6040,1448.431,2790273.64660,0
1770373920000,1927.00,1929.78,1926.25,1929.16,6800.273,1770373979999,13111677.91051,13833,3262.124,6290032.89581,0
1770373980000,1929.15,1931.40,1928.45,1928.78,4186.028,1770374039999,8078780.50909,11261,2056.799,3969374.52546,0
1770374040000,1928.79,1930.09,1924.27,1926.91,5845.599,1770374099999,11259694.83765,12370,2250.229,4335157.84370,0
1770374100000,1926.94,1931.10,1924.99,1929.97,7551.536,1770374159999,14553203.15002,12062,2250.728,4340053.34759,0
1770374160000,1929.98,1930.70,1926.46,1930.35,2834.723,1770374219999,5465879.34155,9847,1661.164,3203127.31054,0
1770374220000,1930.34,1930.34,1923.42,1923.42,10495.631,1770374279999,20198206.05307,10248,4093.058,7876291.24391,0
1770374280000,1923.43,1926.48,1923.42,1926.44,2411.779,1770374339999,4643291.34857,7249,1236.742,2380964.36700,0
1770374340000,1926.43,1927.18,1924.44,1925.48,4794.873,1770374399999,9235177.75031,8200,2279.118,4389355.05919,0
1770374400000,1925.47,1925.75,1923.62,1924.86,2365.506,1770374459999,4552583.57733,5292,1106.337,2129156.86346,0
1770374460000,1924.86,1926.66,1923.62,1926.25,1671.890,1770374519999,3218390.67752,5857,624.038,1201186.12056,0
1770374520000,1926.25,1927.20,1924.69,1924.83,1516.886,1770374579999,2921117.54978,6080,830.556,1599399.42528,0
1770374580000,1924.83,1926.96,1924.83,1925.37,1446.716,1770374639999,2786093.66131,4950,739.645,1424331.02132,0
1770374640000,1925.37,1926.14,1924.16,1925.75,1163.736,1770374699999,2240201.21415,4276,509.321,980399.52361,0
1770374700000,1925.74,1927.24,1924.19,1924.91,2465.816,1770374759999,4749094.92216,8556,1155.040,2224557.47015,0
1770374760000,1924.92,1925.70,1922.75,1922.75,7493.249,1770374819999,14413572.00066,7190,1795.176,3453185.90257,0
1770374820000,1922.75,1925.73,1922.74,1925.46,4747.483,1770374879999,9131494.81659,7847,2066.011,3974312.30578,0
1770374880000,1925.47,1926.00,1923.03,1925.01,3241.530,1770374939999,6237681.68724,6230,1077.103,2073011.70699,0
1770374940000,1925.00,1925.19,1924.11,1924.69,3450.620,1770374999999,6641681.46197,5971,1299.173,2500364.04395,0
1770375000000,1924.69,1925.49,1923.23,1924.00,2532.268,1770375059999,4872725.20342,5359,1133.272,2180532.17711,0
1770375060000,1924.00,1924.11,1920.40,1921.75,17024.595,1770375119999,32725204.59768,11713,2837.561,5452955.12891,0
1770375120000,1921.75,1923.06,1920.55,1921.66,6437.891,1770375179999,12372825.11799,7997,3284.101,6312041.19132,0
1770375180000,1921.65,1923.62,1921.46,1923.49,2135.389,1770375239999,4104964.47325,5121,1200.588,2308072.38760,0
1770375240000,1923.48,1926.46,1923.47,1925.41,3118.454,1770375299999,6004394.78163,7661,2164.005,4166435.15600,0
1770375300000,1925.40,1929.95,1925.00,1928.37,5849.971,1770375359999,11277035.90024,10821,4366.015,8416993.09113,0
1770375360000,1928.37,1930.00,1925.22,1929.62,2805.085,1770375419999,5407344.34851,8194,1318.590,2542689.94582,0
1770375420000,1929.62,1929.62,1926.26,1926.79,2672.989,1770375479999,5151980.26449,7476,1464.989,2823802.96407,0
1770375480000,1926.79,1927.29,1925.01,1925.71,1778.082,1770375539999,3424664.31261,4251,698.083,1344651.11424,0
1770375540000,1925.71,1926.65,1925.24,1926.27,1363.881,1770375599999,2626568.71671,4036,658.920,1268982.86456,0
1770375600000,1926.27,1926.61,1922.33,1922.56,8264.082,1770375659999,15905629.95158,9343,1069.214,2057794.89493,0
1770375660000,1922.55,1923.55,1921.05,1921.05,1971.943,1770375719999,3791033.90110,5815,792.716,1524087.23245,0
1770375720000,1921.05,1923.90,1921.00,1922.38,2907.850,1770375779999,5590919.14733,8570,1802.289,3465317.37122,0
1770375780000,1922.38,1925.15,1921.32,1924.36,3319.474,1770375839999,6384414.59188,10349,2121.802,4080888.00728,0
1770375840000,1924.35,1925.42,1923.24,1924.65,1661.681,1770375899999,3197687.96079,6047,907.345,1746105.90701,0
1770375900000,1924.65,1925.49,1923.63,1924.71,1475.418,1770375959999,2839750.28283,5060,643.526,1238635.94043,0
1770375960000,1924.70,1924.71,1921.48,1922.39,1632.687,1770376019999,3139541.18661,4526,632.770,1216729.35056,0
1770376020000,1922.38,1922.74,1921.19,1921.20,2609.104,1770376079999,5013934.48094,4649,1319.763,2536119.43867,0
1770376080000,1921.19,1922.00,1920.29,1920.30,3161.722,1770376139999,6074330.99636,6746,1455.995,2797349.14241,0
1770376140000,1920.29,1921.03,1919.00,1919.45,3365.147,1770376199999,6461249.87380,6905,1390.162,2669402.73538,0
1770376200000,1919.45,1924.91,1919.45,1924.53,2799.132,1770376259999,5381094.56390,7193,1486.095,2856852.06289,0
1770376260000,1924.53,1925.74,1922.91,1924.25,2692.036,1770376319999,5181081.29079,7721,1258.130,2421235.88932,0
1770376320000,1924.25,1927.36,1923.26,1926.93,2794.060,1770376379999,5380002.39068,7496,1700.588,3274648.27204,0
1770376380000,1926.93,1928.20,1925.90,1926.36,2288.768,1770376439999,4410913.43955,5488,1283.003,2472725.56629,0
1770376440000,1926.35,1929.96,1926.00,1928.73,4611.364,1770376499999,8894097.80657,9465,2846.018,5489284.97712,0
1770376500000,1928.73,1928.73,1927.03,1927.77,1304.936,1770376559999,2515568.24878,4140,600.728,1158052.36563,0
1770376560000,1927.76,1929.72,1927.08,1928.51,1865.562,1770376619999,3596562.30774,5291,922.970,1779343.14029,0
1770376620000,1928.51,1936.90,1924.40,1926.25,21286.476,1770376679999,41142421.66106,21110,14724.965,28468562.57766,0
1770376680000,1926.26,1927.08,1923.64,1923.97,4055.932,1770376739999,7809598.37883,8755,2036.729,3922015.44086,0
1770376740000,1923.97,1925.46,1923.34,1924.73,2185.860,1770376799999,4206213.86419,6396,1107.683,2131543.03333,0
1770376800000,1924.73,1926.90,1923.59,1923.65,1945.577,1770376859999,3744588.19555,5723,1050.446,2021763.74617,0
1770376860000,1923.65,1927.47,1923.64,1925.49,1802.918,1770376919999,3471169.52093,5560,1094.396,2106709.32440,0
1770376920000,1925.50,1927.71,1924.01,1927.71,1779.676,1770376979999,3427307.67928,6136,1165.313,2244074.48911,0
1770376980000,1927.72,1930.61,1927.72,1930.52,3034.890,1770377039999,5855595.45128,7516,1960.067,3781682.85999,0
1770377040000,1930.53,1931.44,1928.37,1928.49,1767.472,1770377099999,3410806.06033,5921,1032.646,1992819.20355,0
1770377100000,1928.48,1928.48,1924.40,1924.94,1894.125,1770377159999,3648070.43719,6240,900.203,1733798.04671,0
1770377160000,1924.94,1926.77,1923.90,1926.31,1887.823,1770377219999,3634106.12384,5364,1003.912,1932507.69508,0
1770377220000,1926.31,1927.80,1926.16,1926.51,2157.627,1770377279999,4158036.92162,6004,670.878,1292766.03674,0
1770377280000,1926.51,1927.60,1924.91,1925.68,1984.228,1770377339999,3822173.03014,5098,953.477,1836675.56194,0
1770377340000,1925.67,1926.78,1925.24,1926.78,950.295,1770377399999,1830160.44638,3185,576.733,1110696.59157,0
1770377400000,1926.78,1926.78,1925.56,1926.00,1155.482,1770377459999,2225786.67838,4178,613.034,1180850.61296,0
1770377460000,1926.01,1927.66,1925.59,1925.66,3346.295,1770377519999,6447133.94122,7883,1659.715,3197543.78941,0
1770377520000,1925.66,1929.82,1925.66,1929.14,6708.313,1770377579999,12936866.59302,10762,4648.697,8965910.33257,0
1770377580000,1929.13,1930.72,1929.00,1930.56,4462.148,1770377639999,8611786.29565,9127,2424.109,4678531.25866,0
1770377640000,1930.55,1931.67,1928.05,1928.55,3880.865,1770377699999,7490577.55312,8072,1784.433,3444662.62709,0
1770377700000,1928.55,1930.46,1927.34,1928.47,3499.620,1770377759999,6750862.02532,6870,1468.368,2832577.93155,0
1770377760000,1928.47,1931.33,1928.08,1931.13,2222.901,1770377819999,4289964.14810,5076,1240.613,2394189.67768,0
1770377820000,1931.14,1937.00,1926.20,1926.29,12443.128,1770377879999,24049993.42473,20544,7388.638,14284657.36188,0
1770377880000,1926.29,1928.00,1923.66,1926.70,4207.363,1770377939999,8102071.52383,10076,1810.478,3486657.03084,0
1770377940000,1926.70,1928.21,1925.23,1927.96,3033.260,1770377999999,5844557.24640,6935,1582.676,3049807.90348,0
1770378000000,1927.95,1932.00,1926.31,1931.80,5924.131,1770378059999,11428694.21694,10994,3490.951,6734454.36789,0
1770378060000,1931.80,1932.38,1930.14,1931.25,5499.954,1770378119999,10622972.78627,8342,2478.297,4786259.75133,0
1770378120000,1931.25,1931.59,1929.59,1929.59,2428.112,1770378179999,4688190.89669,6814,1004.522,1939500.97284,0
1770378180000,1929.59,1930.59,1926.47,1926.86,4203.668,1770378239999,8108595.55193,7303,1956.172,3773877.72713,0
1770378240000,1926.87,1928.61,1926.21,1926.54,2005.321,1770378299999,3864346.59682,4696,1029.449,1983786.19541,0
1770378300000,1926.54,1926.54,1921.21,1921.78,5066.401,1770378359999,9744993.32572,9401,1558.594,2997847.20296,0
1770378360000,1921.77,1923.34,1921.13,1921.66,3255.138,1770378419999,6256951.87075,7173,1716.411,3299442.50903,0
1770378420000,1921.65,1924.76,1921.64,1924.66,3741.732,1770378479999,7196239.55508,8268,2487.483,4783874.29903,0
1770378480000,1924.66,1927.78,1924.66,1927.03,3059.604,1770378539999,5894539.88150,7989,2006.862,3866550.75604,0
1770378540000,1927.03,1927.03,1924.16,1924.89,3394.775,1770378599999,6536957.00011,6018,1372.498,2642497.39297,0
1770378600000,1924.90,1930.92,1924.90,1930.85,5660.785,1770378659999,10916423.78196,10757,3813.219,7354685.54103,0
1770378660000,1930.86,1931.99,1929.05,1929.27,6036.844,1770378719999,11656287.54672,10706,2133.122,4118789.38577,0
1770378720000,1929.27,1939.80,1928.32,1932.63,19254.287,1770378779999,37260036.38194,20970,11259.226,21785102.18130,0
1770378780000,1932.63,1933.52,1931.08,1932.76,3192.526,1770378839999,6168463.75008,6953,1455.770,2812811.41412,0
1770378840000,1932.75,1932.95,1930.73,1930.73,3529.832,1770378899999,6818447.57104,7466,1094.150,2113723.14713,0
1770378900000,1930.72,1932.21,1930.27,1932.04,1741.637,1770378959999,3363378.67782,4775,810.610,1565342.51456,0
1770378960000,1932.04,1935.80,1931.76,1934.00,7332.372,1770379019999,14179460.81487,13143,4915.235,9505007.03395,0
1770379020000,1933.99,1934.24,1930.00,1930.26,3773.927,1770379079999,7291759.85812,7831,1337.842,2585118.21223,0
1770379080000,1930.25,1932.54,1930.12,1931.92,5824.478,1770379139999,11250676.59127,8190,2391.672,4619216.60015,0
1770379140000,1931.93,1932.54,1931.19,1931.76,2375.223,1770379199999,4588265.23276,4565,973.864,1881260.00293,0
1770379200000,1931.75,1931.75,1927.22,1927.37,7750.551,1770379259999,14953958.29980,10624,3610.045,6964654.66162,0
1770379260000,1927.37,1928.79,1926.26,1928.39,3775.149,1770379319999,7276160.22172,7696,1741.713,3357133.49676,0
1770379320000,1928.38,1930.00,1928.10,1928.20,2391.738,1770379379999,4614232.61084,5124,1169.133,2255593.89003,0
1770379380000,1928.21,1931.12,1928.21,1930.17,2464.696,1770379439999,4756087.52383,9441,1403.133,2707478.88321,0
1770379440000,1930.18,1930.73,1925.67,1926.25,3450.068,1770379499999,6651465.09259,8028,1255.983,2422097.04365,0
1770379500000,1926.24,1926.84,1925.10,1925.28,3179.968,1770379559999,6124478.36089,6030,1669.606,3215548.10385,0
1770379560000,1925.27,1925.96,1921.50,1925.85,6479.335,1770379619999,12459547.41676,12993,3213.892,6180239.81353,0
1770379620000,1925.84,1927.10,1924.65,1924.90,3440.139,1770379679999,6624314.60593,8154,1968.224,3789987.69299,0
1770379680000,1924.91,1928.55,1923.78,1923.80,4332.169,1770379739999,8345579.87623,10306,1832.654,3531130.80548,0
1770379740000,1923.80,1924.77,1919.08,1922.96,12212.544,1770379799999,23457043.87343,12837,5294.436,10168043.90817,0
1770379800000,1922.96,1923.53,1921.20,1921.41,2949.960,1770379859999,5670040.96886,6514,1407.876,2706143.15377,0
1770379860000,1921.41,1923.51,1921.39,1922.63,2554.514,1770379919999,4911426.74682,6779,1497.267,2878646.62899,0
1770379920000,1922.63,1923.45,1920.00,1920.43,3445.979,1770379979999,6620317.96559,5870,1230.589,2364259.56348,0
1770379980000,1920.42,1923.00,1920.35,1922.93,2007.725,1770380039999,3858374.77403,4775,1333.116,2561820.92556,0
1770380040000,1922.92,1925.20,1922.62,1925.20,2505.217,1770380099999,4819296.23435,6103,1634.209,3143860.98554,0
1770380100000,1925.20,1925.79,1917.14,1918.21,7259.782,1770380159999,13945893.43793,12006,1954.846,3755891.96640,0
1770380160000,1918.21,1920.58,1918.17,1919.35,9206.643,1770380219999,17672864.43226,12879,4831.567,9274684.09746,0
1770380220000,1919.35,1919.36,1915.00,1915.10,9309.041,1770380279999,17846292.54916,14963,3589.354,6879826.57536,0
1770380280000,1915.10,1917.88,1915.02,1916.38,8276.083,1770380339999,15856275.69572,12366,4763.067,9125446.24165,0
1770380340000,1916.38,1919.23,1915.55,1918.56,7539.091,1770380399999,14455073.02529,9890,4370.633,8380898.61667,0
1770380400000,1918.55,1920.17,1918.18,1918.69,5189.478,1770380459999,9959550.05767,8477,2857.728,5484338.63704,0
1770380460000,1918.70,1919.80,1918.11,1919.40,2671.263,1770380519999,5125853.46660,7415,1588.419,3047940.72032,0
1770380520000,1919.40,1921.91,1919.40,1921.48,3740.228,1770380579999,7183358.67362,9653,1929.823,3706191.44896,0
1770380580000,1921.49,1923.28,1921.07,1922.01,5194.721,1770380639999,9987240.79020,7718,2771.241,5327569.64604,0
1770380640000,1922.01,1924.78,1918.85,1924.78,7055.698,1770380699999,13558886.87274,11004,3610.703,6940492.94946,0
1770380700000,1924.78,1924.85,1922.26,1923.29,4712.160,1770380759999,9064592.94298,8398,1959.995,3770026.44118,0
1770380760000,1923.30,1924.18,1922.33,1923.66,2159.467,1770380819999,4153438.48600,7016,1429.297,2748994.17270,0
1770380820000,1923.67,1923.83,1921.17,1923.69,3873.618,1770380879999,7447313.69054,8450,2591.641,4982663.83449,0
1770380880000,1923.69,1923.92,1921.52,1921.72,2331.753,1770380939999,4484769.13978,5347,1031.614,1984187.59691,0
1770380940000,1921.73,1922.29,1919.79,1921.35,2920.540,1770380999999,5609646.85064,6902,1612.153,3096353.59535,0
1770381000000,1921.35,1921.36,1917.36,1917.36,3467.584,1770381059999,6653991.24055,8394,1267.894,2432950.43831,0
1770381060000,1917.35,1917.81,1915.44,1916.48,3917.661,1770381119999,7508965.74515,11097,1724.415,3305171.65464,0
1770381120000,1916.47,1919.80,1916.23,1917.18,2275.327,1770381179999,4364014.64495,7622,1327.579,2546268.35078,0
1770381180000,1917.18,1918.51,1914.00,1916.44,5093.942,1770381239999,9759638.72175,14350,2381.866,4563293.09349,0
1770381240000,1916.44,1917.49,1915.45,1916.63,2251.439,1770381299999,4314472.42363,7509,1303.685,2498220.05579,0
1770381300000,1916.63,1917.69,1915.80,1917.60,2868.112,1770381359999,5498187.15756,6669,1299.331,2490778.74532,0
1770381360000,1917.59,1919.92,1917.59,1918.44,3984.386,1770381419999,7644514.07028,6943,2460.379,4720482.06688,0
1770381420000,1918.44,1918.52,1916.53,1917.09,1907.904,1770381479999,3658225.38679,4813,861.144,1651058.37302,0
1770381480000,1917.10,1919.08,1916.99,1917.46,2003.122,1770381539999,3842429.11912,5943,945.435,1813461.74725,0
1770381540000,1917.45,1918.86,1916.58,1917.51,2805.726,1770381599999,5380064.98083,6361,1012.003,1940892.94875,0
1770381600000,1917.50,1921.89,1916.71,1921.36,3801.672,1770381659999,7298935.89719,8415,2706.143,5195740.04311,0
1770381660000,1921.37,1921.56,1919.43,1920.07,1952.376,1770381719999,3749580.73978,4935,742.269,1425536.94613,0
1770381720000,1920.06,1922.00,1918.55,1921.87,2232.874,1770381779999,4287794.24605,5466,1148.534,2205887.46219,0
1770381780000,1921.86,1924.50,1921.23,1922.38,5294.435,1770381839999,10179678.38010,8908,2431.770,4675613.62519,0
1770381840000,1922.37,1922.53,1920.61,1921.76,1941.730,1770381899999,3731081.79001,5566,909.526,1747726.93335,0
1770381900000,1921.75,1923.70,1921.36,1922.04,3005.609,1770381959999,5779247.63950,7321,1654.984,3182121.97274,0
1770381960000,1922.04,1923.49,1920.85,1923.21,3180.536,1770382019999,6114107.44361,8603,1742.536,3349851.22141,0
1770382020000,1923.21,1923.50,1922.32,1922.63,1619.788,1770382079999,3114894.61211,4004,808.010,1553801.82358,0
1770382080000,1922.62,1922.83,1920.40,1922.77,1937.148,1770382139999,3722708.06892,6771,1095.904,2106125.00595,0
1770382140000,1922.77,1923.43,1921.00,1921.01,1277.426,1770382199999,2455711.89741,5030,588.146,1130665.11144,0
1770382200000,1921.00,1924.48,1919.71,1920.90,4954.763,1770382259999,9526543.49798,9371,3382.373,6503986.83090,0
1770382260000,1920.91,1921.10,1918.45,1919.53,2904.407,1770382319999,5575483.34020,6346,1101.887,2115144.40236,0
1770382320000,1919.53,1921.50,1919.41,1919.41,3589.894,1770382379999,6894847.61684,5931,2494.241,4790801.07365,0
1770382380000,1919.42,1920.32,1918.32,1918.77,1744.662,1770382439999,3348391.49403,5642,904.795,1736628.13656,0
1770382440000,1918.78,1920.46,1917.37,1918.01,3996.485,1770382499999,7668566.62548,8381,1418.530,2721861.00548,0
1770382500000,1918.02,1920.72,1918.02,1920.53,3146.892,1770382559999,6039313.94872,6986,2285.050,4385139.58623,0
1770382560000,1920.53,1924.00,1919.47,1922.76,3644.795,1770382619999,7003746.50532,8230,2320.522,4458945.38356,0
1770382620000,1922.76,1923.82,1921.33,1921.33,2412.308,1770382679999,4638189.67965,5228,1027.280,1975216.87887,0
1770382680000,1921.33,1922.07,1919.96,1921.74,2067.427,1770382739999,3971565.53326,4717,904.423,1737514.24475,0
1770382740000,1921.74,1923.33,1920.00,1920.01,3808.014,1770382799999,7317902.69651,9411,955.124,1835733.24714,0
1770382800000,1920.01,1923.54,1920.00,1920.87,4668.586,1770382859999,8971166.04600,8771,2197.189,4221774.84575,0
1770382860000,1920.87,1921.82,1919.35,1919.35,3328.022,1770382919999,6391386.75655,8567,1187.122,2279800.18471,0
1770382920000,1919.35,1921.46,1918.46,1921.45,3795.260,1770382979999,7285743.60694,8590,1918.979,3683645.39711,0
1770382980000,1921.45,1926.77,1921.45,1925.90,9385.876,1770383039999,18067294.83096,14765,6286.434,12101390.91601,0
1770383040000,1925.90,1934.95,1924.49,1932.81,14993.267,1770383099999,28928840.00325,26277,9065.359,17490623.81437,0
1770383100000,1932.81,1934.50,1925.92,1928.04,11049.562,1770383159999,21335638.61114,23841,4266.779,8239682.70849,0
1770383160000,1928.05,1929.80,1926.90,1928.13,5936.535,1770383219999,11445954.59113,12250,3061.676,5903042.73037,0
1770383220000,1928.13,1930.22,1925.10,1928.81,5902.119,1770383279999,11377846.49475,12335,2216.811,4273100.24674,0
1770383280000,1928.81,1930.20,1927.03,1928.49,4720.431,1770383339999,9105353.92390,8743,2711.179,5229395.11440,0
1770383340000,1928.50,1929.66,1926.41,1927.10,2929.103,1770383399999,5647310.97976,8500,1383.342,2667093.82863,0
1770383400000,1927.11,1931.52,1926.29,1930.30,9633.560,1770383459999,18587318.05621,12498,6153.387,11871617.61172,0
1770383460000,1930.30,1934.20,1929.29,1932.98,6621.584,1770383519999,12793171.55151,13122,3072.510,5936493.55424,0
1770383520000,1932.98,1936.99,1932.00,1935.36,24036.405,1770383579999,46505376.03332,20328,17208.629,33297986.88312,0
1770383580000,1935.35,1937.00,1934.20,1935.39,10180.928,1770383639999,19709808.21420,13146,5018.697,9717112.55174,0
1770383640000,1935.39,1943.84,1933.91,1941.83,22697.565,1770383699999,44040541.58504,25574,13876.235,26923106.50772,0
1770383700000,1941.84,1942.05,1936.11,1940.28,12950.081,1770383759999,25108641.02934,17701,6116.666,11859436.04702,0
1770383760000,1940.27,1941.02,1935.98,1936.00,19064.287,1770383819999,36977277.51990,17880,9347.993,18136485.04730,0
1770383820000,1935.99,1936.10,1932.78,1933.88,5430.926,1770383879999,10506654.65128,12391,2569.677,4971225.24060,0
1770383880000,1933.88,1937.79,1932.00,1937.06,18912.386,1770383939999,36602149.50192,13683,13555.899,26237183.06313,0
1770383940000,1937.05,1946.07,1936.10,1945.51,23511.967,1770383999999,45620326.26895,20385,17412.835,33780935.50206,0
1770384000000,1945.52,1952.14,1944.86,1951.60,29589.567,1770384059999,57641534.30847,34742,18710.892,36455883.04291,0
1770384060000,1951.60,1957.00,1948.90,1956.15,33650.546,1770384119999,65722091.77394,40591,22264.705,43488452.78748,0
1770384120000,1956.15,1956.16,1950.07,1954.99,11271.644,1770384179999,22010630.02735,24654,5197.976,10150629.65166,0
1770384180000,1955.00,1955.52,1950.90,1953.41,8857.386,1770384239999,17300258.60765,18180,4062.856,7935926.14625,0
1770384240000,1953.41,1956.00,1950.73,1955.16,6231.187,1770384299999,12175330.16144,14618,3337.889,6522350.95886,0
1770384300000,1955.15,1955.80,1947.65,1949.18,9412.438,1770384359999,18364369.52541,16580,3915.282,7641944.84132,0
1770384360000,1949.17,1949.17,1945.04,1945.64,6957.630,1770384419999,13546942.93898,12391,2014.420,3923088.39975,0
1770384420000,1945.64,1946.44,1942.01,1943.78,8938.590,1770384479999,17374951.34290,12854,3239.007,6296054.01431,0
1770384480000,1943.77,1943.94,1939.90,1941.38,8433.934,1770384539999,16374339.42475,12419,2882.134,5595750.68079,0
1770384540000,1941.39,1943.31,1936.67,1943.19,10478.022,1770384599999,20321864.92074,15328,4497.399,8724435.55743,0
1770384600000,1943.19,1945.01,1938.17,1942.96,8952.445,1770384659999,17378961.65346,14968,4651.989,9030576.60839,0
1770384660000,1942.95,1947.81,1942.95,1944.67,5391.640,1770384719999,10492483.34366,13768,2892.567,5628927.98160,0
1770384720000,1944.66,1946.08,1937.20,1937.20,5052.690,1770384779999,9806549.07641,13465,1805.413,3503733.72051,0
1770384780000,1937.21,1943.94,1937.11,1943.35,4149.427,1770384839999,8051212.23640,12721,2643.428,5129052.55013,0
1770384840000,1943.34,1946.07,1940.73,1944.93,4194.328,1770384899999,8154988.08022,12842,2853.177,5547668.17470,0
1770384900000,1944.93,1948.55,1943.83,1948.41,3673.482,1770384959999,7151353.03339,12739,2266.004,4411078.04959,0
1770384960000,1948.41,1949.23,1946.27,1948.16,3270.136,1770385019999,6368721.44626,11330,1934.709,3767788.18055,0
1770385020000,1948.17,1952.00,1944.89,1946.79,8298.388,1770385079999,16172916.25072,19173,5198.785,10133623.82230,0
1770385080000,1946.79,1949.51,1945.59,1948.58,3725.876,1770385139999,7254698.89035,12450,2337.703,4551815.98651,0
1770385140000,1948.59,1952.47,1946.89,1948.98,5084.932,1770385199999,9914271.23119,15044,3263.964,6364544.50978,0
1770385200000,1948.97,1951.96,1946.74,1950.40,4712.300,1770385259999,9186294.70004,16403,2631.772,5130085.22641,0
1770385260000,1950.40,1954.99,1949.49,1954.46,5711.198,1770385319999,11154472.40089,14639,3479.271,6795594.19518,0
1770385320000,1954.48,1956.00,1953.24,1954.56,6826.911,1770385379999,13344961.87210,13527,4648.382,9086849.97646,0
1770385380000,1954.56,1954.99,1950.78,1951.85,5292.351,1770385439999,10331084.76449,10616,2206.967,4307838.41096,0
1770385440000,1951.85,1952.97,1950.70,1950.98,2982.883,1770385499999,5821942.12838,7655,1210.653,2362900.99654,0
1770385500000,1950.98,1953.89,1950.73,1951.98,3935.061,1770385559999,7682358.32413,10060,2257.508,4407692.18892,0
1770385560000,1951.98,1954.49,1950.69,1953.22,3801.123,1770385619999,7422696.86938,11010,1833.865,3581272.68810,0
1770385620000,1953.21,1954.20,1951.12,1952.58,3136.546,1770385679999,6125500.76386,7405,1552.785,3032044.27567,0
1770385680000,1952.56,1953.79,1951.18,1953.41,2633.614,1770385739999,5142502.32662,8718,1558.318,3042979.51564,0
1770385740000,1953.42,1957.89,1952.33,1957.89,7067.419,1770385799999,13821860.16987,14363,5121.873,10017758.46359,0
1770385800000,1957.89,1961.84,1955.30,1955.30,18613.361,1770385859999,36465035.75301,26127,11969.293,23454865.81454,0
1770385860000,1955.31,1955.70,1951.35,1952.10,5594.240,1770385919999,10929605.74484,13685,2051.583,4008399.91573,0
1770385920000,1952.10,1954.10,1948.98,1952.97,10573.246,1770385979999,20623744.67701,16136,3556.144,6937825.23796,0
1770385980000,1952.96,1955.97,1951.49,1953.56,6592.361,1770386039999,12881717.50786,12542,3678.022,7188184.25645,0
1770386040000,1953.56,1958.26,1950.48,1957.59,6548.827,1770386099999,12800708.79501,12556,3915.318,7654300.38987,0
1770386100000,1957.60,1960.00,1954.16,1954.16,6512.672,1770386159999,12748360.41675,11708,3782.633,7405585.77881,0
1770386160000,1954.16,1954.55,1951.16,1953.21,4973.225,1770386219999,9713161.14675,8127,2310.887,4512563.96610,0
1770386220000,1953.20,1953.55,1951.03,1951.35,3574.915,1770386279999,6980177.60040,6630,1279.196,2497335.24009,0
1770386280000,1951.35,1951.36,1948.52,1950.10,4976.905,1770386339999,9704240.23689,9480,2055.642,4008202.20296,0
1770386340000,1950.10,1950.65,1948.28,1949.30,3495.696,1770386399999,6814384.89144,7639,1665.120,3245920.24853,0
1770386400000,1949.30,1951.01,1945.47,1950.92,10123.891,1770386459999,19724940.99965,17401,5730.635,11167154.00661,0
1770386460000,1950.93,1952.25,1950.09,1950.89,4755.527,1770386519999,9279821.36603,11275,2761.706,5388939.28131,0
1770386520000,1950.88,1951.31,1945.68,1946.95,6029.533,1770386579999,11745897.86359,11337,2788.625,5432914.66982,0
1770386580000,1946.96,1949.25,1943.49,1944.36,6671.602,1770386639999,12984613.59547,13171,2376.165,4625154.28040,0
1770386640000,1944.37,1946.68,1940.50,1944.28,18656.108,1770386699999,36265714.33392,22524,7185.108,13970942.31972,0
1770386700000,1944.27,1946.35,1943.01,1943.02,4495.287,1770386759999,8742509.78395,12632,2200.694,4280131.13048,0
1770386760000,1943.01,1946.57,1942.88,1944.40,4529.060,1770386819999,8807637.39706,10280,2261.530,4397990.10010,0
1770386820000,1944.41,1945.44,1942.23,1943.78,4169.165,1770386879999,8103804.42132,10067,2117.919,4116709.93029,0
1770386880000,1943.79,1944.99,1939.07,1941.99,4759.368,1770386939999,9243092.33444,12354,1930.680,3749900.20310,0
1770386940000,1941.99,1947.11,1941.98,1943.02,3801.293,1770386999999,7393904.98888,11442,2271.260,4417311.64489,0
1770387000000,1943.02,1944.21,1940.80,1940.93,3928.041,1770387059999,7629677.04933,11503,1493.606,2901202.01061,0
1770387060000,1940.95,1942.46,1936.29,1939.57,11664.085,1770387119999,22618880.60084,18548,3273.042,6347036.63572,0
1770387120000,1939.56,1941.32,1939.27,1940.93,3915.531,1770387179999,7597213.24258,8163,2050.784,3979096.02109,0
1770387180000,1940.92,1943.71,1940.77,1942.56,3317.908,1770387239999,6444584.12354,7368,2127.925,4133213.84524,0
1770387240000,1942.56,1943.97,1941.59,1943.82,2483.896,1770387299999,4825673.48634,6175,1562.063,3034976.21480,0
1770387300000,1943.81,1944.29,1940.07,1941.97,5648.992,1770387359999,10971834.69619,10658,2894.225,5623236.20449,0
1770387360000,1941.98,1943.00,1940.02,1943.00,2620.625,1770387419999,5088125.41041,9999,1417.862,2752946.32785,0
1770387420000,1943.00,1944.34,1942.74,1943.28,2625.916,1770387479999,5103438.58080,8358,1350.614,2624909.95693,0
1770387480000,1943.27,1943.73,1942.14,1943.16,2364.274,1770387539999,4593729.64590,6969,880.981,1711666.23146,0
1770387540000,1943.16,1944.60,1941.27,1943.07,2002.388,1770387599999,3890409.73701,8414,1124.164,2184230.66577,0
1770387600000,1943.07,1943.07,1938.00,1938.30,6397.045,1770387659999,12408521.17922,11552,2990.400,5799701.19767,0
1770387660000,1938.31,1939.33,1932.20,1934.73,14536.232,1770387719999,28128060.66161,22302,5561.495,10762444.54530,0
1770387720000,1934.73,1936.42,1932.00,1933.38,10151.652,1770387779999,19636055.39519,16379,5247.373,10150191.05676,0
1770387780000,1933.38,1936.85,1933.38,1934.74,8632.985,1770387839999,16703343.17101,12071,5101.269,9870567.83134,0
1770387840000,1934.74,1935.59,1932.55,1933.49,5962.789,1770387899999,11534537.28436,9552,2984.467,5773263.17303,0
1770387900000,1933.49,1940.00,1933.06,1937.66,12554.930,1770387959999,24322606.19278,15386,8537.249,16541625.62863,0
1770387960000,1937.65,1941.67,1936.32,1940.41,5014.862,1770388019999,9724857.75848,11345,3190.568,6187375.78581,0
1770388020000,1940.41,1943.03,1939.70,1942.80,4821.203,1770388079999,9358827.18080,11426,3124.702,6065909.55648,0
1770388080000,1942.79,1947.71,1941.10,1947.10,9008.699,1770388139999,17525050.66496,18964,5637.397,10967695.49571,0
1770388140000,1947.11,1949.53,1943.23,1949.01,7147.178,1770388199999,13912218.67944,14694,3103.074,6041856.12113,0
1770388200000,1949.00,1964.30,1947.11,1955.18,35350.985,1770388259999,69175211.84509,54911,21493.821,42056832.26764,0
1770388260000,1955.17,1969.07,1952.22,1963.45,40550.298,1770388319999,79605078.36654,51283,23316.067,45773674.62513,0
1770388320000,1963.47,1964.26,1950.03,1958.50,27683.708,1770388379999,54118759.33319,46699,12388.656,24220727.50839,0
1770388380000,1958.50,1974.00,1957.52,1972.43,34068.677,1770388439999,66969875.75089,50571,20480.137,40270188.34807,0
1770388440000,1972.44,1983.68,1970.93,1973.08,65024.871,1770388499999,128618386.89354,70274,39502.735,78141223.38354,0
1770388500000,1973.09,1976.30,1966.88,1975.20,26020.936,1770388559999,51327912.57726,45385,15406.851,30394781.92721,0
1770388560000,1975.20,1986.00,1972.79,1985.40,36440.934,1770388619999,72144066.01597,49066,18016.889,35685121.81086,0
1770388620000,1985.40,1986.00,1977.90,1979.86,22916.379,1770388679999,45421619.11589,40247,10270.492,20358298.45534,0
1770388680000,1979.98,1988.33,1979.48,1986.28,21664.694,1770388739999,43009661.31977,33278,14570.965,28929541.98042,0
1770388740000,1986.28,1988.60,1977.00,1978.27,23744.656,1770388799999,47067121.95392,32497,8320.967,16502251.40527,0
1770388800000,1978.26,1983.22,1973.28,1978.79,15351.069,1770388859999,30360473.20401,28658,7115.065,14073804.94844,0
1770388860000,1978.79,1979.40,1971.00,1972.45,14596.633,1770388919999,28816679.70993,24033,4868.509,9613194.00349,0
1770388920000,1972.45,1978.08,1970.99,1977.14,11048.381,1770388979999,21808047.02158,21844,5960.581,11767974.22652,0
1770388980000,1977.14,1978.51,1974.07,1977.29,12259.025,1770389039999,24226954.45214,20886,5381.889,10636373.99396,0
1770389040000,1977.29,1984.41,1975.81,1984.09,14077.446,1770389099999,27864284.31013,18509,10131.475,20055543.94313,0
1770389100000,1984.09,1995.00,1982.85,1994.43,35148.980,1770389159999,69980191.64951,41557,23104.413,45997818.87349,0
1770389160000,1994.44,1995.99,1991.00,1995.13,20641.391,1770389219999,41158135.95083,28985,10368.799,20678609.67916,0
1770389220000,1995.13,2001.86,1991.66,1998.77,37018.728,1770389279999,73969218.23033,39226,23667.431,47300100.25686,0
1770389280000,1998.78,1998.87,1988.45,1992.62,23912.571,1770389339999,47658872.44264,29520,8795.060,17532999.04811,0
1770389340000,1992.62,1993.00,1980.14,1983.25,19324.656,1770389399999,38376267.31325,31762,7000.903,13900224.89824,0
1770389400000,1983.25,1987.38,1980.33,1987.35,17267.732,1770389459999,34264710.39834,24921,10621.402,21075129.54398,0
1770389460000,1987.36,1991.29,1982.50,1988.61,10766.664,1770389519999,21403984.46818,21696,5316.920,10572015.22881,0
1770389520000,1988.62,1994.67,1985.92,1994.20,14990.540,1770389579999,29848849.47206,21663,7864.598,15657176.29377,0
1770389580000,1994.20,1994.44,1985.26,1985.93,8528.185,1770389639999,16973182.96474,15729,3544.208,7053505.14254,0
1770389640000,1985.94,1986.99,1981.55,1982.53,8510.855,1770389699999,16884741.09147,17665,3527.001,6996911.38396,0
1770389700000,1982.54,1982.55,1971.20,1972.47,23672.125,1770389759999,46755597.77844,33382,7351.377,14516449.86579,0
1770389760000,1972.47,1974.84,1969.40,1969.91,15062.728,1770389819999,29700931.66672,25004,6916.944,13641404.39591,0
1770389820000,1969.93,1981.14,1968.55,1979.48,18271.089,1770389879999,36060955.78460,24743,12026.205,23739271.92326,0
1770389880000,1979.48,1981.56,1976.88,1981.46,8935.081,1770389939999,17683012.15570,18234,4350.302,8610006.56226,0
1770389940000,1981.46,1981.98,1975.20,1978.20,10375.071,1770389999999,20526636.73835,19341,3763.261,7446075.94408,0
1770390000000,1978.21,1979.07,1972.50,1974.79,10826.525,1770390059999,21387971.81696,31642,5373.873,10616738.89029,0
1770390060000,1974.79,1979.09,1972.06,1972.50,9720.393,1770390119999,19210755.74934,26395,5113.176,10106640.73519,0
1770390120000,1972.50,1979.45,1970.41,1971.25,13746.459,1770390179999,27130902.17955,28021,6113.052,12065744.53039,0
1770390180000,1971.26,1972.26,1964.52,1970.26,16247.494,1770390239999,31993196.19515,35179,6259.862,12329304.48396,0
1770390240000,1970.25,1978.54,1970.25,1977.13,23784.803,1770390299999,46940972.11689,30612,17778.337,35087670.76786,0
1770390300000,1977.14,1980.00,1967.21,1971.32,11575.612,1770390359999,22846595.84673,35642,5033.705,9937770.91833,0
1770390360000,1971.32,1977.71,1968.22,1968.37,8709.440,1770390419999,17181577.64317,30308,3783.252,7463893.18500,0
1770390420000,1968.42,1976.41,1966.75,1975.68,8429.901,1770390479999,16609731.19434,22638,4204.931,8285825.37600,0
1770390480000,1975.68,1977.33,1971.26,1975.86,5604.807,1770390539999,11061338.26272,20685,3037.925,5995624.18439,0
1770390540000,1975.87,1979.55,1973.38,1975.24,9121.578,1770390599999,18024587.57859,25678,3962.682,7830422.86517,0
1770390600000,1975.24,1983.82,1974.29,1982.22,17633.396,1770390659999,34906526.23493,36237,10026.457,19848180.81019,0
1770390660000,1982.26,1986.12,1981.04,1984.22,10623.176,1770390719999,21075566.20207,27158,7010.951,13909239.97792,0
1770390720000,1984.23,1984.66,1975.19,1975.49,7114.424,1770390779999,14092789.04579,18586,2944.058,5830666.29239,0
1770390780000,1975.48,1975.60,1968.58,1969.01,11170.538,1770390839999,22016845.58807,22772,5101.555,10055834.86449,0
1770390840000,1969.00,1969.61,1961.56,1962.12,16719.452,1770390899999,32849284.92409,28026,6413.663,12602386.70320,0
1770390900000,1962.11,1966.00,1961.21,1961.77,11901.034,1770390959999,23372748.82945,24302,7276.521,14290168.47502,0
1770390960000,1961.78,1969.27,1960.00,1969.02,20324.269,1770391019999,39925029.75078,30855,13249.382,26035532.26554,0
1770391020000,1969.02,1974.54,1967.37,1971.30,16951.716,1770391079999,33406319.19494,25217,11429.482,22524571.27600,0
1770391080000,1971.30,1974.50,1968.13,1971.59,5361.835,1770391139999,10571487.55581,18142,2463.379,4856722.88526,0
1770391140000,1971.58,1973.58,1967.95,1971.64,5206.980,1770391199999,10264602.49794,19055,2806.159,5532575.15006,0
1770391200000,1971.64,1972.74,1969.68,1970.01,7128.918,1770391259999,14055331.12556,21140,3574.193,7047287.04059,0
1770391260000,1970.01,1979.00,1968.11,1978.74,14426.069,1770391319999,28497468.12179,27957,9952.499,19657831.74235,0
1770391320000,1978.74,1981.98,1975.80,1976.72,8347.161,1770391379999,16517244.39490,20642,4511.609,8928365.62731,0
1770391380000,1976.73,1977.73,1967.84,1972.22,9791.238,1770391439999,19306628.62799,24426,3984.884,7856475.41715,0
1770391440000,1972.23,1978.00,1970.51,1977.33,5061.035,1770391499999,9993055.58076,17239,2672.254,5276027.59734,0
1770391500000,1977.32,1979.60,1975.73,1976.49,8105.511,1770391559999,16033839.67970,15516,5072.017,10035107.22175,0
1770391560000,1976.49,1978.00,1968.51,1971.23,8694.433,1770391619999,17148319.94866,20269,2851.942,5623079.00131,0
1770391620000,1971.23,1972.20,1966.17,1966.75,8590.000,1770391679999,16902722.00383,17507,4353.125,8564879.93352,0
1770391680000,1966.75,1970.98,1965.52,1970.95,8655.377,1770391739999,17034914.89064,19440,3816.305,7512113.85545,0
1770391740000,1970.95,1972.00,1969.00,1971.92,3426.673,1770391799999,6753260.81171,14947,1486.142,2928982.26648,0
1770391800000,1971.91,1974.06,1968.94,1973.15,7973.322,1770391859999,15719535.26528,24872,3857.900,7606457.09753,0
1770391860000,1973.14,1976.22,1970.61,1971.07,4821.968,1770391919999,9516660.40256,21170,2548.953,5030769.81652,0
1770391920000,1971.06,1973.67,1968.55,1972.72,5212.147,1770391979999,10270892.89825,17345,2934.354,5782610.83313,0
1770391980000,1972.51,1978.17,1971.12,1976.75,6227.581,1770392039999,12300470.55318,22039,3400.079,6715248.41355,0
1770392040000,1976.76,1978.07,1975.43,1977.90,5853.987,1770392099999,11570572.71929,11169,4031.706,7968858.71757,0
1770392100000,1977.90,1980.00,1976.41,1978.97,6027.246,1770392159999,11924366.93287,16171,4090.800,8093110.86769,0
1770392160000,1978.96,1980.18,1976.52,1978.39,6359.886,1770392219999,12585162.86346,13996,3491.661,6909937.92637,0
1770392220000,1978.38,1978.92,1974.46,1977.79,12004.913,1770392279999,23727932.17193,14500,6763.038,13368512.96124,0
1770392280000,1977.78,1979.21,1975.23,1977.41,5152.876,1770392339999,10188344.24967,11879,2748.063,5433605.57611,0
1770392340000,1977.42,1985.90,1976.22,1982.03,12959.951,1770392399999,25682249.14663,19180,8581.496,17005046.79087,0
1770392400000,1982.02,1982.58,1976.00,1978.17,6145.328,1770392459999,12159191.20402,11733,2670.507,5283145.66251,0
1770392460000,1978.18,1981.87,1977.15,1980.47,3755.998,1770392519999,7435121.46144,10224,2200.289,4355750.76823,0
1770392520000,1980.48,1987.79,1978.78,1984.73,9670.158,1770392579999,19186903.20242,16411,5963.299,11833640.86239,0
1770392580000,1984.74,1990.65,1983.59,1988.60,18485.324,1770392639999,36741916.47811,19488,12421.364,24692150.88690,0
1770392640000,1988.58,1988.59,1983.60,1986.59,6691.628,1770392699999,13290050.79085,11413,2794.782,5549930.38368,0
1770392700000,1986.60,1993.52,1983.20,1990.61,14131.284,1770392759999,28106296.16993,16841,9026.353,17958129.28001,0
1770392760000,1990.62,1994.31,1988.67,1993.04,11918.155,1770392819999,23740424.92986,16706,6628.717,13203907.95950,0
1770392820000,1993.03,1996.32,1987.45,1996.31,13339.899,1770392879999,26560885.22313,15607,5967.132,11885907.12681,0
1770392880000,1996.31,1996.40,1985.30,1987.46,11442.201,1770392939999,22769506.25215,19297,3207.155,6382368.83405,0
1770392940000,1987.45,1992.72,1987.20,1991.42,5170.731,1770392999999,10291149.00673,12450,2655.292,5284364.29350,0
1770393000000,1991.41,1991.41,1982.30,1982.37,13983.572,1770393059999,27779828.29025,20432,4119.688,8183610.67493,0
1770393060000,1982.38,1987.10,1982.38,1986.87,6876.630,1770393119999,13649443.32149,13838,3403.133,6755541.75437,0
1770393120000,1986.88,1988.31,1980.00,1980.13,10030.565,1770393179999,19887917.62625,15696,3342.356,6630359.04265,0
1770393180000,1980.13,1981.00,1973.55,1974.20,12852.522,1770393239999,25412881.61208,20807,4398.052,8695752.81508,0
1770393240000,1974.21,1975.99,1973.00,1974.71,7295.628,1770393299999,14405046.75975,12679,3842.767,7587521.21145,0
1770393300000,1974.70,1979.89,1973.71,1979.89,6683.058,1770393359999,13207769.85996,12414,4035.245,7975689.52470,0
1770393360000,1979.89,1982.00,1979.16,1980.37,5369.352,1770393419999,10634469.99940,11828,2685.654,5319029.24228,0
1770393420000,1980.36,1982.81,1979.62,1982.71,4699.934,1770393479999,9311608.99730,9905,2798.020,5543787.14627,0
1770393480000,1982.71,1983.11,1978.93,1981.24,3272.278,1770393539999,6480967.48067,10879,1372.584,2718551.58768,0
1770393540000,1981.24,1982.35,1978.14,1979.49,3096.824,1770393599999,6132069.34627,10846,1647.540,3262050.87707,0
1770393600000,1979.49,1980.34,1969.99,1975.26,17695.607,1770393659999,34925982.80192,24580,7015.188,13847761.83275,0
1770393660000,1975.26,1983.00,1974.80,1983.00,7246.005,1770393719999,14343686.57220,18484,4539.638,8986215.44333,0
1770393720000,1983.00,1987.58,1981.23,1987.27,15903.633,1770393779999,31577986.08112,21102,11485.793,22805394.77376,0
1770393780000,1987.27,1987.75,1981.00,1986.78,9302.401,1770393839999,18458931.74180,15914,4463.440,8855603.89691,0
1770393840000,1986.79,1991.86,1984.10,1991.12,13829.224,1770393899999,27510495.95801,18026,8325.778,16559521.77884,0
1770393900000,1991.11,1993.76,1988.30,1989.09,15580.838,1770393959999,31025313.62427,20552,6230.986,12407428.38953,0
1770393960000,1989.10,1995.57,1988.66,1995.56,8931.977,1770394019999,17796471.86147,16618,5451.541,10862126.02021,0
1770394020000,1995.57,1996.93,1992.90,1996.83,6986.719,1770394079999,13935952.82109,13698,3910.844,7800907.48184,0
1770394080000,1996.83,2004.22,1990.65,1993.30,25769.536,1770394139999,51494671.63063,33499,14427.066,28844202.30263,0
1770394140000,1993.30,1998.77,1992.68,1997.79,6849.410,1770394199999,13670434.05765,16918,3392.862,6771926.58334,0
1770394200000,1997.79,2005.86,1995.84,2004.21,13257.447,1770394259999,26523984.50238,22336,8834.841,17681472.27025,0
1770394260000,2004.20,2004.79,1995.60,2002.56,18194.910,1770394319999,36388532.15630,28770,7246.604,14498117.12004,0
1770394320000,2002.56,2003.05,1997.67,2000.00,9300.161,1770394379999,18600629.01013,18364,3223.502,6446662.17122,0
1770394380000,2000.00,2001.72,1998.00,1999.54,5902.848,1770394439999,11806286.12505,13140,3008.439,6017309.32604,0
1770394440000,1999.54,2000.30,1996.12,1997.12,6206.748,1770394499999,12398010.30876,16005,2846.521,5686094.81791,0
1770394500000,1997.13,1997.83,1990.62,1994.66,17674.487,1770394559999,35223836.41988,23526,6560.671,13075024.07206,0
1770394560000,1994.66,2000.23,1994.25,1996.70,14416.166,1770394619999,28812851.75759,17685,5592.374,11173950.22188,0
1770394620000,1996.71,1996.92,1990.22,1993.45,6781.776,1770394679999,13514638.77275,15784,3054.470,6086923.46694,0
1770394680000,1993.45,2002.44,1992.73,2002.15,8999.720,1770394739999,17993988.62777,17424,6363.838,12725445.65264,0
1770394740000,2002.14,2006.10,1997.98,2004.46,10978.679,1770394799999,21977571.58724,20282,7138.942,14294403.62232,0
1770394800000,2004.45,2007.80,2002.47,2005.85,23127.376,1770394859999,46381719.99197,31096,14977.298,30038202.06243,0
1770394860000,2005.86,2016.00,2005.86,2011.11,32753.082,1770394919999,65875166.76941,39793,24783.924,49845852.25610,0
1770394920000,2011.10,2012.16,2006.60,2009.72,13673.243,1770394979999,27468789.32041,25296,5884.284,11821308.50852,0
1770394980000,2009.72,2015.45,2008.90,2013.32,17450.283,1770395039999,35129166.66971,20704,8298.466,16701014.28329,0
1770395040000,2013.32,2013.45,2008.77,2012.85,8512.753,1770395099999,17119974.68867,16314,4425.508,8901095.99209,0
1770395100000,2012.85,2012.85,2009.10,2011.90,20411.698,1770395159999,41048088.63951,20567,10460.421,21034876.94497,0
1770395160000,2011.90,2025.76,2011.24,2025.13,42282.643,1770395219999,85395865.27199,45682,27309.517,55157564.07473,0
1770395220000,2025.13,2030.70,2024.15,2030.41,30613.537,1770395279999,62080502.73890,34434,16930.141,34337164.12163,0
1770395280000,2030.42,2044.45,2029.09,2035.07,55259.554,1770395339999,112549956.73862,51049,29731.366,60548314.31741,0
1770395340000,2035.08,2037.84,2028.06,2031.20,22440.709,1770395399999,45627497.79245,24481,7392.249,15027335.49392,0
1770395400000,2031.21,2031.21,2023.95,2029.91,18174.030,1770395459999,36843551.74845,27181,7037.211,14270565.30639,0
1770395460000,2029.90,2031.97,2023.77,2026.51,11207.292,1770395519999,22723687.30091,22445,5937.187,12038522.29399,0
1770395520000,2026.51,2031.75,2021.75,2030.48,17254.298,1770395579999,34958322.53404,24360,9785.542,19824774.69794,0
1770395580000,2030.47,2033.19,2022.25,2028.13,20264.613,1770395639999,41099869.95968,28636,8717.332,17688841.47674,0
1770395640000,2028.10,2031.41,2026.60,2031.19,11908.707,1770395699999,24167811.17047,18716,7400.125,15017621.59546,0
1770395700000,2031.20,2033.00,2027.32,2030.30,8583.757,1770395759999,17429224.67728,19044,4600.756,9341825.62216,0
1770395760000,2030.29,2035.99,2030.05,2034.74,10073.263,1770395819999,20484736.51203,20344,6062.156,12328363.48442,0
1770395820000,2034.75,2036.23,2031.56,2035.12,15292.293,1770395879999,31107559.57448,16467,4495.610,9142821.24607,0
1770395880000,2035.13,2041.23,2034.07,2037.35,13602.193,1770395939999,27725290.47285,23862,9132.533,18615921.94508,0
1770395940000,2037.35,2037.36,2030.00,2031.73,25885.811,1770395999999,52634343.48733,20196,4992.841,10149972.02461,0
1770396000000,2031.73,2031.73,2025.80,2028.31,13986.420,1770396059999,28367425.02303,20302,5151.959,10448269.89183,0
1770396060000,2028.31,2032.00,2028.00,2029.71,7689.594,1770396119999,15607353.90298,15134,4981.603,10111413.05994,0
1770396120000,2029.71,2033.19,2025.70,2025.90,11633.950,1770396179999,23616696.72772,18319,7596.381,15421144.34951,0
1770396180000,2025.89,2032.51,2025.89,2030.58,7232.849,1770396239999,14679523.76709,14260,4137.617,8396708.95186,0
1770396240000,2030.58,2034.47,2027.63,2032.93,12223.362,1770396299999,24831671.09523,17679,7584.637,15406538.67964,0
1770396300000,2032.93,2035.00,2029.83,2033.75,7307.559,1770396359999,14855979.69435,15877,4611.534,9374459.31500,0
1770396360000,2033.75,2035.55,2030.73,2034.08,5086.353,1770396419999,10340491.72600,13465,2628.816,5344727.77002,0
1770396420000,2034.08,2036.78,2029.55,2034.76,5985.366,1770396479999,12165136.77497,14711,2883.762,5862204.90617,0
1770396480000,2034.76,2038.99,2031.76,2037.23,9884.210,1770396539999,20120812.52634,19671,5966.452,12145174.50301,0
1770396540000,2037.24,2037.24,2030.56,2035.25,8202.257,1770396599999,16676240.05128,18793,4646.627,9448128.65644,0
1770396600000,2035.25,2035.25,2029.86,2032.76,8538.708,1770396659999,17352355.16589,15047,4297.895,8734497.84979,0
1770396660000,2032.77,2033.84,2029.04,2031.41,5819.303,1770396719999,11820789.02048,13749,2460.964,4998851.55509,0
1770396720000,2031.40,2035.01,2029.21,2034.65,8657.451,1770396779999,17593590.90361,13916,6149.197,12497769.92586,0
1770396780000,2034.66,2047.25,2033.94,2042.68,38088.754,1770396839999,77787663.37827,39776,19390.980,39588417.60094,0
1770396840000,2042.69,2045.69,2040.07,2043.87,13861.686,1770396899999,28318231.27029,19627,8720.872,17816587.31666,0
1770396900000,2043.87,2045.99,2037.34,2039.51,22192.357,1770396959999,45300112.88479,19113,5239.899,10695557.94494,0
1770396960000,2039.51,2040.72,2032.38,2034.06,9965.403,1770397019999,20291817.50982,18085,4013.385,8173886.78612,0
1770397020000,2034.06,2034.06,2024.01,2026.39,17317.041,1770397079999,35097983.06865,26460,5968.667,12095282.85079,0
1770397080000,2026.38,2031.78,2025.94,2030.99,7989.532,1770397139999,16208636.65243,15777,5513.957,11185835.45913,0
1770397140000,2030.99,2035.87,2030.55,2034.94,8192.431,1770397199999,16662113.16177,14123,5164.658,10503076.84226,0
1770397200000,2034.96,2036.18,2030.00,2030.26,10699.917,1770397259999,21751836.08927,21137,4457.752,9064377.57670,0
1770397260000,2030.26,2031.36,2027.16,2030.23,16917.063,1770397319999,34334917.00667,17588,3296.032,6688082.16644,0
1770397320000,2030.23,2034.62,2026.80,2034.61,6790.312,1770397379999,13786433.05335,14281,4067.325,8259955.60144,0
1770397380000,2034.61,2037.85,2031.36,2033.49,7400.572,1770397439999,15058613.44104,17156,4142.977,8430691.08297,0
1770397440000,2033.49,2035.77,2031.96,2033.51,5247.750,1770397499999,10673934.40461,11964,3379.743,6874555.50920,0
1770397500000,2033.50,2039.94,2030.93,2031.21,12687.447,1770397559999,25816366.49322,17022,6831.161,13900678.46222,0
1770397560000,2031.21,2033.65,2030.28,2031.50,9063.860,1770397619999,18418324.38062,14486,5063.604,10288796.69461,0
1770397620000,2031.49,2034.97,2030.53,2034.31,4505.214,1770397679999,9160712.93962,9796,2915.546,5927948.20629,0
1770397680000,2034.31,2039.99,2032.63,2039.57,9452.481,1770397739999,19251473.36876,16135,5169.891,10530133.57894,0
1770397740000,2039.58,2044.50,2039.39,2044.13,11164.010,1770397799999,22794718.27573,20011,6967.714,14225874.71057,0
1770397800000,2044.10,2049.03,2042.80,2045.53,15570.056,1770397859999,31865711.23829,25945,9831.800,20122568.53418,0
1770397860000,2045.52,2052.90,2041.80,2048.47,18938.803,1770397919999,38780350.12563,28154,12424.992,25446100.41673,0
1770397920000,2048.48,2049.26,2042.86,2043.24,8588.030,1770397979999,17565258.94441,18548,3511.625,7183905.74790,0
1770397980000,2043.25,2045.15,2038.48,2039.86,10568.373,1770398039999,21572727.62126,21121,3602.445,7353988.73881,0
1770398040000,2039.86,2043.35,2039.32,2041.41,5479.649,1770398099999,11187144.41701,12997,3593.380,7336139.40558,0
1770398100000,2041.40,2048.00,2040.03,2046.63,9779.679,1770398159999,19986541.13116,18424,6162.232,12592373.43480,0
1770398160000,2046.64,2058.00,2045.59,2051.82,35734.688,1770398219999,73328020.29752,32526,22269.226,45715391.38471,0
1770398220000,2051.82,2057.32,2050.28,2056.08,17755.795,1770398279999,36459516.04329,25878,12471.658,25610852.93861,0
1770398280000,2056.09,2057.85,2053.32,2056.65,10001.121,1770398339999,20559971.88081,22912,4953.464,10183744.91639,0
1770398340000,2056.66,2062.62,2054.84,2056.70,17305.669,1770398399999,35637791.59413,29609,10791.366,22223418.20841,0
1770398400000,2056.71,2058.39,2053.33,2057.12,8071.255,1770398459999,16591960.41909,18282,4170.999,8575286.79867,0
1770398460000,2057.13,2063.00,2055.65,2059.55,10146.795,1770398519999,20899929.45654,20807,5563.548,11459382.91981,0
1770398520000,2059.56,2060.70,2052.69,2056.02,10668.476,1770398579999,21940218.15755,21219,4800.217,9874984.38182,0
1770398580000,2056.01,2057.55,2054.75,2057.49,5500.860,1770398639999,11310672.15422,12970,2923.125,6010291.41907,0
1770398640000,2057.50,2059.37,2055.33,2056.83,13605.660,1770398699999,27994963.45056,18324,6851.830,14096418.56412,0
1770398700000,2056.83,2059.20,2053.08,2056.27,10482.623,1770398759999,21548506.36694,20162,5317.968,10932508.75554,0
1770398760000,2056.28,2059.86,2054.42,2058.35,4843.253,1770398819999,9963818.96314,13522,2665.362,5483840.56758,0
1770398820000,2058.35,2071.21,2056.66,2068.31,27636.816,1770398879999,57107130.27161,36604,19772.638,40861287.88121,0
1770398880000,2068.32,2071.98,2065.43,2068.01,21838.219,1770398939999,45183347.29479,22173,8561.579,17712813.39866,0
1770398940000,2068.00,2071.29,2066.17,2069.34,8179.590,1770398999999,16921535.40010,21625,4979.997,10302759.07213,0
1770399000000,2069.34,2075.77,2067.49,2075.50,16698.779,1770399059999,34596513.91339,26424,11764.383,24376649.84555,0
1770399060000,2075.49,2083.03,2072.59,2082.20,34730.070,1770399119999,72198574.04735,43470,23321.763,48484193.21889,0
1770399120000,2082.20,2087.37,2078.46,2085.57,25667.413,1770399179999,53468744.48541,30625,13977.784,29122680.08042,0
1770399180000,2085.57,2090.00,2081.31,2085.00,43182.180,1770399239999,90107712.35926,47899,30822.109,64327534.49530,0
1770399240000,2086.47,2090.00,2078.24,2078.24,24622.538,1770399299999,51333970.53553,34334,12708.398,26507363.91965,0
1770399300000,2078.24,2078.43,2063.49,2065.03,30276.187,1770399359999,62688676.84319,43558,10611.042,21970271.29335,0
1770399360000,2065.03,2069.62,2061.70,2064.00,17770.934,1770399419999,36700504.33985,33715,8742.194,18059193.06873,0
1770399420000,2063.97,2070.29,2063.45,2066.82,11440.286,1770399479999,23650704.42130,20050,5695.362,11773634.29477,0
1770399480000,2066.83,2076.25,2066.39,2075.51,11919.440,1770399539999,24695442.45073,21901,6527.405,13521227.43287,0
1770399540000,2075.51,2080.00,2071.72,2072.38,19054.773,1770399599999,39560863.48641,27724,10559.578,21924546.70004,0
1770399600000,2072.39,2076.42,2068.36,2075.52,12205.014,1770399659999,25295592.56949,24918,6472.884,13415723.60440,0
1770399660000,2075.51,2081.00,2074.60,2080.41,12850.312,1770399719999,26703007.21638,20906,7811.745,16234607.81481,0
1770399720000,2080.42,2086.00,2078.80,2083.22,9597.658,1770399779999,19989344.12286,18986,5656.757,11781084.15202,0
1770399780000,2083.22,2083.78,2079.00,2079.93,8166.963,1770399839999,16996591.65099,15685,4550.490,9471681.90609,0
1770399840000,2079.93,2080.15,2075.68,2078.40,9118.940,1770399899999,18947014.58596,20339,4671.194,9705376.94898,0
1770399900000,2078.39,2082.79,2078.00,2078.24,5461.413,1770399959999,11364097.47506,14992,3045.176,6336508.22587,0
1770399960000,2078.24,2081.79,2075.84,2079.63,5190.983,1770400019999,10793628.01606,15183,2619.528,5447073.81030,0
1770400020000,2079.63,2082.11,2072.04,2076.88,11051.340,1770400079999,22934012.10136,17131,3827.037,7943560.59116,0
1770400080000,2076.88,2079.94,2074.56,2074.56,5977.461,1770400139999,12421820.25466,16841,2682.860,5575359.88252,0
1770400140000,2074.55,2075.20,2066.85,2072.24,13683.769,1770400199999,28328881.25596,30358,5285.017,10940635.21363,0
1770400200000,2072.25,2072.93,2064.51,2066.21,8718.566,1770400259999,18033526.52440,19062,3322.627,6875873.09662,0
1770400260000,2066.21,2072.94,2065.79,2072.35,5825.012,1770400319999,12050494.29809,14467,3678.632,7610356.54487,0
1770400320000,2072.34,2072.71,2066.58,2066.69,4375.499,1770400379999,9058098.82457,12587,1940.617,4018242.40090,0
1770400380000,2066.69,2066.70,2060.00,2061.62,13892.622,1770400439999,28663785.04789,20830,3831.674,7904870.18371,0
1770400440000,2061.62,2064.78,2060.91,2063.57,5349.559,1770400499999,11036968.64592,12856,2959.825,6106405.85309,0
1770400500000,2063.57,2068.58,2061.30,2061.30,13755.325,1770400559999,28405610.16010,23256,6433.931,13286721.65070,0
1770400560000,2061.30,2064.38,2056.93,2063.54,12334.813,1770400619999,25402675.80230,24058,5358.624,11038052.34545,0
1770400620000,2063.55,2074.01,2063.55,2071.23,24043.280,1770400679999,49780849.56788,23426,15871.026,32858392.51182,0
1770400680000,2071.23,2071.97,2067.71,2068.21,5019.487,1770400739999,10389504.95099,11816,1944.553,4025195.08401,0
1770400740000,2068.22,2070.25,2066.09,2066.53,3097.476,1770400799999,6406721.66605,11115,1916.059,3963379.87944,0
1770400800000,2066.53,2070.00,2065.69,2066.29,4711.740,1770400859999,9741585.87623,17534,2594.494,5364408.09853,0
1770400860000,2066.29,2068.16,2062.92,2063.35,10108.180,1770400919999,20873468.82475,22111,3385.064,6990870.51408,0
1770400920000,2063.35,2067.20,2062.00,2062.51,5754.966,1770400979999,11880654.75401,15842,2772.514,5724282.58071,0
1770400980000,2062.51,2064.14,2058.57,2060.00,10927.892,1770401039999,22520646.75853,15730,3935.641,8111045.90223,0
1770401040000,2060.00,2060.12,2052.90,2054.57,18774.448,1770401099999,38592495.09576,30201,7653.929,15732975.84061,0
1770401100000,2054.57,2055.93,2050.00,2050.53,16921.567,1770401159999,34739937.33106,27562,7286.235,14959688.68738,0
1770401160000,2050.53,2051.16,2040.76,2043.25,39588.655,1770401219999,80980277.09689,64197,15600.638,31904818.34279,0
1770401220000,2043.26,2044.21,2035.69,2036.88,29009.512,1770401279999,59149637.04893,42538,11604.820,23660638.92567,0
1770401280000,2036.88,2041.00,2032.95,2037.07,31754.790,1770401339999,64671011.85495,41317,16922.182,34470867.58375,0
1770401340000,2037.08,2037.11,2030.21,2033.20,20069.626,1770401399999,40810953.61459,33556,8923.353,18146161.93239,0
1770401400000,2033.21,2045.65,2033.21,2042.02,28492.482,1770401459999,58162035.39689,38489,15606.363,31856614.06857,0
1770401460000,2042.02,2045.61,2040.54,2040.65,8700.922,1770401519999,17775847.18331,23767,3545.145,7243243.40465,0
1770401520000,2040.65,2047.89,2040.65,2046.16,12235.790,1770401579999,25031920.97255,25349,7706.689,15764133.93923,0
1770401580000,2046.17,2046.47,2040.01,2041.55,8008.465,1770401639999,16361457.56516,21621,3344.637,6833299.62393,0
1770401640000,2041.55,2048.99,2041.02,2048.56,12083.149,1770401699999,24724129.72397,23388,9106.229,18634055.85073,0
1770401700000,2048.57,2049.20,2043.17,2046.06,9127.732,1770401759999,18675957.69010,24442,4103.040,8396461.78791,0
1770401760000,2046.07,2047.35,2040.39,2045.58,5021.290,1770401819999,10265680.73760,22989,2098.622,4290090.12931,0
1770401820000,2045.57,2048.69,2045.13,2046.29,5558.463,1770401879999,11377937.09895,18801,3075.920,6296212.73562,0
1770401880000,2046.29,2047.84,2043.05,2043.54,3584.778,1770401939999,7333874.51740,15987,1498.660,3066273.71850,0
1770401940000,2043.54,2045.31,2038.86,2040.40,9290.985,1770401999999,18966853.34528,21577,3234.450,6604465.47322,0
1770402000000,2040.40,2042.35,2036.61,2039.60,11248.571,1770402059999,22942417.25877,24917,4977.691,10154808.69731,0
1770402060000,2039.61,2041.04,2034.00,2036.72,18138.990,1770402119999,36933640.38952,27513,7564.906,15402930.60725,0
1770402120000,2036.72,2039.40,2032.68,2035.19,12728.201,1770402179999,25916773.72920,27809,4922.116,10022847.84795,0
1770402180000,2035.18,2037.60,2033.74,2034.06,8118.825,1770402239999,16523800.07622,22800,3967.900,8075886.87732,0
1770402240000,2034.06,2034.43,2031.40,2033.96,11784.899,1770402299999,23955566.35020,23421,5426.305,11029745.99313,0
1770402300000,2033.97,2039.10,2032.11,2034.38,11382.716,1770402359999,23168657.42043,28026,5243.260,10672413.34905,0
1770402360000,2034.38,2037.99,2030.76,2033.53,8503.069,1770402419999,17298512.13854,24866,3873.932,7880543.34766,0
1770402420000,2033.52,2036.21,2029.67,2032.55,8877.318,1770402479999,18040561.21604,19816,3657.446,7435169.00355,0
1770402480000,2032.55,2037.00,2032.55,2035.64,4319.709,1770402539999,8790278.26776,16226,2524.882,5137649.84049,0
1770402540000,2035.63,2043.16,2034.86,2037.96,8755.822,1770402599999,17858760.40406,20818,6278.434,12806935.20597,0
1770402600000,2037.96,2039.29,2036.20,2036.64,4646.155,1770402659999,9466664.48209,15342,1875.976,3821998.97837,0
1770402660000,2036.65,2038.64,2034.81,2036.39,5298.200,1770402719999,10790527.74422,15406,2675.474,5448914.68240,0
1770402720000,2036.40,2039.10,2033.00,2036.39,5748.411,1770402779999,11705357.61029,17990,3244.542,6608315.37705,0
1770402780000,2036.38,2041.07,2034.01,2041.07,8517.980,1770402839999,17349490.58703,15071,5622.664,11451521.74543,0
1770402840000,2041.09,2048.31,2041.09,2047.40,13945.569,1770402899999,28523261.68475,31211,8475.816,17336267.94235,0
1770402900000,2047.40,2047.40,2042.91,2045.74,5704.632,1770402959999,11665380.51749,16551,3140.501,6421783.09116,0
1770402960000,2045.73,2049.93,2045.04,2048.14,8092.882,1770403019999,16572638.66971,17714,4474.817,9163943.26617,0
1770403020000,2048.14,2053.47,2047.35,2052.38,10554.751,1770403079999,21636922.92542,21861,6464.586,13253916.60002,0
1770403080000,2052.38,2061.58,2050.01,2056.03,16007.387,1770403139999,32919229.72955,33380,9621.936,19787817.84470,0
1770403140000,2056.02,2060.11,2053.33,2058.63,8448.550,1770403199999,17380734.38596,24138,4370.358,8991528.37519,0
1770403200000,2058.63,2061.09,2055.00,2060.26,5892.861,1770403259999,12129685.20042,16210,2875.263,5918563.04122,0
1770403260000,2060.25,2060.80,2052.54,2052.73,13075.989,1770403319999,26878595.09888,19407,3822.106,7855509.27312,0
1770403320000,2052.73,2055.45,2051.46,2054.95,8456.965,1770403379999,17365668.38586,14766,3780.122,7761513.77730,0
1770403380000,2054.96,2056.27,2053.85,2054.25,4474.865,1770403439999,9197272.92699,7820,2527.431,5194605.56298,0
1770403440000,2054.26,2056.84,2053.62,2053.99,6002.693,1770403499999,12336285.21838,12500,4429.831,9104323.51317,0
1770403500000,2053.98,2059.49,2053.85,2057.78,13477.082,1770403559999,27717678.19041,16280,5931.780,12201226.96387,0
1770403560000,2057.78,2057.82,2051.00,2052.95,9391.207,1770403619999,19293215.99643,15457,2525.199,5186668.63538,0
1770403620000,2052.95,2056.74,2051.60,2055.54,7697.293,1770403679999,15814707.83632,15603,3488.215,7165045.29528,0
1770403680000,2055.54,2057.04,2054.93,2055.82,4223.907,1770403739999,8685448.46675,11944,2270.956,4669474.69745,0
1770403740000,2055.81,2057.46,2054.00,2054.89,5411.216,1770403799999,11124258.30077,13769,1996.786,4104404.34670,0
1770403800000,2054.88,2056.12,2052.94,2052.99,3837.337,1770403859999,7885296.90951,11154,1746.171,3588719.39496,0
1770403860000,2052.98,2053.00,2046.16,2048.39,12308.931,1770403919999,25222291.44699,22830,4752.090,9736756.72248,0
1770403920000,2048.38,2048.66,2042.59,2046.39,10359.297,1770403979999,21190512.39436,19854,4911.542,10046269.96731,0
1770403980000,2046.40,2047.96,2043.97,2047.80,4115.195,1770404039999,8420335.53013,12075,1702.642,3483829.52193,0
1770404040000,2047.79,2047.95,2043.09,2046.80,6953.264,1770404099999,14223804.03022,14142,2919.334,5972067.24435,0
1770404100000,2046.80,2049.91,2046.15,2046.34,2886.133,1770404159999,5910933.11493,11610,1799.312,3685247.06835,0
1770404160000,2046.34,2046.99,2043.95,2045.19,4103.742,1770404219999,8394668.39672,11145,1718.064,3514213.22217,0
1770404220000,2045.19,2046.10,2041.24,2045.00,5027.902,1770404279999,10273127.35172,12776,2345.732,4793393.20752,0
1770404280000,2044.99,2045.56,2042.60,2043.77,2851.762,1770404339999,5828759.33011,9534,1262.005,2579426.72782,0
1770404340000,2043.77,2045.00,2043.35,2044.21,4302.185,1770404399999,8794092.75013,8224,1512.135,3090982.04403,0
1770404400000,2044.21,2046.71,2042.65,2046.13,3095.463,1770404459999,6329822.99587,13367,1650.868,3375964.41726,0
1770404460000,2046.12,2049.61,2041.98,2048.81,4312.226,1770404519999,8820214.99613,17107,2568.744,5254979.23083,0
1770404520000,2048.81,2051.50,2046.65,2049.36,6105.845,1770404579999,12513430.60507,15065,3232.968,6625870.02308,0
1770404580000,2049.37,2051.72,2046.73,2048.60,2584.558,1770404639999,5296929.38008,12131,1205.916,2471651.19869,0
1770404640000,2048.60,2049.40,2046.91,2048.99,2388.404,1770404699999,4891910.33538,11026,859.957,1761419.40827,0
1770404700000,2049.00,2049.66,2045.09,2045.49,3781.841,1770404759999,7743348.51390,11718,1312.857,2687907.53499,0
1770404760000,2045.48,2051.70,2043.81,2050.46,4946.285,1770404819999,10129173.60852,17489,3070.962,6290430.64228,0
1770404820000,2050.45,2051.42,2047.11,2049.09,4526.149,1770404879999,9277144.61196,12713,2434.047,4988918.74693,0
1770404880000,2049.09,2051.07,2047.69,2050.56,3551.021,1770404939999,7278544.87349,9751,2676.758,5486778.14785,0
1770404940000,2050.57,2050.57,2042.10,2042.42,5860.623,1770404999999,11983720.73539,14675,2498.093,5106249.63088,0
1770405000000,2042.41,2042.86,2036.60,2037.80,10105.157,1770405059999,20602914.91158,22718,4008.924,8173197.68377,0
1770405060000,2037.79,2045.77,2037.79,2044.92,4982.599,1770405119999,10179819.44429,14865,2151.737,4395645.58178,0
1770405120000,2044.92,2045.56,2040.91,2041.68,2251.775,1770405179999,4599629.91568,10091,1052.358,2149741.70521,0
1770405180000,2041.67,2041.68,2038.38,2038.69,4498.008,1770405239999,9175546.73340,11826,2511.456,5123380.99723,0
1770405240000,2038.68,2041.38,2037.02,2041.38,4359.627,1770405299999,8888487.38085,10667,2791.496,5691230.38628,0
1770405300000,2041.37,2041.61,2039.29,2039.92,1927.624,1770405359999,3933131.98924,8426,936.201,1910117.68782,0
1770405360000,2039.93,2040.73,2034.00,2034.38,6239.812,1770405419999,12712730.56162,14780,2122.467,4324590.71919,0
1770405420000,2034.38,2037.60,2033.08,2035.82,6953.475,1770405479999,14151659.39319,16392,3771.445,7675096.06569,0
1770405480000,2035.82,2037.65,2032.30,2035.36,4118.775,1770405539999,8381262.55507,14333,2119.468,4312815.17802,0
1770405540000,2035.35,2040.76,2034.23,2040.11,4648.041,1770405599999,9474827.02809,14637,2656.747,5415497.15610,0
1770405600000,2040.11,2044.00,2038.93,2042.86,6827.220,1770405659999,13939928.77850,17993,4199.492,8573590.69338,0
1770405660000,2042.87,2042.87,2037.76,2038.97,3112.900,1770405719999,6351382.95946,11996,1403.554,2863840.91153,0
1770405720000,2038.96,2044.00,2038.04,2043.65,2566.672,1770405779999,5240580.54046,11652,1422.915,2905481.02823,0
1770405780000,2043.64,2050.08,2042.98,2047.21,10467.475,1770405839999,21421189.73693,14873,7653.281,15661161.70707,0
1770405840000,2047.21,2051.82,2047.21,2050.80,6720.574,1770405899999,13772205.36827,13026,4085.356,8371934.66737,0
1770405900000,2050.81,2054.44,2048.13,2054.43,11216.717,1770405959999,23012327.79774,17483,6287.159,12901798.26687,0
1770405960000,2054.44,2058.63,2053.17,2057.30,23978.092,1770406019999,49301869.38642,23315,11280.813,23192297.83428,0
1770406020000,2057.30,2057.36,2050.50,2050.54,5810.626,1770406079999,11929472.10927,11932,2089.220,4289492.87805,0
1770406080000,2050.53,2051.77,2050.00,2051.01,2065.796,1770406139999,4236285.23181,5379,1259.736,2583348.73729,0
1770406140000,2051.01,2052.78,2050.22,2051.52,5138.290,1770406199999,10540600.07563,10066,2910.868,5971421.71691,0
1770406200000,2051.52,2052.42,2047.14,2051.78,3526.278,1770406259999,7228691.30754,14796,1823.065,3736951.32330,0
1770406260000,2051.78,2053.30,2049.28,2049.70,4560.563,1770406319999,9358127.03275,13498,2562.660,5258469.77944,0
1770406320000,2049.70,2053.09,2049.22,2053.09,4192.326,1770406379999,8599453.01981,9217,3024.875,6205232.26614,0
1770406380000,2053.09,2055.42,2052.15,2053.00,2913.924,1770406439999,5984767.45112,10810,1529.210,3140927.00730,0
1770406440000,2053.01,2055.83,2051.63,2053.74,2773.720,1770406499999,5696989.33768,10032,1916.152,3935214.73462,0
1770406500000,2053.73,2054.84,2053.01,2053.90,2065.689,1770406559999,4242662.23902,9225,1112.735,2285325.60346,0
1770406560000,2053.90,2055.52,2050.30,2051.51,4385.804,1770406619999,9002377.12048,11064,1564.110,3211750.11835,0
1770406620000,2051.51,2052.52,2049.30,2051.30,5563.185,1770406679999,11412076.39316,10753,2544.078,5218329.50145,0
1770406680000,2051.30,2054.49,2050.90,2053.41,3727.999,1770406739999,7652682.29941,8685,2774.570,5695472.98887,0
1770406740000,2053.40,2054.49,2052.45,2054.49,1940.977,1770406799999,3985760.75415,6675,1138.407,2337673.83538,0
1770406800000,2054.49,2054.49,2048.85,2049.90,2895.452,1770406859999,5937801.50766,9184,1012.832,2076753.70517,0
1770406860000,2049.90,2052.65,2048.63,2051.54,3601.917,1770406919999,7387577.13077,9917,2057.153,4219077.60563,0
1770406920000,2051.55,2054.95,2051.54,2053.64,2009.608,1770406979999,4126591.11012,9771,1228.900,2523585.90695,0
1770406980000,2053.64,2055.44,2050.80,2055.00,3552.430,1770407039999,7292319.06460,11055,2015.543,4138228.20959,0
1770407040000,2055.00,2055.26,2052.24,2053.40,1734.377,1770407099999,3562008.25311,7384,979.468,2011521.58045,0
1770407100000,2053.41,2056.25,2053.10,2053.12,2151.068,1770407159999,4419452.13900,10599,1242.129,2552139.27791,0
1770407160000,2053.11,2053.52,2051.26,2052.89,2470.226,1770407219999,5069822.06845,9279,1021.910,2097133.90857,0
1770407220000,2052.89,2059.06,2051.39,2057.48,11054.502,1770407279999,22736280.94444,14809,5658.044,11633499.27558,0
1770407280000,2057.48,2067.04,2054.43,2065.38,18961.829,1770407339999,39082094.90255,27361,11751.549,24224549.81575,0
1770407340000,2065.38,2067.95,2063.21,2063.47,13401.342,1770407399999,27677226.92586,25635,6996.981,14452393.31979,0
1770407400000,2063.47,2063.48,2057.76,2060.10,6877.406,1770407459999,14164916.95821,15407,2037.726,4197413.99118,0
1770407460000,2060.11,2062.70,2058.31,2062.15,2814.653,1770407519999,5800190.49928,9451,1729.657,3564187.05215,0
1770407520000,2062.16,2065.50,2061.78,2065.29,2203.964,1770407579999,4548761.45918,7985,1423.994,2938816.97832,0
1770407580000,2065.29,2069.10,2064.26,2067.02,5821.623,1770407639999,12033028.24681,15781,3624.874,7492876.45806,0
1770407640000,2067.02,2068.60,2063.01,2064.66,4603.798,1770407699999,9512472.50563,10066,1672.252,3455295.11249,0
1770407700000,2064.66,2066.14,2062.80,2065.14,2140.785,1770407759999,4419326.53867,7816,1214.806,2507969.60592,0
1770407760000,2065.13,2066.25,2061.78,2063.37,2600.005,1770407819999,5365860.46498,11056,1210.321,2498012.05484,0
1770407820000,2063.36,2072.00,2063.07,2067.59,9800.729,1770407879999,20267719.77030,16871,6807.168,14077486.51275,0
1770407880000,2067.58,2067.58,2064.07,2065.21,5384.800,1770407939999,11127693.98846,10314,1490.065,3078422.89774,0
1770407940000,2065.21,2068.03,2064.65,2065.15,14206.115,1770407999999,29359587.71797,10945,4646.841,9601408.28187,0
1770408000000,2065.14,2065.14,2062.00,2063.63,4897.453,1770408059999,10104316.58553,13545,2949.461,6085028.37629,0
1770408060000,2063.64,2065.82,2061.50,2065.14,2580.096,1770408119999,5325843.53883,10396,1450.214,2993585.95471,0
1770408120000,2065.14,2066.49,2062.79,2066.27,2740.531,1770408179999,5658524.06226,11920,1578.493,3259084.68583,0
1770408180000,2066.26,2067.72,2065.67,2065.71,3949.700,1770408239999,8163239.43377,10191,1649.651,3409753.26396,0
1770408240000,2065.71,2066.73,2061.87,2061.92,2022.895,1770408299999,4176549.61448,7588,998.879,2062171.51037,0
1770408300000,2061.91,2062.21,2057.90,2059.38,7365.951,1770408359999,15170298.83090,15774,2014.572,4148296.63948,0
1770408360000,2059.39,2059.99,2056.61,2057.65,3848.374,1770408419999,7920612.96833,12897,1635.089,3365406.35498,0
1770408420000,2057.65,2058.97,2056.06,2058.26,2881.199,1770408479999,5927391.57527,9148,1295.880,2665869.59403,0
1770408480000,2058.27,2058.56,2054.28,2055.36,4982.646,1770408539999,10241826.12491,13501,2159.990,4439609.95012,0
1770408540000,2055.36,2056.72,2054.00,2054.46,2667.913,1770408599999,5483327.67504,8792,839.364,1725345.35001,0
1770408600000,2054.45,2055.40,2053.06,2054.00,3201.053,1770408659999,6575679.17374,8440,1229.652,2526198.06242,0
1770408660000,2053.99,2056.10,2051.64,2053.60,3142.188,1770408719999,6451905.59414,9942,1363.226,2799614.91440,0
1770408720000,2053.59,2054.53,2051.08,2051.08,2061.903,1770408779999,4233318.80207,7882,970.301,1992197.43220,0
1770408780000,2051.08,2052.41,2048.42,2049.29,4455.740,1770408839999,9134283.15361,11724,1603.993,3288378.08316,0
1770408840000,2049.29,2053.35,2049.29,2052.02,1418.788,1770408899999,2911222.61194,6495,963.231,1976487.96715,0
1770408900000,2052.02,2052.26,2049.00,2051.27,2476.739,1770408959999,5079577.88429,10511,1072.730,2200031.51744,0
1770408960000,2051.27,2052.22,2045.65,2045.65,4227.558,1770409019999,8657546.27399,12891,1587.210,3250017.23449,0
1770409020000,2045.65,2049.35,2042.43,2048.79,5532.740,1770409079999,11316567.85995,17452,2176.532,4452662.23949,0
1770409080000,2048.78,2050.60,2047.63,2050.40,2939.424,1770409139999,6023395.20458,11146,1379.568,2827568.28892,0
1770409140000,2050.40,2050.40,2046.68,2049.04,1695.610,1770409199999,3473421.09056,8575,738.582,1512866.23164,0
1770409200000,2049.05,2052.77,2049.05,2050.57,3283.106,1770409259999,6735386.16602,11453,1682.918,3452454.06914,0
1770409260000,2050.57,2051.34,2046.75,2048.85,2651.867,1770409319999,5433260.46055,12165,1256.083,2573412.19570,0
1770409320000,2048.85,2050.65,2047.64,2049.97,2004.307,1770409379999,4106956.38767,8980,1250.403,2562188.30427,0
1770409380000,2049.98,2055.59,2049.58,2052.68,3765.084,1770409439999,7729997.94406,10883,2648.259,5436847.19960,0
1770409440000,2052.69,2054.72,2050.51,2051.47,3331.818,1770409499999,6839211.21476,10430,1627.415,3340634.96503,0
1770409500000,2051.46,2052.74,2048.25,2048.26,1770.628,1770409559999,3630659.68920,8639,714.524,1465302.75709,0
1770409560000,2048.25,2052.09,2047.23,2051.90,3396.800,1770409619999,6960286.96971,9270,2123.045,4350863.05571,0
1770409620000,2051.91,2054.22,2050.63,2052.98,1826.452,1770409679999,3748271.33744,9371,1021.696,2096880.91603,0
1770409680000,2052.98,2055.46,2052.52,2054.19,1654.834,1770409739999,3398733.02182,7854,861.975,1770384.89397,0
1770409740000,2054.20,2055.08,2052.50,2053.20,982.708,1770409799999,2018481.50292,5822,576.671,1184479.94157,0
1770409800000,2053.20,2053.62,2050.88,2052.05,1729.169,1770409859999,3548919.61104,11204,839.033,1722033.49146,0
1770409860000,2052.06,2054.17,2051.85,2052.75,1356.459,1770409919999,2784897.58892,7775,608.716,1249656.15642,0
1770409920000,2052.75,2054.99,2052.43,2053.93,2180.185,1770409979999,4477203.05856,6653,1448.507,2974716.50769,0
1770409980000,2053.92,2061.00,2051.60,2060.56,16049.356,1770410039999,33016747.77656,14072,12344.107,25393154.11910,0
1770410040000,2060.26,2080.08,2060.26,2076.64,68201.530,1770410099999,141203170.19012,52940,41868.156,86692448.32329,0
1770410100000,2076.64,2095.10,2073.92,2093.02,79101.967,1770410159999,164875106.96868,76306,51269.103,106879777.52187,0
1770410160000,2093.02,2094.00,2082.01,2084.29,25546.431,1770410219999,53362567.19077,37901,8377.050,17496834.55763,0
1770410220000,2084.30,2086.63,2080.26,2081.11,8828.626,1770410279999,18384429.91709,20572,4538.254,9448871.49498,0
1770410280000,2081.11,2081.87,2071.51,2071.73,12345.716,1770410339999,25624624.59012,26607,4414.615,9161985.13251,0
1770410340000,2071.73,2073.48,2071.25,2073.20,6575.324,1770410399999,13627215.62014,15181,3178.327,6586745.61179,0
1770410400000,2073.19,2073.19,2068.13,2068.85,8282.081,1770410459999,17144198.40615,20001,3081.777,6378812.68654,0
1770410460000,2068.84,2073.57,2065.57,2065.86,3799.985,1770410519999,7865121.14494,15780,1947.357,4031251.05047,0
1770410520000,2065.85,2070.25,2064.53,2064.55,6067.476,1770410579999,12543055.95572,15292,3559.088,7358056.21113,0
1770410580000,2064.54,2066.07,2062.29,2066.07,5252.992,1770410639999,10840607.84035,14354,3123.052,6445393.28620,0
1770410640000,2066.07,2067.52,2064.85,2067.50,4031.735,1770410699999,8330037.82098,13195,2000.240,4132844.84781,0
1770410700000,2067.50,2070.00,2066.14,2069.36,3642.836,1770410759999,7534006.13866,12819,2067.027,4275644.23758,0
1770410760000,2069.36,2069.54,2063.42,2066.57,5355.667,1770410819999,11065300.33344,14872,2669.388,5514962.12155,0
1770410820000,2066.57,2068.88,2065.07,2067.72,3302.696,1770410879999,6826752.63423,11599,2100.185,4341240.31578,0
1770410880000,2067.71,2067.71,2063.03,2065.00,2745.210,1770410939999,5668776.67625,11314,1027.421,2121544.95426,0
1770410940000,2065.00,2068.15,2064.38,2067.59,2198.403,1770410999999,4542238.84372,11068,1404.308,2901607.42381,0
1770411000000,2067.59,2069.44,2066.27,2069.36,3639.174,1770411059999,7525113.29820,13489,2336.073,4830491.16621,0
1770411060000,2069.36,2072.99,2067.37,2071.76,5278.771,1770411119999,10927451.56727,13483,3918.235,8111552.13785,0
1770411120000,2071.76,2074.93,2067.20,2068.06,6038.463,1770411179999,12508628.19061,17558,2756.489,5711426.94413,0
1770411180000,2068.06,2071.66,2067.31,2068.89,2688.634,1770411239999,5564273.03449,11649,1635.293,3384659.03036,0
1770411240000,2068.88,2068.88,2063.50,2063.91,3714.950,1770411299999,7673571.02754,12760,1513.061,3125285.73837,0
1770411300000,2063.91,2063.91,2058.96,2059.47,6172.255,1770411359999,12722517.50392,18540,1942.617,4004184.59169,0
1770411360000,2059.46,2059.77,2053.25,2054.94,9876.991,1770411419999,20310776.75614,22471,4289.359,8820262.06929,0
1770411420000,2054.95,2056.75,2051.27,2053.73,8560.139,1770411479999,17584264.70608,18253,2931.703,6022795.13735,0
1770411480000,2053.73,2056.36,2051.78,2056.31,4931.439,1770411539999,10128243.96140,14339,3111.448,6390684.18938,0
1770411540000,2056.30,2058.80,2053.11,2053.19,10302.522,1770411599999,21181749.88152,30338,5558.872,11427522.86652,0
1770411600000,2053.19,2057.64,2050.80,2057.25,8503.661,1770411659999,17470916.24429,25332,4387.689,9016555.13682,0
1770411660000,2057.26,2060.38,2055.06,2060.21,4826.111,1770411719999,9932853.06086,15237,2839.975,5845603.17568,0
1770411720000,2060.22,2061.45,2057.00,2059.94,7716.823,1770411779999,15892634.08217,16261,3482.343,7171698.39975,0
1770411780000,2059.94,2060.45,2056.84,2059.41,4120.945,1770411839999,8484596.55160,13021,1874.829,3859932.96230,0
1770411840000,2059.42,2059.50,2055.43,2056.90,5369.958,1770411899999,11050932.03291,12973,2106.691,4334279.94326,0
1770411900000,2056.90,2058.20,2053.53,2053.53,4737.574,1770411959999,9740811.50509,14475,1887.774,3881521.89827,0
1770411960000,2053.53,2053.97,2048.12,2048.22,5968.389,1770412019999,12239081.97532,15364,2036.991,4177281.41651,0
1770412020000,2048.22,2049.49,2041.41,2045.18,12572.371,1770412079999,25709353.83877,22448,4787.691,9787733.02721,0
1770412080000,2045.19,2051.64,2045.18,2049.94,4430.952,1770412139999,9079445.07779,13949,2955.929,6055861.28136,0
1770412140000,2049.94,2051.39,2047.42,2048.34,2675.023,1770412199999,5481405.14507,8599,1724.385,3533091.20304,0
1770412200000,2048.33,2053.93,2047.12,2052.60,3302.544,1770412259999,6774029.47248,11576,2131.767,4372838.43765,0
1770412260000,2052.61,2053.85,2050.02,2050.89,2736.584,1770412319999,5615908.68550,9567,1294.156,2655852.71366,0
1770412320000,2050.89,2051.06,2047.45,2048.45,1921.475,1770412379999,3935928.47598,7864,866.450,1774703.46098,0
1770412380000,2048.46,2050.41,2046.82,2048.39,2625.909,1770412439999,5379624.09468,11023,1236.209,2532478.19560,0
1770412440000,2048.40,2050.15,2047.95,2048.21,1693.525,1770412499999,3470057.23021,8569,846.146,1733862.48393,0
1770412500000,2048.22,2050.54,2048.01,2048.78,1672.462,1770412559999,3426972.92662,8465,803.461,1646299.29745,0
1770412560000,2048.78,2051.33,2047.83,2050.92,1511.022,1770412619999,3097533.83492,7904,862.701,1768600.70620,0
1770412620000,2050.92,2052.55,2046.76,2052.41,3107.034,1770412679999,6367409.32921,12607,1700.368,3485050.41731,0
1770412680000,2052.41,2054.32,2050.97,2052.97,2682.013,1770412739999,5504847.66763,12979,1774.097,3641336.86981,0
1770412740000,2052.97,2053.87,2050.81,2052.35,2340.548,1770412799999,4804910.36844,11004,1275.248,2617858.93248,0
1770412800000,2052.34,2054.79,2051.71,2054.00,2644.618,1770412859999,5431236.81026,9263,1627.236,3341841.49886,0
1770412860000,2054.00,2056.23,2053.24,2055.22,3857.078,1770412919999,7925801.80998,7181,2646.387,5437846.54712,0
1770412920000,2055.22,2055.22,2053.72,2054.93,1817.198,1770412979999,3733375.16838,5169,507.090,1041705.96495,0
1770412980000,2054.94,2057.42,2054.93,2056.03,2894.603,1770413039999,5952130.27209,9602,2062.496,4241066.84048,0
1770413040000,2056.03,2056.16,2052.88,2054.49,1693.782,1770413099999,3480579.64959,7096,441.481,906968.26277,0
1770413100000,2054.48,2057.52,2054.09,2057.38,1806.729,1770413159999,3713727.86013,6614,1359.217,2794135.34947,0
1770413160000,2057.37,2058.79,2056.00,2058.35,4021.839,1770413219999,8275066.90851,10238,2810.230,5782185.00616,0
1770413220000,2058.35,2058.35,2056.80,2057.22,1731.283,1770413279999,3561766.61729,4558,1071.409,2204233.74827,0
1770413280000,2057.22,2058.97,2057.22,2058.63,1072.658,1770413339999,2207962.26705,3868,695.383,1431341.19290,0
1770413340000,2058.63,2058.83,2056.08,2056.59,1352.890,1770413399999,2782529.64566,4565,578.378,1189525.07795,0
1770413400000,2056.60,2056.96,2053.54,2054.59,4133.689,1770413459999,8494088.86225,6988,596.526,1226137.28314,0
1770413460000,2054.59,2054.59,2051.33,2051.33,1340.784,1770413519999,2752432.67954,7566,454.163,932363.92008,0
1770413520000,2051.33,2051.84,2048.26,2048.88,2571.905,1770413579999,5272182.10015,8586,844.062,1729964.80470,0
1770413580000,2048.89,2049.49,2047.03,2049.00,1310.587,1770413639999,2684671.83232,5812,708.728,1451970.19014,0
1770413640000,2049.00,2049.30,2045.40,2045.91,2288.901,1770413699999,4685516.96804,8716,1090.887,2232888.57165,0
1770413700000,2045.92,2049.58,2045.92,2048.25,1610.024,1770413759999,3296654.48523,7441,1152.771,2360370.05661,0
1770413760000,2048.24,2049.57,2047.08,2047.12,2214.760,1770413819999,4536531.50177,7052,1130.083,2315038.32853,0
1770413820000,2047.12,2049.72,2047.08,2049.48,1268.610,1770413879999,2598937.85754,6634,741.718,1519593.62401,0
1770413880000,2049.48,2053.39,2048.18,2051.21,2758.750,1770413939999,5659191.33414,8574,1584.188,3249747.90571,0
1770413940000,2051.21,2052.34,2050.34,2050.35,3393.862,1770413999999,6962694.10460,6033,1301.430,2669827.85687,0
1770414000000,2050.34,2052.17,2049.90,2050.01,1888.878,1770414059999,3874613.25853,4838,911.361,1869489.69138,0
1770414060000,2050.01,2051.70,2047.97,2048.28,3368.750,1770414119999,6905151.06062,8029,1407.504,2885216.61754,0
1770414120000,2048.28,2052.65,2048.27,2051.70,2638.225,1770414179999,5411440.71628,6989,1874.783,3845445.14473,0
1770414180000,2051.70,2052.80,2050.37,2052.55,895.251,1770414239999,1836715.85336,3762,568.568,1166512.49899,0
1770414240000,2052.54,2053.00,2048.23,2049.75,2115.733,1770414299999,4337472.54938,6230,745.383,1527654.30418,0
1770414300000,2049.74,2050.77,2049.07,2050.43,2024.940,1770414359999,4151324.11693,4356,495.102,1015027.40583,0
1770414360000,2050.43,2051.81,2049.80,2050.97,1474.538,1770414419999,3024345.55106,5252,586.188,1202194.30841,0
1770414420000,2050.97,2051.80,2049.00,2049.31,1808.595,1770414479999,3708405.79378,5969,1116.393,2289199.31346,0
1770414480000,2049.31,2050.60,2049.18,2049.70,2192.787,1770414539999,4494965.94135,6382,1562.189,3202265.71694,0
1770414540000,2049.70,2052.00,2049.18,2049.41,1733.068,1770414599999,3553712.56295,5440,1170.989,2401167.67501,0
1770414600000,2049.41,2055.60,2049.40,2054.92,3532.581,1770414659999,7256436.44921,9549,2520.277,5176446.84830,0
1770414660000,2054.91,2054.93,2052.00,2053.36,1749.897,1770414719999,3593194.81228,7007,596.809,1225332.63140,0
1770414720000,2053.37,2054.93,2053.14,2054.20,1629.217,1770414779999,3346539.03226,6078,1006.269,2066888.08625,0
1770414780000,2054.19,2055.63,2052.78,2052.98,2842.036,1770414839999,5838823.89766,6163,1169.716,2403138.58448,0
1770414840000,2052.98,2053.47,2050.00,2051.18,1278.418,1770414899999,2623453.18268,5868,776.315,1593192.19319,0
1770414900000,2051.19,2054.62,2051.19,2054.62,861.828,1770414959999,1769185.05808,4914,575.685,1181833.84444,0
1770414960000,2054.62,2055.28,2053.11,2054.55,856.051,1770415019999,1758760.35907,4459,455.549,935908.36029,0
1770415020000,2054.55,2054.56,2053.26,2053.79,1173.552,1770415079999,2410340.33453,3986,590.735,1213294.78174,0
1770415080000,2053.80,2054.61,2053.26,2053.55,989.261,1770415139999,2032022.14535,4166,418.942,860497.68226,0
1770415140000,2053.55,2053.90,2052.00,2053.45,991.997,1770415199999,2036413.71324,4258,717.208,1472294.90791,0
1770415200000,2053.45,2054.05,2050.95,2052.38,3337.720,1770415259999,6848981.89933,4280,457.132,937936.40497,0
1770415260000,2052.39,2054.26,2050.35,2051.00,1836.260,1770415319999,3768634.09715,8087,1079.513,2215759.28846,0
1770415320000,2051.00,2057.10,2051.00,2052.55,5953.552,1770415379999,12233515.22663,10698,3384.739,6954302.54454,0
1770415380000,2052.55,2058.65,2051.58,2058.29,6599.943,1770415439999,13568402.41722,10244,4346.868,8934927.47516,0
1770415440000,2058.28,2067.22,2057.63,2062.56,12837.869,1770415499999,26483547.39764,20781,7636.943,15752803.08845,0
1770415500000,2062.56,2067.13,2061.55,2062.77,8605.541,1770415559999,17763939.96375,15147,5881.931,12141648.35400,0
1770415560000,2062.76,2069.87,2062.02,2067.63,10650.091,1770415619999,22014493.19450,18526,7225.023,14934355.31968,0
1770415620000,2067.64,2067.78,2063.38,2063.95,4929.926,1770415679999,10181225.77914,9352,1097.525,2266611.58449,0
1770415680000,2063.95,2066.62,2062.60,2066.21,3597.927,1770415739999,7428819.58146,8740,1905.808,3935246.07966,0
1770415740000,2066.20,2066.84,2064.20,2064.20,1938.619,1770415799999,4004036.22112,6143,809.603,1672204.14380,0
1770415800000,2064.20,2064.20,2057.26,2057.84,3334.606,1770415859999,6871020.38451,9421,1420.112,2926447.08305,0
1770415860000,2057.84,2058.55,2056.28,2057.14,1989.823,1770415919999,4093858.84996,4930,928.991,1911322.83017,0
1770415920000,2057.15,2058.46,2056.36,2058.46,988.377,1770415979999,2033532.19014,4606,540.689,1112466.51530,0
1770415980000,2058.45,2058.45,2045.08,2049.85,8187.260,1770416039999,16777749.85409,22658,3734.454,7652039.40681,0
1770416040000,2049.84,2053.61,2049.53,2051.76,2851.672,1770416099999,5850812.00461,8896,1585.767,3253689.88565,0
1770416100000,2051.77,2053.70,2050.73,2052.73,2272.676,1770416159999,4664743.19621,7351,1092.884,2243014.13329,0
1770416160000,2052.73,2058.75,2052.73,2056.47,5474.507,1770416219999,11254811.02136,9992,4242.079,8721741.49434,0
1770416220000,2056.48,2056.82,2053.90,2054.24,1911.503,1770416279999,3928353.84772,5151,805.497,1655121.68630,0
1770416280000,2054.24,2057.13,2052.71,2054.57,4244.622,1770416339999,8725440.66255,6266,2481.692,5100983.36060,0
1770416340000,2054.57,2054.57,2053.45,2054.40,1028.910,1770416399999,2113376.23156,3424,590.457,1212764.27230,0
1770416400000,2054.40,2056.28,2054.40,2056.08,1265.594,1770416459999,2601528.10513,4320,747.798,1537036.02675,0
1770416460000,2056.07,2056.25,2054.59,2055.72,735.230,1770416519999,1511191.30416,4298,365.508,751247.56142,0
1770416520000,2055.73,2056.77,2055.08,2056.24,1013.233,1770416579999,2083025.57089,3516,551.942,1134619.70166,0
1770416580000,2056.24,2058.49,2055.55,2055.90,2944.661,1770416639999,6056531.39442,7352,2047.054,4210415.13519,0
1770416640000,2055.90,2057.09,2052.32,2057.09,3751.284,1770416699999,7708212.50056,9752,1459.483,2999384.09415,0
1770416700000,2057.09,2058.34,2056.36,2057.71,1005.273,1770416759999,2068236.66189,5218,471.119,969318.78943,0
1770416760000,2057.70,2066.83,2055.70,2064.06,12858.464,1770416819999,26511713.26032,20616,8261.640,17035024.32396,0
1770416820000,2064.06,2066.00,2059.94,2062.86,5772.987,1770416879999,11910820.02336,9022,4068.481,8395357.36358,0
1770416880000,2062.87,2064.74,2060.27,2063.30,8890.025,1770416939999,18340747.23622,9345,3241.263,6684529.69029,0
1770416940000,2063.30,2065.37,2062.34,2063.72,5669.805,1770416999999,11703287.85557,8846,2805.569,5790338.51843,0
1770417000000,2063.72,2069.72,2062.59,2063.54,11285.389,1770417059999,23329265.63769,20052,6463.992,13360107.02254,0
1770417060000,2063.53,2066.01,2062.03,2063.49,8776.740,1770417119999,18122302.09625,10533,2063.362,4260133.41602,0
1770417120000,2063.50,2065.63,2063.49,2064.85,1430.750,1770417179999,2954254.47605,6892,841.073,1736693.98623,0
1770417180000,2064.84,2064.85,2063.47,2063.78,1241.985,1770417239999,2563434.84069,3463,450.321,929384.55714,0
1770417240000,2063.79,2072.24,2063.78,2071.56,13924.634,1770417299999,28810916.90033,13793,6953.579,14388200.28891,0
1770417300000,2071.56,2078.85,2068.86,2074.72,13907.640,1770417359999,28841058.04454,20969,6769.256,14046331.60149,0
1770417360000,2074.72,2082.93,2073.78,2077.18,8279.067,1770417419999,17207537.01604,19113,5250.255,10912743.88461,0
1770417420000,2077.19,2077.79,2075.00,2076.53,2497.190,1770417479999,5183629.94860,6028,1045.141,2169477.82940,0
1770417480000,2076.53,2086.05,2075.56,2083.73,15382.499,1770417539999,32035222.38209,20188,8884.876,18498377.20700,0
1770417540000,2083.73,2083.73,2077.17,2077.42,5577.940,1770417599999,11599182.92281,12442,2922.624,6077672.77772,0
1770417600000,2077.42,2079.40,2074.07,2074.85,2847.269,1770417659999,5910968.78662,7723,1314.283,2728646.33743,0
1770417660000,2074.86,2075.89,2070.70,2070.99,3845.724,1770417719999,7969998.96887,7876,1391.606,2884380.60911,0
1770417720000,2070.99,2075.10,2070.99,2073.81,2596.227,1770417779999,5384100.08391,6719,1485.156,3080112.97870,0
1770417780000,2073.81,2077.42,2073.80,2075.89,1679.026,1770417839999,3484801.02130,5761,579.046,1201856.01930,0
1770417840000,2075.89,2075.89,2069.76,2070.04,3007.147,1770417899999,6230248.36927,9655,676.017,1401055.38750,0
1770417900000,2070.04,2070.74,2068.96,2070.07,3144.610,1770417959999,6509574.47641,3961,936.676,1939068.61273,0
1770417960000,2070.07,2070.08,2066.19,2069.04,3565.801,1770418019999,7374543.14638,8560,767.640,1587622.95041,0
1770418020000,2069.04,2075.00,2069.04,2074.92,1899.294,1770418079999,3936314.24514,7924,1436.282,2976258.04735,0
1770418080000,2074.92,2083.91,2074.90,2079.54,10716.499,1770418139999,22301226.35484,17952,7855.633,16347469.32958,0
1770418140000,2079.55,2079.81,2075.05,2077.04,3227.991,1770418199999,6703910.25639,11721,1166.715,2423277.24993,0
1770418200000,2077.04,2078.12,2075.67,2077.29,1188.149,1770418259999,2467367.14162,4623,576.623,1197461.77874,0
1770418260000,2077.30,2080.00,2075.67,2076.52,1566.366,1770418319999,3254599.53572,6332,732.015,1521016.91383,0
1770418320000,2076.52,2077.14,2075.67,2076.37,1148.410,1770418379999,2384347.99621,4703,385.446,800291.71768,0
1770418380000,2076.38,2077.96,2074.63,2077.08,4137.861,1770418439999,8590103.16600,8829,1508.988,3133341.52972,0
1770418440000,2077.08,2079.60,2075.67,2079.47,1899.522,1770418499999,3945889.58506,6552,1370.586,2847327.49708,0
1770418500000,2079.48,2079.48,2074.46,2074.59,2054.185,1770418559999,4264233.05450,7010,991.582,2058371.72624,0
1770418560000,2074.59,2075.57,2073.76,2074.64,1166.832,1770418619999,2420683.00666,4677,618.506,1283180.99365,0
1770418620000,2074.64,2075.56,2074.25,2074.58,1313.676,1770418679999,2725729.01778,3305,645.304,1338913.99565,0
1770418680000,2074.59,2074.70,2070.26,2071.89,2580.913,1770418739999,5347824.72773,6880,574.115,1189941.27720,0
1770418740000,2071.89,2074.82,2070.00,2074.06,3061.211,1770418799999,6343708.57594,8460,1141.736,2367014.95556,0
1770418800000,2074.05,2075.63,2072.79,2072.79,1758.559,1770418859999,3648148.53850,6196,768.155,1593461.01274,0
1770418860000,2072.79,2075.02,2072.00,2072.67,2385.427,1770418919999,4946344.52730,4606,1705.637,3537156.62884,0
1770418920000,2072.67,2077.64,2071.96,2077.63,1601.745,1770418979999,3321577.89981,6872,700.853,1453544.70461,0
1770418980000,2077.64,2085.00,2076.64,2082.74,9133.108,1770419039999,19006915.95954,26925,6449.792,13422062.10858,0
1770419040000,2082.75,2085.40,2081.06,2083.41,4186.780,1770419099999,8723360.40711,12770,2430.156,5064158.52084,0
1770419100000,2083.42,2084.15,2080.25,2081.95,2720.152,1770419159999,5663171.64918,9412,1101.309,2292737.45872,0
1770419160000,2081.95,2087.70,2081.69,2084.59,6753.503,1770419219999,14086533.31393,19871,4160.829,8678546.61718,0
1770419220000,2084.59,2084.74,2075.10,2076.20,5677.943,1770419279999,11805620.54853,15438,1771.680,3683609.08848,0
1770419280000,2076.20,2077.74,2071.31,2072.36,12415.517,1770419339999,25742218.72321,19469,4796.197,9943520.72476,0
1770419340000,2072.36,2072.48,2067.48,2071.14,9455.304,1770419399999,19569264.27297,15931,2877.412,5956471.60174,0
1770419400000,2071.15,2072.71,2070.00,2070.47,5640.319,1770419459999,11684884.27417,7703,1483.858,3074052.54230,0
1770419460000,2070.46,2072.52,2070.14,2071.20,4731.839,1770419519999,9803275.16238,9536,1799.556,3728001.46863,0
1770419520000,2071.20,2072.47,2069.48,2072.10,4274.458,1770419579999,8853806.87876,8038,1616.618,3348624.18826,0
1770419580000,2072.11,2072.80,2071.30,2072.44,2742.638,1770419639999,5682968.99401,6460,1292.338,2677877.84139,0
1770419640000,2072.45,2072.45,2067.34,2067.67,2605.190,1770419699999,5394043.60098,7253,983.314,2035464.04211,0
1770419700000,2067.67,2067.89,2061.00,2061.72,8865.678,1770419759999,18299632.21110,20383,3593.803,7418922.17779,0
1770419760000,2061.72,2064.93,2061.02,2062.19,5821.079,1770419819999,12007431.33447,12882,3744.376,7722839.05816,0
1770419820000,2062.19,2063.07,2058.48,2061.61,5785.958,1770419879999,11921485.92817,13623,2251.515,4638885.48813,0
1770419880000,2061.62,2062.00,2053.26,2053.56,8340.963,1770419939999,17151474.60659,19508,3819.149,7854085.15217,0
1770419940000,2053.55,2056.97,2049.36,2053.41,14434.689,1770419999999,29627068.13075,20861,5958.703,12233371.19300,0
1770420000000,2053.41,2065.46,2053.02,2060.29,13758.956,1770420059999,28355530.78597,19908,9843.721,20286606.55261,0
1770420060000,2060.30,2061.24,2057.90,2060.81,3465.109,1770420119999,7137901.91874,11536,1826.008,3761207.89897,0
1770420120000,2060.80,2064.00,2059.26,2059.26,5181.809,1770420179999,10683144.23970,13874,2803.191,5779363.66114,0
1770420180000,2059.27,2060.13,2055.34,2058.71,3101.521,1770420239999,6382337.72379,11904,1416.683,2915650.87907,0
1770420240000,2058.71,2060.29,2056.90,2058.13,3231.054,1770420299999,6650665.37882,14025,1874.524,3858493.92377,0
1770420300000,2058.14,2062.47,2058.13,2062.14,4025.919,1770420359999,8294981.35077,11972,3061.698,6308280.31120,0
1770420360000,2062.14,2064.93,2061.03,2063.08,5043.907,1770420419999,10407110.40686,11231,3785.312,7810080.48751,0
1770420420000,2063.08,2068.80,2061.38,2067.89,8695.933,1770420479999,17957509.23815,19934,6396.550,13210393.69975,0
1770420480000,2067.86,2067.86,2062.93,2064.23,5038.261,1770420539999,10407408.87891,13668,3525.883,7283321.16565,0
1770420540000,2064.23,2070.60,2063.51,2069.42,11458.344,1770420599999,23689239.06299,19902,8940.105,18485049.78108,0
1770420600000,2069.42,2074.99,2068.30,2073.83,7307.621,1770420659999,15136206.42748,19791,5429.026,11244770.22771,0
1770420660000,2073.83,2078.41,2069.61,2077.25,6491.786,1770420719999,13468400.08871,16526,3444.313,7147889.80154,0
1770420720000,2077.25,2078.18,2071.05,2072.77,2518.750,1770420779999,5224025.58724,11168,922.640,1913296.02911,0
1770420780000,2072.78,2076.43,2072.78,2075.69,1792.603,1770420839999,3718880.38540,7051,1217.676,2525968.85900,0
1770420840000,2075.68,2075.68,2072.62,2073.11,1071.335,1770420899999,2221312.42871,5690,382.331,792705.53272,0
1770420900000,2073.12,2076.83,2073.12,2073.40,2297.452,1770420959999,4765662.53367,10894,716.960,1487371.29487,0
1770420960000,2073.41,2073.41,2066.97,2066.97,6348.815,1770421019999,13140694.36770,14635,1082.661,2241081.37635,0
1770421020000,2066.98,2068.87,2066.33,2067.61,1782.234,1770421079999,3684817.55317,9484,751.718,1554192.31204,0
1770421080000,2067.62,2068.20,2065.21,2065.76,1834.348,1770421139999,3790653.50499,7778,825.730,1706405.74512,0
1770421140000,2065.76,2069.74,2065.26,2068.82,1225.190,1770421199999,2533197.37474,7878,662.573,1369970.31464,0
1770421200000,2068.81,2069.13,2065.58,2068.91,1332.091,1770421259999,2754269.10886,8374,606.375,1253704.97426,0
1770421260000,2068.91,2072.22,2068.40,2068.51,3277.035,1770421319999,6783505.19241,9508,1289.224,2668779.35323,0
1770421320000,2068.51,2068.51,2064.18,2065.47,1614.291,1770421379999,3334604.84614,9105,675.858,1396078.12728,0
1770421380000,2065.48,2066.70,2063.16,2064.71,1744.956,1770421439999,3602438.25706,8186,819.327,1691481.69768,0
1770421440000,2064.72,2065.44,2063.08,2063.51,1153.403,1770421499999,2380973.68547,6136,651.918,1345864.18661,0
1770421500000,2063.50,2066.59,2061.62,2064.21,2210.038,1770421559999,4562098.10238,8951,1231.572,2542697.00177,0
1770421560000,2064.22,2065.85,2063.63,2063.82,1055.535,1770421619999,2179251.87357,7496,629.981,1300645.96073,0
1770421620000,2063.83,2065.46,2063.63,2065.31,1305.420,1770421679999,2695026.03165,6557,691.919,1428570.79184,0
1770421680000,2065.32,2068.96,2064.71,2065.51,1715.877,1770421739999,3546956.25795,9197,810.728,1675872.19952,0
1770421740000,2065.51,2065.51,2063.60,2065.35,802.501,1770421799999,1656645.52003,4503,433.782,895450.74115,0
1770421800000,2065.36,2066.26,2063.36,2063.92,1034.197,1770421859999,2135042.80205,5660,517.601,1068586.88509,0
1770421860000,2063.93,2063.96,2059.62,2060.75,3742.101,1770421919999,7710835.09740,8208,1876.621,3866436.05897,0
1770421920000,2060.75,2064.73,2059.31,2062.48,4342.319,1770421979999,8951969.14273,9932,3489.643,7194114.55725,0
1770421980000,2062.48,2062.49,2058.79,2059.94,1517.463,1770422039999,3126389.44106,8053,446.363,919809.98331,0
1770422040000,2059.95,2062.63,2059.95,2062.33,1192.273,1770422099999,2457537.39205,6536,576.778,1188939.63820,0
1770422100000,2062.32,2063.52,2060.27,2061.96,1310.211,1770422159999,2701693.99103,7936,562.358,1159534.18504,0
1770422160000,2061.96,2064.00,2061.96,2062.97,1023.145,1770422219999,2110923.22166,5293,581.758,1200230.58248,0
1770422220000,2062.97,2063.95,2062.68,2062.92,606.092,1770422279999,1250455.53655,4145,345.401,712613.82034,0
1770422280000,2062.92,2065.09,2062.92,2063.64,1993.815,1770422339999,4116167.49354,4049,1615.300,3334686.09896,0
1770422340000,2063.64,2063.65,2061.52,2062.54,1934.027,1770422399999,3988448.05372,7942,564.352,1163847.85951,0
