open_time,open,high,low,close,volume,close_time,quote_volume,count,taker_buy_volume,taker_buy_quote_volume,ignore
1765497600000,2.0330,2.0333,2.0309,2.0325,565215.2,1765497659999,1148570.57169,1447,362343.2,736326.61653,0
1765497660000,2.0325,2.0332,2.0310,2.0310,531690.6,1765497719999,1080649.88863,1047,307879.2,625767.40048,0
1765497720000,2.0309,2.0322,2.0307,2.0308,741702.3,1765497779999,1506629.50674,1227,570029.7,1157917.63686,0
1765497780000,2.0308,2.0320,2.0305,2.0313,538445.3,1765497839999,1093687.37874,974,432833.4,879162.66995,0
1765497840000,2.0313,2.0314,2.0280,2.0286,362785.5,1765497899999,736257.25728,1277,59780.2,121304.15908,0
1765497900000,2.0285,2.0295,2.0284,2.0288,662847.9,1765497959999,1344778.18786,1206,488329.6,990694.13640,0
1765497960000,2.0287,2.0288,2.0283,2.0286,501364.3,1765498019999,1017051.95006,806,289483.7,587233.70708,0
1765498020000,2.0286,2.0315,2.0286,2.0296,394357.9,1765498079999,800474.83648,1014,235684.9,478261.61635,0
1765498080000,2.0296,2.0302,2.0285,2.0285,278476.9,1765498139999,565200.38193,788,81426.9,165291.79919,0
1765498140000,2.0285,2.0285,2.0271,2.0278,627732.2,1765498199999,1272786.38887,1147,378539.5,767499.26280,0
1765498200000,2.0279,2.0292,2.0276,2.0277,374402.7,1765498259999,759422.07454,922,265337.7,538182.36508,0
1765498260000,2.0277,2.0281,2.0270,2.0273,316075.3,1765498319999,640841.77322,846,99650.3,202026.38276,0
1765498320000,2.0272,2.0280,2.0267,2.0279,708911.3,1765498379999,1437196.71963,773,576494.8,1168771.88102,0
1765498380000,2.0279,2.0279,2.0270,2.0271,196848.6,1765498439999,399078.93294,690,28061.7,56886.95194,0
1765498440000,2.0271,2.0274,2.0268,2.0273,163589.3,1765498499999,331619.26130,577,45473.3,92177.33035,0
1765498500000,2.0273,2.0307,2.0272,2.0306,1072806.8,1765498559999,2176807.81083,2462,849942.1,1724486.72832,0
1765498560000,2.0306,2.0317,2.0305,2.0314,207691.5,1765498619999,421818.64754,939,116960.8,237543.56930,0
1765498620000,2.0314,2.0323,2.0313,2.0317,111496.4,1765498679999,226542.68510,685,47014.2,95519.23254,0
1765498680000,2.0317,2.0341,2.0317,2.0322,250017.4,1765498739999,508343.49996,998,144876.2,294560.08721,0
1765498740000,2.0322,2.0357,2.0322,2.0351,138069.7,1765498799999,280925.10963,788,87680.6,178392.17214,0
1765498800000,2.0351,2.0379,2.0347,2.0379,312330.1,1765498859999,636122.74830,1141,196967.6,401182.12085,0
1765498860000,2.0379,2.0385,2.0357,2.0360,312019.4,1765498919999,635735.97751,1019,90304.3,184031.08225,0
1765498920000,2.0361,2.0368,2.0330,2.0336,182787.0,1765498979999,371877.81141,1019,65778.0,133798.34944,0
1765498980000,2.0337,2.0348,2.0335,2.0336,161287.9,1765499039999,328067.78236,650,62399.3,126931.04449,0
1765499040000,2.0336,2.0348,2.0336,2.0341,88427.7,1765499099999,179885.41690,583,49381.7,100450.97305,0
1765499100000,2.0342,2.0343,2.0316,2.0317,91152.2,1765499159999,185320.49151,666,13107.2,26643.42415,0
1765499160000,2.0316,2.0328,2.0316,2.0321,72722.5,1765499219999,147786.54990,442,35295.4,71724.34917,0
1765499220000,2.0321,2.0321,2.0300,2.0300,211409.6,1765499279999,429318.59106,815,58509.8,118803.86251,0
1765499280000,2.0300,2.0317,2.0300,2.0310,220483.3,1765499339999,447788.40725,771,158030.1,320947.22811,0
1765499340000,2.0310,2.0316,2.0309,2.0315,51652.1,1765499399999,104919.61047,355,14303.6,29054.23410,0
1765499400000,2.0316,2.0327,2.0316,2.0323,129429.4,1765499459999,263038.77291,695,70194.0,142656.44763,0
1765499460000,2.0323,2.0325,2.0308,2.0312,88280.7,1765499519999,179348.84623,544,46218.0,93880.42606,0
1765499520000,2.0312,2.0320,2.0309,2.0320,80129.8,1765499579999,162787.08765,534,41567.0,84442.53290,0
1765499580000,2.0320,2.0327,2.0315,2.0327,71460.1,1765499639999,145205.06887,486,38733.8,78706.35783,0
1765499640000,2.0327,2.0329,2.0311,2.0319,80431.0,1765499699999,163415.91211,485,37650.9,76491.22029,0
1765499700000,2.0318,2.0324,2.0317,2.0324,53777.2,1765499759999,109276.07286,451,31183.8,63364.54868,0
1765499760000,2.0324,2.0331,2.0324,2.0327,114629.6,1765499819999,233009.50334,560,56862.9,115582.89520,0
1765499820000,2.0327,2.0327,2.0319,2.0323,57037.0,1765499879999,115918.23316,370,21379.0,43447.41790,0
1765499880000,2.0322,2.0345,2.0322,2.0337,117837.3,1765499939999,239639.18453,685,73546.1,149559.39573,0
1765499940000,2.0337,2.0341,2.0332,2.0333,60928.7,1765499999999,123918.42141,541,27274.4,55473.59924,0
1765500000000,2.0333,2.0350,2.0333,2.0347,101697.3,1765500059999,206881.95890,562,67821.8,137954.93381,0
1765500060000,2.0347,2.0348,2.0330,2.0334,152738.3,1765500119999,310648.77938,695,42812.9,87059.85116,0
1765500120000,2.0334,2.0339,2.0312,2.0312,142288.3,1765500179999,289197.56606,691,49767.3,101147.64729,0
1765500180000,2.0312,2.0331,2.0312,2.0329,117576.1,1765500239999,238952.99731,684,93636.3,190295.91343,0
1765500240000,2.0329,2.0329,2.0309,2.0312,143383.0,1765500299999,291288.11092,697,24418.8,49609.45844,0
1765500300000,2.0312,2.0319,2.0310,2.0311,60526.2,1765500359999,122950.43935,565,21840.8,44368.94604,0
1765500360000,2.0310,2.0325,2.0306,2.0310,252976.0,1765500419999,513875.34855,800,78074.1,158603.69540,0
1765500420000,2.0310,2.0317,2.0301,2.0302,159541.3,1765500479999,324010.43463,883,110257.4,223933.77857,0
1765500480000,2.0302,2.0302,2.0271,2.0276,211676.0,1765500539999,429361.71699,1225,63316.6,128421.55189,0
1765500540000,2.0276,2.0288,2.0275,2.0284,254174.3,1765500599999,515522.66690,725,184780.6,374766.61697,0
1765500600000,2.0284,2.0300,2.0283,2.0296,163110.4,1765500659999,330936.42338,833,108936.5,221039.72031,0
1765500660000,2.0296,2.0299,2.0289,2.0289,123709.2,1765500719999,251058.06475,621,65255.9,132438.87249,0
1765500720000,2.0290,2.0292,2.0278,2.0285,165170.7,1765500779999,335044.94822,816,84604.5,171612.11026,0
1765500780000,2.0284,2.0284,2.0256,2.0261,380396.0,1765500839999,770811.12654,1495,137404.0,278407.79188,0
1765500840000,2.0261,2.0267,2.0243,2.0248,546288.2,1765500899999,1106360.51207,1705,162046.9,328215.44250,0
1765500900000,2.0248,2.0262,2.0245,2.0262,192744.7,1765500959999,390368.76435,1051,92991.4,188334.45690,0
1765500960000,2.0261,2.0283,2.0260,2.0261,360109.5,1765501019999,730097.49314,1226,113446.8,229975.44217,0
1765501020000,2.0260,2.0261,2.0218,2.0220,1000718.1,1765501079999,2024444.34775,2394,271878.3,549965.31705,0
1765501080000,2.0220,2.0221,2.0202,2.0217,876737.4,1765501139999,1771987.37533,2224,432371.6,873923.96617,0
1765501140000,2.0216,2.0216,2.0143,2.0162,1948182.9,1765501199999,3931186.12340,4575,801056.1,1615960.51269,0
1765501200000,2.0161,2.0225,2.0161,2.0225,804857.2,1765501259999,1624616.61022,2816,515166.4,1039817.70736,0
1765501260000,2.0226,2.0248,2.0214,2.0223,276050.2,1765501319999,558521.27615,1824,137310.8,277831.09357,0
1765501320000,2.0223,2.0233,2.0202,2.0230,431078.2,1765501379999,871738.26919,1792,238455.5,482217.09418,0
1765501380000,2.0231,2.0236,2.0217,2.0224,181794.6,1765501439999,367694.07854,1080,55443.0,112141.71420,0
1765501440000,2.0224,2.0225,2.0186,2.0204,465787.9,1765501499999,940944.10881,1739,265240.4,535711.04230,0
1765501500000,2.0204,2.0251,2.0204,2.0251,345271.2,1765501559999,698810.54262,1425,162663.6,329163.37318,0
1765501560000,2.0250,2.0256,2.0234,2.0245,327764.2,1765501619999,663616.92530,1218,178379.3,361141.95533,0
1765501620000,2.0245,2.0248,2.0227,2.0244,135477.8,1765501679999,274165.24404,1042,74502.1,150751.68853,0
1765501680000,2.0244,2.0261,2.0244,2.0252,138591.6,1765501739999,280711.50529,835,60105.5,121739.01500,0
1765501740000,2.0252,2.0269,2.0251,2.0254,182170.3,1765501799999,369105.45355,904,121579.0,246322.80057,0
1765501800000,2.0254,2.0263,2.0225,2.0225,420506.1,1765501859999,851302.14011,1396,121242.9,245433.60151,0
1765501860000,2.0225,2.0225,2.0212,2.0218,189009.7,1765501919999,382118.74871,872,113549.6,229555.64332,0
1765501920000,2.0217,2.0217,2.0206,2.0213,145162.4,1765501979999,293387.33952,740,61592.3,124477.23636,0
1765501980000,2.0213,2.0213,2.0200,2.0206,111444.6,1765502039999,225164.45681,659,57287.6,115738.39571,0
1765502040000,2.0207,2.0220,2.0206,2.0214,226038.2,1765502099999,456897.37785,860,132258.3,267319.78903,0
1765502100000,2.0214,2.0234,2.0210,2.0232,735957.5,1765502159999,1488420.35981,1247,380694.0,769898.03140,0
1765502160000,2.0232,2.0243,2.0218,2.0231,167752.9,1765502219999,339368.45024,893,84282.6,170491.94751,0
1765502220000,2.0232,2.0251,2.0228,2.0248,262464.9,1765502279999,531211.45809,1033,135787.2,274829.03968,0
1765502280000,2.0248,2.0280,2.0247,2.0274,245956.6,1765502339999,498386.15188,1159,161472.3,327197.27274,0
1765502340000,2.0275,2.0278,2.0263,2.0274,276944.3,1765502399999,561387.47862,999,97567.4,197752.12804,0
1765502400000,2.0275,2.0287,2.0274,2.0278,383073.9,1765502459999,776844.91417,1450,282207.5,572292.74299,0
1765502460000,2.0278,2.0309,2.0277,2.0308,492946.4,1765502519999,1000682.77389,1665,228925.6,464639.47394,0
1765502520000,2.0309,2.0309,2.0281,2.0281,174587.1,1765502579999,354328.51195,797,53201.3,107957.54995,0
1765502580000,2.0282,2.0302,2.0281,2.0295,173464.2,1765502639999,351986.14048,717,111440.6,226116.80655,0
1765502640000,2.0296,2.0301,2.0287,2.0292,160328.6,1765502699999,325380.02334,885,67318.0,136619.97984,0
1765502700000,2.0293,2.0296,2.0277,2.0277,110128.2,1765502759999,223428.50744,713,40020.7,81203.32349,0
1765502760000,2.0277,2.0280,2.0262,2.0263,267381.6,1765502819999,542076.15683,1061,180159.3,365250.09064,0
1765502820000,2.0262,2.0268,2.0254,2.0257,97296.8,1765502879999,197134.28879,537,56527.4,114530.56070,0
1765502880000,2.0257,2.0268,2.0256,2.0257,95502.4,1765502939999,193494.21073,578,64743.8,131173.90084,0
1765502940000,2.0257,2.0273,2.0257,2.0271,107856.2,1765502999999,218585.24653,502,90648.5,183707.66898,0
1765503000000,2.0272,2.0272,2.0252,2.0255,158946.7,1765503059999,322001.68212,805,65185.9,132048.91801,0
1765503060000,2.0254,2.0273,2.0254,2.0270,176148.2,1765503119999,357008.33292,958,117822.0,238789.16256,0
1765503120000,2.0270,2.0288,2.0265,2.0275,189727.5,1765503179999,384669.21056,1025,105924.8,214742.99492,0
1765503180000,2.0276,2.0288,2.0275,2.0280,111148.4,1765503239999,225442.21535,743,65928.5,133719.40967,0
1765503240000,2.0279,2.0299,2.0273,2.0297,168647.9,1765503299999,342131.43427,1019,91716.4,186070.40822,0
1765503300000,2.0297,2.0300,2.0281,2.0292,454059.6,1765503359999,921427.09358,1446,331378.6,672465.10559,0
1765503360000,2.0291,2.0296,2.0268,2.0274,213805.9,1765503419999,433613.20900,971,100609.8,204050.30581,0
1765503420000,2.0273,2.0282,2.0270,2.0271,139280.1,1765503479999,282424.98387,761,48902.1,99158.97070,0
1765503480000,2.0271,2.0288,2.0271,2.0282,296453.1,1765503539999,601236.54775,1012,217028.8,440139.81688,0
1765503540000,2.0282,2.0286,2.0279,2.0284,53191.1,1765503599999,107889.64956,420,25238.5,51190.68769,0
1765503600000,2.0284,2.0298,2.0284,2.0298,80882.5,1765503659999,164099.72677,611,41922.8,85056.25444,0
1765503660000,2.0297,2.0298,2.0290,2.0298,83365.7,1765503719999,169181.79594,513,45329.4,91988.55868,0
1765503720000,2.0298,2.0315,2.0297,2.0315,244603.2,1765503779999,496678.20815,810,212252.4,430974.08350,0
1765503780000,2.0315,2.0315,2.0300,2.0301,179443.4,1765503839999,364370.54372,704,101199.5,205478.02394,0
1765503840000,2.0301,2.0301,2.0293,2.0295,100807.6,1765503899999,204605.56675,531,64035.4,129970.11845,0
1765503900000,2.0295,2.0309,2.0294,2.0309,94263.0,1765503959999,191356.70239,565,75819.8,153919.55395,0
1765503960000,2.0309,2.0309,2.0278,2.0279,172522.4,1765504019999,350112.43375,836,32435.5,65809.94389,0
1765504020000,2.0278,2.0292,2.0277,2.0287,116210.4,1765504079999,235690.51790,557,86038.0,174484.99138,0
1765504080000,2.0287,2.0287,2.0276,2.0282,62678.6,1765504139999,127127.79925,521,31690.1,64274.61193,0
1765504140000,2.0282,2.0284,2.0276,2.0278,72571.8,1765504199999,147176.72631,438,27052.4,54861.41751,0
1765504200000,2.0279,2.0283,2.0276,2.0276,61838.0,1765504259999,125403.58508,516,28522.2,57840.56617,0
1765504260000,2.0277,2.0284,2.0274,2.0284,76234.2,1765504319999,154600.59895,518,50290.5,101985.51517,0
1765504320000,2.0283,2.0284,2.0274,2.0277,46101.0,1765504379999,93485.89173,411,17877.3,36251.06641,0
1765504380000,2.0277,2.0279,2.0272,2.0273,76200.8,1765504439999,154488.17920,379,3622.7,7345.15711,0
1765504440000,2.0273,2.0279,2.0272,2.0275,59271.4,1765504499999,120175.86035,378,30693.6,62230.15782,0
1765504500000,2.0276,2.0282,2.0270,2.0282,104299.1,1765504559999,211470.94051,439,61119.1,123933.18456,0
1765504560000,2.0281,2.0284,2.0277,2.0281,45031.8,1765504619999,91322.82934,396,21809.8,44228.00105,0
1765504620000,2.0280,2.0283,2.0258,2.0258,143545.6,1765504679999,291045.94213,706,38608.1,78282.35325,0
1765504680000,2.0259,2.0260,2.0247,2.0259,181502.5,1765504739999,367630.43374,768,74610.4,151126.09381,0
1765504740000,2.0259,2.0273,2.0259,2.0272,61493.2,1765504799999,124611.70460,346,25378.9,51429.95466,0
1765504800000,2.0273,2.0273,2.0256,2.0256,189987.9,1765504859999,384969.70096,955,66422.4,134591.77227,0
1765504860000,2.0257,2.0265,2.0249,2.0253,197864.7,1765504919999,400807.40810,836,90531.0,183378.17940,0
1765504920000,2.0252,2.0259,2.0245,2.0257,145922.4,1765504979999,295546.65681,669,55467.3,112342.97470,0
1765504980000,2.0257,2.0291,2.0252,2.0291,154813.9,1765505039999,313810.69382,718,112533.6,228150.36577,0
1765505040000,2.0290,2.0292,2.0275,2.0278,104684.3,1765505099999,212307.17704,591,38066.5,77193.05702,0
1765505100000,2.0279,2.0294,2.0278,2.0294,66583.3,1765505159999,135078.55277,538,56061.2,113733.76156,0
1765505160000,2.0293,2.0300,2.0289,2.0289,171843.2,1765505219999,348790.71257,745,53113.0,107796.11140,0
1765505220000,2.0290,2.0290,2.0277,2.0285,61650.5,1765505279999,125041.64310,544,37883.1,76834.77573,0
1765505280000,2.0286,2.0296,2.0280,2.0290,132585.0,1765505339999,268975.89448,884,54693.6,110950.00262,0
1765505340000,2.0289,2.0319,2.0285,2.0311,293360.1,1765505399999,595552.80672,1262,212591.6,431542.75691,0
1765505400000,2.0311,2.0326,2.0311,2.0323,527274.7,1765505459999,1071401.92987,1205,195502.6,397241.55607,0
1765505460000,2.0323,2.0353,2.0322,2.0348,335180.2,1765505519999,681739.82512,1300,176423.0,358832.05471,0
1765505520000,2.0348,2.0367,2.0343,2.0355,401999.2,1765505579999,818291.45257,1576,243345.1,495336.06490,0
1765505580000,2.0355,2.0391,2.0355,2.0376,602343.0,1765505639999,1227505.61913,1928,417175.8,850134.86041,0
1765505640000,2.0376,2.0377,2.0357,2.0358,362558.0,1765505699999,738557.44286,1325,186222.3,379355.79813,0
1765505700000,2.0358,2.0364,2.0346,2.0346,129634.5,1765505759999,263878.52442,859,59103.3,120317.47761,0
1765505760000,2.0347,2.0350,2.0339,2.0349,161272.0,1765505819999,328091.02804,738,104110.9,211816.13747,0
1765505820000,2.0349,2.0365,2.0347,2.0365,132977.0,1765505879999,270691.67673,645,75211.9,153107.56109,0
1765505880000,2.0364,2.0381,2.0363,2.0367,125508.3,1765505939999,255658.81746,1060,85230.9,173605.42317,0
1765505940000,2.0367,2.0367,2.0349,2.0354,158179.6,1765505999999,322036.83368,1041,72844.0,148314.35283,0
1765506000000,2.0355,2.0384,2.0355,2.0383,173081.1,1765506059999,352551.68075,1077,96574.4,196696.55922,0
1765506060000,2.0384,2.0397,2.0359,2.0366,307506.0,1765506119999,626873.62333,1467,136941.4,279175.03923,0
1765506120000,2.0367,2.0381,2.0360,2.0373,154955.7,1765506179999,315649.88985,945,113645.8,231481.41696,0
1765506180000,2.0373,2.0373,2.0359,2.0365,67209.4,1765506239999,136879.75907,681,23789.6,48448.23271,0
1765506240000,2.0365,2.0381,2.0364,2.0374,215030.3,1765506299999,438109.36025,850,118017.3,240430.11001,0
1765506300000,2.0373,2.0386,2.0370,2.0385,88129.5,1765506359999,179587.33697,717,44563.3,90812.05511,0
1765506360000,2.0386,2.0392,2.0374,2.0375,108709.6,1765506419999,221609.04446,528,37040.3,75501.55922,0
1765506420000,2.0374,2.0387,2.0374,2.0380,133980.1,1765506479999,273081.95187,637,57364.2,116914.87308,0
1765506480000,2.0381,2.0386,2.0377,2.0378,83751.8,1765506539999,170697.90218,577,55520.0,113161.52017,0
1765506540000,2.0378,2.0379,2.0363,2.0371,98376.6,1765506599999,200389.11911,588,30784.5,62700.92746,0
1765506600000,2.0371,2.0377,2.0358,2.0370,184657.9,1765506659999,376061.74460,828,65240.9,132875.66089,0
1765506660000,2.0371,2.0387,2.0370,2.0376,93778.5,1765506719999,191112.18675,755,40840.7,83224.43214,0
1765506720000,2.0375,2.0384,2.0368,2.0373,471484.4,1765506779999,960745.44183,1127,259434.1,528593.28845,0
1765506780000,2.0373,2.0377,2.0366,2.0366,92507.5,1765506839999,188447.35721,466,40771.3,83050.30332,0
1765506840000,2.0367,2.0390,2.0366,2.0380,478647.2,1765506899999,975635.50480,1107,311074.4,634044.27819,0
1765506900000,2.0379,2.0389,2.0379,2.0389,74419.1,1765506959999,151688.59638,455,42811.4,87258.36239,0
1765506960000,2.0388,2.0397,2.0387,2.0396,251786.6,1765507019999,513463.52822,851,165417.3,337343.33330,0
1765507020000,2.0395,2.0397,2.0388,2.0394,118371.6,1765507079999,241379.51148,652,33451.8,68218.67060,0
1765507080000,2.0393,2.0397,2.0378,2.0388,268638.5,1765507139999,547584.62517,1019,114978.3,234363.35489,0
1765507140000,2.0388,2.0390,2.0375,2.0378,67410.7,1765507199999,137395.13110,451,7006.2,14277.75627,0
1765507200000,2.0379,2.0390,2.0379,2.0389,64435.9,1765507259999,131366.06313,517,24952.8,50865.43860,0
1765507260000,2.0390,2.0390,2.0379,2.0380,50611.2,1765507319999,103167.36285,378,26918.1,54870.42163,0
1765507320000,2.0380,2.0380,2.0371,2.0372,72865.1,1765507379999,148461.12574,406,26832.1,54667.97326,0
1765507380000,2.0371,2.0377,2.0367,2.0367,47861.2,1765507439999,97500.65526,400,21503.7,43807.55629,0
1765507440000,2.0367,2.0373,2.0367,2.0370,32030.7,1765507499999,65247.23834,396,15472.6,31517.57919,0
1765507500000,2.0370,2.0372,2.0364,2.0364,91922.7,1765507559999,187227.25046,515,35326.7,71957.13947,0
1765507560000,2.0363,2.0365,2.0354,2.0356,154537.3,1765507619999,314620.70759,851,51478.8,104800.81846,0
1765507620000,2.0357,2.0365,2.0356,2.0365,64757.5,1765507679999,131848.77626,394,32588.1,66350.71655,0
1765507680000,2.0365,2.0379,2.0365,2.0378,84905.7,1765507739999,172966.05635,575,54161.7,110337.28298,0
1765507740000,2.0378,2.0408,2.0378,2.0408,723217.1,1765507799999,1475190.44176,1829,577508.0,1178030.12702,0
1765507800000,2.0408,2.0408,2.0386,2.0387,233161.9,1765507859999,475573.69787,1010,89106.6,181736.34665,0
1765507860000,2.0387,2.0393,2.0385,2.0390,89417.1,1765507919999,182308.38766,630,49939.9,101819.41013,0
1765507920000,2.0390,2.0390,2.0377,2.0384,51397.1,1765507979999,104752.99754,601,23671.1,48244.08607,0
1765507980000,2.0385,2.0402,2.0383,2.0402,108614.7,1765508039999,221489.78046,660,72137.2,147095.86499,0
1765508040000,2.0402,2.0410,2.0401,2.0410,65675.0,1765508099999,134018.14799,509,54570.1,111357.98195,0
1765508100000,2.0409,2.0423,2.0408,2.0418,612578.7,1765508159999,1250597.77925,1633,291469.5,595055.16936,0
1765508160000,2.0418,2.0418,2.0403,2.0405,225564.4,1765508219999,460323.31934,739,41048.2,83767.56774,0
1765508220000,2.0405,2.0413,2.0399,2.0406,284550.7,1765508279999,580615.81946,853,95173.7,194223.17352,0
1765508280000,2.0405,2.0406,2.0394,2.0395,61263.6,1765508339999,124979.88359,622,17416.1,35531.27536,0
1765508340000,2.0395,2.0400,2.0394,2.0397,39414.2,1765508399999,80390.76364,369,22247.9,45377.44292,0
1765508400000,2.0396,2.0400,2.0381,2.0385,113451.4,1765508459999,231308.26739,734,40461.1,82496.41111,0
1765508460000,2.0385,2.0399,2.0383,2.0383,137158.4,1765508519999,279688.17982,736,64310.6,131146.88648,0
1765508520000,2.0384,2.0387,2.0380,2.0380,128072.5,1765508579999,261057.82944,677,78643.8,160308.91536,0
1765508580000,2.0381,2.0393,2.0380,2.0393,72189.2,1765508639999,147162.88391,528,63716.4,129891.88063,0
1765508640000,2.0393,2.0409,2.0388,2.0400,405797.7,1765508699999,827923.01076,1122,318639.6,650122.03065,0
1765508700000,2.0400,2.0412,2.0399,2.0411,175415.0,1765508759999,357980.03295,795,72804.4,148570.24000,0
1765508760000,2.0410,2.0420,2.0403,2.0403,192003.5,1765508819999,391949.40789,934,75568.5,154266.58932,0
1765508820000,2.0404,2.0404,2.0393,2.0393,149615.8,1765508879999,305165.76901,620,43728.3,89189.43267,0
1765508880000,2.0393,2.0394,2.0384,2.0390,74547.7,1765508939999,151982.32487,544,40235.9,82027.69877,0
1765508940000,2.0389,2.0397,2.0389,2.0389,73527.6,1765508999999,149947.28628,516,37255.4,75974.62453,0
1765509000000,2.0390,2.0392,2.0381,2.0381,47401.6,1765509059999,96637.28719,428,20117.5,41019.40428,0
1765509060000,2.0381,2.0382,2.0350,2.0352,202124.5,1765509119999,411553.86906,1009,46515.5,94701.21907,0
1765509120000,2.0351,2.0362,2.0351,2.0352,173023.0,1765509179999,352208.65667,694,54265.5,110453.48566,0
1765509180000,2.0352,2.0354,2.0346,2.0350,152877.5,1765509239999,311117.30690,661,70757.2,143994.09263,0
1765509240000,2.0351,2.0359,2.0346,2.0347,141255.2,1765509299999,287474.33173,591,70898.9,144306.25150,0
1765509300000,2.0347,2.0349,2.0327,2.0333,215436.4,1765509359999,438120.19136,992,76433.0,155433.68308,0
1765509360000,2.0333,2.0335,2.0311,2.0313,315643.6,1765509419999,641494.56405,1157,106532.3,216508.54194,0
1765509420000,2.0313,2.0329,2.0313,2.0329,115775.5,1765509479999,235287.83862,696,73652.2,149671.52070,0
1765509480000,2.0328,2.0336,2.0322,2.0324,101404.2,1765509539999,206152.56533,513,48408.2,98411.01972,0
1765509540000,2.0324,2.0326,2.0307,2.0313,297419.1,1765509599999,604164.25262,757,62070.9,126090.37355,0
1765509600000,2.0313,2.0319,2.0307,2.0308,274786.5,1765509659999,558214.11484,872,41988.3,85301.40114,0
1765509660000,2.0308,2.0308,2.0300,2.0302,78936.1,1765509719999,160271.77830,514,24574.9,49899.27398,0
1765509720000,2.0302,2.0307,2.0293,2.0303,387759.0,1765509779999,787070.03594,997,122260.6,248184.39205,0
1765509780000,2.0303,2.0303,2.0291,2.0291,84543.3,1765509839999,171575.71627,477,39523.9,80210.30100,0
1765509840000,2.0292,2.0300,2.0289,2.0292,123537.2,1765509899999,250709.01527,639,69789.3,141638.23699,0
1765509900000,2.0291,2.0309,2.0290,2.0303,163119.9,1765509959999,331165.80734,776,110692.6,224733.89647,0
1765509960000,2.0303,2.0303,2.0295,2.0301,95832.2,1765510019999,194521.61386,462,43772.7,88842.81225,0
1765510020000,2.0301,2.0302,2.0293,2.0297,70477.7,1765510079999,143050.15528,417,30922.0,62763.80706,0
1765510080000,2.0297,2.0301,2.0295,2.0295,66918.3,1765510139999,135834.77764,408,45549.0,92461.28811,0
1765510140000,2.0295,2.0300,2.0294,2.0298,28142.1,1765510199999,57123.34805,266,13500.4,27403.34653,0
1765510200000,2.0298,2.0310,2.0286,2.0309,239492.7,1765510259999,486184.82723,1082,165469.8,335941.08238,0
1765510260000,2.0309,2.0310,2.0301,2.0304,129293.4,1765510319999,262540.06026,581,80543.1,163546.82403,0
1765510320000,2.0304,2.0310,2.0300,2.0307,103334.2,1765510379999,209807.44070,413,34125.1,69289.37425,0
1765510380000,2.0306,2.0307,2.0301,2.0301,46176.3,1765510439999,93751.16326,318,24981.6,50718.58291,0
1765510440000,2.0302,2.0306,2.0295,2.0304,87534.7,1765510499999,177697.53894,468,41216.9,83670.78896,0
1765510500000,2.0303,2.0312,2.0299,2.0310,99093.5,1765510559999,201242.24109,514,62076.0,126063.03280,0
1765510560000,2.0310,2.0310,2.0298,2.0301,84028.2,1765510619999,170599.70438,539,30009.8,60923.05046,0
1765510620000,2.0300,2.0312,2.0299,2.0308,112280.5,1765510679999,227993.58418,544,87803.4,178287.47741,0
1765510680000,2.0307,2.0312,2.0302,2.0311,77078.7,1765510739999,156536.05016,368,39552.6,80329.51104,0
1765510740000,2.0311,2.0323,2.0310,2.0323,185200.4,1765510799999,376259.56220,586,161220.2,327532.79774,0
1765510800000,2.0323,2.0328,2.0319,2.0326,209808.2,1765510859999,426410.48120,727,127647.2,259421.97709,0
1765510860000,2.0326,2.0327,2.0316,2.0322,155713.8,1765510919999,316445.45214,549,42945.6,87275.18085,0
1765510920000,2.0323,2.0340,2.0322,2.0335,320304.7,1765510979999,651326.88605,747,301083.9,612244.99484,0
1765510980000,2.0335,2.0335,2.0323,2.0328,238661.2,1765511039999,485185.87459,736,73024.0,148450.41314,0
1765511040000,2.0329,2.0332,2.0325,2.0332,138679.9,1765511099999,281912.85698,508,99597.9,202464.08982,0
1765511100000,2.0333,2.0341,2.0332,2.0338,200839.1,1765511159999,408452.73398,811,136877.1,278369.21992,0
1765511160000,2.0337,2.0352,2.0329,2.0352,200655.2,1765511219999,408076.05034,804,160275.7,325957.05314,0
1765511220000,2.0352,2.0356,2.0337,2.0339,489672.5,1765511279999,996516.44304,903,273097.4,555765.03795,0
1765511280000,2.0338,2.0339,2.0328,2.0336,146738.7,1765511339999,298376.03705,629,53110.0,107994.82681,0
1765511340000,2.0335,2.0340,2.0327,2.0327,155030.8,1765511399999,315245.45984,438,39663.0,80653.03088,0
1765511400000,2.0327,2.0328,2.0319,2.0319,54952.4,1765511459999,111678.36960,472,13971.4,28394.72883,0
1765511460000,2.0320,2.0327,2.0319,2.0327,43506.3,1765511519999,88414.74885,287,35707.2,72566.07175,0
1765511520000,2.0327,2.0327,2.0315,2.0324,43578.8,1765511579999,88555.57484,438,15874.0,32256.85125,0
1765511580000,2.0323,2.0329,2.0320,2.0321,132123.2,1765511639999,268534.27171,544,26574.9,54012.29364,0
1765511640000,2.0321,2.0322,2.0316,2.0320,26576.5,1765511699999,54002.56776,283,17577.9,35717.97827,0
1765511700000,2.0320,2.0320,2.0303,2.0307,94451.3,1765511759999,191843.10802,638,23086.1,46885.04591,0
1765511760000,2.0306,2.0315,2.0306,2.0310,55865.5,1765511819999,113471.26764,368,25486.9,51763.99812,0
1765511820000,2.0310,2.0312,2.0305,2.0308,55732.7,1765511879999,113186.19264,351,22737.4,46177.41003,0
1765511880000,2.0308,2.0311,2.0308,2.0310,30830.5,1765511939999,62613.70464,242,18522.0,37616.63010,0
1765511940000,2.0310,2.0310,2.0304,2.0306,61206.5,1765511999999,124291.18494,301,19392.3,39377.00244,0
1765512000000,2.0306,2.0306,2.0296,2.0299,323339.4,1765512059999,656377.69748,994,117486.2,238496.88155,0
1765512060000,2.0299,2.0312,2.0298,2.0312,81082.4,1765512119999,164645.72971,441,68096.6,138276.29600,0
1765512120000,2.0311,2.0312,2.0295,2.0295,108226.6,1765512179999,219696.98100,611,29893.4,60679.25899,0
1765512180000,2.0295,2.0307,2.0290,2.0307,150361.7,1765512239999,305213.94845,718,61687.8,125223.74140,0
1765512240000,2.0306,2.0321,2.0306,2.0313,84649.3,1765512299999,171952.75171,506,52492.9,106621.32964,0
1765512300000,2.0313,2.0314,2.0298,2.0306,346475.6,1765512359999,703625.32640,938,285415.1,579634.18926,0
1765512360000,2.0306,2.0309,2.0298,2.0303,160787.8,1765512419999,326476.36572,844,73243.3,148716.53918,0
1765512420000,2.0303,2.0314,2.0302,2.0310,64451.2,1765512479999,130905.58541,477,26029.5,52864.95230,0
1765512480000,2.0309,2.0310,2.0297,2.0300,43239.8,1765512539999,87783.73311,418,22795.0,46274.77731,0
1765512540000,2.0299,2.0301,2.0297,2.0297,72593.4,1765512599999,147354.20054,359,12101.9,24565.48193,0
1765512600000,2.0297,2.0299,2.0294,2.0294,95824.9,1765512659999,194501.79293,378,4201.2,8527.71851,0
1765512660000,2.0294,2.0299,2.0293,2.0296,72355.9,1765512719999,146853.68049,448,50071.6,101623.43404,0
1765512720000,2.0295,2.0298,2.0291,2.0292,133470.2,1765512779999,270863.13253,451,17351.7,35213.52641,0
1765512780000,2.0291,2.0299,2.0291,2.0298,93424.5,1765512839999,189612.47708,337,83466.0,169402.35853,0
1765512840000,2.0299,2.0302,2.0294,2.0297,157839.6,1765512899999,320372.63448,526,45620.2,92611.28176,0
1765512900000,2.0297,2.0297,2.0281,2.0293,336731.3,1765512959999,683126.21920,1101,226904.3,460295.94793,0
1765512960000,2.0294,2.0296,2.0290,2.0293,69531.2,1765513019999,141104.02347,425,24790.8,50306.39028,0
1765513020000,2.0293,2.0297,2.0287,2.0290,45384.1,1765513079999,92094.47614,359,13508.1,27409.60295,0
1765513080000,2.0289,2.0293,2.0283,2.0286,225334.8,1765513139999,457117.96324,544,55537.3,112672.52399,0
1765513140000,2.0286,2.0287,2.0277,2.0279,168068.6,1765513199999,340891.94430,543,46103.1,93516.51208,0
1765513200000,2.0279,2.0296,2.0276,2.0280,334936.8,1765513259999,679392.30118,1050,149774.1,303779.14453,0
1765513260000,2.0279,2.0289,2.0279,2.0287,75393.6,1765513319999,152938.18586,397,43641.0,88521.43225,0
1765513320000,2.0287,2.0289,2.0284,2.0287,83988.5,1765513379999,170385.56552,335,23230.7,47126.56208,0
1765513380000,2.0288,2.0292,2.0286,2.0289,104075.7,1765513439999,211161.91144,404,41218.6,83628.63701,0
1765513440000,2.0288,2.0293,2.0288,2.0289,103270.2,1765513499999,209557.21698,358,34632.3,70273.56186,0
1765513500000,2.0289,2.0289,2.0280,2.0283,108782.8,1765513559999,220650.71182,419,29675.6,60189.65651,0
1765513560000,2.0282,2.0289,2.0279,2.0280,188585.8,1765513619999,382532.62888,608,90097.8,182752.53768,0
1765513620000,2.0279,2.0279,2.0260,2.0270,271725.6,1765513679999,550720.31065,817,60958.5,123545.27778,0
1765513680000,2.0270,2.0272,2.0264,2.0265,66109.7,1765513739999,133998.00331,426,30443.2,61708.28712,0
1765513740000,2.0265,2.0265,2.0261,2.0264,84036.3,1765513799999,170277.03359,327,49412.3,100120.30400,0
1765513800000,2.0263,2.0269,2.0259,2.0260,139227.6,1765513859999,282114.50461,799,58758.2,119059.27775,0
1765513860000,2.0260,2.0265,2.0259,2.0264,85558.5,1765513919999,173371.53027,454,44879.0,90940.35522,0
1765513920000,2.0264,2.0265,2.0254,2.0255,208756.4,1765513979999,422936.09487,779,105059.6,212829.63227,0
1765513980000,2.0255,2.0262,2.0250,2.0259,187494.9,1765514039999,379797.57853,706,73687.3,149269.69843,0
1765514040000,2.0259,2.0269,2.0256,2.0260,156153.7,1765514099999,316415.98180,679,102386.7,207483.98323,0
1765514100000,2.0261,2.0263,2.0255,2.0256,52595.0,1765514159999,106550.49919,418,16038.9,32492.16881,0
1765514160000,2.0256,2.0274,2.0255,2.0270,110744.8,1765514219999,224407.39986,511,81573.4,165287.00622,0
1765514220000,2.0271,2.0277,2.0257,2.0260,147091.0,1765514279999,298123.35465,529,92961.4,188417.58039,0
1765514280000,2.0260,2.0267,2.0260,2.0264,45697.8,1765514339999,92605.57608,286,22327.0,45243.47264,0
1765514340000,2.0263,2.0264,2.0259,2.0260,85297.4,1765514399999,172824.43158,310,8603.1,17433.12788,0
1765514400000,2.0260,2.0274,2.0259,2.0274,90885.1,1765514459999,184199.40036,410,82750.2,167713.83079,0
1765514460000,2.0273,2.0276,2.0273,2.0276,83339.6,1765514519999,168969.56083,310,42350.8,85865.80760,0
1765514520000,2.0276,2.0276,2.0262,2.0274,148535.0,1765514579999,301075.18102,642,71143.8,144188.49038,0
1765514580000,2.0273,2.0278,2.0265,2.0275,80027.6,1765514639999,162220.81992,458,31474.2,63809.51179,0
1765514640000,2.0275,2.0279,2.0271,2.0278,53953.7,1765514699999,109389.46648,283,43751.7,88704.55651,0
1765514700000,2.0279,2.0281,2.0275,2.0278,85078.3,1765514759999,172519.25073,563,53163.2,107801.28793,0
1765514760000,2.0279,2.0281,2.0263,2.0265,117197.1,1765514819999,237577.92823,604,51580.1,104559.84433,0
1765514820000,2.0265,2.0272,2.0264,2.0264,134822.4,1765514879999,273249.84660,548,102648.6,208043.09019,0
1765514880000,2.0265,2.0274,2.0264,2.0269,74268.5,1765514939999,150546.21190,433,26726.2,54171.40502,0
1765514940000,2.0269,2.0276,2.0268,2.0276,35301.4,1765514999999,71565.73784,257,32726.9,66347.38805,0
1765515000000,2.0276,2.0283,2.0274,2.0278,118162.6,1765515059999,239625.33106,499,92306.0,187192.79452,0
1765515060000,2.0279,2.0299,2.0273,2.0298,429083.5,1765515119999,870329.56291,1243,284060.0,576179.28418,0
1765515120000,2.0298,2.0299,2.0284,2.0284,123424.7,1765515179999,250427.92403,678,44040.8,89353.39192,0
1765515180000,2.0284,2.0287,2.0283,2.0285,72452.8,1765515239999,146971.43903,360,48442.4,98266.83065,0
1765515240000,2.0284,2.0287,2.0281,2.0287,39884.9,1765515299999,80899.26569,267,20787.3,42163.17106,0
1765515300000,2.0287,2.0302,2.0286,2.0302,243067.6,1765515359999,493338.61285,645,214279.3,434911.74215,0
1765515360000,2.0302,2.0302,2.0281,2.0284,123097.9,1765515419999,249750.33059,612,33808.4,68583.45338,0
1765515420000,2.0284,2.0290,2.0278,2.0287,155716.5,1765515479999,315842.64893,617,98861.2,200524.70510,0
1765515480000,2.0287,2.0291,2.0286,2.0288,31591.9,1765515539999,64095.82967,261,19304.2,39164.99860,0
1765515540000,2.0288,2.0288,2.0284,2.0284,97311.0,1765515599999,197407.22212,293,51139.4,103743.59081,0
1765515600000,2.0284,2.0301,2.0283,2.0298,233295.3,1765515659999,473442.42929,866,143013.8,290232.29906,0
1765515660000,2.0297,2.0326,2.0297,2.0324,562154.4,1765515719999,1141923.08388,1356,379520.4,770870.23062,0
1765515720000,2.0324,2.0347,2.0316,2.0331,723268.8,1765515779999,1470711.55338,1680,496403.4,1009469.70613,0
1765515780000,2.0330,2.0330,2.0321,2.0328,111862.6,1765515839999,227356.00689,560,78688.9,159930.59484,0
1765515840000,2.0327,2.0338,2.0327,2.0338,98479.2,1765515899999,200214.70875,577,74990.7,152461.83197,0
1765515900000,2.0338,2.0340,2.0332,2.0334,67515.3,1765515959999,137302.10468,469,28630.5,58223.46019,0
1765515960000,2.0333,2.0334,2.0316,2.0317,110649.9,1765516019999,224919.24777,606,14397.4,29264.51263,0
1765516020000,2.0317,2.0325,2.0316,2.0325,97282.1,1765516079999,197673.39981,357,91084.2,185079.41061,0
1765516080000,2.0325,2.0325,2.0317,2.0318,127315.0,1765516139999,258713.14523,450,71168.9,144614.36108,0
1765516140000,2.0319,2.0323,2.0306,2.0306,195756.0,1765516199999,397689.55491,621,58889.9,119656.71822,0
1765516200000,2.0307,2.0307,2.0285,2.0285,150090.2,1765516259999,304560.39719,700,60100.8,121942.21402,0
1765516260000,2.0286,2.0292,2.0283,2.0286,169620.7,1765516319999,344117.19327,570,71926.4,145922.22956,0
1765516320000,2.0286,2.0287,2.0275,2.0276,374599.1,1765516379999,759730.69457,754,144604.3,293269.75523,0
1765516380000,2.0277,2.0277,2.0259,2.0261,137496.2,1765516439999,278651.44265,655,17425.8,35314.61937,0
1765516440000,2.0262,2.0266,2.0250,2.0252,277790.7,1765516499999,562693.10605,730,86884.9,176018.72702,0
1765516500000,2.0253,2.0268,2.0253,2.0267,128350.7,1765516559999,260038.99630,526,103482.5,209656.47075,0
1765516560000,2.0268,2.0277,2.0267,2.0273,263075.2,1765516619999,533352.56980,683,224932.2,456020.31109,0
1765516620000,2.0273,2.0274,2.0269,2.0273,60418.9,1765516679999,122482.13791,325,27474.9,55697.32921,0
1765516680000,2.0274,2.0281,2.0271,2.0281,67273.8,1765516739999,136395.39179,350,59252.4,120132.60880,0
1765516740000,2.0281,2.0282,2.0272,2.0273,99263.1,1765516799999,201297.74582,426,54509.5,110544.58014,0
1765516800000,2.0272,2.0278,2.0269,2.0270,52238.1,1765516859999,105902.98530,341,26451.1,53627.95068,0
1765516860000,2.0270,2.0273,2.0265,2.0267,72711.3,1765516919999,147374.94820,373,35015.9,70971.06189,0
1765516920000,2.0266,2.0266,2.0224,2.0230,688386.8,1765516979999,1393289.84598,1509,191910.4,388343.72031,0
1765516980000,2.0230,2.0240,2.0229,2.0239,125522.0,1765517039999,254006.83239,528,91177.4,184498.86588,0
1765517040000,2.0239,2.0239,2.0231,2.0238,121043.1,1765517099999,244934.40639,458,56318.8,113956.69118,0
1765517100000,2.0238,2.0238,2.0232,2.0232,102279.4,1765517159999,206952.84292,521,15378.5,31116.84154,0
1765517160000,2.0232,2.0247,2.0232,2.0247,93763.7,1765517219999,189786.67871,520,71207.4,144120.74013,0
1765517220000,2.0247,2.0249,2.0246,2.0248,81257.0,1765517279999,164528.17017,313,19250.0,38977.17942,0
1765517280000,2.0249,2.0249,2.0241,2.0244,82112.5,1765517339999,166234.50626,354,41325.8,83663.86232,0
1765517340000,2.0244,2.0256,2.0243,2.0246,223627.3,1765517399999,452867.06616,650,179852.3,364222.69881,0
1765517400000,2.0246,2.0250,2.0245,2.0245,64976.1,1765517459999,131554.83290,414,43237.8,87541.61654,0
1765517460000,2.0245,2.0263,2.0243,2.0263,207828.2,1765517519999,420837.20662,762,178599.2,361658.18729,0
1765517520000,2.0264,2.0264,2.0253,2.0254,50259.8,1765517579999,101825.90517,345,8881.7,17993.81707,0
1765517580000,2.0253,2.0254,2.0239,2.0240,45367.1,1765517639999,91856.23652,350,3686.4,7465.08690,0
1765517640000,2.0240,2.0244,2.0235,2.0243,57974.6,1765517699999,117324.77590,424,42107.7,85215.56030,0
1765517700000,2.0243,2.0254,2.0243,2.0253,53770.3,1765517759999,108888.21578,364,37854.2,76654.02163,0
1765517760000,2.0253,2.0254,2.0251,2.0254,37633.2,1765517819999,76217.72072,276,28268.0,57251.25497,0
1765517820000,2.0254,2.0254,2.0246,2.0246,70832.9,1765517879999,143439.90572,461,32064.2,64930.28954,0
1765517880000,2.0247,2.0266,2.0246,2.0266,87999.6,1765517939999,178240.17335,452,73786.8,149450.98653,0
1765517940000,2.0266,2.0293,2.0265,2.0288,476990.0,1765517999999,967352.20271,1130,388400.3,787662.97097,0
1765518000000,2.0288,2.0289,2.0283,2.0288,105920.5,1765518059999,214853.77364,468,78093.8,158408.82917,0
1765518060000,2.0287,2.0295,2.0282,2.0295,114265.3,1765518119999,231835.07761,555,80588.7,163509.11118,0
1765518120000,2.0295,2.0298,2.0286,2.0291,109288.6,1765518179999,221775.86959,604,55085.9,111784.43080,0
1765518180000,2.0292,2.0292,2.0286,2.0288,88206.2,1765518239999,178953.84274,362,33133.7,67221.11483,0
1765518240000,2.0289,2.0304,2.0286,2.0304,80703.5,1765518299999,163811.39593,521,76026.1,154319.88690,0
1765518300000,2.0305,2.0321,2.0304,2.0314,212804.3,1765518359999,432322.03397,844,106298.6,215959.54095,0
1765518360000,2.0314,2.0322,2.0313,2.0317,94803.9,1765518419999,192630.04052,556,57835.4,117515.52551,0
1765518420000,2.0317,2.0327,2.0310,2.0324,294916.8,1765518479999,599255.34704,918,206565.2,419731.56572,0
1765518480000,2.0324,2.0360,2.0323,2.0350,583157.7,1765518539999,1186598.56795,1742,435321.1,885697.80903,0
1765518540000,2.0350,2.0350,2.0327,2.0328,217017.1,1765518599999,441376.95454,859,72758.1,147954.91529,0
1765518600000,2.0328,2.0329,2.0323,2.0324,180302.0,1765518659999,366472.42966,695,74575.2,151574.83986,0
1765518660000,2.0325,2.0329,2.0321,2.0321,92582.2,1765518719999,188195.43586,458,63378.7,128835.98617,0
1765518720000,2.0321,2.0337,2.0321,2.0336,280089.3,1765518779999,569490.69417,759,186914.2,380012.55589,0
1765518780000,2.0337,2.0337,2.0332,2.0334,38265.3,1765518839999,77809.91487,349,17561.2,35708.94651,0
1765518840000,2.0335,2.0340,2.0334,2.0336,110394.5,1765518899999,224504.81668,462,70846.5,144075.93081,0
1765518900000,2.0336,2.0345,2.0336,2.0341,87155.5,1765518959999,177289.06484,491,51540.6,104839.60221,0
1765518960000,2.0341,2.0350,2.0337,2.0347,129430.7,1765519019999,263301.41413,686,76500.8,155640.99598,0
1765519020000,2.0347,2.0357,2.0347,2.0351,206315.9,1765519079999,419881.16572,580,133762.5,272223.38840,0
1765519080000,2.0351,2.0353,2.0348,2.0353,47099.5,1765519139999,95845.07764,409,23111.0,47030.31307,0
1765519140000,2.0353,2.0365,2.0352,2.0357,250766.4,1765519199999,510518.48825,814,101874.0,207383.44846,0
1765519200000,2.0358,2.0362,2.0354,2.0356,178996.5,1765519259999,364397.68978,747,103845.0,211403.07992,0
1765519260000,2.0355,2.0356,2.0345,2.0351,160082.0,1765519319999,325761.99514,726,54293.2,110483.43561,0
1765519320000,2.0350,2.0374,2.0350,2.0372,266859.4,1765519379999,543529.50719,1180,174308.5,354994.46298,0
1765519380000,2.0372,2.0372,2.0357,2.0358,206081.1,1765519439999,419767.00027,767,97013.5,197611.29960,0
1765519440000,2.0357,2.0366,2.0350,2.0366,195964.1,1765519499999,398889.04829,892,135786.3,276406.56640,0
1765519500000,2.0367,2.0381,2.0358,2.0375,364186.4,1765519559999,742000.78595,1380,120844.3,246196.93094,0
1765519560000,2.0374,2.0399,2.0368,2.0393,912231.5,1765519619999,1860006.54257,1818,603024.6,1229563.58727,0
1765519620000,2.0393,2.0393,2.0370,2.0372,351056.6,1765519679999,715613.81823,982,138870.0,283106.97006,0
1765519680000,2.0372,2.0389,2.0370,2.0388,184735.8,1765519739999,376475.25982,818,141248.3,287867.29184,0
1765519740000,2.0388,2.0394,2.0378,2.0394,205190.1,1765519799999,418340.98524,790,122996.7,250772.19256,0
1765519800000,2.0393,2.0408,2.0390,2.0391,402893.8,1765519859999,821906.44316,1463,234765.9,478910.02948,0
1765519860000,2.0391,2.0394,2.0385,2.0392,131836.9,1765519919999,268805.40919,640,52819.6,107695.42336,0
1765519920000,2.0391,2.0401,2.0373,2.0396,397608.4,1765519979999,810585.26880,1365,239992.1,489294.98506,0
1765519980000,2.0396,2.0405,2.0394,2.0396,213818.7,1765520039999,436192.18220,823,116309.9,237273.16779,0
1765520040000,2.0396,2.0407,2.0392,2.0406,301440.7,1765520099999,614878.19543,894,213600.8,435709.10973,0
1765520100000,2.0406,2.0412,2.0401,2.0406,310322.5,1765520159999,633260.68345,1267,204316.7,416956.74710,0
1765520160000,2.0406,2.0406,2.0388,2.0392,318174.4,1765520219999,648864.20223,1029,158312.6,322814.87829,0
1765520220000,2.0391,2.0392,2.0371,2.0385,396767.9,1765520279999,808552.78101,1054,156633.3,319173.93693,0
1765520280000,2.0385,2.0391,2.0375,2.0375,161416.8,1765520339999,329044.80680,656,52111.3,106230.59029,0
1765520340000,2.0375,2.0380,2.0374,2.0379,87722.0,1765520399999,178760.04652,427,44980.8,91664.33172,0
1765520400000,2.0379,2.0397,2.0378,2.0380,246050.1,1765520459999,501675.75227,848,155826.3,317712.73258,0
1765520460000,2.0380,2.0387,2.0380,2.0382,76404.4,1765520519999,155738.14725,441,30084.5,61322.58241,0
1765520520000,2.0382,2.0389,2.0382,2.0384,106237.1,1765520579999,216586.37428,436,75509.6,153942.22489,0
1765520580000,2.0384,2.0399,2.0382,2.0398,106202.2,1765520639999,216559.86967,504,93208.4,190070.60609,0
1765520640000,2.0399,2.0400,2.0390,2.0392,78491.1,1765520699999,160078.86398,459,30375.1,61948.30206,0
1765520700000,2.0391,2.0395,2.0391,2.0394,70138.6,1765520759999,143030.50293,423,40655.6,82906.57673,0
1765520760000,2.0393,2.0399,2.0382,2.0382,109250.3,1765520819999,222796.70330,661,34420.3,70198.00596,0
1765520820000,2.0382,2.0383,2.0375,2.0378,71160.9,1765520879999,145015.22651,415,30793.1,62750.91773,0
1765520880000,2.0378,2.0379,2.0368,2.0371,76601.3,1765520939999,156048.45911,525,15820.6,32229.51361,0
1765520940000,2.0372,2.0373,2.0365,2.0371,130275.3,1765520999999,265377.15567,575,79141.6,161219.30497,0
1765521000000,2.0371,2.0371,2.0355,2.0361,366461.7,1765521059999,746209.73966,1050,78797.7,160475.43631,0
1765521060000,2.0361,2.0365,2.0355,2.0365,163986.2,1765521119999,333865.07119,609,92096.3,187507.55029,0
1765521120000,2.0364,2.0365,2.0357,2.0358,92593.2,1765521179999,188525.28375,362,11637.2,23694.79023,0
1765521180000,2.0358,2.0361,2.0356,2.0360,149528.5,1765521239999,304412.29310,428,62317.2,126871.11961,0
1765521240000,2.0360,2.0361,2.0348,2.0361,281849.7,1765521299999,573658.59932,761,129473.9,263537.79070,0
1765521300000,2.0360,2.0377,2.0360,2.0377,187406.6,1765521359999,381714.69140,644,112770.1,229701.65974,0
1765521360000,2.0377,2.0377,2.0366,2.0366,68908.2,1765521419999,140392.15431,467,16726.6,34078.69467,0
1765521420000,2.0367,2.0376,2.0366,2.0371,88452.5,1765521479999,180171.96537,483,54098.4,110190.43618,0
1765521480000,2.0372,2.0372,2.0360,2.0363,54920.6,1765521539999,111847.05380,399,27812.0,56641.75563,0
1765521540000,2.0362,2.0370,2.0362,2.0369,49392.4,1765521599999,100598.66073,259,31877.6,64924.56484,0
1765521600000,2.0370,2.0384,2.0368,2.0384,605087.2,1765521659999,1232938.88951,995,540579.5,1101489.21076,0
1765521660000,2.0384,2.0386,2.0376,2.0385,122824.3,1765521719999,250325.42223,468,68332.8,139269.28205,0
1765521720000,2.0386,2.0386,2.0369,2.0370,77442.5,1765521779999,157793.61845,403,18001.0,36670.57869,0
1765521780000,2.0370,2.0379,2.0370,2.0379,40647.7,1765521839999,82813.33989,262,37713.5,76834.49107,0
1765521840000,2.0378,2.0379,2.0374,2.0374,41709.9,1765521899999,84994.41016,265,12875.9,26239.35984,0
1765521900000,2.0375,2.0379,2.0374,2.0379,108862.2,1765521959999,221824.92986,408,74989.5,152804.75463,0
1765521960000,2.0378,2.0378,2.0356,2.0363,168270.0,1765522019999,342655.22043,719,59394.9,120938.41177,0
1765522020000,2.0362,2.0365,2.0358,2.0358,144221.0,1765522079999,293657.39259,560,75302.5,153329.84418,0
1765522080000,2.0358,2.0400,2.0358,2.0392,429217.0,1765522139999,874746.14966,1233,352123.6,717628.31637,0
1765522140000,2.0392,2.0393,2.0380,2.0390,87456.6,1765522199999,178300.93182,547,43863.0,89418.36252,0
1765522200000,2.0390,2.0390,2.0380,2.0383,169658.2,1765522259999,345859.93016,584,47876.1,97595.84601,0
1765522260000,2.0383,2.0391,2.0378,2.0385,196065.3,1765522319999,399715.92867,554,144698.4,294993.87600,0
1765522320000,2.0386,2.0388,2.0384,2.0386,86382.3,1765522379999,176099.78825,322,26971.5,54983.14890,0
1765522380000,2.0386,2.0390,2.0379,2.0380,102889.7,1765522439999,209740.01785,502,21661.7,44163.91269,0
1765522440000,2.0380,2.0390,2.0379,2.0389,88829.6,1765522499999,181061.55333,406,31923.5,65071.93932,0
1765522500000,2.0390,2.0403,2.0389,2.0394,308808.9,1765522559999,629865.21220,814,246928.1,503660.94457,0
1765522560000,2.0393,2.0397,2.0389,2.0391,145677.5,1765522619999,297085.88075,507,44825.9,91409.41395,0
1765522620000,2.0391,2.0402,2.0391,2.0402,124328.3,1765522679999,253592.44594,390,99485.3,202924.78805,0
1765522680000,2.0402,2.0405,2.0398,2.0399,103392.5,1765522739999,210930.44027,383,43807.0,89375.44143,0
1765522740000,2.0399,2.0400,2.0397,2.0400,106799.0,1765522799999,217856.28654,287,23260.1,47448.46988,0
1765522800000,2.0400,2.0406,2.0394,2.0400,189921.6,1765522859999,387449.18455,723,123449.0,251850.77149,0
1765522860000,2.0400,2.0410,2.0399,2.0409,181657.1,1765522919999,370682.64148,740,102791.5,209746.62275,0
1765522920000,2.0409,2.0409,2.0399,2.0404,178287.1,1765522979999,363734.92643,593,108679.8,221716.31007,0
1765522980000,2.0405,2.0425,2.0402,2.0420,315087.9,1765523039999,643285.99748,1216,191365.9,390679.61658,0
1765523040000,2.0420,2.0421,2.0407,2.0407,170851.2,1765523099999,348786.49187,653,59426.3,121308.65781,0
1765523100000,2.0408,2.0408,2.0390,2.0395,136205.2,1765523159999,277811.41053,808,43897.1,89528.33239,0
1765523160000,2.0395,2.0395,2.0379,2.0379,176671.5,1765523219999,360183.86910,613,18381.4,37480.26056,0
1765523220000,2.0380,2.0390,2.0378,2.0388,107905.1,1765523279999,219961.89486,501,62227.2,126848.64376,0
1765523280000,2.0388,2.0394,2.0386,2.0394,76729.8,1765523339999,156447.59250,416,52152.5,106336.54176,0
1765523340000,2.0393,2.0396,2.0380,2.0382,120981.2,1765523399999,246678.88452,541,61302.9,125007.22915,0
1765523400000,2.0383,2.0387,2.0381,2.0382,60437.9,1765523459999,123202.34130,349,26369.6,53754.07512,0
1765523460000,2.0382,2.0388,2.0381,2.0388,227714.2,1765523519999,464173.21473,715,62441.2,127279.34556,0
1765523520000,2.0387,2.0394,2.0385,2.0388,142218.5,1765523579999,289987.25742,630,61504.6,125405.78142,0
1765523580000,2.0389,2.0389,2.0382,2.0385,48453.6,1765523639999,98772.64696,346,23214.6,47323.38553,0
1765523640000,2.0386,2.0389,2.0375,2.0377,113879.4,1765523699999,232128.16575,517,42835.2,87309.75042,0
1765523700000,2.0376,2.0394,2.0376,2.0388,152994.2,1765523759999,311920.80653,586,111740.6,227806.05670,0
1765523760000,2.0387,2.0392,2.0384,2.0387,85998.8,1765523819999,175327.32446,537,46946.8,95708.38827,0
1765523820000,2.0387,2.0389,2.0374,2.0379,77175.0,1765523879999,157289.98385,506,27302.7,55650.89630,0
1765523880000,2.0378,2.0390,2.0375,2.0380,158786.3,1765523939999,323642.11503,672,33874.3,69045.54485,0
1765523940000,2.0381,2.0391,2.0380,2.0391,84449.5,1765523999999,172172.56786,409,65739.2,134025.22070,0
1765524000000,2.0391,2.0398,2.0386,2.0387,151378.5,1765524059999,308701.64244,618,67429.9,137503.66902,0
1765524060000,2.0387,2.0391,2.0380,2.0381,317830.2,1765524119999,647998.65961,682,43546.3,88766.41019,0
1765524120000,2.0382,2.0383,2.0375,2.0383,119508.1,1765524179999,243555.70961,410,61536.3,125410.11517,0
1765524180000,2.0383,2.0383,2.0374,2.0375,104958.4,1765524239999,213863.20802,379,46279.2,94296.82712,0
1765524240000,2.0374,2.0380,2.0373,2.0374,76873.5,1765524299999,156634.59421,331,32572.4,66368.82710,0
1765524300000,2.0375,2.0390,2.0374,2.0389,199768.0,1765524359999,407196.09794,653,163319.2,332887.99999,0
1765524360000,2.0389,2.0390,2.0383,2.0389,144825.2,1765524419999,295254.75107,392,62724.1,127868.02262,0
1765524420000,2.0390,2.0390,2.0377,2.0377,77137.9,1765524479999,157251.78685,369,5408.1,11026.39909,0
1765524480000,2.0378,2.0379,2.0373,2.0374,53038.7,1765524539999,108067.79696,371,26744.2,54491.34239,0
1765524540000,2.0373,2.0375,2.0368,2.0369,69110.8,1765524599999,140793.16456,391,18795.1,38289.84804,0
1765524600000,2.0369,2.0380,2.0367,2.0380,133058.2,1765524659999,271096.93858,609,80050.7,163092.37816,0
1765524660000,2.0380,2.0388,2.0369,2.0375,297843.6,1765524719999,606950.94291,942,195259.7,397886.14248,0
1765524720000,2.0375,2.0376,2.0366,2.0371,72991.1,1765524779999,148684.97905,433,30608.6,62352.58239,0
1765524780000,2.0370,2.0370,2.0348,2.0350,135444.0,1765524839999,275697.19972,573,20747.6,42237.36658,0
1765524840000,2.0350,2.0358,2.0349,2.0355,125458.0,1765524899999,255333.19761,410,89339.9,181822.98498,0
1765524900000,2.0355,2.0363,2.0335,2.0335,251925.9,1765524959999,512635.23408,882,111616.6,227134.54198,0
1765524960000,2.0335,2.0344,2.0319,2.0331,1219051.5,1765525019999,2478555.10552,1899,578166.5,1175703.87087,0
1765525020000,2.0330,2.0331,2.0319,2.0319,244423.1,1765525079999,496783.83678,701,81006.9,164630.17496,0
1765525080000,2.0319,2.0323,2.0312,2.0323,117058.2,1765525139999,237833.30143,571,73176.1,148684.33420,0
1765525140000,2.0322,2.0326,2.0321,2.0324,94082.0,1765525199999,191217.53520,442,54696.6,111169.41195,0
1765525200000,2.0324,2.0349,2.0324,2.0349,262819.3,1765525259999,534511.50163,938,215111.5,437478.64976,0
1765525260000,2.0349,2.0358,2.0334,2.0335,289021.4,1765525319999,588140.96581,929,162296.7,330280.08300,0
1765525320000,2.0334,2.0344,2.0334,2.0344,55479.3,1765525379999,112839.35721,467,39482.8,80303.76069,0
1765525380000,2.0343,2.0344,2.0335,2.0336,34372.5,1765525439999,69902.98315,286,18719.1,38067.95017,0
1765525440000,2.0336,2.0350,2.0335,2.0347,152960.0,1765525499999,311209.50130,521,103351.4,210267.50698,0
1765525500000,2.0347,2.0349,2.0346,2.0347,53060.8,1765525559999,107963.37379,301,34937.7,71089.06448,0
1765525560000,2.0346,2.0347,2.0336,2.0341,80867.6,1765525619999,164492.92098,428,17137.7,34857.74414,0
1765525620000,2.0341,2.0341,2.0334,2.0339,33863.2,1765525679999,68865.22357,287,20226.8,41133.43899,0
1765525680000,2.0338,2.0343,2.0338,2.0343,58470.7,1765525739999,118923.88191,264,34833.3,70848.52184,0
1765525740000,2.0343,2.0358,2.0343,2.0358,57377.8,1765525799999,116768.39728,359,44848.6,91276.07463,0
1765525800000,2.0357,2.0366,2.0356,2.0364,176531.3,1765525859999,359457.50747,690,137163.2,279302.94248,0
1765525860000,2.0363,2.0369,2.0362,2.0367,123814.9,1765525919999,252158.67425,484,57870.4,117857.48748,0
1765525920000,2.0366,2.0370,2.0366,2.0369,41917.8,1765525979999,85380.43707,320,29018.9,59107.47877,0
1765525980000,2.0369,2.0374,2.0366,2.0372,67904.2,1765526039999,138320.19245,457,36851.6,75070.24764,0
1765526040000,2.0371,2.0379,2.0371,2.0379,72464.8,1765526099999,147638.38929,307,64177.5,130755.14124,0
1765526100000,2.0378,2.0379,2.0372,2.0376,105634.8,1765526159999,215226.43770,482,60997.9,124282.17574,0
1765526160000,2.0375,2.0375,2.0358,2.0371,281421.1,1765526219999,573202.17982,854,80207.7,163343.37975,0
1765526220000,2.0370,2.0378,2.0367,2.0369,138737.4,1765526279999,282623.57939,493,46460.5,94652.25964,0
1765526280000,2.0369,2.0369,2.0362,2.0363,74044.8,1765526339999,150787.73274,391,32040.6,65250.64424,0
1765526340000,2.0362,2.0364,2.0360,2.0363,104814.4,1765526399999,213430.64845,378,67922.7,138312.73968,0
1765526400000,2.0363,2.0367,2.0358,2.0359,125456.4,1765526459999,255453.35005,731,43978.8,89548.39136,0
1765526460000,2.0358,2.0370,2.0356,2.0360,145218.9,1765526519999,295713.93313,654,70752.2,144067.54146,0
1765526520000,2.0360,2.0366,2.0348,2.0357,494061.6,1765526579999,1005728.42562,1046,81136.0,165148.40309,0
1765526580000,2.0356,2.0360,2.0351,2.0353,113976.7,1765526639999,232005.03698,508,75487.1,153662.98913,0
1765526640000,2.0353,2.0360,2.0352,2.0359,64552.8,1765526699999,131408.45373,435,36151.9,73592.37904,0
1765526700000,2.0359,2.0363,2.0357,2.0360,159159.2,1765526759999,324053.29225,607,107515.7,218910.68281,0
1765526760000,2.0360,2.0368,2.0360,2.0362,61974.6,1765526819999,126209.03994,422,31767.1,64693.03847,0
1765526820000,2.0362,2.0363,2.0351,2.0352,124856.2,1765526879999,254181.13995,427,13702.2,27892.82684,0
1765526880000,2.0352,2.0358,2.0351,2.0357,73618.5,1765526939999,149846.77037,310,35410.3,72075.81573,0
1765526940000,2.0356,2.0362,2.0347,2.0362,156706.0,1765526999999,318978.47056,552,92382.6,188059.33745,0
1765527000000,2.0362,2.0363,2.0352,2.0352,61856.1,1765527059999,125929.70506,338,18717.1,38106.70204,0
1765527060000,2.0352,2.0363,2.0350,2.0351,102728.2,1765527119999,209107.25991,549,42925.6,87374.80973,0
1765527120000,2.0350,2.0352,2.0344,2.0344,141138.3,1765527179999,287193.60056,519,69529.2,141481.87476,0
1765527180000,2.0344,2.0349,2.0344,2.0345,76584.1,1765527239999,155818.08573,348,36298.2,73852.75256,0
1765527240000,2.0346,2.0346,2.0343,2.0344,65060.0,1765527299999,132363.25288,340,20379.8,41463.15054,0
1765527300000,2.0344,2.0350,2.0344,2.0348,92163.7,1765527359999,187535.02225,422,50125.8,101996.29297,0
1765527360000,2.0349,2.0349,2.0334,2.0335,175731.8,1765527419999,357430.06118,579,62560.4,127240.09498,0
1765527420000,2.0335,2.0340,2.0332,2.0339,103884.8,1765527479999,211242.20008,419,64995.0,132161.68734,0
1765527480000,2.0338,2.0343,2.0338,2.0341,80432.4,1765527539999,163602.09393,234,34262.2,69691.28158,0
1765527540000,2.0342,2.0346,2.0341,2.0346,20145.7,1765527599999,40985.92806,196,18297.7,37226.24593,0
1765527600000,2.0346,2.0346,2.0318,2.0319,214045.3,1765527659999,435164.85532,798,71471.0,145287.33277,0
1765527660000,2.0318,2.0323,2.0302,2.0305,264543.3,1765527719999,537347.09088,1066,71367.3,144969.95450,0
1765527720000,2.0306,2.0311,2.0301,2.0305,193117.2,1765527779999,392099.29818,599,69126.2,140352.08049,0
1765527780000,2.0305,2.0316,2.0305,2.0312,265306.7,1765527839999,538860.36253,626,136280.1,276787.20625,0
1765527840000,2.0312,2.0318,2.0299,2.0307,463031.0,1765527899999,940190.02654,922,76650.2,155684.50500,0
1765527900000,2.0308,2.0309,2.0305,2.0305,90865.3,1765527959999,184522.76358,432,31076.7,63108.76184,0
1765527960000,2.0305,2.0306,2.0296,2.0298,149944.3,1765528019999,304402.12169,495,79663.0,161715.64223,0
1765528020000,2.0297,2.0302,2.0290,2.0301,284701.3,1765528079999,577788.35860,972,89410.1,181454.61551,0
1765528080000,2.0302,2.0302,2.0297,2.0298,49947.4,1765528139999,101395.66926,302,18639.8,37842.13589,0
1765528140000,2.0298,2.0307,2.0295,2.0298,220792.5,1765528199999,448237.30284,592,105488.6,214160.52232,0
1765528200000,2.0298,2.0299,2.0271,2.0277,438073.2,1765528259999,888422.74303,1236,60267.0,122249.03614,0
1765528260000,2.0277,2.0282,2.0270,2.0277,245358.3,1765528319999,497495.75526,896,89031.1,180511.73700,0
1765528320000,2.0277,2.0280,2.0274,2.0280,152880.1,1765528379999,309986.30631,382,61739.9,125185.55083,0
1765528380000,2.0279,2.0281,2.0277,2.0277,145605.0,1765528439999,295274.16607,402,63743.3,129267.48728,0
1765528440000,2.0277,2.0300,2.0277,2.0299,187009.6,1765528499999,379412.37573,613,149422.0,303153.22225,0
1765528500000,2.0299,2.0300,2.0297,2.0297,131092.4,1765528559999,266094.59418,427,55118.3,111881.40660,0
1765528560000,2.0297,2.0298,2.0278,2.0278,90409.7,1765528619999,183424.48623,419,4840.0,9819.03309,0
1765528620000,2.0279,2.0281,2.0278,2.0278,73524.3,1765528679999,149104.51633,256,42933.8,87068.97100,0
1765528680000,2.0278,2.0281,2.0272,2.0274,238713.9,1765528739999,484008.54832,605,101630.6,206075.23565,0
1765528740000,2.0273,2.0289,2.0273,2.0289,133244.0,1765528799999,270244.11423,434,103754.4,210437.89335,0
1765528800000,2.0289,2.0291,2.0282,2.0287,109738.9,1765528859999,222617.26887,522,51193.7,103847.51964,0
1765528860000,2.0286,2.0287,2.0278,2.0278,65406.7,1765528919999,132661.41119,248,8619.9,17482.93229,0
1765528920000,2.0278,2.0287,2.0278,2.0286,74167.2,1765528979999,150430.33907,367,43634.2,88498.96280,0
1765528980000,2.0286,2.0289,2.0286,2.0289,37603.2,1765529039999,76286.38787,184,31229.1,63355.50704,0
1765529040000,2.0288,2.0289,2.0285,2.0285,70030.0,1765529099999,142077.89933,237,33549.2,68067.71262,0
1765529100000,2.0285,2.0288,2.0273,2.0274,120484.9,1765529159999,244350.35730,517,18681.2,37892.89215,0
1765529160000,2.0274,2.0276,2.0261,2.0262,342814.9,1765529219999,694776.54326,880,80508.1,163171.33296,0
1765529220000,2.0262,2.0280,2.0254,2.0279,524070.9,1765529279999,1061935.41776,879,296836.3,601613.71805,0
1765529280000,2.0279,2.0280,2.0264,2.0266,149309.6,1765529339999,302674.18659,512,47016.8,95290.35146,0
1765529340000,2.0267,2.0277,2.0267,2.0277,150525.4,1765529399999,305156.75605,519,122032.5,247391.33356,0
1765529400000,2.0277,2.0286,2.0269,2.0272,140093.9,1765529459999,284092.82055,674,51986.3,105432.11392,0
1765529460000,2.0273,2.0282,2.0273,2.0281,62981.2,1765529519999,127697.45905,348,25334.0,51367.36931,0
1765529520000,2.0280,2.0281,2.0269,2.0281,77771.2,1765529579999,157685.48470,498,30243.1,61319.80209,0
1765529580000,2.0281,2.0281,2.0274,2.0277,62214.7,1765529639999,126155.45205,270,35921.4,72838.32316,0
1765529640000,2.0277,2.0284,2.0271,2.0274,208101.2,1765529699999,421983.77861,565,104663.7,212235.66722,0
1765529700000,2.0274,2.0274,2.0264,2.0265,128514.1,1765529759999,260457.23302,361,12535.1,25404.21571,0
1765529760000,2.0264,2.0270,2.0262,2.0268,120646.3,1765529819999,244497.52582,450,60032.4,121664.92435,0
1765529820000,2.0269,2.0269,2.0260,2.0268,74452.4,1765529879999,150871.23937,349,42517.4,86154.93723,0
1765529880000,2.0268,2.0269,2.0266,2.0268,68540.3,1765529939999,138916.03031,234,17591.1,35653.57866,0
1765529940000,2.0267,2.0282,2.0266,2.0279,300755.4,1765529999999,609687.99491,587,224189.5,454490.50559,0
1765530000000,2.0279,2.0283,2.0275,2.0280,247975.0,1765530059999,502862.16087,695,119725.1,242780.75201,0
1765530060000,2.0281,2.0281,2.0274,2.0278,87837.9,1765530119999,178115.55829,514,25759.0,52231.27200,0
1765530120000,2.0279,2.0287,2.0278,2.0285,132791.0,1765530179999,269343.60842,446,89546.9,181626.81910,0
1765530180000,2.0286,2.0286,2.0271,2.0272,167231.5,1765530239999,339115.42668,443,21815.3,44244.62888,0
1765530240000,2.0271,2.0274,2.0268,2.0274,259977.3,1765530299999,527012.06467,645,74872.7,151782.61423,0
1765530300000,2.0273,2.0277,2.0272,2.0276,77981.0,1765530359999,158099.64295,490,25353.1,51402.45713,0
1765530360000,2.0276,2.0278,2.0272,2.0278,56292.4,1765530419999,114137.21307,334,41033.5,83199.15705,0
1765530420000,2.0277,2.0283,2.0277,2.0278,59713.6,1765530479999,121097.89376,399,33483.1,67902.13148,0
1765530480000,2.0277,2.0277,2.0265,2.0265,131795.8,1765530539999,267165.53591,465,68898.8,139651.34195,0
1765530540000,2.0265,2.0269,2.0260,2.0260,93971.8,1765530599999,190449.07541,400,71600.9,145114.15810,0
1765530600000,2.0260,2.0265,2.0259,2.0264,185661.3,1765530659999,376182.79236,504,87844.7,177982.99373,0
1765530660000,2.0264,2.0279,2.0264,2.0269,162023.8,1765530719999,328464.19920,618,98266.8,199200.83846,0
1765530720000,2.0270,2.0276,2.0265,2.0275,55248.0,1765530779999,111982.68848,376,35283.5,71517.67373,0
1765530780000,2.0276,2.0288,2.0275,2.0288,76174.8,1765530839999,154506.62697,355,54616.7,110779.99126,0
1765530840000,2.0288,2.0297,2.0288,2.0293,306329.0,1765530899999,621650.15490,715,181225.3,367769.45310,0
1765530900000,2.0294,2.0302,2.0292,2.0295,214106.7,1765530959999,434572.92229,650,154322.2,313221.37965,0
1765530960000,2.0296,2.0302,2.0295,2.0300,126631.4,1765531019999,257038.53419,454,59955.6,121696.28484,0
1765531020000,2.0299,2.0301,2.0293,2.0298,181953.7,1765531079999,369335.27041,607,93636.3,190058.13530,0
1765531080000,2.0298,2.0307,2.0298,2.0307,69266.2,1765531139999,140616.71031,357,42681.9,86654.03757,0
1765531140000,2.0306,2.0315,2.0305,2.0307,143825.3,1765531199999,292141.04368,566,70156.7,142503.73613,0
1765531200000,2.0308,2.0308,2.0300,2.0307,80556.1,1765531259999,163554.53604,399,46293.3,93992.31761,0
1765531260000,2.0306,2.0310,2.0286,2.0286,460047.6,1765531319999,933633.84731,811,31174.1,63307.89864,0
1765531320000,2.0287,2.0287,2.0270,2.0272,116033.2,1765531379999,235267.91212,491,35318.2,71610.36796,0
1765531380000,2.0272,2.0274,2.0268,2.0273,65559.0,1765531439999,132891.80762,303,43601.7,88383.54728,0
1765531440000,2.0273,2.0277,2.0273,2.0274,40122.9,1765531499999,81351.45678,309,8207.1,16640.32215,0
1765531500000,2.0274,2.0287,2.0274,2.0287,59298.8,1765531559999,120260.97878,348,49766.2,100926.89313,0
1765531560000,2.0287,2.0288,2.0278,2.0278,54561.8,1765531619999,110670.03731,313,16630.2,33732.20733,0
1765531620000,2.0278,2.0282,2.0271,2.0274,83519.4,1765531679999,169327.21172,382,14955.0,30322.11604,0
1765531680000,2.0273,2.0273,2.0263,2.0264,120579.9,1765531739999,244391.72916,314,12758.4,25855.75644,0
1765531740000,2.0263,2.0264,2.0245,2.0249,416443.0,1765531799999,843412.86660,1075,103229.4,209078.76373,0
1765531800000,2.0248,2.0256,2.0242,2.0255,369500.6,1765531859999,748073.80332,987,116332.2,235529.87039,0
1765531860000,2.0255,2.0257,2.0249,2.0254,80804.1,1765531919999,163668.19655,395,39893.3,80808.07084,0
1765531920000,2.0254,2.0266,2.0254,2.0265,85045.7,1765531979999,172281.47148,388,45911.5,93015.65122,0
1765531980000,2.0266,2.0266,2.0255,2.0256,150312.3,1765532039999,304542.99610,407,60871.2,123344.83134,0
1765532040000,2.0256,2.0261,2.0251,2.0260,53782.7,1765532099999,108944.00521,285,32059.8,64943.26061,0
1765532100000,2.0260,2.0271,2.0258,2.0258,130048.6,1765532159999,263555.85684,549,49247.5,99811.10099,0
1765532160000,2.0258,2.0261,2.0257,2.0259,99015.7,1765532219999,200593.62832,374,27937.3,56595.91200,0
1765532220000,2.0259,2.0260,2.0253,2.0257,58454.2,1765532279999,118406.13889,260,30081.8,60937.27502,0
1765532280000,2.0258,2.0260,2.0246,2.0248,93478.2,1765532339999,189300.46653,466,33034.3,66891.25317,0
1765532340000,2.0248,2.0256,2.0248,2.0249,96164.2,1765532399999,194752.64690,467,43177.8,87443.52098,0
1765532400000,2.0249,2.0257,2.0249,2.0256,82060.6,1765532459999,166196.92461,392,73795.0,149457.60639,0
1765532460000,2.0256,2.0269,2.0252,2.0268,94235.0,1765532519999,190889.97391,442,45493.1,92163.15812,0
1765532520000,2.0269,2.0272,2.0263,2.0264,98326.6,1765532579999,199288.56151,533,48092.1,97473.80825,0
1765532580000,2.0263,2.0270,2.0262,2.0266,44677.3,1765532639999,90539.97857,300,24659.7,49975.61270,0
1765532640000,2.0267,2.0267,2.0261,2.0261,20095.5,1765532699999,40720.28435,240,4701.6,9526.82874,0
1765532700000,2.0261,2.0265,2.0258,2.0259,141123.3,1765532759999,285941.85563,544,52079.3,105521.40532,0
1765532760000,2.0259,2.0268,2.0257,2.0266,138829.0,1765532819999,281312.05533,617,109107.5,221089.98666,0
1765532820000,2.0266,2.0273,2.0266,2.0271,137115.5,1765532879999,277936.47169,439,51880.2,105160.93072,0
1765532880000,2.0271,2.0277,2.0271,2.0277,48429.8,1765532939999,98184.74081,273,42921.2,87016.28996,0
1765532940000,2.0277,2.0292,2.0276,2.0291,254843.7,1765532999999,517049.40624,497,218025.5,442360.51029,0
1765533000000,2.0291,2.0325,2.0291,2.0324,581461.8,1765533059999,1180947.48613,1203,419796.3,852528.23467,0
1765533060000,2.0324,2.0331,2.0317,2.0317,344380.1,1765533119999,699971.24158,970,103344.1,210059.37131,0
1765533120000,2.0317,2.0318,2.0309,2.0317,306746.4,1765533179999,623092.47552,697,193441.2,392944.28435,0
1765533180000,2.0318,2.0318,2.0308,2.0310,112038.3,1765533239999,227567.03154,411,39038.1,79292.28758,0
1765533240000,2.0309,2.0315,2.0304,2.0313,132048.8,1765533299999,268187.17680,498,70247.1,142670.85391,0
1765533300000,2.0314,2.0324,2.0312,2.0322,204634.3,1765533359999,415818.88930,498,156529.6,318073.92074,0
1765533360000,2.0323,2.0342,2.0322,2.0330,249697.4,1765533419999,507708.27878,836,117911.0,239725.13343,0
1765533420000,2.0330,2.0349,2.0330,2.0345,184991.5,1765533479999,376337.58467,675,92233.2,187614.38103,0
1765533480000,2.0345,2.0360,2.0344,2.0360,324869.0,1765533539999,661183.39907,985,145752.6,296630.65388,0
1765533540000,2.0359,2.0360,2.0347,2.0348,219786.0,1765533599999,447317.86526,620,79062.2,160920.07316,0
1765533600000,2.0348,2.0351,2.0342,2.0350,241619.8,1765533659999,491609.56110,707,181598.5,369485.66948,0
1765533660000,2.0351,2.0373,2.0349,2.0367,640364.2,1765533719999,1304126.20717,1536,388381.3,790924.22283,0
1765533720000,2.0367,2.0369,2.0358,2.0359,193772.6,1765533779999,394571.57444,824,100972.5,205598.10318,0
1765533780000,2.0360,2.0367,2.0358,2.0363,121791.4,1765533839999,247999.11598,497,57125.2,116316.63530,0
1765533840000,2.0363,2.0364,2.0357,2.0357,85106.3,1765533899999,173294.08051,465,29939.1,60965.74201,0
1765533900000,2.0358,2.0362,2.0357,2.0360,120513.1,1765533959999,245359.72711,388,76132.5,155002.49907,0
1765533960000,2.0361,2.0371,2.0359,2.0370,183237.7,1765534019999,373156.35799,557,126214.9,257037.30749,0
1765534020000,2.0370,2.0370,2.0363,2.0368,100967.7,1765534079999,205638.97760,543,37424.1,76216.57550,0
1765534080000,2.0368,2.0369,2.0359,2.0364,109127.9,1765534139999,222218.51244,546,46659.1,95012.11019,0
1765534140000,2.0365,2.0378,2.0364,2.0375,161636.1,1765534199999,329305.68073,613,134065.7,273136.55379,0
1765534200000,2.0375,2.0380,2.0374,2.0375,285696.6,1765534259999,582176.03252,818,155267.5,316412.76182,0
1765534260000,2.0375,2.0375,2.0360,2.0360,222006.9,1765534319999,452197.33309,803,49383.2,100594.07790,0
1765534320000,2.0361,2.0363,2.0360,2.0362,76132.7,1765534379999,155023.25902,331,54778.9,111543.05298,0
1765534380000,2.0362,2.0370,2.0362,2.0365,100674.2,1765534439999,205034.68261,466,51501.1,104885.97747,0
1765534440000,2.0366,2.0370,2.0365,2.0370,118185.5,1765534499999,240721.15384,318,92476.6,188361.22300,0
1765534500000,2.0369,2.0370,2.0359,2.0359,288529.3,1765534559999,587575.00872,771,34356.8,69967.55921,0
1765534560000,2.0359,2.0365,2.0349,2.0357,356134.8,1765534619999,725001.32310,975,109699.9,223308.34607,0
1765534620000,2.0356,2.0360,2.0350,2.0352,277739.6,1765534679999,565313.46404,716,98585.7,200672.69125,0
1765534680000,2.0352,2.0352,2.0342,2.0343,185144.8,1765534739999,376687.41532,479,101190.6,205852.16414,0
1765534740000,2.0342,2.0344,2.0335,2.0342,170186.1,1765534799999,346153.56242,583,77672.5,157985.11983,0
1765534800000,2.0342,2.0343,2.0336,2.0342,86331.5,1765534859999,175588.42224,436,35521.5,72248.43888,0
1765534860000,2.0343,2.0343,2.0330,2.0330,133017.4,1765534919999,270528.02140,505,13545.4,27546.06650,0
1765534920000,2.0331,2.0341,2.0330,2.0341,132222.0,1765534979999,268883.81828,293,83780.2,170364.91973,0
1765534980000,2.0342,2.0350,2.0341,2.0348,207248.7,1765535039999,421703.02971,493,117650.7,239388.92739,0
1765535040000,2.0348,2.0349,2.0337,2.0338,120353.4,1765535099999,244816.40716,342,11250.3,22882.38998,0
1765535100000,2.0338,2.0339,2.0335,2.0337,26603.6,1765535159999,54101.86610,194,3880.2,7890.94853,0
1765535160000,2.0336,2.0341,2.0336,2.0340,75687.9,1765535219999,153940.60962,298,62474.6,127065.29467,0
1765535220000,2.0340,2.0348,2.0340,2.0348,47286.6,1765535279999,96194.55598,236,45946.2,93468.00980,0
1765535280000,2.0348,2.0349,2.0346,2.0348,78204.9,1765535339999,159130.81432,248,27612.5,56186.43305,0
1765535340000,2.0348,2.0348,2.0340,2.0341,61416.2,1765535399999,124944.20190,319,17688.1,35979.91447,0
1765535400000,2.0341,2.0348,2.0341,2.0348,39216.4,1765535459999,79781.33240,340,28194.4,57359.69873,0
1765535460000,2.0348,2.0348,2.0344,2.0347,44420.0,1765535519999,90379.91080,348,29478.7,59980.08277,0
1765535520000,2.0347,2.0349,2.0347,2.0347,80747.9,1765535579999,164310.27321,267,51515.5,104828.27042,0
1765535580000,2.0347,2.0351,2.0343,2.0349,123303.2,1765535639999,250911.34718,407,76158.8,154974.14677,0
1765535640000,2.0350,2.0350,2.0340,2.0350,94190.6,1765535699999,191604.52068,389,61857.9,125826.37665,0
1765535700000,2.0350,2.0354,2.0349,2.0351,159820.8,1765535759999,325267.41269,458,104214.9,212096.91334,0
1765535760000,2.0351,2.0359,2.0350,2.0359,55466.1,1765535819999,112893.37085,354,51531.7,104886.68060,0
1765535820000,2.0359,2.0360,2.0346,2.0349,164190.7,1765535879999,334208.34594,566,82265.1,167467.95236,0
1765535880000,2.0350,2.0350,2.0345,2.0348,26713.2,1765535939999,54352.38725,385,14775.1,30062.01480,0
1765535940000,2.0348,2.0370,2.0348,2.0362,895322.3,1765535999999,1822973.83228,926,760141.5,1547688.90207,0
1765536000000,2.0362,2.0364,2.0361,2.0362,59640.9,1765536059999,121444.07754,306,21496.1,43771.70927,0
1765536060000,2.0361,2.0371,2.0361,2.0370,78190.3,1765536119999,159238.31601,378,60004.6,122200.30475,0
1765536120000,2.0371,2.0372,2.0362,2.0362,144614.6,1765536179999,294576.33938,511,46681.0,95093.28787,0
1765536180000,2.0362,2.0362,2.0356,2.0356,109451.9,1765536239999,222825.85262,431,41132.6,83734.30301,0
1765536240000,2.0357,2.0359,2.0351,2.0358,88202.4,1765536299999,179523.96392,464,36958.2,75224.17203,0
1765536300000,2.0359,2.0359,2.0353,2.0353,55849.3,1765536359999,113679.34961,446,12477.4,25396.75590,0
1765536360000,2.0354,2.0354,2.0346,2.0347,128167.5,1765536419999,260824.69883,564,27945.2,56862.73622,0
1765536420000,2.0347,2.0350,2.0345,2.0346,78844.1,1765536479999,160419.09680,500,35785.7,72812.02718,0
1765536480000,2.0347,2.0360,2.0346,2.0359,71288.8,1765536539999,145094.66922,473,44756.2,91094.01987,0
1765536540000,2.0360,2.0362,2.0353,2.0362,35786.8,1765536599999,72851.71830,351,18615.7,37896.32381,0
1765536600000,2.0362,2.0382,2.0360,2.0372,193575.1,1765536659999,394410.85641,761,122298.0,249195.45163,0
1765536660000,2.0372,2.0372,2.0359,2.0366,88544.1,1765536719999,180315.13377,457,48772.0,99319.94937,0
1765536720000,2.0366,2.0378,2.0366,2.0378,124951.3,1765536779999,254555.19754,435,52569.0,107090.74427,0
1765536780000,2.0379,2.0383,2.0371,2.0372,79958.4,1765536839999,162956.58257,499,39304.0,80106.76551,0
1765536840000,2.0371,2.0375,2.0368,2.0370,41890.8,1765536899999,85335.73239,300,19307.6,39331.00208,0
1765536900000,2.0370,2.0377,2.0370,2.0376,92791.4,1765536959999,189060.95687,447,55820.6,113730.69618,0
1765536960000,2.0376,2.0376,2.0374,2.0374,28195.6,1765537019999,57447.59301,179,13651.3,27814.52375,0
1765537020000,2.0374,2.0385,2.0374,2.0385,135603.5,1765537079999,276372.22422,455,113339.2,230992.76441,0
1765537080000,2.0385,2.0385,2.0373,2.0375,67957.6,1765537139999,138485.07830,404,30616.2,62381.15143,0
1765537140000,2.0375,2.0375,2.0368,2.0370,69615.8,1765537199999,141814.02704,282,16069.6,32732.63880,0
1765537200000,2.0370,2.0374,2.0348,2.0348,442892.4,1765537259999,901637.43191,786,24366.9,49639.11359,0
1765537260000,2.0348,2.0368,2.0348,2.0363,203178.3,1765537319999,413637.02813,909,137610.1,280142.00470,0
1765537320000,2.0364,2.0380,2.0363,2.0380,112397.9,1765537379999,228936.49430,639,74891.9,152546.48963,0
1765537380000,2.0380,2.0384,2.0379,2.0382,44538.5,1765537439999,90778.90410,349,26423.0,53855.84375,0
1765537440000,2.0383,2.0383,2.0372,2.0373,84591.4,1765537499999,172381.66004,589,29333.9,59775.90883,0
1765537500000,2.0373,2.0383,2.0369,2.0378,200273.0,1765537559999,408034.64627,658,124231.0,253103.79834,0
1765537560000,2.0377,2.0377,2.0371,2.0371,60881.9,1765537619999,124032.65825,340,5679.7,11571.43672,0
1765537620000,2.0372,2.0376,2.0369,2.0374,92531.6,1765537679999,188510.09214,410,40383.9,82271.60940,0
1765537680000,2.0373,2.0374,2.0367,2.0371,87533.6,1765537739999,178317.90437,456,30647.3,62435.28248,0
1765537740000,2.0370,2.0373,2.0369,2.0371,68885.4,1765537799999,140326.63148,328,38571.5,78574.74066,0
1765537800000,2.0371,2.0375,2.0369,2.0372,86864.1,1765537859999,176955.37491,442,33242.6,67721.19138,0
1765537860000,2.0372,2.0382,2.0372,2.0382,156304.2,1765537919999,318513.94661,447,122554.1,249732.28459,0
1765537920000,2.0381,2.0382,2.0377,2.0378,96048.0,1765537979999,195747.04280,370,14294.7,29133.77162,0
1765537980000,2.0378,2.0378,2.0373,2.0375,65330.9,1765538039999,133109.67683,329,17655.8,35974.16144,0
1765538040000,2.0375,2.0384,2.0375,2.0383,61864.8,1765538099999,126074.62869,337,54487.2,111041.14102,0
1765538100000,2.0384,2.0384,2.0372,2.0372,116199.8,1765538159999,236814.23784,532,38428.5,78322.45626,0
1765538160000,2.0373,2.0379,2.0371,2.0374,75444.1,1765538219999,153713.75117,418,33822.0,68909.96495,0
1765538220000,2.0374,2.0375,2.0346,2.0346,501703.9,1765538279999,1021721.25816,1014,34570.9,70371.38010,0
1765538280000,2.0346,2.0372,2.0346,2.0363,213756.5,1765538339999,435160.81860,718,108070.7,219978.41375,0
1765538340000,2.0362,2.0367,2.0348,2.0348,208926.8,1765538399999,425359.28989,784,55253.7,112501.13882,0
1765538400000,2.0348,2.0359,2.0345,2.0358,380721.0,1765538459999,774761.75584,818,115784.7,235634.79042,0
1765538460000,2.0358,2.0360,2.0356,2.0360,89099.4,1765538519999,181393.20661,343,47139.3,95969.66950,0
1765538520000,2.0360,2.0360,2.0350,2.0353,90527.3,1765538579999,184254.69427,346,25416.2,51727.24152,0
1765538580000,2.0353,2.0357,2.0348,2.0357,108808.4,1765538639999,221444.23438,406,38640.2,78637.88428,0
1765538640000,2.0357,2.0367,2.0355,2.0367,206618.1,1765538699999,420652.91483,506,147307.7,299900.39462,0
1765538700000,2.0366,2.0385,2.0366,2.0385,180998.0,1765538759999,368883.64598,438,116195.2,236815.46556,0
1765538760000,2.0384,2.0388,2.0381,2.0386,348864.9,1765538819999,711197.82325,577,154216.4,314393.72799,0
1765538820000,2.0385,2.0399,2.0385,2.0397,294891.6,1765538879999,601368.57598,538,254925.2,519859.99238,0
1765538880000,2.0397,2.0398,2.0386,2.0389,110953.7,1765538939999,226242.44722,464,42350.8,86346.92229,0
1765538940000,2.0389,2.0390,2.0385,2.0388,34612.2,1765538999999,70569.31761,259,10840.5,22102.93321,0
1765539000000,2.0388,2.0390,2.0386,2.0389,42579.1,1765539059999,86811.86838,378,15832.3,32280.07797,0
1765539060000,2.0388,2.0392,2.0386,2.0392,44577.4,1765539119999,90883.29468,263,17916.0,36526.93872,0
1765539120000,2.0391,2.0392,2.0389,2.0392,73845.4,1765539179999,150579.23588,332,56857.0,115938.72826,0
1765539180000,2.0391,2.0398,2.0391,2.0398,55537.5,1765539239999,113263.28510,314,51554.6,105141.02246,0
1765539240000,2.0397,2.0411,2.0397,2.0407,343629.4,1765539299999,701213.74754,985,180219.9,367758.19247,0
1765539300000,2.0407,2.0411,2.0405,2.0410,229598.5,1765539359999,468552.30210,594,163630.0,333923.55056,0
1765539360000,2.0409,2.0417,2.0407,2.0408,150726.9,1765539419999,307666.24867,729,64049.7,130747.51813,0
1765539420000,2.0408,2.0408,2.0395,2.0401,91819.0,1765539479999,187318.22292,523,43019.8,87761.90836,0
1765539480000,2.0401,2.0402,2.0392,2.0393,74445.1,1765539539999,151836.40958,338,10755.4,21938.83835,0
1765539540000,2.0392,2.0397,2.0391,2.0395,61474.7,1765539599999,125370.14139,349,29127.9,59402.26648,0
1765539600000,2.0394,2.0397,2.0390,2.0391,119804.1,1765539659999,244325.09022,461,54733.7,111624.25026,0
1765539660000,2.0390,2.0410,2.0390,2.0410,220606.3,1765539719999,450156.05557,642,191189.1,390127.53325,0
1765539720000,2.0409,2.0438,2.0409,2.0436,402729.0,1765539779999,822638.42326,1108,279385.3,570680.46422,0
1765539780000,2.0435,2.0437,2.0426,2.0426,199603.7,1765539839999,407856.16162,673,62455.0,127623.46413,0
1765539840000,2.0426,2.0430,2.0419,2.0430,156120.7,1765539899999,318835.33587,547,75846.1,154900.68810,0
1765539900000,2.0429,2.0437,2.0424,2.0435,117235.2,1765539959999,239523.35081,566,44561.5,91045.88404,0
1765539960000,2.0434,2.0450,2.0433,2.0434,638843.1,1765540019999,1305999.33804,1459,407453.1,832994.48604,0
1765540020000,2.0434,2.0437,2.0420,2.0426,285248.6,1765540079999,582701.22138,879,137299.3,280467.49057,0
1765540080000,2.0425,2.0426,2.0416,2.0416,134167.2,1765540139999,274001.63934,586,20678.6,42229.48411,0
1765540140000,2.0416,2.0416,2.0410,2.0412,104360.9,1765540199999,213025.34759,505,25759.2,52579.75526,0
1765540200000,2.0412,2.0417,2.0412,2.0417,84568.5,1765540259999,172642.62840,442,64917.4,132526.99044,0
1765540260000,2.0416,2.0416,2.0402,2.0402,91012.2,1765540319999,185768.50747,561,2382.8,4863.20971,0
1765540320000,2.0402,2.0403,2.0397,2.0400,107911.9,1765540379999,220140.43426,478,22087.7,45060.15649,0
1765540380000,2.0399,2.0409,2.0399,2.0409,125568.1,1765540439999,256190.93671,470,93522.7,190806.87237,0
1765540440000,2.0408,2.0414,2.0404,2.0406,112036.9,1765540499999,228661.11596,549,36008.7,73484.83857,0
1765540500000,2.0406,2.0409,2.0400,2.0409,110425.3,1765540559999,225286.05731,565,67440.9,137589.77031,0
1765540560000,2.0408,2.0408,2.0404,2.0405,63104.0,1765540619999,128762.76904,276,22132.1,45160.89153,0
1765540620000,2.0405,2.0406,2.0396,2.0400,161090.0,1765540679999,328630.99720,797,66729.6,136126.25789,0
1765540680000,2.0400,2.0406,2.0400,2.0406,59876.1,1765540739999,122167.64031,332,35767.5,72976.87394,0
1765540740000,2.0406,2.0415,2.0403,2.0412,150738.1,1765540799999,307647.47813,510,113323.2,231288.56642,0
1765540800000,2.0411,2.0414,2.0399,2.0400,191449.4,1765540859999,390714.72098,657,39433.6,80489.18156,0
1765540860000,2.0399,2.0402,2.0392,2.0396,199936.5,1765540919999,407819.85762,738,112202.8,228862.29605,0
1765540920000,2.0396,2.0397,2.0389,2.0391,95507.9,1765540979999,194760.10189,458,12421.9,25330.78483,0
1765540980000,2.0391,2.0394,2.0388,2.0394,122158.6,1765541039999,249088.27339,554,53935.5,109984.18148,0
1765541040000,2.0393,2.0403,2.0388,2.0392,194819.9,1765541099999,397317.22625,700,56571.5,115364.91277,0
1765541100000,2.0391,2.0402,2.0390,2.0397,147466.4,1765541159999,300776.79099,716,44818.3,91414.61514,0
1765541160000,2.0397,2.0409,2.0393,2.0394,194686.8,1765541219999,397163.63611,875,55394.7,113002.14797,0
1765541220000,2.0394,2.0398,2.0387,2.0387,203651.8,1765541279999,415285.58959,740,11705.5,23872.83964,0
1765541280000,2.0387,2.0387,2.0376,2.0380,218379.7,1765541339999,445081.89541,676,66484.0,135487.83762,0
1765541340000,2.0380,2.0393,2.0374,2.0391,146085.4,1765541399999,297745.92016,690,66956.6,136473.09390,0
1765541400000,2.0392,2.0392,2.0386,2.0387,68125.7,1765541459999,138903.86348,506,22840.9,46571.84763,0
1765541460000,2.0386,2.0391,2.0385,2.0389,147637.3,1765541519999,301007.12890,620,85833.5,174995.55123,0
1765541520000,2.0390,2.0394,2.0387,2.0390,59202.4,1765541579999,120715.31583,461,33758.9,68834.88091,0
1765541580000,2.0390,2.0392,2.0385,2.0385,109278.6,1765541639999,222802.04661,479,25529.6,52052.23123,0
1765541640000,2.0385,2.0388,2.0377,2.0379,338392.5,1765541699999,689739.10087,748,71866.9,146476.01496,0
1765541700000,2.0378,2.0380,2.0374,2.0374,57269.9,1765541759999,116704.78785,605,32165.6,65547.44685,0
1765541760000,2.0374,2.0387,2.0372,2.0381,159758.5,1765541819999,325573.89321,615,88150.0,179639.27903,0
1765541820000,2.0381,2.0382,2.0381,2.0381,18086.4,1765541879999,36862.57538,275,6835.4,13931.91228,0
1765541880000,2.0382,2.0394,2.0381,2.0394,74453.4,1765541939999,151820.23849,459,36376.8,74172.63208,0
1765541940000,2.0394,2.0394,2.0388,2.0388,76090.7,1765541999999,155157.06175,518,30361.1,61911.53058,0
1765542000000,2.0389,2.0394,2.0384,2.0393,40730.0,1765542059999,83044.50936,381,18219.2,37148.55975,0
1765542060000,2.0394,2.0408,2.0393,2.0408,183525.9,1765542119999,374407.98660,554,156200.3,318660.42757,0
1765542120000,2.0407,2.0413,2.0407,2.0407,127053.6,1765542179999,259310.12555,458,50805.7,103693.65973,0
1765542180000,2.0408,2.0408,2.0401,2.0401,71790.0,1765542239999,146477.83413,378,13745.5,28047.12141,0
1765542240000,2.0401,2.0406,2.0398,2.0405,113528.9,1765542299999,231626.58279,427,78674.8,160519.08356,0
1765542300000,2.0405,2.0406,2.0394,2.0397,126189.5,1765542359999,257419.33707,774,28281.9,57692.20515,0
1765542360000,2.0396,2.0399,2.0391,2.0397,202260.5,1765542419999,412513.00484,545,48420.6,98754.77101,0
1765542420000,2.0398,2.0398,2.0388,2.0388,55430.5,1765542479999,113039.68137,465,10380.9,21171.08619,0
1765542480000,2.0388,2.0391,2.0386,2.0388,93447.1,1765542539999,190525.10551,423,44372.8,90470.89368,0
1765542540000,2.0388,2.0391,2.0387,2.0388,68410.0,1765542599999,139483.41861,371,31538.8,64306.10991,0
1765542600000,2.0388,2.0399,2.0387,2.0398,140629.6,1765542659999,286797.30678,523,98901.2,201692.91259,0
1765542660000,2.0399,2.0418,2.0399,2.0403,199091.8,1765542719999,406312.99259,1028,77233.2,157625.51448,0
1765542720000,2.0404,2.0418,2.0396,2.0418,109091.3,1765542779999,222626.68936,597,80680.1,164663.82757,0
1765542780000,2.0418,2.0424,2.0418,2.0424,70073.4,1765542839999,143097.35470,524,40372.0,82443.70874,0
1765542840000,2.0424,2.0428,2.0419,2.0427,99938.5,1765542899999,204112.67303,506,50291.2,102715.77089,0
1765542900000,2.0428,2.0433,2.0419,2.0419,183938.3,1765542959999,375716.51217,729,87803.6,179359.98117,0
1765542960000,2.0420,2.0420,2.0407,2.0408,86910.1,1765543019999,177408.94579,604,20508.5,41862.55157,0
1765543020000,2.0408,2.0417,2.0403,2.0415,97794.3,1765543079999,199579.04104,590,63822.1,130252.75581,0
1765543080000,2.0416,2.0429,2.0416,2.0422,150877.9,1765543139999,308156.52118,672,88638.3,181028.65462,0
1765543140000,2.0423,2.0423,2.0411,2.0411,84910.5,1765543199999,173347.40624,454,31478.2,64261.88068,0
1765543200000,2.0411,2.0412,2.0411,2.0412,30646.7,1765543259999,62553.44691,333,4675.4,9543.42648,0
1765543260000,2.0412,2.0412,2.0392,2.0396,408070.5,1765543319999,832396.90450,666,33373.6,68073.94866,0
1765543320000,2.0395,2.0405,2.0395,2.0405,51933.2,1765543379999,105931.99772,436,35877.0,73184.20235,0
1765543380000,2.0404,2.0405,2.0363,2.0394,1462415.1,1765543439999,2980032.76612,2103,556479.7,1134005.15829,0
1765543440000,2.0393,2.0399,2.0392,2.0394,119197.7,1765543499999,243105.83479,481,49614.0,101189.32681,0
1765543500000,2.0395,2.0395,2.0359,2.0372,1534762.9,1765543559999,3126163.74045,2343,681167.9,1387209.46070,0
1765543560000,2.0371,2.0373,2.0369,2.0372,146172.3,1765543619999,297773.90126,490,81405.7,165837.99854,0
1765543620000,2.0372,2.0376,2.0370,2.0371,122170.9,1765543679999,248907.41049,606,49229.8,100299.24612,0
1765543680000,2.0372,2.0374,2.0361,2.0371,312218.6,1765543739999,635912.99902,860,209684.8,427064.86970,0
1765543740000,2.0372,2.0382,2.0370,2.0374,214640.7,1765543799999,437366.61399,754,135920.8,276960.34555,0
1765543800000,2.0375,2.0423,2.0374,2.0422,325523.4,1765543859999,664190.06399,1165,272161.7,555323.72521,0
1765543860000,2.0422,2.0429,2.0409,2.0417,288203.2,1765543919999,588521.63259,1101,166537.1,340060.79405,0
1765543920000,2.0416,2.0431,2.0416,2.0430,211417.2,1765543979999,431858.13678,801,100022.7,204292.86776,0
1765543980000,2.0430,2.0440,2.0429,2.0437,154518.7,1765544039999,315725.70080,713,106062.2,216713.78729,0
1765544040000,2.0436,2.0448,2.0427,2.0442,304568.9,1765544099999,622488.66182,972,188166.5,384559.16495,0
1765544100000,2.0441,2.0442,2.0427,2.0429,150642.6,1765544159999,307841.42613,606,87391.4,178588.11687,0
1765544160000,2.0429,2.0439,2.0428,2.0433,197592.7,1765544219999,403734.89144,775,154116.7,314905.74854,0
1765544220000,2.0432,2.0442,2.0431,2.0441,98738.9,1765544279999,201770.57060,502,69021.5,141040.99135,0
1765544280000,2.0441,2.0445,2.0438,2.0440,153616.6,1765544339999,314032.97383,505,97615.2,199553.60746,0
1765544340000,2.0439,2.0441,2.0434,2.0438,153881.7,1765544399999,314510.97706,506,103751.3,212052.41306,0
1765544400000,2.0437,2.0437,2.0423,2.0427,294993.9,1765544459999,602640.77614,884,108195.4,221012.48750,0
1765544460000,2.0426,2.0434,2.0421,2.0434,107477.5,1765544519999,219550.78090,626,62686.3,128054.13741,0
1765544520000,2.0434,2.0444,2.0434,2.0437,102297.1,1765544579999,209068.10377,513,62562.3,127856.47492,0
1765544580000,2.0437,2.0437,2.0422,2.0427,189386.4,1765544639999,386880.01836,656,60074.0,122697.46949,0
1765544640000,2.0427,2.0431,2.0424,2.0431,77566.4,1765544699999,158444.18715,470,58552.2,119604.06958,0
1765544700000,2.0431,2.0436,2.0423,2.0434,160064.4,1765544759999,326999.93808,646,76396.9,156073.16656,0
1765544760000,2.0435,2.0436,2.0429,2.0430,114919.4,1765544819999,234798.78966,459,58189.8,118886.85726,0
1765544820000,2.0430,2.0431,2.0414,2.0421,190707.2,1765544879999,389482.97817,788,79121.0,161568.93027,0
1765544880000,2.0422,2.0427,2.0421,2.0426,139798.7,1765544939999,285511.35887,464,78221.7,159756.24450,0
1765544940000,2.0426,2.0427,2.0412,2.0415,94392.6,1765544999999,192743.48709,460,27308.5,55747.89506,0
1765545000000,2.0416,2.0418,2.0415,2.0417,71013.0,1765545059999,144983.71342,436,25114.9,51276.43538,0
1765545060000,2.0416,2.0427,2.0416,2.0426,78962.4,1765545119999,161243.79691,392,49681.0,101456.76859,0
1765545120000,2.0427,2.0429,2.0425,2.0428,73756.3,1765545179999,150661.29622,378,27928.8,57050.58609,0
1765545180000,2.0429,2.0431,2.0416,2.0417,110400.7,1765545239999,225492.69785,560,68421.1,139747.00970,0
1765545240000,2.0418,2.0425,2.0418,2.0425,244985.4,1765545299999,500306.31381,541,220480.3,450262.25276,0
1765545300000,2.0425,2.0436,2.0417,2.0418,136087.2,1765545359999,277955.86281,717,64421.8,131579.62838,0
1765545360000,2.0418,2.0418,2.0406,2.0414,379135.5,1765545419999,773881.77975,897,79220.9,161700.35780,0
1765545420000,2.0414,2.0445,2.0411,2.0445,597239.5,1765545479999,1220181.16506,1401,398067.5,813352.25193,0
1765545480000,2.0444,2.0471,2.0441,2.0465,452790.1,1765545539999,926365.26016,1725,248557.5,508501.91065,0
1765545540000,2.0464,2.0464,2.0449,2.0455,128644.2,1765545599999,263128.91031,668,88125.0,180242.65902,0
1765545600000,2.0454,2.0459,2.0448,2.0448,148755.9,1765545659999,304251.37016,709,71923.5,147104.82056,0
1765545660000,2.0448,2.0452,2.0434,2.0434,114054.3,1765545719999,233165.00110,728,43978.6,89913.06199,0
1765545720000,2.0433,2.0435,2.0429,2.0433,95777.1,1765545779999,195690.38796,555,68278.0,139503.05359,0
1765545780000,2.0433,2.0437,2.0424,2.0430,202664.5,1765545839999,414047.45785,740,92375.3,188738.05947,0
1765545840000,2.0431,2.0431,2.0411,2.0416,95277.2,1765545899999,194552.87816,672,19785.1,40391.52483,0
1765545900000,2.0416,2.0427,2.0410,2.0410,174000.0,1765545959999,355268.25301,770,62403.2,127426.08753,0
1765545960000,2.0411,2.0411,2.0395,2.0404,376619.4,1765546019999,768333.62700,941,155526.3,317281.30040,0
1765546020000,2.0404,2.0405,2.0394,2.0399,290130.6,1765546079999,591839.46610,592,106564.5,217399.02558,0
1765546080000,2.0398,2.0400,2.0384,2.0393,305535.5,1765546139999,623003.26118,896,168647.7,343869.41762,0
1765546140000,2.0393,2.0397,2.0385,2.0387,183714.5,1765546199999,374599.15557,718,46854.4,95535.99144,0
1765546200000,2.0386,2.0401,2.0386,2.0401,159565.3,1765546259999,325398.02917,630,106586.9,217366.04964,0
1765546260000,2.0400,2.0403,2.0395,2.0398,179511.9,1765546319999,366179.02914,631,102276.4,208625.33464,0
1765546320000,2.0398,2.0401,2.0386,2.0387,138966.6,1765546379999,283456.91164,468,23912.7,48776.31113,0
1765546380000,2.0386,2.0400,2.0386,2.0399,120467.5,1765546439999,245674.05044,609,93749.9,191184.39696,0
1765546440000,2.0399,2.0403,2.0394,2.0397,105176.7,1765546499999,214532.17941,514,61241.5,124917.14910,0
1765546500000,2.0396,2.0397,2.0390,2.0391,68423.4,1765546559999,139541.24407,430,23496.4,47916.40279,0
1765546560000,2.0391,2.0405,2.0390,2.0405,101844.6,1765546619999,207753.27054,454,80394.0,163988.47852,0
1765546620000,2.0405,2.0405,2.0390,2.0391,117284.2,1765546679999,239211.12083,542,66112.0,134824.59485,0
1765546680000,2.0391,2.0401,2.0390,2.0401,46522.4,1765546739999,94891.33366,311,44945.7,91675.94241,0
1765546740000,2.0401,2.0407,2.0401,2.0402,83155.4,1765546799999,169677.42145,472,49887.0,101795.16820,0
1765546800000,2.0403,2.0412,2.0402,2.0411,104005.3,1765546859999,212258.54751,473,89646.7,182952.95667,0
1765546860000,2.0410,2.0418,2.0400,2.0400,153219.8,1765546919999,312715.39190,756,34247.9,69906.99440,0
1765546920000,2.0400,2.0409,2.0395,2.0395,200422.1,1765546979999,408938.13919,681,62927.8,128397.20100,0
1765546980000,2.0396,2.0402,2.0385,2.0396,334148.4,1765547039999,681464.48119,873,186992.7,381388.48929,0
1765547040000,2.0397,2.0399,2.0386,2.0395,237545.2,1765547099999,484405.69070,915,130189.1,265467.41307,0
1765547100000,2.0395,2.0403,2.0392,2.0402,125052.3,1765547159999,255084.13801,670,64233.3,131019.41432,0
1765547160000,2.0401,2.0408,2.0392,2.0393,112455.2,1765547219999,229403.12161,585,44257.1,90277.72301,0
1765547220000,2.0394,2.0394,2.0388,2.0394,54269.6,1765547279999,110657.61809,339,34819.3,70999.07363,0
1765547280000,2.0393,2.0401,2.0393,2.0401,46764.3,1765547339999,95386.67165,284,35514.7,72441.33412,0
1765547340000,2.0402,2.0406,2.0395,2.0397,71725.7,1765547399999,146325.23157,434,28492.3,58126.68133,0
1765547400000,2.0397,2.0397,2.0382,2.0382,106026.6,1765547459999,216156.42699,549,9964.3,20315.18603,0
1765547460000,2.0382,2.0387,2.0382,2.0385,63888.2,1765547519999,130232.44492,285,40621.0,82802.18180,0
1765547520000,2.0384,2.0387,2.0380,2.0387,111578.2,1765547579999,227418.36134,412,22501.5,45863.75687,0
1765547580000,2.0387,2.0389,2.0382,2.0383,84814.2,1765547639999,172888.22436,438,39986.6,81512.00549,0
1765547640000,2.0383,2.0384,2.0380,2.0380,68616.3,1765547699999,139851.30552,358,16144.8,32907.37314,0
1765547700000,2.0381,2.0390,2.0381,2.0390,50260.6,1765547759999,102454.26571,344,37006.2,75437.17223,0
1765547760000,2.0389,2.0393,2.0387,2.0393,51042.7,1765547819999,104076.41730,394,18786.4,38307.31029,0
1765547820000,2.0393,2.0398,2.0392,2.0397,41151.3,1765547879999,83927.96311,261,38667.6,78862.51561,0
1765547880000,2.0398,2.0409,2.0397,2.0406,169561.1,1765547939999,345948.96353,546,142936.7,291622.95534,0
1765547940000,2.0406,2.0407,2.0400,2.0403,177693.0,1765547999999,362546.54047,535,130369.7,265985.91753,0
1765548000000,2.0403,2.0409,2.0402,2.0407,165380.1,1765548059999,337472.91727,597,69879.9,142587.35986,0
1765548060000,2.0408,2.0415,2.0408,2.0413,192988.5,1765548119999,393951.51872,492,97613.0,199257.70054,0
1765548120000,2.0414,2.0414,2.0401,2.0401,102328.4,1765548179999,208834.02032,586,54900.8,112037.22771,0
1765548180000,2.0401,2.0401,2.0388,2.0392,106565.6,1765548239999,217329.58000,540,49217.8,100362.04923,0
1765548240000,2.0392,2.0397,2.0388,2.0396,77830.4,1765548299999,158708.33352,431,53211.0,108503.49930,0
1765548300000,2.0396,2.0398,2.0390,2.0394,217725.0,1765548359999,444027.85861,623,120664.5,246075.05341,0
1765548360000,2.0394,2.0399,2.0394,2.0398,93281.1,1765548419999,190262.57304,573,43013.0,87730.65376,0
1765548420000,2.0397,2.0398,2.0395,2.0398,49300.6,1765548479999,100554.10769,301,16807.0,34280.12543,0
1765548480000,2.0398,2.0398,2.0383,2.0384,203231.5,1765548539999,414340.02416,652,40429.1,82418.68711,0
1765548540000,2.0384,2.0385,2.0370,2.0372,125912.6,1765548599999,256547.28845,572,20449.8,41670.71630,0
1765548600000,2.0372,2.0372,2.0357,2.0370,538588.2,1765548659999,1096848.62592,1159,231263.5,470966.03183,0
1765548660000,2.0371,2.0371,2.0354,2.0354,207263.8,1765548719999,421984.94371,668,74027.7,150723.09768,0
1765548720000,2.0354,2.0360,2.0348,2.0351,441771.8,1765548779999,899072.17576,1242,168773.2,343489.16908,0
1765548780000,2.0351,2.0354,2.0347,2.0347,122123.7,1765548839999,248519.36389,559,67828.3,138032.21479,0
1765548840000,2.0347,2.0359,2.0346,2.0354,160847.9,1765548899999,327384.66288,570,96246.0,195891.32272,0
1765548900000,2.0353,2.0355,2.0340,2.0340,215948.7,1765548959999,439362.99781,672,65241.9,132741.54324,0
1765548960000,2.0340,2.0356,2.0336,2.0356,154413.5,1765549019999,314179.67285,666,75783.6,154197.54813,0
1765549020000,2.0355,2.0356,2.0346,2.0352,70977.6,1765549079999,144438.85590,403,30943.9,62971.19409,0
1765549080000,2.0352,2.0353,2.0346,2.0346,85953.6,1765549139999,174923.89612,425,30871.5,62825.32994,0
1765549140000,2.0347,2.0373,2.0346,2.0372,231309.5,1765549199999,471043.95672,854,179332.4,365179.60555,0
1765549200000,2.0372,2.0379,2.0370,2.0375,139750.8,1765549259999,284734.33196,566,93575.1,190649.97964,0
1765549260000,2.0375,2.0394,2.0375,2.0390,182594.8,1765549319999,372210.96624,537,155969.4,317919.58386,0
1765549320000,2.0389,2.0390,2.0378,2.0381,100523.9,1765549379999,204899.78137,483,54782.6,111656.89619,0
1765549380000,2.0381,2.0384,2.0374,2.0375,81261.7,1765549439999,165597.64959,385,32581.4,66394.56303,0
1765549440000,2.0375,2.0375,2.0351,2.0351,82260.5,1765549499999,167521.30587,495,8613.8,17543.69120,0
1765549500000,2.0351,2.0360,2.0346,2.0353,113093.8,1765549559999,230183.14352,627,62544.8,127303.22931,0
1765549560000,2.0352,2.0352,2.0339,2.0339,114153.9,1765549619999,232236.34576,422,21748.1,44240.28320,0
1765549620000,2.0340,2.0340,2.0322,2.0326,548538.9,1765549679999,1115239.27120,1277,145305.6,295415.63426,0
1765549680000,2.0327,2.0339,2.0327,2.0335,131050.9,1765549739999,266468.20063,573,79392.6,161429.01286,0
1765549740000,2.0335,2.0336,2.0318,2.0326,191773.7,1765549799999,389799.99282,747,51082.0,103831.49609,0
1765549800000,2.0326,2.0337,2.0309,2.0322,754547.3,1765549859999,1533479.18788,2576,347996.4,707208.91142,0
1765549860000,2.0322,2.0374,2.0295,2.0364,1579746.2,1765549919999,3213005.71877,3860,680241.6,1383634.57157,0
1765549920000,2.0363,2.0395,2.0351,2.0383,810056.3,1765549979999,1649929.47187,2379,449015.7,914648.10764,0
1765549980000,2.0382,2.0391,2.0368,2.0372,664849.2,1765550039999,1354792.43398,1979,368260.3,750412.93355,0
1765550040000,2.0373,2.0401,2.0370,2.0370,820051.7,1765550099999,1671852.65987,2191,513950.8,1047803.23359,0
1765550100000,2.0371,2.0374,2.0356,2.0374,326441.2,1765550159999,664775.00204,1062,91352.2,186044.79492,0
1765550160000,2.0373,2.0418,2.0368,2.0402,531479.4,1765550219999,1083998.79273,1641,296827.5,605376.53165,0
1765550220000,2.0402,2.0427,2.0397,2.0410,561549.4,1765550279999,1146308.55009,1933,306012.1,624686.95704,0
1765550280000,2.0409,2.0415,2.0394,2.0405,297927.1,1765550339999,607905.37524,1192,143051.2,291904.04171,0
1765550340000,2.0405,2.0414,2.0376,2.0377,519808.4,1765550399999,1060278.52047,1556,238195.1,485937.10064,0
1765550400000,2.0377,2.0391,2.0370,2.0391,221733.6,1765550459999,451861.27446,1340,102928.9,209759.41847,0
1765550460000,2.0390,2.0394,2.0346,2.0384,1159479.7,1765550519999,2361209.48861,2394,423338.4,862047.22624,0
1765550520000,2.0384,2.0389,2.0363,2.0367,406907.0,1765550579999,829131.40614,1251,181090.6,368982.33237,0
1765550580000,2.0368,2.0386,2.0368,2.0370,182971.2,1765550639999,372855.67089,933,77413.6,157731.55101,0
1765550640000,2.0371,2.0392,2.0361,2.0389,324106.9,1765550699999,660435.75116,1334,145752.5,296967.06468,0
1765550700000,2.0389,2.0395,2.0370,2.0375,285348.7,1765550759999,581669.79421,1272,110262.3,224748.46542,0
1765550760000,2.0376,2.0407,2.0374,2.0404,265315.4,1765550819999,541006.34822,1292,148572.8,302934.28009,0
1765550820000,2.0403,2.0403,2.0375,2.0388,276967.6,1765550879999,564712.49197,1254,130377.5,265815.67085,0
1765550880000,2.0388,2.0388,2.0330,2.0361,575462.6,1765550939999,1171329.12046,2157,192119.5,391071.63883,0
1765550940000,2.0361,2.0371,2.0334,2.0337,315185.4,1765550999999,641518.79940,1516,135500.4,275762.20547,0
1765551000000,2.0337,2.0343,2.0322,2.0330,500399.6,1765551059999,1017423.08255,1919,200706.6,408070.70561,0
1765551060000,2.0330,2.0341,2.0304,2.0332,871699.6,1765551119999,1770862.59695,2145,319041.5,648091.04831,0
1765551120000,2.0333,2.0362,2.0332,2.0347,449431.6,1765551179999,914417.45356,1491,153832.8,312973.87939,0
1765551180000,2.0347,2.0359,2.0328,2.0355,287135.2,1765551239999,584032.07248,1267,110501.8,224765.29535,0
1765551240000,2.0354,2.0379,2.0354,2.0377,315585.7,1765551299999,642667.67403,1222,158422.8,322647.81253,0
1765551300000,2.0377,2.0377,2.0351,2.0362,355845.6,1765551359999,724598.92015,1193,219784.0,447505.29604,0
1765551360000,2.0361,2.0375,2.0352,2.0375,197684.1,1765551419999,402499.52080,958,109419.1,222801.59191,0
1765551420000,2.0375,2.0388,2.0371,2.0373,123445.9,1765551479999,251577.89852,881,39707.1,80921.17772,0
1765551480000,2.0372,2.0388,2.0366,2.0380,220922.7,1765551539999,450196.78492,976,123392.6,251453.44762,0
1765551540000,2.0380,2.0381,2.0369,2.0369,97652.0,1765551599999,198980.17098,781,30808.7,62779.24874,0
1765551600000,2.0369,2.0370,2.0319,2.0321,441729.0,1765551659999,898413.68158,1643,180413.0,366940.39037,0
1765551660000,2.0321,2.0328,2.0302,2.0327,337398.5,1765551719999,685453.56737,1976,171736.8,348907.22373,0
1765551720000,2.0328,2.0335,2.0302,2.0311,605707.9,1765551779999,1230621.31791,1909,210545.7,427761.62015,0
1765551780000,2.0311,2.0312,2.0280,2.0289,1439442.0,1765551839999,2921234.72670,2838,292336.0,593255.22571,0
1765551840000,2.0290,2.0290,2.0251,2.0264,913409.7,1765551899999,1851452.43527,2683,531499.0,1077345.50929,0
1765551900000,2.0264,2.0278,2.0262,2.0269,564047.7,1765551959999,1143407.90318,1542,391705.6,794056.91286,0
1765551960000,2.0270,2.0295,2.0263,2.0284,366234.6,1765552019999,742724.72182,1364,220179.2,446570.40627,0
1765552020000,2.0284,2.0284,2.0230,2.0240,1372133.8,1765552079999,2777701.89519,3261,631935.4,1279157.37054,0
1765552080000,2.0240,2.0251,2.0236,2.0249,530700.3,1765552139999,1074304.01403,1547,233568.3,472815.64172,0
1765552140000,2.0249,2.0265,2.0232,2.0250,903592.9,1765552199999,1829558.55103,2433,330303.5,668773.69523,0
1765552200000,2.0250,2.0267,2.0245,2.0266,590301.6,1765552259999,1195780.75806,1837,216551.3,438678.74788,0
1765552260000,2.0266,2.0296,2.0266,2.0293,377371.0,1765552319999,765596.55219,1514,138159.6,280290.44798,0
1765552320000,2.0293,2.0300,2.0284,2.0285,227004.6,1765552379999,460643.33072,1077,54268.0,110124.47818,0
1765552380000,2.0284,2.0294,2.0274,2.0294,337956.5,1765552439999,685463.09655,1256,219468.1,445138.48990,0
1765552440000,2.0294,2.0295,2.0257,2.0265,288498.8,1765552499999,584799.77993,1146,115851.9,234758.87702,0
1765552500000,2.0264,2.0265,2.0222,2.0226,840725.9,1765552559999,1701543.65451,1993,252871.1,511713.07648,0
1765552560000,2.0225,2.0230,2.0207,2.0229,2011926.5,1765552619999,4068062.62952,2987,954940.1,1931035.55024,0
1765552620000,2.0228,2.0239,2.0211,2.0231,404316.5,1765552679999,817723.58267,1940,193820.5,391990.14863,0
1765552680000,2.0231,2.0258,2.0231,2.0236,474820.2,1765552739999,961304.08585,1696,202854.0,410676.89321,0
1765552740000,2.0235,2.0259,2.0232,2.0247,345334.7,1765552799999,699165.93964,1506,153043.9,309819.17901,0
1765552800000,2.0248,2.0263,2.0242,2.0253,493031.2,1765552859999,998577.82715,1358,278258.9,563544.84798,0
1765552860000,2.0253,2.0261,2.0214,2.0225,488828.0,1765552919999,989242.18693,1657,132500.5,268248.60424,0
1765552920000,2.0225,2.0242,2.0222,2.0242,253931.7,1765552979999,513766.04751,1175,135503.4,274163.83581,0
1765552980000,2.0242,2.0253,2.0225,2.0226,263717.8,1765553039999,533768.28464,1288,129137.7,261390.19792,0
1765553040000,2.0225,2.0225,2.0174,2.0181,1957075.2,1765553099999,3952039.16621,4438,734199.2,1482588.84144,0
1765553100000,2.0181,2.0192,2.0164,2.0188,1457430.3,1765553159999,2940287.40084,3041,602356.2,1215345.89749,0
1765553160000,2.0188,2.0188,2.0116,2.0128,3292018.4,1765553219999,6630440.14310,5686,1179589.2,2375943.91801,0
1765553220000,2.0128,2.0160,2.0127,2.0127,1377806.7,1765553279999,2774835.97368,3135,588202.5,1184509.22186,0
1765553280000,2.0127,2.0127,2.0050,2.0056,4420836.9,1765553339999,8878866.89557,7828,1616904.6,3247748.84342,0
1765553340000,2.0056,2.0073,2.0040,2.0053,2100415.8,1765553399999,4212766.64099,4287,969934.7,1945314.22275,0
1765553400000,2.0053,2.0077,2.0025,2.0037,2915681.9,1765553459999,5845276.55444,6025,1176897.0,2359141.79341,0
1765553460000,2.0036,2.0058,2.0009,2.0058,2105603.1,1765553519999,4216699.81762,5100,1019700.3,2042131.21326,0
1765553520000,2.0058,2.0073,2.0036,2.0051,1578625.1,1765553579999,3165341.10682,4081,731592.6,1466894.10279,0
1765553580000,2.0052,2.0085,2.0041,2.0068,1548208.4,1765553639999,3106730.61722,4486,638451.8,1281242.79562,0
1765553640000,2.0068,2.0069,1.9988,2.0006,3758247.0,1765553699999,7520232.27482,6759,1234138.6,2469240.85222,0
1765553700000,2.0007,2.0015,1.9947,1.9961,2597620.5,1765553759999,5188646.31470,5878,977739.3,1953490.83618,0
1765553760000,1.9961,1.9990,1.9936,1.9985,2805122.8,1765553819999,5599894.14505,5928,1343384.7,2681911.81692,0
1765553820000,1.9985,2.0007,1.9970,1.9999,2152614.4,1765553879999,4301879.25379,4955,1175564.6,2349307.45412,0
1765553880000,1.9999,2.0047,1.9991,2.0014,1481158.7,1765553939999,2965604.31446,4968,674309.7,1350167.66956,0
1765553940000,2.0014,2.0038,2.0002,2.0033,965882.2,1765553999999,1933403.47902,3226,417413.8,835501.98647,0
1765554000000,2.0033,2.0034,1.9928,1.9950,2328824.7,1765554059999,4649514.94864,5714,849719.2,1696204.18715,0
1765554060000,1.9950,1.9980,1.9920,1.9947,2233871.1,1765554119999,4455525.85199,5630,1059695.7,2113983.47387,0
1765554120000,1.9948,1.9979,1.9923,1.9974,1332094.5,1765554179999,2658067.93361,3850,648492.2,1294197.61846,0
1765554180000,1.9975,2.0004,1.9971,1.9983,976511.7,1765554239999,1951512.91208,3380,499510.1,998289.26961,0
1765554240000,1.9983,2.0005,1.9973,2.0005,717751.4,1765554299999,1434589.58582,2524,392440.8,784489.85579,0
1765554300000,2.0005,2.0005,1.9975,1.9991,1057117.8,1765554359999,2113104.01748,3180,478960.3,957478.56040,0
1765554360000,1.9992,2.0011,1.9968,1.9971,1032871.2,1765554419999,2064474.19009,3315,441004.3,881437.26079,0
1765554420000,1.9970,2.0020,1.9967,2.0012,938723.0,1765554479999,1877112.55295,3092,399673.8,799178.54311,0
1765554480000,2.0013,2.0033,1.9992,1.9997,1299701.6,1765554539999,2601685.42593,3723,664624.3,1330419.32001,0
1765554540000,1.9997,2.0017,1.9981,2.0016,784449.9,1765554599999,1568948.85468,2426,417948.8,836148.29640,0
1765554600000,2.0016,2.0018,1.9967,1.9977,883981.8,1765554659999,1766772.92037,2410,246167.5,491876.97411,0
1765554660000,1.9977,1.9982,1.9940,1.9949,1027397.5,1765554719999,2050295.72136,2521,414361.6,826935.79927,0
1765554720000,1.9950,1.9958,1.9926,1.9938,846360.4,1765554779999,1687798.11277,2888,277617.3,553562.51159,0
1765554780000,1.9937,1.9941,1.9905,1.9918,1570731.2,1765554839999,3128853.22636,3823,618127.3,1231356.39785,0
1765554840000,1.9917,1.9918,1.9905,1.9910,781331.2,1765554899999,1555604.65619,2347,290539.8,578434.60202,0
1765554900000,1.9909,1.9919,1.9894,1.9903,1179007.9,1765554959999,2346542.56581,3337,319473.1,635879.82592,0
1765554960000,1.9903,1.9926,1.9896,1.9910,1178980.1,1765555019999,2347303.55204,2793,686944.3,1367624.25244,0
1765555020000,1.9910,1.9940,1.9907,1.9929,1364312.1,1765555079999,2718121.42334,2943,688782.9,1372388.56916,0
1765555080000,1.9929,1.9929,1.9662,1.9696,21370179.2,1765555139999,42245216.99682,29173,7465636.5,14744932.50050,0
1765555140000,1.9696,1.9780,1.9690,1.9768,2882973.3,1765555199999,5692556.78563,7313,1977982.3,3905606.40391,0
1765555200000,1.9768,1.9818,1.9716,1.9798,3290131.7,1765555259999,6506188.68045,8007,2084541.2,4123722.69612,0
1765555260000,1.9798,1.9899,1.9771,1.9850,7365134.7,1765555319999,14612073.88446,11157,5795678.3,11498927.18144,0
1765555320000,1.9851,1.9871,1.9800,1.9802,1599514.7,1765555379999,3172933.48507,4935,920141.7,1825569.29953,0
1765555380000,1.9803,1.9815,1.9771,1.9775,1640222.9,1765555439999,3245708.38780,5478,713664.1,1412270.74218,0
1765555440000,1.9775,1.9784,1.9745,1.9759,1212630.4,1765555499999,2396673.95281,4691,526903.9,1041367.22610,0
1765555500000,1.9760,1.9791,1.9752,1.9760,1690301.6,1765555559999,3342634.17258,5597,827266.2,1636158.97023,0
1765555560000,1.9759,1.9835,1.9742,1.9827,1576381.1,1765555619999,3118540.22904,5170,564794.2,1117978.75629,0
1765555620000,1.9827,1.9846,1.9809,1.9828,1264194.8,1765555679999,2506786.16967,3993,654472.6,1297728.19564,0
1765555680000,1.9827,1.9854,1.9816,1.9823,1559006.8,1765555739999,3091801.06701,3926,979361.8,1942127.07332,0
1765555740000,1.9823,1.9921,1.9822,1.9882,2802815.8,1765555799999,5569197.75760,5905,1931502.4,3836867.67961,0
1765555800000,1.9881,1.9996,1.9842,1.9915,10373988.1,1765555859999,20669999.48690,10609,7558013.9,15054023.38615,0
1765555860000,1.9915,1.9929,1.9854,1.9911,2291331.0,1765555919999,4557347.43717,5746,1296014.4,2578035.31778,0
1765555920000,1.9910,2.0022,1.9905,1.9952,6398945.3,1765555979999,12774434.36399,14140,3556187.3,7098470.84877,0
1765555980000,1.9952,1.9952,1.9876,1.9914,3168679.6,1765556039999,6308107.11966,6828,1028805.3,2048317.72863,0
1765556040000,1.9913,1.9956,1.9883,1.9887,3274667.2,1765556099999,6524659.21445,7178,1262185.0,2515162.79876,0
1765556100000,1.9888,1.9890,1.9858,1.9869,2226136.2,1765556159999,4423878.63562,5204,858794.8,1706478.63185,0
1765556160000,1.9868,1.9881,1.9805,1.9810,1861897.8,1765556219999,3693777.45545,5319,571733.6,1134250.61865,0
1765556220000,1.9811,1.9875,1.9810,1.9843,1005547.9,1765556279999,1995833.70303,4421,523361.1,1038695.38598,0
1765556280000,1.9844,1.9858,1.9824,1.9828,720902.4,1765556339999,1430249.79129,3462,451441.1,895684.18115,0
1765556340000,1.9828,1.9852,1.9814,1.9841,660973.7,1765556399999,1310600.95077,3456,253840.3,503275.65453,0
1765556400000,1.9842,1.9854,1.9818,1.9833,738380.5,1765556459999,1464357.03183,3543,425014.5,842885.76977,0
1765556460000,1.9833,1.9834,1.9738,1.9758,2939187.1,1765556519999,5810620.33889,8202,1000766.2,1978368.43398,0
1765556520000,1.9758,1.9822,1.9748,1.9756,1819880.2,1765556579999,3598062.50232,5329,513494.1,1015733.73543,0
1765556580000,1.9755,1.9830,1.9754,1.9775,1591946.9,1765556639999,3151048.59963,4607,557956.6,1104049.64225,0
1765556640000,1.9776,1.9832,1.9774,1.9832,744592.3,1765556699999,1474589.64376,3446,504745.6,999515.65516,0
1765556700000,1.9832,1.9897,1.9804,1.9897,782357.9,1765556759999,1552705.51509,3988,486823.4,966329.43620,0
1765556760000,1.9898,1.9925,1.9880,1.9912,1699915.1,1765556819999,3383583.88299,4852,1074278.0,2138471.47758,0
1765556820000,1.9911,1.9950,1.9899,1.9905,742669.9,1765556879999,1479754.03473,3484,395454.2,787967.10927,0
1765556880000,1.9905,1.9919,1.9881,1.9905,1614243.8,1765556939999,3212213.96521,3816,530489.6,1055541.70179,0
1765556940000,1.9905,1.9925,1.9894,1.9917,1146706.4,1765556999999,2283021.63498,3065,330938.5,658922.43383,0
1765557000000,1.9916,1.9916,1.9870,1.9893,1192320.3,1765557059999,2371085.81756,3938,431839.3,858715.80927,0
1765557060000,1.9893,1.9907,1.9860,1.9860,549259.5,1765557119999,1092320.81150,2771,272996.2,543059.32962,0
1765557120000,1.9860,1.9865,1.9833,1.9833,575319.0,1765557179999,1141918.85490,2733,195277.5,387566.64663,0
1765557180000,1.9833,1.9839,1.9818,1.9833,367170.4,1765557239999,728088.39745,2521,129294.7,256377.37437,0
1765557240000,1.9833,1.9836,1.9804,1.9835,394141.6,1765557299999,781302.09298,2349,216957.5,430105.26805,0
1765557300000,1.9835,1.9849,1.9821,1.9830,826950.3,1765557359999,1640036.54227,2389,180820.7,358673.03248,0
1765557360000,1.9830,1.9842,1.9816,1.9831,308445.9,1765557419999,611628.16723,1873,116322.0,230679.61329,0
1765557420000,1.9830,1.9837,1.9759,1.9760,718820.5,1765557479999,1422740.41299,3383,207934.9,411798.99204,0
1765557480000,1.9760,1.9767,1.9728,1.9762,1294230.0,1765557539999,2555301.44959,4501,438591.8,865870.42087,0
1765557540000,1.9761,1.9782,1.9758,1.9782,620105.7,1765557599999,1226191.74999,3085,365153.7,722068.34006,0
1765557600000,1.9782,1.9798,1.9764,1.9798,444215.5,1765557659999,878573.39723,2748,215458.1,426139.25507,0
1765557660000,1.9798,1.9814,1.9784,1.9797,449560.7,1765557719999,890084.88535,2476,188435.3,373125.37030,0
1765557720000,1.9797,1.9799,1.9760,1.9781,368299.8,1765557779999,728511.40472,2087,110101.4,217813.04147,0
1765557780000,1.9781,1.9809,1.9763,1.9809,834567.9,1765557839999,1651355.47845,2672,591855.9,1171211.70645,0
1765557840000,1.9809,1.9823,1.9793,1.9799,676742.7,1765557899999,1340593.06394,2120,393828.0,780175.88624,0
1765557900000,1.9799,1.9811,1.9788,1.9799,315147.4,1765557959999,624001.41672,2173,130992.1,259357.18640,0
1765557960000,1.9799,1.9809,1.9792,1.9803,256829.9,1765558019999,508511.99348,1616,122004.8,241557.04919,0
1765558020000,1.9802,1.9841,1.9795,1.9824,427298.6,1765558079999,847055.66995,2262,289022.9,572950.14986,0
1765558080000,1.9824,1.9827,1.9796,1.9813,750786.5,1765558139999,1487230.37210,1954,393090.0,778673.08448,0
1765558140000,1.9812,1.9814,1.9790,1.9813,305642.5,1765558199999,605247.72970,1822,156874.3,310631.62215,0
1765558200000,1.9814,1.9833,1.9792,1.9828,249369.6,1765558259999,494245.65090,1875,177962.8,352763.86343,0
1765558260000,1.9828,1.9842,1.9814,1.9826,374251.1,1765558319999,742035.48861,2148,234590.7,465128.73198,0
1765558320000,1.9826,1.9835,1.9806,1.9835,338554.0,1765558379999,671006.26360,2193,220538.7,437102.06254,0
1765558380000,1.9835,1.9876,1.9831,1.9844,958481.9,1765558439999,1903332.36809,2684,366270.6,727108.78785,0
1765558440000,1.9844,1.9854,1.9827,1.9854,239543.0,1765558499999,475231.68817,1638,90194.6,178936.69515,0
1765558500000,1.9853,1.9877,1.9850,1.9857,553897.5,1765558559999,1100160.48569,2174,356790.8,708701.92629,0
1765558560000,1.9857,1.9898,1.9850,1.9875,310459.3,1765558619999,616857.31305,1955,157783.8,313460.85033,0
1765558620000,1.9875,1.9904,1.9861,1.9898,417471.2,1765558679999,830179.69575,2169,250751.4,498614.14600,0
1765558680000,1.9897,1.9899,1.9838,1.9846,650536.6,1765558739999,1292063.45924,2626,370573.3,735904.02890,0
1765558740000,1.9845,1.9867,1.9839,1.9866,346817.0,1765558799999,688481.50665,2124,236054.0,468572.25173,0
1765558800000,1.9866,1.9892,1.9848,1.9888,795564.6,1765558859999,1581049.11226,2988,458303.6,910862.24702,0
1765558860000,1.9888,1.9897,1.9860,1.9874,874042.1,1765558919999,1736992.17870,2994,278971.5,554394.07613,0
1765558920000,1.9874,1.9886,1.9860,1.9863,333629.3,1765558979999,662996.33589,2034,123096.9,244623.88757,0
1765558980000,1.9863,1.9876,1.9853,1.9858,391861.2,1765559039999,778281.88099,2127,80514.2,159925.59072,0
1765559040000,1.9858,1.9867,1.9846,1.9854,179892.8,1765559099999,357187.83725,1462,92299.2,183260.34988,0
1765559100000,1.9854,1.9887,1.9852,1.9884,280849.9,1765559159999,558163.51256,1936,177565.5,352912.72842,0
1765559160000,1.9884,1.9926,1.9884,1.9901,720596.7,1765559219999,1434639.86026,2623,462302.6,920429.24685,0
1765559220000,1.9900,1.9916,1.9893,1.9915,423710.5,1765559279999,843320.96460,2049,291180.0,579523.99032,0
1765559280000,1.9915,1.9952,1.9913,1.9922,1376612.5,1765559339999,2744321.10713,3334,689121.4,1373729.15160,0
1765559340000,1.9922,1.9922,1.9905,1.9913,183602.3,1765559399999,365558.56967,1253,70802.3,140964.13967,0
1765559400000,1.9913,1.9948,1.9907,1.9943,369614.5,1765559459999,736888.15299,2140,266894.9,532096.28693,0
1765559460000,1.9943,1.9964,1.9941,1.9955,613467.6,1765559519999,1224111.96181,2306,356558.2,711507.21665,0
1765559520000,1.9955,1.9968,1.9940,1.9956,992881.1,1765559579999,1980972.17427,2844,284829.6,568342.74090,0
1765559580000,1.9956,1.9956,1.9931,1.9937,475520.4,1765559639999,948397.87322,1780,220028.3,438869.63060,0
1765559640000,1.9937,1.9948,1.9934,1.9945,224438.2,1765559699999,447583.91183,1144,141388.3,281958.54021,0
1765559700000,1.9945,1.9982,1.9941,1.9978,646160.1,1765559759999,1290543.58354,2133,287254.5,573667.99173,0
1765559760000,1.9979,2.0011,1.9972,2.0007,736300.5,1765559819999,1472429.85537,2807,440801.2,881427.07401,0
1765559820000,2.0006,2.0017,1.9994,2.0001,763397.2,1765559879999,1527259.87446,2319,310895.7,622049.89400,0
1765559880000,2.0000,2.0002,1.9985,1.9986,487170.5,1765559939999,973981.34535,1715,127209.8,254318.03231,0
1765559940000,1.9985,1.9999,1.9972,1.9999,802432.7,1765559999999,1603278.52725,2057,163481.4,326676.85684,0
1765560000000,1.9999,2.0010,1.9990,2.0000,334160.6,1765560059999,668259.87559,1534,151865.2,303700.48844,0
1765560060000,2.0000,2.0000,1.9951,1.9961,495252.3,1765560119999,988919.10153,1826,138033.8,275513.91504,0
1765560120000,1.9961,1.9981,1.9952,1.9958,296666.9,1765560179999,592343.40568,1565,114490.7,228590.88583,0
1765560180000,1.9957,1.9973,1.9938,1.9939,260590.4,1765560239999,519959.30479,1675,77657.1,154987.17217,0
1765560240000,1.9939,1.9955,1.9931,1.9954,243514.4,1765560299999,485590.24820,1578,131407.3,262039.90101,0
1765560300000,1.9953,1.9954,1.9912,1.9923,373067.0,1765560359999,743409.78782,2087,87564.5,174472.73277,0
1765560360000,1.9922,1.9927,1.9874,1.9882,745322.9,1765560419999,1483231.49972,2547,415750.5,827461.43716,0
1765560420000,1.9882,1.9899,1.9878,1.9879,343078.4,1765560479999,682269.86859,1645,166537.8,331167.96745,0
1765560480000,1.9879,1.9887,1.9858,1.9869,672375.3,1765560539999,1335981.86837,2429,218134.9,433508.56333,0
1765560540000,1.9869,1.9870,1.9850,1.9851,617626.9,1765560599999,1226482.39716,1873,282553.1,561093.21717,0
1765560600000,1.9851,1.9878,1.9850,1.9863,499455.8,1765560659999,992262.01774,2548,257129.1,510825.34316,0
1765560660000,1.9863,1.9876,1.9850,1.9850,316162.1,1765560719999,627921.86674,1718,58941.7,117084.68670,0
1765560720000,1.9849,1.9883,1.9841,1.9876,410648.5,1765560779999,815774.20431,2405,198003.7,393380.12703,0
1765560780000,1.9876,1.9909,1.9876,1.9897,480177.7,1765560839999,955331.64419,2367,208459.5,414717.33201,0
1765560840000,1.9897,1.9916,1.9889,1.9901,514081.4,1765560899999,1023329.71604,1726,161730.2,321952.71444,0
1765560900000,1.9902,1.9902,1.9874,1.9897,269068.2,1765560959999,535152.85719,1477,87366.2,173767.67064,0
1765560960000,1.9897,1.9923,1.9897,1.9905,184118.7,1765561019999,366554.77830,1601,87698.4,174586.62904,0
1765561020000,1.9905,1.9924,1.9905,1.9915,310512.2,1765561079999,618377.72462,1656,150885.0,300488.48241,0
1765561080000,1.9915,1.9960,1.9915,1.9959,626475.6,1765561139999,1248999.30416,1932,352563.0,702939.62430,0
1765561140000,1.9959,1.9960,1.9942,1.9957,452523.8,1765561199999,902728.12564,1314,180066.1,359231.47946,0
1765561200000,1.9956,1.9960,1.9941,1.9951,585503.8,1765561259999,1168208.47261,1456,282038.3,562708.59600,0
1765561260000,1.9950,1.9950,1.9924,1.9928,276978.4,1765561319999,552270.31428,1397,111283.5,221911.77334,0
1765561320000,1.9928,1.9936,1.9922,1.9931,179304.6,1765561379999,357337.23859,1162,79902.1,159233.79492,0
1765561380000,1.9930,1.9943,1.9925,1.9928,137560.1,1765561439999,274201.75070,993,55572.7,110766.99259,0
1765561440000,1.9927,1.9949,1.9926,1.9947,92895.6,1765561499999,185247.32980,808,40182.2,80122.36160,0
1765561500000,1.9947,1.9963,1.9945,1.9945,237065.9,1765561559999,473043.21135,1263,119048.8,237557.10656,0
1765561560000,1.9945,1.9999,1.9939,1.9999,325748.1,1765561619999,650736.68178,1633,213380.8,426361.34686,0
1765561620000,1.9998,1.9999,1.9978,1.9980,677124.1,1765561679999,1353676.27254,1316,117619.2,235101.63198,0
1765561680000,1.9979,1.9987,1.9968,1.9982,158632.7,1765561739999,316877.20081,970,94156.2,188083.19075,0
1765561740000,1.9981,1.9982,1.9956,1.9982,289324.6,1765561799999,577623.56484,1304,84105.7,167933.56821,0
1765561800000,1.9982,1.9989,1.9966,1.9967,145136.6,1765561859999,289875.12526,1094,44085.8,88049.77913,0
1765561860000,1.9968,1.9975,1.9951,1.9951,234796.5,1765561919999,468764.18229,1124,56398.7,112598.49276,0
1765561920000,1.9951,1.9952,1.9937,1.9941,175492.7,1765561979999,349997.66742,899,68875.8,137361.09564,0
1765561980000,1.9941,1.9952,1.9941,1.9946,142015.7,1765562039999,283262.82187,805,77389.4,154360.94447,0
1765562040000,1.9947,1.9951,1.9933,1.9938,214798.7,1765562099999,428307.03077,964,42959.2,85663.76994,0
1765562100000,1.9939,1.9975,1.9939,1.9971,134157.9,1765562159999,267818.41059,1138,83244.4,166174.99476,0
1765562160000,1.9971,1.9973,1.9951,1.9953,182985.5,1765562219999,365203.38962,708,41498.4,82832.72903,0
1765562220000,1.9953,1.9956,1.9944,1.9945,120739.9,1765562279999,240904.50409,627,54834.7,109413.20866,0
1765562280000,1.9944,1.9952,1.9935,1.9945,125368.6,1765562339999,250017.88664,863,32075.9,63965.13081,0
1765562340000,1.9945,1.9947,1.9934,1.9944,110124.6,1765562399999,219601.04006,708,21357.1,42587.63484,0
1765562400000,1.9945,1.9952,1.9894,1.9921,1121574.9,1765562459999,2233205.75705,3725,315001.0,627142.05605,0
1765562460000,1.9921,1.9939,1.9879,1.9896,2598007.8,1765562519999,5170878.29375,3991,306665.3,610506.54242,0
1765562520000,1.9896,1.9928,1.9878,1.9927,947890.9,1765562579999,1885636.84713,2244,254601.1,506581.92365,0
1765562580000,1.9928,1.9943,1.9920,1.9938,279825.0,1765562639999,557732.95051,1714,156660.9,312260.37177,0
1765562640000,1.9938,1.9938,1.9921,1.9925,235789.4,1765562699999,469880.39839,1332,98720.6,196724.41552,0
1765562700000,1.9925,1.9969,1.9917,1.9961,628492.8,1765562759999,1253782.90023,2068,405230.1,808410.96727,0
1765562760000,1.9961,1.9983,1.9957,1.9983,554383.0,1765562819999,1107213.71079,1599,326719.0,652576.55899,0
1765562820000,1.9983,1.9993,1.9980,1.9984,286588.5,1765562879999,572844.02505,1101,83876.5,167643.50542,0
1765562880000,1.9983,1.9991,1.9972,1.9988,438152.7,1765562939999,875476.86515,1416,222371.4,444338.51842,0
1765562940000,1.9989,2.0000,1.9977,1.9983,466495.8,1765562999999,932648.27220,1303,238841.8,477467.18900,0
1765563000000,1.9983,1.9984,1.9963,1.9970,204639.9,1765563059999,408768.34209,948,77655.8,155106.49622,0
1765563060000,1.9969,1.9978,1.9964,1.9971,88322.5,1765563119999,176384.67944,754,40214.6,80307.02574,0
1765563120000,1.9972,2.0077,1.9971,2.0018,2807846.0,1765563179999,5625754.72607,5852,1728736.5,3463198.30668,0
1765563180000,2.0018,2.0045,2.0018,2.0045,359902.5,1765563239999,720880.13444,1837,218919.7,438507.87548,0
1765563240000,2.0045,2.0052,2.0033,2.0040,457924.1,1765563299999,917736.49435,1451,266802.9,534714.21298,0
1765563300000,2.0039,2.0062,2.0033,2.0049,445625.2,1765563359999,893197.92293,1672,166459.5,333683.05201,0
1765563360000,2.0048,2.0075,2.0045,2.0054,395411.8,1765563419999,793262.83114,1757,216889.0,435118.66236,0
1765563420000,2.0053,2.0059,2.0027,2.0027,447055.9,1765563479999,896173.88635,1591,267268.5,535837.10227,0
1765563480000,2.0027,2.0042,2.0019,2.0030,341434.1,1765563539999,684014.76560,1501,184057.5,368735.52653,0
1765563540000,2.0029,2.0032,2.0017,2.0017,208237.3,1765563599999,416963.01583,1226,79564.8,159317.52285,0
1765563600000,2.0018,2.0018,1.9981,1.9998,268860.8,1765563659999,537664.86770,1925,64266.2,128527.86149,0
1765563660000,1.9998,2.0002,1.9976,1.9995,579151.5,1765563719999,1157756.13229,1902,180961.5,361783.52538,0
1765563720000,1.9994,1.9998,1.9985,1.9986,253046.9,1765563779999,505893.03215,1106,112781.1,225473.29415,0
1765563780000,1.9985,1.9996,1.9973,1.9980,163770.5,1765563839999,327292.90797,1018,60617.4,121143.05727,0
1765563840000,1.9981,1.9997,1.9979,1.9995,270749.2,1765563899999,541213.06071,1112,174255.3,348347.02779,0
1765563900000,1.9994,2.0011,1.9992,2.0010,119836.3,1765563959999,239755.97814,811,78703.3,157462.37380,0
1765563960000,2.0009,2.0027,2.0005,2.0010,143527.3,1765564019999,287280.39384,989,59004.1,118099.98526,0
1765564020000,2.0009,2.0038,2.0009,2.0032,120357.5,1765564079999,241029.65850,934,80090.7,160378.82231,0
1765564080000,2.0032,2.0069,2.0032,2.0062,1002535.3,1765564139999,2010398.93210,1978,802937.4,1610043.67957,0
1765564140000,2.0062,2.0067,2.0053,2.0067,167891.7,1765564199999,336785.49239,807,76184.7,152826.45214,0
1765564200000,2.0067,2.0081,2.0061,2.0075,232827.0,1765564259999,467345.38447,1383,143614.4,288279.61107,0
1765564260000,2.0075,2.0090,2.0064,2.0083,291029.9,1765564319999,584397.92415,1376,164738.1,330784.64835,0
1765564320000,2.0083,2.0089,2.0080,2.0080,210062.1,1765564379999,421870.69427,950,76108.1,152848.36173,0
1765564380000,2.0081,2.0122,2.0079,2.0102,1090801.4,1765564439999,2193032.65266,2436,594758.2,1195599.93147,0
1765564440000,2.0103,2.0114,2.0100,2.0111,334287.1,1765564499999,672139.60549,997,166539.7,334860.72718,0
1765564500000,2.0111,2.0128,2.0106,2.0113,473314.5,1765564559999,952099.82439,1353,316192.8,636062.64815,0
1765564560000,2.0112,2.0116,2.0101,2.0101,129212.5,1765564619999,259827.17740,826,37724.7,75865.00401,0
1765564620000,2.0101,2.0122,2.0099,2.0116,143914.1,1765564679999,289413.02481,906,80829.9,162540.47300,0
1765564680000,2.0116,2.0146,2.0116,2.0144,275186.9,1765564739999,554085.68651,1338,170489.7,343307.65138,0
1765564740000,2.0144,2.0149,2.0136,2.0149,258333.0,1765564799999,520368.54641,1047,128214.6,258276.43416,0
1765564800000,2.0150,2.0179,2.0149,2.0157,996463.3,1765564859999,2009341.48986,2511,504332.3,1016848.05734,0
1765564860000,2.0156,2.0174,2.0143,2.0174,545606.7,1765564919999,1099571.06208,1888,248187.9,500206.60168,0
1765564920000,2.0174,2.0215,2.0174,2.0191,1704520.9,1765564979999,3442514.83563,3486,957765.3,1934010.29677,0
1765564980000,2.0190,2.0190,2.0174,2.0184,334600.4,1765565039999,675199.76936,1243,124015.9,250264.21359,0
1765565040000,2.0185,2.0185,2.0150,2.0160,423667.4,1765565099999,854257.38348,1905,184843.0,372667.22660,0
1765565100000,2.0160,2.0165,2.0150,2.0165,274601.5,1765565159999,553551.53808,1513,181632.7,366139.15819,0
1765565160000,2.0164,2.0183,2.0164,2.0172,223926.3,1765565219999,451739.31378,1083,157672.7,318072.32836,0
1765565220000,2.0171,2.0192,2.0164,2.0184,252134.4,1765565279999,508685.48414,1122,103499.2,208837.31341,0
1765565280000,2.0184,2.0208,2.0179,2.0203,291869.7,1765565339999,589370.39715,1283,194580.3,392885.22168,0
1765565340000,2.0203,2.0237,2.0202,2.0236,496502.9,1765565399999,1003978.16579,1890,402978.4,814908.64697,0
1765565400000,2.0237,2.0242,2.0217,2.0222,685113.8,1765565459999,1385913.26507,2005,340471.5,688818.72140,0
1765565460000,2.0223,2.0238,2.0218,2.0219,562167.9,1765565519999,1137190.33214,1684,206748.3,418249.94821,0
1765565520000,2.0219,2.0219,2.0129,2.0152,1350051.3,1765565579999,2721697.21848,4333,486753.1,981258.46686,0
1765565580000,2.0152,2.0163,2.0142,2.0143,445136.1,1765565639999,896927.32928,1408,127592.3,257096.68780,0
1765565640000,2.0144,2.0159,2.0138,2.0151,268826.4,1765565699999,541606.42495,988,163610.2,329616.98374,0
1765565700000,2.0152,2.0159,2.0136,2.0139,174269.6,1765565759999,351146.72695,1030,72971.4,147030.85664,0
1765565760000,2.0139,2.0140,2.0124,2.0128,332299.8,1765565819999,668963.27635,1431,150768.9,303520.25975,0
1765565820000,2.0128,2.0129,2.0109,2.0111,658376.8,1765565879999,1324458.69048,2181,262614.2,528283.66086,0
1765565880000,2.0112,2.0112,2.0083,2.0097,870118.3,1765565939999,1748617.49549,2371,213763.6,429581.33811,0
1765565940000,2.0097,2.0117,2.0096,2.0109,399379.9,1765565999999,803068.45681,1298,286230.4,575531.52980,0
1765566000000,2.0110,2.0131,2.0106,2.0109,740116.5,1765566059999,1489153.52398,1821,433258.5,871829.63786,0
1765566060000,2.0109,2.0109,2.0084,2.0096,652124.8,1765566119999,1310578.27223,1822,171546.9,344722.90638,0
1765566120000,2.0097,2.0098,2.0069,2.0080,496831.5,1765566179999,997702.55495,1761,135960.6,273027.85306,0
1765566180000,2.0079,2.0104,2.0069,2.0095,650878.5,1765566239999,1307060.61571,1919,239845.0,481674.18499,0
1765566240000,2.0095,2.0118,2.0095,2.0105,340751.0,1765566299999,685196.07967,1630,157816.6,317310.07885,0
1765566300000,2.0105,2.0110,2.0091,2.0093,236623.6,1765566359999,475593.46482,1276,85047.4,170945.05633,0
1765566360000,2.0093,2.0094,2.0057,2.0058,400858.3,1765566419999,804704.67807,1718,195179.8,391833.09218,0
1765566420000,2.0058,2.0072,2.0053,2.0061,454091.0,1765566479999,911003.15472,1475,182223.3,365551.38826,0
1765566480000,2.0061,2.0085,2.0059,2.0083,497545.1,1765566539999,998771.61636,1609,357983.0,718639.43679,0
1765566540000,2.0082,2.0098,2.0082,2.0089,157529.3,1765566599999,316529.80784,885,70490.9,141632.18998,0
1765566600000,2.0089,2.0100,2.0089,2.0093,208780.9,1765566659999,419537.25809,1036,73306.3,147309.11100,0
1765566660000,2.0093,2.0112,2.0091,2.0094,358911.7,1765566719999,721533.39293,1496,195268.1,392558.13521,0
1765566720000,2.0095,2.0112,2.0092,2.0108,140876.1,1765566779999,283235.60428,844,80861.1,162572.26891,0
1765566780000,2.0109,2.0111,2.0070,2.0072,281961.2,1765566839999,566357.49317,1214,68674.0,137928.78391,0
1765566840000,2.0072,2.0094,2.0072,2.0077,284132.4,1765566899999,570716.44898,1044,113630.8,228229.12101,0
1765566900000,2.0077,2.0095,2.0075,2.0086,300932.0,1765566959999,604450.15913,1333,123661.4,248376.24019,0
1765566960000,2.0086,2.0086,2.0065,2.0067,254286.3,1765567019999,510492.97956,1155,82679.3,166008.03278,0
1765567020000,2.0067,2.0100,2.0066,2.0100,197275.9,1765567079999,396122.29345,1063,151758.2,304739.47838,0
1765567080000,2.0099,2.0099,2.0082,2.0087,206655.7,1765567139999,415179.35270,900,27723.1,55691.66588,0
1765567140000,2.0086,2.0086,2.0064,2.0081,197925.2,1765567199999,397325.94238,1206,90781.6,182212.06908,0
1765567200000,2.0081,2.0121,2.0076,2.0119,216468.0,1765567259999,434904.71483,1239,156078.6,313590.58569,0
1765567260000,2.0119,2.0120,2.0083,2.0092,255300.5,1765567319999,513274.35489,1168,71960.7,144663.99943,0
1765567320000,2.0091,2.0102,2.0088,2.0100,100928.8,1765567379999,202812.01741,793,42705.8,85816.00088,0
1765567380000,2.0099,2.0103,2.0083,2.0093,135763.5,1765567439999,272789.45660,1063,60134.1,120816.09053,0
1765567440000,2.0094,2.0124,2.0089,2.0120,466753.8,1765567499999,938465.71342,1744,288152.3,579397.34904,0
1765567500000,2.0121,2.0124,2.0058,2.0063,923061.9,1765567559999,1853988.45392,2906,335991.5,674707.49393,0
1765567560000,2.0062,2.0063,2.0012,2.0016,782537.1,1765567619999,1567637.74106,2457,153443.8,307264.00429,0
1765567620000,2.0016,2.0032,2.0016,2.0019,374361.4,1765567679999,749674.13425,1426,189638.4,379761.67079,0
1765567680000,2.0018,2.0032,2.0011,2.0031,245732.4,1765567739999,491854.11374,1318,109062.4,218315.25768,0
1765567740000,2.0031,2.0040,2.0029,2.0036,243970.1,1765567799999,488791.17600,881,191529.9,383730.26482,0
1765567800000,2.0037,2.0054,2.0036,2.0053,203083.5,1765567859999,407183.40254,1117,111739.9,224029.20624,0
1765567860000,2.0053,2.0068,2.0043,2.0064,173825.2,1765567919999,348693.52298,1052,115197.0,231078.32202,0
1765567920000,2.0063,2.0063,2.0026,2.0028,198244.9,1765567979999,397323.98993,1206,92335.0,185042.94942,0
1765567980000,2.0029,2.0040,2.0026,2.0034,149015.1,1765568039999,298542.61459,707,55109.6,110411.13113,0
1765568040000,2.0034,2.0045,2.0028,2.0028,168695.7,1765568099999,338039.56436,950,88315.8,176969.19375,0
1765568100000,2.0028,2.0044,2.0021,2.0040,149361.7,1765568159999,299264.15765,936,80420.7,161140.94684,0
1765568160000,2.0040,2.0041,2.0019,2.0020,110991.2,1765568219999,222313.06382,795,39085.9,78288.91429,0
1765568220000,2.0019,2.0024,2.0012,2.0014,159620.1,1765568279999,319519.58880,955,78613.7,157366.38468,0
1765568280000,2.0015,2.0021,2.0012,2.0017,149691.3,1765568339999,299634.00294,874,81256.9,162651.86586,0
1765568340000,2.0018,2.0025,1.9994,2.0008,379832.8,1765568399999,759985.85805,1511,68971.1,138010.10448,0
1765568400000,2.0008,2.0031,2.0007,2.0026,387573.7,1765568459999,775971.17255,1276,201409.1,403257.95706,0
1765568460000,2.0026,2.0040,2.0026,2.0030,132555.3,1765568519999,265557.68355,1026,72139.1,144518.52284,0
1765568520000,2.0030,2.0036,1.9983,1.9988,440927.7,1765568579999,881916.67304,1684,113991.3,228096.52432,0
1765568580000,1.9988,1.9995,1.9973,1.9995,412836.4,1765568639999,825076.94334,1508,147225.6,294284.34082,0
1765568640000,1.9995,1.9996,1.9984,1.9985,212758.6,1765568699999,425317.79521,899,121223.0,242351.46349,0
1765568700000,1.9986,1.9986,1.9956,1.9960,606042.8,1765568759999,1210093.06242,1931,259155.0,517476.52394,0
1765568760000,1.9961,1.9973,1.9947,1.9964,405779.4,1765568819999,809996.76905,1619,218349.2,435890.50493,0
1765568820000,1.9965,1.9981,1.9965,1.9977,184003.6,1765568879999,367526.52723,999,144345.8,288305.24921,0
1765568880000,1.9977,1.9998,1.9977,1.9990,330777.7,1765568939999,661276.40837,1203,225490.9,450800.01686,0
1765568940000,1.9991,2.0006,1.9989,2.0001,513165.3,1765568999999,1026288.14967,1279,311727.9,623415.56851,0
1765569000000,2.0000,2.0014,1.9994,2.0014,175574.2,1765569059999,351161.17657,987,107701.7,215426.70037,0
1765569060000,2.0014,2.0023,2.0010,2.0020,264278.2,1765569119999,529026.43318,1293,145539.5,291334.96801,0
1765569120000,2.0020,2.0026,2.0012,2.0022,434255.1,1765569179999,869322.50631,1047,222311.0,445058.20662,0
1765569180000,2.0021,2.0030,2.0015,2.0030,252330.5,1765569239999,505185.66616,969,137957.0,276211.86502,0
1765569240000,2.0030,2.0049,2.0030,2.0047,257335.9,1765569299999,515786.27325,954,131726.6,264013.98093,0
1765569300000,2.0047,2.0049,2.0038,2.0046,183311.9,1765569359999,367423.88864,713,53236.3,106704.01346,0
1765569360000,2.0046,2.0055,2.0018,2.0018,439470.7,1765569419999,880761.47772,1211,248962.2,499050.46347,0
1765569420000,2.0018,2.0018,1.9991,1.9991,411089.9,1765569479999,822182.04776,1153,106712.4,213390.90363,0
1765569480000,1.9991,2.0014,1.9990,2.0013,173867.8,1765569539999,347744.44533,794,88784.0,177586.04025,0
1765569540000,2.0014,2.0023,2.0013,2.0019,115874.6,1765569599999,231981.30622,824,71763.6,143668.57133,0
1765569600000,2.0020,2.0020,2.0004,2.0013,247434.3,1765569659999,495193.00549,1233,108136.4,216395.83698,0
1765569660000,2.0012,2.0023,1.9995,2.0023,262805.8,1765569719999,525731.23338,1299,167006.5,334109.44375,0
1765569720000,2.0023,2.0028,2.0009,2.0011,138394.4,1765569779999,277030.88368,1013,80651.8,161435.86311,0
1765569780000,2.0011,2.0012,1.9992,2.0001,200047.9,1765569839999,400072.12825,1022,66238.3,132464.93213,0
1765569840000,2.0001,2.0029,2.0000,2.0025,166632.9,1765569899999,333491.17293,1088,58552.0,117152.91519,0
1765569900000,2.0024,2.0034,2.0015,2.0019,161712.1,1765569959999,323821.15654,1032,87128.4,174470.82674,0
1765569960000,2.0019,2.0024,2.0006,2.0007,188788.6,1765570019999,377859.42212,1101,80086.5,160297.04318,0
1765570020000,2.0006,2.0006,1.9986,1.9993,128682.8,1765570079999,257305.50685,1071,68315.9,136598.96887,0
1765570080000,1.9994,1.9995,1.9982,1.9987,218773.6,1765570139999,437369.99593,956,88607.6,177137.66982,0
1765570140000,1.9986,2.0006,1.9978,2.0006,185287.7,1765570199999,370348.55465,1017,140736.4,281313.90748,0
1765570200000,2.0005,2.0019,1.9991,1.9992,189258.6,1765570259999,378704.78211,1106,114114.2,228357.04954,0
1765570260000,1.9992,1.9998,1.9982,1.9982,172567.8,1765570319999,344925.22494,1072,110239.7,220337.88455,0
1765570320000,1.9983,1.9992,1.9982,1.9982,104944.9,1765570379999,209755.47799,736,64099.4,128115.17621,0
1765570380000,1.9982,1.9989,1.9968,1.9989,144749.0,1765570439999,289122.27854,1096,58455.1,116761.84954,0
1765570440000,1.9989,1.9997,1.9988,1.9990,196103.4,1765570499999,392078.30239,874,105811.4,211559.41964,0
1765570500000,1.9991,2.0007,1.9984,2.0007,195096.5,1765570559999,390094.42461,993,133434.2,266821.79038,0
1765570560000,2.0007,2.0017,2.0007,2.0010,230873.9,1765570619999,462065.62689,1036,83027.5,166160.72325,0
1765570620000,2.0010,2.0040,2.0002,2.0026,261622.5,1765570679999,523872.63654,1430,134170.0,268582.53065,0
1765570680000,2.0026,2.0042,2.0016,2.0026,158332.8,1765570739999,317148.36052,1039,122608.7,245587.73841,0
1765570740000,2.0025,2.0026,2.0009,2.0011,129958.2,1765570799999,260118.48163,801,38394.0,76861.51497,0
1765570800000,2.0011,2.0012,1.9994,1.9995,114148.2,1765570859999,228321.66746,727,21407.6,42824.35824,0
1765570860000,1.9994,2.0000,1.9988,1.9996,175815.0,1765570919999,351519.33100,891,139936.7,279789.30728,0
1765570920000,1.9995,2.0000,1.9983,1.9999,126164.9,1765570979999,252198.04487,723,91563.3,183018.52477,0
1765570980000,1.9999,2.0006,1.9982,1.9982,236206.4,1765571039999,472357.28312,950,142859.7,285696.93338,0
1765571040000,1.9982,1.9994,1.9976,1.9992,169635.8,1765571099999,338978.64763,852,145719.0,291183.88236,0
1765571100000,1.9992,1.9993,1.9967,1.9968,131222.0,1765571159999,262220.13971,1051,63110.7,126127.05763,0
1765571160000,1.9968,1.9978,1.9962,1.9968,245711.4,1765571219999,490637.47291,1272,147346.4,294216.84535,0
1765571220000,1.9968,1.9983,1.9968,1.9980,135179.4,1765571279999,270036.91225,920,75660.4,151138.50584,0
1765571280000,1.9981,1.9990,1.9977,1.9988,108386.1,1765571339999,216591.16787,780,71683.2,143248.20211,0
1765571340000,1.9987,1.9989,1.9980,1.9982,111898.1,1765571399999,223621.67374,769,56563.1,113038.39302,0
1765571400000,1.9982,1.9999,1.9982,1.9996,244933.1,1765571459999,489721.31956,1147,178092.4,356082.45764,0
1765571460000,1.9996,2.0006,1.9991,1.9991,190595.0,1765571519999,381197.31071,1207,112486.6,224965.78817,0
1765571520000,1.9991,2.0001,1.9970,1.9994,273456.9,1765571579999,546425.02873,1282,212597.9,424783.81362,0
1765571580000,1.9994,2.0004,1.9994,1.9996,118461.8,1765571639999,236927.54155,859,81844.3,163686.46295,0
1765571640000,1.9995,2.0004,1.9993,2.0001,171228.6,1765571699999,342444.72001,902,106373.1,212740.25178,0
1765571700000,2.0000,2.0008,1.9998,2.0007,228667.3,1765571759999,457375.58168,1120,170002.5,340037.29987,0
1765571760000,2.0006,2.0007,1.9981,1.9993,369572.3,1765571819999,738815.77976,1090,229190.3,458108.23863,0
1765571820000,1.9993,1.9994,1.9976,1.9976,166620.6,1765571879999,333051.73248,851,84624.9,169156.00887,0
1765571880000,1.9977,1.9980,1.9969,1.9976,255165.8,1765571939999,509668.73227,929,96481.5,192720.29298,0
1765571940000,1.9976,1.9991,1.9976,1.9980,149708.0,1765571999999,299192.96343,797,109982.8,219804.61817,0
1765572000000,1.9980,1.9987,1.9974,1.9981,196894.9,1765572059999,393391.83995,942,158511.8,316694.47108,0
1765572060000,1.9982,1.9990,1.9981,1.9989,167998.9,1765572119999,335738.39012,819,137371.8,274530.78961,0
1765572120000,1.9988,1.9997,1.9985,1.9993,118447.0,1765572179999,236796.27288,665,73023.3,145982.47988,0
1765572180000,1.9992,2.0009,1.9988,2.0009,198535.4,1765572239999,397052.52584,838,155858.8,311716.03659,0
1765572240000,2.0008,2.0016,2.0003,2.0008,139296.2,1765572299999,278703.21860,868,106104.0,212290.35183,0
1765572300000,2.0008,2.0009,1.9993,2.0000,162027.9,1765572359999,324007.84737,865,107026.1,214015.25098,0
1765572360000,2.0000,2.0009,1.9992,1.9993,196632.3,1765572419999,393331.76847,948,96348.4,192719.33768,0
1765572420000,1.9992,2.0031,1.9992,2.0031,265525.5,1765572479999,531220.63163,1156,238209.4,476581.23376,0
1765572480000,2.0031,2.0046,2.0026,2.0040,179710.9,1765572539999,360114.33002,941,110136.0,220689.10011,0
1765572540000,2.0040,2.0041,2.0000,2.0012,499841.4,1765572599999,1000270.19018,1503,181606.4,363372.83749,0
1765572600000,2.0011,2.0035,2.0011,2.0027,327989.4,1765572659999,656715.24701,1415,200135.0,400676.72378,0
1765572660000,2.0026,2.0041,2.0012,2.0041,144144.0,1765572719999,288621.24129,853,102875.0,205981.55129,0
1765572720000,2.0041,2.0048,2.0038,2.0042,265535.2,1765572779999,532217.71392,1151,134624.1,269839.30209,0
1765572780000,2.0042,2.0042,2.0026,2.0033,107385.9,1765572839999,215133.08178,688,52100.2,104364.30892,0
1765572840000,2.0034,2.0047,2.0029,2.0043,264901.0,1765572899999,530825.52853,1233,154197.2,308975.57863,0
1765572900000,2.0043,2.0053,2.0031,2.0037,272664.3,1765572959999,546330.84429,1070,168355.9,337328.68967,0
1765572960000,2.0037,2.0044,2.0032,2.0032,154719.5,1765573019999,310033.53005,673,64542.0,129325.25934,0
1765573020000,2.0033,2.0035,2.0014,2.0014,337434.7,1765573079999,675786.26249,1176,125615.9,251589.31471,0
1765573080000,2.0014,2.0027,2.0010,2.0015,207442.8,1765573139999,415260.91085,901,117435.5,235086.74094,0
1765573140000,2.0015,2.0023,1.9983,1.9992,1072007.9,1765573199999,2143707.57042,2243,610542.9,1220734.35709,0
1765573200000,1.9991,2.0009,1.9987,1.9988,325540.7,1765573259999,651027.59280,992,186329.4,372623.55116,0
1765573260000,1.9987,1.9992,1.9982,1.9989,353683.2,1765573319999,706883.02101,1246,218015.3,435727.30173,0
1765573320000,1.9990,1.9991,1.9973,1.9979,157427.3,1765573379999,314547.98798,827,66149.0,132160.66505,0
1765573380000,1.9980,1.9980,1.9958,1.9964,421015.7,1765573439999,840612.13301,1349,192197.0,383738.20014,0
1765573440000,1.9965,2.0002,1.9964,2.0000,245338.5,1765573499999,490384.76471,1046,192306.5,384380.19364,0
1765573500000,1.9999,2.0020,1.9998,2.0016,198787.6,1765573559999,397786.46921,1098,109716.0,219556.74375,0
1765573560000,2.0016,2.0024,2.0002,2.0002,78126.9,1765573619999,156355.98085,646,27396.2,54837.61472,0
1765573620000,2.0002,2.0006,1.9987,1.9989,176503.0,1765573679999,352919.85703,834,48563.1,97120.75533,0
1765573680000,1.9988,1.9993,1.9978,1.9988,270770.4,1765573739999,541138.91787,1079,183246.2,366223.55870,0
1765573740000,1.9988,1.9995,1.9976,1.9994,179475.0,1765573799999,358707.00415,917,92939.7,185777.28955,0
1765573800000,1.9993,2.0014,1.9981,2.0010,305819.9,1765573859999,611555.94235,1115,221458.8,442852.76553,0
1765573860000,2.0010,2.0010,1.9984,1.9989,282049.0,1765573919999,563953.59985,874,64632.4,129201.79894,0
1765573920000,1.9989,1.9998,1.9986,1.9991,179910.5,1765573979999,359658.03117,613,151151.4,302158.51263,0
1765573980000,1.9990,1.9995,1.9987,1.9991,121927.2,1765574039999,243741.85850,632,47352.0,94656.09651,0
1765574040000,1.9991,2.0001,1.9984,2.0001,91429.9,1765574099999,182780.32254,523,61494.8,122940.86801,0
1765574100000,2.0002,2.0003,1.9994,1.9994,73556.9,1765574159999,147112.14957,585,10961.5,21919.47717,0
1765574160000,1.9994,2.0000,1.9989,1.9991,42362.9,1765574219999,84700.22491,619,13651.4,27294.35574,0
1765574220000,1.9991,1.9997,1.9988,1.9994,65262.8,1765574279999,130475.41640,517,31291.8,62558.59355,0
1765574280000,1.9994,1.9997,1.9989,1.9993,46009.8,1765574339999,91982.68691,412,22942.1,45866.04345,0
1765574340000,1.9993,1.9993,1.9983,1.9988,125950.8,1765574399999,251746.04154,602,33080.0,66113.94167,0
1765574400000,1.9988,1.9991,1.9980,1.9989,47489.9,1765574459999,94912.69014,525,23877.1,47719.53505,0
1765574460000,1.9989,1.9994,1.9988,1.9992,32986.4,1765574519999,65942.86851,330,15027.8,30042.26024,0
1765574520000,1.9992,1.9993,1.9978,1.9979,73543.8,1765574579999,146999.64991,449,11244.9,22477.63539,0
1765574580000,1.9978,1.9982,1.9963,1.9966,242575.2,1765574639999,484445.55777,1035,59776.0,119364.95388,0
1765574640000,1.9966,1.9968,1.9957,1.9965,89183.0,1765574699999,178029.32749,647,28308.6,56510.96160,0
1765574700000,1.9965,1.9966,1.9956,1.9963,126770.8,1765574759999,253032.94502,832,78245.1,156175.96473,0
1765574760000,1.9963,1.9968,1.9962,1.9964,74919.6,1765574819999,149577.05237,447,44087.4,88018.32371,0
1765574820000,1.9965,1.9973,1.9962,1.9966,249688.4,1765574879999,498595.72065,813,205495.2,410358.87302,0
1765574880000,1.9966,1.9972,1.9966,1.9969,44580.0,1765574939999,89024.17709,307,28575.6,57062.55103,0
1765574940000,1.9969,1.9976,1.9968,1.9976,71598.4,1765574999999,142987.14269,353,36426.4,72745.28916,0
1765575000000,1.9975,1.9985,1.9974,1.9985,53170.5,1765575059999,106237.15974,499,22448.6,44856.29043,0
1765575060000,1.9984,1.9989,1.9975,1.9989,90968.2,1765575119999,181758.55066,578,24158.4,48274.14865,0
1765575120000,1.9988,1.9997,1.9988,1.9993,81477.8,1765575179999,162900.08267,598,17806.5,35597.84543,0
1765575180000,1.9993,1.9994,1.9989,1.9993,59621.5,1765575239999,119187.09798,321,48967.9,97889.04345,0
1765575240000,1.9993,1.9998,1.9980,1.9980,83286.4,1765575299999,166505.83841,687,16525.8,33042.06839,0
1765575300000,1.9981,2.0002,1.9977,1.9994,260289.3,1765575359999,520451.27430,929,167042.7,333987.25908,0
1765575360000,1.9994,1.9999,1.9989,1.9998,160967.0,1765575419999,321810.11222,528,44293.5,88553.35422,0
1765575420000,1.9999,2.0003,1.9991,1.9997,263303.4,1765575479999,526528.34883,905,80759.2,161462.52750,0
1765575480000,1.9997,2.0002,1.9991,1.9993,275758.2,1765575539999,551487.68530,652,184993.1,369975.48546,0
1765575540000,1.9993,2.0002,1.9993,1.9996,151178.0,1765575599999,302352.20994,554,24354.8,48704.07457,0
1765575600000,1.9995,2.0000,1.9995,1.9999,28852.7,1765575659999,57700.13145,341,15233.2,30463.84416,0
1765575660000,1.9999,2.0005,1.9996,2.0003,141389.4,1765575719999,282802.67768,599,19834.3,39673.99186,0
1765575720000,2.0003,2.0005,1.9998,2.0002,81003.9,1765575779999,162019.16972,490,22034.0,44070.89578,0
1765575780000,2.0001,2.0013,2.0001,2.0012,57848.8,1765575839999,115753.66287,513,32535.6,65101.00376,0
1765575840000,2.0011,2.0012,2.0005,2.0007,42843.9,1765575899999,85722.47508,321,11209.9,22428.49475,0
1765575900000,2.0007,2.0025,2.0007,2.0014,367160.3,1765575959999,735061.65759,878,311774.1,624194.92676,0
1765575960000,2.0014,2.0024,2.0013,2.0014,68206.7,1765576019999,136538.87420,450,17944.7,35926.55104,0
1765576020000,2.0013,2.0023,2.0013,2.0023,37657.4,1765576079999,75382.09959,375,25971.6,51990.36291,0
1765576080000,2.0023,2.0031,2.0023,2.0025,46499.2,1765576139999,93125.70097,424,18519.2,37089.03930,0
1765576140000,2.0024,2.0026,2.0018,2.0025,121043.6,1765576199999,242343.46628,494,37837.3,75756.90125,0
1765576200000,2.0025,2.0027,2.0019,2.0019,80359.0,1765576259999,160893.00408,445,25453.6,50963.74663,0
1765576260000,2.0019,2.0030,2.0018,2.0021,88087.9,1765576319999,176394.14357,493,58721.7,117596.12767,0
1765576320000,2.0020,2.0027,2.0015,2.0022,122219.3,1765576379999,244700.03465,587,35070.5,70218.93886,0
1765576380000,2.0022,2.0024,2.0007,2.0012,110274.2,1765576439999,220686.12236,507,29704.1,59443.37730,0
1765576440000,2.0011,2.0016,2.0008,2.0016,43627.2,1765576499999,87302.43664,361,15124.5,30267.41886,0
1765576500000,2.0015,2.0023,2.0011,2.0021,79477.0,1765576559999,159094.45402,523,40627.1,81319.03048,0
1765576560000,2.0021,2.0035,2.0013,2.0028,257839.4,1765576619999,516342.27651,1006,128929.0,258224.71230,0
1765576620000,2.0028,2.0031,2.0028,2.0030,71467.7,1765576679999,143151.70780,340,46117.0,92374.65026,0
1765576680000,2.0030,2.0035,2.0026,2.0029,119522.1,1765576739999,239425.20948,481,29355.9,58804.52682,0
1765576740000,2.0028,2.0036,2.0028,2.0033,125148.8,1765576799999,250715.25664,535,28561.5,57217.69075,0
1765576800000,2.0032,2.0035,2.0028,2.0031,110894.2,1765576859999,222132.21334,545,28720.1,57529.46446,0
1765576860000,2.0030,2.0036,2.0028,2.0035,107293.7,1765576919999,214928.58965,659,40069.0,80265.77481,0
1765576920000,2.0036,2.0044,2.0034,2.0043,155590.3,1765576979999,311787.48463,912,76495.0,153294.59842,0
1765576980000,2.0043,2.0044,2.0036,2.0037,76860.3,1765577039999,154018.99959,527,29870.4,59852.95365,0
1765577040000,2.0037,2.0037,2.0023,2.0034,137443.8,1765577099999,275328.95936,776,35816.8,71746.57222,0
1765577100000,2.0035,2.0037,2.0026,2.0026,54938.1,1765577159999,110057.74602,464,8571.2,17172.99366,0
1765577160000,2.0026,2.0028,2.0025,2.0027,43833.5,1765577219999,87779.12456,397,14846.6,29732.25192,0
1765577220000,2.0028,2.0029,2.0024,2.0025,36980.4,1765577279999,74055.99936,384,7092.9,14205.41178,0
1765577280000,2.0024,2.0043,2.0024,2.0043,138443.7,1765577339999,277360.62642,696,107422.2,215202.59786,0
1765577340000,2.0042,2.0042,2.0031,2.0037,97696.5,1765577399999,195749.40143,584,34833.6,69789.88852,0
1765577400000,2.0037,2.0053,2.0037,2.0053,181192.3,1765577459999,363196.12388,819,106297.6,213070.93217,0
1765577460000,2.0054,2.0077,2.0054,2.0077,240075.0,1765577519999,481812.88122,853,103622.8,207964.55926,0
1765577520000,2.0076,2.0094,2.0076,2.0084,283894.0,1765577579999,570238.19644,1106,122121.5,245299.59188,0
1765577580000,2.0084,2.0116,2.0083,2.0107,674705.9,1765577639999,1356616.74576,1695,389151.8,782455.22685,0
1765577640000,2.0106,2.0107,2.0084,2.0093,257844.9,1765577699999,518109.34333,777,33179.0,66664.71663,0
1765577700000,2.0094,2.0102,2.0086,2.0087,136309.8,1765577759999,273908.51879,425,37898.8,76161.95530,0
1765577760000,2.0088,2.0097,2.0076,2.0079,118012.0,1765577819999,237048.74430,799,45673.4,91734.32115,0
1765577820000,2.0078,2.0082,2.0067,2.0071,108714.0,1765577879999,218217.44412,819,35285.0,70832.78129,0
1765577880000,2.0071,2.0071,2.0058,2.0063,159103.5,1765577939999,319227.59750,944,23977.8,48112.31838,0
1765577940000,2.0064,2.0065,2.0055,2.0060,82506.3,1765577999999,165498.92617,805,34501.8,69202.77611,0
1765578000000,2.0061,2.0065,2.0056,2.0065,83081.1,1765578059999,166662.17272,727,36567.7,73355.01306,0
1765578060000,2.0064,2.0066,2.0058,2.0059,102677.3,1765578119999,205995.72794,569,27650.5,55472.33739,0
1765578120000,2.0058,2.0059,2.0039,2.0054,179465.7,1765578179999,359765.39424,1054,25963.8,52045.16065,0
1765578180000,2.0053,2.0066,2.0053,2.0055,110405.0,1765578239999,221464.25438,635,68253.3,136913.30268,0
1765578240000,2.0055,2.0079,2.0051,2.0076,370108.3,1765578299999,742826.57808,915,329776.0,661879.74130,0
1765578300000,2.0077,2.0085,2.0062,2.0063,104775.7,1765578359999,210268.68262,649,43671.4,87642.30618,0
1765578360000,2.0063,2.0071,2.0062,2.0064,65214.4,1765578419999,130858.17610,433,39339.5,78937.65587,0
1765578420000,2.0064,2.0067,2.0054,2.0057,44837.4,1765578479999,89936.77544,420,32447.2,65081.11556,0
1765578480000,2.0058,2.0062,2.0054,2.0058,75846.6,1765578539999,152126.10105,505,47271.6,94811.58062,0
1765578540000,2.0059,2.0066,2.0059,2.0063,67861.0,1765578599999,136145.59216,407,42194.5,84649.65200,0
1765578600000,2.0062,2.0071,2.0056,2.0056,84598.3,1765578659999,169740.58979,606,40359.7,80977.55320,0
1765578660000,2.0055,2.0063,2.0047,2.0062,80445.8,1765578719999,161314.72097,512,39425.0,79060.75515,0
1765578720000,2.0062,2.0076,2.0062,2.0071,181469.4,1765578779999,364261.53167,655,137668.3,276342.57697,0
1765578780000,2.0071,2.0078,2.0068,2.0071,62078.3,1765578839999,124609.69282,368,33544.6,67332.52789,0
1765578840000,2.0071,2.0083,2.0070,2.0079,70074.7,1765578899999,140708.41455,365,51897.0,104206.64094,0
1765578900000,2.0079,2.0090,2.0077,2.0083,87550.2,1765578959999,175843.61643,471,39579.2,79491.56422,0
1765578960000,2.0083,2.0083,2.0082,2.0082,14203.9,1765579019999,28525.05453,240,5525.2,11096.25916,0
1765579020000,2.0083,2.0098,2.0082,2.0096,96371.1,1765579079999,193659.83077,403,68750.0,138154.33286,0
1765579080000,2.0097,2.0104,2.0097,2.0101,72414.5,1765579139999,145556.66419,465,53646.2,107829.97720,0
1765579140000,2.0101,2.0101,2.0097,2.0101,41117.0,1765579199999,82639.09348,338,23775.6,47786.32281,0
1765579200000,2.0100,2.0101,2.0094,2.0098,61386.6,1765579259999,123370.94331,437,30225.1,60740.43895,0
1765579260000,2.0098,2.0107,2.0097,2.0102,87778.4,1765579319999,176456.58289,495,61812.0,124253.19136,0
1765579320000,2.0102,2.0106,2.0102,2.0106,37781.8,1765579379999,75957.10696,236,14965.0,30086.36289,0
1765579380000,2.0105,2.0106,2.0090,2.0092,73185.5,1765579439999,147088.15522,478,3509.3,7053.41861,0
1765579440000,2.0093,2.0099,2.0092,2.0092,71256.0,1765579499999,143192.54862,403,44192.5,88806.73904,0
1765579500000,2.0093,2.0093,2.0091,2.0092,23517.9,1765579559999,47251.89472,241,7394.0,14856.21780,0
1765579560000,2.0091,2.0099,2.0091,2.0099,60964.1,1765579619999,122503.10756,347,56516.9,113567.61781,0
1765579620000,2.0099,2.0099,2.0081,2.0081,63209.5,1765579679999,126974.01119,507,21962.7,44114.71659,0
1765579680000,2.0081,2.0087,2.0071,2.0085,160018.1,1765579739999,321291.38543,611,131304.7,263633.72363,0
1765579740000,2.0085,2.0085,2.0084,2.0085,14963.2,1765579799999,30053.16843,189,10775.5,21642.59175,0
1765579800000,2.0085,2.0085,2.0076,2.0078,52039.7,1765579859999,104492.82598,330,11858.5,23813.06868,0
1765579860000,2.0078,2.0083,2.0071,2.0079,101459.2,1765579919999,203703.98918,554,47704.2,95771.23233,0
1765579920000,2.0080,2.0083,2.0079,2.0079,31548.4,1765579979999,63354.36016,301,20696.5,41561.91139,0
1765579980000,2.0079,2.0080,2.0076,2.0078,34756.5,1765580039999,69783.69212,305,11583.6,23256.88588,0
1765580040000,2.0079,2.0079,2.0078,2.0079,14168.3,1765580099999,28447.26652,179,1537.8,3087.74862,0
1765580100000,2.0078,2.0079,2.0074,2.0075,38969.2,1765580159999,78238.90787,374,3639.8,7308.23322,0
1765580160000,2.0075,2.0079,2.0074,2.0078,17592.2,1765580219999,35320.29183,273,16117.8,32360.12471,0
1765580220000,2.0078,2.0079,2.0075,2.0077,49052.2,1765580279999,98481.54514,349,8875.6,17819.36984,0
1765580280000,2.0076,2.0105,2.0072,2.0097,100268.1,1765580339999,201406.03723,690,55191.9,110855.15598,0
1765580340000,2.0097,2.0097,2.0085,2.0095,62078.3,1765580399999,124712.23205,448,42001.3,84375.23193,0
1765580400000,2.0095,2.0181,2.0095,2.0155,2854041.1,1765580459999,5751524.27178,7120,2177723.9,4388470.77715,0
1765580460000,2.0154,2.0175,2.0142,2.0167,723492.8,1765580519999,1458557.07316,2140,499696.8,1007392.12112,0
1765580520000,2.0167,2.0167,2.0128,2.0141,365910.1,1765580579999,737000.39366,1530,181708.0,365929.53935,0
1765580580000,2.0142,2.0144,2.0127,2.0133,359669.6,1765580639999,724203.19021,1517,180405.1,363236.01554,0
1765580640000,2.0134,2.0135,2.0124,2.0129,123183.0,1765580699999,247960.05732,795,49440.8,99524.27779,0
1765580700000,2.0129,2.0146,2.0128,2.0141,177263.1,1765580759999,356975.36231,898,119356.6,240348.07701,0
1765580760000,2.0141,2.0152,2.0140,2.0152,154336.8,1765580819999,310912.46322,787,82613.2,166412.95372,0
1765580820000,2.0151,2.0161,2.0147,2.0149,246365.1,1765580879999,496593.89489,853,53350.8,107534.20949,0
1765580880000,2.0149,2.0149,2.0126,2.0126,153875.3,1765580939999,309803.14042,712,62253.5,125321.22059,0
1765580940000,2.0126,2.0126,2.0116,2.0123,189547.5,1765580999999,381397.98804,680,76185.4,153299.37710,0
1765581000000,2.0123,2.0132,2.0119,2.0124,135868.5,1765581059999,273439.24511,628,93750.9,188681.84797,0
1765581060000,2.0124,2.0131,2.0118,2.0130,120712.7,1765581119999,242918.41861,580,80376.2,161759.21459,0
1765581120000,2.0131,2.0138,2.0125,2.0133,349656.2,1765581179999,703897.54881,888,274756.2,553104.91636,0
1765581180000,2.0134,2.0137,2.0126,2.0135,50813.7,1765581239999,102298.14623,407,34979.7,70422.93659,0
1765581240000,2.0134,2.0134,2.0123,2.0128,64164.9,1765581299999,129139.12359,498,30426.5,61236.75652,0
1765581300000,2.0128,2.0129,2.0122,2.0123,56908.0,1765581359999,114525.14743,378,24323.5,48950.23678,0
1765581360000,2.0122,2.0127,2.0122,2.0127,43232.5,1765581419999,87003.86409,310,18560.3,37351.74685,0
1765581420000,2.0126,2.0126,2.0103,2.0107,138367.0,1765581479999,278240.44489,806,47494.1,95496.69506,0
1765581480000,2.0107,2.0111,2.0100,2.0100,75873.9,1765581539999,152546.88796,418,27268.9,54835.80423,0
1765581540000,2.0100,2.0108,2.0100,2.0106,43429.4,1765581599999,87310.94634,406,24310.4,48872.67906,0
1765581600000,2.0105,2.0106,2.0100,2.0100,25589.1,1765581659999,51441.02073,271,8856.3,17805.68657,0
1765581660000,2.0100,2.0105,2.0094,2.0105,64567.8,1765581719999,129773.55700,476,32353.5,65027.89610,0
1765581720000,2.0104,2.0105,2.0100,2.0105,28966.5,1765581779999,58232.45535,308,17705.2,35592.98931,0
1765581780000,2.0105,2.0107,2.0097,2.0098,84669.9,1765581839999,170202.07203,367,35793.1,71953.40340,0
1765581840000,2.0098,2.0106,2.0095,2.0103,58004.9,1765581899999,116589.89943,407,31878.2,64073.95313,0
1765581900000,2.0103,2.0117,2.0100,2.0103,160665.6,1765581959999,323102.79712,755,80695.6,162272.07711,0
1765581960000,2.0102,2.0103,2.0095,2.0096,74145.8,1765582019999,149021.07934,303,3014.2,6057.69231,0
1765582020000,2.0097,2.0103,2.0093,2.0099,47974.7,1765582079999,96418.01389,371,23598.5,47426.36178,0
1765582080000,2.0099,2.0099,2.0084,2.0085,284675.5,1765582139999,571812.95584,511,19415.5,39011.47042,0
1765582140000,2.0085,2.0085,2.0076,2.0076,180500.2,1765582199999,362467.35559,603,44451.8,89260.90995,0
1765582200000,2.0076,2.0095,2.0075,2.0077,189623.4,1765582259999,380876.62221,889,123483.4,248022.47896,0
1765582260000,2.0078,2.0088,2.0077,2.0080,90425.3,1765582319999,181603.00641,517,54066.2,108573.66496,0
1765582320000,2.0081,2.0087,2.0081,2.0086,14679.2,1765582379999,29483.84918,233,10279.5,20647.01344,0
1765582380000,2.0087,2.0091,2.0086,2.0087,67606.2,1765582439999,135810.54960,404,43419.6,87221.83316,0
1765582440000,2.0088,2.0088,2.0076,2.0081,67276.4,1765582499999,135091.80118,377,16913.2,33960.95580,0
1765582500000,2.0081,2.0081,2.0077,2.0078,37619.8,1765582559999,75537.24679,257,13761.0,27630.21277,0
1765582560000,2.0079,2.0082,2.0073,2.0079,158149.7,1765582619999,317510.40464,677,101007.0,202775.81062,0
1765582620000,2.0078,2.0087,2.0078,2.0081,88865.9,1765582679999,178473.87841,407,36622.0,73552.22068,0
1765582680000,2.0081,2.0081,2.0074,2.0076,48818.5,1765582739999,98011.73687,309,17537.4,35208.56065,0
1765582740000,2.0076,2.0076,2.0067,2.0073,185002.8,1765582799999,371311.00598,591,36219.9,72695.04478,0
1765582800000,2.0073,2.0087,2.0072,2.0083,226825.7,1765582859999,455483.65616,798,139107.8,279321.77970,0
1765582860000,2.0083,2.0096,2.0082,2.0094,215192.7,1765582919999,432365.44358,918,136553.3,274343.34106,0
1765582920000,2.0093,2.0096,2.0091,2.0093,82179.1,1765582979999,165128.18317,358,42318.5,85034.58139,0
1765582980000,2.0093,2.0097,2.0092,2.0096,53351.5,1765583039999,107211.97801,297,32867.6,66047.74583,0
1765583040000,2.0096,2.0096,2.0092,2.0093,27555.7,1765583099999,55370.94632,222,7843.4,15760.88806,0
1765583100000,2.0093,2.0093,2.0088,2.0089,53108.8,1765583159999,106694.08794,474,21340.8,42874.12999,0
1765583160000,2.0088,2.0089,2.0076,2.0077,62319.0,1765583219999,125137.17330,453,22885.1,45948.94325,0
1765583220000,2.0076,2.0076,2.0072,2.0075,39700.1,1765583279999,79695.80648,276,15809.0,31735.31769,0
1765583280000,2.0076,2.0080,2.0075,2.0080,16833.2,1765583339999,33796.73902,212,12092.9,24279.20454,0
1765583340000,2.0080,2.0086,2.0079,2.0086,57940.6,1765583399999,116363.57902,351,41672.1,83692.70629,0
1765583400000,2.0086,2.0086,2.0078,2.0082,54508.0,1765583459999,109464.74051,327,15715.0,31558.54406,0
1765583460000,2.0082,2.0098,2.0081,2.0094,144463.3,1765583519999,290257.98848,912,123152.5,247433.69929,0
1765583520000,2.0094,2.0094,2.0085,2.0085,28207.1,1765583579999,56667.97928,296,3124.5,6276.92980,0
1765583580000,2.0086,2.0086,2.0081,2.0081,42853.9,1765583639999,86074.70346,283,30231.4,60722.74980,0
1765583640000,2.0082,2.0091,2.0081,2.0088,153788.8,1765583699999,308906.57429,584,76914.8,154496.73771,0
1765583700000,2.0087,2.0087,2.0080,2.0085,58149.8,1765583759999,116783.09751,360,27341.9,54910.66946,0
1765583760000,2.0084,2.0086,2.0074,2.0074,102764.8,1765583819999,206372.72605,393,55334.0,111121.57407,0
1765583820000,2.0074,2.0074,2.0062,2.0068,212334.3,1765583879999,426136.85230,868,83909.3,168403.53162,0
1765583880000,2.0068,2.0068,2.0060,2.0063,63452.3,1765583939999,127312.33200,360,28466.9,57115.55668,0
1765583940000,2.0063,2.0064,2.0060,2.0063,65041.2,1765583999999,130483.33835,345,33868.2,67945.92538,0
