open_time,open,high,low,close,volume,close_time,quote_volume,count,taker_buy_volume,taker_buy_quote_volume,ignore
1773619200000,1.4482,1.4512,1.4481,1.4511,1481031.0,1773619259999,2146718.25383,3224,722856.6,1047908.93546,0
1773619260000,1.4511,1.4521,1.4501,1.4521,1144821.7,1773619319999,1661582.53422,2468,657156.1,953811.02815,0
1773619320000,1.4521,1.4527,1.4512,1.4526,943971.4,1773619379999,1370704.50310,2822,391859.3,568966.75934,0
1773619380000,1.4526,1.4535,1.4513,1.4524,1069564.0,1773619439999,1553506.42707,1971,433665.6,629809.11333,0
1773619440000,1.4525,1.4544,1.4517,1.4539,1448937.7,1773619499999,2105354.88366,2096,767573.2,1115527.70979,0
1773619500000,1.4539,1.4549,1.4534,1.4547,755193.8,1773619559999,1098177.51753,1754,319346.1,464375.95220,0
1773619560000,1.4547,1.4575,1.4546,1.4548,952076.3,1773619619999,1386197.40477,2801,524624.1,763768.97857,0
1773619620000,1.4549,1.4575,1.4548,1.4574,521665.9,1773619679999,759856.44013,1668,366296.0,533522.21037,0
1773619680000,1.4575,1.4575,1.4549,1.4555,474362.0,1773619739999,690829.81369,1318,121009.6,176219.41243,0
1773619740000,1.4555,1.4562,1.4549,1.4551,268823.0,1773619799999,391264.40102,870,79943.8,116362.69003,0
1773619800000,1.4551,1.4556,1.4520,1.4524,650372.0,1773619859999,945484.36595,1746,214645.0,312099.79162,0
1773619860000,1.4524,1.4546,1.4516,1.4526,1010899.2,1773619919999,1468865.22043,2377,463648.1,673776.14745,0
1773619920000,1.4525,1.4530,1.4515,1.4525,612339.6,1773619979999,889272.81904,1348,260043.7,377662.92913,0
1773619980000,1.4526,1.4526,1.4510,1.4511,582096.4,1773620039999,845065.05968,1284,158278.0,229815.70844,0
1773620040000,1.4512,1.4515,1.4498,1.4502,871377.6,1773620099999,1264025.89047,1774,200766.4,291208.68229,0
1773620100000,1.4503,1.4517,1.4497,1.4516,369068.6,1773620159999,535358.11724,1608,172106.3,249667.93549,0
1773620160000,1.4517,1.4547,1.4514,1.4545,546573.6,1773620219999,794149.46574,1703,355743.3,516841.43401,0
1773620220000,1.4545,1.4558,1.4543,1.4552,399922.3,1773620279999,581906.11634,1342,140499.6,204454.88293,0
1773620280000,1.4552,1.4552,1.4508,1.4515,475167.4,1773620339999,690587.88137,1783,99433.8,144476.31275,0
1773620340000,1.4516,1.4521,1.4500,1.4507,530952.6,1773620399999,770443.08506,1544,271814.9,394427.49016,0
1773620400000,1.4508,1.4511,1.4495,1.4497,441039.3,1773620459999,639663.31991,1626,138573.7,200982.79313,0
1773620460000,1.4496,1.4506,1.4496,1.4504,260918.5,1773620519999,378406.02650,938,109924.8,159411.56999,0
1773620520000,1.4504,1.4508,1.4492,1.4494,478479.9,1773620579999,693792.02180,1102,274121.6,397419.83988,0
1773620580000,1.4495,1.4498,1.4476,1.4480,548858.6,1773620639999,795003.11353,1348,129574.9,187682.60930,0
1773620640000,1.4480,1.4491,1.4480,1.4489,351067.8,1773620699999,508461.77215,1005,194911.7,282276.25348,0
1773620700000,1.4490,1.4498,1.4489,1.4491,315864.8,1773620759999,457813.91969,878,94214.3,136563.18268,0
1773620760000,1.4490,1.4493,1.4486,1.4489,288434.7,1773620819999,417954.84328,740,113629.4,164650.78399,0
1773620820000,1.4489,1.4491,1.4483,1.4484,261375.8,1773620879999,378627.35246,642,111542.5,161583.49014,0
1773620880000,1.4484,1.4485,1.4473,1.4474,231247.5,1773620939999,334767.28115,539,79349.1,114859.49636,0
1773620940000,1.4474,1.4476,1.4468,1.4473,234422.3,1773620999999,339266.14611,868,96746.8,140015.55294,0
1773621000000,1.4473,1.4474,1.4461,1.4462,480150.4,1773621059999,694715.66009,1212,92494.5,133827.06761,0
1773621060000,1.4461,1.4470,1.4457,1.4469,306207.3,1773621119999,442919.39935,968,104865.1,151683.57679,0
1773621120000,1.4469,1.4486,1.4469,1.4476,358796.9,1773621179999,519454.41839,1347,198179.4,286896.67589,0
1773621180000,1.4475,1.4477,1.4462,1.4468,330046.0,1773621239999,477476.33236,1042,92233.2,133451.14804,0
1773621240000,1.4468,1.4484,1.4458,1.4482,399921.0,1773621299999,578587.89184,1191,295127.8,426975.47934,0
1773621300000,1.4481,1.4498,1.4479,1.4496,562050.3,1773621359999,814438.14483,1733,390550.5,565958.10147,0
1773621360000,1.4496,1.4498,1.4479,1.4486,316429.5,1773621419999,458489.85629,1298,132337.8,191758.85518,0
1773621420000,1.4486,1.4495,1.4474,1.4483,739048.6,1773621479999,1070229.73617,1788,258185.5,373910.71601,0
1773621480000,1.4484,1.4494,1.4483,1.4485,215285.5,1773621539999,311916.00895,817,40333.4,58437.34409,0
1773621540000,1.4486,1.4486,1.4463,1.4464,229133.7,1773621599999,331726.44065,1025,21570.0,31236.99217,0
1773621600000,1.4464,1.4471,1.4435,1.4442,942836.7,1773621659999,1362123.18268,2151,174665.8,252357.73651,0
1773621660000,1.4442,1.4449,1.4442,1.4447,314562.4,1773621719999,454446.32033,655,138955.8,200745.81891,0
1773621720000,1.4446,1.4468,1.4446,1.4468,160151.5,1773621779999,231545.29269,1042,104435.5,150985.70345,0
1773621780000,1.4468,1.4468,1.4456,1.4457,122213.8,1773621839999,176737.87384,614,70526.7,101982.94386,0
1773621840000,1.4457,1.4457,1.4446,1.4447,287261.1,1773621899999,415121.66571,616,109346.8,158022.00234,0
1773621900000,1.4447,1.4452,1.4444,1.4448,233792.7,1773621959999,337794.62855,990,133867.3,193418.44608,0
1773621960000,1.4448,1.4454,1.4445,1.4451,134424.7,1773622019999,194228.84050,811,80913.7,116907.43912,0
1773622020000,1.4451,1.4461,1.4444,1.4444,193057.9,1773622079999,279038.61641,934,39994.0,57807.08918,0
1773622080000,1.4444,1.4480,1.4443,1.4473,407041.6,1773622139999,588910.58200,1231,292001.6,422413.63469,0
1773622140000,1.4473,1.4473,1.4466,1.4467,200814.6,1773622199999,290593.62778,738,50778.7,73480.76590,0
1773622200000,1.4467,1.4467,1.4456,1.4459,344411.3,1773622259999,498004.11726,818,85807.6,124067.94509,0
1773622260000,1.4459,1.4477,1.4456,1.4473,469132.7,1773622319999,678798.06405,1143,256120.6,370541.19477,0
1773622320000,1.4472,1.4475,1.4456,1.4461,139911.7,1773622379999,202391.92662,617,29713.9,42983.00075,0
1773622380000,1.4460,1.4461,1.4453,1.4453,74937.4,1773622439999,108329.34612,595,30149.5,43585.53095,0
1773622440000,1.4453,1.4468,1.4453,1.4463,128665.2,1773622499999,186070.38379,839,62046.8,89726.72813,0
1773622500000,1.4462,1.4465,1.4455,1.4455,75355.3,1773622559999,108968.10035,357,36256.3,52431.63667,0
1773622560000,1.4456,1.4469,1.4454,1.4468,180216.7,1773622619999,260558.72936,585,59312.9,85763.19573,0
1773622620000,1.4467,1.4474,1.4463,1.4474,164454.2,1773622679999,237914.44645,579,90128.5,130385.16923,0
1773622680000,1.4473,1.4477,1.4464,1.4467,155072.2,1773622739999,224428.39554,653,58447.6,84597.41755,0
1773622740000,1.4466,1.4470,1.4460,1.4461,106123.5,1773622799999,153527.81096,550,34730.2,50241.87203,0
1773622800000,1.4462,1.4487,1.4461,1.4473,742061.0,1773622859999,1074416.87330,1713,310908.6,450143.31178,0
1773622860000,1.4474,1.4493,1.4474,1.4492,248457.5,1773622919999,359908.10728,868,194902.9,282341.70401,0
1773622920000,1.4491,1.4492,1.4464,1.4468,363237.3,1773622979999,525722.12065,1313,106192.0,153691.25915,0
1773622980000,1.4468,1.4470,1.4444,1.4451,389962.1,1773623039999,563810.02955,1076,107793.0,155782.03369,0
1773623040000,1.4451,1.4454,1.4421,1.4425,743714.0,1773623099999,1073748.48308,1698,196437.0,283475.62820,0
1773623100000,1.4426,1.4446,1.4426,1.4440,323054.9,1773623159999,466379.87471,904,229190.8,330905.81200,0
1773623160000,1.4440,1.4460,1.4440,1.4457,231274.7,1773623219999,334273.62146,914,189581.7,274016.98340,0
1773623220000,1.4456,1.4456,1.4441,1.4442,466554.0,1773623279999,674003.63766,920,125573.1,181397.85000,0
1773623280000,1.4443,1.4449,1.4437,1.4442,247851.7,1773623339999,357949.67712,945,99727.4,144024.88316,0
1773623340000,1.4443,1.4449,1.4438,1.4442,154719.0,1773623399999,223455.24975,731,73726.3,106477.74259,0
1773623400000,1.4442,1.4456,1.4435,1.4435,236454.8,1773623459999,341593.10316,1157,108635.4,156977.47969,0
1773623460000,1.4435,1.4438,1.4430,1.4432,594330.9,1773623519999,857685.91140,762,55954.1,80761.79413,0
1773623520000,1.4432,1.4434,1.4430,1.4430,234853.1,1773623579999,338929.45673,548,83652.4,120733.22002,0
1773623580000,1.4431,1.4431,1.4405,1.4406,1040332.9,1773623639999,1500067.75428,2193,270434.9,389870.54345,0
1773623640000,1.4406,1.4412,1.4402,1.4405,415321.1,1773623699999,598402.14753,1135,122891.8,177063.52275,0
1773623700000,1.4406,1.4417,1.4376,1.4399,2375427.5,1773623759999,3419219.11778,3213,810901.5,1167279.12067,0
1773623760000,1.4398,1.4419,1.4398,1.4417,410013.8,1773623819999,590843.82515,1298,269713.5,388676.70049,0
1773623820000,1.4416,1.4417,1.4399,1.4405,268545.2,1773623879999,386877.01257,885,118182.1,170253.38807,0
1773623880000,1.4405,1.4412,1.4400,1.4410,156944.4,1773623939999,226085.37974,564,109615.9,157902.46404,0
1773623940000,1.4409,1.4438,1.4409,1.4434,440722.5,1773623999999,635788.98904,1684,228366.4,329398.58707,0
1773624000000,1.4434,1.4445,1.4431,1.4440,339200.0,1773624059999,489777.83025,1219,182420.8,263405.90206,0
1773624060000,1.4440,1.4447,1.4438,1.4439,284612.7,1773624119999,411010.29416,768,169628.1,244958.26172,0
1773624120000,1.4439,1.4448,1.4438,1.4445,119797.1,1773624179999,173015.02116,731,75364.6,108839.84615,0
1773624180000,1.4445,1.4473,1.4441,1.4472,534262.1,1773624239999,772657.92719,1603,349890.1,505989.50539,0
1773624240000,1.4472,1.4473,1.4453,1.4458,299497.2,1773624299999,433076.43741,958,86213.6,124639.62433,0
1773624300000,1.4458,1.4462,1.4450,1.4451,309218.0,1773624359999,447029.25081,947,225642.1,326207.48608,0
1773624360000,1.4452,1.4453,1.4435,1.4445,248722.7,1773624419999,359221.28201,1033,152537.8,220293.82426,0
1773624420000,1.4445,1.4460,1.4438,1.4438,449307.7,1773624479999,649200.59170,1196,232949.9,336648.69868,0
1773624480000,1.4438,1.4451,1.4433,1.4449,215953.4,1773624539999,311853.81677,980,160002.9,231061.29560,0
1773624540000,1.4448,1.4450,1.4444,1.4445,91716.2,1773624599999,132499.36291,359,65313.7,94356.60759,0
1773624600000,1.4445,1.4445,1.4426,1.4426,316284.7,1773624659999,456437.77044,934,179702.3,259327.33740,0
1773624660000,1.4427,1.4428,1.4415,1.4421,282195.1,1773624719999,407015.46588,848,112933.7,162886.57885,0
1773624720000,1.4421,1.4423,1.4395,1.4399,341395.1,1773624779999,491839.97032,1099,74597.4,107446.22767,0
1773624780000,1.4400,1.4402,1.4384,1.4388,477034.9,1773624839999,686477.67742,1157,277006.2,398586.89714,0
1773624840000,1.4388,1.4409,1.4387,1.4403,237972.2,1773624899999,342667.67958,1082,159957.1,230336.06781,0
1773624900000,1.4403,1.4426,1.4400,1.4416,345442.7,1773624959999,497963.91155,1089,242577.9,349637.20568,0
1773624960000,1.4416,1.4428,1.4414,1.4415,365353.0,1773625019999,526828.46989,1307,214107.6,308736.42934,0
1773625020000,1.4415,1.4420,1.4408,1.4409,287432.3,1773625079999,414272.60867,864,228072.4,328706.52790,0
1773625080000,1.4410,1.4428,1.4409,1.4426,651561.1,1773625139999,939516.02026,1976,395218.0,569854.70823,0
1773625140000,1.4425,1.4434,1.4415,1.4415,330816.6,1773625199999,477219.58570,1046,204500.0,295012.84511,0
1773625200000,1.4415,1.4434,1.4414,1.4431,223852.1,1773625259999,322934.21589,991,141959.2,204782.56918,0
1773625260000,1.4431,1.4432,1.4408,1.4415,252203.1,1773625319999,363527.97078,1001,105641.6,152283.18616,0
1773625320000,1.4416,1.4438,1.4416,1.4431,213447.5,1773625379999,307966.32110,904,163578.0,236014.03952,0
1773625380000,1.4432,1.4436,1.4418,1.4421,90685.1,1773625439999,130800.82313,731,46359.2,66858.26896,0
1773625440000,1.4420,1.4423,1.4418,1.4420,40794.7,1773625499999,58830.26139,301,25472.1,36733.68058,0
1773625500000,1.4421,1.4434,1.4421,1.4427,117321.6,1773625559999,169276.31438,703,77851.6,112320.47747,0
1773625560000,1.4426,1.4439,1.4426,1.4439,59411.7,1773625619999,85743.18418,470,45177.3,65203.68972,0
1773625620000,1.4439,1.4449,1.4437,1.4449,207012.7,1773625679999,298976.42997,770,168473.9,243322.92427,0
1773625680000,1.4448,1.4460,1.4448,1.4455,254657.3,1773625739999,368106.85887,1000,155689.3,225046.09550,0
1773625740000,1.4455,1.4459,1.4450,1.4452,79632.7,1773625799999,115097.70982,515,46538.9,67265.24677,0
1773625800000,1.4452,1.4481,1.4452,1.4478,657545.3,1773625859999,951464.04791,1357,516477.8,747311.10182,0
1773625860000,1.4477,1.4480,1.4469,1.4475,239992.9,1773625919999,347409.74348,742,94135.3,136259.86877,0
1773625920000,1.4475,1.4493,1.4468,1.4485,332881.1,1773625979999,482065.12308,1240,215600.4,312219.47126,0
1773625980000,1.4485,1.4496,1.4485,1.4487,477028.6,1773626039999,691307.38412,1252,189153.5,274117.43587,0
1773626040000,1.4487,1.4498,1.4484,1.4486,475901.3,1773626099999,689606.75573,1123,164438.2,238269.30088,0
1773626100000,1.4487,1.4491,1.4475,1.4478,593017.2,1773626159999,858588.22244,893,111345.7,161240.65783,0
1773626160000,1.4477,1.4478,1.4468,1.4476,607419.4,1773626219999,879057.76469,1074,310064.5,448769.96711,0
1773626220000,1.4475,1.4478,1.4467,1.4471,89240.6,1773626279999,129158.39657,628,32692.8,47314.08121,0
1773626280000,1.4471,1.4474,1.4465,1.4467,116334.6,1773626339999,168323.71242,465,63049.3,91220.97859,0
1773626340000,1.4468,1.4468,1.4459,1.4466,251800.7,1773626399999,364182.25689,573,60466.1,87452.42890,0
1773626400000,1.4466,1.4467,1.4451,1.4456,484597.8,1773626459999,700690.20258,1183,261547.2,378145.70665,0
1773626460000,1.4457,1.4471,1.4457,1.4460,451507.0,1773626519999,653046.59227,997,225335.6,325936.13980,0
1773626520000,1.4461,1.4465,1.4455,1.4458,240047.5,1773626579999,347090.13223,749,104244.6,150728.90588,0
1773626580000,1.4458,1.4473,1.4454,1.4472,274408.8,1773626639999,396948.43084,864,163678.5,236805.59672,0
1773626640000,1.4472,1.4483,1.4470,1.4482,326415.5,1773626699999,472524.47206,1091,214583.7,310634.57760,0
1773626700000,1.4483,1.4488,1.4483,1.4488,248143.1,1773626759999,359451.54986,588,122256.4,177100.68313,0
1773626760000,1.4488,1.4488,1.4463,1.4468,474160.8,1773626819999,686253.69847,1095,139506.0,201850.96888,0
1773626820000,1.4469,1.4480,1.4463,1.4467,185926.3,1773626879999,269059.95741,1042,78408.2,113450.62064,0
1773626880000,1.4467,1.4468,1.4460,1.4462,133747.8,1773626939999,193443.88490,580,47948.9,69353.65534,0
1773626940000,1.4462,1.4462,1.4451,1.4457,157142.4,1773626999999,227171.94224,654,50119.2,72451.37322,0
1773627000000,1.4456,1.4457,1.4446,1.4449,243625.9,1773627059999,352063.52563,780,103148.0,149058.36338,0
1773627060000,1.4449,1.4450,1.4429,1.4433,218370.5,1773627119999,315269.65862,842,51162.0,73845.95819,0
1773627120000,1.4433,1.4439,1.4428,1.4434,260850.7,1773627179999,376475.36310,760,188249.8,271694.87288,0
1773627180000,1.4434,1.4437,1.4421,1.4430,219093.9,1773627239999,316121.84320,771,86570.6,124904.56816,0
1773627240000,1.4430,1.4430,1.4418,1.4428,266608.1,1773627299999,384513.32528,882,161957.4,233578.01259,0
1773627300000,1.4428,1.4432,1.4401,1.4404,777784.8,1773627359999,1121212.11576,2118,273107.1,393647.25178,0
1773627360000,1.4403,1.4407,1.4395,1.4398,1040022.7,1773627419999,1497604.33596,990,139123.4,200322.26557,0
1773627420000,1.4398,1.4403,1.4397,1.4400,403012.1,1773627479999,580292.49359,779,284169.6,409182.86656,0
1773627480000,1.4400,1.4407,1.4400,1.4406,198748.7,1773627539999,286255.08152,565,141929.3,204424.83829,0
1773627540000,1.4407,1.4410,1.4398,1.4401,289124.0,1773627599999,416437.47275,987,160510.0,231199.18198,0
1773627600000,1.4400,1.4401,1.4387,1.4393,657335.1,1773627659999,946081.62344,1101,306887.7,441718.32908,0
1773627660000,1.4392,1.4392,1.4381,1.4381,267320.0,1773627719999,384607.30380,595,45290.9,65162.18992,0
1773627720000,1.4382,1.4385,1.4377,1.4377,547349.4,1773627779999,787099.93034,747,198900.7,286024.70267,0
1773627780000,1.4377,1.4384,1.4377,1.4381,246705.6,1773627839999,354766.72054,724,190642.7,274144.28904,0
1773627840000,1.4381,1.4389,1.4381,1.4387,191172.4,1773627899999,274999.16570,616,148022.7,212931.47636,0
1773627900000,1.4387,1.4388,1.4380,1.4381,107264.3,1773627959999,154273.43633,401,12689.7,18251.72204,0
1773627960000,1.4381,1.4381,1.4361,1.4365,950212.9,1773628019999,1365424.17018,1660,220797.9,317267.60072,0
1773628020000,1.4365,1.4366,1.4351,1.4353,783863.0,1773628079999,1125457.22851,1305,248910.4,357384.36390,0
1773628080000,1.4354,1.4361,1.4353,1.4359,414564.2,1773628139999,595203.61404,882,230193.4,330494.11029,0
1773628140000,1.4358,1.4364,1.4355,1.4363,175371.6,1773628199999,251813.90839,550,106521.8,152968.00635,0
1773628200000,1.4363,1.4370,1.4363,1.4366,326151.3,1773628259999,468600.59997,662,164345.3,236131.89357,0
1773628260000,1.4366,1.4373,1.4366,1.4370,218833.2,1773628319999,314482.40243,593,141580.9,203464.19218,0
1773628320000,1.4370,1.4373,1.4360,1.4360,288965.4,1773628379999,415170.50220,722,104049.7,149504.69063,0
1773628380000,1.4361,1.4371,1.4357,1.4365,207199.1,1773628439999,297573.09593,737,114594.6,164583.68137,0
1773628440000,1.4364,1.4371,1.4364,1.4370,343897.2,1773628499999,494125.61423,651,286776.8,412053.33887,0
1773628500000,1.4371,1.4375,1.4368,1.4375,352017.4,1773628559999,505886.96733,787,199627.1,286886.66355,0
1773628560000,1.4374,1.4374,1.4360,1.4366,303358.2,1773628619999,435853.67757,813,110906.8,159333.34283,0
1773628620000,1.4366,1.4379,1.4365,1.4377,207597.3,1773628679999,298381.19682,695,164973.5,237109.01879,0
1773628680000,1.4376,1.4381,1.4371,1.4378,163060.8,1773628739999,234399.38067,509,109005.3,156699.21765,0
1773628740000,1.4378,1.4386,1.4370,1.4372,227130.2,1773628799999,326580.97954,831,150889.7,216968.29027,0
1773628800000,1.4373,1.4373,1.4365,1.4369,166868.6,1773628859999,239779.66689,474,61669.9,88615.62680,0
1773628860000,1.4369,1.4372,1.4368,1.4371,80863.7,1773628919999,116200.80435,325,44994.5,64657.69434,0
1773628920000,1.4371,1.4374,1.4370,1.4373,131259.2,1773628979999,188650.61206,382,108058.1,155306.72696,0
1773628980000,1.4374,1.4382,1.4374,1.4381,101343.7,1773629039999,145710.77417,457,75662.8,108782.63694,0
1773629040000,1.4380,1.4382,1.4378,1.4381,45038.8,1773629099999,64764.40588,308,32229.9,46345.91632,0
1773629100000,1.4382,1.4387,1.4381,1.4384,95041.7,1773629159999,136710.25223,484,64951.8,93428.96544,0
1773629160000,1.4385,1.4394,1.4385,1.4394,283576.6,1773629219999,408105.49732,779,192720.2,277343.86163,0
1773629220000,1.4394,1.4403,1.4393,1.4396,275211.0,1773629279999,396262.09870,825,137980.2,198676.19077,0
1773629280000,1.4396,1.4398,1.4383,1.4383,156379.1,1773629339999,225069.27085,448,59543.6,85691.94571,0
1773629340000,1.4382,1.4393,1.4380,1.4393,198244.5,1773629399999,285166.02133,548,152348.0,219143.75631,0
1773629400000,1.4393,1.4404,1.4391,1.4402,236659.6,1773629459999,340700.11662,577,88322.2,127164.18383,0
1773629460000,1.4402,1.4408,1.4400,1.4407,224146.9,1773629519999,322878.03475,561,151019.1,217537.33050,0
1773629520000,1.4406,1.4420,1.4405,1.4417,480848.7,1773629579999,693092.85612,690,417024.8,601103.57413,0
1773629580000,1.4417,1.4420,1.4408,1.4409,137914.2,1773629639999,198807.71306,497,58517.5,84359.45613,0
1773629640000,1.4410,1.4422,1.4409,1.4422,123123.5,1773629699999,177491.47691,499,84803.6,122247.78365,0
1773629700000,1.4422,1.4443,1.4421,1.4443,396900.5,1773629759999,572780.06700,861,300291.3,433415.75287,0
1773629760000,1.4443,1.4451,1.4437,1.4450,531979.6,1773629819999,768509.71791,1185,258487.5,373421.64913,0
1773629820000,1.4450,1.4450,1.4438,1.4441,315021.0,1773629879999,455036.78117,631,117364.1,169536.33401,0
1773629880000,1.4441,1.4441,1.4429,1.4433,377174.0,1773629939999,544407.33761,737,171328.1,247260.98771,0
1773629940000,1.4433,1.4434,1.4422,1.4422,154199.7,1773629999999,222455.44830,476,34742.1,50123.81367,0
1773630000000,1.4423,1.4423,1.4395,1.4403,364051.5,1773630059999,524432.29423,1119,75898.5,109304.98077,0
1773630060000,1.4403,1.4421,1.4403,1.4415,201499.6,1773630119999,290383.79886,759,151356.9,218113.41942,0
1773630120000,1.4415,1.4415,1.4406,1.4412,237452.8,1773630179999,342181.23600,759,126167.4,181814.27994,0
1773630180000,1.4411,1.4419,1.4411,1.4418,168105.5,1773630239999,242294.16039,550,137182.4,197725.88761,0
1773630240000,1.4418,1.4436,1.4416,1.4436,363011.5,1773630299999,523532.56413,949,289132.6,416985.30594,0
1773630300000,1.4436,1.4437,1.4423,1.4424,198948.3,1773630359999,287072.17515,714,82097.8,118452.91166,0
1773630360000,1.4423,1.4424,1.4417,1.4420,139067.2,1773630419999,200535.07247,557,57226.1,82520.56049,0
1773630420000,1.4420,1.4420,1.4418,1.4420,101482.7,1773630479999,146329.47074,342,60416.3,87115.37873,0
1773630480000,1.4419,1.4431,1.4419,1.4431,238773.1,1773630539999,344442.78764,650,177315.0,255800.82388,0
1773630540000,1.4431,1.4447,1.4427,1.4445,458626.3,1773630599999,661996.97522,854,311263.2,449265.44727,0
1773630600000,1.4444,1.4449,1.4436,1.4444,232830.6,1773630659999,336287.86580,968,137603.1,198753.11543,0
1773630660000,1.4443,1.4451,1.4441,1.4442,275679.9,1773630719999,398239.37199,653,156329.7,225827.77316,0
1773630720000,1.4441,1.4447,1.4441,1.4447,165104.3,1773630779999,238477.73490,390,103676.0,149748.66887,0
1773630780000,1.4446,1.4447,1.4441,1.4445,305431.0,1773630839999,441154.99544,489,50707.0,73247.65515,0
1773630840000,1.4446,1.4446,1.4436,1.4443,202934.4,1773630899999,293053.41599,576,83726.6,120905.73288,0
1773630900000,1.4442,1.4443,1.4428,1.4435,359758.4,1773630959999,519228.17570,997,136945.9,197639.31305,0
1773630960000,1.4434,1.4442,1.4434,1.4436,101507.6,1773631019999,146566.57375,562,48811.4,70479.20631,0
1773631020000,1.4435,1.4440,1.4429,1.4439,182239.8,1773631079999,263043.20361,550,133028.5,192013.85825,0
1773631080000,1.4440,1.4448,1.4436,1.4438,295066.7,1773631139999,426145.54783,767,106977.9,154489.64557,0
1773631140000,1.4439,1.4454,1.4439,1.4448,310503.5,1773631199999,448655.93152,838,213554.3,308556.10006,0
1773631200000,1.4448,1.4455,1.4439,1.4455,313035.9,1773631259999,452212.98516,867,207646.6,299972.79090,0
1773631260000,1.4454,1.4503,1.4451,1.4498,3020933.0,1773631319999,4376073.84949,3993,1634696.1,2367258.24150,0
1773631320000,1.4498,1.4505,1.4491,1.4491,579296.3,1773631379999,839997.76776,1258,310760.9,450612.56871,0
1773631380000,1.4492,1.4520,1.4488,1.4514,1504765.8,1773631439999,2182772.42712,2954,905218.0,1312831.80137,0
1773631440000,1.4513,1.4535,1.4509,1.4524,1172486.8,1773631499999,1702934.44466,2150,681591.4,989859.55060,0
1773631500000,1.4524,1.4540,1.4510,1.4516,1738205.5,1773631559999,2524709.90684,2611,764746.8,1110793.49304,0
1773631560000,1.4516,1.4516,1.4502,1.4510,784735.2,1773631619999,1138566.49413,1324,264326.9,383462.81193,0
1773631620000,1.4511,1.4518,1.4508,1.4517,315693.0,1773631679999,458141.35023,688,186945.7,271305.22401,0
1773631680000,1.4516,1.4536,1.4513,1.4534,557492.1,1773631739999,809716.21870,1246,342456.6,497377.90049,0
1773631740000,1.4535,1.4536,1.4525,1.4529,271177.3,1773631799999,394046.34269,821,108680.5,157915.95776,0
1773631800000,1.4528,1.4628,1.4528,1.4620,5663759.2,1773631859999,8258847.86130,7093,3556707.4,5186787.62005,0
1773631860000,1.4619,1.4645,1.4604,1.4619,3345639.0,1773631919999,4891090.39470,5891,2013050.8,2943031.94406,0
1773631920000,1.4619,1.4645,1.4618,1.4637,1714942.9,1773631979999,2509901.11341,3323,1014960.6,1485444.27508,0
1773631980000,1.4636,1.4706,1.4634,1.4706,7239462.6,1773632039999,10625238.49585,10049,4880656.7,7163076.03966,0
1773632040000,1.4706,1.4764,1.4703,1.4734,6412544.1,1773632099999,9445905.26665,11871,4158554.6,6125248.18862,0
1773632100000,1.4734,1.4749,1.4676,1.4685,3377052.3,1773632159999,4970464.11256,7175,1499676.9,2207970.64215,0
1773632160000,1.4684,1.4719,1.4674,1.4703,2321596.9,1773632219999,3413969.14914,5360,1265849.6,1861557.09676,0
1773632220000,1.4703,1.4775,1.4703,1.4769,4004208.7,1773632279999,5902510.18772,6672,2978500.3,4390439.23455,0
1773632280000,1.4768,1.4785,1.4732,1.4746,4269507.7,1773632339999,6302855.35657,7237,2135332.8,3152893.53302,0
1773632340000,1.4746,1.4767,1.4745,1.4756,1049072.1,1773632399999,1548383.93090,3123,605613.7,893805.59240,0
1773632400000,1.4756,1.4795,1.4725,1.4736,4422340.5,1773632459999,6528873.30083,6730,2280504.6,3367244.67442,0
1773632460000,1.4736,1.4749,1.4709,1.4712,1925235.8,1773632519999,2834547.49309,3740,795848.3,1171765.09615,0
1773632520000,1.4711,1.4724,1.4686,1.4687,1491276.1,1773632579999,2192900.44486,4586,496266.2,729865.20148,0
1773632580000,1.4687,1.4696,1.4677,1.4688,1112424.3,1773632639999,1633931.10321,2510,630326.7,925814.16333,0
1773632640000,1.4688,1.4705,1.4688,1.4701,993353.9,1773632699999,1460051.31902,2214,566605.4,832788.64819,0
1773632700000,1.4700,1.4715,1.4688,1.4688,1202426.6,1773632759999,1768119.38343,2779,495076.4,728015.23256,0
1773632760000,1.4688,1.4703,1.4667,1.4703,945006.4,1773632819999,1387423.01642,2768,569390.8,836095.38506,0
1773632820000,1.4702,1.4713,1.4664,1.4671,1394219.9,1773632879999,2048982.02496,3234,536488.3,788299.41690,0
1773632880000,1.4670,1.4675,1.4638,1.4656,2137799.7,1773632939999,3132765.20742,3920,1327530.7,1945471.81694,0
1773632940000,1.4656,1.4665,1.4647,1.4665,765311.1,1773632999999,1121476.98984,2140,368655.9,540222.21855,0
1773633000000,1.4665,1.4685,1.4657,1.4678,1024594.3,1773633059999,1503483.50254,2123,684799.2,1004897.26848,0
1773633060000,1.4678,1.4684,1.4667,1.4670,399435.9,1773633119999,586237.49339,1653,197377.9,289696.15829,0
1773633120000,1.4671,1.4672,1.4657,1.4661,405675.4,1773633179999,594787.62329,1070,179848.2,263671.51259,0
1773633180000,1.4661,1.4672,1.4659,1.4666,436026.7,1773633239999,639458.39486,1189,163703.1,240080.25727,0
1773633240000,1.4667,1.4690,1.4660,1.4690,557610.2,1773633299999,818069.12835,1437,356589.1,523171.85695,0
1773633300000,1.4690,1.4692,1.4661,1.4667,341089.2,1773633359999,500537.46050,1110,90591.0,132916.68687,0
1773633360000,1.4667,1.4673,1.4661,1.4673,526877.8,1773633419999,772825.36900,1268,301261.4,441898.87158,0
1773633420000,1.4673,1.4684,1.4670,1.4672,822711.1,1773633479999,1207639.61674,1022,704793.9,1034558.89110,0
1773633480000,1.4673,1.4675,1.4667,1.4667,129543.9,1773633539999,190041.59981,408,93393.1,137007.54664,0
1773633540000,1.4668,1.4672,1.4663,1.4669,321411.0,1773633599999,471417.26934,909,160340.3,235190.17266,0
1773633600000,1.4670,1.4705,1.4670,1.4693,2310117.5,1773633659999,3394440.85306,3715,1450796.3,2131666.81803,0
1773633660000,1.4693,1.4693,1.4680,1.4687,354599.5,1773633719999,520777.32721,1018,180034.4,264400.57167,0
1773633720000,1.4687,1.4701,1.4682,1.4694,423404.4,1773633779999,622058.98801,1092,189200.1,277991.32946,0
1773633780000,1.4695,1.4707,1.4690,1.4703,787823.5,1773633839999,1158069.89224,1468,627819.3,922894.40091,0
1773633840000,1.4703,1.4710,1.4697,1.4702,369592.2,1773633899999,543417.61973,1271,173370.5,254909.46883,0
1773633900000,1.4701,1.4734,1.4701,1.4734,879474.0,1773633959999,1294532.29737,2233,633977.7,933172.57941,0
1773633960000,1.4734,1.4739,1.4704,1.4705,602752.0,1773634019999,887520.28335,1822,255767.4,376636.73387,0
1773634020000,1.4704,1.4732,1.4701,1.4732,611182.4,1773634079999,899396.50252,1550,414882.3,610626.69924,0
1773634080000,1.4731,1.4753,1.4723,1.4743,1112146.3,1773634139999,1639144.27595,2308,558021.8,822576.93463,0
1773634140000,1.4743,1.4751,1.4730,1.4730,544500.0,1773634199999,802586.96884,1646,307666.1,453509.69088,0
1773634200000,1.4730,1.4732,1.4719,1.4727,441898.0,1773634259999,650650.12248,1254,188900.3,278149.72099,0
1773634260000,1.4726,1.4729,1.4718,1.4721,378390.8,1773634319999,557152.43344,1028,99703.9,146793.24445,0
1773634320000,1.4721,1.4721,1.4712,1.4719,232747.6,1773634379999,342512.50940,683,57734.1,84964.18611,0
1773634380000,1.4718,1.4734,1.4717,1.4734,229610.2,1773634439999,338083.39954,844,137252.6,202081.02133,0
1773634440000,1.4733,1.4739,1.4729,1.4739,440903.7,1773634499999,649625.24584,1040,208932.6,307844.40878,0
1773634500000,1.4739,1.4774,1.4736,1.4769,1264759.8,1773634559999,1866808.54942,2413,986307.0,1455876.01761,0
1773634560000,1.4768,1.4772,1.4758,1.4763,660054.7,1773634619999,974571.95143,1422,262219.9,387142.01390,0
1773634620000,1.4763,1.4763,1.4738,1.4751,421541.2,1773634679999,621713.55707,1382,156551.5,230886.51535,0
1773634680000,1.4751,1.4760,1.4744,1.4759,535462.0,1773634739999,789743.56588,1137,204014.2,300901.17398,0
1773634740000,1.4759,1.4763,1.4747,1.4749,196800.5,1773634799999,290338.27841,691,89564.7,132139.44468,0
1773634800000,1.4749,1.4750,1.4734,1.4740,360937.1,1773634859999,532077.96807,903,119846.0,176669.41684,0
1773634860000,1.4740,1.4744,1.4723,1.4723,562146.5,1773634919999,828230.60215,1120,130934.9,192909.09099,0
1773634920000,1.4723,1.4741,1.4719,1.4736,434586.5,1773634979999,640016.05106,1182,206698.0,304396.37728,0
1773634980000,1.4736,1.4779,1.4712,1.4713,1651272.1,1773635039999,2435750.93128,3626,783337.6,1155916.74982,0
1773635040000,1.4713,1.4730,1.4700,1.4715,765822.7,1773635099999,1126684.69714,2014,283518.7,417143.01411,0
1773635100000,1.4714,1.4714,1.4693,1.4693,536802.5,1773635159999,789159.25358,1435,179744.4,264228.85352,0
1773635160000,1.4693,1.4708,1.4688,1.4689,484447.1,1773635219999,711964.02572,1212,207521.2,304976.13152,0
1773635220000,1.4688,1.4698,1.4688,1.4690,292639.7,1773635279999,429942.59635,856,169958.8,249704.13876,0
1773635280000,1.4690,1.4698,1.4684,1.4692,688283.2,1773635339999,1011134.89399,1269,431733.0,634263.19758,0
1773635340000,1.4691,1.4695,1.4683,1.4689,456586.3,1773635399999,670671.52317,936,182695.3,268343.95026,0
1773635400000,1.4688,1.4706,1.4686,1.4686,495475.2,1773635459999,728171.01585,1349,315053.8,462979.52680,0
1773635460000,1.4686,1.4686,1.4669,1.4672,434062.1,1773635519999,637010.03484,1287,202698.2,297466.60011,0
1773635520000,1.4671,1.4687,1.4671,1.4686,322010.5,1773635579999,472715.33922,959,139353.1,204572.42707,0
1773635580000,1.4686,1.4715,1.4685,1.4698,539681.2,1773635639999,793336.61307,1548,270514.8,397678.44476,0
1773635640000,1.4698,1.4713,1.4693,1.4704,639007.2,1773635699999,939615.98142,1416,489438.6,719694.50346,0
1773635700000,1.4704,1.4727,1.4698,1.4726,798571.8,1773635759999,1174873.80245,2022,445071.5,654788.43524,0
1773635760000,1.4726,1.4767,1.4719,1.4743,991509.6,1773635819999,1462030.10237,2530,661694.2,975517.86699,0
1773635820000,1.4744,1.4754,1.4726,1.4735,1351191.2,1773635879999,1992233.18440,2583,696738.8,1027203.48377,0
1773635880000,1.4735,1.4757,1.4732,1.4745,538621.6,1773635939999,794300.02167,1496,310349.6,457677.33589,0
1773635940000,1.4745,1.4749,1.4738,1.4745,300455.7,1773635999999,443001.02963,1062,110027.4,162230.65346,0
1773636000000,1.4745,1.4745,1.4718,1.4735,953327.5,1773636059999,1404202.34176,1865,264825.3,390023.19527,0
1773636060000,1.4735,1.4751,1.4730,1.4739,480291.3,1773636119999,708175.69132,1151,337061.9,497005.37112,0
1773636120000,1.4739,1.4746,1.4713,1.4740,498353.7,1773636179999,733998.32398,1375,240859.0,354723.17442,0
1773636180000,1.4739,1.4740,1.4731,1.4732,237029.2,1773636239999,349273.04770,713,54975.8,81012.42881,0
1773636240000,1.4731,1.4764,1.4730,1.4763,503412.2,1773636299999,742389.11555,1187,359794.0,530568.51993,0
1773636300000,1.4764,1.4768,1.4742,1.4748,591550.2,1773636359999,872640.76714,1520,130788.2,192912.94140,0
1773636360000,1.4747,1.4770,1.4744,1.4770,641909.8,1773636419999,947154.31181,1933,362477.9,534881.26142,0
1773636420000,1.4769,1.4783,1.4764,1.4769,517419.1,1773636479999,764528.60979,1393,285365.7,421663.55772,0
1773636480000,1.4769,1.4787,1.4763,1.4785,635536.8,1773636539999,938827.04117,1563,340659.7,503272.30448,0
1773636540000,1.4786,1.4828,1.4776,1.4794,6814962.1,1773636599999,10087416.38514,6129,2962641.9,4383660.79821,0
1773636600000,1.4794,1.4804,1.4781,1.4790,1122723.2,1773636659999,1660422.06097,2340,561044.3,829768.64336,0
1773636660000,1.4790,1.4797,1.4787,1.4789,627054.6,1773636719999,927576.36065,1167,406018.1,600609.55005,0
1773636720000,1.4788,1.4798,1.4783,1.4787,325042.9,1773636779999,480782.11412,974,110647.6,163642.01691,0
1773636780000,1.4787,1.4790,1.4762,1.4769,600095.5,1773636839999,886539.85986,1516,240362.0,355106.99996,0
1773636840000,1.4770,1.4821,1.4770,1.4816,1616201.6,1773636899999,2390817.52028,2893,1156034.0,1710085.66261,0
1773636900000,1.4814,1.4858,1.4767,1.4771,3560429.1,1773636959999,5277073.04135,6088,2045699.2,3033112.71397,0
1773636960000,1.4771,1.4778,1.4765,1.4765,1253544.9,1773637019999,1851741.01412,2057,561738.7,829823.10606,0
1773637020000,1.4766,1.4802,1.4765,1.4792,1937441.8,1773637079999,2864990.34300,1997,1589418.0,2350281.52027,0
1773637080000,1.4793,1.4797,1.4785,1.4791,319488.0,1773637139999,472551.01765,770,98133.7,145149.05477,0
1773637140000,1.4790,1.4797,1.4783,1.4793,387674.3,1773637199999,573373.45024,904,129730.9,191877.80318,0
1773637200000,1.4793,1.4806,1.4786,1.4796,869313.9,1773637259999,1286216.35022,2012,374947.4,554709.95022,0
1773637260000,1.4795,1.4796,1.4782,1.4786,356853.7,1773637319999,527739.35560,1166,141510.9,209256.40232,0
1773637320000,1.4785,1.4786,1.4760,1.4764,879127.3,1773637379999,1298942.86200,1746,300634.8,444234.37550,0
1773637380000,1.4764,1.4779,1.4763,1.4763,369307.4,1773637439999,545428.58322,1332,153851.4,227249.71537,0
1773637440000,1.4763,1.4765,1.4745,1.4761,724607.6,1773637499999,1069199.77614,1676,207515.3,306203.31827,0
1773637500000,1.4761,1.4775,1.4758,1.4768,609094.7,1773637559999,899398.91227,1286,373120.9,550953.60834,0
1773637560000,1.4769,1.4786,1.4760,1.4780,512759.1,1773637619999,757469.90627,1469,280501.9,414447.30676,0
1773637620000,1.4780,1.4784,1.4765,1.4770,381279.6,1773637679999,563252.79802,974,66808.1,98732.33900,0
1773637680000,1.4769,1.4780,1.4761,1.4775,489118.0,1773637739999,722521.01816,1399,247629.3,365791.39975,0
1773637740000,1.4775,1.4786,1.4775,1.4779,362425.8,1773637799999,535689.81506,862,158645.7,234469.62059,0
1773637800000,1.4778,1.4790,1.4775,1.4786,331071.7,1773637859999,489341.85854,1118,160529.3,237294.01376,0
1773637860000,1.4786,1.4803,1.4782,1.4800,841024.1,1773637919999,1244148.97958,1651,642156.6,949946.46834,0
1773637920000,1.4800,1.4820,1.4799,1.4819,460494.2,1773637979999,681884.43628,1354,319320.7,472776.03616,0
1773637980000,1.4818,1.4843,1.4810,1.4832,1228620.5,1773638039999,1821634.24443,2302,756787.2,1122127.05826,0
1773638040000,1.4832,1.4834,1.4793,1.4798,488271.2,1773638099999,723113.42139,1589,146771.8,217415.48165,0
1773638100000,1.4798,1.4802,1.4767,1.4767,544737.3,1773638159999,805562.71685,1582,113281.3,167593.58909,0
1773638160000,1.4767,1.4780,1.4766,1.4779,394692.7,1773638219999,583062.61156,1026,281412.7,415714.30609,0
1773638220000,1.4780,1.4788,1.4765,1.4777,707044.7,1773638279999,1045019.65542,1234,526979.3,778900.49809,0
1773638280000,1.4776,1.4786,1.4767,1.4783,256131.7,1773638339999,378460.67310,1062,115237.2,170297.89884,0
1773638340000,1.4783,1.4794,1.4774,1.4789,252565.1,1773638399999,373428.27403,1110,145719.1,215458.85841,0
1773638400000,1.4788,1.4806,1.4788,1.4802,279636.0,1773638459999,413871.57140,1002,150168.6,222256.10437,0
1773638460000,1.4801,1.4810,1.4796,1.4806,345621.2,1773638519999,511724.02189,1044,215667.0,319312.39147,0
1773638520000,1.4805,1.4805,1.4776,1.4777,546649.7,1773638579999,808475.20924,1447,193541.5,286231.21546,0
1773638580000,1.4776,1.4781,1.4767,1.4773,445283.4,1773638639999,657848.30237,1512,207496.3,306557.51514,0
1773638640000,1.4773,1.4788,1.4764,1.4780,424573.9,1773638699999,627367.93155,1111,240208.8,354892.98598,0
1773638700000,1.4779,1.4792,1.4774,1.4789,241325.8,1773638759999,356718.27242,999,147047.3,217355.51780,0
1773638760000,1.4790,1.4793,1.4777,1.4785,307690.7,1773638819999,454899.83127,958,126530.8,187092.15792,0
1773638820000,1.4785,1.4789,1.4775,1.4781,155775.1,1773638879999,230294.10997,700,76442.7,113011.65649,0
1773638880000,1.4781,1.4791,1.4781,1.4784,662830.9,1773638939999,980037.06060,766,583347.7,862506.32058,0
1773638940000,1.4784,1.4798,1.4784,1.4792,769537.5,1773638999999,1138139.99704,929,611003.2,903680.33755,0
1773639000000,1.4793,1.4793,1.4763,1.4763,271227.2,1773639059999,400673.50744,920,96810.4,143004.93077,0
1773639060000,1.4764,1.4767,1.4733,1.4748,860826.4,1773639119999,1269642.07123,1958,293255.6,432569.78038,0
1773639120000,1.4748,1.4768,1.4747,1.4761,433807.9,1773639179999,640216.36961,1134,301121.7,444367.71399,0
1773639180000,1.4762,1.4778,1.4761,1.4775,404874.5,1773639239999,598006.62766,998,237600.9,350951.64865,0
1773639240000,1.4774,1.4775,1.4759,1.4759,238034.0,1773639299999,351506.19166,802,41657.4,61514.60827,0
1773639300000,1.4759,1.4771,1.4751,1.4767,420576.0,1773639359999,620905.72427,1051,311855.0,460419.70609,0
1773639360000,1.4767,1.4783,1.4767,1.4782,340263.4,1773639419999,502829.97176,965,255081.7,376950.21484,0
1773639420000,1.4782,1.4795,1.4779,1.4780,904748.8,1773639479999,1337895.55055,1666,440328.5,651119.24640,0
1773639480000,1.4781,1.4785,1.4775,1.4785,208542.3,1773639539999,308198.73092,731,162308.5,239878.58247,0
1773639540000,1.4785,1.4796,1.4784,1.4790,388699.9,1773639599999,574852.16093,1070,240685.1,355945.99970,0
1773639600000,1.4791,1.4822,1.4785,1.4820,721713.6,1773639659999,1068654.42302,1912,548033.2,811497.20030,0
1773639660000,1.4820,1.4826,1.4813,1.4825,435795.4,1773639719999,645839.49041,1589,223539.2,331278.12733,0
1773639720000,1.4825,1.4832,1.4810,1.4826,579504.3,1773639779999,858908.56038,1517,335320.1,497043.91980,0
1773639780000,1.4825,1.4833,1.4817,1.4833,344354.6,1773639839999,510503.87143,928,243084.7,360370.64224,0
1773639840000,1.4834,1.4834,1.4819,1.4826,517072.2,1773639899999,766512.51536,1106,317862.7,471185.90604,0
1773639900000,1.4826,1.4833,1.4821,1.4832,387428.6,1773639959999,574434.91077,989,292242.7,433321.49940,0
1773639960000,1.4832,1.4839,1.4823,1.4838,541204.1,1773640019999,802744.21712,1288,337332.7,500328.34560,0
1773640020000,1.4837,1.4843,1.4817,1.4819,527043.1,1773640079999,781770.17277,1339,340934.8,505791.38787,0
1773640080000,1.4819,1.4839,1.4810,1.4816,845097.8,1773640139999,1252681.77823,2112,320247.9,474753.20701,0
1773640140000,1.4816,1.4822,1.4811,1.4813,328061.6,1773640199999,486029.56269,1136,155569.3,230493.60476,0
1773640200000,1.4813,1.4815,1.4791,1.4791,268322.4,1773640259999,397287.53406,898,66168.5,97968.50059,0
1773640260000,1.4792,1.4803,1.4792,1.4795,632902.5,1773640319999,936459.22744,1091,503302.9,744704.04822,0
1773640320000,1.4795,1.4800,1.4791,1.4799,502925.0,1773640379999,744139.67894,1100,233678.1,345768.80388,0
1773640380000,1.4799,1.4800,1.4781,1.4789,399529.6,1773640439999,590944.45753,1240,162849.3,240873.06214,0
1773640440000,1.4789,1.4798,1.4782,1.4794,374073.0,1773640499999,553319.39347,1136,229423.1,339369.98421,0
1773640500000,1.4794,1.4813,1.4787,1.4788,351646.0,1773640559999,520433.16543,1210,160232.0,237142.53711,0
1773640560000,1.4787,1.4815,1.4781,1.4814,560854.9,1773640619999,830129.46253,1674,372089.5,550716.08024,0
1773640620000,1.4815,1.4824,1.4802,1.4812,671011.3,1773640679999,994048.18773,1407,402966.5,596969.10857,0
1773640680000,1.4813,1.4827,1.4809,1.4814,594607.6,1773640739999,881128.60860,1258,446954.7,662347.09084,0
1773640740000,1.4815,1.4815,1.4796,1.4804,597341.2,1773640799999,884284.93877,1360,234695.1,347425.79476,0
1773640800000,1.4805,1.4805,1.4796,1.4801,224886.4,1773640859999,332860.93350,869,76325.9,112977.33152,0
1773640860000,1.4801,1.4801,1.4782,1.4782,287046.6,1773640919999,424587.22382,1158,123753.1,183062.55963,0
1773640920000,1.4783,1.4791,1.4775,1.4778,330790.6,1773640979999,489001.39618,1143,101092.9,149463.93051,0
1773640980000,1.4778,1.4780,1.4768,1.4772,406650.1,1773641039999,600802.34210,1118,175206.9,258853.47156,0
1773641040000,1.4772,1.4775,1.4749,1.4751,966403.1,1773641099999,1426556.16770,1807,190085.9,280487.50243,0
1773641100000,1.4752,1.4757,1.4748,1.4749,738670.9,1773641159999,1089594.54540,970,211506.5,312017.37896,0
1773641160000,1.4748,1.4754,1.4739,1.4746,971529.2,1773641219999,1432626.61893,1544,370707.3,546683.93253,0
1773641220000,1.4747,1.4753,1.4740,1.4744,558235.6,1773641279999,823263.52786,1267,185318.5,273302.12468,0
1773641280000,1.4744,1.4756,1.4736,1.4752,1066251.7,1773641339999,1572164.32080,1953,692283.9,1020730.92281,0
1773641340000,1.4752,1.4754,1.4739,1.4741,506313.2,1773641399999,746646.30810,1282,146999.5,216791.17836,0
1773641400000,1.4742,1.4755,1.4742,1.4748,303693.6,1773641459999,447940.44606,947,159077.5,234620.26960,0
1773641460000,1.4749,1.4753,1.4745,1.4752,340765.0,1773641519999,502588.59500,788,264304.2,389819.09151,0
1773641520000,1.4751,1.4753,1.4727,1.4738,755227.9,1773641579999,1113018.85303,1885,295180.4,435049.02995,0
1773641580000,1.4737,1.4753,1.4737,1.4749,333840.5,1773641639999,492205.40705,1014,173631.8,255980.97358,0
1773641640000,1.4748,1.4761,1.4746,1.4761,508315.5,1773641699999,749863.21378,1151,303131.1,447198.91500,0
1773641700000,1.4760,1.4773,1.4757,1.4764,417422.5,1773641759999,616322.69238,1254,206526.4,304938.70689,0
1773641760000,1.4764,1.4781,1.4756,1.4777,689135.2,1773641819999,1017962.37517,1403,539515.8,797026.28699,0
1773641820000,1.4778,1.4790,1.4778,1.4788,300965.2,1773641879999,444988.02401,1014,113163.0,167311.26075,0
1773641880000,1.4787,1.4791,1.4778,1.4791,269871.4,1773641939999,399023.86824,1004,131509.9,194445.10478,0
1773641940000,1.4791,1.4811,1.4787,1.4800,1286128.2,1773641999999,1903550.16343,2352,742346.3,1098637.31033,0
1773642000000,1.4800,1.4801,1.4768,1.4771,551896.3,1773642059999,815701.11749,1147,77656.4,114766.03576,0
1773642060000,1.4771,1.4781,1.4768,1.4772,368236.6,1773642119999,544031.97933,810,217202.9,320878.03104,0
1773642120000,1.4772,1.4773,1.4766,1.4772,405744.4,1773642179999,599249.98649,1558,134520.4,198668.86211,0
1773642180000,1.4772,1.4778,1.4767,1.4778,300580.7,1773642239999,443997.63092,655,238795.5,352739.70267,0
1773642240000,1.4778,1.4783,1.4771,1.4773,258975.2,1773642299999,382718.24075,1389,168264.0,248662.72278,0
1773642300000,1.4773,1.4776,1.4764,1.4774,183761.7,1773642359999,271411.02567,578,87686.5,129508.70123,0
1773642360000,1.4774,1.4775,1.4758,1.4762,186812.5,1773642419999,275812.42449,667,46867.2,69208.19645,0
1773642420000,1.4762,1.4766,1.4755,1.4766,301421.8,1773642479999,444878.41652,671,175572.2,259137.96834,0
1773642480000,1.4766,1.4774,1.4761,1.4773,114062.3,1773642539999,168430.33247,756,64850.3,95762.33527,0
1773642540000,1.4772,1.4772,1.4763,1.4768,123922.8,1773642599999,182994.54538,462,70681.1,104367.67187,0
1773642600000,1.4767,1.4772,1.4764,1.4767,130012.2,1773642659999,192003.63365,447,43809.9,64703.59426,0
1773642660000,1.4768,1.4784,1.4767,1.4777,222357.6,1773642719999,328557.98852,772,142659.3,210777.68612,0
1773642720000,1.4778,1.4785,1.4773,1.4782,202861.2,1773642779999,299837.81746,652,139864.2,206717.76309,0
1773642780000,1.4781,1.4782,1.4771,1.4774,161715.4,1773642839999,238954.45339,709,66721.6,98580.04455,0
1773642840000,1.4774,1.4774,1.4763,1.4766,129804.4,1773642899999,191690.87980,622,27419.5,40490.13081,0
1773642900000,1.4766,1.4767,1.4754,1.4755,326397.7,1773642959999,481784.96605,874,78737.5,116225.04939,0
1773642960000,1.4754,1.4770,1.4753,1.4770,179540.4,1773643019999,264995.49649,675,118819.8,175387.70448,0
1773643020000,1.4770,1.4777,1.4769,1.4771,381463.1,1773643079999,563548.77907,840,251784.6,371965.72683,0
1773643080000,1.4772,1.4787,1.4770,1.4784,189518.1,1773643139999,280095.20625,782,144842.4,214059.80794,0
1773643140000,1.4783,1.4799,1.4783,1.4791,280714.2,1773643199999,415173.18555,1177,180193.6,266499.68277,0
1773643200000,1.4791,1.4797,1.4788,1.4792,240899.8,1773643259999,356332.70401,934,163070.1,241207.00831,0
1773643260000,1.4792,1.4811,1.4792,1.4798,419228.1,1773643319999,620480.88747,1316,304806.1,451111.40289,0
1773643320000,1.4797,1.4803,1.4791,1.4791,308609.7,1773643379999,456655.43143,837,91949.7,136073.86073,0
1773643380000,1.4791,1.4795,1.4789,1.4795,107014.6,1773643439999,158307.03645,364,64367.8,95218.89371,0
1773643440000,1.4795,1.4795,1.4784,1.4790,260849.4,1773643499999,385740.13036,677,103681.4,153333.96105,0
1773643500000,1.4791,1.4791,1.4776,1.4781,137981.6,1773643559999,203964.07831,646,21594.8,31927.08176,0
1773643560000,1.4781,1.4790,1.4777,1.4777,163297.2,1773643619999,241395.46397,710,81512.4,120494.19148,0
1773643620000,1.4777,1.4786,1.4777,1.4779,285032.9,1773643679999,421341.01439,705,175956.2,260105.58287,0
1773643680000,1.4778,1.4785,1.4777,1.4784,176707.2,1773643739999,261196.24258,666,105843.2,156456.09207,0
1773643740000,1.4785,1.4787,1.4781,1.4782,200042.5,1773643799999,295756.77625,667,120471.4,178115.50539,0
1773643800000,1.4783,1.4783,1.4778,1.4783,162466.8,1773643859999,240142.39936,466,69563.3,102821.29773,0
1773643860000,1.4782,1.4783,1.4770,1.4773,196745.9,1773643919999,290713.51397,588,35154.5,51941.44295,0
1773643920000,1.4774,1.4779,1.4773,1.4777,78223.6,1773643979999,115582.58985,347,42306.0,62507.67073,0
1773643980000,1.4777,1.4782,1.4776,1.4781,84812.9,1773644039999,125351.87231,426,37214.8,55000.72477,0
1773644040000,1.4780,1.4785,1.4776,1.4783,291468.9,1773644099999,430851.45917,731,191751.9,283444.82330,0
1773644100000,1.4782,1.4789,1.4779,1.4779,141620.7,1773644159999,209363.62407,664,99499.6,147096.09596,0
1773644160000,1.4780,1.4784,1.4780,1.4784,78143.4,1773644219999,115508.35257,413,72125.9,106613.98911,0
1773644220000,1.4784,1.4785,1.4780,1.4785,57900.9,1773644279999,85591.89049,483,32578.6,48158.51467,0
1773644280000,1.4784,1.4784,1.4772,1.4773,145545.0,1773644339999,215046.57591,548,20793.8,30722.35227,0
1773644340000,1.4773,1.4775,1.4761,1.4764,149832.5,1773644399999,221288.42699,645,88594.0,130859.89923,0
1773644400000,1.4764,1.4774,1.4753,1.4773,528663.1,1773644459999,780478.76237,1383,300869.1,444211.25646,0
1773644460000,1.4772,1.4779,1.4762,1.4779,286942.1,1773644519999,423787.23633,1198,157665.9,232857.54839,0
1773644520000,1.4779,1.4802,1.4779,1.4798,514584.7,1773644579999,761272.59275,1526,394372.0,583416.88564,0
1773644580000,1.4798,1.4818,1.4798,1.4810,420738.2,1773644639999,623183.18271,1271,321799.2,476632.87108,0
1773644640000,1.4811,1.4823,1.4811,1.4817,373995.2,1773644699999,554193.26073,1165,286657.7,424761.48158,0
1773644700000,1.4817,1.4820,1.4807,1.4809,254054.9,1773644759999,376419.37353,977,65635.1,97256.31346,0
1773644760000,1.4808,1.4818,1.4798,1.4817,334146.0,1773644819999,494730.20818,1134,151483.8,224333.01360,0
1773644820000,1.4816,1.4832,1.4816,1.4832,691526.5,1773644879999,1025172.40580,1364,595754.9,883170.11959,0
1773644880000,1.4831,1.4845,1.4828,1.4843,501080.5,1773644939999,743444.25115,1520,335047.1,497126.69495,0
1773644940000,1.4842,1.4872,1.4838,1.4862,1854732.3,1773644999999,2755738.22586,3673,1493542.3,2219020.28371,0
1773645000000,1.4861,1.4865,1.4855,1.4856,513834.8,1773645059999,763501.82345,1382,278531.0,413873.90777,0
1773645060000,1.4855,1.4861,1.4847,1.4855,280694.1,1773645119999,416900.56174,997,130562.9,193916.05338,0
1773645120000,1.4855,1.4856,1.4839,1.4849,321998.2,1773645179999,478022.51154,938,184290.8,273573.75905,0
1773645180000,1.4849,1.4851,1.4836,1.4851,288379.6,1773645239999,428050.60102,930,131733.3,195551.32692,0
1773645240000,1.4850,1.4852,1.4841,1.4842,531990.6,1773645299999,789866.66672,1114,316377.0,469753.06193,0
1773645300000,1.4842,1.4852,1.4838,1.4852,286472.3,1773645359999,425244.11517,1089,180745.3,268294.93517,0
1773645360000,1.4852,1.4880,1.4840,1.4873,766386.2,1773645419999,1138941.85389,1964,558909.3,830807.42461,0
1773645420000,1.4873,1.4873,1.4858,1.4858,297019.9,1773645479999,441609.30372,1074,109935.8,163449.10148,0
1773645480000,1.4859,1.4859,1.4822,1.4833,1743880.9,1773645539999,2586485.63596,2405,459584.9,681615.33822,0
1773645540000,1.4833,1.4866,1.4832,1.4857,787815.9,1773645599999,1170099.02018,1804,539350.9,801032.17901,0
1773645600000,1.4857,1.4857,1.4839,1.4847,268896.6,1773645659999,399205.22652,865,119756.2,177785.81928,0
1773645660000,1.4848,1.4856,1.4847,1.4855,169765.7,1773645719999,252125.41779,548,120284.0,178635.56217,0
1773645720000,1.4855,1.4856,1.4848,1.4852,270676.1,1773645779999,402002.37176,682,122078.2,181327.86081,0
1773645780000,1.4853,1.4854,1.4827,1.4827,229727.6,1773645839999,340890.12345,738,27768.5,41216.43253,0
1773645840000,1.4828,1.4828,1.4814,1.4814,271281.8,1773645899999,402116.87898,926,69557.6,103108.21720,0
1773645900000,1.4815,1.4825,1.4805,1.4810,417427.5,1773645959999,618446.17443,1411,156784.6,232250.90018,0
1773645960000,1.4810,1.4827,1.4809,1.4818,327845.5,1773646019999,485881.37759,876,154555.3,229028.21099,0
1773646020000,1.4819,1.4829,1.4815,1.4816,206254.5,1773646079999,305680.07893,990,147968.9,219303.93415,0
1773646080000,1.4817,1.4821,1.4810,1.4812,97102.2,1773646139999,143864.28326,626,42423.5,62853.66598,0
1773646140000,1.4812,1.4837,1.4811,1.4825,1317950.1,1773646199999,1954226.61734,2198,937133.3,1389385.32437,0
1773646200000,1.4826,1.4837,1.4825,1.4826,205853.7,1773646259999,305281.77947,634,114329.3,169563.53083,0
1773646260000,1.4827,1.4827,1.4820,1.4825,180075.4,1773646319999,266943.46621,650,50022.7,74151.69701,0
1773646320000,1.4826,1.4834,1.4825,1.4826,131118.7,1773646379999,194425.89563,610,70533.3,104580.76058,0
1773646380000,1.4827,1.4840,1.4826,1.4835,193508.0,1773646439999,287064.37655,763,148811.0,220754.06386,0
1773646440000,1.4836,1.4836,1.4813,1.4817,375178.4,1773646499999,556214.17229,1071,81474.4,120793.06115,0
1773646500000,1.4818,1.4818,1.4807,1.4810,253509.1,1773646559999,375523.26775,1018,88184.1,130628.30306,0
1773646560000,1.4811,1.4815,1.4805,1.4815,279855.9,1773646619999,414448.92139,664,104830.1,155245.88700,0
1773646620000,1.4815,1.4817,1.4798,1.4807,644714.0,1773646679999,954371.56997,1158,141306.7,209227.32966,0
1773646680000,1.4808,1.4813,1.4782,1.4784,702857.2,1773646739999,1040009.57211,1877,267027.9,395199.56314,0
1773646740000,1.4785,1.4793,1.4777,1.4790,508856.2,1773646799999,752375.16160,1468,275976.0,408032.07005,0
1773646800000,1.4790,1.4810,1.4783,1.4810,424949.2,1773646859999,628875.85320,1328,251517.2,372215.83657,0
1773646860000,1.4810,1.4818,1.4809,1.4816,176133.8,1773646919999,260905.39873,831,106043.2,157078.86056,0
1773646920000,1.4816,1.4818,1.4814,1.4817,211320.0,1773646979999,313087.45837,665,143971.3,213306.79387,0
1773646980000,1.4817,1.4835,1.4813,1.4835,305018.4,1773647039999,452198.90599,1033,196039.3,290638.21724,0
1773647040000,1.4835,1.4838,1.4826,1.4826,183516.4,1773647099999,272195.75626,563,88561.3,131363.22350,0
1773647100000,1.4827,1.4827,1.4816,1.4821,929779.8,1773647159999,1378010.49216,1262,209737.1,310838.24431,0
1773647160000,1.4821,1.4833,1.4819,1.4833,465673.3,1773647219999,690445.23552,1040,364054.1,539767.94964,0
1773647220000,1.4833,1.4850,1.4832,1.4848,466932.6,1773647279999,693078.75823,992,366261.9,543624.96865,0
1773647280000,1.4847,1.4848,1.4837,1.4846,375287.9,1773647339999,557097.88861,902,202588.4,300722.96644,0
1773647340000,1.4845,1.4850,1.4831,1.4840,384533.3,1773647399999,570643.74831,898,150283.7,222991.09393,0
1773647400000,1.4839,1.4841,1.4817,1.4820,386964.4,1773647459999,573880.45606,964,159587.5,236681.25821,0
1773647460000,1.4820,1.4826,1.4805,1.4805,636443.7,1773647519999,942699.08337,1186,283675.1,420180.11590,0
1773647520000,1.4806,1.4820,1.4805,1.4820,606321.8,1773647579999,898109.88771,999,396532.9,587354.25636,0
1773647580000,1.4819,1.4830,1.4814,1.4820,254368.6,1773647639999,377018.85451,801,148700.7,220390.31700,0
1773647640000,1.4819,1.4831,1.4819,1.4826,276638.2,1773647699999,410135.66481,600,144032.5,213525.87001,0
1773647700000,1.4827,1.4845,1.4817,1.4844,434894.3,1773647759999,644952.39130,921,294969.3,437510.37819,0
1773647760000,1.4844,1.4852,1.4835,1.4851,372643.1,1773647819999,553161.21282,925,238170.4,353550.08138,0
1773647820000,1.4850,1.4851,1.4841,1.4841,166721.7,1773647879999,247505.61328,471,41748.2,61972.73396,0
1773647880000,1.4842,1.4843,1.4833,1.4838,202958.5,1773647939999,301146.26756,478,97361.0,144457.13108,0
1773647940000,1.4838,1.4839,1.4820,1.4823,286425.4,1773647999999,424724.51592,759,105963.1,157118.95404,0
1773648000000,1.4824,1.4883,1.4824,1.4875,927091.2,1773648059999,1377831.50285,2087,649515.8,965349.49588,0
1773648060000,1.4876,1.4884,1.4864,1.4866,906485.2,1773648119999,1348305.53683,1664,428007.1,636712.72676,0
1773648120000,1.4865,1.4865,1.4856,1.4857,308758.8,1773648179999,458872.58553,790,145959.7,216918.86780,0
1773648180000,1.4856,1.4861,1.4826,1.4846,1066498.1,1773648239999,1583271.50741,1783,307322.8,456089.55768,0
1773648240000,1.4846,1.4846,1.4837,1.4838,213681.6,1773648299999,317113.39652,850,84262.4,125041.13855,0
1773648300000,1.4839,1.4843,1.4833,1.4842,145824.3,1773648359999,216350.07795,668,85886.9,127424.87290,0
1773648360000,1.4841,1.4850,1.4839,1.4841,165429.6,1773648419999,245565.93998,726,93431.8,138687.16071,0
1773648420000,1.4842,1.4880,1.4842,1.4880,515887.8,1773648479999,766910.97324,1766,398391.4,592230.68386,0
1773648480000,1.4879,1.4889,1.4878,1.4883,349086.1,1773648539999,519539.05074,1354,184599.0,274738.15055,0
1773648540000,1.4882,1.4886,1.4876,1.4881,521163.9,1773648599999,775585.67543,1107,313423.5,466435.06201,0
1773648600000,1.4881,1.4884,1.4878,1.4878,274452.2,1773648659999,408400.46628,902,142825.4,212538.78337,0
1773648660000,1.4879,1.4880,1.4868,1.4875,376742.9,1773648719999,560374.89949,1147,139010.5,206759.87363,0
1773648720000,1.4874,1.4875,1.4866,1.4868,167165.1,1773648779999,248568.20468,660,68466.4,101805.96447,0
1773648780000,1.4868,1.4870,1.4834,1.4836,759680.6,1773648839999,1128434.71966,1451,266870.8,396531.42746,0
1773648840000,1.4835,1.4835,1.4807,1.4808,820552.8,1773648899999,1215833.72041,1505,362244.8,536697.99383,0
1773648900000,1.4808,1.4810,1.4778,1.4795,2416326.8,1773648959999,3573580.24328,2749,1016282.7,1502882.20180,0
1773648960000,1.4795,1.4802,1.4784,1.4785,427476.2,1773649019999,632387.48681,1192,156170.3,231032.97644,0
1773649020000,1.4785,1.4798,1.4781,1.4798,592896.9,1773649079999,876858.33094,1299,446776.3,660781.91059,0
1773649080000,1.4797,1.4829,1.4797,1.4816,315258.6,1773649139999,466992.48682,1091,224495.9,332536.33809,0
1773649140000,1.4817,1.4842,1.4817,1.4829,441474.6,1773649199999,654773.38803,1305,267866.8,397239.90971,0
1773649200000,1.4830,1.4835,1.4813,1.4816,319967.4,1773649259999,474295.87753,1072,154233.4,228634.30836,0
1773649260000,1.4815,1.4817,1.4807,1.4811,206723.1,1773649319999,306184.44840,945,102874.9,152373.86666,0
1773649320000,1.4812,1.4834,1.4806,1.4827,244391.1,1773649379999,362142.97322,1204,127851.3,189454.18506,0
1773649380000,1.4826,1.4836,1.4821,1.4833,192185.4,1773649439999,285001.93107,1090,54202.3,80372.86387,0
1773649440000,1.4833,1.4840,1.4829,1.4836,290652.3,1773649499999,431126.98961,918,124159.8,184181.26922,0
1773649500000,1.4836,1.4836,1.4810,1.4811,133358.2,1773649559999,197640.82939,941,51739.2,76681.37145,0
1773649560000,1.4811,1.4814,1.4793,1.4796,244352.0,1773649619999,361678.63571,1114,66392.5,98267.71108,0
1773649620000,1.4795,1.4799,1.4792,1.4798,333896.6,1773649679999,494022.08721,971,153307.2,226829.97266,0
1773649680000,1.4798,1.4798,1.4774,1.4779,368531.0,1773649739999,544788.67689,1036,83117.4,122852.59063,0
1773649740000,1.4778,1.4780,1.4772,1.4777,249502.8,1773649799999,368678.74258,695,94256.8,139279.35309,0
1773649800000,1.4776,1.4782,1.4756,1.4762,1036790.7,1773649859999,1531128.48710,1865,368675.6,544564.78466,0
1773649860000,1.4762,1.4764,1.4738,1.4757,1416221.3,1773649919999,2089244.69231,2549,443524.6,654390.40447,0
1773649920000,1.4757,1.4761,1.4748,1.4756,678085.7,1773649979999,1000533.68364,1465,256581.2,378601.87437,0
1773649980000,1.4756,1.4762,1.4728,1.4732,897032.3,1773650039999,1322906.17948,1793,383698.1,565908.64177,0
1773650040000,1.4731,1.4736,1.4720,1.4733,1120202.0,1773650099999,1649761.41037,1969,525182.4,773522.92341,0
1773650100000,1.4732,1.4748,1.4732,1.4746,671438.8,1773650159999,989861.90781,1256,305390.4,450195.75471,0
1773650160000,1.4745,1.4745,1.4735,1.4738,225594.3,1773650219999,332523.07482,778,99289.5,146355.34747,0
1773650220000,1.4737,1.4738,1.4715,1.4717,449728.1,1773650279999,662192.65979,1219,102342.2,150698.85210,0
1773650280000,1.4718,1.4733,1.4716,1.4720,973029.8,1773650339999,1432793.93438,1590,475674.5,700552.18179,0
1773650340000,1.4720,1.4730,1.4695,1.4701,1651928.6,1773650399999,2429503.51879,2246,462389.3,680027.94426,0
1773650400000,1.4701,1.4723,1.4697,1.4717,1082920.7,1773650459999,1593226.72997,1797,501163.1,737406.15326,0
1773650460000,1.4717,1.4728,1.4700,1.4709,729670.8,1773650519999,1073627.19599,1754,281984.7,414824.79729,0
1773650520000,1.4709,1.4712,1.4698,1.4698,464665.9,1773650579999,683234.11050,1107,144473.3,212431.95649,0
1773650580000,1.4698,1.4698,1.4684,1.4685,964042.1,1773650639999,1416450.51422,1660,391723.4,575554.45264,0
1773650640000,1.4685,1.4690,1.4653,1.4660,1359434.9,1773650699999,1994203.35777,2281,469685.1,688960.72347,0
1773650700000,1.4659,1.4700,1.4657,1.4690,2010428.4,1773650759999,2951212.12258,3185,1018391.6,1494911.66074,0
1773650760000,1.4689,1.4696,1.4678,1.4688,1015441.0,1773650819999,1491452.30434,2089,706617.8,1037895.66268,0
1773650820000,1.4688,1.4688,1.4678,1.4687,336011.8,1773650879999,493406.10455,956,147540.9,216657.05429,0
1773650880000,1.4686,1.4693,1.4678,1.4693,332343.4,1773650939999,488016.65880,1107,211480.0,310554.87178,0
1773650940000,1.4693,1.4705,1.4687,1.4689,819712.2,1773650999999,1204915.00672,1577,482492.5,709231.78849,0
1773651000000,1.4688,1.4698,1.4660,1.4662,420529.9,1773651059999,617517.68219,1298,106373.9,156232.63772,0
1773651060000,1.4661,1.4670,1.4641,1.4649,1163683.4,1773651119999,1705007.58387,2565,397378.0,582171.61605,0
1773651120000,1.4649,1.4688,1.4644,1.4679,1319573.0,1773651179999,1935179.81920,2647,743712.7,1090695.62271,0
1773651180000,1.4680,1.4697,1.4679,1.4696,779740.4,1773651239999,1145407.11208,1230,437299.2,642334.20808,0
1773651240000,1.4696,1.4708,1.4696,1.4698,546808.3,1773651299999,803928.72508,1212,238470.8,350599.65264,0
1773651300000,1.4699,1.4699,1.4682,1.4690,186568.3,1773651359999,274045.09743,780,100076.3,146987.08685,0
1773651360000,1.4690,1.4690,1.4679,1.4679,236211.2,1773651419999,346879.32750,622,40180.3,59012.49603,0
1773651420000,1.4679,1.4683,1.4671,1.4680,237470.8,1773651479999,348537.46057,915,133292.4,195633.36673,0
1773651480000,1.4680,1.4682,1.4673,1.4674,315401.1,1773651539999,463000.16271,626,120985.9,177600.37864,0
1773651540000,1.4674,1.4681,1.4673,1.4678,249034.5,1773651599999,365505.99262,661,187957.5,275855.55188,0
1773651600000,1.4679,1.4682,1.4671,1.4673,417617.3,1773651659999,613001.15049,975,160676.5,235838.52834,0
1773651660000,1.4674,1.4687,1.4670,1.4685,534509.0,1773651719999,784778.39577,1120,341377.8,501213.12596,0
1773651720000,1.4685,1.4685,1.4671,1.4672,300025.1,1773651779999,440374.86392,904,71922.1,105574.72669,0
1773651780000,1.4673,1.4684,1.4671,1.4676,313689.9,1773651839999,460439.08554,953,215437.9,316215.83173,0
1773651840000,1.4676,1.4687,1.4675,1.4685,250814.7,1773651899999,368259.88163,813,155751.4,228679.09045,0
1773651900000,1.4686,1.4686,1.4670,1.4671,349731.9,1773651959999,513350.81499,873,130915.6,192208.96950,0
1773651960000,1.4672,1.4677,1.4669,1.4672,294269.8,1773652019999,431739.76168,864,86724.9,127237.17470,0
1773652020000,1.4672,1.4675,1.4665,1.4672,416967.1,1773652079999,611683.85376,964,274351.1,402461.65767,0
1773652080000,1.4673,1.4682,1.4670,1.4680,455482.4,1773652139999,668365.97548,1063,170575.2,250306.28860,0
1773652140000,1.4680,1.4694,1.4679,1.4694,172767.2,1773652199999,253748.55673,892,120059.5,176338.28816,0
1773652200000,1.4695,1.4707,1.4695,1.4698,592949.7,1773652259999,871657.17390,1291,250608.6,368411.11835,0
1773652260000,1.4698,1.4702,1.4684,1.4689,354312.0,1773652319999,520506.82179,1195,193921.0,284855.56479,0
1773652320000,1.4688,1.4696,1.4682,1.4693,126607.9,1773652379999,185987.07642,628,85575.8,125704.57089,0
1773652380000,1.4694,1.4699,1.4692,1.4693,113181.9,1773652439999,166324.80956,446,33430.9,49125.39675,0
1773652440000,1.4693,1.4694,1.4689,1.4689,151630.0,1773652499999,222774.49741,491,109304.1,160591.76468,0
1773652500000,1.4690,1.4699,1.4689,1.4695,359642.0,1773652559999,528496.58211,946,242441.0,356254.46413,0
1773652560000,1.4695,1.4696,1.4668,1.4681,1196153.8,1773652619999,1755571.24369,1739,361497.9,530666.86372,0
1773652620000,1.4681,1.4695,1.4680,1.4691,492923.1,1773652679999,723990.49906,923,417113.2,612643.06540,0
1773652680000,1.4691,1.4692,1.4683,1.4690,254454.5,1773652739999,373720.97612,603,72544.3,106549.35732,0
1773652740000,1.4690,1.4700,1.4688,1.4692,276506.8,1773652799999,406300.89754,720,177837.2,261311.71088,0
1773652800000,1.4693,1.4701,1.4676,1.4677,469790.1,1773652859999,690127.18129,1182,184635.8,271222.94296,0
1773652860000,1.4678,1.4694,1.4678,1.4693,320035.1,1773652919999,470094.07067,855,198616.5,291736.37911,0
1773652920000,1.4693,1.4699,1.4688,1.4695,242815.0,1773652979999,356772.15577,520,54041.7,79417.50092,0
1773652980000,1.4694,1.4702,1.4693,1.4695,319236.9,1773653039999,469176.13760,864,82782.3,121664.04822,0
1773653040000,1.4694,1.4704,1.4691,1.4693,170079.1,1773653099999,249989.19741,623,107145.3,157490.29854,0
1773653100000,1.4692,1.4702,1.4691,1.4692,249112.7,1773653159999,366080.13659,685,185985.7,273311.46605,0
1773653160000,1.4693,1.4697,1.4688,1.4695,228124.9,1773653219999,335152.31737,651,159290.7,234016.13895,0
1773653220000,1.4694,1.4708,1.4690,1.4694,703387.3,1773653279999,1033943.88254,1074,430459.1,632726.38465,0
1773653280000,1.4693,1.4694,1.4683,1.4685,365648.2,1773653339999,537116.65282,662,202315.8,297218.67325,0
1773653340000,1.4685,1.4685,1.4670,1.4679,311926.7,1773653399999,457803.13345,825,104617.2,153540.08786,0
1773653400000,1.4678,1.4681,1.4673,1.4676,151556.5,1773653459999,222433.71638,512,64215.0,94250.06431,0
1773653460000,1.4676,1.4676,1.4657,1.4658,413711.6,1773653519999,606660.36582,969,75056.3,110060.76837,0
1773653520000,1.4658,1.4667,1.4658,1.4667,228496.5,1773653579999,334989.15387,752,121124.3,177583.20799,0
1773653580000,1.4667,1.4689,1.4667,1.4687,514398.5,1773653639999,755247.62153,1328,276744.3,406284.62304,0
1773653640000,1.4686,1.4688,1.4668,1.4670,257628.9,1773653699999,378141.86000,709,58849.0,86381.76424,0
1773653700000,1.4670,1.4683,1.4670,1.4682,159620.7,1773653759999,234282.15428,648,98283.2,144253.23871,0
1773653760000,1.4681,1.4682,1.4672,1.4675,122824.2,1773653819999,180250.28647,573,45488.1,66752.78479,0
1773653820000,1.4675,1.4680,1.4662,1.4674,570298.6,1773653879999,836710.53693,1317,269443.4,395312.39658,0
1773653880000,1.4674,1.4692,1.4673,1.4680,385493.8,1773653939999,566066.33342,1098,276809.6,406462.17420,0
1773653940000,1.4680,1.4681,1.4671,1.4671,166610.1,1773653999999,244532.91561,604,66723.0,97922.05746,0
1773654000000,1.4671,1.4686,1.4671,1.4686,88361.5,1773654059999,129706.06011,597,49732.2,72998.98378,0
1773654060000,1.4685,1.4689,1.4676,1.4677,208214.5,1773654119999,305762.30712,660,109882.7,161363.70036,0
1773654120000,1.4676,1.4683,1.4674,1.4680,98547.0,1773654179999,144667.39474,486,53460.3,78478.11145,0
1773654180000,1.4680,1.4681,1.4670,1.4679,167908.6,1773654239999,246395.14486,558,62075.7,91094.84447,0
1773654240000,1.4679,1.4682,1.4673,1.4675,142002.4,1773654299999,208417.06125,469,55277.0,81136.51143,0
1773654300000,1.4675,1.4700,1.4674,1.4696,242860.0,1773654359999,356785.03888,928,181264.4,266272.84580,0
1773654360000,1.4696,1.4720,1.4695,1.4716,410065.1,1773654419999,603276.65975,1228,343926.1,505960.16433,0
1773654420000,1.4717,1.4718,1.4707,1.4718,308814.9,1773654479999,454338.62221,1017,191773.6,282147.20563,0
1773654480000,1.4718,1.4728,1.4711,1.4728,399759.3,1773654539999,588429.93414,1148,318919.0,469457.74344,0
1773654540000,1.4727,1.4745,1.4718,1.4729,1425849.1,1773654599999,2100766.86818,2628,877575.1,1292956.31260,0
1773654600000,1.4729,1.4739,1.4720,1.4733,1477262.7,1773654659999,2175958.68984,1854,1029035.5,1515678.53276,0
1773654660000,1.4732,1.4740,1.4728,1.4739,223575.8,1773654719999,329447.72351,673,118662.2,174842.44467,0
1773654720000,1.4739,1.4744,1.4737,1.4743,520342.6,1773654779999,767024.81989,751,257095.5,378975.63488,0
1773654780000,1.4742,1.4756,1.4740,1.4746,1356526.6,1773654839999,2000566.51482,1672,886096.0,1306824.87478,0
1773654840000,1.4745,1.4752,1.4740,1.4740,391639.1,1773654899999,577551.81009,742,106209.9,156612.81416,0
1773654900000,1.4740,1.4750,1.4736,1.4740,354829.1,1773654959999,523139.68308,856,165820.9,244498.92953,0
1773654960000,1.4740,1.4744,1.4737,1.4740,144482.9,1773655019999,212960.48961,472,51889.7,76487.64225,0
1773655020000,1.4739,1.4747,1.4739,1.4742,200389.3,1773655079999,295445.57279,502,76999.2,113522.54794,0
1773655080000,1.4743,1.4743,1.4733,1.4738,215506.5,1773655139999,317631.79683,535,78402.6,115549.90867,0
1773655140000,1.4738,1.4739,1.4731,1.4734,149224.3,1773655199999,219879.18157,493,41197.0,60698.46779,0
1773655200000,1.4734,1.4746,1.4734,1.4742,339323.8,1773655259999,500127.55632,917,136098.9,200590.83739,0
1773655260000,1.4742,1.4756,1.4736,1.4744,699489.2,1773655319999,1031481.14214,1398,424454.6,625944.80100,0
1773655320000,1.4745,1.4747,1.4739,1.4741,219552.5,1773655379999,323671.16342,736,92691.9,136649.59949,0
1773655380000,1.4741,1.4756,1.4734,1.4750,441196.6,1773655439999,650586.19020,1003,238742.1,352039.84331,0
1773655440000,1.4750,1.4754,1.4738,1.4741,382483.2,1773655499999,563928.83633,715,179506.5,264703.18388,0
1773655500000,1.4741,1.4748,1.4738,1.4747,213467.4,1773655559999,314725.19466,729,120873.1,178208.70772,0
1773655560000,1.4747,1.4747,1.4734,1.4736,122855.4,1773655619999,181092.69694,466,38019.4,56034.45534,0
1773655620000,1.4736,1.4736,1.4711,1.4718,1533305.7,1773655679999,2257869.68014,1523,272536.0,401123.63533,0
1773655680000,1.4719,1.4730,1.4717,1.4728,416125.8,1773655739999,612623.35259,862,203640.8,299827.40488,0
1773655740000,1.4728,1.4740,1.4726,1.4727,275725.7,1773655799999,406183.61840,657,51674.9,76131.65456,0
1773655800000,1.4727,1.4730,1.4722,1.4725,100311.1,1773655859999,147712.60513,533,49117.0,72329.69551,0
1773655860000,1.4726,1.4737,1.4724,1.4725,194531.2,1773655919999,286539.48199,739,61819.7,91067.78460,0
1773655920000,1.4726,1.4726,1.4720,1.4722,89864.4,1773655979999,132295.94066,536,55890.1,82278.90352,0
1773655980000,1.4722,1.4731,1.4721,1.4724,83873.0,1773656039999,123508.61075,684,40903.5,60228.77704,0
1773656040000,1.4723,1.4724,1.4719,1.4722,152863.3,1773656099999,225031.20689,607,120133.6,176850.86776,0
1773656100000,1.4722,1.4735,1.4721,1.4726,142349.7,1773656159999,209642.79508,883,109144.5,160737.51495,0
1773656160000,1.4726,1.4736,1.4722,1.4726,246233.0,1773656219999,362713.18009,771,102310.6,150663.43714,0
1773656220000,1.4726,1.4734,1.4722,1.4724,122787.2,1773656279999,180846.75507,517,46644.7,68691.68828,0
1773656280000,1.4723,1.4737,1.4723,1.4737,178359.0,1773656339999,262688.68213,483,130963.4,192887.27782,0
1773656340000,1.4736,1.4737,1.4721,1.4723,113781.8,1773656399999,167576.00857,609,65016.2,95754.50239,0
1773656400000,1.4724,1.4731,1.4708,1.4713,319293.3,1773656459999,469924.83389,952,101752.1,149804.34764,0
1773656460000,1.4712,1.4728,1.4712,1.4728,145236.9,1773656519999,213805.18507,528,76421.1,112486.49572,0
1773656520000,1.4728,1.4735,1.4722,1.4734,303406.8,1773656579999,446907.68486,903,135027.4,198873.88958,0
1773656580000,1.4733,1.4740,1.4724,1.4725,285569.3,1773656639999,420726.49754,761,170031.1,250494.56474,0
1773656640000,1.4724,1.4725,1.4713,1.4721,142578.7,1773656699999,209852.80806,573,74489.9,109630.88993,0
1773656700000,1.4721,1.4724,1.4712,1.4713,75366.3,1773656759999,110930.54824,404,21850.0,32164.40741,0
1773656760000,1.4712,1.4722,1.4705,1.4721,214609.3,1773656819999,315767.23627,737,125753.3,185068.51488,0
1773656820000,1.4721,1.4722,1.4714,1.4721,120118.1,1773656879999,176797.85259,415,54271.6,79876.75486,0
1773656880000,1.4720,1.4721,1.4706,1.4706,131700.2,1773656939999,193775.36088,497,26976.9,39699.52144,0
1773656940000,1.4706,1.4714,1.4702,1.4711,179536.1,1773656999999,264052.46776,667,73745.1,108459.98300,0
1773657000000,1.4711,1.4711,1.4696,1.4706,376718.5,1773657059999,553840.13083,985,163521.4,240416.97969,0
1773657060000,1.4706,1.4714,1.4704,1.4708,79810.2,1773657119999,117398.02874,624,39514.2,58121.43845,0
1773657120000,1.4707,1.4708,1.4689,1.4690,699510.1,1773657179999,1027789.73051,1350,254734.0,374247.46663,0
1773657180000,1.4690,1.4700,1.4689,1.4698,281926.4,1773657239999,414317.14581,775,114830.5,168743.51233,0
1773657240000,1.4697,1.4698,1.4690,1.4690,155866.9,1773657299999,229034.93837,623,61479.6,90338.02570,0
1773657300000,1.4690,1.4691,1.4675,1.4676,453426.1,1773657359999,665711.67162,951,85723.7,125863.24916,0
1773657360000,1.4675,1.4678,1.4667,1.4673,388151.7,1773657419999,569569.22058,897,227458.0,333779.63931,0
1773657420000,1.4673,1.4679,1.4665,1.4670,447367.6,1773657479999,656381.67364,911,228358.6,335039.61284,0
1773657480000,1.4670,1.4673,1.4664,1.4665,177581.1,1773657539999,260497.32282,487,35745.6,52436.97007,0
1773657540000,1.4665,1.4676,1.4661,1.4675,255417.9,1773657599999,374615.35212,640,119645.4,175502.45800,0
1773657600000,1.4674,1.4681,1.4673,1.4679,206061.9,1773657659999,302443.63782,643,128814.6,189065.60477,0
1773657660000,1.4680,1.4683,1.4676,1.4678,159151.1,1773657719999,233642.70569,604,71650.3,105188.29538,0
1773657720000,1.4677,1.4689,1.4674,1.4684,253030.8,1773657779999,371474.15081,826,195869.4,287549.82842,0
1773657780000,1.4683,1.4690,1.4683,1.4688,120444.2,1773657839999,176888.91750,469,91087.6,133774.73262,0
1773657840000,1.4688,1.4689,1.4676,1.4677,183158.8,1773657899999,268933.11539,572,47432.6,69662.96197,0
1773657900000,1.4677,1.4682,1.4670,1.4675,92576.8,1773657959999,135863.21512,631,70072.0,102835.80137,0
1773657960000,1.4675,1.4688,1.4675,1.4688,70568.2,1773658019999,103594.04880,496,54964.2,80687.38979,0
1773658020000,1.4688,1.4694,1.4682,1.4694,216600.6,1773658079999,318143.57823,743,159779.4,234687.66189,0
1773658080000,1.4694,1.4703,1.4693,1.4697,297426.6,1773658139999,437138.29887,898,176456.8,259350.93134,0
1773658140000,1.4698,1.4709,1.4693,1.4709,238697.4,1773658199999,350889.28816,753,178444.8,262325.22240,0
1773658200000,1.4709,1.4723,1.4705,1.4715,405570.5,1773658259999,596805.86652,1270,300339.6,441955.42130,0
1773658260000,1.4714,1.4715,1.4702,1.4707,185343.7,1773658319999,272589.86008,835,92690.5,136307.80899,0
1773658320000,1.4708,1.4712,1.4703,1.4711,121362.9,1773658379999,178495.49752,802,91824.3,135049.50614,0
1773658380000,1.4711,1.4725,1.4708,1.4722,309354.7,1773658439999,455301.58410,1073,179612.2,264342.06821,0
1773658440000,1.4722,1.4722,1.4709,1.4709,236607.6,1773658499999,348168.39265,610,60133.8,88488.27345,0
1773658500000,1.4709,1.4732,1.4709,1.4730,634360.8,1773658559999,933954.42134,1355,342970.9,504966.35157,0
1773658560000,1.4731,1.4736,1.4717,1.4729,599595.1,1773658619999,883055.47693,1354,305449.2,449860.22632,0
1773658620000,1.4728,1.4739,1.4726,1.4735,359423.0,1773658679999,529532.10247,775,250324.9,368797.81427,0
1773658680000,1.4735,1.4750,1.4731,1.4749,1166645.3,1773658739999,1719836.64268,1413,893023.6,1316450.23057,0
1773658740000,1.4750,1.4750,1.4740,1.4744,322548.5,1773658799999,475588.81866,625,67238.3,99135.94115,0
1773658800000,1.4743,1.4749,1.4738,1.4744,976616.3,1773658859999,1439930.67911,1623,452916.6,667747.04969,0
1773658860000,1.4744,1.4744,1.4734,1.4734,538443.5,1773658919999,793558.14500,1003,325463.4,479658.42154,0
1773658920000,1.4734,1.4749,1.4734,1.4745,215985.3,1773658979999,318420.16574,843,134419.4,198169.08011,0
1773658980000,1.4745,1.4745,1.4735,1.4737,178041.5,1773659039999,262422.60427,571,86113.4,126923.11935,0
1773659040000,1.4736,1.4743,1.4736,1.4743,235205.0,1773659099999,346706.30758,583,98699.1,145479.32313,0
1773659100000,1.4743,1.4749,1.4742,1.4748,199642.1,1773659159999,294365.67209,602,126716.5,186838.42057,0
1773659160000,1.4748,1.4749,1.4735,1.4739,308909.3,1773659219999,455338.07401,702,109110.0,160831.57205,0
1773659220000,1.4739,1.4740,1.4730,1.4733,230691.7,1773659279999,339875.42015,646,96867.6,142708.73747,0
1773659280000,1.4732,1.4733,1.4727,1.4733,90519.0,1773659339999,133333.83918,422,55947.3,82410.36881,0
1773659340000,1.4732,1.4737,1.4729,1.4729,120998.8,1773659399999,178255.73110,489,45645.1,67246.71880,0
1773659400000,1.4729,1.4738,1.4723,1.4727,303039.3,1773659459999,446438.84435,970,97399.2,143473.79690,0
1773659460000,1.4728,1.4734,1.4727,1.4734,58108.9,1773659519999,85590.73320,440,35913.0,52898.16493,0
1773659520000,1.4733,1.4733,1.4724,1.4724,108843.5,1773659579999,160298.36420,405,39384.4,58002.54775,0
1773659580000,1.4725,1.4730,1.4719,1.4719,161481.5,1773659639999,237773.09164,728,74446.2,109623.82674,0
1773659640000,1.4719,1.4720,1.4713,1.4715,314893.8,1773659699999,463374.33009,673,65624.3,96567.59494,0
1773659700000,1.4715,1.4718,1.4710,1.4718,246901.9,1773659759999,363273.32839,630,79898.4,117563.68480,0
1773659760000,1.4717,1.4717,1.4708,1.4712,176302.0,1773659819999,259415.52486,680,56273.3,82806.57560,0
1773659820000,1.4713,1.4719,1.4712,1.4716,108252.4,1773659879999,159307.38654,500,72426.1,106586.34476,0
1773659880000,1.4716,1.4728,1.4715,1.4725,166601.9,1773659939999,245218.03445,538,126833.8,186680.80779,0
1773659940000,1.4725,1.4729,1.4720,1.4720,269915.9,1773659999999,397430.59272,754,112046.3,164978.79470,0
1773660000000,1.4721,1.4721,1.4709,1.4709,191489.8,1773660059999,281807.25362,545,68549.8,100890.98234,0
1773660060000,1.4709,1.4712,1.4687,1.4692,489417.0,1773660119999,719330.87299,1489,151675.9,222933.39654,0
1773660120000,1.4692,1.4695,1.4690,1.4691,221770.9,1773660179999,325814.89671,539,46968.9,69008.70783,0
1773660180000,1.4691,1.4699,1.4687,1.4690,230873.1,1773660239999,339178.49563,710,83351.4,122461.96450,0
1773660240000,1.4690,1.4691,1.4683,1.4686,203081.4,1773660299999,298233.92171,643,82432.9,121057.09494,0
1773660300000,1.4686,1.4692,1.4686,1.4691,94778.9,1773660359999,139239.55527,337,78378.6,115145.94259,0
1773660360000,1.4692,1.4700,1.4691,1.4696,377286.7,1773660419999,554409.13560,718,292165.9,429302.97599,0
1773660420000,1.4696,1.4696,1.4680,1.4680,196147.5,1773660479999,288041.67642,640,38440.8,56449.66329,0
1773660480000,1.4681,1.4683,1.4666,1.4671,1272944.6,1773660539999,1867843.44777,1895,521150.4,764717.03358,0
1773660540000,1.4670,1.4670,1.4661,1.4663,177698.5,1773660599999,260568.91213,649,37419.6,54870.90716,0
1773660600000,1.4663,1.4669,1.4658,1.4668,314375.1,1773660659999,460980.00773,1000,184513.0,270580.85057,0
1773660660000,1.4667,1.4677,1.4666,1.4675,167377.5,1773660719999,245602.84875,652,100979.1,148170.94110,0
1773660720000,1.4676,1.4686,1.4675,1.4682,110410.4,1773660779999,162103.92380,601,66095.8,97035.63202,0
1773660780000,1.4682,1.4695,1.4681,1.4682,244528.1,1773660839999,359158.52927,863,116120.8,170547.89500,0
1773660840000,1.4683,1.4690,1.4682,1.4687,219988.8,1773660899999,323075.22725,726,133879.4,196607.34514,0
1773660900000,1.4687,1.4688,1.4679,1.4680,285455.1,1773660959999,419176.55840,744,41778.6,61349.43277,0
1773660960000,1.4680,1.4693,1.4679,1.4691,105882.7,1773661019999,155512.19484,473,91609.6,134543.78677,0
1773661020000,1.4691,1.4691,1.4679,1.4681,146104.9,1773661079999,214520.43472,509,37149.2,54544.31082,0
1773661080000,1.4682,1.4691,1.4682,1.4691,45958.9,1773661139999,67494.20071,327,44874.4,65901.35401,0
1773661140000,1.4691,1.4697,1.4686,1.4696,141825.5,1773661199999,208327.74430,537,69832.0,102577.22428,0
1773661200000,1.4697,1.4706,1.4689,1.4703,249867.6,1773661259999,367279.39781,801,180360.9,265101.52300,0
1773661260000,1.4703,1.4704,1.4697,1.4702,131504.5,1773661319999,193313.37743,460,58335.4,85752.64632,0
1773661320000,1.4703,1.4708,1.4702,1.4708,299732.5,1773661379999,440756.16899,564,208009.3,305873.01701,0
1773661380000,1.4708,1.4711,1.4699,1.4703,196515.9,1773661439999,288998.31655,581,108028.1,158883.06952,0
1773661440000,1.4704,1.4704,1.4698,1.4700,105396.0,1773661499999,154943.32830,312,57384.0,84366.50251,0
1773661500000,1.4700,1.4712,1.4698,1.4704,146184.3,1773661559999,214965.60485,672,64494.3,94832.45950,0
1773661560000,1.4704,1.4706,1.4700,1.4706,106117.4,1773661619999,156011.10582,329,40499.7,59545.84973,0
1773661620000,1.4706,1.4709,1.4701,1.4706,110809.9,1773661679999,162936.92759,375,56064.3,82438.41008,0
1773661680000,1.4707,1.4709,1.4705,1.4708,90945.4,1773661739999,133757.04642,283,35733.7,52556.98142,0
1773661740000,1.4708,1.4708,1.4701,1.4701,88611.0,1773661799999,130298.75677,333,6362.7,9357.55840,0
1773661800000,1.4701,1.4710,1.4699,1.4708,84740.7,1773661859999,124601.67407,478,52798.2,77635.49560,0
1773661860000,1.4708,1.4710,1.4706,1.4706,63013.0,1773661919999,92672.99457,257,30000.3,44122.34108,0
1773661920000,1.4707,1.4707,1.4701,1.4702,148863.5,1773661979999,218884.98912,398,47400.6,69696.80493,0
1773661980000,1.4703,1.4703,1.4690,1.4695,198111.1,1773662039999,291153.25601,707,68700.6,100958.44208,0
1773662040000,1.4695,1.4700,1.4693,1.4700,251934.8,1773662099999,370243.23246,574,145673.3,214084.86141,0
1773662100000,1.4699,1.4701,1.4695,1.4697,122108.5,1773662159999,179478.00130,436,24414.6,35886.15020,0
1773662160000,1.4696,1.4702,1.4696,1.4700,204672.6,1773662219999,300839.49640,609,89888.1,132123.36938,0
1773662220000,1.4701,1.4701,1.4693,1.4694,137439.6,1773662279999,201973.23019,628,13137.1,19305.60746,0
1773662280000,1.4694,1.4694,1.4687,1.4687,109144.8,1773662339999,160334.23463,467,35749.6,52517.74147,0
1773662340000,1.4688,1.4690,1.4686,1.4690,111658.8,1773662399999,163998.18123,423,40920.7,60104.01286,0
1773662400000,1.4690,1.4696,1.4688,1.4696,339673.3,1773662459999,499049.78860,973,200900.2,295161.44640,0
1773662460000,1.4696,1.4707,1.4695,1.4704,199594.4,1773662519999,293452.36825,713,82890.3,121864.15479,0
1773662520000,1.4704,1.4705,1.4697,1.4697,230149.5,1773662579999,338340.46878,552,77105.7,113353.50486,0
1773662580000,1.4697,1.4725,1.4697,1.4725,651779.0,1773662639999,958939.52903,1329,508652.8,748354.13330,0
1773662640000,1.4726,1.4770,1.4709,1.4710,2801247.9,1773662699999,4130109.64908,3778,1754306.6,2586899.21012,0
1773662700000,1.4710,1.4722,1.4710,1.4718,387652.0,1773662759999,570543.11288,949,297486.4,437838.41851,0
1773662760000,1.4719,1.4719,1.4695,1.4696,451646.3,1773662819999,664351.75569,971,44681.9,65744.18358,0
1773662820000,1.4695,1.4698,1.4690,1.4697,297245.5,1773662879999,436757.83211,806,124859.1,183467.02403,0
1773662880000,1.4697,1.4700,1.4695,1.4696,269082.5,1773662939999,395481.51149,678,121338.6,178333.92852,0
1773662940000,1.4695,1.4704,1.4691,1.4702,526926.1,1773662999999,774467.15645,1171,271638.5,399215.34691,0
1773663000000,1.4701,1.4704,1.4695,1.4696,294733.9,1773663059999,433267.32093,1013,136979.1,201374.38993,0
1773663060000,1.4696,1.4701,1.4688,1.4699,718303.0,1773663119999,1055362.29831,1273,343724.4,505014.38949,0
1773663120000,1.4700,1.4710,1.4694,1.4705,379130.5,1773663179999,557391.52052,1578,117056.3,172105.45689,0
1773663180000,1.4704,1.4715,1.4699,1.4714,235242.0,1773663239999,345994.64540,847,110746.7,162883.00691,0
1773663240000,1.4714,1.4732,1.4714,1.4726,308877.3,1773663299999,454798.11209,989,205897.0,303159.20234,0
1773663300000,1.4726,1.4727,1.4712,1.4712,252417.0,1773663359999,371488.93074,839,107086.3,157614.62497,0
1773663360000,1.4713,1.4715,1.4706,1.4715,108156.3,1773663419999,159091.79341,571,65720.8,96671.93691,0
1773663420000,1.4715,1.4734,1.4714,1.4733,241871.9,1773663479999,356104.88639,713,175555.1,258462.94438,0
1773663480000,1.4733,1.4754,1.4733,1.4745,587091.0,1773663539999,865749.97946,1318,360639.6,531797.27731,0
1773663540000,1.4745,1.4761,1.4745,1.4758,315020.2,1773663599999,464725.01533,1082,225903.0,333255.85044,0
1773663600000,1.4758,1.4770,1.4753,1.4766,991340.2,1773663659999,1463441.16722,1884,608734.3,898624.09761,0
1773663660000,1.4766,1.4766,1.4745,1.4746,494151.8,1773663719999,728974.62283,1113,331847.1,489523.48548,0
1773663720000,1.4746,1.4751,1.4736,1.4740,301901.9,1773663779999,445095.97885,859,104089.6,153470.42629,0
1773663780000,1.4739,1.4770,1.4738,1.4766,524891.8,1773663839999,774755.55256,1422,391097.6,577292.00829,0
1773663840000,1.4767,1.4787,1.4766,1.4776,692866.2,1773663899999,1024072.49024,1457,331623.5,490074.27438,0
1773663900000,1.4776,1.4777,1.4750,1.4774,601673.7,1773663959999,888235.01220,1464,325353.0,480258.14814,0
1773663960000,1.4775,1.4792,1.4771,1.4783,1542508.0,1773664019999,2280319.40664,2133,991776.9,1466135.27707,0
1773664020000,1.4782,1.4785,1.4769,1.4769,494593.8,1773664079999,730968.41300,1273,156387.7,231149.72995,0
1773664080000,1.4770,1.4779,1.4760,1.4773,468839.5,1773664139999,692479.41452,1245,217269.3,320898.17649,0
1773664140000,1.4773,1.4797,1.4768,1.4786,719926.5,1773664199999,1064313.81221,1992,404391.0,597894.70686,0
1773664200000,1.4785,1.4787,1.4763,1.4784,658879.0,1773664259999,973693.14295,1387,347657.4,513728.23931,0
1773664260000,1.4784,1.4799,1.4770,1.4783,1034027.0,1773664319999,1528772.66334,1960,524813.6,775884.29953,0
1773664320000,1.4784,1.4799,1.4781,1.4795,727756.5,1773664379999,1076574.16150,1503,381356.6,564169.70627,0
1773664380000,1.4794,1.4799,1.4771,1.4778,1148845.6,1773664439999,1698630.51301,1432,636790.0,941303.97076,0
1773664440000,1.4778,1.4783,1.4776,1.4778,248455.9,1773664499999,367212.65876,731,123394.8,182386.79028,0
1773664500000,1.4779,1.4786,1.4742,1.4744,1047310.7,1773664559999,1546280.06192,2206,280374.5,413924.95019,0
1773664560000,1.4744,1.4763,1.4744,1.4758,226559.1,1773664619999,334254.80863,946,123354.1,181983.43858,0
1773664620000,1.4759,1.4766,1.4757,1.4759,253638.3,1773664679999,374407.23134,741,99974.9,147587.27866,0
1773664680000,1.4759,1.4767,1.4755,1.4767,208259.8,1773664739999,307407.51652,675,145265.4,214433.58156,0
1773664740000,1.4767,1.4791,1.4767,1.4788,203141.6,1773664799999,300207.86941,1023,113993.1,168463.78610,0
1773664800000,1.4788,1.4794,1.4783,1.4786,453173.3,1773664859999,670184.36901,831,168405.9,249044.92679,0
1773664860000,1.4786,1.4786,1.4776,1.4777,221061.6,1773664919999,326755.56724,612,78451.7,115978.37185,0
1773664920000,1.4776,1.4781,1.4774,1.4780,123712.7,1773664979999,182818.81299,545,54542.9,80599.94230,0
1773664980000,1.4781,1.4783,1.4762,1.4769,649470.5,1773665039999,959386.72129,1283,96553.8,142632.18056,0
1773665040000,1.4770,1.4777,1.4768,1.4771,114013.5,1773665099999,168408.48041,467,22335.2,32995.68068,0
1773665100000,1.4771,1.4779,1.4764,1.4777,144735.4,1773665159999,213800.83086,497,54474.6,80463.98744,0
1773665160000,1.4776,1.4783,1.4769,1.4770,163502.4,1773665219999,241635.21557,425,44270.3,65425.01661,0
1773665220000,1.4770,1.4770,1.4752,1.4754,211203.3,1773665279999,311711.45755,755,51780.9,76416.07037,0
1773665280000,1.4755,1.4758,1.4746,1.4753,256221.9,1773665339999,378015.57423,818,83868.5,123749.08964,0
1773665340000,1.4752,1.4758,1.4751,1.4757,74603.8,1773665399999,110079.43639,436,41498.5,61231.05823,0
1773665400000,1.4757,1.4764,1.4757,1.4758,155891.9,1773665459999,230093.56076,451,119277.1,176051.52979,0
1773665460000,1.4759,1.4760,1.4752,1.4758,144814.5,1773665519999,213676.27529,634,59353.2,87576.53416,0
1773665520000,1.4758,1.4761,1.4752,1.4755,173466.9,1773665579999,255982.50309,626,65808.1,97115.48497,0
1773665580000,1.4755,1.4755,1.4741,1.4743,177121.3,1773665639999,261177.06501,669,71573.2,105536.41772,0
1773665640000,1.4743,1.4751,1.4743,1.4749,277133.9,1773665699999,408669.88154,593,67961.9,100222.44723,0
1773665700000,1.4748,1.4755,1.4746,1.4751,136037.5,1773665759999,200644.51220,445,43774.1,64565.80923,0
1773665760000,1.4750,1.4751,1.4748,1.4749,64183.9,1773665819999,94667.18599,276,33793.6,49844.89474,0
1773665820000,1.4750,1.4761,1.4750,1.4760,54491.9,1773665879999,80400.31722,391,49084.4,72420.30753,0
1773665880000,1.4761,1.4761,1.4751,1.4751,34090.8,1773665939999,50305.12050,323,16534.3,24398.30361,0
1773665940000,1.4752,1.4757,1.4751,1.4754,116306.4,1773665999999,171600.38587,388,83585.0,123321.60878,0
1773666000000,1.4754,1.4761,1.4753,1.4760,165175.7,1773666059999,243730.95400,490,119560.0,176422.57564,0
1773666060000,1.4760,1.4765,1.4757,1.4762,289961.7,1773666119999,428012.06879,925,187802.5,277227.46936,0
1773666120000,1.4763,1.4770,1.4758,1.4763,706336.1,1773666179999,1042744.57052,1126,97918.5,144551.07711,0
1773666180000,1.4764,1.4765,1.4754,1.4754,200264.4,1773666239999,295580.15610,715,86429.2,127571.93739,0
1773666240000,1.4754,1.4756,1.4748,1.4755,204022.6,1773666299999,300962.40903,611,94548.3,139476.67286,0
1773666300000,1.4755,1.4766,1.4755,1.4764,121065.5,1773666359999,178726.06112,629,60180.1,88842.64890,0
1773666360000,1.4765,1.4772,1.4764,1.4767,143983.9,1773666419999,212654.14751,496,51162.9,75566.25431,0
1773666420000,1.4768,1.4771,1.4761,1.4762,201172.7,1773666479999,297071.11846,759,65656.4,96959.32221,0
1773666480000,1.4761,1.4762,1.4738,1.4738,462420.9,1773666539999,681884.23466,957,74231.0,109451.66430,0
1773666540000,1.4738,1.4746,1.4738,1.4741,408734.3,1773666599999,602472.55650,784,259921.6,383110.98001,0
1773666600000,1.4742,1.4755,1.4740,1.4755,144628.9,1773666659999,213257.80516,611,52632.7,77622.96734,0
1773666660000,1.4755,1.4762,1.4750,1.4761,184555.0,1773666719999,272296.31649,693,80533.6,118811.29411,0
1773666720000,1.4761,1.4775,1.4760,1.4774,82513.1,1773666779999,121861.86425,659,52494.6,77532.87229,0
1773666780000,1.4775,1.4798,1.4773,1.4788,441324.3,1773666839999,652529.20815,1155,322359.2,476628.92166,0
1773666840000,1.4788,1.4788,1.4783,1.4787,144668.0,1773666899999,213900.28305,511,64689.1,95646.71299,0
1773666900000,1.4788,1.4792,1.4781,1.4783,372888.8,1773666959999,551341.75951,878,164018.4,242500.90847,0
1773666960000,1.4784,1.4784,1.4762,1.4769,215830.9,1773667019999,318881.95855,802,43984.9,64965.65792,0
1773667020000,1.4769,1.4779,1.4769,1.4775,193642.4,1773667079999,286130.54592,558,48439.8,71568.70237,0
1773667080000,1.4776,1.4779,1.4756,1.4763,345394.2,1773667139999,509980.92734,926,132610.0,195843.66703,0
1773667140000,1.4763,1.4769,1.4757,1.4767,170143.7,1773667199999,251168.73992,567,108964.3,160862.97751,0
1773667200000,1.4768,1.4783,1.4767,1.4780,209002.3,1773667259999,308833.97680,679,130749.7,193201.37190,0
1773667260000,1.4781,1.4787,1.4779,1.4785,163216.9,1773667319999,241293.96203,552,103021.5,152306.13085,0
1773667320000,1.4784,1.4787,1.4779,1.4783,165903.3,1773667379999,245261.19817,590,102297.3,151237.82658,0
1773667380000,1.4782,1.4785,1.4775,1.4779,549527.7,1773667439999,812277.40075,833,206056.7,304571.06934,0
1773667440000,1.4779,1.4788,1.4775,1.4775,292187.9,1773667499999,431922.32805,638,150624.4,222656.01527,0
1773667500000,1.4774,1.4777,1.4765,1.4766,387545.9,1773667559999,572445.92820,598,229996.0,339735.03723,0
1773667560000,1.4766,1.4773,1.4764,1.4770,681539.9,1773667619999,1006475.88160,815,381502.7,563375.91331,0
1773667620000,1.4769,1.4790,1.4768,1.4784,466162.7,1773667679999,689076.15916,629,206470.2,305110.88600,0
1773667680000,1.4784,1.4787,1.4776,1.4776,519071.2,1773667739999,767234.00978,598,165534.8,244684.36376,0
1773667740000,1.4777,1.4785,1.4766,1.4785,905124.1,1773667799999,1337021.35687,936,291540.1,430697.82292,0
1773667800000,1.4784,1.4786,1.4763,1.4776,1187621.8,1773667859999,1754883.80233,1935,388440.7,573800.59989,0
1773667860000,1.4776,1.4805,1.4776,1.4800,954006.4,1773667919999,1411315.01977,2602,585078.4,865548.24818,0
1773667920000,1.4799,1.4825,1.4794,1.4818,1292318.2,1773667979999,1914042.75569,2556,881540.3,1305604.76677,0
1773667980000,1.4818,1.4852,1.4811,1.4851,2060123.7,1773668039999,3055219.00111,3190,1265537.1,1876935.13316,0
1773668040000,1.4851,1.4877,1.4849,1.4866,1853225.6,1773668099999,2754726.00925,2778,981147.7,1458441.59656,0
1773668100000,1.4866,1.4889,1.4852,1.4857,1932277.7,1773668159999,2874210.00598,3714,1035735.2,1540731.59482,0
1773668160000,1.4857,1.4868,1.4841,1.4858,1122679.1,1773668219999,1667670.22742,2373,430150.1,638968.18647,0
1773668220000,1.4857,1.4868,1.4847,1.4857,1778398.4,1773668279999,2642213.66378,2201,1039156.5,1543899.11654,0
1773668280000,1.4857,1.4879,1.4846,1.4874,1476278.5,1773668339999,2194614.38713,2823,853895.9,1269500.91484,0
1773668340000,1.4875,1.4887,1.4864,1.4883,963535.9,1773668399999,1433432.20927,2056,532126.8,791606.72220,0
1773668400000,1.4884,1.4909,1.4872,1.4886,3348619.8,1773668459999,4987533.77250,4456,1686079.1,2511550.03546,0
1773668460000,1.4887,1.4920,1.4882,1.4893,1333425.0,1773668519999,1986755.46264,2773,932526.0,1389432.16228,0
1773668520000,1.4892,1.4893,1.4855,1.4858,1142415.8,1773668579999,1698537.81933,2595,461727.4,686534.75542,0
1773668580000,1.4857,1.4866,1.4823,1.4823,2591299.4,1773668639999,3847117.41022,3370,795621.8,1181354.86675,0
1773668640000,1.4823,1.4837,1.4802,1.4837,1225611.2,1773668699999,1816416.04794,2693,560215.7,830303.80460,0
1773668700000,1.4836,1.4875,1.4832,1.4869,1574951.0,1773668759999,2339413.63256,3271,845786.4,1256351.35739,0
1773668760000,1.4868,1.4870,1.4858,1.4864,757313.7,1773668819999,1125606.02660,1583,392014.8,582640.09703,0
1773668820000,1.4864,1.4893,1.4858,1.4875,686281.9,1773668879999,1020944.11330,1837,467365.9,695300.17116,0
1773668880000,1.4876,1.4887,1.4828,1.4838,2103119.9,1773668939999,3121986.51946,2845,557716.5,828323.12066,0
1773668940000,1.4838,1.4842,1.4824,1.4839,889972.9,1773668999999,1320032.20949,2000,396565.8,588213.30213,0
1773669000000,1.4839,1.4851,1.4829,1.4847,564703.7,1773669059999,838079.58390,1376,289826.6,430072.54969,0
1773669060000,1.4848,1.4857,1.4816,1.4816,662094.8,1773669119999,982168.63922,1816,225617.8,334794.19217,0
1773669120000,1.4815,1.4820,1.4794,1.4797,940300.1,1773669179999,1392172.02199,2408,322224.7,477060.84229,0
1773669180000,1.4797,1.4812,1.4791,1.4809,827589.9,1773669239999,1224857.30074,2093,389643.3,576718.78354,0
1773669240000,1.4808,1.4810,1.4776,1.4780,1223160.4,1773669299999,1809194.33616,2561,538588.2,796633.03060,0
1773669300000,1.4780,1.4795,1.4771,1.4776,1515026.5,1773669359999,2239951.07960,2044,886301.3,1310320.47813,0
1773669360000,1.4776,1.4784,1.4764,1.4782,774802.0,1773669419999,1144754.34980,1727,396500.8,585792.72266,0
1773669420000,1.4781,1.4790,1.4779,1.4787,1054727.4,1773669479999,1559433.93069,1302,904996.8,1338072.69435,0
1773669480000,1.4788,1.4810,1.4788,1.4806,247002.1,1773669539999,365543.13503,1018,132353.1,195871.61898,0
1773669540000,1.4806,1.4820,1.4791,1.4819,412035.5,1773669599999,609845.90450,1153,207709.3,307498.39528,0
1773669600000,1.4819,1.4824,1.4793,1.4808,520990.5,1773669659999,771647.09853,1823,235532.2,348796.52065,0
1773669660000,1.4807,1.4834,1.4791,1.4830,503379.4,1773669719999,745470.30991,1834,320689.5,474965.25655,0
1773669720000,1.4830,1.4862,1.4824,1.4860,956792.5,1773669779999,1420732.36317,2958,619987.5,920563.15161,0
1773669780000,1.4859,1.4864,1.4835,1.4836,685975.4,1773669839999,1018797.72570,1959,363629.4,540070.73543,0
1773669840000,1.4837,1.4838,1.4815,1.4823,426730.7,1773669899999,632715.37262,1641,193335.1,286658.67674,0
1773669900000,1.4823,1.4829,1.4813,1.4822,433884.8,1773669959999,643028.21099,1544,169514.7,251239.70706,0
1773669960000,1.4822,1.4836,1.4818,1.4834,326202.9,1773670019999,483722.79422,1447,183820.8,272591.70125,0
1773670020000,1.4833,1.4857,1.4829,1.4852,1124889.4,1773670079999,1669573.13285,2336,806973.2,1197647.43127,0
1773670080000,1.4852,1.4879,1.4847,1.4879,529533.8,1773670139999,786737.58583,1529,227309.5,337768.99855,0
1773670140000,1.4879,1.4879,1.4857,1.4860,428572.8,1773670199999,637168.36800,1486,221798.8,329719.30641,0
1773670200000,1.4859,1.4882,1.4854,1.4881,566793.9,1773670259999,842537.99585,1579,381865.3,567615.14877,0
1773670260000,1.4882,1.4887,1.4878,1.4879,814017.0,1773670319999,1211467.67104,1574,426876.1,635320.31266,0
1773670320000,1.4878,1.4882,1.4843,1.4851,457343.8,1773670379999,679704.86892,1807,119301.6,177308.30289,0
1773670380000,1.4851,1.4878,1.4851,1.4867,250532.8,1773670439999,372410.98028,1315,117414.4,174503.93953,0
1773670440000,1.4867,1.4880,1.4866,1.4871,362289.6,1773670499999,538892.52845,1136,166863.5,248197.91548,0
1773670500000,1.4872,1.4879,1.4855,1.4873,285312.2,1773670559999,424178.23931,1356,124132.0,184570.13295,0
1773670560000,1.4872,1.4885,1.4857,1.4864,385848.5,1773670619999,573805.95789,1412,222231.5,330483.91730,0
1773670620000,1.4863,1.4876,1.4850,1.4875,221567.3,1773670679999,329230.91047,1404,129949.0,193113.99810,0
1773670680000,1.4875,1.4888,1.4868,1.4885,440675.9,1773670739999,655668.14633,1441,255882.1,380747.41330,0
1773670740000,1.4884,1.4884,1.4840,1.4840,364409.3,1773670799999,541550.81403,1356,101572.3,151027.78070,0
1773670800000,1.4840,1.4867,1.4834,1.4866,641056.3,1773670859999,951700.28482,1600,175884.3,261119.56206,0
1773670860000,1.4867,1.4899,1.4863,1.4895,1043705.8,1773670919999,1553768.16744,2029,644072.3,958786.28564,0
1773670920000,1.4895,1.4904,1.4883,1.4891,865935.3,1773670979999,1289509.62567,1882,429655.6,639814.77595,0
1773670980000,1.4891,1.4894,1.4876,1.4882,474830.9,1773671039999,706851.53943,1542,156501.3,232948.70648,0
1773671040000,1.4882,1.4891,1.4870,1.4891,309728.3,1773671099999,460874.45857,1034,107987.0,160702.39275,0
1773671100000,1.4891,1.4891,1.4871,1.4871,430568.5,1773671159999,640685.82720,1293,175888.8,261685.41309,0
1773671160000,1.4871,1.4887,1.4871,1.4879,348369.7,1773671219999,518299.52152,1242,130741.4,194511.51186,0
1773671220000,1.4879,1.4884,1.4872,1.4873,308859.6,1773671279999,459501.27237,1247,126898.0,188801.97120,0
1773671280000,1.4873,1.4877,1.4843,1.4853,705242.0,1773671339999,1047881.58686,1621,303109.1,450289.58093,0
1773671340000,1.4852,1.4853,1.4789,1.4790,1402575.5,1773671399999,2077888.82977,3518,373835.4,553899.86752,0
1773671400000,1.4791,1.4796,1.4713,1.4719,4005590.0,1773671459999,5907650.63340,7335,1297769.4,1913996.17305,0
1773671460000,1.4718,1.4747,1.4703,1.4724,2534564.6,1773671519999,3732356.51965,5316,1349233.9,1986928.65012,0
1773671520000,1.4724,1.4784,1.4723,1.4773,1032765.5,1773671579999,1524854.95524,3300,624511.9,922003.67518,0
1773671580000,1.4774,1.4800,1.4762,1.4769,2053483.2,1773671639999,3036180.12283,3145,1490088.2,2203425.81744,0
1773671640000,1.4770,1.4796,1.4769,1.4789,785048.0,1773671699999,1160813.88500,1954,460241.4,680466.96329,0
1773671700000,1.4789,1.4827,1.4787,1.4819,799239.7,1773671759999,1183751.75210,2403,528714.0,783127.15126,0
1773671760000,1.4819,1.4827,1.4809,1.4814,847936.6,1773671819999,1256355.98164,2002,425020.6,629770.83966,0
1773671820000,1.4815,1.4819,1.4780,1.4781,523035.1,1773671879999,774347.89051,1665,138819.7,205466.42250,0
1773671880000,1.4781,1.4808,1.4726,1.4731,906284.3,1773671939999,1338415.15040,3041,394565.9,582565.62269,0
1773671940000,1.4731,1.4773,1.4728,1.4741,1015498.6,1773671999999,1498152.63850,3102,485815.1,716682.41070,0
1773672000000,1.4740,1.4774,1.4738,1.4756,502401.7,1773672059999,741288.89786,1694,299774.5,442352.66139,0
1773672060000,1.4756,1.4761,1.4711,1.4713,1397135.5,1773672119999,2058565.58100,2845,300811.6,443314.53713,0
1773672120000,1.4714,1.4735,1.4709,1.4733,1296095.7,1773672179999,1908189.71480,3152,739767.5,1089228.21712,0
1773672180000,1.4733,1.4760,1.4728,1.4743,517468.8,1773672239999,763112.66494,1837,276517.6,407757.89946,0
1773672240000,1.4742,1.4759,1.4740,1.4758,367107.9,1773672299999,541507.72380,1182,255127.1,376340.01182,0
1773672300000,1.4758,1.4768,1.4747,1.4759,319155.0,1773672359999,471047.75306,1615,166087.4,245153.19951,0
1773672360000,1.4758,1.4788,1.4758,1.4788,708928.6,1773672419999,1047632.30495,2018,463877.0,685536.03715,0
1773672420000,1.4787,1.4787,1.4754,1.4756,478384.6,1773672479999,706508.97431,1734,238185.9,351763.19343,0
1773672480000,1.4757,1.4785,1.4756,1.4782,348293.9,1773672539999,514515.62338,1293,161893.7,239152.09703,0
1773672540000,1.4782,1.4800,1.4769,1.4769,699146.6,1773672599999,1033945.01057,1643,445651.9,659089.46138,0
1773672600000,1.4770,1.4780,1.4751,1.4777,766813.8,1773672659999,1131903.48497,1934,271550.7,400876.90684,0
1773672660000,1.4776,1.4800,1.4763,1.4800,462790.8,1773672719999,684045.07516,1705,218657.6,323253.16474,0
1773672720000,1.4800,1.4829,1.4797,1.4825,1334640.4,1773672779999,1977594.63341,2428,842458.8,1248192.29670,0
1773672780000,1.4826,1.4839,1.4826,1.4833,698531.3,1773672839999,1036084.58116,1816,441437.6,654743.21786,0
1773672840000,1.4833,1.4856,1.4819,1.4852,758724.0,1773672899999,1125935.80613,1758,409937.9,608468.81437,0
1773672900000,1.4851,1.4877,1.4848,1.4874,695471.5,1773672959999,1033801.52260,2167,432093.3,642325.01320,0
1773672960000,1.4875,1.4886,1.4872,1.4881,876243.7,1773673019999,1303912.39146,1630,449504.8,668906.39998,0
1773673020000,1.4880,1.4979,1.4877,1.4951,6324821.6,1773673079999,9448503.26272,8370,3839318.2,5733734.03553,0
1773673080000,1.4951,1.4955,1.4932,1.4950,2729637.4,1773673139999,4078940.40811,3520,1894398.2,2830711.67462,0
1773673140000,1.4950,1.5097,1.4943,1.5088,13577804.9,1773673199999,20391119.85245,14953,9433204.7,14164462.79413,0
1773673200000,1.5088,1.5130,1.5042,1.5107,6759983.6,1773673259999,10205910.74644,12259,3425228.0,5171902.25930,0
1773673260000,1.5106,1.5121,1.5089,1.5107,3324618.9,1773673319999,5021396.41620,5525,1932003.0,2918238.53286,0
1773673320000,1.5106,1.5113,1.4982,1.4990,3625453.9,1773673379999,5446833.54000,8000,1578369.9,2370993.64319,0
1773673380000,1.4989,1.5031,1.4989,1.4992,2058348.7,1773673439999,3089962.36845,4531,1190644.9,1787403.73071,0
1773673440000,1.4992,1.5024,1.4989,1.5009,2066961.6,1773673499999,3101333.47986,3466,1508807.9,2263636.59769,0
1773673500000,1.5009,1.5013,1.4952,1.4953,2430812.5,1773673559999,3641303.38871,4874,1095951.3,1641750.04679,0
1773673560000,1.4953,1.4994,1.4953,1.4994,890093.6,1773673619999,1333231.06228,2640,470852.6,705237.37478,0
1773673620000,1.4994,1.5007,1.4980,1.4981,1606959.1,1773673679999,2409566.17428,3403,958747.4,1437568.84483,0
1773673680000,1.4981,1.5101,1.4972,1.5096,8088753.6,1773673739999,12174841.72440,9576,5202451.9,7825473.09928,0
1773673740000,1.5097,1.5107,1.5070,1.5094,2506069.8,1773673799999,3782834.42989,4317,1253141.9,1891548.03258,0
1773673800000,1.5095,1.5097,1.5056,1.5059,1589649.3,1773673859999,2397473.58279,2819,541840.0,817138.47034,0
1773673860000,1.5059,1.5074,1.5038,1.5070,1584251.7,1773673919999,2385163.43148,3356,737360.0,1110184.51639,0
1773673920000,1.5070,1.5080,1.5057,1.5074,1119181.4,1773673979999,1686504.42762,2824,512280.1,771838.40211,0
1773673980000,1.5073,1.5113,1.5059,1.5109,798648.5,1773674039999,1204357.93753,2619,421203.9,635299.04667,0
1773674040000,1.5110,1.5130,1.5076,1.5077,1527732.7,1773674099999,2308872.70143,4099,853600.3,1290213.49360,0
1773674100000,1.5077,1.5078,1.5023,1.5052,2507155.7,1773674159999,3772135.77050,4714,1133871.7,1705845.06813,0
1773674160000,1.5051,1.5057,1.5041,1.5051,509669.6,1773674219999,766988.53617,2113,167709.1,252369.51125,0
1773674220000,1.5050,1.5085,1.5049,1.5072,723462.0,1773674279999,1090383.44361,2638,399683.7,602473.21837,0
1773674280000,1.5073,1.5119,1.5068,1.5099,993839.8,1773674339999,1500600.48816,3084,570300.6,860921.44725,0
1773674340000,1.5099,1.5150,1.5090,1.5136,1687386.5,1773674399999,2551969.16954,3620,1306672.0,1976439.84353,0
1773674400000,1.5136,1.5141,1.5102,1.5110,1406862.8,1773674459999,2127514.19386,3561,615617.5,930966.90838,0
1773674460000,1.5110,1.5113,1.5091,1.5109,1169473.0,1773674519999,1765785.46387,2764,591052.5,892361.61529,0
1773674520000,1.5108,1.5118,1.5102,1.5114,457077.4,1773674579999,690640.74305,1555,251862.3,380566.96183,0
1773674580000,1.5115,1.5116,1.5090,1.5105,1145264.6,1773674639999,1729318.79604,2593,371494.7,560874.01253,0
1773674640000,1.5104,1.5105,1.5088,1.5101,515793.8,1773674699999,778774.30560,1578,235067.4,354900.18250,0
1773674700000,1.5101,1.5104,1.5073,1.5088,582761.5,1773674759999,879448.50176,1875,181661.0,274126.53137,0
1773674760000,1.5087,1.5095,1.5085,1.5087,605012.1,1773674819999,912896.57289,1256,186132.2,280844.18955,0
1773674820000,1.5088,1.5097,1.5085,1.5086,488332.8,1773674879999,736898.64796,1191,142413.3,214917.03605,0
1773674880000,1.5086,1.5094,1.5071,1.5084,678189.1,1773674939999,1023050.25957,1807,405958.4,612443.76961,0
1773674940000,1.5085,1.5104,1.5076,1.5103,501515.4,1773674999999,756791.61648,1403,305848.1,461634.09579,0
1773675000000,1.5104,1.5158,1.5104,1.5123,989726.7,1773675059999,1497520.88978,3002,626227.5,947438.82882,0
1773675060000,1.5123,1.5123,1.5079,1.5081,1062320.6,1773675119999,1603239.89495,2572,452109.5,682290.83623,0
1773675120000,1.5081,1.5083,1.5039,1.5054,1481599.1,1773675179999,2230746.04289,3257,583974.1,879225.58166,0
1773675180000,1.5055,1.5058,1.5036,1.5044,655947.7,1773675239999,986974.32373,1831,313268.3,471407.81422,0
1773675240000,1.5045,1.5048,1.5025,1.5037,887421.5,1773675299999,1334429.37166,2134,373580.2,561777.98408,0
1773675300000,1.5038,1.5044,1.5034,1.5035,388264.3,1773675359999,583973.36312,1274,167808.8,252394.23225,0
1773675360000,1.5035,1.5046,1.5005,1.5011,1277311.1,1773675419999,1919004.68556,2677,550168.1,826607.88071,0
1773675420000,1.5012,1.5030,1.5008,1.5022,584563.1,1773675479999,878016.60116,1582,329575.5,495006.43600,0
1773675480000,1.5022,1.5028,1.4991,1.5001,1209119.3,1773675539999,1814093.49958,2416,459410.0,689246.73875,0
1773675540000,1.5002,1.5025,1.4999,1.5015,353843.4,1773675599999,531228.05061,1271,161438.6,242354.26785,0
1773675600000,1.5015,1.5019,1.5002,1.5004,455386.7,1773675659999,683560.64723,1296,290735.3,436380.32513,0
1773675660000,1.5005,1.5007,1.4974,1.4975,773318.6,1773675719999,1158768.81933,1604,195920.5,293599.80358,0
1773675720000,1.4975,1.4998,1.4974,1.4987,512263.0,1773675779999,767809.84715,1279,238925.0,358055.11989,0
1773675780000,1.4987,1.4992,1.4977,1.4991,284132.8,1773675839999,425762.71324,995,231439.5,346808.01369,0
1773675840000,1.4991,1.4992,1.4981,1.4981,182600.5,1773675899999,273657.40521,657,76330.4,114403.75430,0
1773675900000,1.4981,1.5021,1.4981,1.5017,526008.4,1773675959999,789072.70844,1883,388685.1,583068.32929,0
1773675960000,1.5018,1.5019,1.4992,1.4992,270998.7,1773676019999,406777.90835,1160,152319.1,228644.59885,0
1773676020000,1.4992,1.5027,1.4991,1.5015,283485.1,1773676079999,425724.56465,1146,197057.1,295936.45925,0
1773676080000,1.5015,1.5016,1.5002,1.5007,164269.1,1773676139999,246573.51973,967,90473.7,135802.48770,0
1773676140000,1.5007,1.5007,1.4989,1.4997,380806.4,1773676199999,571165.29839,1183,110248.3,165349.40399,0
1773676200000,1.4997,1.4999,1.4955,1.4964,771805.0,1773676259999,1155305.89827,2339,180256.4,269849.30312,0
1773676260000,1.4965,1.4980,1.4960,1.4968,284555.3,1773676319999,425922.84458,1265,178287.1,266870.45958,0
1773676320000,1.4969,1.4971,1.4955,1.4955,658542.5,1773676379999,985309.70183,1784,213255.3,319065.48393,0
1773676380000,1.4955,1.4955,1.4929,1.4938,1007391.0,1773676439999,1505054.18831,2411,473308.7,707056.67694,0
1773676440000,1.4937,1.4950,1.4936,1.4941,288358.0,1773676499999,430956.05412,951,150598.9,225070.59285,0
1773676500000,1.4942,1.4944,1.4932,1.4932,394157.9,1773676559999,588774.87531,1205,170221.2,254263.08755,0
1773676560000,1.4933,1.4950,1.4933,1.4945,481071.9,1773676619999,718822.11328,1226,275240.1,411254.14954,0
1773676620000,1.4946,1.4953,1.4922,1.4923,1186232.2,1773676679999,1772273.15967,1816,281738.4,420941.06306,0
1773676680000,1.4923,1.4934,1.4914,1.4914,764047.7,1773676739999,1140211.22799,2076,270744.5,404042.77823,0
1773676740000,1.4914,1.4931,1.4914,1.4924,265622.7,1773676799999,396446.43262,751,150231.0,224208.88282,0
1773676800000,1.4925,1.4939,1.4915,1.4930,671281.9,1773676859999,1001918.23862,2117,373693.2,557726.43388,0
1773676860000,1.4930,1.4934,1.4920,1.4920,259647.4,1773676919999,387564.52703,1454,133765.7,199667.70948,0
1773676920000,1.4919,1.4930,1.4909,1.4918,538268.3,1773676979999,803160.16201,1715,288956.6,431210.82809,0
1773676980000,1.4918,1.4943,1.4910,1.4943,1726102.7,1773677039999,2576050.50106,2463,1258252.4,1877640.94773,0
1773677040000,1.4943,1.4949,1.4928,1.4929,436562.7,1773677099999,652207.29702,1733,187238.5,279742.29861,0
1773677100000,1.4929,1.4952,1.4929,1.4943,519882.2,1773677159999,776798.74008,1670,378974.4,566247.20662,0
1773677160000,1.4942,1.4974,1.4941,1.4964,603948.1,1773677219999,903520.18823,1995,364165.7,544695.04627,0
1773677220000,1.4965,1.4986,1.4961,1.4986,438468.7,1773677279999,656482.56737,1418,305048.7,456756.01005,0
1773677280000,1.4985,1.4994,1.4972,1.4977,538478.3,1773677339999,806935.34083,1519,234006.0,350695.56354,0
1773677340000,1.4977,1.4981,1.4960,1.4966,228152.2,1773677399999,341558.22935,1222,100716.9,150785.17402,0
1773677400000,1.4966,1.4996,1.4965,1.4985,447470.0,1773677459999,670694.24675,1332,330357.0,495163.45873,0
1773677460000,1.4985,1.4986,1.4961,1.4967,708282.9,1773677519999,1060442.22298,1540,198585.4,297377.33794,0
1773677520000,1.4966,1.4966,1.4943,1.4945,1678202.1,1773677579999,2510308.70173,1793,212026.6,317063.75893,0
1773677580000,1.4944,1.4959,1.4940,1.4940,178583.3,1773677639999,266965.34490,1017,93410.6,139627.08678,0
1773677640000,1.4940,1.4942,1.4912,1.4931,2113683.9,1773677699999,3154755.60825,2800,901251.2,1344803.81876,0
1773677700000,1.4932,1.4938,1.4922,1.4923,306965.8,1773677759999,458302.19593,1319,148922.7,222348.46308,0
1773677760000,1.4923,1.4945,1.4917,1.4936,468487.1,1773677819999,699563.67366,1600,243752.4,363981.35849,0
1773677820000,1.4937,1.4973,1.4934,1.4948,509954.6,1773677879999,762541.21892,1705,311918.4,466361.79679,0
1773677880000,1.4948,1.4955,1.4938,1.4953,397474.7,1773677939999,594101.55128,1523,223773.1,334500.85422,0
1773677940000,1.4953,1.4957,1.4946,1.4956,187088.0,1773677999999,279718.83992,954,83983.8,125571.63030,0
1773678000000,1.4956,1.4978,1.4953,1.4978,359680.3,1773678059999,538208.26378,1153,233467.4,349380.56339,0
1773678060000,1.4978,1.4989,1.4972,1.4972,403327.0,1773678119999,604294.56347,1358,214072.1,320765.57411,0
1773678120000,1.4971,1.4981,1.4962,1.4963,373967.3,1773678179999,559880.87531,1361,142194.6,212858.25944,0
1773678180000,1.4963,1.4974,1.4961,1.4969,340293.2,1773678239999,509407.34038,951,138235.8,206920.54946,0
1773678240000,1.4969,1.4978,1.4953,1.4955,173073.0,1773678299999,259027.15513,989,45559.4,68179.84684,0
1773678300000,1.4955,1.4969,1.4938,1.4964,376240.1,1773678359999,562683.77113,1198,216886.5,324438.87679,0
1773678360000,1.4963,1.4972,1.4952,1.4969,229405.8,1773678419999,343215.86875,1076,96644.5,144587.94553,0
1773678420000,1.4969,1.4974,1.4955,1.4962,352609.7,1773678479999,527682.89641,1204,214593.5,321115.02738,0
1773678480000,1.4963,1.4980,1.4960,1.4979,191681.7,1773678539999,286914.29741,729,99925.0,149569.51888,0
1773678540000,1.4979,1.4999,1.4978,1.4997,467335.3,1773678599999,700395.17016,1125,202423.1,303386.35791,0
1773678600000,1.4998,1.5000,1.4974,1.4988,342812.0,1773678659999,513775.44120,1708,139584.5,209199.34749,0
1773678660000,1.4987,1.5032,1.4977,1.5031,1089776.3,1773678719999,1634601.07839,2759,829323.6,1243691.83571,0
1773678720000,1.5032,1.5044,1.5002,1.5015,531931.6,1773678779999,799361.30089,2014,307174.6,461622.07149,0
1773678780000,1.5015,1.5017,1.4990,1.5003,256140.8,1773678839999,384317.46391,996,70431.8,105665.98169,0
1773678840000,1.5003,1.5015,1.5001,1.5009,313717.0,1773678899999,470804.47874,1003,187150.3,280850.52464,0
1773678900000,1.5008,1.5034,1.5008,1.5028,266447.1,1773678959999,400301.21300,1129,97590.2,146593.08723,0
1773678960000,1.5028,1.5032,1.4990,1.4993,508536.0,1773679019999,763029.61429,1342,129950.7,194940.96046,0
1773679020000,1.4993,1.5011,1.4989,1.5006,213692.4,1773679079999,320470.56135,875,128150.8,192185.57507,0
1773679080000,1.5006,1.5016,1.5006,1.5015,97687.0,1773679139999,146643.73883,706,58116.8,87239.53706,0
1773679140000,1.5015,1.5017,1.5005,1.5016,139367.9,1773679199999,209242.80185,662,69550.5,104420.61335,0
1773679200000,1.5017,1.5033,1.5009,1.5022,214502.5,1773679259999,322214.79976,982,138161.8,207527.43271,0
1773679260000,1.5023,1.5064,1.5023,1.5040,769261.1,1773679319999,1157418.34224,2388,409450.5,616151.71697,0
1773679320000,1.5039,1.5051,1.5032,1.5041,211460.6,1773679379999,318057.10199,827,102054.4,153493.91235,0
1773679380000,1.5042,1.5048,1.5036,1.5039,220898.0,1773679439999,332270.84497,801,120839.4,181754.51869,0
1773679440000,1.5038,1.5042,1.5023,1.5028,478100.6,1773679499999,718653.43450,1316,97945.6,147221.30579,0
1773679500000,1.5028,1.5030,1.5015,1.5019,233325.4,1773679559999,350526.35230,1100,62875.7,94454.78251,0
1773679560000,1.5020,1.5060,1.5016,1.5058,333617.2,1773679619999,501807.92308,1387,253400.0,381128.03761,0
1773679620000,1.5058,1.5061,1.5014,1.5015,289017.4,1773679679999,434657.88589,1274,87880.0,132207.74756,0
1773679680000,1.5015,1.5028,1.5010,1.5023,235133.7,1773679739999,353129.72406,1013,143358.5,215287.16714,0
1773679740000,1.5023,1.5049,1.5020,1.5040,267157.0,1773679799999,401763.96975,1022,135858.9,204292.03653,0
1773679800000,1.5040,1.5057,1.5034,1.5057,229778.3,1773679859999,345752.47346,897,156948.9,236158.64508,0
1773679860000,1.5057,1.5062,1.5050,1.5057,140412.6,1773679919999,211394.97266,739,57024.7,85855.86907,0
1773679920000,1.5058,1.5095,1.5058,1.5093,1004849.9,1773679979999,1515250.85940,2682,667951.3,1007192.21172,0
1773679980000,1.5093,1.5093,1.5065,1.5074,474617.6,1773680039999,715432.80329,1182,242872.3,366004.81240,0
1773680040000,1.5074,1.5082,1.5067,1.5081,857013.8,1773680099999,1291858.35082,1114,553926.1,834990.45349,0
1773680100000,1.5080,1.5100,1.5080,1.5088,627087.8,1773680159999,946518.58408,1318,339829.1,512949.91759,0
1773680160000,1.5088,1.5102,1.5082,1.5095,539849.0,1773680219999,814833.57004,1852,344324.1,519728.45838,0
1773680220000,1.5094,1.5109,1.5075,1.5078,470293.6,1773680279999,709948.54591,1570,211419.9,319172.55018,0
1773680280000,1.5079,1.5097,1.5079,1.5081,344266.8,1773680339999,519542.84714,1161,188972.8,285157.95673,0
1773680340000,1.5082,1.5082,1.5076,1.5079,111881.1,1773680399999,168704.64638,538,57614.5,86876.62285,0
1773680400000,1.5080,1.5102,1.5077,1.5094,540015.5,1773680459999,814645.61232,1668,263948.5,398218.75581,0
1773680460000,1.5095,1.5095,1.5065,1.5082,790893.9,1773680519999,1192855.62832,2615,271900.9,409965.85097,0
1773680520000,1.5083,1.5095,1.5077,1.5083,272851.2,1773680579999,411564.80234,1516,113056.7,170537.07327,0
1773680580000,1.5083,1.5090,1.5055,1.5062,481902.9,1773680639999,726345.96784,2113,190439.1,287074.28226,0
1773680640000,1.5062,1.5077,1.5048,1.5076,462726.4,1773680699999,697154.19992,1958,205179.0,309171.67512,0
1773680700000,1.5075,1.5110,1.5073,1.5101,711473.4,1773680759999,1074001.05600,2242,508681.6,767836.34569,0
1773680760000,1.5101,1.5113,1.5094,1.5100,481895.6,1773680819999,727849.71999,1869,255028.6,385177.89558,0
1773680820000,1.5100,1.5111,1.5096,1.5109,840111.8,1773680879999,1268852.09412,2062,591922.2,893998.02856,0
1773680880000,1.5108,1.5109,1.5092,1.5102,240463.6,1773680939999,363065.47772,1262,122322.7,184687.25217,0
1773680940000,1.5101,1.5102,1.5082,1.5096,217565.5,1773680999999,328276.08253,1035,94311.3,142306.47766,0
1773681000000,1.5096,1.5100,1.5081,1.5095,318580.0,1773681059999,480700.15226,1136,90478.1,136549.86629,0
1773681060000,1.5095,1.5117,1.5090,1.5117,362941.5,1773681119999,548226.73477,1188,258755.4,390922.44423,0
1773681120000,1.5117,1.5117,1.5092,1.5100,573394.9,1773681179999,865972.94678,1395,142139.0,214659.23405,0
1773681180000,1.5101,1.5104,1.5090,1.5090,159774.7,1773681239999,241225.65710,750,46083.8,69581.14188,0
1773681240000,1.5091,1.5091,1.5074,1.5076,215280.4,1773681299999,324681.75592,980,72411.2,109209.16502,0
1773681300000,1.5077,1.5094,1.5064,1.5094,857432.0,1773681359999,1292742.52772,2339,421178.6,635039.54507,0
1773681360000,1.5094,1.5097,1.5062,1.5064,438549.7,1773681419999,661568.65245,1412,134607.3,203038.18923,0
1773681420000,1.5065,1.5072,1.5056,1.5065,244391.6,1773681479999,368149.25586,1291,55612.9,83778.25640,0
1773681480000,1.5065,1.5073,1.5055,1.5071,306582.2,1773681539999,461773.21427,1197,85309.6,128501.10575,0
1773681540000,1.5070,1.5082,1.5069,1.5075,112617.4,1773681599999,169784.58456,750,51344.4,77409.52457,0
1773681600000,1.5075,1.5092,1.5075,1.5092,167869.9,1773681659999,253250.06735,805,86144.5,129957.30352,0
1773681660000,1.5091,1.5094,1.5070,1.5070,220579.3,1773681719999,332644.38484,814,45053.1,67936.67874,0
1773681720000,1.5070,1.5088,1.5061,1.5081,204484.2,1773681779999,308188.59479,1058,100402.6,151324.51691,0
1773681780000,1.5081,1.5090,1.5077,1.5089,288612.0,1773681839999,435311.18931,873,196274.8,296043.20796,0
1773681840000,1.5089,1.5089,1.5081,1.5082,80372.3,1773681899999,121233.26134,475,31240.6,47120.47451,0
1773681900000,1.5083,1.5090,1.5079,1.5089,84475.3,1773681959999,127410.49623,517,36847.6,55576.88364,0
1773681960000,1.5090,1.5090,1.5081,1.5086,208823.3,1773682019999,315019.44941,741,68362.9,103123.93225,0
1773682020000,1.5085,1.5089,1.5077,1.5086,211916.0,1773682079999,319644.17909,856,56405.5,85085.11716,0
1773682080000,1.5085,1.5095,1.5071,1.5094,457345.6,1773682139999,689817.42304,1312,216327.6,326380.67403,0
1773682140000,1.5094,1.5094,1.5078,1.5078,126490.7,1773682199999,190859.20133,727,20314.5,30650.48035,0
1773682200000,1.5079,1.5087,1.5077,1.5085,230778.0,1773682259999,348076.35358,983,112811.6,170151.07384,0
1773682260000,1.5086,1.5124,1.5079,1.5107,1174089.7,1773682319999,1773976.55728,2269,748642.6,1131317.54838,0
1773682320000,1.5106,1.5106,1.5083,1.5088,246895.8,1773682379999,372696.87359,1246,90152.6,136075.37655,0
1773682380000,1.5087,1.5087,1.5053,1.5058,416311.8,1773682439999,627202.33228,1669,82388.7,124110.36467,0
1773682440000,1.5059,1.5070,1.5058,1.5067,225018.2,1773682499999,338970.28032,963,97748.0,147243.06516,0
1773682500000,1.5067,1.5079,1.5066,1.5079,272628.3,1773682559999,410880.60952,1066,147345.5,222064.29844,0
1773682560000,1.5079,1.5116,1.5078,1.5112,449841.9,1773682619999,679360.11187,1407,228107.4,344422.99237,0
1773682620000,1.5112,1.5127,1.5093,1.5124,475606.0,1773682679999,718771.93119,1675,262510.9,396767.21709,0
1773682680000,1.5123,1.5143,1.5118,1.5139,829868.9,1773682739999,1255746.96213,2254,538530.2,814979.97646,0
1773682740000,1.5140,1.5141,1.5125,1.5127,329539.0,1773682799999,498661.83786,1244,112218.1,169808.20790,0
1773682800000,1.5127,1.5129,1.5115,1.5127,351404.9,1773682859999,531461.57484,1387,215923.6,326576.88485,0
1773682860000,1.5126,1.5174,1.5125,1.5162,1350537.9,1773682919999,2046886.71510,3644,867632.4,1315000.87966,0
1773682920000,1.5161,1.5162,1.5126,1.5126,635579.3,1773682979999,962993.54492,1937,196584.4,297900.63921,0
1773682980000,1.5125,1.5133,1.5118,1.5132,300330.6,1773683039999,454293.81309,971,122789.2,185729.17913,0
1773683040000,1.5131,1.5138,1.5123,1.5137,174112.7,1773683099999,263445.48221,811,83906.5,126953.11918,0
1773683100000,1.5136,1.5145,1.5124,1.5131,392159.2,1773683159999,593559.55452,1286,133405.7,201890.93491,0
1773683160000,1.5130,1.5153,1.5129,1.5140,721729.3,1773683219999,1092712.46119,1728,580727.1,879239.57431,0
1773683220000,1.5141,1.5186,1.5136,1.5174,926982.3,1773683279999,1405948.25656,2936,556878.1,844687.22928,0
1773683280000,1.5174,1.5178,1.5156,1.5178,574522.5,1773683339999,871450.19843,1862,271086.7,411146.27825,0
1773683340000,1.5177,1.5177,1.5144,1.5159,748158.8,1773683399999,1134414.27403,1937,199367.9,302198.37537,0
1773683400000,1.5158,1.5159,1.5123,1.5142,401251.1,1773683459999,607577.23914,1778,136080.3,206026.05462,0
1773683460000,1.5143,1.5166,1.5143,1.5159,369952.1,1773683519999,560691.23212,1596,188126.4,285103.87604,0
1773683520000,1.5159,1.5161,1.5152,1.5156,301365.3,1773683579999,456785.53335,1079,143320.0,217247.03106,0
1773683580000,1.5156,1.5156,1.5138,1.5147,233491.7,1773683639999,353572.42190,1231,67478.0,102188.11582,0
1773683640000,1.5146,1.5160,1.5142,1.5154,329759.5,1773683699999,499550.87759,1311,175874.9,266419.21150,0
1773683700000,1.5154,1.5158,1.5142,1.5157,548131.3,1773683759999,830273.73064,1390,133429.0,202146.16579,0
1773683760000,1.5157,1.5169,1.5150,1.5169,155992.2,1773683819999,236477.61204,985,89864.8,136234.66797,0
1773683820000,1.5169,1.5179,1.5163,1.5164,226657.4,1773683879999,343879.97276,1127,107395.6,162949.00891,0
1773683880000,1.5163,1.5169,1.5158,1.5164,141899.3,1773683939999,215159.48227,807,80851.6,122586.41739,0
1773683940000,1.5164,1.5179,1.5163,1.5178,218862.6,1773683999999,332067.83551,878,132091.0,200404.97606,0
1773684000000,1.5178,1.5178,1.5158,1.5163,589385.7,1773684059999,893881.94696,1814,285280.0,432650.72440,0
1773684060000,1.5163,1.5184,1.5162,1.5179,490926.1,1773684119999,744966.09539,1669,256849.2,389781.04606,0
1773684120000,1.5180,1.5188,1.5170,1.5171,413465.3,1773684179999,627615.79896,1566,219940.2,333878.49787,0
1773684180000,1.5171,1.5179,1.5163,1.5167,391630.4,1773684239999,594125.47158,1319,215283.1,326551.95463,0
1773684240000,1.5167,1.5178,1.5155,1.5171,589180.1,1773684299999,893476.95307,1670,185855.6,281907.87474,0
1773684300000,1.5171,1.5183,1.5168,1.5175,455798.4,1773684359999,691758.24928,1359,203233.8,308441.47394,0
1773684360000,1.5176,1.5192,1.5172,1.5189,723587.4,1773684419999,1098579.41191,1874,348045.4,528410.42355,0
1773684420000,1.5189,1.5209,1.5183,1.5208,2841641.9,1773684479999,4317933.55006,4201,1418501.4,2155995.87360,0
1773684480000,1.5209,1.5247,1.5193,1.5243,2871220.9,1773684539999,4371865.29904,6187,2156860.2,3284510.92986,0
1773684540000,1.5242,1.5281,1.5240,1.5272,2614661.9,1773684599999,3989543.36842,5391,1818307.9,2774657.44385,0
1773684600000,1.5272,1.5272,1.5240,1.5247,934421.2,1773684659999,1425289.71811,2616,325455.1,496399.87854,0
1773684660000,1.5246,1.5261,1.5238,1.5242,1107866.1,1773684719999,1689178.59843,2475,591152.5,901318.69270,0
1773684720000,1.5243,1.5257,1.5238,1.5253,827263.9,1773684779999,1261339.44227,2132,368445.7,561787.48653,0
1773684780000,1.5253,1.5259,1.5240,1.5247,339661.7,1773684839999,517952.10199,1459,153946.6,234753.39402,0
1773684840000,1.5247,1.5256,1.5237,1.5243,747227.2,1773684899999,1139267.42050,2087,358827.0,547116.10710,0
1773684900000,1.5243,1.5263,1.5224,1.5263,1749958.8,1773684959999,2668336.42183,2557,1420045.5,2165586.59574,0
1773684960000,1.5263,1.5331,1.5260,1.5331,5303685.5,1773685019999,8110019.33879,7579,3594182.3,5495745.99513,0
1773685020000,1.5331,1.5357,1.5322,1.5346,3543808.5,1773685079999,5437030.04910,6080,1793980.2,2752216.96063,0
1773685080000,1.5346,1.5358,1.5337,1.5348,1580101.5,1773685139999,2425127.34061,3110,1026817.3,1575970.46496,0
1773685140000,1.5348,1.5354,1.5293,1.5296,2565855.0,1773685199999,3932653.37152,4473,1029026.0,1577931.66670,0
1773685200000,1.5295,1.5312,1.5268,1.5304,1110971.2,1773685259999,1698584.56166,3470,521784.8,797888.14415,0
1773685260000,1.5304,1.5319,1.5302,1.5305,739709.0,1773685319999,1132377.73608,1958,376259.0,576000.91767,0
1773685320000,1.5305,1.5350,1.5304,1.5335,757873.3,1773685379999,1161957.34262,2274,353612.3,542023.82326,0
1773685380000,1.5334,1.5362,1.5328,1.5346,768962.9,1773685439999,1179976.08676,2310,382558.2,587019.88703,0
1773685440000,1.5347,1.5393,1.5346,1.5374,1669227.9,1773685499999,2566428.04073,4305,1048472.2,1612076.89395,0
1773685500000,1.5374,1.5398,1.5368,1.5387,952235.9,1773685559999,1464920.68454,2781,435171.0,669468.15759,0
1773685560000,1.5388,1.5439,1.5385,1.5405,6106884.8,1773685619999,9409593.51431,8467,4066899.7,6265812.62711,0
1773685620000,1.5406,1.5417,1.5391,1.5417,837432.8,1773685679999,1290060.82401,2285,349711.6,538703.05213,0
1773685680000,1.5417,1.5417,1.5398,1.5411,595925.2,1773685739999,918282.38338,1672,216245.5,333209.73657,0
1773685740000,1.5412,1.5419,1.5401,1.5406,1007438.1,1773685799999,1552408.93952,2443,312352.5,481318.25277,0
1773685800000,1.5406,1.5414,1.5384,1.5395,871041.2,1773685859999,1341023.62126,2371,315462.6,485679.54670,0
1773685860000,1.5395,1.5410,1.5373,1.5388,1788265.0,1773685919999,2751726.05669,2721,392756.6,604517.90771,0
1773685920000,1.5387,1.5387,1.5359,1.5373,590397.6,1773685979999,907444.55173,2059,244993.6,376527.78907,0
1773685980000,1.5373,1.5386,1.5367,1.5368,487009.7,1773686039999,748874.90705,1689,262182.6,403178.85974,0
1773686040000,1.5367,1.5399,1.5367,1.5387,694042.2,1773686099999,1067887.85712,2296,407976.1,627662.70511,0
1773686100000,1.5387,1.5391,1.5376,1.5382,519781.6,1773686159999,799584.16154,1599,192403.1,295979.13225,0
1773686160000,1.5381,1.5381,1.5351,1.5352,897614.8,1773686219999,1379417.05337,2278,516697.6,794097.86646,0
1773686220000,1.5351,1.5357,1.5315,1.5329,1063373.2,1773686279999,1630982.78700,2841,336970.4,516831.27771,0
1773686280000,1.5328,1.5337,1.5312,1.5332,915771.3,1773686339999,1403566.98216,2203,357180.1,547401.83217,0
1773686340000,1.5333,1.5368,1.5330,1.5368,585907.0,1773686399999,898942.13137,1832,377318.1,578937.48672,0
1773686400000,1.5369,1.5394,1.5367,1.5387,1190200.4,1773686459999,1830408.84157,2551,551955.3,848902.30882,0
1773686460000,1.5386,1.5418,1.5379,1.5396,1284320.6,1773686519999,1978172.05463,3162,699861.3,1077878.96413,0
1773686520000,1.5395,1.5417,1.5392,1.5408,715295.8,1773686579999,1101849.44780,2201,402731.4,620338.92446,0
1773686580000,1.5408,1.5408,1.5379,1.5389,633715.2,1773686639999,975254.47432,1764,269807.2,415180.17219,0
1773686640000,1.5388,1.5396,1.5374,1.5377,836082.8,1773686699999,1286003.46495,1763,421457.1,648223.01803,0
1773686700000,1.5378,1.5379,1.5336,1.5353,607559.1,1773686759999,933009.59053,2344,263689.5,404872.20878,0
1773686760000,1.5352,1.5355,1.5338,1.5347,397629.5,1773686819999,610311.23828,1698,213094.5,327088.92963,0
1773686820000,1.5347,1.5367,1.5335,1.5366,824178.0,1773686879999,1264663.05134,2349,323655.0,496680.32976,0
1773686880000,1.5366,1.5396,1.5365,1.5391,1130184.9,1773686939999,1738839.53022,2227,745675.9,1147363.81346,0
1773686940000,1.5391,1.5392,1.5375,1.5386,250944.7,1773686999999,386058.33313,1165,110702.7,170296.91600,0
1773687000000,1.5387,1.5394,1.5346,1.5351,720193.4,1773687059999,1106589.67752,2141,176252.7,270748.25367,0
1773687060000,1.5351,1.5375,1.5349,1.5371,672680.0,1773687119999,1033038.11124,1660,345668.9,530814.28550,0
1773687120000,1.5371,1.5371,1.5352,1.5362,455841.0,1773687179999,700168.89544,2258,214413.8,329292.76231,0
1773687180000,1.5363,1.5379,1.5351,1.5354,375660.1,1773687239999,577271.92150,1135,124453.0,191239.93294,0
1773687240000,1.5353,1.5362,1.5350,1.5354,279116.2,1773687299999,428586.08002,1071,106209.4,163080.07088,0
1773687300000,1.5355,1.5358,1.5343,1.5343,243997.7,1773687359999,374522.86380,989,70193.4,107753.04944,0
1773687360000,1.5344,1.5348,1.5319,1.5343,1058917.1,1773687419999,1623910.11082,1931,572994.3,878742.41832,0
1773687420000,1.5343,1.5374,1.5337,1.5371,375729.5,1773687479999,577109.92329,1317,198833.2,305342.55569,0
1773687480000,1.5371,1.5377,1.5361,1.5365,296344.1,1773687539999,455477.17900,1017,124826.1,191847.55469,0
1773687540000,1.5364,1.5364,1.5337,1.5349,435630.4,1773687599999,668707.25773,1558,92262.6,141605.97656,0
1773687600000,1.5348,1.5352,1.5336,1.5345,657157.1,1773687659999,1008276.26632,1824,301241.0,462222.11643,0
1773687660000,1.5345,1.5348,1.5316,1.5348,661790.5,1773687719999,1014851.36846,1934,320394.9,491321.61574,0
1773687720000,1.5348,1.5363,1.5346,1.5349,737281.6,1773687779999,1132128.15722,1885,374320.3,574775.79277,0
1773687780000,1.5349,1.5349,1.5328,1.5330,600087.4,1773687839999,920612.14111,1671,278753.8,427607.65685,0
1773687840000,1.5331,1.5331,1.5280,1.5299,1618807.6,1773687899999,2475730.33167,3452,527778.1,807117.90094,0
1773687900000,1.5298,1.5300,1.5285,1.5290,753091.0,1773687959999,1151686.88447,1834,382469.4,584868.71699,0
1773687960000,1.5291,1.5311,1.5291,1.5310,465457.8,1773688019999,712242.34633,1633,252097.9,385746.63330,0
1773688020000,1.5310,1.5340,1.5310,1.5331,731096.5,1773688079999,1120742.56934,2231,390016.0,597794.20377,0
1773688080000,1.5331,1.5370,1.5326,1.5370,712975.2,1773688139999,1094467.41245,2146,404354.7,620657.37364,0
1773688140000,1.5370,1.5415,1.5369,1.5406,1590311.4,1773688199999,2447760.51875,3799,974835.9,1500440.36196,0
1773688200000,1.5405,1.5423,1.5363,1.5378,1845280.7,1773688259999,2842400.45221,4458,785062.6,1209413.29965,0
1773688260000,1.5378,1.5389,1.5362,1.5362,649673.7,1773688319999,999179.31613,2509,380995.0,586000.25353,0
1773688320000,1.5362,1.5372,1.5351,1.5354,406906.4,1773688379999,625097.33776,1769,206740.0,317587.70943,0
1773688380000,1.5354,1.5367,1.5328,1.5366,551668.4,1773688439999,846531.56391,2392,249045.0,382245.85581,0
1773688440000,1.5366,1.5385,1.5364,1.5384,596589.8,1773688499999,917284.87776,2370,378411.3,581817.39288,0
1773688500000,1.5384,1.5407,1.5381,1.5407,607502.6,1773688559999,935119.69089,2322,355945.0,547968.48544,0
1773688560000,1.5407,1.5417,1.5387,1.5399,656993.1,1773688619999,1011902.76030,2056,222405.0,342525.82942,0
1773688620000,1.5400,1.5404,1.5380,1.5385,277137.6,1773688679999,426488.90301,1252,125068.3,192460.97146,0
1773688680000,1.5385,1.5385,1.5357,1.5358,378447.9,1773688739999,581678.29774,1549,167866.8,257961.03521,0
1773688740000,1.5357,1.5360,1.5333,1.5339,577904.2,1773688799999,887043.36211,1686,299865.5,460244.60068,0
1773688800000,1.5338,1.5368,1.5338,1.5350,561358.9,1773688859999,861773.09044,1764,346985.1,532667.56912,0
1773688860000,1.5350,1.5352,1.5326,1.5327,389271.9,1773688919999,597055.14460,1353,193060.9,296084.79041,0
1773688920000,1.5327,1.5335,1.5318,1.5330,204414.1,1773688979999,313297.59784,1088,115262.3,176646.60460,0
1773688980000,1.5330,1.5341,1.5327,1.5339,469107.2,1773689039999,719307.43724,1481,163401.7,250555.87009,0
1773689040000,1.5338,1.5342,1.5328,1.5333,179514.7,1773689099999,275280.33066,938,88624.0,135895.97827,0
1773689100000,1.5332,1.5338,1.5321,1.5322,192186.2,1773689159999,294674.59405,770,83811.8,128514.45460,0
1773689160000,1.5321,1.5326,1.5298,1.5309,498124.5,1773689219999,762471.55923,1933,130985.0,200509.71091,0
1773689220000,1.5309,1.5320,1.5307,1.5319,213700.5,1773689279999,327241.80548,959,96554.7,147845.60754,0
1773689280000,1.5320,1.5336,1.5311,1.5335,321296.5,1773689339999,492326.24845,995,202757.4,310698.44567,0
1773689340000,1.5336,1.5368,1.5335,1.5355,396472.1,1773689399999,608662.36218,1730,194925.4,299270.74468,0
1773689400000,1.5355,1.5362,1.5339,1.5342,662913.4,1773689459999,1017547.10582,1985,221835.2,340514.08788,0
1773689460000,1.5342,1.5356,1.5342,1.5347,145807.1,1773689519999,223819.05420,862,102828.0,157843.01011,0
1773689520000,1.5347,1.5368,1.5335,1.5358,228627.0,1773689579999,350941.28772,1315,175907.5,270011.42339,0
1773689580000,1.5359,1.5364,1.5349,1.5349,243463.9,1773689639999,373922.49659,963,114327.6,175576.26172,0
1773689640000,1.5349,1.5352,1.5341,1.5341,188331.5,1773689699999,288994.48856,721,60312.2,92561.41146,0
1773689700000,1.5341,1.5347,1.5332,1.5340,346363.4,1773689759999,531273.46231,1245,200758.2,307934.53404,0
1773689760000,1.5339,1.5340,1.5330,1.5332,278249.4,1773689819999,426702.15017,983,79852.3,122455.94243,0
1773689820000,1.5332,1.5342,1.5326,1.5328,279011.4,1773689879999,427943.81820,1104,90357.7,138577.11870,0
1773689880000,1.5328,1.5332,1.5306,1.5320,426735.8,1773689939999,653502.26169,1186,46115.3,70648.90727,0
1773689940000,1.5320,1.5325,1.5312,1.5321,359031.9,1773689999999,550010.83683,1069,171524.4,262731.69450,0
1773690000000,1.5321,1.5323,1.5312,1.5315,220527.6,1773690059999,337805.81853,821,114337.3,175133.64351,0
1773690060000,1.5315,1.5326,1.5302,1.5302,300368.0,1773690119999,460077.22617,1073,77112.4,118127.93490,0
1773690120000,1.5302,1.5307,1.5299,1.5301,245451.8,1773690179999,375613.32625,959,80391.3,123030.62313,0
1773690180000,1.5301,1.5301,1.5291,1.5297,222146.4,1773690239999,339780.15408,844,74649.6,114172.95766,0
1773690240000,1.5296,1.5299,1.5291,1.5295,179667.5,1773690299999,274810.42651,633,50026.9,76516.20112,0
1773690300000,1.5295,1.5303,1.5264,1.5265,830645.6,1773690359999,1269377.72760,2133,154510.2,236228.92372,0
1773690360000,1.5265,1.5269,1.5238,1.5246,1350926.4,1773690419999,2060931.52010,2758,406457.9,619882.93372,0
1773690420000,1.5245,1.5260,1.5244,1.5253,820050.2,1773690479999,1250686.05528,1707,377305.2,575444.79975,0
1773690480000,1.5253,1.5255,1.5244,1.5252,788078.0,1773690539999,1201821.36127,1467,281129.8,428707.56345,0
1773690540000,1.5252,1.5253,1.5240,1.5242,290609.5,1773690599999,443022.20802,957,74987.8,114314.85500,0
1773690600000,1.5243,1.5246,1.5236,1.5243,464578.0,1773690659999,708093.27635,1125,255857.5,389965.50337,0
1773690660000,1.5243,1.5258,1.5235,1.5236,387787.2,1773690719999,591209.63522,1059,226741.2,345660.31000,0
1773690720000,1.5235,1.5235,1.5214,1.5215,806550.1,1773690779999,1227992.25346,2122,400974.5,610479.88169,0
1773690780000,1.5216,1.5236,1.5204,1.5235,1014754.6,1773690839999,1544021.55494,1748,399260.1,607603.61436,0
1773690840000,1.5234,1.5234,1.5212,1.5218,466404.4,1773690899999,709979.64589,1272,200610.6,305379.11647,0
1773690900000,1.5218,1.5235,1.5218,1.5234,497239.8,1773690959999,757120.92173,1412,354527.2,539792.18983,0
1773690960000,1.5235,1.5244,1.5222,1.5223,1116631.5,1773691019999,1701184.46541,1716,425178.9,647581.82530,0
1773691020000,1.5223,1.5225,1.5201,1.5205,738521.7,1773691079999,1123269.26386,1758,263619.3,400869.67271,0
1773691080000,1.5205,1.5232,1.5205,1.5230,364578.3,1773691139999,554907.43354,1031,254564.0,387441.11635,0
1773691140000,1.5230,1.5318,1.5220,1.5293,6528665.7,1773691199999,9973007.53452,8880,4454145.6,6802004.17872,0
1773691200000,1.5294,1.5300,1.5252,1.5261,1408908.7,1773691259999,2151276.23213,3011,677876.2,1034704.28332,0
1773691260000,1.5261,1.5277,1.5261,1.5262,697850.2,1773691319999,1065498.93148,2071,501465.6,765640.20633,0
1773691320000,1.5261,1.5267,1.5248,1.5251,648473.5,1773691379999,989187.89665,1759,229502.7,350116.20426,0
1773691380000,1.5252,1.5260,1.5242,1.5253,557328.4,1773691439999,849934.55030,1519,300442.2,458211.77324,0
1773691440000,1.5253,1.5273,1.5250,1.5266,482220.0,1773691499999,735922.99231,1649,234307.4,357560.30621,0
1773691500000,1.5266,1.5270,1.5250,1.5251,430179.6,1773691559999,656436.99381,1443,251748.5,384163.05628,0
1773691560000,1.5251,1.5257,1.5244,1.5251,525205.7,1773691619999,800969.84664,1677,249635.1,380683.90340,0
1773691620000,1.5252,1.5265,1.5247,1.5264,224318.6,1773691679999,342206.72085,1085,95329.2,145429.22621,0
1773691680000,1.5265,1.5265,1.5245,1.5257,392621.7,1773691739999,598811.39450,1439,188893.6,288061.33045,0
1773691740000,1.5258,1.5258,1.5243,1.5243,149735.8,1773691799999,228369.25965,803,40930.0,62404.20886,0
1773691800000,1.5244,1.5263,1.5243,1.5257,369593.5,1773691859999,563642.17414,1316,254785.2,388511.62040,0
1773691860000,1.5258,1.5275,1.5257,1.5265,445015.1,1773691919999,679372.44192,1439,262760.0,401123.25692,0
1773691920000,1.5265,1.5272,1.5255,1.5264,206516.2,1773691979999,315143.86926,993,91219.8,139200.59160,0
1773691980000,1.5265,1.5269,1.5264,1.5265,79743.2,1773692039999,121736.41835,677,39738.6,60662.18977,0
1773692040000,1.5266,1.5266,1.5259,1.5259,60410.9,1773692099999,92200.90425,726,31369.3,47875.19244,0
1773692100000,1.5259,1.5272,1.5245,1.5271,382677.0,1773692159999,584033.77800,1453,237726.5,362765.34844,0
1773692160000,1.5271,1.5285,1.5268,1.5285,242962.7,1773692219999,371161.67932,1050,209993.3,320801.28508,0
1773692220000,1.5285,1.5288,1.5273,1.5274,335408.1,1773692279999,512573.66135,1184,113870.9,174000.96393,0
1773692280000,1.5274,1.5274,1.5262,1.5262,217409.8,1773692339999,331917.10548,694,114665.2,175051.83760,0
1773692340000,1.5262,1.5263,1.5242,1.5246,310397.8,1773692399999,473380.32671,1316,123207.4,187858.32839,0
1773692400000,1.5246,1.5253,1.5242,1.5251,184931.5,1773692459999,281929.43406,725,132567.2,202092.57887,0
1773692460000,1.5251,1.5272,1.5246,1.5271,275332.0,1773692519999,420107.97121,1006,201720.3,307767.13237,0
1773692520000,1.5272,1.5274,1.5257,1.5263,280188.1,1773692579999,427780.83386,1045,124387.2,189894.11410,0
1773692580000,1.5263,1.5264,1.5249,1.5253,101202.1,1773692639999,154375.40633,484,40235.9,61363.92605,0
1773692640000,1.5254,1.5268,1.5250,1.5263,128430.0,1773692699999,195976.05016,679,87564.7,133606.84611,0
1773692700000,1.5263,1.5264,1.5251,1.5263,282031.0,1773692759999,430330.41776,876,179275.0,273532.94264,0
1773692760000,1.5264,1.5274,1.5263,1.5267,232274.1,1773692819999,354671.99578,893,152504.2,232870.67317,0
1773692820000,1.5268,1.5279,1.5265,1.5276,531333.7,1773692879999,811503.08159,1310,291546.6,445236.63055,0
1773692880000,1.5275,1.5285,1.5275,1.5283,120794.4,1773692939999,184560.66466,559,52149.7,79682.17066,0
1773692940000,1.5284,1.5294,1.5275,1.5275,315750.2,1773692999999,482608.78800,1118,159760.1,244205.69572,0
1773693000000,1.5275,1.5286,1.5275,1.5284,238864.8,1773693059999,365068.24139,631,114860.6,175549.90437,0
1773693060000,1.5284,1.5284,1.5273,1.5279,275418.0,1773693119999,420795.77996,959,85382.3,130459.31600,0
1773693120000,1.5279,1.5287,1.5275,1.5280,175539.9,1773693179999,268226.80479,661,65990.8,100829.08914,0
1773693180000,1.5280,1.5286,1.5271,1.5286,277796.7,1773693239999,424431.76211,940,109827.2,167802.96213,0
1773693240000,1.5285,1.5292,1.5276,1.5292,245327.7,1773693299999,374957.65863,852,145164.4,221861.33732,0
1773693300000,1.5291,1.5293,1.5274,1.5283,359588.2,1773693359999,549571.28848,1109,117780.7,180016.03695,0
1773693360000,1.5283,1.5286,1.5275,1.5280,213092.3,1773693419999,325615.57770,765,109504.2,167324.77907,0
1773693420000,1.5279,1.5284,1.5279,1.5284,65278.2,1773693479999,99753.51670,469,37517.5,57332.46675,0
1773693480000,1.5284,1.5307,1.5283,1.5297,375963.6,1773693539999,575049.96187,1123,272737.0,417158.98192,0
1773693540000,1.5297,1.5298,1.5271,1.5284,486711.7,1773693599999,743983.17787,1141,213926.1,327058.07942,0
1773693600000,1.5285,1.5285,1.5278,1.5278,155246.5,1773693659999,237246.05094,464,106419.1,162632.05829,0
1773693660000,1.5278,1.5279,1.5247,1.5248,326270.6,1773693719999,497993.85530,1163,90611.8,138274.51956,0
1773693720000,1.5249,1.5249,1.5231,1.5242,301464.5,1773693779999,459393.62128,1121,167628.6,255439.68749,0
1773693780000,1.5242,1.5243,1.5236,1.5242,181528.5,1773693839999,276643.97326,588,108704.1,165663.22584,0
1773693840000,1.5243,1.5243,1.5228,1.5237,322544.2,1773693899999,491354.26270,1058,213862.5,325773.68600,0
1773693900000,1.5237,1.5241,1.5232,1.5232,128709.1,1773693959999,196093.94825,713,28780.0,43848.46202,0
1773693960000,1.5231,1.5245,1.5228,1.5244,191184.3,1773694019999,291279.81909,877,97795.6,148994.59603,0
1773694020000,1.5244,1.5247,1.5238,1.5242,154410.5,1773694079999,235360.16672,752,97712.4,148936.81074,0
1773694080000,1.5242,1.5249,1.5240,1.5248,287664.5,1773694139999,438541.06572,846,145119.1,221215.50609,0
1773694140000,1.5248,1.5252,1.5239,1.5242,132741.9,1773694199999,202369.31728,811,35414.7,53994.58433,0
1773694200000,1.5243,1.5258,1.5243,1.5256,151976.1,1773694259999,231811.37127,953,70408.6,107392.52233,0
1773694260000,1.5253,1.5270,1.5253,1.5259,230402.5,1773694319999,351651.42676,1071,142751.1,217877.11209,0
1773694320000,1.5260,1.5273,1.5257,1.5270,142899.8,1773694379999,218106.54462,834,55340.3,84472.79153,0
1773694380000,1.5269,1.5272,1.5258,1.5266,115067.8,1773694439999,175669.03891,722,47111.1,71918.58313,0
1773694440000,1.5267,1.5278,1.5262,1.5275,215315.5,1773694499999,328762.07589,937,156569.2,239061.02472,0
1773694500000,1.5276,1.5280,1.5273,1.5276,247960.0,1773694559999,378794.28863,690,131824.9,201376.46042,0
1773694560000,1.5276,1.5277,1.5269,1.5276,100189.8,1773694619999,153019.25069,714,64246.2,98120.42337,0
1773694620000,1.5276,1.5279,1.5269,1.5276,157304.2,1773694679999,240266.86714,818,72600.8,110892.39983,0
1773694680000,1.5277,1.5283,1.5276,1.5277,156308.6,1773694739999,238833.66592,641,70592.0,107859.28083,0
1773694740000,1.5277,1.5279,1.5273,1.5274,244212.1,1773694799999,373055.85130,902,77181.6,117906.16373,0
1773694800000,1.5275,1.5275,1.5260,1.5263,199933.5,1773694859999,305215.50323,1104,70515.9,107641.83613,0
1773694860000,1.5262,1.5271,1.5255,1.5271,270165.7,1773694919999,412328.54996,1171,142268.0,217128.70026,0
1773694920000,1.5271,1.5276,1.5266,1.5271,196261.8,1773694979999,299736.63055,1083,68706.6,104931.69352,0
1773694980000,1.5271,1.5304,1.5270,1.5281,2136017.9,1773695039999,3265453.68986,3389,1479834.1,2262402.21170,0
1773695040000,1.5281,1.5323,1.5280,1.5321,792109.4,1773695099999,1212296.36117,2951,505220.7,773216.19264,0
1773695100000,1.5320,1.5336,1.5269,1.5275,847127.4,1773695159999,1296713.74290,3095,330570.7,506095.50876,0
1773695160000,1.5274,1.5292,1.5274,1.5287,283056.7,1773695219999,432666.37609,1066,118809.1,181604.68662,0
1773695220000,1.5286,1.5300,1.5286,1.5287,469358.6,1773695279999,717674.55553,1292,221402.9,338543.18460,0
1773695280000,1.5286,1.5290,1.5279,1.5280,372291.2,1773695339999,569003.94394,871,84713.3,129484.13754,0
1773695340000,1.5279,1.5281,1.5264,1.5265,453229.2,1773695399999,692140.65501,986,155870.0,238045.05891,0
1773695400000,1.5265,1.5286,1.5265,1.5281,367875.1,1773695459999,561993.47264,1062,127320.3,194444.74658,0
1773695460000,1.5281,1.5295,1.5275,1.5293,374425.1,1773695519999,572151.36061,1069,149813.7,228940.63107,0
1773695520000,1.5293,1.5313,1.5291,1.5309,515230.3,1773695579999,788385.38104,1510,253473.6,387842.96870,0
1773695580000,1.5310,1.5324,1.5298,1.5299,455799.8,1773695639999,697921.54666,1529,236363.3,361943.19405,0
1773695640000,1.5299,1.5305,1.5296,1.5301,195768.5,1773695699999,299509.69127,859,99029.4,151503.83480,0
1773695700000,1.5300,1.5303,1.5287,1.5288,294455.1,1773695759999,450399.73230,1260,215379.2,329458.30995,0
1773695760000,1.5289,1.5301,1.5287,1.5293,294754.7,1773695819999,450807.93320,1070,116474.1,178121.68582,0
1773695820000,1.5292,1.5306,1.5287,1.5305,176773.1,1773695879999,270348.52894,821,118556.0,181301.60470,0
1773695880000,1.5305,1.5306,1.5287,1.5291,348406.8,1773695939999,532830.60679,1340,149047.7,227924.61573,0
1773695940000,1.5292,1.5302,1.5289,1.5301,146956.3,1773695999999,224745.52599,692,110556.4,169079.95354,0
1773696000000,1.5302,1.5318,1.5294,1.5299,284163.9,1773696059999,434881.91918,1344,161812.7,247616.09923,0
1773696060000,1.5299,1.5302,1.5275,1.5275,1073410.2,1773696119999,1640855.64482,2228,128438.2,196356.65003,0
1773696120000,1.5275,1.5287,1.5275,1.5285,141449.0,1773696179999,216152.31810,727,98501.8,150522.69244,0
1773696180000,1.5285,1.5300,1.5284,1.5299,121622.1,1773696239999,185933.50554,831,74736.6,114257.89117,0
1773696240000,1.5299,1.5311,1.5292,1.5292,111984.6,1773696299999,171336.54337,973,51198.1,78325.53264,0
1773696300000,1.5292,1.5299,1.5285,1.5289,178980.9,1773696359999,273646.64629,892,42001.0,64218.32367,0
1773696360000,1.5289,1.5292,1.5278,1.5281,185508.3,1773696419999,283519.02730,691,28627.7,43756.87533,0
1773696420000,1.5281,1.5281,1.5269,1.5269,165037.2,1773696479999,252089.90973,721,31893.5,48722.24297,0
1773696480000,1.5269,1.5273,1.5253,1.5273,357426.5,1773696539999,545444.35636,1314,126336.3,192798.59873,0
1773696540000,1.5272,1.5281,1.5272,1.5280,124193.1,1773696599999,189729.75888,596,78566.5,120025.54316,0
1773696600000,1.5280,1.5282,1.5267,1.5267,112624.1,1773696659999,172028.51831,771,39500.1,60340.55427,0
1773696660000,1.5267,1.5290,1.5267,1.5277,267876.8,1773696719999,409245.17950,1093,209940.0,320726.69308,0
1773696720000,1.5277,1.5296,1.5277,1.5293,108187.6,1773696779999,165415.23310,879,69822.1,106753.73741,0
1773696780000,1.5293,1.5305,1.5291,1.5293,257478.5,1773696839999,393874.28197,1120,88066.7,134723.75852,0
1773696840000,1.5294,1.5324,1.5291,1.5316,297408.0,1773696899999,455181.26786,1069,207579.4,317654.40731,0
1773696900000,1.5317,1.5318,1.5306,1.5318,353123.1,1773696959999,540665.60073,1153,270910.6,414783.55062,0
1773696960000,1.5318,1.5399,1.5317,1.5355,2251809.2,1773697019999,3459797.21674,5904,1258334.2,1933122.21613,0
1773697020000,1.5355,1.5377,1.5337,1.5360,852853.6,1773697079999,1309966.74951,2783,489172.9,751357.88418,0
1773697080000,1.5360,1.5360,1.5311,1.5318,754423.1,1773697139999,1156848.32913,2444,344562.2,528267.18739,0
1773697140000,1.5318,1.5343,1.5317,1.5342,241764.5,1773697199999,370595.36782,1028,161007.0,246808.29401,0
1773697200000,1.5342,1.5351,1.5319,1.5319,338492.7,1773697259999,519203.16060,1712,198174.6,303970.85102,0
1773697260000,1.5320,1.5330,1.5301,1.5305,618233.7,1773697319999,946651.03597,1948,366570.3,561302.51468,0
1773697320000,1.5304,1.5310,1.5300,1.5310,172028.5,1773697379999,263288.64079,675,100013.8,153073.02070,0
1773697380000,1.5310,1.5321,1.5309,1.5314,268974.9,1773697439999,411918.11372,825,199685.2,305780.24570,0
1773697440000,1.5315,1.5319,1.5305,1.5307,151663.4,1773697499999,232270.87707,809,84213.2,128969.07607,0
1773697500000,1.5307,1.5318,1.5304,1.5313,200081.1,1773697559999,306328.76384,1113,114549.2,175379.06490,0
1773697560000,1.5312,1.5325,1.5312,1.5320,165554.6,1773697619999,253596.36913,743,130424.9,199783.13353,0
1773697620000,1.5319,1.5319,1.5300,1.5315,289966.4,1773697679999,443858.72063,1163,109937.4,168299.50919,0
1773697680000,1.5315,1.5326,1.5315,1.5322,134043.6,1773697739999,205365.84841,675,97777.5,149802.41463,0
1773697740000,1.5322,1.5341,1.5322,1.5338,247359.1,1773697799999,379255.55669,1080,202494.0,310459.53355,0
1773697800000,1.5338,1.5350,1.5332,1.5347,191163.9,1773697859999,293272.59475,1749,85694.8,131468.61733,0
1773697860000,1.5347,1.5355,1.5345,1.5349,204550.4,1773697919999,313979.21635,1200,148781.2,228379.84724,0
1773697920000,1.5348,1.5349,1.5324,1.5325,345466.8,1773697979999,529844.55688,1173,137886.9,211400.92234,0
1773697980000,1.5326,1.5334,1.5325,1.5327,231962.6,1773698039999,355594.87230,719,110400.0,169235.20300,0
1773698040000,1.5327,1.5328,1.5314,1.5319,345331.1,1773698099999,529183.64203,729,55386.9,84835.98610,0
1773698100000,1.5320,1.5322,1.5310,1.5310,119658.8,1773698159999,183260.22162,661,55312.2,84708.75858,0
1773698160000,1.5311,1.5311,1.5289,1.5297,390396.6,1773698219999,597192.72868,1426,231645.7,354344.09111,0
1773698220000,1.5298,1.5299,1.5285,1.5297,228625.1,1773698279999,349612.59259,911,78869.6,120619.24647,0
1773698280000,1.5296,1.5297,1.5281,1.5282,283789.7,1773698339999,433958.00581,791,87624.6,134017.41847,0
1773698340000,1.5282,1.5284,1.5271,1.5271,401064.9,1773698399999,612741.38206,1269,227154.2,347042.27912,0
1773698400000,1.5271,1.5287,1.5271,1.5287,414857.6,1773698459999,633898.80345,1212,353583.5,540293.05003,0
1773698460000,1.5288,1.5302,1.5287,1.5290,345355.4,1773698519999,528179.08175,1361,250907.3,383728.09724,0
1773698520000,1.5291,1.5295,1.5281,1.5292,269473.5,1773698579999,411976.24391,1227,161875.9,247479.46109,0
1773698580000,1.5291,1.5308,1.5288,1.5294,354615.7,1773698639999,542441.44445,1377,232030.4,354930.41388,0
1773698640000,1.5293,1.5340,1.5293,1.5324,1105925.1,1773698699999,1693444.99891,2257,787964.4,1206388.83427,0
1773698700000,1.5324,1.5363,1.5324,1.5339,800279.1,1773698759999,1227889.56534,2413,474985.3,728647.25710,0
1773698760000,1.5340,1.5373,1.5339,1.5369,1631130.1,1773698819999,2505202.03076,2326,705973.9,1084309.68756,0
1773698820000,1.5369,1.5411,1.5365,1.5401,2075828.0,1773698879999,3194379.05932,3346,1163313.8,1790114.84470,0
1773698880000,1.5400,1.5403,1.5367,1.5367,968038.7,1773698939999,1489767.38563,2109,531392.6,817849.82594,0
1773698940000,1.5367,1.5390,1.5359,1.5388,815029.8,1773698999999,1253296.18165,2335,607324.6,933964.47335,0
1773699000000,1.5388,1.5393,1.5367,1.5370,699051.4,1773699059999,1075463.47835,1557,503205.2,774185.65703,0
1773699060000,1.5369,1.5382,1.5350,1.5379,595642.5,1773699119999,915602.07458,1750,204324.4,313996.27926,0
1773699120000,1.5379,1.5380,1.5366,1.5372,255772.4,1773699179999,393214.63647,1103,85787.1,131880.42337,0
1773699180000,1.5371,1.5394,1.5365,1.5394,309655.4,1773699239999,476244.01720,1315,164839.9,253562.80910,0
1773699240000,1.5394,1.5409,1.5391,1.5404,609021.6,1773699299999,937939.93388,1260,381265.1,587197.09450,0
1773699300000,1.5404,1.5421,1.5398,1.5421,553001.7,1773699359999,852030.27826,1693,318413.2,490596.04662,0
1773699360000,1.5421,1.5424,1.5403,1.5418,614694.3,1773699419999,947576.08625,1721,385701.2,594574.00396,0
1773699420000,1.5419,1.5421,1.5379,1.5400,731594.1,1773699479999,1126461.35335,1999,175570.6,270343.61798,0
1773699480000,1.5400,1.5412,1.5395,1.5411,268311.0,1773699539999,413197.26872,832,176625.5,272018.96375,0
1773699540000,1.5410,1.5420,1.5406,1.5408,1413128.6,1773699599999,2178119.84908,1605,185576.8,286000.12973,0
1773699600000,1.5407,1.5408,1.5385,1.5390,363194.4,1773699659999,559120.98855,1470,187241.1,288226.51325,0
1773699660000,1.5390,1.5396,1.5370,1.5370,840445.2,1773699719999,1292527.12294,1981,368912.7,567374.10338,0
1773699720000,1.5370,1.5384,1.5369,1.5375,671903.2,1773699779999,1033062.03750,1389,444920.9,683998.03571,0
1773699780000,1.5375,1.5383,1.5342,1.5359,949722.4,1773699839999,1458338.22075,2609,342188.0,525500.56304,0
1773699840000,1.5360,1.5371,1.5350,1.5361,813637.4,1773699899999,1249800.11990,1747,467883.5,718596.56315,0
1773699900000,1.5360,1.5379,1.5357,1.5370,341009.4,1773699959999,524173.04513,1199,189486.4,291231.17831,0
1773699960000,1.5370,1.5381,1.5370,1.5375,265022.0,1773700019999,407433.02336,706,97265.7,149529.06573,0
1773700020000,1.5376,1.5377,1.5357,1.5357,472547.9,1773700079999,726121.59601,1046,208763.6,320781.07576,0
1773700080000,1.5358,1.5390,1.5357,1.5379,327931.8,1773700139999,504223.60665,1184,239829.4,368747.96539,0
1773700140000,1.5379,1.5381,1.5376,1.5378,98794.6,1773700199999,151933.63089,422,72956.6,112199.43589,0
1773700200000,1.5378,1.5405,1.5369,1.5404,603258.2,1773700259999,928384.90153,1450,432100.2,665076.64058,0
1773700260000,1.5403,1.5418,1.5399,1.5405,340445.7,1773700319999,524597.37028,1222,190588.0,293673.31896,0
1773700320000,1.5405,1.5408,1.5397,1.5406,209369.7,1773700379999,322491.26170,1120,101439.3,156245.32991,0
1773700380000,1.5407,1.5407,1.5395,1.5397,201014.9,1773700439999,309525.48534,757,55369.7,85253.44259,0
1773700440000,1.5397,1.5399,1.5380,1.5381,513867.7,1773700499999,790837.98930,1221,113098.4,174032.99259,0
1773700500000,1.5381,1.5393,1.5378,1.5388,356874.4,1773700559999,549233.89884,921,98867.0,152144.10191,0
1773700560000,1.5388,1.5399,1.5383,1.5391,251660.3,1773700619999,387369.39027,759,173097.3,266447.70817,0
1773700620000,1.5391,1.5395,1.5388,1.5393,207315.3,1773700679999,319067.24759,613,115905.6,178378.42217,0
1773700680000,1.5393,1.5405,1.5391,1.5402,140054.9,1773700739999,215672.33039,700,81577.1,125618.99452,0
1773700740000,1.5402,1.5406,1.5398,1.5403,139255.6,1773700799999,214465.81916,595,52857.3,81410.08576,0
1773700800000,1.5402,1.5403,1.5388,1.5396,471159.7,1773700859999,725388.35526,922,228123.8,351221.12125,0
1773700860000,1.5396,1.5415,1.5394,1.5410,414517.9,1773700919999,638630.76719,983,238941.8,368138.01030,0
1773700920000,1.5410,1.5430,1.5403,1.5426,501693.2,1773700979999,773657.64165,1198,376342.2,580372.84148,0
1773700980000,1.5427,1.5430,1.5422,1.5424,603447.8,1773701039999,930910.99150,983,385660.7,594926.42764,0
1773701040000,1.5423,1.5442,1.5422,1.5438,1689988.7,1773701099999,2607886.84193,1493,1460532.9,2253823.53957,0
1773701100000,1.5438,1.5438,1.5430,1.5432,221870.3,1773701159999,342425.47048,917,84221.7,129982.16282,0
1773701160000,1.5432,1.5454,1.5432,1.5449,694492.6,1773701219999,1072671.09149,1549,465321.2,718684.67377,0
1773701220000,1.5450,1.5480,1.5447,1.5475,965777.0,1773701279999,1493629.32875,2127,779342.7,1205206.72632,0
1773701280000,1.5475,1.5477,1.5454,1.5459,377327.4,1773701339999,583480.81771,1119,186510.9,288376.80257,0
1773701340000,1.5460,1.5462,1.5446,1.5462,320650.8,1773701399999,495567.74754,1057,190786.5,294866.92583,0
1773701400000,1.5462,1.5479,1.5460,1.5473,686949.6,1773701459999,1062809.04054,1338,490045.4,758202.20262,0
1773701460000,1.5474,1.5486,1.5465,1.5479,1002419.3,1773701519999,1551432.77347,1973,537389.4,831699.36528,0
1773701520000,1.5478,1.5489,1.5470,1.5480,465659.1,1773701579999,720960.05269,1406,280083.1,433640.36434,0
1773701580000,1.5480,1.5484,1.5477,1.5480,250031.6,1773701639999,387053.25152,763,93317.9,144463.02278,0
1773701640000,1.5481,1.5489,1.5479,1.5483,398873.9,1773701699999,617635.49294,928,238198.7,368834.44071,0
1773701700000,1.5482,1.5510,1.5481,1.5496,2414952.6,1773701759999,3742269.18550,2868,1625584.5,2519113.59911,0
1773701760000,1.5495,1.5518,1.5490,1.5495,2430539.4,1773701819999,3768536.63806,2931,1170265.5,1814657.35432,0
1773701820000,1.5495,1.5502,1.5485,1.5500,1047503.4,1773701879999,1622772.53408,1550,663535.8,1027858.87141,0
1773701880000,1.5500,1.5500,1.5486,1.5497,942995.8,1773701939999,1461064.77967,1165,492516.9,763060.29758,0
1773701940000,1.5498,1.5508,1.5495,1.5507,871261.4,1773701999999,1350488.49483,1188,462535.8,716899.52378,0
1773702000000,1.5508,1.5508,1.5489,1.5497,1717708.7,1773702059999,2662065.42323,2322,696543.7,1079381.31107,0
1773702060000,1.5497,1.5499,1.5465,1.5465,1596858.0,1773702119999,2472575.38016,2287,294880.7,456626.09902,0
1773702120000,1.5465,1.5479,1.5447,1.5456,1110522.3,1773702179999,1716628.02015,2316,329015.1,508650.01944,0
1773702180000,1.5455,1.5469,1.5453,1.5456,899360.2,1773702239999,1390415.61105,1748,344332.3,532320.38594,0
1773702240000,1.5456,1.5468,1.5436,1.5438,1255737.7,1773702299999,1939730.43996,2443,399020.3,616352.94694,0
1773702300000,1.5438,1.5459,1.5432,1.5453,535636.1,1773702359999,827346.95729,1515,226079.1,349155.57870,0
1773702360000,1.5453,1.5455,1.5433,1.5433,604039.2,1773702419999,932929.75055,1495,291352.3,449995.96760,0
1773702420000,1.5433,1.5433,1.5393,1.5407,3249022.9,1773702479999,5007128.56114,3883,1870651.7,2883090.62137,0
1773702480000,1.5407,1.5415,1.5396,1.5397,1375004.6,1773702539999,2117969.48898,1934,384892.4,592892.69857,0
1773702540000,1.5397,1.5403,1.5372,1.5380,1540828.9,1773702599999,2370289.20552,3069,756029.0,1162913.48552,0
1773702600000,1.5379,1.5393,1.5363,1.5390,1283607.0,1773702659999,1973558.89836,2196,542730.0,834585.20811,0
1773702660000,1.5391,1.5404,1.5383,1.5384,877825.9,1773702719999,1351403.13059,1618,496653.5,764603.99216,0
1773702720000,1.5383,1.5389,1.5372,1.5378,335792.9,1773702779999,516447.73891,1096,127649.7,196307.27411,0
1773702780000,1.5378,1.5402,1.5378,1.5391,795332.4,1773702839999,1224328.45206,1540,410521.0,631928.10328,0
1773702840000,1.5391,1.5403,1.5389,1.5402,182360.6,1773702899999,280751.82537,688,146520.4,225581.00878,0
1773702900000,1.5402,1.5434,1.5401,1.5424,888642.3,1773702959999,1369936.78457,2092,575365.2,886912.37767,0
1773702960000,1.5424,1.5424,1.5400,1.5409,544593.1,1773703019999,839355.36937,1431,256040.4,394599.55331,0
1773703020000,1.5409,1.5409,1.5399,1.5400,144913.6,1773703079999,223179.16435,942,68104.9,104888.07707,0
1773703080000,1.5401,1.5413,1.5401,1.5413,248068.0,1773703139999,382165.03699,832,105871.9,163111.47887,0
1773703140000,1.5413,1.5416,1.5399,1.5409,406166.9,1773703199999,625686.39468,1034,113500.3,174869.96483,0
1773703200000,1.5408,1.5410,1.5401,1.5403,103367.1,1773703259999,159234.27657,689,72753.6,112073.59777,0
1773703260000,1.5403,1.5410,1.5400,1.5405,257305.4,1773703319999,396373.03859,735,139934.5,215559.15561,0
1773703320000,1.5405,1.5420,1.5399,1.5419,294072.0,1773703379999,453094.19102,978,128396.3,197851.12297,0
1773703380000,1.5419,1.5427,1.5409,1.5412,373371.9,1773703439999,575761.59253,1040,219731.6,338864.21837,0
1773703440000,1.5413,1.5415,1.5404,1.5405,115477.5,1773703499999,177950.93525,591,29168.8,44951.35897,0
1773703500000,1.5405,1.5419,1.5401,1.5410,224053.7,1773703559999,345315.98231,780,94031.4,144929.20445,0
1773703560000,1.5411,1.5436,1.5409,1.5433,531607.5,1773703619999,819876.31253,1045,271057.3,417957.83810,0
1773703620000,1.5434,1.5434,1.5422,1.5422,88555.3,1773703679999,136611.94798,443,22507.3,34724.21695,0
1773703680000,1.5422,1.5445,1.5420,1.5445,322852.3,1773703739999,498231.08478,1021,236807.8,365454.79498,0
1773703740000,1.5445,1.5462,1.5444,1.5457,354367.3,1773703799999,547683.35874,1233,193093.5,298411.62304,0
1773703800000,1.5458,1.5480,1.5456,1.5480,444932.0,1773703859999,688238.78198,1267,273385.3,422928.56647,0
1773703860000,1.5480,1.5511,1.5472,1.5473,1100012.8,1773703919999,1704478.20973,2467,416202.5,644931.47353,0
1773703920000,1.5473,1.5474,1.5450,1.5450,840873.3,1773703979999,1300308.27666,1379,318395.6,492384.31948,0
1773703980000,1.5450,1.5467,1.5443,1.5452,665060.1,1773704039999,1027722.18898,1397,377078.5,582736.71845,0
1773704040000,1.5452,1.5465,1.5451,1.5465,394873.9,1773704099999,610487.31376,846,288145.6,445500.76359,0
1773704100000,1.5464,1.5483,1.5455,1.5473,418208.8,1773704159999,646939.40842,1153,325080.2,502897.63316,0
1773704160000,1.5474,1.5481,1.5470,1.5476,298318.2,1773704219999,461660.59046,1092,160703.1,248689.01474,0
1773704220000,1.5477,1.5477,1.5461,1.5461,120343.5,1773704279999,186135.21846,716,60892.6,94183.23636,0
1773704280000,1.5460,1.5465,1.5451,1.5463,148423.9,1773704339999,229408.31765,813,92944.2,143664.93507,0
1773704340000,1.5464,1.5464,1.5442,1.5448,219191.0,1773704399999,338679.53233,819,80461.7,124297.33525,0
1773704400000,1.5448,1.5450,1.5442,1.5445,225993.7,1773704459999,349056.58837,742,84454.4,130440.20555,0
1773704460000,1.5445,1.5452,1.5444,1.5448,236752.4,1773704519999,365711.28440,994,121797.4,188145.32787,0
1773704520000,1.5448,1.5452,1.5439,1.5447,441959.4,1773704579999,682635.19784,1023,338793.1,523288.74946,0
1773704580000,1.5447,1.5488,1.5447,1.5486,1239134.5,1773704639999,1916545.90964,2269,939567.7,1453278.02434,0
1773704640000,1.5485,1.5490,1.5479,1.5486,445116.1,1773704699999,689226.54868,1045,199372.3,308707.64015,0
1773704700000,1.5486,1.5507,1.5480,1.5485,455459.9,1773704759999,705685.05383,1642,235617.8,365010.06974,0
1773704760000,1.5485,1.5485,1.5474,1.5475,313769.9,1773704819999,485696.13835,855,93522.4,144764.62652,0
1773704820000,1.5476,1.5476,1.5460,1.5461,158071.7,1773704879999,244513.02282,754,47103.0,72861.38290,0
1773704880000,1.5462,1.5467,1.5451,1.5452,271773.7,1773704939999,420116.49019,935,113898.5,176081.98461,0
1773704940000,1.5451,1.5466,1.5443,1.5461,411036.3,1773704999999,635211.53653,1111,192700.2,297796.75687,0
1773705000000,1.5461,1.5462,1.5440,1.5441,173268.9,1773705059999,267746.45397,736,49297.4,76182.32163,0
1773705060000,1.5442,1.5442,1.5406,1.5410,866649.5,1773705119999,1336427.47378,1810,333563.0,514430.89926,0
1773705120000,1.5410,1.5413,1.5401,1.5408,297803.8,1773705179999,458869.23880,893,106585.2,164229.99928,0
1773705180000,1.5408,1.5424,1.5408,1.5422,243515.5,1773705239999,375467.08621,993,80694.7,124412.09142,0
1773705240000,1.5423,1.5426,1.5416,1.5426,473258.1,1773705299999,729797.12253,817,162812.3,251061.91992,0
1773705300000,1.5426,1.5429,1.5418,1.5429,156234.4,1773705359999,240964.13619,660,84555.2,130428.33908,0
1773705360000,1.5429,1.5435,1.5426,1.5433,224836.6,1773705419999,346961.01292,680,106709.5,164656.97334,0
1773705420000,1.5433,1.5434,1.5426,1.5426,127044.2,1773705479999,196027.23412,523,40078.9,61842.59794,0
1773705480000,1.5425,1.5427,1.5421,1.5423,184207.6,1773705539999,284123.65441,582,54309.6,83768.70644,0
1773705540000,1.5423,1.5426,1.5420,1.5422,346839.3,1773705599999,534942.12836,602,34291.8,52887.29324,0
