open_time,open,high,low,close,volume,close_time,quote_volume,count,taker_buy_volume,taker_buy_quote_volume,ignore
1764806400000,2.1965,2.1983,2.1964,2.1967,766112.1,1764806459999,1683777.11681,1288,146877.1,322776.76696,0
1764806460000,2.1966,2.2007,2.1966,2.2003,463626.6,1764806519999,1019112.13043,1509,294903.0,648220.72657,0
1764806520000,2.2004,2.2022,2.1996,2.2021,599731.6,1764806579999,1319760.38334,1589,435912.2,959268.15021,0
1764806580000,2.2021,2.2051,2.2017,2.2037,1145811.5,1764806639999,2524998.47505,2061,518091.0,1141414.58487,0
1764806640000,2.2037,2.2038,2.2012,2.2028,477833.7,1764806699999,1052498.19440,1889,302164.2,665491.77498,0
1764806700000,2.2028,2.2044,2.2024,2.2043,452708.8,1764806759999,997446.02357,1803,228477.8,503424.22511,0
1764806760000,2.2044,2.2044,2.2025,2.2038,680047.6,1764806819999,1498647.20365,1149,210883.6,464618.62146,0
1764806820000,2.2039,2.2046,2.2020,2.2030,999181.4,1764806879999,2201201.96522,1806,279176.7,615097.06351,0
1764806880000,2.2030,2.2045,2.2030,2.2042,264527.2,1764806939999,582998.82296,843,149130.7,328652.83973,0
1764806940000,2.2043,2.2046,2.2036,2.2039,499295.1,1764806999999,1100494.29176,1024,256689.8,565770.83340,0
1764807000000,2.2039,2.2055,2.2039,2.2051,617809.2,1764807059999,1362056.72199,1436,327997.4,723184.37955,0
1764807060000,2.2051,2.2051,2.1991,2.1991,656367.9,1764807119999,1445371.56059,2252,161767.9,355997.25828,0
1764807120000,2.1992,2.1992,2.1944,2.1949,1281091.7,1764807179999,2814746.86336,3131,492088.0,1081068.84421,0
1764807180000,2.1948,2.1961,2.1938,2.1940,985459.1,1764807239999,2163050.00568,2377,418111.3,917744.02745,0
1764807240000,2.1940,2.1952,2.1939,2.1944,836362.7,1764807299999,1835417.35993,1763,444603.6,975692.42604,0
1764807300000,2.1943,2.1981,2.1935,2.1969,684853.8,1764807359999,1503732.46245,2371,345349.3,758217.56784,0
1764807360000,2.1968,2.1976,2.1956,2.1967,363140.7,1764807419999,797652.82940,1335,213515.9,468974.86116,0
1764807420000,2.1968,2.1968,2.1933,2.1938,343730.7,1764807479999,754492.83600,1311,183486.4,402793.01216,0
1764807480000,2.1938,2.1957,2.1938,2.1957,399377.4,1764807539999,876484.14675,1516,251752.4,552535.04799,0
1764807540000,2.1957,2.1983,2.1943,2.1966,421040.3,1764807599999,924815.68760,1578,294814.6,647554.38425,0
1764807600000,2.1966,2.1966,2.1945,2.1961,527998.8,1764807659999,1159155.83241,1656,296312.9,650467.17923,0
1764807660000,2.1961,2.1966,2.1951,2.1957,345354.2,1764807719999,758414.16171,1106,142633.0,313210.19762,0
1764807720000,2.1956,2.1961,2.1949,2.1951,132280.0,1764807779999,290385.38169,774,91617.8,201125.17715,0
1764807780000,2.1951,2.1956,2.1932,2.1939,254690.4,1764807839999,558926.51319,1054,61257.0,134427.15698,0
1764807840000,2.1940,2.1949,2.1931,2.1949,216426.7,1764807899999,474871.68615,817,118540.9,260088.35861,0
1764807900000,2.1950,2.1955,2.1909,2.1916,687119.2,1764807959999,1506483.63915,2170,277044.6,607408.27886,0
1764807960000,2.1915,2.1916,2.1885,2.1897,1737927.3,1764808019999,3805904.63886,3083,416012.8,910974.15091,0
1764808020000,2.1898,2.1918,2.1898,2.1918,293286.8,1764808079999,642475.51063,1239,185455.5,406280.12703,0
1764808080000,2.1918,2.1930,2.1917,2.1922,197664.0,1764808139999,433348.88620,960,123705.8,271191.69117,0
1764808140000,2.1922,2.1924,2.1915,2.1915,79838.0,1764808199999,175011.46089,552,39369.3,86303.71480,0
1764808200000,2.1916,2.1925,2.1901,2.1924,348763.3,1764808259999,764188.15801,1445,197345.2,432382.28063,0
1764808260000,2.1924,2.1925,2.1892,2.1896,352595.6,1764808319999,772435.51989,1431,158191.4,346506.48448,0
1764808320000,2.1895,2.1896,2.1882,2.1883,273748.8,1764808379999,599210.54502,969,104995.1,229826.82263,0
1764808380000,2.1882,2.1886,2.1877,2.1886,267744.5,1764808439999,585840.08445,999,144552.5,316295.33232,0
1764808440000,2.1886,2.1892,2.1861,2.1863,617769.0,1764808499999,1351506.47450,2055,362184.1,792403.11160,0
1764808500000,2.1862,2.1893,2.1861,2.1888,377456.1,1764808559999,825817.23599,1583,265320.9,580461.80248,0
1764808560000,2.1889,2.1892,2.1878,2.1879,198232.8,1764808619999,433829.54338,868,124562.0,272601.10231,0
1764808620000,2.1879,2.1881,2.1873,2.1880,180497.3,1764808679999,394883.97007,654,122638.7,268304.86192,0
1764808680000,2.1880,2.1913,2.1880,2.1911,387692.1,1764808739999,848678.81863,1587,254473.7,557043.46905,0
1764808740000,2.1910,2.1920,2.1898,2.1900,180686.9,1764808799999,395840.76342,903,125966.1,275964.01691,0
1764808800000,2.1900,2.1932,2.1900,2.1932,241331.4,1764808859999,528868.71946,1094,201480.7,441548.39145,0
1764808860000,2.1932,2.1937,2.1923,2.1933,287646.3,1764808919999,630824.68003,925,220138.8,482781.05671,0
1764808920000,2.1932,2.1964,2.1932,2.1957,213205.3,1764808979999,468043.30539,1179,147617.5,324031.11298,0
1764808980000,2.1957,2.1976,2.1952,2.1971,234494.7,1764809039999,515005.23261,1202,187306.1,411371.56724,0
1764809040000,2.1971,2.1984,2.1967,2.1972,310755.8,1764809099999,682871.21271,1160,197418.0,433811.40539,0
1764809100000,2.1973,2.1979,2.1960,2.1961,177507.6,1764809159999,389919.60377,1044,82086.9,180322.62912,0
1764809160000,2.1961,2.1961,2.1936,2.1952,205378.1,1764809219999,450751.21194,1120,101467.1,222682.59766,0
1764809220000,2.1953,2.1966,2.1952,2.1955,130990.0,1764809279999,287616.35798,745,75937.9,166733.03948,0
1764809280000,2.1956,2.1987,2.1956,2.1981,285036.1,1764809339999,626412.13561,1201,199230.1,437839.70845,0
1764809340000,2.1982,2.1984,2.1968,2.1978,262337.8,1764809399999,576513.43007,854,131990.0,290051.26647,0
1764809400000,2.1978,2.2000,2.1976,2.2000,302295.7,1764809459999,664569.18950,1364,209903.9,461464.97324,0
1764809460000,2.2000,2.2003,2.1994,2.1997,281921.5,1764809519999,620193.30406,854,137764.3,303063.62775,0
1764809520000,2.1998,2.2007,2.1985,2.2007,250524.7,1764809579999,551075.90335,1108,159923.5,351782.97453,0
1764809580000,2.2006,2.2019,2.2006,2.2016,419278.5,1764809639999,922949.87090,1195,310142.1,682699.66381,0
1764809640000,2.2015,2.2017,2.1981,2.1981,716435.4,1764809699999,1575949.51638,1585,167505.5,368580.63092,0
1764809700000,2.1981,2.1986,2.1960,2.1986,401796.3,1764809759999,882829.72402,1623,223868.8,491902.05709,0
1764809760000,2.1986,2.2000,2.1981,2.1996,282928.8,1764809819999,622139.65941,898,176537.7,388204.38819,0
1764809820000,2.1996,2.1998,2.1959,2.1959,167019.5,1764809879999,367172.87685,732,30739.1,67574.40698,0
1764809880000,2.1958,2.1961,2.1948,2.1948,117491.4,1764809939999,257964.51471,587,57624.8,126522.07869,0
1764809940000,2.1949,2.1954,2.1941,2.1942,175550.5,1764809999999,385298.20516,688,92605.9,203250.58882,0
1764810000000,2.1942,2.1943,2.1925,2.1931,215335.8,1764810059999,472353.62409,988,61744.5,135438.57463,0
1764810060000,2.1931,2.1947,2.1928,2.1946,153218.4,1764810119999,336136.02107,897,56305.6,123529.41702,0
1764810120000,2.1947,2.1949,2.1930,2.1933,107284.5,1764810179999,235389.73941,716,50577.3,110970.98710,0
1764810180000,2.1934,2.1949,2.1924,2.1945,123899.8,1764810239999,271760.25027,837,52582.9,115338.01713,0
1764810240000,2.1944,2.1969,2.1944,2.1967,249963.3,1764810299999,548843.57793,976,155805.9,342089.13165,0
1764810300000,2.1966,2.1972,2.1953,2.1971,88903.1,1764810359999,195237.06786,712,50361.8,110597.19305,0
1764810360000,2.1971,2.1991,2.1970,2.1990,131908.6,1764810419999,289902.12678,894,65107.5,143090.53948,0
1764810420000,2.1991,2.2001,2.1989,2.2001,180681.3,1764810479999,397384.78446,714,86627.2,190523.41678,0
1764810480000,2.2001,2.2009,2.1995,2.1999,123304.9,1764810539999,271279.82936,730,50428.2,110946.11946,0
1764810540000,2.2000,2.2005,2.1986,2.1994,467110.0,1764810599999,1027316.35868,1221,86383.4,189991.53184,0
1764810600000,2.1995,2.2064,2.1991,2.2031,1400858.4,1764810659999,3087168.91447,3216,936671.9,2064105.19981,0
1764810660000,2.2031,2.2074,2.2027,2.2052,992517.3,1764810719999,2189049.21515,2782,630845.5,1391645.35410,0
1764810720000,2.2052,2.2092,2.2050,2.2090,836203.5,1764810779999,1846238.18306,2460,535140.9,1181553.71214,0
1764810780000,2.2091,2.2110,2.2078,2.2089,657351.9,1764810839999,1452241.02085,2206,395529.1,873790.17003,0
1764810840000,2.2088,2.2120,2.2088,2.2108,1131295.4,1764810899999,2501258.11705,2256,651519.9,1440420.75102,0
1764810900000,2.2108,2.2141,2.2103,2.2107,994221.9,1764810959999,2199802.95296,2723,354968.5,785383.04664,0
1764810960000,2.2108,2.2108,2.2042,2.2042,936816.0,1764811019999,2067314.43466,2760,219253.8,483717.49603,0
1764811020000,2.2041,2.2056,2.2036,2.2042,271026.6,1764811079999,597414.34019,1349,117349.0,258678.56901,0
1764811080000,2.2042,2.2050,2.1981,2.1988,1453866.8,1764811139999,3199255.29146,3386,348675.9,767359.29650,0
1764811140000,2.1988,2.1998,2.1979,2.1998,499178.5,1764811199999,1097556.46940,1493,169502.5,372707.74209,0
1764811200000,2.1998,2.2012,2.1997,2.2006,333417.7,1764811259999,733650.27387,1355,197327.0,434187.27070,0
1764811260000,2.2006,2.2039,2.2003,2.2036,284479.6,1764811319999,626561.52690,1169,156109.4,343808.34649,0
1764811320000,2.2036,2.2036,2.1983,2.1992,282953.0,1764811379999,622683.66571,1134,66678.1,146726.79398,0
1764811380000,2.1993,2.2004,2.1959,2.1996,384756.1,1764811439999,845704.34308,1672,117624.8,258543.63201,0
1764811440000,2.1996,2.2003,2.1987,2.2002,134852.1,1764811499999,296571.77986,726,70647.7,155368.97115,0
1764811500000,2.2003,2.2014,2.1996,2.2003,162212.9,1764811559999,356935.11800,800,82105.1,180665.03139,0
1764811560000,2.2003,2.2022,2.2003,2.2014,149553.5,1764811619999,329180.31700,756,97930.6,215534.64258,0
1764811620000,2.2014,2.2028,2.2007,2.2008,218958.2,1764811679999,482089.70641,1148,97887.9,215514.75855,0
1764811680000,2.2008,2.2014,2.1989,2.2003,262829.3,1764811739999,578244.63674,1290,82836.8,182220.85185,0
1764811740000,2.2003,2.2006,2.1991,2.1999,159839.6,1764811799999,351633.68114,699,67726.3,148987.25864,0
1764811800000,2.2000,2.2000,2.1983,2.1984,166583.1,1764811859999,366348.74085,896,94179.3,207116.68191,0
1764811860000,2.1985,2.2010,2.1982,2.1999,176712.0,1764811919999,388767.69433,860,79645.5,175207.10429,0
1764811920000,2.1998,2.2002,2.1982,2.1988,121562.4,1764811979999,267321.88376,937,68265.5,150105.64040,0
1764811980000,2.1988,2.2009,2.1988,2.2008,104395.0,1764812039999,229697.55229,690,61125.2,134488.20923,0
1764812040000,2.2007,2.2008,2.1997,2.2008,113671.5,1764812099999,250085.80175,532,50022.7,110052.14429,0
1764812100000,2.2008,2.2010,2.1998,2.2009,165999.9,1764812159999,365246.91254,603,61510.8,135345.74580,0
1764812160000,2.2010,2.2024,2.2008,2.2015,168866.1,1764812219999,371786.06344,815,65128.9,143394.58518,0
1764812220000,2.2014,2.2028,2.2008,2.2027,108094.3,1764812279999,238019.53160,694,83284.3,183397.53931,0
1764812280000,2.2028,2.2035,2.2014,2.2018,142425.9,1764812339999,313647.03265,776,49167.2,108284.39126,0
1764812340000,2.2018,2.2031,2.2013,2.2023,62948.1,1764812399999,138610.35550,540,37542.6,82666.88162,0
1764812400000,2.2023,2.2028,2.2016,2.2022,161036.3,1764812459999,354631.17356,794,72136.7,158856.02361,0
1764812460000,2.2023,2.2023,2.2011,2.2015,86695.1,1764812519999,190867.16405,563,47354.7,104248.15910,0
1764812520000,2.2015,2.2024,2.2008,2.2020,91789.3,1764812579999,202066.25545,591,26338.6,57980.79392,0
1764812580000,2.2020,2.2038,2.2020,2.2024,174760.7,1764812639999,385016.73054,861,82604.9,181978.12298,0
1764812640000,2.2025,2.2040,2.2024,2.2039,87726.9,1764812699999,193282.69497,401,45678.6,100634.82415,0
1764812700000,2.2040,2.2050,2.2020,2.2020,238342.8,1764812759999,525238.60809,1222,90281.8,198919.57829,0
1764812760000,2.2021,2.2021,2.1997,2.2000,304523.6,1764812819999,670134.76489,1256,133286.9,293295.83109,0
1764812820000,2.2000,2.2000,2.1957,2.1989,402044.8,1764812879999,883528.21602,1654,117871.5,259031.55538,0
1764812880000,2.1989,2.1989,2.1947,2.1957,374726.4,1764812939999,823344.87013,1385,93755.4,205985.65452,0
1764812940000,2.1958,2.1964,2.1941,2.1945,590305.8,1764812999999,1295680.58324,1487,117352.2,257640.92540,0
1764813000000,2.1946,2.1957,2.1944,2.1948,195802.6,1764813059999,429800.32981,699,58673.9,128796.76676,0
1764813060000,2.1949,2.1952,2.1940,2.1940,116815.7,1764813119999,256384.61873,589,43882.7,96315.81783,0
1764813120000,2.1941,2.1945,2.1933,2.1942,174604.3,1764813179999,383058.09882,833,107032.0,234810.78090,0
1764813180000,2.1942,2.1953,2.1936,2.1947,454570.4,1764813239999,997551.71787,1339,253147.5,555515.66732,0
1764813240000,2.1947,2.1947,2.1931,2.1931,103468.2,1764813299999,227017.04772,608,25319.7,55553.98028,0
1764813300000,2.1931,2.1951,2.1928,2.1932,205363.0,1764813359999,450494.86335,960,103161.5,226289.87861,0
1764813360000,2.1932,2.1943,2.1932,2.1939,336677.9,1764813419999,738543.74127,809,210642.8,462052.14336,0
1764813420000,2.1939,2.1940,2.1928,2.1934,61852.7,1764813479999,135660.32796,608,19148.2,41996.74755,0
1764813480000,2.1933,2.1935,2.1927,2.1930,63092.3,1764813539999,138366.56140,369,20891.4,45815.77998,0
1764813540000,2.1929,2.1929,2.1921,2.1923,182278.6,1764813599999,399642.28453,517,16377.4,35905.93001,0
1764813600000,2.1923,2.1932,2.1912,2.1913,251345.3,1764813659999,550983.68539,1008,93470.5,204904.77708,0
1764813660000,2.1913,2.1930,2.1905,2.1923,276571.9,1764813719999,606144.70158,1516,174689.7,382870.36872,0
1764813720000,2.1923,2.1956,2.1914,2.1941,194754.7,1764813779999,427275.47892,1090,114272.8,250671.26840,0
1764813780000,2.1941,2.1957,2.1929,2.1931,287329.8,1764813839999,630470.25473,1141,108992.1,239195.28504,0
1764813840000,2.1932,2.1943,2.1923,2.1943,240461.6,1764813899999,527411.66803,1066,139629.5,306240.88153,0
1764813900000,2.1944,2.1983,2.1943,2.1973,272605.9,1764813959999,598806.10539,1276,188884.2,414881.77958,0
1764813960000,2.1973,2.1973,2.1961,2.1963,85068.0,1764814019999,186850.57005,586,35058.9,77000.27299,0
1764814020000,2.1962,2.1962,2.1939,2.1954,159133.1,1764814079999,349310.73437,935,93651.6,205556.78214,0
1764814080000,2.1954,2.1968,2.1953,2.1960,134836.1,1764814139999,296109.85491,901,81151.9,178203.74148,0
1764814140000,2.1960,2.1974,2.1956,2.1964,78247.3,1764814199999,171841.21091,630,61623.1,135328.84989,0
1764814200000,2.1964,2.1999,2.1957,2.1997,267649.5,1764814259999,588182.27646,1032,235216.7,516898.02225,0
1764814260000,2.1996,2.2011,2.1988,2.2006,459791.6,1764814319999,1011516.08219,1636,247968.9,545561.78884,0
1764814320000,2.2006,2.2027,2.2003,2.2016,326874.7,1764814379999,719681.50835,1651,197767.6,435454.17157,0
1764814380000,2.2016,2.2018,2.2008,2.2014,85365.2,1764814439999,187905.36771,585,36088.6,79435.80109,0
1764814440000,2.2015,2.2030,2.2013,2.2024,195612.7,1764814499999,430782.15943,854,58069.9,127875.81353,0
1764814500000,2.2024,2.2034,2.2012,2.2020,158161.0,1764814559999,348305.93162,1119,93385.0,205645.00190,0
1764814560000,2.2019,2.2035,2.2019,2.2024,121102.2,1764814619999,266754.57508,737,37025.8,81556.25782,0
1764814620000,2.2024,2.2045,2.2024,2.2027,161716.8,1764814679999,356301.90719,962,80642.0,177655.14197,0
1764814680000,2.2026,2.2038,2.2025,2.2030,112065.7,1764814739999,246899.63054,732,56113.9,123628.17816,0
1764814740000,2.2029,2.2056,2.2029,2.2055,508794.6,1764814799999,1121731.39904,1621,263575.1,581053.54549,0
1764814800000,2.2055,2.2069,2.2040,2.2057,410371.5,1764814859999,905164.44204,1712,254449.3,561247.64906,0
1764814860000,2.2056,2.2078,2.2056,2.2057,404839.5,1764814919999,893365.08658,1364,227405.9,501785.79525,0
1764814920000,2.2057,2.2057,2.2015,2.2025,466270.9,1764814979999,1026998.68267,1561,240516.5,529684.97492,0
1764814980000,2.2025,2.2038,2.2008,2.2035,253417.5,1764815039999,557993.96523,1139,134905.7,297048.51930,0
1764815040000,2.2035,2.2050,2.2031,2.2050,79206.0,1764815099999,174534.76961,711,51783.8,114110.44291,0
1764815100000,2.2050,2.2057,2.2043,2.2057,131973.5,1764815159999,290969.10484,645,77923.4,171802.90483,0
1764815160000,2.2058,2.2075,2.2054,2.2062,264387.2,1764815219999,583364.06026,1033,142853.1,315197.64718,0
1764815220000,2.2061,2.2062,2.2048,2.2054,134010.5,1764815279999,295581.44542,584,31001.9,68377.34453,0
1764815280000,2.2055,2.2056,2.2033,2.2036,95096.5,1764815339999,209652.04859,755,38776.7,85492.38539,0
1764815340000,2.2037,2.2048,2.2036,2.2046,57656.6,1764815399999,127105.08414,388,18534.3,40855.73253,0
1764815400000,2.2047,2.2052,2.2039,2.2041,120825.4,1764815459999,266390.82309,624,91415.9,201549.83895,0
1764815460000,2.2040,2.2044,2.2011,2.2019,202558.6,1764815519999,446128.56450,1007,66015.6,145395.52116,0
1764815520000,2.2018,2.2037,2.2014,2.2015,238651.9,1764815579999,525623.04077,900,145703.6,320889.05003,0
1764815580000,2.2015,2.2043,2.2015,2.2028,122518.1,1764815639999,269894.04251,961,79362.3,174814.90720,0
1764815640000,2.2028,2.2040,2.2023,2.2031,72585.8,1764815699999,159916.41995,580,35320.3,77815.63452,0
1764815700000,2.2031,2.2037,2.2022,2.2033,137541.5,1764815759999,302980.22791,741,37948.1,83583.19699,0
1764815760000,2.2032,2.2046,2.2031,2.2042,105143.7,1764815819999,231735.66839,632,59501.3,131132.43136,0
1764815820000,2.2041,2.2041,2.2027,2.2038,73111.8,1764815879999,161097.87935,557,36488.3,80390.97710,0
1764815880000,2.2037,2.2059,2.2025,2.2059,208530.7,1764815939999,459472.30062,913,79658.7,175567.81080,0
1764815940000,2.2059,2.2076,2.2059,2.2068,232233.1,1764815999999,512485.53194,1075,143326.2,316286.11542,0
1764816000000,2.2068,2.2069,2.2058,2.2065,128665.8,1764816059999,283876.16549,642,50849.2,112183.96371,0
1764816060000,2.2065,2.2067,2.2035,2.2036,147305.0,1764816119999,324914.60510,531,9614.5,21210.65758,0
1764816120000,2.2036,2.2045,2.2017,2.2045,125196.2,1764816179999,275820.57012,817,89910.9,198096.53443,0
1764816180000,2.2045,2.2054,2.2044,2.2048,120350.2,1764816239999,265370.46219,522,96598.3,212997.95325,0
1764816240000,2.2049,2.2049,2.2039,2.2043,49763.4,1764816299999,109686.95321,473,31306.8,69004.50553,0
1764816300000,2.2044,2.2060,2.2039,2.2060,75849.5,1764816359999,167240.37401,519,62661.9,138170.73885,0
1764816360000,2.2061,2.2062,2.2038,2.2045,112188.3,1764816419999,247350.68920,772,39548.8,87182.10692,0
1764816420000,2.2045,2.2061,2.2028,2.2029,355284.8,1764816479999,783107.41696,1316,109384.9,241118.45514,0
1764816480000,2.2029,2.2030,2.2014,2.2027,172151.1,1764816539999,379162.18327,852,100987.2,222425.04147,0
1764816540000,2.2027,2.2034,2.2023,2.2031,114990.3,1764816599999,253294.40280,849,66651.8,146816.25592,0
1764816600000,2.2032,2.2032,2.2016,2.2016,123868.5,1764816659999,272809.33189,688,59784.3,131668.62083,0
1764816660000,2.2016,2.2024,2.2010,2.2011,121447.6,1764816719999,267365.76677,689,64698.4,142436.79527,0
1764816720000,2.2011,2.2013,2.2001,2.2005,155123.2,1764816779999,341357.78340,723,73826.3,162461.31175,0
1764816780000,2.2006,2.2010,2.2000,2.2003,108594.0,1764816839999,238945.98279,648,76966.7,169351.41729,0
1764816840000,2.2003,2.2016,2.2002,2.2002,134289.6,1764816899999,295559.68607,600,94984.3,209047.01871,0
1764816900000,2.2003,2.2019,2.2000,2.2012,131547.3,1764816959999,289479.11194,574,62339.6,137197.21364,0
1764816960000,2.2011,2.2012,2.2004,2.2005,159314.8,1764817019999,350604.44432,603,124198.3,273322.79504,0
1764817020000,2.2004,2.2016,2.2004,2.2013,153874.0,1764817079999,338685.93426,667,110552.5,243324.49122,0
1764817080000,2.2013,2.2016,2.2006,2.2014,236793.6,1764817139999,521207.22949,870,168887.9,371744.10412,0
1764817140000,2.2013,2.2016,2.2006,2.2012,158737.7,1764817199999,349386.45817,683,79915.1,175906.56567,0
1764817200000,2.2012,2.2013,2.1990,2.1999,356734.5,1764817259999,784761.83265,1153,195060.9,429093.75729,0
1764817260000,2.1998,2.2011,2.1989,2.1989,187445.0,1764817319999,412398.49752,750,107644.7,236832.83301,0
1764817320000,2.1989,2.2013,2.1983,2.2002,226596.9,1764817379999,498361.44054,1141,113756.8,250211.55491,0
1764817380000,2.2001,2.2005,2.1996,2.1997,103641.9,1764817439999,227999.17581,636,46503.7,102302.61656,0
1764817440000,2.1998,2.2027,2.1998,2.2026,112737.7,1764817499999,248151.45094,903,94764.7,208586.50092,0
1764817500000,2.2026,2.2026,2.1997,2.2004,171060.6,1764817559999,376432.11927,1046,77528.9,170573.36815,0
1764817560000,2.2004,2.2036,2.2003,2.2035,161173.9,1764817619999,354899.48889,839,118443.1,260805.71537,0
1764817620000,2.2036,2.2056,2.2035,2.2047,150226.5,1764817679999,331153.46034,1061,100928.4,222484.80672,0
1764817680000,2.2046,2.2046,2.2023,2.2031,119391.6,1764817739999,263061.54710,859,73512.9,161969.11039,0
1764817740000,2.2031,2.2056,2.2025,2.2051,389660.7,1764817799999,858928.92588,1289,299796.7,660834.74018,0
1764817800000,2.2051,2.2052,2.2021,2.2025,88165.9,1764817859999,194285.50777,773,17175.6,37845.72507,0
1764817860000,2.2025,2.2027,2.2014,2.2016,68455.0,1764817919999,150748.32001,626,36707.6,80834.89976,0
1764817920000,2.2016,2.2016,2.2000,2.2000,63575.4,1764817979999,139897.14942,727,17709.2,38967.46370,0
1764817980000,2.1999,2.2014,2.1997,2.2002,180333.4,1764818039999,396866.72226,878,121268.9,266899.53976,0
1764818040000,2.2003,2.2013,2.1998,2.1999,257079.0,1764818099999,565715.69969,881,115302.6,253764.84433,0
1764818100000,2.1999,2.2004,2.1976,2.1982,237355.9,1764818159999,521792.23819,1088,116229.4,255492.70345,0
1764818160000,2.1981,2.2005,2.1977,2.2004,92665.6,1764818219999,203749.22491,769,54873.8,120669.05502,0
1764818220000,2.2004,2.2005,2.1975,2.1979,308047.4,1764818279999,677286.25410,927,168315.7,370069.86490,0
1764818280000,2.1980,2.1987,2.1974,2.1985,110437.5,1764818339999,242748.55238,566,39984.5,87897.00388,0
1764818340000,2.1985,2.1987,2.1965,2.1967,138565.5,1764818399999,304447.52822,680,19814.5,43542.25526,0
1764818400000,2.1966,2.1973,2.1952,2.1960,365941.8,1764818459999,803597.81292,1346,107896.6,236949.85263,0
1764818460000,2.1960,2.1960,2.1940,2.1946,397742.6,1764818519999,873074.43427,1148,123897.8,271984.71124,0
1764818520000,2.1945,2.1963,2.1945,2.1951,164769.7,1764818579999,361760.10726,731,97956.1,215060.51467,0
1764818580000,2.1951,2.1960,2.1946,2.1956,202595.2,1764818639999,444729.82007,835,107277.8,235487.06569,0
1764818640000,2.1956,2.1963,2.1947,2.1962,154967.7,1764818699999,340203.76056,651,82937.1,182088.54489,0
1764818700000,2.1962,2.1962,2.1945,2.1949,226741.9,1764818759999,497695.96255,807,46816.6,102768.58896,0
1764818760000,2.1949,2.1952,2.1944,2.1950,95472.0,1764818819999,209543.94135,492,70024.4,153694.17036,0
1764818820000,2.1951,2.1957,2.1949,2.1950,100139.2,1764818879999,219833.30114,509,23680.2,51981.27275,0
1764818880000,2.1950,2.1959,2.1950,2.1955,40133.8,1764818939999,88108.07493,349,31692.4,69574.17238,0
1764818940000,2.1956,2.1957,2.1945,2.1947,81355.4,1764818999999,178589.06372,382,36154.9,79369.40097,0
1764819000000,2.1947,2.1949,2.1932,2.1935,263450.1,1764819059999,577951.08166,870,55838.0,122511.58039,0
1764819060000,2.1934,2.1950,2.1930,2.1931,171053.0,1764819119999,375259.70873,726,90477.5,198507.79841,0
1764819120000,2.1930,2.1935,2.1924,2.1932,136772.2,1764819179999,299900.63947,759,53464.3,117234.82384,0
1764819180000,2.1932,2.1971,2.1932,2.1945,1402312.8,1764819239999,3079569.67526,2059,821377.7,1803549.33099,0
1764819240000,2.1944,2.1944,2.1929,2.1938,258314.8,1764819299999,566585.22577,942,151570.2,332451.97684,0
1764819300000,2.1938,2.1948,2.1934,2.1948,124240.0,1764819359999,272581.12366,600,100545.5,220598.06459,0
1764819360000,2.1948,2.1954,2.1935,2.1936,317989.5,1764819419999,697821.25134,942,76195.5,167227.49735,0
1764819420000,2.1935,2.1940,2.1925,2.1935,378880.5,1764819479999,830949.17417,1062,217571.0,477198.86159,0
1764819480000,2.1935,2.1936,2.1922,2.1931,277392.8,1764819539999,608270.71066,852,163388.8,358282.62780,0
1764819540000,2.1931,2.1947,2.1930,2.1946,185852.3,1764819599999,407766.26510,704,139045.2,305056.10838,0
1764819600000,2.1946,2.1947,2.1938,2.1947,226287.3,1764819659999,496521.49100,746,152703.1,335069.39170,0
1764819660000,2.1947,2.1955,2.1940,2.1951,158870.2,1764819719999,348704.26856,702,80582.7,176876.83062,0
1764819720000,2.1950,2.1951,2.1938,2.1938,145397.2,1764819779999,319118.22532,638,52348.8,114896.83191,0
1764819780000,2.1938,2.1948,2.1938,2.1942,66408.4,1764819839999,145717.45972,512,37732.6,82793.19077,0
1764819840000,2.1942,2.1947,2.1941,2.1943,51189.8,1764819899999,112330.64972,331,30042.0,65926.28942,0
1764819900000,2.1943,2.1943,2.1932,2.1939,115720.2,1764819959999,253855.72520,543,61482.3,134876.14505,0
1764819960000,2.1939,2.1943,2.1932,2.1933,58114.3,1764820019999,127492.66969,510,28405.1,62316.03415,0
1764820020000,2.1934,2.1942,2.1926,2.1927,110631.3,1764820079999,242668.99727,564,45830.8,100535.50872,0
1764820080000,2.1928,2.1948,2.1927,2.1948,235136.5,1764820139999,515886.16185,703,152055.1,333588.52349,0
1764820140000,2.1948,2.1959,2.1948,2.1957,86978.1,1764820199999,190940.58686,614,40523.1,88957.23212,0
1764820200000,2.1957,2.1968,2.1950,2.1953,286708.4,1764820259999,629625.69106,1068,196316.3,431116.49215,0
1764820260000,2.1954,2.1960,2.1952,2.1958,81248.7,1764820319999,178389.49864,499,65752.9,144365.71441,0
1764820320000,2.1958,2.1963,2.1953,2.1960,83522.7,1764820379999,183402.50225,555,69736.4,153132.63148,0
1764820380000,2.1960,2.1962,2.1953,2.1955,136553.1,1764820439999,299825.86976,531,61621.4,135303.75457,0
1764820440000,2.1955,2.1962,2.1950,2.1961,117936.8,1764820499999,258937.18195,575,85948.6,188708.52781,0
1764820500000,2.1961,2.1961,2.1953,2.1954,46428.6,1764820559999,101940.03089,321,30740.3,67494.33204,0
1764820560000,2.1953,2.1954,2.1935,2.1947,230383.8,1764820619999,505542.55806,656,99442.3,218176.94051,0
1764820620000,2.1947,2.1948,2.1931,2.1935,181075.6,1764820679999,397290.53281,564,78642.3,172510.34316,0
1764820680000,2.1934,2.1943,2.1933,2.1939,92261.7,1764820739999,202392.76933,408,77698.2,170444.22838,0
1764820740000,2.1939,2.1943,2.1936,2.1941,92397.4,1764820799999,202727.58189,322,34555.4,75814.65533,0
1764820800000,2.1941,2.1949,2.1940,2.1947,124090.7,1764820859999,272300.98568,635,101214.2,222100.88566,0
1764820860000,2.1947,2.1949,2.1926,2.1939,140543.2,1764820919999,308311.99441,820,64546.2,141587.42829,0
1764820920000,2.1939,2.1947,2.1938,2.1940,127354.1,1764820979999,279447.52838,687,57032.4,125138.94976,0
1764820980000,2.1939,2.1940,2.1925,2.1931,153781.5,1764821039999,337270.86554,719,67567.3,148191.13971,0
1764821040000,2.1931,2.1932,2.1907,2.1932,281954.0,1764821099999,618025.07563,1197,87024.5,190743.23561,0
1764821100000,2.1932,2.1959,2.1924,2.1954,155358.1,1764821159999,340851.55202,822,109767.5,240820.31191,0
1764821160000,2.1953,2.1958,2.1935,2.1936,159357.0,1764821219999,349729.44326,791,92526.9,203057.46824,0
1764821220000,2.1937,2.1946,2.1932,2.1937,85293.1,1764821279999,187112.84632,587,48351.2,106066.27094,0
1764821280000,2.1937,2.1955,2.1936,2.1953,165824.6,1764821339999,363882.27231,652,126184.3,276897.59140,0
1764821340000,2.1953,2.1964,2.1953,2.1961,218640.3,1764821399999,480088.66309,659,197404.3,433458.11057,0
1764821400000,2.1961,2.1972,2.1961,2.1968,156315.1,1764821459999,343370.40315,712,108590.9,238534.67170,0
1764821460000,2.1968,2.1980,2.1965,2.1980,110877.2,1764821519999,243631.58435,636,83788.6,184108.08192,0
1764821520000,2.1980,2.1996,2.1965,2.1965,188348.1,1764821579999,414046.28092,960,75399.8,165785.42439,0
1764821580000,2.1966,2.1966,2.1953,2.1958,111226.9,1764821639999,244266.76005,544,81742.8,179515.92228,0
1764821640000,2.1958,2.1960,2.1954,2.1955,58162.0,1764821699999,127712.35448,374,15148.9,33263.95027,0
1764821700000,2.1954,2.1959,2.1946,2.1959,79984.1,1764821759999,175566.56549,470,42665.6,93653.90183,0
1764821760000,2.1959,2.1961,2.1933,2.1935,130657.5,1764821819999,286727.02599,702,39051.5,85713.53495,0
1764821820000,2.1934,2.1937,2.1925,2.1927,121970.4,1764821879999,267487.07234,704,79051.1,173361.70732,0
1764821880000,2.1926,2.1943,2.1921,2.1939,98443.7,1764821939999,215866.07764,743,58495.4,128274.71574,0
1764821940000,2.1938,2.1944,2.1931,2.1939,82164.8,1764821999999,180221.82207,495,59526.2,130562.58131,0
1764822000000,2.1938,2.1946,2.1936,2.1946,98126.7,1764822059999,215291.47796,457,74364.6,163160.58208,0
1764822060000,2.1945,2.1946,2.1932,2.1932,118178.9,1764822119999,259250.17851,541,57468.6,126067.90187,0
1764822120000,2.1932,2.1938,2.1926,2.1926,105064.7,1764822179999,230416.94689,558,59328.6,130114.34349,0
1764822180000,2.1926,2.1938,2.1923,2.1935,97124.7,1764822239999,212972.51471,443,71465.3,156693.68769,0
1764822240000,2.1935,2.1947,2.1931,2.1944,73032.9,1764822299999,160196.24210,401,51644.0,113274.53857,0
1764822300000,2.1944,2.1954,2.1937,2.1953,281513.2,1764822359999,617754.16267,614,146634.9,321803.06117,0
1764822360000,2.1953,2.1960,2.1942,2.1947,100850.0,1764822419999,221367.22286,525,56812.6,124708.19001,0
1764822420000,2.1946,2.1947,2.1932,2.1940,52110.1,1764822479999,114316.00236,380,21534.8,47239.24027,0
1764822480000,2.1940,2.1940,2.1936,2.1940,47546.1,1764822539999,104307.62696,274,11232.1,24642.44730,0
1764822540000,2.1940,2.1949,2.1939,2.1947,54557.3,1764822599999,119710.69003,294,43479.9,95404.33561,0
1764822600000,2.1947,2.1953,2.1940,2.1945,89151.8,1764822659999,195676.76927,444,33190.5,72853.74818,0
1764822660000,2.1946,2.1950,2.1943,2.1943,45428.8,1764822719999,99699.11939,371,13850.8,30397.13749,0
1764822720000,2.1944,2.1962,2.1944,2.1957,80226.9,1764822779999,176129.12672,535,53886.4,118292.00379,0
1764822780000,2.1957,2.1959,2.1949,2.1950,46519.8,1764822839999,102131.03997,498,21880.5,48035.96685,0
1764822840000,2.1951,2.1951,2.1926,2.1941,132627.0,1764822899999,290917.60703,806,19849.4,43537.03594,0
1764822900000,2.1941,2.1947,2.1936,2.1943,106416.5,1764822959999,233476.65302,626,33882.3,74343.34569,0
1764822960000,2.1943,2.1950,2.1939,2.1947,67262.1,1764823019999,147596.73232,544,44243.9,97083.99163,0
1764823020000,2.1948,2.1948,2.1929,2.1930,79519.1,1764823079999,174418.95238,481,7565.8,16595.07515,0
1764823080000,2.1930,2.1933,2.1923,2.1926,126441.3,1764823139999,277245.70232,636,44873.2,98391.75904,0
1764823140000,2.1926,2.1928,2.1906,2.1912,265557.9,1764823199999,581936.14017,1054,59586.4,130604.81747,0
1764823200000,2.1911,2.1913,2.1884,2.1894,1104416.7,1764823259999,2418386.60745,2400,201127.5,440397.83783,0
1764823260000,2.1894,2.1908,2.1894,2.1895,194816.8,1764823319999,426660.38286,942,109479.1,239766.07589,0
1764823320000,2.1896,2.1899,2.1880,2.1880,356750.7,1764823379999,780846.06985,1044,98101.4,214725.71865,0
1764823380000,2.1880,2.1886,2.1870,2.1885,439434.1,1764823439999,961368.97907,1493,178828.6,391242.78910,0
1764823440000,2.1884,2.1890,2.1884,2.1888,165225.1,1764823499999,361626.03114,685,72763.6,159252.84368,0
1764823500000,2.1887,2.1890,2.1885,2.1886,126719.3,1764823559999,277350.13425,568,52032.9,113888.56277,0
1764823560000,2.1886,2.1892,2.1878,2.1882,146587.0,1764823619999,320814.54657,823,100377.7,219685.31594,0
1764823620000,2.1882,2.1882,2.1867,2.1870,254458.7,1764823679999,556568.29903,990,96896.7,211941.07763,0
1764823680000,2.1871,2.1895,2.1863,2.1864,939655.5,1764823739999,2055486.36757,2222,489407.0,1070602.99825,0
1764823740000,2.1864,2.1874,2.1864,2.1869,213674.6,1764823799999,467291.99261,852,122591.1,268087.82413,0
1764823800000,2.1869,2.1879,2.1868,2.1876,151690.6,1764823859999,331814.95092,821,92500.7,202329.49520,0
1764823860000,2.1875,2.1879,2.1834,2.1850,2076864.0,1764823919999,4537501.90052,3218,424372.9,927108.20871,0
1764823920000,2.1850,2.1853,2.1846,2.1848,183681.0,1764823979999,401334.31127,830,77901.2,170218.06179,0
1764823980000,2.1848,2.1851,2.1837,2.1848,547198.9,1764824039999,1195185.52017,1520,294137.5,642468.58056,0
1764824040000,2.1848,2.1868,2.1848,2.1857,214039.2,1764824099999,467898.61057,1102,154559.3,337873.16002,0
1764824100000,2.1858,2.1868,2.1857,2.1867,364676.0,1764824159999,797247.94261,887,285377.0,623894.39742,0
1764824160000,2.1867,2.1867,2.1857,2.1858,238202.3,1764824219999,520757.68957,899,55068.8,120401.30458,0
1764824220000,2.1858,2.1864,2.1850,2.1856,209739.3,1764824279999,458415.54295,660,161427.8,352830.73545,0
1764824280000,2.1855,2.1859,2.1855,2.1858,73798.1,1764824339999,161294.65493,341,35304.6,77163.81425,0
1764824340000,2.1857,2.1867,2.1857,2.1867,341345.7,1764824399999,746220.63744,714,280721.0,613692.92513,0
1764824400000,2.1866,2.1875,2.1865,2.1866,223709.0,1764824459999,489233.63507,931,154188.4,337197.22062,0
1764824460000,2.1867,2.1868,2.1846,2.1847,159956.7,1764824519999,349609.85048,898,58525.6,127921.34629,0
1764824520000,2.1847,2.1850,2.1837,2.1847,497236.5,1764824579999,1086239.35113,1156,163977.8,358221.64494,0
1764824580000,2.1848,2.1850,2.1834,2.1844,224746.2,1764824639999,490869.23853,748,100971.5,220544.57788,0
1764824640000,2.1845,2.1860,2.1844,2.1856,319281.6,1764824699999,697706.16453,936,196797.9,430024.16734,0
1764824700000,2.1856,2.1869,2.1837,2.1843,335519.6,1764824759999,733194.82434,1120,182571.4,398996.03332,0
1764824760000,2.1842,2.1845,2.1838,2.1839,219627.1,1764824819999,479676.97114,506,161170.5,351993.28596,0
1764824820000,2.1840,2.1840,2.1831,2.1832,219929.6,1764824879999,480237.96915,841,118451.0,258651.45472,0
1764824880000,2.1831,2.1838,2.1831,2.1837,107878.2,1764824939999,235558.88980,631,82740.6,180669.94801,0
1764824940000,2.1837,2.1840,2.1826,2.1826,214586.9,1764824999999,468510.24058,740,102699.3,224243.77020,0
1764825000000,2.1826,2.1827,2.1814,2.1817,492338.5,1764825059999,1074294.06222,1133,207113.4,451929.17163,0
1764825060000,2.1817,2.1818,2.1810,2.1813,396325.8,1764825119999,864550.17423,850,176423.3,384857.08426,0
1764825120000,2.1813,2.1837,2.1806,2.1837,723304.8,1764825179999,1578202.13857,1563,416145.0,908096.58608,0
1764825180000,2.1837,2.1838,2.1818,2.1818,215103.1,1764825239999,469465.34305,778,111702.7,243795.72534,0
1764825240000,2.1818,2.1830,2.1818,2.1830,154164.2,1764825299999,336476.20689,474,103282.2,225408.04635,0
1764825300000,2.1829,2.1839,2.1826,2.1827,130392.0,1764825359999,284688.41890,618,92798.6,202601.84494,0
1764825360000,2.1826,2.1827,2.1819,2.1825,218027.9,1764825419999,475809.33382,824,160002.6,349180.46221,0
1764825420000,2.1826,2.1826,2.1787,2.1805,1027872.4,1764825479999,2240439.48075,2164,337861.3,736501.73537,0
1764825480000,2.1805,2.1807,2.1793,2.1795,300244.0,1764825539999,654547.86136,815,147999.9,322637.12787,0
1764825540000,2.1795,2.1798,2.1785,2.1790,346064.9,1764825599999,754122.85748,885,171540.0,373802.11170,0
1764825600000,2.1790,2.1800,2.1790,2.1791,363731.2,1764825659999,792742.37919,767,200365.6,436698.52488,0
1764825660000,2.1792,2.1794,2.1780,2.1785,695570.4,1764825719999,1515227.28887,1195,298925.0,651175.74227,0
1764825720000,2.1785,2.1789,2.1780,2.1782,222140.3,1764825779999,483943.82384,712,166430.2,362580.97052,0
1764825780000,2.1783,2.1790,2.1783,2.1788,194843.6,1764825839999,424521.43152,494,84320.1,183707.53676,0
1764825840000,2.1789,2.1803,2.1788,2.1798,308277.1,1764825899999,671926.40238,815,207435.9,452118.58498,0
1764825900000,2.1797,2.1817,2.1797,2.1817,269113.9,1764825959999,586872.19168,789,190832.0,416173.74467,0
1764825960000,2.1817,2.1830,2.1817,2.1829,207979.0,1764826019999,453852.31201,738,127154.2,277477.10639,0
1764826020000,2.1830,2.1842,2.1830,2.1839,237577.1,1764826079999,518815.49506,753,182396.2,398309.37987,0
1764826080000,2.1839,2.1840,2.1827,2.1831,118275.3,1764826139999,258257.48085,499,55421.3,121015.00495,0
1764826140000,2.1832,2.1844,2.1830,2.1830,320288.2,1764826199999,699465.95712,856,178270.1,389334.30589,0
1764826200000,2.1829,2.1845,2.1827,2.1845,196964.9,1764826259999,430042.12914,608,142366.8,310848.36427,0
1764826260000,2.1845,2.1851,2.1842,2.1843,280608.8,1764826319999,613030.41974,745,164742.0,359906.21587,0
1764826320000,2.1842,2.1842,2.1815,2.1827,193160.4,1764826379999,421555.31235,882,60486.7,131986.11454,0
1764826380000,2.1827,2.1827,2.1812,2.1815,95204.2,1764826439999,207700.43947,416,32565.5,71041.85480,0
1764826440000,2.1815,2.1823,2.1814,2.1816,505150.9,1764826499999,1102150.13017,877,426306.0,930118.09313,0
1764826500000,2.1816,2.1817,2.1795,2.1802,242430.6,1764826559999,528619.13333,1148,52374.9,114194.02570,0
1764826560000,2.1803,2.1805,2.1790,2.1793,272873.3,1764826619999,594760.09417,879,92416.9,201429.90454,0
1764826620000,2.1794,2.1796,2.1792,2.1794,218670.0,1764826679999,476597.21955,514,160730.6,350321.25289,0
1764826680000,2.1795,2.1796,2.1789,2.1790,98365.3,1764826739999,214382.50649,458,51167.1,111521.92655,0
1764826740000,2.1789,2.1793,2.1782,2.1790,231059.5,1764826799999,503436.38582,748,92445.4,201423.34861,0
1764826800000,2.1791,2.1797,2.1785,2.1785,84627.8,1764826859999,184441.46047,512,39353.6,85773.60258,0
1764826860000,2.1786,2.1786,2.1774,2.1774,144321.6,1764826919999,314339.60042,736,40056.3,87240.21159,0
1764826920000,2.1775,2.1782,2.1762,2.1771,424056.2,1764826979999,923209.70208,1302,144231.1,314025.53944,0
1764826980000,2.1770,2.1771,2.1753,2.1765,541150.0,1764827039999,1177623.44317,1466,347813.8,756899.78076,0
1764827040000,2.1764,2.1766,2.1755,2.1756,161884.1,1764827099999,352286.44515,578,65199.5,141885.18923,0
1764827100000,2.1756,2.1770,2.1756,2.1768,389627.3,1764827159999,847976.39974,1055,238984.7,520135.32426,0
1764827160000,2.1769,2.1771,2.1762,2.1768,287861.4,1764827219999,626566.50094,772,147495.0,321053.32337,0
1764827220000,2.1768,2.1772,2.1761,2.1772,223104.6,1764827279999,485611.47342,654,163591.2,356083.81950,0
1764827280000,2.1771,2.1771,2.1765,2.1765,133542.7,1764827339999,290701.93744,475,42096.1,91636.22345,0
1764827340000,2.1765,2.1768,2.1751,2.1754,274823.9,1764827399999,597969.90108,740,83237.7,181124.49249,0
1764827400000,2.1754,2.1754,2.1722,2.1723,1219582.1,1764827459999,2651381.96205,2247,379508.3,824925.83262,0
1764827460000,2.1724,2.1738,2.1711,2.1723,742800.4,1764827519999,1613816.55255,1919,410519.5,891930.64836,0
1764827520000,2.1722,2.1730,2.1703,2.1710,807655.4,1764827579999,1754020.76474,1629,288807.9,627268.08069,0
1764827580000,2.1711,2.1740,2.1711,2.1735,717615.4,1764827639999,1558927.45147,1529,525430.0,1141405.71719,0
1764827640000,2.1736,2.1740,2.1731,2.1735,192250.7,1764827699999,417864.20375,717,97729.9,212421.02808,0
1764827700000,2.1736,2.1750,2.1735,2.1750,247643.5,1764827759999,538474.31899,798,163758.1,356088.64409,0
1764827760000,2.1750,2.1759,2.1746,2.1750,216504.5,1764827819999,470945.07512,709,125969.0,274006.81379,0
1764827820000,2.1751,2.1753,2.1746,2.1746,131180.3,1764827879999,285324.67529,502,32909.6,71579.85938,0
1764827880000,2.1747,2.1758,2.1746,2.1754,117030.2,1764827939999,254573.39655,461,68683.8,149395.75303,0
1764827940000,2.1753,2.1761,2.1753,2.1759,147399.2,1764827999999,320712.50423,522,111866.2,243396.18739,0
1764828000000,2.1759,2.1772,2.1759,2.1769,435573.2,1764828059999,948120.96620,1129,250300.3,544826.01464,0
1764828060000,2.1769,2.1770,2.1763,2.1768,225329.8,1764828119999,490476.74391,843,133852.7,291359.50657,0
1764828120000,2.1768,2.1770,2.1754,2.1761,324593.5,1764828179999,706437.03074,901,107860.9,234734.92431,0
1764828180000,2.1762,2.1770,2.1754,2.1755,184674.0,1764828239999,401927.63218,798,89368.6,194514.99800,0
1764828240000,2.1755,2.1763,2.1738,2.1738,250001.0,1764828299999,543856.56432,1110,80115.5,174286.30520,0
1764828300000,2.1738,2.1769,2.1738,2.1769,419707.3,1764828359999,912910.13345,1123,241829.4,526054.94088,0
1764828360000,2.1769,2.1772,2.1753,2.1761,246918.6,1764828419999,537423.52693,924,109092.5,237428.32578,0
1764828420000,2.1761,2.1770,2.1761,2.1767,227705.7,1764828479999,495644.54293,720,192218.9,418401.09944,0
1764828480000,2.1768,2.1769,2.1750,2.1768,199259.3,1764828539999,433533.95926,774,134417.7,292441.52741,0
1764828540000,2.1768,2.1768,2.1759,2.1763,153100.7,1764828599999,333180.22206,627,86663.9,188602.18534,0
1764828600000,2.1763,2.1779,2.1763,2.1774,232215.4,1764828659999,505624.35132,931,115304.7,251052.81030,0
1764828660000,2.1774,2.1774,2.1750,2.1751,127067.3,1764828719999,276566.29106,761,53508.8,116474.46089,0
1764828720000,2.1751,2.1770,2.1750,2.1768,123474.8,1764828779999,268674.95385,719,101337.2,220501.83245,0
1764828780000,2.1768,2.1774,2.1767,2.1773,97386.6,1764828839999,212034.67703,519,68619.9,149403.51305,0
1764828840000,2.1772,2.1778,2.1771,2.1777,331794.9,1764828899999,722447.44250,485,304764.7,663593.55764,0
1764828900000,2.1778,2.1786,2.1772,2.1786,189339.8,1764828959999,412358.28611,843,136755.9,297842.04842,0
1764828960000,2.1785,2.1785,2.1768,2.1774,177059.3,1764829019999,385556.48986,714,84167.6,183276.35880,0
1764829020000,2.1773,2.1774,2.1747,2.1749,190131.2,1764829079999,413671.69183,879,61979.5,134848.85861,0
1764829080000,2.1750,2.1768,2.1750,2.1767,110779.7,1764829139999,241063.16419,701,75113.5,163440.30859,0
1764829140000,2.1767,2.1770,2.1759,2.1760,91258.4,1764829199999,198607.14339,582,26743.0,58201.73943,0
1764829200000,2.1760,2.1761,2.1748,2.1751,254855.7,1764829259999,554370.27465,893,168034.4,365511.91112,0
1764829260000,2.1751,2.1777,2.1745,2.1760,462329.1,1764829319999,1006201.35856,1543,311348.6,677594.85063,0
1764829320000,2.1759,2.1759,2.1749,2.1759,137659.6,1764829379999,299453.38924,664,70292.3,152907.32095,0
1764829380000,2.1758,2.1762,2.1744,2.1744,124068.0,1764829439999,269896.08643,491,16503.0,35901.64423,0
1764829440000,2.1744,2.1757,2.1742,2.1751,159710.6,1764829499999,347374.45597,616,105403.3,229253.13402,0
1764829500000,2.1751,2.1784,2.1750,2.1784,668280.5,1764829559999,1454820.85814,1505,436955.2,951117.42818,0
1764829560000,2.1783,2.1804,2.1781,2.1797,541344.5,1764829619999,1179885.60421,1431,298874.7,651432.19142,0
1764829620000,2.1796,2.1797,2.1785,2.1788,180048.5,1764829679999,392314.26999,782,88569.7,192982.20624,0
1764829680000,2.1787,2.1788,2.1781,2.1785,286001.2,1764829739999,623017.16119,845,77541.8,168915.42644,0
1764829740000,2.1786,2.1790,2.1782,2.1789,122956.2,1764829799999,267885.95270,460,80087.3,174490.36904,0
1764829800000,2.1788,2.1797,2.1780,2.1780,355502.4,1764829859999,774645.48849,1068,115485.8,251671.36358,0
1764829860000,2.1780,2.1795,2.1780,2.1784,239603.7,1764829919999,522032.11584,854,129517.9,282182.89263,0
1764829920000,2.1785,2.1795,2.1785,2.1789,69314.8,1764829979999,151045.45651,522,46677.1,101717.31544,0
1764829980000,2.1789,2.1803,2.1789,2.1800,193687.2,1764830039999,422174.39302,633,117692.6,256531.79039,0
1764830040000,2.1800,2.1824,2.1795,2.1824,392252.6,1764830099999,855694.47552,1014,203632.0,444201.65908,0
1764830100000,2.1823,2.1831,2.1817,2.1818,489223.0,1764830159999,1067666.36546,1406,330022.4,720256.42439,0
1764830160000,2.1819,2.1832,2.1817,2.1832,296432.5,1764830219999,646934.31569,754,253139.6,552459.12126,0
1764830220000,2.1832,2.1845,2.1808,2.1817,551480.8,1764830279999,1203791.02256,1523,299160.5,653166.21263,0
1764830280000,2.1816,2.1823,2.1814,2.1822,83131.1,1764830339999,181382.60036,602,51894.5,113225.91936,0
1764830340000,2.1822,2.1823,2.1814,2.1818,191863.2,1764830399999,418616.50536,728,72871.8,158987.70887,0
1764830400000,2.1818,2.1824,2.1811,2.1816,230193.0,1764830459999,502222.56251,751,96603.5,210763.99602,0
1764830460000,2.1815,2.1829,2.1813,2.1816,574941.0,1764830519999,1254690.72675,1179,150246.8,327856.30561,0
1764830520000,2.1815,2.1834,2.1809,2.1832,242441.2,1764830579999,529061.49278,823,96144.8,209777.24933,0
1764830580000,2.1832,2.1833,2.1812,2.1815,541907.8,1764830639999,1182520.33042,1285,256146.9,558976.89666,0
1764830640000,2.1816,2.1822,2.1810,2.1818,418376.4,1764830699999,912764.53200,991,215504.8,470161.86662,0
1764830700000,2.1818,2.1822,2.1811,2.1811,133732.3,1764830759999,291764.88730,597,52504.2,114559.45136,0
1764830760000,2.1810,2.1811,2.1784,2.1792,434966.0,1764830819999,948150.38128,968,79725.3,173768.19981,0
1764830820000,2.1792,2.1792,2.1774,2.1785,193794.0,1764830879999,422088.07128,703,74054.0,161305.79721,0
1764830880000,2.1784,2.1786,2.1774,2.1776,103764.1,1764830939999,225995.80126,382,47170.0,102738.53834,0
1764830940000,2.1777,2.1800,2.1772,2.1798,539128.3,1764830999999,1174479.80524,1136,303032.2,660205.77919,0
1764831000000,2.1797,2.1816,2.1792,2.1801,549614.7,1764831059999,1198388.03011,1270,249386.1,543826.48628,0
1764831060000,2.1801,2.1813,2.1801,2.1806,271319.6,1764831119999,591673.21424,685,184918.7,403269.51082,0
1764831120000,2.1806,2.1807,2.1774,2.1775,126412.6,1764831179999,275473.70021,711,23692.5,51622.61139,0
1764831180000,2.1775,2.1792,2.1772,2.1783,72383.9,1764831239999,157659.25866,618,35366.6,77035.94238,0
1764831240000,2.1784,2.1811,2.1783,2.1807,489361.8,1764831299999,1066712.66509,1235,477060.2,1039892.02693,0
1764831300000,2.1807,2.1811,2.1801,2.1804,123383.0,1764831359999,269033.30597,577,62418.8,136110.42533,0
1764831360000,2.1803,2.1804,2.1792,2.1800,60236.6,1764831419999,131307.39395,425,33191.5,72351.02344,0
1764831420000,2.1800,2.1803,2.1799,2.1802,46036.5,1764831479999,100358.70619,240,14771.7,32203.56361,0
1764831480000,2.1802,2.1807,2.1793,2.1802,94570.4,1764831539999,206172.63428,654,46837.4,102108.56550,0
1764831540000,2.1802,2.1802,2.1794,2.1797,43246.9,1764831599999,94269.37895,293,14055.2,30640.48967,0
1764831600000,2.1796,2.1797,2.1781,2.1781,86843.5,1764831659999,189248.55698,478,20401.1,44465.24310,0
1764831660000,2.1781,2.1788,2.1777,2.1778,134342.8,1764831719999,292633.01829,612,59019.1,128566.19154,0
1764831720000,2.1779,2.1779,2.1754,2.1754,344500.9,1764831779999,749822.64748,1294,115312.5,250971.39008,0
1764831780000,2.1754,2.1760,2.1744,2.1747,457961.9,1764831839999,996109.71886,762,78923.9,171681.34251,0
1764831840000,2.1747,2.1758,2.1747,2.1754,94143.6,1764831899999,204798.38558,585,46305.0,100728.67519,0
1764831900000,2.1754,2.1765,2.1752,2.1760,170321.2,1764831959999,370592.23590,681,88762.7,193124.03217,0
1764831960000,2.1759,2.1759,2.1747,2.1752,80134.7,1764832019999,174297.20932,484,25407.4,55260.68504,0
1764832020000,2.1751,2.1774,2.1748,2.1764,118817.4,1764832079999,258541.88277,680,54936.8,119548.30519,0
1764832080000,2.1764,2.1771,2.1756,2.1766,123832.2,1764832139999,269503.75583,660,71656.1,155942.30440,0
1764832140000,2.1765,2.1765,2.1714,2.1714,279958.8,1764832199999,608482.37502,1231,73877.6,160631.89771,0
1764832200000,2.1714,2.1728,2.1714,2.1716,209065.3,1764832259999,454107.14707,819,144116.6,313052.11630,0
1764832260000,2.1715,2.1715,2.1667,2.1693,2183759.8,1764832319999,4737717.60284,3142,387423.3,840456.97445,0
1764832320000,2.1692,2.1692,2.1668,2.1673,1481814.1,1764832379999,3212061.25473,2500,691196.5,1498368.84367,0
1764832380000,2.1673,2.1690,2.1673,2.1673,466694.6,1764832439999,1011881.40803,1227,154741.6,335507.43991,0
1764832440000,2.1673,2.1694,2.1673,2.1690,247811.7,1764832499999,537378.28544,948,180525.8,391453.92770,0
1764832500000,2.1689,2.1690,2.1671,2.1676,247010.9,1764832559999,535500.70734,735,100325.2,217514.61096,0
1764832560000,2.1677,2.1685,2.1675,2.1682,122977.2,1764832619999,266613.96810,637,74400.6,161299.49957,0
1764832620000,2.1683,2.1683,2.1672,2.1678,276835.2,1764832679999,600120.20855,822,116952.7,253537.38691,0
1764832680000,2.1678,2.1701,2.1677,2.1693,361861.2,1764832739999,784901.30216,1357,258602.0,560912.69840,0
1764832740000,2.1694,2.1713,2.1680,2.1709,713971.6,1764832799999,1549309.88406,1880,555335.5,1205047.46886,0
1764832800000,2.1708,2.1715,2.1685,2.1685,200209.9,1764832859999,434541.28508,922,96259.8,208951.15933,0
1764832860000,2.1685,2.1694,2.1682,2.1688,276606.9,1764832919999,599881.27174,936,134566.2,291847.74954,0
1764832920000,2.1688,2.1688,2.1658,2.1658,437221.5,1764832979999,947509.70365,1244,122676.4,265864.52743,0
1764832980000,2.1658,2.1659,2.1650,2.1653,455862.4,1764833039999,987089.10631,1058,197766.5,428225.95656,0
1764833040000,2.1652,2.1662,2.1652,2.1658,259593.1,1764833099999,562195.23889,935,167070.2,361822.03674,0
1764833100000,2.1657,2.1675,2.1657,2.1675,205874.7,1764833159999,445995.74242,957,148523.0,321754.33495,0
1764833160000,2.1675,2.1698,2.1675,2.1698,137398.0,1764833219999,298036.11182,850,102421.9,222154.61355,0
1764833220000,2.1697,2.1706,2.1685,2.1689,243130.7,1764833279999,527472.94956,905,138672.0,300874.67638,0
1764833280000,2.1688,2.1696,2.1688,2.1696,143815.5,1764833339999,311976.02233,566,99264.7,215332.35628,0
1764833340000,2.1696,2.1701,2.1689,2.1693,198410.2,1764833399999,430449.85734,666,67890.9,147282.54942,0
1764833400000,2.1692,2.1703,2.1689,2.1693,257675.1,1764833459999,559013.59785,928,182485.7,395892.49465,0
1764833460000,2.1694,2.1708,2.1685,2.1700,283588.0,1764833519999,615290.87504,1097,172156.6,373499.12931,0
1764833520000,2.1701,2.1704,2.1693,2.1704,110243.3,1764833579999,239210.69856,671,64388.8,139715.42094,0
1764833580000,2.1704,2.1710,2.1699,2.1710,118356.7,1764833639999,256883.75739,777,98674.1,214167.35124,0
1764833640000,2.1710,2.1722,2.1705,2.1710,291936.9,1764833699999,633926.10428,1303,175784.1,381679.26804,0
1764833700000,2.1710,2.1717,2.1704,2.1705,292870.9,1764833759999,635790.80762,1111,90455.9,196366.48526,0
1764833760000,2.1705,2.1709,2.1698,2.1709,169917.9,1764833819999,368757.11455,754,97914.6,212491.87173,0
1764833820000,2.1708,2.1720,2.1708,2.1716,144161.0,1764833879999,313050.91733,747,85479.1,185621.76254,0
1764833880000,2.1716,2.1729,2.1713,2.1729,262112.5,1764833939999,569316.62117,897,183819.7,399243.28976,0
1764833940000,2.1729,2.1729,2.1710,2.1725,113475.3,1764833999999,246450.06130,1183,69137.4,150153.72792,0
1764834000000,2.1725,2.1734,2.1720,2.1733,275548.5,1764834059999,598729.08813,892,237504.4,516060.54552,0
1764834060000,2.1733,2.1733,2.1719,2.1723,111384.0,1764834119999,241973.20850,750,62019.3,134721.15406,0
1764834120000,2.1723,2.1736,2.1720,2.1724,131065.7,1764834179999,284756.72911,649,99395.0,215946.94197,0
1764834180000,2.1724,2.1732,2.1721,2.1731,137586.7,1764834239999,298941.94181,666,54418.8,118229.35694,0
1764834240000,2.1731,2.1731,2.1725,2.1730,52217.5,1764834299999,113459.77151,458,37156.3,80734.23968,0
1764834300000,2.1730,2.1738,2.1727,2.1728,194886.7,1764834359999,423562.71253,847,46549.9,101161.87130,0
1764834360000,2.1728,2.1730,2.1720,2.1730,76299.2,1764834419999,165760.14260,657,31288.7,67975.76741,0
1764834420000,2.1730,2.1733,2.1718,2.1724,211094.9,1764834479999,458570.71621,951,59941.7,130213.05623,0
1764834480000,2.1724,2.1724,2.1705,2.1708,165580.5,1764834539999,359479.65096,872,79731.2,173094.03959,0
1764834540000,2.1708,2.1720,2.1707,2.1714,101401.7,1764834599999,220174.55012,538,70702.0,153512.15585,0
1764834600000,2.1714,2.1719,2.1713,2.1719,54350.9,1764834659999,118032.17670,473,37278.8,80958.11844,0
1764834660000,2.1719,2.1728,2.1716,2.1717,318703.8,1764834719999,692397.02961,801,88379.8,191993.72716,0
1764834720000,2.1717,2.1732,2.1716,2.1720,202722.3,1764834779999,440406.32708,902,138616.1,301137.03642,0
1764834780000,2.1721,2.1723,2.1716,2.1716,72202.0,1764834839999,156827.13497,519,35948.3,78084.36433,0
1764834840000,2.1717,2.1717,2.1704,2.1705,192775.6,1764834899999,418481.92526,768,43139.3,93648.61625,0
1764834900000,2.1705,2.1706,2.1692,2.1700,290670.5,1764834959999,630741.95588,943,144082.2,312656.33665,0
1764834960000,2.1701,2.1711,2.1700,2.1705,87558.5,1764835019999,190043.79413,527,51951.9,112762.80514,0
1764835020000,2.1705,2.1707,2.1700,2.1705,89664.5,1764835079999,194610.82041,453,33476.9,72661.03682,0
1764835080000,2.1706,2.1714,2.1705,2.1713,147856.2,1764835139999,321008.42874,432,92169.5,200101.93034,0
1764835140000,2.1714,2.1716,2.1711,2.1715,173559.1,1764835199999,376869.66606,571,114909.3,249519.08250,0
1764835200000,2.1715,2.1718,2.1695,2.1696,469271.8,1764835259999,1018717.61696,1264,308853.5,670436.75866,0
1764835260000,2.1696,2.1711,2.1690,2.1704,327247.9,1764835319999,710188.96970,976,225518.3,489398.26602,0
1764835320000,2.1703,2.1726,2.1703,2.1721,227505.6,1764835379999,494106.71697,760,117304.7,254747.77338,0
1764835380000,2.1722,2.1766,2.1721,2.1766,440835.9,1764835439999,958579.07953,1404,364863.4,793408.47678,0
1764835440000,2.1766,2.1780,2.1762,2.1772,349931.4,1764835499999,761862.21634,1335,203472.3,442988.63679,0
1764835500000,2.1772,2.1780,2.1756,2.1761,324674.6,1764835559999,706841.13919,1165,171340.8,373037.18038,0
1764835560000,2.1761,2.1766,2.1747,2.1747,296589.2,1764835619999,645258.61212,1115,215222.2,468249.92687,0
1764835620000,2.1748,2.1767,2.1748,2.1759,280922.1,1764835679999,611198.48624,816,229060.1,498338.19396,0
1764835680000,2.1759,2.1763,2.1730,2.1730,249667.6,1764835739999,542887.15148,886,95639.4,207970.37738,0
1764835740000,2.1730,2.1731,2.1691,2.1692,230409.3,1764835799999,500108.17563,1196,126164.1,273832.82920,0
1764835800000,2.1693,2.1694,2.1667,2.1668,404019.6,1764835859999,876047.74986,1360,150006.3,325318.94459,0
1764835860000,2.1668,2.1683,2.1655,2.1656,383530.0,1764835919999,830989.58458,1423,185577.8,402123.98173,0
1764835920000,2.1656,2.1667,2.1654,2.1667,239314.2,1764835979999,518400.43344,941,154856.6,335444.20248,0
1764835980000,2.1667,2.1667,2.1642,2.1664,815351.3,1764836039999,1765436.89284,1654,259687.2,562269.92573,0
1764836040000,2.1664,2.1674,2.1658,2.1671,164689.4,1764836099999,356808.10358,677,103178.9,223550.04499,0
1764836100000,2.1670,2.1675,2.1657,2.1675,157710.1,1764836159999,341698.08101,929,90988.7,197147.54582,0
1764836160000,2.1675,2.1705,2.1674,2.1690,308048.4,1764836219999,668224.07990,1106,197641.7,428681.58185,0
1764836220000,2.1689,2.1703,2.1686,2.1691,189956.8,1764836279999,412082.96074,782,88013.5,190934.31232,0
1764836280000,2.1691,2.1691,2.1675,2.1686,126227.1,1764836339999,273694.41962,738,60582.8,131352.10112,0
1764836340000,2.1686,2.1694,2.1676,2.1694,197020.6,1764836399999,427201.23088,828,134117.2,290814.33887,0
1764836400000,2.1693,2.1699,2.1691,2.1697,47796.0,1764836459999,103698.06407,365,32302.1,70083.10576,0
1764836460000,2.1697,2.1697,2.1667,2.1667,190366.5,1764836519999,412749.33647,791,54463.7,118084.17645,0
1764836520000,2.1667,2.1679,2.1667,2.1679,308136.7,1764836579999,667844.66741,819,146656.0,317848.58672,0
1764836580000,2.1678,2.1686,2.1661,2.1663,191366.1,1764836639999,414801.11629,735,63005.2,136561.79864,0
1764836640000,2.1662,2.1678,2.1662,2.1663,146513.4,1764836699999,317472.71132,723,77846.2,168688.06556,0
1764836700000,2.1663,2.1673,2.1663,2.1668,189606.9,1764836759999,410852.11853,636,142315.8,308389.02743,0
1764836760000,2.1667,2.1676,2.1663,2.1671,140994.2,1764836819999,305515.12945,711,57686.4,125000.05833,0
1764836820000,2.1670,2.1670,2.1650,2.1651,130114.4,1764836879999,281816.98124,703,48084.1,104140.87411,0
1764836880000,2.1650,2.1661,2.1650,2.1659,66299.9,1764836939999,143583.86033,588,40026.5,86682.33694,0
1764836940000,2.1658,2.1663,2.1643,2.1646,293373.3,1764836999999,635214.08436,826,96184.4,208253.04366,0
1764837000000,2.1645,2.1645,2.1629,2.1632,448607.5,1764837059999,970616.19353,1378,176319.1,381494.89672,0
1764837060000,2.1632,2.1644,2.1624,2.1643,523835.5,1764837119999,1133264.72616,1079,306887.5,663880.47156,0
1764837120000,2.1643,2.1649,2.1633,2.1649,237984.6,1764837179999,515025.59460,951,129015.0,279209.42187,0
1764837180000,2.1649,2.1663,2.1649,2.1651,199217.6,1764837239999,431406.50306,846,111089.7,240561.26963,0
1764837240000,2.1650,2.1660,2.1646,2.1649,138367.0,1764837299999,299605.80335,714,72901.5,157848.09372,0
1764837300000,2.1649,2.1688,2.1649,2.1688,424629.5,1764837359999,920492.43617,1092,329352.8,713950.82072,0
1764837360000,2.1687,2.1697,2.1675,2.1678,147007.3,1764837419999,318802.03127,721,68124.9,147722.57896,0
1764837420000,2.1678,2.1688,2.1669,2.1685,107540.2,1764837479999,233119.41306,667,70021.3,151789.05080,0
1764837480000,2.1685,2.1690,2.1676,2.1678,123360.8,1764837539999,267493.20342,649,32284.6,70009.67556,0
1764837540000,2.1678,2.1694,2.1678,2.1694,66288.4,1764837599999,143749.88891,456,38103.3,82629.63084,0
1764837600000,2.1693,2.1712,2.1690,2.1710,200247.9,1764837659999,434613.85909,974,143471.8,311394.36916,0
1764837660000,2.1709,2.1716,2.1704,2.1707,191849.5,1764837719999,416508.00658,643,112624.9,244519.68494,0
1764837720000,2.1707,2.1717,2.1707,2.1715,81309.4,1764837779999,176533.72425,525,57120.8,124018.26132,0
1764837780000,2.1714,2.1715,2.1699,2.1706,119570.6,1764837839999,259539.49410,566,41947.5,91046.88392,0
1764837840000,2.1706,2.1712,2.1705,2.1709,32881.2,1764837899999,71381.85517,299,24644.4,53500.28883,0
1764837900000,2.1709,2.1711,2.1692,2.1693,168954.0,1764837959999,366603.00277,659,13250.9,28760.66005,0
1764837960000,2.1692,2.1703,2.1682,2.1688,145983.8,1764838019999,316640.44180,854,70858.4,153697.14310,0
1764838020000,2.1688,2.1697,2.1687,2.1697,94068.7,1764838079999,204052.65856,536,78365.5,169990.63862,0
1764838080000,2.1697,2.1699,2.1685,2.1692,79058.5,1764838139999,171477.61932,522,24947.1,54111.40454,0
1764838140000,2.1692,2.1697,2.1679,2.1680,70585.0,1764838199999,153112.99497,518,38705.9,83967.72710,0
1764838200000,2.1679,2.1680,2.1656,2.1657,165055.0,1764838259999,357634.67657,849,34904.9,75628.75967,0
1764838260000,2.1656,2.1658,2.1636,2.1636,236100.9,1764838319999,511066.38841,1081,85414.1,184886.30707,0
1764838320000,2.1636,2.1641,2.1630,2.1638,141181.1,1764838379999,305446.86503,760,62757.2,135777.08425,0
1764838380000,2.1638,2.1638,2.1621,2.1624,168180.3,1764838439999,363683.79506,828,69444.8,150170.14433,0
1764838440000,2.1625,2.1625,2.1596,2.1607,893720.8,1764838499999,1931330.13122,2234,274598.1,593446.61722,0
1764838500000,2.1606,2.1609,2.1602,2.1607,155768.8,1764838559999,336547.81618,565,111371.0,240626.63067,0
1764838560000,2.1607,2.1622,2.1602,2.1622,151007.2,1764838619999,326329.09497,837,110983.2,239846.36747,0
1764838620000,2.1622,2.1625,2.1608,2.1610,254799.7,1764838679999,550815.82781,855,150616.0,325607.75062,0
1764838680000,2.1611,2.1618,2.1608,2.1614,113009.6,1764838739999,244235.81646,426,69599.9,150417.63116,0
1764838740000,2.1615,2.1627,2.1614,2.1627,108048.0,1764838799999,233638.85961,563,92235.7,199444.87337,0
1764838800000,2.1627,2.1645,2.1624,2.1625,447600.0,1764838859999,968442.62466,1331,330566.9,715243.50523,0
1764838860000,2.1625,2.1645,2.1622,2.1639,186872.6,1764838919999,404336.08509,870,90604.4,196006.63514,0
1764838920000,2.1639,2.1663,2.1639,2.1662,132676.9,1764838979999,287256.01771,671,101120.6,218916.83933,0
1764838980000,2.1663,2.1664,2.1648,2.1658,214797.7,1764839039999,465146.83351,993,123280.3,266951.12284,0
1764839040000,2.1657,2.1664,2.1645,2.1655,152481.2,1764839099999,330233.70598,793,62352.7,135037.16815,0
1764839100000,2.1655,2.1668,2.1650,2.1668,170664.6,1764839159999,369666.65395,608,68015.6,147328.37430,0
1764839160000,2.1667,2.1710,2.1667,2.1708,796558.2,1764839219999,1728519.78490,2288,434251.2,942189.16265,0
1764839220000,2.1709,2.1713,2.1694,2.1707,432103.3,1764839279999,937847.10334,1463,140166.4,304230.41707,0
1764839280000,2.1707,2.1715,2.1698,2.1702,333876.1,1764839339999,724705.79305,1040,107289.8,232859.20371,0
1764839340000,2.1703,2.1729,2.1702,2.1727,316847.3,1764839399999,688180.84531,1515,223912.8,486337.47726,0
1764839400000,2.1728,2.1736,2.1712,2.1714,263342.4,1764839459999,572083.45375,1064,79632.6,173000.17098,0
1764839460000,2.1714,2.1723,2.1710,2.1716,155769.3,1764839519999,338281.45180,864,44294.0,96190.70527,0
1764839520000,2.1715,2.1716,2.1700,2.1709,202205.3,1764839579999,438981.14383,743,54688.8,118714.42725,0
1764839580000,2.1709,2.1710,2.1704,2.1706,104845.1,1764839639999,227593.92346,473,34802.0,75549.40515,0
1764839640000,2.1707,2.1707,2.1688,2.1688,201167.4,1764839699999,436444.07601,819,59339.4,128720.38157,0
1764839700000,2.1688,2.1691,2.1680,2.1680,127615.0,1764839759999,276730.14023,563,45626.5,98938.89321,0
1764839760000,2.1680,2.1693,2.1673,2.1684,237584.4,1764839819999,515115.88726,942,101905.9,220967.88567,0
1764839820000,2.1684,2.1684,2.1635,2.1637,226374.1,1764839879999,490130.41724,1249,67673.1,146500.84376,0
1764839880000,2.1637,2.1652,2.1637,2.1652,205068.8,1764839939999,443852.26255,721,172109.9,372513.96187,0
1764839940000,2.1651,2.1657,2.1646,2.1648,155365.8,1764839999999,336410.97354,679,64965.9,140669.84403,0
1764840000000,2.1649,2.1662,2.1649,2.1649,85985.1,1764840059999,186204.51903,622,56725.1,122838.86640,0
1764840060000,2.1650,2.1674,2.1650,2.1669,117395.1,1764840119999,254324.76609,722,65981.5,142933.03694,0
1764840120000,2.1669,2.1673,2.1656,2.1668,169127.7,1764840179999,366442.69593,808,82546.5,178845.19220,0
1764840180000,2.1668,2.1677,2.1659,2.1660,252362.0,1764840239999,546912.27117,740,144795.9,313828.14736,0
1764840240000,2.1660,2.1668,2.1657,2.1665,123698.4,1764840299999,267983.34135,634,65894.2,142759.85653,0
1764840300000,2.1666,2.1670,2.1660,2.1663,84687.0,1764840359999,183476.29680,566,56231.2,121830.37420,0
1764840360000,2.1663,2.1667,2.1655,2.1661,85784.7,1764840419999,185818.25108,601,54218.4,117443.37989,0
1764840420000,2.1661,2.1669,2.1660,2.1662,84729.7,1764840479999,183552.33391,509,65195.9,141235.37586,0
1764840480000,2.1662,2.1665,2.1650,2.1650,172421.9,1764840539999,373425.61553,667,88299.5,191264.27318,0
1764840540000,2.1651,2.1663,2.1651,2.1660,113672.8,1764840599999,246218.08952,526,75060.2,162580.88448,0
1764840600000,2.1660,2.1664,2.1652,2.1654,159743.3,1764840659999,346010.79065,732,79556.3,172326.36994,0
1764840660000,2.1655,2.1667,2.1650,2.1667,181669.6,1764840719999,393389.72338,752,120347.2,260608.68091,0
1764840720000,2.1667,2.1691,2.1667,2.1685,160568.8,1764840779999,348096.98050,980,106409.2,230665.67244,0
1764840780000,2.1685,2.1694,2.1675,2.1694,151315.1,1764840839999,328147.91682,835,94395.5,204704.83890,0
1764840840000,2.1694,2.1694,2.1674,2.1686,267343.7,1764840899999,579790.47143,853,139106.2,301653.66430,0
1764840900000,2.1686,2.1699,2.1686,2.1699,128520.0,1764840959999,278802.07390,617,120682.8,261803.32566,0
1764840960000,2.1699,2.1707,2.1698,2.1701,114450.3,1764841019999,248379.06745,649,61235.4,132888.14337,0
1764841020000,2.1700,2.1701,2.1677,2.1696,358860.5,1764841079999,778380.70386,1056,203329.9,441016.70077,0
1764841080000,2.1695,2.1706,2.1687,2.1705,68710.4,1764841139999,149066.48880,499,57125.5,123936.86441,0
1764841140000,2.1706,2.1712,2.1686,2.1687,232434.4,1764841199999,504406.20662,885,105284.4,228513.87855,0
1764841200000,2.1686,2.1706,2.1686,2.1704,233761.9,1764841259999,507234.68487,806,188425.3,408858.94681,0
1764841260000,2.1704,2.1706,2.1690,2.1698,133349.5,1764841319999,289376.90971,707,31392.2,68123.75012,0
1764841320000,2.1698,2.1703,2.1691,2.1697,66675.8,1764841379999,144666.10369,513,30666.9,66537.81236,0
1764841380000,2.1697,2.1710,2.1696,2.1709,113774.8,1764841439999,246928.31405,480,56267.2,122120.58872,0
1764841440000,2.1709,2.1734,2.1701,2.1719,810299.4,1764841499999,1760328.67052,1681,522853.0,1135857.02093,0
1764841500000,2.1718,2.1719,2.1704,2.1707,200111.2,1764841559999,434412.12887,828,109874.8,238500.04267,0
1764841560000,2.1707,2.1724,2.1707,2.1724,215736.0,1764841619999,468513.47927,662,124042.4,269372.22261,0
1764841620000,2.1723,2.1724,2.1704,2.1705,160408.6,1764841679999,348319.65492,704,49836.8,108207.83703,0
1764841680000,2.1704,2.1714,2.1700,2.1711,179435.2,1764841739999,389509.18863,730,108662.4,235893.77072,0
1764841740000,2.1711,2.1711,2.1700,2.1710,131817.2,1764841799999,286116.48204,508,73177.3,158835.84157,0
1764841800000,2.1711,2.1726,2.1710,2.1722,191115.8,1764841859999,415119.04818,809,125022.8,271545.17174,0
1764841860000,2.1722,2.1725,2.1710,2.1721,122211.8,1764841919999,265422.90224,585,64735.2,140592.27968,0
1764841920000,2.1721,2.1721,2.1705,2.1705,113297.4,1764841979999,245989.39117,640,66044.7,143394.11837,0
1764841980000,2.1706,2.1729,2.1705,2.1728,300792.7,1764842039999,653338.66400,986,221843.8,481837.96423,0
1764842040000,2.1728,2.1743,2.1722,2.1740,172000.8,1764842099999,373807.14594,739,111966.9,243341.83561,0
1764842100000,2.1740,2.1740,2.1700,2.1716,366717.5,1764842159999,796434.25651,1326,116436.2,252847.54309,0
1764842160000,2.1717,2.1730,2.1707,2.1712,196228.1,1764842219999,426183.77701,829,105155.5,228402.94315,0
1764842220000,2.1712,2.1720,2.1712,2.1716,113464.9,1764842279999,246413.06273,376,58054.7,126072.52446,0
1764842280000,2.1717,2.1717,2.1709,2.1713,134722.2,1764842339999,292529.71925,441,29990.4,65118.82458,0
1764842340000,2.1713,2.1713,2.1695,2.1696,110833.7,1764842399999,240523.24991,559,38933.8,84484.89755,0
1764842400000,2.1697,2.1713,2.1697,2.1710,183863.6,1764842459999,399105.71407,722,147433.9,320020.35734,0
1764842460000,2.1711,2.1718,2.1702,2.1702,90133.7,1764842519999,195693.13808,693,31747.2,68933.36029,0
1764842520000,2.1703,2.1715,2.1695,2.1696,186306.3,1764842579999,404398.76156,810,79718.0,173007.22789,0
1764842580000,2.1696,2.1705,2.1692,2.1702,183057.3,1764842639999,397188.62732,744,113103.4,245404.73084,0
1764842640000,2.1702,2.1713,2.1694,2.1713,269545.8,1764842699999,585050.65615,1004,84669.5,183779.48146,0
1764842700000,2.1712,2.1712,2.1695,2.1696,148174.1,1764842759999,321613.89693,761,27289.5,59225.95107,0
1764842760000,2.1695,2.1695,2.1668,2.1689,433104.8,1764842819999,939057.94229,1156,138949.3,301246.19920,0
1764842820000,2.1689,2.1703,2.1685,2.1688,241434.9,1764842879999,523777.00266,938,152131.1,330049.40409,0
1764842880000,2.1687,2.1699,2.1687,2.1696,150436.3,1764842939999,326374.82563,679,30482.1,66122.85979,0
1764842940000,2.1696,2.1700,2.1673,2.1699,185722.4,1764842999999,402738.00154,874,101890.6,220944.98561,0
1764843000000,2.1698,2.1705,2.1684,2.1687,324989.9,1764843059999,705095.41825,1200,83086.7,180244.49193,0
1764843060000,2.1686,2.1695,2.1680,2.1691,182723.7,1764843119999,396242.46726,779,75476.3,163668.33848,0
1764843120000,2.1690,2.1691,2.1678,2.1689,138168.0,1764843179999,299602.60375,705,49004.3,106250.76819,0
1764843180000,2.1689,2.1693,2.1680,2.1681,271157.4,1764843239999,588056.55278,771,46545.3,100946.99780,0
1764843240000,2.1680,2.1687,2.1676,2.1685,237798.3,1764843299999,515619.89753,618,72019.2,156142.82455,0
1764843300000,2.1684,2.1684,2.1658,2.1666,297358.6,1764843359999,644310.41314,1162,178162.5,386012.87612,0
1764843360000,2.1666,2.1669,2.1661,2.1662,122069.2,1764843419999,264462.76773,585,63168.1,136850.56942,0
1764843420000,2.1662,2.1662,2.1650,2.1660,287122.4,1764843479999,621718.08831,922,142685.5,308954.70415,0
1764843480000,2.1659,2.1660,2.1648,2.1649,104225.4,1764843539999,225677.02477,610,51866.7,112306.40778,0
1764843540000,2.1649,2.1649,2.1627,2.1632,231268.5,1764843599999,500343.74947,1016,59809.8,129404.49146,0
1764843600000,2.1633,2.1647,2.1627,2.1631,243415.0,1764843659999,526629.75501,880,129462.1,280069.17540,0
1764843660000,2.1632,2.1670,2.1631,2.1669,227909.9,1764843719999,493503.31641,791,133612.8,289280.00135,0
1764843720000,2.1670,2.1673,2.1657,2.1664,158424.5,1764843779999,343180.99795,780,91440.2,198065.77474,0
1764843780000,2.1663,2.1671,2.1652,2.1653,91310.9,1764843839999,197827.31209,489,55909.5,121139.32109,0
1764843840000,2.1653,2.1663,2.1649,2.1649,109291.2,1764843899999,236666.85852,588,39965.2,86552.66008,0
1764843900000,2.1648,2.1655,2.1644,2.1646,189166.2,1764843959999,409543.20190,614,110677.7,239609.68306,0
1764843960000,2.1645,2.1651,2.1637,2.1642,149561.0,1764844019999,323737.63657,720,58324.0,126249.97796,0
1764844020000,2.1643,2.1646,2.1641,2.1644,35543.9,1764844079999,76927.31864,257,26814.6,58034.15006,0
1764844080000,2.1645,2.1654,2.1631,2.1634,347998.2,1764844139999,753083.37491,846,143419.5,310362.77088,0
1764844140000,2.1634,2.1636,2.1628,2.1632,237618.2,1764844199999,514026.36140,534,99440.0,215112.87114,0
1764844200000,2.1632,2.1633,2.1617,2.1618,279080.3,1764844259999,603484.05483,950,118112.7,255393.44376,0
1764844260000,2.1617,2.1649,2.1617,2.1648,257891.2,1764844319999,557766.80003,901,180394.8,390149.64282,0
1764844320000,2.1648,2.1650,2.1636,2.1637,125776.8,1764844379999,272221.10206,678,55324.4,119742.89283,0
1764844380000,2.1637,2.1639,2.1630,2.1634,126961.1,1764844439999,274643.89588,548,62852.1,135961.77902,0
1764844440000,2.1634,2.1650,2.1611,2.1611,990344.7,1764844499999,2142038.09347,1705,311645.8,673911.51331,0
1764844500000,2.1610,2.1621,2.1582,2.1614,1549160.1,1764844559999,3345347.93397,3313,669166.0,1445004.25081,0
1764844560000,2.1614,2.1615,2.1604,2.1606,165781.8,1764844619999,358208.70343,796,61525.3,132936.05966,0
1764844620000,2.1606,2.1621,2.1605,2.1617,136077.3,1764844679999,294074.12787,681,76575.6,165492.37857,0
1764844680000,2.1617,2.1619,2.1606,2.1608,291267.6,1764844739999,629467.44654,889,179857.8,388683.80550,0
1764844740000,2.1608,2.1608,2.1598,2.1606,149563.0,1764844799999,323111.65406,885,85731.6,185214.50861,0
1764844800000,2.1605,2.1606,2.1592,2.1593,173558.4,1764844859999,374907.25381,686,64414.1,139149.85638,0
1764844860000,2.1593,2.1597,2.1584,2.1586,348700.8,1764844919999,752856.84663,1195,101402.7,218942.63897,0
1764844920000,2.1586,2.1599,2.1586,2.1592,164232.4,1764844979999,354650.38458,810,56837.2,122738.58404,0
1764844980000,2.1593,2.1600,2.1593,2.1594,80918.0,1764845039999,174754.11271,588,34642.2,74814.07092,0
1764845040000,2.1593,2.1599,2.1574,2.1599,537235.0,1764845099999,1159375.06885,1495,266367.5,574827.20167,0
1764845100000,2.1598,2.1612,2.1595,2.1599,264799.9,1764845159999,572077.70613,1049,145722.8,314834.90259,0
1764845160000,2.1598,2.1599,2.1583,2.1593,282199.6,1764845219999,609240.93956,992,113545.3,245120.45220,0
1764845220000,2.1592,2.1594,2.1583,2.1586,253741.2,1764845279999,547759.34529,882,110778.4,239133.70019,0
1764845280000,2.1586,2.1600,2.1580,2.1588,457336.8,1764845339999,987447.69596,1156,300019.9,647814.77927,0
1764845340000,2.1587,2.1588,2.1564,2.1575,405537.4,1764845399999,874850.40342,1325,187444.6,404373.46417,0
1764845400000,2.1574,2.1578,2.1558,2.1563,560936.1,1764845459999,1209581.94094,1131,228267.9,492212.67736,0
1764845460000,2.1562,2.1572,2.1552,2.1572,484023.6,1764845519999,1043622.11504,1285,280073.0,603859.92835,0
1764845520000,2.1572,2.1576,2.1563,2.1575,196582.7,1764845579999,423980.47284,771,142739.6,307848.72781,0
1764845580000,2.1575,2.1582,2.1569,2.1582,355293.5,1764845639999,766493.74380,865,174036.1,375467.47613,0
1764845640000,2.1583,2.1597,2.1578,2.1592,145471.1,1764845699999,314042.37437,751,116805.8,252161.21748,0
1764845700000,2.1593,2.1593,2.1588,2.1589,111133.2,1764845759999,239936.41155,553,46571.8,100547.53868,0
1764845760000,2.1588,2.1589,2.1579,2.1581,238720.8,1764845819999,515216.73377,562,68166.6,147119.53371,0
1764845820000,2.1581,2.1583,2.1575,2.1580,142563.5,1764845879999,307645.21217,519,43598.7,94086.09147,0
1764845880000,2.1580,2.1581,2.1572,2.1572,170624.5,1764845939999,368164.42131,526,39537.5,85310.15892,0
1764845940000,2.1571,2.1578,2.1571,2.1575,214369.4,1764845999999,462498.27534,627,74794.3,161364.41754,0
1764846000000,2.1575,2.1576,2.1556,2.1558,537092.1,1764846059999,1158057.70867,1182,295183.8,636475.90050,0
1764846060000,2.1558,2.1568,2.1558,2.1567,192481.9,1764846119999,415042.03642,799,103686.5,223574.59196,0
1764846120000,2.1568,2.1576,2.1559,2.1564,234200.7,1764846179999,505092.87298,832,102729.1,221560.21349,0
1764846180000,2.1563,2.1572,2.1559,2.1559,133311.1,1764846239999,287497.08521,588,33338.8,71890.56722,0
1764846240000,2.1559,2.1566,2.1553,2.1563,204883.4,1764846299999,441668.45356,815,40123.7,86498.09733,0
1764846300000,2.1563,2.1563,2.1525,2.1533,2234704.1,1764846359999,4813185.00201,3116,428900.2,923815.74207,0
1764846360000,2.1532,2.1549,2.1527,2.1548,459185.4,1764846419999,988976.17899,1059,282538.0,608518.94997,0
1764846420000,2.1547,2.1564,2.1543,2.1544,235046.0,1764846479999,506572.34439,970,84649.7,182436.96624,0
1764846480000,2.1544,2.1566,2.1543,2.1550,260636.6,1764846539999,561895.52903,913,176729.1,380987.49308,0
1764846540000,2.1551,2.1570,2.1550,2.1564,297973.0,1764846599999,642511.94277,1014,117361.2,253065.03134,0
1764846600000,2.1564,2.1564,2.1551,2.1557,180313.6,1764846659999,388665.83386,836,50271.6,108357.79811,0
1764846660000,2.1556,2.1556,2.1544,2.1546,239515.4,1764846719999,516108.35794,794,60858.9,131132.07090,0
1764846720000,2.1546,2.1558,2.1541,2.1544,299075.0,1764846779999,644447.06693,984,154416.8,332746.88498,0
1764846780000,2.1544,2.1549,2.1534,2.1540,281382.1,1764846839999,606093.19966,930,75433.4,162485.35249,0
1764846840000,2.1540,2.1544,2.1529,2.1535,222878.4,1764846899999,479980.50336,739,56548.4,121779.07005,0
1764846900000,2.1535,2.1535,2.1516,2.1523,632690.9,1764846959999,1361827.95249,1493,210684.5,453471.06119,0
1764846960000,2.1523,2.1536,2.1518,2.1536,345243.8,1764847019999,743258.38801,720,212726.0,457961.81481,0
1764847020000,2.1535,2.1539,2.1533,2.1533,77952.7,1764847079999,167879.04548,559,40593.6,87423.27188,0
1764847080000,2.1534,2.1537,2.1525,2.1534,198207.9,1764847139999,426787.16172,674,48900.5,105295.83353,0
1764847140000,2.1533,2.1535,2.1523,2.1526,285661.1,1764847199999,614958.62351,814,85278.6,183574.10346,0
1764847200000,2.1526,2.1529,2.1503,2.1504,759346.3,1764847259999,1633553.65865,1657,208025.5,447527.62463,0
1764847260000,2.1504,2.1520,2.1502,2.1519,444267.4,1764847319999,955525.00402,974,143559.3,308784.42275,0
1764847320000,2.1519,2.1530,2.1502,2.1503,368434.6,1764847379999,792681.90882,933,147133.4,316561.04716,0
1764847380000,2.1502,2.1508,2.1502,2.1503,739848.0,1764847439999,1590875.52860,761,87061.2,187217.88566,0
1764847440000,2.1503,2.1512,2.1503,2.1511,341604.5,1764847499999,734732.18663,687,248069.8,533547.47983,0
1764847500000,2.1511,2.1514,2.1502,2.1503,381893.2,1764847559999,821335.29285,863,138934.0,298821.37415,0
1764847560000,2.1502,2.1503,2.1477,2.1481,3578320.7,1764847619999,7690760.23772,3268,395569.0,849994.64516,0
1764847620000,2.1481,2.1496,2.1480,2.1488,610280.3,1764847679999,1311517.37125,1154,322255.0,692549.69912,0
1764847680000,2.1487,2.1492,2.1485,2.1489,326624.8,1764847739999,701857.38601,758,189699.1,407624.56102,0
1764847740000,2.1489,2.1493,2.1487,2.1490,226015.2,1764847799999,485690.09132,571,76260.4,163877.80418,0
1764847800000,2.1490,2.1507,2.1489,2.1507,626647.5,1764847859999,1347302.22440,1345,283672.8,609885.44699,0
1764847860000,2.1506,2.1512,2.1495,2.1500,407550.8,1764847919999,876425.04206,1095,114560.6,246370.63926,0
1764847920000,2.1501,2.1502,2.1463,2.1465,847918.6,1764847979999,1820951.64058,1793,304566.0,653941.32950,0
1764847980000,2.1464,2.1467,2.1442,2.1446,1574156.6,1764848039999,3376831.49812,2594,429378.7,920986.08487,0
1764848040000,2.1446,2.1454,2.1430,2.1430,1239445.1,1764848099999,2657570.94217,1997,504010.5,1080777.00738,0
1764848100000,2.1430,2.1449,2.1420,2.1445,997808.6,1764848159999,2138602.35253,2176,542179.7,1162132.53233,0
1764848160000,2.1444,2.1460,2.1429,2.1459,585952.9,1764848219999,1256333.73748,1456,290496.6,622894.50393,0
1764848220000,2.1458,2.1458,2.1440,2.1440,323052.1,1764848279999,692886.42022,966,134051.4,287515.87383,0
1764848280000,2.1440,2.1451,2.1434,2.1449,215204.1,1764848339999,461487.53357,838,75473.0,161844.28019,0
1764848340000,2.1448,2.1450,2.1435,2.1440,299648.4,1764848399999,642450.67075,845,100387.4,215237.18975,0
1764848400000,2.1440,2.1442,2.1416,2.1425,510180.0,1764848459999,1093115.34865,1352,210247.5,450477.52051,0
1764848460000,2.1425,2.1427,2.1415,2.1424,737462.7,1764848519999,1579908.23616,1474,276910.9,593246.18144,0
1764848520000,2.1425,2.1435,2.1425,2.1435,356414.2,1764848579999,763844.71462,958,188522.0,404029.65849,0
1764848580000,2.1435,2.1452,2.1434,2.1452,412376.9,1764848639999,884344.72661,866,290394.4,622711.93114,0
1764848640000,2.1452,2.1458,2.1446,2.1447,245235.3,1764848699999,526064.00155,803,92492.6,198422.22698,0
1764848700000,2.1447,2.1447,2.1419,2.1425,1203290.1,1764848759999,2578082.61414,1490,559033.3,1197562.64838,0
1764848760000,2.1425,2.1438,2.1424,2.1432,241722.1,1764848819999,518034.89235,785,134780.3,288856.78733,0
1764848820000,2.1431,2.1445,2.1430,2.1442,223943.2,1764848879999,480064.68831,845,108727.0,233070.14216,0
1764848880000,2.1442,2.1449,2.1438,2.1444,221542.8,1764848939999,475055.79340,757,68119.5,146067.62736,0
1764848940000,2.1444,2.1452,2.1437,2.1449,655946.2,1764848999999,1406626.46484,1118,435089.4,933019.29726,0
1764849000000,2.1448,2.1468,2.1448,2.1466,445556.6,1764849059999,956019.71100,1112,241535.1,518291.71056,0
1764849060000,2.1466,2.1479,2.1463,2.1476,693251.5,1764849119999,1488703.59870,1157,372069.6,799010.26576,0
1764849120000,2.1477,2.1498,2.1472,2.1497,472777.5,1764849179999,1015677.05643,1301,285589.9,613570.78758,0
1764849180000,2.1497,2.1508,2.1491,2.1508,622366.1,1764849239999,1338017.82894,1166,232773.0,500422.92242,0
1764849240000,2.1507,2.1508,2.1484,2.1496,803772.0,1764849299999,1727911.49380,1505,267654.1,575285.30855,0
1764849300000,2.1495,2.1502,2.1492,2.1499,470852.1,1764849359999,1012249.32115,960,160932.5,345979.63032,0
1764849360000,2.1500,2.1504,2.1491,2.1493,343950.2,1764849419999,739437.63580,762,90878.7,195382.23182,0
1764849420000,2.1492,2.1493,2.1481,2.1491,328161.4,1764849479999,705102.73930,779,170005.9,365267.33423,0
1764849480000,2.1490,2.1491,2.1487,2.1488,182911.4,1764849539999,393070.36930,399,45629.8,98054.98389,0
1764849540000,2.1488,2.1500,2.1484,2.1500,162384.5,1764849599999,348995.77680,587,96053.6,206442.71127,0
1764849600000,2.1500,2.1504,2.1493,2.1493,190252.5,1764849659999,408999.81930,712,85251.9,183275.95992,0
1764849660000,2.1493,2.1512,2.1492,2.1509,314494.3,1764849719999,676223.68110,1005,170221.6,366038.53915,0
1764849720000,2.1509,2.1521,2.1505,2.1520,321704.0,1764849779999,692081.18493,939,155831.2,335277.70022,0
1764849780000,2.1520,2.1536,2.1519,2.1535,739848.4,1764849839999,1592867.61531,1570,371503.9,799795.53473,0
1764849840000,2.1535,2.1536,2.1517,2.1526,396409.5,1764849899999,853377.36423,1233,213877.1,460427.50533,0
1764849900000,2.1525,2.1533,2.1519,2.1532,294774.3,1764849959999,634581.91034,822,212643.0,457779.75335,0
1764849960000,2.1533,2.1533,2.1512,2.1517,315698.5,1764850019999,679387.45665,1148,146707.1,315667.60221,0
1764850020000,2.1518,2.1522,2.1500,2.1500,259597.3,1764850079999,558370.08628,1108,76758.6,165101.47392,0
1764850080000,2.1500,2.1525,2.1496,2.1517,341145.4,1764850139999,733748.50692,1111,144965.6,311852.71286,0
1764850140000,2.1516,2.1517,2.1510,2.1514,139693.7,1764850199999,300531.79819,552,65564.3,141051.25136,0
1764850200000,2.1514,2.1515,2.1493,2.1493,320158.7,1764850259999,688387.50024,1090,150257.5,323096.86540,0
1764850260000,2.1493,2.1494,2.1482,2.1483,420276.3,1764850319999,903155.05826,1179,137090.4,294597.67781,0
1764850320000,2.1483,2.1511,2.1483,2.1498,323043.0,1764850379999,694608.52811,1048,165663.9,356149.46202,0
1764850380000,2.1498,2.1505,2.1498,2.1499,194485.0,1764850439999,418154.74967,533,113991.2,245090.11991,0
1764850440000,2.1498,2.1510,2.1453,2.1476,1816779.6,1764850499999,3901991.29506,2718,492715.0,1058310.33770,0
1764850500000,2.1475,2.1494,2.1450,2.1474,2533497.9,1764850559999,5439236.74642,2867,660738.7,1418561.25960,0
1764850560000,2.1475,2.1475,2.1460,2.1461,394114.3,1764850619999,845987.01663,818,139808.5,300110.73087,0
1764850620000,2.1461,2.1461,2.1425,2.1446,602278.0,1764850679999,1291297.97425,2004,185875.1,398448.94673,0
1764850680000,2.1446,2.1450,2.1425,2.1437,358904.7,1764850739999,769375.56605,1155,146706.8,314503.31799,0
1764850740000,2.1436,2.1447,2.1416,2.1423,271758.5,1764850799999,582494.34064,1040,128871.1,276264.94894,0
1764850800000,2.1423,2.1427,2.1380,2.1395,3317192.6,1764850859999,7097345.37605,5589,932410.8,1995007.36365,0
1764850860000,2.1394,2.1395,2.1366,2.1388,1369245.7,1764850919999,2927692.27723,2272,481569.8,1029737.26030,0
1764850920000,2.1388,2.1403,2.1384,2.1399,557475.8,1764850979999,1192669.53729,1313,338468.0,724116.90043,0
1764850980000,2.1399,2.1409,2.1394,2.1400,688807.9,1764851039999,1474256.35694,1249,308142.8,659501.61310,0
1764851040000,2.1400,2.1409,2.1396,2.1405,262912.1,1764851099999,562666.72032,713,150166.9,321380.33206,0
1764851100000,2.1405,2.1417,2.1400,2.1404,261336.7,1764851159999,559540.64239,1065,142208.7,304497.18156,0
1764851160000,2.1404,2.1417,2.1400,2.1402,354572.8,1764851219999,759142.55126,1072,202146.6,432802.25999,0
1764851220000,2.1401,2.1403,2.1385,2.1400,463353.9,1764851279999,991400.65519,1089,218900.7,468417.89116,0
1764851280000,2.1399,2.1400,2.1380,2.1391,464129.9,1764851339999,992668.31500,1265,212107.2,453673.47164,0
1764851340000,2.1391,2.1397,2.1377,2.1380,236448.1,1764851399999,505714.72471,805,86956.3,185996.29548,0
1764851400000,2.1381,2.1407,2.1380,2.1404,285261.7,1764851459999,610228.92142,1162,170933.6,365677.21819,0
1764851460000,2.1405,2.1405,2.1382,2.1384,164888.2,1764851519999,352716.43520,959,82909.6,177350.61616,0
1764851520000,2.1385,2.1407,2.1383,2.1405,355947.4,1764851579999,761499.37472,1066,228634.4,489119.34878,0
1764851580000,2.1404,2.1432,2.1404,2.1413,664532.6,1764851639999,1423590.00430,1550,435778.4,933508.62325,0
1764851640000,2.1413,2.1425,2.1407,2.1417,336618.5,1764851699999,720920.68123,925,181395.6,388472.79828,0
1764851700000,2.1417,2.1439,2.1416,2.1437,299209.1,1764851759999,641113.52911,976,190465.6,408115.95524,0
1764851760000,2.1438,2.1446,2.1432,2.1436,268868.3,1764851819999,576370.66662,865,117011.0,250848.37236,0
1764851820000,2.1435,2.1448,2.1424,2.1447,326314.2,1764851879999,699443.73253,1152,219015.0,469451.65284,0
1764851880000,2.1448,2.1449,2.1430,2.1430,161148.8,1764851939999,345441.46135,685,72880.5,156233.31973,0
1764851940000,2.1430,2.1437,2.1428,2.1435,231742.1,1764851999999,496712.94634,836,182358.0,390868.37285,0
1764852000000,2.1434,2.1439,2.1434,2.1438,148311.9,1764852059999,317929.74379,780,112551.7,241275.17099,0
1764852060000,2.1437,2.1491,2.1437,2.1476,1059786.8,1764852119999,2275516.46871,2448,760696.0,1633154.48710,0
1764852120000,2.1475,2.1475,2.1453,2.1458,266735.8,1764852179999,572417.01785,917,141820.5,304351.92338,0
1764852180000,2.1457,2.1463,2.1456,2.1461,146019.9,1764852239999,313350.27127,547,82824.4,177736.92730,0
1764852240000,2.1462,2.1465,2.1452,2.1463,141413.7,1764852299999,303440.17456,686,75336.5,161653.62390,0
1764852300000,2.1462,2.1483,2.1454,2.1478,349146.8,1764852359999,749761.35600,1046,245172.4,526461.73394,0
1764852360000,2.1479,2.1483,2.1465,2.1468,296507.1,1764852419999,636746.51591,954,129405.2,277919.05616,0
1764852420000,2.1468,2.1471,2.1465,2.1468,227087.4,1764852479999,487544.94867,829,99815.7,214298.57780,0
1764852480000,2.1468,2.1472,2.1441,2.1446,447954.2,1764852539999,960959.56057,1188,85800.3,184084.93745,0
1764852540000,2.1446,2.1449,2.1424,2.1440,390215.8,1764852599999,836537.17555,1316,133491.7,286183.54602,0
1764852600000,2.1441,2.1454,2.1440,2.1449,100519.9,1764852659999,215597.11131,652,64381.1,138082.74537,0
1764852660000,2.1450,2.1451,2.1437,2.1443,193538.0,1764852719999,414995.19782,744,137215.2,294217.36662,0
1764852720000,2.1444,2.1456,2.1441,2.1454,92497.9,1764852779999,198393.53505,500,65807.7,141142.03436,0
1764852780000,2.1455,2.1456,2.1442,2.1443,533610.7,1764852839999,1144651.67806,1031,448397.9,961869.52503,0
1764852840000,2.1443,2.1449,2.1442,2.1447,107358.2,1764852899999,230242.07884,558,77895.1,167054.20753,0
1764852900000,2.1447,2.1461,2.1447,2.1459,179060.7,1764852959999,384189.10318,690,136267.5,292367.64457,0
1764852960000,2.1458,2.1466,2.1444,2.1449,138862.4,1764853019999,297960.83848,719,87250.0,187236.62647,0
1764853020000,2.1449,2.1449,2.1430,2.1433,241533.7,1764853079999,517788.75502,780,87113.0,186734.24126,0
1764853080000,2.1432,2.1446,2.1425,2.1445,140156.4,1764853139999,300470.30126,690,80855.2,173353.06431,0
1764853140000,2.1446,2.1452,2.1441,2.1452,79504.9,1764853199999,170515.05066,496,56800.3,121823.73725,0
1764853200000,2.1452,2.1472,2.1444,2.1471,325003.5,1764853259999,697281.99061,1388,234022.5,502078.85363,0
1764853260000,2.1471,2.1477,2.1462,2.1463,273194.5,1764853319999,586522.55074,1482,150064.2,322183.60012,0
1764853320000,2.1462,2.1462,2.1446,2.1451,266807.8,1764853379999,572335.88576,1512,100516.3,215621.45347,0
1764853380000,2.1450,2.1454,2.1402,2.1429,1114557.3,1764853439999,2387602.95780,2961,441815.3,946548.12659,0
1764853440000,2.1429,2.1433,2.1380,2.1388,1276134.1,1764853499999,2731460.55624,3427,483497.5,1034807.95784,0
1764853500000,2.1388,2.1422,2.1384,2.1384,801766.7,1764853559999,1715843.70731,2239,407287.8,871657.30303,0
1764853560000,2.1384,2.1428,2.1383,2.1427,609377.5,1764853619999,1305051.52344,1638,289181.4,619304.69936,0
1764853620000,2.1426,2.1430,2.1404,2.1407,471149.7,1764853679999,1008897.39536,1249,202177.8,432926.59232,0
1764853680000,2.1406,2.1408,2.1389,2.1395,351966.1,1764853739999,753122.90555,1223,187754.7,401754.31395,0
1764853740000,2.1395,2.1400,2.1386,2.1395,325660.3,1764853799999,696674.47265,1151,191953.4,410636.97621,0
1764853800000,2.1396,2.1404,2.1389,2.1401,326799.8,1764853859999,699181.60059,1090,163201.3,349171.62619,0
1764853860000,2.1401,2.1416,2.1400,2.1413,112316.6,1764853919999,240447.57912,780,60272.1,129038.65945,0
1764853920000,2.1413,2.1427,2.1410,2.1424,288285.4,1764853979999,617502.21445,1139,164600.9,352563.10864,0
1764853980000,2.1424,2.1428,2.1409,2.1426,408294.4,1764854039999,874536.90926,1168,181342.1,388416.66341,0
1764854040000,2.1425,2.1426,2.1388,2.1396,283791.6,1764854099999,607427.04798,913,95183.4,203679.69478,0
1764854100000,2.1395,2.1427,2.1395,2.1421,287426.9,1764854159999,615630.97150,1067,217222.3,465251.59502,0
1764854160000,2.1421,2.1428,2.1408,2.1426,173271.7,1764854219999,371164.73373,800,99645.1,213429.36161,0
1764854220000,2.1427,2.1430,2.1414,2.1430,143742.5,1764854279999,307939.61873,614,110475.1,236671.13984,0
1764854280000,2.1430,2.1439,2.1414,2.1415,168081.6,1764854339999,360162.90597,827,70965.4,152074.52273,0
1764854340000,2.1416,2.1447,2.1416,2.1438,329706.6,1764854399999,706756.76162,941,178459.0,382552.10023,0
1764854400000,2.1437,2.1447,2.1432,2.1445,224606.2,1764854459999,481570.07007,754,111650.3,239390.78092,0
1764854460000,2.1445,2.1453,2.1438,2.1448,217968.8,1764854519999,467495.69273,704,81991.6,175854.30961,0
1764854520000,2.1449,2.1462,2.1448,2.1455,269187.2,1764854579999,577564.40516,829,120521.5,258580.50574,0
1764854580000,2.1455,2.1456,2.1433,2.1439,269984.4,1764854639999,578934.47826,926,79130.5,169671.10415,0
1764854640000,2.1440,2.1470,2.1438,2.1468,332312.2,1764854699999,712958.90841,1128,129927.0,278753.85389,0
1764854700000,2.1468,2.1496,2.1464,2.1492,693718.3,1764854759999,1490012.88573,1822,323273.1,694395.95011,0
1764854760000,2.1491,2.1491,2.1462,2.1473,437078.3,1764854819999,938544.40756,1263,191939.3,412162.25724,0
1764854820000,2.1473,2.1473,2.1455,2.1459,426947.7,1764854879999,916420.46532,1028,92184.5,197868.56172,0
1764854880000,2.1459,2.1474,2.1451,2.1455,291665.1,1764854939999,626140.39218,962,115575.0,248121.69845,0
1764854940000,2.1455,2.1459,2.1451,2.1451,196952.5,1764854999999,422571.11487,529,49843.9,106949.19174,0
1764855000000,2.1452,2.1458,2.1432,2.1438,437418.2,1764855059999,938072.45658,1692,111781.8,239715.12912,0
1764855060000,2.1438,2.1463,2.1432,2.1458,617446.8,1764855119999,1324119.77612,1992,352775.6,756471.57469,0
1764855120000,2.1458,2.1458,2.1430,2.1451,269521.2,1764855179999,577944.02422,1007,80016.1,171559.70549,0
1764855180000,2.1451,2.1466,2.1431,2.1464,213003.0,1764855239999,456865.85528,1065,146216.3,313629.11880,0
1764855240000,2.1463,2.1463,2.1420,2.1420,425099.8,1764855299999,911328.53903,1313,184844.2,396202.19756,0
1764855300000,2.1420,2.1420,2.1360,2.1380,1542955.0,1764855359999,3298910.84616,3575,501521.0,1072183.35029,0
1764855360000,2.1380,2.1405,2.1372,2.1372,548009.0,1764855419999,1172179.00388,1448,167771.5,358840.56689,0
1764855420000,2.1371,2.1384,2.1371,2.1376,199774.8,1764855479999,427041.10010,1047,115848.4,247636.31172,0
1764855480000,2.1375,2.1380,2.1363,2.1375,358651.5,1764855539999,766483.01194,1323,221911.1,474259.53239,0
1764855540000,2.1375,2.1399,2.1375,2.1394,200235.6,1764855599999,428252.53040,1408,83729.5,179084.37179,0
1764855600000,2.1393,2.1404,2.1386,2.1402,225572.8,1764855659999,482617.26653,1302,91314.0,195389.06361,0
1764855660000,2.1402,2.1425,2.1401,2.1416,250774.9,1764855719999,537038.93900,1321,178378.3,381994.86469,0
1764855720000,2.1416,2.1416,2.1389,2.1395,279661.3,1764855779999,598445.45156,1138,84673.7,181191.59570,0
1764855780000,2.1396,2.1396,2.1376,2.1382,277520.1,1764855839999,593419.47419,916,51378.5,109866.06283,0
1764855840000,2.1382,2.1386,2.1372,2.1379,272553.1,1764855899999,582641.79490,853,94346.8,201696.44362,0
1764855900000,2.1379,2.1390,2.1370,2.1372,500965.5,1764855959999,1071051.07061,1507,176876.1,378123.58923,0
1764855960000,2.1373,2.1373,2.1299,2.1301,9151197.5,1764856019999,19515614.98253,9917,1938127.1,4132062.56823,0
1764856020000,2.1301,2.1301,2.1251,2.1264,4455185.4,1764856079999,9478022.03292,6507,1524030.2,3242575.80272,0
1764856080000,2.1264,2.1310,2.1263,2.1293,1475084.5,1764856139999,3140731.81717,2963,687390.4,1463349.27825,0
1764856140000,2.1293,2.1301,2.1282,2.1284,660131.5,1764856199999,1405584.53964,1487,313473.7,667484.92811,0
1764856200000,2.1283,2.1295,2.1280,2.1287,811278.9,1764856259999,1727165.27867,1446,353152.5,751861.46392,0
1764856260000,2.1287,2.1291,2.1276,2.1288,519587.1,1764856319999,1105910.21455,1146,262004.3,557649.85785,0
1764856320000,2.1288,2.1299,2.1282,2.1284,900959.5,1764856379999,1918078.39483,1719,496505.0,1056976.95802,0
1764856380000,2.1285,2.1314,2.1285,2.1297,673522.6,1764856439999,1434530.84008,1679,505542.1,1076716.56532,0
1764856440000,2.1298,2.1298,2.1276,2.1286,449332.2,1764856499999,956293.62653,1405,248322.6,528478.01810,0
1764856500000,2.1287,2.1324,2.1281,2.1324,487463.4,1764856559999,1038705.71635,1622,382064.0,814172.18261,0
1764856560000,2.1324,2.1333,2.1292,2.1295,870256.0,1764856619999,1855017.50060,1900,324506.6,691703.11380,0
1764856620000,2.1296,2.1296,2.1275,2.1279,493511.8,1764856679999,1050439.32933,1535,129400.6,275406.83600,0
1764856680000,2.1278,2.1279,2.1250,2.1254,779670.2,1764856739999,1657682.70521,2054,280368.2,596093.54084,0
1764856740000,2.1254,2.1266,2.1241,2.1249,956546.8,1764856799999,2032802.57196,2103,232470.7,494119.95745,0
1764856800000,2.1250,2.1277,2.1247,2.1268,575635.9,1764856859999,1223974.89533,2172,382770.4,813897.88066,0
1764856860000,2.1268,2.1300,2.1265,2.1299,556987.6,1764856919999,1185591.92496,2025,324799.0,691333.90376,0
1764856920000,2.1298,2.1298,2.1271,2.1280,506450.4,1764856979999,1077782.92959,2003,246116.6,523777.24296,0
1764856980000,2.1280,2.1299,2.1270,2.1294,369202.0,1764857039999,785653.24251,1542,163389.9,347763.46315,0
1764857040000,2.1294,2.1299,2.1270,2.1270,346865.8,1764857099999,738383.29576,1439,140403.7,298905.85440,0
1764857100000,2.1271,2.1307,2.1271,2.1306,269521.3,1764857159999,573627.13521,1557,171259.4,364492.38734,0
1764857160000,2.1307,2.1315,2.1297,2.1307,445407.9,1764857219999,948986.02169,1642,249324.4,531198.12635,0
1764857220000,2.1307,2.1318,2.1298,2.1318,306126.8,1764857279999,652251.48844,1517,110916.2,236323.87915,0
1764857280000,2.1318,2.1337,2.1316,2.1330,500609.4,1764857339999,1067655.37257,2053,183037.4,390351.17055,0
1764857340000,2.1330,2.1343,2.1323,2.1324,1153791.2,1764857399999,2461364.09488,2243,858641.8,1831740.40437,0
1764857400000,2.1323,2.1328,2.1312,2.1320,1171900.1,1764857459999,2498428.39685,2960,766104.2,1633327.11803,0
1764857460000,2.1320,2.1325,2.1296,2.1307,1009338.4,1764857519999,2150599.50326,3047,739626.9,1575839.54967,0
1764857520000,2.1306,2.1336,2.1304,2.1322,995621.0,1764857579999,2122461.22997,3298,749157.8,1597042.15209,0
1764857580000,2.1322,2.1346,2.1322,2.1337,227318.7,1764857639999,485122.52529,1197,102944.7,219669.95918,0
1764857640000,2.1337,2.1338,2.1324,2.1330,195908.9,1764857699999,417905.94239,624,111773.4,238417.09935,0
1764857700000,2.1330,2.1335,2.1305,2.1331,573011.3,1764857759999,1221553.72317,1551,227180.3,484300.48300,0
1764857760000,2.1331,2.1334,2.1320,2.1322,168451.3,1764857819999,359253.37679,723,86824.0,185171.20141,0
1764857820000,2.1323,2.1339,2.1323,2.1329,393041.4,1764857879999,838428.53006,1212,194093.3,414040.48278,0
1764857880000,2.1328,2.1343,2.1320,2.1336,399786.9,1764857939999,852812.83120,973,242940.1,518228.55866,0
1764857940000,2.1336,2.1343,2.1303,2.1316,322593.3,1764857999999,687904.39784,1033,104954.4,223762.01440,0
1764858000000,2.1316,2.1320,2.1306,2.1315,635655.8,1764858059999,1354590.69876,1153,181686.6,387193.97612,0
1764858060000,2.1316,2.1326,2.1316,2.1325,179338.2,1764858119999,382373.85021,734,123043.9,262349.50200,0
1764858120000,2.1325,2.1326,2.1309,2.1313,290455.6,1764858179999,619175.98901,904,80704.2,172029.89485,0
1764858180000,2.1314,2.1347,2.1314,2.1326,224735.0,1764858239999,479490.09831,1023,110315.0,235396.88753,0
1764858240000,2.1326,2.1326,2.1308,2.1319,343799.8,1764858299999,732911.56749,1033,141543.0,301740.39693,0
1764858300000,2.1318,2.1333,2.1317,2.1328,232716.6,1764858359999,496279.18174,669,151782.3,323694.87064,0
1764858360000,2.1328,2.1359,2.1328,2.1358,567369.4,1764858419999,1211287.50224,1236,340007.7,725840.60906,0
1764858420000,2.1357,2.1373,2.1357,2.1363,846852.5,1764858479999,1809271.51410,1344,485277.0,1036734.29837,0
1764858480000,2.1363,2.1372,2.1359,2.1365,493786.2,1764858539999,1054978.82809,1272,222282.5,474903.56829,0
1764858540000,2.1364,2.1372,2.1358,2.1370,394512.1,1764858599999,842860.59407,968,192944.5,412212.56399,0
1764858600000,2.1370,2.1376,2.1326,2.1327,1487696.2,1764858659999,3176311.18473,3893,655539.1,1399668.88515,0
1764858660000,2.1327,2.1327,2.1295,2.1296,681730.2,1764858719999,1452993.84274,2698,217541.9,463673.20557,0
1764858720000,2.1295,2.1363,2.1291,2.1363,874186.8,1764858779999,1863953.07929,2835,540794.6,1153269.50268,0
1764858780000,2.1363,2.1364,2.1314,2.1318,558239.6,1764858839999,1191283.49730,1915,283700.3,605456.94441,0
1764858840000,2.1317,2.1317,2.1268,2.1274,952064.5,1764858899999,2026547.94617,3044,335371.3,713914.83884,0
1764858900000,2.1274,2.1330,2.1256,2.1325,526498.5,1764858959999,1121014.42315,3049,249492.0,531216.88448,0
1764858960000,2.1324,2.1362,2.1317,2.1356,545983.6,1764859019999,1165455.82970,2877,267098.9,570129.97960,0
1764859020000,2.1356,2.1357,2.1320,2.1342,352650.7,1764859079999,752597.46636,2073,136859.8,292080.67151,0
1764859080000,2.1342,2.1342,2.1293,2.1308,330579.5,1764859139999,704709.32069,1936,92150.2,196434.91147,0
1764859140000,2.1308,2.1331,2.1294,2.1295,366023.1,1764859199999,779990.88550,1597,129225.0,275398.02393,0
1764859200000,2.1296,2.1365,2.1296,2.1363,580040.9,1764859259999,1237650.94405,2292,289292.3,617285.58211,0
1764859260000,2.1362,2.1369,2.1341,2.1346,702534.0,1764859319999,1500442.41102,2107,281676.8,601629.63761,0
1764859320000,2.1346,2.1354,2.1303,2.1327,1138468.5,1764859379999,2427564.02896,2624,375676.3,800832.09305,0
1764859380000,2.1327,2.1360,2.1313,2.1359,392334.8,1764859439999,837107.09591,1777,180878.2,385978.36370,0
1764859440000,2.1360,2.1367,2.1325,2.1325,451742.1,1764859499999,964269.91194,1459,234898.3,501433.13969,0
1764859500000,2.1325,2.1351,2.1317,2.1340,226690.0,1764859559999,483700.17026,1766,96328.5,205527.43666,0
1764859560000,2.1340,2.1349,2.1316,2.1334,192699.1,1764859619999,410966.92246,1513,77582.1,165471.85558,0
1764859620000,2.1334,2.1347,2.1317,2.1326,253967.1,1764859679999,541787.12979,1588,77370.2,165038.84934,0
1764859680000,2.1327,2.1345,2.1313,2.1317,361101.3,1764859739999,770338.84604,1672,126565.1,270004.91550,0
1764859740000,2.1317,2.1319,2.1301,2.1301,282074.2,1764859799999,601108.05796,1417,126539.0,269673.28026,0
1764859800000,2.1301,2.1320,2.1286,2.1309,1797701.8,1764859859999,3829153.63775,2652,516095.9,1099197.70876,0
1764859860000,2.1308,2.1308,2.1209,2.1234,3086010.7,1764859919999,6553716.06913,6020,1113477.7,2364401.08139,0
1764859920000,2.1234,2.1246,2.1212,2.1222,1733673.8,1764859979999,3679734.42823,4477,678207.2,1439457.29459,0
1764859980000,2.1222,2.1265,2.1218,2.1219,965904.3,1764860039999,2051370.04766,3236,451564.2,958979.23646,0
1764860040000,2.1218,2.1218,2.1158,2.1198,3902270.2,1764860099999,8266397.35896,7185,1493712.4,3164505.33829,0
1764860100000,2.1199,2.1238,2.1193,2.1216,1253853.8,1764860159999,2659951.59218,3289,738855.6,1567281.54142,0
1764860160000,2.1215,2.1237,2.1200,2.1200,756090.4,1764860219999,1604626.91886,2302,361334.6,766855.09516,0
1764860220000,2.1200,2.1200,2.1162,2.1163,1180312.8,1764860279999,2499449.09261,3021,501547.2,1062050.90742,0
1764860280000,2.1162,2.1180,2.1133,2.1179,2737930.1,1764860339999,5791609.28497,4776,926467.7,1960086.46261,0
1764860340000,2.1179,2.1202,2.1161,2.1187,901531.1,1764860399999,1909692.25383,2609,552366.8,1170096.96640,0
1764860400000,2.1187,2.1230,2.1184,2.1220,837225.8,1764860459999,1775723.91467,3135,520883.4,1104771.52900,0
1764860460000,2.1220,2.1240,2.1219,2.1231,637838.6,1764860519999,1354115.41698,2458,389117.1,826082.85896,0
1764860520000,2.1231,2.1250,2.1223,2.1249,628304.7,1764860579999,1334516.56615,2366,331418.9,703940.07675,0
1764860580000,2.1249,2.1261,2.1244,2.1246,625400.5,1764860639999,1329256.88408,2206,313972.5,667321.70475,0
1764860640000,2.1247,2.1264,2.1243,2.1256,315169.8,1764860699999,669860.94233,1774,150782.5,320476.24067,0
1764860700000,2.1256,2.1292,2.1244,2.1286,864583.9,1764860759999,1838731.78957,2637,453576.3,964571.74569,0
1764860760000,2.1286,2.1299,2.1275,2.1276,646957.0,1764860819999,1377197.69376,2291,348075.5,740987.07069,0
1764860820000,2.1277,2.1283,2.1262,2.1277,458900.9,1764860879999,976188.57574,1641,193864.3,412434.76817,0
1764860880000,2.1277,2.1324,2.1277,2.1306,1196042.2,1764860939999,2548463.20667,3228,729827.7,1555159.19158,0
1764860940000,2.1306,2.1316,2.1289,2.1290,419913.0,1764860999999,894406.60958,1694,114695.4,244310.39655,0
1764861000000,2.1289,2.1299,2.1279,2.1294,359164.6,1764861059999,764717.97164,1679,138246.7,294343.98149,0
1764861060000,2.1293,2.1302,2.1282,2.1301,331170.0,1764861119999,705207.36326,1382,176328.6,375475.84816,0
1764861120000,2.1302,2.1336,2.1301,2.1321,716100.1,1764861179999,1526818.31270,2480,312471.5,666204.37810,0
1764861180000,2.1322,2.1350,2.1312,2.1345,820485.9,1764861239999,1750569.01138,1904,508877.9,1085767.75161,0
1764861240000,2.1346,2.1351,2.1326,2.1328,591966.5,1764861299999,1263223.22772,2012,240467.2,513146.54460,0
1764861300000,2.1329,2.1333,2.1295,2.1300,650067.6,1764861359999,1385349.94563,1955,186958.0,398527.77829,0
1764861360000,2.1300,2.1305,2.1290,2.1303,252574.5,1764861419999,537934.66929,1363,137164.0,292126.13313,0
1764861420000,2.1304,2.1332,2.1304,2.1313,250372.5,1764861479999,533718.55438,1632,145176.4,309472.82377,0
1764861480000,2.1313,2.1348,2.1313,2.1337,317447.0,1764861539999,677272.42795,1682,131902.5,281352.20517,0
1764861540000,2.1338,2.1360,2.1333,2.1357,582391.7,1764861599999,1243315.56649,2086,336144.7,717558.39039,0
1764861600000,2.1358,2.1360,2.1339,2.1345,536227.3,1764861659999,1144835.31066,1836,195047.4,416418.55557,0
1764861660000,2.1345,2.1366,2.1341,2.1357,446510.3,1764861719999,953626.67586,1689,174117.0,371858.78280,0
1764861720000,2.1356,2.1357,2.1330,2.1332,313826.9,1764861779999,669775.52305,1509,99961.8,213344.79522,0
1764861780000,2.1333,2.1345,2.1321,2.1340,432671.2,1764861839999,922983.24899,1485,266626.3,568752.89557,0
1764861840000,2.1340,2.1340,2.1300,2.1301,401202.4,1764861899999,855053.27414,1659,152792.9,325628.96301,0
1764861900000,2.1300,2.1300,2.1241,2.1259,1022845.0,1764861959999,2175130.60610,3254,477891.2,1016073.57465,0
1764861960000,2.1258,2.1275,2.1250,2.1272,956293.0,1764862019999,2033159.45215,2349,424290.3,902128.59317,0
1764862020000,2.1272,2.1284,2.1255,2.1255,250314.9,1764862079999,532499.27047,1214,149636.0,318321.53137,0
1764862080000,2.1255,2.1291,2.1252,2.1285,359634.7,1764862139999,765247.31006,1484,195530.6,415992.43300,0
1764862140000,2.1286,2.1304,2.1286,2.1297,429986.2,1764862199999,915708.89147,1381,197788.3,421209.53854,0
1764862200000,2.1297,2.1305,2.1289,2.1295,204480.1,1764862259999,435467.73078,1214,85307.3,181660.15061,0
1764862260000,2.1295,2.1329,2.1292,2.1327,385961.1,1764862319999,822416.60624,1515,250577.7,533942.18272,0
1764862320000,2.1326,2.1330,2.1302,2.1303,210549.2,1764862379999,448773.72155,1162,66227.5,141164.50068,0
1764862380000,2.1304,2.1310,2.1293,2.1304,204021.1,1764862439999,434638.75924,1055,78132.6,166434.03977,0
1764862440000,2.1304,2.1310,2.1300,2.1301,150223.2,1764862499999,320028.92448,668,60077.1,127982.46787,0
1764862500000,2.1302,2.1330,2.1302,2.1318,407162.8,1764862559999,868115.80582,1539,180990.1,385859.81526,0
1764862560000,2.1318,2.1336,2.1313,2.1336,159596.2,1764862619999,340312.16743,1127,78554.4,167523.45372,0
1764862620000,2.1336,2.1417,2.1335,2.1411,1328970.7,1764862679999,2841064.33674,3520,879303.9,1880173.30831,0
1764862680000,2.1411,2.1421,2.1389,2.1413,1500719.5,1764862739999,3212392.75082,2910,916169.2,1961233.09110,0
1764862740000,2.1413,2.1563,2.1413,2.1555,6424076.6,1764862799999,13817072.36021,9479,4508241.0,9696852.07637,0
1764862800000,2.1556,2.1558,2.1466,2.1467,1672701.6,1764862859999,3595495.82953,4076,813265.7,1747750.21960,0
1764862860000,2.1467,2.1469,2.1443,2.1465,817967.8,1764862919999,1754847.11419,2391,407893.8,875128.88253,0
1764862920000,2.1465,2.1473,2.1450,2.1469,616184.0,1764862979999,1322475.42655,1650,352266.2,756097.00002,0
1764862980000,2.1468,2.1482,2.1456,2.1467,649956.8,1764863039999,1395313.99733,1775,428377.7,919627.38130,0
1764863040000,2.1466,2.1475,2.1460,2.1474,693534.6,1764863099999,1488882.00417,1675,422527.4,907094.18756,0
1764863100000,2.1473,2.1481,2.1463,2.1463,625265.6,1764863159999,1342579.90001,1903,262308.6,563226.49074,0
1764863160000,2.1462,2.1464,2.1425,2.1427,816423.6,1764863219999,1750721.54678,2192,264211.6,566669.56235,0
1764863220000,2.1427,2.1432,2.1400,2.1408,611345.1,1764863279999,1309013.08903,2318,219302.2,469566.27253,0
1764863280000,2.1408,2.1427,2.1408,2.1417,263801.1,1764863339999,565003.58101,1325,148407.5,317844.23232,0
1764863340000,2.1418,2.1418,2.1386,2.1401,492946.2,1764863399999,1054865.45854,1590,239107.4,511630.25895,0
1764863400000,2.1402,2.1409,2.1392,2.1399,322105.6,1764863459999,689354.87370,1879,213324.9,456536.85475,0
1764863460000,2.1400,2.1431,2.1400,2.1431,539729.0,1764863519999,1155997.88386,1653,374915.5,803056.27403,0
1764863520000,2.1431,2.1444,2.1402,2.1442,940452.9,1764863579999,2015139.81305,1708,652277.4,1397806.52548,0
1764863580000,2.1442,2.1448,2.1415,2.1446,552391.9,1764863639999,1184063.42388,1463,231912.1,497058.94449,0
1764863640000,2.1447,2.1470,2.1445,2.1462,611554.6,1764863699999,1312312.49804,1823,423551.0,908875.73080,0
1764863700000,2.1462,2.1485,2.1456,2.1483,513866.2,1764863759999,1103580.94523,1982,265771.9,570760.61942,0
1764863760000,2.1482,2.1489,2.1460,2.1482,769511.3,1764863819999,1652735.38915,1867,292568.2,628258.33561,0
1764863820000,2.1482,2.1525,2.1480,2.1493,1588337.4,1764863879999,3415733.52996,2765,1190034.9,2559312.82589,0
1764863880000,2.1493,2.1516,2.1490,2.1510,584882.1,1764863939999,1257576.48711,1810,328307.3,705874.87726,0
1764863940000,2.1510,2.1521,2.1503,2.1517,687245.4,1764863999999,1478423.18900,1750,260772.5,560928.87979,0
1764864000000,2.1517,2.1560,2.1491,2.1498,1559422.5,1764864059999,3357371.79446,4004,792834.0,1707126.56066,0
1764864060000,2.1498,2.1512,2.1479,2.1479,532216.6,1764864119999,1144171.43280,1642,207882.1,447008.71542,0
1764864120000,2.1478,2.1492,2.1450,2.1456,714884.8,1764864179999,1535323.33091,1927,239157.6,513636.41328,0
1764864180000,2.1457,2.1461,2.1413,2.1419,891583.8,1764864239999,1910829.95673,2747,251133.5,538223.20751,0
1764864240000,2.1419,2.1423,2.1390,2.1401,1483255.6,1764864299999,3175115.67387,3610,637044.0,1363825.93889,0
1764864300000,2.1401,2.1401,2.1366,2.1381,1021518.5,1764864359999,2184154.30378,2685,335212.9,716875.59582,0
1764864360000,2.1381,2.1429,2.1379,2.1425,527448.0,1764864419999,1129239.45818,2127,389935.7,834816.43570,0
1764864420000,2.1425,2.1468,2.1425,2.1444,508831.1,1764864479999,1091295.95985,2170,283407.2,607815.61404,0
1764864480000,2.1444,2.1447,2.1404,2.1408,953105.4,1764864539999,2041377.47958,2373,222889.4,477368.35960,0
1764864540000,2.1407,2.1458,2.1407,2.1457,898841.7,1764864599999,1927708.25357,2257,513379.8,1100841.81410,0
1764864600000,2.1458,2.1462,2.1432,2.1437,394192.5,1764864659999,845353.86809,1501,226575.1,485854.10897,0
1764864660000,2.1437,2.1438,2.1414,2.1438,285757.1,1764864719999,612214.78451,1699,157126.6,336617.95234,0
1764864720000,2.1438,2.1471,2.1430,2.1456,267334.6,1764864779999,573584.90833,1587,193028.9,414178.07710,0
1764864780000,2.1456,2.1469,2.1453,2.1457,245393.8,1764864839999,526626.59416,1359,119070.4,255526.34980,0
1764864840000,2.1457,2.1457,2.1429,2.1430,157828.2,1764864899999,338424.69176,1032,73740.2,158107.42880,0
1764864900000,2.1429,2.1448,2.1421,2.1444,261576.9,1764864959999,560748.73659,1211,148418.8,318148.21287,0
1764864960000,2.1445,2.1458,2.1443,2.1458,207314.0,1764865019999,444644.28669,1036,121316.1,260203.28302,0
1764865020000,2.1458,2.1530,2.1458,2.1514,1482340.7,1764865079999,3187735.48896,3269,1000816.5,2152055.06702,0
1764865080000,2.1515,2.1529,2.1502,2.1528,304548.7,1764865139999,655109.99134,1438,179954.1,387098.12262,0
1764865140000,2.1528,2.1562,2.1526,2.1560,663033.5,1764865199999,1428388.46523,2168,478076.6,1029845.59803,0
1764865200000,2.1560,2.1561,2.1549,2.1557,542078.4,1764865259999,1168425.95357,1858,215239.6,463937.63436,0
1764865260000,2.1557,2.1557,2.1530,2.1531,335415.9,1764865319999,722517.27866,1456,86150.3,185569.86286,0
1764865320000,2.1531,2.1537,2.1512,2.1517,712047.9,1764865379999,1532405.04633,1793,180570.4,388663.49964,0
1764865380000,2.1517,2.1520,2.1504,2.1520,244923.6,1764865439999,526877.16198,1260,111311.9,239455.07108,0
1764865440000,2.1520,2.1564,2.1520,2.1555,555773.7,1764865499999,1197689.60430,1927,338707.7,729874.59202,0
1764865500000,2.1556,2.1567,2.1528,2.1528,582752.7,1764865559999,1255998.29389,1774,328878.7,708978.74444,0
1764865560000,2.1529,2.1529,2.1470,2.1482,936435.7,1764865619999,2012301.06579,2665,344023.9,739229.85094,0
1764865620000,2.1482,2.1493,2.1474,2.1474,402203.7,1764865679999,864134.65642,1711,257208.3,552616.41837,0
1764865680000,2.1474,2.1475,2.1454,2.1471,698838.6,1764865739999,1500358.56150,1525,259472.6,556990.24531,0
1764865740000,2.1471,2.1473,2.1450,2.1459,245691.9,1764865799999,527162.58079,1038,75954.7,162973.42092,0
1764865800000,2.1459,2.1459,2.1422,2.1444,771661.0,1764865859999,1654057.81885,2792,312798.6,670484.15718,0
1764865860000,2.1443,2.1456,2.1429,2.1456,386975.8,1764865919999,829702.22093,1583,230064.1,493301.59214,0
1764865920000,2.1457,2.1460,2.1441,2.1441,472080.6,1764865979999,1012657.61975,1344,104654.9,224497.04057,0
1764865980000,2.1441,2.1455,2.1434,2.1450,336633.5,1764866039999,721880.51213,1537,162382.2,348182.54280,0
1764866040000,2.1449,2.1449,2.1432,2.1439,302359.3,1764866099999,648301.73975,1207,115968.6,248613.35543,0
1764866100000,2.1440,2.1459,2.1439,2.1447,344544.8,1764866159999,739041.46391,1894,225795.4,484335.41521,0
1764866160000,2.1447,2.1471,2.1432,2.1458,321299.5,1764866219999,689221.74487,1654,133575.6,286529.49133,0
1764866220000,2.1459,2.1467,2.1444,2.1463,189319.3,1764866279999,406168.24695,1165,70647.9,151562.68288,0
1764866280000,2.1463,2.1467,2.1379,2.1399,1580029.9,1764866339999,3382780.59764,3614,460890.9,986312.12946,0
1764866340000,2.1399,2.1399,2.1368,2.1390,794894.3,1764866399999,1699759.39929,2188,281441.0,601860.30776,0
1764866400000,2.1390,2.1397,2.1381,2.1382,232282.8,1764866459999,496844.50941,1076,100483.7,214937.54490,0
1764866460000,2.1382,2.1405,2.1380,2.1386,431632.8,1764866519999,923502.07187,1983,221562.0,474036.67207,0
1764866520000,2.1385,2.1393,2.1374,2.1389,590209.8,1764866579999,1262117.87413,2113,370177.7,791552.11600,0
1764866580000,2.1388,2.1389,2.1368,2.1378,263659.7,1764866639999,563640.14206,1247,108619.7,232216.82886,0
1764866640000,2.1377,2.1388,2.1368,2.1385,250371.8,1764866699999,535295.10275,1130,133838.3,286166.47193,0
1764866700000,2.1385,2.1400,2.1376,2.1376,229338.1,1764866759999,490548.93335,1631,136703.0,292409.36119,0
1764866760000,2.1376,2.1435,2.1374,2.1427,1336081.2,1764866819999,2861882.32660,2906,1162003.5,2489141.60160,0
1764866820000,2.1428,2.1439,2.1412,2.1419,426823.2,1764866879999,914544.11198,1677,188371.4,403600.66688,0
1764866880000,2.1420,2.1420,2.1395,2.1404,323802.1,1764866939999,693100.18923,1538,98992.6,211870.94098,0
1764866940000,2.1405,2.1411,2.1372,2.1377,645751.5,1764866999999,1380836.00201,1538,197901.0,423123.39028,0
1764867000000,2.1376,2.1383,2.1353,2.1356,737175.4,1764867059999,1574749.93839,2124,209114.1,446740.12210,0
1764867060000,2.1355,2.1391,2.1355,2.1388,419999.9,1764867119999,897550.99712,1802,290290.6,620377.33411,0
1764867120000,2.1388,2.1399,2.1376,2.1381,259374.1,1764867179999,554789.32133,1111,116127.7,248390.03423,0
1764867180000,2.1382,2.1382,2.1355,2.1355,435460.3,1764867239999,930403.32911,1572,128879.0,275317.59202,0
1764867240000,2.1355,2.1355,2.1323,2.1342,720883.7,1764867299999,1538210.24343,2689,218787.1,466878.95060,0
1764867300000,2.1341,2.1342,2.1307,2.1333,988425.5,1764867359999,2107518.83761,2502,489663.8,1044199.22315,0
1764867360000,2.1333,2.1348,2.1332,2.1342,331621.8,1764867419999,707648.96304,1285,238123.6,508137.32917,0
1764867420000,2.1342,2.1369,2.1342,2.1365,146494.7,1764867479999,312865.48965,1083,117994.6,251987.88788,0
1764867480000,2.1365,2.1379,2.1365,2.1374,221414.5,1764867539999,473244.07538,991,120398.2,257338.06561,0
1764867540000,2.1374,2.1376,2.1366,2.1367,149434.0,1764867599999,319357.60162,960,78591.6,167962.79217,0
1764867600000,2.1367,2.1376,2.1343,2.1369,620416.2,1764867659999,1324773.73935,2317,230009.8,491134.35471,0
1764867660000,2.1369,2.1381,2.1351,2.1357,344696.2,1764867719999,736520.67083,1594,204119.5,436169.67021,0
1764867720000,2.1357,2.1366,2.1349,2.1349,134540.0,1764867779999,287353.51035,1163,35094.4,74951.05121,0
1764867780000,2.1349,2.1351,2.1333,2.1346,267111.0,1764867839999,570034.13981,1366,160892.5,343356.68391,0
1764867840000,2.1347,2.1347,2.1301,2.1314,516065.2,1764867899999,1099875.36152,1956,142596.4,303921.03845,0
1764867900000,2.1313,2.1321,2.1304,2.1320,412911.0,1764867959999,879925.73360,1345,215819.2,459922.77378,0
1764867960000,2.1321,2.1324,2.1262,2.1303,4413213.9,1764868019999,9396673.25788,4843,1122214.6,2390150.15541,0
1764868020000,2.1303,2.1333,2.1301,2.1327,320624.5,1764868079999,683486.75054,1065,195152.9,416009.38231,0
1764868080000,2.1327,2.1334,2.1316,2.1322,360512.9,1764868139999,768804.59006,917,90727.2,193462.76597,0
1764868140000,2.1321,2.1330,2.1303,2.1320,322683.0,1764868199999,687899.96973,1086,78700.9,167758.86651,0
1764868200000,2.1320,2.1323,2.1306,2.1308,342046.6,1764868259999,729007.99637,902,136681.7,291291.54383,0
1764868260000,2.1309,2.1323,2.1298,2.1310,395507.7,1764868319999,842771.69276,1238,206180.9,439314.87043,0
1764868320000,2.1310,2.1327,2.1308,2.1325,192217.6,1764868379999,409723.91556,880,116833.4,249039.03387,0
1764868380000,2.1324,2.1340,2.1320,2.1332,311492.8,1764868439999,664442.50904,1159,176812.0,377140.36683,0
1764868440000,2.1332,2.1332,2.1310,2.1313,242723.1,1764868499999,517472.22192,926,83411.6,177825.69196,0
1764868500000,2.1312,2.1319,2.1303,2.1312,163013.5,1764868559999,347432.95100,1098,84693.1,180503.55044,0
1764868560000,2.1312,2.1318,2.1258,2.1272,1091135.9,1764868619999,2322207.95136,2282,249765.1,531737.36824,0
1764868620000,2.1272,2.1288,2.1264,2.1271,729744.1,1764868679999,1552751.82038,1870,571963.6,1217082.77003,0
1764868680000,2.1270,2.1277,2.1263,2.1263,200718.8,1764868739999,426900.03527,852,125714.4,267380.86970,0
1764868740000,2.1263,2.1289,2.1253,2.1276,441958.4,1764868799999,940042.07322,1418,247694.7,526979.85565,0
1764868800000,2.1277,2.1291,2.1277,2.1288,253537.6,1764868859999,539582.84231,997,180131.6,383360.43514,0
1764868860000,2.1287,2.1305,2.1287,2.1296,322114.1,1764868919999,685994.64150,1068,205099.7,436818.22900,0
1764868920000,2.1296,2.1297,2.1274,2.1276,215854.6,1764868979999,459360.30531,911,126031.5,268182.79153,0
1764868980000,2.1276,2.1292,2.1276,2.1284,150187.2,1764869039999,319639.48360,871,87238.8,185659.20998,0
1764869040000,2.1284,2.1287,2.1265,2.1276,219404.4,1764869099999,466706.13044,843,94862.5,201791.09328,0
1764869100000,2.1276,2.1279,2.1260,2.1277,229390.5,1764869159999,487910.03781,1003,116798.5,248428.10666,0
1764869160000,2.1278,2.1281,2.1263,2.1267,387132.0,1764869219999,823454.73328,1095,245169.0,521497.34503,0
1764869220000,2.1266,2.1266,2.1242,2.1247,335604.0,1764869279999,713244.75906,1335,125931.1,267636.23431,0
1764869280000,2.1247,2.1248,2.1234,2.1242,302028.4,1764869339999,641499.92840,1023,139447.4,296169.70065,0
1764869340000,2.1241,2.1256,2.1240,2.1241,220669.4,1764869399999,468829.63081,916,94332.0,200427.01011,0
1764869400000,2.1240,2.1244,2.1231,2.1232,478385.5,1764869459999,1015853.85922,1482,190628.3,404807.51421,0
1764869460000,2.1231,2.1236,2.1211,2.1234,1018319.5,1764869519999,2161113.23140,2644,421915.1,895464.93250,0
1764869520000,2.1234,2.1241,2.1221,2.1225,399157.0,1764869579999,847495.67747,1384,251269.9,533500.94432,0
1764869580000,2.1226,2.1233,2.1213,2.1213,383883.6,1764869639999,814668.72765,1511,154835.4,328617.71444,0
1764869640000,2.1213,2.1260,2.1211,2.1257,515680.9,1764869699999,1095618.46111,1896,338884.8,719912.70256,0
1764869700000,2.1257,2.1272,2.1250,2.1269,551490.4,1764869759999,1172647.53157,1911,374849.9,797018.41441,0
1764869760000,2.1269,2.1280,2.1252,2.1257,372678.4,1764869819999,792651.61580,1292,189163.2,402357.77699,0
1764869820000,2.1256,2.1261,2.1242,2.1244,108990.0,1764869879999,231635.08477,782,33532.5,71273.09548,0
1764869880000,2.1244,2.1244,2.1193,2.1197,863382.4,1764869939999,1831120.11906,2039,218029.8,462411.35314,0
1764869940000,2.1197,2.1198,2.1174,2.1174,1050368.8,1764869999999,2225206.44445,2448,417146.5,883724.11710,0
1764870000000,2.1174,2.1185,2.1156,2.1175,1684906.8,1764870059999,3566817.43797,3411,890963.8,1886094.20674,0
1764870060000,2.1175,2.1199,2.1170,2.1198,562946.1,1764870119999,1192450.09333,1787,302088.9,639893.73615,0
1764870120000,2.1198,2.1203,2.1183,2.1197,761773.8,1764870179999,1614691.00998,1646,408698.0,866278.13183,0
1764870180000,2.1197,2.1199,2.1189,2.1197,207794.2,1764870239999,440400.57626,1085,92745.0,196570.33690,0
1764870240000,2.1198,2.1211,2.1197,2.1206,421744.0,1764870299999,894321.77778,1054,272932.3,578753.82485,0
1764870300000,2.1206,2.1207,2.1189,2.1198,349580.3,1764870359999,740995.11858,1387,159484.9,338042.96987,0
1764870360000,2.1198,2.1203,2.1187,2.1193,174546.6,1764870419999,369917.15188,897,65994.3,139855.21070,0
1764870420000,2.1193,2.1209,2.1180,2.1188,655515.3,1764870479999,1389448.54639,1696,267633.2,567331.84804,0
1764870480000,2.1188,2.1194,2.1181,2.1187,401330.9,1764870539999,850318.05006,1421,217462.9,460757.41724,0
1764870540000,2.1186,2.1219,2.1182,2.1217,543476.7,1764870599999,1152322.71401,1521,349227.5,740414.87005,0
1764870600000,2.1217,2.1224,2.1189,2.1200,460116.7,1764870659999,975590.49709,1159,175314.3,371737.39556,0
1764870660000,2.1199,2.1245,2.1199,2.1245,455769.0,1764870719999,967425.09267,1707,248521.8,527544.13407,0
1764870720000,2.1245,2.1250,2.1222,2.1233,311620.3,1764870779999,661633.47843,1150,182038.4,386514.96462,0
1764870780000,2.1232,2.1241,2.1224,2.1232,232441.2,1764870839999,493551.64671,836,141992.4,301477.97034,0
1764870840000,2.1232,2.1250,2.1232,2.1250,657450.7,1764870899999,1396662.72992,1466,496875.7,1055516.24472,0
1764870900000,2.1250,2.1271,2.1250,2.1267,473392.9,1764870959999,1006403.90217,1415,298324.4,634215.90630,0
1764870960000,2.1268,2.1271,2.1261,2.1268,184213.7,1764871019999,391776.46205,950,96689.4,205630.37522,0
1764871020000,2.1268,2.1295,2.1265,2.1286,687753.4,1764871079999,1463671.74457,1571,520605.1,1107920.92147,0
1764871080000,2.1286,2.1287,2.1263,2.1282,312676.1,1764871139999,665301.68832,1155,163095.6,347007.01805,0
1764871140000,2.1282,2.1282,2.1268,2.1272,153497.3,1764871199999,326546.58850,683,70120.1,149166.36488,0
1764871200000,2.1271,2.1277,2.1239,2.1239,333022.8,1764871259999,707979.78827,1309,167191.2,355446.18163,0
1764871260000,2.1239,2.1253,2.1225,2.1225,358980.9,1764871319999,762352.79656,1359,176986.8,375885.79885,0
1764871320000,2.1226,2.1226,2.1213,2.1226,224937.8,1764871379999,477300.80794,1194,88351.9,187474.93235,0
1764871380000,2.1226,2.1242,2.1224,2.1235,265651.2,1764871439999,564043.21096,1448,169464.7,359804.74714,0
1764871440000,2.1236,2.1247,2.1226,2.1241,247814.4,1764871499999,526303.41433,1281,90455.7,192074.01119,0
1764871500000,2.1242,2.1265,2.1224,2.1240,1096222.9,1764871559999,2328201.63477,3097,603465.1,1281603.28256,0
1764871560000,2.1241,2.1241,2.1222,2.1233,879096.9,1764871619999,1866149.97651,1843,234270.0,497312.35466,0
1764871620000,2.1233,2.1240,2.1200,2.1209,466949.7,1764871679999,990776.55844,1739,142330.8,302027.37025,0
1764871680000,2.1209,2.1209,2.1183,2.1199,758317.0,1764871739999,1607113.10672,1992,190103.3,402845.54297,0
1764871740000,2.1199,2.1221,2.1192,2.1216,275180.8,1764871799999,583516.99301,1231,175052.8,371177.48857,0
1764871800000,2.1216,2.1219,2.1207,2.1217,208742.7,1764871859999,442844.01824,990,119425.0,253363.28747,0
1764871860000,2.1216,2.1218,2.1198,2.1218,213786.4,1764871919999,453372.58999,1164,81261.7,172329.70638,0
1764871920000,2.1218,2.1239,2.1213,2.1237,304254.0,1764871979999,645763.91000,1466,157990.5,335351.01343,0
1764871980000,2.1237,2.1254,2.1237,2.1250,197694.0,1764872039999,420058.63108,1048,94073.3,199874.04273,0
1764872040000,2.1250,2.1251,2.1232,2.1246,133331.5,1764872099999,283233.74572,934,62668.5,133121.29791,0
1764872100000,2.1246,2.1246,2.1231,2.1232,112169.7,1764872159999,238232.03603,889,45193.6,95982.16251,0
1764872160000,2.1232,2.1238,2.1217,2.1218,406440.8,1764872219999,862599.56478,1477,195322.7,414568.12361,0
1764872220000,2.1218,2.1218,2.1200,2.1206,286346.4,1764872279999,607276.79188,1316,119637.2,253696.37825,0
1764872280000,2.1206,2.1214,2.1158,2.1174,1632484.4,1764872339999,3457035.28599,3309,631333.4,1336690.53867,0
1764872340000,2.1173,2.1177,2.1162,2.1162,317931.8,1764872399999,673036.14707,1290,141154.2,298809.13765,0
1764872400000,2.1162,2.1181,2.1148,2.1165,1017002.0,1764872459999,2152012.24599,2393,425879.6,901083.35164,0
1764872460000,2.1165,2.1167,2.1141,2.1147,413655.5,1764872519999,874964.58325,1331,178967.0,378596.03887,0
1764872520000,2.1147,2.1183,2.1141,2.1171,473263.4,1764872579999,1001409.36253,1828,281584.1,595808.43864,0
1764872580000,2.1170,2.1187,2.1165,2.1182,210805.4,1764872639999,446403.51253,1019,170818.0,361723.42211,0
1764872640000,2.1183,2.1230,2.1176,2.1229,451937.1,1764872699999,958403.93167,2014,304362.2,645475.25471,0
1764872700000,2.1229,2.1229,2.1192,2.1210,230161.2,1764872759999,488034.97317,1208,137234.3,290971.58215,0
1764872760000,2.1210,2.1211,2.1188,2.1188,200597.3,1764872819999,425231.61998,1085,39747.9,84254.45943,0
1764872820000,2.1187,2.1196,2.1174,2.1176,198384.1,1764872879999,420278.15733,1131,81115.8,171833.63927,0
1764872880000,2.1176,2.1195,2.1176,2.1187,245459.8,1764872939999,520056.21834,1260,168885.0,357795.11760,0
1764872940000,2.1187,2.1205,2.1187,2.1199,96161.2,1764872999999,203819.37365,846,59247.0,125586.90278,0
1764873000000,2.1198,2.1206,2.1180,2.1206,348912.5,1764873059999,739455.08977,1412,238684.3,505865.77590,0
1764873060000,2.1207,2.1223,2.1205,2.1216,209006.1,1764873119999,443344.04560,1155,67372.2,142912.30917,0
1764873120000,2.1215,2.1216,2.1192,2.1203,169255.5,1764873179999,358823.53373,1256,79221.8,167941.66314,0
1764873180000,2.1202,2.1209,2.1186,2.1197,109745.7,1764873239999,232616.86967,978,71728.4,152032.63001,0
1764873240000,2.1197,2.1202,2.1185,2.1189,278111.1,1764873299999,589361.45885,1194,169015.2,358145.41431,0
1764873300000,2.1188,2.1225,2.1180,2.1225,662524.1,1764873359999,1404571.69828,1716,388885.7,824693.53595,0
1764873360000,2.1224,2.1231,2.1209,2.1209,112533.2,1764873419999,238797.29997,715,39117.3,83014.47091,0
1764873420000,2.1209,2.1222,2.1186,2.1194,261528.8,1764873479999,554560.44915,1160,90547.6,192033.41956,0
1764873480000,2.1194,2.1203,2.1181,2.1189,235300.2,1764873539999,498644.32027,1330,75933.2,160907.33270,0
1764873540000,2.1189,2.1196,2.1172,2.1172,217612.9,1764873599999,460901.29568,961,40199.4,85150.03845,0
1764873600000,2.1172,2.1173,2.1004,2.1034,12614725.0,1764873659999,26556303.23826,18472,6131532.7,12903675.06043,0
1764873660000,2.1034,2.1043,2.1003,2.1008,1129263.1,1764873719999,2373421.49585,3250,514162.7,1080662.40061,0
1764873720000,2.1007,2.1035,2.0972,2.0991,2770915.7,1764873779999,5818744.51920,6033,968357.2,2033740.74549,0
1764873780000,2.0992,2.1026,2.0992,2.1014,836280.5,1764873839999,1757285.61171,2272,419834.5,882147.47872,0
1764873840000,2.1013,2.1023,2.0979,2.0996,1251389.2,1764873899999,2627821.49090,2887,409514.2,859834.90742,0
1764873900000,2.0995,2.1034,2.0995,2.1003,1293268.0,1764873959999,2718175.70902,3150,474603.4,997332.21240,0
1764873960000,2.1003,2.1044,2.0993,2.1034,1085430.4,1764874019999,2281754.81537,2706,593270.1,1247163.52708,0
1764874020000,2.1033,2.1043,2.1019,2.1028,743721.5,1764874079999,1564204.29526,1953,323371.8,680119.08330,0
1764874080000,2.1029,2.1039,2.1013,2.1025,438582.8,1764874139999,922303.29248,1608,211100.4,443936.48550,0
1764874140000,2.1026,2.1049,2.1008,2.1041,588592.7,1764874199999,1237965.63018,2139,288817.3,607403.23921,0
1764874200000,2.1041,2.1059,2.1033,2.1059,435175.3,1764874259999,915750.47556,2052,239119.6,503194.88811,0
1764874260000,2.1059,2.1070,2.1049,2.1049,388304.0,1764874319999,817876.25219,1745,177069.9,372966.13478,0
1764874320000,2.1050,2.1053,2.1033,2.1040,306668.0,1764874379999,645379.23166,1592,114834.6,241659.17503,0
1764874380000,2.1041,2.1042,2.1022,2.1024,313144.2,1764874439999,658758.34840,1254,92145.9,193848.18861,0
1764874440000,2.1024,2.1036,2.1008,2.1027,763312.7,1764874499999,1604547.71703,1919,342427.9,719743.74237,0
1764874500000,2.1027,2.1027,2.1000,2.1004,442126.3,1764874559999,928820.41125,1506,137992.0,289885.00198,0
1764874560000,2.1005,2.1032,2.1004,2.1027,285736.0,1764874619999,600647.85254,1273,150402.8,316142.48631,0
1764874620000,2.1027,2.1028,2.0992,2.0999,256955.3,1764874679999,539779.20629,1222,53784.1,112991.97901,0
1764874680000,2.0998,2.1028,2.0998,2.1027,266629.3,1764874739999,560219.49512,1186,165503.1,347716.88570,0
1764874740000,2.1027,2.1043,2.1024,2.1025,325270.9,1764874799999,684073.65635,1141,167800.9,352893.68559,0
1764874800000,2.1025,2.1044,2.1025,2.1032,352714.5,1764874859999,741883.84154,1416,197024.6,414397.39770,0
1764874860000,2.1032,2.1033,2.1015,2.1017,251563.9,1764874919999,528924.95506,1166,69024.4,145133.76332,0
1764874920000,2.1017,2.1025,2.1004,2.1020,234810.8,1764874979999,493412.69924,1399,112852.7,237134.36749,0
1764874980000,2.1019,2.1019,2.0987,2.0989,570649.0,1764875039999,1198304.03733,1774,157399.7,330569.52538,0
1764875040000,2.0989,2.1002,2.0982,2.0987,630317.3,1764875099999,1322997.08704,1762,323719.7,679413.60273,0
1764875100000,2.0988,2.1009,2.0985,2.0992,535500.3,1764875159999,1124433.33819,1659,289136.6,607139.23569,0
1764875160000,2.0992,2.1013,2.0991,2.0993,308583.8,1764875219999,648152.68167,1298,175874.8,369373.26555,0
1764875220000,2.0994,2.0997,2.0973,2.0975,445681.8,1764875279999,935030.49792,1560,195199.0,409473.38932,0
1764875280000,2.0975,2.0996,2.0972,2.0996,625834.3,1764875339999,1313025.46440,1526,443097.5,929602.61669,0
1764875340000,2.0995,2.1006,2.0992,2.0995,272205.0,1764875399999,571612.35656,1096,132593.3,278436.95337,0
1764875400000,2.0995,2.0998,2.0973,2.0979,348015.3,1764875459999,730271.45970,1453,174054.6,365229.57856,0
1764875460000,2.0980,2.0980,2.0937,2.0949,1555115.9,1764875519999,3258801.86931,3625,553305.0,1159369.07690,0
1764875520000,2.0950,2.0950,2.0907,2.0909,1807220.7,1764875579999,3782028.78408,4089,796217.1,1666240.70855,0
1764875580000,2.0909,2.0921,2.0860,2.0880,4515383.0,1764875639999,9431530.34764,7241,1166529.2,2436345.34843,0
1764875640000,2.0882,2.0883,2.0803,2.0820,2915053.3,1764875699999,6073852.26762,6495,1191255.8,2482529.99823,0
1764875700000,2.0821,2.0867,2.0817,2.0867,1202209.3,1764875759999,2505223.84463,4207,648535.1,1351545.42656,0
1764875760000,2.0867,2.0873,2.0801,2.0817,1470960.1,1764875819999,3064587.68160,3995,651044.8,1356490.99236,0
1764875820000,2.0818,2.0854,2.0818,2.0840,1086792.6,1764875879999,2264898.97145,3188,709158.2,1477819.49796,0
1764875880000,2.0840,2.0866,2.0809,2.0841,1165685.3,1764875939999,2429509.81635,3674,746695.4,1556348.33195,0
1764875940000,2.0842,2.0842,2.0754,2.0761,2743777.7,1764875999999,5701502.27949,6708,698057.0,1450441.42483,0
1764876000000,2.0761,2.0786,2.0732,2.0746,1684794.6,1764876059999,3496301.83468,5122,694359.9,1440913.21336,0
1764876060000,2.0746,2.0758,2.0705,2.0721,3182294.2,1764876119999,6595533.42141,6238,1192987.5,2473288.40615,0
1764876120000,2.0721,2.0763,2.0709,2.0738,1148015.1,1764876179999,2380857.20560,3791,563519.1,1168650.61020,0
1764876180000,2.0738,2.0738,2.0679,2.0712,4051239.0,1764876239999,8388096.99544,5873,873892.7,1809829.50249,0
1764876240000,2.0713,2.0723,2.0688,2.0701,976450.2,1764876299999,2021804.76529,3421,517591.5,1071813.48727,0
1764876300000,2.0701,2.0760,2.0693,2.0734,1383275.0,1764876359999,2867896.99195,4522,921454.8,1910407.27690,0
1764876360000,2.0734,2.0794,2.0719,2.0794,1355440.6,1764876419999,2814189.84413,4015,933458.2,1938141.16027,0
1764876420000,2.0794,2.0830,2.0787,2.0818,1314732.0,1764876479999,2735113.63285,3706,978520.9,2035660.76299,0
1764876480000,2.0818,2.0873,2.0811,2.0852,1274281.4,1764876539999,2656341.95236,3579,784884.9,1636155.93882,0
1764876540000,2.0852,2.0854,2.0808,2.0830,771392.0,1764876599999,1606287.46694,2375,351662.2,732246.34252,0
1764876600000,2.0830,2.0855,2.0810,2.0843,1031847.4,1764876659999,2149768.50460,3323,457392.1,952868.26473,0
1764876660000,2.0843,2.0865,2.0833,2.0845,774520.4,1764876719999,1614877.36748,2891,371140.2,773777.75404,0
1764876720000,2.0846,2.0896,2.0838,2.0891,961630.8,1764876779999,2007029.36805,3077,550144.8,1148300.68443,0
1764876780000,2.0892,2.0959,2.0892,2.0951,1682973.0,1764876839999,3522661.32816,4564,849799.7,1778862.04064,0
1764876840000,2.0951,2.0951,2.0869,2.0869,927282.9,1764876899999,1939014.03605,2770,370182.0,774126.95818,0
1764876900000,2.0869,2.0949,2.0869,2.0921,654084.4,1764876959999,1367876.16537,2840,328775.7,687525.28769,0
1764876960000,2.0921,2.0947,2.0916,2.0937,664241.8,1764877019999,1390506.34178,2893,293524.7,614434.20743,0
1764877020000,2.0937,2.0940,2.0911,2.0926,593455.2,1764877079999,1241808.33092,2274,308826.3,646217.80036,0
1764877080000,2.0925,2.0948,2.0915,2.0927,577018.6,1764877139999,1207737.46647,2231,273505.2,572420.98626,0
1764877140000,2.0926,2.0958,2.0926,2.0932,393517.6,1764877199999,824247.01399,1584,181738.2,380631.78505,0
1764877200000,2.0933,2.0950,2.0921,2.0948,437390.9,1764877259999,915720.23949,1710,215436.0,450996.11717,0
1764877260000,2.0949,2.0951,2.0926,2.0934,276005.1,1764877319999,577957.01005,1390,76242.9,159644.10647,0
1764877320000,2.0934,2.0953,2.0920,2.0948,378674.9,1764877379999,792800.81817,1776,176113.1,368719.14888,0
1764877380000,2.0948,2.0978,2.0948,2.0971,436150.3,1764877439999,914486.68225,1393,235337.8,493338.03638,0
1764877440000,2.0971,2.0986,2.0964,2.0977,460329.0,1764877499999,965746.58753,1329,202023.3,423830.14184,0
1764877500000,2.0976,2.1024,2.0976,2.1022,1196738.7,1764877559999,2513067.16101,3304,848328.2,1781478.01638,0
1764877560000,2.1022,2.1024,2.0948,2.0962,760043.5,1764877619999,1594815.29676,2370,252018.1,528922.91547,0
1764877620000,2.0961,2.0978,2.0954,2.0971,407970.9,1764877679999,855434.28643,1653,208897.3,438031.81771,0
1764877680000,2.0970,2.1019,2.0966,2.0996,809915.2,1764877739999,1700804.11829,1933,564227.4,1184790.88077,0
1764877740000,2.0997,2.1006,2.0981,2.1005,418764.3,1764877799999,879157.57925,1628,155213.8,325854.21799,0
1764877800000,2.1005,2.1008,2.0965,2.0966,415254.4,1764877859999,871609.89295,2032,148658.8,312041.86824,0
1764877860000,2.0967,2.0973,2.0928,2.0932,685069.7,1764877919999,1435021.87068,2203,228929.4,479539.68747,0
1764877920000,2.0931,2.0961,2.0924,2.0957,362701.9,1764877979999,759470.11395,1587,234266.3,490510.32952,0
1764877980000,2.0958,2.0982,2.0957,2.0969,212009.6,1764878039999,444592.00450,1306,116323.9,243922.57258,0
1764878040000,2.0968,2.0978,2.0960,2.0965,215286.3,1764878099999,451466.89867,1099,109846.6,230366.97985,0
1764878100000,2.0965,2.0970,2.0948,2.0961,200041.5,1764878159999,419314.97651,1312,54322.3,113860.35362,0
1764878160000,2.0961,2.0971,2.0954,2.0968,206227.3,1764878219999,432325.50900,1083,91410.8,191621.26773,0
1764878220000,2.0968,2.0984,2.0964,2.0972,213096.1,1764878279999,446984.24398,1232,105097.3,220439.25076,0
1764878280000,2.0973,2.0982,2.0958,2.0963,123428.9,1764878339999,258867.93213,956,44872.1,94122.82848,0
1764878340000,2.0962,2.0974,2.0957,2.0962,195925.1,1764878399999,410746.54664,1044,77847.8,163211.05431,0
1764878400000,2.0962,2.0986,2.0957,2.0981,408654.5,1764878459999,857144.43235,1715,256780.7,538600.66668,0
1764878460000,2.0981,2.1016,2.0978,2.0992,1082788.1,1764878519999,2273445.57703,2684,730730.3,1534499.26788,0
1764878520000,2.0993,2.1030,2.0986,2.1008,376113.5,1764878579999,790159.35868,2094,232522.9,488501.71897,0
1764878580000,2.1009,2.1009,2.0970,2.0973,441747.3,1764878639999,926796.83637,1809,194830.1,408738.39690,0
1764878640000,2.0974,2.0986,2.0922,2.0941,3593937.2,1764878699999,7527788.65591,4137,681253.4,1426803.59239,0
1764878700000,2.0942,2.0949,2.0918,2.0936,1283139.5,1764878759999,2685664.81932,2361,423918.7,887269.01858,0
1764878760000,2.0936,2.0946,2.0911,2.0913,623506.0,1764878819999,1305290.97892,1881,165171.8,345770.13670,0
1764878820000,2.0914,2.0914,2.0847,2.0878,1420571.1,1764878879999,2965171.57031,3381,552940.2,1154126.05036,0
1764878880000,2.0877,2.0890,2.0864,2.0882,463956.1,1764878939999,968600.00543,1857,225043.7,469836.72356,0
1764878940000,2.0883,2.0932,2.0883,2.0927,400746.1,1764878999999,838116.07732,1733,282649.7,591105.04825,0
1764879000000,2.0927,2.0952,2.0927,2.0950,416061.8,1764879059999,871364.23636,1764,260685.6,545941.12177,0
1764879060000,2.0950,2.0955,2.0911,2.0913,288817.1,1764879119999,604474.19717,1397,99844.3,208957.95841,0
1764879120000,2.0913,2.0921,2.0905,2.0917,217181.0,1764879179999,454170.83770,1088,134936.4,282174.72952,0
1764879180000,2.0918,2.0961,2.0918,2.0951,297070.9,1764879239999,622325.91356,1471,210977.5,441929.54103,0
1764879240000,2.0951,2.0959,2.0935,2.0935,235927.1,1764879299999,494175.07785,1050,92481.8,193732.41932,0
1764879300000,2.0935,2.0935,2.0904,2.0923,492522.2,1764879359999,1030135.21519,1604,333222.8,696949.75207,0
1764879360000,2.0923,2.0932,2.0912,2.0913,335637.1,1764879419999,702201.62399,1189,155794.9,325926.84907,0
1764879420000,2.0914,2.0927,2.0900,2.0901,274849.4,1764879479999,574955.51479,1305,106060.8,221868.40097,0
1764879480000,2.0901,2.0910,2.0881,2.0899,604710.6,1764879539999,1263298.22378,1832,318391.0,665162.48723,0
1764879540000,2.0899,2.0943,2.0890,2.0943,766193.1,1764879599999,1601855.37694,1806,519339.4,1086047.91485,0
1764879600000,2.0943,2.0957,2.0931,2.0936,459427.3,1764879659999,962177.74267,1626,271121.6,567741.51387,0
1764879660000,2.0936,2.0938,2.0907,2.0909,222449.2,1764879719999,465412.61298,1162,132693.6,277608.86169,0
1764879720000,2.0910,2.0915,2.0887,2.0898,194542.6,1764879779999,406660.10694,1204,80604.8,168474.57367,0
1764879780000,2.0898,2.0926,2.0898,2.0906,172493.8,1764879839999,360744.62009,1251,80700.9,168748.48161,0
1764879840000,2.0906,2.0938,2.0905,2.0926,315905.9,1764879899999,661119.45522,1444,190204.5,398015.03416,0
1764879900000,2.0926,2.0942,2.0916,2.0942,279324.8,1764879959999,584613.31709,1343,167264.9,350080.45074,0
1764879960000,2.0941,2.0951,2.0917,2.0923,282156.8,1764880019999,590655.42840,1155,157602.2,329890.75267,0
1764880020000,2.0923,2.0954,2.0923,2.0933,322153.8,1764880079999,674531.02077,1373,157251.3,329239.07428,0
1764880080000,2.0933,2.0961,2.0931,2.0934,297669.4,1764880139999,623537.43288,1491,137892.4,288804.45489,0
1764880140000,2.0933,2.0935,2.0891,2.0896,195368.7,1764880199999,408516.99261,1317,78194.5,163487.89539,0
1764880200000,2.0896,2.0919,2.0880,2.0909,432134.0,1764880259999,903191.14437,1675,206314.5,431140.32499,0
1764880260000,2.0910,2.0917,2.0900,2.0908,278306.5,1764880319999,581867.64229,1543,161053.9,336714.16187,0
1764880320000,2.0908,2.0942,2.0907,2.0937,245511.9,1764880379999,513749.95414,1516,122888.6,257114.19966,0
1764880380000,2.0937,2.0957,2.0937,2.0950,265197.4,1764880439999,555566.78620,1075,120409.5,252247.50746,0
1764880440000,2.0950,2.0950,2.0927,2.0927,229186.5,1764880499999,479876.86070,1141,78763.7,164912.26668,0
1764880500000,2.0928,2.0947,2.0923,2.0946,213392.0,1764880559999,446636.32961,1119,115423.8,241591.75747,0
1764880560000,2.0946,2.0950,2.0930,2.0937,317718.1,1764880619999,665321.37079,1386,108450.9,227096.21504,0
1764880620000,2.0938,2.0971,2.0935,2.0956,413672.9,1764880679999,867151.14385,1694,269567.0,565085.72883,0
1764880680000,2.0956,2.0963,2.0943,2.0945,134708.4,1764880739999,282277.20617,1069,54347.4,113881.48500,0
1764880740000,2.0944,2.0977,2.0933,2.0963,364036.2,1764880799999,762885.33107,1637,239654.9,502263.59541,0
1764880800000,2.0964,2.0965,2.0938,2.0940,334701.8,1764880859999,701349.88624,1282,136311.9,285617.35692,0
1764880860000,2.0940,2.0943,2.0931,2.0939,267305.0,1764880919999,559700.54828,1024,133114.9,278717.05929,0
1764880920000,2.0940,2.0961,2.0937,2.0948,362184.3,1764880979999,758763.71034,1371,188194.4,394230.71585,0
1764880980000,2.0948,2.0968,2.0942,2.0967,516679.5,1764881039999,1082716.08977,1626,341379.7,715339.96940,0
1764881040000,2.0967,2.0994,2.0964,2.0967,570963.5,1764881099999,1197696.42869,1977,269315.4,564949.33985,0
1764881100000,2.0968,2.0992,2.0967,2.0988,405087.9,1764881159999,849816.29867,1681,183119.8,384134.50201,0
1764881160000,2.0988,2.0996,2.0979,2.0996,549107.5,1764881219999,1152516.60724,1725,317984.0,667406.35753,0
1764881220000,2.0996,2.0997,2.0974,2.0978,286897.9,1764881279999,601991.68402,1073,140168.6,294071.64546,0
1764881280000,2.0978,2.1019,2.0978,2.0994,550049.2,1764881339999,1155072.17881,2152,361296.9,758681.93069,0
1764881340000,2.0994,2.0995,2.0970,2.0988,231295.4,1764881399999,485312.37259,1376,119663.4,251082.68128,0
1764881400000,2.0989,2.1033,2.0989,2.1030,873809.5,1764881459999,1836441.53291,2892,479815.9,1008415.30712,0
1764881460000,2.1030,2.1030,2.1016,2.1027,648827.7,1764881519999,1364101.97873,1721,367014.3,771601.33240,0
1764881520000,2.1027,2.1056,2.1017,2.1047,836084.2,1764881579999,1758848.89574,2613,500959.8,1053966.13148,0
1764881580000,2.1048,2.1058,2.1039,2.1039,876356.5,1764881639999,1844676.25735,1945,330803.1,696278.11256,0
1764881640000,2.1040,2.1048,2.1026,2.1033,567978.4,1764881699999,1194926.90690,1756,256090.9,538799.68743,0
1764881700000,2.1034,2.1046,2.1023,2.1027,727857.7,1764881759999,1531296.96988,2002,477303.9,1004219.39821,0
1764881760000,2.1027,2.1050,2.1027,2.1049,245523.8,1764881819999,516495.71135,1112,135350.4,284688.58500,0
1764881820000,2.1049,2.1072,2.1049,2.1059,644141.9,1764881879999,1356680.52569,1592,349541.2,736213.39599,0
1764881880000,2.1058,2.1078,2.1051,2.1077,602572.8,1764881939999,1269411.85173,1330,275685.5,580757.52863,0
1764881940000,2.1077,2.1078,2.1032,2.1038,5314812.1,1764881999999,11187022.47241,6041,2653548.2,5585338.42009,0
1764882000000,2.1038,2.1055,2.1025,2.1054,1029448.7,1764882059999,2165618.86278,2577,525960.2,1106373.51298,0
1764882060000,2.1055,2.1058,2.1001,2.1022,1387558.1,1764882119999,2916764.87055,2573,804990.3,1692070.68364,0
1764882120000,2.1021,2.1022,2.1000,2.1004,665656.3,1764882179999,1398439.96179,1427,191019.1,401206.67156,0
1764882180000,2.1005,2.1028,2.1001,2.1001,447606.4,1764882239999,940676.32178,1218,179217.7,376601.50192,0
1764882240000,2.1001,2.1033,2.0983,2.1033,990858.7,1764882299999,2080896.35737,1983,378404.9,794740.40520,0
1764882300000,2.1034,2.1039,2.1012,2.1018,739697.1,1764882359999,1555106.69901,1755,369586.7,776920.74396,0
1764882360000,2.1018,2.1064,2.1018,2.1052,912818.0,1764882419999,1921056.98405,1986,549558.8,1156429.97234,0
1764882420000,2.1051,2.1067,2.1034,2.1038,765990.3,1764882479999,1612270.10654,1779,347361.7,731015.73443,0
1764882480000,2.1038,2.1073,2.1032,2.1071,1076504.5,1764882539999,2266749.80846,1654,559862.2,1178952.03800,0
1764882540000,2.1071,2.1099,2.1069,2.1085,1295978.3,1764882599999,2732991.78010,2312,734165.3,1548174.36460,0
1764882600000,2.1085,2.1085,2.1067,2.1069,732555.5,1764882659999,1543732.74998,1527,276157.8,581882.28798,0
1764882660000,2.1069,2.1072,2.1057,2.1061,491946.8,1764882719999,1036336.58149,1405,221068.9,465692.75274,0
1764882720000,2.1062,2.1070,2.1058,2.1067,239522.8,1764882779999,504541.59659,987,57103.1,120284.35744,0
1764882780000,2.1067,2.1067,2.1045,2.1050,388853.6,1764882839999,818697.41360,1170,64517.9,135823.63654,0
1764882840000,2.1049,2.1049,2.1009,2.1018,509309.1,1764882899999,1071164.05754,1546,96977.9,203926.34925,0
1764882900000,2.1017,2.1027,2.1009,2.1009,315228.4,1764882959999,662592.22700,1221,88383.8,185802.89291,0
1764882960000,2.1009,2.1029,2.1009,2.1027,315845.4,1764883019999,663837.23190,1144,171145.6,359700.56231,0
1764883020000,2.1027,2.1041,2.1027,2.1038,301928.6,1764883079999,635152.68884,1007,138553.2,291465.26201,0
1764883080000,2.1038,2.1058,2.1026,2.1027,366093.5,1764883139999,770346.69087,1275,157053.7,330504.50761,0
1764883140000,2.1027,2.1042,2.1024,2.1024,165987.8,1764883199999,349166.75855,847,30221.9,63574.53408,0
1764883200000,2.1023,2.1024,2.0993,2.0993,348873.1,1764883259999,732927.85768,1181,40358.5,84780.19386,0
1764883260000,2.0993,2.0993,2.0967,2.0978,601010.7,1764883319999,1260749.06127,1652,231926.1,486487.64219,0
1764883320000,2.0978,2.0987,2.0975,2.0980,168467.2,1764883379999,353455.44351,865,54059.4,113419.66572,0
1764883380000,2.0980,2.0980,2.0964,2.0974,380528.6,1764883439999,797989.26595,1032,155738.3,326577.75579,0
1764883440000,2.0975,2.0989,2.0974,2.0988,182847.1,1764883499999,383639.83497,759,47594.2,99855.80797,0
1764883500000,2.0988,2.0990,2.0964,2.0964,221268.7,1764883559999,464230.96927,1009,95707.6,200819.04690,0
1764883560000,2.0964,2.0969,2.0954,2.0969,262792.6,1764883619999,550851.65568,833,90404.9,189493.15181,0
1764883620000,2.0968,2.0988,2.0966,2.0988,287631.3,1764883679999,603188.67753,1022,214589.7,450012.29471,0
1764883680000,2.0988,2.0994,2.0976,2.0979,135133.3,1764883739999,283563.29895,765,38677.3,81161.80038,0
1764883740000,2.0978,2.0987,2.0966,2.0966,168296.6,1764883799999,352996.40328,892,39504.3,82863.47412,0
1764883800000,2.0967,2.0977,2.0960,2.0967,170750.7,1764883859999,358075.49974,770,74017.9,155206.30425,0
1764883860000,2.0967,2.0969,2.0950,2.0955,295443.3,1764883919999,619206.62332,1121,124716.1,261392.28126,0
1764883920000,2.0955,2.0977,2.0955,2.0962,91701.7,1764883979999,192275.87152,756,32976.6,69136.70272,0
1764883980000,2.0962,2.0978,2.0960,2.0974,85599.4,1764884039999,179516.78501,728,59218.3,124196.54882,0
1764884040000,2.0974,2.0986,2.0970,2.0976,80315.0,1764884099999,168494.99772,748,26880.5,56393.54024,0
1764884100000,2.0977,2.0979,2.0954,2.0960,232199.8,1764884159999,486706.51705,1021,95170.4,199449.13048,0
1764884160000,2.0959,2.0979,2.0958,2.0978,141821.6,1764884219999,297327.91085,667,86935.7,182275.33480,0
1764884220000,2.0979,2.1002,2.0973,2.0989,201083.7,1764884279999,422089.90037,922,136211.2,285954.98201,0
1764884280000,2.0989,2.1013,2.0989,2.1008,189845.7,1764884339999,398790.39450,934,85309.1,179177.84017,0
1764884340000,2.1008,2.1022,2.1008,2.1012,156556.6,1764884399999,328990.95256,863,84076.3,176676.65109,0
1764884400000,2.1012,2.1019,2.0998,2.1009,132928.7,1764884459999,279223.30706,840,62524.7,131345.63677,0
1764884460000,2.1009,2.1017,2.1006,2.1006,164262.5,1764884519999,345170.06084,549,64287.2,135102.16607,0
1764884520000,2.1006,2.1007,2.0988,2.0988,177150.1,1764884579999,371912.58492,831,95331.6,200133.84308,0
1764884580000,2.0988,2.0989,2.0966,2.0972,207361.0,1764884639999,434844.93889,772,144738.6,303499.84096,0
1764884640000,2.0972,2.0981,2.0972,2.0980,85305.3,1764884699999,178951.14643,503,48122.6,100953.28907,0
1764884700000,2.0980,2.0983,2.0969,2.0969,82713.0,1764884759999,173485.89120,536,30620.7,64228.10721,0
1764884760000,2.0969,2.0973,2.0947,2.0954,480663.4,1764884819999,1007261.41913,968,59404.2,124543.81718,0
1764884820000,2.0955,2.0968,2.0954,2.0967,116095.2,1764884879999,243342.90065,521,54088.1,113385.32669,0
1764884880000,2.0968,2.0968,2.0959,2.0964,96429.5,1764884939999,202147.65037,470,38102.1,79873.17270,0
1764884940000,2.0964,2.0972,2.0953,2.0955,213457.8,1764884999999,447466.03415,833,73192.2,153423.70202,0
1764885000000,2.0955,2.0962,2.0931,2.0940,588777.8,1764885059999,1233067.87548,1516,133336.8,279259.56606,0
1764885060000,2.0940,2.0943,2.0927,2.0927,256160.9,1764885119999,536349.08890,966,54054.9,113183.91733,0
1764885120000,2.0927,2.0947,2.0927,2.0928,343422.9,1764885179999,719094.94355,1145,110945.4,232287.40809,0
1764885180000,2.0928,2.0946,2.0927,2.0940,675016.0,1764885239999,1413352.83752,1182,533881.3,1117825.30634,0
1764885240000,2.0940,2.0941,2.0923,2.0926,246431.1,1764885299999,515687.22228,762,63885.5,133685.54721,0
1764885300000,2.0926,2.0929,2.0892,2.0899,696010.9,1764885359999,1454967.71251,1871,166429.9,347927.32589,0
1764885360000,2.0899,2.0907,2.0877,2.0907,593844.9,1764885419999,1240503.68071,1650,352567.4,736568.40572,0
1764885420000,2.0907,2.0907,2.0889,2.0891,209264.1,1764885479999,437279.07357,565,91024.2,190195.47901,0
1764885480000,2.0891,2.0898,2.0883,2.0898,233046.7,1764885539999,486787.71831,803,124501.2,260063.02273,0
1764885540000,2.0897,2.0906,2.0890,2.0898,174965.7,1764885599999,365682.94410,659,108734.7,227264.00539,0
1764885600000,2.0899,2.0927,2.0899,2.0916,274866.8,1764885659999,574874.39512,1208,155729.0,325691.47370,0
1764885660000,2.0916,2.0951,2.0916,2.0947,555371.2,1764885719999,1162988.68526,1191,246498.4,516078.25810,0
1764885720000,2.0947,2.0975,2.0939,2.0970,491335.4,1764885779999,1029432.15519,1576,305162.5,639478.55646,0
1764885780000,2.0969,2.0969,2.0942,2.0948,194470.9,1764885839999,407436.84244,1045,102261.6,214242.18770,0
1764885840000,2.0947,2.0949,2.0934,2.0943,169963.0,1764885899999,355884.43863,974,86104.1,180288.50536,0
1764885900000,2.0942,2.0945,2.0935,2.0945,121538.4,1764885959999,254484.17499,632,66577.0,139407.52807,0
1764885960000,2.0945,2.0952,2.0937,2.0947,160431.1,1764886019999,336015.56948,924,89639.6,187748.61557,0
1764886020000,2.0947,2.0953,2.0938,2.0940,184435.3,1764886079999,386260.03018,585,53352.6,111756.21647,0
1764886080000,2.0940,2.0958,2.0940,2.0948,97436.0,1764886139999,204128.33069,759,51698.5,108312.19569,0
1764886140000,2.0948,2.0950,2.0937,2.0938,109299.8,1764886199999,228899.70533,685,41338.6,86576.37834,0
1764886200000,2.0938,2.0954,2.0937,2.0954,121953.7,1764886259999,255451.25353,753,81693.9,171118.43656,0
1764886260000,2.0955,2.0966,2.0935,2.0941,94621.7,1764886319999,198262.66153,799,35709.0,74820.35389,0
1764886320000,2.0942,2.0948,2.0935,2.0938,86284.7,1764886379999,180708.20846,570,22121.5,46327.07338,0
1764886380000,2.0938,2.0971,2.0938,2.0967,117389.4,1764886439999,246043.93909,689,69915.5,146535.13423,0
1764886440000,2.0966,2.0970,2.0955,2.0960,54296.0,1764886499999,113814.98082,499,18933.0,39686.72130,0
1764886500000,2.0960,2.0973,2.0958,2.0972,110057.7,1764886559999,230712.85453,678,61828.7,129612.37787,0
1764886560000,2.0972,2.0990,2.0957,2.0962,646592.4,1764886619999,1356440.04003,1403,376962.1,790982.97122,0
1764886620000,2.0962,2.0968,2.0957,2.0961,67038.3,1764886679999,140519.74141,463,32396.2,67904.05142,0
1764886680000,2.0961,2.0968,2.0951,2.0963,78562.5,1764886739999,164654.26533,705,29327.7,61463.77595,0
1764886740000,2.0963,2.0981,2.0955,2.0981,114382.4,1764886799999,239774.69520,683,97534.4,204457.37220,0
1764886800000,2.0981,2.0981,2.0964,2.0975,232678.4,1764886859999,488008.92456,894,73677.1,154534.25669,0
1764886860000,2.0975,2.0976,2.0942,2.0947,439927.8,1764886919999,922078.43763,1062,108750.3,227899.82538,0
1764886920000,2.0947,2.0953,2.0919,2.0924,260957.0,1764886979999,546356.79161,931,59152.2,123873.46564,0
1764886980000,2.0925,2.0944,2.0925,2.0942,66136.1,1764887039999,138463.36677,451,58393.2,122253.05626,0
1764887040000,2.0942,2.0957,2.0935,2.0955,203500.3,1764887099999,426359.35449,678,177185.3,371242.19595,0
1764887100000,2.0955,2.0965,2.0947,2.0948,151461.4,1764887159999,317403.19872,588,85585.9,179342.60436,0
1764887160000,2.0947,2.0965,2.0946,2.0952,91587.9,1764887219999,191938.47803,656,32390.2,67872.88591,0
1764887220000,2.0952,2.0956,2.0945,2.0955,65959.7,1764887279999,138193.37492,331,54274.1,113710.79083,0
1764887280000,2.0956,2.0970,2.0951,2.0953,129639.7,1764887339999,271731.53751,660,74920.8,157041.55510,0
1764887340000,2.0953,2.0965,2.0952,2.0965,84163.5,1764887399999,176409.73133,458,50681.9,106231.28574,0
1764887400000,2.0965,2.0996,2.0965,2.0996,230865.6,1764887459999,484451.36027,1063,181368.0,380569.30800,0
1764887460000,2.0996,2.0996,2.0967,2.0979,349415.0,1764887519999,733165.68814,1178,77177.4,161866.14842,0
1764887520000,2.0978,2.0992,2.0978,2.0991,102218.6,1764887579999,214507.26528,491,90607.8,190142.27010,0
1764887580000,2.0991,2.1021,2.0991,2.1020,171030.7,1764887639999,359254.51656,910,139285.2,292552.87262,0
1764887640000,2.1021,2.1037,2.1012,2.1028,639425.3,1764887699999,1344341.51800,1354,388516.8,816818.94848,0
1764887700000,2.1027,2.1032,2.0996,2.1005,433605.1,1764887759999,911016.62868,1307,171668.8,360685.96197,0
1764887760000,2.1006,2.1016,2.1004,2.1011,329643.3,1764887819999,692561.38207,953,236042.1,495916.28851,0
1764887820000,2.1012,2.1019,2.1009,2.1009,222912.3,1764887879999,468462.82662,695,131836.9,277061.38669,0
1764887880000,2.1009,2.1010,2.0999,2.1003,161413.2,1764887939999,339021.18370,553,47479.2,99712.15642,0
1764887940000,2.1003,2.1004,2.0980,2.0985,311325.7,1764887999999,653409.87294,923,78638.5,165035.60516,0
1764888000000,2.0985,2.0986,2.0962,2.0970,293024.1,1764888059999,614515.16144,1111,108279.7,227058.15432,0
1764888060000,2.0969,2.0974,2.0963,2.0973,88373.6,1764888119999,185296.44116,441,36041.5,75572.26526,0
1764888120000,2.0974,2.0984,2.0973,2.0984,121217.1,1764888179999,254281.13231,425,85083.9,178480.64098,0
1764888180000,2.0985,2.0993,2.0983,2.0991,115230.0,1764888239999,241808.75453,389,69666.5,146194.85551,0
1764888240000,2.0990,2.0990,2.0979,2.0984,70999.4,1764888299999,148981.26973,431,49138.5,103106.26580,0
1764888300000,2.0984,2.1001,2.0984,2.0999,174044.1,1764888359999,365364.31335,515,135881.5,285241.46573,0
1764888360000,2.1000,2.1000,2.0995,2.0995,70798.1,1764888419999,148667.49250,352,24189.0,50794.80948,0
1764888420000,2.0995,2.0996,2.0984,2.0984,26848.8,1764888479999,56358.82608,320,2389.2,5014.74223,0
1764888480000,2.0984,2.0985,2.0976,2.0980,200365.8,1764888539999,420338.14522,562,123749.8,259596.56412,0
1764888540000,2.0980,2.0981,2.0979,2.0979,28892.1,1764888599999,60614.69205,213,2119.0,4445.70582,0
1764888600000,2.0979,2.0981,2.0979,2.0981,69611.2,1764888659999,146045.74455,255,62348.1,130808.20961,0
1764888660000,2.0980,2.0990,2.0980,2.0990,143345.4,1764888719999,300819.29783,371,123887.3,259978.78006,0
1764888720000,2.0990,2.0990,2.0981,2.0981,92509.9,1764888779999,194138.56422,422,9075.6,19046.50788,0
1764888780000,2.0981,2.0989,2.0981,2.0989,68357.4,1764888839999,143442.77743,378,57282.9,120204.12689,0
1764888840000,2.0988,2.1001,2.0988,2.1001,155018.5,1764888899999,325499.98148,447,127478.0,267665.57875,0
1764888900000,2.1000,2.1001,2.0981,2.0991,376074.6,1764888959999,789363.66579,1043,107759.9,226179.61410,0
1764888960000,2.0991,2.0999,2.0991,2.0998,107249.3,1764889019999,225162.03159,396,103800.8,217922.77154,0
1764889020000,2.0998,2.1001,2.0988,2.0988,163366.1,1764889079999,343022.87118,736,67614.3,141975.37747,0
1764889080000,2.0987,2.0988,2.0980,2.0980,62890.6,1764889139999,131982.41822,377,31387.6,65872.60232,0
1764889140000,2.0980,2.0981,2.0965,2.0966,111607.5,1764889199999,234051.94593,601,37704.0,79061.09959,0
1764889200000,2.0967,2.0974,2.0939,2.0944,368007.8,1764889259999,771193.53729,1510,101102.9,211858.37726,0
1764889260000,2.0944,2.0949,2.0938,2.0938,227883.2,1764889319999,477254.30926,679,80252.5,168072.19612,0
1764889320000,2.0938,2.0961,2.0938,2.0961,161768.2,1764889379999,338871.81423,722,118039.4,247263.75345,0
1764889380000,2.0962,2.0977,2.0941,2.0971,232012.0,1764889439999,486391.71953,1789,95223.4,199624.52469,0
1764889440000,2.0972,2.0987,2.0965,2.0968,311256.8,1764889499999,652960.82703,1236,176363.7,370006.32479,0
1764889500000,2.0969,2.0977,2.0960,2.0977,81181.9,1764889559999,170235.00536,811,49884.8,104612.64966,0
1764889560000,2.0976,2.0986,2.0970,2.0978,77371.4,1764889619999,162305.97375,749,32146.8,67431.11389,0
1764889620000,2.0978,2.0982,2.0975,2.0975,63712.0,1764889679999,133656.31803,573,33848.9,71007.72162,0
1764889680000,2.0975,2.0979,2.0968,2.0970,44414.4,1764889739999,93148.37153,444,10746.2,22536.53051,0
1764889740000,2.0971,2.0972,2.0942,2.0942,98966.9,1764889799999,207426.55011,629,13085.9,27428.30754,0
1764889800000,2.0943,2.0945,2.0921,2.0921,260102.6,1764889859999,544422.68652,1048,60650.4,126938.21709,0
1764889860000,2.0922,2.0947,2.0922,2.0947,166403.7,1764889919999,348354.17129,839,111550.1,233518.29900,0
1764889920000,2.0948,2.0952,2.0939,2.0939,74754.6,1764889979999,156579.49074,496,33205.3,69548.90525,0
1764889980000,2.0939,2.0940,2.0926,2.0927,67836.7,1764890039999,141991.69039,573,13422.7,28093.72005,0
1764890040000,2.0928,2.0943,2.0927,2.0933,75292.0,1764890099999,157648.91177,573,32399.5,67836.74607,0
1764890100000,2.0933,2.0946,2.0930,2.0945,68140.4,1764890159999,142665.57957,604,55231.2,115638.69590,0
1764890160000,2.0946,2.0949,2.0938,2.0944,137966.1,1764890219999,288983.96494,744,98989.3,207348.57792,0
1764890220000,2.0944,2.0945,2.0934,2.0936,146864.1,1764890279999,307524.73923,577,30526.5,63919.59616,0
1764890280000,2.0937,2.0946,2.0932,2.0933,104617.7,1764890339999,219057.80224,564,61896.5,129606.95412,0
1764890340000,2.0934,2.0938,2.0924,2.0931,100811.3,1764890399999,210996.75767,556,29762.7,62296.17801,0
1764890400000,2.0930,2.0938,2.0925,2.0937,75289.9,1764890459999,157594.07670,530,36125.6,75619.72607,0
1764890460000,2.0938,2.0938,2.0922,2.0938,93098.2,1764890519999,194852.72188,556,47344.9,99093.09492,0
1764890520000,2.0938,2.0950,2.0937,2.0946,67582.1,1764890579999,141550.41445,427,52922.8,110844.72994,0
1764890580000,2.0947,2.0967,2.0946,2.0963,81401.6,1764890639999,170616.53197,581,69728.6,146144.71660,0
1764890640000,2.0963,2.0968,2.0952,2.0955,95429.6,1764890699999,200030.07222,652,31972.1,67020.17548,0
1764890700000,2.0954,2.0964,2.0952,2.0954,178125.6,1764890759999,373344.83236,642,106657.6,223546.87444,0
1764890760000,2.0955,2.0960,2.0950,2.0952,84303.7,1764890819999,176678.37599,458,59135.0,123930.38638,0
1764890820000,2.0951,2.0952,2.0942,2.0950,85433.1,1764890879999,178943.47750,451,52349.7,109644.11926,0
1764890880000,2.0951,2.0959,2.0951,2.0958,41244.0,1764890939999,86421.27844,356,23735.7,49736.15928,0
1764890940000,2.0958,2.0966,2.0954,2.0955,40049.6,1764890999999,83944.99882,399,21760.7,45611.27140,0
1764891000000,2.0954,2.0957,2.0942,2.0952,91738.0,1764891059999,192175.10306,610,38561.3,80773.33396,0
1764891060000,2.0951,2.0979,2.0951,2.0966,142926.0,1764891119999,299647.67246,845,84328.8,176795.23891,0
1764891120000,2.0966,2.0980,2.0964,2.0980,115578.0,1764891179999,242396.00548,651,71570.3,150099.10745,0
1764891180000,2.0980,2.0980,2.0967,2.0972,50820.6,1764891239999,106592.13370,560,14841.0,31129.89438,0
1764891240000,2.0972,2.0972,2.0960,2.0965,93833.9,1764891299999,196717.31691,509,63819.5,133794.12946,0
1764891300000,2.0965,2.0978,2.0963,2.0974,74690.9,1764891359999,156630.75978,646,55563.4,116517.10126,0
1764891360000,2.0974,2.0975,2.0967,2.0973,78277.4,1764891419999,164154.12643,434,43617.7,91467.43900,0
1764891420000,2.0972,2.0985,2.0972,2.0974,107887.9,1764891479999,226328.87804,534,52704.2,110559.95000,0
1764891480000,2.0974,2.0974,2.0958,2.0958,98527.4,1764891539999,206588.15840,406,26030.9,54587.59273,0
1764891540000,2.0958,2.0967,2.0956,2.0967,84493.4,1764891599999,177089.09183,446,39173.0,82107.59460,0
1764891600000,2.0968,2.0968,2.0942,2.0942,109876.0,1764891659999,230259.34447,586,30262.2,63412.52139,0
1764891660000,2.0942,2.0942,2.0909,2.0929,238189.4,1764891719999,498258.99697,1151,101755.6,212854.32527,0
1764891720000,2.0928,2.0939,2.0924,2.0933,76056.7,1764891779999,159200.38325,562,41679.8,87244.01899,0
1764891780000,2.0933,2.0940,2.0928,2.0929,104487.8,1764891839999,218737.36874,542,34507.3,72237.19061,0
1764891840000,2.0930,2.0945,2.0930,2.0944,48114.7,1764891899999,100750.65882,377,29990.5,62801.23947,0
1764891900000,2.0944,2.0944,2.0925,2.0926,113224.3,1764891959999,237017.24463,648,59127.2,123768.45796,0
1764891960000,2.0925,2.0940,2.0921,2.0940,92458.3,1764892019999,193479.76986,636,56831.9,118932.87621,0
1764892020000,2.0941,2.0952,2.0938,2.0941,117168.7,1764892079999,245418.55828,762,55182.1,115584.31857,0
1764892080000,2.0940,2.0954,2.0938,2.0953,52750.1,1764892139999,110486.47765,527,48406.8,101391.19190,0
1764892140000,2.0953,2.0962,2.0942,2.0961,116659.3,1764892199999,244424.57382,866,60486.8,126731.03483,0
1764892200000,2.0961,2.0964,2.0959,2.0964,62859.2,1764892259999,131762.16837,533,41710.6,87430.89808,0
1764892260000,2.0963,2.0963,2.0955,2.0956,81925.1,1764892319999,171709.15111,421,19615.8,41110.06788,0
1764892320000,2.0956,2.0958,2.0951,2.0951,90756.1,1764892379999,190183.02586,508,45004.0,94309.73454,0
1764892380000,2.0951,2.0969,2.0951,2.0968,54884.0,1764892439999,115044.70127,351,52642.4,110346.91247,0
1764892440000,2.0969,2.0971,2.0961,2.0963,43111.8,1764892499999,90387.38706,374,8740.8,18323.39658,0
1764892500000,2.0963,2.0963,2.0953,2.0957,99245.9,1764892559999,207979.47080,454,47441.1,99412.98874,0
1764892560000,2.0956,2.0971,2.0956,2.0968,117955.7,1764892619999,247278.34317,510,113094.1,237086.24223,0
1764892620000,2.0967,2.0967,2.0951,2.0952,167442.4,1764892679999,350913.01499,635,59186.9,124039.19534,0
1764892680000,2.0951,2.0956,2.0945,2.0953,118736.0,1764892739999,248760.26818,490,58016.4,121547.35654,0
1764892740000,2.0952,2.0955,2.0947,2.0949,110908.9,1764892799999,232363.15844,444,48063.8,100703.40862,0
