open_time,open,high,low,close,volume,close_time,quote_volume,count,taker_buy_volume,taker_buy_quote_volume,ignore
1763337600000,2.2137,2.2155,2.2124,2.2136,365774.7,1763337659999,809811.14105,2001,149009.2,329905.89426,0
1763337660000,2.2136,2.2165,2.2131,2.2150,390793.0,1763337719999,865529.36316,2345,154117.0,341338.22785,0
1763337720000,2.2149,2.2155,2.2133,2.2140,200567.7,1763337779999,444185.31020,1659,92916.3,205774.03073,0
1763337780000,2.2140,2.2161,2.2123,2.2124,377285.3,1763337839999,835577.85511,1784,95084.1,210554.68636,0
1763337840000,2.2124,2.2164,2.2103,2.2154,596261.9,1763337899999,1319989.01441,2659,387705.9,858356.85802,0
1763337900000,2.2155,2.2166,2.2130,2.2159,241858.5,1763337959999,535663.29757,1983,107164.2,237328.17152,0
1763337960000,2.2160,2.2222,2.2144,2.2195,352316.3,1763338019999,781467.42393,2789,237411.1,526605.76552,0
1763338020000,2.2194,2.2209,2.2154,2.2168,323133.1,1763338079999,716667.93629,2531,125973.4,279394.11005,0
1763338080000,2.2168,2.2222,2.2168,2.2193,238281.7,1763338139999,528995.77896,2170,108502.1,240852.24437,0
1763338140000,2.2193,2.2227,2.2188,2.2206,307497.9,1763338199999,682915.75727,2405,135984.9,301969.00909,0
1763338200000,2.2207,2.2213,2.2126,2.2152,561799.8,1763338259999,1245749.74721,3334,191473.5,424350.08480,0
1763338260000,2.2152,2.2190,2.2140,2.2184,457835.9,1763338319999,1014355.33387,2890,222829.1,493719.16860,0
1763338320000,2.2183,2.2204,2.2155,2.2157,239007.6,1763338379999,530170.81134,2086,91870.5,203774.50235,0
1763338380000,2.2158,2.2163,2.2104,2.2107,427399.4,1763338439999,945521.00214,2521,244266.7,540321.16189,0
1763338440000,2.2108,2.2126,2.2098,2.2113,749993.6,1763338499999,1658273.52084,3096,553583.5,1223980.43574,0
1763338500000,2.2113,2.2120,2.2086,2.2088,414454.8,1763338559999,915989.84652,2497,220328.5,486972.90132,0
1763338560000,2.2088,2.2088,2.2039,2.2059,1065951.5,1763338619999,2351445.38351,4652,521262.4,1149864.12909,0
1763338620000,2.2059,2.2090,2.2047,2.2048,426966.7,1763338679999,942228.59980,2242,180148.7,397523.18707,0
1763338680000,2.2049,2.2064,2.2025,2.2025,433309.6,1763338739999,955239.92478,2931,270167.3,595676.76505,0
1763338740000,2.2025,2.2029,2.1988,2.2003,881870.9,1763338799999,1940732.31703,4391,501035.8,1102621.87602,0
1763338800000,2.2002,2.2017,2.1982,2.2015,579351.4,1763338859999,1274567.96214,3377,391672.1,861714.92215,0
1763338860000,2.2016,2.2016,2.1966,2.1994,664377.8,1763338919999,1460460.48696,3153,399647.7,878563.36826,0
1763338920000,2.1994,2.2012,2.1981,2.1997,323544.1,1763338979999,711690.54057,1901,220493.0,484993.67492,0
1763338980000,2.1996,2.2023,2.1979,2.2023,252070.9,1763339039999,554433.03802,1925,190254.6,418469.66557,0
1763339040000,2.2024,2.2125,2.2022,2.2106,840038.3,1763339099999,1854798.76013,4308,408251.3,900908.47945,0
1763339100000,2.2106,2.2179,2.2096,2.2177,752118.2,1763339159999,1664552.87020,4006,443037.5,980508.80725,0
1763339160000,2.2177,2.2265,2.2173,2.2239,1395941.7,1763339219999,3101560.03655,7053,607842.1,1350750.82900,0
1763339220000,2.2238,2.2298,2.2232,2.2280,731679.6,1763339279999,1629295.71979,5050,462150.7,1029196.68422,0
1763339280000,2.2279,2.2339,2.2271,2.2313,1422005.5,1763339339999,3172767.10329,5363,665015.5,1483693.40496,0
1763339340000,2.2313,2.2326,2.2288,2.2307,358774.0,1763339399999,800364.58075,2716,190186.9,424306.34916,0
1763339400000,2.2307,2.2405,2.2307,2.2326,1649424.1,1763339459999,3688460.71201,9169,1030944.0,2305821.12543,0
1763339460000,2.2326,2.2347,2.2297,2.2305,555723.1,1763339519999,1240717.32282,3562,227586.3,508127.19626,0
1763339520000,2.2304,2.2332,2.2296,2.2308,390993.1,1763339579999,872546.18115,2795,189184.0,422136.53924,0
1763339580000,2.2308,2.2327,2.2261,2.2327,585472.5,1763339639999,1304892.67678,3542,251500.9,560690.18883,0
1763339640000,2.2328,2.2420,2.2314,2.2363,848906.4,1763339699999,1900244.30203,4956,588739.7,1318098.72766,0
1763339700000,2.2363,2.2495,2.2355,2.2456,2200082.8,1763339759999,4938357.63809,7379,1424619.9,3196835.75765,0
1763339760000,2.2456,2.2470,2.2409,2.2432,929699.2,1763339819999,2086366.98955,4947,416086.6,933916.21433,0
1763339820000,2.2431,2.2447,2.2390,2.2395,620524.9,1763339879999,1391013.83332,3815,206356.8,462647.93914,0
1763339880000,2.2394,2.2443,2.2389,2.2422,575735.6,1763339939999,1290677.04278,3991,247763.3,555437.74440,0
1763339940000,2.2421,2.2459,2.2407,2.2423,572200.6,1763339999999,1283457.83235,4279,229572.7,514911.77035,0
1763340000000,2.2422,2.2427,2.2380,2.2400,566009.5,1763340059999,1267860.58777,3798,226441.9,507335.15920,0
1763340060000,2.2401,2.2420,2.2341,2.2343,543880.3,1763340119999,1216609.45755,3716,172972.3,386898.29146,0
1763340120000,2.2343,2.2375,2.2342,2.2356,301923.9,1763340179999,675148.68231,2395,140545.8,314285.39210,0
1763340180000,2.2356,2.2359,2.2300,2.2307,627928.8,1763340239999,1401586.82083,3219,188512.0,420606.57720,0
1763340240000,2.2307,2.2319,2.2275,2.2290,299577.0,1763340299999,667851.32758,2501,95369.1,212608.19698,0
1763340300000,2.2291,2.2297,2.2247,2.2257,513757.9,1763340359999,1144093.20020,3372,198377.2,441744.79038,0
1763340360000,2.2258,2.2299,2.2258,2.2290,356207.7,1763340419999,793817.03438,2464,164983.3,367620.16267,0
1763340420000,2.2290,2.2298,2.2277,2.2286,165434.9,1763340479999,368737.45004,1825,66670.6,148601.74660,0
1763340480000,2.2286,2.2313,2.2286,2.2302,195595.0,1763340539999,436233.17924,1929,133656.6,298085.64772,0
1763340540000,2.2302,2.2307,2.2274,2.2291,303193.3,1763340599999,675852.21384,2569,95023.0,211853.09526,0
1763340600000,2.2291,2.2333,2.2272,2.2330,306804.3,1763340659999,684200.43291,2697,197712.7,440960.88711,0
1763340660000,2.2330,2.2337,2.2288,2.2301,482721.2,1763340719999,1076801.15142,2886,225051.0,502019.85985,0
1763340720000,2.2300,2.2333,2.2298,2.2303,307101.9,1763340779999,685291.49329,2614,165435.5,369146.66109,0
1763340780000,2.2303,2.2355,2.2302,2.2343,388641.9,1763340839999,868038.65032,2929,214379.3,478750.04198,0
1763340840000,2.2343,2.2346,2.2324,2.2334,223729.8,1763340899999,499707.99799,1887,97386.1,217509.34713,0
1763340900000,2.2334,2.2381,2.2333,2.2354,432322.0,1763340959999,966651.18938,3277,244733.8,547165.95127,0
1763340960000,2.2353,2.2372,2.2337,2.2358,282777.6,1763341019999,632303.89811,2476,144999.5,324239.78425,0
1763341020000,2.2357,2.2470,2.2349,2.2456,1908375.1,1763341079999,4278907.79594,6936,1148071.2,2573979.79219,0
1763341080000,2.2456,2.2465,2.2417,2.2419,614848.4,1763341139999,1379629.97477,3008,213607.3,479275.84119,0
1763341140000,2.2419,2.2419,2.2371,2.2401,318839.0,1763341199999,713955.36471,2290,116504.5,260826.75971,0
1763341200000,2.2402,2.2410,2.2378,2.2390,484739.2,1763341259999,1085559.02111,2820,168762.7,377917.63438,0
1763341260000,2.2390,2.2399,2.2373,2.2399,425737.7,1763341319999,953106.89576,2383,172996.0,387323.42552,0
1763341320000,2.2398,2.2450,2.2397,2.2428,564173.4,1763341379999,1265508.58074,3300,273298.3,613090.47791,0
1763341380000,2.2428,2.2452,2.2388,2.2399,349607.6,1763341439999,783774.50637,2810,122296.7,274178.06658,0
1763341440000,2.2398,2.2422,2.2373,2.2401,283445.1,1763341499999,634733.69048,2633,126422.9,283114.21571,0
1763341500000,2.2400,2.2401,2.2364,2.2369,270008.7,1763341559999,604246.45869,2484,105041.0,235092.46140,0
1763341560000,2.2369,2.2372,2.2321,2.2352,621748.5,1763341619999,1389113.44244,4128,239117.8,534242.34272,0
1763341620000,2.2353,2.2377,2.2347,2.2366,168551.7,1763341679999,376944.89734,1520,84859.3,189764.05411,0
1763341680000,2.2367,2.2393,2.2363,2.2366,287404.0,1763341739999,643072.10604,2281,179245.6,401061.91555,0
1763341740000,2.2365,2.2382,2.2335,2.2373,153078.9,1763341799999,342242.79948,1987,63357.5,141637.96763,0
1763341800000,2.2373,2.2406,2.2367,2.2380,194459.8,1763341859999,435412.94757,2329,125771.8,281601.97044,0
1763341860000,2.2380,2.2390,2.2358,2.2362,232642.3,1763341919999,520468.60760,1996,109930.5,245959.43280,0
1763341920000,2.2363,2.2377,2.2353,2.2373,198264.3,1763341979999,443454.87077,1507,132331.8,295991.72014,0
1763341980000,2.2374,2.2383,2.2342,2.2363,251655.0,1763342039999,562790.90269,1893,155961.3,348809.06920,0
1763342040000,2.2363,2.2388,2.2341,2.2349,191427.9,1763342099999,428046.19864,1666,90239.3,201770.01986,0
1763342100000,2.2348,2.2363,2.2330,2.2330,449445.8,1763342159999,1004304.87664,2157,93221.3,208352.44538,0
1763342160000,2.2330,2.2356,2.2323,2.2346,528116.5,1763342219999,1179683.53987,2366,186884.4,417493.56633,0
1763342220000,2.2346,2.2371,2.2340,2.2356,171809.7,1763342279999,384112.73614,1630,78748.7,176062.28365,0
1763342280000,2.2356,2.2380,2.2355,2.2361,208497.2,1763342339999,466419.87820,1514,111389.1,249165.84628,0
1763342340000,2.2360,2.2369,2.2354,2.2360,164780.0,1763342399999,368472.52368,1369,108401.9,242403.81991,0
1763342400000,2.2361,2.2373,2.2350,2.2350,276931.5,1763342459999,619224.32762,1773,116123.4,259653.64663,0
1763342460000,2.2351,2.2358,2.2334,2.2350,130612.4,1763342519999,291822.04213,1581,51728.4,115566.89235,0
1763342520000,2.2351,2.2389,2.2351,2.2374,243631.0,1763342579999,544978.50266,2120,96055.0,214857.40520,0
1763342580000,2.2374,2.2392,2.2343,2.2346,137402.3,1763342639999,307311.36237,1643,42985.1,96172.25067,0
1763342640000,2.2346,2.2353,2.2311,2.2315,384775.8,1763342699999,859169.42378,1461,51666.0,115366.13622,0
1763342700000,2.2315,2.2343,2.2301,2.2322,688057.3,1763342759999,1535187.68385,2513,119304.9,266282.00487,0
1763342760000,2.2323,2.2323,2.2291,2.2303,967218.2,1763342819999,2157193.65581,2655,419808.9,936187.21739,0
1763342820000,2.2303,2.2382,2.2295,2.2378,493731.3,1763342879999,1102854.54573,3237,391628.3,874755.58869,0
1763342880000,2.2380,2.2395,2.2363,2.2376,344891.1,1763342939999,771877.90895,2331,185616.2,415380.59549,0
1763342940000,2.2377,2.2379,2.2340,2.2347,936632.4,1763342999999,2093637.02445,2375,377352.3,843418.63771,0
1763343000000,2.2347,2.2357,2.2328,2.2350,282800.2,1763343059999,631939.97751,1911,114726.8,256326.99628,0
1763343060000,2.2350,2.2351,2.2302,2.2311,228825.1,1763343119999,510693.68454,1752,93307.1,208203.97465,0
1763343120000,2.2311,2.2328,2.2308,2.2312,250770.6,1763343179999,559644.32369,1396,93339.8,208275.36964,0
1763343180000,2.2311,2.2318,2.2290,2.2300,348821.4,1763343239999,777936.48757,1836,194946.0,434742.63083,0
1763343240000,2.2299,2.2351,2.2298,2.2344,127025.9,1763343299999,283601.38399,1350,73482.1,164050.77865,0
1763343300000,2.2344,2.2388,2.2343,2.2372,183607.9,1763343359999,410790.66704,1790,106866.6,239076.11741,0
1763343360000,2.2371,2.2401,2.2357,2.2395,243044.9,1763343419999,543942.60723,1941,167003.1,373795.88683,0
1763343420000,2.2395,2.2408,2.2387,2.2400,211769.7,1763343479999,474310.08273,1618,111222.4,249115.76988,0
1763343480000,2.2401,2.2402,2.2382,2.2384,93781.3,1763343539999,210009.73183,1157,34981.0,78332.55539,0
1763343540000,2.2384,2.2395,2.2374,2.2383,140730.7,1763343599999,315049.31431,1339,85478.8,191368.22761,0
1763343600000,2.2383,2.2397,2.2379,2.2382,79218.3,1763343659999,177347.29767,1140,34068.3,76273.08877,0
1763343660000,2.2382,2.2386,2.2348,2.2358,216118.9,1763343719999,483209.50656,1229,143355.6,320486.21186,0
1763343720000,2.2358,2.2367,2.2344,2.2351,143145.4,1763343779999,319971.03606,1076,90164.3,201544.68374,0
1763343780000,2.2351,2.2351,2.2323,2.2337,124040.7,1763343839999,277105.81437,1058,28721.5,64151.11726,0
1763343840000,2.2336,2.2367,2.2330,2.2366,108690.0,1763343899999,242899.28944,837,54100.4,120917.07655,0
1763343900000,2.2367,2.2385,2.2364,2.2385,147130.1,1763343959999,329170.26112,1121,83346.1,186459.48010,0
1763343960000,2.2385,2.2406,2.2381,2.2383,225915.7,1763344019999,505863.65483,1742,152405.9,341282.68450,0
1763344020000,2.2382,2.2382,2.2358,2.2364,100767.9,1763344079999,225416.84273,1056,38541.0,86216.01255,0
1763344080000,2.2363,2.2382,2.2363,2.2370,107330.5,1763344139999,240093.78140,901,43861.7,98114.94570,0
1763344140000,2.2370,2.2372,2.2343,2.2344,213945.2,1763344199999,478398.76048,959,32769.0,73273.97095,0
1763344200000,2.2344,2.2360,2.2337,2.2345,103323.8,1763344259999,230911.97700,947,42265.9,94444.58317,0
1763344260000,2.2344,2.2348,2.2326,2.2344,83312.9,1763344319999,186116.11141,824,44434.3,99262.51498,0
1763344320000,2.2344,2.2348,2.2317,2.2321,70983.8,1763344379999,158553.99918,926,29447.0,65775.79854,0
1763344380000,2.2321,2.2322,2.2285,2.2290,293519.1,1763344439999,654662.31078,1554,72971.8,162768.61631,0
1763344440000,2.2290,2.2299,2.2284,2.2289,281839.6,1763344499999,628253.74368,1346,78265.4,174481.92308,0
1763344500000,2.2288,2.2297,2.2268,2.2297,339348.1,1763344559999,756228.90577,1555,129393.2,288361.75167,0
1763344560000,2.2296,2.2306,2.2281,2.2293,142965.6,1763344619999,318748.80914,1121,90113.9,200917.60932,0
1763344620000,2.2292,2.2305,2.2276,2.2280,164214.3,1763344679999,366077.18242,1264,96583.4,215314.53186,0
1763344680000,2.2280,2.2296,2.2271,2.2279,1017004.9,1763344739999,2266261.40012,2537,649817.7,1447954.95474,0
1763344740000,2.2279,2.2279,2.2262,2.2269,231387.1,1763344799999,515252.58902,780,178276.0,396968.71259,0
1763344800000,2.2270,2.2278,2.2242,2.2259,585179.7,1763344859999,1302907.14226,2281,219904.0,489679.20488,0
1763344860000,2.2259,2.2280,2.2250,2.2250,194960.4,1763344919999,434131.28374,1448,60096.1,133834.59822,0
1763344920000,2.2250,2.2262,2.2235,2.2247,140593.0,1763344979999,312810.59522,1451,48790.1,108570.26336,0
1763344980000,2.2247,2.2302,2.2227,2.2294,599892.8,1763345039999,1335769.91538,3107,438649.2,976647.67606,0
1763345040000,2.2294,2.2310,2.2277,2.2307,177534.6,1763345099999,395845.47925,1374,116246.8,259190.08881,0
1763345100000,2.2307,2.2341,2.2302,2.2320,154508.4,1763345159999,344921.00849,1608,78864.6,176036.57403,0
1763345160000,2.2320,2.2355,2.2315,2.2344,202246.1,1763345219999,451697.75351,1744,101571.7,226866.13293,0
1763345220000,2.2345,2.2361,2.2316,2.2321,233268.4,1763345279999,521105.51232,1759,108833.5,243130.17446,0
1763345280000,2.2321,2.2324,2.2261,2.2274,467020.6,1763345339999,1040506.98163,2202,87255.9,194432.15072,0
1763345340000,2.2274,2.2278,2.2261,2.2270,176353.1,1763345399999,392761.41897,1244,99549.2,221700.60262,0
1763345400000,2.2270,2.2311,2.2261,2.2309,241481.4,1763345459999,538195.71716,1781,172325.1,384099.44490,0
1763345460000,2.2309,2.2435,2.2309,2.2401,1470707.0,1763345519999,3292469.01733,6285,920993.9,2061138.37182,0
1763345520000,2.2400,2.2451,2.2394,2.2448,1422045.2,1763345579999,3190195.90586,4227,595965.9,1336857.12235,0
1763345580000,2.2447,2.2458,2.2422,2.2422,573626.9,1763345639999,1287030.41452,2943,247163.5,554570.51934,0
1763345640000,2.2421,2.2441,2.2404,2.2406,619304.0,1763345699999,1388588.37612,2932,398617.9,893800.91481,0
1763345700000,2.2406,2.2440,2.2402,2.2414,600147.2,1763345759999,1345871.61846,2621,443336.0,994230.25319,0
1763345760000,2.2414,2.2433,2.2394,2.2424,577586.0,1763345819999,1294550.19388,2355,450842.4,1010460.46057,0
1763345820000,2.2425,2.2443,2.2391,2.2417,479559.1,1763345879999,1074973.70128,2549,353271.6,791823.47349,0
1763345880000,2.2417,2.2417,2.2369,2.2378,351900.4,1763345939999,787789.54870,2481,125283.9,280448.15682,0
1763345940000,2.2378,2.2406,2.2377,2.2399,160429.9,1763345999999,359190.84628,1534,74063.9,165828.85020,0
1763346000000,2.2399,2.2421,2.2391,2.2421,103306.1,1763346059999,231472.39976,1214,60973.3,136620.05408,0
1763346060000,2.2421,2.2443,2.2406,2.2443,302138.3,1763346119999,677505.15005,1908,187426.3,420304.74063,0
1763346120000,2.2442,2.2450,2.2427,2.2439,410230.9,1763346179999,920552.82147,2078,271092.4,608327.99374,0
1763346180000,2.2440,2.2444,2.2421,2.2433,420402.5,1763346239999,943086.08911,1926,226479.0,508070.72278,0
1763346240000,2.2433,2.2436,2.2412,2.2417,222071.2,1763346299999,498052.16645,1172,131113.1,294054.73876,0
1763346300000,2.2417,2.2429,2.2388,2.2396,359584.9,1763346359999,805911.54133,2167,101524.5,227556.42507,0
1763346360000,2.2395,2.2403,2.2356,2.2370,382933.3,1763346419999,857138.48742,1813,195272.1,437035.28193,0
1763346420000,2.2370,2.2384,2.2362,2.2378,146648.5,1763346479999,328058.59386,1184,85675.4,191651.51831,0
1763346480000,2.2378,2.2379,2.2353,2.2369,264815.8,1763346539999,592175.49804,1115,152489.7,340977.38930,0
1763346540000,2.2368,2.2382,2.2368,2.2374,75400.0,1763346599999,168718.58700,538,38276.1,85637.81937,0
1763346600000,2.2375,2.2392,2.2372,2.2380,129186.0,1763346659999,289162.93332,1239,68968.9,154379.87464,0
1763346660000,2.2381,2.2389,2.2362,2.2365,284268.0,1763346719999,635963.77140,1539,101980.1,228195.06752,0
1763346720000,2.2364,2.2393,2.2363,2.2393,202744.5,1763346779999,453739.22256,1355,100284.6,224443.08903,0
1763346780000,2.2394,2.2405,2.2381,2.2386,297080.8,1763346839999,665366.97676,1422,173803.0,389270.37810,0
1763346840000,2.2386,2.2398,2.2367,2.2382,301906.7,1763346899999,675664.66678,1500,75547.1,169107.86153,0
1763346900000,2.2381,2.2394,2.2380,2.2382,102713.3,1763346959999,229936.48799,759,55656.5,124596.41809,0
1763346960000,2.2382,2.2384,2.2340,2.2346,201507.6,1763347019999,450436.48925,1118,28638.4,64061.70747,0
1763347020000,2.2345,2.2367,2.2341,2.2364,255340.3,1763347079999,570738.14018,1169,153945.7,344143.31258,0
1763347080000,2.2363,2.2370,2.2353,2.2353,218623.6,1763347139999,488872.02727,1233,114446.0,255929.88911,0
1763347140000,2.2354,2.2357,2.2337,2.2350,119644.4,1763347199999,267379.03572,1025,57331.1,128123.68283,0
1763347200000,2.2350,2.2362,2.2345,2.2352,156619.9,1763347259999,350119.95712,842,88506.7,197837.37294,0
1763347260000,2.2352,2.2357,2.2332,2.2345,178864.0,1763347319999,399612.32555,1173,78900.0,176277.43439,0
1763347320000,2.2344,2.2345,2.2329,2.2337,116811.6,1763347379999,260929.92857,937,58773.8,131283.80061,0
1763347380000,2.2336,2.2336,2.2321,2.2331,162998.0,1763347439999,363940.03135,896,99074.1,221200.60471,0
1763347440000,2.2331,2.2350,2.2331,2.2345,180283.4,1763347499999,402739.35415,1243,119137.8,266141.28114,0
1763347500000,2.2346,2.2349,2.2337,2.2341,93394.5,1763347559999,208671.42658,1014,60750.3,135736.22834,0
1763347560000,2.2342,2.2342,2.2316,2.2327,153956.9,1763347619999,343691.98542,1444,55260.2,123357.47397,0
1763347620000,2.2327,2.2327,2.2314,2.2322,123768.5,1763347679999,276247.98058,948,66125.0,147585.03988,0
1763347680000,2.2322,2.2332,2.2322,2.2330,132184.1,1763347739999,295138.77727,841,79192.2,176815.90851,0
1763347740000,2.2330,2.2337,2.2327,2.2332,215891.5,1763347799999,482204.57974,703,174312.1,389338.59815,0
1763347800000,2.2331,2.2333,2.2317,2.2333,134312.1,1763347859999,299863.51673,817,83879.3,187273.91093,0
1763347860000,2.2333,2.2361,2.2328,2.2333,310748.0,1763347919999,694280.37964,1516,169486.4,378651.48699,0
1763347920000,2.2332,2.2361,2.2326,2.2356,119683.5,1763347979999,267431.17960,1005,76252.3,170392.48108,0
1763347980000,2.2355,2.2364,2.2351,2.2354,162287.6,1763348039999,362840.68425,953,95124.8,212686.23605,0
1763348040000,2.2354,2.2365,2.2338,2.2339,82971.7,1763348099999,185481.56242,804,47337.9,105821.70579,0
1763348100000,2.2340,2.2349,2.2334,2.2340,169213.9,1763348159999,378052.75963,1221,84967.8,189847.74562,0
1763348160000,2.2340,2.2350,2.2340,2.2350,47099.6,1763348219999,105248.11836,586,30389.7,67907.45200,0
1763348220000,2.2349,2.2356,2.2340,2.2355,66659.6,1763348279999,148968.56828,681,50295.8,112401.10495,0
1763348280000,2.2355,2.2374,2.2355,2.2373,221586.3,1763348339999,495696.16920,1109,69258.0,154924.22429,0
1763348340000,2.2373,2.2390,2.2369,2.2390,98080.6,1763348399999,219492.87933,748,83824.4,187592.91216,0
1763348400000,2.2389,2.2402,2.2385,2.2389,222563.9,1763348459999,498396.74554,1492,149578.7,334943.56199,0
1763348460000,2.2390,2.2403,2.2385,2.2396,104458.3,1763348519999,233905.84336,1066,66907.6,149819.81994,0
1763348520000,2.2395,2.2420,2.2395,2.2409,706218.0,1763348579999,1582479.60830,2046,590608.8,1323379.14996,0
1763348580000,2.2408,2.2420,2.2395,2.2419,217348.4,1763348639999,487043.95649,1434,121571.9,272422.43564,0
1763348640000,2.2418,2.2430,2.2405,2.2408,189073.6,1763348699999,423840.07023,1323,86307.9,193494.09082,0
1763348700000,2.2408,2.2417,2.2399,2.2416,84326.6,1763348759999,188955.81054,1182,43716.0,97957.82888,0
1763348760000,2.2415,2.2426,2.2401,2.2416,120569.0,1763348819999,270222.10673,1291,63521.5,142372.87262,0
1763348820000,2.2417,2.2437,2.2417,2.2428,308451.5,1763348879999,691839.95199,1607,159493.1,357704.32731,0
1763348880000,2.2428,2.2449,2.2428,2.2442,162632.8,1763348939999,364951.09813,1305,82395.4,184899.37769,0
1763348940000,2.2442,2.2480,2.2429,2.2471,1080363.2,1763348999999,2426167.83343,3211,902690.1,2027137.34437,0
1763349000000,2.2471,2.2595,2.2466,2.2564,4304537.7,1763349059999,9699924.02074,10254,3375175.5,7605899.26615,0
1763349060000,2.2565,2.2565,2.2526,2.2530,622344.9,1763349119999,1403217.25498,2303,298412.2,672682.67354,0
1763349120000,2.2529,2.2567,2.2529,2.2551,433292.1,1763349179999,976968.34344,2294,331404.6,747203.97209,0
1763349180000,2.2551,2.2586,2.2551,2.2569,454154.6,1763349239999,1025027.79162,2310,235329.0,531085.91923,0
1763349240000,2.2568,2.2591,2.2565,2.2590,356040.3,1763349299999,804074.34589,1417,258421.2,583617.77815,0
1763349300000,2.2590,2.2633,2.2590,2.2605,1253632.1,1763349359999,2834145.21429,4619,908925.6,2054773.84065,0
1763349360000,2.2604,2.2617,2.2572,2.2585,638985.1,1763349419999,1443379.86949,2842,294679.6,665646.25030,0
1763349420000,2.2586,2.2593,2.2563,2.2569,382611.9,1763349479999,863941.42983,1899,164209.6,370847.46013,0
1763349480000,2.2570,2.2584,2.2568,2.2579,427412.7,1763349539999,964905.02822,1703,160044.9,361310.71103,0
1763349540000,2.2578,2.2578,2.2545,2.2562,271388.5,1763349599999,612186.39465,1758,123044.4,277542.62702,0
1763349600000,2.2563,2.2583,2.2550,2.2567,438078.3,1763349659999,988566.41965,2089,211883.0,478096.09638,0
1763349660000,2.2567,2.2569,2.2538,2.2567,296355.1,1763349719999,668349.77820,1834,149649.4,337530.00132,0
1763349720000,2.2566,2.2572,2.2555,2.2564,252122.5,1763349779999,568915.21648,1456,97242.5,219418.44602,0
1763349780000,2.2564,2.2604,2.2564,2.2594,457904.2,1763349839999,1034324.49436,2210,323323.0,730233.81648,0
1763349840000,2.2594,2.2606,2.2567,2.2572,232499.2,1763349899999,525235.26592,1565,87003.2,196562.75733,0
1763349900000,2.2572,2.2596,2.2564,2.2564,235321.1,1763349959999,531375.94735,1542,131191.1,296260.15144,0
1763349960000,2.2565,2.2570,2.2541,2.2550,272306.2,1763350019999,614057.12960,1635,172536.5,389066.16227,0
1763350020000,2.2550,2.2554,2.2540,2.2543,250225.4,1763350079999,564093.38129,1295,102778.9,231704.87500,0
1763350080000,2.2544,2.2547,2.2523,2.2529,220013.6,1763350139999,495727.80242,1487,85950.2,193661.32871,0
1763350140000,2.2528,2.2552,2.2528,2.2542,211465.9,1763350199999,476663.54527,1466,160630.2,362083.98393,0
1763350200000,2.2542,2.2560,2.2542,2.2552,158741.4,1763350259999,357981.16771,1329,123368.7,278199.14565,0
1763350260000,2.2552,2.2558,2.2533,2.2536,101555.8,1763350319999,228958.27155,992,48854.6,110132.75559,0
1763350320000,2.2536,2.2541,2.2531,2.2534,129693.2,1763350379999,292263.43824,1010,58972.5,132895.22525,0
1763350380000,2.2534,2.2545,2.2522,2.2539,219551.0,1763350439999,494715.98868,1424,103087.4,232286.41632,0
1763350440000,2.2539,2.2539,2.2514,2.2522,238923.1,1763350499999,538105.58342,1391,66378.6,149504.97998,0
1763350500000,2.2522,2.2552,2.2513,2.2519,447551.1,1763350559999,1008559.54002,2150,258102.0,581608.98975,0
1763350560000,2.2520,2.2546,2.2514,2.2532,256896.5,1763350619999,578871.20432,1561,154319.1,347767.39239,0
1763350620000,2.2532,2.2542,2.2518,2.2518,128415.6,1763350679999,289390.65505,1035,75780.1,170778.34166,0
1763350680000,2.2518,2.2523,2.2502,2.2505,140576.5,1763350739999,316465.66259,1081,27969.5,62977.99231,0
1763350740000,2.2504,2.2508,2.2479,2.2496,1073287.4,1763350799999,2414126.24640,2954,423444.6,952605.12025,0
1763350800000,2.2496,2.2517,2.2491,2.2516,111719.9,1763350859999,251358.56365,813,94589.1,212826.37261,0
1763350860000,2.2516,2.2532,2.2508,2.2531,242688.9,1763350919999,546551.02661,1262,170687.9,384395.46285,0
1763350920000,2.2531,2.2560,2.2531,2.2545,505598.3,1763350979999,1139985.45129,2022,402416.1,907330.14208,0
1763350980000,2.2544,2.2547,2.2529,2.2530,105641.5,1763351039999,238111.64602,872,61194.6,137940.36549,0
1763351040000,2.2529,2.2545,2.2527,2.2539,118042.0,1763351099999,266039.17098,811,74348.4,167567.17030,0
1763351100000,2.2539,2.2546,2.2530,2.2532,116623.5,1763351159999,262835.90395,861,54492.6,122814.25432,0
1763351160000,2.2532,2.2567,2.2532,2.2561,210220.8,1763351219999,474194.12368,1280,130769.8,294940.86533,0
1763351220000,2.2561,2.2566,2.2545,2.2558,115536.9,1763351279999,260610.58803,810,55162.9,124414.60918,0
1763351280000,2.2558,2.2559,2.2532,2.2533,78397.7,1763351339999,176782.13729,712,48122.2,108515.44176,0
1763351340000,2.2533,2.2550,2.2530,2.2545,106693.0,1763351399999,240464.28696,686,75321.9,169743.85353,0
1763351400000,2.2546,2.2564,2.2522,2.2530,217664.3,1763351459999,490776.99026,1332,97801.3,220555.35621,0
1763351460000,2.2529,2.2546,2.2526,2.2540,218237.3,1763351519999,491807.74624,1315,81788.1,184314.25828,0
1763351520000,2.2540,2.2542,2.2530,2.2536,139797.5,1763351579999,315023.33017,959,64933.2,146326.85981,0
1763351580000,2.2537,2.2548,2.2534,2.2535,140685.9,1763351639999,317111.12471,852,62133.9,140049.66966,0
1763351640000,2.2536,2.2537,2.2529,2.2535,51716.9,1763351699999,116540.29726,510,23186.7,52248.83274,0
1763351700000,2.2535,2.2543,2.2525,2.2528,174797.2,1763351759999,393871.84265,1186,49882.6,112397.36565,0
1763351760000,2.2529,2.2554,2.2528,2.2544,73743.7,1763351819999,166255.51155,756,45671.6,102956.21535,0
1763351820000,2.2544,2.2546,2.2528,2.2529,136452.4,1763351879999,307500.07417,829,36035.3,81211.09509,0
1763351880000,2.2530,2.2573,2.2530,2.2563,188604.8,1763351939999,425416.45914,1231,155705.8,351209.53291,0
1763351940000,2.2564,2.2569,2.2559,2.2564,88258.3,1763351999999,199149.29115,703,49065.4,110713.82510,0
1763352000000,2.2564,2.2599,2.2564,2.2592,610848.9,1763352059999,1379784.72463,2594,370852.1,837685.26545,0
1763352060000,2.2592,2.2609,2.2583,2.2600,333217.3,1763352119999,753023.50701,1755,180420.5,407717.02438,0
1763352120000,2.2600,2.2603,2.2578,2.2585,233252.0,1763352179999,526925.45272,1481,75959.2,171605.29818,0
1763352180000,2.2585,2.2600,2.2584,2.2587,113823.1,1763352239999,257125.90879,985,33542.3,75774.19011,0
1763352240000,2.2588,2.2588,2.2552,2.2566,567813.7,1763352299999,1281242.76667,2510,119581.9,269836.70043,0
1763352300000,2.2567,2.2567,2.2525,2.2543,373950.1,1763352359999,842768.31747,2309,147251.7,331861.36314,0
1763352360000,2.2543,2.2556,2.2539,2.2556,238931.9,1763352419999,538733.63793,1632,145212.7,327423.04710,0
1763352420000,2.2557,2.2572,2.2531,2.2567,319721.7,1763352479999,720739.31150,1746,124018.6,279589.53458,0
1763352480000,2.2566,2.2567,2.2549,2.2553,176584.1,1763352539999,398404.16938,1113,87575.9,197573.23010,0
1763352540000,2.2554,2.2558,2.2535,2.2535,90020.0,1763352599999,203006.04534,861,28071.4,63310.46717,0
1763352600000,2.2535,2.2538,2.2522,2.2532,309543.7,1763352659999,697422.12740,1805,143256.4,322764.90596,0
1763352660000,2.2532,2.2534,2.2514,2.2524,219054.6,1763352719999,493370.33226,1604,100329.4,225964.13893,0
1763352720000,2.2525,2.2541,2.2515,2.2516,139827.4,1763352779999,315036.36770,1089,51247.9,115473.52086,0
1763352780000,2.2515,2.2525,2.2500,2.2502,483738.8,1763352839999,1088972.39380,2090,253122.1,569917.74412,0
1763352840000,2.2501,2.2528,2.2498,2.2510,415397.8,1763352899999,935268.99451,2024,327136.0,736574.15520,0
1763352900000,2.2510,2.2525,2.2500,2.2508,164756.7,1763352959999,370919.29947,1428,88171.8,198509.66850,0
1763352960000,2.2509,2.2521,2.2502,2.2512,226893.4,1763353019999,510807.23688,1520,153995.0,346705.85080,0
1763353020000,2.2513,2.2534,2.2501,2.2513,130368.0,1763353079999,293545.76980,1434,65328.1,147102.06837,0
1763353080000,2.2513,2.2517,2.2500,2.2511,137088.6,1763353139999,308567.25937,1014,77052.5,173435.36206,0
1763353140000,2.2511,2.2519,2.2495,2.2507,338053.2,1763353199999,760815.20054,1924,183287.1,412548.39902,0
1763353200000,2.2507,2.2530,2.2506,2.2514,149306.2,1763353259999,336240.11313,1281,90003.9,202683.99084,0
1763353260000,2.2513,2.2517,2.2505,2.2517,202160.7,1763353319999,455127.13063,1104,93921.6,211448.05858,0
1763353320000,2.2517,2.2566,2.2507,2.2566,476407.9,1763353379999,1073615.96324,2092,321674.0,725123.50399,0
1763353380000,2.2566,2.2612,2.2558,2.2564,905282.1,1763353439999,2044621.69890,3513,460392.0,1039929.14527,0
1763353440000,2.2564,2.2599,2.2561,2.2599,212850.7,1763353499999,480600.98295,1462,115626.2,261060.16460,0
1763353500000,2.2599,2.2622,2.2593,2.2598,288758.0,1763353559999,652802.35169,1764,177302.5,400812.34932,0
1763353560000,2.2598,2.2648,2.2594,2.2633,799866.8,1763353619999,1809614.68876,3161,516801.1,1169402.88971,0
1763353620000,2.2633,2.2656,2.2627,2.2651,873294.8,1763353679999,1977397.78180,3197,446127.4,1010062.36561,0
1763353680000,2.2651,2.2667,2.2637,2.2658,357194.3,1763353739999,809142.04590,2123,203057.4,459968.81620,0
1763353740000,2.2658,2.2668,2.2639,2.2640,339786.3,1763353799999,769733.41281,1995,148259.4,335896.80126,0
1763353800000,2.2639,2.2642,2.2627,2.2632,326871.8,1763353859999,739839.03740,1741,189702.7,429362.74188,0
1763353860000,2.2632,2.2637,2.2613,2.2614,172541.9,1763353919999,390284.60673,1373,37315.3,84417.24738,0
1763353920000,2.2614,2.2621,2.2607,2.2609,173643.0,1763353979999,392687.65289,1361,77167.1,174507.61648,0
1763353980000,2.2609,2.2611,2.2563,2.2571,289899.2,1763354039999,654755.47069,1987,115788.9,261461.75548,0
1763354040000,2.2570,2.2575,2.2527,2.2533,243357.4,1763354099999,548829.26063,1950,60589.2,136648.07809,0
1763354100000,2.2533,2.2560,2.2529,2.2549,211383.8,1763354159999,476600.71572,1543,167568.5,377805.19693,0
1763354160000,2.2549,2.2561,2.2543,2.2545,251280.9,1763354219999,566687.38639,1146,184570.8,416256.56383,0
1763354220000,2.2545,2.2553,2.2537,2.2546,119717.9,1763354279999,269908.09682,928,74135.2,167135.75027,0
1763354280000,2.2545,2.2551,2.2540,2.2541,58104.7,1763354339999,130999.81965,638,22804.9,51416.49911,0
1763354340000,2.2540,2.2552,2.2523,2.2534,227183.2,1763354399999,512079.55305,1470,100755.1,227101.71667,0
1763354400000,2.2534,2.2562,2.2533,2.2553,180710.7,1763354459999,407496.36233,1187,100941.7,227624.96187,0
1763354460000,2.2554,2.2566,2.2545,2.2552,196988.1,1763354519999,444314.70958,1340,123953.7,279570.42603,0
1763354520000,2.2553,2.2560,2.2548,2.2560,91751.2,1763354579999,206943.40919,810,64343.3,145125.12161,0
1763354580000,2.2561,2.2573,2.2561,2.2565,161610.7,1763354639999,364702.43181,980,115280.5,260147.25204,0
1763354640000,2.2565,2.2586,2.2555,2.2568,696539.7,1763354699999,1572068.50496,1770,144827.4,326919.59942,0
1763354700000,2.2568,2.2572,2.2553,2.2567,149821.0,1763354759999,338010.65142,1061,66258.5,149486.91209,0
1763354760000,2.2566,2.2566,2.2537,2.2544,66938.8,1763354819999,150926.08938,742,27244.2,61412.81590,0
1763354820000,2.2545,2.2546,2.2534,2.2540,217580.6,1763354879999,490455.42906,1249,103696.8,233739.98302,0
1763354880000,2.2539,2.2549,2.2539,2.2539,72771.9,1763354939999,164056.90537,588,31380.4,70744.11717,0
1763354940000,2.2539,2.2542,2.2526,2.2535,155924.1,1763354999999,351349.12023,923,44140.2,99466.78215,0
1763355000000,2.2535,2.2547,2.2513,2.2514,105543.2,1763355059999,237823.93753,991,33104.0,74615.53799,0
1763355060000,2.2513,2.2536,2.2513,2.2517,253307.0,1763355119999,570506.34144,1400,133581.1,300838.06647,0
1763355120000,2.2516,2.2528,2.2503,2.2524,291773.9,1763355179999,656894.32140,1562,195251.9,439622.95944,0
1763355180000,2.2524,2.2524,2.2502,2.2503,144729.0,1763355239999,325845.85218,880,46536.2,104775.83190,0
1763355240000,2.2502,2.2510,2.2502,2.2508,93285.4,1763355299999,209950.23406,553,59369.1,133616.87221,0
1763355300000,2.2507,2.2510,2.2480,2.2493,943599.2,1763355359999,2122410.56656,3111,424766.9,955563.37954,0
1763355360000,2.2493,2.2499,2.2490,2.2495,127948.5,1763355419999,287810.71184,646,82146.7,184788.27484,0
1763355420000,2.2495,2.2507,2.2494,2.2501,134287.3,1763355479999,302147.20694,775,82559.7,185752.67127,0
1763355480000,2.2500,2.2510,2.2500,2.2506,130187.4,1763355539999,293001.94418,810,75650.0,170259.14707,0
1763355540000,2.2506,2.2514,2.2502,2.2511,120420.6,1763355599999,271046.78031,660,70474.7,158630.93020,0
1763355600000,2.2510,2.2521,2.2506,2.2511,183540.8,1763355659999,413239.66678,1343,119299.7,268613.93060,0
1763355660000,2.2511,2.2522,2.2500,2.2522,135244.0,1763355719999,304422.06745,1007,81713.6,183941.19311,0
1763355720000,2.2522,2.2522,2.2509,2.2509,160408.7,1763355779999,361188.35723,1209,71587.6,161202.78654,0
1763355780000,2.2508,2.2510,2.2490,2.2504,128515.6,1763355839999,289166.70098,1027,45045.7,101352.44893,0
1763355840000,2.2504,2.2510,2.2495,2.2500,132874.5,1763355899999,298979.00854,940,78523.6,176680.79614,0
1763355900000,2.2500,2.2514,2.2490,2.2496,160936.6,1763355959999,362138.84371,1086,72534.8,163214.46182,0
1763355960000,2.2496,2.2505,2.2490,2.2503,198072.2,1763356019999,445588.37573,1188,89390.1,201096.34210,0
1763356020000,2.2502,2.2521,2.2492,2.2493,178569.4,1763356079999,401943.95435,1345,80690.9,181644.76127,0
1763356080000,2.2492,2.2493,2.2462,2.2465,444222.8,1763356139999,998246.07790,2194,186340.5,418759.03786,0
1763356140000,2.2464,2.2466,2.2435,2.2436,1853316.5,1763356199999,4160179.02529,4682,773398.2,1736237.20749,0
1763356200000,2.2435,2.2454,2.2433,2.2453,207811.1,1763356259999,466404.72095,952,162300.8,364274.07734,0
1763356260000,2.2453,2.2454,2.2435,2.2439,290451.9,1763356319999,651851.20966,1635,144402.6,324060.61058,0
1763356320000,2.2439,2.2449,2.2437,2.2448,202448.2,1763356379999,454339.66084,1107,127454.7,286040.36497,0
1763356380000,2.2449,2.2459,2.2448,2.2448,181730.0,1763356439999,408038.53506,1071,120733.9,271086.08498,0
1763356440000,2.2448,2.2460,2.2448,2.2452,181070.9,1763356499999,406566.35986,1017,97317.8,218512.84006,0
1763356500000,2.2452,2.2472,2.2449,2.2453,250586.1,1763356559999,562834.87829,1525,152614.1,342820.62021,0
1763356560000,2.2454,2.2468,2.2439,2.2465,218152.1,1763356619999,489801.38652,1597,130100.3,292105.32926,0
1763356620000,2.2464,2.2488,2.2455,2.2463,760761.7,1763356679999,1709451.05680,2572,221016.6,496662.08195,0
1763356680000,2.2463,2.2476,2.2419,2.2421,314392.3,1763356739999,705918.61855,2040,87345.6,196163.35120,0
1763356740000,2.2421,2.2451,2.2420,2.2448,170371.4,1763356799999,382236.47093,770,109535.1,245751.98725,0
1763356800000,2.2448,2.2457,2.2442,2.2446,156622.5,1763356859999,351617.43302,963,77234.5,173387.91303,0
1763356860000,2.2446,2.2453,2.2424,2.2425,346269.0,1763356919999,777060.63386,1620,170466.8,382580.95676,0
1763356920000,2.2425,2.2429,2.2385,2.2417,922377.6,1763356979999,2066760.14247,3270,458405.3,1027286.02873,0
1763356980000,2.2416,2.2417,2.2410,2.2414,143018.4,1763357039999,320574.25792,799,56388.8,126394.39159,0
1763357040000,2.2413,2.2465,2.2411,2.2465,804228.4,1763357099999,1804067.19128,1264,752670.1,1688395.75224,0
1763357100000,2.2465,2.2485,2.2462,2.2468,322486.9,1763357159999,724836.79474,1373,145238.2,326446.57031,0
1763357160000,2.2468,2.2491,2.2468,2.2489,173314.5,1763357219999,389594.95309,1001,120457.7,270763.75934,0
1763357220000,2.2488,2.2535,2.2484,2.2533,652712.6,1763357279999,1469768.48548,2369,422905.5,952369.95686,0
1763357280000,2.2533,2.2535,2.2513,2.2525,235204.2,1763357339999,529801.21253,1557,61885.1,139387.27158,0
1763357340000,2.2525,2.2539,2.2525,2.2535,104347.2,1763357399999,235126.91065,777,42703.5,96216.36221,0
1763357400000,2.2536,2.2542,2.2516,2.2516,223573.0,1763357459999,503763.47245,1401,87612.6,197424.90334,0
1763357460000,2.2516,2.2541,2.2514,2.2541,83818.0,1763357519999,188829.78133,649,61492.3,138535.99851,0
1763357520000,2.2540,2.2541,2.2514,2.2515,264224.6,1763357579999,595249.12947,1111,98312.8,221449.28961,0
1763357580000,2.2515,2.2523,2.2489,2.2492,154197.8,1763357639999,347078.22788,1087,54253.3,122130.09522,0
1763357640000,2.2493,2.2497,2.2480,2.2492,156367.1,1763357699999,351637.25389,1174,69047.6,155276.73519,0
1763357700000,2.2492,2.2493,2.2470,2.2472,125936.8,1763357759999,283154.20723,668,41004.3,92189.35966,0
1763357760000,2.2473,2.2488,2.2468,2.2473,146464.3,1763357819999,329220.63952,1082,56404.4,126778.01870,0
1763357820000,2.2473,2.2488,2.2464,2.2465,186341.1,1763357879999,418840.03640,1079,69122.2,155369.16586,0
1763357880000,2.2465,2.2470,2.2450,2.2452,87718.4,1763357939999,197025.67785,788,32549.1,73115.01926,0
1763357940000,2.2451,2.2460,2.2429,2.2434,202292.4,1763357999999,454022.53513,1059,83758.0,188004.65763,0
1763358000000,2.2435,2.2446,2.2426,2.2439,123379.8,1763358059999,276816.84785,946,66163.1,148450.64322,0
1763358060000,2.2440,2.2463,2.2439,2.2461,241876.3,1763358119999,543139.55685,848,210826.7,473421.80980,0
1763358120000,2.2460,2.2472,2.2445,2.2472,200624.1,1763358179999,450454.83750,933,65562.1,147217.65091,0
1763358180000,2.2472,2.2479,2.2460,2.2475,84450.2,1763358239999,189758.13446,691,33573.9,75439.09405,0
1763358240000,2.2476,2.2480,2.2468,2.2475,110212.5,1763358299999,247701.53257,701,35534.0,79865.82480,0
1763358300000,2.2475,2.2482,2.2465,2.2473,78717.5,1763358359999,176907.86144,680,40425.2,90845.89144,0
1763358360000,2.2472,2.2498,2.2470,2.2492,396807.0,1763358419999,892139.39551,1469,296943.7,667589.12487,0
1763358420000,2.2493,2.2498,2.2482,2.2483,97618.7,1763358479999,219532.68955,696,50828.2,114311.48477,0
1763358480000,2.2482,2.2486,2.2479,2.2485,76217.4,1763358539999,171356.44771,433,42545.1,95652.01724,0
1763358540000,2.2486,2.2498,2.2478,2.2490,124119.4,1763358599999,279151.90126,825,79506.3,178813.58031,0
1763358600000,2.2491,2.2500,2.2482,2.2489,198526.2,1763358659999,446500.09812,1028,70450.6,158470.31865,0
1763358660000,2.2489,2.2514,2.2489,2.2504,238380.5,1763358719999,536495.06001,1187,156341.2,351838.82385,0
1763358720000,2.2503,2.2508,2.2490,2.2491,116444.2,1763358779999,261993.37784,820,53597.1,120580.86767,0
1763358780000,2.2491,2.2497,2.2490,2.2495,37584.7,1763358839999,84543.16650,389,20713.8,46593.01197,0
1763358840000,2.2494,2.2511,2.2492,2.2510,88449.1,1763358899999,199001.37533,575,73840.6,166137.21414,0
1763358900000,2.2510,2.2524,2.2510,2.2517,181529.7,1763358959999,408769.57093,1006,87372.5,196743.69799,0
1763358960000,2.2517,2.2533,2.2517,2.2525,166474.1,1763359019999,375002.36191,1020,74155.7,167048.51760,0
1763359020000,2.2525,2.2550,2.2524,2.2547,237887.9,1763359079999,536174.41015,1260,170347.9,383934.81001,0
1763359080000,2.2546,2.2548,2.2532,2.2534,81129.6,1763359139999,182858.10871,654,28683.5,64648.10993,0
1763359140000,2.2534,2.2540,2.2518,2.2529,208104.3,1763359199999,468775.96281,946,65247.6,146964.53300,0
1763359200000,2.2529,2.2547,2.2529,2.2542,188597.4,1763359259999,425109.06673,1146,71724.3,161661.48149,0
1763359260000,2.2542,2.2550,2.2527,2.2549,334733.5,1763359319999,754367.92330,1176,118224.1,266445.96927,0
1763359320000,2.2549,2.2556,2.2544,2.2548,179521.9,1763359379999,404820.99587,1089,86700.9,195508.54054,0
1763359380000,2.2549,2.2550,2.2535,2.2543,82074.7,1763359439999,185016.02325,673,38368.4,86489.83456,0
1763359440000,2.2542,2.2552,2.2526,2.2539,134784.5,1763359499999,303796.56399,1121,55947.3,126098.73978,0
1763359500000,2.2539,2.2553,2.2536,2.2538,155177.2,1763359559999,349819.85789,990,52677.3,118753.22675,0
1763359560000,2.2538,2.2561,2.2537,2.2559,163420.2,1763359619999,368537.84313,1047,110732.3,249715.71504,0
1763359620000,2.2560,2.2562,2.2524,2.2540,198520.9,1763359679999,447540.32391,1394,62281.8,140408.32776,0
1763359680000,2.2540,2.2546,2.2529,2.2546,126699.4,1763359739999,285543.84769,746,95492.4,215217.32498,0
1763359740000,2.2546,2.2550,2.2525,2.2530,85818.9,1763359799999,193418.22877,724,23532.2,53028.86386,0
1763359800000,2.2530,2.2542,2.2501,2.2501,246044.3,1763359859999,554053.15086,1593,49994.6,112590.86728,0
1763359860000,2.2501,2.2509,2.2485,2.2495,265579.8,1763359919999,597430.11759,1581,125675.1,282721.20820,0
1763359920000,2.2496,2.2500,2.2483,2.2490,334703.5,1763359979999,752815.68811,1669,130134.5,292710.06696,0
1763359980000,2.2491,2.2508,2.2483,2.2505,260095.0,1763360039999,585049.21987,1441,147049.5,330795.54771,0
1763360040000,2.2505,2.2525,2.2504,2.2525,150192.9,1763360099999,338172.27350,1021,93880.1,211372.23102,0
1763360100000,2.2525,2.2527,2.2502,2.2504,131125.9,1763360159999,295247.82813,1074,28675.1,64570.32261,0
1763360160000,2.2504,2.2554,2.2503,2.2552,196783.7,1763360219999,443208.02889,1241,150139.3,338145.51000,0
1763360220000,2.2552,2.2572,2.2545,2.2572,438126.1,1763360279999,988547.19456,1690,263276.0,594028.00485,0
1763360280000,2.2572,2.2595,2.2565,2.2567,557142.6,1763360339999,1257974.51118,1984,128728.7,290626.19286,0
1763360340000,2.2567,2.2576,2.2559,2.2576,637374.9,1763360399999,1438266.25895,1033,546711.2,1233652.42986,0
1763360400000,2.2575,2.2582,2.2552,2.2557,162346.5,1763360459999,366391.75898,1050,73293.8,165431.94711,0
1763360460000,2.2557,2.2567,2.2542,2.2543,111492.3,1763360519999,251516.37118,816,63820.7,143975.31958,0
1763360520000,2.2543,2.2555,2.2538,2.2541,132371.5,1763360579999,298458.05329,990,57944.8,130646.30757,0
1763360580000,2.2541,2.2558,2.2540,2.2543,181028.7,1763360639999,408155.96879,987,113045.0,254863.11105,0
1763360640000,2.2544,2.2548,2.2538,2.2539,88759.9,1763360699999,200086.96149,602,29281.7,66008.93188,0
1763360700000,2.2540,2.2542,2.2536,2.2542,109377.0,1763360759999,246534.44699,563,52010.8,117233.41610,0
1763360760000,2.2543,2.2560,2.2543,2.2551,125729.3,1763360819999,283573.50267,785,43200.6,97418.71508,0
1763360820000,2.2550,2.2560,2.2543,2.2557,56758.5,1763360879999,127999.36243,613,20408.9,46023.56272,0
1763360880000,2.2556,2.2580,2.2556,2.2579,78146.1,1763360939999,176372.61314,615,30718.1,69325.06672,0
1763360940000,2.2580,2.2624,2.2579,2.2596,1495845.9,1763360999999,3381633.53518,2938,1078649.6,2438401.58815,0
1763361000000,2.2596,2.2602,2.2574,2.2578,403636.7,1763361059999,911871.99298,1793,105667.0,238716.47923,0
1763361060000,2.2579,2.2580,2.2554,2.2555,170136.8,1763361119999,383924.88371,1255,76486.9,172590.96889,0
1763361120000,2.2555,2.2585,2.2553,2.2559,264500.2,1763361179999,596853.54659,1723,163108.7,368050.03009,0
1763361180000,2.2559,2.2560,2.2545,2.2558,132883.7,1763361239999,299687.36983,1119,57038.4,128636.81130,0
1763361240000,2.2558,2.2565,2.2553,2.2553,91540.0,1763361299999,206502.71901,610,37741.1,85140.32672,0
1763361300000,2.2553,2.2557,2.2522,2.2526,140845.0,1763361359999,317411.48856,1063,62745.4,141372.05684,0
1763361360000,2.2527,2.2543,2.2527,2.2540,65543.2,1763361419999,147706.19291,653,39808.5,89708.66750,0
1763361420000,2.2541,2.2546,2.2540,2.2544,68900.2,1763361479999,155322.04208,490,34957.2,78802.88433,0
1763361480000,2.2545,2.2555,2.2542,2.2551,62760.7,1763361539999,141522.31737,511,40280.8,90833.71693,0
1763361540000,2.2552,2.2553,2.2541,2.2541,63771.5,1763361599999,143791.32135,500,14316.7,32281.47263,0
1763361600000,2.2542,2.2558,2.2537,2.2547,484674.2,1763361659999,1092873.14269,1459,89454.0,201668.17521,0
1763361660000,2.2547,2.2554,2.2523,2.2538,1218383.0,1763361719999,2745797.44010,2279,503657.4,1134896.61045,0
1763361720000,2.2538,2.2546,2.2536,2.2543,163312.5,1763361779999,368126.20057,613,58290.1,131400.21524,0
1763361780000,2.2542,2.2542,2.2533,2.2540,107818.8,1763361839999,242998.27765,612,37836.2,85273.39149,0
1763361840000,2.2541,2.2555,2.2541,2.2548,51626.0,1763361899999,116407.54349,458,32331.9,72899.77301,0
1763361900000,2.2547,2.2551,2.2542,2.2548,102620.2,1763361959999,231376.43343,613,47776.8,107718.14833,0
1763361960000,2.2548,2.2568,2.2548,2.2562,142869.2,1763362019999,322341.25730,875,68912.9,155462.90993,0
1763362020000,2.2561,2.2576,2.2561,2.2569,120218.0,1763362079999,271331.48438,836,65144.3,147026.12433,0
1763362080000,2.2568,2.2573,2.2546,2.2557,314899.1,1763362139999,710398.02502,1283,70151.8,158217.64625,0
1763362140000,2.2556,2.2556,2.2544,2.2551,44784.8,1763362199999,100986.42299,406,17386.8,39204.83592,0
1763362200000,2.2551,2.2571,2.2550,2.2570,92609.2,1763362259999,208954.67525,505,48568.2,109571.48687,0
1763362260000,2.2569,2.2594,2.2569,2.2594,144406.2,1763362319999,326153.05967,733,103359.1,233447.10795,0
1763362320000,2.2593,2.2602,2.2593,2.2601,116795.2,1763362379999,263945.48688,579,84210.1,190309.58544,0
1763362380000,2.2601,2.2634,2.2601,2.2634,571181.1,1763362439999,1292265.60393,1645,366591.6,829433.21876,0
1763362440000,2.2634,2.2637,2.2613,2.2617,394779.1,1763362499999,893283.66210,1483,121351.5,274560.36529,0
1763362500000,2.2616,2.2619,2.2607,2.2617,251656.1,1763362559999,569068.56734,909,186561.9,421865.29519,0
1763362560000,2.2616,2.2628,2.2613,2.2626,238282.2,1763362619999,539001.65134,939,89164.4,201709.96202,0
1763362620000,2.2626,2.2628,2.2598,2.2611,174489.2,1763362679999,394531.33493,1027,79575.7,179917.79222,0
1763362680000,2.2611,2.2614,2.2599,2.2607,122299.0,1763362739999,276468.49481,642,67525.1,152638.69608,0
1763362740000,2.2607,2.2607,2.2601,2.2607,73990.3,1763362799999,167250.14125,529,40725.0,92054.55492,0
1763362800000,2.2607,2.2633,2.2606,2.2611,258344.8,1763362859999,584402.76307,1552,146108.9,330480.17380,0
1763362860000,2.2611,2.2628,2.2611,2.2619,213465.0,1763362919999,482832.22330,1120,127746.7,288928.49044,0
1763362920000,2.2619,2.2634,2.2615,2.2628,182394.8,1763362979999,412664.70005,925,124789.9,282346.25852,0
1763362980000,2.2629,2.2637,2.2625,2.2627,117222.7,1763363039999,265268.70667,836,40376.3,91366.75415,0
1763363040000,2.2627,2.2627,2.2617,2.2626,115142.2,1763363099999,260471.42825,698,65110.6,147285.86399,0
1763363100000,2.2626,2.2626,2.2597,2.2598,397450.9,1763363159999,898748.55450,1372,54090.3,122296.96052,0
1763363160000,2.2597,2.2620,2.2594,2.2618,301055.3,1763363219999,680622.05543,735,263077.1,594765.95481,0
1763363220000,2.2617,2.2672,2.2617,2.2641,925755.6,1763363279999,2097047.16138,2679,644689.3,1460520.91139,0
1763363280000,2.2641,2.2645,2.2614,2.2643,606615.2,1763363339999,1372645.01495,1851,426689.9,965509.85971,0
1763363340000,2.2643,2.2644,2.2627,2.2631,149676.7,1763363399999,338751.36188,908,53814.7,121796.95343,0
1763363400000,2.2631,2.2632,2.2610,2.2625,201713.6,1763363459999,456303.45426,1172,51060.5,115493.42855,0
1763363460000,2.2625,2.2637,2.2615,2.2636,153908.0,1763363519999,348247.31938,1096,66434.0,150332.68115,0
1763363520000,2.2636,2.2637,2.2614,2.2627,110466.9,1763363579999,249967.21599,1033,41808.3,94599.69094,0
1763363580000,2.2628,2.2651,2.2624,2.2624,128687.1,1763363639999,291370.50348,1057,58049.3,131426.94528,0
1763363640000,2.2625,2.2645,2.2624,2.2634,190452.7,1763363699999,431070.01646,1145,132189.9,299197.44369,0
1763363700000,2.2633,2.2646,2.2629,2.2639,173645.7,1763363759999,393093.18027,1047,104989.2,237669.41558,0
1763363760000,2.2638,2.2667,2.2629,2.2662,157368.0,1763363819999,356441.80292,1324,91458.9,207155.22432,0
1763363820000,2.2662,2.2691,2.2653,2.2666,595310.2,1763363879999,1349722.02890,2700,372334.8,844240.46914,0
1763363880000,2.2667,2.2672,2.2639,2.2644,277401.3,1763363939999,628379.40615,1701,146548.9,331961.45750,0
1763363940000,2.2644,2.2665,2.2642,2.2657,168831.5,1763363999999,382492.65337,1069,94173.6,213357.46918,0
1763364000000,2.2657,2.2659,2.2649,2.2656,191353.6,1763364059999,433487.66881,927,97429.9,220714.21606,0
1763364060000,2.2656,2.2673,2.2651,2.2653,300142.5,1763364119999,680106.14356,1396,160512.5,363680.84053,0
1763364120000,2.2653,2.2664,2.2642,2.2661,258470.4,1763364179999,585570.07350,1565,112515.4,254889.90012,0
1763364180000,2.2662,2.2673,2.2654,2.2656,207952.5,1763364239999,471362.88920,1059,49404.7,111979.74112,0
1763364240000,2.2657,2.2672,2.2654,2.2658,254589.5,1763364299999,576959.24031,1227,117794.4,266951.44555,0
1763364300000,2.2659,2.2663,2.2648,2.2663,243926.7,1763364359999,552671.96581,1076,69113.2,156598.41960,0
1763364360000,2.2662,2.2664,2.2644,2.2657,125381.7,1763364419999,284066.95517,898,45754.8,103661.37351,0
1763364420000,2.2658,2.2665,2.2652,2.2652,110938.4,1763364479999,251390.01819,771,56418.7,127853.46695,0
1763364480000,2.2652,2.2655,2.2637,2.2651,159132.3,1763364539999,360367.18928,977,47626.9,107855.40722,0
1763364540000,2.2651,2.2651,2.2632,2.2633,178287.3,1763364599999,403642.62534,870,47250.4,106974.57660,0
1763364600000,2.2633,2.2635,2.2621,2.2622,250167.1,1763364659999,566053.32482,941,81120.7,183552.02380,0
1763364660000,2.2621,2.2622,2.2601,2.2612,358507.8,1763364719999,810620.70329,1461,135838.4,307135.03786,0
1763364720000,2.2612,2.2612,2.2585,2.2590,408059.1,1763364779999,922132.02266,1623,75828.1,171352.23378,0
1763364780000,2.2590,2.2601,2.2584,2.2587,257439.9,1763364839999,581631.63931,1124,124528.5,281364.91779,0
1763364840000,2.2587,2.2590,2.2585,2.2589,110004.7,1763364899999,248473.37371,667,24831.6,56090.18664,0
1763364900000,2.2589,2.2610,2.2586,2.2600,315857.9,1763364959999,713916.69047,1333,197371.9,446107.45257,0
1763364960000,2.2601,2.2622,2.2595,2.2600,225436.0,1763365019999,509695.63216,1016,68109.2,153977.23024,0
1763365020000,2.2600,2.2625,2.2600,2.2610,203267.9,1763365079999,459651.64614,1251,146974.2,332350.96782,0
1763365080000,2.2610,2.2621,2.2601,2.2619,146354.2,1763365139999,330905.18826,817,90338.7,204233.29288,0
1763365140000,2.2618,2.2624,2.2607,2.2622,103410.2,1763365199999,233883.62220,814,50357.3,113899.60079,0
1763365200000,2.2622,2.2637,2.2621,2.2633,139412.7,1763365259999,315487.41017,881,65401.4,147998.49406,0
1763365260000,2.2633,2.2642,2.2633,2.2640,145668.7,1763365319999,329760.64305,1165,89335.0,202239.82488,0
1763365320000,2.2640,2.2649,2.2635,2.2648,280351.1,1763365379999,634769.76386,1323,129867.4,294055.06480,0
1763365380000,2.2648,2.2650,2.2641,2.2646,161762.4,1763365439999,366320.68937,875,75384.2,170705.45178,0
1763365440000,2.2647,2.2653,2.2638,2.2642,263579.6,1763365499999,596908.45781,994,102398.7,231864.56623,0
1763365500000,2.2642,2.2648,2.2632,2.2636,242908.8,1763365559999,549946.76641,1064,134020.8,303430.07533,0
1763365560000,2.2636,2.2647,2.2633,2.2646,302159.6,1763365619999,684116.84537,1215,161036.6,364626.70633,0
1763365620000,2.2646,2.2663,2.2633,2.2635,530146.9,1763365679999,1200864.96321,2005,198947.0,450701.33661,0
1763365680000,2.2635,2.2645,2.2616,2.2621,181728.5,1763365739999,411252.67383,1006,56696.3,128302.80296,0
1763365740000,2.2620,2.2646,2.2620,2.2645,155347.6,1763365799999,351632.07134,1033,85166.6,192755.12873,0
1763365800000,2.2645,2.2654,2.2640,2.2650,222365.8,1763365859999,503590.34276,1232,86954.4,196936.05054,0
1763365860000,2.2651,2.2658,2.2641,2.2644,122135.4,1763365919999,276636.82609,833,49230.7,111510.80571,0
1763365920000,2.2643,2.2650,2.2604,2.2609,159909.5,1763365979999,361855.15100,1087,40253.8,91090.98690,0
1763365980000,2.2610,2.2638,2.2610,2.2635,209820.4,1763366039999,474750.31699,983,107504.1,243208.34645,0
1763366040000,2.2636,2.2636,2.2612,2.2617,473248.7,1763366099999,1070583.15444,1748,175227.4,396374.34397,0
1763366100000,2.2617,2.2619,2.2607,2.2614,157859.1,1763366159999,356957.67873,762,89853.5,203174.87290,0
1763366160000,2.2615,2.2624,2.2609,2.2617,120562.0,1763366219999,272654.49875,745,69551.4,157285.10026,0
1763366220000,2.2617,2.2622,2.2613,2.2618,68705.9,1763366279999,155397.53869,526,31419.3,71061.73050,0
1763366280000,2.2619,2.2637,2.2619,2.2631,126854.7,1763366339999,287075.46532,919,62014.1,140332.35306,0
1763366340000,2.2631,2.2635,2.2620,2.2630,214681.6,1763366399999,485778.46017,1051,68870.8,155836.91889,0
1763366400000,2.2631,2.2639,2.2623,2.2628,127040.8,1763366459999,287498.40182,1007,66572.0,150651.56887,0
1763366460000,2.2628,2.2639,2.2621,2.2636,106574.4,1763366519999,241203.51025,760,48859.3,110579.77678,0
1763366520000,2.2635,2.2652,2.2635,2.2646,152346.7,1763366579999,345012.45344,883,68354.2,154796.83239,0
1763366580000,2.2646,2.2660,2.2639,2.2641,223536.1,1763366639999,506297.00748,1138,71808.4,162619.91271,0
1763366640000,2.2641,2.2668,2.2641,2.2668,205881.7,1763366699999,466470.34285,1126,133424.9,302301.80592,0
1763366700000,2.2668,2.2678,2.2650,2.2657,680891.6,1763366759999,1543368.52085,1970,170077.9,385533.74249,0
1763366760000,2.2656,2.2662,2.2649,2.2652,350855.6,1763366819999,794939.39712,1204,113585.1,257342.49134,0
1763366820000,2.2652,2.2652,2.2635,2.2640,219320.6,1763366879999,496643.56453,933,36183.5,81929.16886,0
1763366880000,2.2640,2.2646,2.2617,2.2628,626122.2,1763366939999,1417188.94625,1621,390729.2,884497.51091,0
1763366940000,2.2628,2.2635,2.2613,2.2615,237061.6,1763366999999,536385.54431,1138,55769.7,126161.61064,0
1763367000000,2.2615,2.2629,2.2615,2.2629,264109.7,1763367059999,597444.28470,981,118128.3,267229.36506,0
1763367060000,2.2630,2.2636,2.2621,2.2622,207481.9,1763367119999,469531.97074,773,33457.1,75720.70662,0
1763367120000,2.2622,2.2644,2.2622,2.2634,215814.4,1763367179999,488531.80204,1216,137122.5,310393.93151,0
1763367180000,2.2634,2.2639,2.2624,2.2626,142517.9,1763367239999,322556.35545,602,41427.1,93753.71021,0
1763367240000,2.2626,2.2642,2.2619,2.2623,589823.5,1763367299999,1334861.75787,1394,404080.6,914529.27765,0
1763367300000,2.2624,2.2646,2.2612,2.2645,302149.6,1763367359999,683728.47029,1425,118199.4,267515.28064,0
1763367360000,2.2645,2.2692,2.2642,2.2684,430211.6,1763367419999,975520.10288,1925,260097.5,589807.33399,0
1763367420000,2.2685,2.2698,2.2655,2.2658,478285.5,1763367479999,1084821.31813,2017,146930.5,333173.92816,0
1763367480000,2.2657,2.2684,2.2657,2.2668,256215.9,1763367539999,580965.64577,1240,98135.8,222533.38579,0
1763367540000,2.2668,2.2668,2.2651,2.2664,193159.4,1763367599999,437711.88044,1220,87483.3,198231.27822,0
1763367600000,2.2664,2.2689,2.2664,2.2674,220659.2,1763367659999,500456.15141,1173,90220.6,204608.69146,0
1763367660000,2.2675,2.2713,2.2669,2.2701,804278.4,1763367719999,1825422.84719,2610,413634.0,938869.52632,0
1763367720000,2.2701,2.2708,2.2694,2.2706,443678.3,1763367779999,1007217.95623,1795,170295.5,386601.78923,0
1763367780000,2.2706,2.2712,2.2683,2.2694,1047047.5,1763367839999,2376043.42868,2618,422837.4,959396.58326,0
1763367840000,2.2694,2.2736,2.2689,2.2720,598498.2,1763367899999,1359523.03100,2556,251278.7,570828.19701,0
1763367900000,2.2721,2.2731,2.2698,2.2708,952667.6,1763367959999,2163678.87911,2144,487617.7,1107274.77525,0
1763367960000,2.2708,2.2724,2.2693,2.2712,792162.5,1763368019999,1798956.56701,2532,406678.4,923461.44441,0
1763368020000,2.2711,2.2725,2.2704,2.2724,337626.1,1763368079999,766925.39830,1243,172161.4,391076.86274,0
1763368080000,2.2724,2.2724,2.2703,2.2708,223516.8,1763368139999,507664.36252,908,65350.9,148424.32884,0
1763368140000,2.2707,2.2712,2.2696,2.2697,188688.4,1763368199999,428379.91808,881,34739.1,78873.17502,0
1763368200000,2.2698,2.2707,2.2683,2.2698,439196.0,1763368259999,996874.88928,1510,118702.0,269435.58160,0
1763368260000,2.2699,2.2699,2.2666,2.2685,564521.0,1763368319999,1280479.75965,1871,198522.1,450295.90281,0
1763368320000,2.2685,2.2697,2.2676,2.2682,159395.9,1763368379999,361629.30431,956,60729.8,137777.53848,0
1763368380000,2.2683,2.2686,2.2661,2.2668,219769.7,1763368439999,498298.50692,1183,47461.8,107607.68173,0
1763368440000,2.2667,2.2684,2.2648,2.2667,1319011.7,1763368499999,2989361.68157,2937,929032.0,2105674.29371,0
1763368500000,2.2667,2.2671,2.2659,2.2666,307068.9,1763368559999,696018.27914,1171,85933.5,194787.95933,0
1763368560000,2.2666,2.2668,2.2656,2.2657,155712.2,1763368619999,352874.79665,997,62788.3,142294.92400,0
1763368620000,2.2657,2.2671,2.2654,2.2656,270034.7,1763368679999,612008.35560,1326,82547.4,187090.42497,0
1763368680000,2.2655,2.2683,2.2655,2.2683,106558.6,1763368739999,241547.27726,865,45782.6,103792.88407,0
1763368740000,2.2683,2.2688,2.2680,2.2684,112455.7,1763368799999,255087.73681,956,71900.1,163095.54067,0
1763368800000,2.2685,2.2685,2.2661,2.2667,326741.7,1763368859999,740722.89196,1257,45565.5,103307.86346,0
1763368860000,2.2667,2.2676,2.2667,2.2675,67961.9,1763368919999,154080.12950,593,42583.7,96541.48534,0
1763368920000,2.2674,2.2680,2.2663,2.2664,208422.3,1763368979999,472510.24767,1000,33551.1,76057.58656,0
1763368980000,2.2663,2.2664,2.2652,2.2656,103028.5,1763369039999,233443.02456,591,26743.2,60596.04931,0
1763369040000,2.2656,2.2660,2.2652,2.2656,96162.2,1763369099999,217870.67337,519,32876.7,74489.24869,0
1763369100000,2.2656,2.2658,2.2650,2.2658,186843.1,1763369159999,423276.59474,846,121619.5,275523.66821,0
1763369160000,2.2657,2.2664,2.2654,2.2656,195432.5,1763369219999,442839.11323,933,97143.4,220136.15858,0
1763369220000,2.2657,2.2661,2.2652,2.2657,93934.2,1763369279999,212830.07881,717,57723.8,130784.82949,0
1763369280000,2.2656,2.2657,2.2634,2.2652,497016.5,1763369339999,1125611.31320,1999,246056.8,557296.77554,0
1763369340000,2.2651,2.2671,2.2650,2.2667,143672.2,1763369399999,325562.54569,987,69103.9,156597.31067,0
1763369400000,2.2667,2.2693,2.2667,2.2680,179998.7,1763369459999,408345.27521,1188,74012.3,167895.16994,0
1763369460000,2.2680,2.2685,2.2672,2.2676,77715.2,1763369519999,176252.58855,804,47344.1,107373.58052,0
1763369520000,2.2677,2.2684,2.2669,2.2669,151686.9,1763369579999,344020.56925,889,89611.3,203246.60579,0
1763369580000,2.2669,2.2669,2.2650,2.2651,148090.2,1763369639999,335587.87283,821,22866.9,51820.53679,0
1763369640000,2.2650,2.2652,2.2645,2.2651,119155.6,1763369699999,269873.55484,621,32490.3,73587.16553,0
1763369700000,2.2651,2.2669,2.2649,2.2667,73753.3,1763369759999,167114.01971,527,37525.8,85021.82567,0
1763369760000,2.2667,2.2673,2.2664,2.2665,104197.5,1763369819999,236196.38343,468,54603.2,123775.54304,0
1763369820000,2.2664,2.2666,2.2657,2.2659,116504.0,1763369879999,264011.72075,770,66837.0,151459.57351,0
1763369880000,2.2659,2.2659,2.2638,2.2652,303503.0,1763369939999,687317.31462,1149,86187.9,195201.65742,0
1763369940000,2.2652,2.2655,2.2638,2.2654,210491.8,1763369999999,476677.00616,883,82222.8,186218.51418,0
1763370000000,2.2654,2.2671,2.2651,2.2653,144907.6,1763370059999,328362.36806,1033,34409.0,77970.88661,0
1763370060000,2.2653,2.2653,2.2606,2.2607,347993.1,1763370119999,787314.86033,1565,159654.6,361144.73107,0
1763370120000,2.2606,2.2611,2.2577,2.2578,965772.7,1763370179999,2182388.11941,3205,561737.6,1269459.80345,0
1763370180000,2.2578,2.2607,2.2577,2.2606,487420.9,1763370239999,1101270.30027,1681,406320.9,917989.26980,0
1763370240000,2.2606,2.2620,2.2604,2.2616,171185.7,1763370299999,387107.13557,993,60672.7,137198.84655,0
1763370300000,2.2615,2.2624,2.2614,2.2622,224821.1,1763370359999,508545.46158,926,82263.5,186084.03343,0
1763370360000,2.2623,2.2625,2.2606,2.2608,178584.2,1763370419999,403843.49998,924,84170.7,190328.57669,0
1763370420000,2.2608,2.2611,2.2597,2.2608,260270.4,1763370479999,588315.50312,1213,140777.0,318217.82158,0
1763370480000,2.2609,2.2631,2.2607,2.2631,176477.8,1763370539999,399122.55406,967,129605.9,293125.32436,0
1763370540000,2.2631,2.2671,2.2630,2.2670,311337.1,1763370599999,705124.16414,1342,209948.1,475501.10267,0
1763370600000,2.2670,2.2715,2.2670,2.2688,924111.6,1763370659999,2096832.26688,2687,504230.0,1143821.54766,0
1763370660000,2.2688,2.2724,2.2680,2.2703,838390.0,1763370719999,1903751.97810,3178,286385.7,650258.82072,0
1763370720000,2.2704,2.2720,2.2697,2.2707,294176.0,1763370779999,667989.90712,1474,112970.0,256520.33715,0
1763370780000,2.2707,2.2725,2.2706,2.2717,290573.4,1763370839999,660098.12879,1260,109682.6,249145.16791,0
1763370840000,2.2718,2.2735,2.2717,2.2722,477606.9,1763370899999,1085447.77087,1539,209641.9,476428.22401,0
1763370900000,2.2723,2.2747,2.2721,2.2727,638040.9,1763370959999,1450730.90706,2389,256034.6,582168.26315,0
1763370960000,2.2728,2.2746,2.2721,2.2745,536023.0,1763371019999,1218476.63125,1853,189165.9,430011.84347,0
1763371020000,2.2745,2.2772,2.2744,2.2765,1267181.0,1763371079999,2884072.75902,3846,811428.3,1846850.56038,0
1763371080000,2.2765,2.2780,2.2748,2.2768,637308.3,1763371139999,1450789.86412,2745,321726.7,732404.32429,0
1763371140000,2.2767,2.2778,2.2747,2.2756,410845.5,1763371199999,935112.23013,1954,199601.8,454331.74796,0
1763371200000,2.2755,2.2764,2.2749,2.2763,286287.9,1763371259999,651503.76962,1273,103237.5,234937.25938,0
1763371260000,2.2763,2.2768,2.2751,2.2756,136847.5,1763371319999,311455.12078,1028,65792.9,149740.18345,0
1763371320000,2.2756,2.2764,2.2752,2.2762,121890.5,1763371379999,277389.74118,1031,86749.5,197418.12438,0
1763371380000,2.2761,2.2762,2.2752,2.2755,87165.2,1763371439999,198374.11657,670,30773.0,70034.15172,0
1763371440000,2.2755,2.2765,2.2754,2.2761,149296.4,1763371499999,339796.97368,950,102258.5,232741.21352,0
1763371500000,2.2762,2.2763,2.2746,2.2749,179674.9,1763371559999,408830.43270,940,42925.0,97669.48911,0
1763371560000,2.2749,2.2754,2.2745,2.2745,76199.4,1763371619999,173354.77155,727,44152.3,100447.66897,0
1763371620000,2.2746,2.2750,2.2740,2.2746,82709.7,1763371679999,188116.17024,725,29002.4,65961.52108,0
1763371680000,2.2747,2.2751,2.2736,2.2744,104591.0,1763371739999,237857.80534,779,35885.9,81616.71037,0
1763371740000,2.2745,2.2751,2.2742,2.2747,83846.4,1763371799999,190724.35515,598,38259.5,87028.09866,0
1763371800000,2.2747,2.2761,2.2747,2.2757,151665.8,1763371859999,345092.15191,844,116438.9,264945.07679,0
1763371860000,2.2758,2.2770,2.2755,2.2764,152899.5,1763371919999,348052.55338,919,110633.8,251846.04116,0
1763371920000,2.2764,2.2779,2.2763,2.2778,97185.7,1763371979999,221312.09702,753,80541.3,183408.82121,0
1763371980000,2.2778,2.2833,2.2775,2.2799,2677572.9,1763372039999,6104457.21990,6174,1682266.9,3835218.21772,0
1763372040000,2.2799,2.2805,2.2791,2.2791,409968.0,1763372099999,934675.98118,1433,209086.3,476689.06274,0
1763372100000,2.2791,2.2792,2.2750,2.2754,580664.5,1763372159999,1322023.91073,1995,161276.5,367113.57592,0
1763372160000,2.2754,2.2773,2.2749,2.2749,625982.1,1763372219999,1424949.52646,2088,416705.4,948612.98146,0
1763372220000,2.2750,2.2752,2.2730,2.2732,305751.8,1763372279999,695274.36971,1498,57150.2,129973.58225,0
1763372280000,2.2733,2.2749,2.2720,2.2738,735294.9,1763372339999,1671953.80483,2104,522751.5,1188669.26076,0
1763372340000,2.2739,2.2739,2.2726,2.2726,188498.0,1763372399999,428472.26591,1016,35754.6,81274.46817,0
1763372400000,2.2727,2.2744,2.2724,2.2744,144669.1,1763372459999,328890.73949,824,67843.5,154239.40319,0
1763372460000,2.2745,2.2745,2.2733,2.2743,108559.6,1763372519999,246855.64926,738,51197.0,116416.62222,0
1763372520000,2.2743,2.2753,2.2734,2.2753,151952.4,1763372579999,345640.13304,990,53851.3,122493.70698,0
1763372580000,2.2753,2.2777,2.2752,2.2775,146683.4,1763372639999,333963.48453,1120,73429.2,167168.31798,0
1763372640000,2.2776,2.2777,2.2759,2.2763,207953.9,1763372699999,473487.18504,909,105045.1,239193.91899,0
1763372700000,2.2763,2.2768,2.2739,2.2745,257154.4,1763372759999,585000.03496,1055,89848.5,204396.18240,0
1763372760000,2.2745,2.2749,2.2743,2.2749,85667.3,1763372819999,194860.29957,652,44895.8,102120.21305,0
1763372820000,2.2749,2.2763,2.2738,2.2742,291565.9,1763372879999,663285.94728,1552,151140.1,343872.38472,0
1763372880000,2.2741,2.2743,2.2726,2.2727,116303.9,1763372939999,264418.66466,954,31519.6,71662.43714,0
1763372940000,2.2728,2.2733,2.2720,2.2721,182665.6,1763372999999,415083.08164,806,25316.8,57532.50868,0
1763373000000,2.2720,2.2726,2.2696,2.2696,335246.3,1763373059999,761271.31847,1558,75661.4,171815.75235,0
1763373060000,2.2696,2.2717,2.2696,2.2712,399419.5,1763373119999,907024.06868,1403,286188.6,649912.11538,0
1763373120000,2.2712,2.2723,2.2707,2.2707,130190.6,1763373179999,295742.47604,914,56769.7,128962.89692,0
1763373180000,2.2707,2.2709,2.2700,2.2700,120977.9,1763373239999,274692.08051,754,29252.1,66420.44641,0
1763373240000,2.2700,2.2706,2.2695,2.2705,302805.5,1763373299999,687387.27401,1268,108716.8,246805.30879,0
1763373300000,2.2706,2.2722,2.2706,2.2717,123187.5,1763373359999,279821.93716,680,56775.1,128957.40425,0
1763373360000,2.2717,2.2724,2.2715,2.2723,61937.8,1763373419999,140719.15482,575,33167.3,75356.49019,0
1763373420000,2.2723,2.2728,2.2712,2.2713,135822.8,1763373479999,308551.98195,694,51765.7,117604.55912,0
1763373480000,2.2713,2.2716,2.2707,2.2709,89874.3,1763373539999,204110.95739,548,42768.3,97127.34113,0
1763373540000,2.2710,2.2728,2.2709,2.2728,99514.5,1763373599999,226118.80186,623,65152.9,148042.96252,0
1763373600000,2.2727,2.2733,2.2720,2.2724,269266.4,1763373659999,611937.70440,1120,113204.9,257273.38268,0
1763373660000,2.2724,2.2735,2.2723,2.2735,199976.1,1763373719999,454469.30297,991,88090.5,200197.11142,0
1763373720000,2.2735,2.2751,2.2734,2.2747,185750.7,1763373779999,422517.73975,1109,97253.4,221217.07772,0
1763373780000,2.2746,2.2751,2.2719,2.2732,218973.6,1763373839999,497775.07846,1172,88650.0,201508.77265,0
1763373840000,2.2733,2.2736,2.2720,2.2721,86930.4,1763373899999,197583.78806,868,26627.2,60522.00260,0
1763373900000,2.2721,2.2722,2.2713,2.2714,112023.4,1763373959999,254504.07918,630,27031.1,61411.54616,0
1763373960000,2.2714,2.2714,2.2697,2.2713,182239.4,1763374019999,413791.50170,1032,64536.1,146528.23039,0
1763374020000,2.2713,2.2718,2.2707,2.2714,91044.8,1763374079999,206788.90808,661,44548.8,101181.90705,0
1763374080000,2.2715,2.2739,2.2713,2.2736,110824.4,1763374139999,251931.30693,702,56523.2,128485.79992,0
1763374140000,2.2737,2.2763,2.2735,2.2740,382036.0,1763374199999,869043.65493,1686,165682.0,376866.78501,0
1763374200000,2.2740,2.2742,2.2723,2.2727,129608.6,1763374259999,294620.72411,888,66767.5,151775.21270,0
1763374260000,2.2726,2.2744,2.2723,2.2740,152951.4,1763374319999,347728.19293,852,103042.6,234272.64092,0
1763374320000,2.2740,2.2765,2.2740,2.2759,203772.0,1763374379999,463669.05491,1258,113199.8,257569.50533,0
1763374380000,2.2759,2.2767,2.2757,2.2763,105635.0,1763374439999,240454.98200,704,65197.6,148406.98882,0
1763374440000,2.2763,2.2770,2.2760,2.2769,79956.8,1763374499999,182010.55680,653,50037.3,113908.23457,0
1763374500000,2.2769,2.2770,2.2751,2.2767,238698.6,1763374559999,543293.77058,1158,75557.7,171974.16503,0
1763374560000,2.2766,2.2772,2.2760,2.2769,65705.7,1763374619999,149597.15354,720,33125.7,75419.74095,0
1763374620000,2.2769,2.2774,2.2758,2.2768,100617.7,1763374679999,229065.31176,823,58359.3,132858.31920,0
1763374680000,2.2768,2.2769,2.2755,2.2756,72132.1,1763374739999,164186.82756,809,21327.8,48544.88862,0
1763374740000,2.2756,2.2756,2.2739,2.2743,115337.4,1763374799999,262349.75968,804,40510.0,92133.90874,0
1763374800000,2.2743,2.2743,2.2717,2.2725,122879.6,1763374859999,279275.12632,1029,42432.9,96423.65223,0
1763374860000,2.2724,2.2725,2.2704,2.2705,109452.9,1763374919999,248593.78570,819,30881.8,70134.11504,0
1763374920000,2.2705,2.2714,2.2702,2.2710,154382.8,1763374979999,350571.92568,875,87977.6,199780.30675,0
1763374980000,2.2710,2.2723,2.2710,2.2717,77220.8,1763375039999,175426.41215,592,25919.8,58880.33991,0
1763375040000,2.2718,2.2718,2.2692,2.2710,347059.7,1763375099999,787981.89847,1190,98172.4,222883.85210,0
1763375100000,2.2711,2.2730,2.2707,2.2727,222169.4,1763375159999,504645.35390,901,170828.2,388011.75016,0
1763375160000,2.2728,2.2739,2.2721,2.2734,168335.1,1763375219999,382643.99169,989,95092.6,216134.74253,0
1763375220000,2.2733,2.2733,2.2710,2.2710,66024.3,1763375279999,150022.13698,590,10718.1,24359.28200,0
1763375280000,2.2711,2.2714,2.2677,2.2678,247543.9,1763375339999,561764.93783,1128,76021.4,172525.10577,0
1763375340000,2.2678,2.2678,2.2649,2.2671,635165.1,1763375399999,1439383.10827,1893,350897.8,795203.96682,0
1763375400000,2.2670,2.2677,2.2656,2.2659,328563.5,1763375459999,744661.83079,1626,150288.5,340626.41627,0
1763375460000,2.2659,2.2668,2.2651,2.2666,125733.5,1763375519999,284909.49001,819,52595.7,119187.64335,0
1763375520000,2.2666,2.2687,2.2665,2.2670,163639.1,1763375579999,371129.97211,883,103088.0,233786.48859,0
1763375580000,2.2671,2.2691,2.2670,2.2690,201010.5,1763375639999,455875.87161,974,135080.7,306360.10819,0
1763375640000,2.2691,2.2705,2.2688,2.2700,262041.2,1763375699999,594772.31517,1125,124154.8,281789.76339,0
1763375700000,2.2700,2.2720,2.2694,2.2717,150320.6,1763375759999,341361.48487,913,88450.9,200853.93322,0
1763375760000,2.2716,2.2723,2.2707,2.2715,99948.2,1763375819999,227024.73325,796,43572.1,98974.71039,0
1763375820000,2.2715,2.2730,2.2715,2.2728,167286.9,1763375879999,380172.55929,818,118613.2,269556.40644,0
1763375880000,2.2727,2.2728,2.2712,2.2718,153270.4,1763375939999,348196.77048,800,82968.2,188478.82334,0
1763375940000,2.2719,2.2733,2.2716,2.2732,124546.6,1763375999999,283049.61043,677,87335.1,198495.80034,0
1763376000000,2.2732,2.2735,2.2728,2.2731,73353.4,1763376059999,166748.48737,712,31970.9,72678.19340,0
1763376060000,2.2730,2.2732,2.2724,2.2728,127521.0,1763376119999,289845.04111,792,34047.6,77387.27399,0
1763376120000,2.2728,2.2730,2.2715,2.2716,85854.1,1763376179999,195086.59248,626,26218.4,59578.23034,0
1763376180000,2.2717,2.2723,2.2704,2.2716,129616.4,1763376239999,294377.62354,838,25113.2,57044.52381,0
1763376240000,2.2717,2.2726,2.2708,2.2726,177133.8,1763376299999,402433.94244,881,54868.4,124650.31639,0
1763376300000,2.2726,2.2757,2.2725,2.2757,168627.9,1763376359999,383408.62064,963,103713.5,235808.14172,0
1763376360000,2.2757,2.2768,2.2755,2.2768,218151.2,1763376419999,496526.75928,1064,79100.0,180041.32269,0
1763376420000,2.2767,2.2768,2.2752,2.2759,210582.3,1763376479999,479262.80205,1045,72440.9,164869.75092,0
1763376480000,2.2760,2.2761,2.2744,2.2746,199783.6,1763376539999,454546.59877,892,51223.2,116537.89619,0
1763376540000,2.2747,2.2751,2.2738,2.2745,146579.9,1763376599999,333393.69501,944,54205.7,123289.23131,0
1763376600000,2.2745,2.2752,2.2720,2.2722,168124.8,1763376659999,382332.18975,1070,35860.5,81543.23728,0
1763376660000,2.2723,2.2727,2.2709,2.2716,228857.6,1763376719999,519945.52016,1167,59862.6,135998.25070,0
1763376720000,2.2717,2.2724,2.2709,2.2724,60248.1,1763376779999,136853.56655,653,22223.6,50481.44380,0
1763376780000,2.2723,2.2725,2.2713,2.2714,54237.1,1763376839999,123217.48077,472,8522.9,19363.76451,0
1763376840000,2.2713,2.2720,2.2700,2.2709,116932.4,1763376899999,265567.07108,806,55396.7,125817.54637,0
1763376900000,2.2709,2.2712,2.2697,2.2711,84370.5,1763376959999,191574.70270,737,38097.8,86512.33307,0
1763376960000,2.2711,2.2719,2.2701,2.2701,253013.8,1763377019999,574648.71430,897,80843.8,183595.10962,0
1763377020000,2.2702,2.2726,2.2702,2.2726,93695.8,1763377079999,212886.18893,575,48991.9,111307.61736,0
1763377080000,2.2726,2.2728,2.2719,2.2722,56482.6,1763377139999,128352.80132,553,19714.8,44798.98634,0
1763377140000,2.2722,2.2725,2.2718,2.2723,33792.1,1763377199999,76782.69796,404,17079.1,38806.63428,0
1763377200000,2.2723,2.2734,2.2720,2.2721,130735.8,1763377259999,297126.97219,911,90226.6,205062.83083,0
1763377260000,2.2720,2.2721,2.2702,2.2709,155578.4,1763377319999,353313.24026,1127,61497.5,139654.63906,0
1763377320000,2.2710,2.2715,2.2701,2.2708,199793.2,1763377379999,453680.25332,1124,48992.3,111246.50749,0
1763377380000,2.2709,2.2710,2.2700,2.2707,85466.4,1763377439999,194043.83956,701,31209.3,70858.17321,0
1763377440000,2.2706,2.2717,2.2706,2.2716,59006.1,1763377499999,134005.77299,513,33674.3,76480.92244,0
1763377500000,2.2717,2.2718,2.2695,2.2700,238634.1,1763377559999,541766.03234,951,115924.1,263135.88986,0
1763377560000,2.2700,2.2706,2.2694,2.2694,176648.5,1763377619999,401007.33904,630,107483.5,244009.87643,0
1763377620000,2.2695,2.2718,2.2694,2.2717,116697.9,1763377679999,264943.33716,722,88778.9,201554.76155,0
1763377680000,2.2717,2.2724,2.2707,2.2720,87119.7,1763377739999,197915.79555,711,41023.6,93197.25978,0
1763377740000,2.2721,2.2740,2.2720,2.2740,111845.6,1763377799999,254223.15738,930,57283.1,130208.14327,0
1763377800000,2.2740,2.2760,2.2730,2.2738,385622.3,1763377859999,877294.19449,1559,136799.6,311211.21421,0
1763377860000,2.2738,2.2746,2.2738,2.2744,91839.8,1763377919999,208865.02842,662,47685.0,108444.99266,0
1763377920000,2.2743,2.2745,2.2734,2.2744,126441.7,1763377979999,287488.27873,824,58486.8,132983.69722,0
1763377980000,2.2744,2.2747,2.2732,2.2742,90065.4,1763378039999,204810.42948,711,39560.2,89957.55011,0
1763378040000,2.2742,2.2752,2.2741,2.2750,63302.7,1763378099999,144000.44175,503,30994.3,70504.63741,0
1763378100000,2.2749,2.2764,2.2749,2.2759,218669.0,1763378159999,497683.81514,996,107910.5,245593.44563,0
1763378160000,2.2759,2.2774,2.2754,2.2765,373225.3,1763378219999,849612.59768,1598,136948.3,311723.06215,0
1763378220000,2.2766,2.2772,2.2746,2.2749,181995.5,1763378279999,414195.24716,1106,47011.0,106992.83169,0
1763378280000,2.2750,2.2754,2.2738,2.2752,250824.6,1763378339999,570535.99061,1146,94585.0,215154.86191,0
1763378340000,2.2751,2.2772,2.2749,2.2770,80305.1,1763378399999,182790.22611,730,39171.1,89158.90643,0
1763378400000,2.2770,2.2770,2.2761,2.2763,140330.8,1763378459999,319463.28732,625,30754.7,70011.64776,0
1763378460000,2.2763,2.2764,2.2693,2.2708,1570423.0,1763378519999,3567448.39487,3184,769473.8,1747550.73911,0
1763378520000,2.2708,2.2717,2.2704,2.2713,172149.2,1763378579999,390956.15994,993,92689.3,210498.70597,0
1763378580000,2.2713,2.2718,2.2702,2.2706,159076.5,1763378639999,361231.85186,840,52527.5,119285.13970,0
1763378640000,2.2705,2.2713,2.2702,2.2710,63375.4,1763378699999,143914.47604,594,30346.0,68908.52065,0
1763378700000,2.2709,2.2714,2.2695,2.2706,207480.2,1763378759999,471053.79364,995,39467.4,89612.95865,0
1763378760000,2.2707,2.2714,2.2701,2.2704,63612.4,1763378819999,144452.44474,651,24542.0,55734.54192,0
1763378820000,2.2705,2.2706,2.2700,2.2702,242577.2,1763378879999,550729.61807,665,138651.4,314787.54438,0
1763378880000,2.2703,2.2715,2.2703,2.2707,138644.7,1763378939999,314852.55364,764,55076.7,125083.02087,0
1763378940000,2.2708,2.2714,2.2702,2.2712,81512.7,1763378999999,185086.89132,634,39961.3,90738.44315,0
1763379000000,2.2711,2.2721,2.2707,2.2721,124746.3,1763379059999,283359.01544,1005,53998.7,122658.26867,0
1763379060000,2.2721,2.2747,2.2720,2.2744,433312.1,1763379119999,985165.26932,1568,305538.4,694613.05813,0
1763379120000,2.2743,2.2746,2.2732,2.2745,113963.3,1763379179999,259104.18395,867,36536.5,83067.01572,0
1763379180000,2.2746,2.2762,2.2738,2.2754,553926.5,1763379239999,1260132.06959,1877,380107.7,864701.52327,0
1763379240000,2.2754,2.2770,2.2745,2.2757,492411.9,1763379299999,1120734.53733,1699,250142.6,569299.35362,0
1763379300000,2.2758,2.2758,2.2742,2.2742,139317.0,1763379359999,316966.98330,864,63245.1,143887.46318,0
1763379360000,2.2743,2.2746,2.2734,2.2739,188496.2,1763379419999,428676.45010,1083,61461.2,139775.99307,0
1763379420000,2.2739,2.2746,2.2725,2.2728,211574.6,1763379479999,481011.75099,1080,71848.4,163352.28143,0
1763379480000,2.2728,2.2736,2.2722,2.2723,91247.0,1763379539999,207389.52586,802,56357.0,128094.11027,0
1763379540000,2.2722,2.2723,2.2706,2.2715,171648.2,1763379599999,389822.18694,927,97947.3,222436.97087,0
1763379600000,2.2715,2.2715,2.2681,2.2685,436863.7,1763379659999,991390.54499,1393,260774.4,591779.06816,0
1763379660000,2.2686,2.2695,2.2680,2.2681,392847.6,1763379719999,891213.25089,1501,153001.4,347102.25104,0
1763379720000,2.2680,2.2695,2.2680,2.2694,136426.2,1763379779999,309525.15917,886,100317.4,227606.89165,0
1763379780000,2.2694,2.2694,2.2681,2.2687,197202.8,1763379839999,447387.61172,930,63473.9,144003.32064,0
1763379840000,2.2687,2.2688,2.2671,2.2681,270727.0,1763379899999,613997.93075,1032,131181.6,297516.65877,0
1763379900000,2.2680,2.2686,2.2662,2.2664,582824.4,1763379959999,1321296.21921,1954,337744.5,765641.08202,0
1763379960000,2.2663,2.2679,2.2655,2.2666,504053.8,1763380019999,1142588.46968,1954,286464.6,649428.81366,0
1763380020000,2.2667,2.2679,2.2657,2.2679,375610.0,1763380079999,851459.44199,1479,210475.8,477143.19975,0
1763380080000,2.2679,2.2685,2.2654,2.2655,444775.8,1763380139999,1008245.26672,1649,129748.3,294146.20645,0
1763380140000,2.2654,2.2687,2.2653,2.2685,338161.1,1763380199999,766796.26932,1472,222151.4,503726.45410,0
1763380200000,2.2684,2.2693,2.2682,2.2692,105992.5,1763380259999,240463.13016,663,54203.4,122971.39253,0
1763380260000,2.2692,2.2720,2.2692,2.2720,255593.5,1763380319999,580290.80683,1027,142625.8,323834.27151,0
1763380320000,2.2720,2.2728,2.2700,2.2710,186945.7,1763380379999,424634.44082,854,78974.5,179377.36814,0
1763380380000,2.2709,2.2710,2.2698,2.2699,65616.0,1763380439999,148976.25006,549,6363.3,14448.36605,0
1763380440000,2.2698,2.2711,2.2692,2.2698,67836.8,1763380499999,154005.66173,712,32129.2,72936.02989,0
1763380500000,2.2697,2.2703,2.2696,2.2699,102526.0,1763380559999,232732.82353,501,26133.9,59320.95694,0
1763380560000,2.2699,2.2704,2.2691,2.2692,135204.4,1763380619999,306864.19365,853,48553.0,110191.16994,0
1763380620000,2.2691,2.2701,2.2686,2.2695,96504.6,1763380679999,218997.38340,735,36679.7,83238.19645,0
1763380680000,2.2696,2.2702,2.2689,2.2699,38512.6,1763380739999,87404.64124,593,21623.7,49073.24800,0
1763380740000,2.2700,2.2708,2.2699,2.2707,26676.5,1763380799999,60569.00494,382,19983.9,45373.64608,0
1763380800000,2.2707,2.2713,2.2695,2.2697,249042.9,1763380859999,565459.82166,1232,71252.9,161779.69121,0
1763380860000,2.2697,2.2700,2.2679,2.2687,168487.1,1763380919999,382292.99502,1026,39438.4,89478.13277,0
1763380920000,2.2687,2.2693,2.2677,2.2683,241547.8,1763380979999,547965.41778,1156,150365.8,341134.42762,0
1763380980000,2.2684,2.2688,2.2672,2.2688,106355.9,1763381039999,241217.58093,908,53495.3,121323.16478,0
1763381040000,2.2688,2.2692,2.2679,2.2683,109913.9,1763381099999,249359.61928,904,54767.2,124263.87804,0
1763381100000,2.2683,2.2697,2.2683,2.2694,102953.5,1763381159999,233618.71836,914,58335.7,132365.58167,0
1763381160000,2.2693,2.2711,2.2693,2.2710,143615.1,1763381219999,326062.61907,1066,115220.4,261593.14551,0
1763381220000,2.2710,2.2711,2.2697,2.2710,156773.6,1763381279999,355955.06072,1126,58988.9,133932.60609,0
1763381280000,2.2709,2.2710,2.2674,2.2680,820756.9,1763381339999,1862322.79158,2325,269974.9,612485.02721,0
1763381340000,2.2679,2.2679,2.2656,2.2661,353889.3,1763381399999,802120.27872,1791,111787.8,253373.54466,0
1763381400000,2.2661,2.2670,2.2652,2.2666,755870.8,1763381459999,1712890.53902,2507,370434.5,839454.59445,0
1763381460000,2.2666,2.2669,2.2647,2.2666,880588.1,1763381519999,1995284.35478,2967,367101.8,831834.06693,0
1763381520000,2.2666,2.2667,2.2639,2.2639,485486.2,1763381579999,1099563.15852,1822,188705.2,427398.13483,0
1763381580000,2.2639,2.2643,2.2621,2.2631,423245.0,1763381639999,957859.07431,1836,239980.3,543111.18608,0
1763381640000,2.2632,2.2640,2.2629,2.2635,245573.3,1763381699999,555846.61472,1026,147682.4,334288.24013,0
1763381700000,2.2634,2.2658,2.2634,2.2649,261561.2,1763381759999,592379.63213,1126,163999.8,371407.05737,0
1763381760000,2.2650,2.2656,2.2642,2.2651,179476.7,1763381819999,406518.83730,960,69887.2,158297.84330,0
1763381820000,2.2651,2.2653,2.2631,2.2644,187564.3,1763381879999,424728.47435,916,65449.0,148196.42319,0
1763381880000,2.2644,2.2652,2.2638,2.2643,126204.4,1763381939999,285798.18704,795,65969.0,149397.57961,0
1763381940000,2.2642,2.2671,2.2642,2.2656,403369.4,1763381999999,913971.52474,1438,281202.0,637125.98027,0
1763382000000,2.2657,2.2657,2.2639,2.2639,228484.6,1763382059999,517429.05314,1012,128426.7,290848.44031,0
1763382060000,2.2640,2.2647,2.2626,2.2630,166683.5,1763382119999,377289.68074,826,72121.8,163261.97265,0
1763382120000,2.2630,2.2647,2.2630,2.2642,349762.1,1763382179999,791869.14259,1155,191091.9,432607.29643,0
1763382180000,2.2641,2.2647,2.2630,2.2643,387059.5,1763382239999,876188.56824,853,292354.8,661803.39512,0
1763382240000,2.2644,2.2647,2.2635,2.2643,94979.8,1763382299999,215047.55428,682,29198.1,66115.09955,0
1763382300000,2.2643,2.2644,2.2635,2.2643,57454.8,1763382359999,130077.48024,406,42791.5,96879.92135,0
1763382360000,2.2644,2.2650,2.2643,2.2649,120636.1,1763382419999,273209.61163,514,76634.4,173555.18279,0
1763382420000,2.2648,2.2653,2.2646,2.2647,48151.5,1763382479999,109064.09219,438,20370.9,46140.97849,0
1763382480000,2.2646,2.2647,2.2621,2.2626,188868.1,1763382539999,427432.80512,843,81709.6,184901.93518,0
1763382540000,2.2626,2.2630,2.2618,2.2626,250312.5,1763382599999,566328.69294,966,115143.1,260509.62486,0
1763382600000,2.2625,2.2625,2.2604,2.2614,305360.0,1763382659999,690503.27673,1375,95760.0,216539.53747,0
1763382660000,2.2614,2.2617,2.2608,2.2613,365877.8,1763382719999,827313.18133,955,167665.7,379115.31612,0
1763382720000,2.2614,2.2644,2.2613,2.2629,405271.9,1763382779999,917069.85839,1226,204518.6,462769.72392,0
1763382780000,2.2630,2.2632,2.2612,2.2624,241765.5,1763382839999,546907.35520,882,154667.9,349867.97391,0
1763382840000,2.2624,2.2624,2.2598,2.2605,369998.2,1763382899999,836485.30392,1164,163759.3,370195.97498,0
1763382900000,2.2605,2.2613,2.2598,2.2604,336878.3,1763382959999,761566.36454,1145,128728.1,291027.65304,0
1763382960000,2.2605,2.2605,2.2566,2.2573,862445.6,1763383019999,1947372.66319,2696,410421.4,926632.12092,0
1763383020000,2.2573,2.2587,2.2561,2.2570,583231.9,1763383079999,1316613.72326,1818,340317.0,768266.31656,0
1763383080000,2.2570,2.2573,2.2547,2.2553,543483.0,1763383139999,1226215.57589,2018,316874.5,714966.97361,0
1763383140000,2.2553,2.2583,2.2553,2.2574,340767.6,1763383199999,769033.73124,1277,239527.6,540528.21171,0
1763383200000,2.2573,2.2590,2.2568,2.2589,283211.3,1763383259999,639476.02083,1088,191935.9,433386.85252,0
1763383260000,2.2588,2.2603,2.2581,2.2600,884666.7,1763383319999,1998617.21126,2166,542746.6,1226172.80253,0
1763383320000,2.2600,2.2612,2.2597,2.2608,253587.4,1763383379999,573221.76205,939,161837.2,365809.27086,0
1763383380000,2.2609,2.2609,2.2578,2.2581,172779.9,1763383439999,390296.51541,783,93225.5,210571.75849,0
1763383440000,2.2581,2.2608,2.2580,2.2608,191307.2,1763383499999,432201.57824,795,127746.1,288595.54308,0
1763383500000,2.2607,2.2610,2.2603,2.2604,118205.6,1763383559999,267220.70687,699,37443.3,84648.31237,0
1763383560000,2.2604,2.2610,2.2604,2.2608,90070.7,1763383619999,203629.10093,450,49470.6,111843.30836,0
1763383620000,2.2608,2.2609,2.2581,2.2581,280462.0,1763383679999,633689.27025,1310,122572.6,276920.91128,0
1763383680000,2.2580,2.2603,2.2573,2.2603,339131.9,1763383739999,766101.92550,1396,254627.8,575228.89608,0
1763383740000,2.2604,2.2625,2.2604,2.2617,234963.8,1763383799999,531393.55318,831,156334.8,353556.12882,0
1763383800000,2.2617,2.2617,2.2584,2.2589,221503.8,1763383859999,500357.71171,885,155534.4,351321.87194,0
1763383860000,2.2589,2.2593,2.2584,2.2586,157116.3,1763383919999,354918.70043,631,77593.1,175285.11451,0
1763383920000,2.2585,2.2599,2.2581,2.2595,164141.3,1763383979999,370806.36228,666,122816.5,277457.78478,0
1763383980000,2.2595,2.2631,2.2595,2.2627,256721.2,1763384039999,580553.97822,1111,120345.2,272135.72811,0
1763384040000,2.2627,2.2632,2.2621,2.2621,99869.8,1763384099999,225971.41977,658,43180.8,97709.01324,0
1763384100000,2.2621,2.2625,2.2618,2.2624,194473.3,1763384159999,439935.67694,579,151346.9,342373.52492,0
1763384160000,2.2625,2.2633,2.2610,2.2614,433682.2,1763384219999,981090.13056,1540,175652.5,397346.98337,0
1763384220000,2.2613,2.2616,2.2607,2.2608,117706.6,1763384279999,266152.77837,487,80248.9,181456.18560,0
1763384280000,2.2609,2.2610,2.2597,2.2598,118102.6,1763384339999,266961.88838,619,56436.6,127574.38613,0
1763384340000,2.2597,2.2610,2.2597,2.2600,121834.4,1763384399999,275386.70929,670,76494.9,172901.24900,0
1763384400000,2.2599,2.2632,2.2599,2.2625,374556.7,1763384459999,847281.13863,1574,228569.2,517004.03245,0
1763384460000,2.2626,2.2635,2.2618,2.2632,190449.5,1763384519999,430920.28167,871,90049.4,203765.98126,0
1763384520000,2.2631,2.2631,2.2610,2.2621,163721.7,1763384579999,370344.68629,1518,66664.0,150786.16637,0
1763384580000,2.2621,2.2624,2.2608,2.2609,106682.3,1763384639999,241252.98470,659,33905.7,76667.79996,0
1763384640000,2.2610,2.2610,2.2588,2.2596,320617.0,1763384699999,724637.07278,1470,108054.5,244205.77475,0
1763384700000,2.2596,2.2624,2.2593,2.2624,372039.1,1763384759999,841018.85227,1153,266881.6,603319.11619,0
1763384760000,2.2624,2.2647,2.2623,2.2638,191731.5,1763384819999,434041.42002,1058,130060.3,294425.10054,0
1763384820000,2.2638,2.2656,2.2630,2.2645,175130.7,1763384879999,396569.46312,895,126993.5,287565.31310,0
1763384880000,2.2646,2.2646,2.2611,2.2615,302355.3,1763384939999,684143.51364,1476,60825.5,137608.89318,0
1763384940000,2.2614,2.2622,2.2578,2.2579,492723.5,1763384999999,1113700.65616,2029,203693.5,460470.68107,0
1763385000000,2.2578,2.2584,2.2559,2.2572,764471.9,1763385059999,1725645.76073,2328,484669.3,1094081.12425,0
1763385060000,2.2571,2.2572,2.2548,2.2550,557415.4,1763385119999,1257433.13941,1793,214492.1,483911.78950,0
1763385120000,2.2551,2.2551,2.2509,2.2517,1068455.1,1763385179999,2406640.11992,3293,590095.8,1329201.18713,0
1763385180000,2.2517,2.2529,2.2462,2.2464,2572836.7,1763385239999,5786898.07983,6148,937307.4,2108252.87399,0
1763385240000,2.2463,2.2498,2.2454,2.2498,762150.0,1763385299999,1712432.80750,3056,398925.6,896378.91370,0
1763385300000,2.2498,2.2527,2.2487,2.2526,645662.6,1763385359999,1453129.90035,2252,283397.2,637819.23796,0
1763385360000,2.2527,2.2558,2.2527,2.2549,495909.5,1763385419999,1117974.52603,1751,290372.5,654619.34101,0
1763385420000,2.2549,2.2563,2.2529,2.2559,540439.1,1763385479999,1218668.81630,1941,212866.0,480035.42277,0
1763385480000,2.2560,2.2568,2.2541,2.2546,439304.4,1763385539999,990725.25190,1689,132863.8,299642.66413,0
1763385540000,2.2545,2.2546,2.2530,2.2530,170351.2,1763385599999,383940.67600,1093,61936.9,139596.30496,0
1763385600000,2.2530,2.2547,2.2527,2.2543,233233.8,1763385659999,525708.97507,1051,118671.9,267477.62121,0
1763385660000,2.2542,2.2547,2.2529,2.2533,264890.7,1763385719999,597047.97439,1148,102894.1,231932.12994,0
1763385720000,2.2533,2.2536,2.2513,2.2523,227605.0,1763385779999,512698.98236,1311,84883.8,191211.84060,0
1763385780000,2.2523,2.2533,2.2512,2.2530,225807.3,1763385839999,508626.01262,1020,98984.5,222981.40824,0
1763385840000,2.2530,2.2531,2.2508,2.2508,185012.4,1763385899999,416639.77162,1003,48821.0,109950.15126,0
1763385900000,2.2508,2.2514,2.2465,2.2488,1251287.2,1763385959999,2814321.61061,3382,660624.9,1485750.94668,0
1763385960000,2.2487,2.2499,2.2458,2.2471,561668.1,1763386019999,1262314.96723,2303,208712.6,469023.33045,0
1763386020000,2.2472,2.2482,2.2447,2.2480,363994.1,1763386079999,817605.92647,1905,206301.1,463437.85602,0
1763386080000,2.2479,2.2483,2.2445,2.2450,423925.1,1763386139999,952208.59399,1762,198923.9,446830.44872,0
1763386140000,2.2451,2.2453,2.2417,2.2436,995912.7,1763386199999,2233790.33038,2950,394986.7,885978.69853,0
1763386200000,2.2435,2.2481,2.2430,2.2459,611381.9,1763386259999,1372656.38074,2238,383685.4,861355.60363,0
1763386260000,2.2459,2.2459,2.2358,2.2383,3038880.3,1763386319999,6801655.99468,5200,778345.6,1742106.85816,0
1763386320000,2.2383,2.2389,2.2290,2.2342,5309578.3,1763386379999,11859163.35601,8989,1214066.6,2712274.68635,0
1763386380000,2.2342,2.2373,2.2306,2.2314,1314689.6,1763386439999,2936453.83878,3903,620968.2,1386968.32172,0
1763386440000,2.2315,2.2319,2.2233,2.2297,5922893.3,1763386499999,13192174.02401,9657,1391723.0,3100866.06083,0
1763386500000,2.2297,2.2314,2.2284,2.2311,1186963.6,1763386559999,2647011.92320,3303,533516.8,1189757.40946,0
1763386560000,2.2311,2.2337,2.2309,2.2320,940196.2,1763386619999,2098793.63677,2565,431415.4,963075.47628,0
1763386620000,2.2320,2.2325,2.2279,2.2288,856105.6,1763386679999,1908863.71570,3059,465294.8,1037392.82779,0
1763386680000,2.2289,2.2311,2.2270,2.2280,755266.6,1763386739999,1683320.03932,2419,309270.6,689455.06799,0
1763386740000,2.2280,2.2283,2.2257,2.2269,619719.9,1763386799999,1380061.64579,2316,257815.8,574118.19076,0
1763386800000,2.2269,2.2286,2.2265,2.2273,447084.7,1763386859999,995772.09932,1656,234262.8,521771.26607,0
1763386860000,2.2274,2.2276,2.2250,2.2253,597568.5,1763386919999,1330469.30659,2805,309619.4,689337.82137,0
1763386920000,2.2253,2.2260,2.2219,2.2246,1469043.8,1763386979999,3266617.01898,4202,689840.2,1534002.26011,0
1763386980000,2.2246,2.2255,2.2205,2.2233,1625856.8,1763387039999,3613788.87154,4152,905134.0,2011717.55990,0
1763387040000,2.2234,2.2237,2.2121,2.2135,6039397.2,1763387099999,13381940.37711,11019,1984052.4,4395677.86026,0
1763387100000,2.2136,2.2156,2.2082,2.2090,3207230.6,1763387159999,7094814.50012,7523,1533446.0,3392655.90578,0
1763387160000,2.2090,2.2160,2.2081,2.2140,2208829.0,1763387219999,4885496.42118,5118,1420291.9,3141130.43023,0
1763387220000,2.2140,2.2166,2.2120,2.2143,1379118.0,1763387279999,3054117.16131,3866,617156.6,1366638.18183,0
1763387280000,2.2144,2.2175,2.2139,2.2171,734435.6,1763387339999,1627223.12235,2509,462787.2,1025356.80857,0
1763387340000,2.2171,2.2179,2.2109,2.2125,1012481.5,1763387399999,2242106.90704,3541,474673.0,1051165.11206,0
1763387400000,2.2125,2.2131,2.2070,2.2093,1062086.0,1763387459999,2346776.54171,3924,455487.4,1006366.05177,0
1763387460000,2.2094,2.2109,2.2082,2.2098,848357.2,1763387519999,1874547.70217,2643,503334.5,1112135.75671,0
1763387520000,2.2097,2.2145,2.2047,2.2141,1396001.8,1763387579999,3082691.21601,5656,763998.6,1687335.22875,0
1763387580000,2.2141,2.2144,2.2064,2.2087,737925.6,1763387639999,1631066.34515,3631,346595.6,765899.14191,0
1763387640000,2.2087,2.2117,2.2050,2.2055,1724374.6,1763387699999,3806776.27024,5458,610782.1,1348631.37758,0
1763387700000,2.2055,2.2058,2.1934,2.2049,5472315.1,1763387759999,12038488.82072,13574,2806835.6,6173566.46356,0
1763387760000,2.2049,2.2100,2.2049,2.2096,1874360.5,1763387819999,4138011.96701,5940,1341628.8,2961790.83913,0
1763387820000,2.2097,2.2164,2.2095,2.2150,2198619.9,1763387879999,4868320.36835,5962,1539975.3,3410161.72866,0
1763387880000,2.2149,2.2153,2.2097,2.2102,991645.5,1763387939999,2194632.99044,3520,559585.7,1238507.28765,0
1763387940000,2.2103,2.2114,2.2066,2.2103,1219722.1,1763387999999,2694503.59396,3538,801532.4,1770644.04735,0
1763388000000,2.2103,2.2104,2.2038,2.2046,1033840.5,1763388059999,2281651.39334,4888,453312.7,1000524.62819,0
1763388060000,2.2047,2.2124,2.2030,2.2123,915164.3,1763388119999,2020108.50451,4540,539365.4,1190728.35414,0
1763388120000,2.2123,2.2132,2.2071,2.2086,794367.5,1763388179999,1755645.96739,3366,428685.7,947361.19937,0
1763388180000,2.2085,2.2150,2.2082,2.2146,773074.7,1763388239999,1710242.84738,3851,476033.2,1053129.00113,0
1763388240000,2.2147,2.2170,2.2133,2.2137,1151846.7,1763388299999,2551285.71630,4614,510795.5,1131451.26584,0
1763388300000,2.2138,2.2148,2.2062,2.2072,1242450.6,1763388359999,2745647.28697,4268,551012.3,1217202.77002,0
1763388360000,2.2073,2.2075,2.1979,2.1988,1546058.0,1763388419999,3404251.09983,4963,695973.8,1532402.92970,0
1763388420000,2.1988,2.1997,2.1939,2.1988,3007208.3,1763388479999,6605745.41530,7778,1845852.3,4054540.58125,0
1763388480000,2.1988,2.2022,2.1956,2.2016,1013504.8,1763388539999,2228161.77667,4662,525134.6,1154503.57321,0
1763388540000,2.2017,2.2023,2.1974,2.1996,741956.3,1763388599999,1631944.65113,3502,387519.7,852338.35280,0
1763388600000,2.1995,2.2018,2.1954,2.2015,953360.4,1763388659999,2095646.07373,4331,448500.3,986140.70659,0
1763388660000,2.2016,2.2019,2.1984,2.2004,535473.5,1763388719999,1177929.07816,2726,244114.9,537006.95440,0
1763388720000,2.2003,2.2003,2.1962,2.1985,603879.2,1763388779999,1327499.13991,2855,259838.9,571154.90937,0
1763388780000,2.1986,2.2034,2.1967,2.2034,699052.7,1763388839999,1537318.35868,3082,351407.1,772958.61070,0
1763388840000,2.2034,2.2070,2.2011,2.2049,1730475.5,1763388899999,3815082.87527,4746,1357163.0,2992384.35501,0
1763388900000,2.2050,2.2082,2.2032,2.2043,1483712.2,1763388959999,3273085.34450,4324,932067.5,2056306.76236,0
1763388960000,2.2044,2.2088,2.2044,2.2073,684315.8,1763389019999,1509924.26870,3386,364678.3,804668.27840,0
1763389020000,2.2072,2.2175,2.2064,2.2148,1684363.0,1763389079999,3727098.42728,6378,867873.2,1920258.33951,0
1763389080000,2.2149,2.2179,2.2124,2.2125,988303.8,1763389139999,2189413.94407,4932,405518.0,898376.52330,0
1763389140000,2.2125,2.2166,2.2117,2.2151,658903.6,1763389199999,1459113.40000,3860,308155.6,682295.58865,0
1763389200000,2.2151,2.2151,2.2061,2.2095,631500.4,1763389259999,1395554.62999,3783,258469.8,571016.11212,0
1763389260000,2.2096,2.2108,2.2065,2.2066,376474.8,1763389319999,831365.36528,2793,190686.9,421089.93107,0
1763389320000,2.2066,2.2066,2.2020,2.2055,650239.2,1763389379999,1433108.79327,3432,212981.1,469518.76446,0
1763389380000,2.2054,2.2054,2.2007,2.2018,438596.6,1763389439999,966063.59642,2684,183282.9,403631.59828,0
1763389440000,2.2018,2.2018,2.1983,2.1993,427567.3,1763389499999,940668.39123,2621,186965.8,411322.30881,0
1763389500000,2.1993,2.2016,2.1992,2.2014,654238.4,1763389559999,1439563.10202,2414,318978.9,701868.26285,0
1763389560000,2.2015,2.2035,2.2007,2.2025,321612.1,1763389619999,708243.43169,1949,162609.8,358095.69797,0
1763389620000,2.2025,2.2038,2.2004,2.2007,344683.4,1763389679999,759119.89371,2002,200264.9,441028.80422,0
1763389680000,2.2008,2.2036,2.1989,2.2030,482194.8,1763389739999,1061338.61501,2387,228254.1,502341.59297,0
1763389740000,2.2031,2.2049,2.2025,2.2033,282996.3,1763389799999,623595.16011,1894,138733.3,305687.77841,0
1763389800000,2.2032,2.2055,2.1981,2.1999,1154365.1,1763389859999,2542450.75262,5107,646880.2,1424942.10297,0
1763389860000,2.2000,2.2086,2.1980,2.2057,1371025.6,1763389919999,3020723.80899,7757,671492.7,1479702.14248,0
1763389920000,2.2057,2.2250,2.2029,2.2217,3056748.2,1763389979999,6770096.58579,11793,1823035.1,4040224.82843,0
1763389980000,2.2218,2.2259,2.2159,2.2178,1636537.3,1763390039999,3633862.12817,7905,656908.4,1458606.24905,0
1763390040000,2.2177,2.2327,2.2175,2.2311,2124527.8,1763390099999,4734425.04276,8982,1149641.3,2561807.50508,0
1763390100000,2.2312,2.2362,2.2289,2.2348,1452307.6,1763390159999,3242513.96385,8097,666308.2,1487842.33826,0
1763390160000,2.2347,2.3063,2.2347,2.2766,16178628.5,1763390219999,36710718.20948,31787,9850283.9,22372773.14051,0
1763390220000,2.2767,2.3067,2.2716,2.2922,15449515.3,1763390279999,35346766.28998,34492,8586190.9,19643176.43729,0
1763390280000,2.2922,2.2998,2.2852,2.2957,9397693.5,1763390339999,21531302.43119,25068,3470612.3,7953705.00425,0
1763390340000,2.2957,2.2989,2.2792,2.2950,6828770.3,1763390399999,15625768.67285,18951,2215626.0,5071479.74552,0
1763390400000,2.2950,2.2950,2.2806,2.2863,4090111.2,1763390459999,9351703.28078,15281,2107604.4,4817971.07354,0
1763390460000,2.2863,2.2892,2.2786,2.2840,2890588.9,1763390519999,6602196.65442,12935,1505606.4,3439237.16053,0
1763390520000,2.2841,2.2847,2.2670,2.2720,4077829.0,1763390579999,9266780.69209,15100,1807258.7,4106286.77226,0
1763390580000,2.2720,2.2817,2.2672,2.2745,2409974.8,1763390639999,5484563.09937,11928,1207239.6,2747599.24186,0
1763390640000,2.2744,2.2753,2.2645,2.2664,1625688.2,1763390699999,3688815.14048,8514,904566.9,2052511.55520,0
1763390700000,2.2663,2.2765,2.2646,2.2760,2394433.4,1763390759999,5435644.23650,10731,1296037.4,2942431.72681,0
1763390760000,2.2760,2.2799,2.2717,2.2742,1359099.5,1763390819999,3092305.47733,9084,751183.7,1709109.36993,0
1763390820000,2.2742,2.2845,2.2740,2.2825,2425671.1,1763390879999,5532608.68888,9842,1585189.2,3615814.12459,0
1763390880000,2.2825,2.2838,2.2697,2.2709,2253640.7,1763390939999,5129407.11896,9945,691508.6,1574878.62625,0
1763390940000,2.2709,2.2762,2.2688,2.2731,1317375.2,1763390999999,2993701.29815,6814,681815.7,1549191.22803,0
1763391000000,2.2732,2.2820,2.2720,2.2784,1128943.9,1763391059999,2570408.44621,6920,630241.2,1434867.96480,0
1763391060000,2.2784,2.2816,2.2704,2.2767,2934309.6,1763391119999,6674265.17244,9332,769662.9,1751444.73512,0
1763391120000,2.2767,2.2772,2.2678,2.2714,1572766.0,1763391179999,3574975.49215,8056,730028.8,1659475.31607,0
1763391180000,2.2715,2.2715,2.2529,2.2530,3076493.9,1763391239999,6950229.78601,13004,1167298.0,2638088.68501,0
1763391240000,2.2530,2.2612,2.2515,2.2585,1751289.1,1763391299999,3952693.09984,7515,1139489.9,2571699.00359,0
1763391300000,2.2585,2.2623,2.2486,2.2527,2245818.5,1763391359999,5061835.18717,10334,1072906.3,2418060.55669,0
1763391360000,2.2527,2.2567,2.2506,2.2538,1610487.7,1763391419999,3628182.35039,8409,1058366.8,2384394.05699,0
1763391420000,2.2538,2.2558,2.2463,2.2480,1604467.1,1763391479999,3612932.66188,8035,944550.4,2127501.09476,0
1763391480000,2.2480,2.2548,2.2469,2.2523,1278747.4,1763391539999,2878647.94072,7194,719865.5,1620741.46021,0
1763391540000,2.2523,2.2551,2.2508,2.2541,654352.4,1763391599999,1474056.75214,3960,334122.4,752628.68923,0
1763391600000,2.2541,2.2579,2.2514,2.2549,1168413.4,1763391659999,2634529.32661,7297,581251.6,1310594.32823,0
1763391660000,2.2550,2.2576,2.2500,2.2574,849886.4,1763391719999,1915476.66635,6603,453970.6,1023111.66207,0
1763391720000,2.2574,2.2634,2.2557,2.2594,2290310.5,1763391779999,5175629.85850,8026,1280659.6,2894520.28666,0
1763391780000,2.2595,2.2636,2.2468,2.2540,1450198.3,1763391839999,3270358.92974,7527,634386.9,1430476.05860,0
1763391840000,2.2541,2.2561,2.2473,2.2511,837547.7,1763391899999,1886001.85141,6421,436706.1,983322.95510,0
1763391900000,2.2511,2.2663,2.2482,2.2618,1448822.7,1763391959999,3271348.19525,7850,701215.3,1583771.26527,0
1763391960000,2.2617,2.2679,2.2601,2.2665,815000.6,1763392019999,1845342.93867,6563,483497.8,1094948.86600,0
1763392020000,2.2665,2.2665,2.2539,2.2556,825348.8,1763392079999,1865334.92839,5399,271030.4,612323.54348,0
1763392080000,2.2557,2.2565,2.2355,2.2394,2393723.2,1763392139999,5369587.15604,11469,920183.5,2063305.84467,0
1763392140000,2.2393,2.2404,2.2309,2.2371,2168446.6,1763392199999,4847763.08358,10706,832513.5,1861436.19977,0
1763392200000,2.2371,2.2405,2.2347,2.2393,1250363.1,1763392259999,2797793.34011,6951,666569.2,1491552.82475,0
1763392260000,2.2392,2.2424,2.2354,2.2397,1299723.2,1763392319999,2910027.05737,6406,613953.1,1374678.90129,0
1763392320000,2.2397,2.2445,2.2387,2.2418,916581.8,1763392379999,2055002.35948,4664,598220.7,1341195.31670,0
1763392380000,2.2418,2.2418,2.2335,2.2356,1436109.1,1763392439999,3211829.49424,5621,787715.1,1761357.06812,0
1763392440000,2.2355,2.2381,2.2340,2.2375,631670.3,1763392499999,1412557.13542,3652,312229.7,698250.33939,0
1763392500000,2.2376,2.2395,2.2326,2.2368,715602.3,1763392559999,1600402.02683,4754,321511.5,719031.98615,0
1763392560000,2.2368,2.2394,2.2315,2.2334,747767.1,1763392619999,1671943.69348,4818,438965.5,981434.91807,0
1763392620000,2.2335,2.2347,2.2170,2.2184,2663610.7,1763392679999,5923643.69616,9907,1177728.9,2619853.27343,0
1763392680000,2.2184,2.2241,2.2166,2.2188,2078946.6,1763392739999,4616016.20205,7155,1409023.6,3128511.05436,0
1763392740000,2.2189,2.2191,2.2097,2.2126,2458375.9,1763392799999,5438874.83175,8418,940057.6,2079815.03139,0
1763392800000,2.2126,2.2198,2.2107,2.2179,1385182.4,1763392859999,3068311.65653,6700,689928.0,1528317.19207,0
1763392860000,2.2179,2.2217,2.2139,2.2211,1012648.9,1763392919999,2244844.23191,5639,573228.1,1270860.99536,0
1763392920000,2.2210,2.2250,2.2173,2.2229,1471776.0,1763392979999,3270698.65208,6032,717361.2,1594376.67281,0
1763392980000,2.2229,2.2266,2.2217,2.2255,1292073.5,1763393039999,2873256.21381,4725,909543.9,2022672.11764,0
1763393040000,2.2256,2.2285,2.2224,2.2235,815034.5,1763393099999,1814323.48564,3717,429535.8,956325.42943,0
1763393100000,2.2235,2.2246,2.2200,2.2212,546565.4,1763393159999,1214583.90727,3435,202683.6,450437.54967,0
1763393160000,2.2211,2.2258,2.2206,2.2228,638004.0,1763393219999,1418330.46102,3698,308844.4,686580.00534,0
1763393220000,2.2229,2.2277,2.2224,2.2264,556990.4,1763393279999,1239694.87706,3056,277200.9,616907.09089,0
1763393280000,2.2264,2.2448,2.2261,2.2433,2607668.9,1763393339999,5830964.56976,8300,1795730.9,4014409.65008,0
1763393340000,2.2433,2.2476,2.2376,2.2411,1456025.0,1763393399999,3264882.13310,5895,620326.8,1391274.02970,0
1763393400000,2.2411,2.2466,2.2363,2.2396,896892.8,1763393459999,2010447.10383,4893,462190.4,1035985.57336,0
1763393460000,2.2396,2.2440,2.2390,2.2408,838009.3,1763393519999,1878808.72209,5341,471558.4,1057196.74136,0
1763393520000,2.2408,2.2412,2.2303,2.2323,1084244.0,1763393579999,2421398.92196,6141,527844.5,1178590.45815,0
1763393580000,2.2322,2.2322,2.2245,2.2292,1129493.9,1763393639999,2516260.93955,5753,460645.6,1026279.18693,0
1763393640000,2.2291,2.2314,2.2248,2.2270,1239834.7,1763393699999,2762331.33813,5215,336030.8,748783.65491,0
1763393700000,2.2270,2.2272,2.2180,2.2228,1290744.7,1763393759999,2868371.23991,6642,473849.7,1053006.51155,0
1763393760000,2.2228,2.2260,2.2201,2.2240,545440.6,1763393819999,1212420.28104,4028,290348.4,645432.17899,0
1763393820000,2.2239,2.2291,2.2192,2.2254,830398.5,1763393879999,1847172.16240,5151,445250.7,990371.46518,0
1763393880000,2.2254,2.2264,2.2204,2.2219,390873.0,1763393939999,868890.78226,3657,197464.8,438953.10078,0
1763393940000,2.2219,2.2237,2.2161,2.2212,1347627.3,1763393999999,2990101.20896,5198,574709.4,1275313.37531,0
1763394000000,2.2213,2.2214,2.2158,2.2175,613918.3,1763394059999,1361752.42374,4043,283156.9,628047.45133,0
1763394060000,2.2175,2.2233,2.2152,2.2173,974019.8,1763394119999,2160684.96548,4944,518752.5,1150641.29465,0
1763394120000,2.2174,2.2190,2.2137,2.2177,719927.9,1763394179999,1595799.26771,4526,316863.9,702371.95602,0
1763394180000,2.2178,2.2225,2.2152,2.2201,840856.0,1763394239999,1865805.17272,4671,395713.5,878112.65871,0
1763394240000,2.2202,2.2307,2.2199,2.2269,2861596.5,1763394299999,6369675.45030,7472,2134191.5,4750477.44789,0
1763394300000,2.2269,2.2282,2.2205,2.2237,742777.1,1763394359999,1652527.03998,3700,344359.8,765995.02835,0
1763394360000,2.2238,2.2286,2.2217,2.2232,615050.7,1763394419999,1368198.45105,3857,225766.3,502279.10834,0
1763394420000,2.2232,2.2267,2.2224,2.2251,760217.7,1763394479999,1691287.33714,3533,382305.4,850549.08927,0
1763394480000,2.2252,2.2264,2.2212,2.2218,711519.5,1763394539999,1582446.28377,3021,317229.0,705530.59403,0
1763394540000,2.2219,2.2222,2.2084,2.2106,2207693.7,1763394599999,4885140.78007,6586,726806.5,1608156.11387,0
1763394600000,2.2107,2.2124,2.2080,2.2086,1418767.6,1763394659999,3135416.68470,5298,637286.9,1408452.60044,0
1763394660000,2.2087,2.2102,2.2054,2.2060,1693767.9,1763394719999,3738689.49580,5909,733404.7,1618757.78571,0
1763394720000,2.2059,2.2087,2.2035,2.2067,1175721.5,1763394779999,2593209.45558,4378,556950.1,1228612.59400,0
1763394780000,2.2066,2.2151,2.2063,2.2135,812842.0,1763394839999,1796677.72691,4163,479454.6,1059741.38090,0
1763394840000,2.2134,2.2134,2.2083,2.2099,1322958.7,1763394899999,2925244.33559,5049,797765.5,1764124.91205,0
1763394900000,2.2099,2.2110,2.2070,2.2083,583968.0,1763394959999,1289803.32790,3190,288729.3,637687.30005,0
1763394960000,2.2083,2.2088,2.2043,2.2059,549286.4,1763395019999,1212074.17149,2888,209404.8,462034.02650,0
1763395020000,2.2058,2.2081,2.2047,2.2066,409894.3,1763395079999,904364.89762,2956,155491.0,343104.63881,0
1763395080000,2.2065,2.2097,2.2051,2.2073,411592.2,1763395139999,908389.35527,2762,201059.8,443721.55941,0
1763395140000,2.2073,2.2093,2.2054,2.2081,371740.5,1763395199999,820708.34697,2028,208330.4,459936.71349,0
1763395200000,2.2081,2.2088,2.2053,2.2061,801874.5,1763395259999,1769558.60000,2947,454365.2,1002706.88527,0
1763395260000,2.2061,2.2068,2.2000,2.2021,1440490.1,1763395319999,3172313.01819,5225,592877.1,1305696.11920,0
1763395320000,2.2020,2.2022,2.1931,2.1948,3445076.7,1763395379999,7567722.24946,7758,1712130.3,3759743.66141,0
1763395380000,2.1948,2.1977,2.1945,2.1971,871373.8,1763395439999,1913487.96197,3512,396802.1,871374.11330,0
1763395440000,2.1971,2.1971,2.1928,2.1944,969018.6,1763395499999,2126793.51272,3932,455734.6,1000235.77961,0
1763395500000,2.1943,2.1943,2.1861,2.1885,2811131.8,1763395559999,6154560.45685,7685,1362296.1,2982375.56636,0
1763395560000,2.1884,2.1884,2.1823,2.1861,2242567.2,1763395619999,4900358.20136,6054,1246090.9,2722633.01556,0
1763395620000,2.1861,2.1905,2.1848,2.1865,884876.5,1763395679999,1936035.44082,4479,523311.4,1144937.04020,0
1763395680000,2.1865,2.1867,2.1811,2.1819,1444382.9,1763395739999,3152778.84579,4400,908782.7,1983564.38269,0
1763395740000,2.1819,2.1877,2.1818,2.1857,830717.1,1763395799999,1814744.67166,3469,557947.0,1218890.96598,0
1763395800000,2.1858,2.1885,2.1840,2.1869,1019885.4,1763395859999,2230329.86586,3920,608516.3,1330689.82969,0
1763395860000,2.1869,2.1890,2.1831,2.1889,952233.8,1763395919999,2081162.59319,3701,592260.7,1294272.28046,0
1763395920000,2.1890,2.1894,2.1840,2.1849,664405.0,1763395979999,1452863.63281,3233,351318.1,768208.86626,0
1763395980000,2.1850,2.1859,2.1824,2.1847,832731.4,1763396039999,1818740.32038,3916,508576.2,1110710.74418,0
1763396040000,2.1846,2.1846,2.1800,2.1833,1139380.1,1763396099999,2485532.39956,4119,680206.5,1483930.59768,0
1763396100000,2.1832,2.1832,2.1732,2.1733,2065418.0,1763396159999,4496976.99030,6852,880840.7,1917883.82712,0
1763396160000,2.1733,2.1768,2.1672,2.1737,5636127.5,1763396219999,12238590.35384,10805,3472472.5,7541116.38076,0
1763396220000,2.1737,2.1793,2.1730,2.1737,1456034.3,1763396279999,3168019.12501,5237,782041.6,1701611.91121,0
1763396280000,2.1736,2.1758,2.1699,2.1711,1445107.7,1763396339999,3138892.87311,5555,796175.6,1729504.20695,0
1763396340000,2.1711,2.1733,2.1695,2.1732,911328.7,1763396399999,1978665.51935,3726,610878.9,1326343.11224,0
1763396400000,2.1732,2.1883,2.1704,2.1883,2327180.2,1763396459999,5074072.41503,8994,1284448.4,2801099.85837,0
1763396460000,2.1884,2.1928,2.1834,2.1863,1683341.1,1763396519999,3683269.15926,7627,841847.4,1842094.76082,0
1763396520000,2.1864,2.1940,2.1854,2.1883,1659228.5,1763396579999,3634902.15757,6437,926726.5,2030320.39144,0
1763396580000,2.1883,2.1936,2.1859,2.1866,1175807.5,1763396639999,2575528.40939,5437,522956.4,1145684.97140,0
1763396640000,2.1867,2.1879,2.1845,2.1856,1049374.7,1763396699999,2293911.23481,4311,532865.9,1164895.13032,0
1763396700000,2.1857,2.1859,2.1780,2.1789,1359587.3,1763396759999,2965018.18911,5067,763055.3,1663857.80811,0
1763396760000,2.1789,2.1914,2.1787,2.1909,863230.6,1763396819999,1886599.63788,5017,510420.2,1115226.98506,0
1763396820000,2.1909,2.1932,2.1883,2.1894,1263483.4,1763396879999,2768110.24792,5139,533051.5,1167938.90838,0
1763396880000,2.1894,2.1960,2.1861,2.1907,877520.9,1763396939999,1922999.31322,4858,389682.6,853858.47601,0
1763396940000,2.1908,2.1965,2.1902,2.1939,1171758.6,1763396999999,2569371.71161,4785,616032.6,1350392.98926,0
1763397000000,2.1940,2.1940,2.1879,2.1906,1151013.8,1763397059999,2521110.89870,4940,386270.6,845986.68610,0
1763397060000,2.1907,2.1950,2.1896,2.1945,702320.5,1763397119999,1539833.47883,4239,333216.1,730580.37169,0
1763397120000,2.1945,2.1979,2.1934,2.1953,1208430.2,1763397179999,2653622.60882,5185,679800.3,1492811.68400,0
1763397180000,2.1954,2.2032,2.1903,2.1906,1370423.9,1763397239999,3011542.08339,5844,700874.3,1540283.06730,0
1763397240000,2.1906,2.1925,2.1876,2.1912,1658932.8,1763397299999,3633512.34346,4475,837766.3,1834926.53030,0
1763397300000,2.1912,2.1948,2.1906,2.1943,772343.7,1763397359999,1693027.57477,3998,443227.2,971517.37875,0
1763397360000,2.1943,2.1950,2.1894,2.1923,862325.4,1763397419999,1890357.94795,4073,414684.5,909116.68667,0
1763397420000,2.1923,2.1929,2.1890,2.1912,832586.8,1763397479999,1824023.54438,3834,270843.7,593426.87259,0
1763397480000,2.1912,2.1941,2.1891,2.1923,811448.2,1763397539999,1778445.73611,3328,412790.6,904713.41912,0
1763397540000,2.1922,2.1980,2.1914,2.1975,700902.3,1763397599999,1537969.70663,3675,347065.9,761478.82348,0
1763397600000,2.1975,2.2069,2.1969,2.2041,1978925.9,1763397659999,4360016.99323,6639,1074406.6,2367044.81077,0
1763397660000,2.2041,2.2085,2.2017,2.2030,1063007.7,1763397719999,2343790.86525,4913,444137.1,979385.63491,0
1763397720000,2.2030,2.2039,2.1947,2.1955,805521.7,1763397779999,1772015.46263,3979,192358.3,423450.67672,0
1763397780000,2.1955,2.1977,2.1951,2.1961,438787.5,1763397839999,963855.88077,2419,104214.1,228930.94109,0
1763397840000,2.1961,2.1974,2.1918,2.1965,1031246.0,1763397899999,2263828.71308,3926,332435.7,729784.78546,0
1763397900000,2.1964,2.1964,2.1920,2.1929,865043.6,1763397959999,1898313.68634,3655,349101.3,766096.74944,0
1763397960000,2.1929,2.1962,2.1916,2.1946,333164.9,1763398019999,731099.61290,2668,124345.0,272805.23055,0
1763398020000,2.1945,2.1972,2.1916,2.1934,630594.4,1763398079999,1383217.22088,3334,250316.0,548979.28487,0
1763398080000,2.1933,2.1984,2.1928,2.1971,279925.8,1763398139999,614670.40690,2646,122566.7,269137.83008,0
1763398140000,2.1971,2.1981,2.1888,2.1914,697201.7,1763398199999,1528170.59162,3998,188178.8,412529.87460,0
1763398200000,2.1914,2.2031,2.1911,2.2023,450579.5,1763398259999,989410.11922,3457,232216.8,509805.24725,0
1763398260000,2.2022,2.2129,2.2016,2.2086,1382932.5,1763398319999,3054915.51036,6963,750628.6,1657867.88226,0
1763398320000,2.2086,2.2163,2.2074,2.2121,1156962.3,1763398379999,2560038.40074,6318,621784.2,1375884.29292,0
1763398380000,2.2122,2.2135,2.2100,2.2111,570881.5,1763398439999,1262706.05186,3050,195335.5,432074.23544,0
1763398440000,2.2110,2.2136,2.2101,2.2127,865609.5,1763398499999,1914582.05778,3552,399244.1,883123.54664,0
1763398500000,2.2126,2.2149,2.2084,2.2109,2577239.2,1763398559999,5699922.25113,5894,963547.8,2130940.15410,0
1763398560000,2.2109,2.2206,2.2109,2.2163,1788093.8,1763398619999,3963933.08618,6927,782867.0,1735618.84129,0
1763398620000,2.2163,2.2176,2.2148,2.2159,812232.8,1763398679999,1800030.48995,3704,300463.0,665924.46486,0
1763398680000,2.2159,2.2192,2.2151,2.2175,626659.8,1763398739999,1389610.00083,3235,289589.2,642131.46075,0
1763398740000,2.2175,2.2191,2.2162,2.2181,430918.2,1763398799999,955750.02094,2530,194641.6,431704.42120,0
1763398800000,2.2181,2.2205,2.2107,2.2123,1155246.3,1763398859999,2558350.83222,5270,417584.7,925286.90192,0
1763398860000,2.2122,2.2128,2.2083,2.2097,827381.8,1763398919999,1828813.76224,4235,410697.7,907846.56676,0
1763398920000,2.2097,2.2145,2.2086,2.2144,508111.0,1763398979999,1123627.09509,3001,304345.6,672881.45812,0
1763398980000,2.2144,2.2165,2.2115,2.2136,373525.9,1763399039999,827099.13384,2847,149377.8,330735.40831,0
1763399040000,2.2135,2.2156,2.2093,2.2106,467632.6,1763399099999,1034613.59727,3277,155847.1,344802.75245,0
1763399100000,2.2106,2.2158,2.2104,2.2129,520804.3,1763399159999,1153073.50961,3344,205584.6,455094.39409,0
1763399160000,2.2128,2.2128,2.2077,2.2093,689025.6,1763399219999,1522467.13160,3754,163828.9,361984.34422,0
1763399220000,2.2094,2.2127,2.2062,2.2072,663411.9,1763399279999,1465771.57288,3434,257144.1,568084.02272,0
1763399280000,2.2071,2.2102,2.2070,2.2102,357925.4,1763399339999,790459.26090,2549,238865.6,527527.48375,0
1763399340000,2.2103,2.2129,2.2083,2.2097,394126.8,1763399399999,871259.78194,2623,223240.9,493435.38969,0
1763399400000,2.2097,2.2120,2.2056,2.2056,393097.5,1763399459999,867996.26360,2970,198925.6,439262.17780,0
1763399460000,2.2056,2.2064,2.2008,2.2020,980184.9,1763399519999,2159776.04646,4211,587907.5,1295311.38081,0
1763399520000,2.2019,2.2020,2.1979,2.2011,583564.5,1763399579999,1283708.25979,3270,266783.3,586967.99864,0
1763399580000,2.2011,2.2016,2.1988,2.1988,300701.4,1763399639999,661664.95363,2036,99584.5,219121.30100,0
1763399640000,2.1988,2.2023,2.1983,2.2013,406085.7,1763399699999,893683.31782,1952,313261.2,689435.04771,0
1763399700000,2.2013,2.2019,2.1942,2.1950,964533.3,1763399759999,2118523.02526,3853,374966.1,823458.59422,0
1763399760000,2.1950,2.2022,2.1950,2.2002,455726.9,1763399819999,1001813.37356,2552,321244.6,706093.92942,0
1763399820000,2.2002,2.2002,2.1932,2.1945,390913.0,1763399879999,858627.39654,2599,119777.6,263126.30204,0
1763399880000,2.1945,2.1964,2.1929,2.1948,508913.0,1763399939999,1117006.65374,2732,323193.6,709376.19246,0
1763399940000,2.1947,2.1992,2.1924,2.1984,399447.4,1763399999999,876729.37270,2737,208685.9,458058.72674,0
1763400000000,2.1983,2.1985,2.1935,2.1950,340350.6,1763400059999,747169.99505,2091,207069.2,454502.78003,0
1763400060000,2.1950,2.1951,2.1886,2.1915,513448.6,1763400119999,1125142.83937,2782,231121.7,506496.02710,0
1763400120000,2.1916,2.1973,2.1910,2.1948,452592.3,1763400179999,993321.35538,2682,274857.4,603184.91621,0
1763400180000,2.1948,2.1962,2.1908,2.1939,415631.5,1763400239999,911619.62063,2340,279941.6,613996.49934,0
1763400240000,2.1938,2.1943,2.1901,2.1901,308323.4,1763400299999,675938.88927,1923,112083.2,245734.12054,0
1763400300000,2.1901,2.1904,2.1854,2.1864,838423.7,1763400359999,1833771.78136,4370,418248.5,914756.63586,0
1763400360000,2.1863,2.1902,2.1863,2.1880,321749.8,1763400419999,704225.55434,2215,184649.4,404116.77598,0
1763400420000,2.1879,2.1885,2.1854,2.1877,396062.6,1763400479999,866190.65390,2270,179996.1,393666.84262,0
1763400480000,2.1877,2.1877,2.1850,2.1860,212817.0,1763400539999,465252.85489,1764,102048.7,223085.57554,0
1763400540000,2.1861,2.1877,2.1851,2.1872,377789.4,1763400599999,826037.32585,2322,173971.0,380392.12950,0
1763400600000,2.1871,2.1878,2.1851,2.1855,443561.9,1763400659999,969869.83877,2304,200663.1,438791.23512,0
1763400660000,2.1855,2.1870,2.1840,2.1840,427271.7,1763400719999,933681.41730,2303,169894.8,371273.25805,0
1763400720000,2.1841,2.1855,2.1802,2.1819,559014.1,1763400779999,1220131.99359,2647,223292.4,487325.42340,0
1763400780000,2.1819,2.1822,2.1771,2.1775,920250.7,1763400839999,2005112.87928,3696,387298.2,843844.38713,0
1763400840000,2.1775,2.1823,2.1775,2.1812,756034.1,1763400899999,1648281.48896,3224,552651.5,1204850.43041,0
1763400900000,2.1813,2.1865,2.1808,2.1832,1448672.2,1763400959999,3163825.65329,4777,950914.9,2076912.10463,0
1763400960000,2.1831,2.1833,2.1805,2.1813,270120.1,1763401019999,589297.59307,2297,155598.6,339444.89402,0
1763401020000,2.1813,2.1825,2.1756,2.1767,391635.5,1763401079999,853278.16519,3136,171245.2,373136.52804,0
1763401080000,2.1767,2.1793,2.1762,2.1770,460895.4,1763401139999,1003823.01534,2732,187637.6,408718.40721,0
1763401140000,2.1771,2.1773,2.1733,2.1762,527681.6,1763401199999,1147779.71928,3058,195388.7,424990.61286,0
1763401200000,2.1761,2.1774,2.1710,2.1722,1170064.2,1763401259999,2543788.52250,4987,604083.1,1313700.99336,0
1763401260000,2.1721,2.1721,2.1694,2.1712,644049.0,1763401319999,1397776.24964,3183,259484.8,563155.39931,0
1763401320000,2.1712,2.1727,2.1680,2.1682,863104.7,1763401379999,1873289.11571,3943,428072.4,929299.10623,0
1763401380000,2.1681,2.1692,2.1663,2.1676,1296907.5,1763401439999,2811145.50182,4301,687379.1,1489933.71613,0
1763401440000,2.1676,2.1684,2.1632,2.1669,2411104.9,1763401499999,5221891.29114,6154,1067073.8,2311070.53549,0
1763401500000,2.1669,2.1671,2.1628,2.1641,802270.9,1763401559999,1736538.37893,3984,280087.6,606287.20896,0
1763401560000,2.1640,2.1696,2.1629,2.1668,739671.4,1763401619999,1602576.59078,3685,438545.8,950212.48081,0
1763401620000,2.1668,2.1668,2.1624,2.1638,671926.2,1763401679999,1454056.26659,3892,347329.3,751622.84143,0
1763401680000,2.1638,2.1670,2.1614,2.1664,1347721.2,1763401739999,2916442.64032,5066,671683.0,1453450.52397,0
1763401740000,2.1663,2.1734,2.1646,2.1698,1659135.6,1763401799999,3601753.20451,5953,739409.5,1604960.66943,0
1763401800000,2.1698,2.1719,2.1624,2.1642,806902.5,1763401859999,1748412.27265,3983,344031.1,745454.86263,0
1763401860000,2.1642,2.1711,2.1624,2.1667,1870491.2,1763401919999,4057151.35614,5063,674488.7,1462749.60161,0
1763401920000,2.1667,2.1674,2.1631,2.1649,484819.2,1763401979999,1049766.42599,3100,253714.9,549349.09214,0
1763401980000,2.1649,2.1671,2.1611,2.1637,710747.2,1763402039999,1537769.39780,3575,289346.5,626055.50481,0
1763402040000,2.1636,2.1636,2.1575,2.1596,2097292.6,1763402099999,4528870.21696,5379,1020013.0,2202228.84921,0
1763402100000,2.1595,2.1601,2.1572,2.1600,570185.2,1763402159999,1230782.22234,3260,311901.6,673233.18976,0
1763402160000,2.1600,2.1640,2.1598,2.1625,369486.1,1763402219999,798698.79098,2947,258707.1,559217.53688,0
1763402220000,2.1626,2.1666,2.1602,2.1646,597666.1,1763402279999,1293138.34864,3245,410838.3,888894.56077,0
1763402280000,2.1646,2.1666,2.1623,2.1637,498183.2,1763402339999,1078130.71216,2822,234204.7,506820.46892,0
1763402340000,2.1637,2.1639,2.1617,2.1632,243643.2,1763402399999,526973.46955,1348,125918.9,272368.25627,0
1763402400000,2.1632,2.1634,2.1588,2.1593,772772.2,1763402459999,1669865.80365,3697,291766.3,630501.62031,0
1763402460000,2.1592,2.1592,2.1562,2.1578,975716.4,1763402519999,2104986.53450,3386,437514.8,943781.42376,0
1763402520000,2.1578,2.1596,2.1500,2.1572,3084779.9,1763402579999,6644308.91956,9022,1066579.2,2297662.40429,0
1763402580000,2.1572,2.1635,2.1561,2.1578,1103397.6,1763402639999,2382575.13007,5327,637832.8,1377391.36116,0
1763402640000,2.1577,2.1610,2.1563,2.1594,1028977.2,1763402699999,2221567.91355,3947,610599.4,1318359.81948,0
1763402700000,2.1595,2.1651,2.1576,2.1602,1358682.9,1763402759999,2938253.47476,5271,666062.1,1440430.16951,0
1763402760000,2.1601,2.1686,2.1584,2.1638,1653116.4,1763402819999,3577556.02940,6633,917920.0,1986339.86662,0
1763402820000,2.1637,2.1637,2.1585,2.1629,785131.3,1763402879999,1696440.78801,3821,422457.0,912692.95420,0
1763402880000,2.1629,2.1658,2.1607,2.1650,948608.9,1763402939999,2051496.92052,3583,517127.5,1118421.22952,0
1763402940000,2.1649,2.1654,2.1606,2.1628,504799.2,1763402999999,1092062.02943,2702,196304.1,424714.52261,0
1763403000000,2.1628,2.1723,2.1623,2.1690,1358679.6,1763403059999,2946551.15517,4675,688378.7,1493060.55269,0
1763403060000,2.1690,2.1696,2.1622,2.1625,675541.9,1763403119999,1463202.60115,3316,218108.9,472518.49915,0
1763403120000,2.1625,2.1630,2.1546,2.1551,1669362.9,1763403179999,3604366.23095,4962,610104.0,1316490.35736,0
1763403180000,2.1551,2.1563,2.1523,2.1533,1178123.6,1763403239999,2538462.69320,4630,720357.4,1552260.62005,0
1763403240000,2.1533,2.1540,2.1468,2.1523,2255687.6,1763403299999,4849981.74550,7273,707514.0,1521575.90128,0
1763403300000,2.1523,2.1560,2.1469,2.1502,1865619.2,1763403359999,4010843.90891,6223,1020670.6,2194685.47093,0
1763403360000,2.1502,2.1538,2.1489,2.1524,720512.4,1763403419999,1550252.15893,4407,411459.7,885260.39597,0
1763403420000,2.1524,2.1584,2.1506,2.1556,795200.2,1763403479999,1713393.86612,4496,367413.4,791663.64825,0
1763403480000,2.1555,2.1565,2.1483,2.1544,739496.7,1763403539999,1591146.69384,4176,263511.6,567148.58995,0
1763403540000,2.1543,2.1553,2.1506,2.1519,361222.5,1763403599999,777678.35314,2805,172728.0,371852.64980,0
1763403600000,2.1520,2.1550,2.1476,2.1485,1264415.0,1763403659999,2720340.47310,5159,716366.5,1541092.47028,0
1763403660000,2.1485,2.1532,2.1474,2.1519,903591.6,1763403719999,1942789.41382,4973,559029.9,1201884.46714,0
1763403720000,2.1518,2.1521,2.1428,2.1455,1862177.4,1763403779999,3995350.56128,6698,936503.2,2009537.62199,0
1763403780000,2.1455,2.1473,2.1422,2.1463,588870.0,1763403839999,1263353.50825,3660,217996.0,467729.29772,0
1763403840000,2.1463,2.1494,2.1456,2.1478,618783.0,1763403899999,1328692.49118,2626,257352.8,552542.60203,0
1763403900000,2.1478,2.1528,2.1475,2.1519,690915.5,1763403959999,1485536.08222,2988,498109.7,1071044.67656,0
1763403960000,2.1518,2.1518,2.1469,2.1492,1081458.7,1763404019999,2324252.84506,3356,564805.6,1213871.82632,0
1763404020000,2.1491,2.1516,2.1471,2.1489,819885.3,1763404079999,1762013.08664,3410,330576.3,710454.37445,0
1763404080000,2.1488,2.1489,2.1465,2.1469,610391.5,1763404139999,1310918.04366,2658,262552.9,563883.97250,0
1763404140000,2.1469,2.1478,2.1422,2.1432,1516220.8,1763404199999,3251937.08627,4072,551295.5,1182394.66331,0
1763404200000,2.1432,2.1468,2.1422,2.1447,1236630.3,1763404259999,2651911.16970,4617,650798.6,1395854.77541,0
1763404260000,2.1447,2.1509,2.1427,2.1501,656454.7,1763404319999,1409468.73191,3674,359186.1,771232.43069,0
1763404320000,2.1500,2.1509,2.1450,2.1471,673208.9,1763404379999,1446014.70405,3689,297917.5,639980.68350,0
1763404380000,2.1471,2.1481,2.1432,2.1448,905195.8,1763404439999,1942272.87384,3742,617231.6,1324380.48335,0
1763404440000,2.1448,2.1471,2.1447,2.1456,202369.9,1763404499999,434261.57201,1890,131219.8,281581.64460,0
1763404500000,2.1457,2.1487,2.1441,2.1476,835929.8,1763404559999,1794268.71746,3115,492124.8,1056196.93313,0
1763404560000,2.1477,2.1482,2.1450,2.1458,673777.0,1763404619999,1446453.30435,2977,363877.8,781154.75497,0
1763404620000,2.1457,2.1475,2.1424,2.1424,879765.0,1763404679999,1886972.18353,3720,588479.3,1262191.73832,0
1763404680000,2.1424,2.1472,2.1396,2.1426,2084658.6,1763404739999,4466860.38977,7107,909990.1,1949677.89753,0
1763404740000,2.1425,2.1513,2.1410,2.1492,671797.8,1763404799999,1442487.05067,3403,474222.5,1018225.56068,0
1763404800000,2.1493,2.1495,2.1450,2.1451,411194.1,1763404859999,882800.48634,2447,204863.4,439850.97773,0
1763404860000,2.1451,2.1497,2.1443,2.1490,331324.6,1763404919999,711239.00300,1953,104136.5,223542.86307,0
1763404920000,2.1491,2.1537,2.1491,2.1529,569521.0,1763404979999,1225227.23624,3092,312013.8,671274.42275,0
1763404980000,2.1529,2.1529,2.1491,2.1501,598968.9,1763405039999,1287910.84990,2720,266613.6,573248.63928,0
1763405040000,2.1502,2.1559,2.1501,2.1553,385271.2,1763405099999,829323.04800,2630,245700.5,528952.18000,0
1763405100000,2.1553,2.1602,2.1540,2.1585,905315.7,1763405159999,1952928.82084,4546,411766.9,888231.67414,0
1763405160000,2.1586,2.1634,2.1559,2.1613,712573.8,1763405219999,1539202.78304,3935,396475.7,856513.65631,0
1763405220000,2.1613,2.1679,2.1610,2.1653,1743086.3,1763405279999,3775399.31702,5358,727491.5,1575624.47174,0
1763405280000,2.1653,2.1710,2.1649,2.1699,1109050.5,1763405339999,2404708.52210,4625,671557.0,1455807.30286,0
1763405340000,2.1699,2.1699,2.1617,2.1617,825817.7,1763405399999,1788199.78328,3706,260283.6,563522.46002,0
1763405400000,2.1617,2.1654,2.1615,2.1643,850225.0,1763405459999,1839567.61302,3578,475516.4,1028713.36199,0
1763405460000,2.1643,2.1650,2.1588,2.1592,1131802.5,1763405519999,2446831.67415,3931,424280.9,917533.88374,0
1763405520000,2.1591,2.1599,2.1532,2.1556,1012922.1,1763405579999,2183433.44880,3902,359292.8,774670.79732,0
1763405580000,2.1556,2.1600,2.1554,2.1595,387658.9,1763405639999,836650.96152,2508,273938.2,591212.26299,0
1763405640000,2.1595,2.1595,2.1537,2.1543,540381.5,1763405699999,1164507.37073,1950,149833.0,322972.69080,0
1763405700000,2.1542,2.1542,2.1475,2.1500,970766.2,1763405759999,2087195.67874,4093,518089.1,1113876.83813,0
1763405760000,2.1500,2.1526,2.1494,2.1504,310508.2,1763405819999,667858.05381,2218,125238.4,269365.22551,0
1763405820000,2.1503,2.1526,2.1495,2.1496,504021.0,1763405879999,1084286.14792,2850,221589.3,476679.66322,0
1763405880000,2.1495,2.1501,2.1462,2.1486,605959.9,1763405939999,1301827.05366,2839,273783.1,588147.52904,0
1763405940000,2.1487,2.1489,2.1472,2.1478,359531.2,1763405999999,772244.26332,1845,217622.1,467424.79238,0
1763406000000,2.1478,2.1511,2.1457,2.1508,750058.8,1763406059999,1611242.97179,3799,456776.3,981175.98471,0
1763406060000,2.1508,2.1535,2.1486,2.1486,722189.1,1763406119999,1553601.15047,3848,329926.5,709714.91856,0
1763406120000,2.1486,2.1488,2.1430,2.1443,695199.6,1763406179999,1492009.43741,3291,399904.6,858170.23348,0
1763406180000,2.1443,2.1443,2.1405,2.1416,539950.2,1763406239999,1156635.07040,2790,248656.8,532635.28149,0
1763406240000,2.1416,2.1449,2.1405,2.1446,630115.6,1763406299999,1350166.65850,2816,372328.5,797837.79904,0
1763406300000,2.1445,2.1450,2.1369,2.1450,1132175.9,1763406359999,2423444.75774,4709,575306.8,1231829.78197,0
1763406360000,2.1449,2.1488,2.1428,2.1460,604209.5,1763406419999,1296452.96623,4301,318135.1,682673.68296,0
1763406420000,2.1459,2.1484,2.1444,2.1464,399703.8,1763406479999,858070.81593,3261,211327.4,453684.51171,0
1763406480000,2.1464,2.1540,2.1461,2.1512,688010.4,1763406539999,1480330.42309,4281,414120.2,890864.76613,0
1763406540000,2.1511,2.1513,2.1480,2.1495,561650.7,1763406599999,1207493.64266,3160,230014.0,494498.68310,0
1763406600000,2.1494,2.1501,2.1414,2.1427,788811.9,1763406659999,1691569.68122,3965,323250.3,693044.52584,0
1763406660000,2.1428,2.1451,2.1421,2.1441,283977.6,1763406719999,608692.79565,2712,100750.9,215967.55956,0
1763406720000,2.1440,2.1448,2.1397,2.1398,480466.8,1763406779999,1029170.34876,2699,183934.2,393969.98211,0
1763406780000,2.1397,2.1413,2.1382,2.1398,755522.6,1763406839999,1616505.82705,3387,427080.0,913798.80695,0
1763406840000,2.1398,2.1405,2.1380,2.1403,569959.7,1763406899999,1219109.26910,2570,197322.3,422115.95383,0
1763406900000,2.1403,2.1414,2.1389,2.1402,473575.8,1763406959999,1013560.18161,2690,251269.6,537780.58960,0
1763406960000,2.1401,2.1413,2.1373,2.1400,1138541.6,1763407019999,2435316.06328,4554,380542.7,814104.65933,0
1763407020000,2.1400,2.1428,2.1359,2.1364,1164714.7,1763407079999,2490357.83093,4257,431270.0,922501.48572,0
1763407080000,2.1365,2.1375,2.1330,2.1330,1473265.6,1763407139999,3145760.51411,5682,558170.1,1191927.85715,0
1763407140000,2.1331,2.1349,2.1319,2.1345,1283561.1,1763407199999,2738649.71719,4934,886307.2,1891182.26145,0
1763407200000,2.1345,2.1398,2.1335,2.1374,865148.2,1763407259999,1848246.41754,4378,480317.2,1026187.29585,0
1763407260000,2.1375,2.1417,2.1353,2.1397,1397737.9,1763407319999,2989012.58465,4815,898464.6,1921344.12697,0
1763407320000,2.1397,2.1425,2.1379,2.1397,536095.0,1763407379999,1147653.85634,3575,275341.6,589439.34984,0
1763407380000,2.1397,2.1432,2.1390,2.1410,462008.9,1763407439999,989451.36904,3220,167738.0,359213.92217,0
1763407440000,2.1410,2.1416,2.1357,2.1357,379116.1,1763407499999,810601.94558,2689,116193.3,248444.86696,0
1763407500000,2.1357,2.1369,2.1316,2.1326,760159.5,1763407559999,1622276.29242,3675,320453.8,683750.72187,0
1763407560000,2.1327,2.1368,2.1327,2.1356,672026.5,1763407619999,1434881.42938,3097,510796.4,1090562.74088,0
1763407620000,2.1356,2.1396,2.1351,2.1388,980129.7,1763407679999,2094877.63910,3971,795548.5,1700328.00105,0
1763407680000,2.1388,2.1389,2.1364,2.1370,375251.7,1763407739999,802078.88957,2493,176539.4,377338.41076,0
1763407740000,2.1371,2.1413,2.1363,2.1408,954488.8,1763407799999,2041869.37511,3507,555052.8,1187346.90714,0
1763407800000,2.1408,2.1413,2.1379,2.1384,886469.3,1763407859999,1896952.24345,3530,521099.1,1115127.11848,0
1763407860000,2.1384,2.1388,2.1346,2.1353,461801.2,1763407919999,986565.10267,2877,259645.6,554704.02469,0
1763407920000,2.1352,2.1355,2.1271,2.1271,1542499.9,1763407979999,3285988.27566,5286,550528.8,1173187.53265,0
1763407980000,2.1271,2.1311,2.1255,2.1260,2239549.9,1763408039999,4767385.33401,6310,1520758.8,3237785.56854,0
1763408040000,2.1260,2.1402,2.1255,2.1384,3905600.8,1763408099999,8325167.13264,8412,3120427.5,6650704.93658,0
1763408100000,2.1383,2.1530,2.1308,2.1509,3534589.3,1763408159999,7576480.95750,10619,1607719.3,3444687.25209,0
1763408160000,2.1510,2.1530,2.1416,2.1444,1875502.2,1763408219999,4028570.84689,8747,920675.2,1977239.85887,0
1763408220000,2.1445,2.1461,2.1341,2.1348,1464263.0,1763408279999,3132439.29121,6193,781046.9,1670894.95628,0
1763408280000,2.1347,2.1387,2.1344,2.1357,891856.1,1763408339999,1905274.38699,4288,560544.5,1197533.91086,0
1763408340000,2.1357,2.1358,2.1312,2.1319,1059744.9,1763408399999,2260482.09771,3962,693259.0,1478719.85656,0
1763408400000,2.1319,2.1374,2.1314,2.1367,830368.9,1763408459999,1772288.12096,3568,594383.1,1268689.78580,0
1763408460000,2.1367,2.1378,2.1346,2.1347,650706.2,1763408519999,1390218.94829,3484,368254.5,786757.40916,0
1763408520000,2.1348,2.1367,2.1338,2.1347,518581.5,1763408579999,1107300.73953,2721,337598.4,720840.55279,0
1763408580000,2.1346,2.1357,2.1296,2.1336,1186570.9,1763408639999,2530638.03491,4185,616708.2,1315508.69939,0
1763408640000,2.1335,2.1369,2.1307,2.1311,525537.6,1763408699999,1120772.11633,2896,344332.0,734277.69587,0
1763408700000,2.1310,2.1323,2.1236,2.1248,2159163.6,1763408759999,4593598.76271,6934,850416.2,1808937.84302,0
1763408760000,2.1249,2.1253,2.1200,2.1239,3486713.7,1763408819999,7401385.46706,8736,1787622.5,3795303.28787,0
1763408820000,2.1238,2.1238,2.1202,2.1224,1224865.9,1763408879999,2599097.37989,4254,803569.1,1705104.93204,0
1763408880000,2.1223,2.1253,2.1196,2.1251,1373120.3,1763408939999,2912883.08023,4986,782797.3,1660734.43327,0
1763408940000,2.1250,2.1303,2.1235,2.1268,1422589.0,1763408999999,3026388.32487,5540,839599.1,1786312.10615,0
1763409000000,2.1269,2.1319,2.1247,2.1270,3245860.5,1763409059999,6906848.93827,7463,987110.8,2100858.27296,0
1763409060000,2.1270,2.1288,2.1223,2.1251,1225570.4,1763409119999,2605060.76962,5494,724019.7,1538990.21644,0
1763409120000,2.1251,2.1287,2.1238,2.1241,784905.8,1763409179999,1668451.84189,4047,480095.8,1020440.55473,0
1763409180000,2.1241,2.1258,2.1222,2.1237,661270.9,1763409239999,1404337.88770,3494,400086.7,849606.49543,0
1763409240000,2.1237,2.1271,2.1235,2.1255,559966.3,1763409299999,1190053.79233,2897,331263.7,703916.87303,0
1763409300000,2.1255,2.1262,2.1216,2.1261,503377.0,1763409359999,1069116.11267,2548,265448.8,563696.76962,0
1763409360000,2.1261,2.1265,2.1240,2.1254,392980.1,1763409419999,835066.63850,2157,218856.8,465019.02059,0
1763409420000,2.1254,2.1293,2.1248,2.1281,657239.9,1763409479999,1398384.03597,2712,438066.8,932013.80519,0
1763409480000,2.1281,2.1290,2.1250,2.1260,384513.4,1763409539999,818032.96033,2031,184555.0,392661.55515,0
1763409540000,2.1259,2.1275,2.1236,2.1258,317598.8,1763409599999,675063.54239,1958,107209.0,227861.43768,0
1763409600000,2.1257,2.1257,2.1200,2.1239,1328895.5,1763409659999,2820076.54447,4957,757450.6,1607507.88166,0
1763409660000,2.1238,2.1248,2.1174,2.1178,1188653.0,1763409719999,2521174.65749,4601,609845.2,1293509.30390,0
1763409720000,2.1179,2.1196,2.1151,2.1157,2023421.9,1763409779999,4284046.12778,5699,1019002.0,2157528.48151,0
1763409780000,2.1157,2.1189,2.1131,2.1134,1647668.3,1763409839999,3486321.36063,5148,692383.1,1465561.87658,0
1763409840000,2.1134,2.1275,2.1131,2.1269,2125948.7,1763409899999,4505291.92715,6564,1403704.9,2974935.31365,0
1763409900000,2.1269,2.1383,2.1247,2.1316,2416112.7,1763409959999,5155749.41187,8805,1035613.9,2209355.66586,0
1763409960000,2.1316,2.1322,2.1236,2.1249,1554262.0,1763410019999,3306069.89611,5828,767851.0,1633182.15598,0
1763410020000,2.1250,2.1262,2.1204,2.1228,758335.8,1763410079999,1609722.43266,4444,415713.1,882404.43924,0
1763410080000,2.1229,2.1240,2.1192,2.1227,831591.0,1763410139999,1764037.09821,3834,474872.6,1007355.49747,0
1763410140000,2.1228,2.1240,2.1197,2.1234,687124.5,1763410199999,1457931.51743,3171,366228.6,777047.11616,0
1763410200000,2.1234,2.1272,2.1225,2.1270,614887.2,1763410259999,1306926.05410,3824,429499.8,912907.31253,0
1763410260000,2.1270,2.1303,2.1240,2.1303,640476.9,1763410319999,1362216.08628,4007,361891.4,769800.32140,0
1763410320000,2.1303,2.1346,2.1262,2.1274,1940972.8,1763410379999,4133457.11206,7670,989162.5,2106574.80580,0
1763410380000,2.1274,2.1318,2.1274,2.1306,723623.2,1763410439999,1541562.91026,4066,358459.9,763648.89276,0
1763410440000,2.1306,2.1311,2.1277,2.1296,1012233.6,1763410499999,2155333.51084,3991,438382.1,933470.79622,0
1763410500000,2.1296,2.1330,2.1285,2.1317,1069330.2,1763410559999,2278434.02866,4159,471923.9,1005600.44805,0
1763410560000,2.1316,2.1385,2.1314,2.1332,1403368.7,1763410619999,2995896.40066,5849,586259.4,1251500.98273,0
1763410620000,2.1332,2.1374,2.1294,2.1369,1090261.3,1763410679999,2326441.63329,5273,470007.1,1003181.39834,0
1763410680000,2.1368,2.1393,2.1348,2.1385,680009.6,1763410739999,1453201.23575,4110,279296.6,596871.91473,0
1763410740000,2.1386,2.1390,2.1299,2.1300,714946.9,1763410799999,1526380.52577,3505,132970.8,284038.55693,0
1763410800000,2.1299,2.1387,2.1295,2.1357,1010702.3,1763410859999,2158182.64617,4244,568569.5,1214310.55713,0
1763410860000,2.1358,2.1364,2.1307,2.1320,829589.9,1763410919999,1769113.53849,3047,274219.7,584734.35997,0
1763410920000,2.1320,2.1335,2.1297,2.1324,834268.1,1763410979999,1778360.42291,3263,391148.3,833922.20878,0
1763410980000,2.1325,2.1398,2.1321,2.1388,774221.5,1763411039999,1654513.87295,3752,307718.1,657532.25240,0
1763411040000,2.1387,2.1410,2.1357,2.1365,921798.3,1763411099999,1970883.70820,3745,224499.1,480105.84660,0
1763411100000,2.1366,2.1431,2.1364,2.1418,783867.8,1763411159999,1677953.41447,3722,434314.4,929666.26753,0
1763411160000,2.1419,2.1440,2.1388,2.1388,913519.1,1763411219999,1955933.41491,3764,439379.3,940720.68379,0
1763411220000,2.1388,2.1402,2.1367,2.1378,545916.4,1763411279999,1167502.86784,2871,233737.7,499903.77893,0
1763411280000,2.1377,2.1393,2.1349,2.1352,881180.5,1763411339999,1882947.28135,2981,303603.5,648931.93806,0
1763411340000,2.1352,2.1357,2.1286,2.1324,1711814.2,1763411399999,3649052.67768,3516,587980.7,1253100.51897,0
1763411400000,2.1324,2.1376,2.1317,2.1337,3442036.5,1763411459999,7345307.12752,5604,2605471.3,5560103.93665,0
1763411460000,2.1338,2.1343,2.1237,2.1245,711714.7,1763411519999,1514656.29998,3761,253725.0,539900.91869,0
1763411520000,2.1244,2.1262,2.1205,2.1208,1193517.9,1763411579999,2534481.07989,4386,599898.5,1273966.88135,0
1763411580000,2.1208,2.1242,2.1178,2.1231,1015221.9,1763411639999,2153031.90504,4494,488603.1,1036506.74225,0
1763411640000,2.1230,2.1244,2.1201,2.1226,676895.4,1763411699999,1436462.23519,2824,403136.1,855442.46224,0
1763411700000,2.1225,2.1287,2.1220,2.1281,325915.5,1763411759999,692869.93502,2973,205806.3,437509.40041,0
1763411760000,2.1281,2.1351,2.1272,2.1341,642402.4,1763411819999,1369894.20486,3836,288541.9,615308.39323,0
1763411820000,2.1340,2.1361,2.1297,2.1300,483679.3,1763411879999,1031839.85893,2911,185291.2,395350.32253,0
1763411880000,2.1300,2.1312,2.1246,2.1261,411141.7,1763411939999,874806.07842,2388,158136.3,336477.80725,0
1763411940000,2.1261,2.1262,2.1200,2.1211,590081.9,1763411999999,1252395.23228,2661,274626.1,582852.64399,0
1763412000000,2.1210,2.1250,2.1204,2.1247,398131.4,1763412059999,845230.65074,2650,182215.2,386826.48692,0
1763412060000,2.1247,2.1251,2.1216,2.1246,303326.7,1763412119999,644083.45440,2158,144190.4,306155.35365,0
1763412120000,2.1246,2.1286,2.1243,2.1273,296450.6,1763412179999,630253.64699,2215,179492.0,381602.01186,0
1763412180000,2.1273,2.1275,2.1201,2.1215,1581321.2,1763412239999,3358543.94752,2650,203632.5,432193.63556,0
1763412240000,2.1214,2.1248,2.1214,2.1244,358772.5,1763412299999,761866.78468,2029,203338.2,431764.56738,0
1763412300000,2.1245,2.1285,2.1227,2.1272,291018.1,1763412359999,618712.47203,2461,109883.2,233622.98424,0
1763412360000,2.1273,2.1315,2.1236,2.1314,513748.3,1763412419999,1092568.75806,3126,358373.9,762219.97358,0
1763412420000,2.1314,2.1345,2.1306,2.1334,435203.0,1763412479999,928062.12034,2983,280047.8,597162.22093,0
1763412480000,2.1334,2.1379,2.1291,2.1359,909648.2,1763412539999,1939725.54141,3466,334134.7,712877.85061,0
1763412540000,2.1358,2.1394,2.1352,2.1359,796314.7,1763412599999,1702013.05161,3605,378982.9,809992.26479,0
1763412600000,2.1360,2.1438,2.1360,2.1437,3379451.8,1763412659999,7233491.73514,6266,1660515.0,3553866.13985,0
1763412660000,2.1437,2.1475,2.1381,2.1391,3709305.8,1763412719999,7953863.36643,8151,1916769.6,4110369.57947,0
1763412720000,2.1391,2.1425,2.1364,2.1391,921511.9,1763412779999,1970999.28983,3859,463180.4,990545.28439,0
1763412780000,2.1391,2.1392,2.1327,2.1340,699424.2,1763412839999,1493970.83296,3656,364568.4,778649.41000,0
1763412840000,2.1340,2.1346,2.1306,2.1340,1930424.5,1763412899999,4116387.64514,3983,524438.0,1118422.55646,0
1763412900000,2.1339,2.1432,2.1337,2.1413,1454588.2,1763412959999,3112263.98098,5533,896521.2,1917839.55750,0
1763412960000,2.1413,2.1444,2.1400,2.1419,562190.9,1763413019999,1204359.10384,2759,258089.8,552821.18522,0
1763413020000,2.1418,2.1420,2.1379,2.1399,900684.3,1763413079999,1927362.26313,3183,340171.0,727818.14744,0
1763413080000,2.1399,2.1416,2.1388,2.1411,351569.7,1763413139999,752302.70148,1786,147289.6,315184.78959,0
1763413140000,2.1411,2.1524,2.1383,2.1476,5477190.7,1763413199999,11752498.58249,10980,2637926.8,5660504.21214,0
1763413200000,2.1477,2.1519,2.1468,2.1482,2264335.2,1763413259999,4866859.93338,6587,1207747.6,2595812.38164,0
1763413260000,2.1481,2.1516,2.1438,2.1516,1222419.7,1763413319999,2626452.48269,4423,665947.9,1430981.83668,0
1763413320000,2.1516,2.1570,2.1497,2.1554,1235786.7,1763413379999,2662190.48170,4916,483248.6,1040838.91833,0
1763413380000,2.1554,2.1563,2.1503,2.1507,658167.0,1763413439999,1417777.85008,3128,297194.6,640216.15465,0
1763413440000,2.1507,2.1523,2.1431,2.1446,1165016.1,1763413499999,2501751.33849,4397,368707.1,791367.83577,0
1763413500000,2.1447,2.1513,2.1447,2.1475,1714345.9,1763413559999,3682712.76446,5140,942390.2,2024317.91512,0
1763413560000,2.1476,2.1510,2.1468,2.1491,828955.6,1763413619999,1781091.54031,3056,391199.6,840454.08852,0
1763413620000,2.1490,2.1508,2.1459,2.1499,621892.3,1763413679999,1336013.32514,2697,301338.0,647253.52025,0
1763413680000,2.1499,2.1564,2.1498,2.1544,1366817.0,1763413739999,2944591.75017,4071,681056.9,1467139.44806,0
1763413740000,2.1545,2.1552,2.1471,2.1515,1252846.2,1763413799999,2694887.93845,4029,505825.4,1087958.03619,0
1763413800000,2.1515,2.1524,2.1480,2.1484,415350.9,1763413859999,893402.72715,2503,215017.7,462495.95763,0
1763413860000,2.1484,2.1499,2.1463,2.1493,605035.9,1763413919999,1299681.79131,2746,282530.3,606884.01275,0
1763413920000,2.1493,2.1531,2.1481,2.1505,786425.0,1763413979999,1691187.38803,3066,527756.6,1134905.06520,0
1763413980000,2.1505,2.1505,2.1465,2.1481,582408.2,1763414039999,1251105.49724,2263,241287.1,518268.40556,0
1763414040000,2.1480,2.1498,2.1443,2.1483,567671.2,1763414099999,1218196.70979,2509,263670.4,565778.13052,0
1763414100000,2.1483,2.1483,2.1447,2.1449,325752.4,1763414159999,699132.38668,2379,86391.6,185408.94724,0
1763414160000,2.1449,2.1457,2.1404,2.1417,520366.2,1763414219999,1114952.67111,2855,160512.1,343991.93862,0
1763414220000,2.1416,2.1419,2.1391,2.1409,331882.4,1763414279999,710408.35285,2205,66031.9,141333.99965,0
1763414280000,2.1409,2.1416,2.1385,2.1388,160172.9,1763414339999,342815.28440,1477,52033.7,111374.71310,0
1763414340000,2.1388,2.1400,2.1362,2.1366,625861.9,1763414399999,1338272.67366,2465,230970.9,493885.08585,0
1763414400000,2.1365,2.1375,2.1328,2.1347,2253415.8,1763414459999,4810813.11755,5776,1508986.6,3221649.59345,0
1763414460000,2.1346,2.1496,2.1344,2.1470,9714488.0,1763414519999,20816480.43945,9348,6485572.6,13901554.54275,0
1763414520000,2.1470,2.1473,2.1404,2.1414,1188010.6,1763414579999,2545303.09578,2725,641308.3,1373728.72554,0
1763414580000,2.1414,2.1442,2.1402,2.1432,2359654.5,1763414639999,5054654.19592,3515,1783283.8,3819722.45274,0
1763414640000,2.1433,2.1534,2.1428,2.1512,3421103.1,1763414699999,7352828.80275,5032,2729942.0,5867577.39662,0
1763414700000,2.1512,2.1520,2.1489,2.1503,912245.8,1763414759999,1961853.94709,3101,390128.9,838983.57988,0
1763414760000,2.1504,2.1518,2.1484,2.1488,1416853.2,1763414819999,3045591.81374,3400,528029.8,1134974.70000,0
1763414820000,2.1488,2.1497,2.1440,2.1463,1496622.4,1763414879999,3213652.14883,3804,725127.2,1556833.30713,0
1763414880000,2.1464,2.1482,2.1464,2.1473,386946.3,1763414939999,830872.28288,1633,191924.3,412109.42437,0
1763414940000,2.1472,2.1523,2.1469,2.1512,576482.4,1763414999999,1239693.62744,2186,286183.0,615370.73737,0
1763415000000,2.1512,2.1519,2.1441,2.1449,770788.6,1763415059999,1655917.12720,2713,322887.8,693653.13849,0
1763415060000,2.1450,2.1451,2.1425,2.1443,724977.4,1763415119999,1554276.06196,2589,376987.7,808277.49542,0
1763415120000,2.1443,2.1490,2.1437,2.1489,383263.6,1763415179999,822780.38486,2210,253667.0,544562.67954,0
1763415180000,2.1489,2.1493,2.1464,2.1476,336923.7,1763415239999,723609.58142,1910,169922.6,364948.02584,0
1763415240000,2.1476,2.1476,2.1450,2.1462,209143.6,1763415299999,448878.26102,1518,58966.9,126551.72608,0
1763415300000,2.1461,2.1470,2.1450,2.1452,251325.3,1763415359999,539309.26774,1608,137867.3,295851.13704,0
1763415360000,2.1451,2.1451,2.1400,2.1407,585359.5,1763415419999,1254111.53178,2288,324440.1,695287.44933,0
1763415420000,2.1408,2.1409,2.1359,2.1391,521438.5,1763415479999,1114756.02060,2733,126500.7,270442.46732,0
1763415480000,2.1392,2.1416,2.1373,2.1393,291084.8,1763415539999,622700.26712,2020,106512.2,227870.09678,0
1763415540000,2.1393,2.1477,2.1391,2.1457,285527.6,1763415599999,612138.62146,2491,148517.2,318333.59437,0
1763415600000,2.1457,2.1467,2.1435,2.1462,195796.8,1763415659999,420034.82953,1622,81710.7,175295.54060,0
1763415660000,2.1463,2.1471,2.1440,2.1455,352006.7,1763415719999,755238.31223,1986,248753.2,533687.48082,0
1763415720000,2.1454,2.1495,2.1453,2.1462,507298.8,1763415779999,1089457.21842,2272,218191.8,468593.04009,0
1763415780000,2.1462,2.1511,2.1432,2.1499,746349.6,1763415839999,1602769.72456,3291,550911.3,1183040.77571,0
1763415840000,2.1499,2.1499,2.1418,2.1440,651331.4,1763415899999,1397115.87354,2791,416944.1,894077.51123,0
1763415900000,2.1440,2.1446,2.1393,2.1404,673166.5,1763415959999,1441734.53661,3222,232576.2,498163.68138,0
1763415960000,2.1405,2.1409,2.1366,2.1368,229589.2,1763416019999,490949.67733,1870,77603.1,165934.47150,0
1763416020000,2.1367,2.1413,2.1367,2.1382,288267.3,1763416079999,616666.64549,2112,140326.0,300141.98249,0
1763416080000,2.1381,2.1388,2.1356,2.1373,276245.4,1763416139999,590388.32989,2023,177802.4,380026.59475,0
1763416140000,2.1372,2.1393,2.1369,2.1388,228931.4,1763416199999,489564.15385,1809,152173.1,325417.43604,0
1763416200000,2.1388,2.1417,2.1368,2.1417,350637.2,1763416259999,749893.02987,2199,225821.0,482938.55854,0
1763416260000,2.1418,2.1448,2.1418,2.1435,501460.4,1763416319999,1074868.92749,2482,286328.6,613733.07534,0
1763416320000,2.1436,2.1445,2.1405,2.1435,278231.9,1763416379999,595939.30476,1791,190793.3,408654.40535,0
1763416380000,2.1436,2.1452,2.1421,2.1438,180740.0,1763416439999,387467.01196,1448,107083.9,229580.17041,0
1763416440000,2.1438,2.1470,2.1431,2.1453,320841.8,1763416499999,688255.20345,1461,152400.8,326841.57915,0
1763416500000,2.1453,2.1482,2.1443,2.1447,260235.3,1763416559999,558556.18365,1473,67586.1,145045.89269,0
1763416560000,2.1446,2.1464,2.1444,2.1459,188908.6,1763416619999,405313.55585,1048,109096.6,234074.24940,0
1763416620000,2.1459,2.1508,2.1456,2.1508,334588.2,1763416679999,718556.96980,1559,166041.9,356752.67404,0
1763416680000,2.1508,2.1522,2.1506,2.1506,247419.5,1763416739999,532281.13145,1277,93329.5,200792.63982,0
1763416740000,2.1506,2.1521,2.1503,2.1520,217727.3,1763416799999,468350.63820,1295,79035.7,170009.13170,0
1763416800000,2.1521,2.1525,2.1497,2.1517,463497.8,1763416859999,996804.74996,1827,275224.7,591860.76497,0
1763416860000,2.1516,2.1526,2.1487,2.1501,302869.7,1763416919999,651120.13081,1908,137284.6,295114.10242,0
1763416920000,2.1502,2.1502,2.1440,2.1456,481450.3,1763416979999,1033712.39776,2477,159683.8,342714.45999,0
1763416980000,2.1455,2.1495,2.1437,2.1495,292149.3,1763417039999,626749.60636,2042,193634.7,415419.03635,0
1763417040000,2.1494,2.1494,2.1432,2.1455,350064.6,1763417099999,751247.46189,2132,138825.7,297847.56931,0
1763417100000,2.1455,2.1517,2.1454,2.1489,750420.3,1763417159999,1612821.71651,3203,458630.0,985428.02734,0
1763417160000,2.1489,2.1518,2.1482,2.1510,459997.7,1763417219999,989030.14562,2235,122809.2,264061.86356,0
1763417220000,2.1510,2.1524,2.1496,2.1505,252120.8,1763417279999,542261.41449,1783,155676.1,334843.92534,0
1763417280000,2.1504,2.1533,2.1480,2.1501,623751.3,1763417339999,1341883.03365,2654,403954.6,869133.25464,0
1763417340000,2.1500,2.1545,2.1500,2.1531,688342.9,1763417399999,1481877.48785,2175,492440.6,1060173.78518,0
1763417400000,2.1531,2.1546,2.1514,2.1518,692527.4,1763417459999,1491280.05222,1971,384211.4,827460.94040,0
1763417460000,2.1518,2.1533,2.1506,2.1517,334841.1,1763417519999,720666.51918,1739,238872.8,514121.47974,0
1763417520000,2.1516,2.1564,2.1509,2.1559,439308.8,1763417579999,946202.23491,2392,281179.1,605694.65678,0
1763417580000,2.1559,2.1574,2.1549,2.1556,523430.8,1763417639999,1128498.66854,2443,329223.8,709800.15920,0
1763417640000,2.1556,2.1556,2.1501,2.1534,352097.1,1763417699999,757781.42384,2034,161785.0,348195.07493,0
1763417700000,2.1534,2.1576,2.1531,2.1563,445481.3,1763417759999,960304.65397,2260,276383.4,595874.95368,0
1763417760000,2.1563,2.1577,2.1551,2.1575,251719.7,1763417819999,542856.50356,1637,107090.2,230966.88470,0
1763417820000,2.1576,2.1613,2.1568,2.1591,679792.4,1763417879999,1467360.98217,2722,438966.4,947583.44580,0
1763417880000,2.1590,2.1600,2.1554,2.1554,514204.7,1763417939999,1109618.54917,1812,109558.6,236448.11115,0
1763417940000,2.1554,2.1572,2.1532,2.1559,703268.7,1763417999999,1515830.40366,2722,314413.3,677713.08058,0
1763418000000,2.1558,2.1568,2.1526,2.1558,349178.4,1763418059999,752483.98010,1766,147250.6,317303.67910,0
1763418060000,2.1558,2.1671,2.1548,2.1647,706944.9,1763418119999,1528501.11319,3585,500305.2,1081698.78095,0
1763418120000,2.1648,2.1651,2.1598,2.1599,359900.2,1763418179999,778170.09598,1881,203020.1,438951.02950,0
1763418180000,2.1598,2.1626,2.1583,2.1616,297544.1,1763418239999,642929.83768,1548,153460.9,331603.85742,0
1763418240000,2.1616,2.1658,2.1596,2.1603,1260884.1,1763418299999,2726019.85824,3905,705467.5,1525671.59044,0
1763418300000,2.1602,2.1625,2.1583,2.1594,568109.7,1763418359999,1227279.15211,2414,325060.5,702250.67405,0
1763418360000,2.1595,2.1604,2.1581,2.1586,246979.6,1763418419999,533252.98130,1616,102916.9,222202.69615,0
1763418420000,2.1586,2.1617,2.1582,2.1614,189186.4,1763418479999,408699.03304,1260,117842.6,254559.13181,0
1763418480000,2.1613,2.1635,2.1609,2.1633,304956.0,1763418539999,659411.02225,1395,110402.7,238709.01386,0
1763418540000,2.1634,2.1640,2.1613,2.1621,286939.5,1763418599999,620529.36861,1573,121264.4,262207.71546,0
1763418600000,2.1621,2.1621,2.1599,2.1601,275453.7,1763418659999,595113.00641,1098,126710.2,273734.68971,0
1763418660000,2.1601,2.1623,2.1601,2.1621,265822.4,1763418719999,574400.40196,974,184993.5,399729.68094,0
1763418720000,2.1620,2.1658,2.1620,2.1657,255163.1,1763418779999,552202.43717,1424,179569.7,388603.23887,0
1763418780000,2.1657,2.1678,2.1651,2.1678,352802.6,1763418839999,764208.42334,1197,230016.2,498285.87280,0
1763418840000,2.1678,2.1695,2.1668,2.1693,499277.8,1763418899999,1082519.34979,1507,286316.2,620850.06920,0
1763418900000,2.1693,2.1719,2.1687,2.1687,774059.3,1763418959999,1680019.96243,2722,378615.5,821861.39386,0
1763418960000,2.1688,2.1694,2.1675,2.1693,486129.4,1763419019999,1054056.23996,1318,218365.0,473488.15675,0
1763419020000,2.1694,2.1700,2.1694,2.1699,273858.6,1763419079999,594227.85163,712,140959.7,305859.48568,0
1763419080000,2.1699,2.1700,2.1699,2.1699,1233473.1,1763419139999,2676632.48179,574,1192021.0,2586685.57000,0
1763419140000,2.1699,2.1700,2.1682,2.1683,806412.1,1763419199999,1749148.41174,1873,190182.5,412461.70160,0
1763419200000,2.1684,2.1696,2.1657,2.1657,414888.2,1763419259999,899457.44323,1375,89512.9,194097.02436,0
1763419260000,2.1657,2.1673,2.1650,2.1673,392507.2,1763419319999,850256.64294,1391,205291.5,444743.81710,0
1763419320000,2.1672,2.1696,2.1663,2.1673,283079.6,1763419379999,613735.55943,1317,153006.7,331708.27212,0
1763419380000,2.1672,2.1673,2.1649,2.1656,782741.3,1763419439999,1695108.56991,1792,197995.0,428737.34030,0
1763419440000,2.1656,2.1675,2.1646,2.1674,186538.8,1763419499999,403934.74117,969,99971.3,216487.31759,0
1763419500000,2.1675,2.1692,2.1646,2.1646,231655.1,1763419559999,502013.04641,1202,71603.8,155206.84622,0
1763419560000,2.1646,2.1646,2.1619,2.1619,303259.6,1763419619999,655869.28193,1320,120308.4,260172.55832,0
1763419620000,2.1620,2.1634,2.1617,2.1631,271592.8,1763419679999,587265.38642,1153,168846.4,365086.82591,0
1763419680000,2.1631,2.1631,2.1577,2.1578,244195.3,1763419739999,527342.92443,1321,45234.2,97669.54798,0
1763419740000,2.1578,2.1593,2.1575,2.1592,284670.5,1763419799999,614385.59267,938,225205.5,486036.97408,0
1763419800000,2.1592,2.1650,2.1589,2.1639,253159.0,1763419859999,547223.24492,1343,196686.0,425094.33289,0
1763419860000,2.1639,2.1640,2.1631,2.1636,99285.8,1763419919999,214789.53890,430,61716.1,133511.60289,0
1763419920000,2.1635,2.1640,2.1609,2.1617,175820.6,1763419979999,380256.31377,885,74136.4,160341.01689,0
1763419980000,2.1617,2.1623,2.1611,2.1619,124452.6,1763420039999,269039.94878,689,69801.1,150889.46973,0
1763420040000,2.1619,2.1647,2.1619,2.1646,204343.0,1763420099999,442110.76904,1225,138056.7,298663.31769,0
1763420100000,2.1647,2.1650,2.1634,2.1649,144515.8,1763420159999,312748.17496,941,72001.0,155817.55567,0
1763420160000,2.1649,2.1649,2.1623,2.1625,111054.4,1763420219999,240283.45996,700,41141.0,89014.34108,0
1763420220000,2.1626,2.1650,2.1621,2.1645,219946.7,1763420279999,475927.21433,962,159879.5,345962.65062,0
1763420280000,2.1646,2.1652,2.1630,2.1644,191733.1,1763420339999,414919.81005,952,107003.9,231574.21965,0
1763420340000,2.1642,2.1642,2.1621,2.1631,62448.3,1763420399999,135072.46590,596,29393.0,63576.80805,0
1763420400000,2.1632,2.1645,2.1618,2.1625,262975.0,1763420459999,568780.06862,1410,124339.6,268919.81443,0
1763420460000,2.1624,2.1646,2.1598,2.1645,518383.9,1763420519999,1120555.41107,1848,176161.5,381035.49690,0
1763420520000,2.1645,2.1689,2.1643,2.1688,218276.0,1763420579999,472795.33056,1215,126306.4,273644.51060,0
1763420580000,2.1689,2.1711,2.1679,2.1692,464021.6,1763420639999,1006657.69572,2075,219589.2,476360.86019,0
1763420640000,2.1692,2.1692,2.1660,2.1675,370243.1,1763420699999,802658.51009,2208,173591.0,376335.89825,0
1763420700000,2.1676,2.1699,2.1676,2.1697,273503.8,1763420759999,593273.29530,1466,142103.6,308235.01332,0
1763420760000,2.1697,2.1716,2.1641,2.1657,702247.6,1763420819999,1523173.12587,2845,214016.4,464095.58979,0
1763420820000,2.1656,2.1656,2.1566,2.1577,1393496.1,1763420879999,3009744.09522,4405,291960.1,630560.70494,0
1763420880000,2.1578,2.1602,2.1577,2.1589,434863.4,1763420939999,938773.77134,1791,102783.0,221876.31106,0
1763420940000,2.1589,2.1626,2.1583,2.1615,208857.4,1763420999999,451317.49274,1606,131474.5,284111.67300,0
1763421000000,2.1616,2.1625,2.1599,2.1604,240742.6,1763421059999,520176.79837,1252,124517.3,269023.08720,0
1763421060000,2.1603,2.1608,2.1580,2.1580,275146.6,1763421119999,594274.72216,1340,110404.7,238445.05765,0
1763421120000,2.1580,2.1580,2.1525,2.1548,826013.2,1763421179999,1779676.29253,2552,254252.1,547846.34833,0
1763421180000,2.1547,2.1600,2.1547,2.1594,256680.1,1763421239999,553656.17988,1719,134641.5,290445.33537,0
1763421240000,2.1594,2.1599,2.1584,2.1588,128685.4,1763421299999,277850.38455,954,61143.9,132019.14916,0
1763421300000,2.1588,2.1589,2.1556,2.1587,299457.5,1763421359999,646006.64273,1712,129112.0,278540.36910,0
1763421360000,2.1587,2.1587,2.1536,2.1554,284340.0,1763421419999,612960.69487,1778,96582.0,208158.97192,0
1763421420000,2.1553,2.1571,2.1533,2.1559,460526.6,1763421479999,992295.29735,1691,138519.5,298554.09674,0
1763421480000,2.1558,2.1563,2.1548,2.1553,294983.7,1763421539999,635868.60087,1230,176442.0,380342.83634,0
1763421540000,2.1552,2.1552,2.1513,2.1538,553997.9,1763421599999,1192957.27543,2214,287307.7,618786.47699,0
1763421600000,2.1537,2.1592,2.1532,2.1578,400986.5,1763421659999,864996.23756,1903,207650.9,448013.94652,0
1763421660000,2.1577,2.1606,2.1571,2.1601,511546.6,1763421719999,1104659.48925,2052,328614.4,709610.78939,0
1763421720000,2.1600,2.1600,2.1553,2.1568,284176.5,1763421779999,613158.46015,1044,53967.5,116409.41261,0
1763421780000,2.1568,2.1581,2.1556,2.1556,212517.7,1763421839999,458369.84719,904,39856.0,85970.80440,0
1763421840000,2.1555,2.1578,2.1533,2.1573,250100.8,1763421899999,538994.91068,1521,118469.8,255378.58273,0
1763421900000,2.1573,2.1589,2.1554,2.1558,179367.6,1763421959999,386891.63946,1041,108165.1,233302.72862,0
1763421960000,2.1558,2.1581,2.1552,2.1553,495137.8,1763422019999,1067759.12183,1931,296070.8,638518.23813,0
1763422020000,2.1553,2.1564,2.1537,2.1552,278734.9,1763422079999,600603.82906,1066,190737.9,410981.68556,0
1763422080000,2.1552,2.1555,2.1501,2.1501,447705.0,1763422139999,963287.20965,1879,213656.6,459682.80303,0
1763422140000,2.1501,2.1518,2.1500,2.1510,266873.6,1763422199999,573994.88014,1260,121640.0,261632.73255,0
1763422200000,2.1511,2.1511,2.1482,2.1494,682265.8,1763422259999,1466416.17108,2139,277877.9,597266.88814,0
1763422260000,2.1494,2.1517,2.1494,2.1503,261690.2,1763422319999,562771.83266,1446,144335.7,310374.47745,0
1763422320000,2.1502,2.1523,2.1495,2.1514,173677.3,1763422379999,373600.84813,1229,105366.5,226671.52443,0
1763422380000,2.1514,2.1543,2.1511,2.1522,372208.2,1763422439999,801233.26394,1661,222393.6,478741.82350,0
1763422440000,2.1521,2.1560,2.1515,2.1553,162003.4,1763422499999,348912.68949,1157,89714.6,193229.74809,0
1763422500000,2.1552,2.1563,2.1539,2.1547,187563.0,1763422559999,404242.10912,1022,131694.4,283827.50286,0
1763422560000,2.1547,2.1589,2.1547,2.1589,162952.5,1763422619999,351539.64699,1084,101120.0,218146.33460,0
1763422620000,2.1589,2.1590,2.1554,2.1566,216504.5,1763422679999,466941.94209,1297,96615.8,208356.67927,0
1763422680000,2.1565,2.1594,2.1562,2.1593,142669.9,1763422739999,307813.54606,958,101567.4,219135.66181,0
1763422740000,2.1594,2.1617,2.1594,2.1617,199300.0,1763422799999,430529.89762,1333,115542.4,249597.92257,0
1763422800000,2.1616,2.1632,2.1606,2.1621,638284.8,1763422859999,1380067.46340,1620,142101.7,307245.25669,0
1763422860000,2.1620,2.1620,2.1574,2.1575,198534.9,1763422919999,428716.78914,1170,60509.7,130656.74870,0
1763422920000,2.1574,2.1583,2.1569,2.1571,211653.0,1763422979999,456674.45972,800,100246.9,216308.28560,0
1763422980000,2.1571,2.1605,2.1571,2.1580,147350.5,1763423039999,318078.70661,1025,60771.9,131179.37493,0
1763423040000,2.1579,2.1592,2.1567,2.1590,108112.1,1763423099999,233295.72743,837,59583.9,128580.51039,0
1763423100000,2.1590,2.1594,2.1574,2.1588,84065.6,1763423159999,181457.63174,896,41516.9,89610.88958,0
1763423160000,2.1589,2.1607,2.1570,2.1601,93465.8,1763423219999,201793.76161,1095,56378.2,121719.26940,0
1763423220000,2.1600,2.1602,2.1546,2.1558,646715.5,1763423279999,1394398.81530,2247,73363.5,158258.21684,0
1763423280000,2.1559,2.1595,2.1559,2.1575,90376.7,1763423339999,195005.25291,1032,41506.7,89554.74976,0
1763423340000,2.1575,2.1600,2.1563,2.1596,81847.7,1763423399999,176598.23108,915,49247.2,106263.15520,0
1763423400000,2.1596,2.1619,2.1596,2.1602,183081.1,1763423459999,395580.65695,1105,73217.6,158198.63175,0
1763423460000,2.1602,2.1628,2.1602,2.1623,156147.4,1763423519999,337537.15292,994,91385.2,197541.66481,0
1763423520000,2.1623,2.1635,2.1618,2.1621,216239.4,1763423579999,467661.95992,1052,149426.4,323182.41418,0
1763423580000,2.1621,2.1635,2.1617,2.1625,150591.4,1763423639999,325654.43612,914,83001.5,179491.38471,0
1763423640000,2.1624,2.1639,2.1615,2.1629,283213.0,1763423699999,612552.07317,1281,71359.4,154333.40839,0
1763423700000,2.1628,2.1644,2.1625,2.1640,235356.1,1763423759999,509220.50243,1230,125325.3,271145.30514,0
1763423760000,2.1640,2.1644,2.1629,2.1642,93347.9,1763423819999,201975.37964,740,47494.4,102768.03299,0
1763423820000,2.1641,2.1641,2.1622,2.1629,113094.0,1763423879999,244623.53537,683,47975.9,103765.48941,0
1763423880000,2.1628,2.1640,2.1621,2.1626,234189.7,1763423939999,506560.33780,1132,102882.3,222523.93152,0
1763423940000,2.1626,2.1628,2.1612,2.1622,230283.4,1763423999999,497896.79089,1117,80895.7,174897.22772,0
