open_time,open,high,low,close,volume,close_time,quote_volume,count,taker_buy_volume,taker_buy_quote_volume,ignore
1775692800000,1.3420,1.3420,1.3407,1.3408,472918.1,1775692859999,634338.07946,961,210501.3,282340.05212,0
1775692860000,1.3408,1.3411,1.3406,1.3409,102196.3,1775692919999,137036.44672,595,67397.4,90374.96336,0
1775692920000,1.3409,1.3412,1.3405,1.3406,255221.7,1775692979999,342214.34082,619,75433.0,101147.83503,0
1775692980000,1.3406,1.3408,1.3398,1.3399,473227.4,1775693039999,634314.36436,976,146877.7,196864.84217,0
1775693040000,1.3400,1.3403,1.3397,1.3402,163600.4,1775693099999,219197.83765,526,70009.0,93806.24923,0
1775693100000,1.3402,1.3404,1.3398,1.3401,125838.0,1775693159999,168633.97438,599,47211.6,63269.06779,0
1775693160000,1.3402,1.3424,1.3401,1.3416,411410.6,1775693219999,551839.23228,1075,204333.8,274082.73067,0
1775693220000,1.3416,1.3416,1.3402,1.3405,801516.1,1775693279999,1075048.74364,653,196094.7,262841.45646,0
1775693280000,1.3405,1.3408,1.3402,1.3407,136180.9,1775693339999,182539.85472,404,110896.7,148648.21014,0
1775693340000,1.3408,1.3408,1.3402,1.3403,90265.6,1775693399999,121006.58237,539,29219.9,39171.84795,0
1775693400000,1.3403,1.3403,1.3395,1.3398,182414.0,1775693459999,244389.71788,664,49305.7,66057.48760,0
1775693460000,1.3398,1.3408,1.3396,1.3408,96420.0,1775693519999,129220.70634,428,85547.8,114652.42803,0
1775693520000,1.3407,1.3408,1.3402,1.3402,43269.9,1775693579999,58006.75072,400,7223.5,9685.24177,0
1775693580000,1.3401,1.3404,1.3394,1.3404,204759.6,1775693639999,274346.28691,764,73049.5,97871.64956,0
1775693640000,1.3404,1.3409,1.3402,1.3405,141031.5,1775693699999,189060.02571,463,32161.8,43113.54603,0
1775693700000,1.3404,1.3407,1.3401,1.3402,125585.9,1775693759999,168338.92763,478,51077.6,68468.28961,0
1775693760000,1.3402,1.3411,1.3402,1.3405,90369.4,1775693819999,121164.93377,534,46785.1,62724.57591,0
1775693820000,1.3405,1.3406,1.3402,1.3405,38970.9,1775693879999,52238.42705,301,27818.0,37288.52898,0
1775693880000,1.3405,1.3406,1.3377,1.3379,399884.4,1775693939999,535297.12984,911,41387.8,55398.40340,0
1775693940000,1.3379,1.3390,1.3371,1.3390,1265053.9,1775693999999,1692499.81830,1764,269956.6,361225.40452,0
1775694000000,1.3389,1.3389,1.3378,1.3389,230937.0,1775694059999,309081.12399,719,87151.8,116635.91303,0
1775694060000,1.3389,1.3395,1.3378,1.3385,487045.5,1775694119999,652023.80855,929,230362.7,308385.19991,0
1775694120000,1.3386,1.3390,1.3382,1.3388,95860.6,1775694179999,128309.54297,442,68863.3,92171.80317,0
1775694180000,1.3389,1.3395,1.3389,1.3389,225970.6,1775694239999,302603.27611,565,198333.9,265590.06681,0
1775694240000,1.3390,1.3391,1.3380,1.3383,138740.1,1775694299999,185709.05138,538,47829.2,64014.52164,0
1775694300000,1.3383,1.3385,1.3378,1.3378,206034.6,1775694359999,275688.77323,688,47101.4,63035.20770,0
1775694360000,1.3378,1.3385,1.3374,1.3382,337074.7,1775694419999,451043.37497,876,162067.6,216853.44668,0
1775694420000,1.3381,1.3390,1.3381,1.3389,99792.1,1775694479999,133575.19589,359,98164.5,131396.22634,0
1775694480000,1.3389,1.3389,1.3377,1.3379,173229.2,1775694539999,231809.84702,624,53609.4,71736.83875,0
1775694540000,1.3380,1.3381,1.3360,1.3366,801134.0,1775694599999,1071035.90718,1437,175804.9,235057.66010,0
1775694600000,1.3366,1.3375,1.3356,1.3374,940175.2,1775694659999,1256444.19319,1791,448143.4,598965.53103,0
1775694660000,1.3374,1.3385,1.3374,1.3381,413409.9,1775694719999,553171.27860,1059,206423.7,276184.76091,0
1775694720000,1.3381,1.3382,1.3358,1.3361,357135.2,1775694779999,477409.54546,815,105720.4,141339.59372,0
1775694780000,1.3361,1.3367,1.3352,1.3356,628743.6,1775694839999,840019.44592,1012,175580.4,234560.19031,0
1775694840000,1.3355,1.3361,1.3352,1.3356,344547.8,1775694899999,460129.26617,644,134576.9,179727.58813,0
1775694900000,1.3357,1.3359,1.3348,1.3350,572535.5,1775694959999,764377.18782,807,103809.4,138612.66663,0
1775694960000,1.3349,1.3359,1.3347,1.3359,159111.0,1775695019999,212436.90156,516,118726.5,158526.36931,0
1775695020000,1.3358,1.3372,1.3355,1.3355,424402.1,1775695079999,567188.10403,973,259099.8,346302.49634,0
1775695080000,1.3354,1.3356,1.3339,1.3351,657457.5,1775695139999,877353.88856,1325,194858.6,260092.11425,0
1775695140000,1.3350,1.3353,1.3340,1.3340,217714.4,1775695199999,290632.92181,842,110145.4,147042.41559,0
1775695200000,1.3341,1.3348,1.3335,1.3346,604261.9,1775695259999,806204.90885,1390,216009.6,288203.50921,0
1775695260000,1.3346,1.3352,1.3341,1.3347,179787.8,1775695319999,239943.44647,589,93377.4,124621.29998,0
1775695320000,1.3346,1.3353,1.3342,1.3348,436622.6,1775695379999,582750.21682,601,190073.8,253730.91850,0
1775695380000,1.3347,1.3352,1.3342,1.3350,411150.6,1775695439999,548783.10135,763,178124.1,237760.71061,0
1775695440000,1.3349,1.3359,1.3348,1.3359,207331.3,1775695499999,276845.80380,515,123578.2,165003.13940,0
1775695500000,1.3359,1.3361,1.3350,1.3351,232961.2,1775695559999,311172.29148,458,72868.4,97332.76105,0
1775695560000,1.3351,1.3363,1.3349,1.3362,150906.1,1775695619999,201521.13589,630,83446.9,111444.93392,0
1775695620000,1.3363,1.3368,1.3358,1.3364,317377.2,1775695679999,424082.65730,576,205537.8,274641.49796,0
1775695680000,1.3363,1.3370,1.3355,1.3370,283869.7,1775695739999,379302.11526,727,192497.1,257202.68891,0
1775695740000,1.3369,1.3372,1.3361,1.3366,138760.2,1775695799999,185484.87572,465,85258.0,113966.74876,0
1775695800000,1.3366,1.3369,1.3355,1.3356,274621.8,1775695859999,367007.67819,649,106609.4,142489.59003,0
1775695860000,1.3355,1.3367,1.3352,1.3365,221568.0,1775695919999,295968.48189,638,148827.1,198807.67346,0
1775695920000,1.3364,1.3367,1.3360,1.3364,165371.9,1775695979999,220995.70785,453,100582.9,134413.80490,0
1775695980000,1.3364,1.3364,1.3357,1.3360,109895.4,1775696039999,146817.34633,463,52727.3,70443.05401,0
1775696040000,1.3359,1.3371,1.3358,1.3368,805816.3,1775696099999,1077065.13341,987,548110.3,732631.66908,0
1775696100000,1.3368,1.3389,1.3368,1.3386,904446.9,1775696159999,1210322.35346,1034,678336.3,907722.00542,0
1775696160000,1.3386,1.3395,1.3382,1.3393,491256.9,1775696219999,657759.30532,818,346796.4,464337.41943,0
1775696220000,1.3392,1.3399,1.3391,1.3394,454656.1,1775696279999,608991.16114,908,228203.4,305659.74724,0
1775696280000,1.3393,1.3401,1.3391,1.3393,578321.9,1775696339999,774802.64980,825,396238.8,530873.82968,0
1775696340000,1.3393,1.3395,1.3389,1.3389,92967.4,1775696399999,124503.21561,367,30691.1,41104.72341,0
1775696400000,1.3389,1.3395,1.3387,1.3393,257827.6,1775696459999,345302.20743,748,123688.8,165658.28473,0
1775696460000,1.3393,1.3396,1.3386,1.3387,225254.8,1775696519999,301632.85620,797,90108.3,120662.19125,0
1775696520000,1.3387,1.3389,1.3384,1.3385,115567.1,1775696579999,154709.08297,514,19064.9,25523.50039,0
1775696580000,1.3384,1.3393,1.3377,1.3392,410790.6,1775696639999,549794.06067,906,231425.0,309760.16348,0
1775696640000,1.3392,1.3396,1.3386,1.3395,104791.3,1775696699999,140331.86940,590,51119.7,68462.47789,0
1775696700000,1.3395,1.3398,1.3376,1.3377,142957.6,1775696759999,191364.82503,640,17847.6,23903.03070,0
1775696760000,1.3377,1.3386,1.3364,1.3372,390340.6,1775696819999,522001.38912,1141,78984.1,105627.66551,0
1775696820000,1.3372,1.3379,1.3331,1.3333,1314561.8,1775696879999,1754374.84978,2441,363363.2,484941.77937,0
1775696880000,1.3333,1.3341,1.3302,1.3307,5216365.6,1775696939999,6949778.48776,5350,1838476.7,2449627.48176,0
1775696940000,1.3307,1.3325,1.3293,1.3321,2174861.3,1775696999999,2893780.10327,2663,935055.2,1244431.63307,0
1775697000000,1.3320,1.3330,1.3316,1.3330,588672.7,1775697059999,784178.82258,1053,382042.8,508937.36648,0
1775697060000,1.3330,1.3336,1.3325,1.3329,289530.8,1775697119999,385983.63835,685,80321.1,107085.62673,0
1775697120000,1.3328,1.3337,1.3325,1.3329,309516.2,1775697179999,412678.46658,716,159775.2,213031.78897,0
1775697180000,1.3330,1.3331,1.3322,1.3325,295035.5,1775697239999,393133.21488,600,118533.2,157942.54284,0
1775697240000,1.3325,1.3328,1.3318,1.3320,382666.7,1775697299999,509857.99779,678,145000.8,193198.03603,0
1775697300000,1.3320,1.3329,1.3315,1.3315,519202.8,1775697359999,691703.72978,774,316077.9,421094.14279,0
1775697360000,1.3316,1.3316,1.3303,1.3306,887046.4,1775697419999,1180443.69750,1128,613563.0,816501.11031,0
1775697420000,1.3307,1.3308,1.3292,1.3292,458716.1,1775697479999,610035.38147,1050,107664.8,143184.22879,0
1775697480000,1.3293,1.3302,1.3288,1.3290,954284.7,1775697539999,1268648.06105,1306,420078.4,558481.18664,0
1775697540000,1.3291,1.3296,1.3286,1.3293,973979.5,1775697599999,1294527.79299,1386,597548.9,794216.63789,0
1775697600000,1.3292,1.3301,1.3292,1.3299,432112.6,1775697659999,574604.69489,719,237492.3,315803.61634,0
1775697660000,1.3299,1.3308,1.3298,1.3301,663205.3,1775697719999,882273.44881,831,382423.5,508727.70776,0
1775697720000,1.3302,1.3304,1.3287,1.3288,359658.5,1775697779999,478131.97154,708,151716.2,201708.20826,0
1775697780000,1.3289,1.3289,1.3267,1.3267,1750640.8,1775697839999,2323774.99367,2302,621567.2,825073.52097,0
1775697840000,1.3267,1.3274,1.3263,1.3273,841376.8,1775697899999,1116437.08413,1243,447290.2,593511.91254,0
1775697900000,1.3272,1.3280,1.3268,1.3272,541886.0,1775697959999,719343.36778,1037,220889.6,293230.32045,0
1775697960000,1.3271,1.3286,1.3271,1.3275,532176.9,1775698019999,706628.37683,1077,264934.1,351783.27836,0
1775698020000,1.3275,1.3285,1.3275,1.3280,326430.6,1775698079999,433578.20065,615,100831.7,133918.08265,0
1775698080000,1.3280,1.3282,1.3270,1.3271,250754.6,1775698139999,332860.69588,610,79042.3,104912.33269,0
1775698140000,1.3271,1.3273,1.3266,1.3268,633266.9,1775698199999,840246.06273,831,296539.8,393453.22230,0
1775698200000,1.3267,1.3269,1.3258,1.3268,1016161.4,1775698259999,1347736.37709,1579,442231.0,586601.92319,0
1775698260000,1.3267,1.3291,1.3265,1.3290,769268.1,1775698319999,1021715.85191,1747,368247.0,489034.46334,0
1775698320000,1.3289,1.3305,1.3286,1.3297,1390635.5,1775698379999,1848906.67307,2131,784554.7,1043190.42452,0
1775698380000,1.3297,1.3308,1.3297,1.3298,478319.8,1775698439999,636238.67953,1001,198201.1,263636.64264,0
1775698440000,1.3297,1.3310,1.3291,1.3291,1188260.4,1775698499999,1580882.10548,1560,598137.3,795836.98603,0
1775698500000,1.3291,1.3294,1.3282,1.3286,454027.2,1775698559999,603385.93904,981,237864.4,316120.09773,0
1775698560000,1.3286,1.3288,1.3277,1.3277,558391.4,1775698619999,741717.26893,881,135687.9,180240.71986,0
1775698620000,1.3276,1.3304,1.3261,1.3285,4859910.5,1775698679999,6454416.99225,3989,2806833.4,3727818.24011,0
1775698680000,1.3284,1.3291,1.3276,1.3291,959463.0,1775698739999,1274301.81983,1022,663548.4,881289.98736,0
1775698740000,1.3292,1.3307,1.3291,1.3302,540143.9,1775698799999,718435.35753,1028,242922.7,323058.08904,0
1775698800000,1.3303,1.3307,1.3300,1.3306,129132.7,1775698859999,171791.80350,508,69526.2,92496.99779,0
1775698860000,1.3306,1.3307,1.3298,1.3302,393341.4,1775698919999,523303.20303,798,199071.9,264855.21183,0
1775698920000,1.3301,1.3306,1.3300,1.3305,70999.3,1775698979999,94449.32059,305,35403.1,47095.28095,0
1775698980000,1.3305,1.3310,1.3304,1.3305,240120.3,1775699039999,319541.59194,590,132512.2,176344.01013,0
1775699040000,1.3306,1.3309,1.3302,1.3308,178760.4,1775699099999,237855.03932,439,71719.3,95427.22807,0
1775699100000,1.3308,1.3313,1.3308,1.3312,112142.8,1775699159999,149272.59379,567,39649.1,52777.99922,0
1775699160000,1.3312,1.3315,1.3306,1.3306,150119.0,1775699219999,199841.10028,678,43171.0,57475.40980,0
1775699220000,1.3306,1.3306,1.3295,1.3297,196439.0,1775699279999,261283.77559,713,45240.2,60156.96802,0
1775699280000,1.3297,1.3304,1.3294,1.3304,218574.5,1775699339999,290652.42270,616,89746.9,119348.41158,0
1775699340000,1.3305,1.3319,1.3305,1.3314,393789.2,1775699399999,524323.50970,846,172706.8,229916.47338,0
1775699400000,1.3315,1.3339,1.3315,1.3333,453890.7,1775699459999,604947.76550,1052,316443.6,421695.57960,0
1775699460000,1.3332,1.3333,1.3326,1.3327,169999.9,1775699519999,226630.85379,437,57460.2,76605.70904,0
1775699520000,1.3327,1.3336,1.3327,1.3329,245094.7,1775699579999,326742.70728,541,153498.2,204616.98090,0
1775699580000,1.3329,1.3353,1.3327,1.3332,1611676.4,1775699639999,2149779.75700,1510,1271197.8,1695691.32913,0
1775699640000,1.3332,1.3341,1.3331,1.3337,219089.0,1775699699999,292201.47310,463,133312.0,177809.93697,0
1775699700000,1.3337,1.3338,1.3328,1.3333,183023.1,1775699759999,244038.23771,472,47870.1,63826.58931,0
1775699760000,1.3333,1.3335,1.3330,1.3334,144197.8,1775699819999,192251.42653,376,47800.9,63730.28468,0
1775699820000,1.3333,1.3333,1.3328,1.3329,61554.8,1775699879999,82051.07960,289,30559.9,40734.92807,0
1775699880000,1.3329,1.3334,1.3327,1.3333,74759.6,1775699939999,99658.69687,375,54031.5,72029.14384,0
1775699940000,1.3333,1.3338,1.3333,1.3337,85750.7,1775699999999,114349.12133,288,69510.5,92693.18276,0
1775700000000,1.3337,1.3352,1.3336,1.3352,678476.7,1775700059999,905315.92488,1263,408428.7,545005.99421,0
1775700060000,1.3352,1.3357,1.3348,1.3349,283740.2,1775700119999,378834.22976,854,127579.5,170339.97344,0
1775700120000,1.3348,1.3354,1.3342,1.3342,362715.7,1775700179999,484209.85942,811,107934.3,144101.94809,0
1775700180000,1.3341,1.3342,1.3332,1.3338,615763.9,1775700239999,821257.15690,974,209189.4,278988.23301,0
1775700240000,1.3338,1.3340,1.3331,1.3335,155641.1,1775700299999,207575.06922,646,62119.1,82851.97828,0
1775700300000,1.3336,1.3343,1.3335,1.3343,77846.4,1775700359999,103843.23044,608,23314.3,31100.25328,0
1775700360000,1.3343,1.3349,1.3340,1.3341,85819.1,1775700419999,114521.17875,568,40184.5,53625.00727,0
1775700420000,1.3340,1.3346,1.3337,1.3345,341341.1,1775700479999,455437.08031,752,244625.7,326406.64428,0
1775700480000,1.3346,1.3351,1.3342,1.3351,78603.7,1775700539999,104896.36373,470,32503.3,43378.59562,0
1775700540000,1.3351,1.3352,1.3344,1.3344,144123.0,1775700599999,192397.79674,582,47903.5,63956.79396,0
1775700600000,1.3344,1.3344,1.3336,1.3337,164749.5,1775700659999,219799.20808,502,85285.8,113793.52035,0
1775700660000,1.3336,1.3339,1.3335,1.3336,62610.0,1775700719999,83501.17394,414,37754.2,50352.58158,0
1775700720000,1.3336,1.3336,1.3331,1.3331,210422.7,1775700779999,280566.39415,494,23099.9,30800.92029,0
1775700780000,1.3331,1.3332,1.3320,1.3325,159932.9,1775700839999,213136.15115,604,41803.7,55695.61059,0
1775700840000,1.3324,1.3326,1.3320,1.3323,96073.4,1775700899999,128003.59951,445,26531.7,35348.70656,0
1775700900000,1.3323,1.3325,1.3318,1.3322,162601.8,1775700959999,216618.86576,521,68982.3,91893.16548,0
1775700960000,1.3322,1.3331,1.3320,1.3329,251514.5,1775701019999,335137.14017,633,158700.7,211473.56339,0
1775701020000,1.3328,1.3336,1.3328,1.3336,65864.0,1775701079999,87802.15807,417,44187.0,58907.69173,0
1775701080000,1.3335,1.3346,1.3335,1.3341,87648.1,1775701139999,116943.49111,450,60831.6,81164.10892,0
1775701140000,1.3341,1.3357,1.3340,1.3357,168628.0,1775701199999,225113.17446,562,83420.8,111361.76528,0
1775701200000,1.3356,1.3358,1.3347,1.3348,141361.1,1775701259999,188776.15656,441,83634.7,111690.32364,0
1775701260000,1.3347,1.3352,1.3343,1.3344,63296.3,1775701319999,84484.30465,339,29948.8,39972.94052,0
1775701320000,1.3344,1.3345,1.3341,1.3343,49293.1,1775701379999,65773.20066,280,27872.8,37190.76426,0
1775701380000,1.3344,1.3347,1.3341,1.3343,90068.4,1775701439999,120181.48072,361,54344.0,72515.83365,0
1775701440000,1.3344,1.3350,1.3343,1.3349,32851.0,1775701499999,43848.14617,197,30269.7,40402.42404,0
1775701500000,1.3350,1.3355,1.3345,1.3345,115789.1,1775701559999,154575.35973,347,31739.0,42371.79463,0
1775701560000,1.3345,1.3353,1.3345,1.3352,53071.1,1775701619999,70845.94127,317,44198.1,58999.47538,0
1775701620000,1.3351,1.3359,1.3348,1.3356,150055.3,1775701679999,200385.90766,521,96380.2,128720.44215,0
1775701680000,1.3356,1.3357,1.3347,1.3347,180071.6,1775701739999,240410.10662,438,28742.2,38381.33130,0
1775701740000,1.3347,1.3353,1.3346,1.3347,122492.9,1775701799999,163535.63951,295,48034.5,64125.24573,0
1775701800000,1.3347,1.3350,1.3343,1.3349,111640.7,1775701859999,149005.76878,484,81944.6,109369.64554,0
1775701860000,1.3350,1.3352,1.3344,1.3346,117064.7,1775701919999,156266.66918,392,42279.9,56433.23817,0
1775701920000,1.3346,1.3352,1.3346,1.3352,65214.7,1775701979999,87060.38676,247,55397.4,73953.42732,0
1775701980000,1.3351,1.3352,1.3348,1.3349,115580.7,1775702039999,154300.31449,397,44948.0,60007.31286,0
1775702040000,1.3350,1.3351,1.3339,1.3339,260266.1,1775702099999,347382.24352,414,150695.6,201167.48809,0
1775702100000,1.3339,1.3342,1.3336,1.3340,117035.7,1775702159999,156124.36227,300,39536.8,52739.13390,0
1775702160000,1.3340,1.3344,1.3336,1.3336,70407.7,1775702219999,93925.24564,331,32223.8,42988.91268,0
1775702220000,1.3337,1.3337,1.3324,1.3325,132729.7,1775702279999,176919.57798,437,18429.5,24569.25718,0
1775702280000,1.3325,1.3329,1.3322,1.3329,124775.0,1775702339999,166258.95630,362,57485.5,76601.97836,0
1775702340000,1.3329,1.3334,1.3326,1.3327,542544.1,1775702399999,723153.52353,752,57362.9,76467.20152,0
1775702400000,1.3326,1.3327,1.3319,1.3325,183250.6,1775702459999,244136.31190,469,84585.3,112688.36966,0
1775702460000,1.3324,1.3325,1.3312,1.3318,373513.5,1775702519999,497345.41459,652,141380.3,188249.70545,0
1775702520000,1.3319,1.3333,1.3311,1.3333,448194.6,1775702579999,597127.44813,779,314002.8,418406.26577,0
1775702580000,1.3333,1.3337,1.3327,1.3335,104677.9,1775702639999,139560.31188,390,68424.9,91223.43879,0
1775702640000,1.3336,1.3337,1.3327,1.3337,169092.8,1775702699999,225450.32696,503,87219.3,116287.04390,0
1775702700000,1.3336,1.3339,1.3333,1.3338,161006.6,1775702759999,214724.07234,446,97865.6,130519.35446,0
1775702760000,1.3337,1.3349,1.3335,1.3340,346108.1,1775702819999,461780.48700,644,252115.6,336351.94205,0
1775702820000,1.3341,1.3341,1.3333,1.3336,344375.9,1775702879999,459284.78088,499,152486.1,203347.97174,0
1775702880000,1.3335,1.3336,1.3328,1.3329,49220.2,1775702939999,65619.61825,236,5262.0,7015.78651,0
1775702940000,1.3328,1.3342,1.3328,1.3340,413166.0,1775702999999,550812.33678,697,379829.3,506350.96058,0
1775703000000,1.3340,1.3346,1.3340,1.3340,113889.2,1775703059999,151968.02340,281,85585.4,114202.68444,0
1775703060000,1.3340,1.3348,1.3340,1.3344,247042.5,1775703119999,329662.05705,631,152389.4,203349.23638,0
1775703120000,1.3344,1.3350,1.3342,1.3344,156822.4,1775703179999,209298.03190,464,98447.4,131393.25619,0
1775703180000,1.3345,1.3347,1.3340,1.3346,74816.9,1775703239999,99826.57824,358,43187.4,57626.62137,0
1775703240000,1.3346,1.3347,1.3340,1.3341,269948.2,1775703299999,360167.17852,475,47755.9,63720.21981,0
1775703300000,1.3341,1.3342,1.3338,1.3338,62298.9,1775703359999,83110.85746,253,39908.0,53241.15634,0
1775703360000,1.3338,1.3338,1.3335,1.3335,136794.4,1775703419999,182439.50608,343,107493.9,143363.61741,0
1775703420000,1.3335,1.3336,1.3333,1.3333,141141.7,1775703479999,188220.83088,343,98974.4,131990.73343,0
1775703480000,1.3333,1.3336,1.3332,1.3332,117899.1,1775703539999,157206.77967,287,57889.4,77190.48930,0
1775703540000,1.3332,1.3336,1.3331,1.3334,108045.2,1775703599999,144067.96538,375,42247.8,56332.04180,0
1775703600000,1.3335,1.3336,1.3331,1.3331,263205.3,1775703659999,350943.95737,562,60457.5,80607.28457,0
1775703660000,1.3332,1.3333,1.3328,1.3329,145657.2,1775703719999,194170.55996,473,87501.2,116649.12155,0
1775703720000,1.3329,1.3335,1.3329,1.3331,56633.1,1775703779999,75506.53342,382,34871.8,46492.10369,0
1775703780000,1.3331,1.3333,1.3329,1.3332,79400.8,1775703839999,105853.89145,431,46385.1,61837.93594,0
1775703840000,1.3333,1.3341,1.3332,1.3341,110426.2,1775703899999,147267.96331,497,107088.4,142817.59008,0
1775703900000,1.3341,1.3352,1.3335,1.3339,332163.7,1775703959999,443180.37948,977,76670.9,102313.26647,0
1775703960000,1.3339,1.3340,1.3334,1.3334,42158.4,1775704019999,56229.22683,255,10090.8,13460.47482,0
1775704020000,1.3335,1.3335,1.3329,1.3334,105852.7,1775704079999,141127.40714,505,43440.3,57916.20761,0
1775704080000,1.3335,1.3336,1.3331,1.3336,118517.1,1775704139999,158012.65601,390,91891.7,122515.34426,0
1775704140000,1.3335,1.3339,1.3331,1.3331,116849.4,1775704199999,155840.17061,379,73417.3,97916.74578,0
1775704200000,1.3332,1.3332,1.3326,1.3329,144192.1,1775704259999,192195.87172,419,84751.2,112965.93596,0
1775704260000,1.3329,1.3336,1.3329,1.3333,48443.4,1775704319999,64587.22191,323,35167.2,46885.87699,0
1775704320000,1.3334,1.3338,1.3333,1.3337,43152.3,1775704379999,57546.50416,267,31021.7,41369.16956,0
1775704380000,1.3338,1.3342,1.3334,1.3334,381082.2,1775704439999,508310.14763,671,72428.9,96620.46123,0
1775704440000,1.3333,1.3338,1.3333,1.3333,247305.5,1775704499999,329777.06249,396,122230.2,162999.06381,0
1775704500000,1.3333,1.3342,1.3331,1.3337,278970.7,1775704559999,372070.11899,592,187786.8,250456.27517,0
1775704560000,1.3337,1.3348,1.3337,1.3347,499078.5,1775704619999,665847.59870,713,311839.4,416059.03813,0
1775704620000,1.3348,1.3349,1.3340,1.3340,373204.1,1775704679999,498127.51455,584,130318.4,173949.98783,0
1775704680000,1.3340,1.3344,1.3337,1.3343,215124.9,1775704739999,286995.24782,385,167087.0,222910.04481,0
1775704740000,1.3343,1.3360,1.3342,1.3358,1239950.6,1775704799999,1655744.98186,1641,777997.0,1038888.12222,0
1775704800000,1.3358,1.3362,1.3307,1.3319,5268321.1,1775704859999,7023085.29928,4644,1811382.1,2413459.02120,0
1775704860000,1.3320,1.3328,1.3319,1.3323,248567.9,1775704919999,331190.90127,523,201953.7,269080.89226,0
1775704920000,1.3324,1.3324,1.3317,1.3320,490248.3,1775704979999,653061.81148,392,49058.9,65345.36051,0
1775704980000,1.3319,1.3323,1.3318,1.3323,95290.0,1775705039999,126933.79953,307,84350.3,112362.54348,0
1775705040000,1.3323,1.3327,1.3322,1.3326,34077.1,1775705099999,45409.81674,219,31889.0,42494.17202,0
1775705100000,1.3326,1.3329,1.3322,1.3322,304354.7,1775705159999,405596.84137,503,24196.8,32247.07301,0
1775705160000,1.3323,1.3323,1.3318,1.3319,70162.8,1775705219999,93462.14844,315,21156.9,28183.89095,0
1775705220000,1.3318,1.3318,1.3295,1.3302,1923577.5,1775705279999,2559689.34094,1969,445731.4,593213.66847,0
1775705280000,1.3302,1.3302,1.3295,1.3296,244906.5,1775705339999,325688.15384,546,51023.2,67850.94114,0
1775705340000,1.3296,1.3301,1.3296,1.3300,118665.8,1775705399999,157819.37576,348,83785.6,111432.75900,0
1775705400000,1.3300,1.3317,1.3299,1.3309,955183.1,1775705459999,1271242.88253,1059,797242.0,1061076.15029,0
1775705460000,1.3310,1.3310,1.3301,1.3305,362181.4,1775705519999,481887.48968,754,51484.1,68503.14391,0
1775705520000,1.3304,1.3309,1.3304,1.3305,34768.9,1775705579999,46265.25413,311,9051.7,12044.06685,0
1775705580000,1.3305,1.3308,1.3298,1.3308,430095.5,1775705639999,572125.37770,711,171429.8,228064.98999,0
1775705640000,1.3308,1.3309,1.3307,1.3308,51126.0,1775705699999,68039.56904,230,30616.1,40745.03554,0
1775705700000,1.3308,1.3316,1.3308,1.3316,98176.9,1775705759999,130711.38724,373,67973.8,90496.33024,0
1775705760000,1.3316,1.3316,1.3308,1.3308,72212.7,1775705819999,96138.25922,404,5892.8,7846.58330,0
1775705820000,1.3308,1.3311,1.3307,1.3309,49701.1,1775705879999,66145.01089,331,22768.1,30302.23481,0
1775705880000,1.3310,1.3310,1.3307,1.3308,12294.2,1775705939999,16361.36646,165,5807.0,7727.95856,0
1775705940000,1.3308,1.3315,1.3308,1.3315,141694.0,1775705999999,188600.02383,360,130419.7,173592.82393,0
1775706000000,1.3316,1.3317,1.3303,1.3309,158948.1,1775706059999,211553.87805,569,56827.5,75622.81766,0
1775706060000,1.3310,1.3310,1.3302,1.3302,113659.2,1775706119999,151250.23288,365,6224.0,8283.60521,0
1775706120000,1.3303,1.3303,1.3298,1.3298,43728.6,1775706179999,58160.67187,214,2090.6,2780.65656,0
1775706180000,1.3297,1.3298,1.3293,1.3293,187649.5,1775706239999,249497.39823,373,32672.2,43445.98419,0
1775706240000,1.3293,1.3316,1.3293,1.3306,1198929.7,1775706299999,1595168.67100,1230,937192.1,1246848.80262,0
1775706300000,1.3305,1.3308,1.3301,1.3306,104934.5,1775706359999,139607.85660,370,57969.2,77120.53431,0
1775706360000,1.3305,1.3306,1.3289,1.3292,485671.4,1775706419999,645721.46001,860,56909.1,75647.88032,0
1775706420000,1.3292,1.3302,1.3292,1.3302,139698.8,1775706479999,185772.54196,352,84114.9,111854.47354,0
1775706480000,1.3301,1.3306,1.3297,1.3300,135503.4,1775706539999,180243.21999,494,76564.0,101840.01019,0
1775706540000,1.3299,1.3309,1.3299,1.3309,200801.0,1775706599999,267142.09937,417,111049.9,147739.51014,0
1775706600000,1.3310,1.3324,1.3310,1.3316,268476.4,1775706659999,357543.09999,831,218546.5,291044.70958,0
1775706660000,1.3316,1.3321,1.3313,1.3313,189354.2,1775706719999,252188.47635,442,75311.9,100300.98905,0
1775706720000,1.3314,1.3319,1.3308,1.3308,191215.3,1775706779999,254600.81610,561,107840.1,143605.91363,0
1775706780000,1.3308,1.3311,1.3307,1.3310,30389.6,1775706839999,40448.09418,344,22632.8,30123.99997,0
1775706840000,1.3310,1.3312,1.3310,1.3311,69832.8,1775706899999,92955.34105,232,61310.8,81612.05259,0
1775706900000,1.3311,1.3312,1.3308,1.3308,102741.2,1775706959999,136748.90595,210,4763.1,6340.38323,0
1775706960000,1.3309,1.3314,1.3308,1.3312,113168.0,1775707019999,150637.20667,558,88063.6,117218.25063,0
1775707020000,1.3312,1.3313,1.3308,1.3312,193840.6,1775707079999,258012.94368,418,41433.5,55150.19563,0
1775707080000,1.3312,1.3313,1.3308,1.3308,32946.3,1775707139999,43850.99786,198,5865.2,7806.68407,0
1775707140000,1.3308,1.3309,1.3304,1.3304,79851.6,1775707199999,106256.13596,314,23561.4,31351.66515,0
1775707200000,1.3305,1.3306,1.3296,1.3296,447249.2,1775707259999,594806.83849,782,249117.1,331292.80232,0
1775707260000,1.3296,1.3296,1.3288,1.3291,361343.3,1775707319999,480270.00440,635,141484.8,188057.43590,0
1775707320000,1.3291,1.3293,1.3287,1.3293,163435.6,1775707379999,217213.95945,516,110567.9,146955.07728,0
1775707380000,1.3293,1.3294,1.3287,1.3294,97061.7,1775707439999,129002.18235,438,49816.6,66209.85603,0
1775707440000,1.3293,1.3294,1.3287,1.3287,312309.5,1775707499999,415048.86193,672,110257.4,146529.00277,0
1775707500000,1.3287,1.3288,1.3276,1.3279,385303.1,1775707559999,511766.68161,973,116754.2,155068.84144,0
1775707560000,1.3279,1.3279,1.3275,1.3278,291384.6,1775707619999,386885.80380,614,103466.4,137383.69227,0
1775707620000,1.3277,1.3280,1.3276,1.3280,142444.3,1775707679999,189137.97390,427,95949.8,127403.56372,0
1775707680000,1.3280,1.3300,1.3267,1.3299,2816683.1,1775707739999,3742647.88929,2913,1939314.1,2576635.76161,0
1775707740000,1.3300,1.3302,1.3298,1.3301,314399.1,1775707799999,418164.00091,568,89536.9,119084.33374,0
1775707800000,1.3302,1.3307,1.3301,1.3306,193216.8,1775707859999,257051.99371,466,72609.1,96599.37336,0
1775707860000,1.3306,1.3310,1.3304,1.3306,358280.8,1775707919999,476756.79282,691,149508.8,198958.52588,0
1775707920000,1.3306,1.3307,1.3298,1.3299,187539.6,1775707979999,249468.80005,432,48197.7,64113.15370,0
1775707980000,1.3298,1.3298,1.3295,1.3295,89528.4,1775708039999,119033.96137,352,21093.7,28046.18352,0
1775708040000,1.3295,1.3302,1.3295,1.3298,169220.7,1775708099999,225045.91478,493,79376.0,105554.49804,0
1775708100000,1.3298,1.3299,1.3291,1.3297,381034.5,1775708159999,506576.19281,805,45447.3,60421.52234,0
1775708160000,1.3297,1.3298,1.3293,1.3296,365650.2,1775708219999,486154.09229,540,340097.9,452181.84041,0
1775708220000,1.3295,1.3299,1.3293,1.3293,134008.7,1775708279999,178187.57925,501,67799.4,90157.01111,0
1775708280000,1.3293,1.3294,1.3292,1.3292,39940.8,1775708339999,53091.24236,246,3524.4,4685.04703,0
1775708340000,1.3292,1.3300,1.3292,1.3299,112966.4,1775708399999,150190.68636,496,84136.4,111862.32915,0
1775708400000,1.3299,1.3300,1.3292,1.3292,68272.6,1775708459999,90773.45636,268,9394.9,12489.98560,0
1775708460000,1.3292,1.3303,1.3291,1.3297,186904.9,1775708519999,248508.32910,535,73357.2,97543.56051,0
1775708520000,1.3297,1.3304,1.3288,1.3289,901243.0,1775708579999,1198100.37389,991,177171.2,235516.01569,0
1775708580000,1.3289,1.3292,1.3289,1.3292,62257.7,1775708639999,82736.95271,234,46491.1,61784.45826,0
1775708640000,1.3292,1.3294,1.3292,1.3292,29597.8,1775708699999,39344.14053,147,8024.3,10666.71317,0
1775708700000,1.3292,1.3293,1.3284,1.3286,292124.3,1775708759999,388183.51446,614,24803.9,32960.80690,0
1775708760000,1.3285,1.3286,1.3280,1.3285,94262.2,1775708819999,125203.84757,422,26899.3,35729.31396,0
1775708820000,1.3284,1.3288,1.3284,1.3285,121947.5,1775708879999,162025.30692,278,113204.5,150409.87105,0
1775708880000,1.3286,1.3286,1.3280,1.3280,68731.1,1775708939999,91293.67486,226,26539.3,35250.71293,0
1775708940000,1.3280,1.3285,1.3280,1.3283,64948.0,1775708999999,86273.56041,280,29375.2,39019.22124,0
1775709000000,1.3283,1.3289,1.3283,1.3287,157622.4,1775709059999,209405.31139,468,113215.5,150412.45791,0
1775709060000,1.3286,1.3293,1.3286,1.3292,67111.0,1775709119999,89188.51902,317,44551.4,59208.90651,0
1775709120000,1.3293,1.3295,1.3290,1.3290,155256.6,1775709179999,206381.70991,408,98915.8,131492.31582,0
1775709180000,1.3290,1.3297,1.3290,1.3296,113231.2,1775709239999,150546.74737,401,91842.9,122110.20666,0
1775709240000,1.3295,1.3302,1.3295,1.3301,222927.2,1775709299999,296470.55776,339,214042.2,284653.62008,0
1775709300000,1.3302,1.3307,1.3302,1.3304,149665.7,1775709359999,199136.75969,390,119818.0,159423.86055,0
1775709360000,1.3304,1.3306,1.3302,1.3305,119873.5,1775709419999,159476.96978,315,83798.8,111482.27817,0
1775709420000,1.3304,1.3306,1.3303,1.3304,93259.1,1775709479999,124082.23730,235,56836.8,75623.59565,0
1775709480000,1.3304,1.3306,1.3302,1.3302,63404.8,1775709539999,84359.19053,216,40603.7,54024.70862,0
1775709540000,1.3303,1.3311,1.3302,1.3308,197615.7,1775709599999,262978.20010,388,152634.5,203113.79766,0
1775709600000,1.3308,1.3309,1.3306,1.3307,51975.8,1775709659999,69164.58082,216,12818.3,17057.66855,0
1775709660000,1.3307,1.3314,1.3306,1.3313,136500.4,1775709719999,181676.11921,550,97617.7,129921.05351,0
1775709720000,1.3313,1.3316,1.3311,1.3312,104538.0,1775709779999,139174.40764,345,37147.2,49457.39167,0
1775709780000,1.3311,1.3317,1.3311,1.3316,119653.9,1775709839999,159316.57337,259,106066.0,141223.57106,0
1775709840000,1.3316,1.3320,1.3311,1.3311,340713.5,1775709899999,453716.83269,515,149241.7,198759.81138,0
1775709900000,1.3311,1.3312,1.3307,1.3307,133898.1,1775709959999,178189.87202,264,24141.1,32127.62556,0
1775709960000,1.3308,1.3311,1.3307,1.3310,28673.2,1775710019999,38160.62131,269,25517.5,33960.91100,0
1775710020000,1.3311,1.3314,1.3311,1.3312,63482.0,1775710079999,84512.64038,309,41073.8,54680.61706,0
1775710080000,1.3313,1.3313,1.3293,1.3307,325473.5,1775710139999,432970.25071,879,93316.4,124101.06022,0
1775710140000,1.3306,1.3306,1.3297,1.3301,116160.0,1775710199999,154522.85655,358,13565.0,18042.13788,0
1775710200000,1.3301,1.3303,1.3300,1.3301,84848.6,1775710259999,112859.75765,251,47676.4,63416.42187,0
1775710260000,1.3301,1.3306,1.3301,1.3306,53678.5,1775710319999,71416.08676,232,31526.6,41944.52750,0
1775710320000,1.3306,1.3310,1.3305,1.3308,79537.4,1775710379999,105846.45338,254,74415.0,99029.45315,0
1775710380000,1.3308,1.3309,1.3302,1.3303,113260.9,1775710439999,150690.78403,267,42482.5,56518.47771,0
1775710440000,1.3304,1.3305,1.3304,1.3304,37743.6,1775710499999,50216.89677,101,33456.1,44512.80677,0
1775710500000,1.3305,1.3308,1.3303,1.3307,34655.5,1775710559999,46109.10905,207,18830.0,25054.51495,0
1775710560000,1.3307,1.3308,1.3302,1.3304,220138.7,1775710619999,292885.05094,342,173558.5,230907.68590,0
1775710620000,1.3305,1.3307,1.3304,1.3306,93941.0,1775710679999,124994.74030,270,66902.7,89019.38012,0
1775710680000,1.3306,1.3308,1.3304,1.3308,60082.4,1775710739999,79941.71415,214,35307.2,46979.23761,0
1775710740000,1.3309,1.3311,1.3306,1.3309,61706.2,1775710799999,82120.37265,287,37643.9,50097.39635,0
1775710800000,1.3308,1.3310,1.3305,1.3306,153525.4,1775710859999,204298.74784,361,51806.6,68941.38954,0
1775710860000,1.3306,1.3313,1.3302,1.3313,215798.8,1775710919999,287164.28098,768,141491.1,188291.26945,0
1775710920000,1.3313,1.3319,1.3310,1.3312,183502.0,1775710979999,244306.31923,567,76213.4,101470.01047,0
1775710980000,1.3311,1.3318,1.3311,1.3318,61652.3,1775711039999,82085.03828,304,55728.5,74198.84860,0
1775711040000,1.3318,1.3328,1.3317,1.3326,313743.5,1775711099999,418039.87620,709,252855.3,336896.31915,0
1775711100000,1.3326,1.3332,1.3324,1.3327,225451.7,1775711159999,300492.85960,676,143489.2,191251.31269,0
1775711160000,1.3328,1.3329,1.3326,1.3326,77610.3,1775711219999,103431.46636,362,60224.4,80261.97803,0
1775711220000,1.3327,1.3331,1.3325,1.3329,285340.8,1775711279999,380308.61439,553,79589.5,106072.95829,0
1775711280000,1.3329,1.3329,1.3322,1.3323,75880.8,1775711339999,101105.72860,299,20672.1,27545.35061,0
1775711340000,1.3323,1.3325,1.3320,1.3324,220692.2,1775711399999,294010.13832,590,95937.1,127813.06798,0
1775711400000,1.3324,1.3324,1.3314,1.3318,177268.0,1775711459999,236080.65951,551,90725.0,120821.19046,0
1775711460000,1.3317,1.3321,1.3315,1.3320,391583.3,1775711519999,521516.91598,552,94597.8,125983.41387,0
1775711520000,1.3320,1.3323,1.3315,1.3316,116603.8,1775711579999,155312.40716,422,58263.9,77609.44771,0
1775711580000,1.3315,1.3316,1.3314,1.3314,26083.5,1775711639999,34729.49191,188,10655.2,14187.40995,0
1775711640000,1.3314,1.3321,1.3313,1.3320,871818.3,1775711699999,1160925.82065,723,674422.7,898087.70671,0
1775711700000,1.3320,1.3325,1.3316,1.3316,264672.1,1775711759999,352596.60076,666,40006.5,53297.04855,0
1775711760000,1.3316,1.3325,1.3316,1.3318,327378.4,1775711819999,436095.24606,659,182091.5,242520.71133,0
1775711820000,1.3318,1.3321,1.3317,1.3318,72200.1,1775711879999,96163.78975,315,33030.7,43994.64225,0
1775711880000,1.3318,1.3319,1.3315,1.3315,73326.1,1775711939999,97651.06321,221,29209.3,38899.69401,0
1775711940000,1.3316,1.3333,1.3314,1.3332,134559.1,1775711999999,179274.84197,562,108189.3,144141.85798,0
1775712000000,1.3332,1.3338,1.3331,1.3338,395199.3,1775712059999,526935.94753,669,203083.4,270797.99164,0
1775712060000,1.3338,1.3345,1.3335,1.3341,368718.5,1775712119999,491913.67240,684,311057.2,415003.86899,0
1775712120000,1.3340,1.3341,1.3336,1.3336,220697.0,1775712179999,294384.27208,511,94151.3,125589.81406,0
1775712180000,1.3336,1.3344,1.3306,1.3313,3366107.4,1775712239999,4486393.66204,3999,1154138.3,1538463.13523,0
1775712240000,1.3314,1.3314,1.3301,1.3304,470235.2,1775712299999,625744.79616,779,206027.9,274157.12417,0
1775712300000,1.3304,1.3308,1.3304,1.3307,106443.6,1775712359999,141629.47371,414,89896.9,119613.05168,0
1775712360000,1.3308,1.3312,1.3307,1.3309,213246.4,1775712419999,283808.13731,439,141838.3,188778.08904,0
1775712420000,1.3310,1.3313,1.3308,1.3308,58514.8,1775712479999,77884.91368,297,28149.7,37469.56502,0
1775712480000,1.3308,1.3312,1.3304,1.3311,273569.3,1775712539999,364037.38392,516,124874.8,166181.65261,0
1775712540000,1.3311,1.3313,1.3311,1.3312,47091.1,1775712599999,62686.53990,207,7470.7,9945.02244,0
1775712600000,1.3311,1.3314,1.3307,1.3313,422804.0,1775712659999,562818.77525,691,374885.6,499037.18134,0
1775712660000,1.3314,1.3315,1.3310,1.3315,124532.1,1775712719999,165785.86902,365,56331.5,74997.76177,0
1775712720000,1.3314,1.3323,1.3314,1.3315,253381.5,1775712779999,337473.51932,610,144839.2,192904.74549,0
1775712780000,1.3316,1.3325,1.3316,1.3322,101557.9,1775712839999,135276.05470,400,83020.2,110579.61307,0
1775712840000,1.3322,1.3327,1.3320,1.3327,50484.3,1775712899999,67259.30872,327,41164.6,54843.83068,0
1775712900000,1.3326,1.3328,1.3323,1.3325,160000.7,1775712959999,213191.43703,352,102622.5,136732.41461,0
1775712960000,1.3326,1.3328,1.3325,1.3327,77668.0,1775713019999,103508.11374,271,45767.3,60994.69748,0
1775713020000,1.3327,1.3338,1.3327,1.3336,451179.5,1775713079999,601576.14787,850,362071.4,482765.61033,0
1775713080000,1.3336,1.3348,1.3335,1.3342,158192.2,1775713139999,211025.16796,535,67661.1,90276.35344,0
1775713140000,1.3343,1.3350,1.3343,1.3349,375825.7,1775713199999,501671.50175,668,235661.2,314578.39510,0
1775713200000,1.3349,1.3350,1.3341,1.3342,52964.4,1775713259999,70678.15019,341,19218.0,25645.10182,0
1775713260000,1.3342,1.3345,1.3342,1.3343,80272.1,1775713319999,107112.40142,318,51560.5,68801.73634,0
1775713320000,1.3344,1.3344,1.3342,1.3342,59254.0,1775713379999,79065.26291,257,33745.3,45029.06759,0
1775713380000,1.3342,1.3345,1.3340,1.3341,202762.6,1775713439999,270526.49895,385,96212.0,128367.28716,0
1775713440000,1.3341,1.3347,1.3341,1.3346,98322.2,1775713499999,131212.90438,195,84542.7,112823.07803,0
1775713500000,1.3346,1.3347,1.3339,1.3339,87996.7,1775713559999,117413.48803,384,17223.4,22982.89064,0
1775713560000,1.3339,1.3340,1.3335,1.3338,204161.4,1775713619999,272287.57530,483,156496.3,208712.90512,0
1775713620000,1.3337,1.3338,1.3332,1.3332,77204.6,1775713679999,102949.54292,267,8358.2,11145.37300,0
1775713680000,1.3332,1.3333,1.3324,1.3325,417170.5,1775713739999,556040.98709,436,45458.7,60582.50893,0
1775713740000,1.3325,1.3326,1.3323,1.3324,95633.5,1775713799999,127425.03258,238,46919.0,62517.97682,0
1775713800000,1.3324,1.3325,1.3306,1.3306,891168.1,1775713859999,1186694.02279,713,92768.8,123527.06446,0
1775713860000,1.3306,1.3316,1.3306,1.3315,549097.8,1775713919999,730883.56141,564,384461.7,511693.74712,0
1775713920000,1.3314,1.3317,1.3312,1.3316,75189.6,1775713979999,100110.91565,234,34933.3,46515.44936,0
1775713980000,1.3317,1.3317,1.3311,1.3312,249249.9,1775714039999,331823.91376,298,188673.4,251172.69189,0
1775714040000,1.3312,1.3315,1.3306,1.3313,258935.3,1775714099999,344663.86106,487,170673.6,227165.96742,0
1775714100000,1.3313,1.3313,1.3310,1.3313,154953.0,1775714159999,206278.02819,302,96693.4,128725.96986,0
1775714160000,1.3313,1.3313,1.3308,1.3311,229760.3,1775714219999,305811.09744,293,122014.5,162402.23920,0
1775714220000,1.3311,1.3318,1.3310,1.3315,212383.5,1775714279999,282771.95403,352,189069.4,251726.09886,0
1775714280000,1.3316,1.3324,1.3316,1.3323,152396.5,1775714339999,203019.68283,359,70696.9,94179.16842,0
1775714340000,1.3323,1.3324,1.3323,1.3323,14283.5,1775714399999,19030.62317,132,9234.1,12303.30755,0
1775714400000,1.3324,1.3335,1.3323,1.3334,193666.6,1775714459999,258133.72145,771,117219.3,156238.86330,0
1775714460000,1.3335,1.3341,1.3335,1.3337,145394.4,1775714519999,193918.50914,566,79029.6,105401.41782,0
1775714520000,1.3337,1.3348,1.3336,1.3344,153086.1,1775714579999,204268.22450,578,109004.7,145439.53793,0
1775714580000,1.3344,1.3346,1.3342,1.3342,120435.8,1775714639999,160721.16234,457,72492.0,96742.66083,0
1775714640000,1.3342,1.3343,1.3329,1.3331,305586.0,1775714699999,407414.28062,764,44280.2,59034.36331,0
1775714700000,1.3331,1.3332,1.3325,1.3326,252638.9,1775714759999,336717.56745,627,46385.1,61822.54089,0
1775714760000,1.3326,1.3335,1.3326,1.3335,120181.2,1775714819999,160200.75993,408,97850.5,130437.23372,0
1775714820000,1.3334,1.3339,1.3332,1.3335,401733.6,1775714879999,535751.41777,538,138051.7,184122.05470,0
1775714880000,1.3336,1.3336,1.3330,1.3330,89254.8,1775714939999,119010.07315,352,9057.4,12077.09303,0
1775714940000,1.3330,1.3331,1.3320,1.3320,335798.5,1775714999999,447463.89759,676,30627.3,40811.32608,0
1775715000000,1.3321,1.3324,1.3318,1.3319,119285.6,1775715059999,158902.30850,528,70270.6,93611.75411,0
1775715060000,1.3318,1.3323,1.3317,1.3322,112894.0,1775715119999,150363.81582,376,82488.5,109870.76297,0
1775715120000,1.3322,1.3324,1.3316,1.3320,189500.0,1775715179999,252433.49874,480,95860.8,127708.07321,0
1775715180000,1.3320,1.3321,1.3320,1.3320,7286.8,1775715239999,9706.28026,164,2626.6,3498.89386,0
1775715240000,1.3321,1.3321,1.3316,1.3316,126342.9,1775715299999,168263.28697,422,48218.9,64213.66914,0
1775715300000,1.3316,1.3316,1.3313,1.3314,33905.7,1775715359999,45142.91767,282,5431.7,7232.04824,0
1775715360000,1.3314,1.3314,1.3310,1.3310,59351.3,1775715419999,79002.26362,282,17168.3,22852.72711,0
1775715420000,1.3310,1.3311,1.3307,1.3308,273473.6,1775715479999,364008.21820,486,59167.5,78757.79088,0
1775715480000,1.3307,1.3308,1.3300,1.3301,252842.3,1775715539999,336365.45467,661,61262.4,81492.25840,0
1775715540000,1.3302,1.3302,1.3292,1.3292,208989.1,1775715599999,277897.09720,519,27704.7,36836.38315,0
1775715600000,1.3292,1.3293,1.3279,1.3283,557129.2,1775715659999,740236.60499,1300,168067.7,223268.28139,0
1775715660000,1.3283,1.3286,1.3283,1.3285,42735.9,1775715719999,56773.42783,343,32976.7,43808.70133,0
1775715720000,1.3285,1.3288,1.3280,1.3283,310534.6,1775715779999,412532.50141,682,187789.9,249486.94654,0
1775715780000,1.3283,1.3289,1.3282,1.3289,289649.5,1775715839999,384772.09822,377,255096.8,338872.67546,0
1775715840000,1.3288,1.3289,1.3282,1.3286,253498.8,1775715899999,336766.21092,418,135973.9,180638.53946,0
1775715900000,1.3286,1.3286,1.3278,1.3279,442374.6,1775715959999,587528.57767,671,159781.9,212216.17963,0
1775715960000,1.3278,1.3279,1.3273,1.3277,451970.0,1775716019999,600003.55837,699,307907.0,408753.11356,0
1775716020000,1.3278,1.3287,1.3278,1.3278,449016.7,1775716079999,596321.07195,533,251063.2,333431.64764,0
1775716080000,1.3277,1.3280,1.3270,1.3272,248416.3,1775716139999,329749.79652,546,67724.9,89918.03419,0
1775716140000,1.3272,1.3278,1.3272,1.3274,435747.3,1775716199999,578427.02328,595,251301.8,333598.85323,0
1775716200000,1.3274,1.3274,1.3261,1.3263,964545.8,1775716259999,1279526.00088,1600,244122.1,323823.37937,0
1775716260000,1.3264,1.3290,1.3251,1.3288,4020013.8,1775716319999,5333767.41364,4273,2281131.9,3027304.68442,0
1775716320000,1.3289,1.3299,1.3287,1.3296,604058.6,1775716379999,802917.93239,999,277016.8,368224.69747,0
1775716380000,1.3296,1.3303,1.3296,1.3300,149564.9,1775716439999,198923.13733,449,72979.8,97062.82473,0
1775716440000,1.3299,1.3303,1.3295,1.3295,128367.2,1775716499999,170722.16705,408,46861.6,62326.21134,0
1775716500000,1.3295,1.3309,1.3294,1.3305,350966.2,1775716559999,466945.21655,750,235744.0,313647.26308,0
1775716560000,1.3306,1.3308,1.3302,1.3302,107734.3,1775716619999,143347.07087,366,53560.7,71266.27978,0
1775716620000,1.3303,1.3307,1.3302,1.3302,168296.0,1775716679999,223900.54396,342,52899.4,70376.06593,0
1775716680000,1.3302,1.3304,1.3299,1.3304,55744.9,1775716739999,74145.90568,317,34587.7,46004.08521,0
1775716740000,1.3305,1.3307,1.3302,1.3306,205297.7,1775716799999,273133.11716,488,126467.0,168251.48560,0
1775716800000,1.3307,1.3311,1.3306,1.3311,99975.6,1775716859999,133054.36363,290,58489.1,77847.62736,0
1775716860000,1.3310,1.3311,1.3310,1.3310,49292.7,1775716919999,65612.20453,146,36208.3,48196.86813,0
1775716920000,1.3311,1.3311,1.3307,1.3310,62277.7,1775716979999,82890.51090,340,22551.7,30017.19890,0
1775716980000,1.3311,1.3315,1.3310,1.3315,125537.6,1775717039999,167118.77782,401,80783.0,107539.29749,0
1775717040000,1.3316,1.3316,1.3313,1.3313,42691.4,1775717099999,56840.60209,195,11102.1,14782.73506,0
1775717100000,1.3313,1.3317,1.3312,1.3313,132585.5,1775717159999,176537.45863,364,38344.2,51056.83242,0
1775717160000,1.3313,1.3313,1.3308,1.3309,148003.8,1775717219999,196993.82911,311,5114.9,6809.42647,0
1775717220000,1.3310,1.3314,1.3309,1.3312,101993.8,1775717279999,135766.46441,338,64622.7,86018.10237,0
1775717280000,1.3311,1.3312,1.3305,1.3305,312356.6,1775717339999,415712.92981,448,9178.4,12217.47097,0
1775717340000,1.3305,1.3305,1.3300,1.3304,90976.2,1775717399999,121017.29845,390,31871.5,42393.21937,0
1775717400000,1.3303,1.3304,1.3303,1.3304,28380.2,1775717459999,37754.64413,105,4640.7,6173.98728,0
1775717460000,1.3304,1.3304,1.3300,1.3301,36147.5,1775717519999,48087.31899,171,10763.5,14319.75902,0
1775717520000,1.3301,1.3310,1.3301,1.3310,44219.1,1775717579999,58834.37855,275,37727.9,50197.54134,0
1775717580000,1.3310,1.3314,1.3309,1.3313,55382.1,1775717639999,73725.16876,155,43673.7,58139.84850,0
1775717640000,1.3314,1.3315,1.3313,1.3315,50046.6,1775717699999,66630.46527,168,33525.3,44635.63988,0
1775717700000,1.3315,1.3320,1.3313,1.3318,168119.4,1775717759999,223884.73884,515,88321.1,117615.59451,0
1775717760000,1.3317,1.3318,1.3311,1.3317,142175.8,1775717819999,189310.05852,317,62576.7,83313.13530,0
1775717820000,1.3317,1.3318,1.3315,1.3316,58237.2,1775717879999,77554.23768,160,41767.0,55621.26882,0
1775717880000,1.3316,1.3316,1.3315,1.3315,18467.1,1775717939999,24590.24333,101,12996.8,17306.53888,0
1775717940000,1.3316,1.3323,1.3315,1.3322,112404.9,1775717999999,149719.62098,388,108356.0,144327.73726,0
1775718000000,1.3323,1.3333,1.3322,1.3328,571670.7,1775718059999,761878.79409,949,249301.3,332223.39704,0
1775718060000,1.3329,1.3329,1.3316,1.3316,222235.9,1775718119999,296044.36487,579,20575.2,27413.93702,0
1775718120000,1.3316,1.3319,1.3312,1.3317,307727.2,1775718179999,409773.39814,843,200269.6,266688.44520,0
1775718180000,1.3317,1.3319,1.3315,1.3319,236316.0,1775718239999,314712.41738,502,109172.6,145389.26466,0
1775718240000,1.3319,1.3326,1.3318,1.3325,106573.5,1775718299999,141993.01678,366,51603.1,68749.87900,0
1775718300000,1.3325,1.3326,1.3320,1.3323,191522.1,1775718359999,255169.95598,554,64656.7,86138.74150,0
1775718360000,1.3322,1.3323,1.3322,1.3322,89653.2,1775718419999,119440.92265,311,49296.1,65677.19403,0
1775718420000,1.3323,1.3324,1.3322,1.3323,105974.2,1775718479999,141191.04961,305,42982.6,57267.41999,0
1775718480000,1.3322,1.3323,1.3320,1.3322,92169.7,1775718539999,122783.07829,335,47969.0,63901.78922,0
1775718540000,1.3322,1.3327,1.3321,1.3325,201800.9,1775718599999,268873.75019,530,128118.4,170699.45839,0
1775718600000,1.3324,1.3325,1.3323,1.3323,64238.6,1775718659999,85592.58863,262,26133.3,34821.37355,0
1775718660000,1.3324,1.3325,1.3322,1.3322,73901.9,1775718719999,98462.73715,314,44168.6,58849.85752,0
1775718720000,1.3322,1.3322,1.3315,1.3315,236023.9,1775718779999,314370.62643,564,56609.7,75397.51172,0
1775718780000,1.3315,1.3318,1.3315,1.3315,111753.4,1775718839999,148818.03340,346,22471.1,29923.32582,0
1775718840000,1.3316,1.3319,1.3315,1.3317,205820.4,1775718899999,274077.65723,438,152160.8,202620.57957,0
1775718900000,1.3317,1.3318,1.3315,1.3315,72605.7,1775718959999,96685.57467,239,26754.7,35628.01580,0
1775718960000,1.3315,1.3318,1.3311,1.3312,109140.6,1775719019999,145315.19383,403,31835.9,42392.69228,0
1775719020000,1.3311,1.3313,1.3307,1.3307,91196.2,1775719079999,121383.73338,343,20953.0,27892.46738,0
1775719080000,1.3308,1.3308,1.3303,1.3307,174737.9,1775719139999,232491.92320,477,44478.4,59178.22756,0
1775719140000,1.3307,1.3310,1.3307,1.3310,81563.0,1775719199999,108550.16200,281,51127.9,68045.06385,0
1775719200000,1.3309,1.3310,1.3301,1.3301,83796.0,1775719259999,111483.43913,289,5225.3,6951.50074,0
1775719260000,1.3301,1.3302,1.3295,1.3302,189713.4,1775719319999,252296.05830,498,50770.4,67519.16072,0
1775719320000,1.3301,1.3304,1.3300,1.3304,81842.1,1775719379999,108863.90266,269,33288.9,44284.01060,0
1775719380000,1.3303,1.3305,1.3301,1.3301,147923.2,1775719439999,196796.21422,282,65233.3,86788.47950,0
1775719440000,1.3301,1.3307,1.3301,1.3303,85723.5,1775719499999,114048.11985,288,53775.0,71541.12906,0
1775719500000,1.3303,1.3308,1.3303,1.3305,33684.6,1775719559999,44821.52929,270,16446.5,21883.91353,0
1775719560000,1.3306,1.3307,1.3305,1.3306,13840.4,1775719619999,18416.32740,119,12822.1,17061.38269,0
1775719620000,1.3306,1.3307,1.3305,1.3306,38365.6,1775719679999,51049.78951,183,12413.7,16518.27297,0
1775719680000,1.3307,1.3307,1.3304,1.3305,62083.2,1775719739999,82602.51966,222,8023.0,10674.92482,0
1775719740000,1.3304,1.3306,1.3304,1.3305,36581.7,1775719799999,48670.67067,175,23733.3,31577.15696,0
1775719800000,1.3305,1.3312,1.3305,1.3311,82835.2,1775719859999,110235.40083,334,73524.6,97847.57783,0
1775719860000,1.3312,1.3317,1.3310,1.3316,117721.6,1775719919999,156707.01854,454,55285.7,73600.04916,0
1775719920000,1.3317,1.3318,1.3311,1.3317,101762.8,1775719979999,135495.97056,453,28503.6,37955.01154,0
1775719980000,1.3318,1.3326,1.3317,1.3325,47785.9,1775720039999,63652.42559,340,45928.5,61178.61609,0
1775720040000,1.3326,1.3329,1.3324,1.3324,423730.1,1775720099999,564677.84313,534,98436.7,131183.52901,0
1775720100000,1.3324,1.3327,1.3318,1.3318,110747.4,1775720159999,147543.19679,349,26963.1,35926.33884,0
1775720160000,1.3319,1.3325,1.3318,1.3325,95160.7,1775720219999,126754.69024,363,82329.1,109663.76881,0
1775720220000,1.3326,1.3329,1.3325,1.3327,118064.0,1775720279999,157344.83162,363,56003.0,74635.96950,0
1775720280000,1.3327,1.3332,1.3326,1.3329,132440.1,1775720339999,176537.81623,465,84070.6,112060.94849,0
1775720340000,1.3330,1.3330,1.3325,1.3326,83736.1,1775720399999,111605.09391,270,47096.8,62770.37173,0
1775720400000,1.3327,1.3327,1.3320,1.3320,71357.9,1775720459999,95068.15963,212,6168.2,8218.10737,0
1775720460000,1.3321,1.3321,1.3315,1.3315,46111.2,1775720519999,61404.37217,235,7132.3,9497.87090,0
1775720520000,1.3316,1.3319,1.3309,1.3314,132168.5,1775720579999,175951.22812,510,55825.6,74330.24244,0
1775720580000,1.3314,1.3314,1.3310,1.3312,21040.7,1775720639999,28008.86207,170,9925.3,13211.84226,0
1775720640000,1.3312,1.3319,1.3311,1.3318,200951.7,1775720699999,267585.69932,412,157514.7,209748.73464,0
1775720700000,1.3319,1.3324,1.3318,1.3321,136889.9,1775720759999,182371.25420,353,33078.5,44063.16017,0
1775720760000,1.3321,1.3321,1.3313,1.3313,95683.6,1775720819999,127429.02047,308,13439.6,17894.87564,0
1775720820000,1.3314,1.3314,1.3310,1.3311,42785.1,1775720879999,56952.52424,239,17349.0,23093.93883,0
1775720880000,1.3311,1.3316,1.3310,1.3316,48024.1,1775720939999,63929.42279,362,41868.2,55735.27720,0
1775720940000,1.3315,1.3319,1.3310,1.3310,68599.0,1775720999999,91342.16386,334,21638.1,28816.66752,0
1775721000000,1.3311,1.3311,1.3310,1.3310,12571.0,1775721059999,16732.92429,119,9232.9,12289.91319,0
1775721060000,1.3310,1.3312,1.3308,1.3310,60014.8,1775721119999,79880.22806,327,32776.0,43625.63595,0
1775721120000,1.3310,1.3315,1.3308,1.3311,200850.1,1775721179999,267348.83275,479,131898.7,175563.25262,0
1775721180000,1.3311,1.3316,1.3308,1.3315,166591.8,1775721239999,221735.89753,309,151594.7,201776.30613,0
1775721240000,1.3316,1.3319,1.3310,1.3313,118605.6,1775721299999,157922.68952,411,37246.9,49597.82305,0
1775721300000,1.3313,1.3319,1.3312,1.3318,29992.8,1775721359999,39934.30669,274,22045.5,29354.47178,0
1775721360000,1.3319,1.3320,1.3314,1.3315,43776.6,1775721419999,58301.15848,230,23821.7,31726.22786,0
1775721420000,1.3314,1.3315,1.3311,1.3312,30315.4,1775721479999,40358.15709,192,6639.2,8839.22648,0
1775721480000,1.3312,1.3313,1.3310,1.3313,46691.4,1775721539999,62150.71014,203,16213.5,21582.29352,0
1775721540000,1.3313,1.3313,1.3310,1.3311,67501.6,1775721599999,89854.80536,287,37808.9,50328.98018,0
1775721600000,1.3312,1.3312,1.3302,1.3303,271605.8,1775721659999,361354.41485,588,110150.9,146541.19737,0
1775721660000,1.3302,1.3306,1.3301,1.3301,142476.5,1775721719999,189548.36343,502,55793.8,74227.14700,0
1775721720000,1.3301,1.3310,1.3301,1.3310,124917.9,1775721779999,166204.45196,412,88868.1,118245.22635,0
1775721780000,1.3309,1.3315,1.3309,1.3315,110676.0,1775721839999,147331.02982,359,83679.4,111393.31765,0
1775721840000,1.3314,1.3326,1.3312,1.3323,401723.6,1775721899999,535076.66740,841,309402.7,412118.97735,0
1775721900000,1.3322,1.3326,1.3318,1.3323,110484.6,1775721959999,147187.16227,546,61781.9,82301.99879,0
1775721960000,1.3323,1.3324,1.3321,1.3323,67578.3,1775722019999,90029.75836,348,40471.9,53918.82035,0
1775722020000,1.3323,1.3324,1.3319,1.3319,67329.0,1775722079999,89697.56381,445,9214.9,12277.59657,0
1775722080000,1.3319,1.3320,1.3319,1.3319,53298.3,1775722139999,70988.87355,312,8677.8,11558.82960,0
1775722140000,1.3319,1.3320,1.3308,1.3312,185659.7,1775722199999,247170.50477,803,37547.4,49983.67236,0
1775722200000,1.3312,1.3313,1.3302,1.3304,174221.9,1775722259999,231827.10682,599,30091.8,40040.79030,0
1775722260000,1.3304,1.3304,1.3298,1.3301,242642.5,1775722319999,322744.38257,659,57606.2,76624.31219,0
1775722320000,1.3301,1.3307,1.3301,1.3305,153051.7,1775722379999,203633.12882,470,53740.8,71499.46650,0
1775722380000,1.3306,1.3311,1.3305,1.3311,60257.1,1775722439999,80193.89160,382,40890.3,54419.32520,0
1775722440000,1.3310,1.3311,1.3305,1.3305,43943.7,1775722499999,58480.99490,352,5013.1,6671.29829,0
1775722500000,1.3305,1.3306,1.3300,1.3300,75581.6,1775722559999,100545.35337,438,16250.2,21618.26351,0
1775722560000,1.3300,1.3301,1.3298,1.3298,122370.4,1775722619999,162733.88213,530,4482.8,5962.21858,0
1775722620000,1.3298,1.3299,1.3297,1.3298,107814.7,1775722679999,143370.04864,511,32258.1,42897.32544,0
1775722680000,1.3299,1.3309,1.3298,1.3309,135038.3,1775722739999,179623.48360,526,81932.0,108998.91193,0
1775722740000,1.3309,1.3311,1.3307,1.3309,66762.5,1775722799999,88855.84179,396,26912.5,35819.53792,0
1775722800000,1.3308,1.3310,1.3304,1.3308,146432.4,1775722859999,194864.96088,407,30571.2,40682.47288,0
1775722860000,1.3308,1.3309,1.3307,1.3307,80165.1,1775722919999,106679.04269,167,1841.4,2450.55825,0
1775722920000,1.3308,1.3308,1.3306,1.3307,28771.1,1775722979999,38285.65926,177,5236.9,6968.86109,0
1775722980000,1.3307,1.3311,1.3304,1.3308,74945.8,1775723039999,99729.16645,371,22520.6,29969.33708,0
1775723040000,1.3308,1.3319,1.3308,1.3315,99817.6,1775723099999,132902.53377,383,54821.6,72988.00161,0
1775723100000,1.3314,1.3315,1.3313,1.3314,25387.2,1775723159999,33800.47991,175,4953.7,6595.45433,0
1775723160000,1.3314,1.3317,1.3314,1.3314,72326.7,1775723219999,96308.42321,247,39061.2,52013.88506,0
1775723220000,1.3314,1.3315,1.3314,1.3314,23050.3,1775723279999,30689.64815,124,4787.3,6374.28995,0
1775723280000,1.3314,1.3315,1.3308,1.3311,104483.8,1775723339999,139085.34014,399,48113.7,64043.98332,0
1775723340000,1.3312,1.3313,1.3311,1.3312,46273.7,1775723399999,61601.52590,187,39200.4,52185.47570,0
1775723400000,1.3313,1.3319,1.3312,1.3319,135994.6,1775723459999,181103.69875,413,118305.7,157548.78832,0
1775723460000,1.3318,1.3330,1.3318,1.3326,359236.0,1775723519999,478687.18475,798,181324.1,241617.84072,0
1775723520000,1.3327,1.3330,1.3323,1.3326,200419.9,1775723579999,267077.75466,509,74486.9,99265.89891,0
1775723580000,1.3326,1.3327,1.3324,1.3324,33430.8,1775723639999,44546.63978,168,20261.7,26998.99034,0
1775723640000,1.3325,1.3325,1.3320,1.3320,70548.5,1775723699999,93986.23141,325,9431.7,12564.95719,0
1775723700000,1.3320,1.3325,1.3318,1.3325,119468.5,1775723759999,159158.15803,347,97637.7,130077.04669,0
1775723760000,1.3325,1.3325,1.3321,1.3323,53443.0,1775723819999,71199.26986,241,38941.4,51880.33429,0
1775723820000,1.3324,1.3327,1.3321,1.3327,92342.4,1775723879999,123039.81842,343,68148.2,90805.51378,0
1775723880000,1.3327,1.3331,1.3326,1.3329,129893.9,1775723939999,173124.78210,303,105375.7,140451.07716,0
1775723940000,1.3328,1.3332,1.3328,1.3328,178541.4,1775723999999,237991.13440,481,89716.0,119590.01946,0
1775724000000,1.3328,1.3328,1.3325,1.3327,122418.0,1775724059999,163135.31810,328,40032.7,53349.61679,0
1775724060000,1.3326,1.3340,1.3325,1.3332,752632.8,1775724119999,1003544.44404,1027,368447.7,491270.47296,0
1775724120000,1.3333,1.3335,1.3325,1.3329,479760.4,1775724179999,639494.88890,942,222915.0,297137.65571,0
1775724180000,1.3329,1.3341,1.3329,1.3337,1845977.3,1775724239999,2461973.00277,1824,1429320.4,1906310.67511,0
1775724240000,1.3337,1.3345,1.3335,1.3342,645514.1,1775724299999,861161.39190,836,442099.6,589811.80023,0
1775724300000,1.3343,1.3358,1.3339,1.3351,2139408.4,1775724359999,2855280.58776,2354,1442082.0,1924573.87702,0
1775724360000,1.3352,1.3356,1.3345,1.3348,798140.1,1775724419999,1065611.05603,1131,427212.7,570401.04223,0
1775724420000,1.3348,1.3349,1.3345,1.3345,86575.7,1775724479999,115553.90142,277,38050.2,50787.42588,0
1775724480000,1.3345,1.3345,1.3340,1.3341,173960.7,1775724539999,232110.00188,433,63183.7,84300.27815,0
1775724540000,1.3340,1.3341,1.3338,1.3338,101175.4,1775724599999,134959.93941,287,29682.1,39593.47463,0
1775724600000,1.3339,1.3339,1.3334,1.3334,131340.4,1775724659999,175172.25535,350,39597.9,52818.19671,0
1775724660000,1.3334,1.3335,1.3327,1.3328,305432.1,1775724719999,407226.44627,449,161854.8,215807.26115,0
1775724720000,1.3327,1.3332,1.3325,1.3331,128424.8,1775724779999,171158.63620,398,81193.1,108210.01827,0
1775724780000,1.3331,1.3332,1.3326,1.3328,163506.7,1775724839999,217935.41864,306,42414.9,56527.31859,0
1775724840000,1.3328,1.3335,1.3328,1.3335,41545.7,1775724899999,55382.52227,231,39392.5,52512.46599,0
1775724900000,1.3334,1.3344,1.3334,1.3343,95868.4,1775724959999,127886.42324,379,81349.8,108523.48643,0
1775724960000,1.3343,1.3349,1.3343,1.3344,739567.2,1775725019999,987040.97754,769,549201.1,732978.07263,0
1775725020000,1.3345,1.3347,1.3342,1.3344,527018.6,1775725079999,703340.93168,550,253939.6,338902.55089,0
1775725080000,1.3344,1.3353,1.3344,1.3350,300311.6,1775725139999,400870.25570,518,254205.4,339314.92756,0
1775725140000,1.3350,1.3351,1.3342,1.3342,286704.9,1775725199999,382610.37054,398,141277.1,188524.03727,0
1775725200000,1.3343,1.3343,1.3332,1.3336,192289.7,1775725259999,256426.33244,654,96751.8,129016.85912,0
1775725260000,1.3335,1.3336,1.3332,1.3334,115792.8,1775725319999,154389.51191,331,21025.3,28034.22811,0
1775725320000,1.3334,1.3335,1.3330,1.3330,91451.5,1775725379999,121931.45069,400,15561.5,20749.49391,0
1775725380000,1.3330,1.3337,1.3330,1.3334,313550.8,1775725439999,418081.86355,550,276016.9,368031.57362,0
1775725440000,1.3335,1.3335,1.3333,1.3335,90858.8,1775725499999,121150.86559,303,21729.1,28974.27581,0
1775725500000,1.3335,1.3335,1.3329,1.3329,113185.2,1775725559999,150898.11361,365,10354.9,13804.44751,0
1775725560000,1.3329,1.3335,1.3328,1.3335,162908.8,1775725619999,217154.92603,417,129151.7,172156.29378,0
1775725620000,1.3334,1.3338,1.3334,1.3338,138913.6,1775725679999,185255.83579,376,100611.6,134177.82270,0
1775725680000,1.3338,1.3339,1.3334,1.3337,95490.9,1775725739999,127354.35380,405,40983.8,54660.62602,0
1775725740000,1.3336,1.3339,1.3336,1.3338,70283.4,1775725799999,93740.08530,254,33284.0,44393.14915,0
1775725800000,1.3338,1.3340,1.3337,1.3339,67208.8,1775725859999,89643.84917,328,43397.6,57885.64638,0
1775725860000,1.3339,1.3343,1.3337,1.3342,120950.8,1775725919999,161340.20868,377,92826.9,123830.20406,0
1775725920000,1.3341,1.3351,1.3341,1.3351,538167.0,1775725979999,718289.92470,826,475747.9,634990.08882,0
1775725980000,1.3351,1.3359,1.3350,1.3356,368872.9,1775726039999,492660.81438,703,289617.6,386808.52520,0
1775726040000,1.3355,1.3357,1.3349,1.3357,429594.9,1775726099999,573638.99458,503,77308.4,103216.91645,0
1775726100000,1.3356,1.3363,1.3356,1.3358,273559.2,1775726159999,365450.59670,677,216139.0,288736.27980,0
1775726160000,1.3358,1.3358,1.3355,1.3357,138405.9,1775726219999,184859.56080,507,65355.0,87291.38073,0
1775726220000,1.3358,1.3374,1.3355,1.3365,999019.8,1775726279999,1335346.62509,1776,590853.6,789741.72756,0
1775726280000,1.3365,1.3365,1.3357,1.3357,442009.0,1775726339999,590554.57802,808,121295.9,162058.51325,0
1775726340000,1.3358,1.3365,1.3357,1.3358,341235.6,1775726399999,455944.95504,636,169118.4,225974.18787,0
1775726400000,1.3358,1.3358,1.3349,1.3350,182774.3,1775726459999,244071.86240,648,19013.9,25393.69529,0
1775726460000,1.3350,1.3350,1.3340,1.3341,215733.5,1775726519999,287860.88105,600,106875.2,142600.01928,0
1775726520000,1.3340,1.3343,1.3340,1.3342,56061.7,1775726579999,74796.50395,233,27557.3,36766.45822,0
1775726580000,1.3341,1.3346,1.3340,1.3344,89000.4,1775726639999,118757.23587,318,45925.8,61279.48348,0
1775726640000,1.3345,1.3345,1.3342,1.3344,58906.0,1775726699999,78597.49657,351,31814.2,42448.61069,0
1775726700000,1.3344,1.3345,1.3340,1.3340,274918.9,1775726759999,366781.43952,534,55011.6,73401.31507,0
1775726760000,1.3341,1.3342,1.3337,1.3341,277227.7,1775726819999,369784.80203,532,67481.3,90012.93896,0
1775726820000,1.3342,1.3343,1.3340,1.3343,71962.5,1775726879999,96009.26720,281,36190.6,48285.37149,0
1775726880000,1.3343,1.3344,1.3341,1.3343,129710.5,1775726939999,173063.46476,280,115419.8,153997.25492,0
1775726940000,1.3343,1.3345,1.3343,1.3344,31519.9,1775726999999,42060.26404,144,27578.7,36801.48646,0
1775727000000,1.3344,1.3345,1.3341,1.3342,137882.7,1775727059999,183978.17882,369,73351.2,97871.35453,0
1775727060000,1.3343,1.3344,1.3341,1.3343,61584.1,1775727119999,82167.54650,235,35413.9,47250.79687,0
1775727120000,1.3344,1.3354,1.3343,1.3350,264095.0,1775727179999,352552.56184,516,189510.8,252970.01770,0
1775727180000,1.3350,1.3351,1.3345,1.3346,113214.5,1775727239999,151125.77546,334,38370.3,51225.61085,0
1775727240000,1.3346,1.3346,1.3344,1.3345,32080.9,1775727299999,42810.72566,138,12253.5,16352.45459,0
1775727300000,1.3345,1.3348,1.3344,1.3344,54993.3,1775727359999,73392.89696,284,30721.1,40999.04535,0
1775727360000,1.3344,1.3345,1.3343,1.3344,69201.6,1775727419999,92343.74890,255,46092.7,61507.86838,0
1775727420000,1.3344,1.3344,1.3338,1.3339,92294.7,1775727479999,123123.32003,319,42229.8,56333.37749,0
1775727480000,1.3339,1.3340,1.3335,1.3335,107470.9,1775727539999,143343.88140,268,13922.6,18570.53645,0
1775727540000,1.3335,1.3346,1.3335,1.3345,97888.7,1775727599999,130591.29269,424,87640.3,116918.47679,0
1775727600000,1.3346,1.3348,1.3343,1.3345,259086.7,1775727659999,345781.28016,404,92280.4,123161.16407,0
1775727660000,1.3345,1.3348,1.3344,1.3344,104680.5,1775727719999,139702.05233,285,52814.8,70486.92368,0
1775727720000,1.3344,1.3346,1.3342,1.3345,73884.8,1775727779999,98588.17453,258,50131.2,66892.93792,0
1775727780000,1.3345,1.3346,1.3343,1.3346,38038.0,1775727839999,50759.34482,196,10899.8,14545.23628,0
1775727840000,1.3345,1.3346,1.3341,1.3341,135004.9,1775727899999,180144.32867,308,15667.0,20907.65018,0
1775727900000,1.3342,1.3345,1.3337,1.3345,132093.6,1775727959999,176218.44896,435,74228.1,99031.20826,0
1775727960000,1.3344,1.3347,1.3344,1.3346,99530.3,1775728019999,132824.96114,264,75183.6,100333.57819,0
1775728020000,1.3346,1.3352,1.3346,1.3351,143164.7,1775728079999,191139.09105,330,113450.7,151467.99635,0
1775728080000,1.3351,1.3356,1.3351,1.3356,222422.7,1775728139999,297020.96398,305,198937.7,265659.88611,0
1775728140000,1.3355,1.3358,1.3354,1.3357,358105.9,1775728199999,478303.60768,396,59346.6,79265.66720,0
1775728200000,1.3357,1.3357,1.3352,1.3356,141954.9,1775728259999,189581.74473,353,57573.9,76887.92498,0
1775728260000,1.3357,1.3357,1.3353,1.3353,136692.1,1775728319999,182557.00781,284,21220.0,28341.32361,0
1775728320000,1.3354,1.3360,1.3353,1.3359,264285.1,1775728379999,353015.42946,399,253842.6,339067.53302,0
1775728380000,1.3359,1.3364,1.3359,1.3363,133598.3,1775728439999,178516.42466,370,73481.6,98183.98851,0
1775728440000,1.3364,1.3368,1.3363,1.3367,119104.6,1775728499999,159192.56992,285,116738.1,156029.61279,0
1775728500000,1.3367,1.3381,1.3367,1.3375,888796.8,1775728559999,1188650.59360,1203,641231.2,857563.77089,0
1775728560000,1.3374,1.3376,1.3370,1.3370,353327.6,1775728619999,472541.42430,496,159008.9,212656.16846,0
1775728620000,1.3371,1.3379,1.3370,1.3372,449664.5,1775728679999,601363.26558,672,299615.6,400688.54322,0
1775728680000,1.3371,1.3372,1.3368,1.3368,95912.3,1775728739999,128233.83222,218,18190.2,24319.63557,0
1775728740000,1.3368,1.3373,1.3367,1.3372,145057.3,1775728799999,193937.02584,399,119859.2,160247.04549,0
1775728800000,1.3371,1.3372,1.3367,1.3368,211664.7,1775728859999,283010.01885,978,91044.4,121741.84369,0
1775728860000,1.3368,1.3368,1.3361,1.3367,383480.4,1775728919999,512503.39934,1340,162112.9,216664.18413,0
1775728920000,1.3367,1.3367,1.3363,1.3363,151016.4,1775728979999,201832.35894,945,56679.9,75755.24303,0
1775728980000,1.3364,1.3369,1.3363,1.3367,141004.2,1775729039999,188478.75279,874,95781.8,128029.32495,0
1775729040000,1.3368,1.3378,1.3367,1.3373,532506.9,1775729099999,712115.97518,1289,302532.8,404561.09353,0
1775729100000,1.3372,1.3373,1.3367,1.3368,97844.3,1775729159999,130818.20523,445,31367.9,41938.84224,0
1775729160000,1.3368,1.3369,1.3363,1.3365,83407.2,1775729219999,111479.60689,378,18386.9,24577.08478,0
1775729220000,1.3364,1.3365,1.3363,1.3364,49638.9,1775729279999,66337.10307,298,19432.7,25970.98442,0
1775729280000,1.3363,1.3364,1.3360,1.3361,129550.0,1775729339999,173095.31261,371,6787.3,9069.85503,0
1775729340000,1.3361,1.3361,1.3354,1.3354,127619.0,1775729399999,170474.71405,494,20807.5,27798.84254,0
1775729400000,1.3355,1.3356,1.3354,1.3356,92996.0,1775729459999,124194.56471,310,56732.0,75766.21810,0
1775729460000,1.3355,1.3356,1.3345,1.3347,216934.7,1775729519999,289614.77551,712,40881.2,54563.80911,0
1775729520000,1.3347,1.3348,1.3343,1.3345,255518.8,1775729579999,340978.20362,548,40798.9,54444.63037,0
1775729580000,1.3346,1.3346,1.3344,1.3345,87913.6,1775729639999,117318.02943,265,26156.9,34907.22228,0
1775729640000,1.3344,1.3348,1.3344,1.3348,84586.9,1775729699999,112897.45501,362,72721.3,97062.42991,0
1775729700000,1.3348,1.3354,1.3347,1.3347,278438.1,1775729759999,371741.73011,705,185932.9,248235.32805,0
1775729760000,1.3348,1.3348,1.3343,1.3343,145220.5,1775729819999,193808.77762,395,52943.1,70661.05531,0
1775729820000,1.3343,1.3355,1.3343,1.3351,321826.6,1775729879999,429717.47887,517,256326.5,342259.41513,0
1775729880000,1.3352,1.3355,1.3349,1.3351,348261.4,1775729939999,464974.75432,468,256090.6,341916.94430,0
1775729940000,1.3351,1.3355,1.3345,1.3346,396495.3,1775729999999,529319.72947,580,91906.3,122714.05058,0
1775730000000,1.3347,1.3352,1.3343,1.3351,160052.5,1775730059999,213604.92385,313,68687.2,91675.92148,0
1775730060000,1.3352,1.3354,1.3348,1.3353,63462.1,1775730119999,84729.87739,273,40491.1,54059.53578,0
1775730120000,1.3354,1.3354,1.3350,1.3351,95149.4,1775730179999,127046.50899,215,34819.7,46491.75264,0
1775730180000,1.3351,1.3356,1.3350,1.3354,90384.3,1775730239999,120680.95369,270,62538.2,83502.26310,0
1775730240000,1.3355,1.3355,1.3349,1.3353,154278.3,1775730299999,205981.43859,281,17250.7,23033.23687,0
1775730300000,1.3352,1.3353,1.3348,1.3353,83079.8,1775730359999,110916.97529,284,58659.0,78314.39715,0
1775730360000,1.3352,1.3353,1.3350,1.3350,40971.9,1775730419999,54706.73366,163,12749.8,17024.67348,0
1775730420000,1.3350,1.3352,1.3350,1.3352,33509.7,1775730479999,44738.11310,163,20229.7,27009.11924,0
1775730480000,1.3351,1.3352,1.3350,1.3352,40303.3,1775730539999,53809.08038,161,15877.1,21197.86971,0
1775730540000,1.3351,1.3355,1.3348,1.3353,437765.4,1775730599999,584492.05705,638,298737.3,398867.21593,0
1775730600000,1.3353,1.3353,1.3346,1.3346,91692.8,1775730659999,122406.24591,328,2204.8,2942.96415,0
1775730660000,1.3346,1.3347,1.3341,1.3341,124508.0,1775730719999,166133.76165,418,50076.0,66814.69927,0
1775730720000,1.3341,1.3345,1.3341,1.3343,96036.8,1775730779999,128148.50681,356,69053.1,92143.56750,0
1775730780000,1.3343,1.3348,1.3343,1.3347,81807.3,1775730839999,109179.41700,238,58918.5,78631.54385,0
1775730840000,1.3347,1.3347,1.3343,1.3343,50216.9,1775730899999,67018.19094,239,13482.4,17994.87276,0
1775730900000,1.3343,1.3343,1.3340,1.3340,25162.9,1775730959999,33569.43723,158,12912.6,17226.73376,0
1775730960000,1.3340,1.3341,1.3340,1.3341,56571.1,1775731019999,75467.77034,144,19229.4,25653.94254,0
1775731020000,1.3340,1.3344,1.3340,1.3342,101496.4,1775731079999,135414.18294,305,57971.5,77344.54791,0
1775731080000,1.3341,1.3342,1.3337,1.3337,153023.0,1775731139999,204128.24992,427,16680.3,22252.71748,0
1775731140000,1.3337,1.3346,1.3335,1.3345,209252.8,1775731199999,279121.11152,559,159782.6,213144.29291,0
1775731200000,1.3346,1.3346,1.3345,1.3346,65885.3,1775731259999,87927.62600,184,36931.5,49288.77990,0
1775731260000,1.3346,1.3346,1.3344,1.3345,95976.6,1775731319999,128075.30632,272,13421.6,17911.34694,0
1775731320000,1.3346,1.3346,1.3344,1.3345,40723.1,1775731379999,54344.99701,164,5924.2,7906.17651,0
1775731380000,1.3345,1.3349,1.3344,1.3348,89789.9,1775731439999,119836.70251,288,85781.3,114486.96970,0
1775731440000,1.3348,1.3356,1.3348,1.3349,236039.3,1775731499999,315169.86545,518,110283.8,147253.24129,0
1775731500000,1.3350,1.3350,1.3348,1.3349,50777.1,1775731559999,67781.51334,192,5129.7,6847.90242,0
1775731560000,1.3348,1.3355,1.3348,1.3352,169660.7,1775731619999,226524.90747,638,116516.6,155566.51002,0
1775731620000,1.3352,1.3352,1.3350,1.3351,61072.8,1775731679999,81537.36554,189,26482.9,35358.45720,0
1775731680000,1.3351,1.3351,1.3349,1.3349,48944.4,1775731739999,65342.89607,163,21978.3,29343.22339,0
1775731740000,1.3349,1.3349,1.3344,1.3349,324847.9,1775731799999,433540.28112,586,90573.4,120882.50528,0
1775731800000,1.3349,1.3349,1.3340,1.3340,174191.5,1775731859999,232461.38476,351,2331.9,3111.97418,0
1775731860000,1.3340,1.3341,1.3326,1.3333,435607.5,1775731919999,580830.26978,833,99319.2,132406.44676,0
1775731920000,1.3334,1.3337,1.3332,1.3335,121040.4,1775731979999,161400.00969,391,78729.2,104981.81951,0
1775731980000,1.3335,1.3338,1.3334,1.3338,79481.2,1775732039999,105991.42622,236,57051.5,76083.48598,0
1775732040000,1.3337,1.3341,1.3337,1.3337,131898.1,1775732099999,175941.73635,305,72456.3,96652.35224,0
1775732100000,1.3338,1.3338,1.3333,1.3337,125184.2,1775732159999,166939.33238,372,61304.8,81756.07132,0
1775732160000,1.3337,1.3338,1.3329,1.3329,218483.1,1775732219999,291290.74971,412,70072.4,93418.88787,0
1775732220000,1.3330,1.3330,1.3327,1.3328,136187.6,1775732279999,181515.98352,271,70579.5,94071.66021,0
1775732280000,1.3327,1.3328,1.3327,1.3327,43771.0,1775732339999,58334.79477,230,11830.7,15767.95696,0
1775732340000,1.3327,1.3328,1.3320,1.3321,643558.9,1775732399999,857483.44361,776,207991.5,277128.49889,0
1775732400000,1.3321,1.3322,1.3311,1.3321,745265.1,1775732459999,992458.41853,1151,373402.3,497259.50148,0
1775732460000,1.3322,1.3347,1.3311,1.3337,3922617.1,1775732519999,5229305.10782,2908,2251876.9,3001950.00139,0
1775732520000,1.3338,1.3344,1.3333,1.3334,464824.0,1775732579999,620073.33323,824,129635.2,172923.95899,0
1775732580000,1.3334,1.3339,1.3332,1.3337,331816.6,1775732639999,442515.17690,687,113483.8,151343.80214,0
1775732640000,1.3337,1.3338,1.3332,1.3333,262756.5,1775732699999,350362.48997,533,24037.0,32057.25046,0
1775732700000,1.3332,1.3333,1.3329,1.3332,219336.7,1775732759999,292396.53813,558,40552.0,54063.65130,0
1775732760000,1.3333,1.3333,1.3328,1.3333,176110.3,1775732819999,234758.96870,515,17953.9,23936.14645,0
1775732820000,1.3333,1.3339,1.3328,1.3336,224232.7,1775732879999,298964.65444,702,60745.4,81007.51327,0
1775732880000,1.3336,1.3336,1.3330,1.3334,192300.7,1775732939999,256394.07589,548,55959.5,74609.23018,0
1775732940000,1.3334,1.3337,1.3326,1.3326,277249.3,1775732999999,369688.53281,639,38989.0,51990.92447,0
1775733000000,1.3326,1.3327,1.3313,1.3313,312334.9,1775733059999,416015.84918,750,58955.8,78522.75616,0
1775733060000,1.3313,1.3314,1.3309,1.3311,354973.3,1775733119999,472490.60534,607,55277.5,73578.95530,0
1775733120000,1.3311,1.3319,1.3310,1.3312,863917.7,1775733179999,1150263.60876,704,454948.4,605713.80241,0
1775733180000,1.3313,1.3317,1.3312,1.3317,252955.8,1775733239999,336762.87726,522,65143.7,86730.20166,0
1775733240000,1.3317,1.3322,1.3316,1.3319,181347.0,1775733299999,241511.94208,441,52178.7,69493.44592,0
1775733300000,1.3319,1.3319,1.3314,1.3318,271749.1,1775733359999,361875.18850,525,86581.6,115304.33540,0
1775733360000,1.3318,1.3321,1.3314,1.3314,381246.8,1775733419999,507735.44486,542,154311.7,205528.56274,0
1775733420000,1.3315,1.3315,1.3306,1.3308,318165.7,1775733479999,423477.75361,638,47361.2,63031.33686,0
1775733480000,1.3308,1.3312,1.3304,1.3311,772257.9,1775733539999,1027721.49741,858,213800.5,284573.94047,0
1775733540000,1.3312,1.3321,1.3312,1.3320,341914.4,1775733599999,455380.63742,596,208644.7,277878.90298,0
1775733600000,1.3320,1.3326,1.3316,1.3318,459243.2,1775733659999,611747.81376,1193,107634.0,143386.66973,0
1775733660000,1.3318,1.3319,1.3315,1.3318,166786.4,1775733719999,222098.78176,887,24629.7,32798.25888,0
1775733720000,1.3317,1.3324,1.3316,1.3322,296436.8,1775733779999,394857.16476,933,86708.4,115492.58919,0
1775733780000,1.3322,1.3325,1.3314,1.3314,345264.9,1775733839999,459851.16296,981,45365.9,60414.35281,0
1775733840000,1.3314,1.3322,1.3311,1.3322,346752.6,1775733899999,461734.63050,754,158303.9,210817.74920,0
1775733900000,1.3322,1.3325,1.3315,1.3320,901684.0,1775733959999,1201158.33840,1088,471310.5,627850.40917,0
1775733960000,1.3319,1.3321,1.3312,1.3314,281205.4,1775734019999,374471.98242,653,67209.5,89501.24853,0
1775734020000,1.3314,1.3323,1.3312,1.3323,572314.7,1775734079999,762136.02845,939,217673.6,289880.72313,0
1775734080000,1.3323,1.3324,1.3281,1.3283,4422917.4,1775734139999,5883105.81239,3460,985946.3,1310840.12383,0
1775734140000,1.3283,1.3284,1.3278,1.3280,512736.4,1775734199999,680932.88761,906,205774.9,273287.55148,0
1775734200000,1.3281,1.3284,1.3279,1.3281,470163.5,1775734259999,624455.41767,829,232042.6,308201.80688,0
1775734260000,1.3282,1.3292,1.3281,1.3292,347203.3,1775734319999,461363.13300,682,179698.6,238757.07682,0
1775734320000,1.3291,1.3296,1.3282,1.3286,360597.8,1775734379999,479180.94508,819,155821.2,207087.65782,0
1775734380000,1.3287,1.3287,1.3283,1.3286,335300.9,1775734439999,445450.40857,561,174522.9,231860.38918,0
1775734440000,1.3285,1.3286,1.3281,1.3285,315005.5,1775734499999,418452.07627,492,139566.6,185396.22467,0
1775734500000,1.3284,1.3285,1.3280,1.3283,153982.5,1775734559999,204521.69861,409,78556.1,104344.31106,0
1775734560000,1.3283,1.3285,1.3279,1.3283,561939.5,1775734619999,746378.33824,703,268021.8,356010.24355,0
1775734620000,1.3283,1.3286,1.3280,1.3281,72239.6,1775734679999,95956.47524,339,44163.2,58662.26880,0
1775734680000,1.3281,1.3286,1.3279,1.3285,225374.1,1775734739999,299330.26495,398,92958.4,123473.83224,0
1775734740000,1.3285,1.3289,1.3285,1.3286,340623.3,1775734799999,452561.13206,480,169087.9,224660.54183,0
1775734800000,1.3287,1.3291,1.3286,1.3290,308498.2,1775734859999,409962.62395,500,164099.8,218086.44078,0
1775734860000,1.3290,1.3292,1.3287,1.3288,389572.9,1775734919999,517700.84330,514,223113.0,296499.06761,0
1775734920000,1.3287,1.3288,1.3281,1.3282,323906.3,1775734979999,430281.78706,560,137925.1,183237.60196,0
1775734980000,1.3282,1.3283,1.3278,1.3280,261483.0,1775735039999,347232.21243,485,63438.3,84243.40344,0
1775735040000,1.3280,1.3282,1.3273,1.3275,747944.2,1775735099999,993133.23466,994,224640.5,298310.45961,0
1775735100000,1.3275,1.3276,1.3269,1.3271,435232.2,1775735159999,577657.55070,795,128197.3,170149.73887,0
1775735160000,1.3272,1.3277,1.3268,1.3269,563335.1,1775735219999,747661.65676,792,300308.4,398572.59459,0
1775735220000,1.3269,1.3275,1.3269,1.3275,320678.0,1775735279999,425600.33762,603,165341.6,219439.10604,0
1775735280000,1.3274,1.3276,1.3270,1.3272,346097.0,1775735339999,459355.27000,696,132925.3,176433.92967,0
1775735340000,1.3273,1.3275,1.3272,1.3273,359563.9,1775735399999,477251.65653,442,140880.1,187000.53206,0
1775735400000,1.3272,1.3273,1.3270,1.3271,364213.2,1775735459999,483360.02651,527,182857.3,242676.06750,0
1775735460000,1.3271,1.3272,1.3266,1.3267,527679.2,1775735519999,700164.02722,832,177172.8,235078.91713,0
1775735520000,1.3268,1.3271,1.3265,1.3270,466794.7,1775735579999,619359.95049,756,345104.0,457897.06038,0
1775735580000,1.3270,1.3271,1.3260,1.3260,612745.5,1775735639999,812692.13955,830,100844.2,133750.33265,0
1775735640000,1.3261,1.3262,1.3256,1.3257,1334116.9,1775735699999,1768924.38894,1552,686625.1,910438.90028,0
1775735700000,1.3256,1.3296,1.3244,1.3289,5203520.5,1775735759999,6904364.73928,5356,2981599.5,3956132.79790,0
1775735760000,1.3289,1.3295,1.3282,1.3284,580221.6,1775735819999,771062.66400,917,236533.6,314382.06359,0
1775735820000,1.3284,1.3296,1.3282,1.3290,481111.6,1775735879999,639456.29014,940,260408.7,346082.23388,0
1775735880000,1.3289,1.3293,1.3288,1.3291,259626.0,1775735939999,345040.42303,506,108596.7,144332.84918,0
1775735940000,1.3292,1.3294,1.3288,1.3288,270383.8,1775735999999,359355.17860,485,43684.9,58065.09828,0
1775736000000,1.3289,1.3291,1.3287,1.3290,286357.6,1775736059999,380537.24738,671,104412.3,138758.54743,0
1775736060000,1.3290,1.3292,1.3287,1.3291,301114.5,1775736119999,400167.67194,684,103048.4,136953.06853,0
1775736120000,1.3292,1.3297,1.3290,1.3291,349007.8,1775736179999,463962.70058,769,99127.6,131777.25945,0
1775736180000,1.3291,1.3292,1.3287,1.3287,284609.9,1775736239999,378246.91083,667,46974.7,62430.70209,0
1775736240000,1.3287,1.3293,1.3287,1.3291,303345.2,1775736299999,403126.47989,698,106404.9,141404.60168,0
1775736300000,1.3291,1.3292,1.3285,1.3287,311887.6,1775736359999,414413.46671,709,60908.3,80928.76958,0
1775736360000,1.3287,1.3287,1.3279,1.3283,269242.9,1775736419999,357620.19060,564,27391.2,36382.99251,0
1775736420000,1.3283,1.3288,1.3281,1.3285,262372.4,1775736479999,348521.86268,652,68805.7,91405.15465,0
1775736480000,1.3284,1.3292,1.3284,1.3289,551447.4,1775736539999,732830.79651,815,228815.3,304064.23000,0
1775736540000,1.3289,1.3297,1.3288,1.3288,525955.1,1775736599999,699133.31309,970,233909.4,310953.67607,0
1775736600000,1.3288,1.3295,1.3288,1.3290,288494.7,1775736659999,383439.26480,669,102225.9,135886.71438,0
1775736660000,1.3290,1.3291,1.3284,1.3284,236520.4,1775736719999,314256.65680,453,14466.7,19224.39394,0
1775736720000,1.3284,1.3285,1.3278,1.3278,350169.3,1775736779999,465039.02908,598,67170.7,89205.88864,0
1775736780000,1.3279,1.3280,1.3273,1.3277,418749.6,1775736839999,555943.27888,671,60574.9,80427.89603,0
1775736840000,1.3277,1.3280,1.3277,1.3279,59400.7,1775736899999,78876.53260,233,45868.0,60906.68012,0
1775736900000,1.3279,1.3286,1.3279,1.3285,113132.0,1775736959999,150255.90267,468,102607.1,136276.60087,0
1775736960000,1.3285,1.3289,1.3280,1.3280,395750.9,1775737019999,525727.29220,675,95527.0,126916.96944,0
1775737020000,1.3281,1.3284,1.3275,1.3275,195857.1,1775737079999,260117.92034,427,32423.3,43061.66978,0
1775737080000,1.3276,1.3281,1.3276,1.3281,72802.7,1775737139999,96672.88760,329,45974.6,61049.85064,0
1775737140000,1.3281,1.3289,1.3275,1.3276,322474.5,1775737199999,428348.18977,754,73401.5,97488.62689,0
1775737200000,1.3276,1.3276,1.3266,1.3271,381743.0,1775737259999,506584.91009,675,130912.4,173736.84928,0
1775737260000,1.3271,1.3272,1.3264,1.3267,416150.8,1775737319999,552086.10404,679,147153.3,195227.23439,0
1775737320000,1.3267,1.3269,1.3256,1.3257,332739.9,1775737379999,441258.85018,737,75499.0,100138.13829,0
1775737380000,1.3257,1.3262,1.3254,1.3261,279822.9,1775737439999,371001.20729,584,161759.9,214484.20812,0
1775737440000,1.3261,1.3270,1.3260,1.3268,286027.4,1775737499999,379387.16156,545,169977.9,225450.56845,0
1775737500000,1.3268,1.3270,1.3267,1.3270,119051.2,1775737559999,157962.33073,352,75327.6,99948.21815,0
1775737560000,1.3269,1.3275,1.3269,1.3274,256737.2,1775737619999,340705.21333,428,218323.5,289730.40989,0
1775737620000,1.3274,1.3298,1.3272,1.3295,378027.6,1775737679999,502326.29218,1028,212767.3,282702.43119,0
1775737680000,1.3295,1.3303,1.3280,1.3284,554218.2,1775737739999,736638.82667,1102,158233.9,210333.34764,0
1775737740000,1.3284,1.3288,1.3284,1.3284,258135.4,1775737799999,342974.54799,361,135188.3,179624.40829,0
1775737800000,1.3284,1.3292,1.3281,1.3281,419859.3,1775737859999,557851.79147,948,171532.5,227914.45184,0
1775737860000,1.3281,1.3284,1.3270,1.3278,381962.7,1775737919999,507156.36643,1010,130639.6,173443.70823,0
1775737920000,1.3277,1.3289,1.3272,1.3281,202460.9,1775737979999,268879.51621,787,125371.8,166518.87843,0
1775737980000,1.3282,1.3285,1.3275,1.3277,194912.3,1775738039999,258869.99842,398,52575.2,69820.45153,0
1775738040000,1.3277,1.3286,1.3277,1.3282,151684.5,1775738099999,201484.37543,436,50468.8,67032.61566,0
1775738100000,1.3282,1.3287,1.3281,1.3285,141778.1,1775738159999,188331.49245,425,90683.4,120458.42257,0
1775738160000,1.3285,1.3294,1.3285,1.3289,208547.2,1775738219999,277187.74096,520,98697.8,131177.49481,0
1775738220000,1.3290,1.3290,1.3283,1.3287,159912.4,1775738279999,212466.43046,405,48558.5,64512.94866,0
1775738280000,1.3287,1.3288,1.3284,1.3284,68159.4,1775738339999,90556.77542,243,29226.5,38830.35799,0
1775738340000,1.3284,1.3288,1.3281,1.3288,164276.5,1775738399999,218223.70819,390,47738.0,63419.44641,0
1775738400000,1.3287,1.3294,1.3283,1.3293,190417.5,1775738459999,253007.83131,324,69906.4,92888.91320,0
1775738460000,1.3293,1.3324,1.3293,1.3299,1387458.2,1775738519999,1846819.10553,2178,755842.2,1006016.36582,0
1775738520000,1.3298,1.3307,1.3295,1.3303,333464.7,1775738579999,443515.77532,749,167225.5,222412.09973,0
1775738580000,1.3302,1.3304,1.3299,1.3301,116580.6,1775738639999,155069.86192,282,54689.0,72745.81976,0
1775738640000,1.3302,1.3302,1.3299,1.3301,96640.4,1775738699999,128543.32314,240,66839.6,88907.04688,0
1775738700000,1.3302,1.3306,1.3300,1.3301,263518.4,1775738759999,350539.41992,415,63990.2,85128.72604,0
1775738760000,1.3300,1.3300,1.3293,1.3293,171956.9,1775738819999,228637.63963,410,47681.2,63398.60807,0
1775738820000,1.3293,1.3295,1.3279,1.3294,221413.1,1775738879999,294194.26132,701,49188.6,65350.84887,0
1775738880000,1.3294,1.3298,1.3293,1.3296,78315.8,1775738939999,104127.06317,353,38224.3,50821.78214,0
1775738940000,1.3295,1.3298,1.3294,1.3294,67621.3,1775738999999,89907.35844,278,49671.4,66041.66497,0
1775739000000,1.3294,1.3300,1.3292,1.3299,270568.6,1775739059999,359716.16214,556,199063.6,264660.45754,0
1775739060000,1.3299,1.3300,1.3291,1.3292,58849.9,1775739119999,78243.58164,222,8474.4,11265.42610,0
1775739120000,1.3291,1.3294,1.3291,1.3293,30879.8,1775739179999,41045.52484,180,21907.4,29120.14154,0
1775739180000,1.3293,1.3297,1.3292,1.3296,85270.7,1775739239999,113355.19150,258,41850.6,55637.97992,0
1775739240000,1.3296,1.3298,1.3296,1.3297,36159.4,1775739299999,48080.24174,181,23766.7,31602.64607,0
1775739300000,1.3296,1.3303,1.3296,1.3299,120637.2,1775739359999,160450.32451,406,69441.5,92356.85256,0
1775739360000,1.3299,1.3303,1.3299,1.3302,42880.8,1775739419999,57036.86129,227,39627.4,52709.73917,0
1775739420000,1.3303,1.3307,1.3302,1.3307,89513.7,1775739479999,119091.35257,268,82145.1,109289.02745,0
1775739480000,1.3307,1.3309,1.3306,1.3309,177188.5,1775739539999,235793.50363,419,55199.1,73455.42834,0
1775739540000,1.3309,1.3311,1.3305,1.3306,224447.5,1775739599999,298721.63396,377,161000.0,214284.12656,0
1775739600000,1.3306,1.3322,1.3306,1.3309,300593.3,1775739659999,400206.57471,913,181964.9,242258.04110,0
1775739660000,1.3309,1.3313,1.3306,1.3313,163796.5,1775739719999,218006.47718,519,84630.0,112643.07050,0
1775739720000,1.3312,1.3314,1.3306,1.3306,107530.6,1775739779999,143134.06778,415,49907.0,66434.28206,0
1775739780000,1.3306,1.3309,1.3305,1.3309,79342.9,1775739839999,105580.46821,292,57390.1,76370.17177,0
1775739840000,1.3309,1.3314,1.3308,1.3310,147675.7,1775739899999,196563.73554,492,38466.1,51201.18294,0
1775739900000,1.3310,1.3314,1.3305,1.3305,274467.2,1775739959999,365329.99196,667,100509.3,133803.99195,0
1775739960000,1.3305,1.3308,1.3303,1.3308,143328.2,1775740019999,190697.67926,395,52348.8,69654.88083,0
1775740020000,1.3307,1.3309,1.3304,1.3305,59923.0,1775740079999,79737.48421,325,17068.1,22713.17982,0
1775740080000,1.3304,1.3307,1.3302,1.3302,74609.1,1775740139999,99256.90809,389,21312.8,28355.23475,0
1775740140000,1.3302,1.3308,1.3302,1.3307,73697.2,1775740199999,98053.56122,281,50388.3,67040.93815,0
1775740200000,1.3307,1.3307,1.3301,1.3302,85917.0,1775740259999,114296.77047,383,12591.5,16751.07692,0
1775740260000,1.3302,1.3307,1.3301,1.3307,51391.7,1775740319999,68369.48889,275,46468.6,61820.82727,0
1775740320000,1.3306,1.3307,1.3300,1.3301,181163.5,1775740379999,241021.14326,375,36680.6,48796.62384,0
1775740380000,1.3301,1.3305,1.3301,1.3303,92115.2,1775740439999,122539.12970,322,73026.1,97144.23975,0
1775740440000,1.3303,1.3304,1.3302,1.3304,24236.3,1775740499999,32241.82415,158,18180.7,24186.18710,0
1775740500000,1.3303,1.3306,1.3303,1.3304,80648.2,1775740559999,107296.82944,358,50230.4,66829.40681,0
1775740560000,1.3304,1.3304,1.3300,1.3302,106434.5,1775740619999,141572.70883,316,31308.9,41644.98944,0
1775740620000,1.3302,1.3302,1.3298,1.3300,68095.3,1775740679999,90563.19907,203,11264.4,14980.64115,0
1775740680000,1.3300,1.3303,1.3299,1.3302,33699.2,1775740739999,44823.35387,176,17389.8,23129.40825,0
1775740740000,1.3302,1.3306,1.3302,1.3303,168004.1,1775740799999,223522.44867,307,153612.2,204375.48067,0
1775740800000,1.3303,1.3303,1.3299,1.3302,97051.7,1775740859999,129089.61785,271,26952.8,35848.58459,0
1775740860000,1.3303,1.3303,1.3300,1.3301,36665.7,1775740919999,48769.78417,199,13301.1,17692.41705,0
1775740920000,1.3302,1.3302,1.3291,1.3292,182489.7,1775740979999,242662.08309,405,23276.7,30943.83276,0
1775740980000,1.3293,1.3296,1.3292,1.3294,129744.6,1775741039999,172478.86922,325,69205.6,92004.12777,0
1775741040000,1.3295,1.3300,1.3294,1.3299,59460.8,1775741099999,79060.68280,230,37474.2,49828.37543,0
1775741100000,1.3300,1.3303,1.3297,1.3301,87031.9,1775741159999,115748.52772,368,45927.0,61081.56335,0
1775741160000,1.3301,1.3304,1.3298,1.3298,116637.5,1775741219999,155119.06928,284,7759.7,10322.39263,0
1775741220000,1.3299,1.3303,1.3298,1.3302,53626.3,1775741279999,71321.54632,228,40313.2,53616.13701,0
1775741280000,1.3303,1.3309,1.3303,1.3309,94089.1,1775741339999,125204.16898,297,45542.2,60601.73802,0
1775741340000,1.3308,1.3309,1.3299,1.3305,425808.6,1775741399999,566426.06925,574,163172.5,217076.55976,0
1775741400000,1.3305,1.3315,1.3305,1.3310,387406.3,1775741459999,515670.29776,1062,206853.7,275343.93374,0
1775741460000,1.3310,1.3321,1.3305,1.3319,209642.2,1775741519999,279138.02375,834,109949.6,146395.32603,0
1775741520000,1.3318,1.3320,1.3294,1.3294,340385.9,1775741579999,452835.98568,976,130222.3,173228.45233,0
1775741580000,1.3294,1.3301,1.3279,1.3299,398027.4,1775741639999,528917.07335,1366,156792.4,208373.15123,0
1775741640000,1.3299,1.3305,1.3288,1.3293,335129.1,1775741699999,445562.80469,917,173752.2,231034.18481,0
1775741700000,1.3294,1.3304,1.3290,1.3295,361182.1,1775741759999,480338.59639,931,317458.1,422190.67376,0
1775741760000,1.3296,1.3313,1.3292,1.3311,119959.0,1775741819999,159590.47062,778,71951.8,95725.69653,0
1775741820000,1.3311,1.3313,1.3299,1.3299,219174.1,1775741879999,291666.25471,744,91590.8,121893.68859,0
1775741880000,1.3299,1.3303,1.3272,1.3282,673375.9,1775741939999,894638.07785,1305,155671.2,206841.94115,0
1775741940000,1.3282,1.3296,1.3282,1.3295,266901.0,1775741999999,354697.56918,1006,109494.6,145513.99046,0
1775742000000,1.3294,1.3304,1.3281,1.3292,1763295.2,1775742059999,2343663.53905,1892,1206430.8,1603582.15164,0
1775742060000,1.3292,1.3293,1.3280,1.3281,366313.7,1775742119999,486695.49560,729,144706.0,192226.92983,0
1775742120000,1.3281,1.3292,1.3280,1.3292,226746.2,1775742179999,301217.14121,554,183148.7,243297.54171,0
1775742180000,1.3292,1.3305,1.3290,1.3302,128028.3,1775742239999,170284.74649,556,75288.4,100136.13600,0
1775742240000,1.3301,1.3301,1.3291,1.3292,154588.8,1775742299999,205504.50888,472,71026.0,94410.81781,0
1775742300000,1.3291,1.3295,1.3281,1.3295,159696.6,1775742359999,212183.17499,802,64946.6,86294.99775,0
1775742360000,1.3295,1.3305,1.3294,1.3299,116857.2,1775742419999,155434.86712,622,43180.0,57431.66905,0
1775742420000,1.3299,1.3300,1.3278,1.3278,396335.0,1775742479999,526546.69098,923,85589.8,113719.24870,0
1775742480000,1.3279,1.3297,1.3276,1.3297,359565.6,1775742539999,477509.78310,1053,157975.3,209829.97350,0
1775742540000,1.3296,1.3301,1.3284,1.3294,697982.9,1775742599999,927842.54553,1203,350620.4,466175.23637,0
1775742600000,1.3293,1.3293,1.3282,1.3283,131489.0,1775742659999,174705.16345,719,52196.3,69353.15219,0
1775742660000,1.3282,1.3284,1.3277,1.3279,229051.6,1775742719999,304171.74400,765,147069.8,195305.01128,0
1775742720000,1.3279,1.3283,1.3270,1.3273,488415.4,1775742779999,648495.74711,749,312375.8,414798.72018,0
1775742780000,1.3273,1.3278,1.3266,1.3272,460875.3,1775742839999,611618.53070,1062,109454.2,145271.71006,0
1775742840000,1.3271,1.3282,1.3269,1.3271,154408.1,1775742899999,204967.73512,715,70297.3,93330.19121,0
1775742900000,1.3270,1.3273,1.3267,1.3271,343169.9,1775742959999,455383.85649,751,103213.7,136972.05473,0
1775742960000,1.3270,1.3270,1.3255,1.3261,590716.3,1775743019999,783347.71873,1316,204062.9,270599.78752,0
1775743020000,1.3262,1.3292,1.3261,1.3282,435009.6,1775743079999,577718.39960,1330,242868.9,322471.96132,0
1775743080000,1.3283,1.3295,1.3280,1.3289,330560.7,1775743139999,439278.14884,911,229497.9,304986.05014,0
1775743140000,1.3290,1.3291,1.3287,1.3288,98039.1,1775743199999,130283.44473,441,61355.6,81534.86091,0
1775743200000,1.3287,1.3292,1.3280,1.3284,248312.5,1775743259999,329885.60996,925,148713.3,197565.94195,0
1775743260000,1.3285,1.3286,1.3277,1.3280,187443.4,1775743319999,248965.83092,938,91888.2,122046.08575,0
1775743320000,1.3280,1.3281,1.3267,1.3275,889820.8,1775743379999,1181052.12636,1412,69230.2,91892.73819,0
1775743380000,1.3276,1.3279,1.3269,1.3279,97907.9,1775743439999,129950.84162,769,58303.6,77390.11478,0
1775743440000,1.3279,1.3280,1.3270,1.3271,232016.0,1775743499999,307987.61559,625,56186.5,74577.63303,0
1775743500000,1.3270,1.3277,1.3267,1.3277,110976.1,1775743559999,147291.02308,692,58284.6,77360.87486,0
1775743560000,1.3277,1.3281,1.3270,1.3270,130758.8,1775743619999,173614.47852,558,64673.6,85872.86680,0
1775743620000,1.3270,1.3272,1.3267,1.3268,135041.6,1775743679999,179203.25844,520,92520.6,122780.90289,0
1775743680000,1.3267,1.3274,1.3264,1.3273,220795.6,1775743739999,292962.62290,875,118097.2,156703.91101,0
1775743740000,1.3274,1.3278,1.3266,1.3266,308157.0,1775743799999,409051.04325,710,213902.4,283972.81784,0
1775743800000,1.3265,1.3275,1.3261,1.3268,341680.1,1775743859999,453354.67946,903,36788.3,48807.27115,0
1775743860000,1.3269,1.3272,1.3263,1.3272,82491.6,1775743919999,109426.24339,466,53991.3,71621.28551,0
1775743920000,1.3272,1.3294,1.3271,1.3291,653206.8,1775743979999,867950.34742,963,436159.0,579621.52035,0
1775743980000,1.3290,1.3295,1.3280,1.3281,205239.7,1775744039999,272733.36251,628,67608.1,89858.52836,0
1775744040000,1.3280,1.3287,1.3278,1.3286,101373.3,1775744099999,134659.09192,487,81211.1,107878.19728,0
1775744100000,1.3286,1.3303,1.3284,1.3290,946913.3,1775744159999,1258996.53527,1283,652150.6,867140.86201,0
1775744160000,1.3289,1.3289,1.3271,1.3282,370692.1,1775744219999,492286.15296,856,117335.7,155803.35844,0
1775744220000,1.3282,1.3285,1.3263,1.3264,593333.4,1775744279999,787301.11245,972,210483.0,279287.63956,0
1775744280000,1.3263,1.3266,1.3260,1.3261,280394.5,1775744339999,371904.05337,566,207758.3,275572.00576,0
1775744340000,1.3261,1.3261,1.3251,1.3255,400144.5,1775744399999,530363.40986,670,76315.2,101147.04473,0
1775744400000,1.3254,1.3263,1.3252,1.3260,317737.1,1775744459999,421232.91071,961,161555.2,214181.80542,0
1775744460000,1.3260,1.3263,1.3250,1.3251,321271.7,1775744519999,425872.15136,796,50927.8,67509.68891,0
1775744520000,1.3251,1.3262,1.3251,1.3261,88091.7,1775744579999,116781.07863,509,54620.0,72408.91753,0
1775744580000,1.3261,1.3267,1.3259,1.3261,217597.2,1775744639999,288630.61489,573,60356.6,80055.72812,0
1775744640000,1.3262,1.3265,1.3259,1.3259,227536.7,1775744699999,301778.97502,529,65295.2,86602.61272,0
1775744700000,1.3259,1.3262,1.3259,1.3262,140707.4,1775744759999,186581.64137,468,51735.5,68602.98090,0
1775744760000,1.3261,1.3265,1.3252,1.3252,385058.6,1775744819999,510548.26315,586,81175.7,107635.88107,0
1775744820000,1.3253,1.3253,1.3217,1.3219,3022949.8,1775744879999,3999345.42204,3981,941270.1,1244894.97566,0
1775744880000,1.3220,1.3222,1.3209,1.3219,1110718.6,1775744939999,1467900.90099,1971,531526.3,702475.53658,0
1775744940000,1.3219,1.3235,1.3219,1.3235,313065.0,1775744999999,413983.98791,866,238472.5,315346.61184,0
1775745000000,1.3234,1.3242,1.3230,1.3234,444624.1,1775745059999,588568.82805,1149,200626.5,265604.36852,0
1775745060000,1.3234,1.3235,1.3225,1.3230,207799.2,1775745119999,274873.57492,788,87116.5,115234.56252,0
1775745120000,1.3230,1.3231,1.3224,1.3227,179417.6,1775745179999,237326.36160,736,63935.3,84574.12523,0
1775745180000,1.3227,1.3230,1.3220,1.3223,439059.7,1775745239999,580639.28079,850,266578.1,352562.65642,0
1775745240000,1.3223,1.3230,1.3221,1.3225,178358.9,1775745299999,235882.60436,658,104337.8,137991.33619,0
1775745300000,1.3225,1.3233,1.3221,1.3232,144847.0,1775745359999,191566.18478,733,67297.0,89008.39802,0
1775745360000,1.3232,1.3233,1.3216,1.3219,479115.1,1775745419999,633666.65782,841,242684.8,320934.85870,0
1775745420000,1.3219,1.3229,1.3217,1.3228,96318.8,1775745479999,127369.44214,571,71605.1,94695.60453,0
1775745480000,1.3228,1.3244,1.3228,1.3236,445135.2,1775745539999,589244.67698,1085,223131.2,295386.15590,0
1775745540000,1.3236,1.3246,1.3235,1.3244,292242.1,1775745599999,386949.95483,569,263401.9,348757.97486,0
1775745600000,1.3243,1.3251,1.3242,1.3250,219686.9,1775745659999,291019.11443,703,131584.8,174318.55154,0
1775745660000,1.3251,1.3258,1.3244,1.3246,332559.7,1775745719999,440691.87929,766,141009.3,186863.40402,0
1775745720000,1.3246,1.3247,1.3240,1.3244,117837.4,1775745779999,156055.05059,466,61915.6,81996.13877,0
1775745780000,1.3245,1.3264,1.3245,1.3261,571721.8,1775745839999,757696.25375,893,405841.5,537824.38430,0
1775745840000,1.3260,1.3262,1.3257,1.3261,69604.1,1775745899999,92297.08867,376,21480.1,28482.35038,0
1775745900000,1.3262,1.3283,1.3262,1.3281,622767.5,1775745959999,826774.82845,1309,495202.1,657453.72489,0
1775745960000,1.3282,1.3289,1.3275,1.3276,350063.9,1775746019999,464993.12671,956,177458.5,235735.79254,0
1775746020000,1.3277,1.3304,1.3275,1.3282,3591978.7,1775746079999,4776506.25029,1796,760409.7,1010877.76340,0
1775746080000,1.3282,1.3296,1.3282,1.3292,269801.0,1775746139999,358579.12737,568,185518.3,246561.00190,0
1775746140000,1.3292,1.3293,1.3290,1.3291,108021.7,1775746199999,143577.26111,423,34930.2,46429.84562,0
1775746200000,1.3292,1.3322,1.3290,1.3309,869285.4,1775746259999,1156874.85246,1459,600284.6,798795.52480,0
1775746260000,1.3308,1.3320,1.3303,1.3303,671528.2,1775746319999,894091.75721,1169,267563.6,356268.62827,0
1775746320000,1.3303,1.3315,1.3301,1.3311,271618.7,1775746379999,361472.15717,708,104050.1,138456.49613,0
1775746380000,1.3312,1.3325,1.3310,1.3323,464002.4,1775746439999,617815.87373,799,155501.9,207061.79078,0
1775746440000,1.3324,1.3329,1.3317,1.3317,526972.2,1775746499999,702099.89227,979,221650.0,295309.85498,0
1775746500000,1.3317,1.3333,1.3311,1.3330,426778.9,1775746559999,568575.76378,1175,191503.1,255138.54118,0
1775746560000,1.3331,1.3331,1.3320,1.3322,204558.2,1775746619999,272593.17359,568,102962.9,137207.37873,0
1775746620000,1.3323,1.3323,1.3317,1.3320,195227.6,1775746679999,260035.82566,440,72272.0,96266.69451,0
1775746680000,1.3320,1.3323,1.3315,1.3319,236775.8,1775746739999,315362.97530,574,177830.2,236860.29014,0
1775746740000,1.3320,1.3323,1.3316,1.3319,62265.1,1775746799999,82930.73391,351,25849.0,34429.39170,0
1775746800000,1.3320,1.3321,1.3316,1.3320,258701.4,1775746859999,344553.76397,777,84989.3,113193.56651,0
1775746860000,1.3321,1.3321,1.3308,1.3315,279893.4,1775746919999,372635.81615,836,84256.3,112170.38723,0
1775746920000,1.3316,1.3317,1.3306,1.3317,384894.7,1775746979999,512429.65977,720,125234.4,166711.37843,0
1775746980000,1.3317,1.3317,1.3309,1.3310,151558.7,1775747039999,201806.07410,409,37430.3,49840.31110,0
1775747040000,1.3310,1.3312,1.3307,1.3308,163724.3,1775747099999,217911.82229,622,75552.4,100561.14571,0
1775747100000,1.3307,1.3311,1.3306,1.3310,93902.3,1775747159999,124964.63620,532,57266.6,76209.73623,0
1775747160000,1.3309,1.3313,1.3306,1.3308,140802.2,1775747219999,187406.47557,553,96158.2,127984.16694,0
1775747220000,1.3308,1.3309,1.3303,1.3306,108717.2,1775747279999,144661.70096,465,63229.8,84136.27747,0
1775747280000,1.3306,1.3310,1.3302,1.3302,148078.2,1775747339999,197011.95021,608,43640.1,58065.07367,0
1775747340000,1.3302,1.3303,1.3294,1.3294,124724.3,1775747399999,165874.25659,633,61261.3,81476.37862,0
1775747400000,1.3293,1.3304,1.3293,1.3304,266010.3,1775747459999,353767.16312,919,169899.0,225958.72264,0
1775747460000,1.3304,1.3304,1.3298,1.3302,95148.5,1775747519999,126554.66642,470,82876.2,110231.31149,0
1775747520000,1.3303,1.3318,1.3302,1.3318,149782.4,1775747579999,199346.90573,712,102369.8,136249.81329,0
1775747580000,1.3318,1.3346,1.3318,1.3344,841038.9,1775747639999,1121391.19043,1552,534920.7,713270.01331,0
1775747640000,1.3345,1.3377,1.3344,1.3367,1918849.7,1775747699999,2563691.41261,2881,1462226.7,1953747.57104,0
1775747700000,1.3367,1.3405,1.3364,1.3398,1762732.4,1775747759999,2359890.63220,3546,1104321.1,1478505.56484,0
1775747760000,1.3397,1.3397,1.3369,1.3375,636352.2,1775747819999,851483.46431,1379,296937.8,397214.71103,0
1775747820000,1.3374,1.3378,1.3361,1.3373,461871.6,1775747879999,617549.70933,1383,285714.4,382028.53795,0
1775747880000,1.3373,1.3381,1.3370,1.3380,394517.5,1775747939999,527654.54893,985,181618.4,242913.05457,0
1775747940000,1.3379,1.3381,1.3366,1.3367,314155.1,1775747999999,420178.71563,919,132086.4,176661.87756,0
1775748000000,1.3367,1.3372,1.3361,1.3367,660260.1,1775748059999,882426.85311,953,334526.9,447071.90034,0
1775748060000,1.3367,1.3396,1.3365,1.3392,830851.9,1775748119999,1111532.75716,1546,460916.5,616575.18633,0
1775748120000,1.3391,1.3398,1.3378,1.3387,358178.9,1775748179999,479554.19153,1237,125946.4,168627.58188,0
1775748180000,1.3387,1.3389,1.3379,1.3380,210299.9,1775748239999,281507.83003,702,108108.0,144721.80012,0
1775748240000,1.3380,1.3381,1.3373,1.3380,271352.7,1775748299999,362955.07801,705,153905.4,205866.44361,0
1775748300000,1.3379,1.3381,1.3373,1.3379,101737.0,1775748359999,136095.95433,524,48557.5,64955.19939,0
1775748360000,1.3379,1.3382,1.3375,1.3376,157983.0,1775748419999,211351.46849,621,95695.1,128022.88756,0
1775748420000,1.3377,1.3377,1.3360,1.3364,358443.2,1775748479999,479102.97775,966,118736.4,158681.43498,0
1775748480000,1.3364,1.3364,1.3358,1.3363,269638.9,1775748539999,360255.73931,756,92420.0,123482.85864,0
1775748540000,1.3364,1.3364,1.3359,1.3362,211068.8,1775748599999,282024.19820,483,75650.0,101078.55756,0
1775748600000,1.3362,1.3362,1.3349,1.3358,619974.3,1775748659999,827869.84218,1225,267059.5,356628.09827,0
1775748660000,1.3358,1.3360,1.3354,1.3356,194677.5,1775748719999,260027.34443,524,56669.7,75694.63160,0
1775748720000,1.3357,1.3457,1.3356,1.3426,3475797.2,1775748779999,4662462.58246,5904,2062660.7,2766536.70674,0
1775748780000,1.3425,1.3458,1.3419,1.3456,2861140.8,1775748839999,3844788.47824,4921,1727032.1,2320860.72340,0
1775748840000,1.3456,1.3496,1.3444,1.3491,2325205.8,1775748899999,3131405.47063,4752,1210652.4,1630492.88614,0
1775748900000,1.3491,1.3508,1.3474,1.3487,1968048.5,1775748959999,2654476.12585,3825,1148138.7,1548654.42044,0
1775748960000,1.3486,1.3518,1.3479,1.3512,1596974.5,1775749019999,2155633.09653,3055,889753.1,1201012.92465,0
1775749020000,1.3511,1.3526,1.3502,1.3523,923035.0,1775749079999,1247459.55734,2427,519716.6,702397.24493,0
1775749080000,1.3522,1.3522,1.3459,1.3463,1416957.8,1775749139999,1910548.59013,3301,526679.1,710190.13636,0
1775749140000,1.3463,1.3478,1.3458,1.3466,616418.7,1775749199999,830126.86760,1667,297601.2,400834.09355,0
1775749200000,1.3466,1.3474,1.3462,1.3463,792608.4,1775749259999,1067502.72990,1464,471457.3,634970.14991,0
1775749260000,1.3463,1.3475,1.3460,1.3470,667304.8,1775749319999,898572.63448,1501,446412.6,601157.27933,0
1775749320000,1.3471,1.3484,1.3468,1.3482,453220.1,1775749379999,610784.08667,1432,295797.7,398613.91629,0
1775749380000,1.3482,1.3498,1.3479,1.3493,674996.4,1775749439999,910662.06046,1746,299682.5,404277.78518,0
1775749440000,1.3494,1.3499,1.3484,1.3492,484365.0,1775749499999,653476.54250,1279,230542.4,311026.42052,0
1775749500000,1.3492,1.3511,1.3485,1.3502,640763.8,1775749559999,864959.27293,2069,368202.7,496984.64648,0
1775749560000,1.3502,1.3509,1.3492,1.3492,411531.4,1775749619999,555582.10703,1234,253208.1,341847.09136,0
1775749620000,1.3493,1.3501,1.3492,1.3499,394781.2,1775749679999,532814.00989,1229,128837.6,173873.97376,0
1775749680000,1.3500,1.3547,1.3492,1.3526,2301000.6,1775749739999,3112142.74039,3636,1785595.3,2414900.90932,0
1775749740000,1.3527,1.3527,1.3488,1.3490,1226702.0,1775749799999,1656130.02240,1928,765847.4,1033785.33012,0
1775749800000,1.3489,1.3497,1.3483,1.3494,556589.6,1775749859999,750746.02363,1536,197033.2,265787.91638,0
1775749860000,1.3494,1.3504,1.3491,1.3499,343288.4,1775749919999,463386.09178,1041,153555.5,207274.90471,0
1775749920000,1.3499,1.3507,1.3498,1.3503,346787.3,1775749979999,468268.35253,876,129657.8,175070.20416,0
1775749980000,1.3503,1.3526,1.3502,1.3522,297195.7,1775750039999,401619.87100,1231,153517.3,207459.63143,0
1775750040000,1.3523,1.3527,1.3515,1.3523,387798.9,1775750099999,524303.06919,1092,105067.1,142059.41893,0
1775750100000,1.3522,1.3537,1.3517,1.3534,465770.9,1775750159999,630005.09656,1317,234752.6,317537.82176,0
1775750160000,1.3534,1.3543,1.3528,1.3537,856191.9,1775750219999,1159058.22961,1772,287894.9,389724.05055,0
1775750220000,1.3537,1.3539,1.3518,1.3521,540785.1,1775750279999,731499.26617,1350,194909.4,263632.72890,0
1775750280000,1.3520,1.3522,1.3508,1.3508,425777.6,1775750339999,575411.17292,946,105574.5,142704.76883,0
1775750340000,1.3509,1.3516,1.3506,1.3515,128591.8,1775750399999,173722.82034,553,56951.0,76946.52431,0
1775750400000,1.3516,1.3559,1.3516,1.3552,1143664.6,1775750459999,1548530.72126,2354,703472.3,952428.73014,0
1775750460000,1.3552,1.3572,1.3539,1.3563,1283312.6,1775750519999,1739892.66567,2649,686216.6,930351.39771,0
1775750520000,1.3563,1.3587,1.3558,1.3568,1135936.0,1775750579999,1541701.89266,2601,741955.2,1006985.81595,0
1775750580000,1.3568,1.3582,1.3563,1.3569,620783.8,1775750639999,842465.59693,1702,360950.3,489822.79562,0
1775750640000,1.3570,1.3570,1.3560,1.3565,460600.0,1775750699999,624770.98870,1294,184061.7,249674.66188,0
1775750700000,1.3565,1.3565,1.3551,1.3552,390433.1,1775750759999,529320.75732,1338,92610.7,125552.79042,0
1775750760000,1.3552,1.3553,1.3528,1.3542,775689.4,1775750819999,1050114.47893,2105,243904.9,330182.50023,0
1775750820000,1.3541,1.3552,1.3534,1.3536,490904.0,1775750879999,664807.62574,1520,168018.0,227583.04952,0
1775750880000,1.3535,1.3550,1.3527,1.3545,468424.1,1775750939999,634060.23913,1499,199313.8,269832.43005,0
1775750940000,1.3546,1.3553,1.3545,1.3549,210342.3,1775750999999,285016.77508,965,121849.7,165109.80978,0
1775751000000,1.3550,1.3560,1.3548,1.3552,448470.5,1775751059999,607854.31794,1103,211446.2,286569.63638,0
1775751060000,1.3552,1.3565,1.3551,1.3563,302902.8,1775751119999,410661.84016,1088,164053.6,222409.08678,0
1775751120000,1.3563,1.3586,1.3563,1.3578,844918.1,1775751179999,1147016.46680,1553,470693.0,638997.75057,0
1775751180000,1.3578,1.3589,1.3575,1.3579,689358.2,1775751239999,936345.31858,1107,133854.5,181798.21842,0
1775751240000,1.3579,1.3579,1.3550,1.3551,326457.6,1775751299999,442671.81918,1102,102633.3,139155.30881,0
1775751300000,1.3551,1.3562,1.3548,1.3555,404917.8,1775751359999,548732.80335,1154,131739.2,178537.61334,0
1775751360000,1.3555,1.3580,1.3555,1.3578,319726.1,1775751419999,433918.90031,1150,207112.6,281055.05830,0
1775751420000,1.3578,1.3585,1.3557,1.3557,826766.5,1775751479999,1122204.78406,1324,601504.4,816445.79900,0
1775751480000,1.3558,1.3566,1.3555,1.3562,522365.9,1775751539999,708283.45916,909,116963.9,158601.57557,0
1775751540000,1.3561,1.3571,1.3559,1.3571,126877.1,1775751599999,172113.00145,636,97978.2,132906.85140,0
1775751600000,1.3570,1.3571,1.3557,1.3558,110072.8,1775751659999,149299.81238,565,17814.4,24164.11005,0
1775751660000,1.3557,1.3560,1.3533,1.3541,741510.1,1775751719999,1004224.11636,1583,233961.2,316854.59300,0
1775751720000,1.3541,1.3545,1.3533,1.3542,581363.9,1775751779999,787037.11779,1144,244500.4,331018.05600,0
1775751780000,1.3542,1.3546,1.3529,1.3530,437378.4,1775751839999,592136.48587,933,137706.3,186427.33542,0
1775751840000,1.3531,1.3533,1.3526,1.3532,337221.4,1775751899999,456224.64818,849,133250.4,180279.64788,0
1775751900000,1.3532,1.3543,1.3532,1.3538,171549.2,1775751959999,232193.18892,730,69519.0,94100.49741,0
1775751960000,1.3538,1.3540,1.3532,1.3532,91358.3,1775752019999,123658.29696,525,15865.3,21476.82021,0
1775752020000,1.3532,1.3533,1.3519,1.3519,475041.1,1775752079999,642420.37647,927,85433.8,115551.65993,0
1775752080000,1.3519,1.3527,1.3510,1.3524,643974.1,1775752139999,870408.06053,1297,339363.6,458706.79615,0
1775752140000,1.3525,1.3533,1.3517,1.3520,520516.2,1775752199999,703975.32490,969,235227.8,318196.78947,0
1775752200000,1.3521,1.3522,1.3513,1.3519,496418.5,1775752259999,671101.48867,1236,265838.5,359399.82331,0
1775752260000,1.3520,1.3525,1.3513,1.3516,289745.4,1775752319999,391729.61548,1002,142103.1,192127.58054,0
1775752320000,1.3516,1.3519,1.3506,1.3509,248904.6,1775752379999,336318.77129,984,87916.4,118781.72284,0
1775752380000,1.3508,1.3509,1.3484,1.3486,1266648.4,1775752439999,1709402.91682,1954,226982.7,306279.47888,0
1775752440000,1.3487,1.3494,1.3486,1.3492,320430.6,1775752499999,432258.85341,788,155380.2,209615.33212,0
1775752500000,1.3493,1.3495,1.3488,1.3490,261361.5,1775752559999,352614.78383,889,118015.6,159221.34238,0
1775752560000,1.3491,1.3501,1.3488,1.3501,260080.5,1775752619999,350945.28621,829,191451.8,258348.88862,0
1775752620000,1.3502,1.3502,1.3484,1.3485,186516.6,1775752679999,251633.65481,800,113563.5,153216.71605,0
1775752680000,1.3485,1.3486,1.3465,1.3473,900034.5,1775752739999,1212617.11908,1570,170898.5,230250.22967,0
1775752740000,1.3473,1.3478,1.3458,1.3478,828267.7,1775752799999,1115422.28893,1758,404640.5,544981.32884,0
1775752800000,1.3479,1.3489,1.3479,1.3482,262821.0,1775752859999,354368.21514,858,150758.1,203267.58807,0
1775752860000,1.3482,1.3487,1.3473,1.3474,244814.3,1775752919999,330025.11261,770,69020.9,93054.07215,0
1775752920000,1.3474,1.3487,1.3472,1.3485,406582.1,1775752979999,548055.76272,897,275925.4,371959.99274,0
1775752980000,1.3485,1.3499,1.3485,1.3490,332711.6,1775753039999,448868.73296,739,236818.1,319488.08566,0
1775753040000,1.3490,1.3496,1.3485,1.3494,624412.7,1775753099999,842420.64245,931,145522.5,196334.05423,0
1775753100000,1.3495,1.3504,1.3489,1.3489,546961.0,1775753159999,738352.43938,962,465561.6,628491.41088,0
1775753160000,1.3489,1.3491,1.3479,1.3480,329033.8,1775753219999,443704.73183,829,140935.8,190073.07234,0
1775753220000,1.3479,1.3481,1.3466,1.3467,750791.2,1775753279999,1011627.81941,1150,165915.2,223523.76800,0
1775753280000,1.3467,1.3467,1.3456,1.3460,499777.3,1775753339999,672731.12997,925,159141.1,214197.50902,0
1775753340000,1.3460,1.3467,1.3454,1.3463,556746.5,1775753399999,749480.62038,866,146874.8,197710.79455,0
1775753400000,1.3463,1.3469,1.3460,1.3468,414846.9,1775753459999,558547.65470,571,201795.5,271700.44175,0
1775753460000,1.3468,1.3485,1.3468,1.3482,167091.3,1775753519999,225185.48612,717,101401.8,136648.83640,0
1775753520000,1.3483,1.3490,1.3480,1.3486,302904.9,1775753579999,408476.97714,803,195443.8,263566.78841,0
1775753580000,1.3486,1.3487,1.3481,1.3485,58589.3,1775753639999,78999.04904,378,32272.0,43513.90658,0
1775753640000,1.3486,1.3487,1.3483,1.3487,76325.9,1775753699999,102927.23588,356,26877.1,36245.16354,0
1775753700000,1.3487,1.3494,1.3486,1.3490,305742.1,1775753759999,412489.64286,768,152426.6,205643.10042,0
1775753760000,1.3490,1.3505,1.3488,1.3492,503079.8,1775753819999,679037.11330,956,372348.8,502595.97044,0
1775753820000,1.3493,1.3502,1.3489,1.3492,446807.3,1775753879999,602971.43035,683,292387.8,394563.39599,0
1775753880000,1.3493,1.3504,1.3490,1.3504,172053.8,1775753939999,232253.57172,616,125366.8,169225.39665,0
1775753940000,1.3504,1.3516,1.3504,1.3516,350711.6,1775753999999,473890.58753,823,226702.4,306321.85848,0
1775754000000,1.3516,1.3526,1.3512,1.3526,395574.4,1775754059999,534766.17204,1121,237936.3,321687.87109,0
1775754060000,1.3525,1.3559,1.3525,1.3548,639626.1,1775754119999,866172.70348,1706,439619.4,595155.65879,0
1775754120000,1.3549,1.3553,1.3543,1.3547,327951.2,1775754179999,444294.38240,843,162167.7,219698.90600,0
1775754180000,1.3546,1.3579,1.3545,1.3562,848746.6,1775754239999,1151366.12192,2191,515667.3,699345.65713,0
1775754240000,1.3561,1.3571,1.3554,1.3566,369434.2,1775754299999,501041.36982,1174,163483.2,221730.64348,0
1775754300000,1.3566,1.3566,1.3551,1.3554,628008.5,1775754359999,851509.70626,1228,246825.3,334664.31704,0
1775754360000,1.3554,1.3570,1.3552,1.3556,789285.5,1775754419999,1070417.31911,1558,434462.3,589246.36364,0
1775754420000,1.3555,1.3561,1.3553,1.3556,323202.9,1775754479999,438119.93169,893,184357.7,249906.82378,0
1775754480000,1.3556,1.3567,1.3555,1.3566,246647.7,1775754539999,334514.69637,791,130200.0,176590.52277,0
1775754540000,1.3566,1.3567,1.3557,1.3560,135400.1,1775754599999,183627.21010,809,71019.8,96312.76106,0
1775754600000,1.3560,1.3569,1.3558,1.3561,230123.2,1775754659999,312142.12563,884,72762.0,98689.61646,0
1775754660000,1.3562,1.3571,1.3558,1.3560,185986.3,1775754719999,252271.02483,901,99390.5,134813.94996,0
1775754720000,1.3560,1.3566,1.3556,1.3556,237621.9,1775754779999,322246.48965,759,121905.7,165342.90942,0
1775754780000,1.3557,1.3559,1.3547,1.3553,406044.0,1775754839999,550283.63881,1036,162568.0,220320.32010,0
1775754840000,1.3553,1.3565,1.3552,1.3562,279065.7,1775754899999,378415.23366,711,117148.5,158838.72793,0
1775754900000,1.3562,1.3574,1.3556,1.3571,403476.0,1775754959999,547251.02740,1076,227870.5,309073.77150,0
1775754960000,1.3571,1.3573,1.3557,1.3561,382131.2,1775755019999,518259.56486,896,99241.2,134616.17692,0
1775755020000,1.3562,1.3575,1.3560,1.3573,272428.3,1775755079999,369679.87651,843,166237.5,225570.57075,0
1775755080000,1.3573,1.3575,1.3560,1.3567,373107.5,1775755139999,506119.22700,845,76599.3,103904.86001,0
1775755140000,1.3567,1.3572,1.3562,1.3566,195812.5,1775755199999,265669.75044,861,108633.9,147390.58893,0
1775755200000,1.3566,1.3572,1.3558,1.3559,104617.4,1775755259999,141911.89188,569,48532.6,65836.47686,0
1775755260000,1.3559,1.3559,1.3541,1.3545,431416.3,1775755319999,584473.86683,1194,148934.6,201754.55050,0
1775755320000,1.3544,1.3553,1.3543,1.3553,163355.0,1775755379999,221313.98122,663,99883.8,135319.51493,0
1775755380000,1.3553,1.3557,1.3548,1.3551,155549.4,1775755439999,210812.59465,653,53285.8,72214.71057,0
1775755440000,1.3551,1.3551,1.3544,1.3545,118201.8,1775755499999,160117.65189,446,44506.9,60285.65886,0
1775755500000,1.3545,1.3548,1.3542,1.3545,104096.2,1775755559999,140992.13880,383,68195.0,92365.65659,0
1775755560000,1.3546,1.3546,1.3519,1.3521,338059.7,1775755619999,457330.39780,995,148811.3,201263.56840,0
1775755620000,1.3521,1.3525,1.3517,1.3524,376871.2,1775755679999,509599.72274,737,162928.9,220313.13758,0
1775755680000,1.3524,1.3532,1.3521,1.3529,232667.7,1775755739999,314658.34875,527,191813.0,259399.19441,0
1775755740000,1.3529,1.3542,1.3526,1.3539,240363.8,1775755799999,325368.12253,772,174970.9,236844.72211,0
1775755800000,1.3539,1.3540,1.3510,1.3515,259100.1,1775755859999,350370.76272,1103,59074.8,79868.67053,0
1775755860000,1.3516,1.3518,1.3510,1.3512,199068.7,1775755919999,269007.62600,666,88943.9,120195.80400,0
1775755920000,1.3511,1.3528,1.3511,1.3527,295482.4,1775755979999,399471.99156,748,184833.4,249896.95681,0
1775755980000,1.3528,1.3531,1.3515,1.3515,90517.9,1775756039999,122409.99673,522,27921.6,37770.54073,0
1775756040000,1.3515,1.3520,1.3510,1.3517,241308.3,1775756099999,326164.59079,612,68310.4,92317.85296,0
1775756100000,1.3518,1.3531,1.3517,1.3524,107760.3,1775756159999,145739.79928,601,71180.4,96260.74952,0
1775756160000,1.3525,1.3550,1.3525,1.3549,216944.3,1775756219999,293764.40886,794,185222.0,250807.84183,0
1775756220000,1.3550,1.3550,1.3537,1.3548,224274.6,1775756279999,303687.78002,687,127548.5,172702.23877,0
1775756280000,1.3549,1.3582,1.3548,1.3577,487032.4,1775756339999,660891.71183,1321,332547.6,451217.09378,0
1775756340000,1.3576,1.3587,1.3574,1.3577,817523.0,1775756399999,1110398.62100,1298,317713.1,431529.08886,0
1775756400000,1.3578,1.3593,1.3572,1.3587,702707.3,1775756459999,954775.44917,1389,536933.9,729589.20607,0
1775756460000,1.3586,1.3588,1.3566,1.3586,393369.3,1775756519999,534060.66343,1052,97300.8,132091.24341,0
1775756520000,1.3585,1.3585,1.3574,1.3582,109699.4,1775756579999,148950.93924,513,51310.1,69668.65897,0
1775756580000,1.3582,1.3595,1.3579,1.3589,433259.5,1775756639999,588722.62082,1010,307967.5,418471.35556,0
1775756640000,1.3589,1.3592,1.3581,1.3587,172970.7,1775756699999,235017.98446,544,103994.7,141305.43975,0
1775756700000,1.3586,1.3591,1.3584,1.3587,313692.6,1775756759999,426258.77850,668,189023.6,256854.55572,0
1775756760000,1.3588,1.3596,1.3587,1.3592,444486.8,1775756819999,604150.69240,877,218708.9,297270.04220,0
1775756820000,1.3591,1.3593,1.3585,1.3586,165619.3,1775756879999,225070.81801,666,59816.0,81286.35725,0
1775756880000,1.3586,1.3592,1.3578,1.3584,297048.0,1775756939999,403534.05685,1006,109041.1,148131.73464,0
1775756940000,1.3584,1.3589,1.3582,1.3584,157523.9,1775756999999,213997.54818,665,74406.7,101084.12439,0
1775757000000,1.3583,1.3583,1.3568,1.3572,161677.1,1775757059999,219433.87953,747,44750.8,60740.58228,0
1775757060000,1.3572,1.3574,1.3562,1.3562,202538.4,1775757119999,274800.95336,755,49986.5,67818.77792,0
1775757120000,1.3563,1.3579,1.3563,1.3578,226482.9,1775757179999,307457.01190,609,133428.6,181115.99398,0
1775757180000,1.3578,1.3589,1.3573,1.3573,271983.8,1775757239999,369446.82703,743,143291.4,194637.58621,0
1775757240000,1.3573,1.3579,1.3572,1.3577,100596.8,1775757299999,136563.03515,540,54998.1,74658.07770,0
1775757300000,1.3578,1.3579,1.3572,1.3574,65091.9,1775757359999,88359.01757,483,42255.2,57357.63942,0
1775757360000,1.3575,1.3576,1.3571,1.3571,305941.2,1775757419999,415282.25101,580,198163.1,268987.74412,0
1775757420000,1.3572,1.3579,1.3569,1.3579,85903.5,1775757479999,116597.54792,400,31882.7,43277.39783,0
1775757480000,1.3578,1.3586,1.3577,1.3579,127870.2,1775757539999,173686.82368,536,80604.3,109487.07557,0
1775757540000,1.3580,1.3582,1.3578,1.3580,101370.9,1775757599999,137659.86380,294,43382.7,58916.50107,0
1775757600000,1.3579,1.3588,1.3570,1.3572,310633.1,1775757659999,421856.54418,1084,143602.0,195018.55161,0
1775757660000,1.3572,1.3572,1.3550,1.3555,503464.6,1775757719999,682621.64831,1478,196381.5,266238.26959,0
1775757720000,1.3555,1.3557,1.3535,1.3539,396471.8,1775757779999,536906.34227,1169,129892.1,175915.67706,0
1775757780000,1.3538,1.3540,1.3520,1.3520,483043.8,1775757839999,653519.62368,1300,84541.0,114367.87186,0
1775757840000,1.3521,1.3522,1.3496,1.3514,1196367.6,1775757899999,1615898.24919,2419,672691.4,908661.24691,0
1775757900000,1.3515,1.3539,1.3514,1.3527,1741054.8,1775757959999,2354970.58978,1981,1479595.5,2001359.05856,0
1775757960000,1.3528,1.3548,1.3528,1.3543,642912.2,1775758019999,870619.49962,1511,458856.3,621409.07550,0
1775758020000,1.3542,1.3543,1.3522,1.3522,242423.0,1775758079999,328004.61321,865,137444.9,185945.53860,0
1775758080000,1.3522,1.3526,1.3510,1.3516,417751.1,1775758139999,564619.30372,1278,163493.2,220936.85617,0
1775758140000,1.3516,1.3536,1.3514,1.3534,315749.2,1775758199999,427047.11677,1057,263114.4,355868.98940,0
1775758200000,1.3534,1.3543,1.3532,1.3533,210239.8,1775758259999,284588.94788,893,131519.1,178032.67917,0
1775758260000,1.3534,1.3536,1.3523,1.3523,128004.7,1775758319999,173177.44631,731,62192.1,84142.22573,0
1775758320000,1.3523,1.3524,1.3517,1.3521,153797.0,1775758379999,207935.24298,649,90711.0,122641.29377,0
1775758380000,1.3521,1.3522,1.3517,1.3517,126423.0,1775758439999,170910.50091,517,36773.8,49715.90478,0
1775758440000,1.3517,1.3517,1.3507,1.3512,104953.4,1775758499999,141794.08037,665,49403.4,66746.44173,0
1775758500000,1.3512,1.3522,1.3511,1.3512,140532.4,1775758559999,189945.09778,719,65095.5,87986.85211,0
1775758560000,1.3511,1.3526,1.3508,1.3525,180485.4,1775758619999,243924.34156,645,141253.9,190902.18212,0
1775758620000,1.3526,1.3536,1.3523,1.3525,242387.8,1775758679999,327973.06722,772,109949.6,148758.09369,0
1775758680000,1.3526,1.3538,1.3525,1.3531,116409.9,1775758739999,157516.63920,629,70565.4,95478.16487,0
1775758740000,1.3532,1.3533,1.3520,1.3522,203929.6,1775758799999,275804.98755,570,58544.8,79177.15090,0
1775758800000,1.3522,1.3523,1.3510,1.3513,154898.6,1775758859999,209351.06743,597,57887.1,78227.75871,0
1775758860000,1.3513,1.3522,1.3513,1.3520,332246.2,1775758919999,449136.46788,595,239754.7,324100.24514,0
1775758920000,1.3521,1.3523,1.3502,1.3507,882129.7,1775758979999,1191889.99149,1142,126218.6,170585.41823,0
1775758980000,1.3506,1.3515,1.3501,1.3515,722715.3,1775759039999,976378.25791,1161,275321.7,371955.30845,0
1775759040000,1.3515,1.3521,1.3511,1.3517,200792.5,1775759099999,271409.42828,527,84251.4,113877.05226,0
1775759100000,1.3517,1.3523,1.3507,1.3512,633539.3,1775759159999,856071.36245,1042,274137.5,370402.60254,0
1775759160000,1.3512,1.3525,1.3512,1.3523,150743.1,1775759219999,203817.39585,588,88450.4,119594.82388,0
1775759220000,1.3522,1.3530,1.3522,1.3525,109403.9,1775759279999,147976.84499,469,65514.7,88610.98552,0
1775759280000,1.3526,1.3563,1.3526,1.3557,1351583.0,1775759339999,1831256.99378,1739,1060274.5,1436528.97277,0
1775759340000,1.3556,1.3556,1.3550,1.3553,153868.2,1775759399999,208532.81469,454,49766.9,67448.82844,0
1775759400000,1.3553,1.3554,1.3541,1.3547,250926.0,1775759459999,339921.27467,812,57206.6,77497.77618,0
1775759460000,1.3547,1.3553,1.3546,1.3553,129601.7,1775759519999,175595.36340,534,104152.2,141116.47216,0
1775759520000,1.3553,1.3553,1.3548,1.3549,150576.9,1775759579999,204036.65014,630,44706.9,60581.40365,0
1775759580000,1.3549,1.3549,1.3515,1.3520,364271.4,1775759639999,492708.87370,1012,124231.9,167976.07060,0
1775759640000,1.3519,1.3540,1.3519,1.3540,775481.3,1775759699999,1048958.93574,1032,143960.2,194776.14907,0
1775759700000,1.3540,1.3547,1.3536,1.3540,234700.9,1775759759999,317802.60805,673,100591.4,136214.80101,0
1775759760000,1.3540,1.3545,1.3539,1.3542,85243.1,1775759819999,115439.70262,436,53421.2,72343.45535,0
1775759820000,1.3542,1.3542,1.3535,1.3542,92655.3,1775759879999,125450.84041,376,58323.3,78965.87211,0
1775759880000,1.3542,1.3550,1.3542,1.3543,173655.2,1775759939999,235250.41688,447,67143.8,90955.82807,0
1775759940000,1.3544,1.3558,1.3542,1.3550,181618.9,1775759999999,246098.62172,628,100916.6,136735.91430,0
1775760000000,1.3550,1.3552,1.3543,1.3544,103800.9,1775760059999,140627.76369,366,47392.5,64208.39179,0
1775760060000,1.3544,1.3549,1.3539,1.3546,120018.0,1775760119999,162557.45442,482,72273.3,97889.72670,0
1775760120000,1.3547,1.3557,1.3546,1.3553,196568.6,1775760179999,266388.04785,518,98136.5,132973.00041,0
1775760180000,1.3553,1.3553,1.3536,1.3537,110924.3,1775760239999,150203.43969,368,66298.0,89770.98057,0
1775760240000,1.3537,1.3538,1.3524,1.3534,721947.8,1775760299999,976789.25684,943,203648.2,275565.50751,0
1775760300000,1.3535,1.3545,1.3531,1.3543,143591.5,1775760359999,194387.90369,480,120092.9,162570.18204,0
1775760360000,1.3543,1.3544,1.3530,1.3532,132031.7,1775760419999,178715.01645,558,57565.7,77919.01126,0
1775760420000,1.3532,1.3542,1.3521,1.3539,493361.7,1775760479999,667621.81661,886,147379.4,199463.99893,0
1775760480000,1.3538,1.3547,1.3538,1.3543,153600.0,1775760539999,208015.86824,358,122809.9,166315.04438,0
1775760540000,1.3543,1.3545,1.3535,1.3545,248691.6,1775760599999,336753.38435,474,55211.9,74755.74848,0
1775760600000,1.3545,1.3546,1.3541,1.3542,204830.6,1775760659999,277394.22329,461,54741.3,74136.35647,0
1775760660000,1.3543,1.3543,1.3531,1.3534,88213.2,1775760719999,119414.54807,398,43969.5,59524.88291,0
1775760720000,1.3534,1.3547,1.3533,1.3545,198927.0,1775760779999,269365.13006,432,153379.5,207675.79629,0
1775760780000,1.3545,1.3554,1.3544,1.3549,142209.0,1775760839999,192662.03326,448,88639.8,120079.18621,0
1775760840000,1.3549,1.3553,1.3543,1.3553,98344.9,1775760899999,133238.09096,395,56021.2,75898.32160,0
1775760900000,1.3554,1.3558,1.3550,1.3553,181502.9,1775760959999,246035.78653,555,105980.6,143662.84500,0
1775760960000,1.3553,1.3557,1.3552,1.3552,121730.0,1775761019999,165001.33168,352,35071.8,47540.47678,0
1775761020000,1.3553,1.3558,1.3548,1.3552,584838.3,1775761079999,792539.99504,651,326920.8,443066.43717,0
1775761080000,1.3553,1.3556,1.3553,1.3556,147983.7,1775761139999,200590.94217,270,119045.9,161365.99887,0
1775761140000,1.3555,1.3556,1.3545,1.3545,122536.1,1775761199999,166039.87211,412,60276.5,81670.28747,0
1775761200000,1.3546,1.3546,1.3533,1.3541,580006.3,1775761259999,785291.47496,934,203115.1,275001.80785,0
1775761260000,1.3540,1.3565,1.3540,1.3561,399031.2,1775761319999,540840.12900,1112,232942.8,315754.44255,0
1775761320000,1.3561,1.3569,1.3560,1.3567,161750.3,1775761379999,219406.39145,794,65098.5,88300.39229,0
1775761380000,1.3566,1.3569,1.3561,1.3569,150267.5,1775761439999,203842.56901,540,110534.7,149943.44954,0
1775761440000,1.3569,1.3579,1.3568,1.3579,217259.9,1775761499999,294890.11343,774,151014.6,204978.40345,0
1775761500000,1.3578,1.3581,1.3572,1.3578,335922.2,1775761559999,456058.17502,876,253890.6,344677.85441,0
1775761560000,1.3578,1.3585,1.3577,1.3577,119097.9,1775761619999,161745.20439,608,46530.7,63196.69603,0
1775761620000,1.3578,1.3591,1.3571,1.3581,985942.5,1775761679999,1339370.93634,1474,555932.1,755254.24219,0
1775761680000,1.3581,1.3594,1.3580,1.3589,2228452.1,1775761739999,3028467.43688,1176,1857245.5,2523986.63383,0
1775761740000,1.3589,1.3593,1.3579,1.3584,1656362.4,1775761799999,2250103.30244,1450,882503.1,1198794.55033,0
1775761800000,1.3585,1.3599,1.3584,1.3596,666125.2,1775761859999,905410.43596,930,416405.8,565957.59266,0
1775761860000,1.3596,1.3601,1.3591,1.3593,616534.1,1775761919999,838311.20066,1172,413283.1,561986.99989,0
1775761920000,1.3594,1.3596,1.3587,1.3593,201562.3,1775761979999,273949.59896,764,88941.6,120877.47773,0
1775761980000,1.3593,1.3594,1.3585,1.3590,252239.4,1775762039999,342795.14218,643,93465.5,127021.20368,0
1775762040000,1.3590,1.3592,1.3583,1.3586,185719.7,1775762099999,252344.53092,654,44109.1,59934.37846,0
1775762100000,1.3586,1.3592,1.3578,1.3581,206314.3,1775762159999,280313.60212,852,112288.5,152568.61641,0
1775762160000,1.3581,1.3587,1.3561,1.3574,552675.0,1775762219999,749957.70593,1395,214862.1,291600.52717,0
1775762220000,1.3574,1.3574,1.3562,1.3566,150125.0,1775762279999,203682.90424,485,37472.0,50840.86361,0
1775762280000,1.3566,1.3567,1.3558,1.3565,622582.1,1775762339999,844360.27407,1009,137143.0,186015.17458,0
1775762340000,1.3564,1.3565,1.3552,1.3552,113854.1,1775762399999,154350.17824,489,42823.0,58050.22832,0
1775762400000,1.3552,1.3557,1.3547,1.3555,240630.6,1775762459999,326084.82925,779,105442.9,142903.38732,0
1775762460000,1.3555,1.3556,1.3548,1.3549,124007.6,1775762519999,168047.67440,419,67039.3,90847.45194,0
1775762520000,1.3550,1.3550,1.3537,1.3540,200159.1,1775762579999,271065.42966,664,95108.1,128798.94667,0
1775762580000,1.3540,1.3540,1.3518,1.3518,564364.8,1775762639999,763377.15960,1210,277789.0,375750.91413,0
1775762640000,1.3519,1.3525,1.3513,1.3518,434051.6,1775762699999,586825.29105,873,301778.8,408011.18222,0
1775762700000,1.3518,1.3527,1.3517,1.3525,198688.7,1775762759999,268675.41405,568,80208.9,108465.96918,0
1775762760000,1.3524,1.3526,1.3511,1.3516,330143.6,1775762819999,446223.46499,706,83921.6,113456.60714,0
1775762820000,1.3517,1.3520,1.3513,1.3516,156960.9,1775762879999,212155.85911,552,79030.2,106816.67998,0
1775762880000,1.3515,1.3519,1.3515,1.3516,75295.4,1775762939999,101775.13151,332,37845.8,51153.97357,0
1775762940000,1.3516,1.3519,1.3512,1.3517,263499.2,1775762999999,356149.05994,583,136162.6,184050.95086,0
1775763000000,1.3518,1.3544,1.3517,1.3544,423052.6,1775763059999,572509.23493,1046,335922.9,454557.51582,0
1775763060000,1.3543,1.3549,1.3534,1.3537,170737.1,1775763119999,231196.08687,804,69792.7,94501.73582,0
1775763120000,1.3537,1.3537,1.3523,1.3525,243088.7,1775763179999,328865.07313,648,44469.5,60169.26537,0
1775763180000,1.3526,1.3535,1.3523,1.3523,151191.0,1775763239999,204567.54033,512,79407.9,107434.83313,0
1775763240000,1.3524,1.3524,1.3516,1.3521,86296.0,1775763299999,116668.33133,494,19672.3,26596.11284,0
1775763300000,1.3521,1.3526,1.3513,1.3525,72738.6,1775763359999,98331.49931,555,38262.3,51723.95628,0
1775763360000,1.3525,1.3526,1.3524,1.3524,54833.8,1775763419999,74161.89493,289,26661.4,36059.64736,0
1775763420000,1.3525,1.3534,1.3524,1.3534,69942.3,1775763479999,94639.23234,352,57746.9,78137.60254,0
1775763480000,1.3533,1.3540,1.3533,1.3534,114598.4,1775763539999,155131.89501,445,42348.2,57324.35523,0
1775763540000,1.3533,1.3533,1.3527,1.3532,42543.9,1775763599999,57559.71067,351,20638.8,27922.96644,0
1775763600000,1.3531,1.3538,1.3531,1.3532,58471.5,1775763659999,79133.04311,391,32374.4,43814.08468,0
1775763660000,1.3531,1.3536,1.3529,1.3531,34691.0,1775763719999,46943.49243,360,21671.9,29325.64807,0
1775763720000,1.3531,1.3533,1.3528,1.3533,42435.1,1775763779999,57415.34265,301,25806.3,34916.51976,0
1775763780000,1.3533,1.3553,1.3532,1.3544,487680.2,1775763839999,660637.33054,1083,283006.5,383333.11087,0
1775763840000,1.3544,1.3553,1.3544,1.3551,141278.9,1775763899999,191426.61473,448,60061.9,81374.80867,0
1775763900000,1.3551,1.3578,1.3550,1.3561,482953.4,1775763959999,655276.12378,1406,298187.9,404515.99608,0
1775763960000,1.3561,1.3566,1.3560,1.3562,72924.3,1775764019999,98906.17193,499,35739.1,48473.20684,0
1775764020000,1.3563,1.3570,1.3562,1.3566,90881.2,1775764079999,123292.94472,380,42591.2,57777.76415,0
1775764080000,1.3566,1.3572,1.3562,1.3569,106796.0,1775764139999,144886.38943,499,42421.6,57548.41265,0
1775764140000,1.3569,1.3576,1.3569,1.3574,282266.2,1775764199999,383096.09462,556,185852.1,252240.79805,0
1775764200000,1.3573,1.3586,1.3571,1.3576,274325.4,1775764259999,372527.57452,843,152504.2,207087.16688,0
1775764260000,1.3576,1.3582,1.3570,1.3570,218470.6,1775764319999,296630.65771,597,70160.6,95260.79016,0
1775764320000,1.3570,1.3572,1.3564,1.3569,280085.8,1775764379999,379987.26773,627,59057.8,80129.64031,0
1775764380000,1.3569,1.3569,1.3561,1.3565,90958.7,1775764439999,123373.87343,375,33762.4,45797.16309,0
1775764440000,1.3565,1.3574,1.3562,1.3574,107179.6,1775764499999,145441.02063,418,82268.3,111640.88834,0
1775764500000,1.3573,1.3573,1.3563,1.3563,269283.8,1775764559999,365359.23407,594,92470.7,125460.03272,0
1775764560000,1.3564,1.3565,1.3548,1.3551,379059.5,1775764619999,513869.83264,816,36878.9,49991.85171,0
1775764620000,1.3550,1.3556,1.3543,1.3554,276052.4,1775764679999,374040.20462,725,77765.5,105371.59810,0
1775764680000,1.3554,1.3559,1.3549,1.3559,182840.3,1775764739999,247789.46397,376,69059.0,93583.06591,0
1775764740000,1.3560,1.3561,1.3551,1.3552,258347.9,1775764799999,350213.53874,620,104682.1,141904.63637,0
1775764800000,1.3552,1.3569,1.3552,1.3565,929558.4,1775764859999,1260446.95747,1501,781106.8,1059141.23187,0
1775764860000,1.3564,1.3573,1.3559,1.3569,454231.6,1775764919999,616302.84218,989,343240.3,465718.58320,0
1775764920000,1.3570,1.3570,1.3556,1.3557,234248.1,1775764979999,317717.94389,666,131919.9,178935.61559,0
1775764980000,1.3556,1.3561,1.3551,1.3560,164335.2,1775765039999,222753.45047,656,55323.2,75001.18875,0
1775765040000,1.3560,1.3573,1.3560,1.3563,305381.8,1775765099999,414290.38538,749,178204.0,241765.43948,0
1775765100000,1.3563,1.3564,1.3548,1.3552,582812.5,1775765159999,789856.77499,987,82270.6,111499.38811,0
1775765160000,1.3552,1.3553,1.3544,1.3545,185750.1,1775765219999,251670.23428,617,67857.5,91938.93044,0
1775765220000,1.3546,1.3547,1.3527,1.3531,985913.7,1775765279999,1334511.37832,1413,521917.4,706501.01612,0
1775765280000,1.3531,1.3543,1.3529,1.3541,739095.1,1775765339999,1000525.22903,947,166281.7,225047.66611,0
1775765340000,1.3540,1.3544,1.3538,1.3543,125796.5,1775765399999,170334.73563,467,64932.0,87921.49313,0
1775765400000,1.3543,1.3554,1.3540,1.3554,91424.2,1775765459999,123833.12736,486,59580.2,80707.30817,0
1775765460000,1.3554,1.3558,1.3551,1.3554,239927.8,1775765519999,325218.53892,563,188756.4,255854.79846,0
1775765520000,1.3555,1.3562,1.3554,1.3557,106318.0,1775765579999,144162.58499,444,55124.5,74743.27557,0
1775765580000,1.3558,1.3564,1.3557,1.3564,51967.2,1775765639999,70468.98915,354,34713.3,47075.10622,0
1775765640000,1.3563,1.3566,1.3562,1.3565,71234.4,1775765699999,96622.77219,331,33903.6,45988.11382,0
1775765700000,1.3564,1.3565,1.3556,1.3561,184713.2,1775765759999,250469.48597,524,79937.5,108391.39582,0
1775765760000,1.3560,1.3565,1.3560,1.3565,59747.4,1775765819999,81026.04240,414,34205.4,46388.15656,0
1775765820000,1.3565,1.3574,1.3563,1.3564,255601.5,1775765879999,346801.85268,616,209389.2,284096.48316,0
1775765880000,1.3564,1.3566,1.3558,1.3558,75478.2,1775765939999,102364.02814,343,29213.3,39621.83132,0
1775765940000,1.3559,1.3564,1.3558,1.3562,191352.6,1775765999999,259488.76850,351,145197.1,196888.99714,0
1775766000000,1.3561,1.3576,1.3561,1.3574,298476.1,1775766059999,404988.95074,547,212063.6,287709.38268,0
1775766060000,1.3574,1.3577,1.3573,1.3574,66813.8,1775766119999,90699.08583,285,45635.6,61949.67786,0
1775766120000,1.3574,1.3574,1.3571,1.3572,25106.3,1775766179999,34076.19500,206,2117.3,2874.01824,0
1775766180000,1.3572,1.3572,1.3567,1.3571,241292.9,1775766239999,327404.49952,368,189272.1,256816.15276,0
1775766240000,1.3572,1.3580,1.3570,1.3573,218368.2,1775766299999,296442.28943,537,143895.9,195337.94539,0
1775766300000,1.3572,1.3581,1.3571,1.3577,268726.4,1775766359999,364865.10747,652,217139.4,294818.37665,0
1775766360000,1.3576,1.3579,1.3575,1.3578,63970.2,1775766419999,86848.47143,324,41677.8,56584.73577,0
1775766420000,1.3579,1.3585,1.3578,1.3581,335593.2,1775766479999,455787.19521,680,225845.6,306729.23386,0
1775766480000,1.3581,1.3583,1.3576,1.3577,239534.9,1775766539999,325297.09748,580,152538.0,207160.96095,0
1775766540000,1.3577,1.3580,1.3571,1.3576,147204.7,1775766599999,199829.80796,491,69896.8,94889.23726,0
1775766600000,1.3576,1.3577,1.3572,1.3572,82953.3,1775766659999,112597.76087,398,26173.8,35527.20064,0
1775766660000,1.3572,1.3574,1.3567,1.3574,176071.5,1775766719999,238933.92131,493,73418.9,99636.77606,0
1775766720000,1.3574,1.3579,1.3570,1.3570,153018.2,1775766779999,207717.30006,534,79246.5,107586.41348,0
1775766780000,1.3571,1.3582,1.3571,1.3580,259800.4,1775766839999,352783.91063,576,151271.6,205399.69978,0
1775766840000,1.3580,1.3581,1.3576,1.3577,82674.1,1775766899999,112265.98022,290,25234.4,34265.31738,0
1775766900000,1.3577,1.3580,1.3572,1.3572,162948.8,1775766959999,221240.30008,362,71512.2,97095.67134,0
1775766960000,1.3573,1.3577,1.3571,1.3577,290022.6,1775767019999,393646.38593,524,186027.3,252502.23443,0
1775767020000,1.3577,1.3578,1.3575,1.3578,187431.1,1775767079999,254471.36312,342,85333.2,115859.83939,0
1775767080000,1.3577,1.3586,1.3576,1.3582,1125192.4,1775767139999,1527995.51584,512,1082103.2,1469480.63366,0
1775767140000,1.3583,1.3583,1.3579,1.3579,278021.4,1775767199999,377578.26213,422,83505.4,113415.13500,0
1775767200000,1.3580,1.3582,1.3576,1.3580,214236.8,1775767259999,290897.55869,386,107650.2,146183.74021,0
1775767260000,1.3579,1.3580,1.3573,1.3579,50686.7,1775767319999,68813.73774,315,26503.4,35980.67158,0
1775767320000,1.3579,1.3587,1.3577,1.3579,139313.3,1775767379999,189210.82487,491,94640.7,128536.13901,0
1775767380000,1.3579,1.3581,1.3577,1.3581,38399.7,1775767439999,52141.84466,207,22353.1,30352.06001,0
1775767440000,1.3581,1.3581,1.3574,1.3578,73871.9,1775767499999,100301.16164,299,38121.4,51758.23145,0
1775767500000,1.3579,1.3579,1.3571,1.3576,100956.0,1775767559999,137052.35352,433,28883.3,39211.42879,0
1775767560000,1.3575,1.3577,1.3570,1.3577,48347.5,1775767619999,65619.42575,259,17995.3,24424.60259,0
1775767620000,1.3576,1.3581,1.3573,1.3573,211302.7,1775767679999,286923.60181,434,163717.6,222315.46577,0
1775767680000,1.3574,1.3575,1.3573,1.3574,42248.1,1775767739999,57348.20488,177,35046.6,47572.97705,0
1775767740000,1.3575,1.3575,1.3567,1.3567,81082.8,1775767799999,110022.41078,283,10305.0,13983.20410,0
1775767800000,1.3567,1.3568,1.3556,1.3557,159783.5,1775767859999,216680.50774,451,36271.5,49192.13989,0
1775767860000,1.3556,1.3558,1.3555,1.3557,96880.5,1775767919999,131336.64155,302,42093.7,57065.23078,0
1775767920000,1.3556,1.3568,1.3556,1.3568,70421.2,1775767979999,95505.13847,300,64469.3,87434.20632,0
1775767980000,1.3568,1.3569,1.3562,1.3564,109506.1,1775768039999,148556.12387,391,38081.5,51663.92825,0
1775768040000,1.3565,1.3569,1.3564,1.3568,205977.4,1775768099999,279454.25529,250,175271.2,237790.30358,0
1775768100000,1.3568,1.3569,1.3568,1.3568,24998.3,1775768159999,33918.98592,171,12924.8,17537.66112,0
1775768160000,1.3568,1.3571,1.3565,1.3565,73718.7,1775768219999,100032.27276,304,14024.6,19031.91759,0
1775768220000,1.3565,1.3567,1.3558,1.3559,165603.6,1775768279999,224611.73755,385,94001.8,127507.66574,0
1775768280000,1.3560,1.3562,1.3556,1.3556,143210.6,1775768339999,194198.88552,242,21050.2,28546.02264,0
1775768340000,1.3556,1.3562,1.3556,1.3560,57163.1,1775768399999,77507.49074,255,27749.8,37622.57979,0
1775768400000,1.3561,1.3564,1.3551,1.3551,406793.3,1775768459999,551609.43374,530,25656.0,34793.83954,0
1775768460000,1.3551,1.3552,1.3543,1.3544,157264.4,1775768519999,213038.18209,397,80912.1,109592.59149,0
1775768520000,1.3544,1.3554,1.3539,1.3554,172138.3,1775768579999,233153.04371,547,124001.7,167967.73917,0
1775768580000,1.3554,1.3566,1.3551,1.3566,172095.4,1775768639999,233350.99268,433,159985.5,216937.39999,0
1775768640000,1.3566,1.3570,1.3563,1.3564,69797.4,1775768699999,94686.98451,395,45229.0,61358.04381,0
1775768700000,1.3564,1.3573,1.3562,1.3572,78109.9,1775768759999,105979.03055,470,54090.2,73391.01260,0
1775768760000,1.3571,1.3587,1.3567,1.3580,477331.5,1775768819999,648252.07190,873,195901.6,266047.08410,0
1775768820000,1.3580,1.3608,1.3580,1.3598,957423.8,1775768879999,1301846.96075,1807,730097.4,992688.80797,0
1775768880000,1.3598,1.3602,1.3561,1.3562,329583.4,1775768939999,447663.04891,1071,73232.8,99489.60241,0
1775768940000,1.3562,1.3566,1.3532,1.3536,527221.3,1775768999999,714279.94586,1356,89032.5,120651.57599,0
1775769000000,1.3537,1.3553,1.3534,1.3535,733899.5,1775769059999,993891.22664,1078,268755.0,363995.14000,0
1775769060000,1.3535,1.3536,1.3526,1.3531,537493.9,1775769119999,727229.75107,848,179142.8,242387.65824,0
1775769120000,1.3531,1.3540,1.3530,1.3537,174717.6,1775769179999,236470.15148,406,112677.7,152511.26342,0
1775769180000,1.3538,1.3554,1.3537,1.3550,200688.0,1775769239999,271845.91215,599,148330.7,200920.84151,0
1775769240000,1.3550,1.3552,1.3546,1.3548,131028.1,1775769299999,177527.91358,285,44594.1,60423.98144,0
1775769300000,1.3548,1.3553,1.3547,1.3551,101580.7,1775769359999,137636.94488,329,67288.5,91172.63671,0
1775769360000,1.3552,1.3556,1.3545,1.3545,65903.5,1775769419999,89303.15678,332,26215.5,35528.54192,0
1775769420000,1.3546,1.3546,1.3540,1.3545,174171.6,1775769479999,235867.12360,379,93176.4,126175.23138,0
1775769480000,1.3545,1.3545,1.3538,1.3543,107203.8,1775769539999,145159.33382,309,52234.8,70727.69743,0
1775769540000,1.3543,1.3547,1.3540,1.3541,69275.9,1775769599999,93836.63138,213,12199.2,16524.91317,0
1775769600000,1.3540,1.3541,1.3522,1.3527,266733.9,1775769659999,360853.54239,624,99935.3,135178.62897,0
1775769660000,1.3528,1.3529,1.3519,1.3526,308309.6,1775769719999,416938.95624,593,78406.3,106031.61596,0
1775769720000,1.3526,1.3527,1.3519,1.3525,101571.1,1775769779999,137348.57894,299,68401.4,92490.65995,0
1775769780000,1.3526,1.3535,1.3524,1.3531,121719.3,1775769839999,164648.52255,397,83559.9,113032.61467,0
1775769840000,1.3531,1.3531,1.3523,1.3530,170216.3,1775769899999,230234.14994,337,73778.2,99794.28805,0
1775769900000,1.3531,1.3531,1.3519,1.3520,108120.8,1775769959999,146209.42620,419,27731.2,37500.67362,0
1775769960000,1.3520,1.3532,1.3519,1.3530,187888.9,1775770019999,254125.36216,366,107671.7,145637.13501,0
1775770020000,1.3530,1.3530,1.3519,1.3519,53609.4,1775770079999,72503.60752,182,7150.3,9671.21840,0
1775770080000,1.3520,1.3520,1.3514,1.3518,178936.9,1775770139999,241862.98136,443,67722.7,91544.60209,0
1775770140000,1.3517,1.3518,1.3513,1.3513,66581.8,1775770199999,89985.40222,187,14336.2,19374.82944,0
1775770200000,1.3514,1.3514,1.3504,1.3511,426550.9,1775770259999,576215.95966,784,167889.3,226790.08664,0
1775770260000,1.3512,1.3513,1.3510,1.3513,89906.6,1775770319999,121479.62163,301,68757.7,92904.46048,0
1775770320000,1.3514,1.3516,1.3510,1.3514,261889.3,1775770379999,353888.34424,476,58717.0,79350.13242,0
1775770380000,1.3514,1.3521,1.3513,1.3520,75912.3,1775770439999,102609.05942,246,67678.2,91481.31953,0
1775770440000,1.3520,1.3530,1.3519,1.3521,263839.2,1775770499999,356826.43225,591,202657.4,274066.08271,0
1775770500000,1.3522,1.3526,1.3520,1.3520,87348.7,1775770559999,118127.61611,285,63896.7,86412.07737,0
1775770560000,1.3520,1.3529,1.3515,1.3520,220169.4,1775770619999,297682.96453,606,87887.9,118846.42628,0
1775770620000,1.3519,1.3521,1.3514,1.3519,172975.5,1775770679999,233836.85511,351,34277.7,46333.05533,0
1775770680000,1.3519,1.3519,1.3511,1.3514,67773.4,1775770739999,91593.96466,334,33123.5,44766.43820,0
1775770740000,1.3515,1.3521,1.3511,1.3512,318749.9,1775770799999,430848.92019,880,86930.9,117502.59192,0
1775770800000,1.3513,1.3525,1.3508,1.3524,500779.7,1775770859999,676764.15610,1027,227725.3,307783.39724,0
1775770860000,1.3524,1.3537,1.3524,1.3530,168764.8,1775770919999,228370.29200,626,105549.7,142822.44004,0
1775770920000,1.3530,1.3549,1.3527,1.3544,531312.8,1775770979999,719233.54059,970,447323.5,605477.69908,0
1775770980000,1.3544,1.3548,1.3530,1.3532,307855.4,1775771039999,416686.34825,849,110117.3,149050.60486,0
1775771040000,1.3531,1.3545,1.3531,1.3542,127160.6,1775771099999,172158.16049,452,103388.2,139964.83714,0
1775771100000,1.3541,1.3545,1.3541,1.3542,58354.0,1775771159999,79031.13112,292,25112.5,34009.80255,0
1775771160000,1.3542,1.3545,1.3541,1.3541,67472.9,1775771219999,91377.09684,254,28210.7,38203.92284,0
1775771220000,1.3542,1.3544,1.3535,1.3538,111959.9,1775771279999,151601.47388,438,50348.2,68176.66757,0
1775771280000,1.3538,1.3550,1.3538,1.3547,88115.7,1775771339999,119354.92911,339,52446.5,71029.76937,0
1775771340000,1.3547,1.3554,1.3547,1.3553,60603.7,1775771399999,82128.44942,336,44530.2,60347.04781,0
1775771400000,1.3553,1.3558,1.3540,1.3540,167194.8,1775771459999,226598.70381,552,105622.1,143161.33283,0
1775771460000,1.3541,1.3541,1.3535,1.3536,77087.8,1775771519999,104357.88498,402,24063.3,32576.74066,0
1775771520000,1.3536,1.3539,1.3534,1.3537,400928.3,1775771579999,542772.42704,267,352292.3,476931.41139,0
1775771580000,1.3537,1.3538,1.3534,1.3535,37783.2,1775771639999,51141.97196,197,16365.0,22150.64095,0
1775771640000,1.3535,1.3535,1.3530,1.3530,36734.1,1775771699999,49714.43563,182,9614.3,13012.91478,0
1775771700000,1.3530,1.3532,1.3521,1.3528,190352.2,1775771759999,257512.46863,644,58559.2,79205.45276,0
1775771760000,1.3528,1.3528,1.3520,1.3528,175391.2,1775771819999,237180.27298,603,92585.0,125202.35826,0
1775771820000,1.3528,1.3531,1.3527,1.3527,36109.2,1775771879999,48853.14225,245,18584.3,25143.36252,0
1775771880000,1.3527,1.3531,1.3524,1.3525,147684.8,1775771939999,199783.91110,310,87193.4,117945.05140,0
1775771940000,1.3524,1.3529,1.3518,1.3529,127005.6,1775771999999,171749.54164,544,60309.6,81564.37411,0
1775772000000,1.3529,1.3533,1.3526,1.3529,106380.0,1775772059999,143929.47299,546,59248.4,80162.12553,0
1775772060000,1.3529,1.3536,1.3528,1.3529,74993.2,1775772119999,101485.52028,454,38373.2,51930.43323,0
1775772120000,1.3528,1.3536,1.3520,1.3534,350292.6,1775772179999,473851.04408,1002,275169.3,372217.28630,0
1775772180000,1.3533,1.3557,1.3530,1.3557,184474.7,1775772239999,249868.83312,879,96615.3,130889.77114,0
1775772240000,1.3557,1.3566,1.3557,1.3559,203672.8,1775772299999,276230.67257,605,140449.4,190483.92670,0
1775772300000,1.3559,1.3561,1.3547,1.3547,94310.7,1775772359999,127825.71356,489,30805.9,41752.22742,0
1775772360000,1.3547,1.3560,1.3547,1.3554,108922.1,1775772419999,147661.63189,505,29548.9,40051.48978,0
1775772420000,1.3554,1.3561,1.3550,1.3561,220977.5,1775772479999,299507.92360,568,190053.5,257597.09900,0
1775772480000,1.3561,1.3565,1.3555,1.3556,78666.1,1775772539999,106677.69940,380,29091.9,39453.11302,0
1775772540000,1.3556,1.3569,1.3555,1.3568,243113.1,1775772599999,329797.90271,603,163417.4,221689.33415,0
1775772600000,1.3567,1.3567,1.3559,1.3563,62599.0,1775772659999,84898.73464,335,28015.4,37995.12172,0
1775772660000,1.3563,1.3569,1.3562,1.3568,46503.5,1775772719999,63085.54097,250,38141.9,51743.72069,0
1775772720000,1.3568,1.3572,1.3565,1.3572,93437.8,1775772779999,126773.04219,398,59640.2,80918.69921,0
1775772780000,1.3571,1.3576,1.3564,1.3565,376947.9,1775772839999,511540.89083,782,153737.8,208663.10086,0
1775772840000,1.3565,1.3576,1.3565,1.3574,206024.8,1775772899999,279568.07541,462,175736.0,238460.91829,0
1775772900000,1.3574,1.3613,1.3574,1.3609,2884495.0,1775772959999,3920061.81258,2929,2238550.6,3041962.59451,0
1775772960000,1.3609,1.3615,1.3597,1.3615,303484.9,1775773019999,412920.68518,1003,152762.2,207867.27420,0
1775773020000,1.3614,1.3692,1.3605,1.3662,6511603.8,1775773079999,8893290.36791,8711,3613028.0,4934379.99689,0
1775773080000,1.3662,1.3677,1.3649,1.3650,1047104.1,1775773139999,1430781.17251,2337,622535.2,850680.30630,0
1775773140000,1.3651,1.3656,1.3638,1.3652,893706.6,1775773199999,1219790.86652,1705,565370.4,771655.90004,0
1775773200000,1.3651,1.3652,1.3632,1.3635,300425.6,1775773259999,409892.84382,1095,66923.8,91295.35184,0
1775773260000,1.3636,1.3638,1.3623,1.3634,513923.5,1775773319999,700488.62662,1123,252775.3,344573.79941,0
1775773320000,1.3634,1.3635,1.3622,1.3626,164490.6,1775773379999,224191.35404,588,47997.6,65411.54723,0
1775773380000,1.3626,1.3636,1.3622,1.3635,199207.5,1775773439999,271543.77293,486,128829.4,175609.92992,0
1775773440000,1.3636,1.3639,1.3632,1.3635,262330.5,1775773499999,357719.66327,427,131491.1,179316.56879,0
1775773500000,1.3636,1.3637,1.3610,1.3610,241331.3,1775773559999,328739.95805,820,76746.7,104554.10711,0
1775773560000,1.3610,1.3613,1.3599,1.3612,447822.9,1775773619999,609271.94684,1094,306679.3,417258.83103,0
1775773620000,1.3612,1.3616,1.3610,1.3616,95110.6,1775773679999,129472.91858,314,55120.1,75039.50299,0
1775773680000,1.3616,1.3618,1.3614,1.3618,300766.9,1775773739999,409537.05338,535,81986.5,111638.46777,0
1775773740000,1.3619,1.3623,1.3592,1.3607,767464.3,1775773799999,1044376.39821,1598,289800.9,394308.88837,0
1775773800000,1.3608,1.3614,1.3586,1.3598,973492.3,1775773859999,1323396.88774,2123,240391.6,326858.56303,0
1775773860000,1.3599,1.3607,1.3590,1.3603,605467.2,1775773919999,823394.66478,1446,386294.0,525344.33799,0
1775773920000,1.3603,1.3610,1.3602,1.3606,316115.2,1775773979999,430116.66324,911,113084.7,153855.59347,0
1775773980000,1.3606,1.3608,1.3599,1.3604,165621.9,1775774039999,225278.07294,525,83794.8,113976.99324,0
1775774040000,1.3603,1.3604,1.3599,1.3599,96908.3,1775774099999,131810.13559,303,25352.2,34485.62476,0
1775774100000,1.3598,1.3598,1.3566,1.3577,603786.7,1775774159999,819818.88223,1553,155349.9,210927.12828,0
1775774160000,1.3577,1.3594,1.3573,1.3586,249328.7,1775774219999,338708.81800,776,156762.4,212987.51063,0
1775774220000,1.3585,1.3595,1.3585,1.3587,124627.6,1775774279999,169379.66802,501,65323.1,88782.13160,0
1775774280000,1.3586,1.3588,1.3573,1.3578,299099.6,1775774339999,406148.06604,858,56544.6,76790.73605,0
1775774340000,1.3579,1.3580,1.3570,1.3572,234016.8,1775774399999,317684.27476,684,136732.8,185619.97058,0
1775774400000,1.3572,1.3589,1.3572,1.3584,158703.7,1775774459999,215547.13256,515,114744.6,155844.54546,0
1775774460000,1.3584,1.3586,1.3572,1.3572,86813.5,1775774519999,117879.25868,442,37166.6,50473.23152,0
1775774520000,1.3572,1.3578,1.3569,1.3572,417498.8,1775774579999,566670.73111,820,228913.5,310708.65570,0
1775774580000,1.3572,1.3572,1.3567,1.3568,67763.4,1775774639999,91948.53822,251,14796.1,20078.00424,0
1775774640000,1.3567,1.3571,1.3567,1.3568,66980.8,1775774699999,90884.36818,266,34591.3,46937.32979,0
1775774700000,1.3568,1.3573,1.3565,1.3572,109056.2,1775774759999,147965.55946,423,79757.8,108214.25773,0
1775774760000,1.3572,1.3572,1.3563,1.3563,139587.2,1775774819999,189352.85085,600,68404.2,92791.70091,0
1775774820000,1.3563,1.3564,1.3548,1.3551,315394.2,1775774879999,427481.04240,931,81733.9,110754.72141,0
1775774880000,1.3552,1.3562,1.3551,1.3557,204231.3,1775774939999,276851.82471,557,128647.2,174393.68631,0
1775774940000,1.3556,1.3584,1.3552,1.3576,650132.9,1775774999999,882068.05975,1381,282794.3,383626.38308,0
1775775000000,1.3576,1.3576,1.3562,1.3563,173368.5,1775775059999,235227.53449,567,62667.4,85033.40723,0
1775775060000,1.3562,1.3563,1.3551,1.3554,168230.3,1775775119999,228065.74715,476,61855.5,83841.26583,0
1775775120000,1.3553,1.3554,1.3532,1.3533,861484.4,1775775179999,1166552.72772,1318,160426.5,217232.74329,0
1775775180000,1.3534,1.3540,1.3522,1.3537,808057.0,1775775239999,1093500.83723,1509,269663.1,364947.69104,0
1775775240000,1.3538,1.3538,1.3523,1.3534,386228.8,1775775299999,522514.90644,709,280149.1,379003.55756,0
1775775300000,1.3534,1.3542,1.3529,1.3532,252948.5,1775775359999,342406.16635,722,149977.6,202992.25005,0
1775775360000,1.3532,1.3535,1.3527,1.3533,417296.4,1775775419999,564639.47633,521,251239.8,339941.51012,0
1775775420000,1.3533,1.3535,1.3515,1.3515,566353.0,1775775479999,765837.44593,915,156948.7,212285.10185,0
1775775480000,1.3515,1.3528,1.3508,1.3518,888875.8,1775775539999,1201566.98007,1188,414265.4,559993.93297,0
1775775540000,1.3518,1.3519,1.3513,1.3516,327267.6,1775775599999,442321.31003,682,203134.5,274547.93563,0
1775775600000,1.3516,1.3524,1.3509,1.3513,310357.8,1775775659999,419512.56921,915,118231.6,159812.21151,0
1775775660000,1.3514,1.3516,1.3500,1.3515,483094.9,1775775719999,652483.08877,1244,236404.1,319326.10220,0
1775775720000,1.3516,1.3516,1.3483,1.3487,851201.5,1775775779999,1148507.50528,1805,385443.0,520044.35555,0
1775775780000,1.3487,1.3498,1.3486,1.3490,316875.9,1775775839999,427467.30634,726,190828.4,257427.29467,0
1775775840000,1.3490,1.3495,1.3484,1.3486,433698.9,1775775899999,585046.73750,863,228344.8,308042.38246,0
1775775900000,1.3486,1.3490,1.3482,1.3488,323968.4,1775775959999,436914.02198,734,180001.0,242756.16157,0
1775775960000,1.3489,1.3509,1.3489,1.3509,352753.8,1775776019999,476053.09653,666,321295.1,433594.36897,0
1775776020000,1.3509,1.3511,1.3503,1.3509,294112.9,1775776079999,397252.11695,711,109178.3,147463.68851,0
1775776080000,1.3509,1.3515,1.3507,1.3511,238868.1,1775776139999,322719.26132,541,68843.2,93019.05103,0
1775776140000,1.3512,1.3513,1.3503,1.3505,58572.7,1775776199999,79130.71525,413,27881.8,37667.26373,0
1775776200000,1.3505,1.3506,1.3492,1.3492,210065.8,1775776259999,283578.91106,513,39894.7,53864.80931,0
1775776260000,1.3491,1.3494,1.3490,1.3492,253787.6,1775776319999,342394.77753,429,159799.5,215593.59463,0
1775776320000,1.3491,1.3492,1.3473,1.3474,513474.2,1775776379999,692154.74795,1114,137370.7,185191.64241,0
1775776380000,1.3473,1.3474,1.3426,1.3459,2900727.4,1775776439999,3901698.82810,3459,1161059.9,1561920.09205,0
1775776440000,1.3459,1.3466,1.3456,1.3464,373263.7,1775776499999,502492.78148,828,136680.7,183997.01322,0
1775776500000,1.3465,1.3465,1.3452,1.3460,294834.4,1775776559999,396841.76846,775,140402.7,188974.18804,0
1775776560000,1.3460,1.3460,1.3435,1.3443,1204870.5,1775776619999,1619775.18888,2021,422038.9,567292.02990,0
1775776620000,1.3444,1.3474,1.3443,1.3471,567668.2,1775776679999,764110.14293,1311,313638.7,422274.37395,0
1775776680000,1.3471,1.3483,1.3470,1.3477,440276.5,1775776739999,593383.44567,1061,301495.5,406336.76605,0
1775776740000,1.3478,1.3481,1.3469,1.3475,159762.2,1775776799999,215283.31116,631,64910.7,87473.19275,0
1775776800000,1.3475,1.3482,1.3474,1.3475,505461.2,1775776859999,681205.51997,777,296126.2,399077.37435,0
1775776860000,1.3475,1.3479,1.3474,1.3478,128644.8,1775776919999,173387.55450,299,99493.5,134101.90849,0
1775776920000,1.3477,1.3481,1.3472,1.3479,323101.8,1775776979999,435475.34424,565,212504.3,286424.11366,0
1775776980000,1.3478,1.3478,1.3468,1.3472,251174.9,1775777039999,338394.45326,481,73203.2,98620.56692,0
1775777040000,1.3473,1.3473,1.3466,1.3472,88265.7,1775777099999,118878.07894,358,44234.4,59575.77979,0
1775777100000,1.3471,1.3474,1.3465,1.3465,179064.1,1775777159999,241226.11574,394,53903.6,72613.32187,0
1775777160000,1.3466,1.3471,1.3466,1.3469,128592.6,1775777219999,173192.15141,272,76090.1,102479.55281,0
1775777220000,1.3469,1.3474,1.3469,1.3469,248849.9,1775777279999,335246.79060,402,134113.6,180657.86637,0
1775777280000,1.3469,1.3471,1.3463,1.3471,74705.3,1775777339999,100610.53431,350,41310.9,55637.90035,0
1775777340000,1.3471,1.3472,1.3456,1.3456,111076.4,1775777399999,149538.12371,407,28615.0,38522.66071,0
1775777400000,1.3456,1.3457,1.3423,1.3424,994671.1,1775777459999,1336543.00307,1866,246730.8,331514.45840,0
1775777460000,1.3424,1.3440,1.3424,1.3432,631813.1,1775777519999,848641.72781,1077,338719.5,454966.01294,0
1775777520000,1.3431,1.3435,1.3426,1.3429,225960.2,1775777579999,303476.86826,598,122400.8,164389.95511,0
1775777580000,1.3429,1.3430,1.3410,1.3416,1115418.6,1775777639999,1496862.27751,1639,361797.7,485435.66640,0
1775777640000,1.3416,1.3429,1.3411,1.3428,303276.9,1775777699999,406946.26262,867,180618.5,242365.92781,0
1775777700000,1.3429,1.3431,1.3421,1.3421,222867.9,1775777759999,299239.86804,608,113799.0,152786.74422,0
1775777760000,1.3422,1.3432,1.3418,1.3418,435367.0,1775777819999,584494.72941,1052,283501.1,380619.78217,0
1775777820000,1.3418,1.3429,1.3418,1.3426,129021.8,1775777879999,173235.66036,379,36593.9,49127.69728,0
1775777880000,1.3427,1.3427,1.3419,1.3425,307201.7,1775777939999,412317.04720,461,135844.7,182305.17305,0
1775777940000,1.3425,1.3440,1.3425,1.3437,147538.0,1775777999999,198190.67070,574,124663.7,167459.54597,0
1775778000000,1.3438,1.3443,1.3435,1.3441,204633.9,1775778059999,274988.92147,547,140814.2,189221.14733,0
1775778060000,1.3440,1.3445,1.3438,1.3441,185354.1,1775778119999,249150.17427,508,151197.2,203235.65462,0
1775778120000,1.3442,1.3443,1.3437,1.3443,170835.6,1775778179999,229586.91831,452,98207.8,131985.11161,0
1775778180000,1.3443,1.3450,1.3442,1.3443,166606.5,1775778239999,224025.46855,543,67181.4,90329.89650,0
1775778240000,1.3443,1.3448,1.3431,1.3432,196542.1,1775778299999,264103.41331,578,37724.7,50717.12802,0
1775778300000,1.3433,1.3433,1.3419,1.3431,243007.3,1775778359999,326243.76215,820,129275.8,173540.46707,0
1775778360000,1.3430,1.3436,1.3429,1.3431,151025.9,1775778419999,202839.02430,508,89299.8,119934.16719,0
1775778420000,1.3432,1.3442,1.3431,1.3437,184180.6,1775778479999,247512.16335,541,116428.2,156463.97182,0
1775778480000,1.3437,1.3437,1.3431,1.3432,104345.6,1775778539999,140181.26559,427,57869.5,77743.43760,0
1775778540000,1.3433,1.3437,1.3429,1.3436,1200283.3,1775778599999,1611963.12186,786,316168.4,424651.83239,0
1775778600000,1.3435,1.3440,1.3429,1.3439,209288.0,1775778659999,281112.70770,525,124421.0,167134.35845,0
1775778660000,1.3439,1.3439,1.3431,1.3431,72784.3,1775778719999,97791.08052,438,34163.3,45902.81477,0
1775778720000,1.3431,1.3434,1.3429,1.3432,114126.7,1775778779999,153286.05691,378,36082.7,48464.28727,0
1775778780000,1.3432,1.3437,1.3431,1.3437,71115.6,1775778839999,95541.47374,286,44911.5,60336.94729,0
1775778840000,1.3436,1.3440,1.3436,1.3438,178239.2,1775778899999,239533.27021,351,146144.9,196405.11823,0
1775778900000,1.3438,1.3439,1.3432,1.3439,106991.8,1775778959999,143745.30829,423,64178.6,86222.99922,0
1775778960000,1.3440,1.3442,1.3435,1.3437,472563.9,1775779019999,635066.62685,718,131820.8,177158.20275,0
1775779020000,1.3438,1.3438,1.3417,1.3420,1984919.3,1775779079999,2664878.92637,1159,214050.8,287258.84190,0
1775779080000,1.3419,1.3426,1.3415,1.3425,204783.6,1775779139999,274795.98130,422,152796.5,205038.28610,0
1775779140000,1.3425,1.3432,1.3422,1.3430,232818.3,1775779199999,312582.31806,658,126880.5,170354.74814,0
