open_time,open,high,low,close,volume,close_time,quote_volume,count,taker_buy_volume,taker_buy_quote_volume,ignore
1769385600000,1.8344,1.8350,1.8321,1.8323,510159.4,1769385659999,935780.70650,1488,184654.7,338741.27121,0
1769385660000,1.8322,1.8347,1.8319,1.8334,526283.6,1769385719999,964959.29217,1817,181681.1,333064.71462,0
1769385720000,1.8333,1.8354,1.8329,1.8352,207646.9,1769385779999,380886.87424,1074,115514.1,211888.06905,0
1769385780000,1.8351,1.8374,1.8340,1.8363,986524.7,1769385839999,1810925.55217,2416,579890.3,1064453.76286,0
1769385840000,1.8363,1.8369,1.8347,1.8349,399638.6,1769385899999,733690.00912,1377,207930.8,381724.04906,0
1769385900000,1.8349,1.8390,1.8345,1.8373,449899.9,1769385959999,826508.75597,1888,309916.8,569311.69275,0
1769385960000,1.8373,1.8388,1.8373,1.8388,463853.6,1769386019999,852520.47210,1416,262184.9,481875.51041,0
1769386020000,1.8389,1.8390,1.8371,1.8378,420134.9,1769386079999,772114.75910,1209,199640.8,366877.46981,0
1769386080000,1.8378,1.8409,1.8378,1.8398,824890.5,1769386139999,1517367.36394,1894,603448.6,1110013.19153,0
1769386140000,1.8398,1.8437,1.8395,1.8418,1343934.8,1769386199999,2475199.92801,2706,919921.0,1694282.54046,0
1769386200000,1.8418,1.8419,1.8400,1.8416,725197.6,1769386259999,1335052.09777,1629,428817.7,789336.38868,0
1769386260000,1.8416,1.8420,1.8401,1.8404,377446.8,1769386319999,694852.77916,1348,237505.6,437233.14436,0
1769386320000,1.8404,1.8421,1.8403,1.8418,411104.9,1769386379999,757017.48886,1122,159233.2,293169.89891,0
1769386380000,1.8418,1.8434,1.8418,1.8423,321869.2,1769386439999,593095.14215,898,149436.1,275359.14112,0
1769386440000,1.8423,1.8439,1.8421,1.8438,300528.9,1769386499999,553843.04613,808,217619.5,401070.62762,0
1769386500000,1.8439,1.8448,1.8436,1.8445,738133.3,1769386559999,1361201.96461,1484,381325.6,703178.67902,0
1769386560000,1.8445,1.8477,1.8441,1.8460,1448913.2,1769386619999,2674882.62338,3280,632639.2,1167857.92068,0
1769386620000,1.8461,1.8463,1.8436,1.8445,436597.5,1769386679999,805460.21430,1355,132449.5,244336.89315,0
1769386680000,1.8446,1.8465,1.8442,1.8465,375440.1,1769386739999,692687.94156,1200,195009.1,359797.09494,0
1769386740000,1.8464,1.8477,1.8459,1.8476,278626.3,1769386799999,514612.02937,992,184658.6,341060.80771,0
1769386800000,1.8476,1.8495,1.8476,1.8488,551883.6,1769386859999,1020296.24609,1727,294655.7,544733.58336,0
1769386860000,1.8488,1.8498,1.8483,1.8483,489758.0,1769386919999,905613.57585,1197,185516.8,343034.52817,0
1769386920000,1.8484,1.8513,1.8482,1.8498,1097915.1,1769386979999,2031510.18654,2040,766504.4,1418367.78577,0
1769386980000,1.8498,1.8505,1.8489,1.8505,384322.6,1769387039999,710808.75900,998,115968.8,214489.28352,0
1769387040000,1.8505,1.8523,1.8504,1.8511,703614.9,1769387099999,1302655.99016,1400,434802.6,805009.76441,0
1769387100000,1.8511,1.8511,1.8491,1.8498,828212.3,1769387159999,1532164.73291,1485,305588.0,565352.38755,0
1769387160000,1.8498,1.8499,1.8466,1.8476,415085.3,1769387219999,767096.22425,1497,134684.2,248847.52674,0
1769387220000,1.8477,1.8479,1.8440,1.8441,306599.6,1769387279999,565899.87053,1248,59478.5,109773.70721,0
1769387280000,1.8441,1.8464,1.8441,1.8459,211953.7,1769387339999,391154.28118,1093,105393.8,194473.66400,0
1769387340000,1.8460,1.8465,1.8450,1.8450,212827.6,1769387399999,392848.71837,939,74429.5,137388.33801,0
1769387400000,1.8451,1.8451,1.8441,1.8448,341694.3,1769387459999,630307.62493,1118,177684.0,327762.70712,0
1769387460000,1.8447,1.8448,1.8413,1.8416,1028730.6,1769387519999,1895281.73768,1971,348099.8,641257.71422,0
1769387520000,1.8416,1.8416,1.8401,1.8403,495977.5,1769387579999,912961.90830,1198,96364.3,177371.89956,0
1769387580000,1.8404,1.8422,1.8402,1.8417,253728.3,1769387639999,467159.18921,837,88367.5,162689.74875,0
1769387640000,1.8418,1.8428,1.8413,1.8421,381755.3,1769387699999,703286.73002,1046,184954.8,340711.90690,0
1769387700000,1.8422,1.8425,1.8413,1.8419,510942.3,1769387759999,941068.67138,1196,272006.1,500970.73608,0
1769387760000,1.8420,1.8434,1.8420,1.8433,262592.2,1769387819999,483898.56768,858,151177.1,278587.15545,0
1769387820000,1.8434,1.8447,1.8434,1.8441,128360.4,1769387879999,236706.60564,593,77150.0,142270.97000,0
1769387880000,1.8440,1.8454,1.8440,1.8450,319462.8,1769387939999,589402.79882,831,170204.1,314021.90377,0
1769387940000,1.8450,1.8450,1.8431,1.8437,200622.0,1769387999999,369928.70020,807,73172.9,134912.81825,0
1769388000000,1.8438,1.8452,1.8438,1.8448,147916.1,1769388059999,272863.77022,692,97374.2,179614.90848,0
1769388060000,1.8447,1.8450,1.8433,1.8433,188187.9,1769388119999,347053.63762,820,84584.2,155995.45557,0
1769388120000,1.8432,1.8434,1.8418,1.8419,272070.2,1769388179999,501346.55308,917,96893.4,178534.51046,0
1769388180000,1.8418,1.8418,1.8385,1.8392,290528.5,1769388239999,534606.34068,1159,80636.1,148376.93659,0
1769388240000,1.8392,1.8403,1.8387,1.8396,285106.1,1769388299999,524414.64886,972,119298.7,219449.28371,0
1769388300000,1.8396,1.8399,1.8384,1.8388,250961.0,1769388359999,461547.59379,895,141042.1,259387.66953,0
1769388360000,1.8388,1.8392,1.8374,1.8380,354606.0,1769388419999,651833.56965,1419,119773.3,220171.13057,0
1769388420000,1.8380,1.8427,1.8378,1.8426,349852.8,1769388479999,643715.54716,1476,211772.6,389627.85771,0
1769388480000,1.8427,1.8440,1.8425,1.8436,231518.4,1769388539999,426732.90458,1225,165620.5,305269.74801,0
1769388540000,1.8436,1.8455,1.8434,1.8455,372898.3,1769388599999,687721.04602,1160,315464.9,581773.55154,0
1769388600000,1.8454,1.8487,1.8454,1.8486,492608.0,1769388659999,910084.25681,1791,312177.5,576688.44704,0
1769388660000,1.8486,1.8499,1.8484,1.8497,258142.1,1769388719999,477381.55530,1283,160134.9,296121.41491,0
1769388720000,1.8497,1.8529,1.8495,1.8505,855418.6,1769388779999,1583673.71372,2274,406793.6,753150.47309,0
1769388780000,1.8505,1.8520,1.8501,1.8503,232455.6,1769388839999,430311.93021,865,90771.2,168011.05514,0
1769388840000,1.8502,1.8503,1.8484,1.8503,307231.9,1769388899999,568097.24111,997,158765.3,293569.27993,0
1769388900000,1.8503,1.8520,1.8503,1.8506,187733.2,1769388959999,347504.54488,994,134825.6,249567.60308,0
1769388960000,1.8506,1.8514,1.8501,1.8510,207731.7,1769389019999,384459.20107,892,107144.5,198295.07779,0
1769389020000,1.8509,1.8512,1.8502,1.8505,264514.9,1769389079999,489530.47802,1027,165369.8,306039.52144,0
1769389080000,1.8506,1.8511,1.8501,1.8507,286454.7,1769389139999,530038.85590,695,239466.8,443088.36259,0
1769389140000,1.8508,1.8519,1.8507,1.8515,175914.9,1769389199999,325662.51751,750,72220.1,133693.73089,0
1769389200000,1.8515,1.8538,1.8515,1.8533,744324.7,1769389259999,1378893.65201,2193,336516.2,623430.85121,0
1769389260000,1.8533,1.8549,1.8532,1.8548,430817.5,1769389319999,798776.11833,1372,246674.8,457396.23516,0
1769389320000,1.8548,1.8586,1.8547,1.8584,780287.2,1769389379999,1448779.04017,2496,540432.8,1003397.78668,0
1769389380000,1.8583,1.8595,1.8577,1.8594,448990.5,1769389439999,834378.71443,1484,222798.7,414093.40779,0
1769389440000,1.8594,1.8646,1.8590,1.8640,2159757.5,1769389499999,4022014.76459,4855,1658489.3,3088671.33453,0
1769389500000,1.8639,1.8700,1.8639,1.8690,2143009.0,1769389559999,4001434.20002,4915,1485279.6,2773351.23452,0
1769389560000,1.8691,1.8709,1.8672,1.8687,2016670.4,1769389619999,3769475.59990,3507,751807.0,1405447.82872,0
1769389620000,1.8687,1.8770,1.8683,1.8758,1933483.3,1769389679999,3621487.82093,4500,1339925.5,2509900.20574,0
1769389680000,1.8758,1.8780,1.8747,1.8768,1452421.3,1769389739999,2725301.04205,3676,929753.3,1744713.44295,0
1769389740000,1.8769,1.8797,1.8748,1.8757,1215337.7,1769389799999,2281535.03540,3310,521715.1,979637.82667,0
1769389800000,1.8758,1.8801,1.8746,1.8796,967107.8,1769389859999,1816146.80642,2755,658777.8,1237271.85807,0
1769389860000,1.8796,1.8822,1.8787,1.8818,788234.1,1769389919999,1482402.66819,2678,455318.1,856302.26141,0
1769389920000,1.8819,1.8822,1.8789,1.8808,955180.4,1769389979999,1795965.80677,2553,400414.3,752865.80212,0
1769389980000,1.8808,1.8830,1.8799,1.8806,942512.2,1769390039999,1773322.13354,2481,521999.5,982063.02602,0
1769390040000,1.8806,1.8808,1.8779,1.8790,689242.0,1769390099999,1294972.40185,2356,298658.6,561116.70616,0
1769390100000,1.8789,1.8811,1.8789,1.8799,769006.4,1769390159999,1445611.85915,2160,395119.3,742801.13914,0
1769390160000,1.8798,1.8799,1.8777,1.8796,703004.1,1769390219999,1320765.07954,1954,349140.6,655928.06378,0
1769390220000,1.8796,1.8830,1.8793,1.8828,467359.0,1769390279999,879104.97812,2131,266743.8,501673.99389,0
1769390280000,1.8829,1.8829,1.8762,1.8764,570171.3,1769390339999,1071423.45735,2220,143755.5,270201.02609,0
1769390340000,1.8764,1.8766,1.8743,1.8744,639295.7,1769390399999,1198872.88911,2417,296276.2,555609.82762,0
1769390400000,1.8744,1.8759,1.8737,1.8747,675045.7,1769390459999,1265436.32335,2206,387495.4,726445.90792,0
1769390460000,1.8747,1.8797,1.8746,1.8784,619552.9,1769390519999,1163361.64950,2405,442292.2,830429.70109,0
1769390520000,1.8784,1.8830,1.8783,1.8808,971030.4,1769390579999,1826909.29106,3621,724595.6,1363267.48352,0
1769390580000,1.8808,1.8820,1.8792,1.8818,363292.5,1769390639999,683251.32719,2140,238991.9,449484.84958,0
1769390640000,1.8819,1.8819,1.8784,1.8793,335421.1,1769390699999,630712.87511,1739,175759.0,330498.78182,0
1769390700000,1.8794,1.8800,1.8771,1.8784,451798.0,1769390759999,848862.95754,1884,190874.0,358595.75420,0
1769390760000,1.8784,1.8784,1.8725,1.8734,697596.2,1769390819999,1307487.54708,2249,288828.1,541185.60285,0
1769390820000,1.8734,1.8750,1.8730,1.8738,265824.3,1769390879999,498142.55290,1309,156881.5,293980.16149,0
1769390880000,1.8738,1.8754,1.8737,1.8747,305026.6,1769390939999,571719.25539,1297,182426.1,341908.02838,0
1769390940000,1.8748,1.8757,1.8736,1.8743,239741.2,1769390999999,449447.36622,1090,118275.1,221724.24297,0
1769391000000,1.8744,1.8772,1.8743,1.8764,260380.3,1769391059999,488389.82579,1536,185243.3,347430.59120,0
1769391060000,1.8764,1.8798,1.8758,1.8794,326608.6,1769391119999,613364.58482,1459,230759.4,433363.80186,0
1769391120000,1.8794,1.8812,1.8781,1.8809,515860.1,1769391179999,969681.98953,1789,348896.5,655799.97022,0
1769391180000,1.8809,1.8815,1.8788,1.8790,297605.1,1769391239999,559613.78892,1512,133931.2,251836.95232,0
1769391240000,1.8790,1.8799,1.8782,1.8789,367834.8,1769391299999,691083.29607,1270,184013.9,345704.83359,0
1769391300000,1.8789,1.8801,1.8783,1.8792,185214.1,1769391359999,348031.55726,1180,103134.6,193795.86654,0
1769391360000,1.8792,1.8792,1.8750,1.8755,246736.7,1769391419999,463076.45719,1271,100086.8,187831.73893,0
1769391420000,1.8756,1.8794,1.8756,1.8784,330534.8,1769391479999,620733.63083,1376,183747.6,345040.42356,0
1769391480000,1.8784,1.8785,1.8758,1.8764,214451.1,1769391539999,402528.82925,1344,73682.5,138286.64678,0
1769391540000,1.8765,1.8773,1.8760,1.8770,165501.6,1769391599999,310586.43518,1022,89943.4,168791.15950,0
1769391600000,1.8770,1.8781,1.8761,1.8770,219055.2,1769391659999,411187.52233,1211,94510.0,177373.99155,0
1769391660000,1.8771,1.8798,1.8771,1.8791,449935.0,1769391719999,845211.49619,1720,181360.0,340683.07149,0
1769391720000,1.8791,1.8791,1.8766,1.8770,464514.3,1769391779999,872086.55490,1239,360575.4,676901.31130,0
1769391780000,1.8771,1.8780,1.8739,1.8762,400126.3,1769391839999,750593.07803,1737,141362.7,265209.43296,0
1769391840000,1.8762,1.8781,1.8761,1.8780,196266.5,1769391899999,368367.65175,991,117439.9,220421.60549,0
1769391900000,1.8781,1.8795,1.8768,1.8769,190596.6,1769391959999,358056.05605,1165,98837.6,185688.18693,0
1769391960000,1.8770,1.8810,1.8769,1.8782,585978.9,1769392019999,1101066.93088,2102,284248.2,534069.46726,0
1769392020000,1.8780,1.8790,1.8775,1.8780,199934.9,1769392079999,375539.03491,1041,108040.4,202919.90776,0
1769392080000,1.8780,1.8792,1.8762,1.8762,227025.8,1769392139999,426293.96353,1190,91257.1,171341.10762,0
1769392140000,1.8761,1.8773,1.8760,1.8768,138496.6,1769392199999,259927.04357,965,74830.4,140440.98028,0
1769392200000,1.8768,1.8777,1.8745,1.8764,822552.2,1769392259999,1543081.66278,2068,349120.5,654939.52065,0
1769392260000,1.8765,1.8771,1.8750,1.8756,219383.8,1769392319999,411500.85618,875,66828.0,125350.86922,0
1769392320000,1.8756,1.8795,1.8754,1.8782,731056.1,1769392379999,1372701.82700,1822,511632.9,960533.38164,0
1769392380000,1.8783,1.8845,1.8782,1.8839,762457.4,1769392439999,1435328.46084,2485,440105.2,828429.69347,0
1769392440000,1.8839,1.8840,1.8795,1.8806,626246.6,1769392499999,1178143.00520,2055,248662.0,467715.44100,0
1769392500000,1.8807,1.8837,1.8807,1.8837,287742.3,1769392559999,541618.34271,1164,148770.6,280025.24399,0
1769392560000,1.8836,1.8870,1.8827,1.8870,1511010.6,1769392619999,2847877.21272,3346,958978.9,1807369.69686,0
1769392620000,1.8869,1.8878,1.8821,1.8821,1025741.9,1769392679999,1933999.62986,2376,293830.7,554064.46341,0
1769392680000,1.8821,1.8824,1.8803,1.8818,701155.3,1769392739999,1319234.56903,1285,371030.7,698049.59929,0
1769392740000,1.8817,1.8835,1.8817,1.8831,392930.8,1769392799999,739701.66175,1073,210771.3,396781.03473,0
1769392800000,1.8831,1.8838,1.8817,1.8817,407349.9,1769392859999,766964.61545,1504,174067.9,327748.62911,0
1769392860000,1.8817,1.8817,1.8788,1.8794,913679.8,1769392919999,1717651.65548,2487,336317.0,632243.40835,0
1769392920000,1.8794,1.8799,1.8778,1.8784,334330.8,1769392979999,628104.35661,1550,117759.7,221228.39492,0
1769392980000,1.8785,1.8800,1.8778,1.8778,335622.4,1769393039999,630557.75757,1569,218869.3,411196.93072,0
1769393040000,1.8778,1.8792,1.8772,1.8772,507915.3,1769393099999,953997.69865,1333,241217.6,453082.69606,0
1769393100000,1.8771,1.8784,1.8763,1.8765,804746.4,1769393159999,1510728.53129,1799,411861.2,773203.11531,0
1769393160000,1.8765,1.8782,1.8755,1.8770,387748.1,1769393219999,727753.82874,1322,218965.7,410943.89049,0
1769393220000,1.8770,1.8773,1.8758,1.8759,227598.9,1769393279999,427139.40305,898,111696.3,209630.24686,0
1769393280000,1.8759,1.8759,1.8735,1.8741,442837.6,1769393339999,830104.51895,1396,154443.3,289514.36103,0
1769393340000,1.8742,1.8761,1.8738,1.8751,211944.6,1769393399999,397345.05882,954,110929.0,207949.68939,0
1769393400000,1.8751,1.8769,1.8746,1.8765,203545.6,1769393459999,381852.07335,940,141788.1,265996.26603,0
1769393460000,1.8764,1.8765,1.8754,1.8762,149870.9,1769393519999,281154.76076,872,46913.9,88006.88126,0
1769393520000,1.8763,1.8766,1.8750,1.8751,164166.9,1769393579999,307991.96396,873,71960.1,135005.52548,0
1769393580000,1.8752,1.8762,1.8745,1.8762,139089.1,1769393639999,260809.83356,801,66457.0,124616.26257,0
1769393640000,1.8762,1.8767,1.8749,1.8749,148149.7,1769393699999,277939.97342,768,59026.8,110746.36015,0
1769393700000,1.8748,1.8750,1.8741,1.8750,139308.9,1769393759999,261151.96755,720,59285.0,111136.25658,0
1769393760000,1.8750,1.8764,1.8750,1.8759,418248.5,1769393819999,784522.80105,1191,238370.3,447134.03499,0
1769393820000,1.8758,1.8758,1.8722,1.8735,654890.7,1769393879999,1226595.85972,1496,255692.9,478907.63759,0
1769393880000,1.8736,1.8737,1.8710,1.8714,313595.2,1769393939999,587040.16829,1001,92282.0,172736.49421,0
1769393940000,1.8714,1.8728,1.8709,1.8714,319134.5,1769393999999,597296.38478,1219,161577.2,302395.71034,0
1769394000000,1.8714,1.8743,1.8714,1.8742,298459.6,1769394059999,559047.10008,1221,205341.9,384624.84979,0
1769394060000,1.8742,1.8744,1.8738,1.8741,133631.6,1769394119999,250437.00504,607,75360.5,141232.70134,0
1769394120000,1.8741,1.8806,1.8741,1.8785,647465.4,1769394179999,1216042.27327,1993,480306.9,901989.01744,0
1769394180000,1.8785,1.8802,1.8777,1.8777,331325.6,1769394239999,622535.56932,1237,200112.4,376033.71532,0
1769394240000,1.8778,1.8779,1.8762,1.8774,490429.3,1769394299999,920417.45403,1179,213045.9,399859.57592,0
1769394300000,1.8774,1.8798,1.8770,1.8795,296483.9,1769394359999,556937.72327,1109,199415.6,374604.21689,0
1769394360000,1.8796,1.8803,1.8792,1.8803,222455.6,1769394419999,418157.73673,753,91755.5,172481.66834,0
1769394420000,1.8803,1.8817,1.8801,1.8817,455559.6,1769394479999,856905.57749,1337,319662.1,601294.63034,0
1769394480000,1.8816,1.8830,1.8812,1.8830,455655.2,1769394539999,857536.02013,1105,359649.5,676838.24102,0
1769394540000,1.8830,1.8840,1.8827,1.8838,217248.5,1769394599999,409200.36843,932,116283.6,219011.71008,0
1769394600000,1.8839,1.8839,1.8810,1.8825,312656.9,1769394659999,588596.50577,1171,151824.7,285818.27671,0
1769394660000,1.8824,1.8842,1.8807,1.8842,255990.5,1769394719999,481968.24338,1413,134553.1,253309.48360,0
1769394720000,1.8842,1.8851,1.8816,1.8818,355253.4,1769394779999,669276.58379,1495,224906.0,423762.88228,0
1769394780000,1.8817,1.8819,1.8801,1.8806,322140.1,1769394839999,605922.68146,1091,158458.8,298057.52095,0
1769394840000,1.8806,1.8820,1.8801,1.8819,445928.6,1769394899999,838626.52137,1196,132564.7,249315.90798,0
1769394900000,1.8819,1.8823,1.8802,1.8821,232174.0,1769394959999,436701.38104,1074,116848.3,219781.75662,0
1769394960000,1.8821,1.8821,1.8791,1.8795,412497.0,1769395019999,775555.91247,1076,101164.1,190203.72907,0
1769395020000,1.8795,1.8813,1.8789,1.8802,175839.8,1769395079999,330586.62567,864,112704.8,211897.01941,0
1769395080000,1.8803,1.8803,1.8780,1.8787,224659.2,1769395139999,422086.89406,1017,69541.1,130643.96917,0
1769395140000,1.8787,1.8800,1.8782,1.8793,201594.8,1769395199999,378857.91120,774,97278.4,182787.77324,0
1769395200000,1.8793,1.8801,1.8790,1.8792,170012.1,1769395259999,319545.75297,828,111855.7,210234.79962,0
1769395260000,1.8791,1.8796,1.8779,1.8780,112641.5,1769395319999,211641.05879,626,27435.1,51546.35179,0
1769395320000,1.8779,1.8791,1.8770,1.8791,242736.3,1769395379999,455884.07726,876,127213.7,238913.75747,0
1769395380000,1.8790,1.8791,1.8762,1.8768,424035.5,1769395439999,796232.37808,1519,125590.1,235781.67720,0
1769395440000,1.8767,1.8777,1.8767,1.8770,205924.7,1769395499999,386546.24156,733,159166.3,298769.06494,0
1769395500000,1.8770,1.8779,1.8765,1.8769,275261.6,1769395559999,516714.90301,1120,134283.8,252080.69972,0
1769395560000,1.8769,1.8778,1.8767,1.8778,136999.3,1769395619999,257163.83353,624,93463.4,175444.61855,0
1769395620000,1.8778,1.8785,1.8770,1.8784,242793.8,1769395679999,455974.56254,930,209366.6,393201.52209,0
1769395680000,1.8784,1.8795,1.8777,1.8781,188068.6,1769395739999,353288.34032,809,112854.9,211988.49388,0
1769395740000,1.8780,1.8797,1.8779,1.8795,118360.9,1769395799999,222397.33394,579,104764.3,196848.02583,0
1769395800000,1.8796,1.8796,1.8782,1.8784,97541.8,1769395859999,183249.54090,650,62245.9,116934.41698,0
1769395860000,1.8784,1.8784,1.8772,1.8772,279909.9,1769395919999,525600.68784,890,48358.8,90805.07366,0
1769395920000,1.8772,1.8780,1.8769,1.8775,94599.6,1769395979999,177608.65449,555,47023.2,88292.37091,0
1769395980000,1.8775,1.8775,1.8753,1.8757,349534.7,1769396039999,655747.41403,1146,77828.5,145997.77172,0
1769396040000,1.8757,1.8767,1.8757,1.8767,175436.2,1769396099999,329159.54095,687,96426.6,180916.36256,0
1769396100000,1.8767,1.8777,1.8764,1.8772,245049.7,1769396159999,459972.02420,963,113281.1,212625.74290,0
1769396160000,1.8773,1.8773,1.8766,1.8767,89066.6,1769396219999,167171.70126,478,13177.8,24735.81957,0
1769396220000,1.8767,1.8769,1.8750,1.8765,364211.8,1769396279999,683185.66143,878,176553.1,331181.45706,0
1769396280000,1.8764,1.8764,1.8744,1.8753,453839.2,1769396339999,850944.86496,984,127876.8,239762.43530,0
1769396340000,1.8753,1.8762,1.8753,1.8753,154216.9,1769396399999,289225.33661,528,121967.1,228733.48282,0
1769396400000,1.8753,1.8764,1.8748,1.8755,213632.7,1769396459999,400646.14519,989,126628.6,237489.69789,0
1769396460000,1.8755,1.8768,1.8743,1.8767,425071.0,1769396519999,797149.41146,1199,264758.0,496546.10376,0
1769396520000,1.8766,1.8766,1.8753,1.8757,126568.1,1769396579999,237428.37915,672,75831.5,142251.39316,0
1769396580000,1.8758,1.8783,1.8758,1.8768,531255.0,1769396639999,997505.08941,1284,333740.2,626678.80466,0
1769396640000,1.8767,1.8797,1.8767,1.8797,204598.4,1769396699999,384242.65879,955,115037.4,216054.33962,0
1769396700000,1.8797,1.8811,1.8796,1.8804,489897.0,1769396759999,921273.23715,1376,286602.5,538984.44722,0
1769396760000,1.8803,1.8811,1.8795,1.8811,173009.7,1769396819999,325311.54386,902,111404.2,209467.61302,0
1769396820000,1.8811,1.8811,1.8792,1.8792,129090.5,1769396879999,242692.88293,639,33297.7,62602.29000,0
1769396880000,1.8793,1.8813,1.8792,1.8813,170398.8,1769396939999,320397.18183,864,118759.5,223303.89441,0
1769396940000,1.8813,1.8814,1.8800,1.8810,231622.2,1769396999999,435625.80328,833,123272.9,231830.58170,0
1769397000000,1.8809,1.8809,1.8799,1.8805,117520.6,1769397059999,220983.06688,720,67110.0,126190.71738,0
1769397060000,1.8804,1.8805,1.8797,1.8804,140195.5,1769397119999,263555.97692,480,110601.4,207920.27128,0
1769397120000,1.8804,1.8804,1.8801,1.8804,52118.5,1769397179999,97995.03024,318,22412.0,42140.00731,0
1769397180000,1.8804,1.8809,1.8801,1.8805,295044.2,1769397239999,554847.47031,692,119406.4,224553.44319,0
1769397240000,1.8804,1.8820,1.8804,1.8807,347785.6,1769397299999,654292.26463,949,129898.6,244386.71459,0
1769397300000,1.8807,1.8815,1.8787,1.8799,183885.0,1769397359999,345758.48725,932,82136.9,154470.78830,0
1769397360000,1.8799,1.8803,1.8794,1.8797,241106.5,1769397419999,453240.64214,921,116104.5,218256.39205,0
1769397420000,1.8798,1.8801,1.8787,1.8792,82230.4,1769397479999,154517.31013,549,36134.9,67895.76192,0
1769397480000,1.8792,1.8796,1.8778,1.8783,259408.6,1769397539999,487304.77210,1006,115479.2,216907.09261,0
1769397540000,1.8783,1.8791,1.8780,1.8785,245896.7,1769397599999,461931.61753,765,82534.1,155055.52947,0
1769397600000,1.8785,1.8787,1.8760,1.8770,247165.4,1769397659999,463959.15913,857,73148.5,137280.13672,0
1769397660000,1.8771,1.8775,1.8760,1.8763,226914.2,1769397719999,425853.10917,975,94948.2,178192.06707,0
1769397720000,1.8763,1.8770,1.8754,1.8754,255051.6,1769397779999,478475.22600,999,125678.3,235769.59096,0
1769397780000,1.8753,1.8758,1.8746,1.8749,320525.8,1769397839999,601038.99842,977,65474.6,122775.21932,0
1769397840000,1.8749,1.8753,1.8738,1.8753,249677.3,1769397899999,468011.06461,816,133277.0,249834.87677,0
1769397900000,1.8753,1.8767,1.8753,1.8755,331334.9,1769397959999,621509.71716,1070,155916.2,292476.14282,0
1769397960000,1.8755,1.8764,1.8748,1.8751,655148.1,1769398019999,1228801.00424,1010,197620.8,370611.04714,0
1769398020000,1.8750,1.8760,1.8737,1.8739,272201.9,1769398079999,510418.56579,815,133852.5,250990.35898,0
1769398080000,1.8740,1.8744,1.8733,1.8744,310699.0,1769398139999,582153.98815,765,210644.9,394680.50870,0
1769398140000,1.8744,1.8744,1.8733,1.8735,160183.7,1769398199999,300173.38294,540,43273.0,81092.30767,0
1769398200000,1.8734,1.8750,1.8726,1.8727,276542.2,1769398259999,518203.46101,1227,142062.6,266244.80772,0
1769398260000,1.8727,1.8748,1.8722,1.8741,416784.0,1769398319999,780862.91889,1113,263036.1,492805.29575,0
1769398320000,1.8741,1.8749,1.8740,1.8749,189650.1,1769398379999,355496.91681,595,127198.8,238434.63793,0
1769398380000,1.8748,1.8750,1.8725,1.8728,198706.6,1769398439999,372401.09077,763,40254.3,75427.92902,0
1769398440000,1.8728,1.8729,1.8710,1.8722,660505.4,1769398499999,1236290.32031,1423,405256.7,758529.09796,0
1769398500000,1.8721,1.8722,1.8706,1.8713,427175.8,1769398559999,799329.02417,1145,212443.8,397558.78196,0
1769398560000,1.8713,1.8728,1.8708,1.8723,423350.1,1769398619999,792403.07512,1027,213337.7,399296.09289,0
1769398620000,1.8723,1.8723,1.8707,1.8709,289775.5,1769398679999,542266.37607,566,65364.2,122309.09412,0
1769398680000,1.8708,1.8714,1.8693,1.8697,468299.8,1769398739999,875715.13733,1052,140556.4,262861.85205,0
1769398740000,1.8696,1.8700,1.8670,1.8671,1438433.8,1769398799999,2687828.59856,2325,462885.4,865010.71935,0
1769398800000,1.8671,1.8722,1.8671,1.8722,1360286.5,1769398859999,2543405.88173,3377,1191266.9,2227468.27155,0
1769398860000,1.8722,1.8730,1.8706,1.8708,616631.4,1769398919999,1154388.14058,1711,375473.8,702929.91964,0
1769398920000,1.8708,1.8715,1.8708,1.8713,160336.2,1769398979999,300031.84597,463,85480.5,159952.31071,0
1769398980000,1.8713,1.8720,1.8710,1.8714,339282.2,1769399039999,634918.17293,813,282714.8,529064.90153,0
1769399040000,1.8714,1.8728,1.8714,1.8718,1008925.4,1769399099999,1888827.70350,1726,878916.6,1645452.57246,0
1769399100000,1.8719,1.8723,1.8711,1.8713,219653.2,1769399159999,411136.28595,825,66507.2,124494.55432,0
1769399160000,1.8714,1.8716,1.8693,1.8693,258676.1,1769399219999,483826.88282,813,26159.9,48944.86010,0
1769399220000,1.8693,1.8694,1.8672,1.8675,305345.3,1769399279999,570409.91505,897,79807.0,149106.32190,0
1769399280000,1.8676,1.8680,1.8673,1.8673,268037.5,1769399339999,500617.60791,669,67930.7,126875.13769,0
1769399340000,1.8673,1.8687,1.8667,1.8676,302720.4,1769399399999,565331.77922,1041,88325.1,164975.15052,0
1769399400000,1.8677,1.8685,1.8670,1.8674,195656.6,1769399459999,365418.18453,690,107093.3,200016.05898,0
1769399460000,1.8675,1.8681,1.8664,1.8677,318467.2,1769399519999,594635.79178,850,201515.4,376252.00662,0
1769399520000,1.8677,1.8677,1.8659,1.8663,345472.5,1769399579999,644916.51635,1020,45478.1,84898.94851,0
1769399580000,1.8664,1.8670,1.8653,1.8663,282703.4,1769399639999,527532.60610,990,70033.7,130679.45375,0
1769399640000,1.8664,1.8669,1.8656,1.8658,180578.8,1769399699999,337044.22019,659,41009.6,76541.49856,0
1769399700000,1.8658,1.8664,1.8647,1.8653,385346.3,1769399759999,718772.02811,1024,167412.9,312285.75876,0
1769399760000,1.8654,1.8656,1.8640,1.8650,278589.6,1769399819999,519463.81730,875,123677.6,230624.17926,0
1769399820000,1.8650,1.8669,1.8650,1.8663,261448.3,1769399879999,487839.59168,1011,220378.6,411208.40709,0
1769399880000,1.8663,1.8668,1.8657,1.8664,425088.8,1769399939999,793319.75312,930,116468.4,217371.46326,0
1769399940000,1.8664,1.8686,1.8663,1.8686,409924.7,1769399999999,765395.01441,1012,364624.4,680816.06730,0
1769400000000,1.8685,1.8703,1.8685,1.8697,476592.8,1769400059999,890936.41582,1292,297812.3,556693.42017,0
1769400060000,1.8697,1.8713,1.8694,1.8704,434876.6,1769400119999,813385.74691,1404,280367.8,524391.98979,0
1769400120000,1.8704,1.8715,1.8701,1.8714,128791.8,1769400179999,240945.14931,666,66848.5,125053.48179,0
1769400180000,1.8715,1.8717,1.8702,1.8707,87185.6,1769400239999,163142.65264,558,50841.8,95140.16003,0
1769400240000,1.8707,1.8717,1.8695,1.8698,142474.3,1769400299999,266519.82069,940,61983.6,115966.84663,0
1769400300000,1.8699,1.8709,1.8690,1.8709,198373.1,1769400359999,370959.84311,1020,91911.7,171889.30310,0
1769400360000,1.8709,1.8717,1.8699,1.8717,184549.0,1769400419999,345241.71861,814,103115.8,192913.68242,0
1769400420000,1.8718,1.8724,1.8709,1.8712,377964.6,1769400479999,707436.28394,1098,57104.9,106877.54506,0
1769400480000,1.8713,1.8716,1.8707,1.8713,68210.0,1769400539999,127627.76226,492,27769.2,51958.08898,0
1769400540000,1.8713,1.8724,1.8712,1.8724,208864.9,1769400599999,390931.88230,760,55948.8,104722.24117,0
1769400600000,1.8724,1.8733,1.8718,1.8728,152882.9,1769400659999,286296.30157,849,120244.2,225174.36313,0
1769400660000,1.8727,1.8736,1.8719,1.8736,97349.5,1769400719999,182317.89966,657,61192.7,114607.07365,0
1769400720000,1.8736,1.8740,1.8726,1.8731,128550.8,1769400779999,240804.56218,678,77341.1,144877.42685,0
1769400780000,1.8730,1.8731,1.8717,1.8725,90877.3,1769400839999,170174.79529,563,50333.8,94256.24377,0
1769400840000,1.8725,1.8733,1.8721,1.8721,219930.6,1769400899999,411933.05360,677,48739.9,91285.54426,0
1769400900000,1.8721,1.8722,1.8717,1.8718,143214.9,1769400959999,268087.91761,632,41727.0,78110.51742,0
1769400960000,1.8717,1.8726,1.8714,1.8726,85681.4,1769401019999,160395.18414,495,47518.1,88961.92222,0
1769401020000,1.8726,1.8726,1.8709,1.8720,119683.9,1769401079999,224017.94037,763,50231.6,94015.34285,0
1769401080000,1.8720,1.8771,1.8720,1.8753,1600361.1,1769401139999,3001201.64985,2530,1288361.0,2415744.35446,0
1769401140000,1.8753,1.8774,1.8752,1.8774,206597.1,1769401199999,387663.88142,632,175022.5,328413.18777,0
1769401200000,1.8774,1.8802,1.8774,1.8797,484871.2,1769401259999,911045.74294,1468,373744.2,702226.65393,0
1769401260000,1.8798,1.8820,1.8784,1.8818,383378.6,1769401319999,720777.75391,1343,209652.8,394206.66492,0
1769401320000,1.8819,1.8860,1.8819,1.8847,1015592.6,1769401379999,1913743.11981,2300,645367.7,1215929.70797,0
1769401380000,1.8846,1.8857,1.8839,1.8850,322505.4,1769401439999,607807.98880,1299,117045.1,220575.67437,0
1769401440000,1.8849,1.8893,1.8845,1.8890,858911.2,1769401499999,1620909.92372,2241,569966.4,1075664.55549,0
1769401500000,1.8889,1.8938,1.8888,1.8927,1042063.7,1769401559999,1970711.66950,3272,732510.8,1385277.29346,0
1769401560000,1.8928,1.8940,1.8893,1.8901,702998.7,1769401619999,1329663.60993,2287,379473.1,717891.22578,0
1769401620000,1.8901,1.8907,1.8891,1.8905,498973.0,1769401679999,943022.51663,1357,199966.8,377927.56161,0
1769401680000,1.8904,1.8905,1.8893,1.8900,283477.8,1769401739999,535728.23207,873,86189.6,162889.15765,0
1769401740000,1.8901,1.8903,1.8895,1.8899,169840.5,1769401799999,320959.58174,602,90525.9,171076.84111,0
1769401800000,1.8899,1.8909,1.8895,1.8899,343105.5,1769401859999,648518.22799,1354,142115.3,268618.65731,0
1769401860000,1.8900,1.8906,1.8883,1.8898,819570.0,1769401919999,1548458.76785,1834,379007.4,716186.69996,0
1769401920000,1.8898,1.8911,1.8885,1.8899,349186.4,1769401979999,659862.96206,1246,218942.5,413759.47853,0
1769401980000,1.8899,1.8901,1.8873,1.8879,497890.4,1769402039999,940125.39776,1373,117555.3,221957.17018,0
1769402040000,1.8879,1.8892,1.8878,1.8892,225836.9,1769402099999,426482.50816,670,186914.0,352970.78623,0
1769402100000,1.8891,1.8892,1.8877,1.8892,219841.6,1769402159999,415162.95026,841,104418.8,197207.87146,0
1769402160000,1.8891,1.8891,1.8867,1.8872,356326.3,1769402219999,672651.03095,1034,159266.5,300609.27055,0
1769402220000,1.8872,1.8874,1.8851,1.8856,402259.2,1769402279999,758715.24439,1186,184172.9,347391.27241,0
1769402280000,1.8856,1.8868,1.8855,1.8867,266170.9,1769402339999,501984.86655,804,112942.5,213006.92478,0
1769402340000,1.8867,1.8868,1.8846,1.8851,345452.4,1769402399999,651248.39484,942,134482.2,253515.92595,0
1769402400000,1.8851,1.8857,1.8826,1.8829,455702.0,1769402459999,858567.22004,1269,181932.3,342805.51874,0
1769402460000,1.8828,1.8836,1.8822,1.8833,476186.9,1769402519999,896567.29405,1312,239706.7,451300.46101,0
1769402520000,1.8834,1.8839,1.8825,1.8825,254010.0,1769402579999,478382.72922,650,76049.1,143216.77153,0
1769402580000,1.8826,1.8835,1.8817,1.8823,333642.0,1769402639999,628098.34582,817,202792.7,381735.76919,0
1769402640000,1.8822,1.8825,1.8811,1.8812,325354.8,1769402699999,612347.62923,927,142103.8,267460.09986,0
1769402700000,1.8811,1.8830,1.8808,1.8829,221871.5,1769402759999,417578.70821,861,150216.8,282716.35926,0
1769402760000,1.8829,1.8829,1.8813,1.8816,139894.2,1769402819999,263268.77382,601,80810.7,152071.80337,0
1769402820000,1.8816,1.8818,1.8801,1.8815,309704.6,1769402879999,582456.76006,824,111382.4,209512.17252,0
1769402880000,1.8814,1.8815,1.8793,1.8798,580621.1,1769402939999,1091584.37969,1227,307837.8,578698.94797,0
1769402940000,1.8797,1.8800,1.8790,1.8799,168783.5,1769402999999,317224.30607,824,120630.8,226726.90595,0
1769403000000,1.8800,1.8813,1.8799,1.8809,160510.0,1769403059999,301868.46579,655,101708.7,191280.98784,0
1769403060000,1.8809,1.8810,1.8794,1.8795,218096.1,1769403119999,410116.80076,643,56106.1,105506.50751,0
1769403120000,1.8794,1.8799,1.8789,1.8798,163329.1,1769403179999,306944.92865,583,113162.7,212673.50476,0
1769403180000,1.8798,1.8803,1.8795,1.8796,98944.4,1769403239999,186004.06281,542,44041.6,82795.41112,0
1769403240000,1.8797,1.8816,1.8796,1.8813,296235.1,1769403299999,557200.74571,900,244040.8,459024.17470,0
1769403300000,1.8812,1.8812,1.8799,1.8800,115726.4,1769403359999,217608.12439,680,48056.0,90359.83052,0
1769403360000,1.8800,1.8801,1.8773,1.8780,322793.4,1769403419999,606380.85915,1209,105388.1,197957.65747,0
1769403420000,1.8780,1.8784,1.8770,1.8783,394454.7,1769403479999,740674.84659,1171,178374.4,334921.08693,0
1769403480000,1.8783,1.8784,1.8774,1.8775,146374.6,1769403539999,274862.94463,495,79229.3,148785.34458,0
1769403540000,1.8775,1.8781,1.8771,1.8780,444369.0,1769403599999,834315.49712,756,105422.0,197939.79335,0
1769403600000,1.8781,1.8793,1.8779,1.8784,330222.8,1769403659999,620385.24468,916,190113.6,357165.59945,0
1769403660000,1.8783,1.8785,1.8777,1.8777,92840.4,1769403719999,174355.56865,569,28308.9,53167.08014,0
1769403720000,1.8777,1.8790,1.8777,1.8789,63424.7,1769403779999,119138.10206,515,46447.0,87243.67777,0
1769403780000,1.8788,1.8789,1.8784,1.8784,53368.3,1769403839999,100257.89405,422,13013.4,24446.84282,0
1769403840000,1.8784,1.8784,1.8765,1.8771,179268.0,1769403899999,336520.77362,800,73092.4,137188.05459,0
1769403900000,1.8771,1.8773,1.8752,1.8754,138900.5,1769403959999,260579.42728,913,41339.1,77539.90857,0
1769403960000,1.8753,1.8759,1.8752,1.8753,109498.2,1769404019999,205368.62603,577,78035.8,146360.59889,0
1769404020000,1.8753,1.8758,1.8745,1.8750,375828.2,1769404079999,704666.19345,1024,117174.4,219707.06050,0
1769404080000,1.8750,1.8755,1.8748,1.8754,125807.1,1769404139999,235905.53546,488,68500.3,128441.78251,0
1769404140000,1.8754,1.8765,1.8753,1.8765,100147.9,1769404199999,187867.81557,455,84512.0,158538.85012,0
1769404200000,1.8765,1.8765,1.8758,1.8760,116030.4,1769404259999,217700.95110,514,40732.7,76424.59186,0
1769404260000,1.8761,1.8764,1.8761,1.8763,85664.9,1769404319999,160732.49784,376,69737.8,130849.79194,0
1769404320000,1.8763,1.8767,1.8761,1.8766,64089.5,1769404379999,120257.59109,324,38870.2,72937.76698,0
1769404380000,1.8765,1.8767,1.8759,1.8761,102477.4,1769404439999,192269.39676,509,57119.6,107167.19554,0
1769404440000,1.8762,1.8776,1.8761,1.8765,230080.8,1769404499999,431889.18908,716,135648.8,254654.26510,0
1769404500000,1.8765,1.8778,1.8764,1.8775,73511.4,1769404559999,138005.40200,462,47382.9,88951.82585,0
1769404560000,1.8774,1.8781,1.8766,1.8779,110662.8,1769404619999,207736.61250,610,49015.6,92012.78639,0
1769404620000,1.8779,1.8782,1.8772,1.8781,162919.5,1769404679999,305921.45503,492,132048.8,247955.44166,0
1769404680000,1.8781,1.8781,1.8766,1.8777,143676.7,1769404739999,269738.95412,575,82854.4,155557.70399,0
1769404740000,1.8776,1.8776,1.8765,1.8767,43057.5,1769404799999,80821.61704,360,9851.0,18489.60737,0
1769404800000,1.8767,1.8772,1.8758,1.8772,53326.0,1769404859999,100062.93907,480,28484.2,53452.86222,0
1769404860000,1.8772,1.8772,1.8759,1.8768,86533.7,1769404919999,162397.57201,602,28907.6,54247.78772,0
1769404920000,1.8769,1.8772,1.8766,1.8767,55138.9,1769404979999,103494.54389,343,16460.3,30896.80713,0
1769404980000,1.8767,1.8781,1.8765,1.8768,130343.7,1769405039999,244700.16552,667,87357.5,163994.88767,0
1769405040000,1.8769,1.8774,1.8768,1.8773,63287.6,1769405099999,118799.20736,387,38847.5,72921.65280,0
1769405100000,1.8773,1.8778,1.8768,1.8776,62170.2,1769405159999,116714.94221,530,33248.9,62417.46522,0
1769405160000,1.8777,1.8785,1.8776,1.8785,141656.9,1769405219999,266023.73040,553,53113.0,99746.88846,0
1769405220000,1.8785,1.8786,1.8783,1.8786,101075.9,1769405279999,189872.98907,419,61883.7,116250.62423,0
1769405280000,1.8786,1.8789,1.8781,1.8789,82805.7,1769405339999,155551.84792,363,56984.3,107050.23060,0
1769405340000,1.8789,1.8796,1.8788,1.8795,257260.6,1769405399999,483433.82197,538,149817.9,281531.35971,0
1769405400000,1.8794,1.8794,1.8776,1.8785,207982.3,1769405459999,390673.36255,851,94141.8,176834.75089,0
1769405460000,1.8784,1.8785,1.8772,1.8781,109124.7,1769405519999,204920.97286,514,36719.2,68947.63889,0
1769405520000,1.8782,1.8790,1.8782,1.8790,40840.0,1769405579999,76722.64108,258,37676.0,70779.52173,0
1769405580000,1.8790,1.8797,1.8781,1.8789,111807.1,1769405639999,210102.46106,635,47033.4,88380.46026,0
1769405640000,1.8789,1.8798,1.8789,1.8794,106468.1,1769405699999,200116.35071,404,80182.8,150710.63438,0
1769405700000,1.8794,1.8807,1.8794,1.8796,197295.1,1769405759999,370919.42838,756,102262.0,192252.82311,0
1769405760000,1.8797,1.8797,1.8766,1.8768,167015.8,1769405819999,313670.88183,848,28240.6,53030.55249,0
1769405820000,1.8768,1.8772,1.8761,1.8762,132765.8,1769405879999,249164.01442,569,35706.4,67015.26480,0
1769405880000,1.8761,1.8763,1.8756,1.8758,152952.7,1769405939999,286947.42667,570,31639.0,59355.80580,0
1769405940000,1.8757,1.8771,1.8754,1.8770,375871.5,1769405999999,705287.50715,908,291415.0,546852.57479,0
1769406000000,1.8769,1.8772,1.8757,1.8759,282081.3,1769406059999,529298.33182,915,129201.8,242421.72100,0
1769406060000,1.8760,1.8773,1.8759,1.8767,65582.2,1769406119999,123086.58325,366,31181.9,58516.69059,0
1769406120000,1.8767,1.8767,1.8758,1.8762,50244.8,1769406179999,94278.03143,331,20064.3,37647.34032,0
1769406180000,1.8762,1.8775,1.8762,1.8775,45366.2,1769406239999,85137.29721,291,41499.2,77881.15459,0
1769406240000,1.8775,1.8786,1.8774,1.8779,190195.8,1769406299999,357222.28848,559,105334.5,197827.66491,0
1769406300000,1.8779,1.8781,1.8765,1.8778,96447.1,1769406359999,181054.71178,686,60218.2,113042.12920,0
1769406360000,1.8777,1.8802,1.8776,1.8802,118740.9,1769406419999,223096.34139,494,95902.2,180208.31624,0
1769406420000,1.8802,1.8810,1.8789,1.8791,157340.7,1769406479999,295787.19416,740,49581.3,93207.62637,0
1769406480000,1.8791,1.8791,1.8785,1.8787,66404.8,1769406539999,124762.78840,331,22064.7,41455.68332,0
1769406540000,1.8788,1.8794,1.8787,1.8794,46814.1,1769406599999,87968.51257,318,23995.1,45087.88141,0
1769406600000,1.8794,1.8805,1.8793,1.8801,200191.7,1769406659999,376347.95316,862,100411.4,188769.19957,0
1769406660000,1.8801,1.8802,1.8796,1.8802,63673.7,1769406719999,119705.62420,398,34330.4,64538.94831,0
1769406720000,1.8801,1.8810,1.8800,1.8806,102134.1,1769406779999,192060.22961,557,72179.6,135728.48553,0
1769406780000,1.8806,1.8816,1.8803,1.8806,222546.7,1769406839999,418574.99453,879,119634.1,225026.52665,0
1769406840000,1.8807,1.8807,1.8795,1.8803,70363.4,1769406899999,132286.31819,416,29480.4,55423.16894,0
1769406900000,1.8803,1.8806,1.8799,1.8803,72150.3,1769406959999,135657.01415,450,21795.8,40980.70194,0
1769406960000,1.8804,1.8815,1.8803,1.8804,147412.7,1769407019999,277269.24716,554,60079.6,112999.01536,0
1769407020000,1.8803,1.8809,1.8801,1.8809,26779.2,1769407079999,50361.34992,243,16262.1,30584.24539,0
1769407080000,1.8809,1.8809,1.8803,1.8806,78872.3,1769407139999,148326.99776,406,24568.3,46200.86447,0
1769407140000,1.8807,1.8812,1.8801,1.8801,120379.8,1769407199999,226367.57621,537,13792.8,25943.99261,0
1769407200000,1.8801,1.8808,1.8799,1.8803,132089.9,1769407259999,248362.01501,571,49662.4,93374.99557,0
1769407260000,1.8803,1.8808,1.8801,1.8806,184431.6,1769407319999,346813.63213,529,52565.9,98847.52342,0
1769407320000,1.8806,1.8806,1.8799,1.8799,96224.6,1769407379999,180916.56282,422,18854.6,35449.56309,0
1769407380000,1.8799,1.8800,1.8784,1.8789,138192.0,1769407439999,259656.32533,698,43351.0,81443.75831,0
1769407440000,1.8790,1.8790,1.8781,1.8790,71451.8,1769407499999,134219.95646,509,16176.0,30386.76168,0
1769407500000,1.8790,1.8799,1.8790,1.8795,107828.7,1769407559999,202666.29389,620,56532.3,106249.24352,0
1769407560000,1.8796,1.8800,1.8795,1.8795,77822.8,1769407619999,146288.60715,519,17652.5,33182.68726,0
1769407620000,1.8795,1.8811,1.8792,1.8810,280272.0,1769407679999,526929.02100,752,190706.8,358565.85228,0
1769407680000,1.8811,1.8822,1.8801,1.8802,271135.7,1769407739999,510097.27752,1006,91194.1,171611.19642,0
1769407740000,1.8801,1.8801,1.8779,1.8781,219715.8,1769407799999,412874.91144,786,87066.7,163619.85975,0
1769407800000,1.8780,1.8787,1.8778,1.8785,183966.6,1769407859999,345537.08285,837,88857.2,166895.46708,0
1769407860000,1.8785,1.8789,1.8778,1.8789,60668.8,1769407919999,113953.89099,535,30142.4,56620.18700,0
1769407920000,1.8790,1.8793,1.8774,1.8774,209564.0,1769407979999,393635.10546,729,12981.7,24389.63695,0
1769407980000,1.8774,1.8775,1.8768,1.8774,140902.2,1769408039999,264490.98746,664,67154.2,126055.70898,0
1769408040000,1.8773,1.8774,1.8765,1.8770,50811.5,1769408099999,95376.92470,450,14961.9,28083.80110,0
1769408100000,1.8769,1.8775,1.8731,1.8761,2247644.3,1769408159999,4214874.06430,2322,419125.7,786063.50377,0
1769408160000,1.8760,1.8775,1.8760,1.8772,397139.0,1769408219999,745341.42974,939,260886.4,489642.52393,0
1769408220000,1.8772,1.8786,1.8767,1.8786,254280.9,1769408279999,477418.40730,734,201204.4,377777.31111,0
1769408280000,1.8786,1.8788,1.8774,1.8774,246497.9,1769408339999,463023.28242,707,35949.0,67528.73187,0
1769408340000,1.8774,1.8812,1.8772,1.8800,1890215.6,1769408399999,3552959.56246,1613,1037368.3,1949579.38204,0
1769408400000,1.8800,1.8805,1.8800,1.8801,144173.4,1769408459999,271074.16874,385,79933.0,150287.77206,0
1769408460000,1.8801,1.8801,1.8786,1.8799,332350.0,1769408519999,624684.03807,731,142112.1,267073.34333,0
1769408520000,1.8799,1.8807,1.8795,1.8801,138242.5,1769408579999,259930.77044,579,71771.8,134940.25122,0
1769408580000,1.8801,1.8806,1.8800,1.8801,56813.7,1769408639999,106830.50441,322,17473.4,32854.28034,0
1769408640000,1.8800,1.8804,1.8798,1.8798,102809.9,1769408699999,193295.10949,357,9468.9,17802.65267,0
1769408700000,1.8799,1.8805,1.8789,1.8805,205735.7,1769408759999,386728.78781,695,136240.3,256097.75225,0
1769408760000,1.8805,1.8818,1.8790,1.8794,286927.7,1769408819999,539544.36177,1103,167301.9,314600.68663,0
1769408820000,1.8794,1.8803,1.8788,1.8801,130024.8,1769408879999,244394.52680,652,81996.3,154118.31413,0
1769408880000,1.8801,1.8818,1.8799,1.8815,171190.9,1769408939999,321981.38325,505,115459.3,217150.17165,0
1769408940000,1.8815,1.8817,1.8802,1.8807,353869.0,1769408999999,665695.35619,655,55933.1,105203.25846,0
1769409000000,1.8807,1.8820,1.8806,1.8811,180479.3,1769409059999,339600.48107,634,82691.2,155590.27574,0
1769409060000,1.8812,1.8815,1.8803,1.8804,248182.3,1769409119999,466782.61990,713,84056.7,158086.44846,0
1769409120000,1.8803,1.8813,1.8801,1.8809,120463.1,1769409179999,226540.51888,487,69580.7,130849.70523,0
1769409180000,1.8808,1.8810,1.8796,1.8796,93035.4,1769409239999,174941.17153,475,37240.7,70028.96500,0
1769409240000,1.8796,1.8796,1.8782,1.8782,71228.8,1769409299999,133842.92687,403,13481.9,25334.13337,0
1769409300000,1.8783,1.8798,1.8783,1.8798,143028.1,1769409359999,268725.76133,556,65415.2,122910.14733,0
1769409360000,1.8797,1.8800,1.8786,1.8798,187901.8,1769409419999,353126.74519,752,55165.1,103667.49943,0
1769409420000,1.8798,1.8799,1.8792,1.8798,83473.9,1769409479999,156896.65166,379,20901.0,39282.07560,0
1769409480000,1.8798,1.8799,1.8795,1.8796,56963.5,1769409539999,107071.83380,308,18322.3,34438.40409,0
1769409540000,1.8796,1.8796,1.8790,1.8790,39459.4,1769409599999,74155.45030,311,5158.0,9693.30269,0
1769409600000,1.8790,1.8794,1.8787,1.8794,45384.9,1769409659999,85288.36136,335,19246.5,36168.77857,0
1769409660000,1.8793,1.8796,1.8787,1.8796,57060.5,1769409719999,107224.34168,388,29047.0,54584.11897,0
1769409720000,1.8796,1.8803,1.8791,1.8803,199053.9,1769409779999,374181.35540,417,63430.2,119246.47619,0
1769409780000,1.8804,1.8804,1.8792,1.8799,40089.2,1769409839999,75359.64734,400,13035.1,24500.01898,0
1769409840000,1.8799,1.8802,1.8795,1.8802,44326.7,1769409899999,83324.24535,287,20340.9,38239.31563,0
1769409900000,1.8802,1.8825,1.8801,1.8802,211852.6,1769409959999,398580.97766,1019,121637.5,228858.65307,0
1769409960000,1.8801,1.8812,1.8792,1.8808,420887.8,1769410019999,791337.50635,1227,145855.8,274231.59457,0
1769410020000,1.8807,1.8835,1.8805,1.8826,275433.3,1769410079999,518486.01687,950,168576.3,317290.84525,0
1769410080000,1.8825,1.8829,1.8817,1.8829,143089.3,1769410139999,269311.95681,547,67237.8,126551.21788,0
1769410140000,1.8829,1.8837,1.8817,1.8836,235482.0,1769410199999,443335.93392,1002,126796.2,238735.35184,0
1769410200000,1.8835,1.8852,1.8833,1.8842,280954.4,1769410259999,529533.17765,913,157606.1,297034.15596,0
1769410260000,1.8843,1.8849,1.8840,1.8841,95801.2,1769410319999,180536.15210,564,30272.9,57048.70006,0
1769410320000,1.8840,1.8847,1.8833,1.8841,170557.5,1769410379999,321352.69112,701,52221.8,98394.99882,0
1769410380000,1.8840,1.8840,1.8819,1.8819,242744.8,1769410439999,457065.37649,788,89738.7,168983.73071,0
1769410440000,1.8820,1.8820,1.8810,1.8812,111843.3,1769410499999,210427.35096,554,16584.4,31199.42689,0
1769410500000,1.8812,1.8813,1.8804,1.8811,194260.0,1769410559999,365383.18776,642,60716.8,114196.64830,0
1769410560000,1.8811,1.8813,1.8800,1.8809,119697.2,1769410619999,225115.15187,553,59214.4,111368.37654,0
1769410620000,1.8810,1.8823,1.8806,1.8816,183580.0,1769410679999,345428.85454,556,126750.1,238499.17274,0
1769410680000,1.8817,1.8823,1.8811,1.8812,145968.9,1769410739999,274691.81006,485,75591.2,142255.15969,0
1769410740000,1.8812,1.8812,1.8793,1.8793,240046.8,1769410799999,451314.36308,907,72004.2,135359.51308,0
1769410800000,1.8794,1.8798,1.8786,1.8787,320405.1,1769410859999,602114.84586,965,35300.2,66335.64314,0
1769410860000,1.8788,1.8795,1.8774,1.8784,301028.9,1769410919999,565424.71614,1251,152088.3,285675.45655,0
1769410920000,1.8784,1.8801,1.8784,1.8797,149536.5,1769410979999,281071.12396,741,83165.4,156317.29659,0
1769410980000,1.8796,1.8807,1.8791,1.8804,154638.1,1769411039999,290745.89625,743,85241.2,160270.57040,0
1769411040000,1.8804,1.8806,1.8775,1.8775,170715.5,1769411099999,320773.61477,927,43143.2,81088.38756,0
1769411100000,1.8775,1.8781,1.8767,1.8777,191934.5,1769411159999,360324.32944,780,87479.7,164221.85488,0
1769411160000,1.8777,1.8789,1.8772,1.8785,148053.2,1769411219999,278065.97921,751,87791.0,164876.04396,0
1769411220000,1.8784,1.8794,1.8783,1.8790,98330.7,1769411279999,184747.53272,454,31843.7,59829.54778,0
1769411280000,1.8791,1.8792,1.8782,1.8787,62052.4,1769411339999,116588.86215,416,13310.7,25010.05689,0
1769411340000,1.8787,1.8789,1.8781,1.8783,48106.1,1769411399999,90365.31260,452,11520.5,21640.86034,0
1769411400000,1.8783,1.8800,1.8780,1.8797,526434.7,1769411459999,989254.89143,627,465322.5,874396.32904,0
1769411460000,1.8798,1.8800,1.8788,1.8799,68150.9,1769411519999,128078.55583,494,16927.2,31811.21056,0
1769411520000,1.8799,1.8799,1.8782,1.8782,100288.2,1769411579999,188475.37421,547,11144.6,20942.15784,0
1769411580000,1.8783,1.8805,1.8782,1.8805,154180.7,1769411639999,289820.42345,582,120864.6,227198.86156,0
1769411640000,1.8804,1.8810,1.8801,1.8802,120474.8,1769411699999,226571.09994,447,38004.5,71465.73108,0
1769411700000,1.8803,1.8803,1.8789,1.8798,156046.7,1769411759999,293286.44768,760,75539.5,141965.99634,0
1769411760000,1.8799,1.8813,1.8798,1.8812,119642.7,1769411819999,225004.47571,603,61410.7,115492.60144,0
1769411820000,1.8812,1.8825,1.8802,1.8803,191162.3,1769411879999,359644.56246,991,77108.8,145060.49665,0
1769411880000,1.8803,1.8850,1.8801,1.8821,741358.2,1769411939999,1395674.86906,2404,342067.9,643731.30492,0
1769411940000,1.8821,1.8833,1.8801,1.8803,258751.1,1769411999999,486910.77935,1161,101701.5,191389.92904,0
1769412000000,1.8803,1.8814,1.8803,1.8814,95329.8,1769412059999,179299.40997,658,47579.8,89490.10279,0
1769412060000,1.8814,1.8816,1.8809,1.8814,108877.2,1769412119999,204825.20369,608,28356.9,53346.61537,0
1769412120000,1.8814,1.8829,1.8811,1.8819,181269.0,1769412179999,341148.11142,805,118325.1,222675.60870,0
1769412180000,1.8818,1.8819,1.8811,1.8815,127286.0,1769412239999,239492.63728,489,42174.1,79348.29534,0
1769412240000,1.8816,1.8818,1.8809,1.8813,108890.1,1769412299999,204871.81600,548,35600.2,66979.85389,0
1769412300000,1.8813,1.8822,1.8808,1.8809,263138.8,1769412359999,495045.36718,687,29063.7,54685.59844,0
1769412360000,1.8808,1.8822,1.8802,1.8809,333442.9,1769412419999,627246.56339,1165,142138.3,267349.35101,0
1769412420000,1.8809,1.8810,1.8801,1.8806,199386.5,1769412479999,374983.78195,608,73122.3,137522.45980,0
1769412480000,1.8805,1.8808,1.8802,1.8804,71896.0,1769412539999,135193.05190,358,6096.1,11463.34212,0
1769412540000,1.8803,1.8803,1.8791,1.8795,218889.4,1769412599999,411422.91349,784,48285.9,90757.26880,0
1769412600000,1.8795,1.8798,1.8775,1.8776,367869.1,1769412659999,691023.77191,821,66973.8,125805.94586,0
1769412660000,1.8776,1.8784,1.8774,1.8781,227209.2,1769412719999,426703.87036,818,109657.2,205931.31724,0
1769412720000,1.8782,1.8787,1.8777,1.8779,49286.2,1769412779999,92566.23566,420,17188.6,32282.22892,0
1769412780000,1.8779,1.8779,1.8763,1.8770,171918.7,1769412839999,322685.07400,746,45638.1,85648.16633,0
1769412840000,1.8771,1.8783,1.8769,1.8769,231314.9,1769412899999,434335.95092,834,117452.4,220533.64186,0
1769412900000,1.8768,1.8804,1.8749,1.8804,2376388.1,1769412959999,4458984.14382,2708,1018005.4,1909944.94294,0
1769412960000,1.8804,1.8828,1.8804,1.8817,312448.5,1769413019999,587871.62724,1226,218965.1,411978.26094,0
1769413020000,1.8817,1.8824,1.8813,1.8814,125213.5,1769413079999,235635.21062,572,51962.1,97778.90511,0
1769413080000,1.8814,1.8852,1.8808,1.8833,2372221.9,1769413139999,4469053.21883,2176,1347563.7,2538202.23263,0
1769413140000,1.8832,1.8833,1.8814,1.8826,278791.9,1769413199999,524768.88122,839,107694.1,202696.77364,0
1769413200000,1.8826,1.8832,1.8814,1.8816,249186.3,1769413259999,469019.75645,731,114736.4,215926.05117,0
1769413260000,1.8816,1.8818,1.8808,1.8818,175490.2,1769413319999,330143.13579,517,49416.7,92965.02115,0
1769413320000,1.8818,1.8819,1.8801,1.8803,130308.7,1769413379999,245128.66873,490,20910.3,39334.98572,0
1769413380000,1.8803,1.8805,1.8801,1.8802,96529.9,1769413439999,181500.58464,324,59929.2,112681.04261,0
1769413440000,1.8802,1.8802,1.8792,1.8796,57756.8,1769413499999,108567.69375,390,12212.1,22953.82847,0
1769413500000,1.8797,1.8802,1.8797,1.8801,48556.7,1769413559999,91286.47977,270,41445.5,77917.61928,0
1769413560000,1.8802,1.8806,1.8788,1.8788,117435.5,1769413619999,220754.60848,577,20399.2,38353.67988,0
1769413620000,1.8788,1.8794,1.8788,1.8792,43764.2,1769413679999,82240.19324,322,19699.5,37016.66143,0
1769413680000,1.8792,1.8794,1.8789,1.8790,53299.8,1769413739999,100162.01898,316,10531.2,19791.00216,0
1769413740000,1.8790,1.8791,1.8784,1.8788,50973.7,1769413799999,95770.23306,411,23808.3,44732.12246,0
1769413800000,1.8788,1.8791,1.8782,1.8786,215474.6,1769413859999,404802.79650,711,46883.4,88080.47940,0
1769413860000,1.8787,1.8791,1.8785,1.8787,77320.1,1769413919999,145266.00892,455,56196.7,105578.92598,0
1769413920000,1.8787,1.8796,1.8786,1.8796,50979.4,1769413979999,95799.86160,400,49731.2,93454.02336,0
1769413980000,1.8796,1.8816,1.8795,1.8813,187758.0,1769414039999,353133.99886,727,112137.2,210858.40315,0
1769414040000,1.8813,1.8825,1.8812,1.8813,230104.7,1769414099999,433021.24957,801,99408.3,187052.16525,0
1769414100000,1.8814,1.8820,1.8805,1.8809,283928.9,1769414159999,534181.24333,926,40356.4,75922.50042,0
1769414160000,1.8809,1.8819,1.8808,1.8819,101410.5,1769414219999,190790.75619,486,50211.2,94451.75953,0
1769414220000,1.8819,1.8826,1.8816,1.8821,155864.7,1769414279999,293344.02226,600,78567.2,147862.05197,0
1769414280000,1.8820,1.8822,1.8809,1.8811,89981.7,1769414339999,169305.07874,406,10725.2,20180.19164,0
1769414340000,1.8810,1.8811,1.8809,1.8809,46973.5,1769414399999,88356.04295,323,11668.2,21948.24957,0
1769414400000,1.8810,1.8821,1.8808,1.8816,190469.7,1769414459999,358390.43082,929,51810.9,97479.46614,0
1769414460000,1.8816,1.8824,1.8812,1.8820,89101.1,1769414519999,167690.10719,600,57393.6,108018.74103,0
1769414520000,1.8820,1.8820,1.8810,1.8816,158721.1,1769414579999,298599.97299,602,90814.6,170835.19812,0
1769414580000,1.8816,1.8821,1.8809,1.8817,144139.2,1769414639999,271194.98093,663,90189.5,169689.75462,0
1769414640000,1.8817,1.8831,1.8809,1.8818,453186.2,1769414699999,852998.36051,1454,206041.3,387793.11532,0
1769414700000,1.8818,1.8839,1.8817,1.8835,704702.1,1769414759999,1327029.93135,1436,459238.1,864704.89225,0
1769414760000,1.8834,1.8843,1.8826,1.8829,348459.0,1769414819999,656242.28684,1077,175987.3,331419.48830,0
1769414820000,1.8829,1.8835,1.8822,1.8832,433065.8,1769414879999,815506.75187,887,290067.7,546233.75842,0
1769414880000,1.8831,1.8833,1.8820,1.8821,121103.0,1769414939999,227986.06579,543,21711.9,40871.82110,0
1769414940000,1.8822,1.8830,1.8817,1.8827,161767.7,1769414999999,304485.66021,634,98454.7,185305.70887,0
1769415000000,1.8827,1.8835,1.8826,1.8835,33614.3,1769415059999,63299.78491,302,20225.7,38087.37205,0
1769415060000,1.8835,1.8841,1.8827,1.8833,268029.6,1769415119999,504861.88816,1050,115852.9,218206.68870,0
1769415120000,1.8832,1.8836,1.8824,1.8836,107278.2,1769415179999,202005.26347,605,26636.0,50158.38285,0
1769415180000,1.8836,1.8836,1.8821,1.8822,172674.3,1769415239999,325139.26753,541,66997.4,126151.62144,0
1769415240000,1.8822,1.8822,1.8801,1.8801,182829.0,1769415299999,343990.23621,703,44537.3,83800.66295,0
1769415300000,1.8802,1.8815,1.8800,1.8801,258442.7,1769415359999,486035.69013,818,50201.4,94410.64046,0
1769415360000,1.8802,1.8813,1.8801,1.8811,136094.9,1769415419999,255976.71611,546,64268.8,120872.11093,0
1769415420000,1.8811,1.8812,1.8792,1.8797,504638.8,1769415479999,948661.11080,977,96478.3,181386.46430,0
1769415480000,1.8798,1.8813,1.8796,1.8813,154640.9,1769415539999,290759.99273,463,69595.8,130852.12507,0
1769415540000,1.8813,1.8824,1.8812,1.8823,150649.9,1769415599999,283508.60567,618,76797.3,144520.53645,0
1769415600000,1.8823,1.8823,1.8810,1.8820,259604.1,1769415659999,488519.34593,935,133207.0,250648.45112,0
1769415660000,1.8821,1.8846,1.8820,1.8840,430047.1,1769415719999,810122.77116,1375,282005.8,531213.79413,0
1769415720000,1.8841,1.8891,1.8841,1.8889,980138.3,1769415779999,1849798.51379,2542,645461.3,1218040.30124,0
1769415780000,1.8889,1.8974,1.8888,1.8937,4342219.8,1769415839999,8223477.15484,7064,2623365.8,4969033.34370,0
1769415840000,1.8937,1.8937,1.8886,1.8897,1119040.9,1769415899999,2116062.74843,2612,409603.0,774594.90064,0
1769415900000,1.8897,1.8906,1.8894,1.8899,297688.1,1769415959999,562602.84212,922,143587.7,271352.88647,0
1769415960000,1.8900,1.8920,1.8899,1.8920,502468.1,1769416019999,950149.51199,1114,198140.6,374714.84240,0
1769416020000,1.8921,1.8929,1.8919,1.8920,423732.7,1769416079999,801921.11502,823,109808.0,207793.56130,0
1769416080000,1.8920,1.8934,1.8919,1.8932,190937.2,1769416139999,361382.77364,536,142379.6,269464.56347,0
1769416140000,1.8931,1.8941,1.8922,1.8930,606571.7,1769416199999,1148331.54019,1149,364850.2,690741.91211,0
1769416200000,1.8929,1.8958,1.8928,1.8942,1202295.7,1769416259999,2277603.62657,2348,776752.7,1471303.56087,0
1769416260000,1.8941,1.8945,1.8937,1.8944,214488.5,1769416319999,406254.80854,667,133193.1,252281.23087,0
1769416320000,1.8943,1.8950,1.8936,1.8936,160876.1,1769416379999,304736.88625,730,74640.8,141389.11562,0
1769416380000,1.8936,1.8937,1.8913,1.8914,288933.8,1769416439999,546891.60180,1002,66694.7,126242.47504,0
1769416440000,1.8913,1.8923,1.8912,1.8921,357426.4,1769416499999,676120.89381,798,262820.5,497141.13229,0
1769416500000,1.8921,1.8922,1.8908,1.8908,255938.8,1769416559999,484064.02139,616,93786.5,177382.04417,0
1769416560000,1.8907,1.8916,1.8905,1.8912,140996.7,1769416619999,266641.55444,638,66315.1,125406.78903,0
1769416620000,1.8911,1.8912,1.8898,1.8899,69647.4,1769416679999,131654.34691,428,15074.8,28494.47076,0
1769416680000,1.8899,1.8899,1.8883,1.8889,368965.9,1769416739999,696953.14341,1129,213375.2,403014.62487,0
1769416740000,1.8889,1.8896,1.8886,1.8895,236920.2,1769416799999,447563.33341,669,158277.6,299008.27017,0
1769416800000,1.8896,1.8896,1.8889,1.8890,66353.3,1769416859999,125346.18674,350,37652.4,71126.16291,0
1769416860000,1.8890,1.8891,1.8878,1.8879,120899.3,1769416919999,228295.50230,487,28380.4,53590.98636,0
1769416920000,1.8880,1.8885,1.8877,1.8878,86897.6,1769416979999,164076.63090,518,41608.7,78565.12623,0
1769416980000,1.8878,1.8878,1.8864,1.8864,220197.2,1769417039999,415494.31454,706,102370.8,193140.07369,0
1769417040000,1.8864,1.8876,1.8863,1.8873,171237.8,1769417099999,323108.88576,476,138368.7,261077.91169,0
1769417100000,1.8873,1.8873,1.8860,1.8870,100964.3,1769417159999,190477.62110,603,57040.4,107607.41553,0
1769417160000,1.8870,1.8873,1.8863,1.8872,113524.2,1769417219999,214188.85605,511,67290.0,126955.86977,0
1769417220000,1.8873,1.8873,1.8863,1.8864,194988.1,1769417279999,367843.38604,426,81587.3,153908.14485,0
1769417280000,1.8863,1.8867,1.8862,1.8867,93800.6,1769417339999,176947.60139,267,77812.1,146786.15162,0
1769417340000,1.8867,1.8872,1.8863,1.8869,145674.5,1769417399999,274842.42093,486,105067.9,198223.45290,0
1769417400000,1.8869,1.8895,1.8865,1.8891,427201.4,1769417459999,806647.07284,989,383175.7,723506.13248,0
1769417460000,1.8890,1.8894,1.8882,1.8887,162828.6,1769417519999,307564.61447,635,28062.4,53000.09374,0
1769417520000,1.8886,1.8886,1.8871,1.8872,122153.4,1769417579999,230588.82069,654,30765.4,58075.88025,0
1769417580000,1.8872,1.8873,1.8868,1.8871,72243.4,1769417639999,136324.42391,578,36919.5,69668.20256,0
1769417640000,1.8871,1.8876,1.8829,1.8875,2211681.5,1769417699999,4169367.14626,2627,413319.9,779582.89033,0
1769417700000,1.8875,1.8877,1.8869,1.8870,84768.0,1769417759999,159986.17848,436,22840.5,43112.33070,0
1769417760000,1.8871,1.8880,1.8870,1.8871,92136.6,1769417819999,173911.48905,463,47969.7,90541.75238,0
1769417820000,1.8871,1.8875,1.8867,1.8875,81505.6,1769417879999,153798.95457,399,65947.7,124442.18835,0
1769417880000,1.8875,1.8875,1.8865,1.8875,242811.4,1769417939999,458196.67042,871,178830.2,337463.09202,0
1769417940000,1.8876,1.8885,1.8867,1.8885,525772.8,1769417999999,992420.31233,1213,401247.9,757385.83956,0
1769418000000,1.8885,1.8897,1.8875,1.8882,224467.0,1769418059999,424006.64935,1178,120255.5,227160.05456,0
1769418060000,1.8882,1.8885,1.8863,1.8867,126625.6,1769418119999,238959.12257,795,53966.1,101846.81044,0
1769418120000,1.8867,1.8869,1.8846,1.8855,400695.1,1769418179999,755488.10465,1319,219511.2,413813.09615,0
1769418180000,1.8855,1.8864,1.8837,1.8849,868632.0,1769418239999,1637475.88392,2051,488657.8,921172.56804,0
1769418240000,1.8849,1.8853,1.8844,1.8848,304180.9,1769418299999,573311.65436,877,192467.4,362755.42214,0
1769418300000,1.8847,1.8860,1.8847,1.8857,204835.5,1769418359999,386175.30118,905,127228.8,239846.30038,0
1769418360000,1.8856,1.8857,1.8844,1.8844,114115.4,1769418419999,215106.63097,569,31073.9,58578.55687,0
1769418420000,1.8844,1.8844,1.8831,1.8835,354588.9,1769418479999,667879.06668,628,182770.6,344239.26402,0
1769418480000,1.8836,1.8849,1.8833,1.8849,283045.7,1769418539999,533204.67758,708,257237.9,484592.93995,0
1769418540000,1.8849,1.8859,1.8844,1.8844,404419.4,1769418599999,762562.92767,834,250115.9,471629.48802,0
1769418600000,1.8845,1.8851,1.8841,1.8847,289998.8,1769418659999,546520.41954,658,209177.2,394200.42554,0
1769418660000,1.8846,1.8846,1.8826,1.8830,489518.4,1769418719999,921874.93352,1342,248028.9,467064.50702,0
1769418720000,1.8830,1.8836,1.8818,1.8821,571921.1,1769418779999,1076745.49746,1333,312385.8,588147.32963,0
1769418780000,1.8822,1.8832,1.8815,1.8827,490336.6,1769418839999,922954.02377,1349,185401.1,349010.56910,0
1769418840000,1.8828,1.8828,1.8811,1.8814,490277.5,1769418899999,922485.94175,966,130478.6,245491.04092,0
1769418900000,1.8814,1.8818,1.8801,1.8808,576831.6,1769418959999,1084901.93445,1210,271510.9,510652.59965,0
1769418960000,1.8807,1.8819,1.8806,1.8809,228642.2,1769419019999,430118.02103,936,160730.2,302370.60423,0
1769419020000,1.8809,1.8823,1.8809,1.8823,105888.9,1769419079999,199226.84380,528,94548.9,177890.56825,0
1769419080000,1.8823,1.8823,1.8817,1.8821,89708.3,1769419139999,168840.65175,512,40326.3,75898.02126,0
1769419140000,1.8821,1.8844,1.8821,1.8844,255780.2,1769419199999,481626.42860,846,214584.1,404058.55279,0
1769419200000,1.8844,1.8844,1.8835,1.8841,129303.5,1769419259999,243608.86084,538,48154.1,90718.17788,0
1769419260000,1.8840,1.8841,1.8826,1.8830,176724.0,1769419319999,332855.44578,651,49559.2,93340.44236,0
1769419320000,1.8830,1.8833,1.8821,1.8823,201823.2,1769419379999,379946.07878,788,153373.3,288729.16514,0
1769419380000,1.8823,1.8823,1.8814,1.8815,77734.8,1769419439999,146283.47273,468,23797.0,44785.30987,0
1769419440000,1.8814,1.8822,1.8812,1.8822,141579.0,1769419499999,266389.82647,520,74342.2,139895.29076,0
1769419500000,1.8822,1.8826,1.8810,1.8810,230220.8,1769419559999,433280.25805,868,75789.9,142654.07296,0
1769419560000,1.8811,1.8815,1.8802,1.8806,334391.4,1769419619999,628880.65120,761,128245.0,241195.92482,0
1769419620000,1.8806,1.8814,1.8806,1.8814,198524.3,1769419679999,373422.29572,601,124330.9,233863.72540,0
1769419680000,1.8814,1.8820,1.8813,1.8819,171414.8,1769419739999,322522.98472,607,135952.4,255792.52888,0
1769419740000,1.8819,1.8819,1.8812,1.8814,117474.7,1769419799999,221021.50700,412,74680.1,140500.76123,0
1769419800000,1.8815,1.8822,1.8810,1.8810,159492.8,1769419859999,300109.83105,674,97009.3,182539.01709,0
1769419860000,1.8810,1.8818,1.8801,1.8805,381556.7,1769419919999,717629.30635,997,274045.3,515424.96307,0
1769419920000,1.8805,1.8805,1.8786,1.8794,750677.3,1769419979999,1410887.10837,1593,427039.0,802562.37169,0
1769419980000,1.8794,1.8801,1.8791,1.8795,136163.2,1769420039999,255925.23956,536,107758.8,202538.37319,0
1769420040000,1.8795,1.8813,1.8793,1.8812,188277.1,1769420099999,354026.65090,787,133084.4,250229.67166,0
1769420100000,1.8812,1.8813,1.8802,1.8802,255647.6,1769420159999,480833.26870,410,32553.8,61226.04785,0
1769420160000,1.8802,1.8803,1.8788,1.8788,149302.1,1769420219999,280600.37309,491,50682.7,95250.24024,0
1769420220000,1.8788,1.8795,1.8785,1.8792,295387.3,1769420279999,555029.54940,846,170047.5,319517.91426,0
1769420280000,1.8792,1.8800,1.8791,1.8795,96433.8,1769420339999,181247.66635,561,79587.2,149583.00565,0
1769420340000,1.8795,1.8795,1.8789,1.8790,203962.3,1769420399999,383283.17907,707,142154.6,267131.71762,0
1769420400000,1.8790,1.8801,1.8790,1.8801,152159.6,1769420459999,285974.08777,714,121001.9,227418.70571,0
1769420460000,1.8802,1.8816,1.8801,1.8813,179003.6,1769420519999,336687.26801,662,135315.3,254507.34358,0
1769420520000,1.8813,1.8816,1.8811,1.8813,74535.0,1769420579999,140225.82278,425,42148.4,79294.61245,0
1769420580000,1.8813,1.8842,1.8812,1.8842,2224195.6,1769420639999,4189068.43127,1795,1274664.8,2400282.66123,0
1769420640000,1.8842,1.8842,1.8809,1.8815,307804.9,1769420699999,579480.50807,877,111970.9,210734.45024,0
1769420700000,1.8815,1.8821,1.8815,1.8818,99147.0,1769420759999,186581.68699,363,56224.4,105802.87156,0
1769420760000,1.8819,1.8829,1.8818,1.8828,122326.5,1769420819999,230282.51057,415,107976.6,203268.89940,0
1769420820000,1.8827,1.8827,1.8812,1.8816,221468.2,1769420879999,416778.74586,701,111228.3,209307.52051,0
1769420880000,1.8817,1.8817,1.8793,1.8793,290025.4,1769420939999,545417.59930,929,71507.1,134483.16793,0
1769420940000,1.8792,1.8804,1.8788,1.8801,351934.1,1769420999999,661459.72098,802,151740.2,285228.29095,0
1769421000000,1.8800,1.8801,1.8776,1.8786,445830.5,1769421059999,837517.23300,1308,248160.8,466186.73115,0
1769421060000,1.8786,1.8787,1.8759,1.8766,443904.4,1769421119999,833197.11094,1332,162876.4,305711.68990,0
1769421120000,1.8765,1.8769,1.8755,1.8769,513923.8,1769421179999,964126.69262,1005,216994.7,407122.43740,0
1769421180000,1.8768,1.8769,1.8757,1.8769,149907.8,1769421239999,281261.27477,562,84189.1,157953.52022,0
1769421240000,1.8769,1.8770,1.8761,1.8769,179856.4,1769421299999,337491.31332,670,77934.6,146249.16156,0
1769421300000,1.8768,1.8776,1.8768,1.8774,125884.3,1769421359999,236328.96980,525,79972.3,150134.40517,0
1769421360000,1.8773,1.8780,1.8772,1.8775,307248.1,1769421419999,576868.77769,644,198119.8,371967.26484,0
1769421420000,1.8775,1.8778,1.8770,1.8776,185160.9,1769421479999,347613.59549,650,90805.4,170475.53695,0
1769421480000,1.8776,1.8786,1.8775,1.8784,153041.8,1769421539999,287425.57879,486,76420.0,143514.80514,0
1769421540000,1.8784,1.8792,1.8782,1.8787,359519.7,1769421599999,675471.77332,739,261988.6,492224.27783,0
1769421600000,1.8787,1.8798,1.8785,1.8798,113104.3,1769421659999,212559.80876,535,61058.3,114740.00053,0
1769421660000,1.8798,1.8799,1.8786,1.8798,326732.1,1769421719999,614036.48183,987,142446.0,267686.49096,0
1769421720000,1.8799,1.8824,1.8799,1.8820,469352.4,1769421779999,883098.11348,1376,322062.1,605913.01712,0
1769421780000,1.8821,1.8823,1.8817,1.8819,140142.8,1769421839999,263756.06048,463,70745.5,133141.10367,0
1769421840000,1.8819,1.8840,1.8818,1.8839,102698.2,1769421899999,193340.68014,602,95598.5,179977.68529,0
1769421900000,1.8839,1.8878,1.8839,1.8873,852366.5,1769421959999,1607222.79740,1878,659429.3,1243344.57623,0
1769421960000,1.8872,1.8886,1.8872,1.8882,314167.6,1769422019999,593190.10104,1135,116890.7,220705.25949,0
1769422020000,1.8882,1.8882,1.8854,1.8863,701584.0,1769422079999,1323559.07523,1558,228818.4,431599.65924,0
1769422080000,1.8863,1.8870,1.8862,1.8865,131353.3,1769422139999,247799.74743,585,68821.4,129831.95833,0
1769422140000,1.8864,1.8872,1.8864,1.8867,143215.1,1769422199999,270231.74791,559,25917.3,48906.24008,0
1769422200000,1.8867,1.8868,1.8853,1.8858,144838.4,1769422259999,273163.30287,632,66648.5,125681.06965,0
1769422260000,1.8858,1.8864,1.8851,1.8862,138591.0,1769422319999,261339.21303,705,66650.4,125680.38498,0
1769422320000,1.8862,1.8869,1.8860,1.8867,154738.5,1769422379999,291903.58640,648,79147.4,149299.99545,0
1769422380000,1.8866,1.8869,1.8861,1.8863,104667.0,1769422439999,197452.16532,534,33552.9,63298.83395,0
1769422440000,1.8864,1.8876,1.8858,1.8870,131132.1,1769422499999,247433.25611,666,75507.1,142467.15350,0
1769422500000,1.8870,1.8879,1.8869,1.8879,65345.2,1769422559999,123333.16440,404,54529.0,102916.08904,0
1769422560000,1.8880,1.8889,1.8876,1.8885,202406.1,1769422619999,382207.83310,846,137048.6,258797.91146,0
1769422620000,1.8885,1.8885,1.8872,1.8880,123982.5,1769422679999,234057.55521,438,68220.2,128783.76168,0
1769422680000,1.8879,1.8879,1.8864,1.8873,144831.9,1769422739999,273290.92115,626,38482.7,72617.38268,0
1769422740000,1.8874,1.8875,1.8864,1.8865,90981.5,1769422799999,171659.57740,408,33986.0,64121.84666,0
1769422800000,1.8865,1.8871,1.8854,1.8855,117147.3,1769422859999,220958.26623,570,35843.1,67614.86964,0
1769422860000,1.8855,1.8856,1.8850,1.8852,130924.0,1769422919999,246829.56794,627,76657.6,144524.27178,0
1769422920000,1.8853,1.8857,1.8849,1.8849,67301.4,1769422979999,126882.07617,455,33901.6,63916.31335,0
1769422980000,1.8850,1.8850,1.8840,1.8844,198249.1,1769423039999,373566.91147,655,21708.2,40913.38299,0
1769423040000,1.8844,1.8848,1.8843,1.8845,77199.0,1769423099999,145487.51005,386,33610.6,63342.11580,0
1769423100000,1.8844,1.8861,1.8844,1.8856,149477.7,1769423159999,281818.10112,740,107808.6,203237.83223,0
1769423160000,1.8856,1.8856,1.8849,1.8854,72663.9,1769423219999,136986.19197,341,48064.7,90609.71703,0
1769423220000,1.8854,1.8868,1.8854,1.8868,238494.8,1769423279999,449849.84090,824,174087.2,328360.22301,0
1769423280000,1.8868,1.8874,1.8863,1.8873,281893.5,1769423339999,531926.10239,778,211488.2,399063.03383,0
1769423340000,1.8872,1.8874,1.8865,1.8869,145651.1,1769423399999,274842.41161,554,71104.8,134170.84795,0
1769423400000,1.8869,1.8874,1.8868,1.8873,101896.1,1769423459999,192295.25136,470,55722.2,105156.08866,0
1769423460000,1.8874,1.8878,1.8872,1.8878,101105.5,1769423519999,190825.63287,374,58108.4,109677.51448,0
1769423520000,1.8878,1.8888,1.8878,1.8881,174776.7,1769423579999,330047.42010,626,83589.4,157841.07486,0
1769423580000,1.8880,1.8882,1.8874,1.8882,80198.1,1769423639999,151403.65406,342,46826.7,88401.83445,0
1769423640000,1.8882,1.8888,1.8881,1.8888,61778.6,1769423699999,116673.08313,301,53137.5,100352.80178,0
1769423700000,1.8888,1.8900,1.8887,1.8895,424541.2,1769423759999,802212.54067,956,245495.7,463874.03698,0
1769423760000,1.8895,1.8896,1.8891,1.8892,69835.4,1769423819999,131948.21557,371,8952.9,16917.04884,0
1769423820000,1.8892,1.8892,1.8879,1.8882,250644.0,1769423879999,473315.24456,624,39100.2,73830.89689,0
1769423880000,1.8883,1.8889,1.8883,1.8889,58692.9,1769423939999,110845.76959,221,50209.7,94822.70143,0
1769423940000,1.8888,1.8889,1.8883,1.8887,125672.3,1769423999999,237349.40514,548,59161.8,111732.60996,0
1769424000000,1.8888,1.8891,1.8886,1.8891,68358.2,1769424059999,129114.71062,307,37449.4,70735.71284,0
1769424060000,1.8891,1.8895,1.8891,1.8895,66840.1,1769424119999,126280.84171,335,39090.2,73855.68833,0
1769424120000,1.8895,1.8899,1.8893,1.8894,132835.2,1769424179999,250997.91839,586,56356.2,106485.54605,0
1769424180000,1.8894,1.8894,1.8885,1.8887,88155.0,1769424239999,166517.42277,409,19583.0,36988.82858,0
1769424240000,1.8887,1.8887,1.8879,1.8880,87118.2,1769424299999,164511.93297,500,43845.7,82795.44317,0
1769424300000,1.8880,1.8888,1.8876,1.8886,110837.5,1769424359999,209279.59169,495,71608.7,135212.12280,0
1769424360000,1.8886,1.8889,1.8881,1.8888,93226.3,1769424419999,176052.98796,487,57028.6,107691.63397,0
1769424420000,1.8889,1.8890,1.8876,1.8879,94096.8,1769424479999,177688.90143,572,30172.3,56975.13547,0
1769424480000,1.8879,1.8879,1.8872,1.8876,67933.8,1769424539999,128223.89291,340,12711.6,23991.78900,0
1769424540000,1.8876,1.8876,1.8866,1.8868,178184.1,1769424599999,336231.34722,623,23011.6,43420.93793,0
1769424600000,1.8867,1.8876,1.8863,1.8876,122963.8,1769424659999,231997.02074,452,73773.3,139199.98859,0
1769424660000,1.8875,1.8881,1.8874,1.8875,114764.8,1769424719999,216647.87528,568,58789.0,110978.18326,0
1769424720000,1.8875,1.8875,1.8871,1.8872,25734.6,1769424779999,48571.55413,245,5459.7,10305.12237,0
1769424780000,1.8872,1.8872,1.8861,1.8862,56752.9,1769424839999,107086.71353,446,1722.6,3250.76982,0
1769424840000,1.8862,1.8866,1.8861,1.8865,47158.7,1769424899999,88954.66975,281,31852.0,60083.31669,0
1769424900000,1.8866,1.8866,1.8863,1.8866,96881.0,1769424959999,182764.59570,422,24473.8,46168.62930,0
1769424960000,1.8866,1.8866,1.8862,1.8864,85926.8,1769425019999,162088.13332,449,14796.7,27912.07380,0
1769425020000,1.8864,1.8865,1.8860,1.8860,67777.3,1769425079999,127848.39040,402,10027.5,18916.35342,0
1769425080000,1.8861,1.8861,1.8855,1.8856,115574.7,1769425139999,217939.44825,416,20346.0,38366.28331,0
1769425140000,1.8856,1.8862,1.8856,1.8862,190613.4,1769425199999,359500.68093,458,186162.5,351106.76373,0
1769425200000,1.8861,1.8875,1.8861,1.8874,184696.3,1769425259999,348522.36665,691,129127.1,243652.40588,0
1769425260000,1.8875,1.8889,1.8874,1.8881,241661.2,1769425319999,456279.38003,1126,98242.7,185484.98391,0
1769425320000,1.8881,1.8886,1.8881,1.8886,126063.5,1769425379999,238044.14746,546,98504.8,186005.83404,0
1769425380000,1.8886,1.8891,1.8880,1.8880,99478.2,1769425439999,187876.60219,687,50937.8,96200.95896,0
1769425440000,1.8881,1.8895,1.8881,1.8891,120738.1,1769425499999,228065.72180,567,86009.9,162455.90351,0
1769425500000,1.8890,1.8916,1.8890,1.8914,266390.8,1769425559999,503635.33713,1178,193743.7,366281.15720,0
1769425560000,1.8914,1.8928,1.8910,1.8920,402709.0,1769425619999,761942.75496,1128,135452.9,256261.53075,0
1769425620000,1.8921,1.8926,1.8916,1.8916,180395.1,1769425679999,341343.27414,643,70617.8,133625.66695,0
1769425680000,1.8916,1.8917,1.8911,1.8915,422594.5,1769425739999,799291.03248,712,254386.5,481136.67770,0
1769425740000,1.8914,1.8926,1.8914,1.8923,409625.6,1769425799999,775008.09702,945,184849.1,349698.17035,0
1769425800000,1.8922,1.8926,1.8922,1.8926,67845.9,1769425859999,128398.05232,359,38316.0,72513.33955,0
1769425860000,1.8926,1.8940,1.8926,1.8932,420161.4,1769425919999,795486.17189,1192,196563.3,372135.82068,0
1769425920000,1.8931,1.8932,1.8926,1.8926,78582.8,1769425979999,148746.87294,404,11596.3,21951.19900,0
1769425980000,1.8926,1.8926,1.8914,1.8918,169725.5,1769426039999,321083.00476,546,67068.7,126865.00225,0
1769426040000,1.8918,1.8924,1.8918,1.8921,69574.5,1769426099999,131645.22977,369,19577.0,37041.20986,0
1769426100000,1.8920,1.8921,1.8907,1.8908,183943.2,1769426159999,347902.55072,665,33950.9,64208.62744,0
1769426160000,1.8908,1.8914,1.8896,1.8910,189767.8,1769426219999,358761.18022,903,72223.7,136546.20013,0
1769426220000,1.8911,1.8915,1.8906,1.8913,81332.4,1769426279999,153807.92622,680,33916.3,64140.37018,0
1769426280000,1.8913,1.8914,1.8900,1.8900,86961.5,1769426339999,164440.00898,611,19801.7,37447.06322,0
1769426340000,1.8901,1.8912,1.8900,1.8901,73794.0,1769426399999,139517.51022,533,43990.8,83167.84730,0
1769426400000,1.8901,1.8913,1.8900,1.8908,117755.4,1769426459999,222633.56474,609,52887.2,99988.35899,0
1769426460000,1.8908,1.8915,1.8907,1.8914,47348.3,1769426519999,89549.16291,341,36700.7,69410.48784,0
1769426520000,1.8914,1.8915,1.8901,1.8905,145326.6,1769426579999,274778.26359,703,45539.4,86088.78561,0
1769426580000,1.8905,1.8908,1.8897,1.8901,112133.1,1769426639999,211976.21274,675,65708.0,124215.26563,0
1769426640000,1.8901,1.8902,1.8897,1.8897,96216.7,1769426699999,181836.93487,483,9487.1,17929.65304,0
1769426700000,1.8897,1.8898,1.8885,1.8889,159638.2,1769426759999,301573.98734,760,49146.3,92828.57821,0
1769426760000,1.8889,1.8891,1.8882,1.8883,134438.0,1769426819999,253894.95119,717,50897.5,96120.78256,0
1769426820000,1.8882,1.8891,1.8882,1.8884,177959.8,1769426879999,336102.40637,731,90524.1,170965.14220,0
1769426880000,1.8885,1.8892,1.8880,1.8884,120087.8,1769426939999,226776.73800,667,42209.7,79709.23773,0
1769426940000,1.8884,1.8887,1.8873,1.8879,261833.0,1769426999999,494335.31190,667,100038.9,188859.10817,0
1769427000000,1.8878,1.8896,1.8877,1.8894,182734.0,1769427059999,345122.75066,747,101114.2,190960.44654,0
1769427060000,1.8894,1.8909,1.8881,1.8906,287201.7,1769427119999,542555.45259,992,126735.1,239463.62217,0
1769427120000,1.8906,1.8907,1.8889,1.8898,741476.9,1769427179999,1400923.59592,1630,266938.2,504345.20324,0
1769427180000,1.8898,1.8903,1.8890,1.8891,144368.2,1769427239999,272789.55987,633,29133.0,55053.34299,0
1769427240000,1.8890,1.8892,1.8882,1.8885,127573.6,1769427299999,240949.84445,668,26602.3,50247.30765,0
1769427300000,1.8886,1.8892,1.8882,1.8890,111124.2,1769427359999,209888.90443,441,41448.5,78281.04656,0
1769427360000,1.8890,1.8892,1.8887,1.8888,109764.8,1769427419999,207334.04283,397,70472.3,133113.47364,0
1769427420000,1.8888,1.8896,1.8887,1.8890,217561.2,1769427479999,411008.85009,693,156643.3,295921.28383,0
1769427480000,1.8889,1.8890,1.8884,1.8885,78605.4,1769427539999,148462.56950,447,33353.6,62995.58672,0
1769427540000,1.8884,1.8895,1.8884,1.8895,119084.6,1769427599999,224964.14462,433,93852.8,177298.61670,0
1769427600000,1.8895,1.8904,1.8894,1.8903,182099.0,1769427659999,344129.08424,662,96803.2,182938.29759,0
1769427660000,1.8902,1.8906,1.8898,1.8906,140627.2,1769427719999,265810.93838,441,94453.3,178537.57752,0
1769427720000,1.8906,1.8908,1.8905,1.8906,41451.7,1769427779999,78370.20559,236,20607.6,38960.75268,0
1769427780000,1.8905,1.8908,1.8897,1.8897,86370.4,1769427839999,163253.59929,498,12040.1,22758.32019,0
1769427840000,1.8896,1.8901,1.8896,1.8901,64353.8,1769427899999,121624.11419,219,50234.5,94940.03857,0
1769427900000,1.8900,1.8904,1.8896,1.8897,103979.2,1769427959999,196523.93738,542,37134.8,70188.78235,0
1769427960000,1.8897,1.8905,1.8890,1.8905,105380.1,1769428019999,199120.07897,569,61091.5,115441.58856,0
1769428020000,1.8904,1.8904,1.8896,1.8901,72386.4,1769428079999,136801.38146,410,37995.0,71803.47919,0
1769428080000,1.8901,1.8903,1.8900,1.8903,34085.2,1769428139999,64427.22053,248,25474.0,48150.70391,0
1769428140000,1.8903,1.8903,1.8891,1.8894,202661.7,1769428199999,382942.36182,691,116775.3,220641.75668,0
1769428200000,1.8894,1.8909,1.8893,1.8909,72829.3,1769428259999,137647.16066,493,62998.0,119069.81905,0
1769428260000,1.8909,1.8914,1.8905,1.8913,222142.5,1769428319999,420079.71968,722,82575.3,156149.97374,0
1769428320000,1.8913,1.8913,1.8900,1.8902,87935.4,1769428379999,166252.80744,468,20731.6,39188.55552,0
1769428380000,1.8902,1.8904,1.8898,1.8899,56148.8,1769428439999,106134.46816,384,19487.9,36837.54169,0
1769428440000,1.8899,1.8899,1.8894,1.8895,76319.9,1769428499999,144213.11088,363,24939.9,47125.67684,0
1769428500000,1.8895,1.8905,1.8895,1.8905,61092.6,1769428559999,115466.47460,378,42809.6,80911.59018,0
1769428560000,1.8905,1.8912,1.8904,1.8908,80498.3,1769428619999,152198.18868,494,27721.3,52413.83075,0
1769428620000,1.8909,1.8912,1.8907,1.8907,49142.6,1769428679999,92920.86694,330,30917.7,58461.15353,0
1769428680000,1.8907,1.8912,1.8907,1.8911,63759.8,1769428739999,120570.64545,327,35200.0,66563.43696,0
1769428740000,1.8911,1.8911,1.8907,1.8908,25321.7,1769428799999,47880.41864,316,7039.3,13310.66889,0
1769428800000,1.8907,1.8932,1.8907,1.8928,440940.4,1769428859999,834430.59318,1238,281014.4,531774.84054,0
1769428860000,1.8928,1.8952,1.8928,1.8950,319082.6,1769428919999,604412.86539,997,236285.2,447544.40503,0
1769428920000,1.8950,1.8991,1.8949,1.8990,1058435.5,1769428979999,2008100.54247,2653,710450.0,1347776.70474,0
1769428980000,1.8989,1.8991,1.8982,1.8991,775497.7,1769429039999,1472437.70521,1475,327013.7,620899.05526,0
1769429040000,1.8990,1.8992,1.8983,1.8987,542007.3,1769429099999,1029117.81449,884,223300.4,423992.72460,0
1769429100000,1.8988,1.9011,1.8987,1.8998,1249307.6,1769429159999,2373863.17362,2530,772670.3,1468164.11410,0
1769429160000,1.8998,1.9007,1.8969,1.8987,1065071.3,1769429219999,2022013.17674,2400,285159.2,541383.89982,0
1769429220000,1.8988,1.8990,1.8974,1.8976,305107.5,1769429279999,579128.98591,978,133524.8,253451.22234,0
1769429280000,1.8976,1.8976,1.8946,1.8953,1781694.1,1769429339999,3377748.66617,3097,421973.3,799889.90355,0
1769429340000,1.8953,1.8958,1.8937,1.8937,312027.9,1769429399999,591156.24338,1039,76233.8,144441.62681,0
1769429400000,1.8937,1.8954,1.8936,1.8948,355331.0,1769429459999,673148.13016,983,267008.8,505781.13931,0
1769429460000,1.8948,1.8958,1.8947,1.8958,286921.2,1769429519999,543777.63815,829,154692.7,293183.18488,0
1769429520000,1.8958,1.8966,1.8957,1.8965,115134.2,1769429579999,218338.98665,536,67046.4,127144.78105,0
1769429580000,1.8965,1.8982,1.8964,1.8981,157061.4,1769429639999,298019.36294,666,120326.9,228318.19077,0
1769429640000,1.8982,1.8994,1.8981,1.8982,180449.9,1769429699999,342623.65859,777,56860.2,107962.03473,0
1769429700000,1.8982,1.9003,1.8982,1.9001,289723.1,1769429759999,550332.41876,1121,156065.1,296438.85469,0
1769429760000,1.9001,1.9012,1.8996,1.9003,634007.9,1769429819999,1204780.48150,1530,446624.2,848692.43059,0
1769429820000,1.9003,1.9004,1.8998,1.9003,201459.4,1769429879999,382790.67172,740,84944.6,161403.87554,0
1769429880000,1.9004,1.9004,1.8982,1.8988,233940.9,1769429939999,444320.70796,954,52638.8,99949.26107,0
1769429940000,1.8988,1.8988,1.8971,1.8986,482681.0,1769429999999,916072.32229,1459,236218.3,448317.86646,0
1769430000000,1.8987,1.8990,1.8979,1.8984,320105.4,1769430059999,607738.30067,1124,106275.7,201760.42630,0
1769430060000,1.8984,1.8985,1.8967,1.8967,234094.9,1769430119999,444278.04278,1028,84948.8,161221.37800,0
1769430120000,1.8967,1.8970,1.8955,1.8956,171796.2,1769430179999,325741.04178,827,52739.3,99995.71287,0
1769430180000,1.8955,1.8955,1.8946,1.8948,272342.3,1769430239999,516114.37431,1006,90969.7,172407.09446,0
1769430240000,1.8949,1.8950,1.8944,1.8944,174555.5,1769430299999,330733.80022,634,60764.1,115135.75427,0
1769430300000,1.8944,1.8945,1.8936,1.8941,293525.6,1769430359999,555971.87146,974,80485.1,152454.57371,0
1769430360000,1.8941,1.8947,1.8941,1.8943,92915.3,1769430419999,176019.17770,666,56657.4,107331.64668,0
1769430420000,1.8943,1.8949,1.8940,1.8942,107647.8,1769430479999,203925.91472,730,40524.5,76767.54872,0
1769430480000,1.8942,1.8942,1.8937,1.8938,38968.8,1769430539999,73809.76326,552,14853.0,28134.33033,0
1769430540000,1.8938,1.8938,1.8936,1.8937,39355.0,1769430599999,74524.24571,473,20671.5,39144.23635,0
1769430600000,1.8937,1.8947,1.8936,1.8937,396425.2,1769430659999,750886.91245,965,290901.7,551013.21390,0
1769430660000,1.8936,1.8940,1.8933,1.8936,198813.2,1769430719999,376475.86461,699,71491.9,135391.93458,0
1769430720000,1.8936,1.8938,1.8932,1.8938,155807.1,1769430779999,295024.36683,654,55990.8,106023.66778,0
1769430780000,1.8938,1.8944,1.8936,1.8941,69861.6,1769430839999,132325.59335,622,44127.7,83584.63418,0
1769430840000,1.8941,1.8953,1.8941,1.8950,108032.4,1769430899999,204696.85312,904,62842.2,119065.70085,0
1769430900000,1.8950,1.8968,1.8949,1.8961,425298.5,1769430959999,806414.29520,1177,277813.1,526771.73235,0
1769430960000,1.8960,1.8964,1.8957,1.8958,156692.9,1769431019999,297115.46041,641,28553.5,54142.91536,0
1769431020000,1.8958,1.8958,1.8949,1.8954,133766.6,1769431079999,253529.18924,522,47159.1,89374.44020,0
1769431080000,1.8954,1.8954,1.8940,1.8945,185906.4,1769431139999,352184.08732,555,55740.4,105600.94388,0
1769431140000,1.8945,1.8948,1.8938,1.8948,156403.8,1769431199999,296239.09998,587,95395.2,180685.65434,0
1769431200000,1.8948,1.8951,1.8941,1.8948,89056.7,1769431259999,168738.87922,525,46834.5,88742.41426,0
1769431260000,1.8948,1.8949,1.8938,1.8942,124277.4,1769431319999,235413.95905,616,33151.7,62801.99826,0
1769431320000,1.8941,1.8945,1.8941,1.8945,109367.3,1769431379999,207179.70450,408,56041.4,106162.55685,0
1769431380000,1.8945,1.8945,1.8941,1.8942,154315.2,1769431439999,292312.99941,419,73672.7,139559.43048,0
1769431440000,1.8941,1.8943,1.8938,1.8940,94215.1,1769431499999,178448.15451,531,53455.7,101247.50920,0
1769431500000,1.8939,1.8950,1.8939,1.8950,256253.2,1769431559999,485457.01750,1007,141039.1,267189.56685,0
1769431560000,1.8950,1.8967,1.8949,1.8964,286331.3,1769431619999,542853.24639,1088,141133.4,267560.36054,0
1769431620000,1.8964,1.8964,1.8958,1.8963,52056.4,1769431679999,98706.96208,613,31916.0,60519.13712,0
1769431680000,1.8963,1.8965,1.8956,1.8965,124792.7,1769431739999,236599.41902,818,85378.9,161876.95023,0
1769431740000,1.8965,1.8965,1.8956,1.8957,64660.2,1769431799999,122589.27121,512,5943.0,11267.86796,0
1769431800000,1.8957,1.8957,1.8954,1.8957,48845.7,1769431859999,92586.73947,475,18616.7,35288.22397,0
1769431860000,1.8957,1.8962,1.8956,1.8962,80398.5,1769431919999,152434.05562,462,69949.8,132622.75803,0
1769431920000,1.8962,1.8962,1.8957,1.8961,160757.3,1769431979999,304787.34404,646,46320.3,87823.45374,0
1769431980000,1.8962,1.8970,1.8961,1.8966,131654.4,1769432039999,249678.02224,669,73845.5,140041.85033,0
1769432040000,1.8966,1.8974,1.8964,1.8972,75261.5,1769432099999,142753.72156,619,47422.4,89948.58204,0
1769432100000,1.8971,1.8975,1.8969,1.8975,156243.0,1769432159999,296412.43407,687,130107.5,246831.37408,0
1769432160000,1.8975,1.8982,1.8974,1.8980,106231.6,1769432219999,201623.25953,671,50379.5,95614.84954,0
1769432220000,1.8981,1.8983,1.8976,1.8981,138111.0,1769432279999,262126.79745,660,47175.9,89534.41283,0
1769432280000,1.8981,1.8984,1.8977,1.8984,146068.7,1769432339999,277236.21624,663,99926.1,189653.40207,0
1769432340000,1.8983,1.8987,1.8983,1.8984,83246.5,1769432399999,158041.57173,562,30729.9,58340.03038,0
1769432400000,1.8984,1.8992,1.8980,1.8983,280185.2,1769432459999,531954.53286,1045,147355.3,279775.97162,0
1769432460000,1.8982,1.9000,1.8982,1.8998,284319.3,1769432519999,540014.89064,908,146398.1,278046.74972,0
1769432520000,1.8999,1.9005,1.8980,1.8982,301866.4,1769432579999,573277.82874,1204,106139.2,201547.09913,0
1769432580000,1.8983,1.8995,1.8982,1.8987,213286.1,1769432639999,404980.72898,963,93222.2,177005.07395,0
1769432640000,1.8986,1.8990,1.8968,1.8980,222950.6,1769432699999,423092.36837,1069,48338.8,91732.86107,0
1769432700000,1.8979,1.8999,1.8973,1.8997,165776.5,1769432759999,314751.26767,975,79735.5,151394.62979,0
1769432760000,1.8997,1.9005,1.8992,1.9001,332099.7,1769432819999,630946.35737,1205,145747.8,276903.98416,0
1769432820000,1.9000,1.9000,1.8986,1.8991,158162.3,1769432879999,300371.98303,846,53697.8,101978.82259,0
1769432880000,1.8992,1.8992,1.8980,1.8981,77093.8,1769432939999,146355.07487,678,39467.3,74922.48304,0
1769432940000,1.8981,1.8981,1.8974,1.8976,158255.4,1769432999999,300323.47784,778,62607.9,118809.51404,0
1769433000000,1.8976,1.8990,1.8976,1.8990,229737.3,1769433059999,436178.58866,810,175885.4,333932.92689,0
1769433060000,1.8990,1.9002,1.8989,1.9000,284531.2,1769433119999,540533.37297,853,145973.1,277272.87715,0
1769433120000,1.9000,1.9010,1.8998,1.9007,136699.8,1769433179999,259776.07181,663,84192.6,159999.82466,0
1769433180000,1.9007,1.9042,1.9006,1.9041,1178213.3,1769433239999,2242192.94764,2736,931047.8,1771853.77905,0
1769433240000,1.9041,1.9050,1.9023,1.9029,1087904.2,1769433299999,2070960.44158,2390,543459.8,1034709.12825,0
1769433300000,1.9029,1.9043,1.9024,1.9029,346252.9,1769433359999,659027.34605,1332,199554.5,379858.12031,0
1769433360000,1.9028,1.9034,1.9026,1.9032,247455.9,1769433419999,470926.21551,1062,132810.5,252755.86246,0
1769433420000,1.9033,1.9071,1.9032,1.9068,760322.8,1769433479999,1448712.17580,2278,639294.3,1218063.74333,0
1769433480000,1.9069,1.9092,1.9068,1.9087,477130.5,1769433539999,910396.98732,2190,327209.0,624328.71292,0
1769433540000,1.9086,1.9089,1.9065,1.9071,565466.3,1769433599999,1078495.75361,1845,261765.0,499216.34555,0
1769433600000,1.9071,1.9098,1.9067,1.9088,557470.9,1769433659999,1063891.79306,1737,355813.6,679047.84441,0
1769433660000,1.9089,1.9103,1.9085,1.9100,982146.8,1769433719999,1875361.08728,2318,659529.3,1259395.86630,0
1769433720000,1.9100,1.9102,1.9077,1.9093,1046649.8,1769433779999,1998082.76772,1956,286037.2,546172.51097,0
1769433780000,1.9092,1.9102,1.9091,1.9101,185099.9,1769433839999,353478.40942,849,127133.5,242792.46233,0
1769433840000,1.9101,1.9137,1.9100,1.9134,1742544.1,1769433899999,3332847.48645,3406,1210544.7,2315179.36887,0
1769433900000,1.9134,1.9160,1.9133,1.9146,1283207.9,1769433959999,2457170.48261,3051,712755.5,1364838.08443,0
1769433960000,1.9146,1.9159,1.9144,1.9152,806412.0,1769434019999,1544363.33842,1685,398772.5,763697.48080,0
1769434020000,1.9152,1.9152,1.9130,1.9142,1193593.9,1769434079999,2284866.79960,2432,646240.1,1237056.46530,0
1769434080000,1.9143,1.9143,1.9113,1.9113,496555.7,1769434139999,949799.10498,1587,108694.1,207863.65857,0
1769434140000,1.9113,1.9119,1.9108,1.9119,451827.5,1769434199999,863636.04309,1525,151340.7,289281.42809,0
1769434200000,1.9118,1.9119,1.9109,1.9113,340737.0,1769434259999,651319.31557,1391,161184.2,308099.36976,0
1769434260000,1.9113,1.9130,1.9110,1.9123,358294.8,1769434319999,684984.64928,1410,237061.7,453186.82360,0
1769434320000,1.9123,1.9139,1.9118,1.9123,567935.2,1769434379999,1086281.82621,1837,225539.2,431413.37567,0
1769434380000,1.9123,1.9128,1.9110,1.9112,561249.9,1769434439999,1072984.03350,1779,242625.6,463850.43693,0
1769434440000,1.9113,1.9128,1.9111,1.9121,466400.6,1769434499999,891738.50585,1460,236456.4,452104.15089,0
1769434500000,1.9122,1.9124,1.9105,1.9109,210595.2,1769434559999,402510.32318,957,104043.1,198860.69112,0
1769434560000,1.9110,1.9116,1.9107,1.9109,235112.5,1769434619999,449319.75973,952,131320.9,250973.22465,0
1769434620000,1.9110,1.9110,1.9074,1.9087,836221.9,1769434679999,1595908.33891,2470,262859.4,501643.84569,0
1769434680000,1.9088,1.9088,1.9061,1.9061,269298.7,1769434739999,513624.78227,1306,72611.4,138527.07907,0
1769434740000,1.9061,1.9073,1.9055,1.9068,388124.8,1769434799999,739937.66029,1635,206306.1,393296.24246,0
1769434800000,1.9068,1.9080,1.9060,1.9075,198486.9,1769434859999,378506.76501,1283,81731.9,155870.67797,0
1769434860000,1.9076,1.9088,1.9071,1.9077,171237.9,1769434919999,326716.73553,954,78789.5,150337.44547,0
1769434920000,1.9078,1.9088,1.9073,1.9080,172847.8,1769434979999,329773.33453,947,128219.5,244630.40674,0
1769434980000,1.9080,1.9080,1.9071,1.9074,115619.6,1769435039999,220542.46246,623,44361.0,84611.49368,0
1769435040000,1.9074,1.9078,1.9070,1.9076,151905.5,1769435099999,289736.23860,686,50620.4,96549.41662,0
1769435100000,1.9076,1.9076,1.9064,1.9065,123502.8,1769435159999,235537.12672,717,23064.2,43992.44651,0
1769435160000,1.9065,1.9065,1.9012,1.9059,2618845.8,1769435219999,4985798.10782,3409,521040.1,992170.30857,0
1769435220000,1.9059,1.9061,1.9045,1.9050,410223.8,1769435279999,781626.00998,1062,125192.0,238543.63052,0
1769435280000,1.9049,1.9050,1.9038,1.9039,218197.2,1769435339999,415553.14747,686,123268.5,234760.51243,0
1769435340000,1.9039,1.9039,1.9016,1.9016,434729.3,1769435399999,827226.81104,1406,219691.8,418037.82327,0
1769435400000,1.9015,1.9030,1.9015,1.9026,376522.0,1769435459999,716244.57534,1187,224118.2,426337.89476,0
1769435460000,1.9026,1.9026,1.9018,1.9020,185243.8,1769435519999,352369.45090,884,102843.8,195626.41890,0
1769435520000,1.9020,1.9022,1.9009,1.9016,686951.6,1769435579999,1306333.72956,1574,261248.9,496814.12580,0
1769435580000,1.9016,1.9034,1.9016,1.9028,336187.1,1769435639999,639689.68075,1114,200074.0,380672.66143,0
1769435640000,1.9028,1.9033,1.9020,1.9029,280330.5,1769435699999,533451.89267,838,220629.6,419851.50620,0
1769435700000,1.9030,1.9042,1.9027,1.9039,408936.2,1769435759999,778451.58114,937,339655.1,646552.79328,0
1769435760000,1.9040,1.9045,1.9037,1.9039,211688.2,1769435819999,403086.49817,810,131151.8,249738.87323,0
1769435820000,1.9039,1.9073,1.9038,1.9065,1920210.8,1769435879999,3659389.28744,1843,944265.0,1799233.74974,0
1769435880000,1.9065,1.9065,1.9051,1.9055,557438.1,1769435939999,1062378.85899,907,154463.9,294342.44637,0
1769435940000,1.9055,1.9060,1.9052,1.9054,202807.2,1769435999999,386441.79415,774,170453.1,324794.29399,0
1769436000000,1.9053,1.9064,1.9051,1.9058,433391.9,1769436059999,825929.06141,1349,289949.3,552536.27779,0
1769436060000,1.9057,1.9081,1.9053,1.9080,444478.7,1769436119999,847328.31074,1454,307409.5,586046.55071,0
1769436120000,1.9080,1.9101,1.9070,1.9098,512974.1,1769436179999,978980.63692,1925,339359.3,647592.82844,0
1769436180000,1.9098,1.9111,1.9094,1.9111,539191.7,1769436239999,1029959.85752,1695,410958.1,785012.32092,0
1769436240000,1.9111,1.9111,1.9099,1.9101,366702.8,1769436299999,700593.02074,1364,196648.3,375707.98845,0
1769436300000,1.9101,1.9122,1.9082,1.9121,481661.6,1769436359999,920120.72346,1966,348271.5,665313.15701,0
1769436360000,1.9122,1.9147,1.9119,1.9139,566323.9,1769436419999,1083536.56819,2191,363470.9,695390.09367,0
1769436420000,1.9139,1.9139,1.9117,1.9129,426809.4,1769436479999,816278.94082,1460,228144.8,436322.95444,0
1769436480000,1.9129,1.9136,1.9126,1.9128,250267.4,1769436539999,478833.60102,894,118638.8,226992.93411,0
1769436540000,1.9128,1.9129,1.9105,1.9111,517024.2,1769436599999,988459.35872,1690,231697.1,442919.72177,0
1769436600000,1.9112,1.9121,1.9078,1.9078,1227952.5,1769436659999,2344624.35174,3109,382670.8,730565.74521,0
1769436660000,1.9078,1.9087,1.9055,1.9073,1340478.0,1769436719999,2556268.90095,2880,629334.4,1200054.36806,0
1769436720000,1.9074,1.9097,1.9065,1.9075,1035106.7,1769436779999,1974642.77017,2699,524738.3,1000943.50290,0
1769436780000,1.9074,1.9107,1.9068,1.9080,833452.2,1769436839999,1590779.30701,2280,323226.4,616827.95193,0
1769436840000,1.9081,1.9104,1.9081,1.9098,424029.6,1769436899999,809748.71650,1461,269448.0,514520.84118,0
1769436900000,1.9098,1.9174,1.9088,1.9161,1051571.5,1769436959999,2012250.31730,3135,789355.6,1510354.09951,0
1769436960000,1.9161,1.9166,1.9128,1.9128,776166.1,1769437019999,1486636.48080,2142,292653.8,560563.82710,0
1769437020000,1.9128,1.9128,1.9100,1.9113,660570.1,1769437079999,1262364.66143,1813,291903.0,557841.67795,0
1769437080000,1.9113,1.9130,1.9109,1.9117,320148.8,1769437139999,612114.34393,1164,184785.6,353288.56181,0
1769437140000,1.9116,1.9128,1.9109,1.9120,356832.8,1769437199999,682283.82493,1113,215784.4,412575.97471,0
1769437200000,1.9121,1.9122,1.9081,1.9089,1736669.3,1769437259999,3316247.34818,2873,301876.2,576596.48100,0
1769437260000,1.9088,1.9088,1.9055,1.9074,1630092.0,1769437319999,3108796.52799,2539,473074.0,901987.55710,0
1769437320000,1.9073,1.9081,1.9067,1.9067,213423.0,1769437379999,407079.37713,859,137366.5,262003.93298,0
1769437380000,1.9068,1.9081,1.9064,1.9067,699059.9,1769437439999,1333139.42400,1031,572210.9,1091240.99906,0
1769437440000,1.9067,1.9074,1.9066,1.9068,174253.6,1769437499999,332325.27492,641,105979.6,202116.47554,0
1769437500000,1.9068,1.9079,1.9048,1.9052,381260.6,1769437559999,726575.38864,1343,164482.1,313453.32023,0
1769437560000,1.9052,1.9063,1.9052,1.9055,182536.7,1769437619999,347896.79339,788,88352.1,168394.66643,0
1769437620000,1.9056,1.9073,1.9051,1.9068,436766.6,1769437679999,832512.46461,1237,220764.7,420772.43369,0
1769437680000,1.9068,1.9073,1.9052,1.9052,127143.6,1769437739999,242410.84232,764,56005.2,106790.02105,0
1769437740000,1.9052,1.9054,1.9041,1.9050,619519.0,1769437799999,1180021.88024,1345,319102.0,607776.56488,0
1769437800000,1.9050,1.9053,1.9002,1.9027,2066626.9,1769437859999,3931308.23129,4756,1010852.3,1922969.27121,0
1769437860000,1.9026,1.9041,1.9004,1.9039,882070.0,1769437919999,1677795.98800,3240,493462.6,938651.58168,0
1769437920000,1.9038,1.9046,1.9012,1.9033,1093073.9,1769437979999,2080228.87946,3341,758809.9,1444108.87078,0
1769437980000,1.9033,1.9040,1.8999,1.9033,1433371.7,1769438039999,2726042.58276,3792,578989.7,1101389.93759,0
1769438040000,1.9032,1.9138,1.9023,1.9114,3566978.6,1769438099999,6814661.23749,6971,2554051.1,4879493.16399,0
1769438100000,1.9115,1.9211,1.9112,1.9210,3769845.4,1769438159999,7227768.20108,8943,2442451.4,4682993.82583,0
1769438160000,1.9210,1.9247,1.9193,1.9199,3003265.9,1769438219999,5772427.39311,8330,1686039.7,3240788.62206,0
1769438220000,1.9198,1.9215,1.9170,1.9176,2425561.1,1769438279999,4656072.99832,5046,889624.2,1707835.57079,0
1769438280000,1.9177,1.9209,1.9158,1.9197,1191285.0,1769438339999,2285961.86262,3210,574027.2,1101500.76063,0
1769438340000,1.9196,1.9204,1.9169,1.9181,758553.1,1769438399999,1455703.39280,2501,425219.2,816021.90687,0
1769438400000,1.9181,1.9208,1.9161,1.9200,751753.6,1769438459999,1441988.37047,2815,402499.2,772168.02855,0
1769438460000,1.9200,1.9280,1.9194,1.9235,2235490.2,1769438519999,4301179.41860,5633,1326262.3,2552405.56824,0
1769438520000,1.9234,1.9247,1.9178,1.9214,1764400.8,1769438579999,3389897.35859,5056,911686.5,1751738.47712,0
1769438580000,1.9215,1.9220,1.9165,1.9165,791542.3,1769438639999,1518824.05333,2841,359095.7,688997.59319,0
1769438640000,1.9166,1.9189,1.9153,1.9182,723613.1,1769438699999,1387437.84736,2352,289626.1,555327.82149,0
1769438700000,1.9181,1.9199,1.9175,1.9184,1284899.3,1769438759999,2465290.44970,2602,769619.0,1476697.74239,0
1769438760000,1.9184,1.9194,1.9171,1.9180,612463.4,1769438819999,1174906.27464,2210,347501.1,666614.99511,0
1769438820000,1.9181,1.9184,1.9132,1.9150,1153434.8,1769438879999,2208777.35028,3133,527259.7,1009597.65474,0
1769438880000,1.9151,1.9176,1.9131,1.9175,433038.4,1769438939999,829411.44415,2050,245672.1,470541.40952,0
1769438940000,1.9175,1.9181,1.9140,1.9144,718928.9,1769438999999,1377808.19338,2243,428456.8,821273.29194,0
1769439000000,1.9144,1.9163,1.9115,1.9157,1319694.1,1769439059999,2525159.71800,3046,529553.2,1013421.68530,0
1769439060000,1.9156,1.9157,1.9125,1.9141,717528.6,1769439119999,1373553.45736,2275,343017.3,656659.13965,0
1769439120000,1.9140,1.9145,1.9114,1.9129,1007316.2,1769439179999,1927306.89078,2390,497446.2,951833.33816,0
1769439180000,1.9129,1.9134,1.9105,1.9115,618552.6,1769439239999,1182454.80841,2171,305467.1,583951.87867,0
1769439240000,1.9114,1.9138,1.9107,1.9129,403319.6,1769439299999,771259.12071,1687,267185.8,510916.06584,0
1769439300000,1.9128,1.9140,1.9115,1.9120,412683.4,1769439359999,789184.18383,1327,254731.0,487087.28641,0
1769439360000,1.9120,1.9135,1.9107,1.9127,549567.2,1769439419999,1050745.15638,1832,351669.4,672384.84442,0
1769439420000,1.9128,1.9180,1.9127,1.9174,852420.9,1769439479999,1632296.89903,2172,705928.0,1351782.18324,0
1769439480000,1.9173,1.9196,1.9171,1.9186,543186.2,1769439539999,1041991.01890,2036,391476.8,750950.92192,0
1769439540000,1.9186,1.9200,1.9183,1.9189,495461.0,1769439599999,950863.57420,1902,252784.3,485122.13757,0
1769439600000,1.9189,1.9200,1.9174,1.9183,585312.3,1769439659999,1123047.86162,2310,293727.5,563573.11860,0
1769439660000,1.9184,1.9191,1.9129,1.9143,528863.4,1769439719999,1013004.67337,2493,207123.9,396802.01825,0
1769439720000,1.9142,1.9147,1.9133,1.9139,332182.5,1769439779999,635766.00708,1716,170441.1,326211.62126,0
1769439780000,1.9139,1.9168,1.9130,1.9144,838193.1,1769439839999,1605499.27424,2689,608824.3,1166192.89235,0
1769439840000,1.9145,1.9155,1.9142,1.9149,251491.6,1769439899999,481505.14521,1127,172715.8,330669.10323,0
1769439900000,1.9148,1.9159,1.9128,1.9143,370474.6,1769439959999,709377.22782,2008,140981.9,269917.13336,0
1769439960000,1.9143,1.9170,1.9143,1.9165,416697.8,1769440019999,798410.22990,1919,265501.1,508705.08621,0
1769440020000,1.9164,1.9181,1.9154,1.9174,410291.2,1769440079999,786513.11653,1604,151011.7,289494.73515,0
1769440080000,1.9175,1.9192,1.9175,1.9182,370017.3,1769440139999,709790.14790,1615,158600.9,304250.62052,0
1769440140000,1.9181,1.9181,1.9150,1.9169,274682.8,1769440199999,526518.15248,1551,107537.7,206109.50043,0
1769440200000,1.9168,1.9370,1.9163,1.9345,8012645.4,1769440259999,15436410.91930,14124,5447447.2,10492267.75131,0
1769440260000,1.9344,1.9391,1.9314,1.9316,3428527.6,1769440319999,6635114.55139,9165,1392313.8,2695326.34896,0
1769440320000,1.9317,1.9320,1.9265,1.9295,2062711.5,1769440379999,3978426.30429,4382,1208703.9,2331290.12885,0
1769440380000,1.9296,1.9353,1.9294,1.9342,1358162.2,1769440439999,2624019.59964,3871,810899.1,1566510.87694,0
1769440440000,1.9343,1.9411,1.9337,1.9402,2591359.3,1769440499999,5022788.94924,5390,1510620.4,2928159.27884,0
1769440500000,1.9401,1.9454,1.9398,1.9409,2720933.0,1769440559999,5285454.38877,7356,1631900.2,3170079.17792,0
1769440560000,1.9408,1.9408,1.9341,1.9377,1314290.8,1769440619999,2545525.72949,4824,567372.5,1098759.39955,0
1769440620000,1.9377,1.9425,1.9376,1.9384,1439001.7,1769440679999,2791911.06339,4008,874441.7,1696872.46271,0
1769440680000,1.9384,1.9394,1.9370,1.9370,513997.1,1769440739999,996318.69110,2262,148958.4,288746.64426,0
1769440740000,1.9370,1.9371,1.9347,1.9363,482615.6,1769440799999,934222.23087,2686,198294.5,383871.65449,0
1769440800000,1.9363,1.9367,1.9311,1.9331,1545656.6,1769440859999,2987508.85529,4553,498423.5,963439.86844,0
1769440860000,1.9332,1.9370,1.9328,1.9365,1192012.9,1769440919999,2306782.68314,2735,695077.7,1344840.20952,0
1769440920000,1.9365,1.9368,1.9337,1.9347,596184.0,1769440979999,1153619.09236,2180,173303.7,335288.44405,0
1769440980000,1.9346,1.9363,1.9336,1.9361,545063.5,1769441039999,1054614.40731,1919,233018.0,450878.68344,0
1769441040000,1.9361,1.9368,1.9301,1.9312,610937.4,1769441099999,1180800.37934,2701,224140.1,433242.37502,0
1769441100000,1.9311,1.9311,1.9281,1.9302,804699.3,1769441159999,1552566.91039,2785,336248.3,648681.29247,0
1769441160000,1.9302,1.9318,1.9298,1.9308,406998.7,1769441219999,785860.86976,1834,212010.5,409369.39029,0
1769441220000,1.9308,1.9312,1.9290,1.9305,458795.1,1769441279999,885472.78111,1951,177461.9,342482.58470,0
1769441280000,1.9306,1.9306,1.9279,1.9290,491053.0,1769441339999,947223.86958,1947,157411.5,303667.96259,0
1769441340000,1.9290,1.9311,1.9290,1.9309,561246.6,1769441399999,1083278.38351,1712,389957.6,752677.05251,0
1769441400000,1.9309,1.9314,1.9271,1.9290,873144.5,1769441459999,1684094.52902,2938,238330.7,459672.40991,0
1769441460000,1.9291,1.9321,1.9271,1.9281,948521.9,1769441519999,1830652.07477,2976,591235.1,1141190.76862,0
1769441520000,1.9282,1.9290,1.9240,1.9268,1537759.3,1769441579999,2961480.02823,3348,341264.3,657316.56806,0
1769441580000,1.9268,1.9293,1.9261,1.9262,757530.1,1769441639999,1460222.85189,2546,371386.4,715900.96504,0
1769441640000,1.9262,1.9278,1.9253,1.9254,448467.0,1769441699999,864103.61846,1951,156338.7,301241.30878,0
1769441700000,1.9253,1.9253,1.9210,1.9233,1160979.0,1769441759999,2231955.33737,3711,490965.9,943803.51025,0
1769441760000,1.9233,1.9259,1.9230,1.9239,769469.3,1769441819999,1480619.09297,2572,325968.0,627190.00627,0
1769441820000,1.9239,1.9253,1.9237,1.9240,493525.5,1769441879999,949731.80173,1826,336301.6,647162.61777,0
1769441880000,1.9239,1.9253,1.9239,1.9249,218806.6,1769441939999,421153.52484,1255,146918.3,282788.44516,0
1769441940000,1.9250,1.9261,1.9233,1.9239,511403.5,1769441999999,984246.23037,1782,199876.5,384754.96894,0
1769442000000,1.9239,1.9242,1.9160,1.9166,2135597.6,1769442059999,4099968.91197,5244,898352.0,1724873.82765,0
1769442060000,1.9166,1.9183,1.9138,1.9155,2869766.5,1769442119999,5497653.65819,5720,1109108.3,2124872.69462,0
1769442120000,1.9154,1.9171,1.9132,1.9145,2584712.6,1769442179999,4948646.70427,4507,931754.8,1784316.58585,0
1769442180000,1.9145,1.9170,1.9131,1.9154,2530115.7,1769442239999,4844642.77695,4282,1441039.4,2759255.50215,0
1769442240000,1.9154,1.9175,1.9154,1.9169,778088.0,1769442299999,1490911.85472,2481,331155.8,634556.77570,0
1769442300000,1.9170,1.9185,1.9154,1.9159,970840.4,1769442359999,1860860.61392,3145,408010.8,782144.74474,0
1769442360000,1.9160,1.9184,1.9139,1.9149,1658773.4,1769442419999,3179662.58117,3370,1095863.8,2100600.45917,0
1769442420000,1.9148,1.9180,1.9128,1.9180,1426778.8,1769442479999,2731734.52692,3453,841018.7,1610264.16452,0
1769442480000,1.9180,1.9182,1.9146,1.9154,810618.4,1769442539999,1553454.85390,2661,269453.4,516396.58797,0
1769442540000,1.9154,1.9215,1.9153,1.9215,463947.2,1769442599999,889899.69538,1884,316192.0,606490.22171,0
1769442600000,1.9214,1.9255,1.9211,1.9255,1553116.4,1769442659999,2987552.79180,3955,1018403.0,1958962.10956,0
1769442660000,1.9255,1.9258,1.9216,1.9223,397079.9,1769442719999,763887.93044,2282,244342.5,469991.55749,0
1769442720000,1.9223,1.9258,1.9221,1.9252,605907.6,1769442779999,1165904.75311,2137,363602.3,699592.67072,0
1769442780000,1.9252,1.9273,1.9229,1.9240,770815.3,1769442839999,1483868.03906,2613,284210.7,547174.10799,0
1769442840000,1.9240,1.9246,1.9213,1.9225,334799.8,1769442899999,643629.23616,1488,164252.3,315753.44234,0
1769442900000,1.9225,1.9259,1.9225,1.9239,357562.4,1769442959999,688114.26356,1495,177768.8,342070.42085,0
1769442960000,1.9240,1.9252,1.9231,1.9243,505298.9,1769443019999,972291.73053,1733,299667.5,576630.57438,0
1769443020000,1.9242,1.9251,1.9232,1.9235,346526.4,1769443079999,666716.91236,1260,200251.0,385270.28559,0
1769443080000,1.9236,1.9240,1.9219,1.9230,694283.9,1769443139999,1334811.86897,1569,313316.9,602299.04368,0
1769443140000,1.9230,1.9246,1.9226,1.9246,236871.0,1769443199999,455609.04824,1167,130656.3,251304.75484,0
1769443200000,1.9246,1.9294,1.9244,1.9288,1686873.6,1769443259999,3250737.07095,3117,1096032.4,2111996.12051,0
1769443260000,1.9289,1.9327,1.9272,1.9305,3783928.1,1769443319999,7301448.98957,6106,2985693.1,5761388.92468,0
1769443320000,1.9304,1.9319,1.9266,1.9318,853173.1,1769443379999,1645589.92794,2640,537576.1,1036811.15666,0
1769443380000,1.9319,1.9378,1.9319,1.9360,1694867.6,1769443439999,3280883.23967,4393,1024790.0,1983584.46808,0
1769443440000,1.9360,1.9360,1.9307,1.9313,1254479.4,1769443499999,2425072.56943,2771,330011.4,638000.78070,0
1769443500000,1.9313,1.9314,1.9283,1.9287,884402.1,1769443559999,1706873.00185,2792,418020.1,806790.50993,0
1769443560000,1.9286,1.9288,1.9240,1.9267,693559.7,1769443619999,1336178.08806,2427,311337.8,599816.43058,0
1769443620000,1.9267,1.9267,1.9235,1.9240,678848.3,1769443679999,1306683.05949,2103,238059.8,458210.09867,0
1769443680000,1.9239,1.9299,1.9239,1.9299,501501.9,1769443739999,966148.32564,1964,268134.3,516593.72036,0
1769443740000,1.9298,1.9301,1.9285,1.9294,512846.6,1769443799999,989496.12952,1608,192166.1,370762.15973,0
1769443800000,1.9294,1.9301,1.9287,1.9298,386611.0,1769443859999,745966.24094,1415,170994.2,329918.59043,0
1769443860000,1.9298,1.9323,1.9295,1.9298,570132.2,1769443919999,1100917.79163,1801,365076.8,704958.10449,0
1769443920000,1.9299,1.9305,1.9271,1.9285,680882.7,1769443979999,1313366.42449,1945,205448.1,396348.37825,0
1769443980000,1.9284,1.9289,1.9262,1.9276,606068.7,1769444039999,1168205.25992,1994,282585.5,544655.80218,0
1769444040000,1.9275,1.9301,1.9274,1.9291,288195.7,1769444099999,555997.25222,1385,148297.2,286082.52532,0
1769444100000,1.9290,1.9292,1.9235,1.9238,1049536.2,1769444159999,2021002.02123,2966,193655.4,372828.88771,0
1769444160000,1.9238,1.9245,1.9206,1.9220,807189.0,1769444219999,1551649.39093,2614,187011.5,359481.51851,0
1769444220000,1.9220,1.9227,1.9197,1.9213,1143883.5,1769444279999,2197472.89498,2842,488501.9,938430.36139,0
1769444280000,1.9214,1.9244,1.9199,1.9219,2941861.1,1769444339999,5654976.57900,4166,1015830.7,1952413.14077,0
1769444340000,1.9219,1.9219,1.9194,1.9208,1076914.3,1769444399999,2068067.22511,2280,464019.5,891047.73436,0
1769444400000,1.9207,1.9221,1.9192,1.9197,636147.1,1769444459999,1221826.46143,2182,304136.5,584191.97333,0
1769444460000,1.9197,1.9215,1.9190,1.9203,773584.2,1769444519999,1485129.00768,2100,464648.0,892094.64738,0
1769444520000,1.9203,1.9293,1.9200,1.9277,963658.0,1769444579999,1855363.29589,3364,487406.9,938359.78932,0
1769444580000,1.9277,1.9287,1.9257,1.9281,600327.8,1769444639999,1157145.91734,2571,342413.6,660010.33400,0
1769444640000,1.9282,1.9307,1.9268,1.9282,2490153.1,1769444699999,4803646.50214,3539,1695137.2,3269630.18764,0
1769444700000,1.9282,1.9299,1.9263,1.9282,911034.9,1769444759999,1756139.82482,2792,444911.1,857609.87248,0
1769444760000,1.9282,1.9282,1.9244,1.9259,504123.0,1769444819999,970963.83740,1864,315108.6,606846.38275,0
1769444820000,1.9259,1.9288,1.9259,1.9270,261395.0,1769444879999,503818.31874,1311,132134.1,254673.27085,0
1769444880000,1.9269,1.9271,1.9233,1.9237,334893.4,1769444939999,644847.07139,1658,147784.0,284566.90097,0
1769444940000,1.9237,1.9252,1.9237,1.9251,150310.6,1769444999999,289280.94076,943,60312.5,116061.22533,0
1769445000000,1.9251,1.9268,1.9250,1.9260,301171.9,1769445059999,580064.59848,1665,155540.3,299536.59234,0
1769445060000,1.9261,1.9261,1.9229,1.9232,427444.6,1769445119999,822260.17429,1685,139528.3,268400.64020,0
1769445120000,1.9232,1.9269,1.9232,1.9269,710707.5,1769445179999,1368128.92675,1987,534031.2,1027985.79288,0
1769445180000,1.9269,1.9297,1.9269,1.9281,527370.9,1769445239999,1017073.13101,1676,253155.7,488224.91662,0
1769445240000,1.9281,1.9294,1.9270,1.9277,311921.9,1769445299999,601391.51084,1329,84701.8,163331.72658,0
1769445300000,1.9277,1.9277,1.9246,1.9274,266056.3,1769445359999,512485.56865,1499,87280.2,168100.72379,0
1769445360000,1.9274,1.9302,1.9273,1.9285,379676.9,1769445419999,732397.51860,1575,211328.1,407676.73492,0
1769445420000,1.9284,1.9284,1.9253,1.9271,369524.4,1769445479999,712016.35698,1708,191078.0,368094.98369,0
1769445480000,1.9271,1.9277,1.9253,1.9259,117109.1,1769445539999,225683.72068,994,41802.3,80554.79838,0
1769445540000,1.9259,1.9260,1.9234,1.9234,247875.7,1769445599999,477035.32110,1505,117332.2,225807.85248,0
1769445600000,1.9233,1.9250,1.9227,1.9234,485127.8,1769445659999,933309.84034,1941,285175.5,548603.40717,0
1769445660000,1.9234,1.9235,1.9203,1.9223,561285.1,1769445719999,1078650.28055,1881,224059.4,430601.83341,0
1769445720000,1.9223,1.9225,1.9203,1.9206,142107.1,1769445779999,273008.58325,1045,53558.5,102897.09462,0
1769445780000,1.9207,1.9207,1.9178,1.9185,1084045.8,1769445839999,2080149.74816,2263,513737.2,985812.95050,0
1769445840000,1.9185,1.9198,1.9183,1.9193,213943.0,1769445899999,410569.82769,1112,136842.1,262605.01492,0
1769445900000,1.9193,1.9195,1.9174,1.9188,284166.5,1769445959999,545137.94310,1413,143506.1,275319.19456,0
1769445960000,1.9189,1.9224,1.9189,1.9216,242739.1,1769446019999,466346.48405,1528,156696.1,301027.55900,0
1769446020000,1.9215,1.9224,1.9185,1.9188,276759.0,1769446079999,531506.48168,1470,94139.0,180783.83692,0
1769446080000,1.9187,1.9189,1.9175,1.9180,285296.6,1769446139999,547230.26921,1318,146378.5,280773.69275,0
1769446140000,1.9181,1.9269,1.9181,1.9258,769470.4,1769446199999,1479932.90616,2834,505358.6,971850.13772,0
1769446200000,1.9259,1.9284,1.9250,1.9260,1023857.0,1769446259999,1972900.18519,2926,552558.3,1064976.44735,0
1769446260000,1.9259,1.9267,1.9246,1.9256,281723.2,1769446319999,542473.05852,1320,83821.4,161406.25674,0
1769446320000,1.9255,1.9261,1.9236,1.9256,519484.7,1769446379999,999764.08952,1505,291453.5,560923.18323,0
1769446380000,1.9256,1.9274,1.9252,1.9262,408207.1,1769446439999,786405.82771,1487,256209.5,493563.81947,0
1769446440000,1.9262,1.9272,1.9251,1.9257,189109.1,1769446499999,364263.92156,880,60409.7,116348.39782,0
1769446500000,1.9257,1.9258,1.9212,1.9216,296808.9,1769446559999,570766.53486,1691,128081.3,246277.72316,0
1769446560000,1.9216,1.9225,1.9207,1.9217,261095.4,1769446619999,501739.93307,1108,115867.8,222649.28959,0
1769446620000,1.9218,1.9220,1.9195,1.9196,154056.9,1769446679999,295801.73094,800,51645.1,99148.97086,0
1769446680000,1.9195,1.9209,1.9175,1.9184,2461964.6,1769446739999,4723925.75852,2705,1172628.3,2249594.85812,0
1769446740000,1.9184,1.9196,1.9176,1.9182,294501.2,1769446799999,564974.20350,955,120982.5,232089.53228,0
1769446800000,1.9182,1.9190,1.9164,1.9190,629535.5,1769446859999,1206964.10433,1777,338885.2,649678.56734,0
1769446860000,1.9190,1.9196,1.9179,1.9191,173074.1,1769446919999,332047.61582,1008,92776.6,177997.43713,0
1769446920000,1.9191,1.9205,1.9185,1.9192,264080.3,1769446979999,506938.66622,1072,143324.3,275130.46038,0
1769446980000,1.9192,1.9201,1.9184,1.9193,280913.8,1769447039999,539134.31033,1261,157059.2,301430.22875,0
1769447040000,1.9193,1.9210,1.9185,1.9185,361907.6,1769447099999,694956.00252,1296,253428.0,486684.68996,0
1769447100000,1.9185,1.9189,1.9173,1.9173,275655.7,1769447159999,528793.27369,1057,141717.5,271868.42121,0
1769447160000,1.9173,1.9173,1.9140,1.9141,627459.7,1769447219999,1201702.03305,1851,301553.9,577558.08601,0
1769447220000,1.9140,1.9143,1.9124,1.9127,914521.2,1769447279999,1749666.08755,1643,343260.7,656695.35448,0
1769447280000,1.9127,1.9138,1.9109,1.9124,1101573.1,1769447339999,2106590.44054,2386,444509.3,850123.39855,0
1769447340000,1.9125,1.9125,1.9083,1.9111,2020527.6,1769447399999,3859208.76181,3220,818094.8,1562680.05489,0
1769447400000,1.9110,1.9110,1.9071,1.9082,1222359.6,1769447459999,2333071.56538,3149,707594.1,1350499.72479,0
1769447460000,1.9082,1.9098,1.9081,1.9093,647539.0,1769447519999,1236102.48888,1849,377901.3,721368.72990,0
1769447520000,1.9092,1.9106,1.9086,1.9086,744238.4,1769447579999,1421395.47084,1628,445196.7,850295.02861,0
1769447580000,1.9086,1.9096,1.9066,1.9076,628558.4,1769447639999,1199048.83565,1545,204712.7,390476.20251,0
1769447640000,1.9076,1.9080,1.9039,1.9052,2163332.2,1769447699999,4123360.85618,3361,755895.1,1440676.05436,0
1769447700000,1.9051,1.9095,1.9051,1.9095,2322311.5,1769447759999,4429604.30684,2535,1861095.9,3549800.14456,0
1769447760000,1.9094,1.9095,1.9073,1.9076,705143.1,1769447819999,1345763.46510,1415,248110.2,473470.33895,0
1769447820000,1.9076,1.9076,1.9038,1.9054,459896.3,1769447879999,876423.03267,1802,162639.1,309891.02347,0
1769447880000,1.9053,1.9054,1.9021,1.9040,1224564.7,1769447939999,2331279.25729,2428,452081.9,860636.31451,0
1769447940000,1.9040,1.9050,1.9036,1.9050,616089.7,1769447999999,1173255.82875,1694,369402.9,703476.37293,0
1769448000000,1.9049,1.9070,1.9046,1.9064,546413.5,1769448059999,1041355.20255,1590,330965.0,630747.27303,0
1769448060000,1.9063,1.9064,1.9043,1.9049,323126.4,1769448119999,615620.73569,1136,145270.0,276758.61316,0
1769448120000,1.9048,1.9087,1.9043,1.9075,517463.6,1769448179999,986733.06810,1506,322771.8,615531.87676,0
1769448180000,1.9074,1.9085,1.9065,1.9081,777510.4,1769448239999,1483155.27743,1769,558617.5,1065592.60827,0
1769448240000,1.9081,1.9084,1.9041,1.9049,477205.0,1769448299999,909890.40180,1675,113932.0,217239.94578,0
1769448300000,1.9049,1.9072,1.9049,1.9072,145611.6,1769448359999,277523.12746,1057,97301.7,185459.57648,0
1769448360000,1.9072,1.9077,1.9063,1.9063,159688.1,1769448419999,304569.90476,824,85391.2,162863.81719,0
1769448420000,1.9063,1.9074,1.9060,1.9074,153052.6,1769448479999,291831.89082,663,92092.7,175596.27756,0
1769448480000,1.9074,1.9079,1.9066,1.9078,196826.2,1769448539999,375422.12649,861,135525.6,258508.11534,0
1769448540000,1.9077,1.9077,1.9046,1.9052,502584.0,1769448599999,957772.24943,1135,125029.4,238271.63935,0
1769448600000,1.9053,1.9053,1.9014,1.9017,764916.4,1769448659999,1455817.79310,2030,222260.7,422911.18617,0
1769448660000,1.9016,1.9028,1.9012,1.9014,561393.8,1769448719999,1067733.46411,1573,170196.5,323702.76924,0
1769448720000,1.9014,1.9024,1.8989,1.9013,2299177.8,1769448779999,4369326.51746,3867,974528.1,1852148.42562,0
1769448780000,1.9013,1.9015,1.8983,1.8990,1174505.6,1769448839999,2231268.48932,2613,531561.0,1009942.05409,0
1769448840000,1.8990,1.9023,1.8989,1.9021,585376.0,1769448899999,1112591.55209,1788,330210.2,627599.40886,0
1769448900000,1.9022,1.9069,1.9018,1.9067,669584.7,1769448959999,1275531.87388,1875,570591.2,1086908.85903,0
1769448960000,1.9067,1.9090,1.9059,1.9061,546225.4,1769449019999,1041751.21870,2067,271020.6,516897.63659,0
1769449020000,1.9061,1.9094,1.9061,1.9090,486601.7,1769449079999,928554.38603,1404,255291.6,487097.71828,0
1769449080000,1.9089,1.9095,1.9075,1.9086,420152.9,1769449139999,801745.34381,1184,127677.4,243661.86811,0
1769449140000,1.9086,1.9100,1.9085,1.9086,265635.2,1769449199999,507245.15342,1247,128566.0,245507.73376,0
1769449200000,1.9085,1.9090,1.9071,1.9090,238936.6,1769449259999,455823.31448,910,106794.4,203752.84400,0
1769449260000,1.9089,1.9093,1.9084,1.9091,182688.5,1769449319999,348735.77168,737,76079.8,145215.28258,0
1769449320000,1.9091,1.9091,1.9073,1.9083,228568.2,1769449379999,436100.85459,810,91287.0,174143.79810,0
1769449380000,1.9083,1.9084,1.9070,1.9073,203147.8,1769449439999,387574.08251,789,53622.1,102303.13936,0
1769449440000,1.9073,1.9081,1.9067,1.9080,183771.9,1769449499999,350581.40882,841,56098.6,107011.22226,0
1769449500000,1.9080,1.9089,1.9071,1.9083,225300.4,1769449559999,429822.78182,929,146405.3,279291.02224,0
1769449560000,1.9083,1.9088,1.9073,1.9086,125398.4,1769449619999,239265.15199,876,39570.2,75500.67612,0
1769449620000,1.9086,1.9090,1.9073,1.9080,180216.6,1769449679999,343882.28871,1143,101696.0,194039.19184,0
1769449680000,1.9079,1.9086,1.9077,1.9085,83626.9,1769449739999,159573.34508,525,45311.5,86456.97427,0
1769449740000,1.9084,1.9089,1.9073,1.9074,159560.4,1769449799999,304487.42092,984,74622.0,142408.53641,0
1769449800000,1.9074,1.9085,1.9067,1.9077,127973.8,1769449859999,244088.31885,926,57536.2,109728.93083,0
1769449860000,1.9077,1.9103,1.9072,1.9092,286291.4,1769449919999,546425.67809,1463,199170.6,380124.28004,0
1769449920000,1.9092,1.9126,1.9092,1.9114,403222.9,1769449979999,770632.49145,1765,282477.7,539844.49742,0
1769449980000,1.9114,1.9114,1.9098,1.9098,379645.3,1769450039999,725340.60519,1233,123053.9,235111.87673,0
1769450040000,1.9098,1.9103,1.9094,1.9103,167670.7,1769450099999,320232.65574,574,95479.7,182364.71153,0
1769450100000,1.9104,1.9109,1.9095,1.9099,129840.7,1769450159999,247997.24941,886,40948.7,78220.55134,0
1769450160000,1.9099,1.9123,1.9096,1.9113,111108.2,1769450219999,212356.02524,865,68883.3,131651.38749,0
1769450220000,1.9113,1.9119,1.9110,1.9115,108646.3,1769450279999,207673.87502,472,54020.0,103260.21072,0
1769450280000,1.9115,1.9115,1.9101,1.9107,113980.3,1769450339999,217757.55691,570,52985.4,101219.85023,0
1769450340000,1.9107,1.9110,1.9104,1.9109,121291.6,1769450399999,231750.80412,406,56414.6,107787.40670,0
1769450400000,1.9109,1.9113,1.9090,1.9112,268049.9,1769450459999,511989.61753,1375,146712.1,280236.26097,0
1769450460000,1.9112,1.9117,1.9096,1.9110,154524.8,1769450519999,295234.39083,1091,91787.0,175362.82614,0
1769450520000,1.9110,1.9113,1.9096,1.9113,150083.7,1769450579999,286698.28050,1025,98131.0,187457.91021,0
1769450580000,1.9112,1.9127,1.9095,1.9113,399946.7,1769450639999,764337.25545,1595,238104.7,455064.70875,0
1769450640000,1.9112,1.9127,1.9108,1.9116,231776.5,1769450699999,443136.78434,1262,106756.5,204115.60117,0
1769450700000,1.9117,1.9118,1.9082,1.9089,219703.4,1769450759999,419615.82157,1183,94006.3,179552.33651,0
1769450760000,1.9089,1.9093,1.9072,1.9090,214111.2,1769450819999,408639.13653,1229,131484.4,250944.94488,0
1769450820000,1.9091,1.9097,1.9080,1.9093,136181.6,1769450879999,259930.79108,1023,76674.3,146336.82589,0
1769450880000,1.9094,1.9095,1.9085,1.9093,128276.8,1769450939999,244897.95786,662,81368.0,155339.57839,0
1769450940000,1.9092,1.9097,1.9079,1.9079,106017.7,1769450999999,202387.92181,711,38833.7,74133.79006,0
1769451000000,1.9080,1.9099,1.9079,1.9088,267829.4,1769451059999,511283.11114,1172,149313.4,285021.53293,0
1769451060000,1.9088,1.9093,1.9081,1.9085,186162.1,1769451119999,355320.17775,898,117990.6,225196.02434,0
1769451120000,1.9086,1.9126,1.9084,1.9096,2396613.0,1769451179999,4579381.62069,3223,1575647.4,3010241.01831,0
1769451180000,1.9096,1.9097,1.9075,1.9090,300293.3,1769451239999,573019.91255,1372,189988.6,362515.52592,0
1769451240000,1.9090,1.9092,1.9077,1.9087,268387.3,1769451299999,512234.16187,880,130470.0,248998.63327,0
1769451300000,1.9087,1.9092,1.9065,1.9091,247086.1,1769451359999,471338.67872,1031,142937.3,272657.38165,0
1769451360000,1.9091,1.9112,1.9064,1.9112,325454.7,1769451419999,621166.40922,1460,219898.6,419772.63381,0
1769451420000,1.9111,1.9137,1.9107,1.9122,678446.1,1769451479999,1297426.06771,2229,378266.2,723349.40225,0
1769451480000,1.9123,1.9172,1.9122,1.9152,1456983.5,1769451539999,2790511.90284,3174,1030726.1,1973974.60300,0
1769451540000,1.9152,1.9163,1.9142,1.9142,315785.3,1769451599999,604901.33612,1315,161273.2,308942.66550,0
1769451600000,1.9142,1.9149,1.9131,1.9144,329689.7,1769451659999,631000.92312,1308,176027.6,336904.50523,0
1769451660000,1.9143,1.9146,1.9135,1.9138,250008.7,1769451719999,478502.12575,972,182722.4,349714.04858,0
1769451720000,1.9139,1.9140,1.9115,1.9115,209021.9,1769451779999,399801.71599,881,50787.4,97151.89784,0
1769451780000,1.9114,1.9137,1.9101,1.9112,236809.1,1769451839999,452809.12389,1167,125706.6,240371.93980,0
1769451840000,1.9113,1.9152,1.9113,1.9149,130377.7,1769451899999,249463.44109,1066,106826.5,204386.74137,0
1769451900000,1.9150,1.9160,1.9133,1.9136,231883.4,1769451959999,443938.52925,976,87966.2,168422.43955,0
1769451960000,1.9136,1.9171,1.9136,1.9170,467721.9,1769452019999,895963.10368,1611,399192.1,764687.00433,0
1769452020000,1.9171,1.9193,1.9171,1.9188,361659.0,1769452079999,693715.94438,1176,253198.2,485683.38900,0
1769452080000,1.9188,1.9195,1.9182,1.9186,470139.9,1769452139999,902076.73977,1055,134894.2,258850.94931,0
1769452140000,1.9186,1.9192,1.9172,1.9173,257117.5,1769452199999,493268.05046,1205,131923.5,253105.00019,0
1769452200000,1.9172,1.9231,1.9172,1.9230,813297.1,1769452259999,1562058.24989,2556,621640.2,1193996.94360,0
1769452260000,1.9230,1.9269,1.9217,1.9219,1973447.0,1769452319999,3797483.84915,4363,1028779.2,1979420.06069,0
1769452320000,1.9218,1.9230,1.9211,1.9230,313430.2,1769452379999,602375.26216,1224,187960.4,361223.78807,0
1769452380000,1.9230,1.9244,1.9214,1.9217,525673.0,1769452439999,1010554.98518,1821,140535.3,270141.79180,0
1769452440000,1.9216,1.9233,1.9216,1.9223,183626.0,1769452499999,353033.08598,1004,119325.9,229415.12961,0
1769452500000,1.9222,1.9243,1.9212,1.9235,346239.3,1769452559999,665616.19907,1695,171651.8,329990.75394,0
1769452560000,1.9235,1.9235,1.9189,1.9197,561843.1,1769452619999,1078994.42576,2022,227645.0,437137.45314,0
1769452620000,1.9197,1.9210,1.9192,1.9205,391278.4,1769452679999,751351.88981,1184,198034.2,380265.62789,0
1769452680000,1.9205,1.9213,1.9197,1.9213,200366.6,1769452739999,384791.22097,975,120422.5,231263.48089,0
1769452740000,1.9213,1.9213,1.9196,1.9210,175493.5,1769452799999,337043.46402,1096,77639.4,149104.76031,0
1769452800000,1.9210,1.9222,1.9197,1.9197,343821.8,1769452859999,660533.54630,1563,230850.1,443502.43521,0
1769452860000,1.9197,1.9206,1.9171,1.9206,867183.9,1769452919999,1663610.41030,2389,345690.6,663160.37727,0
1769452920000,1.9206,1.9207,1.9180,1.9182,390812.1,1769452979999,749933.06591,1200,63576.3,121985.27061,0
1769452980000,1.9181,1.9189,1.9160,1.9172,505681.6,1769453039999,969547.47686,1586,221435.8,424481.17395,0
1769453040000,1.9171,1.9186,1.9160,1.9185,530525.3,1769453099999,1017241.97155,1648,283595.9,543851.01811,0
1769453100000,1.9185,1.9185,1.9143,1.9147,2030102.6,1769453159999,3890047.06863,2731,773378.3,1481708.18627,0
1769453160000,1.9148,1.9177,1.9144,1.9160,484655.1,1769453219999,928394.11519,1377,223424.9,427889.81745,0
1769453220000,1.9158,1.9162,1.9150,1.9160,188825.7,1769453279999,361670.15616,722,82117.3,157281.13108,0
1769453280000,1.9161,1.9169,1.9155,1.9158,197125.4,1769453339999,377748.64801,778,68818.6,131870.22912,0
1769453340000,1.9158,1.9178,1.9150,1.9175,313134.4,1769453399999,600232.58604,1262,194075.5,372001.27025,0
1769453400000,1.9174,1.9200,1.9168,1.9190,290889.2,1769453459999,558206.93298,1351,207147.6,397508.80634,0
1769453460000,1.9189,1.9190,1.9165,1.9170,266221.6,1769453519999,510574.57338,918,120029.0,230196.19769,0
1769453520000,1.9170,1.9170,1.9153,1.9158,254495.1,1769453579999,487618.73625,908,49154.4,94170.28028,0
1769453580000,1.9157,1.9158,1.9136,1.9139,218973.9,1769453639999,419182.56109,944,65977.7,126280.26555,0
1769453640000,1.9139,1.9150,1.9138,1.9146,118566.7,1769453699999,226985.62483,583,64673.9,123807.83200,0
1769453700000,1.9147,1.9149,1.9137,1.9138,105377.7,1769453759999,201719.79090,491,37538.4,71857.80410,0
1769453760000,1.9138,1.9156,1.9133,1.9143,147086.6,1769453819999,281563.24740,762,83199.5,159254.35872,0
1769453820000,1.9143,1.9171,1.9143,1.9160,201847.4,1769453879999,386755.41246,729,101807.8,195044.10764,0
1769453880000,1.9160,1.9183,1.9157,1.9179,404707.7,1769453939999,775633.35598,1136,232981.7,446530.49400,0
1769453940000,1.9179,1.9192,1.9158,1.9172,1367320.8,1769453999999,2620699.41608,1608,819250.5,1570066.56750,0
1769454000000,1.9172,1.9209,1.9172,1.9202,486020.4,1769454059999,932905.67558,1725,249627.2,479100.95554,0
1769454060000,1.9202,1.9224,1.9194,1.9205,747630.0,1769454119999,1436233.35801,2121,535925.7,1029546.78068,0
1769454120000,1.9203,1.9214,1.9194,1.9204,510030.0,1769454179999,979461.91616,1456,340694.3,654284.11291,0
1769454180000,1.9203,1.9210,1.9178,1.9178,491198.2,1769454239999,943110.09910,1440,182375.7,350173.16934,0
1769454240000,1.9179,1.9198,1.9179,1.9190,251100.4,1769454299999,481878.20068,1124,130341.6,250121.25400,0
1769454300000,1.9190,1.9192,1.9166,1.9192,205658.4,1769454359999,394405.98783,1027,101588.5,194826.29559,0
1769454360000,1.9191,1.9197,1.9182,1.9183,173258.1,1769454419999,332519.46877,803,77549.9,148830.33559,0
1769454420000,1.9183,1.9199,1.9183,1.9196,236186.4,1769454479999,453353.92186,737,121552.2,233289.99350,0
1769454480000,1.9195,1.9195,1.9166,1.9168,219439.0,1769454539999,420764.68436,973,64203.6,123099.56440,0
1769454540000,1.9168,1.9181,1.9160,1.9177,243126.6,1769454599999,465987.16663,775,131625.0,252285.88118,0
1769454600000,1.9178,1.9187,1.9167,1.9167,288670.6,1769454659999,553577.32082,1110,90401.6,173351.55307,0
1769454660000,1.9168,1.9188,1.9164,1.9182,467587.7,1769454719999,896721.99696,1353,331927.6,636545.79299,0
1769454720000,1.9181,1.9181,1.9162,1.9169,150876.4,1769454779999,289233.63062,802,52169.6,99991.96948,0
1769454780000,1.9169,1.9169,1.9154,1.9157,148244.3,1769454839999,284034.47754,808,71300.8,136598.65518,0
1769454840000,1.9157,1.9177,1.9150,1.9168,1578962.9,1769454899999,3026793.29719,1762,603774.0,1157237.43730,0
1769454900000,1.9168,1.9168,1.9150,1.9150,1052475.5,1769454959999,2016487.54497,1480,736550.4,1411155.65820,0
1769454960000,1.9151,1.9157,1.9135,1.9136,639259.6,1769455019999,1224086.25198,1083,465671.1,891741.93485,0
1769455020000,1.9136,1.9159,1.9131,1.9153,456044.4,1769455079999,872899.91948,1200,360841.3,690607.41797,0
1769455080000,1.9153,1.9159,1.9137,1.9146,142173.9,1769455139999,272230.62022,802,55572.4,106386.81707,0
1769455140000,1.9147,1.9147,1.9128,1.9140,183338.4,1769455199999,350824.83453,1045,40143.0,76812.09521,0
1769455200000,1.9139,1.9139,1.9123,1.9133,206738.8,1769455259999,395480.50838,978,97704.4,186900.09429,0
1769455260000,1.9133,1.9133,1.9113,1.9119,424606.5,1769455319999,811880.25877,1349,180747.5,345584.16502,0
1769455320000,1.9120,1.9127,1.9102,1.9124,654962.5,1769455379999,1251770.73734,1741,320648.0,612878.39383,0
1769455380000,1.9123,1.9129,1.9118,1.9129,108868.0,1769455439999,208192.15065,578,57668.3,110278.63043,0
1769455440000,1.9128,1.9132,1.9120,1.9126,155095.0,1769455499999,296650.10477,680,60099.9,114953.30153,0
1769455500000,1.9126,1.9139,1.9125,1.9136,126365.3,1769455559999,241778.69658,574,91057.6,174216.11209,0
1769455560000,1.9136,1.9142,1.9131,1.9131,234344.7,1769455619999,448466.09954,790,83511.6,159801.59510,0
1769455620000,1.9131,1.9137,1.9131,1.9131,85277.9,1769455679999,163171.61749,374,31144.9,59591.44732,0
1769455680000,1.9131,1.9133,1.9121,1.9126,168255.6,1769455739999,321832.84195,585,38525.7,73689.38190,0
1769455740000,1.9125,1.9128,1.9114,1.9125,218816.9,1769455799999,418410.25970,672,91023.3,174067.76192,0
1769455800000,1.9124,1.9124,1.9107,1.9118,265689.5,1769455859999,507807.77339,848,165155.4,315617.68980,0
1769455860000,1.9118,1.9140,1.9117,1.9127,248630.3,1769455919999,475620.21235,876,157478.9,301221.62311,0
1769455920000,1.9126,1.9126,1.9101,1.9105,162553.8,1769455979999,310623.44990,754,61945.0,118356.71240,0
1769455980000,1.9106,1.9117,1.9105,1.9109,165193.7,1769456039999,315694.14633,656,84166.5,160843.91969,0
1769456040000,1.9109,1.9125,1.9109,1.9115,125317.4,1769456099999,239557.66288,658,83054.9,158759.97567,0
1769456100000,1.9114,1.9115,1.9090,1.9105,347705.7,1769456159999,664223.34196,1387,91480.8,174743.01894,0
1769456160000,1.9105,1.9108,1.9093,1.9102,130396.1,1769456219999,249061.12919,672,60527.5,115617.00004,0
1769456220000,1.9102,1.9117,1.9099,1.9110,154446.4,1769456279999,295118.77367,677,100672.3,192342.14326,0
1769456280000,1.9110,1.9124,1.9106,1.9112,201857.2,1769456339999,385891.63044,695,59374.5,113500.90719,0
1769456340000,1.9113,1.9130,1.9112,1.9129,203674.8,1769456399999,389505.91274,744,164657.0,314874.91721,0
1769456400000,1.9129,1.9129,1.9115,1.9123,271099.4,1769456459999,518372.33537,969,105933.2,202544.31360,0
1769456460000,1.9123,1.9142,1.9122,1.9137,180461.2,1769456519999,345272.81857,867,99215.5,189827.17450,0
1769456520000,1.9138,1.9145,1.9131,1.9131,238405.4,1769456579999,456255.18462,734,178379.8,341392.09877,0
1769456580000,1.9131,1.9136,1.9123,1.9133,153124.4,1769456639999,292897.22713,690,101333.4,193828.63342,0
1769456640000,1.9134,1.9134,1.9107,1.9109,565173.8,1769456699999,1080684.32120,858,57933.8,110778.74523,0
1769456700000,1.9109,1.9118,1.9109,1.9118,218922.8,1769456759999,418478.41707,495,72000.0,137619.77839,0
1769456760000,1.9118,1.9132,1.9110,1.9118,562978.3,1769456819999,1076422.07265,1067,100194.1,191550.07244,0
1769456820000,1.9118,1.9130,1.9107,1.9121,464762.5,1769456879999,888402.73109,1202,327310.6,625567.33862,0
1769456880000,1.9120,1.9126,1.9110,1.9116,153923.5,1769456939999,294268.81639,726,63817.8,122001.71412,0
1769456940000,1.9116,1.9120,1.9110,1.9111,51010.4,1769456999999,97501.79763,478,12219.2,23357.47408,0
1769457000000,1.9110,1.9113,1.9096,1.9096,88339.6,1769457059999,168757.80600,544,16548.6,31616.49253,0
1769457060000,1.9097,1.9099,1.9086,1.9088,253912.3,1769457119999,484748.15702,691,127551.8,243507.61117,0
1769457120000,1.9089,1.9091,1.9066,1.9067,240137.8,1769457179999,458170.03152,910,42347.8,80807.69174,0
1769457180000,1.9067,1.9067,1.9054,1.9055,381058.0,1769457239999,726279.60312,897,244451.2,465904.06586,0
1769457240000,1.9056,1.9056,1.9029,1.9045,722313.8,1769457299999,1375267.95182,1685,371294.7,706902.75238,0
1769457300000,1.9044,1.9064,1.9042,1.9062,317834.4,1769457359999,605612.45712,904,216748.5,412999.61146,0
1769457360000,1.9061,1.9068,1.9058,1.9068,151322.5,1769457419999,288444.65227,558,92872.6,177032.64612,0
1769457420000,1.9068,1.9068,1.9058,1.9059,141333.6,1769457479999,269412.59431,731,58231.2,111000.07625,0
1769457480000,1.9058,1.9069,1.9058,1.9065,96791.8,1769457539999,184526.74230,657,50582.5,96423.61784,0
1769457540000,1.9064,1.9070,1.9063,1.9067,85322.1,1769457599999,162677.05587,567,52370.1,99848.17272,0
1769457600000,1.9068,1.9068,1.9054,1.9061,361045.4,1769457659999,688183.95818,934,191354.6,364714.89563,0
1769457660000,1.9062,1.9087,1.9056,1.9080,377807.3,1769457719999,720550.32852,1401,215593.9,411185.96751,0
1769457720000,1.9079,1.9082,1.9064,1.9071,210374.2,1769457779999,401211.52678,1071,96211.4,183491.29542,0
1769457780000,1.9071,1.9072,1.9061,1.9063,134952.8,1769457839999,257318.49131,753,44181.6,84230.62499,0
1769457840000,1.9063,1.9070,1.9063,1.9068,231807.2,1769457899999,441988.45193,923,159394.1,303918.02798,0
1769457900000,1.9067,1.9072,1.9060,1.9063,265735.2,1769457959999,506624.06558,965,97202.4,185310.26067,0
1769457960000,1.9063,1.9072,1.9061,1.9067,176615.5,1769458019999,336736.61904,872,77639.1,148026.20337,0
1769458020000,1.9067,1.9068,1.9052,1.9058,274297.2,1769458079999,522773.01758,971,75804.8,144459.07765,0
1769458080000,1.9059,1.9059,1.9043,1.9043,147147.3,1769458139999,280352.96713,798,40717.8,77581.80956,0
1769458140000,1.9043,1.9054,1.9041,1.9041,291001.0,1769458199999,554335.32620,951,145094.7,276390.03581,0
1769458200000,1.9042,1.9052,1.9041,1.9043,450163.4,1769458259999,857314.29354,866,237736.2,452742.67419,0
1769458260000,1.9044,1.9047,1.9027,1.9030,305329.3,1769458319999,581187.99018,793,75409.2,143545.48496,0
1769458320000,1.9030,1.9031,1.9021,1.9022,301306.1,1769458379999,573241.34922,908,97060.5,184640.99823,0
1769458380000,1.9022,1.9023,1.9012,1.9013,276078.8,1769458439999,525014.72872,868,59667.4,113467.73385,0
1769458440000,1.9013,1.9016,1.9009,1.9015,204747.5,1769458499999,389279.22791,651,100402.8,190901.55217,0
1769458500000,1.9015,1.9022,1.9012,1.9014,172238.0,1769458559999,327530.84857,792,57339.4,109037.81891,0
1769458560000,1.9015,1.9023,1.8983,1.8983,759162.8,1769458619999,1442189.87267,1915,251809.1,478430.39833,0
1769458620000,1.8982,1.8993,1.8981,1.8987,466891.9,1769458679999,886433.49876,1024,253543.9,481369.63954,0
1769458680000,1.8986,1.9002,1.8986,1.8992,248212.0,1769458739999,471446.60492,893,122887.3,233390.19345,0
1769458740000,1.8993,1.9042,1.8992,1.9037,1156331.6,1769458799999,2199736.68108,2181,953769.9,1814260.36316,0
1769458800000,1.9036,1.9054,1.9033,1.9040,522768.1,1769458859999,995651.44332,1506,320930.2,611217.38103,0
1769458860000,1.9040,1.9061,1.9039,1.9061,349579.1,1769458919999,666063.97085,986,228680.8,435726.26224,0
1769458920000,1.9061,1.9074,1.9054,1.9054,229979.9,1769458979999,438436.46095,982,95985.0,182980.96015,0
1769458980000,1.9054,1.9063,1.9042,1.9043,162815.5,1769459039999,310195.69374,774,63196.2,120399.53366,0
1769459040000,1.9043,1.9045,1.9021,1.9031,277533.0,1769459099999,528211.06314,1114,114956.9,218761.59423,0
1769459100000,1.9031,1.9035,1.9005,1.9021,317052.5,1769459159999,603080.44621,1049,215670.7,410283.79371,0
1769459160000,1.9021,1.9030,1.9020,1.9023,253293.6,1769459219999,481884.39230,729,182910.0,347973.55998,0
1769459220000,1.9023,1.9025,1.9018,1.9018,192663.3,1769459279999,366493.46211,413,44140.5,83964.51203,0
1769459280000,1.9019,1.9019,1.9008,1.9011,76621.6,1769459339999,145666.65144,488,18955.2,36034.14798,0
1769459340000,1.9011,1.9018,1.9010,1.9015,91034.7,1769459399999,173096.91952,505,54377.7,103388.63509,0
1769459400000,1.9015,1.9023,1.9008,1.9022,245072.6,1769459459999,466012.67077,701,135475.3,257609.48952,0
1769459460000,1.9022,1.9022,1.9002,1.9004,173251.0,1769459519999,329366.54098,926,59794.4,113657.24860,0
1769459520000,1.9004,1.9010,1.8992,1.9003,375636.6,1769459579999,713658.63072,1141,130858.9,248609.24985,0
1769459580000,1.9003,1.9006,1.8998,1.9001,139785.9,1769459639999,265618.11169,626,67280.0,127840.21243,0
1769459640000,1.9000,1.9001,1.8981,1.8992,288990.4,1769459699999,548762.95078,1162,110790.2,210360.31805,0
1769459700000,1.8992,1.8994,1.8983,1.8988,222928.9,1769459759999,423293.63506,838,90344.5,171544.97587,0
1769459760000,1.8988,1.8995,1.8988,1.8993,92245.8,1769459819999,175194.21185,490,60289.1,114498.25384,0
1769459820000,1.8994,1.9001,1.8988,1.8988,346619.5,1769459879999,658345.12774,984,126188.5,239665.98726,0
1769459880000,1.8988,1.8992,1.8980,1.8980,201589.0,1769459939999,382737.22282,797,27338.9,51912.13304,0
1769459940000,1.8981,1.8992,1.8980,1.8991,402198.6,1769459999999,763553.72436,1050,171020.9,324688.42610,0
1769460000000,1.8990,1.8991,1.8947,1.8947,2472084.5,1769460059999,4688018.16686,3220,665995.2,1263107.02548,0
1769460060000,1.8948,1.8964,1.8942,1.8957,643048.3,1769460119999,1218560.09327,1452,381212.9,722398.45879,0
1769460120000,1.8957,1.8961,1.8946,1.8948,391654.7,1769460179999,742345.38062,1098,87019.8,164937.47752,0
1769460180000,1.8947,1.8956,1.8941,1.8946,346817.5,1769460239999,657140.10262,975,165768.0,314100.02327,0
1769460240000,1.8946,1.8959,1.8940,1.8953,609854.2,1769460299999,1155638.88442,1810,324381.8,614725.60175,0
1769460300000,1.8953,1.8960,1.8950,1.8958,388236.4,1769460359999,735967.35390,1206,217324.4,411972.62057,0
1769460360000,1.8958,1.8961,1.8949,1.8949,129319.5,1769460419999,245138.25797,813,36647.2,69471.32266,0
1769460420000,1.8950,1.8961,1.8948,1.8960,175124.9,1769460479999,331904.96950,777,147084.7,278770.19124,0
1769460480000,1.8960,1.8961,1.8945,1.8946,239667.3,1769460539999,454240.73438,1070,72260.5,136934.10719,0
1769460540000,1.8946,1.8947,1.8931,1.8941,484909.9,1769460599999,918383.24406,1468,118827.9,225047.38777,0
1769460600000,1.8941,1.8947,1.8911,1.8913,988694.3,1769460659999,1871698.87372,2697,380633.6,720582.04011,0
1769460660000,1.8914,1.8936,1.8914,1.8935,760878.2,1769460719999,1440049.80399,1654,460827.4,872186.17357,0
1769460720000,1.8935,1.8938,1.8920,1.8936,822551.7,1769460779999,1557276.89008,1404,445298.1,843008.82511,0
1769460780000,1.8936,1.8941,1.8927,1.8934,639357.2,1769460839999,1210703.73688,1142,349629.9,662092.41824,0
1769460840000,1.8934,1.8941,1.8915,1.8926,1845462.6,1769460899999,3492960.13059,2535,750243.6,1420016.15513,0
1769460900000,1.8926,1.8936,1.8922,1.8929,547260.3,1769460959999,1035930.20153,1198,218066.7,412802.38129,0
1769460960000,1.8929,1.8930,1.8912,1.8925,487373.5,1769461019999,922046.89116,1152,302715.3,572678.27009,0
1769461020000,1.8925,1.8936,1.8923,1.8933,246274.7,1769461079999,466231.65595,806,168214.4,318453.96793,0
1769461080000,1.8933,1.8938,1.8927,1.8937,475371.3,1769461139999,899960.64737,920,151837.8,287438.72120,0
1769461140000,1.8937,1.8940,1.8898,1.8907,7303470.8,1769461199999,13814482.95958,8260,3432375.7,6492368.94462,0
1769461200000,1.8907,1.8921,1.8904,1.8906,978513.8,1769461259999,1850588.26260,2273,406467.8,768702.75905,0
1769461260000,1.8907,1.8935,1.8906,1.8928,685934.0,1769461319999,1298189.06608,1744,282462.4,534477.13872,0
1769461320000,1.8928,1.8937,1.8917,1.8924,190634.6,1769461379999,360789.95381,1296,64995.7,122998.62786,0
1769461380000,1.8924,1.8928,1.8911,1.8913,216408.5,1769461439999,409477.60233,1236,107728.4,203831.11226,0
1769461440000,1.8913,1.8915,1.8887,1.8901,1044053.8,1769461499999,1972844.82061,2585,243109.5,459366.76248,0
1769461500000,1.8900,1.8900,1.8882,1.8894,466543.2,1769461559999,881316.26732,1639,99529.4,188019.21731,0
1769461560000,1.8894,1.8902,1.8890,1.8890,185171.2,1769461619999,349888.15209,1042,61865.5,116897.66789,0
1769461620000,1.8890,1.8892,1.8878,1.8882,337634.7,1769461679999,637553.58180,1421,41921.6,79161.90297,0
1769461680000,1.8882,1.8895,1.8882,1.8892,215403.0,1769461739999,406835.53858,816,133693.9,252517.52616,0
1769461740000,1.8891,1.8922,1.8886,1.8908,755212.7,1769461799999,1428090.91508,1944,534775.9,1011368.38187,0
1769461800000,1.8908,1.8930,1.8908,1.8930,229636.2,1769461859999,434466.67892,965,169605.9,320903.92361,0
1769461860000,1.8929,1.8934,1.8917,1.8926,314198.5,1769461919999,594688.14842,1237,146318.1,276947.28669,0
1769461920000,1.8926,1.8932,1.8921,1.8923,200632.6,1769461979999,379678.41986,990,79883.1,151175.30354,0
1769461980000,1.8923,1.8942,1.8923,1.8939,376200.8,1769462039999,712305.02500,1513,268905.9,509164.80649,0
1769462040000,1.8939,1.8952,1.8935,1.8935,209831.1,1769462099999,397544.36820,1068,115428.0,218695.47374,0
1769462100000,1.8935,1.8962,1.8935,1.8958,287854.6,1769462159999,545515.31485,1203,222041.4,420772.37367,0
1769462160000,1.8958,1.8958,1.8944,1.8949,216441.0,1769462219999,410182.35248,1074,96904.0,183625.73959,0
1769462220000,1.8950,1.8954,1.8944,1.8953,174421.5,1769462279999,330485.48909,584,84364.5,159848.62909,0
1769462280000,1.8954,1.8964,1.8953,1.8961,187074.3,1769462339999,354665.87074,929,134020.0,254079.20295,0
1769462340000,1.8961,1.8961,1.8952,1.8955,152666.2,1769462399999,289392.11614,657,52653.1,99806.27432,0
1769462400000,1.8956,1.8956,1.8921,1.8925,190436.7,1769462459999,360595.12383,1035,54431.5,103041.49315,0
1769462460000,1.8924,1.8931,1.8923,1.8923,243215.7,1769462519999,460352.78331,758,73216.1,138579.92169,0
1769462520000,1.8923,1.8923,1.8912,1.8914,193809.8,1769462579999,366655.84431,911,94055.9,177934.86470,0
1769462580000,1.8915,1.8926,1.8914,1.8921,253227.5,1769462639999,479128.64913,875,82860.1,156763.34202,0
1769462640000,1.8920,1.8937,1.8920,1.8937,88662.4,1769462699999,167834.67642,550,66296.9,125510.41640,0
1769462700000,1.8937,1.8951,1.8936,1.8949,134598.8,1769462759999,255003.02051,793,101143.7,191613.36710,0
1769462760000,1.8950,1.8953,1.8945,1.8951,194686.5,1769462819999,368927.04261,696,99640.9,188805.90777,0
1769462820000,1.8950,1.8956,1.8946,1.8955,267554.2,1769462879999,507016.16563,586,112748.6,213677.97099,0
1769462880000,1.8955,1.8966,1.8951,1.8965,161902.5,1769462939999,306947.86473,821,123001.1,233194.80312,0
1769462940000,1.8964,1.8978,1.8960,1.8978,208435.0,1769462999999,395379.39367,899,173017.7,328214.00127,0
1769463000000,1.8977,1.9010,1.8977,1.9009,569372.8,1769463059999,1081680.95523,1858,402127.3,763926.53051,0
1769463060000,1.9009,1.9010,1.8976,1.8976,275991.1,1769463119999,524141.44360,1102,104450.6,198335.55579,0
1769463120000,1.8976,1.8976,1.8958,1.8964,484759.8,1769463179999,919359.74755,1206,223335.8,423562.90320,0
1769463180000,1.8965,1.8978,1.8965,1.8978,82886.4,1769463239999,157247.36242,699,45647.2,86597.03598,0
1769463240000,1.8978,1.8985,1.8973,1.8980,57366.0,1769463299999,108878.02859,517,33344.2,63286.73815,0
1769463300000,1.8979,1.8986,1.8979,1.8984,80038.9,1769463359999,151938.71188,498,40956.7,77745.82284,0
1769463360000,1.8985,1.8997,1.8977,1.8989,463764.5,1769463419999,880626.35930,1229,301895.4,573330.45224,0
1769463420000,1.8988,1.8989,1.8968,1.8972,104521.3,1769463479999,198345.26762,687,26739.2,50734.82964,0
1769463480000,1.8972,1.8979,1.8957,1.8960,266254.9,1769463539999,505061.27039,1158,112754.5,213857.75676,0
1769463540000,1.8961,1.8970,1.8960,1.8970,44567.6,1769463599999,84515.90329,469,35911.9,68103.57674,0
1769463600000,1.8970,1.8991,1.8969,1.8987,132633.4,1769463659999,251750.59645,839,95633.0,181509.89668,0
1769463660000,1.8987,1.9046,1.8983,1.9046,1939924.4,1769463719999,3687797.78285,4026,1354731.4,2575252.30374,0
1769463720000,1.9043,1.9062,1.9024,1.9045,2728134.6,1769463779999,5194931.16224,4969,1442643.8,2747180.68579,0
1769463780000,1.9046,1.9048,1.9017,1.9024,427157.9,1769463839999,812925.34583,1547,203796.1,387835.89275,0
1769463840000,1.9024,1.9025,1.9008,1.9015,232215.6,1769463899999,441589.10850,1003,120396.6,228962.77405,0
1769463900000,1.9014,1.9024,1.9005,1.9014,379518.3,1769463959999,721689.30383,1192,225368.1,428535.80579,0
1769463960000,1.9015,1.9015,1.8987,1.8987,241935.9,1769464019999,459749.27030,1322,92913.2,176562.39122,0
1769464020000,1.8988,1.8991,1.8979,1.8983,195151.0,1769464079999,370492.12768,923,76532.5,145299.80024,0
1769464080000,1.8984,1.9000,1.8981,1.8995,210524.1,1769464139999,399802.75643,882,168456.4,319919.63443,0
1769464140000,1.8996,1.8997,1.8978,1.8988,565321.9,1769464199999,1073380.79528,1436,330468.5,627455.25459,0
1769464200000,1.8989,1.8992,1.8974,1.8976,160056.2,1769464259999,303855.32448,755,75975.8,144246.63384,0
1769464260000,1.8976,1.8993,1.8973,1.8987,273544.8,1769464319999,519261.42943,878,219101.6,415887.10379,0
1769464320000,1.8988,1.9000,1.8983,1.8999,226973.0,1769464379999,431100.72051,977,189778.5,360449.85041,0
1769464380000,1.8999,1.9007,1.8990,1.8993,238109.4,1769464439999,452434.54970,812,165224.6,313951.17413,0
1769464440000,1.8994,1.9002,1.8994,1.9000,145045.5,1769464499999,275564.85442,573,103516.1,196663.20928,0
1769464500000,1.9000,1.9003,1.8994,1.8999,105458.0,1769464559999,200365.87674,631,75863.7,144139.50104,0
1769464560000,1.8999,1.9009,1.8995,1.8995,304905.1,1769464619999,579413.21316,881,230119.4,437310.25379,0
1769464620000,1.8995,1.8995,1.8957,1.8957,564876.6,1769464679999,1071625.91004,1701,115525.8,219166.82326,0
1769464680000,1.8957,1.8978,1.8957,1.8977,338731.8,1769464739999,642573.90285,874,166165.3,315213.98698,0
1769464740000,1.8978,1.8986,1.8973,1.8986,189501.7,1769464799999,359626.72349,752,101170.9,192013.33174,0
1769464800000,1.8985,1.8993,1.8985,1.8988,154869.7,1769464859999,294089.09822,653,71598.8,135961.79156,0
1769464860000,1.8988,1.8989,1.8971,1.8974,230647.0,1769464919999,437736.15860,868,72504.4,137592.93743,0
1769464920000,1.8974,1.8980,1.8974,1.8979,124410.7,1769464979999,236106.67993,502,98130.9,186233.67771,0
1769464980000,1.8979,1.8988,1.8970,1.8982,584340.7,1769465039999,1108952.56585,1515,329098.1,624569.28052,0
1769465040000,1.8982,1.9003,1.8979,1.8983,666816.4,1769465099999,1266318.88088,1632,507459.9,963678.49885,0
1769465100000,1.8984,1.8986,1.8969,1.8972,121533.5,1769465159999,230643.09499,889,41853.6,79422.93225,0
1769465160000,1.8972,1.8973,1.8960,1.8971,125315.4,1769465219999,237674.68529,836,54133.5,102672.16836,0
1769465220000,1.8970,1.8974,1.8968,1.8968,81971.1,1769465279999,155501.78338,536,13099.4,24850.36171,0
1769465280000,1.8969,1.8975,1.8968,1.8968,179422.5,1769465339999,340406.76274,797,57469.0,109027.87622,0
1769465340000,1.8968,1.8969,1.8963,1.8967,85145.8,1769465399999,161480.94330,685,27870.9,52857.25426,0
1769465400000,1.8967,1.8987,1.8967,1.8987,251321.3,1769465459999,476990.79514,842,122650.8,232764.86077,0
1769465460000,1.8987,1.8991,1.8987,1.8990,33640.4,1769465519999,63880.61605,290,22032.6,41837.40451,0
1769465520000,1.8990,1.9000,1.8987,1.8988,245507.4,1769465579999,466335.04442,808,96079.0,182478.99947,0
1769465580000,1.8988,1.9007,1.8985,1.8987,203361.8,1769465639999,386380.03992,830,116287.5,220957.37159,0
1769465640000,1.8987,1.8990,1.8969,1.8972,153558.9,1769465699999,291392.58836,655,57722.5,109520.53104,0
1769465700000,1.8973,1.8981,1.8972,1.8979,73910.3,1769465759999,140250.05475,498,35995.6,68301.50267,0
1769465760000,1.8979,1.8979,1.8953,1.8956,182161.8,1769465819999,345449.33608,802,46591.2,88363.98939,0
1769465820000,1.8956,1.8961,1.8951,1.8956,80138.4,1769465879999,151919.65719,456,21805.2,41336.69484,0
1769465880000,1.8956,1.8956,1.8940,1.8949,259821.3,1769465939999,492289.37742,775,97361.3,184473.94825,0
1769465940000,1.8950,1.8955,1.8947,1.8950,119429.7,1769465999999,226351.87830,400,40183.3,76155.83156,0
1769466000000,1.8949,1.8952,1.8947,1.8948,125403.9,1769466059999,237628.19381,462,32318.6,61240.37521,0
1769466060000,1.8948,1.8949,1.8937,1.8942,145592.5,1769466119999,275760.71937,659,37703.9,71414.41397,0
1769466120000,1.8943,1.8955,1.8942,1.8951,198578.2,1769466179999,376341.94525,528,150178.0,284618.21075,0
1769466180000,1.8951,1.8955,1.8946,1.8948,127487.4,1769466239999,241595.33756,492,22712.7,43044.25979,0
1769466240000,1.8949,1.8974,1.8949,1.8973,243447.5,1769466299999,461632.61004,848,184436.7,349736.90137,0
1769466300000,1.8974,1.8974,1.8960,1.8963,76045.1,1769466359999,144237.72952,457,22663.4,42982.11002,0
1769466360000,1.8964,1.8976,1.8963,1.8968,116963.7,1769466419999,221910.40687,496,28002.5,53121.94374,0
1769466420000,1.8968,1.8974,1.8968,1.8971,71900.7,1769466479999,136406.84710,368,53121.7,100779.72928,0
1769466480000,1.8971,1.8972,1.8966,1.8970,60169.5,1769466539999,114141.33652,379,18803.4,35667.32956,0
1769466540000,1.8970,1.8971,1.8964,1.8965,102448.3,1769466599999,194325.83815,469,13437.6,25489.38351,0
1769466600000,1.8964,1.8964,1.8948,1.8956,178598.4,1769466659999,338475.48781,591,87893.3,166561.74987,0
1769466660000,1.8957,1.8959,1.8941,1.8959,214689.2,1769466719999,406820.41752,799,57392.9,108767.06846,0
1769466720000,1.8959,1.8976,1.8958,1.8976,146927.2,1769466779999,278641.99547,662,87469.4,165879.22092,0
1769466780000,1.8976,1.9005,1.8976,1.9002,142837.9,1769466839999,271301.54232,746,79362.2,150709.76464,0
1769466840000,1.9002,1.9002,1.8991,1.9000,174526.7,1769466899999,331552.88850,529,45963.6,87307.35344,0
1769466900000,1.9001,1.9001,1.8976,1.8998,506860.7,1769466959999,962500.22782,1259,188498.1,357910.49305,0
1769466960000,1.8998,1.9010,1.8994,1.9008,116507.6,1769467019999,221407.86942,541,86450.9,164284.03774,0
1769467020000,1.9009,1.9019,1.9001,1.9014,351502.0,1769467079999,668256.71880,1103,247084.2,469729.52410,0
1769467080000,1.9014,1.9019,1.9006,1.9015,363712.3,1769467139999,691480.28131,892,180128.0,342450.36299,0
1769467140000,1.9015,1.9028,1.9009,1.9017,374406.9,1769467199999,712035.19049,1410,277129.2,527048.47213,0
1769467200000,1.9017,1.9017,1.8993,1.8993,115957.9,1769467259999,220379.10841,858,48350.5,91899.18652,0
1769467260000,1.8994,1.9016,1.8988,1.9002,297457.3,1769467319999,565104.96119,1297,237492.1,451149.04255,0
1769467320000,1.9001,1.9017,1.9000,1.9009,197030.5,1769467379999,374547.98681,766,125022.9,237648.97810,0
1769467380000,1.9009,1.9013,1.9002,1.9002,117044.8,1769467439999,222476.39708,654,52874.8,100508.96226,0
1769467440000,1.9003,1.9003,1.8987,1.8987,101249.7,1769467499999,192307.87369,676,15481.1,29403.46737,0
1769467500000,1.8987,1.9003,1.8987,1.8999,230791.9,1769467559999,438397.86797,939,198247.4,376562.71106,0
1769467560000,1.8999,1.9001,1.8998,1.9000,25568.1,1769467619999,48578.64747,405,21866.3,41545.70855,0
1769467620000,1.9000,1.9010,1.9000,1.9004,125544.6,1769467679999,238603.67335,857,53282.2,101260.39338,0
1769467680000,1.9004,1.9005,1.8987,1.8987,156141.1,1769467739999,296579.42806,780,50762.0,96404.08033,0
1769467740000,1.8987,1.8992,1.8981,1.8991,293193.2,1769467799999,556662.49125,775,81766.5,155249.61665,0
1769467800000,1.8991,1.9005,1.8990,1.9001,148608.8,1769467859999,282360.88145,737,85522.2,162480.30451,0
1769467860000,1.9001,1.9018,1.9000,1.9016,151094.0,1769467919999,287160.62118,638,137941.2,262151.52164,0
1769467920000,1.9016,1.9016,1.9007,1.9009,83685.3,1769467979999,159090.78970,642,55215.4,104967.82764,0
1769467980000,1.9010,1.9013,1.9008,1.9009,49570.3,1769468039999,94235.29857,491,15798.4,30033.62860,0
1769468040000,1.9009,1.9009,1.9000,1.9001,10421.1,1769468099999,19805.83354,432,1611.6,3062.77478,0
1769468100000,1.9000,1.9001,1.8998,1.8998,37242.3,1769468159999,70761.92491,438,19037.7,36173.51492,0
1769468160000,1.8999,1.8999,1.8979,1.8979,96571.9,1769468219999,183352.04549,682,44124.3,83764.95389,0
1769468220000,1.8980,1.8981,1.8978,1.8980,144291.4,1769468279999,273854.87961,553,116206.4,220553.22688,0
1769468280000,1.8981,1.8981,1.8976,1.8980,53957.6,1769468339999,102406.30823,522,25686.3,48749.53213,0
1769468340000,1.8980,1.8988,1.8980,1.8983,127151.1,1769468399999,241385.77576,764,56244.0,106770.04627,0
1769468400000,1.8983,1.8983,1.8949,1.8962,399342.1,1769468459999,757214.73682,1510,170094.5,322422.30719,0
1769468460000,1.8961,1.8972,1.8960,1.8972,146241.8,1769468519999,277319.00383,809,55238.2,104752.73374,0
1769468520000,1.8972,1.8983,1.8944,1.8947,550566.6,1769468579999,1044067.18704,1654,113131.1,214547.65026,0
1769468580000,1.8947,1.8961,1.8947,1.8957,332778.8,1769468639999,630758.56637,1313,116829.9,221439.29946,0
1769468640000,1.8958,1.8959,1.8947,1.8951,270983.6,1769468699999,513610.79943,1007,152982.1,289931.99869,0
1769468700000,1.8951,1.8958,1.8949,1.8958,242610.6,1769468759999,459836.57408,884,152870.9,289733.77621,0
1769468760000,1.8957,1.8961,1.8952,1.8956,173932.4,1769468819999,329705.86787,875,93005.5,176298.34540,0
1769468820000,1.8956,1.8963,1.8955,1.8957,172861.9,1769468879999,327719.59766,684,124530.3,236090.11858,0
1769468880000,1.8958,1.8974,1.8957,1.8966,157994.8,1769468939999,299603.66787,700,113346.2,214934.01868,0
1769468940000,1.8965,1.8984,1.8964,1.8983,703926.3,1769468999999,1335661.47042,1325,531725.1,1008848.15747,0
1769469000000,1.8983,1.8989,1.8982,1.8983,177058.6,1769469059999,336158.85871,671,101428.9,192563.61580,0
1769469060000,1.8983,1.8988,1.8975,1.8985,150872.6,1769469119999,286381.88274,734,87408.4,165916.38167,0
1769469120000,1.8985,1.8992,1.8985,1.8987,133731.9,1769469179999,253930.85480,585,76397.9,145061.69082,0
1769469180000,1.8986,1.9002,1.8984,1.9002,278516.9,1769469239999,528965.55770,1013,207431.2,393983.00087,0
1769469240000,1.9002,1.9011,1.8998,1.9004,323638.1,1769469299999,615097.96354,988,175960.4,334430.18834,0
1769469300000,1.9005,1.9014,1.8997,1.9000,234263.6,1769469359999,445227.51853,1024,86861.4,165103.31278,0
1769469360000,1.9000,1.9010,1.8999,1.9001,138466.5,1769469419999,263166.86475,731,64448.4,122478.52000,0
1769469420000,1.9001,1.9013,1.8999,1.9012,289841.7,1769469479999,550958.32229,905,119866.4,227828.97390,0
1769469480000,1.9012,1.9018,1.9002,1.9002,143574.4,1769469539999,272973.91630,768,67437.6,128223.71208,0
1769469540000,1.9002,1.9012,1.9000,1.9007,193931.4,1769469599999,368587.34619,790,118064.1,224375.36057,0
1769469600000,1.9007,1.9021,1.9000,1.9021,146312.3,1769469659999,278154.35473,871,133917.8,254597.59415,0
1769469660000,1.9021,1.9040,1.9021,1.9039,570547.6,1769469719999,1085667.64516,1261,466963.0,888507.39991,0
1769469720000,1.9039,1.9054,1.9038,1.9044,355407.0,1769469779999,676941.39456,1354,199412.3,379827.89996,0
1769469780000,1.9044,1.9048,1.9039,1.9043,188158.1,1769469839999,358308.19524,680,71466.6,136093.26622,0
1769469840000,1.9043,1.9057,1.9040,1.9052,261010.3,1769469899999,497217.32684,1017,177090.7,337364.16792,0
1769469900000,1.9052,1.9057,1.9050,1.9056,196966.9,1769469959999,375283.78978,759,89698.3,170906.82265,0
1769469960000,1.9056,1.9056,1.9048,1.9048,112340.0,1769470019999,214037.85062,641,49234.2,93806.83571,0
1769470020000,1.9049,1.9050,1.9037,1.9037,282324.4,1769470079999,537637.03027,798,60328.2,114884.46065,0
1769470080000,1.9037,1.9037,1.9026,1.9031,123043.0,1769470139999,234158.32370,701,53124.0,101100.95731,0
1769470140000,1.9032,1.9042,1.9031,1.9041,242276.2,1769470199999,461235.29389,800,196313.8,373733.81652,0
1769470200000,1.9042,1.9054,1.9042,1.9051,172144.3,1769470259999,327913.86223,829,137091.7,261142.03525,0
1769470260000,1.9051,1.9070,1.9046,1.9068,349271.8,1769470319999,665566.46963,1190,200768.9,382628.13301,0
1769470320000,1.9068,1.9093,1.9067,1.9089,599998.2,1769470379999,1144950.01497,1563,472355.2,901353.67870,0
1769470380000,1.9088,1.9098,1.9087,1.9089,281784.0,1769470439999,537943.94545,1051,133904.1,255647.75494,0
1769470440000,1.9089,1.9095,1.9084,1.9088,219727.9,1769470499999,419446.98820,748,95386.9,182093.66573,0
1769470500000,1.9088,1.9099,1.9086,1.9099,270676.0,1769470559999,516862.82910,844,218860.2,417914.87333,0
1769470560000,1.9100,1.9111,1.9098,1.9103,344959.8,1769470619999,658951.86418,1135,189671.4,362306.93148,0
1769470620000,1.9103,1.9103,1.9096,1.9100,136705.0,1769470679999,261103.11892,574,47258.7,90258.06113,0
1769470680000,1.9100,1.9113,1.9099,1.9113,350590.5,1769470739999,669862.27583,958,266781.3,509714.61628,0
1769470740000,1.9113,1.9119,1.9101,1.9103,1079868.6,1769470799999,2063694.54323,1644,776811.2,1484587.59760,0
1769470800000,1.9104,1.9104,1.9096,1.9097,323694.0,1769470859999,618223.15350,804,39636.4,75708.34129,0
1769470860000,1.9097,1.9101,1.9080,1.9088,476252.2,1769470919999,909021.81740,1260,171731.0,327814.17083,0
1769470920000,1.9088,1.9088,1.9073,1.9075,477421.7,1769470979999,910936.78829,961,105503.1,201258.02956,0
1769470980000,1.9075,1.9075,1.9071,1.9072,77802.4,1769471039999,148394.27762,402,38942.4,74275.95816,0
1769471040000,1.9071,1.9077,1.9069,1.9069,135757.9,1769471099999,258933.85930,663,81608.3,155658.05478,0
1769471100000,1.9070,1.9078,1.9070,1.9076,166744.2,1769471159999,318063.00803,768,121928.5,232572.32556,0
1769471160000,1.9075,1.9075,1.9063,1.9065,161484.7,1769471219999,307891.22616,748,83676.1,159535.98680,0
1769471220000,1.9065,1.9075,1.9064,1.9075,324469.2,1769471279999,618737.71691,830,156010.8,297488.97012,0
1769471280000,1.9074,1.9076,1.9068,1.9069,59097.0,1769471339999,112711.33701,344,28891.6,55104.99886,0
1769471340000,1.9068,1.9069,1.9056,1.9059,195974.2,1769471399999,373551.39029,537,64471.6,122887.46063,0
1769471400000,1.9059,1.9063,1.9055,1.9056,65224.4,1769471459999,124317.04802,322,26744.0,50974.09214,0
1769471460000,1.9055,1.9060,1.9045,1.9049,292132.3,1769471519999,556590.39268,873,120889.2,230336.26616,0
1769471520000,1.9050,1.9050,1.9039,1.9045,170804.1,1769471579999,325255.94493,674,89282.0,170013.87657,0
1769471580000,1.9045,1.9050,1.9040,1.9045,158326.4,1769471639999,301526.26293,670,70456.2,134178.36199,0
1769471640000,1.9045,1.9049,1.9045,1.9047,62038.7,1769471699999,118163.68760,442,42224.8,80424.45172,0
1769471700000,1.9047,1.9048,1.9045,1.9046,138846.0,1769471759999,264462.66281,426,75854.2,144480.60994,0
1769471760000,1.9046,1.9046,1.9040,1.9042,70564.6,1769471819999,134377.12483,444,37789.6,71963.62690,0
1769471820000,1.9042,1.9044,1.9041,1.9044,38669.3,1769471879999,73636.06697,348,31509.2,60001.70449,0
1769471880000,1.9043,1.9044,1.9032,1.9033,200720.0,1769471939999,382094.87331,706,99359.6,189133.54142,0
1769471940000,1.9033,1.9033,1.9028,1.9031,123608.6,1769471999999,235231.04886,521,70165.1,133523.33170,0
