open_time,open,high,low,close,volume,close_time,quote_volume,count,taker_buy_volume,taker_buy_quote_volume,ignore
1759881600000,2.8509,2.8517,2.8503,2.8517,635960.4,1759881659999,1813142.62624,2081,425549.2,1213232.94414,0
1759881660000,2.8516,2.8550,2.8516,2.8549,438930.2,1759881719999,1252143.54036,3360,305016.6,870091.21828,0
1759881720000,2.8549,2.8564,2.8548,2.8559,210326.8,1759881779999,600619.31858,1417,129515.3,369847.14004,0
1759881780000,2.8560,2.8589,2.8558,2.8588,285422.5,1759881839999,815556.89542,1376,200409.8,572670.67718,0
1759881840000,2.8587,2.8618,2.8585,2.8614,469832.5,1759881899999,1343905.22729,1636,377582.7,1080029.04494,0
1759881900000,2.8614,2.8619,2.8610,2.8618,283667.9,1759881959999,811701.10981,1079,173784.0,497283.52153,0
1759881960000,2.8619,2.8620,2.8610,2.8617,274534.2,1759882019999,785611.14224,1033,90171.8,258026.12197,0
1759882020000,2.8617,2.8623,2.8614,2.8623,234904.2,1759882079999,672256.12272,1005,148213.2,424161.16636,0
1759882080000,2.8622,2.8648,2.8619,2.8633,398928.1,1759882139999,1142299.09861,1513,260523.2,745969.58839,0
1759882140000,2.8634,2.8648,2.8620,2.8640,598119.4,1759882199999,1713032.40452,2419,344050.2,985352.53371,0
1759882200000,2.8640,2.8675,2.8640,2.8671,355461.6,1759882259999,1018784.52839,1754,219312.6,628536.85213,0
1759882260000,2.8670,2.8683,2.8653,2.8653,650947.5,1759882319999,1866047.11849,2439,281208.4,806118.97125,0
1759882320000,2.8653,2.8659,2.8645,2.8650,350018.6,1759882379999,1002818.88742,1334,105370.5,301883.32905,0
1759882380000,2.8649,2.8670,2.8645,2.8654,348036.1,1759882439999,997345.87620,1384,147005.6,421244.98805,0
1759882440000,2.8653,2.8675,2.8653,2.8674,267574.2,1759882499999,766975.50856,1111,154470.1,442773.58587,0
1759882500000,2.8675,2.8706,2.8672,2.8700,618722.5,1759882559999,1775023.79311,2210,349607.4,1003003.39430,0
1759882560000,2.8701,2.8735,2.8700,2.8735,399086.2,1759882619999,1146038.81117,1715,265117.4,761321.88959,0
1759882620000,2.8735,2.8739,2.8713,2.8720,695982.6,1759882679999,1999444.28409,2018,326701.8,938549.63343,0
1759882680000,2.8720,2.8736,2.8716,2.8735,593668.9,1759882739999,1705310.24304,1950,316941.5,910404.64517,0
1759882740000,2.8735,2.8735,2.8715,2.8727,447137.6,1759882799999,1284354.04469,1400,247642.6,711289.36810,0
1759882800000,2.8728,2.8730,2.8706,2.8716,376054.8,1759882859999,1080009.60808,1323,114806.4,329681.77461,0
1759882860000,2.8716,2.8717,2.8697,2.8704,326397.1,1759882919999,936913.87772,1144,154714.3,444080.64162,0
1759882920000,2.8704,2.8708,2.8689,2.8695,237275.1,1759882979999,680879.34709,1115,92425.3,265215.66412,0
1759882980000,2.8694,2.8697,2.8677,2.8686,281676.2,1759883039999,808093.46459,1307,93346.3,267785.40150,0
1759883040000,2.8685,2.8701,2.8671,2.8701,248030.9,1759883099999,711342.18926,1320,128351.8,368122.07253,0
1759883100000,2.8701,2.8722,2.8693,2.8722,386712.1,1759883159999,1109885.59396,1414,178195.6,511433.54158,0
1759883160000,2.8722,2.8727,2.8700,2.8700,368374.9,1759883219999,1057664.19486,1376,86555.2,248555.44608,0
1759883220000,2.8699,2.8701,2.8689,2.8694,207815.7,1759883279999,596334.75820,1046,80645.6,231400.50983,0
1759883280000,2.8694,2.8705,2.8682,2.8683,203638.9,1759883339999,584296.17657,1075,80492.5,230952.99675,0
1759883340000,2.8683,2.8692,2.8682,2.8684,184048.4,1759883399999,527948.74416,769,109706.7,314695.43141,0
1759883400000,2.8684,2.8684,2.8655,2.8655,348040.0,1759883459999,997805.66445,1293,63490.2,182035.07522,0
1759883460000,2.8654,2.8654,2.8633,2.8637,326477.6,1759883519999,934971.67491,1518,103376.8,296041.55740,0
1759883520000,2.8637,2.8648,2.8613,2.8615,632655.3,1759883579999,1811185.44074,1822,157838.4,451937.25066,0
1759883580000,2.8614,2.8653,2.8586,2.8640,834666.0,1759883639999,2388043.90287,3439,421117.4,1204983.75455,0
1759883640000,2.8639,2.8657,2.8625,2.8654,303745.4,1759883699999,870132.23306,1361,93376.7,267437.00215,0
1759883700000,2.8653,2.8657,2.8635,2.8653,325369.9,1759883759999,932112.38727,1135,145982.1,418191.65937,0
1759883760000,2.8652,2.8665,2.8626,2.8665,576990.0,1759883819999,1652864.93199,1721,312868.3,896289.50209,0
1759883820000,2.8665,2.8710,2.8662,2.8692,380410.8,1759883879999,1091480.74966,1654,142491.5,408798.59855,0
1759883880000,2.8692,2.8720,2.8691,2.8710,297286.6,1759883939999,853513.39759,1017,171710.4,492936.18131,0
1759883940000,2.8709,2.8724,2.8703,2.8722,316372.1,1759883999999,908392.87069,1217,158787.4,455918.60701,0
1759884000000,2.8723,2.8750,2.8722,2.8746,623995.3,1759884059999,1793108.54322,2051,254375.8,730889.64375,0
1759884060000,2.8746,2.8751,2.8738,2.8750,198799.6,1759884119999,571425.99636,1181,84874.2,243968.01666,0
1759884120000,2.8750,2.8754,2.8736,2.8739,227283.3,1759884179999,653335.16317,1355,85582.3,246002.00683,0
1759884180000,2.8740,2.8747,2.8732,2.8733,198056.0,1759884239999,569214.33640,1011,57358.0,164843.35708,0
1759884240000,2.8733,2.8735,2.8714,2.8716,207531.9,1759884299999,596089.21748,916,68201.3,195876.05711,0
1759884300000,2.8716,2.8718,2.8697,2.8707,318639.1,1759884359999,914728.01283,1557,100036.7,287184.89820,0
1759884360000,2.8707,2.8747,2.8706,2.8747,398136.6,1759884419999,1143681.67654,1675,274172.5,787592.75176,0
1759884420000,2.8747,2.8747,2.8716,2.8718,201668.1,1759884479999,579401.58918,1043,97673.9,280589.00136,0
1759884480000,2.8719,2.8734,2.8715,2.8715,283267.2,1759884539999,813611.65639,1121,106955.9,307222.97635,0
1759884540000,2.8716,2.8738,2.8711,2.8730,214376.4,1759884599999,615806.20681,1027,100724.2,289331.04465,0
1759884600000,2.8730,2.8730,2.8710,2.8710,259219.0,1759884659999,744553.37585,969,67862.2,194896.99000,0
1759884660000,2.8711,2.8721,2.8704,2.8705,236594.2,1759884719999,679341.06068,1082,106067.3,304551.95301,0
1759884720000,2.8704,2.8709,2.8694,2.8699,358622.0,1759884779999,1029276.71343,1136,142053.5,407693.56643,0
1759884780000,2.8700,2.8716,2.8692,2.8715,349527.1,1759884839999,1003191.18637,1129,160248.6,459958.83007,0
1759884840000,2.8716,2.8742,2.8708,2.8708,747668.3,1759884899999,2147942.52296,2007,399735.2,1148353.62531,0
1759884900000,2.8708,2.8716,2.8704,2.8710,259287.2,1759884959999,744407.40039,953,162472.3,466447.40987,0
1759884960000,2.8710,2.8711,2.8701,2.8702,85841.2,1759885019999,246416.04337,669,35756.9,102641.95671,0
1759885020000,2.8701,2.8706,2.8696,2.8699,121247.5,1759885079999,347982.36629,658,65900.4,189137.24367,0
1759885080000,2.8700,2.8700,2.8684,2.8692,222838.4,1759885139999,639312.95907,890,155962.9,447441.20477,0
1759885140000,2.8693,2.8693,2.8681,2.8682,155531.6,1759885199999,446126.24893,652,26483.5,75966.49554,0
1759885200000,2.8682,2.8682,2.8655,2.8656,503870.3,1759885259999,1444543.23453,1611,81159.6,232674.74507,0
1759885260000,2.8657,2.8661,2.8652,2.8657,127391.0,1759885319999,365063.02697,788,63874.6,183042.43604,0
1759885320000,2.8657,2.8676,2.8646,2.8647,130335.2,1759885379999,373569.06673,1037,52638.9,150880.83395,0
1759885380000,2.8647,2.8677,2.8646,2.8647,157021.1,1759885439999,450050.24446,1049,78945.6,226223.68792,0
1759885440000,2.8647,2.8667,2.8645,2.8653,289770.2,1759885499999,830304.38724,1162,159028.0,455665.07168,0
1759885500000,2.8653,2.8706,2.8653,2.8673,597872.2,1759885559999,1714949.14320,2237,297222.5,852478.75608,0
1759885560000,2.8672,2.8681,2.8662,2.8663,208754.0,1759885619999,598481.51751,1252,143780.3,412202.60553,0
1759885620000,2.8662,2.8671,2.8653,2.8669,274678.1,1759885679999,787165.58952,1108,160782.3,460761.45245,0
1759885680000,2.8669,2.8710,2.8667,2.8707,353627.9,1759885739999,1014501.05133,1620,230271.3,660580.52829,0
1759885740000,2.8706,2.8709,2.8696,2.8703,143530.1,1759885799999,411976.71985,920,70178.9,201441.44214,0
1759885800000,2.8703,2.8705,2.8676,2.8679,166524.4,1759885859999,477738.22149,994,54651.7,156773.38353,0
1759885860000,2.8678,2.8679,2.8667,2.8668,125867.9,1759885919999,360912.35851,1021,44199.7,126737.23400,0
1759885920000,2.8667,2.8674,2.8665,2.8673,127236.5,1759885979999,364780.35269,730,65459.7,187658.09429,0
1759885980000,2.8673,2.8678,2.8658,2.8660,165371.2,1759886039999,474093.84170,987,58139.3,166672.31410,0
1759886040000,2.8660,2.8673,2.8647,2.8648,163925.0,1759886099999,469770.89119,991,38948.1,111625.57925,0
1759886100000,2.8647,2.8654,2.8642,2.8650,86733.1,1759886159999,248459.22753,715,30643.7,87780.80439,0
1759886160000,2.8649,2.8653,2.8630,2.8651,135671.8,1759886219999,388582.02444,1080,84276.2,241386.18396,0
1759886220000,2.8651,2.8678,2.8640,2.8678,276462.0,1759886279999,792177.01517,1243,185111.5,530436.03228,0
1759886280000,2.8678,2.8701,2.8678,2.8697,264520.1,1759886339999,758971.91710,1175,96442.1,276721.20172,0
1759886340000,2.8696,2.8740,2.8696,2.8740,376002.1,1759886399999,1080207.40513,1557,242443.3,696500.10840,0
1759886400000,2.8739,2.8747,2.8718,2.8719,297848.1,1759886459999,855849.40616,1920,138303.5,397438.14666,0
1759886460000,2.8718,2.8726,2.8700,2.8705,107276.5,1759886519999,308023.77644,1272,61469.0,176498.24583,0
1759886520000,2.8705,2.8708,2.8688,2.8697,87428.8,1759886579999,250899.97745,1097,45251.6,129860.95068,0
1759886580000,2.8697,2.8702,2.8690,2.8699,139611.9,1759886639999,400618.04668,819,111323.9,319444.49875,0
1759886640000,2.8698,2.8716,2.8698,2.8712,82209.2,1759886699999,235998.28230,783,66955.1,192205.67909,0
1759886700000,2.8712,2.8745,2.8712,2.8732,109780.7,1759886759999,315453.21081,890,56207.4,161489.32259,0
1759886760000,2.8731,2.8732,2.8720,2.8731,156371.5,1759886819999,449159.95136,859,108376.8,311290.05957,0
1759886820000,2.8731,2.8743,2.8722,2.8726,164491.8,1759886879999,472573.42347,1609,48756.6,140076.33975,0
1759886880000,2.8726,2.8726,2.8713,2.8713,127885.8,1759886939999,367294.05985,636,61127.9,175565.91912,0
1759886940000,2.8713,2.8714,2.8691,2.8691,98794.3,1759886999999,283551.31787,779,24195.6,69439.82480,0
1759887000000,2.8692,2.8692,2.8666,2.8680,431236.6,1759887059999,1236549.96928,1475,101176.5,290120.17261,0
1759887060000,2.8679,2.8688,2.8672,2.8688,183916.5,1759887119999,527496.89149,949,109899.3,315205.99761,0
1759887120000,2.8687,2.8725,2.8687,2.8710,107571.6,1759887179999,308836.73822,904,61294.2,175934.51366,0
1759887180000,2.8710,2.8723,2.8702,2.8722,107423.7,1759887239999,308436.23507,874,57345.8,164652.20806,0
1759887240000,2.8722,2.8722,2.8704,2.8704,91261.5,1759887299999,262033.97825,675,39599.6,113695.49638,0
1759887300000,2.8703,2.8716,2.8676,2.8678,155697.7,1759887359999,446782.35580,1097,60658.4,174040.82545,0
1759887360000,2.8678,2.8680,2.8657,2.8660,126178.4,1759887419999,361712.05642,911,63144.0,181011.86555,0
1759887420000,2.8660,2.8668,2.8652,2.8668,202305.4,1759887479999,579788.01451,816,104707.3,300100.94250,0
1759887480000,2.8667,2.8704,2.8663,2.8700,96590.7,1759887539999,277046.74126,757,62393.6,178945.35505,0
1759887540000,2.8701,2.8706,2.8682,2.8684,152632.8,1759887599999,438047.06398,738,56452.4,162020.63055,0
1759887600000,2.8685,2.8691,2.8664,2.8665,98112.2,1759887659999,281322.00979,794,51251.7,146962.58296,0
1759887660000,2.8664,2.8691,2.8664,2.8691,84805.6,1759887719999,243174.07370,730,45577.8,130684.99527,0
1759887720000,2.8691,2.8704,2.8673,2.8689,71883.7,1759887779999,206194.64815,930,42830.6,122844.53657,0
1759887780000,2.8690,2.8699,2.8688,2.8689,57696.9,1759887839999,165555.89650,612,24704.0,70882.76563,0
1759887840000,2.8688,2.8688,2.8672,2.8677,88292.3,1759887899999,253208.84617,663,33257.6,95372.47761,0
1759887900000,2.8677,2.8700,2.8676,2.8691,100271.7,1759887959999,287663.64917,942,49059.8,140739.16991,0
1759887960000,2.8692,2.8697,2.8680,2.8696,97202.2,1759888019999,278853.99921,825,58090.4,166647.95652,0
1759888020000,2.8696,2.8709,2.8687,2.8688,119795.5,1759888079999,343768.58228,952,43468.4,124739.01610,0
1759888080000,2.8687,2.8716,2.8682,2.8709,113776.2,1759888139999,326466.67735,1017,74536.6,213861.50465,0
1759888140000,2.8709,2.8725,2.8708,2.8715,175650.0,1759888199999,504401.82340,1000,110226.6,316529.02559,0
1759888200000,2.8716,2.8723,2.8700,2.8701,94346.2,1759888259999,270900.87822,931,55585.0,159600.21443,0
1759888260000,2.8701,2.8713,2.8701,2.8707,82598.4,1759888319999,237117.55209,623,28656.4,82264.22751,0
1759888320000,2.8706,2.8728,2.8706,2.8728,55011.7,1759888379999,157962.04487,573,31274.5,89805.23844,0
1759888380000,2.8728,2.8729,2.8716,2.8716,84159.9,1759888439999,241739.04252,664,32284.0,92731.71764,0
1759888440000,2.8716,2.8718,2.8709,2.8714,56744.4,1759888499999,162932.25277,489,27397.0,78663.12277,0
1759888500000,2.8714,2.8733,2.8711,2.8732,69447.6,1759888559999,199467.64795,531,58140.0,166991.39318,0
1759888560000,2.8733,2.8733,2.8722,2.8725,137980.3,1759888619999,396369.56085,561,85708.9,246202.95170,0
1759888620000,2.8724,2.8728,2.8719,2.8723,82555.4,1759888679999,237137.25541,509,40575.4,116551.90654,0
1759888680000,2.8723,2.8724,2.8713,2.8713,24556.9,1759888739999,70526.50295,337,3805.7,10929.23864,0
1759888740000,2.8713,2.8716,2.8703,2.8706,64192.5,1759888799999,184301.04597,426,26643.8,76496.87612,0
1759888800000,2.8706,2.8709,2.8685,2.8686,217264.4,1759888859999,623430.88222,807,55859.4,160255.77195,0
1759888860000,2.8686,2.8689,2.8677,2.8689,100702.1,1759888919999,288823.15821,767,55654.4,159622.59307,0
1759888920000,2.8690,2.8691,2.8668,2.8672,243071.5,1759888979999,697039.36765,1001,118755.8,340508.89716,0
1759888980000,2.8672,2.8709,2.8671,2.8709,120682.8,1759889039999,346274.03386,802,73224.6,210090.86082,0
1759889040000,2.8710,2.8715,2.8706,2.8708,75742.4,1759889099999,217465.39923,738,20799.8,59718.30493,0
1759889100000,2.8708,2.8708,2.8657,2.8657,181034.0,1759889159999,519156.54608,1499,73930.9,211991.99905,0
1759889160000,2.8657,2.8671,2.8653,2.8671,185527.6,1759889219999,531672.61706,1024,125410.3,359394.40751,0
1759889220000,2.8671,2.8696,2.8668,2.8685,116122.7,1759889279999,333108.29358,1015,56523.7,162146.64519,0
1759889280000,2.8685,2.8685,2.8662,2.8667,170152.1,1759889339999,487803.26163,1098,92542.1,265281.52746,0
1759889340000,2.8667,2.8686,2.8663,2.8686,100313.2,1759889399999,287598.02544,631,46208.8,132482.78652,0
1759889400000,2.8686,2.8701,2.8682,2.8689,143703.2,1759889459999,412337.85225,867,60000.4,172164.13744,0
1759889460000,2.8690,2.8690,2.8670,2.8676,122900.2,1759889519999,352466.70569,726,48238.1,138324.01597,0
1759889520000,2.8676,2.8703,2.8675,2.8702,240122.1,1759889579999,688715.62360,692,168643.8,483709.93649,0
1759889580000,2.8702,2.8716,2.8695,2.8709,192600.3,1759889639999,552865.24375,1014,114215.0,327812.39700,0
1759889640000,2.8708,2.8709,2.8688,2.8697,132734.5,1759889699999,380897.69322,830,31756.8,91113.78475,0
1759889700000,2.8696,2.8729,2.8694,2.8726,297767.3,1759889759999,855073.14640,1272,173374.9,497837.37379,0
1759889760000,2.8725,2.8752,2.8725,2.8748,311578.6,1759889819999,895620.93016,1763,183525.0,527536.55719,0
1759889820000,2.8748,2.8754,2.8733,2.8736,131467.3,1759889879999,377886.64991,1079,35973.6,103404.34741,0
1759889880000,2.8737,2.8750,2.8726,2.8734,162512.1,1759889939999,466995.55623,1160,66440.6,190925.56798,0
1759889940000,2.8733,2.8736,2.8719,2.8728,224157.4,1759889999999,643959.71381,1077,79311.6,227816.08764,0
1759890000000,2.8729,2.8751,2.8723,2.8746,286501.6,1759890059999,823312.35047,1043,182447.2,524243.55539,0
1759890060000,2.8747,2.8758,2.8743,2.8758,181111.0,1759890119999,520685.35275,1343,84863.2,243986.60212,0
1759890120000,2.8758,2.8761,2.8745,2.8752,233639.1,1759890179999,671811.02037,1161,116186.1,334090.20609,0
1759890180000,2.8753,2.8774,2.8748,2.8772,275832.2,1759890239999,793342.50775,1437,129476.8,372389.99041,0
1759890240000,2.8772,2.8773,2.8757,2.8761,316152.5,1759890299999,909455.54468,955,147382.4,423975.71118,0
1759890300000,2.8761,2.8777,2.8761,2.8765,174074.9,1759890359999,500835.95671,955,71979.5,207082.55468,0
1759890360000,2.8766,2.8778,2.8765,2.8775,243325.6,1759890419999,700108.14864,792,138555.9,398652.76343,0
1759890420000,2.8776,2.8776,2.8770,2.8773,158206.9,1759890479999,455212.79302,713,52213.7,150235.77630,0
1759890480000,2.8772,2.8774,2.8762,2.8765,208991.2,1759890539999,601216.58606,891,27285.3,78489.30809,0
1759890540000,2.8765,2.8769,2.8761,2.8768,125075.2,1759890599999,359784.03475,797,65635.8,188798.14767,0
1759890600000,2.8767,2.8769,2.8756,2.8760,393925.4,1759890659999,1133029.26234,1169,63365.3,182237.34060,0
1759890660000,2.8759,2.8768,2.8747,2.8755,358658.2,1759890719999,1031343.96590,1443,97131.5,279312.80605,0
1759890720000,2.8755,2.8756,2.8736,2.8737,251328.3,1759890779999,722354.97371,1023,51953.2,149318.51633,0
1759890780000,2.8737,2.8743,2.8733,2.8743,154490.6,1759890839999,443945.93814,758,78077.0,224366.72022,0
1759890840000,2.8743,2.8750,2.8731,2.8732,109353.0,1759890899999,314326.04070,842,34638.1,99563.55215,0
1759890900000,2.8732,2.8740,2.8730,2.8737,154410.3,1759890959999,443683.26120,902,72966.3,209656.44038,0
1759890960000,2.8736,2.8736,2.8726,2.8732,196711.4,1759891019999,565117.14482,785,58185.7,167155.59381,0
1759891020000,2.8732,2.8732,2.8717,2.8720,213374.2,1759891079999,612848.63547,1011,64444.5,185077.83530,0
1759891080000,2.8721,2.8721,2.8695,2.8698,395025.3,1759891139999,1133912.51443,1388,51336.6,147368.16930,0
1759891140000,2.8698,2.8700,2.8697,2.8697,95445.0,1759891199999,273912.11814,458,66409.6,190584.47667,0
1759891200000,2.8697,2.8702,2.8690,2.8699,154230.6,1759891259999,442570.43990,811,97242.6,279046.83600,0
1759891260000,2.8700,2.8705,2.8687,2.8691,269217.9,1759891319999,772485.31074,960,62496.7,179323.65827,0
1759891320000,2.8692,2.8699,2.8688,2.8690,91186.9,1759891379999,261652.44666,530,32110.7,92139.06519,0
1759891380000,2.8689,2.8698,2.8689,2.8697,45351.5,1759891439999,130132.75567,403,24472.2,70216.40217,0
1759891440000,2.8696,2.8706,2.8695,2.8696,90093.7,1759891499999,258581.22038,668,27398.8,78634.87881,0
1759891500000,2.8696,2.8701,2.8688,2.8689,112518.1,1759891559999,322874.21755,621,44486.1,127657.81581,0
1759891560000,2.8689,2.8691,2.8681,2.8682,69663.9,1759891619999,199840.07137,517,27981.8,80271.68477,0
1759891620000,2.8681,2.8700,2.8677,2.8698,245757.4,1759891679999,704933.68745,961,127956.4,367051.57067,0
1759891680000,2.8697,2.8719,2.8689,2.8718,240867.2,1759891739999,691370.85191,1052,95825.7,275061.97818,0
1759891740000,2.8719,2.8731,2.8704,2.8715,309123.1,1759891799999,887822.24533,1348,160782.6,461796.36637,0
1759891800000,2.8715,2.8736,2.8714,2.8734,132914.7,1759891859999,381752.93193,661,83710.9,240430.85387,0
1759891860000,2.8735,2.8750,2.8725,2.8733,696795.9,1759891919999,2002479.13130,1665,423325.5,1216574.91259,0
1759891920000,2.8733,2.8740,2.8698,2.8700,2763482.2,1759891979999,7935065.85091,3033,531646.8,1526259.81521,0
1759891980000,2.8701,2.8701,2.8674,2.8696,1041318.5,1759892039999,2987261.14790,1622,304141.9,872373.13013,0
1759892040000,2.8696,2.8713,2.8695,2.8712,102124.4,1759892099999,293089.36236,836,72261.7,207388.04058,0
1759892100000,2.8713,2.8713,2.8704,2.8705,174108.7,1759892159999,499844.57954,599,48358.4,138828.27106,0
1759892160000,2.8705,2.8705,2.8697,2.8698,142866.3,1759892219999,410049.27326,439,28773.6,82585.88053,0
1759892220000,2.8697,2.8698,2.8678,2.8679,81263.7,1759892279999,233122.28636,563,15130.1,43401.29479,0
1759892280000,2.8678,2.8679,2.8675,2.8676,50173.0,1759892339999,143877.67401,337,15061.9,43191.67674,0
1759892340000,2.8676,2.8682,2.8675,2.8677,84251.8,1759892399999,241609.65856,434,59603.6,170921.32826,0
1759892400000,2.8677,2.8677,2.8650,2.8653,374714.9,1759892459999,1073943.93972,1775,50149.5,143708.99175,0
1759892460000,2.8652,2.8660,2.8646,2.8660,105663.9,1759892519999,302743.64643,805,40240.9,115300.65595,0
1759892520000,2.8660,2.8664,2.8631,2.8632,234967.7,1759892579999,673071.87115,1287,50080.7,143469.03945,0
1759892580000,2.8633,2.8636,2.8621,2.8622,213056.3,1759892639999,610013.92361,1110,91863.9,263031.25276,0
1759892640000,2.8622,2.8632,2.8620,2.8622,233653.5,1759892699999,668809.93026,884,151922.9,434854.06206,0
1759892700000,2.8621,2.8622,2.8604,2.8605,279301.7,1759892759999,799140.00711,1484,87859.1,251385.12183,0
1759892760000,2.8606,2.8611,2.8597,2.8611,258911.5,1759892819999,740569.58799,1293,104123.0,297835.52913,0
1759892820000,2.8610,2.8611,2.8591,2.8604,152211.2,1759892879999,435301.74388,1109,65076.2,186100.96875,0
1759892880000,2.8604,2.8613,2.8603,2.8609,170682.1,1759892939999,488277.75329,816,106366.9,304282.67734,0
1759892940000,2.8609,2.8609,2.8574,2.8585,487017.3,1759892999999,1392430.79498,1499,112805.9,322504.68137,0
1759893000000,2.8584,2.8592,2.8567,2.8567,161991.7,1759893059999,462940.58430,1175,61249.4,175053.36715,0
1759893060000,2.8568,2.8580,2.8550,2.8575,276926.1,1759893119999,791042.01515,1611,114791.1,327906.61609,0
1759893120000,2.8575,2.8576,2.8553,2.8559,269112.9,1759893179999,768701.73101,1388,92216.5,263397.01692,0
1759893180000,2.8559,2.8560,2.8547,2.8553,244904.2,1759893239999,699208.56029,863,47283.2,134993.92802,0
1759893240000,2.8553,2.8560,2.8545,2.8546,273268.0,1759893299999,780212.12001,1024,140630.5,401528.09476,0
1759893300000,2.8547,2.8566,2.8546,2.8559,180796.5,1759893359999,516340.73110,1182,92615.3,264497.52498,0
1759893360000,2.8559,2.8560,2.8546,2.8552,124327.6,1759893419999,355021.72614,1650,76053.4,217166.79435,0
1759893420000,2.8552,2.8574,2.8551,2.8574,155815.3,1759893479999,444988.89924,1240,127688.0,364668.15025,0
1759893480000,2.8574,2.8592,2.8563,2.8583,250836.4,1759893539999,716813.86138,1163,138962.6,397080.50718,0
1759893540000,2.8584,2.8597,2.8577,2.8579,173507.4,1759893599999,496024.32182,854,88092.2,251824.36103,0
1759893600000,2.8579,2.8579,2.8542,2.8543,248612.6,1759893659999,709916.34911,1021,30196.9,86216.16677,0
1759893660000,2.8542,2.8543,2.8490,2.8503,1019499.4,1759893719999,2907677.27561,3239,246816.9,703944.97434,0
1759893720000,2.8504,2.8544,2.8502,2.8542,259588.6,1759893779999,740342.70047,1461,162947.0,464736.17438,0
1759893780000,2.8543,2.8549,2.8530,2.8536,293732.3,1759893839999,838300.91409,1057,90504.1,258265.61403,0
1759893840000,2.8537,2.8537,2.8509,2.8524,246262.1,1759893899999,702351.87952,1248,100662.2,287088.74781,0
1759893900000,2.8524,2.8536,2.8488,2.8495,335451.9,1759893959999,956397.09221,1580,122900.9,350448.22819,0
1759893960000,2.8495,2.8502,2.8362,2.8389,5991019.3,1759894019999,17023426.10947,9322,1267425.3,3601862.99453,0
1759894020000,2.8386,2.8462,2.8386,2.8457,2320793.2,1759894079999,6598046.67889,4769,1369420.0,3892837.06586,0
1759894080000,2.8457,2.8484,2.8452,2.8478,720779.4,1759894139999,2051885.95382,2170,389769.6,1109536.96644,0
1759894140000,2.8479,2.8492,2.8453,2.8454,532604.1,1759894199999,1516284.90726,1739,149945.3,426870.10178,0
1759894200000,2.8454,2.8486,2.8443,2.8484,561511.3,1759894259999,1598503.70511,2396,229486.0,653194.59836,0
1759894260000,2.8485,2.8502,2.8480,2.8494,389693.7,1759894319999,1110265.74903,1606,162468.7,462861.40099,0
1759894320000,2.8495,2.8495,2.8482,2.8494,152330.7,1759894379999,433947.69541,1161,69598.5,198261.85157,0
1759894380000,2.8495,2.8496,2.8433,2.8433,337364.5,1759894439999,960196.38255,1877,158791.7,451906.17097,0
1759894440000,2.8433,2.8444,2.8408,2.8444,500702.2,1759894499999,1423423.30149,2249,247228.8,702921.39486,0
1759894500000,2.8445,2.8462,2.8432,2.8452,431280.2,1759894559999,1226998.32357,1594,153023.0,435310.98701,0
1759894560000,2.8452,2.8473,2.8420,2.8473,251128.6,1759894619999,714212.56679,1759,103522.6,294480.29075,0
1759894620000,2.8473,2.8480,2.8455,2.8480,268631.6,1759894679999,764781.00221,1401,89892.6,255905.82013,0
1759894680000,2.8479,2.8481,2.8439,2.8447,156095.4,1759894739999,444209.54966,1375,52522.4,149478.74170,0
1759894740000,2.8446,2.8448,2.8430,2.8444,223572.5,1759894799999,635823.81267,1358,99269.9,282324.08711,0
1759894800000,2.8444,2.8449,2.8428,2.8448,297758.1,1759894859999,846791.63948,1575,206756.9,587994.68701,0
1759894860000,2.8448,2.8469,2.8447,2.8469,223955.4,1759894919999,637379.26547,1346,123768.4,352225.41571,0
1759894920000,2.8468,2.8500,2.8466,2.8482,213839.7,1759894979999,609107.69834,1260,138165.6,393512.20765,0
1759894980000,2.8482,2.8489,2.8473,2.8473,425301.0,1759895039999,1211273.33110,1347,338797.8,964908.62832,0
1759895040000,2.8474,2.8479,2.8457,2.8460,291782.7,1759895099999,830699.38341,1171,173424.3,493715.34020,0
1759895100000,2.8460,2.8475,2.8460,2.8475,206558.8,1759895159999,587992.71298,1304,122261.7,348028.83031,0
1759895160000,2.8475,2.8502,2.8457,2.8502,182480.0,1759895219999,519666.38989,1380,108265.7,308325.28070,0
1759895220000,2.8503,2.8511,2.8497,2.8507,175812.5,1759895279999,501140.81947,1226,91830.8,261749.16357,0
1759895280000,2.8507,2.8515,2.8496,2.8514,97908.2,1759895339999,279093.18059,830,47880.5,136492.85906,0
1759895340000,2.8515,2.8517,2.8501,2.8503,168746.3,1759895399999,481120.40792,1006,65099.3,185605.63737,0
1759895400000,2.8502,2.8515,2.8498,2.8513,123328.2,1759895459999,351545.28242,858,56900.9,162205.24906,0
1759895460000,2.8513,2.8525,2.8513,2.8514,132419.6,1759895519999,377655.41330,936,76105.9,217045.70509,0
1759895520000,2.8513,2.8515,2.8473,2.8478,355631.7,1759895579999,1013188.15591,1505,57890.6,164940.56159,0
1759895580000,2.8478,2.8478,2.8455,2.8456,179307.1,1759895639999,510360.58256,1105,45479.9,129438.02920,0
1759895640000,2.8456,2.8462,2.8444,2.8452,355211.8,1759895699999,1010647.83208,1818,186933.6,531842.28694,0
1759895700000,2.8451,2.8465,2.8449,2.8457,331616.2,1759895759999,943555.83008,1387,87118.7,247880.00650,0
1759895760000,2.8456,2.8480,2.8455,2.8458,198686.7,1759895819999,565581.78054,1148,77135.3,219545.87862,0
1759895820000,2.8458,2.8461,2.8438,2.8448,273217.7,1759895879999,777279.43864,1429,55877.4,158976.66413,0
1759895880000,2.8449,2.8465,2.8442,2.8443,156304.5,1759895939999,444736.49989,1105,83291.3,236996.05127,0
1759895940000,2.8443,2.8454,2.8440,2.8451,100291.4,1759895999999,285290.04526,677,36240.5,103087.32166,0
1759896000000,2.8451,2.8459,2.8443,2.8452,398288.2,1759896059999,1133219.53885,1720,197791.6,562754.63110,0
1759896060000,2.8452,2.8458,2.8430,2.8458,467578.5,1759896119999,1329837.97873,2064,177620.8,505187.61324,0
1759896120000,2.8459,2.8476,2.8445,2.8469,256812.7,1759896179999,730922.04444,1566,138845.0,395164.71050,0
1759896180000,2.8469,2.8469,2.8451,2.8466,152354.7,1759896239999,433585.03704,1450,71729.2,204132.50570,0
1759896240000,2.8465,2.8490,2.8445,2.8490,431623.6,1759896299999,1228462.56810,1724,304285.8,866053.72777,0
1759896300000,2.8490,2.8503,2.8471,2.8503,460772.3,1759896359999,1312770.08934,2407,316149.2,900760.51641,0
1759896360000,2.8504,2.8508,2.8458,2.8460,381200.4,1759896419999,1086156.65287,1499,125866.4,358559.71453,0
1759896420000,2.8460,2.8461,2.8415,2.8415,524210.2,1759896479999,1490708.72105,2089,138650.8,394277.38237,0
1759896480000,2.8414,2.8435,2.8402,2.8402,346838.2,1759896539999,985670.24844,2201,120392.8,342148.54098,0
1759896540000,2.8402,2.8408,2.8396,2.8407,325438.2,1759896599999,924253.51256,1789,137462.4,390395.22047,0
1759896600000,2.8407,2.8409,2.8312,2.8328,2304363.1,1759896659999,6535135.71276,5994,624067.3,1769577.25323,0
1759896660000,2.8327,2.8397,2.8284,2.8383,3322336.1,1759896719999,9411864.65596,8402,1504132.0,4261758.75570,0
1759896720000,2.8383,2.8457,2.8383,2.8455,1015176.4,1759896779999,2886160.84030,3496,618528.7,1758207.80862,0
1759896780000,2.8454,2.8494,2.8442,2.8485,460163.1,1759896839999,1310378.89226,2230,273587.3,779093.68891,0
1759896840000,2.8485,2.8507,2.8485,2.8502,352229.1,1759896899999,1003791.52688,2173,195791.1,557968.34121,0
1759896900000,2.8502,2.8534,2.8501,2.8514,418317.2,1759896959999,1192892.50969,3068,200373.9,571368.55302,0
1759896960000,2.8514,2.8563,2.8509,2.8562,496208.4,1759897019999,1415991.72514,2233,383285.9,1093839.27397,0
1759897020000,2.8562,2.8580,2.8555,2.8579,799351.3,1759897079999,2283783.03752,2119,651838.7,1862330.64578,0
1759897080000,2.8579,2.8592,2.8573,2.8580,230751.2,1759897139999,659555.11509,1224,140391.5,401272.38105,0
1759897140000,2.8580,2.8592,2.8578,2.8583,304790.8,1759897199999,871216.85084,1247,188951.7,540093.80732,0
1759897200000,2.8584,2.8586,2.8565,2.8565,208857.7,1759897259999,596936.84155,1095,76782.3,219467.13930,0
1759897260000,2.8565,2.8569,2.8550,2.8551,437707.1,1759897319999,1250099.22361,1287,100489.8,287003.40614,0
1759897320000,2.8551,2.8559,2.8544,2.8559,168370.7,1759897379999,480694.52804,906,93649.3,267366.53906,0
1759897380000,2.8559,2.8561,2.8550,2.8559,190511.6,1759897439999,544024.36843,841,85976.6,245518.19268,0
1759897440000,2.8559,2.8560,2.8542,2.8546,214256.3,1759897499999,611746.58778,845,51933.3,148272.99144,0
1759897500000,2.8547,2.8550,2.8536,2.8547,205177.2,1759897559999,585581.47304,919,114017.0,325418.64788,0
1759897560000,2.8547,2.8547,2.8531,2.8534,158968.0,1759897619999,453692.86680,829,94897.5,270834.63753,0
1759897620000,2.8534,2.8554,2.8531,2.8554,155170.8,1759897679999,442902.79087,840,121428.1,346596.16789,0
1759897680000,2.8554,2.8567,2.8552,2.8567,48682.1,1759897739999,139029.36092,541,35372.9,101024.97539,0
1759897740000,2.8567,2.8569,2.8555,2.8555,127999.2,1759897799999,365599.91789,677,29955.5,85563.82853,0
1759897800000,2.8555,2.8590,2.8553,2.8587,325193.9,1759897859999,929051.70343,1187,170557.0,487179.20184,0
1759897860000,2.8587,2.8615,2.8586,2.8613,496674.8,1759897919999,1420745.71684,1822,195949.4,560513.08896,0
1759897920000,2.8613,2.8632,2.8593,2.8601,474365.0,1759897979999,1357563.85043,1730,177656.6,508415.09802,0
1759897980000,2.8601,2.8610,2.8590,2.8600,209583.6,1759898039999,599411.64727,1203,102205.0,292312.46284,0
1759898040000,2.8601,2.8603,2.8589,2.8595,287750.2,1759898099999,822863.32198,1048,29656.2,84804.41359,0
1759898100000,2.8595,2.8612,2.8591,2.8611,171337.4,1759898159999,489990.60929,858,99011.7,283155.28157,0
1759898160000,2.8611,2.8612,2.8593,2.8593,141806.0,1759898219999,405606.57667,817,46509.0,133027.18699,0
1759898220000,2.8593,2.8609,2.8580,2.8580,135343.5,1759898279999,386994.52480,855,35850.7,102533.92752,0
1759898280000,2.8580,2.8580,2.8572,2.8578,130993.3,1759898339999,374339.29937,725,49945.7,142722.74891,0
1759898340000,2.8578,2.8579,2.8564,2.8566,99979.2,1759898399999,285662.67190,674,21270.9,60774.96828,0
1759898400000,2.8566,2.8578,2.8559,2.8573,187153.0,1759898459999,534648.70000,753,87543.0,250096.52485,0
1759898460000,2.8573,2.8574,2.8562,2.8570,117691.3,1759898519999,336212.63072,808,61508.7,175697.60206,0
1759898520000,2.8571,2.8571,2.8559,2.8559,61546.9,1759898579999,175804.11659,423,10056.8,28726.95011,0
1759898580000,2.8559,2.8560,2.8550,2.8550,103824.6,1759898639999,296477.97567,612,16743.4,47814.71676,0
1759898640000,2.8549,2.8562,2.8545,2.8561,86878.2,1759898699999,248071.96583,604,55334.4,157997.87109,0
1759898700000,2.8561,2.8593,2.8561,2.8590,73900.5,1759898759999,211214.96515,725,43879.5,125395.23506,0
1759898760000,2.8590,2.8593,2.8577,2.8579,121882.2,1759898819999,348424.51043,775,21107.9,60345.56411,0
1759898820000,2.8579,2.8580,2.8567,2.8570,61201.7,1759898879999,174865.07834,457,16239.6,46396.07671,0
1759898880000,2.8570,2.8571,2.8562,2.8565,40141.9,1759898939999,114671.18487,393,20947.6,59839.07365,0
1759898940000,2.8566,2.8566,2.8559,2.8563,132243.7,1759898999999,377717.26420,461,31808.7,90851.48494,0
1759899000000,2.8564,2.8578,2.8556,2.8563,139864.6,1759899059999,399553.98183,707,55072.1,157315.37018,0
1759899060000,2.8563,2.8570,2.8557,2.8570,75370.6,1759899119999,215266.00017,508,28104.7,80273.59730,0
1759899120000,2.8571,2.8580,2.8558,2.8558,85335.5,1759899179999,243792.86248,683,42724.8,122064.32489,0
1759899180000,2.8559,2.8565,2.8548,2.8562,137445.5,1759899239999,392477.85991,791,64532.0,184279.90908,0
1759899240000,2.8562,2.8575,2.8561,2.8571,116139.9,1759899299999,331812.71859,513,47303.4,135140.15456,0
1759899300000,2.8571,2.8581,2.8566,2.8581,67130.1,1759899359999,191814.70631,706,37073.7,105933.18987,0
1759899360000,2.8581,2.8582,2.8580,2.8581,11051.6,1759899419999,31586.90539,291,7838.3,22402.99454,0
1759899420000,2.8582,2.8598,2.8581,2.8594,104219.9,1759899479999,297991.21896,743,59842.2,171095.61845,0
1759899480000,2.8594,2.8616,2.8594,2.8615,126498.6,1759899539999,361849.56242,881,109968.5,314566.34950,0
1759899540000,2.8615,2.8616,2.8609,2.8609,63189.6,1759899599999,180799.93050,417,9423.2,26963.51568,0
1759899600000,2.8610,2.8612,2.8593,2.8596,224566.7,1759899659999,642230.05965,1036,88248.1,252383.91614,0
1759899660000,2.8597,2.8601,2.8589,2.8600,97943.7,1759899719999,280068.50501,688,40321.2,115297.38931,0
1759899720000,2.8600,2.8601,2.8563,2.8572,265063.4,1759899779999,757635.09248,1396,107566.1,307397.32537,0
1759899780000,2.8573,2.8583,2.8562,2.8563,160150.5,1759899839999,457655.22606,1039,99571.4,284552.18894,0
1759899840000,2.8563,2.8566,2.8552,2.8562,148533.5,1759899899999,424188.73130,831,56647.6,161775.72892,0
1759899900000,2.8561,2.8565,2.8550,2.8559,194938.0,1759899959999,556713.29907,935,131161.3,374584.86939,0
1759899960000,2.8559,2.8570,2.8551,2.8570,78978.7,1759900019999,225565.05888,672,40175.0,114745.76070,0
1759900020000,2.8569,2.8574,2.8559,2.8566,100678.5,1759900079999,287612.56763,812,45259.3,129302.13183,0
1759900080000,2.8565,2.8573,2.8562,2.8563,95683.1,1759900139999,273342.15154,643,53177.7,151913.22154,0
1759900140000,2.8562,2.8587,2.8556,2.8585,108812.2,1759900199999,310936.56189,876,75480.0,215681.74118,0
1759900200000,2.8584,2.8592,2.8554,2.8558,136503.2,1759900259999,389973.85613,945,32689.3,93406.05962,0
1759900260000,2.8557,2.8561,2.8548,2.8552,140109.7,1759900319999,400060.08645,825,78902.5,225290.68314,0
1759900320000,2.8552,2.8553,2.8541,2.8544,118425.4,1759900379999,338067.47226,791,19690.8,56211.70703,0
1759900380000,2.8544,2.8545,2.8523,2.8539,304374.5,1759900439999,868496.36587,1170,160262.9,457296.38564,0
1759900440000,2.8539,2.8546,2.8535,2.8545,61516.0,1759900499999,175569.44140,633,33481.0,95556.42725,0
1759900500000,2.8545,2.8552,2.8542,2.8546,109998.7,1759900559999,314018.47499,991,63317.2,180754.77011,0
1759900560000,2.8546,2.8554,2.8538,2.8541,257301.0,1759900619999,734447.29490,1080,115748.3,330381.62517,0
1759900620000,2.8541,2.8553,2.8526,2.8527,220256.1,1759900679999,628692.49179,1270,123327.2,352055.08184,0
1759900680000,2.8527,2.8539,2.8526,2.8536,171812.4,1759900739999,490229.17047,763,95047.3,271183.35696,0
1759900740000,2.8536,2.8540,2.8517,2.8530,300942.9,1759900799999,858484.66515,1248,70247.0,200398.17156,0
1759900800000,2.8530,2.8536,2.8510,2.8520,326099.9,1759900859999,930242.59031,1396,129182.7,368516.25606,0
1759900860000,2.8520,2.8520,2.8501,2.8510,310131.8,1759900919999,884203.74677,1356,187778.2,535357.23023,0
1759900920000,2.8509,2.8512,2.8497,2.8510,298848.1,1759900979999,851845.05726,1301,119733.6,341293.40817,0
1759900980000,2.8509,2.8509,2.8500,2.8506,163371.0,1759901039999,465669.89737,834,55978.5,159565.58100,0
1759901040000,2.8506,2.8523,2.8505,2.8521,140516.3,1759901099999,400691.07395,751,100077.7,285365.80772,0
1759901100000,2.8521,2.8521,2.8497,2.8506,272373.6,1759901159999,776430.52768,1377,132026.0,376352.97532,0
1759901160000,2.8506,2.8509,2.8502,2.8504,154737.0,1759901219999,441085.81805,671,64765.4,184613.81643,0
1759901220000,2.8503,2.8518,2.8497,2.8517,252686.3,1759901279999,720287.83042,1106,131601.4,375171.05063,0
1759901280000,2.8516,2.8517,2.8500,2.8506,240115.7,1759901339999,684511.66149,988,133680.4,381085.65339,0
1759901340000,2.8506,2.8524,2.8502,2.8517,214850.7,1759901399999,612620.79278,904,74877.9,213489.16589,0
1759901400000,2.8518,2.8529,2.8502,2.8520,236600.3,1759901459999,674653.38227,1604,106858.7,304719.51635,0
1759901460000,2.8521,2.8531,2.8516,2.8526,305251.6,1759901519999,870668.87785,1416,115527.3,329529.81167,0
1759901520000,2.8526,2.8539,2.8526,2.8531,128954.2,1759901579999,367952.45698,869,30681.3,87545.16038,0
1759901580000,2.8531,2.8536,2.8508,2.8508,222973.1,1759901639999,635999.60092,1168,19491.2,55606.85190,0
1759901640000,2.8509,2.8513,2.8496,2.8497,213400.7,1759901699999,608233.24487,1165,32547.2,92769.42761,0
1759901700000,2.8498,2.8507,2.8498,2.8507,169246.2,1759901759999,482397.67053,896,48724.9,138877.95636,0
1759901760000,2.8507,2.8513,2.8496,2.8500,137736.5,1759901819999,392630.70340,945,22633.3,64517.66327,0
1759901820000,2.8501,2.8503,2.8489,2.8496,193289.8,1759901879999,550798.25587,1150,52197.5,148740.56757,0
1759901880000,2.8497,2.8507,2.8495,2.8498,109721.2,1759901939999,312707.03351,850,40140.1,114398.30633,0
1759901940000,2.8499,2.8528,2.8498,2.8527,175464.6,1759901999999,500207.37959,910,92440.5,263501.15583,0
1759902000000,2.8528,2.8528,2.8493,2.8496,131470.3,1759902059999,374817.56781,899,24434.4,69639.47827,0
1759902060000,2.8496,2.8513,2.8487,2.8494,223133.6,1759902119999,635961.44565,1324,82357.0,234709.04645,0
1759902120000,2.8494,2.8517,2.8493,2.8514,177253.8,1759902179999,505209.97159,885,117115.8,333784.00114,0
1759902180000,2.8515,2.8519,2.8487,2.8490,256606.5,1759902239999,731357.04683,1200,49972.6,142430.18977,0
1759902240000,2.8490,2.8490,2.8480,2.8480,134197.5,1759902299999,382256.59157,853,30474.9,86811.08440,0
1759902300000,2.8481,2.8484,2.8452,2.8454,324434.7,1759902359999,923556.48206,1698,46374.7,132040.17215,0
1759902360000,2.8454,2.8465,2.8451,2.8452,194594.4,1759902419999,553750.35733,1222,86867.6,247199.89495,0
1759902420000,2.8451,2.8498,2.8441,2.8498,237673.6,1759902479999,676510.76229,1657,119239.4,339491.03509,0
1759902480000,2.8498,2.8503,2.8483,2.8503,109226.9,1759902539999,311224.20817,871,40978.2,116767.08183,0
1759902540000,2.8503,2.8506,2.8473,2.8499,192091.5,1759902599999,547304.39893,1236,76749.7,218634.82064,0
1759902600000,2.8498,2.8520,2.8487,2.8519,157084.5,1759902659999,447712.27884,1087,63147.2,180010.16337,0
1759902660000,2.8519,2.8529,2.8502,2.8502,144524.3,1759902719999,412202.61997,1029,36957.4,105411.73148,0
1759902720000,2.8503,2.8511,2.8492,2.8492,134686.4,1759902779999,383886.77371,1122,66446.8,189406.77653,0
1759902780000,2.8491,2.8500,2.8487,2.8493,73141.7,1759902839999,208400.80691,1193,39800.2,113401.62381,0
1759902840000,2.8494,2.8508,2.8487,2.8508,107992.5,1759902899999,307770.27940,776,59664.9,170042.33699,0
1759902900000,2.8509,2.8540,2.8508,2.8539,173148.9,1759902959999,494056.33946,840,64906.8,185171.86844,0
1759902960000,2.8539,2.8544,2.8536,2.8543,179087.2,1759903019999,511110.71732,471,138492.7,395256.96103,0
1759903020000,2.8544,2.8555,2.8542,2.8545,343865.8,1759903079999,981661.33554,1070,217593.7,621163.38377,0
1759903080000,2.8545,2.8546,2.8531,2.8532,128632.8,1759903139999,367062.21084,604,48529.1,138472.34260,0
1759903140000,2.8531,2.8542,2.8525,2.8538,182680.7,1759903199999,521267.92421,669,113589.6,324132.07643,0
1759903200000,2.8539,2.8548,2.8538,2.8544,366865.7,1759903259999,1047186.47210,1324,159314.7,454733.40079,0
1759903260000,2.8544,2.8544,2.8487,2.8505,3549136.9,1759903319999,10115492.96910,4775,1508162.7,4297228.69667,0
1759903320000,2.8505,2.8510,2.8492,2.8496,499086.3,1759903379999,1422470.57746,1696,163867.0,467022.58523,0
1759903380000,2.8496,2.8499,2.8459,2.8462,1563701.3,1759903439999,4452159.43377,2923,630564.5,1795243.33989,0
1759903440000,2.8463,2.8464,2.8449,2.8450,587521.8,1759903499999,1671984.95049,1869,234012.2,666004.15470,0
1759903500000,2.8450,2.8451,2.8408,2.8415,1136969.4,1759903559999,3232003.28730,3200,326774.9,928868.20209,0
1759903560000,2.8415,2.8434,2.8411,2.8434,242547.1,1759903619999,689368.20670,1165,129282.5,367467.60610,0
1759903620000,2.8434,2.8454,2.8430,2.8454,163379.1,1759903679999,464701.19848,1252,117820.8,335123.22392,0
1759903680000,2.8455,2.8457,2.8425,2.8446,168649.4,1759903739999,479616.51133,1215,83799.7,238296.29670,0
1759903740000,2.8447,2.8464,2.8446,2.8464,98824.3,1759903799999,281246.18021,647,38854.8,110575.44073,0
1759903800000,2.8465,2.8487,2.8464,2.8486,143314.8,1759903859999,408177.34881,787,61572.6,175331.85495,0
1759903860000,2.8487,2.8500,2.8487,2.8493,170079.7,1759903919999,484631.18423,921,70696.2,201434.90807,0
1759903920000,2.8493,2.8503,2.8488,2.8502,110137.9,1759903979999,313855.32371,635,62879.1,179181.22924,0
1759903980000,2.8502,2.8512,2.8498,2.8511,111798.5,1759904039999,318668.08349,759,74489.0,212318.68181,0
1759904040000,2.8511,2.8515,2.8507,2.8507,135835.3,1759904099999,387300.09807,540,42956.7,122486.17662,0
1759904100000,2.8507,2.8508,2.8480,2.8480,222170.2,1759904159999,633052.07905,1519,92905.2,264690.70501,0
1759904160000,2.8480,2.8487,2.8466,2.8475,247112.0,1759904219999,703753.88384,1347,140064.2,398901.89317,0
1759904220000,2.8475,2.8495,2.8471,2.8495,184479.9,1759904279999,525346.19401,835,97028.3,276329.50980,0
1759904280000,2.8495,2.8512,2.8486,2.8512,138826.4,1759904339999,395590.15564,887,80377.1,229068.81033,0
1759904340000,2.8511,2.8533,2.8510,2.8533,157499.4,1759904399999,449251.97501,1001,139645.1,398340.49341,0
1759904400000,2.8532,2.8563,2.8529,2.8560,294519.1,1759904459999,840701.35750,1183,167158.5,477234.62745,0
1759904460000,2.8561,2.8562,2.8551,2.8554,231124.9,1759904519999,660061.79625,815,76590.2,218729.29056,0
1759904520000,2.8554,2.8556,2.8512,2.8520,513789.0,1759904579999,1465926.90992,1670,155400.5,443193.71936,0
1759904580000,2.8521,2.8521,2.8503,2.8508,168173.1,1759904639999,479442.24668,790,74669.6,212863.39089,0
1759904640000,2.8508,2.8508,2.8484,2.8486,207288.7,1759904699999,590588.38415,1298,111851.2,318663.60810,0
1759904700000,2.8485,2.8509,2.8480,2.8496,207469.3,1759904759999,591156.58242,1108,106429.1,303265.84515,0
1759904760000,2.8496,2.8510,2.8492,2.8496,87184.8,1759904819999,248471.53025,757,36218.1,103212.74390,0
1759904820000,2.8496,2.8503,2.8488,2.8489,72045.5,1759904879999,205305.21091,664,41801.1,119120.87856,0
1759904880000,2.8489,2.8492,2.8476,2.8492,54115.9,1759904939999,154138.34134,628,22329.1,63601.76709,0
1759904940000,2.8492,2.8516,2.8491,2.8502,164974.0,1759904999999,470331.89913,735,53108.5,151396.82625,0
1759905000000,2.8503,2.8534,2.8503,2.8533,166847.6,1759905059999,475821.90546,1130,112356.7,320411.62150,0
1759905060000,2.8534,2.8558,2.8532,2.8553,195175.2,1759905119999,557145.66895,1112,115688.9,330245.42553,0
1759905120000,2.8553,2.8560,2.8537,2.8537,315429.8,1759905179999,900596.43649,920,117205.8,334657.48129,0
1759905180000,2.8537,2.8543,2.8528,2.8543,199925.3,1759905239999,570462.93659,923,107753.7,307469.76463,0
1759905240000,2.8543,2.8543,2.8519,2.8520,79794.1,1759905299999,227658.43543,807,33652.9,96014.28229,0
1759905300000,2.8519,2.8535,2.8506,2.8535,162772.4,1759905359999,464115.12432,811,78478.9,223799.13413,0
1759905360000,2.8534,2.8554,2.8528,2.8551,145077.3,1759905419999,414067.95680,1045,86175.1,245971.42512,0
1759905420000,2.8551,2.8578,2.8551,2.8576,83308.9,1759905479999,238011.69267,749,69390.0,198240.12769,0
1759905480000,2.8576,2.8596,2.8575,2.8596,387106.1,1759905539999,1106650.52726,1012,264273.8,755521.76350,0
1759905540000,2.8597,2.8600,2.8579,2.8593,167859.2,1759905599999,479933.85136,994,66095.8,188972.80712,0
1759905600000,2.8593,2.8593,2.8583,2.8583,169902.5,1759905659999,485730.75065,758,38181.1,109156.21474,0
1759905660000,2.8583,2.8584,2.8559,2.8565,251055.0,1759905719999,717204.85778,818,83199.8,237642.86753,0
1759905720000,2.8566,2.8566,2.8549,2.8565,125127.5,1759905779999,357320.02790,850,62309.3,177927.32282,0
1759905780000,2.8565,2.8577,2.8556,2.8556,144890.2,1759905839999,413884.44058,711,48320.0,138036.36780,0
1759905840000,2.8557,2.8576,2.8557,2.8571,84781.8,1759905899999,242213.99197,495,47548.7,135835.81830,0
1759905900000,2.8572,2.8587,2.8570,2.8575,192456.6,1759905959999,549974.38780,867,84616.6,241792.13254,0
1759905960000,2.8575,2.8594,2.8575,2.8586,150571.6,1759906019999,430434.10592,745,105552.1,301725.44259,0
1759906020000,2.8586,2.8596,2.8580,2.8595,130050.7,1759906079999,371812.61601,793,64758.0,185150.06020,0
1759906080000,2.8595,2.8596,2.8580,2.8585,177239.9,1759906139999,506692.90802,762,57016.4,162985.41905,0
1759906140000,2.8585,2.8590,2.8572,2.8590,72847.2,1759906199999,208195.86013,557,22135.4,63270.75719,0
1759906200000,2.8590,2.8595,2.8588,2.8589,80840.8,1759906259999,231127.76016,536,28403.3,81208.30235,0
1759906260000,2.8590,2.8593,2.8578,2.8593,92088.8,1759906319999,263218.36775,564,34915.9,99800.60711,0
1759906320000,2.8593,2.8609,2.8583,2.8584,187414.7,1759906379999,536006.48380,1154,50659.3,144879.93851,0
1759906380000,2.8583,2.8584,2.8572,2.8573,126953.9,1759906439999,362790.74574,579,51305.4,146597.10858,0
1759906440000,2.8573,2.8605,2.8568,2.8605,60192.7,1759906499999,172033.63859,633,39903.9,114065.72958,0
1759906500000,2.8605,2.8622,2.8605,2.8617,282250.8,1759906559999,807697.51513,1116,208221.9,595843.14652,0
1759906560000,2.8617,2.8626,2.8610,2.8611,244175.0,1759906619999,698778.68169,916,175402.8,501968.06633,0
1759906620000,2.8611,2.8618,2.8600,2.8602,225567.0,1759906679999,645252.23917,722,54657.8,156372.80535,0
1759906680000,2.8603,2.8607,2.8590,2.8590,52844.8,1759906739999,151124.93100,469,16672.1,47681.41169,0
1759906740000,2.8590,2.8605,2.8590,2.8602,56996.3,1759906799999,163002.90662,420,37121.0,106158.33355,0
1759906800000,2.8603,2.8603,2.8591,2.8603,220579.3,1759906859999,630796.28795,934,79338.2,226885.01075,0
1759906860000,2.8603,2.8603,2.8569,2.8574,267108.1,1759906919999,763444.92873,1297,89953.2,257057.07856,0
1759906920000,2.8575,2.8588,2.8566,2.8585,108321.2,1759906979999,309545.80419,705,74791.9,213725.68195,0
1759906980000,2.8586,2.8594,2.8582,2.8587,192114.0,1759907039999,549208.86359,870,81537.2,233088.70097,0
1759907040000,2.8587,2.8607,2.8587,2.8607,156029.1,1759907099999,446227.65012,743,97962.2,280153.90461,0
1759907100000,2.8607,2.8620,2.8595,2.8596,239592.0,1759907159999,685449.87322,1085,78905.1,225754.83498,0
1759907160000,2.8597,2.8597,2.8544,2.8544,199071.3,1759907219999,568628.02987,999,55498.2,158512.97800,0
1759907220000,2.8545,2.8549,2.8532,2.8548,321368.1,1759907279999,917179.60190,1386,188997.8,539392.69668,0
1759907280000,2.8548,2.8548,2.8530,2.8540,245236.0,1759907339999,699850.32504,1041,129083.9,368357.13490,0
1759907340000,2.8540,2.8541,2.8526,2.8540,120883.0,1759907399999,344915.04231,828,50043.0,142787.58000,0
1759907400000,2.8540,2.8550,2.8526,2.8534,200908.0,1759907459999,573318.74023,1144,113168.4,322926.41534,0
1759907460000,2.8534,2.8547,2.8534,2.8535,177489.5,1759907519999,506560.61020,812,97165.6,277319.11797,0
1759907520000,2.8536,2.8537,2.8518,2.8529,220413.1,1759907579999,628688.39313,942,122082.2,348200.94537,0
1759907580000,2.8528,2.8540,2.8523,2.8535,150868.2,1759907639999,430438.92573,952,51825.4,147861.06688,0
1759907640000,2.8535,2.8535,2.8521,2.8533,96513.8,1759907699999,275344.34488,800,51253.2,146221.38643,0
1759907700000,2.8532,2.8537,2.8520,2.8520,111729.0,1759907759999,318804.14029,668,29470.3,84087.18095,0
1759907760000,2.8520,2.8544,2.8512,2.8534,218273.1,1759907819999,622718.79124,1024,77099.7,219962.03986,0
1759907820000,2.8534,2.8534,2.8506,2.8521,200421.7,1759907879999,571539.46901,1041,67857.0,193477.11507,0
1759907880000,2.8521,2.8521,2.8501,2.8513,177202.1,1759907939999,505146.18301,916,67188.2,191538.63111,0
1759907940000,2.8512,2.8519,2.8509,2.8515,89016.0,1759907999999,253824.16897,658,38181.7,108872.85786,0
1759908000000,2.8516,2.8520,2.8500,2.8509,155250.1,1759908059999,442643.43243,1022,42710.8,121758.14241,0
1759908060000,2.8509,2.8529,2.8505,2.8514,106906.6,1759908119999,304879.80052,904,58465.8,166734.99274,0
1759908120000,2.8515,2.8517,2.8495,2.8496,181498.4,1759908179999,517323.38884,844,99726.5,284259.33014,0
1759908180000,2.8496,2.8536,2.8494,2.8532,290497.3,1759908239999,828484.75230,1133,193233.7,551021.63881,0
1759908240000,2.8532,2.8540,2.8524,2.8528,115480.5,1759908299999,329503.83904,742,45366.5,129451.15013,0
1759908300000,2.8528,2.8528,2.8500,2.8507,114672.1,1759908359999,326989.02565,929,69418.2,197961.53963,0
1759908360000,2.8508,2.8519,2.8494,2.8518,153505.7,1759908419999,437495.83268,875,93180.5,265562.01628,0
1759908420000,2.8518,2.8544,2.8518,2.8536,308440.5,1759908479999,880191.13910,1227,187286.0,534453.48932,0
1759908480000,2.8536,2.8549,2.8534,2.8546,105334.1,1759908539999,300619.51739,745,78554.9,224185.02004,0
1759908540000,2.8546,2.8557,2.8526,2.8539,173871.5,1759908599999,496271.91125,1042,76006.2,216913.26579,0
1759908600000,2.8538,2.8566,2.8536,2.8562,191236.4,1759908659999,546015.55860,1067,116495.8,332575.92790,0
1759908660000,2.8562,2.8562,2.8540,2.8541,65699.5,1759908719999,187560.14211,828,37463.4,106941.19706,0
1759908720000,2.8540,2.8545,2.8522,2.8527,141907.9,1759908779999,404909.18796,911,76336.4,217824.27840,0
1759908780000,2.8527,2.8528,2.8502,2.8506,124019.5,1759908839999,353625.54890,669,43317.6,123503.58904,0
1759908840000,2.8507,2.8532,2.8506,2.8532,174387.9,1759908899999,497289.57537,916,79826.4,227653.42598,0
1759908900000,2.8531,2.8544,2.8515,2.8521,200651.4,1759908959999,572425.41497,968,117087.6,333985.58710,0
1759908960000,2.8521,2.8523,2.8505,2.8508,132378.1,1759909019999,377418.96862,677,92312.2,263179.39847,0
1759909020000,2.8508,2.8526,2.8504,2.8524,232042.5,1759909079999,661612.52092,900,117090.8,333801.28224,0
1759909080000,2.8524,2.8527,2.8504,2.8509,332357.5,1759909139999,947599.31576,978,64408.9,183641.96059,0
1759909140000,2.8509,2.8513,2.8501,2.8506,88621.4,1759909199999,252636.90673,560,36391.9,103743.88441,0
1759909200000,2.8506,2.8507,2.8489,2.8494,261064.4,1759909259999,743918.54492,872,123527.2,351992.05361,0
1759909260000,2.8493,2.8498,2.8491,2.8492,118749.9,1759909319999,338365.34218,667,36472.4,103926.35590,0
1759909320000,2.8492,2.8513,2.8487,2.8513,196343.4,1759909379999,559453.71148,766,67496.8,192340.08278,0
1759909380000,2.8513,2.8555,2.8513,2.8555,260000.5,1759909439999,741732.31504,1110,137957.3,393515.09356,0
1759909440000,2.8554,2.8555,2.8536,2.8536,129263.2,1759909499999,369038.62076,511,13537.1,38644.61655,0
1759909500000,2.8535,2.8535,2.8497,2.8500,148024.3,1759909559999,422073.63967,1040,69309.0,197619.46325,0
1759909560000,2.8500,2.8501,2.8487,2.8487,83887.4,1759909619999,239014.22920,527,39876.7,113614.79759,0
1759909620000,2.8486,2.8510,2.8470,2.8506,402861.5,1759909679999,1147597.94665,1729,181040.7,515691.72074,0
1759909680000,2.8506,2.8529,2.8504,2.8514,110106.3,1759909739999,313994.79808,906,45274.7,129093.04837,0
1759909740000,2.8514,2.8530,2.8512,2.8524,115561.1,1759909799999,329576.45036,945,55269.5,157613.66134,0
1759909800000,2.8524,2.8535,2.8515,2.8525,180416.0,1759909859999,514639.91510,850,106698.1,304357.79876,0
1759909860000,2.8525,2.8536,2.8513,2.8535,136181.0,1759909919999,388368.84638,703,34592.3,98664.88732,0
1759909920000,2.8536,2.8576,2.8534,2.8558,349129.6,1759909979999,996887.00690,1349,219822.7,627587.12525,0
1759909980000,2.8558,2.8562,2.8538,2.8544,153190.3,1759910039999,437278.78273,878,96475.5,275378.88523,0
1759910040000,2.8543,2.8546,2.8532,2.8545,194268.5,1759910099999,554470.24112,629,32072.9,91536.85177,0
1759910100000,2.8545,2.8549,2.8535,2.8536,100650.9,1759910159999,287293.23943,1067,51415.1,146761.09663,0
1759910160000,2.8537,2.8548,2.8534,2.8540,96718.4,1759910219999,276041.93475,1672,48709.4,139012.71789,0
1759910220000,2.8541,2.8547,2.8537,2.8547,125500.6,1759910279999,358208.42990,780,72930.0,208166.92076,0
1759910280000,2.8548,2.8574,2.8548,2.8572,160856.0,1759910339999,459465.49721,781,56390.3,161067.17343,0
1759910340000,2.8571,2.8575,2.8558,2.8567,147701.5,1759910399999,421954.60639,804,66219.8,189177.92204,0
1759910400000,2.8566,2.8581,2.8560,2.8565,341072.3,1759910459999,974542.91949,2279,152937.4,437002.75476,0
1759910460000,2.8566,2.8584,2.8565,2.8584,180738.0,1759910519999,516363.29141,924,78367.0,223894.48196,0
1759910520000,2.8584,2.8589,2.8572,2.8572,290270.2,1759910579999,829589.96087,1308,128645.8,367668.83561,0
1759910580000,2.8573,2.8576,2.8553,2.8576,193542.2,1759910639999,552752.42790,1035,92296.0,263587.50833,0
1759910640000,2.8577,2.8581,2.8569,2.8580,284267.9,1759910699999,812365.01561,1201,94602.0,270337.83666,0
1759910700000,2.8581,2.8587,2.8557,2.8558,320565.1,1759910759999,916079.64869,1302,152254.2,435153.66616,0
1759910760000,2.8558,2.8561,2.8550,2.8555,261498.9,1759910819999,746755.26209,806,192782.2,550542.88771,0
1759910820000,2.8556,2.8568,2.8551,2.8556,229434.3,1759910879999,655246.06296,1025,148862.1,425134.70668,0
1759910880000,2.8556,2.8573,2.8553,2.8556,195941.6,1759910939999,559610.38113,880,93525.6,267107.45944,0
1759910940000,2.8557,2.8575,2.8551,2.8569,120421.5,1759910999999,343949.03280,1034,70678.3,201872.89723,0
1759911000000,2.8570,2.8596,2.8569,2.8582,534265.9,1759911059999,1527340.28882,1399,311273.2,889835.12414,0
1759911060000,2.8582,2.8582,2.8556,2.8561,249055.1,1759911119999,711497.93686,1598,78656.2,224694.85958,0
1759911120000,2.8560,2.8561,2.8548,2.8553,113387.3,1759911179999,323764.86924,674,46603.5,133061.34615,0
1759911180000,2.8554,2.8561,2.8551,2.8561,123604.2,1759911239999,352951.86542,644,66504.8,189910.94416,0
1759911240000,2.8562,2.8585,2.8561,2.8578,135056.2,1759911299999,385911.91744,1497,64868.4,185344.26424,0
1759911300000,2.8577,2.8585,2.8561,2.8583,177875.7,1759911359999,508221.94899,1343,96042.9,274407.24231,0
1759911360000,2.8583,2.8589,2.8576,2.8576,117125.1,1759911419999,334775.24200,814,44835.4,128149.32511,0
1759911420000,2.8576,2.8590,2.8570,2.8587,178684.4,1759911479999,510673.82540,1200,71340.6,203892.75181,0
1759911480000,2.8587,2.8598,2.8580,2.8584,153687.1,1759911539999,439400.09112,998,67208.0,192167.65452,0
1759911540000,2.8584,2.8610,2.8584,2.8608,246584.4,1759911599999,705267.15869,1244,171717.7,491126.12329,0
1759911600000,2.8608,2.8651,2.8608,2.8650,543366.1,1759911659999,1555764.62321,2251,447662.3,1281753.66392,0
1759911660000,2.8650,2.8651,2.8618,2.8619,235254.9,1759911719999,673635.01551,1218,84936.6,243166.10996,0
1759911720000,2.8618,2.8626,2.8606,2.8617,134362.3,1759911779999,384519.07516,801,61908.3,177164.00637,0
1759911780000,2.8617,2.8624,2.8607,2.8613,82353.8,1759911839999,235656.74955,708,29330.4,83926.75266,0
1759911840000,2.8614,2.8637,2.8614,2.8637,202348.4,1759911899999,579304.54216,935,83317.4,238513.77193,0
1759911900000,2.8637,2.8641,2.8624,2.8629,125922.9,1759911959999,360542.54716,734,52639.7,150715.84766,0
1759911960000,2.8628,2.8634,2.8606,2.8611,114853.7,1759912019999,328694.26797,794,39457.9,112904.47483,0
1759912020000,2.8612,2.8613,2.8600,2.8608,105045.0,1759912079999,300499.10993,676,45854.7,131162.83642,0
1759912080000,2.8609,2.8610,2.8598,2.8598,103157.5,1759912139999,295078.08569,616,39520.4,113048.44900,0
1759912140000,2.8599,2.8609,2.8598,2.8609,96194.9,1759912199999,275121.02438,473,58917.4,168509.43056,0
1759912200000,2.8608,2.8630,2.8597,2.8630,206752.2,1759912259999,591486.01122,1086,152654.9,436725.22596,0
1759912260000,2.8630,2.8648,2.8620,2.8634,281466.1,1759912319999,805991.81312,1320,133542.7,382418.66619,0
1759912320000,2.8635,2.8658,2.8627,2.8650,518570.2,1759912379999,1485616.01672,1316,330673.4,947310.08661,0
1759912380000,2.8651,2.8673,2.8651,2.8673,279460.2,1759912439999,801082.21577,1417,169948.4,487162.58543,0
1759912440000,2.8672,2.8673,2.8655,2.8670,353383.0,1759912499999,1012979.91767,1403,195721.7,561035.55364,0
1759912500000,2.8670,2.8688,2.8660,2.8683,286329.7,1759912559999,821086.39600,1351,136967.8,392777.06537,0
1759912560000,2.8683,2.8684,2.8667,2.8671,238142.9,1759912619999,682929.33947,1210,88548.5,253934.15478,0
1759912620000,2.8672,2.8689,2.8665,2.8667,499023.0,1759912679999,1430974.09240,2419,274547.1,787264.07601,0
1759912680000,2.8667,2.8680,2.8663,2.8675,359446.9,1759912739999,1030668.01503,1207,108786.4,311925.02902,0
1759912740000,2.8675,2.8689,2.8668,2.8688,276690.6,1759912799999,793550.85883,1015,133791.7,383719.53647,0
1759912800000,2.8688,2.8712,2.8688,2.8711,842268.7,1759912859999,2417360.39001,2359,508624.7,1459796.61577,0
1759912860000,2.8711,2.8714,2.8695,2.8704,533805.6,1759912919999,1532284.07979,1521,221153.3,634799.29003,0
1759912920000,2.8704,2.8726,2.8700,2.8718,690032.9,1759912979999,1981452.24519,1673,448073.5,1286728.34560,0
1759912980000,2.8718,2.8744,2.8718,2.8742,617857.9,1759913039999,1775263.40315,1808,340435.5,978135.52115,0
1759913040000,2.8741,2.8759,2.8735,2.8743,890738.7,1759913099999,2560668.38818,2702,494555.8,1421745.45358,0
1759913100000,2.8744,2.8757,2.8736,2.8738,392759.2,1759913159999,1128992.95998,1903,156583.3,450122.22824,0
1759913160000,2.8737,2.8749,2.8717,2.8726,541347.2,1759913219999,1555272.39952,2096,223412.8,641814.71487,0
1759913220000,2.8726,2.8726,2.8700,2.8708,311854.3,1759913279999,895188.57450,1295,114945.5,329929.55273,0
1759913280000,2.8709,2.8712,2.8689,2.8699,493000.8,1759913339999,1414909.40462,1592,128258.5,368109.42174,0
1759913340000,2.8700,2.8701,2.8676,2.8697,384799.9,1759913399999,1103953.60276,1329,158366.8,454359.40727,0
1759913400000,2.8698,2.8733,2.8697,2.8727,204570.6,1759913459999,587555.86894,804,100799.6,289469.68811,0
1759913460000,2.8727,2.8727,2.8688,2.8694,241150.0,1759913519999,692147.62746,1191,61641.3,176890.90363,0
1759913520000,2.8694,2.8704,2.8688,2.8701,186611.2,1759913579999,535482.65914,990,63229.4,181434.62269,0
1759913580000,2.8701,2.8702,2.8685,2.8690,176333.9,1759913639999,505924.86415,1063,68543.4,196647.59623,0
1759913640000,2.8690,2.8692,2.8669,2.8674,177592.9,1759913699999,509316.58077,948,66595.8,190991.62905,0
1759913700000,2.8673,2.8685,2.8657,2.8683,195341.0,1759913759999,560057.37294,1135,81613.3,234017.50085,0
1759913760000,2.8683,2.8684,2.8652,2.8655,212151.3,1759913819999,608198.27066,1104,77400.4,221863.68431,0
1759913820000,2.8655,2.8664,2.8643,2.8664,229080.9,1759913879999,656336.95014,1017,111042.9,318167.37407,0
1759913880000,2.8663,2.8682,2.8663,2.8674,220860.7,1759913939999,633263.98618,881,45601.7,130750.57991,0
1759913940000,2.8674,2.8674,2.8668,2.8668,78265.4,1759913999999,224392.85842,850,16145.4,46288.55702,0
1759914000000,2.8668,2.8683,2.8668,2.8675,209848.7,1759914059999,601760.28280,1136,97442.7,279407.46399,0
1759914060000,2.8675,2.8695,2.8671,2.8695,163541.5,1759914119999,469053.35322,948,72990.4,209361.44575,0
1759914120000,2.8695,2.8708,2.8690,2.8691,218075.8,1759914179999,625843.50388,1180,97348.9,279361.96997,0
1759914180000,2.8690,2.8700,2.8678,2.8679,196802.7,1759914239999,564603.49713,1110,74123.9,212665.68936,0
1759914240000,2.8679,2.8679,2.8670,2.8672,131829.5,1759914299999,378002.48200,783,34055.5,97645.81572,0
1759914300000,2.8671,2.8694,2.8671,2.8681,302596.2,1759914359999,867954.05233,1551,144681.8,414973.34165,0
1759914360000,2.8681,2.8696,2.8672,2.8688,201425.3,1759914419999,577690.63658,1072,92048.6,263991.96651,0
1759914420000,2.8687,2.8698,2.8683,2.8684,155107.9,1759914479999,445011.91172,895,50302.1,144316.95456,0
1759914480000,2.8685,2.8701,2.8676,2.8680,178724.0,1759914539999,512704.90496,1069,69172.0,198438.35731,0
1759914540000,2.8681,2.8686,2.8672,2.8672,92866.9,1759914599999,266331.99982,683,30879.0,88563.90894,0
1759914600000,2.8672,2.8673,2.8653,2.8657,175532.6,1759914659999,503112.14038,889,69164.6,198212.60737,0
1759914660000,2.8657,2.8661,2.8647,2.8657,333634.9,1759914719999,955903.29579,1085,112648.5,322758.18082,0
1759914720000,2.8657,2.8668,2.8653,2.8665,287812.0,1759914779999,824946.05589,967,96982.3,277990.46577,0
1759914780000,2.8665,2.8665,2.8644,2.8654,173173.9,1759914839999,496197.09158,888,37764.7,108188.95505,0
1759914840000,2.8654,2.8667,2.8652,2.8658,107890.9,1759914899999,309209.64791,714,33841.1,96986.84352,0
1759914900000,2.8658,2.8659,2.8636,2.8642,216504.9,1759914959999,620144.03064,1239,58240.4,166809.82158,0
1759914960000,2.8641,2.8649,2.8638,2.8641,198349.1,1759915019999,568154.03286,988,55847.5,159973.88597,0
1759915020000,2.8642,2.8649,2.8628,2.8628,264051.2,1759915079999,756244.74779,1161,102611.0,293866.50239,0
1759915080000,2.8628,2.8641,2.8627,2.8639,118531.5,1759915139999,339395.60235,663,56920.0,162976.70165,0
1759915140000,2.8638,2.8645,2.8637,2.8645,179041.2,1759915199999,512780.28336,645,99639.6,285367.02499,0
1759915200000,2.8645,2.8659,2.8644,2.8659,64680.2,1759915259999,185308.40718,613,43191.6,123743.16681,0
1759915260000,2.8658,2.8659,2.8645,2.8652,226574.8,1759915319999,649175.96601,1010,47913.2,137265.26821,0
1759915320000,2.8652,2.8658,2.8632,2.8658,244874.5,1759915379999,701320.72019,1262,120584.1,345316.47307,0
1759915380000,2.8657,2.8666,2.8657,2.8665,109945.6,1759915439999,315110.88395,667,60637.6,173788.22663,0
1759915440000,2.8666,2.8666,2.8648,2.8651,94212.3,1759915499999,269979.26398,736,21274.2,60957.07770,0
1759915500000,2.8651,2.8655,2.8616,2.8616,259702.1,1759915559999,743782.28832,1681,57792.2,165522.51756,0
1759915560000,2.8617,2.8625,2.8614,2.8620,151015.6,1759915619999,432197.23606,1016,73906.1,211507.74630,0
1759915620000,2.8621,2.8622,2.8614,2.8621,191736.5,1759915679999,548692.22162,814,94020.6,269055.09365,0
1759915680000,2.8622,2.8640,2.8621,2.8637,136043.4,1759915739999,389472.21526,1036,62436.5,178744.41782,0
1759915740000,2.8636,2.8637,2.8631,2.8631,43266.2,1759915799999,123892.41314,311,9614.5,27531.87714,0
1759915800000,2.8631,2.8641,2.8622,2.8623,149370.7,1759915859999,427666.24753,1083,64889.2,185793.53938,0
1759915860000,2.8623,2.8633,2.8623,2.8628,103134.0,1759915919999,295256.94491,891,68777.7,196895.88608,0
1759915920000,2.8629,2.8645,2.8608,2.8637,252215.1,1759915979999,721890.25284,1492,72872.5,208617.14574,0
1759915980000,2.8637,2.8637,2.8622,2.8629,121385.8,1759916039999,347488.43185,902,41194.8,117924.87422,0
1759916040000,2.8628,2.8657,2.8628,2.8635,174856.5,1759916099999,500852.96121,1127,121913.5,349202.48857,0
1759916100000,2.8634,2.8652,2.8631,2.8652,116283.2,1759916159999,333056.16761,956,75551.2,216387.87096,0
1759916160000,2.8653,2.8661,2.8652,2.8658,145534.8,1759916219999,417044.75751,1426,56528.2,161990.11911,0
1759916220000,2.8659,2.8676,2.8651,2.8662,126176.2,1759916279999,361640.51846,1490,82604.8,236753.87344,0
1759916280000,2.8662,2.8662,2.8654,2.8658,134643.3,1759916339999,385867.21670,874,57470.4,164699.75365,0
1759916340000,2.8658,2.8674,2.8657,2.8666,86629.8,1759916399999,248321.06438,991,55251.1,158373.93652,0
1759916400000,2.8666,2.8668,2.8658,2.8665,83571.9,1759916459999,239540.56681,891,50523.4,144811.97736,0
1759916460000,2.8665,2.8669,2.8661,2.8668,109109.8,1759916519999,312766.46381,700,50844.5,145743.43016,0
1759916520000,2.8667,2.8667,2.8641,2.8646,172595.9,1759916579999,494494.46080,978,65499.3,187643.35571,0
1759916580000,2.8645,2.8645,2.8635,2.8640,95630.4,1759916639999,273877.80303,669,53263.5,152535.53515,0
1759916640000,2.8639,2.8652,2.8634,2.8648,211361.9,1759916699999,605331.84248,879,60016.5,171890.59224,0
1759916700000,2.8647,2.8659,2.8636,2.8656,76593.6,1759916759999,219414.53477,850,33365.8,95586.58296,0
1759916760000,2.8656,2.8660,2.8635,2.8644,118328.8,1759916819999,338980.69860,974,51956.7,148851.55545,0
1759916820000,2.8644,2.8645,2.8634,2.8645,165828.0,1759916879999,474877.18259,575,18921.1,54183.28731,0
1759916880000,2.8645,2.8649,2.8640,2.8641,102160.7,1759916939999,292638.94522,713,23468.4,67226.76031,0
1759916940000,2.8641,2.8646,2.8634,2.8635,71225.3,1759916999999,203973.17975,724,40430.4,115783.55443,0
1759917000000,2.8635,2.8638,2.8631,2.8632,56392.4,1759917059999,161470.13149,504,27721.2,79376.57124,0
1759917060000,2.8632,2.8632,2.8625,2.8628,60887.0,1759917119999,174307.60149,476,20636.5,59075.45520,0
1759917120000,2.8627,2.8649,2.8627,2.8648,108785.3,1759917179999,311565.82599,709,70721.1,202532.45367,0
1759917180000,2.8648,2.8648,2.8638,2.8642,56320.6,1759917239999,161319.44192,523,21444.2,61422.21540,0
1759917240000,2.8643,2.8651,2.8640,2.8648,119911.8,1759917299999,343498.35211,572,15404.8,44127.28859,0
1759917300000,2.8648,2.8663,2.8645,2.8663,85969.3,1759917359999,246326.11942,629,56611.6,162208.51466,0
1759917360000,2.8662,2.8667,2.8662,2.8664,46132.8,1759917419999,132234.18367,588,21408.2,61364.82338,0
1759917420000,2.8664,2.8672,2.8663,2.8671,118588.0,1759917479999,339949.03807,696,55562.5,159271.48439,0
1759917480000,2.8670,2.8672,2.8661,2.8667,62487.8,1759917539999,179131.04471,788,13227.9,37919.38860,0
1759917540000,2.8667,2.8683,2.8664,2.8683,98774.8,1759917599999,283205.66575,699,55094.5,157976.42556,0
1759917600000,2.8683,2.8688,2.8668,2.8668,399665.8,1759917659999,1146164.47194,1685,193786.6,555718.63466,0
1759917660000,2.8669,2.8677,2.8666,2.8666,151881.3,1759917719999,435485.81301,725,33474.8,95980.32895,0
1759917720000,2.8667,2.8675,2.8662,2.8669,149500.1,1759917779999,428572.01784,948,53358.2,152957.92765,0
1759917780000,2.8669,2.8676,2.8663,2.8676,119889.8,1759917839999,343696.15452,730,33944.6,97316.11302,0
1759917840000,2.8675,2.8708,2.8675,2.8708,166266.6,1759917899999,477124.16972,971,125918.2,361344.99557,0
1759917900000,2.8708,2.8730,2.8708,2.8712,306917.2,1759917959999,881467.78443,1612,151440.9,434906.54344,0
1759917960000,2.8712,2.8719,2.8694,2.8699,189752.5,1759918019999,544755.75622,1099,86413.8,248081.96139,0
1759918020000,2.8698,2.8699,2.8678,2.8681,126081.9,1759918079999,361694.04627,854,27694.8,79432.10859,0
1759918080000,2.8682,2.8719,2.8681,2.8718,247490.1,1759918139999,710148.37040,844,183970.6,527883.63205,0
1759918140000,2.8718,2.8728,2.8716,2.8728,136792.8,1759918199999,392869.80775,601,75833.6,217799.93447,0
1759918200000,2.8728,2.8728,2.8696,2.8696,294250.5,1759918259999,844930.59777,1396,75507.9,216762.43811,0
1759918260000,2.8696,2.8696,2.8650,2.8650,216283.8,1759918319999,620177.12271,1453,37336.6,107091.38836,0
1759918320000,2.8650,2.8665,2.8647,2.8662,148978.5,1759918379999,426892.06178,745,84492.6,242099.86618,0
1759918380000,2.8662,2.8662,2.8646,2.8652,112250.6,1759918439999,321618.60023,814,64289.3,184196.91928,0
1759918440000,2.8652,2.8660,2.8647,2.8659,54919.1,1759918499999,157361.10397,516,25103.8,71931.77989,0
1759918500000,2.8658,2.8668,2.8649,2.8665,197252.0,1759918559999,565252.85607,1116,73082.5,209442.06420,0
1759918560000,2.8664,2.8668,2.8657,2.8659,60245.3,1759918619999,172688.03815,657,17649.9,50590.48164,0
1759918620000,2.8660,2.8663,2.8648,2.8656,71855.7,1759918679999,205898.24248,861,40289.0,115439.80620,0
1759918680000,2.8655,2.8682,2.8646,2.8682,124368.8,1759918739999,356509.96195,1280,85231.5,244307.80418,0
1759918740000,2.8681,2.8687,2.8666,2.8686,84665.8,1759918799999,242793.45457,773,34735.2,99607.14107,0
1759918800000,2.8687,2.8690,2.8667,2.8683,191376.8,1759918859999,548895.70721,1259,119847.0,343739.81502,0
1759918860000,2.8683,2.8697,2.8683,2.8690,77354.0,1759918919999,221910.99670,704,39800.4,114171.51833,0
1759918920000,2.8690,2.8697,2.8683,2.8696,167766.3,1759918979999,481306.19096,844,48465.0,139037.91898,0
1759918980000,2.8697,2.8714,2.8687,2.8694,158698.2,1759919039999,455490.38038,1156,65593.2,188271.17375,0
1759919040000,2.8695,2.8695,2.8680,2.8692,131318.1,1759919099999,376725.10509,808,29765.7,85381.03430,0
1759919100000,2.8692,2.8711,2.8686,2.8701,273152.1,1759919159999,783884.79271,1208,146005.2,418986.91944,0
1759919160000,2.8701,2.8702,2.8691,2.8701,128836.3,1759919219999,369707.41015,724,41813.1,119980.15080,0
1759919220000,2.8701,2.8707,2.8691,2.8696,152116.1,1759919279999,436573.13612,1018,78135.1,224245.43105,0
1759919280000,2.8696,2.8697,2.8685,2.8689,200620.9,1759919339999,575594.28075,712,30695.0,88057.22241,0
1759919340000,2.8688,2.8688,2.8682,2.8686,122122.5,1759919399999,350307.28841,637,53909.8,154633.99071,0
1759919400000,2.8687,2.8691,2.8677,2.8680,125525.3,1759919459999,360037.72684,1349,47116.5,135137.54437,0
1759919460000,2.8680,2.8709,2.8679,2.8704,92106.2,1759919519999,264308.03675,822,57364.2,164603.10111,0
1759919520000,2.8704,2.8705,2.8680,2.8680,94124.1,1759919579999,270016.19686,830,49227.8,141218.92454,0
1759919580000,2.8681,2.8703,2.8676,2.8698,95465.6,1759919639999,273915.29934,921,44191.7,126795.14761,0
1759919640000,2.8699,2.8714,2.8697,2.8710,95311.7,1759919699999,273614.65857,592,60127.3,172601.58035,0
1759919700000,2.8709,2.8740,2.8707,2.8739,391681.9,1759919759999,1125186.27924,1634,246486.4,708061.90672,0
1759919760000,2.8738,2.8738,2.8718,2.8725,201319.1,1759919819999,578306.68350,1206,71576.6,205584.31382,0
1759919820000,2.8724,2.8737,2.8724,2.8730,143949.9,1759919879999,413540.52869,881,64144.8,184268.17693,0
1759919880000,2.8730,2.8744,2.8729,2.8735,218295.1,1759919939999,627299.77422,947,53455.7,153604.39010,0
1759919940000,2.8735,2.8736,2.8714,2.8715,126905.9,1759919999999,364524.70990,859,30899.8,88756.35231,0
1759920000000,2.8715,2.8740,2.8715,2.8739,374329.3,1759920059999,1075510.19291,1166,284907.4,818583.48040,0
1759920060000,2.8739,2.8750,2.8737,2.8750,150445.5,1759920119999,432447.28295,893,107023.3,307639.18561,0
1759920120000,2.8749,2.8763,2.8746,2.8746,220182.8,1759920179999,633174.55191,1419,97724.5,281028.52906,0
1759920180000,2.8746,2.8746,2.8731,2.8740,332364.9,1759920239999,955138.01628,1150,211752.5,608515.19658,0
1759920240000,2.8739,2.8740,2.8727,2.8730,209789.0,1759920299999,602724.85185,935,68486.9,196764.19836,0
1759920300000,2.8729,2.8750,2.8721,2.8724,519062.5,1759920359999,1491429.03442,1619,129097.1,370918.38094,0
1759920360000,2.8724,2.8748,2.8724,2.8731,231799.4,1759920419999,666148.28193,1110,88838.4,255290.94942,0
1759920420000,2.8732,2.8736,2.8724,2.8732,271780.8,1759920479999,780840.21212,928,117615.0,337916.03780,0
1759920480000,2.8733,2.8735,2.8729,2.8730,79945.9,1759920539999,229699.74431,568,38944.9,111895.80191,0
1759920540000,2.8729,2.8743,2.8722,2.8743,254238.2,1759920599999,730507.17303,882,139174.2,399923.04033,0
1759920600000,2.8742,2.8755,2.8729,2.8754,249985.4,1759920659999,718404.54416,1040,146744.8,421718.74260,0
1759920660000,2.8755,2.8758,2.8743,2.8750,193464.6,1759920719999,556256.06954,750,116121.3,333873.90441,0
1759920720000,2.8750,2.8755,2.8743,2.8754,193576.8,1759920779999,556530.32751,650,105410.0,303058.72045,0
1759920780000,2.8753,2.8756,2.8745,2.8746,220030.5,1759920839999,632652.04314,668,59560.2,171259.95542,0
1759920840000,2.8746,2.8756,2.8738,2.8756,77853.3,1759920899999,223772.72788,580,48890.2,140529.04840,0
1759920900000,2.8757,2.8771,2.8753,2.8764,675619.5,1759920959999,1943186.35084,1501,488310.9,1404453.64930,0
1759920960000,2.8764,2.8766,2.8743,2.8756,353713.2,1759921019999,1017132.74165,1263,128273.4,368810.71388,0
1759921020000,2.8757,2.8766,2.8754,2.8765,103823.0,1759921079999,298564.53770,560,64681.8,186011.85629,0
1759921080000,2.8766,2.8766,2.8754,2.8755,163139.8,1759921139999,469206.52638,720,34249.2,98508.17088,0
1759921140000,2.8755,2.8759,2.8754,2.8758,48477.9,1759921199999,139399.29241,393,29125.1,83751.55347,0
1759921200000,2.8759,2.8764,2.8755,2.8764,190668.4,1759921259999,548335.68605,1311,139220.9,400379.19490,0
1759921260000,2.8764,2.8767,2.8762,2.8766,170557.0,1759921319999,490601.68586,1385,70466.7,202691.99181,0
1759921320000,2.8765,2.8777,2.8765,2.8767,378639.3,1759921379999,1089325.25704,1746,189349.6,544755.11313,0
1759921380000,2.8766,2.8777,2.8763,2.8763,147554.1,1759921439999,424511.55973,1597,54034.3,155457.68659,0
1759921440000,2.8763,2.8763,2.8755,2.8756,217841.3,1759921499999,626474.81728,1256,50485.1,145180.29991,0
1759921500000,2.8756,2.8757,2.8737,2.8757,574063.9,1759921559999,1650253.57917,2256,65834.1,189231.20754,0
1759921560000,2.8757,2.8769,2.8740,2.8767,269861.2,1759921619999,776033.92589,1772,110538.0,317869.86471,0
1759921620000,2.8767,2.8768,2.8756,2.8762,108623.1,1759921679999,312438.04014,868,47485.3,136578.87185,0
1759921680000,2.8763,2.8777,2.8762,2.8768,148663.2,1759921739999,427719.37362,761,86559.7,249030.71641,0
1759921740000,2.8768,2.8771,2.8761,2.8770,181165.8,1759921799999,521142.34236,1232,64911.0,186716.36553,0
1759921800000,2.8771,2.8787,2.8770,2.8778,251635.5,1759921859999,724227.07956,1172,158900.4,457335.27078,0
1759921860000,2.8778,2.8779,2.8770,2.8777,273427.3,1759921919999,786807.16320,849,175608.6,505324.87046,0
1759921920000,2.8777,2.8787,2.8772,2.8781,229573.7,1759921979999,660727.67965,1132,157728.3,453963.27063,0
1759921980000,2.8782,2.8784,2.8771,2.8782,798658.9,1759922039999,2298358.39199,1423,662581.2,1906719.16442,0
1759922040000,2.8783,2.8800,2.8782,2.8790,667248.1,1759922099999,1921225.05277,1502,476897.3,1373175.60575,0
1759922100000,2.8790,2.8791,2.8767,2.8772,301393.6,1759922159999,867271.01971,1362,115677.1,332845.57104,0
1759922160000,2.8772,2.8786,2.8772,2.8784,339034.1,1759922219999,975672.63275,1122,143682.1,413485.59365,0
1759922220000,2.8784,2.8784,2.8761,2.8761,172058.0,1759922279999,495032.00855,1466,21756.0,62604.99828,0
1759922280000,2.8762,2.8770,2.8749,2.8754,316533.0,1759922339999,910202.26757,1636,62087.0,178549.57913,0
1759922340000,2.8754,2.8755,2.8750,2.8750,84819.7,1759922399999,243874.04293,668,18696.1,53755.29055,0
1759922400000,2.8750,2.8751,2.8750,2.8750,31401.8,1759922459999,90281.09771,284,9227.1,26528.83521,0
1759922460000,2.8750,2.8767,2.8750,2.8754,185630.2,1759922519999,533809.97011,1304,106743.8,306954.25261,0
1759922520000,2.8753,2.8761,2.8744,2.8748,173222.3,1759922579999,498015.26270,1499,76316.5,219411.76394,0
1759922580000,2.8748,2.8761,2.8743,2.8749,295540.9,1759922639999,849781.80847,1228,125943.0,362170.82630,0
1759922640000,2.8749,2.8750,2.8723,2.8727,236367.9,1759922699999,679109.88412,978,22476.0,64575.50767,0
1759922700000,2.8727,2.8746,2.8726,2.8745,103108.4,1759922759999,296294.94462,766,64612.1,185677.66859,0
1759922760000,2.8745,2.8749,2.8742,2.8749,35314.4,1759922819999,101508.88751,425,22973.4,66036.13149,0
1759922820000,2.8748,2.8763,2.8738,2.8761,185972.5,1759922879999,534665.25329,960,118725.2,341334.50966,0
1759922880000,2.8761,2.8770,2.8753,2.8753,371217.4,1759922939999,1067700.06166,1150,218767.1,629241.55147,0
1759922940000,2.8753,2.8756,2.8741,2.8744,121519.2,1759922999999,349353.66748,691,24482.8,70388.59524,0
1759923000000,2.8745,2.8747,2.8728,2.8739,128994.6,1759923059999,370660.73077,825,57870.0,166280.41514,0
1759923060000,2.8738,2.8743,2.8726,2.8743,148615.3,1759923119999,427026.19350,895,60868.6,174888.22604,0
1759923120000,2.8742,2.8742,2.8727,2.8728,181851.5,1759923179999,522539.97351,751,28090.5,80711.82072,0
1759923180000,2.8728,2.8728,2.8716,2.8721,283106.9,1759923239999,813179.75162,1046,109519.2,314584.21797,0
1759923240000,2.8722,2.8737,2.8712,2.8732,242925.1,1759923299999,697729.74213,1033,157566.2,452557.35827,0
1759923300000,2.8732,2.8745,2.8727,2.8737,172885.9,1759923359999,496827.99088,866,95393.8,274136.96451,0
1759923360000,2.8736,2.8737,2.8727,2.8731,53773.1,1759923419999,154488.56045,518,21480.8,61712.87369,0
1759923420000,2.8731,2.8732,2.8721,2.8722,67752.3,1759923479999,194632.86858,475,26359.6,75722.87813,0
1759923480000,2.8722,2.8732,2.8705,2.8718,310387.0,1759923539999,891308.67084,1298,176688.7,507325.10142,0
1759923540000,2.8717,2.8737,2.8717,2.8733,155990.0,1759923599999,448163.84951,786,57485.7,165140.71317,0
1759923600000,2.8733,2.8735,2.8713,2.8713,278391.8,1759923659999,799655.87170,986,24506.8,70398.23311,0
1759923660000,2.8713,2.8713,2.8690,2.8710,610542.7,1759923719999,1752277.20809,1779,252887.0,725789.43605,0
1759923720000,2.8710,2.8722,2.8708,2.8722,86595.2,1759923779999,248651.53383,564,25945.4,74505.16503,0
1759923780000,2.8722,2.8732,2.8718,2.8721,139717.3,1759923839999,401333.59669,780,39905.7,114623.44683,0
1759923840000,2.8721,2.8721,2.8711,2.8715,136624.9,1759923899999,392306.48465,742,27323.7,78454.39294,0
1759923900000,2.8714,2.8727,2.8707,2.8726,101057.4,1759923959999,290209.83175,785,47001.3,134983.28705,0
1759923960000,2.8725,2.8734,2.8724,2.8732,128154.1,1759924019999,368177.83576,864,83490.8,239865.25534,0
1759924020000,2.8731,2.8731,2.8709,2.8711,785486.7,1759924079999,2255966.52516,1777,79911.9,229479.03418,0
1759924080000,2.8710,2.8724,2.8709,2.8722,113773.3,1759924139999,326708.51529,550,52194.5,149883.71984,0
1759924140000,2.8721,2.8736,2.8721,2.8736,222528.1,1759924199999,639270.21093,707,163215.8,468906.01498,0
1759924200000,2.8736,2.8744,2.8735,2.8744,196886.1,1759924259999,565841.36975,658,95892.0,275607.78108,0
1759924260000,2.8744,2.8755,2.8742,2.8752,110304.3,1759924319999,317121.84225,852,34519.6,99241.37357,0
1759924320000,2.8752,2.8752,2.8747,2.8748,49669.3,1759924379999,142799.14828,388,8204.2,23587.86887,0
1759924380000,2.8747,2.8748,2.8746,2.8747,53003.9,1759924439999,152372.95468,275,31342.1,90101.94306,0
1759924440000,2.8747,2.8747,2.8739,2.8740,131528.6,1759924499999,378063.29327,581,6239.0,17932.16384,0
1759924500000,2.8740,2.8740,2.8734,2.8734,110312.2,1759924559999,317016.28233,655,16592.1,47685.10515,0
1759924560000,2.8735,2.8740,2.8728,2.8729,113198.6,1759924619999,325260.80938,750,16022.0,46040.87051,0
1759924620000,2.8728,2.8735,2.8725,2.8735,80394.3,1759924679999,230961.51735,625,57453.3,165055.75293,0
1759924680000,2.8735,2.8745,2.8734,2.8745,75846.3,1759924739999,217972.11900,558,35063.1,100768.82443,0
1759924740000,2.8745,2.8748,2.8739,2.8745,85886.7,1759924799999,246868.51667,594,53496.0,153769.40005,0
1759924800000,2.8746,2.8758,2.8745,2.8757,278258.8,1759924859999,800052.75913,958,170763.3,490975.25698,0
1759924860000,2.8757,2.8757,2.8744,2.8753,345326.5,1759924919999,992786.97175,1044,94188.3,270769.78725,0
1759924920000,2.8752,2.8761,2.8748,2.8761,151028.6,1759924979999,434267.12620,795,79360.7,228208.19315,0
1759924980000,2.8761,2.8784,2.8761,2.8767,416557.0,1759925039999,1198611.80216,1399,117878.6,339193.83247,0
1759925040000,2.8767,2.8768,2.8743,2.8756,308305.7,1759925099999,886540.49120,1312,143558.1,412784.21183,0
1759925100000,2.8757,2.8758,2.8723,2.8740,542056.9,1759925159999,1557877.50416,1488,215323.7,618809.07368,0
1759925160000,2.8740,2.8743,2.8723,2.8726,122617.1,1759925219999,352336.12745,820,52697.9,151422.42478,0
1759925220000,2.8726,2.8750,2.8719,2.8749,232935.3,1759925279999,669295.79823,1066,174434.6,501224.30105,0
1759925280000,2.8749,2.8758,2.8734,2.8734,202361.5,1759925339999,581723.83089,883,30836.5,88655.00790,0
1759925340000,2.8734,2.8735,2.8722,2.8722,214705.0,1759925399999,616779.20174,777,50267.6,144406.50900,0
1759925400000,2.8723,2.8730,2.8716,2.8729,154494.4,1759925459999,443757.54079,762,87817.5,252244.45021,0
1759925460000,2.8729,2.8760,2.8729,2.8759,131094.8,1759925519999,376773.21339,818,98353.9,282679.04870,0
1759925520000,2.8760,2.8811,2.8755,2.8792,733149.0,1759925579999,2111088.95972,3368,383944.9,1105566.58862,0
1759925580000,2.8791,2.8794,2.8774,2.8780,505847.5,1759925639999,1455858.99799,2220,184283.3,530329.76710,0
1759925640000,2.8780,2.8784,2.8766,2.8767,238311.6,1759925699999,685763.05426,1531,118629.5,341370.22004,0
1759925700000,2.8766,2.8774,2.8745,2.8754,338368.8,1759925759999,973250.68249,1596,94912.6,272965.46478,0
1759925760000,2.8754,2.8761,2.8740,2.8751,199752.4,1759925819999,574307.91567,1037,59224.0,170274.86688,0
1759925820000,2.8751,2.8759,2.8743,2.8754,127726.0,1759925879999,367259.79970,838,31496.6,90553.31338,0
1759925880000,2.8754,2.8754,2.8737,2.8740,223272.4,1759925939999,641785.27770,775,38842.4,111643.95033,0
1759925940000,2.8740,2.8764,2.8739,2.8756,104327.0,1759925999999,299977.23480,773,61129.5,175750.27228,0
1759926000000,2.8756,2.8762,2.8744,2.8744,102435.7,1759926059999,294544.93043,792,39077.2,112364.35057,0
1759926060000,2.8744,2.8766,2.8732,2.8759,190132.9,1759926119999,546577.74239,1523,92440.8,265721.24981,0
1759926120000,2.8759,2.8763,2.8748,2.8754,173289.1,1759926179999,498324.19001,809,73536.4,211460.39632,0
1759926180000,2.8754,2.8757,2.8740,2.8756,172809.4,1759926239999,496741.90274,978,61614.4,177119.21798,0
1759926240000,2.8755,2.8756,2.8731,2.8733,221025.5,1759926299999,635290.06423,958,37177.4,106835.66656,0
1759926300000,2.8732,2.8749,2.8725,2.8749,263399.2,1759926359999,756828.08371,2054,98852.9,284046.62172,0
1759926360000,2.8748,2.8758,2.8743,2.8753,98988.0,1759926419999,284605.07996,742,38668.8,111173.36656,0
1759926420000,2.8754,2.8767,2.8751,2.8759,178491.8,1759926479999,513268.11863,1026,57871.6,166418.41674,0
1759926480000,2.8760,2.8775,2.8758,2.8764,127669.7,1759926539999,367272.14097,848,43373.7,124785.25073,0
1759926540000,2.8765,2.8774,2.8760,2.8773,68171.4,1759926599999,196103.26252,589,36414.5,104757.68838,0
1759926600000,2.8774,2.8774,2.8736,2.8740,288386.9,1759926659999,829301.04610,1538,67316.0,193566.88917,0
1759926660000,2.8740,2.8743,2.8732,2.8737,147567.9,1759926719999,424104.30884,803,48769.1,140157.01548,0
1759926720000,2.8737,2.8740,2.8724,2.8725,97078.9,1759926779999,278929.02860,890,30195.8,86759.69684,0
1759926780000,2.8724,2.8744,2.8721,2.8736,119359.4,1759926839999,342937.47136,1112,68730.8,197474.20533,0
1759926840000,2.8737,2.8743,2.8729,2.8743,90713.4,1759926899999,260661.35755,751,40625.3,116732.71967,0
1759926900000,2.8743,2.8759,2.8741,2.8741,94264.1,1759926959999,271005.11972,1000,53905.2,154977.03281,0
1759926960000,2.8741,2.8742,2.8727,2.8731,118504.8,1759927019999,340499.86160,994,31609.7,90823.58955,0
1759927020000,2.8731,2.8732,2.8700,2.8708,288268.0,1759927079999,827682.71487,1572,69001.6,198146.97942,0
1759927080000,2.8708,2.8716,2.8708,2.8714,78358.9,1759927139999,224991.69288,774,33261.6,95502.71481,0
1759927140000,2.8713,2.8720,2.8702,2.8715,246634.8,1759927199999,708144.11824,1319,122448.7,351578.19085,0
1759927200000,2.8715,2.8715,2.8707,2.8713,135932.2,1759927259999,390272.28612,931,67045.4,192495.01684,0
1759927260000,2.8714,2.8737,2.8714,2.8737,138875.9,1759927319999,398956.47901,861,87391.3,251033.97489,0
1759927320000,2.8736,2.8737,2.8710,2.8713,121270.5,1759927379999,348323.61412,1103,42399.4,121772.28976,0
1759927380000,2.8713,2.8719,2.8710,2.8718,54044.9,1759927439999,155175.68916,595,30193.4,86693.31476,0
1759927440000,2.8718,2.8731,2.8715,2.8731,96309.3,1759927499999,276617.00586,677,60203.4,172920.78586,0
1759927500000,2.8731,2.8737,2.8716,2.8727,105868.5,1759927559999,304127.35568,936,59134.7,169866.31335,0
1759927560000,2.8727,2.8741,2.8722,2.8725,185945.9,1759927619999,534276.27268,953,156037.5,448339.88832,0
1759927620000,2.8726,2.8748,2.8726,2.8743,95458.9,1759927679999,274346.72395,852,72275.5,207716.62077,0
1759927680000,2.8744,2.8748,2.8725,2.8738,129638.1,1759927739999,372476.44907,888,56288.5,161719.91515,0
1759927740000,2.8738,2.8747,2.8720,2.8745,163040.1,1759927799999,468415.47613,1232,102244.5,293749.42195,0
1759927800000,2.8745,2.8753,2.8743,2.8752,138838.2,1759927859999,399138.61268,673,91272.5,262402.31944,0
1759927860000,2.8752,2.8757,2.8738,2.8738,96792.6,1759927919999,278278.59760,904,44015.7,126551.31211,0
1759927920000,2.8739,2.8739,2.8728,2.8730,135420.4,1759927979999,389107.39150,780,92775.3,266573.39061,0
1759927980000,2.8730,2.8730,2.8709,2.8723,159465.0,1759928039999,457955.96808,1007,47221.7,135615.33078,0
1759928040000,2.8723,2.8724,2.8703,2.8707,141562.0,1759928099999,406435.48776,858,34465.7,98945.77083,0
1759928100000,2.8707,2.8708,2.8696,2.8704,187947.3,1759928159999,539460.87648,1126,72620.6,208443.89305,0
1759928160000,2.8705,2.8712,2.8700,2.8706,106401.2,1759928219999,305429.55577,740,65069.2,186780.70244,0
1759928220000,2.8706,2.8715,2.8700,2.8715,125364.9,1759928279999,359883.90684,756,108868.7,312531.00336,0
1759928280000,2.8714,2.8728,2.8710,2.8723,190157.5,1759928339999,546091.18781,834,150478.6,432142.57212,0
1759928340000,2.8723,2.8738,2.8722,2.8738,112096.9,1759928399999,322086.15309,778,87085.8,250217.86457,0
1759928400000,2.8737,2.8752,2.8735,2.8752,159270.5,1759928459999,457763.95183,1154,87370.1,251115.39755,0
1759928460000,2.8752,2.8773,2.8751,2.8772,175139.4,1759928519999,503719.28553,1090,145886.2,419579.87338,0
1759928520000,2.8772,2.8780,2.8738,2.8739,265822.5,1759928579999,764603.57826,1553,112648.2,324015.97046,0
1759928580000,2.8739,2.8743,2.8727,2.8734,141290.3,1759928639999,405998.64054,1083,67206.7,193112.99050,0
1759928640000,2.8735,2.8748,2.8732,2.8745,85604.4,1759928699999,246026.52448,945,44435.4,127699.69287,0
1759928700000,2.8745,2.8774,2.8744,2.8757,147420.1,1759928759999,424082.21490,1086,50697.0,145821.92198,0
1759928760000,2.8757,2.8766,2.8733,2.8734,134412.9,1759928819999,386407.23579,1269,35577.9,102283.35295,0
1759928820000,2.8733,2.8737,2.8723,2.8724,137191.8,1759928879999,394156.51454,1227,68479.3,196744.28995,0
1759928880000,2.8724,2.8727,2.8704,2.8710,105011.5,1759928939999,301540.72009,938,38297.0,109970.54277,0
1759928940000,2.8710,2.8724,2.8694,2.8723,682856.3,1759928999999,1960424.96708,1682,271302.4,779094.54183,0
1759929000000,2.8722,2.8731,2.8707,2.8713,146464.3,1759929059999,420649.33117,1021,92442.7,265509.52614,0
1759929060000,2.8713,2.8722,2.8708,2.8716,80565.6,1759929119999,231342.67897,869,33821.5,97119.40014,0
1759929120000,2.8716,2.8728,2.8706,2.8720,183380.4,1759929179999,526594.39490,992,57548.7,165278.06621,0
1759929180000,2.8720,2.8754,2.8719,2.8747,172139.6,1759929239999,494669.53039,1803,117302.1,337061.81404,0
1759929240000,2.8748,2.8749,2.8729,2.8749,126807.0,1759929299999,364441.65699,1048,62209.1,178791.84089,0
1759929300000,2.8749,2.8755,2.8725,2.8755,533240.9,1759929359999,1532558.23424,2038,233705.7,671655.77080,0
1759929360000,2.8755,2.8762,2.8739,2.8742,210943.1,1759929419999,606492.34507,1150,95259.2,273897.58231,0
1759929420000,2.8742,2.8743,2.8728,2.8738,176863.3,1759929479999,508277.27841,1049,82994.4,238515.89690,0
1759929480000,2.8738,2.8758,2.8737,2.8751,104064.7,1759929539999,299137.84245,1017,68006.3,195473.00914,0
1759929540000,2.8750,2.8751,2.8732,2.8739,70807.5,1759929599999,203502.63719,802,26592.0,76419.87783,0
1759929600000,2.8740,2.8757,2.8732,2.8732,139471.3,1759929659999,400883.12046,1251,86060.9,247371.59648,0
1759929660000,2.8733,2.8739,2.8728,2.8736,125378.2,1759929719999,360225.93055,961,28034.3,80547.09522,0
1759929720000,2.8736,2.8736,2.8724,2.8725,133169.8,1759929779999,382639.84315,745,7063.5,20294.91275,0
1759929780000,2.8724,2.8736,2.8719,2.8736,68124.6,1759929839999,195684.75753,841,37790.2,108551.58720,0
1759929840000,2.8736,2.8737,2.8725,2.8731,119459.2,1759929899999,343204.24910,688,25710.4,73871.77874,0
1759929900000,2.8731,2.8751,2.8731,2.8732,129772.5,1759929959999,372975.18095,1060,71953.9,206814.27269,0
1759929960000,2.8732,2.8737,2.8731,2.8732,59340.7,1759930019999,170509.64744,660,22772.0,65435.35349,0
1759930020000,2.8732,2.8732,2.8711,2.8714,144470.6,1759930079999,414939.53801,951,25621.4,73572.64135,0
1759930080000,2.8714,2.8718,2.8704,2.8717,122180.1,1759930139999,350777.47343,939,85529.1,245557.89602,0
1759930140000,2.8717,2.8717,2.8708,2.8714,133578.3,1759930199999,383533.36608,869,61455.5,176461.90457,0
1759930200000,2.8714,2.8729,2.8702,2.8702,224222.3,1759930259999,643943.68490,1445,63264.1,181685.10958,0
1759930260000,2.8703,2.8721,2.8688,2.8703,438590.4,1759930319999,1258898.82886,2283,141213.9,405348.60552,0
1759930320000,2.8704,2.8757,2.8704,2.8749,426268.1,1759930379999,1224985.32300,2259,211057.7,606503.91482,0
1759930380000,2.8750,2.8766,2.8740,2.8746,347716.2,1759930439999,999781.66121,1686,200348.9,576024.14904,0
1759930440000,2.8747,2.8748,2.8711,2.8738,145583.7,1759930499999,418203.88447,1450,53411.5,153422.87589,0
1759930500000,2.8737,2.8742,2.8692,2.8721,404778.8,1759930559999,1162169.87572,1989,137410.7,394514.41369,0
1759930560000,2.8721,2.8740,2.8675,2.8717,693949.7,1759930619999,1991396.22182,2535,226246.2,649158.13011,0
1759930620000,2.8718,2.8736,2.8702,2.8722,314272.1,1759930679999,902534.60023,1874,107647.3,309126.45383,0
1759930680000,2.8723,2.8725,2.8624,2.8658,1322244.3,1759930739999,3788623.56731,3644,205804.1,589551.28957,0
1759930740000,2.8657,2.8689,2.8638,2.8682,439613.3,1759930799999,1260012.85174,2025,250725.6,718691.02082,0
1759930800000,2.8682,2.8685,2.8633,2.8648,939425.6,1759930859999,2692289.69742,2677,294337.8,843463.59009,0
1759930860000,2.8648,2.8649,2.8587,2.8591,1234488.6,1759930919999,3531139.42851,3510,514330.3,1471062.12566,0
1759930920000,2.8591,2.8604,2.8583,2.8604,682266.2,1759930979999,1950862.13757,2088,421771.5,1206061.86918,0
1759930980000,2.8604,2.8605,2.8539,2.8567,1357606.9,1759931039999,3878140.21883,3721,697989.8,1993811.56046,0
1759931040000,2.8568,2.8594,2.8545,2.8594,828208.7,1759931099999,2366020.30558,2348,477614.6,1364539.61327,0
1759931100000,2.8594,2.8594,2.8506,2.8525,1338127.2,1759931159999,3819011.11018,4304,479920.6,1369603.74601,0
1759931160000,2.8525,2.8589,2.8524,2.8585,866722.1,1759931219999,2474256.66167,2625,549376.3,1568329.86529,0
1759931220000,2.8584,2.8604,2.8555,2.8589,678092.7,1759931279999,1938155.51588,2527,410025.5,1171910.77080,0
1759931280000,2.8590,2.8627,2.8575,2.8621,398531.6,1759931339999,1139969.76324,1950,236625.7,676890.72544,0
1759931340000,2.8621,2.8659,2.8619,2.8647,416648.6,1759931399999,1193311.00538,2101,265388.8,760048.19363,0
1759931400000,2.8648,2.8661,2.8612,2.8617,421838.8,1759931459999,1207702.00477,1835,166496.7,476708.50387,0
1759931460000,2.8617,2.8659,2.8611,2.8648,406429.1,1759931519999,1163548.57995,2051,220761.9,632082.68526,0
1759931520000,2.8649,2.8653,2.8620,2.8647,332629.5,1759931579999,952621.00635,1616,215530.4,617298.48977,0
1759931580000,2.8648,2.8669,2.8637,2.8669,296718.0,1759931639999,850203.69610,1435,175644.1,503320.74505,0
1759931640000,2.8669,2.8674,2.8656,2.8659,254640.9,1759931699999,729995.14195,1327,137098.0,393040.41219,0
1759931700000,2.8659,2.8668,2.8634,2.8650,211847.3,1759931759999,606941.38443,1292,102480.7,293613.21494,0
1759931760000,2.8650,2.8686,2.8650,2.8681,278991.7,1759931819999,799873.85070,1495,183758.9,526818.65822,0
1759931820000,2.8681,2.8692,2.8674,2.8682,221382.4,1759931879999,634984.45816,1467,101892.2,292267.93541,0
1759931880000,2.8682,2.8710,2.8682,2.8709,394963.0,1759931939999,1133648.14681,1790,187394.8,537829.03576,0
1759931940000,2.8710,2.8735,2.8709,2.8723,479477.8,1759931999999,1377321.28656,2885,266864.0,766541.57405,0
1759932000000,2.8722,2.8818,2.8721,2.8816,2271867.9,1759932059999,6537621.64021,6971,1573035.3,4526048.53991,0
1759932060000,2.8816,2.8880,2.8799,2.8857,2629718.8,1759932119999,7585996.05991,7210,1718892.0,4958896.23368,0
1759932120000,2.8857,2.8875,2.8829,2.8831,1640746.7,1759932179999,4733871.62962,5618,814854.8,2350959.22320,0
1759932180000,2.8831,2.8912,2.8831,2.8912,1807144.0,1759932239999,5218816.87805,5340,1073992.6,3101779.79581,0
1759932240000,2.8911,2.8911,2.8841,2.8865,891284.2,1759932299999,2573096.18167,2845,309104.3,892271.45281,0
1759932300000,2.8865,2.8913,2.8865,2.8900,952270.3,1759932359999,2751033.47830,3027,505332.6,1459760.11228,0
1759932360000,2.8900,2.8923,2.8858,2.8865,1455920.5,1759932419999,4206620.19897,3895,788645.6,2279051.44519,0
1759932420000,2.8866,2.8869,2.8840,2.8843,573639.6,1759932479999,1655359.53093,2470,219649.2,633830.81105,0
1759932480000,2.8843,2.8865,2.8839,2.8860,588162.5,1759932539999,1696999.84908,2111,241526.9,696874.02057,0
1759932540000,2.8859,2.8860,2.8798,2.8801,521305.5,1759932599999,1502495.38939,2915,115687.8,333420.01008,0
1759932600000,2.8800,2.8823,2.8782,2.8820,524402.5,1759932659999,1510177.26134,2180,208375.9,600161.21942,0
1759932660000,2.8820,2.8829,2.8794,2.8795,520688.4,1759932719999,1500110.87424,2532,213422.4,614842.63560,0
1759932720000,2.8795,2.8802,2.8758,2.8777,579238.0,1759932779999,1666561.20207,2289,256505.3,737935.69939,0
1759932780000,2.8776,2.8776,2.8747,2.8770,436318.6,1759932839999,1254902.12969,1867,128873.7,370698.65395,0
1759932840000,2.8771,2.8799,2.8766,2.8774,374170.6,1759932899999,1077008.45923,1623,203294.9,585248.51808,0
1759932900000,2.8774,2.8793,2.8741,2.8790,525255.8,1759932959999,1510906.19448,2064,257858.6,741861.59726,0
1759932960000,2.8790,2.8840,2.8786,2.8830,627706.6,1759933019999,1808567.73487,2127,407915.6,1175283.20586,0
1759933020000,2.8830,2.8869,2.8828,2.8844,548115.5,1759933079999,1581061.14846,1986,257536.3,742878.14853,0
1759933080000,2.8843,2.8865,2.8826,2.8827,361200.8,1759933139999,1042203.75829,1609,123751.1,357066.51202,0
1759933140000,2.8827,2.8848,2.8815,2.8847,323910.1,1759933199999,933852.86587,1478,128630.5,370834.58377,0
1759933200000,2.8848,2.8850,2.8825,2.8828,250465.4,1759933259999,722140.94705,1455,102672.6,296020.88273,0
1759933260000,2.8829,2.8835,2.8819,2.8822,188589.9,1759933319999,543610.06543,1070,84869.0,244629.13165,0
1759933320000,2.8822,2.8822,2.8785,2.8799,455031.9,1759933379999,1310397.61353,1692,168696.0,485754.25501,0
1759933380000,2.8799,2.8799,2.8768,2.8787,424219.8,1759933439999,1221051.13122,1635,134689.1,387660.64717,0
1759933440000,2.8787,2.8800,2.8776,2.8788,219191.9,1759933499999,631112.15136,1058,50391.7,145068.63888,0
1759933500000,2.8788,2.8788,2.8744,2.8761,351447.5,1759933559999,1010855.34529,1751,78120.3,224709.22412,0
1759933560000,2.8761,2.8781,2.8755,2.8778,163222.3,1759933619999,469518.85573,1120,67859.5,195215.88206,0
1759933620000,2.8777,2.8777,2.8755,2.8758,144562.5,1759933679999,415807.03316,1008,48477.3,139432.69301,0
1759933680000,2.8758,2.8780,2.8753,2.8762,165500.1,1759933739999,476142.06186,1092,75245.9,216481.92681,0
1759933740000,2.8763,2.8763,2.8741,2.8752,242409.0,1759933799999,696968.98970,924,60162.6,172985.73704,0
1759933800000,2.8752,2.8781,2.8731,2.8760,482676.7,1759933859999,1388048.13234,1995,154049.8,443028.34439,0
1759933860000,2.8759,2.8801,2.8754,2.8783,286025.2,1759933919999,823027.94866,1825,151044.1,434627.88048,0
1759933920000,2.8782,2.8783,2.8745,2.8769,167001.0,1759933979999,480405.52945,1813,50149.3,144229.35667,0
1759933980000,2.8769,2.8769,2.8719,2.8728,491398.1,1759934039999,1412145.45921,2040,119302.8,342863.72814,0
1759934040000,2.8728,2.8728,2.8664,2.8666,694520.7,1759934099999,1992571.58512,2713,149703.5,429440.95166,0
1759934100000,2.8666,2.8674,2.8643,2.8672,1156934.9,1759934159999,3315904.51405,3087,749040.8,2146856.41943,0
1759934160000,2.8673,2.8701,2.8660,2.8697,524619.4,1759934219999,1504443.30648,2223,373301.9,1070478.32022,0
1759934220000,2.8695,2.8698,2.8672,2.8680,358260.6,1759934279999,1027711.23515,1723,126996.6,364285.50678,0
1759934280000,2.8681,2.8708,2.8681,2.8698,214700.8,1759934339999,616116.91670,1429,128997.6,370155.54820,0
1759934340000,2.8697,2.8711,2.8687,2.8698,159899.4,1759934399999,458880.28508,1243,48188.4,138291.42123,0
1759934400000,2.8698,2.8698,2.8674,2.8682,136289.9,1759934459999,390952.48438,1148,36695.1,105256.16443,0
1759934460000,2.8681,2.8706,2.8670,2.8697,546374.1,1759934519999,1567818.24234,1455,281248.3,807053.44671,0
1759934520000,2.8697,2.8708,2.8662,2.8668,625090.1,1759934579999,1793132.02930,1646,116145.9,333199.11879,0
1759934580000,2.8668,2.8683,2.8661,2.8683,358553.9,1759934639999,1028025.50318,1428,112428.2,322359.49979,0
1759934640000,2.8683,2.8707,2.8683,2.8695,330426.0,1759934699999,948251.97607,1099,168445.2,483419.68741,0
1759934700000,2.8694,2.8694,2.8668,2.8675,263406.3,1759934759999,755504.67396,1132,90193.9,258671.30884,0
1759934760000,2.8674,2.8693,2.8663,2.8671,239502.6,1759934819999,686782.13858,1183,90631.9,259892.84614,0
1759934820000,2.8671,2.8689,2.8667,2.8686,287488.2,1759934879999,824445.67094,1227,118432.6,339609.62353,0
1759934880000,2.8687,2.8714,2.8685,2.8708,151383.3,1759934939999,434539.30944,897,101158.1,290369.30301,0
1759934940000,2.8709,2.8716,2.8669,2.8676,302282.8,1759934999999,867193.58489,1243,82885.4,237776.93102,0
1759935000000,2.8676,2.8678,2.8640,2.8640,322163.4,1759935059999,923154.01608,1353,81156.0,232534.99549,0
1759935060000,2.8640,2.8640,2.8615,2.8633,271772.6,1759935119999,777936.41663,1633,88917.1,254519.07751,0
1759935120000,2.8632,2.8638,2.8592,2.8604,363933.6,1759935179999,1041050.91724,2023,91926.5,262946.80079,0
1759935180000,2.8605,2.8611,2.8594,2.8594,265641.4,1759935239999,759754.52728,1431,77781.7,222474.04846,0
1759935240000,2.8594,2.8621,2.8594,2.8619,395597.3,1759935299999,1131478.99167,1288,202734.1,579891.40147,0
1759935300000,2.8618,2.8618,2.8564,2.8573,741453.7,1759935359999,2119113.42858,2317,272227.1,777868.95187,0
1759935360000,2.8573,2.8595,2.8557,2.8593,550039.1,1759935419999,1571707.37181,2016,243523.4,695811.56031,0
1759935420000,2.8593,2.8594,2.8565,2.8577,203755.5,1759935479999,582349.05389,1306,59681.2,170566.53902,0
1759935480000,2.8577,2.8598,2.8573,2.8590,234772.4,1759935539999,671259.76396,1014,117733.0,336610.97616,0
1759935540000,2.8590,2.8607,2.8582,2.8607,333946.7,1759935599999,954801.57676,1343,124624.8,356309.51978,0
1759935600000,2.8606,2.8606,2.8587,2.8604,375460.7,1759935659999,1073709.40887,2299,159341.2,455629.25423,0
1759935660000,2.8604,2.8635,2.8590,2.8631,485452.5,1759935719999,1389222.55788,1936,278341.8,796545.32379,0
1759935720000,2.8630,2.8630,2.8603,2.8630,327368.7,1759935779999,936793.26517,1465,103589.2,296425.25345,0
1759935780000,2.8629,2.8652,2.8620,2.8647,186808.9,1759935839999,534987.59793,1433,72763.0,208396.63371,0
1759935840000,2.8647,2.8648,2.8634,2.8639,126878.6,1759935899999,363399.44248,1090,37433.3,107214.31596,0
1759935900000,2.8638,2.8650,2.8633,2.8649,190608.3,1759935959999,545884.18422,1361,45755.0,131042.18970,0
1759935960000,2.8648,2.8661,2.8637,2.8659,252783.0,1759936019999,724212.76620,1344,58621.2,167960.33980,0
1759936020000,2.8659,2.8672,2.8647,2.8661,343388.6,1759936079999,984197.85873,1733,166932.5,478445.37681,0
1759936080000,2.8661,2.8664,2.8642,2.8649,326504.2,1759936139999,935597.34074,1475,107504.3,308068.15653,0
1759936140000,2.8650,2.8661,2.8647,2.8659,188939.3,1759936199999,541450.70907,1030,96171.6,275597.32222,0
1759936200000,2.8658,2.8682,2.8658,2.8663,301618.8,1759936259999,864751.66219,1496,103865.9,297793.98959,0
1759936260000,2.8663,2.8698,2.8660,2.8694,300522.5,1759936319999,861940.10613,1480,158252.8,453891.90467,0
1759936320000,2.8694,2.8717,2.8694,2.8705,295249.4,1759936379999,847539.28666,1562,121915.7,349970.17141,0
1759936380000,2.8705,2.8705,2.8647,2.8647,234779.2,1759936439999,673253.67684,1213,27199.5,78015.11025,0
1759936440000,2.8647,2.8666,2.8629,2.8664,521665.8,1759936499999,1494441.36302,1700,269593.8,772345.13065,0
1759936500000,2.8664,2.8676,2.8636,2.8674,300102.8,1759936559999,859807.40972,1595,81487.9,233516.77787,0
1759936560000,2.8673,2.8673,2.8638,2.8643,307747.2,1759936619999,881850.31203,1298,37196.8,106550.48825,0
1759936620000,2.8642,2.8643,2.8616,2.8638,237251.8,1759936679999,679272.83397,1208,129739.7,371474.98260,0
1759936680000,2.8638,2.8638,2.8612,2.8619,134589.5,1759936739999,385313.13080,1127,60463.4,173086.23806,0
1759936740000,2.8619,2.8622,2.8602,2.8620,294405.5,1759936799999,842354.18529,1166,204101.2,583984.83968,0
1759936800000,2.8620,2.8620,2.8591,2.8619,344232.1,1759936859999,984604.60182,1463,159211.2,455397.54580,0
1759936860000,2.8618,2.8630,2.8604,2.8620,251830.6,1759936919999,720683.14780,1206,102742.9,294000.28974,0
1759936920000,2.8621,2.8635,2.8608,2.8631,310789.3,1759936979999,889437.96405,988,221021.1,632481.74902,0
1759936980000,2.8631,2.8658,2.8630,2.8651,193194.8,1759937039999,553394.03178,1180,110132.5,315459.68458,0
1759937040000,2.8651,2.8694,2.8650,2.8689,132538.6,1759937099999,380056.13872,1211,65720.2,188435.80889,0
1759937100000,2.8690,2.8695,2.8666,2.8684,347717.8,1759937159999,997162.21738,1566,214883.4,616191.88828,0
1759937160000,2.8684,2.8700,2.8666,2.8684,187100.5,1759937219999,536739.37858,1330,96979.4,278190.07110,0
1759937220000,2.8684,2.8687,2.8662,2.8662,148302.7,1759937279999,425227.34462,949,87020.5,249492.20264,0
1759937280000,2.8662,2.8665,2.8636,2.8637,153864.8,1759937339999,440794.08421,967,109186.9,312786.73451,0
1759937340000,2.8637,2.8654,2.8637,2.8654,181704.6,1759937399999,520514.76153,845,150517.1,431178.39530,0
1759937400000,2.8655,2.8659,2.8625,2.8633,227557.2,1759937459999,651798.89157,1227,105584.0,302426.36324,0
1759937460000,2.8633,2.8644,2.8625,2.8637,130786.5,1759937519999,374470.86521,1048,75753.2,216897.79754,0
1759937520000,2.8636,2.8657,2.8631,2.8637,211741.0,1759937579999,606545.72741,1128,81357.3,233042.34640,0
1759937580000,2.8638,2.8666,2.8638,2.8661,162665.8,1759937639999,466115.61801,1039,106433.6,304966.91023,0
1759937640000,2.8662,2.8668,2.8638,2.8639,109906.1,1759937699999,314909.44713,1039,46165.2,132270.51751,0
1759937700000,2.8639,2.8654,2.8634,2.8648,129741.1,1759937759999,371616.96770,908,66912.4,191662.49946,0
1759937760000,2.8647,2.8665,2.8642,2.8663,132573.5,1759937819999,379864.87852,979,62252.8,178382.64093,0
1759937820000,2.8663,2.8669,2.8655,2.8656,84099.6,1759937879999,241060.20209,658,49846.9,142875.87902,0
1759937880000,2.8657,2.8661,2.8647,2.8658,111586.2,1759937939999,319762.65734,788,94505.7,270819.18940,0
1759937940000,2.8659,2.8660,2.8645,2.8645,50987.1,1759937999999,146103.25311,647,22592.7,64736.85457,0
1759938000000,2.8645,2.8666,2.8645,2.8651,65024.1,1759938059999,186343.34740,807,39352.3,112764.04506,0
1759938060000,2.8651,2.8660,2.8643,2.8643,102344.5,1759938119999,293259.80653,815,52668.0,150922.84799,0
1759938120000,2.8643,2.8662,2.8641,2.8660,83143.9,1759938179999,238194.38895,800,59255.4,169754.60396,0
1759938180000,2.8659,2.8674,2.8650,2.8671,49511.5,1759938239999,141922.66008,635,29006.6,83142.84206,0
1759938240000,2.8671,2.8677,2.8668,2.8675,116214.8,1759938299999,333223.70255,753,59502.6,170611.00182,0
1759938300000,2.8674,2.8675,2.8661,2.8662,127258.4,1759938359999,364789.28072,965,29826.7,85496.19942,0
1759938360000,2.8662,2.8665,2.8631,2.8647,108321.7,1759938419999,310346.07980,894,43038.3,123289.45928,0
1759938420000,2.8648,2.8649,2.8616,2.8624,155091.8,1759938479999,444008.67758,1378,75507.8,216160.53452,0
1759938480000,2.8624,2.8625,2.8603,2.8607,156372.9,1759938539999,447437.39904,1157,33581.9,96081.21976,0
1759938540000,2.8607,2.8624,2.8601,2.8623,288397.7,1759938599999,825059.13731,1162,201079.0,575258.05172,0
1759938600000,2.8623,2.8647,2.8618,2.8645,208137.8,1759938659999,595960.28238,956,163426.9,467955.36530,0
1759938660000,2.8645,2.8645,2.8618,2.8618,163378.6,1759938719999,467733.24772,1244,65593.3,187787.95157,0
1759938720000,2.8618,2.8620,2.8602,2.8617,223229.2,1759938779999,638662.60377,1139,139075.7,397876.58107,0
1759938780000,2.8618,2.8634,2.8617,2.8624,161687.6,1759938839999,462810.70869,925,105864.0,303022.33049,0
1759938840000,2.8624,2.8635,2.8611,2.8635,232100.0,1759938899999,664419.14510,1474,145468.3,416376.42723,0
1759938900000,2.8634,2.8655,2.8616,2.8650,120511.6,1759938959999,345095.65581,1337,71064.2,203509.23963,0
1759938960000,2.8649,2.8655,2.8636,2.8649,131768.0,1759939019999,377455.45151,1106,90131.9,258189.97098,0
1759939020000,2.8649,2.8660,2.8639,2.8657,138873.6,1759939079999,397871.07072,774,97767.3,280084.60406,0
1759939080000,2.8656,2.8657,2.8637,2.8637,137931.2,1759939139999,395111.67524,844,30779.6,88166.66415,0
1759939140000,2.8637,2.8646,2.8633,2.8646,92829.5,1759939199999,265836.82105,683,42462.7,121609.15955,0
1759939200000,2.8646,2.8654,2.8625,2.8625,213376.2,1759939259999,611044.63640,1321,90495.0,259128.82312,0
1759939260000,2.8625,2.8639,2.8620,2.8624,253809.1,1759939319999,726731.79036,1244,113161.6,324000.83912,0
1759939320000,2.8624,2.8636,2.8611,2.8626,327170.3,1759939379999,936428.86788,1350,95937.3,274564.28484,0
1759939380000,2.8627,2.8659,2.8626,2.8657,192295.3,1759939439999,550716.44308,1221,111985.4,320733.42618,0
1759939440000,2.8657,2.8658,2.8637,2.8639,180024.0,1759939499999,515645.43541,1153,45257.9,129635.26659,0
1759939500000,2.8639,2.8685,2.8630,2.8672,971495.0,1759939559999,2784713.00127,2443,715137.6,2049873.77299,0
1759939560000,2.8672,2.8678,2.8654,2.8658,585782.1,1759939619999,1679411.12500,1462,103417.1,296475.63202,0
1759939620000,2.8659,2.8675,2.8659,2.8660,156119.8,1759939679999,447532.21605,1098,76004.0,217861.50301,0
1759939680000,2.8660,2.8680,2.8658,2.8674,124003.9,1759939739999,355469.21542,954,70747.9,202799.05931,0
1759939740000,2.8674,2.8687,2.8674,2.8677,151344.5,1759939799999,434078.08547,811,74786.7,214505.88266,0
1759939800000,2.8677,2.8720,2.8665,2.8720,318467.7,1759939859999,913842.20633,1588,261413.0,750194.79172,0
1759939860000,2.8720,2.8720,2.8688,2.8701,334470.2,1759939919999,960005.57139,1780,166857.7,478824.75577,0
1759939920000,2.8700,2.8706,2.8689,2.8702,583517.1,1759939979999,1674500.85703,1632,312581.4,896944.15758,0
1759939980000,2.8703,2.8711,2.8698,2.8708,160594.2,1759940039999,460968.19985,875,57494.2,165031.29018,0
1759940040000,2.8708,2.8722,2.8702,2.8722,129506.6,1759940099999,371850.68748,875,94752.2,272078.12557,0
1759940100000,2.8721,2.8748,2.8721,2.8732,370558.9,1759940159999,1064799.18537,1723,187750.2,539481.57004,0
1759940160000,2.8732,2.8751,2.8722,2.8740,450314.5,1759940219999,1294202.70982,1623,279362.7,802865.30028,0
1759940220000,2.8740,2.8745,2.8722,2.8736,431948.1,1759940279999,1241204.03290,1249,92746.2,266494.03958,0
1759940280000,2.8736,2.8756,2.8733,2.8755,132605.3,1759940339999,381195.30389,1065,95050.6,273226.01302,0
1759940340000,2.8756,2.8777,2.8736,2.8737,397143.5,1759940399999,1142036.48627,2196,170960.2,491771.64888,0
1759940400000,2.8738,2.8749,2.8724,2.8737,169750.5,1759940459999,487806.26076,1211,82104.3,235959.53214,0
1759940460000,2.8736,2.8764,2.8729,2.8761,129350.1,1759940519999,371897.72235,1041,66780.9,192011.89218,0
1759940520000,2.8761,2.8761,2.8714,2.8725,271188.4,1759940579999,779296.25793,1376,112459.6,323070.17035,0
1759940580000,2.8724,2.8726,2.8710,2.8726,211295.7,1759940639999,606747.34103,991,71806.1,206199.83114,0
1759940640000,2.8725,2.8736,2.8722,2.8733,117938.4,1759940699999,338822.14641,891,74483.1,213971.47822,0
1759940700000,2.8734,2.8741,2.8713,2.8718,85340.7,1759940759999,245171.70040,902,36919.2,106062.20489,0
1759940760000,2.8718,2.8725,2.8701,2.8723,168374.5,1759940819999,483466.61019,1115,88426.6,253894.91321,0
1759940820000,2.8723,2.8740,2.8722,2.8733,100530.2,1759940879999,288840.93891,737,65080.4,186990.16098,0
1759940880000,2.8734,2.8735,2.8703,2.8708,191203.5,1759940939999,549148.60389,1033,43332.2,124434.17351,0
1759940940000,2.8708,2.8722,2.8708,2.8720,64382.3,1759940999999,184879.42531,715,45260.7,129962.16446,0
1759941000000,2.8721,2.8721,2.8702,2.8702,118300.4,1759941059999,339648.71473,1102,26631.0,76457.25138,0
1759941060000,2.8702,2.8703,2.8689,2.8690,145755.5,1759941119999,418231.46283,854,26888.9,77147.57411,0
1759941120000,2.8689,2.8704,2.8688,2.8698,96484.7,1759941179999,276851.67181,955,35948.8,103149.32304,0
1759941180000,2.8698,2.8709,2.8687,2.8698,326160.8,1759941239999,935939.89352,1178,170335.4,488778.60465,0
1759941240000,2.8698,2.8709,2.8684,2.8684,177177.6,1759941299999,508470.93550,1061,104728.3,300561.85255,0
1759941300000,2.8684,2.8703,2.8684,2.8697,115180.0,1759941359999,330473.57425,758,59906.4,171866.51814,0
1759941360000,2.8696,2.8698,2.8686,2.8686,118726.3,1759941419999,340652.93003,737,52174.4,149699.36151,0
1759941420000,2.8686,2.8703,2.8686,2.8687,66104.4,1759941479999,189676.57101,673,23116.7,66330.59708,0
1759941480000,2.8687,2.8723,2.8687,2.8711,165576.7,1759941539999,475405.34363,959,85506.7,245481.98909,0
1759941540000,2.8711,2.8724,2.8708,2.8717,107978.2,1759941599999,310055.81099,712,37826.7,108624.30774,0
1759941600000,2.8718,2.8721,2.8710,2.8712,95157.4,1759941659999,273246.43782,562,43244.9,124169.12376,0
1759941660000,2.8712,2.8712,2.8689,2.8696,60648.0,1759941719999,174049.89701,590,15711.3,45079.44103,0
1759941720000,2.8696,2.8728,2.8695,2.8726,96300.2,1759941779999,276562.01277,602,73035.1,209741.42139,0
1759941780000,2.8725,2.8737,2.8707,2.8716,208393.9,1759941839999,598583.40121,1325,51886.0,149045.73595,0
1759941840000,2.8716,2.8718,2.8710,2.8711,80760.5,1759941899999,231897.92356,539,36457.2,104685.00684,0
1759941900000,2.8711,2.8715,2.8703,2.8708,116611.6,1759941959999,334791.78936,753,72958.9,209464.36280,0
1759941960000,2.8708,2.8717,2.8705,2.8712,48629.4,1759942019999,139621.94056,759,25716.4,73836.36438,0
1759942020000,2.8711,2.8719,2.8708,2.8715,61113.9,1759942079999,175482.06546,1128,39897.5,114560.98644,0
1759942080000,2.8715,2.8716,2.8710,2.8712,58384.1,1759942139999,167638.62123,688,36295.8,104215.33073,0
1759942140000,2.8711,2.8750,2.8710,2.8749,102296.8,1759942199999,293931.60216,977,86359.6,248131.65112,0
1759942200000,2.8749,2.8774,2.8749,2.8770,224374.6,1759942259999,645454.60940,1303,130852.1,376392.34999,0
1759942260000,2.8770,2.8786,2.8752,2.8786,581621.5,1759942319999,1673678.78830,1270,495911.2,1427145.55894,0
1759942320000,2.8786,2.8794,2.8773,2.8789,239869.3,1759942379999,690494.98415,1544,115388.4,332163.30449,0
1759942380000,2.8789,2.8811,2.8783,2.8810,436268.4,1759942439999,1256631.01179,1832,315826.5,909671.86647,0
1759942440000,2.8810,2.8815,2.8806,2.8808,222091.9,1759942499999,639846.07237,1128,73646.0,212165.42532,0
1759942500000,2.8808,2.8817,2.8801,2.8801,141123.6,1759942559999,406587.06675,1003,44054.0,126929.48546,0
1759942560000,2.8802,2.8811,2.8794,2.8808,314832.9,1759942619999,906872.90156,1302,104486.1,300939.67767,0
1759942620000,2.8808,2.8830,2.8804,2.8811,1170616.6,1759942679999,3373636.69088,2360,553795.8,1596138.67405,0
1759942680000,2.8811,2.8820,2.8811,2.8820,133910.1,1759942739999,385861.50903,786,73010.0,210382.68355,0
1759942740000,2.8819,2.8824,2.8816,2.8824,144472.4,1759942799999,416350.75941,650,86218.7,248476.60689,0
1759942800000,2.8823,2.8841,2.8822,2.8831,623288.7,1759942859999,1797061.03421,2051,379320.8,1093701.24897,0
1759942860000,2.8831,2.8849,2.8810,2.8816,491422.7,1759942919999,1416861.01206,2065,313006.0,902466.95863,0
1759942920000,2.8816,2.8828,2.8803,2.8821,325583.1,1759942979999,938119.40913,1348,179535.7,517279.06775,0
1759942980000,2.8821,2.8834,2.8820,2.8828,192982.6,1759943039999,556284.86095,1057,116127.4,334744.89522,0
1759943040000,2.8829,2.8848,2.8828,2.8847,167810.1,1759943099999,484010.90960,1101,99782.3,287783.06129,0
1759943100000,2.8847,2.8847,2.8822,2.8829,361201.4,1759943159999,1041354.86169,1331,226225.3,652249.36308,0
1759943160000,2.8828,2.8838,2.8824,2.8824,129437.9,1759943219999,373209.15314,1126,73739.1,212609.34361,0
1759943220000,2.8825,2.8829,2.8810,2.8813,274334.2,1759943279999,790558.68607,1290,92744.3,267292.94938,0
1759943280000,2.8812,2.8828,2.8812,2.8825,281627.6,1759943339999,811614.10828,1243,160547.1,462707.55203,0
1759943340000,2.8825,2.8858,2.8825,2.8858,244556.8,1759943399999,705366.96835,1204,168125.0,484953.45132,0
1759943400000,2.8857,2.8929,2.8857,2.8926,1575354.6,1759943459999,4552330.45589,4520,1073396.9,3101797.82884,0
1759943460000,2.8926,2.8938,2.8900,2.8901,1109521.2,1759943519999,3208878.84060,3086,713540.8,2063705.81341,0
1759943520000,2.8900,2.8919,2.8895,2.8906,387467.2,1759943579999,1119970.23347,1762,187136.5,540914.18897,0
1759943580000,2.8905,2.8926,2.8902,2.8925,571219.7,1759943639999,1651464.82783,1805,241416.3,697998.71606,0
1759943640000,2.8925,2.8942,2.8920,2.8941,593072.5,1759943699999,1716071.68764,1856,451954.0,1307760.42266,0
1759943700000,2.8942,2.8949,2.8935,2.8936,411381.2,1759943759999,1190691.88230,1743,146810.9,424933.28293,0
1759943760000,2.8936,2.8963,2.8919,2.8962,406027.4,1759943819999,1175194.34505,1964,248621.2,719658.68075,0
1759943820000,2.8963,2.8996,2.8961,2.8981,1427255.7,1759943879999,4136370.60721,3407,925902.9,2683327.55257,0
1759943880000,2.8981,2.9011,2.8981,2.9000,1432534.3,1759943939999,4154382.59180,2780,1042936.3,3024509.66298,0
1759943940000,2.9000,2.9021,2.8992,2.9020,683050.3,1759943999999,1981171.88430,2622,335465.8,973016.37021,0
1759944000000,2.9019,2.9062,2.9009,2.9024,1543549.4,1759944059999,4482326.66220,4084,959006.9,2784921.24995,0
1759944060000,2.9023,2.9058,2.9003,2.9038,2828037.8,1759944119999,8209244.88796,4338,2114444.2,6137482.03933,0
1759944120000,2.9038,2.9137,2.9038,2.9121,5735118.1,1759944179999,16682774.82830,7238,3214740.4,9350766.24982,0
1759944180000,2.9121,2.9207,2.9121,2.9207,5000062.7,1759944239999,14585245.88509,7456,3330363.2,9715139.98622,0
1759944240000,2.9206,2.9206,2.9166,2.9205,2206763.7,1759944299999,6441211.60020,4816,1233609.2,3600566.35710,0
1759944300000,2.9204,2.9218,2.9161,2.9165,1086459.2,1759944359999,3171616.92499,2942,440988.8,1287280.56304,0
1759944360000,2.9165,2.9192,2.9145,2.9189,1053125.3,1759944419999,3071385.60053,2884,654894.8,1909860.32811,0
1759944420000,2.9190,2.9194,2.9145,2.9145,1045209.7,1759944479999,3048753.81083,2592,480331.1,1401138.46560,0
1759944480000,2.9145,2.9151,2.9112,2.9112,616755.6,1759944539999,1796676.34902,2227,200699.7,584711.24418,0
1759944540000,2.9112,2.9153,2.9112,2.9148,611917.1,1759944599999,1782459.17351,2158,371527.4,1082213.13121,0
1759944600000,2.9148,2.9215,2.9148,2.9196,754938.4,1759944659999,2202713.09889,3358,395204.8,1153165.87793,0
1759944660000,2.9197,2.9228,2.9195,2.9195,908333.3,1759944719999,2653256.25752,2547,443199.7,1294690.96096,0
1759944720000,2.9196,2.9203,2.9182,2.9183,764270.2,1759944779999,2231254.07508,2117,330592.1,965189.72222,0
1759944780000,2.9183,2.9210,2.9167,2.9204,533035.2,1759944839999,1555915.41624,2067,234693.6,685008.05852,0
1759944840000,2.9203,2.9208,2.9168,2.9168,536412.2,1759944899999,1565419.48244,2489,220631.7,643881.17699,0
1759944900000,2.9169,2.9198,2.9166,2.9189,403665.8,1759944959999,1178095.81865,2452,170104.3,496393.30294,0
1759944960000,2.9189,2.9195,2.9153,2.9158,526640.1,1759945019999,1536303.22431,2884,212532.8,620023.95915,0
1759945020000,2.9158,2.9181,2.9147,2.9159,603451.1,1759945079999,1759566.24114,2207,273016.5,796007.61690,0
1759945080000,2.9160,2.9166,2.9118,2.9138,1172918.5,1759945139999,3417680.19839,3092,690719.2,2012515.70201,0
1759945140000,2.9138,2.9145,2.9121,2.9142,459669.4,1759945199999,1339092.87914,1822,203574.5,593035.40957,0
1759945200000,2.9143,2.9143,2.9109,2.9122,680198.5,1759945259999,1980974.78112,2067,251836.6,733366.88799,0
1759945260000,2.9123,2.9128,2.9103,2.9103,322732.9,1759945319999,939688.26272,1320,107185.1,312118.28677,0
1759945320000,2.9103,2.9109,2.9081,2.9083,779356.0,1759945379999,2267448.74681,2330,275724.5,802188.24908,0
1759945380000,2.9084,2.9122,2.9079,2.9112,357271.9,1759945439999,1039442.02635,1607,217759.1,633563.56297,0
1759945440000,2.9111,2.9125,2.9095,2.9096,302577.4,1759945499999,880813.34022,1210,126568.1,368427.94110,0
1759945500000,2.9095,2.9123,2.9091,2.9097,246173.2,1759945559999,716416.43752,1510,150120.5,436872.75679,0
1759945560000,2.9097,2.9105,2.9072,2.9082,201735.1,1759945619999,586748.84485,1209,80793.7,234980.31909,0
1759945620000,2.9082,2.9091,2.9069,2.9085,356818.7,1759945679999,1037592.54523,1380,190493.2,553943.12568,0
1759945680000,2.9085,2.9161,2.9083,2.9160,600364.4,1759945739999,1749093.47863,1894,486550.0,1417542.38687,0
1759945740000,2.9161,2.9171,2.9130,2.9132,373291.0,1759945799999,1088327.19484,1362,144168.7,420266.64176,0
1759945800000,2.9131,2.9161,2.9125,2.9143,203904.9,1759945859999,594357.61014,1347,143957.9,419604.07774,0
1759945860000,2.9144,2.9174,2.9143,2.9173,649861.4,1759945919999,1895455.30885,1435,543204.6,1584377.97643,0
1759945920000,2.9173,2.9176,2.9164,2.9169,166126.5,1759945979999,484593.33236,1110,95631.7,278954.75369,0
1759945980000,2.9170,2.9185,2.9165,2.9166,362973.2,1759946039999,1058894.07861,1571,205925.2,600728.16990,0
1759946040000,2.9165,2.9207,2.9165,2.9203,290487.2,1759946099999,847893.10870,1846,180776.4,527625.14431,0
1759946100000,2.9203,2.9231,2.9203,2.9216,500001.9,1759946159999,1461197.58702,2984,211002.3,616598.61406,0
1759946160000,2.9217,2.9234,2.9215,2.9222,497006.0,1759946219999,1452400.39101,1746,214130.7,625747.28970,0
1759946220000,2.9221,2.9225,2.9197,2.9197,368785.7,1759946279999,1077364.25466,1482,130556.8,381434.96952,0
1759946280000,2.9198,2.9207,2.9190,2.9190,501611.3,1759946339999,1464666.03149,1113,273505.9,798636.40614,0
1759946340000,2.9190,2.9198,2.9176,2.9181,375265.1,1759946399999,1095380.58967,2135,106129.6,309812.84995,0
1759946400000,2.9180,2.9210,2.9135,2.9153,994144.2,1759946459999,2900133.79952,4809,502329.4,1465705.29449,0
1759946460000,2.9153,2.9196,2.9150,2.9159,513293.8,1759946519999,1497815.41670,3299,247542.3,722257.92937,0
1759946520000,2.9158,2.9163,2.9132,2.9142,351901.3,1759946579999,1025688.08364,2479,128519.8,374593.86806,0
1759946580000,2.9142,2.9142,2.9109,2.9128,504518.1,1759946639999,1469168.62417,2196,289073.1,841745.70549,0
1759946640000,2.9127,2.9142,2.9115,2.9129,386701.0,1759946699999,1126367.11938,1912,128313.6,373740.54338,0
1759946700000,2.9129,2.9136,2.9102,2.9122,378008.7,1759946759999,1100590.71582,2015,121812.5,354656.72153,0
1759946760000,2.9121,2.9143,2.9115,2.9142,296904.8,1759946819999,864895.78068,1561,126238.2,367751.63001,0
1759946820000,2.9143,2.9163,2.9124,2.9124,213008.8,1759946879999,620755.73492,1537,85409.1,248934.07177,0
1759946880000,2.9124,2.9151,2.9104,2.9145,318452.3,1759946939999,927508.87359,2271,215127.3,626588.55920,0
1759946940000,2.9145,2.9160,2.9130,2.9141,320399.2,1759946999999,933718.13591,1520,148404.2,432487.79555,0
1759947000000,2.9142,2.9153,2.9133,2.9149,181865.1,1759947059999,530024.31122,1345,111392.4,324616.91555,0
1759947060000,2.9149,2.9184,2.9148,2.9163,274335.1,1759947119999,800227.27775,1723,163787.1,477727.38497,0
1759947120000,2.9163,2.9177,2.9160,2.9168,556597.0,1759947179999,1623511.41438,1410,231914.8,676420.39339,0
1759947180000,2.9168,2.9190,2.9166,2.9177,220404.8,1759947239999,643103.56890,1411,162419.3,473904.37256,0
1759947240000,2.9177,2.9191,2.9157,2.9168,453176.7,1759947299999,1322200.82238,1572,193966.4,565955.83062,0
1759947300000,2.9168,2.9168,2.9113,2.9119,379949.5,1759947359999,1107004.97728,1677,93451.9,272280.03746,0
1759947360000,2.9120,2.9136,2.9110,2.9127,245732.5,1759947419999,715661.48802,1564,148013.3,431064.71190,0
1759947420000,2.9128,2.9128,2.9095,2.9116,426686.4,1759947479999,1242176.39853,1684,143888.4,418846.69871,0
1759947480000,2.9115,2.9133,2.9111,2.9129,241937.9,1759947539999,704532.41094,1389,129516.7,377146.50248,0
1759947540000,2.9130,2.9166,2.9130,2.9164,414868.0,1759947599999,1209303.75471,1690,274020.8,798698.36842,0
1759947600000,2.9165,2.9176,2.9126,2.9133,294413.5,1759947659999,858040.97099,1537,86905.2,253227.91250,0
1759947660000,2.9134,2.9156,2.9110,2.9111,309219.9,1759947719999,900789.32510,1672,156966.6,457291.30114,0
1759947720000,2.9110,2.9143,2.9087,2.9140,712706.6,1759947779999,2074986.59236,2020,471498.0,1372800.57906,0
1759947780000,2.9141,2.9152,2.9127,2.9127,241096.0,1759947839999,702546.06065,1197,71375.7,207981.91583,0
1759947840000,2.9126,2.9141,2.9122,2.9122,167555.1,1759947899999,488150.66495,988,83246.3,242527.87842,0
1759947900000,2.9122,2.9122,2.9106,2.9107,179936.8,1759947959999,523886.85201,845,29873.8,86974.83418,0
1759947960000,2.9107,2.9111,2.9095,2.9097,253750.8,1759948019999,738485.35165,1052,115454.0,336024.03456,0
1759948020000,2.9096,2.9105,2.9089,2.9096,154128.9,1759948079999,448474.64737,988,62098.0,180695.88798,0
1759948080000,2.9096,2.9099,2.9082,2.9083,201665.1,1759948139999,586564.32118,957,116686.8,339395.69936,0
1759948140000,2.9082,2.9087,2.9046,2.9051,679505.7,1759948199999,1974468.89720,1940,145344.9,422378.55742,0
1759948200000,2.9051,2.9056,2.9034,2.9056,447588.4,1759948259999,1300013.88801,1601,226887.3,658997.47741,0
1759948260000,2.9056,2.9070,2.9051,2.9062,390223.1,1759948319999,1133993.04412,1122,237849.0,691219.02986,0
1759948320000,2.9062,2.9068,2.9045,2.9064,196366.7,1759948379999,570639.47956,1168,121975.2,354474.28517,0
1759948380000,2.9063,2.9066,2.9056,2.9058,84040.0,1759948439999,244227.35155,636,36402.9,105788.87345,0
1759948440000,2.9058,2.9059,2.9043,2.9056,315169.5,1759948499999,915612.37165,1032,175322.7,509336.23105,0
1759948500000,2.9055,2.9055,2.9033,2.9042,470826.7,1759948559999,1367296.22490,1528,161594.1,469276.80408,0
1759948560000,2.9043,2.9044,2.9012,2.9039,882093.8,1759948619999,2560437.66633,2192,437695.0,1270605.68501,0
1759948620000,2.9040,2.9097,2.9037,2.9093,702786.8,1759948679999,2041924.04711,2187,398978.4,1159200.05511,0
1759948680000,2.9093,2.9112,2.9078,2.9104,646103.6,1759948739999,1879873.01400,1992,366129.9,1065297.04429,0
1759948740000,2.9104,2.9125,2.9104,2.9108,368162.1,1759948799999,1071964.07528,1529,216914.8,631577.93851,0
1759948800000,2.9108,2.9113,2.9053,2.9059,314263.0,1759948859999,913887.52221,1571,138294.4,402301.79564,0
1759948860000,2.9059,2.9073,2.9047,2.9069,181180.3,1759948919999,526546.94923,1109,131809.8,383063.30338,0
1759948920000,2.9069,2.9084,2.9064,2.9067,232282.3,1759948979999,675344.64983,1140,93332.6,271387.32844,0
1759948980000,2.9067,2.9068,2.9042,2.9052,134580.5,1759949039999,390979.22721,882,66054.6,191875.84355,0
1759949040000,2.9051,2.9054,2.9032,2.9043,185790.6,1759949099999,539572.98200,1092,79259.5,230160.98215,0
1759949100000,2.9044,2.9063,2.9044,2.9044,256233.0,1759949159999,744479.15021,1188,163518.7,475077.31982,0
1759949160000,2.9044,2.9055,2.9035,2.9035,100469.2,1759949219999,291785.82772,803,57166.6,166032.50348,0
1759949220000,2.9035,2.9047,2.9034,2.9034,183682.8,1759949279999,533434.81560,954,110433.7,320699.49979,0
1759949280000,2.9034,2.9064,2.9029,2.9064,143283.9,1759949339999,416237.92102,828,106001.9,307976.60933,0
1759949340000,2.9063,2.9066,2.9048,2.9057,136436.8,1759949399999,396431.58582,869,46833.5,136093.41185,0
1759949400000,2.9057,2.9064,2.9041,2.9049,275121.5,1759949459999,799213.43043,1149,117916.9,342553.53362,0
1759949460000,2.9049,2.9075,2.9049,2.9063,265639.4,1759949519999,772042.53696,1262,112226.4,326127.27303,0
1759949520000,2.9062,2.9086,2.9061,2.9086,144038.5,1759949579999,418812.13871,883,98547.6,286535.14425,0
1759949580000,2.9085,2.9110,2.9085,2.9103,354889.6,1759949639999,1032671.88940,1449,257308.4,748723.92175,0
1759949640000,2.9102,2.9124,2.9098,2.9116,576811.2,1759949699999,1679204.04916,1613,390320.3,1136300.13814,0
1759949700000,2.9115,2.9131,2.9111,2.9113,332852.8,1759949759999,969306.05629,1656,153192.3,446111.88576,0
1759949760000,2.9113,2.9120,2.9095,2.9096,414435.6,1759949819999,1206187.40764,1569,166898.7,485759.13805,0
1759949820000,2.9096,2.9124,2.9085,2.9120,693808.8,1759949879999,2019310.78087,2016,357247.7,1039754.48870,0
1759949880000,2.9120,2.9121,2.9079,2.9079,148454.0,1759949939999,432034.56604,967,48233.2,140358.62835,0
1759949940000,2.9080,2.9080,2.9064,2.9066,429134.4,1759949999999,1247622.29483,1428,192894.9,560839.78551,0
1759950000000,2.9065,2.9073,2.9054,2.9055,399356.2,1759950059999,1160618.49319,1758,175929.3,511267.21953,0
1759950060000,2.9056,2.9070,2.9052,2.9055,213841.9,1759950119999,621398.39587,1106,127997.7,371952.16701,0
1759950120000,2.9054,2.9055,2.9030,2.9039,285051.8,1759950179999,827892.41148,1258,121075.6,351620.54064,0
1759950180000,2.9039,2.9060,2.9035,2.9059,232347.0,1759950239999,674825.15991,940,187375.4,544203.63582,0
1759950240000,2.9059,2.9060,2.9041,2.9052,167507.0,1759950299999,486641.07451,1178,81583.9,237011.83627,0
1759950300000,2.9052,2.9052,2.9037,2.9045,199077.1,1759950359999,578181.28056,930,142560.4,414028.04987,0
1759950360000,2.9044,2.9051,2.9039,2.9043,256778.1,1759950419999,745759.84145,942,147525.3,428462.54906,0
1759950420000,2.9043,2.9052,2.9034,2.9042,102864.2,1759950479999,298740.25638,831,42150.4,122416.57517,0
1759950480000,2.9042,2.9043,2.8993,2.8998,555651.4,1759950539999,1612147.50200,2089,87327.5,253386.76802,0
1759950540000,2.8998,2.9009,2.8981,2.9005,765354.2,1759950599999,2219124.72829,2019,350689.2,1016853.70442,0
1759950600000,2.9004,2.9024,2.8995,2.9024,206495.4,1759950659999,598966.16208,1217,132567.4,384551.49161,0
1759950660000,2.9023,2.9024,2.8997,2.9000,128286.0,1759950719999,372093.63488,968,49897.2,144718.37503,0
1759950720000,2.8999,2.9019,2.8993,2.9018,155752.6,1759950779999,451759.96504,1035,72017.0,208881.06410,0
1759950780000,2.9017,2.9023,2.9010,2.9018,172794.8,1759950839999,501386.31706,1075,88903.3,257955.41616,0
1759950840000,2.9018,2.9019,2.8997,2.9000,130187.1,1759950899999,377618.26848,826,49483.1,143532.89776,0
1759950900000,2.9000,2.9016,2.8999,2.9007,224531.6,1759950959999,651291.72825,1299,69074.6,200375.62357,0
1759950960000,2.9007,2.9008,2.8995,2.9005,241457.9,1759951019999,700285.37080,945,57943.0,168052.33206,0
1759951020000,2.9004,2.9005,2.8971,2.8973,615397.6,1759951079999,1783507.88967,1666,59186.0,171518.55756,0
1759951080000,2.8974,2.8975,2.8963,2.8970,599801.0,1759951139999,1737490.23038,1672,242889.2,703601.55376,0
1759951140000,2.8969,2.8986,2.8963,2.8980,485170.4,1759951199999,1405802.77266,2078,242421.6,702386.77501,0
1759951200000,2.8981,2.9000,2.8971,2.8996,320947.7,1759951259999,930307.00944,1759,161630.4,468488.66842,0
1759951260000,2.8997,2.9024,2.8995,2.9018,332253.2,1759951319999,963965.34166,1431,252244.8,731842.94501,0
1759951320000,2.9017,2.9030,2.9006,2.9020,195184.7,1759951379999,566383.27037,1148,87277.6,253275.75558,0
1759951380000,2.9020,2.9035,2.9019,2.9027,229289.5,1759951439999,665546.07734,1094,137708.5,399716.85995,0
1759951440000,2.9026,2.9042,2.9022,2.9042,126082.2,1759951499999,366067.85283,846,86094.4,249975.32559,0
1759951500000,2.9043,2.9075,2.9043,2.9071,304418.0,1759951559999,884674.51233,1426,234010.3,680048.68713,0
1759951560000,2.9070,2.9077,2.9053,2.9066,149654.6,1759951619999,434941.68829,940,51646.7,150118.33053,0
1759951620000,2.9066,2.9075,2.9056,2.9064,174769.4,1759951679999,507945.61664,842,77310.1,224680.27849,0
1759951680000,2.9064,2.9065,2.9050,2.9055,124676.3,1759951739999,362281.58159,801,33223.7,96543.65014,0
1759951740000,2.9055,2.9057,2.9047,2.9053,167632.4,1759951799999,486985.13252,646,94058.2,273244.31896,0
1759951800000,2.9054,2.9078,2.9053,2.9076,193155.3,1759951859999,561478.40066,1380,131069.7,381012.86659,0
1759951860000,2.9075,2.9083,2.9071,2.9083,139294.5,1759951919999,405035.15799,985,99555.1,289486.73143,0
1759951920000,2.9083,2.9096,2.9070,2.9070,172959.2,1759951979999,502996.17047,1174,84483.2,245683.24791,0
1759951980000,2.9070,2.9085,2.9070,2.9073,111689.6,1759952039999,324754.88081,851,76826.0,223386.88843,0
1759952040000,2.9073,2.9073,2.9043,2.9048,187315.0,1759952099999,544304.95540,1063,89323.2,259580.81765,0
1759952100000,2.9049,2.9073,2.9046,2.9062,96204.6,1759952159999,279604.29049,936,61233.8,177959.48133,0
1759952160000,2.9061,2.9063,2.9047,2.9060,112646.1,1759952219999,327292.71712,1181,52526.9,152608.62714,0
1759952220000,2.9060,2.9078,2.9060,2.9067,231765.0,1759952279999,673710.21642,1104,186305.7,541568.54495,0
1759952280000,2.9068,2.9088,2.9066,2.9078,148231.2,1759952339999,431063.55769,982,92271.3,268327.60867,0
1759952340000,2.9079,2.9083,2.9053,2.9061,157881.1,1759952399999,458975.12593,1284,56995.4,165692.66411,0
1759952400000,2.9061,2.9062,2.9046,2.9046,159426.9,1759952459999,463169.76765,928,21727.7,63129.70652,0
1759952460000,2.9046,2.9053,2.9020,2.9032,208090.6,1759952519999,604283.33889,1479,79131.9,229780.62072,0
1759952520000,2.9031,2.9058,2.9022,2.9058,318095.5,1759952579999,923432.62579,1144,93487.3,271456.40659,0
1759952580000,2.9057,2.9058,2.9041,2.9042,162340.0,1759952639999,471605.97317,844,29179.0,84771.23022,0
1759952640000,2.9041,2.9046,2.9035,2.9039,64866.3,1759952699999,188376.20942,643,33148.6,96266.98863,0
1759952700000,2.9038,2.9039,2.9018,2.9018,103586.6,1759952759999,300684.60928,1020,33108.8,96094.31805,0
1759952760000,2.9018,2.9030,2.9014,2.9021,221854.4,1759952819999,643800.77712,1083,83038.7,240982.51524,0
1759952820000,2.9022,2.9023,2.9006,2.9016,256180.6,1759952879999,743278.74709,1177,82263.7,238680.32985,0
1759952880000,2.9017,2.9028,2.9016,2.9023,120295.3,1759952939999,349126.32998,874,95530.0,277245.54101,0
1759952940000,2.9024,2.9033,2.9022,2.9032,58846.6,1759952999999,170817.46984,805,36304.1,105379.03601,0
1759953000000,2.9033,2.9042,2.9023,2.9033,173225.0,1759953059999,502943.97684,1362,101035.7,293359.71925,0
1759953060000,2.9032,2.9058,2.9019,2.9043,480604.3,1759953119999,1395387.41775,1924,175125.8,508473.44057,0
1759953120000,2.9043,2.9054,2.9042,2.9048,238979.3,1759953179999,694166.93060,1152,115581.7,335726.34100,0
1759953180000,2.9049,2.9058,2.9037,2.9053,176169.1,1759953239999,511701.21424,1058,89251.9,259232.62528,0
1759953240000,2.9052,2.9066,2.9040,2.9065,184832.9,1759953299999,536996.67754,1174,58306.2,169391.39216,0
1759953300000,2.9066,2.9078,2.9058,2.9075,547323.2,1759953359999,1591043.12658,1571,212177.3,616728.55695,0
1759953360000,2.9075,2.9082,2.9063,2.9076,417152.4,1759953419999,1212820.14437,1675,209021.7,607699.42603,0
1759953420000,2.9077,2.9112,2.9077,2.9111,526194.6,1759953479999,1531094.03254,1716,386883.0,1125690.88580,0
1759953480000,2.9112,2.9120,2.9087,2.9091,453961.8,1759953539999,1321418.13537,1465,99892.1,290758.99619,0
1759953540000,2.9091,2.9118,2.9074,2.9081,1422502.6,1759953599999,4139666.79903,2990,858911.9,2499540.83741,0
1759953600000,2.9082,2.9086,2.9045,2.9046,354909.6,1759953659999,1031786.43364,1731,146972.5,427284.88167,0
1759953660000,2.9045,2.9068,2.9042,2.9055,460657.7,1759953719999,1338449.24248,1248,394065.4,1144968.16967,0
1759953720000,2.9054,2.9054,2.9023,2.9048,374648.7,1759953779999,1087799.81207,1304,195046.1,566264.27294,0
1759953780000,2.9047,2.9055,2.9035,2.9051,274741.5,1759953839999,797974.26904,963,165651.2,481111.89426,0
1759953840000,2.9052,2.9052,2.9018,2.9018,143312.0,1759953899999,416082.89628,925,22449.7,65166.78549,0
1759953900000,2.9018,2.9050,2.9013,2.9047,254462.7,1759953959999,738747.99469,1099,150661.9,437391.13116,0
1759953960000,2.9048,2.9048,2.9014,2.9027,131043.1,1759954019999,380375.99787,1105,57139.2,165833.87823,0
1759954020000,2.9026,2.9037,2.9016,2.9019,122252.0,1759954079999,354834.94486,846,55620.7,161434.25111,0
1759954080000,2.9018,2.9032,2.9013,2.9013,99624.7,1759954139999,289116.40075,869,75254.9,218389.57240,0
1759954140000,2.9014,2.9014,2.9001,2.9012,149810.3,1759954199999,434575.38301,795,82446.4,239164.05060,0
1759954200000,2.9012,2.9034,2.9011,2.9030,149761.0,1759954259999,434640.91854,732,118039.4,342557.98789,0
1759954260000,2.9030,2.9031,2.8996,2.8997,235182.9,1759954319999,682332.07460,1003,93295.1,270660.20258,0
1759954320000,2.8996,2.9019,2.8990,2.9017,260426.0,1759954379999,755270.30425,1148,200716.7,582073.36564,0
1759954380000,2.9016,2.9031,2.9016,2.9019,147776.9,1759954439999,428933.53592,829,107153.1,311021.93426,0
1759954440000,2.9018,2.9044,2.9014,2.9043,140522.6,1759954499999,407963.83635,809,109576.1,318123.19281,0
1759954500000,2.9044,2.9049,2.9039,2.9039,56072.2,1759954559999,162851.17571,762,32933.1,95647.46308,0
1759954560000,2.9039,2.9073,2.9039,2.9068,152250.7,1759954619999,442348.92310,942,112439.4,326664.53908,0
1759954620000,2.9068,2.9095,2.9067,2.9085,152259.6,1759954679999,442849.79962,1095,116187.9,337929.72053,0
1759954680000,2.9085,2.9088,2.9083,2.9087,95323.2,1759954739999,277250.43507,649,42884.6,124734.21688,0
1759954740000,2.9087,2.9087,2.9067,2.9082,165004.0,1759954799999,479783.08090,890,107041.9,311241.95046,0
1759954800000,2.9083,2.9086,2.9074,2.9078,343694.4,1759954859999,999558.19569,743,112668.6,327650.98929,0
1759954860000,2.9079,2.9093,2.9070,2.9077,136648.0,1759954919999,397427.82772,893,95338.7,277274.56211,0
1759954920000,2.9076,2.9091,2.9075,2.9088,142122.2,1759954979999,413329.62133,786,89363.2,259886.61790,0
1759954980000,2.9088,2.9100,2.9088,2.9099,96749.6,1759955039999,281498.29587,677,71037.8,206691.09524,0
1759955040000,2.9100,2.9107,2.9082,2.9095,183346.1,1759955099999,533456.44713,1066,107127.0,311676.65515,0
1759955100000,2.9095,2.9096,2.9079,2.9079,147950.4,1759955159999,430336.66280,783,38763.4,112767.77864,0
1759955160000,2.9080,2.9084,2.9067,2.9082,86976.9,1759955219999,252898.28419,732,52490.2,152633.05113,0
1759955220000,2.9083,2.9083,2.9072,2.9073,40134.5,1759955279999,116700.74368,418,18697.1,54365.75310,0
1759955280000,2.9073,2.9080,2.9065,2.9065,90516.8,1759955339999,263164.03853,606,34051.7,98991.94663,0
1759955340000,2.9066,2.9080,2.9065,2.9071,113381.9,1759955399999,329641.24087,660,50371.3,146437.55712,0
1759955400000,2.9071,2.9079,2.9056,2.9057,161242.8,1759955459999,468653.39726,963,104827.4,304684.03019,0
1759955460000,2.9056,2.9066,2.9042,2.9042,113613.4,1759955519999,330098.96875,807,67781.2,196934.12681,0
1759955520000,2.9042,2.9042,2.9021,2.9022,480205.0,1759955579999,1394087.65167,1142,184881.8,536700.85514,0
1759955580000,2.9023,2.9027,2.9010,2.9026,177324.6,1759955639999,514566.43453,964,75528.5,219183.40510,0
1759955640000,2.9026,2.9026,2.9009,2.9013,54175.8,1759955699999,157201.28850,533,15895.0,46117.13965,0
1759955700000,2.9013,2.9015,2.9003,2.9015,80525.2,1759955759999,233586.65025,671,57764.9,167565.74250,0
1759955760000,2.9015,2.9024,2.9014,2.9021,103634.2,1759955819999,300734.77663,611,43292.5,125624.96355,0
1759955820000,2.9022,2.9022,2.9014,2.9021,54038.8,1759955879999,156803.84041,502,39457.3,114493.54147,0
1759955880000,2.9021,2.9025,2.9016,2.9016,63760.9,1759955939999,185031.22295,568,46532.1,135032.36912,0
1759955940000,2.9016,2.9017,2.9005,2.9016,84165.8,1759955999999,244164.85755,581,29122.7,84488.88218,0
1759956000000,2.9016,2.9019,2.9005,2.9010,86964.3,1759956059999,252317.27109,813,33351.8,96765.89761,0
1759956060000,2.9009,2.9015,2.9003,2.9014,76607.0,1759956119999,222229.86911,652,38209.3,110844.94796,0
1759956120000,2.9015,2.9031,2.9015,2.9031,96932.0,1759956179999,281339.11682,1201,76705.8,222628.39409,0
1759956180000,2.9030,2.9039,2.9019,2.9024,164106.4,1759956239999,476403.38848,1551,89328.1,259320.34380,0
1759956240000,2.9023,2.9028,2.9015,2.9017,63923.0,1759956299999,185523.08610,540,31865.1,92481.81462,0
1759956300000,2.9017,2.9017,2.9003,2.9008,159244.4,1759956359999,461967.78461,818,102377.7,297006.18432,0
1759956360000,2.9008,2.9008,2.8987,2.8988,187648.4,1759956419999,544099.93292,894,60756.7,176183.40215,0
1759956420000,2.8988,2.8988,2.8974,2.8986,194493.4,1759956479999,563660.91423,942,54600.9,158235.86827,0
1759956480000,2.8987,2.8992,2.8986,2.8991,103651.9,1759956539999,300475.11734,512,70710.7,204981.18067,0
1759956540000,2.8992,2.9005,2.8991,2.8992,135702.9,1759956599999,393534.46253,691,69919.9,202770.58459,0
1759956600000,2.8992,2.8992,2.8981,2.8986,62195.5,1759956659999,180276.79786,448,22644.3,65630.36707,0
1759956660000,2.8986,2.8993,2.8982,2.8992,134245.2,1759956719999,389139.26344,868,82679.7,239663.82435,0
1759956720000,2.8992,2.9002,2.8990,2.8992,142688.0,1759956779999,413713.87585,752,66904.5,193999.39681,0
1759956780000,2.8992,2.8998,2.8973,2.8974,89839.4,1759956839999,260381.13902,743,29919.9,86723.52199,0
1759956840000,2.8974,2.8978,2.8974,2.8977,49825.5,1759956899999,144375.22979,369,37275.2,108010.75351,0
1759956900000,2.8977,2.8978,2.8955,2.8965,372898.1,1759956959999,1080068.43374,1266,96955.1,280843.60333,0
1759956960000,2.8966,2.8967,2.8954,2.8963,73847.1,1759957019999,213862.20606,616,22636.1,65559.12898,0
1759957020000,2.8963,2.8963,2.8946,2.8946,318484.7,1759957079999,922078.47497,1127,67731.2,196091.32321,0
1759957080000,2.8947,2.8947,2.8914,2.8916,405791.7,1759957139999,1173971.96525,1791,103642.7,299813.93733,0
1759957140000,2.8916,2.8923,2.8902,2.8918,826504.6,1759957199999,2389827.53538,1745,229362.6,663210.86996,0
1759957200000,2.8918,2.8954,2.8913,2.8952,282847.4,1759957259999,818291.61053,1477,183314.4,530357.01901,0
1759957260000,2.8951,2.8973,2.8948,2.8973,253663.6,1759957319999,734534.70379,1112,165784.6,480045.67949,0
1759957320000,2.8972,2.8982,2.8971,2.8981,178264.1,1759957379999,516548.47193,1374,93478.7,270866.05283,0
1759957380000,2.8981,2.8983,2.8971,2.8971,61752.0,1759957439999,178950.43101,859,19312.9,55966.09841,0
1759957440000,2.8971,2.8984,2.8971,2.8975,161537.9,1759957499999,468098.41112,948,72163.1,209110.15305,0
1759957500000,2.8975,2.8978,2.8970,2.8971,75793.9,1759957559999,219597.40928,869,45181.5,130902.80389,0
1759957560000,2.8970,2.8974,2.8956,2.8966,87716.1,1759957619999,254070.10633,998,46253.1,133966.72361,0
1759957620000,2.8965,2.8965,2.8949,2.8955,153055.5,1759957679999,443191.20997,898,54712.3,158417.02193,0
1759957680000,2.8955,2.8974,2.8953,2.8969,122531.4,1759957739999,354889.33061,770,70137.8,203139.69032,0
1759957740000,2.8968,2.8969,2.8949,2.8949,68846.2,1759957799999,199381.87936,659,9333.1,27032.53424,0
1759957800000,2.8950,2.8950,2.8940,2.8941,165076.6,1759957859999,477812.56494,827,72109.9,208712.64803,0
1759957860000,2.8941,2.8954,2.8940,2.8944,90112.4,1759957919999,260843.24527,744,51151.0,148057.38884,0
1759957920000,2.8945,2.8952,2.8938,2.8952,96668.9,1759957979999,279802.54086,546,64741.4,187391.88226,0
1759957980000,2.8951,2.8951,2.8936,2.8936,134446.8,1759958039999,389152.34858,890,31420.6,90944.70001,0
1759958040000,2.8937,2.8962,2.8937,2.8959,116061.0,1759958099999,336002.23992,696,69619.6,201548.44510,0
1759958100000,2.8959,2.8980,2.8959,2.8968,112916.4,1759958159999,327129.65141,1062,64634.4,187241.00101,0
1759958160000,2.8969,2.8979,2.8967,2.8968,73975.8,1759958219999,214339.05340,782,42776.2,123939.73372,0
1759958220000,2.8968,2.8975,2.8953,2.8954,128137.3,1759958279999,371203.90309,675,40067.3,116069.88792,0
1759958280000,2.8953,2.8963,2.8948,2.8963,119432.5,1759958339999,345819.97708,909,50196.7,145339.45744,0
1759958340000,2.8963,2.8966,2.8957,2.8966,57939.0,1759958399999,167807.18687,726,19967.6,57833.43511,0
1759958400000,2.8965,2.8969,2.8960,2.8969,45112.3,1759958459999,130661.87878,563,23707.2,68665.31267,0
1759958460000,2.8968,2.8979,2.8962,2.8979,87703.1,1759958519999,254077.74417,816,43761.3,126780.54866,0
1759958520000,2.8978,2.8985,2.8977,2.8983,178093.6,1759958579999,516127.74698,747,122903.1,356194.29844,0
1759958580000,2.8983,2.8985,2.8982,2.8985,53481.4,1759958639999,155008.12129,502,35913.7,104090.29693,0
1759958640000,2.8985,2.8988,2.8978,2.8983,118371.4,1759958699999,343079.13208,1102,49729.0,144129.93172,0
1759958700000,2.8983,2.9001,2.8983,2.9000,239369.5,1759958759999,693916.50999,1008,186492.2,540631.76931,0
1759958760000,2.9001,2.9025,2.9000,2.9015,393170.6,1759958819999,1140829.61901,1258,242535.7,703678.20788,0
1759958820000,2.9015,2.9020,2.8999,2.8999,90564.5,1759958879999,262740.15341,865,34590.3,100356.85726,0
1759958880000,2.8999,2.8999,2.8974,2.8974,67062.4,1759958939999,194409.86846,638,10455.4,30313.15344,0
1759958940000,2.8974,2.8992,2.8974,2.8991,96620.7,1759958999999,280056.19115,645,79146.9,229414.84925,0
1759959000000,2.8991,2.8994,2.8982,2.8982,165607.5,1759959059999,480030.98772,943,74875.1,217030.79746,0
1759959060000,2.8982,2.8983,2.8977,2.8982,98243.0,1759959119999,284714.27927,556,50867.9,147417.08742,0
1759959120000,2.8981,2.8993,2.8981,2.8983,76114.8,1759959179999,220636.01870,559,16639.8,48231.00124,0
1759959180000,2.8983,2.8984,2.8973,2.8979,144819.2,1759959239999,419653.57255,704,53273.9,154376.35759,0
1759959240000,2.8979,2.8988,2.8978,2.8978,74404.9,1759959299999,215648.62887,819,15667.1,45408.64798,0
1759959300000,2.8979,2.8979,2.8972,2.8979,91705.0,1759959359999,265706.68008,776,47685.8,138158.32960,0
1759959360000,2.8979,2.8979,2.8977,2.8977,57045.0,1759959419999,165304.09592,785,4779.0,13848.94770,0
1759959420000,2.8977,2.8979,2.8974,2.8978,56703.3,1759959479999,164307.37548,680,18134.2,52547.31292,0
1759959480000,2.8978,2.9003,2.8978,2.9003,190804.4,1759959539999,553071.79690,815,184258.8,534099.70510,0
1759959540000,2.9003,2.9010,2.9002,2.9004,78979.2,1759959599999,229095.84371,707,26654.1,77312.96822,0
1759959600000,2.9003,2.9016,2.8996,2.9016,103124.7,1759959659999,299096.58034,910,45618.4,132313.33232,0
1759959660000,2.9016,2.9016,2.9010,2.9011,62366.2,1759959719999,180939.95825,601,21597.5,62658.71286,0
1759959720000,2.9011,2.9016,2.9010,2.9016,91353.5,1759959779999,265053.79993,449,88032.0,255416.65677,0
1759959780000,2.9016,2.9018,2.9014,2.9017,82258.8,1759959839999,238678.84669,509,32278.3,93659.85735,0
1759959840000,2.9016,2.9017,2.9016,2.9016,38433.3,1759959899999,111519.52624,265,14629.6,42450.71032,0
1759959900000,2.9017,2.9017,2.9000,2.9000,61990.6,1759959959999,179827.52784,442,9881.5,28666.12310,0
1759959960000,2.9001,2.9001,2.8994,2.8994,47298.1,1759960019999,137151.83216,818,14163.9,41070.07036,0
1759960020000,2.8994,2.8995,2.8989,2.8989,33758.2,1759960079999,97867.51037,267,3529.1,10231.38508,0
1759960080000,2.8989,2.8990,2.8958,2.8958,105108.9,1759960139999,304530.55762,673,14163.2,41030.88302,0
1759960140000,2.8958,2.8959,2.8942,2.8943,178988.7,1759960199999,518139.45820,975,92325.8,267256.64370,0
1759960200000,2.8942,2.8944,2.8936,2.8943,126166.0,1759960259999,365129.38652,1603,68906.4,199414.65231,0
1759960260000,2.8943,2.8955,2.8940,2.8940,175414.7,1759960319999,507798.98496,962,129668.6,375374.35393,0
1759960320000,2.8940,2.8947,2.8940,2.8946,70450.7,1759960379999,203912.79076,471,43496.5,125899.06950,0
1759960380000,2.8946,2.8946,2.8922,2.8923,134948.3,1759960439999,390459.18169,1677,46234.3,133763.77167,0
1759960440000,2.8923,2.8923,2.8912,2.8919,150377.5,1759960499999,434839.64471,1408,89911.7,259988.39866,0
1759960500000,2.8919,2.8931,2.8915,2.8931,115221.0,1759960559999,333265.40508,765,84870.0,245491.81202,0
1759960560000,2.8931,2.8931,2.8930,2.8931,29885.6,1759960619999,86460.75251,274,17117.1,49521.48201,0
1759960620000,2.8930,2.8930,2.8924,2.8925,91355.6,1759960679999,264251.65717,483,11365.1,32873.55187,0
1759960680000,2.8925,2.8949,2.8924,2.8949,95487.4,1759960739999,276263.23809,784,79809.7,230909.24694,0
1759960740000,2.8950,2.8957,2.8949,2.8954,99223.4,1759960799999,287267.50721,637,74793.7,216539.75205,0
1759960800000,2.8954,2.8964,2.8947,2.8950,239989.2,1759960859999,694880.37110,1638,71349.2,206592.58513,0
1759960860000,2.8949,2.8968,2.8946,2.8968,95427.2,1759960919999,276320.92395,676,68857.4,199389.44259,0
1759960920000,2.8968,2.8991,2.8967,2.8986,434093.5,1759960979999,1257959.77381,1718,241171.5,698903.37348,0
1759960980000,2.8986,2.8992,2.8970,2.8970,247003.8,1759961039999,715830.80216,1135,89369.5,259027.29772,0
1759961040000,2.8970,2.8973,2.8953,2.8963,145201.0,1759961099999,420531.58067,993,91753.9,265732.66447,0
1759961100000,2.8963,2.8980,2.8956,2.8966,124330.8,1759961159999,360123.91064,1074,65267.6,189041.32287,0
1759961160000,2.8965,2.8990,2.8962,2.8984,88798.3,1759961219999,257285.51425,948,53351.0,154568.98574,0
1759961220000,2.8984,2.8985,2.8976,2.8981,97117.3,1759961279999,281437.76369,637,37738.2,109362.49857,0
1759961280000,2.8981,2.8987,2.8976,2.8976,79123.4,1759961339999,229304.85567,584,33328.7,96591.18261,0
1759961340000,2.8976,2.9001,2.8976,2.8987,299383.0,1759961399999,867781.97241,1268,233239.9,676008.05847,0
1759961400000,2.8987,2.8995,2.8975,2.8976,92293.1,1759961459999,267523.54134,650,25412.9,73666.90119,0
1759961460000,2.8975,2.8982,2.8972,2.8979,80106.1,1759961519999,232121.09093,580,44997.5,130386.97594,0
1759961520000,2.8980,2.8991,2.8978,2.8985,95988.4,1759961579999,278210.90731,652,64452.1,186800.91020,0
1759961580000,2.8984,2.8985,2.8977,2.8983,62697.4,1759961639999,181707.31927,599,17606.4,51024.13300,0
1759961640000,2.8983,2.8992,2.8983,2.8991,35836.3,1759961699999,103881.67602,380,28492.4,82594.73760,0
1759961700000,2.8991,2.9000,2.8984,2.8993,159235.9,1759961759999,461690.36871,809,70086.1,203203.69049,0
1759961760000,2.8993,2.8998,2.8978,2.8978,97040.7,1759961819999,281324.12515,772,34771.4,100817.11792,0
1759961820000,2.8979,2.8979,2.8960,2.8961,291792.4,1759961879999,845245.76572,804,84722.1,245392.16158,0
1759961880000,2.8961,2.8964,2.8944,2.8944,72457.1,1759961939999,209808.13637,638,20403.5,59088.16542,0
1759961940000,2.8945,2.8957,2.8944,2.8957,49795.8,1759961999999,144169.52648,570,36980.6,107063.04722,0
1759962000000,2.8957,2.8962,2.8953,2.8962,39964.4,1759962059999,115722.45265,493,22605.8,65460.42688,0
1759962060000,2.8961,2.8968,2.8953,2.8959,222729.2,1759962119999,645040.25801,1148,151751.2,439475.36279,0
1759962120000,2.8958,2.8968,2.8954,2.8968,85088.8,1759962179999,246423.67915,560,50705.1,146842.29886,0
1759962180000,2.8968,2.8976,2.8961,2.8961,79186.1,1759962239999,229399.39040,804,26522.2,76834.31716,0
1759962240000,2.8961,2.8962,2.8956,2.8960,50901.1,1759962299999,147401.18448,465,15952.8,46195.69113,0
1759962300000,2.8959,2.8960,2.8935,2.8936,115446.6,1759962359999,334151.86600,841,17886.3,51762.49562,0
1759962360000,2.8935,2.8950,2.8935,2.8950,87811.1,1759962419999,254150.28444,637,61170.6,177038.29935,0
1759962420000,2.8950,2.8951,2.8946,2.8950,62052.3,1759962479999,179631.86868,432,25876.3,74908.65146,0
1759962480000,2.8950,2.8958,2.8941,2.8941,71126.9,1759962539999,205920.33953,552,14950.8,43286.34255,0
1759962540000,2.8942,2.8948,2.8942,2.8944,87741.8,1759962599999,253962.10718,483,34669.6,100349.08642,0
1759962600000,2.8944,2.8950,2.8936,2.8946,172532.4,1759962659999,499329.38934,884,54999.2,159184.04492,0
1759962660000,2.8947,2.8947,2.8929,2.8939,299386.5,1759962719999,866274.37414,960,108032.0,312592.22837,0
1759962720000,2.8939,2.8952,2.8939,2.8941,87032.2,1759962779999,251916.52190,674,37855.3,109570.68635,0
1759962780000,2.8942,2.8942,2.8937,2.8940,45784.4,1759962839999,132502.84426,459,15589.2,45116.19810,0
1759962840000,2.8940,2.8959,2.8940,2.8947,123227.0,1759962899999,356735.36823,766,83570.5,241923.34121,0
1759962900000,2.8947,2.8954,2.8943,2.8952,49880.2,1759962959999,144393.36933,516,31975.9,92563.46428,0
1759962960000,2.8953,2.8954,2.8952,2.8954,26971.8,1759963019999,78093.03337,375,25150.4,72819.61950,0
1759963020000,2.8953,2.8957,2.8951,2.8956,64055.6,1759963079999,185456.89279,398,26549.9,76870.12952,0
1759963080000,2.8956,2.8967,2.8953,2.8965,88267.0,1759963139999,255597.72460,560,61096.2,176916.33726,0
1759963140000,2.8965,2.8971,2.8956,2.8971,55488.5,1759963199999,160705.51534,591,30301.0,87764.28294,0
1759963200000,2.8970,2.8971,2.8965,2.8966,64580.3,1759963259999,187081.75745,356,3946.8,11433.34243,0
1759963260000,2.8966,2.8968,2.8962,2.8968,80780.6,1759963319999,233969.69637,388,54721.4,158492.35971,0
1759963320000,2.8967,2.8983,2.8966,2.8978,156197.8,1759963379999,452592.45768,499,121958.4,353381.19083,0
1759963380000,2.8977,2.8990,2.8975,2.8990,107723.1,1759963439999,312200.91373,508,69526.7,201508.10317,0
1759963440000,2.8989,2.8989,2.8987,2.8988,63917.8,1759963499999,185287.77395,236,23287.7,67507.69578,0
1759963500000,2.8988,2.8988,2.8981,2.8982,175047.5,1759963559999,507361.20468,412,8442.1,24468.41686,0
1759963560000,2.8981,2.8988,2.8979,2.8979,61546.6,1759963619999,178387.89693,425,15581.0,45160.47290,0
1759963620000,2.8979,2.8983,2.8963,2.8964,93049.0,1759963679999,269597.19124,506,5662.4,16409.33918,0
1759963680000,2.8963,2.8966,2.8962,2.8965,80076.9,1759963739999,231935.71673,288,34080.9,98711.81369,0
1759963740000,2.8965,2.8971,2.8965,2.8968,41108.4,1759963799999,119079.37681,233,23175.0,67131.10204,0
1759963800000,2.8967,2.8979,2.8965,2.8979,45125.8,1759963859999,130727.71139,387,29031.6,84107.84970,0
1759963860000,2.8978,2.8981,2.8972,2.8976,128139.4,1759963919999,371326.62038,554,25065.1,72630.38359,0
1759963920000,2.8977,2.8982,2.8974,2.8975,164882.2,1759963979999,477786.54927,714,51040.7,147906.34830,0
1759963980000,2.8975,2.8981,2.8972,2.8980,102382.9,1759964039999,296672.79267,500,70515.4,204328.58175,0
1759964040000,2.8979,2.8983,2.8976,2.8977,118511.6,1759964099999,343441.07228,426,28295.0,82001.34217,0
1759964100000,2.8977,2.8979,2.8976,2.8977,65743.5,1759964159999,190509.23850,381,15585.7,45164.56572,0
1759964160000,2.8977,2.8977,2.8970,2.8972,89855.5,1759964219999,260333.66589,420,45807.1,132712.30502,0
1759964220000,2.8973,2.8973,2.8949,2.8955,98146.8,1759964279999,284211.77849,794,33037.4,95658.91795,0
1759964280000,2.8955,2.8955,2.8941,2.8942,60858.7,1759964339999,176164.70520,475,22981.4,66524.58925,0
1759964340000,2.8941,2.8942,2.8936,2.8937,63626.6,1759964399999,184128.30924,484,22590.4,65373.84674,0
1759964400000,2.8936,2.8936,2.8919,2.8927,241950.9,1759964459999,699846.62130,1067,155003.7,448358.55345,0
1759964460000,2.8927,2.8929,2.8926,2.8926,38852.0,1759964519999,112390.27629,441,9694.9,28045.52004,0
1759964520000,2.8927,2.8928,2.8923,2.8928,60466.9,1759964579999,174905.13570,452,40923.1,118374.88745,0
1759964580000,2.8927,2.8928,2.8912,2.8913,132998.8,1759964639999,384595.93088,655,75668.7,218800.04608,0
1759964640000,2.8912,2.8917,2.8905,2.8907,147511.2,1759964699999,426445.02102,775,66495.6,192247.35684,0
1759964700000,2.8906,2.8910,2.8869,2.8875,729955.4,1759964759999,2108330.21267,2335,232310.0,670897.17035,0
1759964760000,2.8875,2.8876,2.8853,2.8853,389798.2,1759964819999,1125127.67030,1371,159313.2,459878.26210,0
1759964820000,2.8854,2.8861,2.8838,2.8860,642765.1,1759964879999,1854451.11770,1950,449500.6,1296915.09936,0
1759964880000,2.8859,2.8869,2.8856,2.8860,322161.1,1759964939999,929926.78876,1216,150297.2,433826.82077,0
1759964940000,2.8859,2.8873,2.8859,2.8862,184051.1,1759964999999,531294.75533,950,122090.3,352435.35546,0
1759965000000,2.8862,2.8899,2.8862,2.8893,467719.3,1759965059999,1350784.59737,1660,352239.6,1017307.66516,0
1759965060000,2.8894,2.8894,2.8877,2.8882,119898.3,1759965119999,346301.36070,697,50588.8,146104.51022,0
1759965120000,2.8881,2.8883,2.8877,2.8882,46560.4,1759965179999,134469.20967,451,27321.1,78904.85803,0
1759965180000,2.8882,2.8892,2.8882,2.8891,70073.5,1759965239999,202431.71342,597,37869.5,109397.99841,0
1759965240000,2.8890,2.8893,2.8882,2.8884,87799.6,1759965299999,253623.01322,825,33119.1,95671.99404,0
1759965300000,2.8884,2.8911,2.8880,2.8905,192887.6,1759965359999,557407.93504,1388,135965.8,392915.80822,0
1759965360000,2.8905,2.8916,2.8903,2.8913,78346.6,1759965419999,226479.70701,755,40932.4,118326.91792,0
1759965420000,2.8912,2.8916,2.8889,2.8904,169537.6,1759965479999,490028.02348,1155,78316.8,226364.89452,0
1759965480000,2.8904,2.8908,2.8904,2.8906,45684.2,1759965539999,132054.42197,532,17862.7,51634.19069,0
1759965540000,2.8907,2.8907,2.8891,2.8894,86562.3,1759965599999,250167.50836,743,26672.9,77083.70811,0
1759965600000,2.8894,2.8901,2.8886,2.8899,76770.8,1759965659999,221814.60746,594,26486.3,76534.30539,0
1759965660000,2.8900,2.8900,2.8885,2.8885,88335.9,1759965719999,255203.68767,514,23205.9,67037.05134,0
1759965720000,2.8886,2.8912,2.8872,2.8912,117758.1,1759965779999,340202.93721,982,84124.2,243043.42435,0
1759965780000,2.8911,2.8921,2.8911,2.8917,88374.2,1759965839999,255565.54124,499,45390.0,131258.63934,0
1759965840000,2.8916,2.8934,2.8916,2.8934,141234.6,1759965899999,408534.93091,621,108929.0,315083.26156,0
1759965900000,2.8934,2.8938,2.8929,2.8934,130920.1,1759965959999,378809.73728,623,70254.1,203279.84443,0
1759965960000,2.8933,2.8937,2.8928,2.8931,71419.3,1759966019999,206639.75564,544,22916.2,66302.57000,0
1759966020000,2.8931,2.8932,2.8925,2.8928,74257.0,1759966079999,214817.24915,370,26260.3,75969.85588,0
1759966080000,2.8929,2.8929,2.8925,2.8928,102861.3,1759966139999,297552.20210,421,52983.1,153266.26744,0
1759966140000,2.8929,2.8929,2.8924,2.8928,60919.5,1759966199999,176223.81182,315,13964.0,40393.18609,0
1759966200000,2.8928,2.8931,2.8921,2.8926,129635.3,1759966259999,374977.86304,585,58438.2,169039.41556,0
1759966260000,2.8926,2.8927,2.8911,2.8920,108953.0,1759966319999,315056.18786,662,29979.4,86686.48456,0
1759966320000,2.8920,2.8923,2.8911,2.8912,61195.9,1759966379999,176943.40121,452,14004.0,40490.47906,0
1759966380000,2.8912,2.8927,2.8910,2.8927,83464.0,1759966439999,241344.17101,505,69880.3,202061.85481,0
1759966440000,2.8928,2.8944,2.8925,2.8944,81803.5,1759966499999,236697.70259,566,36790.7,106452.37158,0
1759966500000,2.8944,2.8944,2.8936,2.8936,110449.3,1759966559999,319636.70726,449,58449.1,169148.11023,0
1759966560000,2.8937,2.8937,2.8923,2.8924,93094.8,1759966619999,269342.28560,483,13778.7,39863.71081,0
1759966620000,2.8924,2.8926,2.8902,2.8902,119045.7,1759966679999,344225.19557,659,8384.2,24246.73485,0
1759966680000,2.8902,2.8903,2.8894,2.8896,119876.2,1759966739999,346416.74165,582,40807.5,117917.86810,0
1759966740000,2.8896,2.8901,2.8885,2.8892,88683.8,1759966799999,256233.03089,729,42213.7,121972.61605,0
1759966800000,2.8892,2.8896,2.8886,2.8886,190740.8,1759966859999,551077.33905,796,104380.7,301570.44524,0
1759966860000,2.8886,2.8889,2.8874,2.8885,282672.1,1759966919999,816435.60967,1476,141660.1,409147.88439,0
1759966920000,2.8884,2.8885,2.8852,2.8852,262586.2,1759966979999,758041.54449,1093,34154.2,98588.13419,0
1759966980000,2.8853,2.8853,2.8843,2.8851,152489.7,1759967039999,439893.16079,758,81497.0,235098.94257,0
1759967040000,2.8851,2.8852,2.8842,2.8845,174435.6,1759967099999,503189.87374,762,71496.6,206248.12073,0
1759967100000,2.8844,2.8845,2.8810,2.8818,773523.0,1759967159999,2229624.73354,2685,342022.4,985688.32005,0
1759967160000,2.8819,2.8827,2.8812,2.8817,498731.0,1759967219999,1437360.99801,1503,243873.7,702837.26049,0
1759967220000,2.8817,2.8822,2.8812,2.8815,341205.7,1759967279999,983277.42808,1232,209229.9,602951.57364,0
1759967280000,2.8815,2.8820,2.8808,2.8815,504461.0,1759967339999,1453503.38256,1304,198490.5,571928.63631,0
1759967340000,2.8814,2.8815,2.8784,2.8798,740523.1,1759967399999,2132439.34996,2295,267696.7,770881.90323,0
1759967400000,2.8799,2.8799,2.8765,2.8770,888273.6,1759967459999,2556045.20732,2666,415699.6,1196095.77859,0
1759967460000,2.8771,2.8776,2.8754,2.8776,707283.1,1759967519999,2034535.25377,1802,429320.2,1234940.65506,0
1759967520000,2.8775,2.8776,2.8754,2.8773,359807.5,1759967579999,1034975.20631,1211,215593.1,620127.98327,0
1759967580000,2.8772,2.8774,2.8759,2.8759,394798.8,1759967639999,1135743.48835,1221,219833.3,632413.11056,0
1759967640000,2.8760,2.8795,2.8756,2.8785,447205.8,1759967699999,1286585.58563,1322,338029.7,972464.44750,0
1759967700000,2.8785,2.8802,2.8785,2.8801,254307.9,1759967759999,732294.00466,1044,167685.0,482839.09582,0
1759967760000,2.8800,2.8805,2.8794,2.8794,466949.7,1759967819999,1344811.86771,1249,91456.4,263376.74648,0
1759967820000,2.8795,2.8796,2.8790,2.8795,98715.8,1759967879999,284234.43071,546,80906.9,232956.37639,0
1759967880000,2.8795,2.8800,2.8776,2.8779,490321.9,1759967939999,1411547.56693,1397,189132.1,544471.28353,0
1759967940000,2.8778,2.8790,2.8778,2.8786,102441.8,1759967999999,294868.79544,539,63059.8,181512.50227,0
