open_time,open,high,low,close,volume,close_time,quote_volume,count,taker_buy_volume,taker_buy_quote_volume,ignore
1770076800000,1.6189,1.6212,1.6187,1.6195,507913.4,1770076859999,822925.48998,1237,144189.0,233581.38587,0
1770076860000,1.6195,1.6195,1.6164,1.6170,645726.6,1770076919999,1044959.03962,1685,156157.1,252676.89329,0
1770076920000,1.6170,1.6171,1.6144,1.6145,335820.3,1770076979999,542555.69318,1372,90868.7,146819.71813,0
1770076980000,1.6145,1.6152,1.6137,1.6137,292319.1,1770077039999,471931.28114,1065,95554.9,154259.67093,0
1770077040000,1.6137,1.6143,1.6132,1.6134,520713.8,1770077099999,840304.98259,1182,206891.8,333871.05458,0
1770077100000,1.6135,1.6139,1.6117,1.6125,869981.8,1770077159999,1403027.44126,1677,527933.3,851440.43696,0
1770077160000,1.6125,1.6137,1.6125,1.6129,314936.4,1770077219999,508005.31546,981,240208.1,387460.91961,0
1770077220000,1.6129,1.6129,1.6112,1.6114,435502.3,1770077279999,701941.14117,1272,88072.5,141979.00008,0
1770077280000,1.6114,1.6124,1.6113,1.6119,274939.6,1770077339999,443201.75953,1058,119545.9,192705.80397,0
1770077340000,1.6119,1.6120,1.6109,1.6113,287938.9,1770077399999,463992.24007,964,107095.9,172577.40468,0
1770077400000,1.6113,1.6125,1.6106,1.6110,254983.3,1770077459999,410914.22699,1070,114759.0,184967.78059,0
1770077460000,1.6110,1.6115,1.6101,1.6105,281395.3,1770077519999,453242.56122,984,94674.7,152493.64112,0
1770077520000,1.6105,1.6106,1.6064,1.6071,1276704.4,1770077579999,2053316.20845,2610,302245.1,486050.85873,0
1770077580000,1.6071,1.6086,1.6071,1.6085,313555.1,1770077639999,504148.20729,1125,177749.9,285795.54172,0
1770077640000,1.6086,1.6121,1.6086,1.6116,594633.4,1770077699999,957969.43313,1261,548514.3,883663.82333,0
1770077700000,1.6117,1.6118,1.6107,1.6113,342683.4,1770077759999,552202.68324,980,107375.1,173020.74213,0
1770077760000,1.6113,1.6133,1.6113,1.6120,731556.3,1770077819999,1179534.41294,979,525490.0,847278.98004,0
1770077820000,1.6121,1.6133,1.6116,1.6133,131995.8,1770077879999,212809.10176,1042,72076.5,116215.02823,0
1770077880000,1.6133,1.6142,1.6120,1.6129,312870.8,1770077939999,504688.08975,1075,84113.1,135672.69269,0
1770077940000,1.6130,1.6138,1.6120,1.6137,332514.4,1770077999999,536362.60426,1134,191386.2,308700.95094,0
1770078000000,1.6137,1.6138,1.6127,1.6134,178978.1,1770078059999,288729.63652,847,95353.4,153824.07562,0
1770078060000,1.6135,1.6172,1.6127,1.6168,561985.6,1770078119999,907528.25505,1736,372612.4,601804.89607,0
1770078120000,1.6168,1.6170,1.6156,1.6159,348478.6,1770078179999,563259.36782,1094,155351.6,251105.76960,0
1770078180000,1.6159,1.6160,1.6129,1.6136,338029.9,1770078239999,545614.41160,1579,141254.5,227964.77496,0
1770078240000,1.6135,1.6136,1.6121,1.6122,170871.7,1770078299999,275572.74079,887,51051.7,82326.56821,0
1770078300000,1.6121,1.6122,1.6107,1.6108,194010.8,1770078359999,312672.77681,1083,76564.9,123390.56373,0
1770078360000,1.6108,1.6148,1.6108,1.6145,221620.2,1770078419999,357480.03397,1277,160888.2,259513.57054,0
1770078420000,1.6145,1.6159,1.6143,1.6156,151697.3,1770078479999,244970.12388,998,86606.9,139866.03396,0
1770078480000,1.6156,1.6172,1.6156,1.6170,509925.7,1770078539999,824276.90295,1078,377729.4,610560.49751,0
1770078540000,1.6169,1.6175,1.6159,1.6168,337953.2,1770078599999,546263.76460,1017,151795.9,245356.94082,0
1770078600000,1.6168,1.6172,1.6154,1.6172,361679.9,1770078659999,584613.80465,1006,229463.8,370908.67292,0
1770078660000,1.6172,1.6180,1.6166,1.6167,279355.5,1770078719999,451799.45945,864,88327.3,142854.24225,0
1770078720000,1.6167,1.6169,1.6162,1.6163,191809.3,1770078779999,310059.57230,692,87307.1,141122.20411,0
1770078780000,1.6163,1.6164,1.6127,1.6128,238205.3,1770078839999,384569.67570,1233,68919.9,111238.92523,0
1770078840000,1.6128,1.6138,1.6107,1.6127,687693.2,1770078899999,1108436.59171,1504,510311.1,822534.79298,0
1770078900000,1.6126,1.6126,1.6093,1.6103,380475.1,1770078959999,612946.95280,1524,105107.9,169296.47628,0
1770078960000,1.6103,1.6120,1.6103,1.6119,287225.0,1770079019999,462752.49120,1001,130759.8,210678.14723,0
1770079020000,1.6120,1.6131,1.6110,1.6125,444183.9,1770079079999,715968.72193,1596,252750.0,407390.15686,0
1770079080000,1.6124,1.6127,1.6108,1.6112,365544.6,1770079139999,589186.51377,1214,154954.2,249753.33133,0
1770079140000,1.6111,1.6137,1.6111,1.6130,285470.9,1770079199999,460395.69582,958,101577.3,163787.81419,0
1770079200000,1.6130,1.6145,1.6130,1.6136,148077.4,1770079259999,238975.44618,759,76244.3,123037.84582,0
1770079260000,1.6135,1.6135,1.6124,1.6129,168389.2,1770079319999,271587.97324,822,71729.8,115685.12538,0
1770079320000,1.6130,1.6139,1.6126,1.6129,244490.5,1770079379999,394470.69164,750,168604.9,272033.67207,0
1770079380000,1.6130,1.6148,1.6129,1.6148,210067.2,1770079439999,339106.60120,681,140297.9,226457.06243,0
1770079440000,1.6147,1.6149,1.6132,1.6138,346051.8,1770079499999,558596.97466,1282,152186.0,245634.13126,0
1770079500000,1.6137,1.6170,1.6129,1.6162,873396.9,1770079559999,1410850.80175,1881,443957.7,717209.26359,0
1770079560000,1.6161,1.6166,1.6145,1.6162,503024.2,1770079619999,812786.40014,1288,159851.2,258264.35132,0
1770079620000,1.6161,1.6161,1.6141,1.6141,201308.7,1770079679999,325084.13389,784,76249.6,123124.51040,0
1770079680000,1.6140,1.6144,1.6131,1.6144,301260.5,1770079739999,486179.25659,933,202641.9,327024.87510,0
1770079740000,1.6143,1.6145,1.6132,1.6132,117586.8,1770079799999,189772.68935,494,32657.7,52705.42748,0
1770079800000,1.6131,1.6136,1.6122,1.6122,289183.5,1770079859999,466433.11405,894,111755.7,180285.01187,0
1770079860000,1.6123,1.6123,1.6107,1.6116,295636.5,1770079919999,476329.55793,890,119224.5,192085.81501,0
1770079920000,1.6116,1.6133,1.6101,1.6132,213463.2,1770079979999,343967.69859,907,91210.2,146989.75524,0
1770079980000,1.6131,1.6131,1.6115,1.6124,148566.1,1770080039999,239538.43933,677,32207.0,51919.66433,0
1770080040000,1.6125,1.6142,1.6125,1.6138,129867.7,1770080099999,209536.22688,852,75643.8,122043.25248,0
1770080100000,1.6138,1.6157,1.6133,1.6149,234479.3,1770080159999,378669.85517,808,204019.2,329499.84371,0
1770080160000,1.6149,1.6159,1.6147,1.6154,143967.4,1770080219999,232568.05487,672,66119.9,106798.39916,0
1770080220000,1.6153,1.6165,1.6153,1.6163,246004.0,1770080279999,397569.62352,724,105058.6,169774.40735,0
1770080280000,1.6164,1.6182,1.6159,1.6182,320249.9,1770080339999,517793.41228,937,189440.5,306314.22107,0
1770080340000,1.6183,1.6184,1.6172,1.6174,426190.7,1770080399999,689439.69998,1186,189167.4,306007.26709,0
1770080400000,1.6175,1.6176,1.6152,1.6159,538676.1,1770080459999,870614.86912,1469,243868.4,394064.38426,0
1770080460000,1.6159,1.6166,1.6137,1.6149,422997.0,1770080519999,683080.71790,1570,187212.7,302289.26745,0
1770080520000,1.6149,1.6174,1.6144,1.6172,484709.8,1770080579999,783389.58937,1498,259103.0,418766.98723,0
1770080580000,1.6173,1.6174,1.6132,1.6133,492985.0,1770080639999,796226.47141,1802,189369.6,305735.62777,0
1770080640000,1.6133,1.6156,1.6133,1.6152,1115617.3,1770080699999,1801176.64719,1883,868145.2,1401668.92381,0
1770080700000,1.6153,1.6161,1.6141,1.6147,265200.5,1770080759999,428302.64010,1254,103460.4,167101.75938,0
1770080760000,1.6147,1.6159,1.6129,1.6142,308116.2,1770080819999,497395.75594,1483,128514.8,207434.92027,0
1770080820000,1.6141,1.6145,1.6123,1.6132,338488.7,1770080879999,546018.44992,1218,176454.8,284590.48816,0
1770080880000,1.6133,1.6133,1.6093,1.6101,610513.3,1770080939999,983332.49367,1752,264751.1,426381.24074,0
1770080940000,1.6101,1.6118,1.6101,1.6111,298701.9,1770080999999,481110.89880,924,137903.9,222107.64240,0
1770081000000,1.6110,1.6145,1.6109,1.6126,306145.7,1770081059999,493814.56743,1552,206730.9,333467.07649,0
1770081060000,1.6125,1.6126,1.6110,1.6110,172370.6,1770081119999,277786.33718,1000,62436.7,100609.59281,0
1770081120000,1.6110,1.6115,1.6105,1.6107,97666.2,1770081179999,157341.33784,689,34194.3,55086.99397,0
1770081180000,1.6108,1.6120,1.6108,1.6111,121305.1,1770081239999,195461.84612,850,71819.6,115723.87992,0
1770081240000,1.6112,1.6117,1.6104,1.6117,142322.5,1770081299999,229281.35918,881,93168.6,150097.94616,0
1770081300000,1.6117,1.6140,1.6110,1.6131,244248.0,1770081359999,393973.25958,1264,152365.4,245778.18162,0
1770081360000,1.6131,1.6132,1.6097,1.6102,212697.1,1770081419999,342670.20222,1227,51987.1,83730.44822,0
1770081420000,1.6103,1.6107,1.6096,1.6101,158094.0,1770081479999,254536.54702,876,85584.2,137792.69456,0
1770081480000,1.6101,1.6106,1.6081,1.6096,298423.1,1770081539999,480178.45580,1125,150912.1,242848.12079,0
1770081540000,1.6096,1.6103,1.6068,1.6071,385524.0,1770081599999,620069.51734,1395,74310.6,119552.17719,0
1770081600000,1.6072,1.6083,1.6059,1.6079,438086.2,1770081659999,704081.56823,1466,233813.1,375817.32935,0
1770081660000,1.6079,1.6106,1.6079,1.6088,145281.9,1770081719999,233805.67249,1184,100918.3,162398.41091,0
1770081720000,1.6088,1.6142,1.6086,1.6142,350672.0,1770081779999,565191.34062,1549,249551.2,402219.86984,0
1770081780000,1.6141,1.6160,1.6131,1.6135,488200.4,1770081839999,788240.11373,1563,256907.3,414866.77653,0
1770081840000,1.6135,1.6153,1.6120,1.6120,147858.4,1770081899999,238662.35967,1075,84316.9,136107.66230,0
1770081900000,1.6120,1.6134,1.6111,1.6127,247409.4,1770081959999,398887.17175,1298,146641.5,236424.27070,0
1770081960000,1.6128,1.6143,1.6118,1.6139,172327.2,1770082019999,277923.55654,1295,104621.9,168741.91164,0
1770082020000,1.6139,1.6151,1.6138,1.6146,76010.8,1770082079999,122728.35557,745,58077.7,93774.66922,0
1770082080000,1.6146,1.6149,1.6127,1.6141,194040.9,1770082139999,313151.98292,903,67898.2,109581.57521,0
1770082140000,1.6141,1.6147,1.6136,1.6138,144369.0,1770082199999,233023.72648,607,77866.3,125681.02611,0
1770082200000,1.6137,1.6137,1.6110,1.6111,138580.8,1770082259999,223424.19348,1141,43082.5,69467.40166,0
1770082260000,1.6111,1.6131,1.6108,1.6121,297435.3,1770082319999,479527.35525,1428,212583.6,342749.91844,0
1770082320000,1.6122,1.6130,1.6090,1.6103,1524498.6,1770082379999,2454544.39079,2251,330966.8,532864.91763,0
1770082380000,1.6102,1.6102,1.6076,1.6081,275982.4,1770082439999,444055.38580,1250,157954.8,254143.78424,0
1770082440000,1.6081,1.6106,1.6081,1.6097,213002.5,1770082499999,342808.54551,1248,137326.2,220997.23841,0
1770082500000,1.6096,1.6096,1.6075,1.6076,199736.1,1770082559999,321263.76417,1016,73491.8,118204.83871,0
1770082560000,1.6075,1.6079,1.6064,1.6076,330311.9,1770082619999,530825.74469,1083,159013.5,255571.85595,0
1770082620000,1.6076,1.6090,1.6076,1.6090,155747.8,1770082679999,250485.03421,943,114831.8,184679.55047,0
1770082680000,1.6091,1.6104,1.6085,1.6095,135777.5,1770082739999,218522.79116,1018,76878.9,123730.76849,0
1770082740000,1.6094,1.6096,1.6085,1.6091,88244.8,1770082799999,141981.20002,726,49734.9,80018.69991,0
1770082800000,1.6091,1.6118,1.6088,1.6094,624130.7,1770082859999,1005026.07769,1779,206771.0,332935.71512,0
1770082860000,1.6095,1.6116,1.6081,1.6093,306167.1,1770082919999,492942.15764,1568,164040.1,264069.74742,0
1770082920000,1.6093,1.6102,1.6092,1.6100,101645.2,1770082979999,163609.39299,871,45720.5,73589.33047,0
1770082980000,1.6100,1.6104,1.6098,1.6103,57050.0,1770083039999,91854.77070,518,21588.5,34759.88693,0
1770083040000,1.6104,1.6133,1.6104,1.6132,182089.3,1770083099999,293554.45594,1277,108866.2,175491.16679,0
1770083100000,1.6132,1.6135,1.6121,1.6124,327475.4,1770083159999,528206.33572,1289,163787.5,264184.16648,0
1770083160000,1.6124,1.6134,1.6115,1.6129,173092.6,1770083219999,279127.75339,1114,105069.8,169433.96264,0
1770083220000,1.6129,1.6132,1.6118,1.6130,162550.0,1770083279999,262133.41664,802,106073.3,171063.49004,0
1770083280000,1.6130,1.6144,1.6117,1.6117,114344.8,1770083339999,184432.82281,1012,50918.7,82147.68029,0
1770083340000,1.6116,1.6124,1.6112,1.6124,188126.8,1770083399999,303214.42445,983,138244.2,222815.68802,0
1770083400000,1.6124,1.6130,1.6115,1.6116,163246.3,1770083459999,263187.59618,934,73413.3,118349.82548,0
1770083460000,1.6116,1.6152,1.6116,1.6152,246616.6,1770083519999,398000.75312,1137,141394.8,228162.43814,0
1770083520000,1.6151,1.6160,1.6132,1.6144,304106.9,1770083579999,490930.16951,1338,124303.9,200702.04807,0
1770083580000,1.6144,1.6154,1.6131,1.6154,158775.9,1770083639999,256278.61063,967,79525.7,128363.06372,0
1770083640000,1.6154,1.6156,1.6139,1.6151,219679.6,1770083699999,354702.60971,1026,112435.8,181544.70058,0
1770083700000,1.6151,1.6151,1.6137,1.6143,224975.8,1770083759999,363170.86940,965,40868.8,65969.64453,0
1770083760000,1.6143,1.6153,1.6139,1.6150,131162.4,1770083819999,211792.16454,738,79573.4,128502.20183,0
1770083820000,1.6151,1.6156,1.6140,1.6154,377551.3,1770083879999,609669.99464,1068,202083.0,326321.48174,0
1770083880000,1.6154,1.6164,1.6150,1.6159,220577.7,1770083939999,356408.85141,1020,146650.8,236971.31389,0
1770083940000,1.6160,1.6165,1.6156,1.6162,194685.6,1770083999999,314649.58891,727,89395.9,144480.73242,0
1770084000000,1.6163,1.6171,1.6153,1.6154,283492.4,1770084059999,458224.95789,1295,186755.7,301898.80446,0
1770084060000,1.6154,1.6154,1.6123,1.6137,323815.5,1770084119999,522511.78112,1500,193306.4,311918.77841,0
1770084120000,1.6137,1.6147,1.6132,1.6140,170066.2,1770084179999,274478.19260,950,123630.6,199529.37884,0
1770084180000,1.6140,1.6140,1.6113,1.6118,163634.4,1770084239999,263825.93543,1025,62944.1,101487.79129,0
1770084240000,1.6119,1.6122,1.6107,1.6113,281629.3,1770084299999,453832.83380,1108,95433.2,153767.71505,0
1770084300000,1.6113,1.6119,1.6088,1.6112,382873.3,1770084359999,616571.70753,1577,168469.9,271335.76999,0
1770084360000,1.6113,1.6116,1.6105,1.6112,74315.0,1770084419999,119713.13939,742,48364.4,77908.82906,0
1770084420000,1.6112,1.6114,1.6094,1.6098,230077.4,1770084479999,370497.48661,981,129252.5,208139.63188,0
1770084480000,1.6099,1.6105,1.6091,1.6101,101530.0,1770084539999,163440.73756,760,49598.0,79838.05971,0
1770084540000,1.6100,1.6107,1.6093,1.6102,166934.2,1770084599999,268790.19260,695,140292.8,225896.70992,0
1770084600000,1.6102,1.6105,1.6073,1.6078,349371.3,1770084659999,562066.73608,1424,74669.9,120134.60196,0
1770084660000,1.6078,1.6082,1.6031,1.6040,1376530.7,1770084719999,2208969.16182,3441,363718.5,583599.31206,0
1770084720000,1.6040,1.6054,1.6022,1.6052,464835.9,1770084779999,745502.09275,1644,280861.5,450508.72044,0
1770084780000,1.6052,1.6070,1.6052,1.6061,402240.4,1770084839999,646113.77669,1477,202243.5,324854.25718,0
1770084840000,1.6061,1.6061,1.6040,1.6042,182486.9,1770084899999,292850.15351,1075,59851.5,96051.73793,0
1770084900000,1.6042,1.6058,1.6027,1.6053,249310.5,1770084959999,399910.33744,1424,124492.4,199709.67970,0
1770084960000,1.6053,1.6078,1.6053,1.6064,347919.1,1770085019999,559018.27963,1438,236885.4,380626.89550,0
1770085020000,1.6065,1.6087,1.6065,1.6080,127414.5,1770085079999,204859.67437,975,91180.3,146593.52941,0
1770085080000,1.6079,1.6079,1.6055,1.6069,111436.4,1770085139999,179019.28317,973,48252.5,77503.79762,0
1770085140000,1.6069,1.6082,1.6060,1.6060,116207.9,1770085199999,186779.97962,909,51711.6,83121.42010,0
1770085200000,1.6060,1.6074,1.6055,1.6065,147788.2,1770085259999,237408.06544,944,71667.4,115129.38286,0
1770085260000,1.6065,1.6090,1.6064,1.6085,236734.3,1770085319999,380557.62883,1297,193723.1,311439.81972,0
1770085320000,1.6085,1.6099,1.6073,1.6099,344880.0,1770085379999,554854.82794,1407,208560.6,335557.91875,0
1770085380000,1.6098,1.6099,1.6082,1.6095,267644.8,1770085439999,430678.73726,886,201753.8,324640.47710,0
1770085440000,1.6095,1.6106,1.6093,1.6100,110177.9,1770085499999,177378.58992,735,60374.2,97202.41253,0
1770085500000,1.6100,1.6100,1.6073,1.6073,93560.9,1770085559999,150503.98221,664,12887.1,20726.20305,0
1770085560000,1.6073,1.6080,1.6048,1.6051,246234.8,1770085619999,395551.39303,1153,39150.6,62898.77609,0
1770085620000,1.6051,1.6055,1.6032,1.6036,235647.1,1770085679999,378083.92486,1172,85143.4,136645.31275,0
1770085680000,1.6035,1.6054,1.6035,1.6041,312008.4,1770085739999,500559.18761,1229,151701.7,243364.95376,0
1770085740000,1.6040,1.6057,1.6040,1.6053,382734.0,1770085799999,614315.17284,1038,261353.8,419500.58024,0
1770085800000,1.6052,1.6052,1.6025,1.6031,279914.8,1770085859999,448921.14305,1515,63891.6,102481.47118,0
1770085860000,1.6031,1.6034,1.6002,1.6010,1469679.4,1770085919999,2353595.73081,3307,519076.9,831121.76837,0
1770085920000,1.6011,1.6068,1.6007,1.6055,458679.8,1770085979999,735704.43556,1906,317199.8,508683.61964,0
1770085980000,1.6054,1.6056,1.6041,1.6053,204825.5,1770086039999,328708.56598,1042,121038.6,194241.52048,0
1770086040000,1.6054,1.6065,1.6042,1.6046,276767.0,1770086099999,444280.24951,1165,139778.0,224413.74925,0
1770086100000,1.6047,1.6065,1.6046,1.6053,287927.2,1770086159999,462368.54666,1154,138122.0,221781.16749,0
1770086160000,1.6053,1.6053,1.6017,1.6031,319814.5,1770086219999,512773.08666,1052,165567.5,265388.11857,0
1770086220000,1.6030,1.6039,1.6029,1.6030,84656.5,1770086279999,135754.21843,670,22908.3,36733.75691,0
1770086280000,1.6030,1.6033,1.6011,1.6014,145585.0,1770086339999,233188.71425,1089,62758.2,100526.19074,0
1770086340000,1.6013,1.6028,1.6013,1.6015,144533.6,1770086399999,231576.18804,928,89803.4,143888.93568,0
1770086400000,1.6014,1.6014,1.5991,1.5995,1082535.4,1770086459999,1731956.07630,2285,112166.5,179460.64392,0
1770086460000,1.5995,1.6012,1.5994,1.5995,456966.6,1770086519999,731159.66399,1206,174620.3,279376.57560,0
1770086520000,1.5995,1.6011,1.5991,1.6009,814840.5,1770086579999,1304260.26818,1443,546387.9,874575.46543,0
1770086580000,1.6009,1.6015,1.5991,1.5995,371184.9,1770086639999,594022.98822,1181,173373.7,277501.40271,0
1770086640000,1.5994,1.6012,1.5994,1.6007,925798.5,1770086699999,1481692.93959,1526,532544.7,852256.38765,0
1770086700000,1.6007,1.6013,1.5986,1.5994,938927.0,1770086759999,1501761.59412,2318,323156.7,516956.92054,0
1770086760000,1.5995,1.6005,1.5988,1.6004,272082.5,1770086819999,435185.22448,1195,118481.1,189507.75716,0
1770086820000,1.6004,1.6013,1.5971,1.5974,535513.1,1770086879999,856136.06792,2008,149670.6,239372.54625,0
1770086880000,1.5974,1.5990,1.5948,1.5950,1108719.7,1770086939999,1770523.08106,2989,452190.4,722353.76876,0
1770086940000,1.5949,1.5951,1.5906,1.5919,2114665.7,1770086999999,3367615.48535,4579,659834.0,1050654.75541,0
1770087000000,1.5919,1.5939,1.5911,1.5920,490713.1,1770087059999,781437.25699,1994,266106.9,423787.76840,0
1770087060000,1.5921,1.5942,1.5914,1.5928,398675.3,1770087119999,634986.98812,1691,244698.7,389754.78509,0
1770087120000,1.5927,1.5939,1.5921,1.5934,322546.0,1770087179999,513904.86808,1620,187023.5,297987.79330,0
1770087180000,1.5934,1.5945,1.5930,1.5934,348077.6,1770087239999,554740.20253,1253,218710.8,348586.37094,0
1770087240000,1.5934,1.5947,1.5930,1.5936,237233.7,1770087299999,378105.56836,1068,140993.3,224714.70627,0
1770087300000,1.5937,1.5955,1.5936,1.5950,430666.4,1770087359999,686776.35448,1387,290428.8,463124.48078,0
1770087360000,1.5951,1.5968,1.5943,1.5955,280654.9,1770087419999,447826.15104,1359,137429.7,219278.96283,0
1770087420000,1.5955,1.5957,1.5935,1.5938,200677.1,1770087479999,319986.47968,1162,67084.8,106984.40641,0
1770087480000,1.5938,1.5945,1.5901,1.5908,718235.0,1770087539999,1143312.17406,2359,209996.4,334249.95877,0
1770087540000,1.5909,1.5921,1.5895,1.5915,659366.0,1770087599999,1048978.38757,2027,352226.2,560406.59738,0
1770087600000,1.5916,1.5927,1.5905,1.5907,771913.4,1770087659999,1228691.93471,2078,494187.0,786670.30062,0
1770087660000,1.5907,1.5934,1.5907,1.5922,465098.2,1770087719999,740643.66599,1623,229462.6,365383.97474,0
1770087720000,1.5922,1.5922,1.5890,1.5897,787070.6,1770087779999,1251364.16403,2488,252517.0,401451.89617,0
1770087780000,1.5898,1.5925,1.5876,1.5888,1682537.0,1770087839999,2674359.30896,3345,477927.8,759937.47527,0
1770087840000,1.5888,1.5890,1.5868,1.5886,1848123.1,1770087899999,2934794.27255,3031,555880.9,882739.79380,0
1770087900000,1.5885,1.5910,1.5885,1.5887,638263.5,1770087959999,1014659.18266,2283,325842.0,517994.70059,0
1770087960000,1.5886,1.5937,1.5881,1.5927,978754.3,1770088019999,1557775.42504,2924,517358.4,823301.98313,0
1770088020000,1.5926,1.5961,1.5925,1.5960,1217126.2,1770088079999,1940696.65693,2551,977799.9,1559144.60967,0
1770088080000,1.5960,1.5987,1.5934,1.5941,664597.4,1770088139999,1061092.10920,2277,307475.3,490870.50093,0
1770088140000,1.5941,1.5949,1.5936,1.5949,220188.6,1770088199999,351032.21855,1126,107917.9,172038.13542,0
1770088200000,1.5950,1.5969,1.5942,1.5963,252231.0,1770088259999,402534.94514,1293,168333.1,268634.36096,0
1770088260000,1.5962,1.5979,1.5962,1.5972,296254.4,1770088319999,473170.94670,1345,194024.4,309879.19887,0
1770088320000,1.5971,1.5982,1.5970,1.5981,299228.4,1770088379999,478066.55571,1057,189632.2,302971.31318,0
1770088380000,1.5981,1.5985,1.5970,1.5971,700708.7,1770088439999,1119697.21550,1519,455129.6,727272.33378,0
1770088440000,1.5970,1.5973,1.5962,1.5964,212691.2,1770088499999,339599.51230,997,105183.6,167938.39710,0
1770088500000,1.5963,1.5984,1.5959,1.5963,546374.4,1770088559999,872694.16553,1653,275755.5,440415.13617,0
1770088560000,1.5964,1.5972,1.5923,1.5934,1306110.2,1770088619999,2081525.91689,2326,344345.4,548877.06077,0
1770088620000,1.5935,1.5956,1.5923,1.5954,361793.0,1770088679999,576615.63570,1662,228164.3,363654.84164,0
1770088680000,1.5955,1.5961,1.5939,1.5945,334618.9,1770088739999,533745.39867,1500,138386.7,220722.07107,0
1770088740000,1.5945,1.5945,1.5911,1.5919,192477.8,1770088799999,306575.94621,1257,66367.6,105701.23228,0
1770088800000,1.5920,1.5927,1.5913,1.5926,223409.9,1770088859999,355673.01887,946,169385.9,269668.80471,0
1770088860000,1.5925,1.5937,1.5915,1.5919,384413.5,1770088919999,612212.89536,1471,184858.4,294417.81271,0
1770088920000,1.5918,1.5923,1.5908,1.5922,275270.1,1770088979999,438070.61963,1286,151397.6,240934.85151,0
1770088980000,1.5921,1.5927,1.5914,1.5925,221401.2,1770089039999,352505.91748,962,106628.1,169759.13352,0
1770089040000,1.5924,1.5990,1.5923,1.5980,1135589.0,1770089099999,1812610.22174,2858,757879.1,1209817.07160,0
1770089100000,1.5980,1.5990,1.5969,1.5986,351644.1,1770089159999,561881.23748,1445,247560.1,395538.90962,0
1770089160000,1.5985,1.5987,1.5969,1.5985,344775.7,1770089219999,550878.70679,1200,225253.9,359910.05682,0
1770089220000,1.5985,1.5989,1.5976,1.5983,376199.2,1770089279999,601243.89309,1212,225303.6,360078.40225,0
1770089280000,1.5984,1.6018,1.5984,1.6015,1759959.9,1770089339999,2816763.68231,2529,1406623.5,2251038.06310,0
1770089340000,1.6014,1.6033,1.6010,1.6017,692369.6,1770089399999,1109474.23284,1445,529713.3,848876.51564,0
1770089400000,1.6017,1.6024,1.6000,1.6015,468650.9,1770089459999,750400.22662,1503,230947.5,369822.40062,0
1770089460000,1.6015,1.6064,1.6012,1.6047,820707.6,1770089519999,1316273.99574,2482,500658.6,803117.50276,0
1770089520000,1.6048,1.6061,1.6026,1.6032,398370.4,1770089579999,639068.12474,1550,161026.3,258282.39745,0
1770089580000,1.6032,1.6051,1.6031,1.6045,270474.2,1770089639999,433865.70943,1138,117198.0,187999.41273,0
1770089640000,1.6045,1.6052,1.6038,1.6038,285416.6,1770089699999,457928.84609,1055,166440.0,267053.28026,0
1770089700000,1.6039,1.6078,1.6035,1.6072,1388117.5,1770089759999,2229964.19263,2414,1022470.4,1642580.36557,0
1770089760000,1.6073,1.6087,1.6050,1.6067,724022.8,1770089819999,1163405.60505,1996,472767.0,759703.48447,0
1770089820000,1.6067,1.6076,1.6049,1.6049,272656.7,1770089879999,438041.48138,1108,154751.7,248657.14818,0
1770089880000,1.6049,1.6065,1.6044,1.6057,423777.0,1770089939999,680279.45045,1307,246801.9,396154.06632,0
1770089940000,1.6056,1.6066,1.6053,1.6055,191162.8,1770089999999,306965.44911,905,128694.5,206662.13608,0
1770090000000,1.6055,1.6070,1.6053,1.6060,268398.3,1770090059999,431077.61345,1030,157133.8,252375.53516,0
1770090060000,1.6059,1.6087,1.6059,1.6082,314084.5,1770090119999,504893.04243,1332,216247.0,347616.33682,0
1770090120000,1.6081,1.6092,1.6081,1.6082,402768.6,1770090179999,647886.79563,1075,132339.2,212869.00057,0
1770090180000,1.6082,1.6086,1.6072,1.6080,172295.5,1770090239999,277026.20979,835,126431.0,203286.74812,0
1770090240000,1.6079,1.6081,1.6062,1.6072,215107.3,1770090299999,345624.06538,740,71608.4,115054.68186,0
1770090300000,1.6071,1.6081,1.6066,1.6077,255562.7,1770090359999,410778.26332,963,200112.0,321649.26749,0
1770090360000,1.6077,1.6091,1.6076,1.6090,349920.5,1770090419999,562793.18310,1158,227719.6,366232.83950,0
1770090420000,1.6089,1.6089,1.6074,1.6076,477224.6,1770090479999,767231.66179,710,59538.8,95719.79434,0
1770090480000,1.6076,1.6083,1.6069,1.6079,173171.9,1770090539999,278413.37095,783,82470.6,132586.54926,0
1770090540000,1.6078,1.6078,1.6069,1.6071,169982.3,1770090599999,273218.18911,557,139350.1,223980.36339,0
1770090600000,1.6071,1.6087,1.6068,1.6082,194295.7,1770090659999,312413.94770,1072,131564.5,211538.84020,0
1770090660000,1.6083,1.6093,1.6078,1.6084,249426.3,1770090719999,401175.99463,1168,112044.3,180216.02049,0
1770090720000,1.6084,1.6084,1.6073,1.6073,441293.5,1770090779999,709510.42451,875,83877.4,134852.76094,0
1770090780000,1.6074,1.6075,1.6056,1.6072,495041.2,1770090839999,795162.00991,1187,165041.3,265162.01285,0
1770090840000,1.6072,1.6078,1.6058,1.6065,324006.1,1770090899999,520496.85247,913,256235.0,411613.94147,0
1770090900000,1.6065,1.6077,1.6059,1.6070,335790.6,1770090959999,539547.29172,1160,231552.5,372064.64718,0
1770090960000,1.6070,1.6138,1.6069,1.6137,1198571.7,1770091019999,1929984.29479,3162,891603.0,1435672.18577,0
1770091020000,1.6136,1.6145,1.6122,1.6139,1116419.8,1770091079999,1801132.69240,2684,534101.6,861714.78810,0
1770091080000,1.6139,1.6144,1.6123,1.6123,413203.7,1770091139999,666658.97892,1329,189502.5,305738.31120,0
1770091140000,1.6124,1.6126,1.6112,1.6125,407936.1,1770091199999,657585.73695,1603,238532.9,384526.36746,0
1770091200000,1.6125,1.6127,1.6115,1.6122,278327.1,1770091259999,448696.33290,1423,136521.7,220085.35473,0
1770091260000,1.6122,1.6138,1.6117,1.6135,506251.6,1770091319999,816556.89124,1598,297585.2,479973.53031,0
1770091320000,1.6134,1.6146,1.6127,1.6146,281931.8,1770091379999,454907.44019,1144,148925.0,240308.15801,0
1770091380000,1.6146,1.6154,1.6113,1.6116,403001.8,1770091439999,650352.26126,1757,156096.1,252035.12390,0
1770091440000,1.6116,1.6122,1.6101,1.6114,786754.4,1770091499999,1267430.65440,1839,321487.8,517982.80365,0
1770091500000,1.6113,1.6120,1.6108,1.6113,328941.3,1770091559999,530040.93601,1442,169324.8,272862.49518,0
1770091560000,1.6113,1.6120,1.6105,1.6106,177524.8,1770091619999,286008.94151,1007,69526.3,112020.38272,0
1770091620000,1.6106,1.6110,1.6102,1.6109,199733.9,1770091679999,321676.19217,710,131643.4,212013.89679,0
1770091680000,1.6108,1.6119,1.6105,1.6107,257513.6,1770091739999,414926.97572,882,126237.4,203407.31387,0
1770091740000,1.6108,1.6114,1.6103,1.6105,253764.5,1770091799999,408780.49042,819,165183.6,266085.82843,0
1770091800000,1.6106,1.6121,1.6105,1.6121,331659.9,1770091859999,534355.44031,1121,223242.8,359677.51947,0
1770091860000,1.6121,1.6146,1.6115,1.6138,403152.0,1770091919999,650359.12457,1611,296257.7,477945.36237,0
1770091920000,1.6138,1.6150,1.6127,1.6148,239325.5,1770091979999,386245.53545,1342,170515.1,275187.28364,0
1770091980000,1.6147,1.6149,1.6140,1.6149,174834.0,1770092039999,282281.38732,968,100182.6,161750.99861,0
1770092040000,1.6149,1.6149,1.6139,1.6142,133579.5,1770092099999,215625.19895,762,83776.7,135230.93795,0
1770092100000,1.6143,1.6153,1.6135,1.6141,503825.5,1770092159999,813436.03149,1321,250658.3,404691.12391,0
1770092160000,1.6142,1.6146,1.6133,1.6140,348604.0,1770092219999,562587.70818,1239,115938.1,187106.00691,0
1770092220000,1.6140,1.6141,1.6119,1.6133,398154.5,1770092279999,642175.22992,1359,143206.0,230967.74594,0
1770092280000,1.6133,1.6135,1.6126,1.6131,113845.7,1770092339999,183641.99387,779,57385.6,92562.24507,0
1770092340000,1.6131,1.6140,1.6112,1.6115,316560.7,1770092399999,510330.79924,1160,66118.6,106595.84331,0
1770092400000,1.6116,1.6122,1.6108,1.6121,198972.3,1770092459999,320630.41384,922,121175.8,195264.12517,0
1770092460000,1.6121,1.6133,1.6119,1.6130,88669.4,1770092519999,142998.19000,639,60052.5,96846.09122,0
1770092520000,1.6130,1.6136,1.6123,1.6125,147555.1,1770092579999,238007.04807,607,86932.1,140227.82176,0
1770092580000,1.6126,1.6138,1.6112,1.6113,165781.2,1770092639999,267320.45507,858,117998.9,190268.46391,0
1770092640000,1.6114,1.6114,1.6097,1.6099,198076.7,1770092699999,318968.00285,861,39703.4,63938.13995,0
1770092700000,1.6099,1.6104,1.6087,1.6103,278898.9,1770092759999,448897.59613,1221,144844.4,233151.67254,0
1770092760000,1.6104,1.6106,1.6093,1.6105,220206.1,1770092819999,354551.89425,1130,121719.3,195982.17324,0
1770092820000,1.6105,1.6110,1.6101,1.6105,61000.8,1770092879999,98240.35435,430,26526.3,42721.33823,0
1770092880000,1.6105,1.6105,1.6093,1.6094,251150.6,1770092939999,404319.99292,887,116090.3,186910.67673,0
1770092940000,1.6094,1.6097,1.6089,1.6092,108835.0,1770092999999,175143.18898,675,42241.7,67977.93756,0
1770093000000,1.6092,1.6109,1.6091,1.6109,112091.3,1770093059999,180459.40649,560,97353.5,156739.92661,0
1770093060000,1.6109,1.6114,1.6098,1.6110,250999.1,1770093119999,404212.21751,1003,146742.3,236314.10720,0
1770093120000,1.6110,1.6117,1.6096,1.6099,166241.3,1770093179999,267760.30829,924,72619.0,116972.00878,0
1770093180000,1.6099,1.6102,1.6093,1.6093,94977.6,1770093239999,152881.06916,518,43578.5,70144.16188,0
1770093240000,1.6094,1.6109,1.6084,1.6108,300022.9,1770093299999,482940.06619,1096,185740.8,299038.54700,0
1770093300000,1.6108,1.6116,1.6103,1.6114,197839.8,1770093359999,318726.10460,824,120143.9,193561.50959,0
1770093360000,1.6114,1.6123,1.6104,1.6116,560296.4,1770093419999,902972.07784,1338,370970.9,597844.07263,0
1770093420000,1.6116,1.6119,1.6105,1.6119,237063.7,1770093479999,381959.89630,986,116892.6,188343.80179,0
1770093480000,1.6119,1.6139,1.6114,1.6135,269147.8,1770093539999,434078.10320,831,170366.9,274793.74675,0
1770093540000,1.6135,1.6149,1.6135,1.6147,193694.0,1770093599999,312672.81619,791,140014.7,226017.48618,0
1770093600000,1.6148,1.6180,1.6147,1.6180,579921.7,1770093659999,937236.76583,1649,410693.9,663731.61111,0
1770093660000,1.6180,1.6214,1.6179,1.6213,1587928.6,1770093719999,2572284.88685,2857,1127178.8,1825876.57614,0
1770093720000,1.6213,1.6234,1.6212,1.6232,654706.7,1770093779999,1062190.81822,1466,493584.1,800787.14822,0
1770093780000,1.6232,1.6238,1.6221,1.6231,410070.6,1770093839999,665577.75896,1227,225836.2,366573.75321,0
1770093840000,1.6231,1.6238,1.6230,1.6236,301415.9,1770093899999,489342.45081,870,159124.2,258342.65261,0
1770093900000,1.6236,1.6240,1.6218,1.6218,722934.7,1770093959999,1173397.82939,1317,356295.1,578388.98073,0
1770093960000,1.6218,1.6224,1.6203,1.6209,388878.0,1770094019999,630543.05777,1337,208755.9,338480.64330,0
1770094020000,1.6208,1.6214,1.6201,1.6212,379286.3,1770094079999,614704.23171,1290,229939.1,372652.60052,0
1770094080000,1.6212,1.6214,1.6202,1.6208,139014.9,1770094139999,225312.48658,570,54215.8,87873.56910,0
1770094140000,1.6209,1.6221,1.6204,1.6219,270946.0,1770094199999,439263.43566,857,189619.5,307408.57419,0
1770094200000,1.6218,1.6221,1.6205,1.6212,339708.3,1770094259999,550773.97088,870,115388.1,187086.61453,0
1770094260000,1.6213,1.6213,1.6201,1.6205,217282.8,1770094319999,352090.99786,783,120615.3,195440.72200,0
1770094320000,1.6205,1.6208,1.6194,1.6195,161628.2,1770094379999,261852.26774,630,80513.2,130449.95162,0
1770094380000,1.6195,1.6213,1.6186,1.6213,639702.3,1770094439999,1036430.23803,1215,464689.1,752905.97256,0
1770094440000,1.6213,1.6216,1.6209,1.6212,267303.6,1770094499999,433373.36581,579,73033.2,118407.82679,0
1770094500000,1.6211,1.6222,1.6209,1.6221,207991.2,1770094559999,337237.48311,669,126636.3,205326.76589,0
1770094560000,1.6222,1.6227,1.6216,1.6225,239263.8,1770094619999,388140.72821,741,163947.7,265966.28023,0
1770094620000,1.6224,1.6225,1.6210,1.6213,202882.8,1770094679999,328973.66791,459,121880.8,197606.85751,0
1770094680000,1.6213,1.6213,1.6200,1.6203,78421.3,1770094739999,127071.63146,372,46201.3,74854.48285,0
1770094740000,1.6203,1.6212,1.6202,1.6211,353624.9,1770094799999,573102.72314,841,235732.9,382038.78456,0
1770094800000,1.6212,1.6222,1.6197,1.6199,629670.2,1770094859999,1020824.18533,1493,306131.2,496330.35845,0
1770094860000,1.6198,1.6199,1.6187,1.6188,199642.4,1770094919999,323266.17193,820,97514.2,157910.84801,0
1770094920000,1.6188,1.6188,1.6169,1.6172,383979.7,1770094979999,621156.69596,1396,184121.5,297832.06781,0
1770094980000,1.6172,1.6172,1.6154,1.6154,366740.4,1770095039999,592676.30425,1076,201476.2,325597.26434,0
1770095040000,1.6155,1.6165,1.6154,1.6159,289940.0,1770095099999,468565.74246,870,227191.9,367166.13081,0
1770095100000,1.6159,1.6184,1.6157,1.6175,415725.2,1770095159999,672222.05930,1086,311430.9,503556.83910,0
1770095160000,1.6175,1.6175,1.6160,1.6162,148705.3,1770095219999,240383.74268,814,80646.7,130350.71688,0
1770095220000,1.6163,1.6176,1.6162,1.6168,131991.2,1770095279999,213389.18188,612,100799.8,162950.95615,0
1770095280000,1.6168,1.6171,1.6160,1.6161,150792.4,1770095339999,243754.05954,604,71271.7,115201.46315,0
1770095340000,1.6161,1.6165,1.6155,1.6156,258490.6,1770095399999,417686.20445,678,71722.4,115906.01267,0
1770095400000,1.6156,1.6163,1.6142,1.6142,396190.7,1770095459999,639992.96939,1097,179124.4,289383.76870,0
1770095460000,1.6143,1.6143,1.6125,1.6128,345941.1,1770095519999,557991.90762,1027,140403.7,226460.12757,0
1770095520000,1.6128,1.6128,1.6096,1.6108,998560.0,1770095579999,1608585.14198,2111,431948.3,695764.97637,0
1770095580000,1.6109,1.6113,1.6094,1.6095,221260.2,1770095639999,356298.01204,779,69390.1,111745.62043,0
1770095640000,1.6095,1.6103,1.6093,1.6098,432284.9,1770095699999,695884.68306,870,193258.1,311097.88552,0
1770095700000,1.6097,1.6099,1.6088,1.6092,443178.8,1770095759999,713194.17041,1054,216076.3,347730.64147,0
1770095760000,1.6092,1.6128,1.6090,1.6123,561290.2,1770095819999,904537.23416,1286,357696.0,576389.16989,0
1770095820000,1.6123,1.6123,1.6088,1.6091,265672.7,1770095879999,428107.97275,892,106878.4,172269.97681,0
1770095880000,1.6091,1.6107,1.6088,1.6099,305498.3,1770095939999,491823.20907,846,187845.3,302397.91676,0
1770095940000,1.6099,1.6105,1.6073,1.6084,623401.1,1770095999999,1002648.78551,1482,187261.6,301174.95525,0
1770096000000,1.6084,1.6092,1.6075,1.6084,337208.3,1770096059999,542388.69832,1048,149406.1,240321.13696,0
1770096060000,1.6083,1.6098,1.6081,1.6098,158720.6,1770096119999,255395.35041,656,78816.8,126824.64038,0
1770096120000,1.6098,1.6116,1.6097,1.6116,346639.3,1770096179999,558304.59894,1092,243255.0,391797.38521,0
1770096180000,1.6116,1.6135,1.6114,1.6135,364588.6,1770096239999,587921.76155,1089,242704.3,391396.59042,0
1770096240000,1.6135,1.6141,1.6119,1.6122,157938.6,1770096299999,254750.62065,792,110886.7,178855.55473,0
1770096300000,1.6121,1.6128,1.6112,1.6112,169206.0,1770096359999,272728.37579,621,78270.7,126158.73697,0
1770096360000,1.6112,1.6112,1.6102,1.6108,172221.9,1770096419999,277395.94363,602,93038.4,149853.80655,0
1770096420000,1.6108,1.6126,1.6107,1.6125,145426.2,1770096479999,234394.10544,527,110428.5,177965.38641,0
1770096480000,1.6124,1.6125,1.6110,1.6117,185243.2,1770096539999,298536.85065,713,123980.0,199795.90266,0
1770096540000,1.6118,1.6122,1.6112,1.6122,82097.6,1770096599999,132336.00511,329,76553.5,123400.97477,0
1770096600000,1.6121,1.6130,1.6115,1.6120,127491.1,1770096659999,205526.10823,634,72061.4,116168.85513,0
1770096660000,1.6121,1.6124,1.6111,1.6122,177827.0,1770096719999,286652.06709,783,124036.6,199944.85696,0
1770096720000,1.6122,1.6132,1.6112,1.6119,188784.4,1770096779999,304356.45288,721,139786.3,225354.53448,0
1770096780000,1.6120,1.6129,1.6112,1.6119,179220.1,1770096839999,288916.55699,690,120724.1,194617.49152,0
1770096840000,1.6120,1.6134,1.6113,1.6128,274849.3,1770096899999,443123.89502,696,188713.4,304239.92684,0
1770096900000,1.6129,1.6145,1.6121,1.6126,253548.7,1770096959999,409014.94251,891,184497.1,297642.00680,0
1770096960000,1.6126,1.6139,1.6126,1.6137,166646.0,1770097019999,268854.46526,496,141347.9,228032.92453,0
1770097020000,1.6137,1.6143,1.6132,1.6136,166300.9,1770097079999,268359.34465,712,80814.6,130404.38212,0
1770097080000,1.6137,1.6147,1.6134,1.6136,140743.0,1770097139999,227157.53945,713,77498.7,125077.13426,0
1770097140000,1.6136,1.6136,1.6125,1.6126,106113.3,1770097199999,171157.89753,597,41501.7,66933.14110,0
1770097200000,1.6126,1.6126,1.6116,1.6116,148108.2,1770097259999,238748.01022,598,51131.7,82419.80367,0
1770097260000,1.6117,1.6123,1.6106,1.6123,205972.9,1770097319999,331948.28069,872,120549.0,194277.21101,0
1770097320000,1.6122,1.6137,1.6116,1.6116,265862.5,1770097379999,428767.64775,906,127979.3,206453.57117,0
1770097380000,1.6116,1.6116,1.6105,1.6110,143573.3,1770097439999,231296.73012,567,81029.5,130538.29759,0
1770097440000,1.6111,1.6127,1.6110,1.6127,80312.7,1770097499999,129467.59372,428,53141.2,85656.35978,0
1770097500000,1.6126,1.6126,1.6119,1.6123,176142.6,1770097559999,283972.44012,522,119893.6,193285.68018,0
1770097560000,1.6123,1.6130,1.6114,1.6130,168260.5,1770097619999,271256.59053,602,57561.8,92787.81165,0
1770097620000,1.6130,1.6144,1.6130,1.6137,200611.4,1770097679999,323745.02767,809,113188.7,182658.74649,0
1770097680000,1.6137,1.6149,1.6136,1.6138,165894.2,1770097739999,267804.02714,645,122128.0,197156.03095,0
1770097740000,1.6139,1.6145,1.6136,1.6138,147191.0,1770097799999,237571.90410,503,111170.0,179427.29284,0
1770097800000,1.6139,1.6139,1.6120,1.6125,117743.6,1770097859999,189879.43208,599,71843.0,115857.93716,0
1770097860000,1.6125,1.6131,1.6120,1.6130,129268.5,1770097919999,208450.39811,555,84686.9,136557.11868,0
1770097920000,1.6129,1.6134,1.6119,1.6128,349980.7,1770097979999,564483.59045,683,288777.2,465770.18557,0
1770097980000,1.6128,1.6136,1.6126,1.6129,107554.5,1770098039999,173489.17551,516,60527.5,97626.99139,0
1770098040000,1.6130,1.6134,1.6098,1.6100,1631737.8,1770098099999,2628761.57093,1740,209403.9,337287.64363,0
1770098100000,1.6101,1.6105,1.6061,1.6071,1460259.6,1770098159999,2347393.60840,2195,300772.2,483654.21036,0
1770098160000,1.6070,1.6077,1.6066,1.6075,260254.6,1770098219999,418244.70373,616,149973.9,241029.72440,0
1770098220000,1.6076,1.6077,1.6060,1.6068,530699.4,1770098279999,852722.77974,1112,218058.1,350375.73441,0
1770098280000,1.6067,1.6075,1.6060,1.6071,358581.2,1770098339999,576157.74215,811,201860.2,324339.14657,0
1770098340000,1.6071,1.6072,1.6067,1.6069,189185.5,1770098399999,304003.92443,566,61345.7,98575.14455,0
1770098400000,1.6070,1.6072,1.6062,1.6063,288429.3,1770098459999,463463.89350,699,153401.2,246519.12626,0
1770098460000,1.6063,1.6074,1.6052,1.6056,1245163.7,1770098519999,2000176.21068,1978,291721.4,468477.80936,0
1770098520000,1.6057,1.6073,1.6054,1.6072,180853.6,1770098579999,290492.78546,902,66499.2,106834.64149,0
1770098580000,1.6072,1.6080,1.6062,1.6062,197313.7,1770098639999,317171.49315,785,63507.4,102094.38179,0
1770098640000,1.6062,1.6063,1.6054,1.6060,181905.5,1770098699999,292090.63485,730,62619.4,100547.48129,0
1770098700000,1.6060,1.6060,1.6039,1.6042,414479.1,1770098759999,665109.27362,1234,202079.3,324272.12263,0
1770098760000,1.6042,1.6055,1.6039,1.6049,857779.4,1770098819999,1376343.27551,1376,274037.5,439721.86516,0
1770098820000,1.6048,1.6048,1.5989,1.5993,2870713.6,1770098879999,4597931.19125,4096,727348.8,1164785.88197,0
1770098880000,1.5993,1.6006,1.5985,1.6004,868986.0,1770098939999,1389852.13980,1826,498807.5,797811.73899,0
1770098940000,1.6003,1.6004,1.5984,1.5995,831327.6,1770098999999,1329555.19136,1724,255035.2,407831.29448,0
1770099000000,1.5995,1.5995,1.5980,1.5986,435775.0,1770099059999,696534.94416,872,181018.5,289325.56998,0
1770099060000,1.5986,1.6009,1.5986,1.6004,673465.4,1770099119999,1077525.28543,1459,377826.2,604484.45916,0
1770099120000,1.6004,1.6006,1.5995,1.6003,287517.9,1770099179999,460075.58180,921,202625.7,324248.27576,0
1770099180000,1.6004,1.6007,1.5999,1.6003,153086.0,1770099239999,244981.60359,614,102338.5,163775.18460,0
1770099240000,1.6003,1.6006,1.5995,1.5999,154202.0,1770099299999,246706.38125,625,58858.3,94166.47548,0
1770099300000,1.6000,1.6017,1.5988,1.5997,388430.6,1770099359999,621517.87343,1404,121630.5,194697.50853,0
1770099360000,1.5996,1.6000,1.5984,1.5985,302390.2,1770099419999,483532.65224,1054,179997.3,287808.80687,0
1770099420000,1.5984,1.6000,1.5983,1.5998,285180.1,1770099479999,456092.37460,1064,161491.7,258261.33779,0
1770099480000,1.5998,1.6026,1.5995,1.6024,234965.8,1770099539999,376124.80750,1099,164848.6,263898.08227,0
1770099540000,1.6023,1.6052,1.6022,1.6043,937329.0,1770099599999,1503491.85434,1926,714327.5,1145758.78735,0
1770099600000,1.6043,1.6050,1.6038,1.6042,214303.8,1770099659999,343807.14339,841,141675.0,227296.04565,0
1770099660000,1.6041,1.6051,1.6027,1.6050,659787.2,1770099719999,1058196.88914,1488,443070.8,710585.56534,0
1770099720000,1.6049,1.6064,1.6041,1.6044,502939.9,1770099779999,807299.48750,1176,232422.2,373077.92536,0
1770099780000,1.6045,1.6046,1.6030,1.6039,212651.0,1770099839999,341049.62459,661,58120.7,93201.71249,0
1770099840000,1.6040,1.6060,1.6039,1.6056,249528.3,1770099899999,400593.62309,878,134593.6,216061.67241,0
1770099900000,1.6055,1.6059,1.6048,1.6054,274058.9,1770099959999,439954.69764,900,137282.9,220390.19360,0
1770099960000,1.6055,1.6055,1.6048,1.6050,264970.2,1770100019999,425324.70537,604,104892.5,168374.45270,0
1770100020000,1.6049,1.6050,1.6041,1.6046,137033.6,1770100079999,219879.12078,547,62270.5,99914.45993,0
1770100080000,1.6047,1.6063,1.6046,1.6063,386151.6,1770100139999,619975.45198,776,282709.8,453903.51651,0
1770100140000,1.6063,1.6106,1.6062,1.6089,855221.9,1770100199999,1376287.41232,2197,515923.1,830192.28806,0
1770100200000,1.6089,1.6089,1.6068,1.6070,337677.5,1770100259999,542897.94105,1051,131975.4,212156.85989,0
1770100260000,1.6070,1.6078,1.6064,1.6077,225396.4,1770100319999,362224.09999,821,180207.0,289594.59922,0
1770100320000,1.6078,1.6083,1.6066,1.6067,154837.8,1770100379999,248854.11682,791,88500.3,142238.53574,0
1770100380000,1.6068,1.6071,1.6065,1.6069,105112.1,1770100439999,168892.63439,511,60121.6,96600.98792,0
1770100440000,1.6070,1.6094,1.6070,1.6093,158449.3,1770100499999,254860.67131,928,108198.6,174023.37185,0
1770100500000,1.6094,1.6114,1.6094,1.6110,294792.3,1770100559999,474792.41008,1183,231357.5,372605.62630,0
1770100560000,1.6110,1.6110,1.6091,1.6100,150056.6,1770100619999,241549.91662,786,103125.2,166003.59186,0
1770100620000,1.6101,1.6109,1.6095,1.6101,105545.0,1770100679999,169940.37627,670,77269.3,124411.90366,0
1770100680000,1.6102,1.6105,1.6086,1.6091,235758.9,1770100739999,379436.46512,988,136146.7,219100.61631,0
1770100740000,1.6091,1.6091,1.6077,1.6080,100915.9,1770100799999,162293.46323,584,44273.5,71199.35766,0
1770100800000,1.6080,1.6092,1.6069,1.6089,143829.4,1770100859999,231234.93233,878,64504.4,103705.77959,0
1770100860000,1.6090,1.6090,1.6080,1.6084,119905.9,1770100919999,192858.06101,556,61635.2,99124.45556,0
1770100920000,1.6085,1.6094,1.6081,1.6094,116099.7,1770100979999,186760.57026,740,84456.3,135858.57169,0
1770100980000,1.6093,1.6098,1.6081,1.6081,80377.2,1770101039999,129301.06519,558,40095.8,64510.01920,0
1770101040000,1.6082,1.6086,1.6071,1.6076,142823.8,1770101099999,229623.44925,810,78824.3,126734.17979,0
1770101100000,1.6077,1.6084,1.6075,1.6075,160227.7,1770101159999,257633.62151,763,82253.8,132249.96349,0
1770101160000,1.6075,1.6078,1.6069,1.6070,193549.7,1770101219999,311110.64473,845,77944.6,125290.04862,0
1770101220000,1.6070,1.6103,1.6067,1.6093,236182.0,1770101279999,379934.43880,937,148064.2,238183.75115,0
1770101280000,1.6094,1.6110,1.6090,1.6096,177351.4,1770101339999,285507.76116,998,75698.2,121856.46409,0
1770101340000,1.6095,1.6101,1.6089,1.6093,119339.4,1770101399999,192085.45121,757,80674.6,129854.00058,0
1770101400000,1.6092,1.6118,1.6087,1.6103,1060287.4,1770101459999,1707760.12400,1814,816004.1,1314318.88152,0
1770101460000,1.6102,1.6106,1.6099,1.6103,242176.9,1770101519999,389950.10454,732,156925.9,252684.82396,0
1770101520000,1.6103,1.6115,1.6103,1.6108,184504.6,1770101579999,297230.29749,836,108594.7,174946.76698,0
1770101580000,1.6107,1.6110,1.6100,1.6103,130889.9,1770101639999,210788.91167,700,63578.5,102386.66116,0
1770101640000,1.6103,1.6105,1.6101,1.6104,101655.6,1770101699999,163692.62470,447,58052.9,93481.45514,0
1770101700000,1.6104,1.6116,1.6104,1.6114,232619.7,1770101759999,374778.03959,905,116924.7,188378.72740,0
1770101760000,1.6113,1.6113,1.6095,1.6101,202969.5,1770101819999,326826.35293,785,93512.4,150573.65066,0
1770101820000,1.6101,1.6113,1.6101,1.6109,133031.0,1770101879999,214295.84062,492,56043.6,90273.83412,0
1770101880000,1.6108,1.6124,1.6108,1.6123,258620.9,1770101939999,416849.34641,658,163132.7,262942.50393,0
1770101940000,1.6122,1.6123,1.6113,1.6115,335876.8,1770101999999,541314.85123,543,81124.0,130746.88754,0
1770102000000,1.6115,1.6115,1.6104,1.6105,144577.1,1770102059999,232911.62326,748,70759.9,113992.05960,0
1770102060000,1.6105,1.6109,1.6066,1.6073,400936.5,1770102119999,644996.63138,1419,149096.3,239854.91842,0
1770102120000,1.6074,1.6094,1.6072,1.6074,235331.3,1770102179999,378460.77656,976,105571.1,169803.71295,0
1770102180000,1.6074,1.6080,1.6070,1.6080,114894.3,1770102239999,184674.37047,553,82904.9,133256.39593,0
1770102240000,1.6080,1.6082,1.6068,1.6068,164295.7,1770102299999,264091.74500,662,52903.4,85050.98072,0
1770102300000,1.6068,1.6093,1.6068,1.6079,252468.3,1770102359999,406024.50827,885,145774.6,234411.07624,0
1770102360000,1.6079,1.6109,1.6076,1.6109,180633.5,1770102419999,290595.24092,814,119554.4,192367.29860,0
1770102420000,1.6110,1.6119,1.6090,1.6091,314227.0,1770102479999,506032.20906,1042,161905.8,260741.41690,0
1770102480000,1.6091,1.6123,1.6090,1.6119,185863.3,1770102539999,299309.03865,886,104517.8,168324.13371,0
1770102540000,1.6120,1.6160,1.6120,1.6144,3052959.6,1770102599999,4927796.92563,3541,2494473.5,4026321.93139,0
1770102600000,1.6144,1.6145,1.6128,1.6132,600790.2,1770102659999,969340.52702,1202,283312.2,457090.94232,0
1770102660000,1.6131,1.6144,1.6131,1.6143,411151.3,1770102719999,663518.32795,990,264534.0,426921.35430,0
1770102720000,1.6143,1.6146,1.6127,1.6128,283473.8,1770102779999,457430.02070,1118,95241.2,153698.52499,0
1770102780000,1.6128,1.6161,1.6120,1.6122,675712.6,1770102839999,1090416.39415,1916,398050.1,642314.38059,0
1770102840000,1.6123,1.6142,1.6116,1.6130,1158650.3,1770102899999,1868630.20606,1601,877907.5,1415783.84078,0
1770102900000,1.6130,1.6145,1.6126,1.6139,360446.1,1770102959999,581623.05458,1048,238234.7,384414.41367,0
1770102960000,1.6138,1.6138,1.6121,1.6136,279759.6,1770103019999,451230.95493,873,141789.3,228705.25481,0
1770103020000,1.6136,1.6138,1.6093,1.6100,1474672.6,1770103079999,2375693.87898,1884,240230.7,386914.08062,0
1770103080000,1.6100,1.6106,1.6079,1.6082,689507.8,1770103139999,1109237.33581,1345,138229.3,222469.67327,0
1770103140000,1.6081,1.6089,1.6070,1.6089,223902.0,1770103199999,360064.03408,707,145866.9,234608.85072,0
1770103200000,1.6090,1.6111,1.6086,1.6110,137085.7,1770103259999,220671.50801,780,89441.5,143996.23689,0
1770103260000,1.6111,1.6115,1.6103,1.6109,211175.3,1770103319999,340157.82708,739,86080.3,138652.98982,0
1770103320000,1.6108,1.6119,1.6106,1.6110,135908.7,1770103379999,218977.99796,495,54704.8,88141.33617,0
1770103380000,1.6110,1.6110,1.6099,1.6102,107171.2,1770103439999,172598.51311,555,30317.6,48821.76783,0
1770103440000,1.6103,1.6105,1.6090,1.6091,119271.5,1770103499999,191957.96767,560,83887.3,135003.18069,0
1770103500000,1.6091,1.6119,1.6085,1.6119,389023.7,1770103559999,626266.14939,1051,265899.8,428108.41594,0
1770103560000,1.6118,1.6130,1.6113,1.6129,357170.7,1770103619999,575754.15677,1041,177195.5,285675.59744,0
1770103620000,1.6130,1.6141,1.6128,1.6136,367834.3,1770103679999,593462.23637,972,198798.8,320723.19425,0
1770103680000,1.6135,1.6140,1.6117,1.6139,263736.5,1770103739999,425382.81881,809,126916.7,204682.15642,0
1770103740000,1.6139,1.6139,1.6123,1.6131,69647.3,1770103799999,112345.99266,518,23654.3,38152.59487,0
1770103800000,1.6132,1.6136,1.6121,1.6135,180571.3,1770103859999,291203.15745,904,102304.4,164986.69998,0
1770103860000,1.6134,1.6160,1.6134,1.6160,372830.9,1770103919999,602011.82954,1001,293910.8,474543.78860,0
1770103920000,1.6160,1.6191,1.6159,1.6174,803567.0,1770103979999,1300122.56197,2108,373780.8,604652.15170,0
1770103980000,1.6175,1.6186,1.6171,1.6183,392617.1,1770104039999,635162.88427,1147,163826.2,265056.55103,0
1770104040000,1.6183,1.6204,1.6181,1.6201,484326.3,1770104099999,784358.72833,1689,250372.9,405474.05036,0
1770104100000,1.6202,1.6226,1.6190,1.6221,847564.9,1770104159999,1373615.03349,2250,587426.9,952022.30660,0
1770104160000,1.6221,1.6231,1.6197,1.6197,743642.9,1770104219999,1205829.39665,1980,318211.8,516056.07448,0
1770104220000,1.6197,1.6198,1.6172,1.6183,465641.0,1770104279999,753587.94181,1466,199573.5,322956.09644,0
1770104280000,1.6184,1.6184,1.6177,1.6179,322453.9,1770104339999,521745.12608,695,159290.7,257735.52493,0
1770104340000,1.6180,1.6185,1.6168,1.6180,289195.9,1770104399999,467800.62133,1104,145967.6,236154.51376,0
1770104400000,1.6181,1.6187,1.6175,1.6180,231945.6,1770104459999,375311.65200,678,136320.4,220582.98351,0
1770104460000,1.6181,1.6181,1.6164,1.6173,272079.7,1770104519999,439949.79363,891,73073.1,118156.10386,0
1770104520000,1.6172,1.6184,1.6166,1.6171,127898.7,1770104579999,206906.78776,608,97243.2,157312.36661,0
1770104580000,1.6172,1.6179,1.6168,1.6176,168881.9,1770104639999,273153.26337,467,72417.8,117125.87974,0
1770104640000,1.6177,1.6181,1.6173,1.6175,201508.6,1770104699999,325992.87137,725,121095.8,195900.20735,0
1770104700000,1.6175,1.6183,1.6174,1.6178,146582.2,1770104759999,237166.52478,714,66225.8,107158.62624,0
1770104760000,1.6177,1.6182,1.6165,1.6182,154521.2,1770104819999,249904.50535,614,51627.5,83502.52032,0
1770104820000,1.6182,1.6190,1.6168,1.6172,509663.3,1770104879999,824408.72906,978,77876.4,125955.86529,0
1770104880000,1.6173,1.6181,1.6164,1.6166,193105.1,1770104939999,312258.20191,776,52763.0,85336.00142,0
1770104940000,1.6166,1.6178,1.6165,1.6175,116175.9,1770104999999,187882.35666,691,47346.1,76563.07458,0
1770105000000,1.6176,1.6183,1.6159,1.6169,212061.2,1770105059999,342938.48254,1210,64564.9,104408.23627,0
1770105060000,1.6169,1.6169,1.6156,1.6163,65401.0,1770105119999,105703.08071,448,22850.0,36929.56421,0
1770105120000,1.6164,1.6175,1.6150,1.6175,459537.7,1770105179999,742675.17526,1147,218347.5,352839.17026,0
1770105180000,1.6175,1.6177,1.6165,1.6169,226482.2,1770105239999,366232.87270,740,123518.5,199723.02590,0
1770105240000,1.6169,1.6169,1.6160,1.6161,83958.1,1770105299999,135697.55233,433,35850.9,57944.58052,0
1770105300000,1.6162,1.6164,1.6154,1.6158,189740.7,1770105359999,306602.91709,831,51388.4,83043.22671,0
1770105360000,1.6158,1.6166,1.6157,1.6165,106542.3,1770105419999,172190.64158,436,72506.5,117180.09380,0
1770105420000,1.6165,1.6176,1.6158,1.6161,150368.5,1770105479999,243085.36294,619,80827.5,130671.09187,0
1770105480000,1.6161,1.6176,1.6155,1.6155,203892.7,1770105539999,329699.24642,656,152232.6,246182.63465,0
1770105540000,1.6156,1.6165,1.6151,1.6165,111478.3,1770105599999,180089.61544,491,82233.5,132849.59702,0
1770105600000,1.6165,1.6167,1.6148,1.6155,350807.6,1770105659999,566885.42006,1113,192976.9,311854.22727,0
1770105660000,1.6156,1.6168,1.6155,1.6155,345724.1,1770105719999,558726.63575,1020,240584.2,388805.36871,0
1770105720000,1.6154,1.6175,1.6139,1.6140,395003.4,1770105779999,638088.24311,1237,220882.2,356883.07636,0
1770105780000,1.6141,1.6156,1.6127,1.6153,558418.3,1770105839999,901190.43261,1425,310509.8,501182.08060,0
1770105840000,1.6152,1.6169,1.6151,1.6166,292586.3,1770105899999,472795.16391,989,177797.1,287291.33390,0
1770105900000,1.6165,1.6170,1.6155,1.6160,188225.4,1770105959999,304226.47527,890,109204.3,176505.58024,0
1770105960000,1.6161,1.6170,1.6151,1.6151,232181.1,1770106019999,375216.10184,1139,114664.0,185311.28612,0
1770106020000,1.6151,1.6155,1.6140,1.6155,298169.3,1770106079999,481492.90788,793,198909.2,321215.77045,0
1770106080000,1.6155,1.6185,1.6155,1.6169,262298.8,1770106139999,424233.28111,1089,126751.4,204971.34262,0
1770106140000,1.6169,1.6174,1.6157,1.6162,157857.3,1770106199999,255177.92799,873,83710.1,135321.11376,0
1770106200000,1.6161,1.6161,1.6131,1.6147,387906.1,1770106259999,626100.99868,1638,158048.2,255076.99013,0
1770106260000,1.6147,1.6155,1.6127,1.6145,188467.1,1770106319999,304190.85771,1193,72596.2,117171.03945,0
1770106320000,1.6145,1.6153,1.6133,1.6145,876247.9,1770106379999,1414459.04995,1317,161004.9,259929.29554,0
1770106380000,1.6145,1.6148,1.6131,1.6132,214478.6,1770106439999,346180.92551,1002,129637.9,209242.38173,0
1770106440000,1.6133,1.6136,1.6113,1.6126,529127.8,1770106499999,853171.09322,1345,175747.9,283388.40884,0
1770106500000,1.6126,1.6145,1.6124,1.6126,470682.3,1770106559999,759456.74768,1187,124185.0,200341.22615,0
1770106560000,1.6126,1.6133,1.6118,1.6128,136405.2,1770106619999,219952.39571,751,84751.9,136670.25844,0
1770106620000,1.6128,1.6143,1.6120,1.6143,219737.4,1770106679999,354454.50405,949,114852.1,185275.64751,0
1770106680000,1.6143,1.6168,1.6143,1.6155,197063.2,1770106739999,318381.63926,1112,114378.4,184792.71071,0
1770106740000,1.6156,1.6164,1.6150,1.6155,82024.5,1770106799999,132532.26786,727,47487.7,76722.08056,0
1770106800000,1.6154,1.6165,1.6146,1.6152,261796.3,1770106859999,422959.33902,972,129523.2,209244.01750,0
1770106860000,1.6152,1.6177,1.6149,1.6176,132571.8,1770106919999,214322.91132,793,70516.0,113990.62610,0
1770106920000,1.6177,1.6185,1.6176,1.6178,153278.0,1770106979999,247995.29491,830,71416.3,115543.65529,0
1770106980000,1.6179,1.6189,1.6169,1.6188,150525.2,1770107039999,243541.77970,801,103441.1,167368.90634,0
1770107040000,1.6187,1.6203,1.6186,1.6198,297101.6,1770107099999,481226.59298,1046,199502.5,323134.85256,0
1770107100000,1.6198,1.6245,1.6196,1.6221,900885.4,1770107159999,1461714.83252,2534,473783.3,768833.17889,0
1770107160000,1.6221,1.6235,1.6217,1.6224,363510.7,1770107219999,589739.47737,1392,198111.7,321415.74282,0
1770107220000,1.6224,1.6229,1.6216,1.6228,284762.6,1770107279999,461996.93144,903,179396.2,291050.92702,0
1770107280000,1.6227,1.6227,1.6217,1.6219,166056.7,1770107339999,269348.59285,682,59852.6,97081.37115,0
1770107340000,1.6220,1.6243,1.6220,1.6224,1303556.1,1770107399999,2116029.08574,1601,1001641.7,1625828.77484,0
1770107400000,1.6224,1.6224,1.6214,1.6222,212984.7,1770107459999,345443.03892,956,133197.8,216044.03248,0
1770107460000,1.6223,1.6225,1.6190,1.6193,372002.8,1770107519999,603091.32622,1232,147062.8,238411.51398,0
1770107520000,1.6194,1.6203,1.6182,1.6197,288536.4,1770107579999,467312.74694,886,117328.6,190003.30431,0
1770107580000,1.6198,1.6205,1.6196,1.6203,254928.9,1770107639999,412980.00820,733,134446.3,217800.20315,0
1770107640000,1.6202,1.6209,1.6199,1.6204,130210.6,1770107699999,211000.22109,632,59006.8,95620.26900,0
1770107700000,1.6204,1.6223,1.6204,1.6214,279093.5,1770107759999,452553.84164,953,127439.4,206616.75251,0
1770107760000,1.6214,1.6227,1.6213,1.6226,128390.8,1770107819999,208256.12129,777,81747.6,132601.47241,0
1770107820000,1.6225,1.6233,1.6223,1.6232,429610.2,1770107879999,697158.28026,1143,321459.4,521655.44917,0
1770107880000,1.6231,1.6244,1.6216,1.6221,602783.7,1770107939999,978289.57925,1321,277399.2,450222.17773,0
1770107940000,1.6222,1.6223,1.6205,1.6220,318967.2,1770107999999,517222.80630,865,213977.6,346955.26076,0
1770108000000,1.6220,1.6225,1.6212,1.6219,263792.7,1770108059999,427848.74834,870,173075.0,280712.63099,0
1770108060000,1.6219,1.6233,1.6216,1.6227,303383.1,1770108119999,492298.86799,823,171887.1,278909.10795,0
1770108120000,1.6227,1.6233,1.6225,1.6229,202413.6,1770108179999,328482.60524,658,116759.8,189476.28435,0
1770108180000,1.6229,1.6247,1.6228,1.6230,441511.1,1770108239999,716897.60907,1104,137436.4,223133.24037,0
1770108240000,1.6230,1.6233,1.6226,1.6232,174806.2,1770108299999,283709.25854,548,108796.2,176575.45903,0
1770108300000,1.6231,1.6231,1.6218,1.6221,168953.5,1770108359999,274124.11451,705,52740.6,85565.00137,0
1770108360000,1.6221,1.6231,1.6218,1.6225,237433.1,1770108419999,385223.21379,680,108452.9,175952.02433,0
1770108420000,1.6226,1.6226,1.6210,1.6215,132750.6,1770108479999,215268.88658,756,49282.8,79912.06743,0
1770108480000,1.6216,1.6223,1.6210,1.6211,286990.4,1770108539999,465356.51306,791,117822.1,191054.17324,0
1770108540000,1.6210,1.6210,1.6188,1.6192,249901.6,1770108599999,404708.14692,1038,53889.3,87258.37637,0
1770108600000,1.6193,1.6194,1.6186,1.6193,122204.6,1770108659999,197854.87846,607,45022.2,72894.89332,0
1770108660000,1.6194,1.6194,1.6182,1.6188,319140.7,1770108719999,516593.58104,1068,64576.2,104524.68873,0
1770108720000,1.6187,1.6192,1.6177,1.6178,148498.7,1770108779999,240343.98887,512,22523.6,36463.36630,0
1770108780000,1.6177,1.6180,1.6175,1.6175,83957.2,1770108839999,135818.19683,352,34172.4,55283.73667,0
1770108840000,1.6176,1.6176,1.6158,1.6167,191192.8,1770108899999,309079.13927,794,73153.1,118243.90197,0
1770108900000,1.6167,1.6168,1.6151,1.6154,221908.3,1770108959999,358559.98067,743,93478.3,151021.29695,0
1770108960000,1.6154,1.6160,1.6153,1.6155,250221.6,1770109019999,404258.67704,656,72028.9,116372.96181,0
1770109020000,1.6155,1.6160,1.6144,1.6155,214099.9,1770109079999,345742.80569,767,95770.5,154661.26549,0
1770109080000,1.6154,1.6155,1.6150,1.6153,238570.9,1770109139999,385358.74886,665,79170.7,127886.13802,0
1770109140000,1.6153,1.6155,1.6148,1.6153,158284.2,1770109199999,255649.17114,444,63280.1,102206.53916,0
1770109200000,1.6154,1.6170,1.6152,1.6160,751517.2,1770109259999,1214698.17549,1211,512725.2,828756.87244,0
1770109260000,1.6159,1.6173,1.6158,1.6164,401837.7,1770109319999,649588.09345,1135,241393.0,390210.84950,0
1770109320000,1.6164,1.6165,1.6143,1.6148,301380.0,1770109379999,487011.58501,811,28660.5,46314.88526,0
1770109380000,1.6148,1.6170,1.6143,1.6169,356433.5,1770109439999,575692.72659,1047,127427.9,205842.97472,0
1770109440000,1.6169,1.6176,1.6169,1.6173,213808.0,1770109499999,345788.54258,723,98538.1,159367.42479,0
1770109500000,1.6173,1.6207,1.6172,1.6205,386782.4,1770109559999,626317.08718,1251,238453.9,386135.39691,0
1770109560000,1.6205,1.6213,1.6197,1.6204,347232.9,1770109619999,562727.42144,962,120131.8,194690.18410,0
1770109620000,1.6203,1.6203,1.6189,1.6195,153585.4,1770109679999,248741.52429,677,41781.0,67660.16022,0
1770109680000,1.6195,1.6202,1.6191,1.6202,57566.1,1770109739999,93238.53537,512,25287.9,40957.48151,0
1770109740000,1.6201,1.6202,1.6190,1.6190,135590.3,1770109799999,219598.41394,713,28281.5,45806.79527,0
1770109800000,1.6189,1.6190,1.6160,1.6164,284011.1,1770109859999,459305.24850,1302,113854.6,184115.83527,0
1770109860000,1.6164,1.6168,1.6093,1.6102,2844213.4,1770109919999,4584350.04647,4801,895234.0,1442469.59956,0
1770109920000,1.6101,1.6130,1.6095,1.6098,2128051.0,1770109979999,3428797.36706,3117,953189.2,1535810.45565,0
1770109980000,1.6099,1.6101,1.6080,1.6083,832830.7,1770110039999,1339874.12176,2086,240375.6,386738.34375,0
1770110040000,1.6084,1.6093,1.6050,1.6058,2145068.5,1770110099999,3447374.09332,3285,804658.5,1293265.36671,0
1770110100000,1.6059,1.6077,1.6042,1.6047,3249375.9,1770110159999,5218175.57328,4756,1276751.4,2050677.13559,0
1770110160000,1.6048,1.6060,1.5968,1.6048,5716428.3,1770110219999,9151224.33167,7943,1973891.6,3159770.71460,0
1770110220000,1.6048,1.6068,1.6044,1.6064,1044291.1,1770110279999,1676762.27348,2633,342609.3,550182.90732,0
1770110280000,1.6064,1.6080,1.6045,1.6052,2199526.0,1770110339999,3533002.75783,3343,1190360.9,1912436.60077,0
1770110340000,1.6053,1.6066,1.6045,1.6047,725395.0,1770110399999,1164656.41095,1729,202296.6,324802.54121,0
1770110400000,1.6048,1.6060,1.6046,1.6046,387822.2,1770110459999,622562.52882,1131,130952.2,210225.31941,0
1770110460000,1.6046,1.6058,1.6030,1.6047,967197.0,1770110519999,1552082.29919,1874,378226.8,606959.62063,0
1770110520000,1.6047,1.6048,1.6013,1.6013,434792.9,1770110579999,696958.66164,1067,96551.4,154754.02512,0
1770110580000,1.6013,1.6013,1.5982,1.5982,1027430.5,1770110639999,1643780.63984,1355,497917.3,796689.39757,0
1770110640000,1.5981,1.5994,1.5975,1.5980,869057.9,1770110699999,1389104.11595,1805,425474.5,680100.86460,0
1770110700000,1.5980,1.5989,1.5960,1.5966,789102.3,1770110759999,1260190.40946,1993,333172.8,532105.68462,0
1770110760000,1.5966,1.5969,1.5954,1.5963,842206.2,1770110819999,1344304.62968,1457,283780.7,452943.89902,0
1770110820000,1.5963,1.5967,1.5951,1.5963,501884.5,1770110879999,800880.13917,1304,169080.7,269825.13610,0
1770110880000,1.5963,1.5963,1.5942,1.5949,569010.7,1770110939999,907672.59688,1551,166944.9,266315.45712,0
1770110940000,1.5949,1.5962,1.5947,1.5947,461332.4,1770110999999,736089.34987,1210,171315.5,273347.05206,0
1770111000000,1.5948,1.5968,1.5942,1.5957,1304360.8,1770111059999,2080992.64185,2738,745397.3,1189334.77122,0
1770111060000,1.5958,1.5980,1.5954,1.5974,1092239.1,1770111119999,1744356.40007,1951,542210.1,865909.62337,0
1770111120000,1.5974,1.5993,1.5968,1.5986,795576.8,1770111179999,1271546.64325,1786,400455.1,640034.67783,0
1770111180000,1.5986,1.5986,1.5974,1.5984,918787.1,1770111239999,1468140.68270,1848,443320.7,708387.91405,0
1770111240000,1.5985,1.5991,1.5977,1.5991,656466.1,1770111299999,1049268.91722,1390,382604.4,611552.07050,0
1770111300000,1.5992,1.6047,1.5984,1.6031,1231313.1,1770111359999,1972533.96473,2600,729657.7,1168796.40469,0
1770111360000,1.6032,1.6054,1.6027,1.6034,798266.3,1770111419999,1280524.66469,1856,379385.8,608594.20712,0
1770111420000,1.6035,1.6044,1.6027,1.6027,326580.2,1770111479999,523722.15877,1042,126910.8,203529.50815,0
1770111480000,1.6028,1.6035,1.6023,1.6024,273457.7,1770111539999,438334.37144,835,101342.3,162452.05660,0
1770111540000,1.6024,1.6031,1.6019,1.6019,232910.0,1770111599999,373253.44115,809,122333.5,196046.44353,0
1770111600000,1.6019,1.6020,1.6010,1.6020,189991.3,1770111659999,304235.66116,910,85430.7,136805.96234,0
1770111660000,1.6021,1.6036,1.6015,1.6023,268549.6,1770111719999,430415.03573,982,169072.6,270959.04967,0
1770111720000,1.6023,1.6043,1.6015,1.6023,461549.1,1770111779999,740011.65044,1519,260645.9,417901.30754,0
1770111780000,1.6023,1.6045,1.6023,1.6031,140286.5,1770111839999,224958.77156,912,72468.9,116187.11548,0
1770111840000,1.6031,1.6032,1.6023,1.6026,138067.0,1770111899999,221296.28327,761,77434.8,124114.95422,0
1770111900000,1.6027,1.6037,1.6020,1.6027,268802.6,1770111959999,430802.84644,1010,220675.0,353656.50726,0
1770111960000,1.6026,1.6030,1.6009,1.6027,384108.5,1770112019999,615202.48537,1184,130665.7,209327.75248,0
1770112020000,1.6028,1.6037,1.6008,1.6009,362800.2,1770112079999,581230.21671,954,67759.5,108594.77929,0
1770112080000,1.6010,1.6030,1.6009,1.6013,228772.8,1770112139999,366474.79206,1048,155001.6,248310.58185,0
1770112140000,1.6013,1.6018,1.6001,1.6003,350485.9,1770112199999,561021.07268,911,83416.5,133554.64539,0
1770112200000,1.6003,1.6012,1.6002,1.6010,154023.5,1770112259999,246548.09640,694,91438.6,146358.58733,0
1770112260000,1.6010,1.6031,1.6003,1.6030,244138.5,1770112319999,391127.01037,886,187351.9,300154.39834,0
1770112320000,1.6031,1.6037,1.6017,1.6036,214735.9,1770112379999,344202.66886,898,146404.2,234672.73564,0
1770112380000,1.6037,1.6044,1.6034,1.6036,202640.9,1770112439999,325029.49232,740,121217.5,194423.79763,0
1770112440000,1.6036,1.6040,1.6021,1.6021,105705.8,1770112499999,169472.71289,745,65339.0,104756.34468,0
1770112500000,1.6021,1.6026,1.6017,1.6017,71162.4,1770112559999,114007.50852,605,22830.9,36575.81842,0
1770112560000,1.6017,1.6033,1.6016,1.6032,107186.6,1770112619999,171746.08755,521,90454.6,144942.99360,0
1770112620000,1.6032,1.6038,1.6026,1.6026,249914.5,1770112679999,400716.49875,827,94881.6,152141.17622,0
1770112680000,1.6025,1.6038,1.6024,1.6026,313438.6,1770112739999,502457.08043,1001,222711.7,357029.73430,0
1770112740000,1.6025,1.6032,1.6021,1.6026,118999.8,1770112799999,190729.49229,657,79035.5,126679.44786,0
1770112800000,1.6027,1.6037,1.6023,1.6030,223741.1,1770112859999,358631.60299,989,94745.5,151867.40442,0
1770112860000,1.6029,1.6030,1.6005,1.6016,165259.2,1770112919999,264630.00310,984,65583.9,105012.43958,0
1770112920000,1.6015,1.6050,1.6012,1.6049,188393.0,1770112979999,301973.03318,890,156137.0,250277.56690,0
1770112980000,1.6050,1.6069,1.6044,1.6062,397004.1,1770113039999,637555.78824,1434,256405.5,411785.54299,0
1770113040000,1.6061,1.6073,1.6054,1.6055,244671.9,1770113099999,393081.32714,940,85634.5,137553.63420,0
1770113100000,1.6056,1.6063,1.6048,1.6061,206780.2,1770113159999,331943.53154,956,113645.4,182432.26091,0
1770113160000,1.6061,1.6061,1.6051,1.6057,92381.2,1770113219999,148319.67645,731,57201.9,91833.63564,0
1770113220000,1.6058,1.6070,1.6056,1.6059,183852.8,1770113279999,295315.58616,914,79906.8,128339.87338,0
1770113280000,1.6059,1.6062,1.6048,1.6050,230800.1,1770113339999,370535.39088,661,41161.3,66077.98140,0
1770113340000,1.6051,1.6070,1.6042,1.6070,146047.7,1770113399999,234471.39977,795,107720.2,172942.54538,0
1770113400000,1.6070,1.6070,1.6055,1.6060,116377.6,1770113459999,186926.30396,591,38920.3,62510.05334,0
1770113460000,1.6060,1.6062,1.6051,1.6053,107558.5,1770113519999,172694.89447,779,70459.9,113128.89392,0
1770113520000,1.6052,1.6059,1.6051,1.6053,88980.4,1770113579999,142861.53296,450,52124.2,83685.02020,0
1770113580000,1.6053,1.6061,1.6048,1.6057,102859.6,1770113639999,165130.85998,769,72686.8,116692.04225,0
1770113640000,1.6057,1.6058,1.6042,1.6048,708553.3,1770113699999,1137179.58925,1083,125760.9,201849.09164,0
1770113700000,1.6048,1.6052,1.6038,1.6038,451967.7,1770113759999,725129.98995,843,28820.5,46254.76201,0
1770113760000,1.6037,1.6048,1.6036,1.6037,354849.2,1770113819999,569223.53899,835,145095.3,232737.42421,0
1770113820000,1.6036,1.6038,1.6031,1.6035,205137.9,1770113879999,328921.32432,772,107606.4,172531.76888,0
1770113880000,1.6035,1.6038,1.6018,1.6021,133328.1,1770113939999,213701.65340,672,16448.5,26368.27433,0
1770113940000,1.6020,1.6020,1.6000,1.6008,492001.3,1770113999999,787554.84345,1115,66206.2,105986.59454,0
1770114000000,1.6008,1.6012,1.5995,1.6002,582690.5,1770114059999,932439.58133,1071,110261.2,176457.45492,0
1770114060000,1.6003,1.6020,1.6003,1.6006,190669.9,1770114119999,305300.33817,739,85033.3,136152.04741,0
1770114120000,1.6006,1.6019,1.6005,1.6019,92903.2,1770114179999,148741.16141,505,51088.8,81797.78715,0
1770114180000,1.6019,1.6034,1.6019,1.6030,162443.8,1770114239999,260354.73495,618,94854.5,152028.38628,0
1770114240000,1.6031,1.6031,1.6024,1.6027,62891.0,1770114299999,100797.50517,388,9650.5,15466.14639,0
1770114300000,1.6027,1.6029,1.6019,1.6022,155322.4,1770114359999,248892.95365,536,61268.6,98178.73251,0
1770114360000,1.6023,1.6029,1.6022,1.6028,73750.8,1770114419999,118202.04763,442,36632.9,58711.39184,0
1770114420000,1.6029,1.6031,1.6021,1.6025,148998.8,1770114479999,238801.94450,507,61699.3,98886.83683,0
1770114480000,1.6025,1.6034,1.6023,1.6033,78351.8,1770114539999,125568.79419,410,58959.7,94492.12717,0
1770114540000,1.6034,1.6035,1.6022,1.6022,163564.5,1770114599999,262200.43592,702,85861.5,137636.40237,0
1770114600000,1.6022,1.6023,1.6004,1.6006,196234.9,1770114659999,314164.97338,727,76980.4,123230.70046,0
1770114660000,1.6007,1.6012,1.6005,1.6008,109013.2,1770114719999,174513.27807,496,68952.2,110378.05742,0
1770114720000,1.6008,1.6011,1.6001,1.6002,203888.2,1770114779999,326349.52512,718,74111.7,118613.46692,0
1770114780000,1.6002,1.6003,1.5973,1.5986,522413.0,1770114839999,835086.18886,1438,197118.0,315090.51664,0
1770114840000,1.5987,1.5991,1.5978,1.5980,160504.9,1770114899999,256520.46273,745,65142.4,104104.39973,0
1770114900000,1.5980,1.5997,1.5974,1.5974,599932.5,1770114959999,958881.12424,1400,172349.0,275476.47714,0
1770114960000,1.5973,1.5988,1.5963,1.5987,622840.6,1770115019999,995007.76803,1443,412598.7,659157.08636,0
1770115020000,1.5987,1.5993,1.5974,1.5981,351740.2,1770115079999,562169.59815,978,100535.6,160700.86334,0
1770115080000,1.5982,1.5999,1.5977,1.5998,360230.6,1770115139999,575799.86322,920,173162.2,276810.63293,0
1770115140000,1.5998,1.6003,1.5992,1.5994,169365.1,1770115199999,270954.46929,786,61927.2,99075.71541,0
1770115200000,1.5994,1.5995,1.5987,1.5987,284390.8,1770115259999,454792.85240,826,123807.7,197991.53613,0
1770115260000,1.5988,1.5995,1.5988,1.5989,90679.1,1770115319999,144999.29407,483,59827.9,95666.48563,0
1770115320000,1.5990,1.5994,1.5979,1.5987,149580.2,1770115379999,239114.26327,613,54039.6,86386.63800,0
1770115380000,1.5988,1.5989,1.5976,1.5976,256887.9,1770115439999,410522.16060,754,63739.0,101862.85711,0
1770115440000,1.5976,1.5994,1.5976,1.5988,191390.5,1770115499999,305929.12308,696,125107.4,199973.36024,0
1770115500000,1.5989,1.5994,1.5984,1.5994,221542.4,1770115559999,354180.30366,542,172668.0,276045.69827,0
1770115560000,1.5994,1.6005,1.5992,1.6003,174885.9,1770115619999,279813.89056,634,82293.2,131660.99940,0
1770115620000,1.6004,1.6006,1.5997,1.6000,119256.4,1770115679999,190815.49496,513,65684.7,105102.84196,0
1770115680000,1.6000,1.6000,1.5988,1.5992,186943.1,1770115739999,298989.87930,709,49617.3,79354.17770,0
1770115740000,1.5992,1.5997,1.5977,1.5992,287689.3,1770115799999,459822.82297,943,159249.8,254532.74439,0
1770115800000,1.5992,1.6001,1.5981,1.5981,186431.5,1770115859999,298195.24246,813,60361.5,96558.31998,0
1770115860000,1.5981,1.5982,1.5967,1.5969,365618.4,1770115919999,584066.79840,1167,207719.5,331845.58503,0
1770115920000,1.5969,1.5971,1.5964,1.5964,116472.0,1770115979999,185961.15019,592,37907.7,60525.83364,0
1770115980000,1.5964,1.5971,1.5964,1.5968,95464.8,1770116039999,152441.41876,605,52490.7,83816.54902,0
1770116040000,1.5967,1.5980,1.5967,1.5976,336615.9,1770116099999,537755.34089,846,169077.5,270083.11542,0
1770116100000,1.5976,1.5978,1.5971,1.5973,125424.3,1770116159999,200346.16310,548,83627.7,133581.74559,0
1770116160000,1.5972,1.5982,1.5972,1.5976,212528.3,1770116219999,339568.08029,548,176669.2,282276.42478,0
1770116220000,1.5975,1.5982,1.5974,1.5982,112118.3,1770116279999,179131.52099,442,48835.3,78027.47223,0
1770116280000,1.5981,1.5984,1.5980,1.5982,232223.6,1770116339999,371144.15173,458,155705.3,248847.58979,0
1770116340000,1.5983,1.5996,1.5982,1.5989,294991.5,1770116399999,471748.45493,664,240927.7,385310.22991,0
1770116400000,1.5989,1.5995,1.5985,1.5991,157163.0,1770116459999,251319.45395,759,94564.7,151216.86569,0
1770116460000,1.5991,1.6004,1.5991,1.6000,173731.9,1770116519999,277949.53176,755,117186.7,187471.52209,0
1770116520000,1.6000,1.6003,1.5995,1.5995,150273.4,1770116579999,240427.03679,708,44411.9,71059.10385,0
1770116580000,1.5995,1.6005,1.5990,1.5997,444449.3,1770116639999,711072.05575,1162,340402.3,544622.49604,0
1770116640000,1.5997,1.6009,1.5988,1.6009,166566.5,1770116699999,266421.46629,775,71852.6,114939.85690,0
1770116700000,1.6009,1.6033,1.6009,1.6026,465444.9,1770116759999,745932.61070,1239,184603.7,295827.79898,0
1770116760000,1.6026,1.6026,1.6009,1.6012,209807.1,1770116819999,336059.26720,630,56369.7,90285.74858,0
1770116820000,1.6012,1.6016,1.6000,1.6000,118988.8,1770116879999,190497.50476,607,34819.8,55756.07623,0
1770116880000,1.6001,1.6011,1.5993,1.6009,105717.5,1770116939999,169170.51790,633,54380.1,87018.24381,0
1770116940000,1.6009,1.6016,1.6006,1.6011,139187.7,1770116999999,222857.27306,708,52310.7,83757.70823,0
1770117000000,1.6011,1.6017,1.6011,1.6012,61234.3,1770117059999,98058.84014,445,39075.4,62574.22777,0
1770117060000,1.6012,1.6019,1.6003,1.6005,320525.1,1770117119999,513170.82273,1009,143168.4,229221.21852,0
1770117120000,1.6004,1.6015,1.5997,1.5999,214654.1,1770117179999,343513.01078,630,93634.2,149817.94730,0
1770117180000,1.6000,1.6008,1.5999,1.6008,125247.7,1770117239999,200437.56149,486,66778.3,106867.09336,0
1770117240000,1.6008,1.6010,1.6000,1.6003,133056.8,1770117299999,212976.45256,402,47245.2,75607.66028,0
1770117300000,1.6003,1.6004,1.5989,1.5996,208433.4,1770117359999,333418.50771,736,96961.7,155105.49959,0
1770117360000,1.5995,1.6006,1.5992,1.6001,238497.2,1770117419999,381552.58922,834,122107.8,195362.27726,0
1770117420000,1.6001,1.6024,1.6001,1.6017,297684.1,1770117479999,476790.98048,775,215627.5,345362.10415,0
1770117480000,1.6018,1.6019,1.6000,1.6001,264550.8,1770117539999,423529.26433,827,132524.0,212134.92570,0
1770117540000,1.6001,1.6013,1.5995,1.5995,148690.5,1770117599999,238004.67700,701,30149.3,48263.09359,0
1770117600000,1.5996,1.6006,1.5996,1.6006,53728.9,1770117659999,85969.40387,472,35977.9,57568.23243,0
1770117660000,1.6005,1.6011,1.6001,1.6001,172427.9,1770117719999,276014.53359,687,93806.3,150164.74541,0
1770117720000,1.6001,1.6009,1.6001,1.6003,206989.0,1770117779999,331288.24581,635,52056.1,83316.33519,0
1770117780000,1.6003,1.6015,1.6000,1.6002,192153.7,1770117839999,307621.01592,821,68828.1,110167.70200,0
1770117840000,1.6002,1.6013,1.5997,1.6003,97382.6,1770117899999,155867.39641,667,55252.5,88438.02356,0
1770117900000,1.6003,1.6011,1.5993,1.5997,301172.2,1770117959999,481981.08322,958,79205.3,126749.01321,0
1770117960000,1.5996,1.5999,1.5983,1.5986,261418.9,1770118019999,418009.37134,932,123805.0,197959.41364,0
1770118020000,1.5986,1.5992,1.5979,1.5980,204377.3,1770118079999,326700.68891,760,56881.6,90931.08722,0
1770118080000,1.5981,1.5991,1.5981,1.5983,122299.5,1770118139999,195503.87827,598,33533.0,53605.09219,0
1770118140000,1.5983,1.5986,1.5982,1.5984,143760.8,1770118199999,229785.84940,534,54321.5,86826.86592,0
1770118200000,1.5983,1.5989,1.5982,1.5982,113799.2,1770118259999,181904.33358,485,67484.6,107870.62692,0
1770118260000,1.5983,1.5984,1.5973,1.5973,250351.1,1770118319999,400001.89897,814,61419.6,98144.21765,0
1770118320000,1.5973,1.5990,1.5968,1.5988,269162.1,1770118379999,429964.53912,943,152745.1,244015.67015,0
1770118380000,1.5989,1.6036,1.5989,1.6025,335649.7,1770118439999,537660.47891,1332,202588.2,324457.53062,0
1770118440000,1.6025,1.6025,1.6004,1.6022,197004.8,1770118499999,315488.35051,1030,80575.4,129025.81361,0
1770118500000,1.6022,1.6053,1.6022,1.6037,1321202.0,1770118559999,2119620.44312,2218,1014096.7,1626920.75365,0
1770118560000,1.6037,1.6045,1.6028,1.6043,376391.3,1770118619999,603641.93206,1021,132641.1,212700.45762,0
1770118620000,1.6042,1.6049,1.6039,1.6042,212931.6,1770118679999,341604.81308,683,91215.7,146334.01268,0
1770118680000,1.6042,1.6046,1.6040,1.6041,118562.7,1770118739999,190213.84634,459,33840.7,54291.60614,0
1770118740000,1.6042,1.6042,1.6011,1.6011,339863.4,1770118799999,544879.22610,900,77950.7,124971.36109,0
1770118800000,1.6012,1.6046,1.6012,1.6036,1088960.9,1770118859999,1746136.93021,1803,638317.2,1023432.68227,0
1770118860000,1.6035,1.6038,1.6027,1.6037,273762.7,1770118919999,438913.03772,871,144854.1,232232.12012,0
1770118920000,1.6037,1.6042,1.6031,1.6032,192868.1,1770118979999,309268.05335,746,47885.3,76785.08575,0
1770118980000,1.6032,1.6043,1.6031,1.6039,162199.9,1770119039999,260116.59708,557,105430.8,169070.43811,0
1770119040000,1.6039,1.6039,1.6032,1.6034,142726.0,1770119099999,228858.58948,579,39563.1,63435.40440,0
1770119100000,1.6034,1.6044,1.6032,1.6044,119820.2,1770119159999,192160.90441,525,91429.4,146635.27554,0
1770119160000,1.6044,1.6068,1.6043,1.6053,618250.3,1770119219999,992745.33556,1671,340240.9,546300.49903,0
1770119220000,1.6052,1.6053,1.6038,1.6043,295205.3,1770119279999,473620.31486,864,125383.1,201150.42226,0
1770119280000,1.6043,1.6059,1.6037,1.6055,850041.8,1770119339999,1364305.26314,1412,437105.4,701580.48986,0
1770119340000,1.6055,1.6057,1.6041,1.6042,250114.1,1770119399999,401449.65423,690,155423.3,249465.77980,0
1770119400000,1.6042,1.6045,1.6036,1.6041,220844.4,1770119459999,354244.46522,791,91163.3,146233.21910,0
1770119460000,1.6041,1.6052,1.6041,1.6048,186970.6,1770119519999,300006.50380,701,115607.1,185488.99251,0
1770119520000,1.6048,1.6051,1.6044,1.6045,179789.5,1770119579999,288497.56761,441,122198.0,196076.77499,0
1770119580000,1.6045,1.6048,1.6035,1.6035,334114.3,1770119639999,535916.42561,848,37503.9,60160.26261,0
1770119640000,1.6036,1.6046,1.6035,1.6046,67350.4,1770119699999,108026.79185,517,45128.2,72387.36516,0
1770119700000,1.6047,1.6065,1.6047,1.6055,128284.9,1770119759999,205974.86620,818,67990.9,109159.91330,0
1770119760000,1.6055,1.6061,1.6055,1.6056,84164.3,1770119819999,135149.59870,573,37900.9,60858.97179,0
1770119820000,1.6056,1.6057,1.6044,1.6045,102461.6,1770119879999,164456.10300,536,23871.8,38307.13275,0
1770119880000,1.6045,1.6046,1.6022,1.6027,218804.6,1770119939999,350778.99960,989,52014.1,83368.57515,0
1770119940000,1.6028,1.6030,1.6018,1.6021,573606.1,1770119999999,919093.81350,1072,248792.8,398697.12935,0
1770120000000,1.6022,1.6024,1.6010,1.6016,418601.4,1770120059999,670479.02553,1489,240407.2,385050.80478,0
1770120060000,1.6016,1.6017,1.6006,1.6007,144803.7,1770120119999,231863.13173,1173,60125.9,96274.32901,0
1770120120000,1.6007,1.6007,1.5977,1.5980,409126.6,1770120179999,654251.31533,1297,123887.4,198018.06383,0
1770120180000,1.5980,1.5988,1.5974,1.5979,634287.3,1770120239999,1013562.02562,1793,283039.7,452303.33877,0
1770120240000,1.5978,1.5989,1.5976,1.5989,161527.5,1770120299999,258171.36457,1007,117385.7,187624.39849,0
1770120300000,1.5989,1.5998,1.5983,1.5985,194021.6,1770120359999,310282.25303,894,73414.9,117401.47623,0
1770120360000,1.5986,1.6001,1.5986,1.5996,263997.8,1770120419999,422186.02375,1002,196144.3,313669.91739,0
1770120420000,1.5996,1.6006,1.5996,1.6005,199486.0,1770120479999,319200.07376,782,117646.0,188264.97958,0
1770120480000,1.6006,1.6017,1.6006,1.6014,275780.5,1770120539999,441596.23897,869,153515.9,245804.25437,0
1770120540000,1.6015,1.6024,1.6012,1.6022,220468.4,1770120599999,353189.19950,901,139566.0,223573.18928,0
1770120600000,1.6021,1.6024,1.6012,1.6013,189302.8,1770120659999,303226.82220,879,65937.8,105622.09356,0
1770120660000,1.6013,1.6022,1.6012,1.6020,74328.8,1770120719999,119062.66296,594,45775.3,73323.23400,0
1770120720000,1.6021,1.6060,1.6020,1.6060,434121.0,1770120779999,696432.40390,1467,400448.9,642447.26234,0
1770120780000,1.6060,1.6079,1.6036,1.6036,1221562.2,1770120839999,1962486.15943,2610,525660.1,844582.25420,0
1770120840000,1.6037,1.6052,1.6031,1.6047,465034.1,1770120899999,746055.67978,980,213885.7,343135.76976,0
1770120900000,1.6048,1.6048,1.6022,1.6033,358669.1,1770120959999,574961.40773,860,85562.8,137188.18146,0
1770120960000,1.6032,1.6033,1.6023,1.6027,87654.9,1770121019999,140491.18573,635,51836.2,83080.24679,0
1770121020000,1.6027,1.6028,1.6016,1.6019,129848.4,1770121079999,208034.23506,757,82862.4,132750.79158,0
1770121080000,1.6020,1.6032,1.6016,1.6023,184133.3,1770121139999,295109.73491,862,104281.5,167122.31530,0
1770121140000,1.6023,1.6024,1.6003,1.6017,492629.8,1770121199999,788846.57847,1367,254065.4,406848.79582,0
1770121200000,1.6016,1.6021,1.6011,1.6020,246070.1,1770121259999,394121.70673,893,131407.1,210471.21110,0
1770121260000,1.6021,1.6040,1.6021,1.6032,240019.8,1770121319999,384794.10667,989,182294.6,292245.42258,0
1770121320000,1.6032,1.6032,1.6022,1.6027,133013.3,1770121379999,213171.98534,608,82618.4,132405.26162,0
1770121380000,1.6026,1.6028,1.6014,1.6017,105943.3,1770121439999,169725.43682,589,48871.5,78282.66088,0
1770121440000,1.6018,1.6025,1.6017,1.6025,101165.8,1770121499999,162075.66268,444,63929.1,102423.49531,0
1770121500000,1.6025,1.6040,1.6025,1.6034,156629.4,1770121559999,251120.04836,918,96557.9,154807.39561,0
1770121560000,1.6034,1.6044,1.6034,1.6038,120067.4,1770121619999,192590.58960,693,53733.0,86184.15316,0
1770121620000,1.6038,1.6044,1.6037,1.6043,104057.1,1770121679999,166919.46872,563,64428.0,103349.51896,0
1770121680000,1.6042,1.6050,1.6042,1.6050,76463.2,1770121739999,122693.31326,572,46150.2,74055.94218,0
1770121740000,1.6050,1.6068,1.6050,1.6059,314954.3,1770121799999,505907.68772,1088,229126.8,368034.71997,0
1770121800000,1.6058,1.6066,1.6051,1.6054,135049.9,1770121859999,216862.14503,917,68823.6,110514.96831,0
1770121860000,1.6054,1.6060,1.6047,1.6048,151044.4,1770121919999,242474.24877,933,73308.7,117692.26236,0
1770121920000,1.6049,1.6055,1.6041,1.6054,206144.4,1770121979999,330834.32543,823,92116.5,147834.89435,0
1770121980000,1.6054,1.6061,1.6043,1.6045,306905.9,1770122039999,492807.96275,1001,85957.4,138014.88327,0
1770122040000,1.6045,1.6045,1.6024,1.6028,234087.4,1770122099999,375280.32149,930,74546.9,119490.39737,0
1770122100000,1.6028,1.6034,1.6025,1.6027,113641.2,1770122159999,182164.11095,599,37588.3,60250.94679,0
1770122160000,1.6027,1.6043,1.6022,1.6041,259065.1,1770122219999,415325.37614,1140,125889.9,201821.77236,0
1770122220000,1.6040,1.6054,1.6040,1.6053,108064.9,1770122279999,173421.91310,826,58658.4,94130.45252,0
1770122280000,1.6053,1.6064,1.6053,1.6061,170740.0,1770122339999,274189.33194,982,77097.7,123810.88594,0
1770122340000,1.6061,1.6065,1.6058,1.6065,133917.0,1770122399999,215081.98477,447,40116.9,64433.69433,0
1770122400000,1.6064,1.6082,1.6062,1.6076,310563.9,1770122459999,499138.21063,1179,137522.4,221033.13621,0
1770122460000,1.6076,1.6082,1.6069,1.6081,161131.3,1770122519999,259037.78992,830,97602.9,156908.41173,0
1770122520000,1.6080,1.6090,1.6079,1.6088,261230.7,1770122579999,420217.61092,858,130978.4,210690.52759,0
1770122580000,1.6088,1.6090,1.6067,1.6076,258870.8,1770122639999,416134.38406,998,63259.7,101698.06257,0
1770122640000,1.6075,1.6082,1.6062,1.6062,316483.0,1770122699999,508700.82558,1121,208814.3,335640.33029,0
1770122700000,1.6061,1.6064,1.6054,1.6063,197574.6,1770122759999,317281.25296,848,87795.7,140991.89043,0
1770122760000,1.6063,1.6094,1.6063,1.6090,266270.5,1770122819999,428240.05587,1271,174772.3,281046.89605,0
1770122820000,1.6089,1.6089,1.6075,1.6085,415098.4,1770122879999,667609.92862,1283,318975.7,513019.28071,0
1770122880000,1.6084,1.6092,1.6084,1.6085,177134.5,1770122939999,284972.72605,814,87365.9,140557.28328,0
1770122940000,1.6085,1.6088,1.6075,1.6085,193634.4,1770122999999,311386.11577,922,45568.7,73280.36227,0
1770123000000,1.6085,1.6086,1.6069,1.6075,254763.3,1770123059999,409550.11079,894,177482.5,285292.79360,0
1770123060000,1.6074,1.6075,1.6063,1.6069,484380.5,1770123119999,778363.43847,1162,367277.7,590180.19612,0
1770123120000,1.6069,1.6079,1.6058,1.6079,394932.4,1770123179999,634641.54247,1014,276521.7,444376.78626,0
1770123180000,1.6079,1.6079,1.6065,1.6069,136328.2,1770123239999,219095.06981,738,44015.9,70742.98803,0
1770123240000,1.6068,1.6087,1.6062,1.6087,173454.2,1770123299999,278799.19815,882,128869.4,207142.48954,0
1770123300000,1.6086,1.6099,1.6084,1.6097,647980.9,1770123359999,1042766.24810,1380,521631.0,839437.21652,0
1770123360000,1.6097,1.6100,1.6088,1.6094,379057.3,1770123419999,610024.80201,815,264078.1,424945.65322,0
1770123420000,1.6095,1.6096,1.6081,1.6087,491490.0,1770123479999,790739.51459,882,95273.1,153257.41598,0
1770123480000,1.6086,1.6092,1.6086,1.6090,213316.5,1770123539999,343225.70118,471,99753.1,160496.60771,0
1770123540000,1.6090,1.6091,1.6071,1.6076,388342.9,1770123599999,624538.58569,752,131332.3,211153.14124,0
1770123600000,1.6075,1.6075,1.6068,1.6070,166779.0,1770123659999,268020.55695,684,83125.8,133582.45357,0
1770123660000,1.6069,1.6070,1.6048,1.6052,249641.2,1770123719999,400793.42301,1095,78836.2,126555.38233,0
1770123720000,1.6052,1.6058,1.6049,1.6055,134655.9,1770123779999,216147.24299,610,57339.4,92047.43113,0
1770123780000,1.6055,1.6074,1.6050,1.6068,243642.5,1770123839999,391448.87821,879,138014.4,221742.56979,0
1770123840000,1.6069,1.6075,1.6066,1.6066,176265.6,1770123899999,283257.97244,720,103202.7,165840.33042,0
1770123900000,1.6066,1.6091,1.6066,1.6090,106661.9,1770123959999,171502.88514,699,93981.3,151115.39544,0
1770123960000,1.6090,1.6125,1.6090,1.6114,538318.4,1770124019999,867107.68167,2018,288063.9,464050.61610,0
1770124020000,1.6114,1.6128,1.6101,1.6122,396053.9,1770124079999,638269.68584,1196,270841.8,436467.03613,0
1770124080000,1.6122,1.6125,1.6108,1.6109,208637.8,1770124139999,336322.15110,846,107539.7,173351.36212,0
1770124140000,1.6109,1.6109,1.6093,1.6103,229084.1,1770124199999,368837.84012,777,118903.9,191429.49487,0
1770124200000,1.6103,1.6103,1.6092,1.6093,177136.4,1770124259999,285133.72848,690,83513.0,134428.06394,0
1770124260000,1.6092,1.6103,1.6078,1.6100,307613.5,1770124319999,494861.29831,904,176702.4,284234.87845,0
1770124320000,1.6101,1.6105,1.6092,1.6100,251319.9,1770124379999,404590.25225,761,105766.5,170253.62878,0
1770124380000,1.6100,1.6106,1.6091,1.6104,183926.6,1770124439999,296080.24039,755,43932.9,70720.82211,0
1770124440000,1.6104,1.6109,1.6097,1.6097,141869.3,1770124499999,228471.94052,711,99448.7,160159.35428,0
1770124500000,1.6098,1.6100,1.6080,1.6094,391040.1,1770124559999,629046.80002,922,61859.9,99538.77823,0
1770124560000,1.6095,1.6110,1.6095,1.6102,491828.4,1770124619999,792068.89833,1126,353521.3,569354.61556,0
1770124620000,1.6102,1.6102,1.6085,1.6092,159565.7,1770124679999,256793.51554,824,78287.9,125985.32902,0
1770124680000,1.6093,1.6095,1.6079,1.6080,127199.2,1770124739999,204618.19059,649,36538.8,58770.35306,0
1770124740000,1.6081,1.6085,1.6078,1.6080,149514.9,1770124799999,240432.90087,608,49517.2,79633.39848,0
1770124800000,1.6080,1.6082,1.6068,1.6069,151280.0,1770124859999,243166.61313,743,39771.6,63928.49617,0
1770124860000,1.6069,1.6070,1.6055,1.6055,208529.4,1770124919999,334974.86119,746,120403.9,193426.48598,0
1770124920000,1.6055,1.6059,1.6043,1.6046,212819.0,1770124979999,341593.41812,959,63664.3,102173.94171,0
1770124980000,1.6045,1.6061,1.6032,1.6059,489401.1,1770125039999,785154.09103,1588,254348.4,408110.64218,0
1770125040000,1.6059,1.6059,1.6042,1.6043,220274.4,1770125099999,353462.37622,569,154981.3,248673.42224,0
1770125100000,1.6043,1.6062,1.6043,1.6051,124836.8,1770125159999,200456.35141,683,45940.2,73759.12547,0
1770125160000,1.6051,1.6062,1.6051,1.6057,211230.2,1770125219999,339141.43323,728,79222.6,127199.20113,0
1770125220000,1.6058,1.6070,1.6057,1.6065,128172.7,1770125279999,205882.45250,632,80467.7,129253.44466,0
1770125280000,1.6064,1.6065,1.6062,1.6064,54349.8,1770125339999,87308.97637,282,35964.5,57775.22724,0
1770125340000,1.6063,1.6092,1.6063,1.6086,531883.1,1770125399999,855482.72470,1448,328697.7,528659.41409,0
1770125400000,1.6085,1.6091,1.6078,1.6078,175237.4,1770125459999,281859.77068,722,89390.7,143781.31950,0
1770125460000,1.6079,1.6079,1.6067,1.6071,112888.0,1770125519999,181446.32435,792,25066.5,40286.20107,0
1770125520000,1.6071,1.6071,1.6060,1.6064,89133.7,1770125579999,143187.21056,749,27457.2,44106.95695,0
1770125580000,1.6064,1.6067,1.6054,1.6066,185134.2,1770125639999,297329.59157,638,77756.9,124901.30483,0
1770125640000,1.6065,1.6076,1.6055,1.6074,102018.1,1770125699999,163881.05070,644,41285.2,66326.94551,0
1770125700000,1.6073,1.6074,1.6063,1.6064,86824.1,1770125759999,139513.61256,594,27838.5,44730.88686,0
1770125760000,1.6065,1.6070,1.6061,1.6065,173408.9,1770125819999,278595.77741,576,99417.3,159711.52761,0
1770125820000,1.6065,1.6098,1.6064,1.6097,342358.6,1770125879999,550768.53817,1212,229562.3,369291.01887,0
1770125880000,1.6097,1.6107,1.6082,1.6088,307457.9,1770125939999,494932.68387,1174,161804.9,260475.46194,0
1770125940000,1.6089,1.6100,1.6088,1.6094,149357.0,1770125999999,240379.51180,849,92853.2,149433.20783,0
1770126000000,1.6094,1.6100,1.6084,1.6086,92580.0,1770126059999,148969.94674,694,32514.3,52319.87205,0
1770126060000,1.6086,1.6087,1.6071,1.6077,148657.1,1770126119999,239009.63138,1058,73664.6,118432.18037,0
1770126120000,1.6077,1.6079,1.6070,1.6075,75024.6,1770126179999,120596.39170,574,34643.4,55686.99497,0
1770126180000,1.6075,1.6076,1.6070,1.6073,138537.2,1770126239999,222656.67880,622,65159.6,104726.46750,0
1770126240000,1.6072,1.6078,1.6070,1.6071,71374.7,1770126299999,114730.67899,453,26320.1,42305.70203,0
1770126300000,1.6071,1.6073,1.6063,1.6071,122012.8,1770126359999,196052.06878,658,52155.7,83800.07436,0
1770126360000,1.6072,1.6085,1.6071,1.6083,94572.4,1770126419999,152052.13520,866,50172.4,80664.50106,0
1770126420000,1.6082,1.6095,1.6080,1.6086,103142.0,1770126479999,165955.33736,598,28862.4,46434.81520,0
1770126480000,1.6086,1.6090,1.6081,1.6086,112824.0,1770126539999,181485.62527,516,45036.3,72448.82793,0
1770126540000,1.6087,1.6091,1.6087,1.6090,40589.8,1770126599999,65305.95546,356,23218.7,37356.81312,0
1770126600000,1.6090,1.6095,1.6076,1.6078,86530.0,1770126659999,139197.46143,718,28003.1,45051.47531,0
1770126660000,1.6079,1.6080,1.6053,1.6060,269845.8,1770126719999,433426.41369,1199,108650.3,174484.39638,0
1770126720000,1.6060,1.6067,1.6056,1.6062,89936.7,1770126779999,144447.44204,613,58712.4,94298.16781,0
1770126780000,1.6063,1.6070,1.6061,1.6069,164850.4,1770126839999,264853.88402,597,52970.2,85093.01984,0
1770126840000,1.6069,1.6080,1.6069,1.6074,134620.4,1770126899999,216385.85306,746,73909.6,118796.84620,0
1770126900000,1.6074,1.6094,1.6074,1.6092,94695.3,1770126959999,152327.87749,723,56910.3,91540.80413,0
1770126960000,1.6092,1.6096,1.6092,1.6095,65672.9,1770127019999,105697.18617,488,17064.5,27464.57957,0
1770127020000,1.6095,1.6120,1.6092,1.6119,198425.4,1770127079999,319623.87325,844,104783.3,168790.04365,0
1770127080000,1.6118,1.6155,1.6111,1.6129,959379.9,1770127139999,1547905.42577,2878,472017.8,761561.24139,0
1770127140000,1.6129,1.6136,1.6111,1.6118,416098.4,1770127199999,670903.44574,1312,173660.0,279993.12236,0
1770127200000,1.6118,1.6118,1.6105,1.6109,198691.1,1770127259999,320094.48915,946,108881.7,175403.22818,0
1770127260000,1.6108,1.6135,1.6107,1.6135,310968.6,1770127319999,501234.55147,1342,190214.6,306665.72028,0
1770127320000,1.6136,1.6160,1.6121,1.6151,547406.8,1770127379999,883854.03112,1845,335138.6,541155.49911,0
1770127380000,1.6151,1.6151,1.6131,1.6140,316225.0,1770127439999,510424.72858,1386,124007.8,200127.10461,0
1770127440000,1.6140,1.6145,1.6124,1.6128,233184.0,1770127499999,376313.88968,945,69026.8,111380.25782,0
1770127500000,1.6127,1.6129,1.6117,1.6128,194934.6,1770127559999,314293.69911,1025,85659.8,138108.77041,0
1770127560000,1.6129,1.6133,1.6120,1.6129,185864.8,1770127619999,299733.11308,1020,65845.6,106182.17736,0
1770127620000,1.6128,1.6139,1.6126,1.6138,308627.7,1770127679999,497875.99889,899,202012.9,325874.79924,0
1770127680000,1.6137,1.6142,1.6126,1.6141,157613.9,1770127739999,254287.29043,738,61356.4,98985.22361,0
1770127740000,1.6141,1.6142,1.6123,1.6123,172359.6,1770127799999,278029.65170,668,78279.6,126258.80943,0
1770127800000,1.6124,1.6133,1.6110,1.6113,246354.7,1770127859999,397057.00186,1023,86840.8,139987.49267,0
1770127860000,1.6113,1.6116,1.6108,1.6109,112587.7,1770127919999,181385.33256,599,66982.0,107912.06376,0
1770127920000,1.6110,1.6117,1.6107,1.6109,315573.1,1770127979999,508454.85235,947,183828.9,296187.39692,0
1770127980000,1.6109,1.6113,1.6106,1.6111,189568.7,1770128039999,305378.79249,698,89952.8,144901.63694,0
1770128040000,1.6111,1.6129,1.6110,1.6122,194287.0,1770128099999,313185.90526,863,105368.8,169858.44306,0
1770128100000,1.6123,1.6142,1.6119,1.6126,422715.3,1770128159999,681963.51671,1198,246471.6,397628.93629,0
1770128160000,1.6126,1.6136,1.6118,1.6121,224981.6,1770128219999,362782.05194,1172,81064.1,130701.08644,0
1770128220000,1.6121,1.6123,1.6065,1.6068,882518.8,1770128279999,1419733.96032,2567,271222.9,436232.50519,0
1770128280000,1.6068,1.6087,1.6068,1.6071,397416.2,1770128339999,638906.27553,1398,216112.4,347403.70458,0
1770128340000,1.6072,1.6080,1.6066,1.6079,340405.4,1770128399999,547096.80778,1110,110835.4,178149.38939,0
1770128400000,1.6080,1.6095,1.6079,1.6083,315979.6,1770128459999,508323.89199,1097,130786.3,210387.03098,0
1770128460000,1.6084,1.6091,1.6077,1.6086,235289.1,1770128519999,378424.25065,1008,63112.0,101502.43829,0
1770128520000,1.6086,1.6099,1.6086,1.6089,116255.0,1770128579999,187108.01725,753,31149.9,50127.64288,0
1770128580000,1.6089,1.6090,1.6078,1.6086,450644.9,1770128639999,724838.40803,1131,252722.2,406482.19373,0
1770128640000,1.6087,1.6090,1.6084,1.6089,81829.0,1770128699999,131641.13327,393,48555.6,78116.25164,0
1770128700000,1.6089,1.6142,1.6089,1.6136,418484.0,1770128759999,674652.04661,1765,217018.1,349847.16121,0
1770128760000,1.6136,1.6153,1.6115,1.6117,576874.6,1770128819999,930848.77457,1886,253134.0,408500.66175,0
1770128820000,1.6116,1.6137,1.6104,1.6136,307590.6,1770128879999,495711.27723,1201,136764.2,220459.92304,0
1770128880000,1.6136,1.6140,1.6117,1.6129,309415.4,1770128939999,499021.43350,1172,163600.6,263848.59292,0
1770128940000,1.6129,1.6141,1.6124,1.6137,268159.3,1770128999999,432641.24841,933,117244.1,189135.34178,0
1770129000000,1.6136,1.6143,1.6114,1.6127,470845.0,1770129059999,759330.67804,2734,166490.3,268485.43083,0
1770129060000,1.6126,1.6138,1.6083,1.6092,950611.8,1770129119999,1531496.21770,3667,416111.9,670288.08261,0
1770129120000,1.6091,1.6095,1.6053,1.6069,1330881.8,1770129179999,2139049.57820,4032,618246.8,993580.50000,0
1770129180000,1.6070,1.6079,1.6033,1.6034,806316.5,1770129239999,1294600.16174,3335,313715.9,503715.46085,0
1770129240000,1.6034,1.6065,1.6024,1.6062,937127.5,1770129299999,1503299.36514,3331,358334.8,574856.12687,0
1770129300000,1.6061,1.6097,1.6011,1.6081,1667704.6,1770129359999,2678057.43333,5040,771075.0,1238158.06786,0
1770129360000,1.6082,1.6085,1.6007,1.6030,1236658.2,1770129419999,1983711.35793,3561,550160.4,882377.15877,0
1770129420000,1.6031,1.6033,1.5996,1.6005,1401184.2,1770129479999,2243446.80135,4179,568134.2,909761.85339,0
1770129480000,1.6005,1.6028,1.5993,1.6011,960952.3,1770129539999,1538219.17251,3340,424794.4,680034.06147,0
1770129540000,1.6011,1.6022,1.5976,1.5985,1566642.7,1770129599999,2505316.30815,3954,556494.3,889952.59687,0
1770129600000,1.5986,1.6065,1.5985,1.6045,1683932.5,1770129659999,2699372.34188,5058,963505.6,1544495.92262,0
1770129660000,1.6045,1.6053,1.5988,1.5988,1089038.1,1770129719999,1744558.16345,3867,557922.4,893637.45898,0
1770129720000,1.5989,1.5995,1.5965,1.5979,2217778.9,1770129779999,3543570.81700,4281,615337.3,983236.75593,0
1770129780000,1.5978,1.5982,1.5925,1.5968,3098587.0,1770129839999,4941193.77815,4932,1237541.2,1973533.02541,0
1770129840000,1.5967,1.5989,1.5951,1.5983,637294.2,1770129899999,1017742.36671,2053,387751.0,619280.00618,0
1770129900000,1.5983,1.5989,1.5942,1.5951,1021275.2,1770129959999,1630044.96416,3519,409708.6,653823.03981,0
1770129960000,1.5950,1.6026,1.5947,1.6013,1283301.2,1770130019999,2052482.65182,4207,750967.5,1201001.58634,0
1770130020000,1.6012,1.6042,1.6002,1.6040,1579659.3,1770130079999,2531303.79478,3814,1058353.0,1695994.70283,0
1770130080000,1.6039,1.6048,1.5988,1.5991,981805.9,1770130139999,1573750.06438,3238,389197.5,623885.02196,0
1770130140000,1.5992,1.6009,1.5980,1.5997,634490.0,1770130199999,1014914.42363,2973,449790.2,719463.18160,0
1770130200000,1.5996,1.5996,1.5943,1.5948,939838.7,1770130259999,1500190.44190,3087,487494.5,778228.37823,0
1770130260000,1.5948,1.5949,1.5921,1.5921,944551.7,1770130319999,1504622.16373,2856,504407.5,803451.21093,0
1770130320000,1.5922,1.5932,1.5908,1.5928,1641506.1,1770130379999,2612937.89287,3873,574196.6,914149.84122,0
1770130380000,1.5929,1.5934,1.5899,1.5911,1253917.8,1770130439999,1995162.08728,2630,557638.0,887457.13736,0
1770130440000,1.5911,1.5917,1.5851,1.5889,3767901.9,1770130499999,5983480.39577,6230,1294793.6,2056146.64918,0
1770130500000,1.5889,1.5896,1.5852,1.5866,1996523.0,1770130559999,3169214.81445,4298,847777.4,1345939.85530,0
1770130560000,1.5866,1.5877,1.5845,1.5851,1388794.4,1770130619999,2201950.08026,3327,626872.1,994003.30202,0
1770130620000,1.5851,1.5868,1.5826,1.5838,1648708.7,1770130679999,2612656.04257,4190,802860.0,1272493.43115,0
1770130680000,1.5839,1.5860,1.5835,1.5857,911509.7,1770130739999,1444382.36200,2937,517639.9,820266.94845,0
1770130740000,1.5856,1.5865,1.5817,1.5823,2655853.8,1770130799999,4205981.69205,3799,660453.0,1046281.79127,0
1770130800000,1.5823,1.5853,1.5803,1.5834,2528775.0,1770130859999,4003192.77657,5009,1415187.0,2240542.49166,0
1770130860000,1.5834,1.5838,1.5793,1.5809,1985195.4,1770130919999,3138647.74239,4563,902654.2,1427263.79685,0
1770130920000,1.5809,1.5839,1.5793,1.5793,1237882.2,1770130979999,1957011.90104,3560,706157.0,1116407.85873,0
1770130980000,1.5794,1.5886,1.5794,1.5874,2941495.0,1770131039999,4663701.15682,5736,2025877.3,3212063.38087,0
1770131040000,1.5875,1.5925,1.5875,1.5877,3135095.7,1770131099999,4986620.54834,5666,2333180.6,3711739.85074,0
1770131100000,1.5877,1.5928,1.5874,1.5891,1390391.1,1770131159999,2212007.78697,4199,816200.2,1298515.09600,0
1770131160000,1.5891,1.5908,1.5870,1.5881,786900.5,1770131219999,1250267.73180,2920,469294.0,745819.89953,0
1770131220000,1.5880,1.5880,1.5851,1.5867,1219274.7,1770131279999,1934036.16794,2644,545064.3,864691.40854,0
1770131280000,1.5867,1.5918,1.5864,1.5906,948781.0,1770131339999,1507557.19613,3050,560160.4,890005.13317,0
1770131340000,1.5907,1.5950,1.5905,1.5939,1038512.3,1770131399999,1654545.54491,3323,525177.0,836685.05949,0
1770131400000,1.5939,1.5949,1.5887,1.5890,873541.9,1770131459999,1391044.77292,2974,430205.4,685021.73525,0
1770131460000,1.5890,1.5891,1.5867,1.5871,582747.0,1770131519999,925281.35230,2130,205878.6,326920.47869,0
1770131520000,1.5870,1.5870,1.5841,1.5863,841800.7,1770131579999,1335018.87410,2493,363874.5,577117.13957,0
1770131580000,1.5863,1.5870,1.5819,1.5826,855107.1,1770131639999,1354536.58415,2828,408071.6,646463.69824,0
1770131640000,1.5826,1.5826,1.5795,1.5804,3083035.7,1770131699999,4873738.02227,3990,624774.4,987469.67411,0
1770131700000,1.5804,1.5820,1.5781,1.5817,1386179.6,1770131759999,2189760.66588,3472,826791.7,1306239.61800,0
1770131760000,1.5816,1.5851,1.5800,1.5828,1335417.3,1770131819999,2112594.16535,3772,827232.3,1308863.78558,0
1770131820000,1.5828,1.5873,1.5827,1.5861,1786406.5,1770131879999,2831613.88800,3629,1313886.9,2082705.72486,0
1770131880000,1.5860,1.5891,1.5845,1.5852,629165.9,1770131939999,998650.86928,2871,367631.0,583593.10562,0
1770131940000,1.5851,1.5859,1.5828,1.5833,655203.1,1770131999999,1038228.83053,2408,332599.6,527021.39934,0
1770132000000,1.5832,1.5890,1.5824,1.5879,1562739.1,1770132059999,2479923.05429,3929,1035348.0,1643251.29186,0
1770132060000,1.5879,1.5950,1.5878,1.5884,6398442.6,1770132119999,10190794.39507,6985,3733087.0,5946493.06917,0
1770132120000,1.5883,1.5891,1.5867,1.5881,611961.2,1770132179999,971695.10604,2717,289724.8,460076.63866,0
1770132180000,1.5880,1.5918,1.5880,1.5900,695088.7,1770132239999,1105076.07853,2870,264278.9,420151.39057,0
1770132240000,1.5899,1.5905,1.5844,1.5849,497588.3,1770132299999,789986.18564,2410,218337.6,346603.04686,0
1770132300000,1.5849,1.5856,1.5826,1.5850,732460.7,1770132359999,1160137.43065,2997,418104.6,662154.71619,0
1770132360000,1.5851,1.6122,1.5851,1.6116,11524137.4,1770132419999,18479163.70842,13562,7710951.5,12361446.82032,0
1770132420000,1.6116,1.6124,1.6038,1.6039,6489999.4,1770132479999,10438452.57204,8224,2558785.9,4117058.97926,0
1770132480000,1.6040,1.6070,1.6032,1.6068,1408154.5,1770132539999,2260125.08093,4533,809797.4,1299851.47928,0
1770132540000,1.6068,1.6075,1.6034,1.6039,1145228.1,1770132599999,1837861.14270,3134,536992.9,861632.05643,0
1770132600000,1.6038,1.6065,1.6005,1.6016,933214.2,1770132659999,1496423.37817,3345,428017.8,686421.99971,0
1770132660000,1.6016,1.6045,1.5974,1.5980,1634276.4,1770132719999,2617893.14173,3898,879714.8,1409736.22980,0
1770132720000,1.5981,1.6078,1.5958,1.6075,2033047.0,1770132779999,3251776.68151,4120,680697.0,1089711.99276,0
1770132780000,1.6075,1.6184,1.6054,1.6109,7570069.1,1770132839999,12214916.94770,9638,4206303.8,6791792.72716,0
1770132840000,1.6109,1.6111,1.6075,1.6083,1644053.3,1770132899999,2644950.36723,3949,746546.1,1201007.03643,0
1770132900000,1.6083,1.6088,1.6034,1.6038,2549872.2,1770132959999,4094244.16633,4522,453861.6,729029.63472,0
1770132960000,1.6038,1.6065,1.6022,1.6053,966737.7,1770133019999,1550939.48456,3399,369515.2,592777.69646,0
1770133020000,1.6052,1.6063,1.6022,1.6045,1161364.2,1770133079999,1862591.22980,3686,385997.1,619040.35806,0
1770133080000,1.6045,1.6078,1.6032,1.6069,3527851.4,1770133139999,5664768.64595,5023,2620764.0,4208201.27417,0
1770133140000,1.6068,1.6071,1.6011,1.6022,780848.1,1770133199999,1252081.73654,2879,289321.2,463714.46628,0
1770133200000,1.6023,1.6035,1.6005,1.6006,1428991.9,1770133259999,2288986.14057,3122,439097.1,703584.81254,0
1770133260000,1.6006,1.6006,1.5966,1.5973,1788708.9,1770133319999,2857855.08845,3305,616563.7,985110.49101,0
1770133320000,1.5972,1.5987,1.5969,1.5977,629524.0,1770133379999,1005829.59750,2284,267804.5,427895.82769,0
1770133380000,1.5978,1.5982,1.5955,1.5967,1489053.0,1770133439999,2377259.78587,2670,661613.9,1056250.96223,0
1770133440000,1.5967,1.5984,1.5964,1.5967,412510.9,1770133499999,658860.76704,1562,240540.6,384200.43951,0
1770133500000,1.5966,1.5975,1.5950,1.5975,1026154.5,1770133559999,1637523.86920,2256,451482.2,720550.48924,0
1770133560000,1.5975,1.5997,1.5962,1.5981,703980.8,1770133619999,1124868.31368,2215,406425.3,649485.66031,0
1770133620000,1.5981,1.6061,1.5981,1.6052,1485036.2,1770133679999,2379076.37750,3869,1012364.1,1621798.17224,0
1770133680000,1.6051,1.6117,1.6049,1.6111,1814298.0,1770133739999,2919984.44905,4140,772175.2,1242464.77785,0
1770133740000,1.6111,1.6127,1.6106,1.6123,862539.5,1770133799999,1390086.96908,2632,401611.8,647273.94057,0
1770133800000,1.6123,1.6168,1.6119,1.6154,2019655.3,1770133859999,3260987.76562,4570,1058270.7,1709000.39405,0
1770133860000,1.6154,1.6177,1.6137,1.6153,1762690.4,1770133919999,2849013.14140,4084,785146.1,1269077.14638,0
1770133920000,1.6153,1.6153,1.6106,1.6128,1240230.0,1770133979999,1999692.88322,3620,541141.7,872375.49456,0
1770133980000,1.6128,1.6152,1.6119,1.6151,749902.6,1770134039999,1210172.66708,2929,224216.3,361832.17661,0
1770134040000,1.6150,1.6167,1.6130,1.6137,1428446.5,1770134099999,2307010.00690,3326,520678.6,840803.04114,0
1770134100000,1.6137,1.6158,1.6128,1.6146,1139962.5,1770134159999,1839958.11441,2620,555390.2,896458.26081,0
1770134160000,1.6146,1.6155,1.6118,1.6124,1081159.7,1770134219999,1744925.41817,2289,455263.9,734694.67876,0
1770134220000,1.6123,1.6180,1.6122,1.6178,1343518.8,1770134279999,2170688.41143,2948,895273.2,1446538.23373,0
1770134280000,1.6179,1.6210,1.6178,1.6181,1487017.2,1770134339999,2408647.84593,3993,962488.0,1559234.34384,0
1770134340000,1.6182,1.6195,1.6166,1.6175,660412.4,1770134399999,1068363.41235,2622,238470.8,385781.51826,0
1770134400000,1.6175,1.6178,1.6153,1.6162,754749.2,1770134459999,1220126.59341,2813,343686.0,555626.79062,0
1770134460000,1.6163,1.6165,1.6138,1.6151,565144.5,1770134519999,912826.72938,2709,194764.4,314576.05215,0
1770134520000,1.6152,1.6168,1.6134,1.6140,512988.5,1770134579999,828636.98372,2886,231661.7,374215.72693,0
1770134580000,1.6141,1.6154,1.6120,1.6141,528820.0,1770134639999,853459.37385,2705,257242.5,415149.75986,0
1770134640000,1.6142,1.6157,1.6110,1.6115,565358.5,1770134699999,912285.15161,2476,202447.3,326646.93915,0
1770134700000,1.6116,1.6149,1.6111,1.6145,460438.4,1770134759999,742556.34536,2589,250561.0,404098.82067,0
1770134760000,1.6145,1.6145,1.6073,1.6073,1191407.3,1770134819999,1917786.75645,3948,328565.5,528978.99577,0
1770134820000,1.6073,1.6098,1.6072,1.6093,557544.9,1770134879999,896706.47146,2232,402823.0,647859.40579,0
1770134880000,1.6093,1.6106,1.6072,1.6102,542096.4,1770134939999,872248.59404,2172,267101.8,429825.49399,0
1770134940000,1.6103,1.6110,1.6058,1.6069,701598.2,1770134999999,1128462.91224,2654,248329.7,399276.47862,0
1770135000000,1.6068,1.6071,1.6017,1.6027,1309151.2,1770135059999,2098992.37472,3333,468304.9,750821.35115,0
1770135060000,1.6027,1.6044,1.6022,1.6028,801375.6,1770135119999,1284865.67549,2150,344752.9,552756.62827,0
1770135120000,1.6028,1.6033,1.6009,1.6018,645414.7,1770135179999,1034040.02708,2153,243430.2,390014.69330,0
1770135180000,1.6018,1.6034,1.6002,1.6034,643983.6,1770135239999,1031616.71981,2553,334094.6,535214.49767,0
1770135240000,1.6034,1.6039,1.6011,1.6018,833247.7,1770135299999,1335002.15534,1867,272130.5,435953.77295,0
1770135300000,1.6018,1.6021,1.6008,1.6016,637189.3,1770135359999,1020366.79453,1643,253307.9,405654.07254,0
1770135360000,1.6017,1.6024,1.5981,1.5981,2911902.9,1770135419999,4660745.07845,2695,486482.2,778384.44993,0
1770135420000,1.5982,1.5999,1.5955,1.5962,2816193.1,1770135479999,4499107.14055,4301,1298709.6,2074658.64307,0
1770135480000,1.5962,1.5977,1.5954,1.5972,908617.7,1770135539999,1450446.75346,2473,316960.5,506028.12402,0
1770135540000,1.5971,1.6016,1.5971,1.5996,756660.5,1770135599999,1210483.68423,2057,501741.9,802626.91564,0
1770135600000,1.5995,1.5995,1.5977,1.5982,642330.9,1770135659999,1026787.55404,1861,311626.6,498157.75207,0
1770135660000,1.5982,1.5996,1.5980,1.5983,348578.9,1770135719999,557237.44412,1217,152030.0,243022.58015,0
1770135720000,1.5983,1.5993,1.5950,1.5952,617038.0,1770135779999,985409.53510,2257,292438.1,467077.07692,0
1770135780000,1.5952,1.5959,1.5932,1.5933,873471.9,1770135839999,1392527.55744,2878,341904.4,545054.36465,0
1770135840000,1.5933,1.5939,1.5901,1.5901,1379905.7,1770135899999,2196777.02188,3540,434129.2,691198.42694,0
1770135900000,1.5902,1.5935,1.5870,1.5932,2003847.8,1770135959999,3185090.56978,4265,691892.7,1099876.69261,0
1770135960000,1.5932,1.5940,1.5906,1.5930,988403.4,1770136019999,1573887.51006,2908,396077.9,630669.62466,0
1770136020000,1.5930,1.5946,1.5915,1.5931,669531.3,1770136079999,1066376.61541,2237,235859.7,375723.97057,0
1770136080000,1.5932,1.5940,1.5900,1.5903,443382.8,1770136139999,705808.74504,1977,244101.7,388572.24382,0
1770136140000,1.5902,1.5905,1.5868,1.5870,1198552.2,1770136199999,1904506.13181,2803,361865.2,574913.03640,0
1770136200000,1.5870,1.5900,1.5840,1.5858,2105531.3,1770136259999,3340913.44727,4331,781837.7,1240887.51869,0
1770136260000,1.5858,1.5877,1.5848,1.5859,817150.7,1770136319999,1295997.79099,2869,326371.8,517614.88655,0
1770136320000,1.5858,1.5897,1.5856,1.5880,761925.0,1770136379999,1209759.66511,3091,347330.4,551444.22966,0
1770136380000,1.5880,1.5882,1.5813,1.5860,3190147.7,1770136439999,5051006.62282,5541,1150661.0,1822048.50507,0
1770136440000,1.5859,1.5903,1.5856,1.5869,1880795.7,1770136499999,2986507.32206,4522,697340.9,1107222.93904,0
1770136500000,1.5869,1.5891,1.5861,1.5866,1181473.5,1770136559999,1875875.98242,3421,406807.7,645873.53054,0
1770136560000,1.5866,1.5904,1.5859,1.5859,671122.4,1770136619999,1065663.75136,2730,419200.9,665681.71498,0
1770136620000,1.5860,1.5893,1.5855,1.5893,1195619.5,1770136679999,1898299.29743,2962,667914.4,1060312.90225,0
1770136680000,1.5894,1.5906,1.5874,1.5874,1017284.4,1770136739999,1616563.19220,2732,484898.0,770461.32884,0
1770136740000,1.5874,1.5878,1.5853,1.5868,854529.0,1770136799999,1356081.77777,2768,471724.7,748576.19335,0
1770136800000,1.5867,1.5903,1.5848,1.5898,1255745.6,1770136859999,1993315.66040,3835,489309.5,776672.12876,0
1770136860000,1.5897,1.5912,1.5873,1.5894,1172633.5,1770136919999,1864184.69084,3146,503002.1,799525.44982,0
1770136920000,1.5893,1.5904,1.5866,1.5866,537258.0,1770136979999,853439.33949,2686,289788.4,460325.44449,0
1770136980000,1.5865,1.5867,1.5848,1.5855,682020.7,1770137039999,1081551.78253,2563,278757.6,442031.23628,0
1770137040000,1.5856,1.5889,1.5856,1.5881,331207.9,1770137099999,525819.44242,1897,188015.2,298457.03787,0
1770137100000,1.5880,1.5880,1.5833,1.5844,1828499.2,1770137159999,2898626.89292,4152,987298.1,1564902.06276,0
1770137160000,1.5843,1.5863,1.5813,1.5863,1084569.3,1770137219999,1716972.18442,3067,543943.4,861167.06381,0
1770137220000,1.5863,1.5894,1.5854,1.5892,559437.3,1770137279999,887757.75713,2267,349924.2,555314.83245,0
1770137280000,1.5892,1.5908,1.5869,1.5872,1059837.5,1770137339999,1683527.22292,2780,368481.2,585378.06252,0
1770137340000,1.5871,1.5876,1.5850,1.5860,675998.7,1770137399999,1072243.48709,2002,285759.0,453176.46282,0
1770137400000,1.5860,1.5874,1.5822,1.5840,716429.1,1770137459999,1134926.00635,2197,312666.7,495265.12103,0
1770137460000,1.5841,1.5844,1.5815,1.5828,1320338.3,1770137519999,2089414.95530,2517,514277.7,813797.20488,0
1770137520000,1.5828,1.5857,1.5824,1.5838,860371.2,1770137579999,1362866.96368,2162,413102.9,654355.04197,0
1770137580000,1.5838,1.5853,1.5832,1.5843,666739.6,1770137639999,1056284.00293,1977,355107.7,562542.25628,0
1770137640000,1.5843,1.5855,1.5822,1.5829,674770.2,1770137699999,1068858.38955,1935,332960.8,527381.63008,0
1770137700000,1.5828,1.5858,1.5827,1.5854,944398.6,1770137759999,1496338.03602,1960,540842.2,856833.34916,0
1770137760000,1.5854,1.5858,1.5833,1.5854,821423.3,1770137819999,1301494.85406,2364,397528.7,629814.66707,0
1770137820000,1.5854,1.5873,1.5850,1.5872,769369.6,1770137879999,1220157.13635,2057,408070.5,647173.00237,0
1770137880000,1.5872,1.5882,1.5855,1.5863,673689.0,1770137939999,1069044.02788,2032,323353.7,513136.31724,0
1770137940000,1.5863,1.5865,1.5847,1.5854,678450.5,1770137999999,1075778.84450,1743,316197.2,501420.39538,0
1770138000000,1.5854,1.5877,1.5851,1.5872,661158.1,1770138059999,1048813.57968,1885,259190.2,411144.01966,0
1770138060000,1.5872,1.5884,1.5849,1.5859,903148.7,1770138119999,1433100.58787,2601,282256.4,447793.74686,0
1770138120000,1.5860,1.5890,1.5860,1.5875,594306.7,1770138179999,943607.23616,2223,249932.6,396807.51102,0
1770138180000,1.5875,1.5879,1.5858,1.5862,457152.5,1770138239999,725351.42339,1572,303255.2,481113.67065,0
1770138240000,1.5861,1.5865,1.5851,1.5855,335758.3,1770138299999,532460.41589,1377,110248.2,174837.06940,0
1770138300000,1.5856,1.5863,1.5821,1.5827,1166701.7,1770138359999,1847692.22976,2872,393110.3,622470.74313,0
1770138360000,1.5826,1.5832,1.5800,1.5826,1858867.7,1770138419999,2939263.63897,3305,453825.0,717754.07250,0
1770138420000,1.5826,1.5830,1.5778,1.5782,1508565.6,1770138479999,2383205.59370,3447,373210.3,589564.49099,0
1770138480000,1.5782,1.5799,1.5769,1.5788,1405167.6,1770138539999,2217818.22635,3286,424123.6,669471.48109,0
1770138540000,1.5788,1.5795,1.5763,1.5770,953815.7,1770138599999,1505253.64157,2271,288187.8,454857.08870,0
1770138600000,1.5770,1.5799,1.5762,1.5787,919230.0,1770138659999,1450467.18771,2580,405303.4,639624.57332,0
1770138660000,1.5788,1.5797,1.5763,1.5768,752464.4,1770138719999,1187400.24483,2475,278250.9,439181.38904,0
1770138720000,1.5769,1.5775,1.5717,1.5730,3391244.2,1770138779999,5337992.66804,5792,1100303.5,1732039.44739,0
1770138780000,1.5730,1.5742,1.5718,1.5734,1216172.5,1770138839999,1913011.69865,3063,654655.8,1029803.85808,0
1770138840000,1.5734,1.5744,1.5702,1.5705,1325465.7,1770138899999,2083303.91411,3608,573189.9,900856.51276,0
1770138900000,1.5705,1.5728,1.5701,1.5702,1195641.0,1770138959999,1878482.46447,3603,735457.1,1155536.17949,0
1770138960000,1.5702,1.5720,1.5671,1.5676,1791922.3,1770139019999,2812256.32865,5773,722351.3,1133889.77151,0
1770139020000,1.5676,1.5706,1.5664,1.5672,841567.7,1770139079999,1319646.87755,3905,454923.4,713438.26150,0
1770139080000,1.5672,1.5699,1.5665,1.5698,760755.9,1770139139999,1192879.59138,3385,527094.0,826546.23538,0
1770139140000,1.5699,1.5745,1.5698,1.5712,1053461.4,1770139199999,1656626.43575,3923,732082.0,1151234.80645,0
1770139200000,1.5713,1.5713,1.5675,1.5705,780089.3,1770139259999,1224282.35274,2950,392612.9,616172.43799,0
1770139260000,1.5706,1.5735,1.5694,1.5734,827571.4,1770139319999,1300523.92140,3116,547853.6,860945.32208,0
1770139320000,1.5733,1.5774,1.5733,1.5757,1326891.9,1770139379999,2090015.68680,4233,891824.4,1404793.63912,0
1770139380000,1.5756,1.5784,1.5742,1.5764,914742.3,1770139439999,1441955.07397,2762,629455.2,992353.24971,0
1770139440000,1.5764,1.5779,1.5757,1.5767,625350.1,1770139499999,985975.99072,2513,320611.9,505479.39482,0
1770139500000,1.5767,1.5811,1.5767,1.5808,442496.7,1770139559999,698406.29049,2548,268568.1,423892.62497,0
1770139560000,1.5807,1.5808,1.5748,1.5759,582334.5,1770139619999,918482.57443,2588,194205.6,306173.02331,0
1770139620000,1.5758,1.5784,1.5754,1.5769,1113062.4,1770139679999,1755393.20599,2850,808026.9,1274367.76463,0
1770139680000,1.5768,1.5790,1.5761,1.5778,379975.7,1770139739999,599521.87080,1825,240134.5,378842.18267,0
1770139740000,1.5778,1.5810,1.5770,1.5778,647570.0,1770139799999,1022554.66803,2560,353498.8,558279.12231,0
1770139800000,1.5777,1.5785,1.5744,1.5765,866365.5,1770139859999,1365228.42889,2554,286102.5,450869.37389,0
1770139860000,1.5766,1.5776,1.5750,1.5775,516531.6,1770139919999,814251.46584,2565,320199.3,504735.89614,0
1770139920000,1.5776,1.5786,1.5753,1.5766,374679.3,1770139979999,590798.93896,1812,136260.1,214891.60690,0
1770139980000,1.5765,1.5778,1.5746,1.5777,410483.7,1770140039999,646899.39290,2038,192315.8,303079.43225,0
1770140040000,1.5777,1.5789,1.5737,1.5739,462012.5,1770140099999,728216.42566,2181,204042.1,321744.15502,0
1770140100000,1.5739,1.5769,1.5739,1.5758,759117.6,1770140159999,1196213.69800,2219,272978.0,430085.14694,0
1770140160000,1.5757,1.5764,1.5711,1.5741,858597.1,1770140219999,1350988.15759,3253,426487.5,671100.81467,0
1770140220000,1.5741,1.5744,1.5695,1.5699,650785.2,1770140279999,1022644.69403,2122,204795.6,321938.21404,0
1770140280000,1.5698,1.5710,1.5695,1.5704,365595.7,1770140339999,574024.58872,1461,183760.0,288546.27087,0
1770140340000,1.5705,1.5723,1.5676,1.5691,2392999.5,1770140399999,3758156.24308,3713,1731288.5,2719417.34802,0
1770140400000,1.5691,1.5692,1.5655,1.5659,1258800.9,1770140459999,1971687.63572,3755,428145.6,670653.14023,0
1770140460000,1.5660,1.5662,1.5623,1.5638,2150252.5,1770140519999,3362846.44459,4376,804296.6,1257873.32584,0
1770140520000,1.5637,1.5649,1.5614,1.5616,2103253.4,1770140579999,3288367.39571,3478,1151644.8,1800660.17344,0
1770140580000,1.5615,1.5626,1.5608,1.5624,1055988.4,1770140639999,1649073.48948,2538,378579.9,591249.14741,0
1770140640000,1.5624,1.5627,1.5604,1.5617,1931346.7,1770140699999,3016030.26304,3432,863506.2,1348616.51152,0
1770140700000,1.5617,1.5627,1.5596,1.5601,1635794.9,1770140759999,2552786.05943,3162,623940.6,973803.11732,0
1770140760000,1.5601,1.5620,1.5601,1.5615,720070.5,1770140819999,1124137.34570,2355,406378.3,634401.06431,0
1770140820000,1.5615,1.5656,1.5612,1.5622,1038582.4,1770140879999,1623640.31050,3511,645591.4,1009240.84621,0
1770140880000,1.5621,1.5633,1.5611,1.5619,466065.7,1770140939999,728097.60271,2263,200346.9,312971.42070,0
1770140940000,1.5619,1.5627,1.5593,1.5612,1184738.9,1770140999999,1848883.76496,2839,499025.1,778851.13787,0
1770141000000,1.5611,1.5674,1.5606,1.5673,808260.9,1770141059999,1264118.94765,3220,582913.1,911876.13143,0
1770141060000,1.5673,1.5699,1.5632,1.5643,1702644.6,1770141119999,2668273.83151,4363,806486.1,1264075.31924,0
1770141120000,1.5643,1.5657,1.5628,1.5632,664994.3,1770141179999,1040114.28283,2411,295147.4,461639.00997,0
1770141180000,1.5631,1.5634,1.5608,1.5615,551970.1,1770141239999,862078.40930,1989,248903.9,388713.99621,0
1770141240000,1.5616,1.5634,1.5611,1.5615,399552.5,1770141299999,624177.53359,1670,244469.7,381950.05858,0
1770141300000,1.5616,1.5619,1.5570,1.5580,1679131.6,1770141359999,2617249.02250,3928,905702.1,1411603.20482,0
1770141360000,1.5581,1.5606,1.5580,1.5600,589709.1,1770141419999,919636.65215,1806,434577.7,677713.39802,0
1770141420000,1.5599,1.5613,1.5587,1.5589,628849.4,1770141479999,980993.63142,2122,356097.2,555538.32809,0
1770141480000,1.5589,1.5595,1.5579,1.5585,458167.3,1770141539999,714093.58474,1765,243085.2,378883.90073,0
1770141540000,1.5584,1.5604,1.5572,1.5577,1322990.5,1770141599999,2062015.58524,3040,698314.5,1088525.30973,0
1770141600000,1.5578,1.5624,1.5578,1.5614,1415028.4,1770141659999,2207323.74985,3744,928388.5,1448235.89376,0
1770141660000,1.5613,1.5630,1.5592,1.5598,731373.0,1770141719999,1141766.81338,2938,391594.5,611497.79615,0
1770141720000,1.5597,1.5609,1.5549,1.5551,1589767.3,1770141779999,2475356.86066,3895,489780.3,762795.84981,0
1770141780000,1.5551,1.5614,1.5549,1.5614,914953.5,1770141839999,1424494.82148,2949,537057.4,836205.99003,0
1770141840000,1.5614,1.5615,1.5546,1.5555,2018767.7,1770141899999,3144362.25716,4568,709883.4,1105571.02555,0
1770141900000,1.5555,1.5590,1.5555,1.5590,834279.3,1770141959999,1299326.14792,2471,489750.0,762721.97557,0
1770141960000,1.5590,1.5639,1.5586,1.5625,980214.0,1770142019999,1530301.22420,3070,586578.2,915724.95317,0
1770142020000,1.5624,1.5627,1.5589,1.5593,1293168.1,1770142079999,2017699.33828,3784,578886.8,903196.48484,0
1770142080000,1.5593,1.5622,1.5593,1.5619,921833.8,1770142139999,1438703.55106,2651,381048.4,594678.33604,0
1770142140000,1.5619,1.5626,1.5600,1.5604,685969.9,1770142199999,1071080.90082,2259,260305.8,406488.83154,0
1770142200000,1.5605,1.5615,1.5589,1.5590,756015.0,1770142259999,1180044.68150,2334,183042.8,285700.28057,0
1770142260000,1.5589,1.5596,1.5575,1.5585,348702.6,1770142319999,543524.30774,2080,154330.2,240541.55837,0
1770142320000,1.5586,1.5594,1.5563,1.5566,857697.8,1770142379999,1336028.39763,2180,171617.6,267365.93703,0
1770142380000,1.5567,1.5576,1.5528,1.5534,1152434.4,1770142439999,1792251.91867,3151,306320.4,476494.31603,0
1770142440000,1.5534,1.5545,1.5521,1.5528,918012.7,1770142499999,1426040.58376,2678,394300.2,612594.49114,0
1770142500000,1.5528,1.5544,1.5511,1.5539,1493778.0,1770142559999,2319018.94314,3549,727743.3,1130001.57615,0
1770142560000,1.5538,1.5547,1.5513,1.5526,1266936.5,1770142619999,1967621.07676,2946,528251.0,820380.83365,0
1770142620000,1.5526,1.5530,1.5502,1.5522,997026.2,1770142679999,1547122.76307,2275,498744.7,773953.59238,0
1770142680000,1.5522,1.5563,1.5509,1.5510,2042580.9,1770142739999,3173639.38579,4831,813790.0,1264621.19517,0
1770142740000,1.5509,1.5521,1.5470,1.5521,5057841.1,1770142799999,7834918.09226,7682,2065663.0,3200267.55990,0
1770142800000,1.5522,1.5547,1.5489,1.5497,1798723.1,1770142859999,2791021.85933,3829,707043.2,1097305.60920,0
1770142860000,1.5497,1.5505,1.5400,1.5435,5441652.8,1770142919999,8409345.52849,8331,1628966.8,2516778.00821,0
1770142920000,1.5436,1.5504,1.5425,1.5433,4513828.3,1770142979999,6979633.38269,7216,2093207.4,3236504.37437,0
1770142980000,1.5433,1.5454,1.5425,1.5437,1014437.5,1770143039999,1566459.78864,2987,447410.2,690882.00142,0
1770143040000,1.5437,1.5455,1.5428,1.5428,1017256.8,1770143099999,1570817.13890,3337,573407.5,885543.62384,0
1770143100000,1.5427,1.5433,1.5377,1.5396,3701994.2,1770143159999,5700003.04719,6595,1735189.7,2671753.95003,0
1770143160000,1.5397,1.5451,1.5387,1.5423,7400946.8,1770143219999,11421128.53588,7019,3580496.4,5522662.55938,0
1770143220000,1.5424,1.5447,1.5401,1.5435,2648092.9,1770143279999,4084065.87267,4832,1410824.3,2176079.03483,0
1770143280000,1.5436,1.5467,1.5421,1.5422,2026530.7,1770143339999,3129617.49210,4076,1224418.0,1890902.53719,0
1770143340000,1.5423,1.5424,1.5397,1.5410,1548708.8,1770143399999,2386371.69742,3672,449039.9,691992.73263,0
1770143400000,1.5410,1.5430,1.5385,1.5430,1453317.0,1770143459999,2239547.99202,3487,552486.2,851482.15685,0
1770143460000,1.5430,1.5448,1.5414,1.5428,1058178.3,1770143519999,1633032.82828,3430,546307.5,843061.31544,0
1770143520000,1.5429,1.5429,1.5390,1.5390,1261380.4,1770143579999,1942756.22833,2949,494949.0,762340.20471,0
1770143580000,1.5389,1.5420,1.5377,1.5416,1468350.2,1770143639999,2259767.52254,3239,672446.0,1035008.37657,0
1770143640000,1.5416,1.5446,1.5411,1.5444,891531.4,1770143699999,1375816.74284,3483,549283.5,847677.42688,0
1770143700000,1.5444,1.5457,1.5411,1.5421,1027989.7,1770143759999,1586929.87480,2803,667517.9,1030497.08529,0
1770143760000,1.5421,1.5427,1.5373,1.5378,772882.5,1770143819999,1190344.52250,2582,339034.5,522204.65592,0
1770143820000,1.5377,1.5391,1.5373,1.5379,498306.5,1770143879999,766485.05293,2287,255547.3,393105.60040,0
1770143880000,1.5378,1.5414,1.5374,1.5378,2037581.7,1770143939999,3136158.72856,3660,859961.5,1323920.34747,0
1770143940000,1.5378,1.5413,1.5378,1.5412,710745.0,1770143999999,1093876.36486,2466,421369.6,648523.73698,0
1770144000000,1.5411,1.5434,1.5391,1.5401,1808022.7,1770144059999,2785864.61364,3754,1016149.0,1565768.28724,0
1770144060000,1.5402,1.5418,1.5391,1.5413,1032199.0,1770144119999,1590349.94894,2603,770497.2,1187123.76226,0
1770144120000,1.5412,1.5425,1.5374,1.5375,1154806.6,1770144179999,1778680.59666,3559,492150.7,758135.14870,0
1770144180000,1.5375,1.5388,1.5360,1.5386,1597714.4,1770144239999,2456011.59229,3938,770053.9,1183770.59290,0
1770144240000,1.5386,1.5396,1.5380,1.5383,834031.3,1770144299999,1283292.01082,2746,472346.7,726773.35340,0
1770144300000,1.5382,1.5386,1.5355,1.5355,1280158.6,1770144359999,1967742.73314,3109,656499.8,1009180.58779,0
1770144360000,1.5355,1.5362,1.5296,1.5308,5973292.8,1770144419999,9157543.22570,7897,2138811.7,3279342.40203,0
1770144420000,1.5308,1.5409,1.5307,1.5385,2204883.6,1770144479999,3387043.35389,5581,1177721.0,1808288.00361,0
1770144480000,1.5385,1.5385,1.5317,1.5339,2470184.1,1770144539999,3789161.49318,4241,928344.0,1424280.38080,0
1770144540000,1.5339,1.5352,1.5318,1.5319,1267213.0,1770144599999,1943731.04747,3501,684265.7,1049590.30696,0
1770144600000,1.5320,1.5323,1.5292,1.5304,1963175.0,1770144659999,3004525.43832,4959,935797.7,1432313.08387,0
1770144660000,1.5305,1.5335,1.5296,1.5309,1252957.2,1770144719999,1918285.43736,3867,865358.8,1324938.45592,0
1770144720000,1.5309,1.5354,1.5305,1.5339,1203329.1,1770144779999,1843949.31340,4406,785790.2,1204162.30471,0
1770144780000,1.5340,1.5340,1.5302,1.5314,811876.0,1770144839999,1243641.17325,2844,378013.8,579005.37194,0
1770144840000,1.5313,1.5320,1.5294,1.5304,1647960.0,1770144899999,2522337.87132,3135,862062.0,1319521.34017,0
1770144900000,1.5304,1.5376,1.5304,1.5350,1789026.9,1770144959999,2746020.84996,4095,1293665.6,1985595.26067,0
1770144960000,1.5351,1.5354,1.5322,1.5328,902640.6,1770145019999,1384526.97654,2510,605907.0,929401.31767,0
1770145020000,1.5328,1.5340,1.5291,1.5300,1208570.4,1770145079999,1850626.55022,2627,684020.8,1047435.82171,0
1770145080000,1.5301,1.5330,1.5297,1.5330,653528.2,1770145139999,1000926.72185,1994,456054.1,698427.84242,0
1770145140000,1.5331,1.5331,1.5297,1.5307,563166.8,1770145199999,862201.92333,1968,235473.1,360541.09041,0
1770145200000,1.5306,1.5341,1.5296,1.5314,833747.9,1770145259999,1276996.23145,2572,434664.5,665665.84696,0
1770145260000,1.5313,1.5319,1.5267,1.5269,1499525.3,1770145319999,2293261.91601,3719,463234.3,708610.59446,0
1770145320000,1.5269,1.5297,1.5263,1.5288,1938578.7,1770145379999,2962423.34534,4269,944180.6,1442964.10923,0
1770145380000,1.5287,1.5335,1.5284,1.5312,1394190.7,1770145439999,2134176.59593,3526,950173.8,1454509.55378,0
1770145440000,1.5313,1.5333,1.5304,1.5311,593816.1,1770145499999,909425.35479,2261,301086.1,461144.06379,0
1770145500000,1.5311,1.5332,1.5294,1.5332,818718.9,1770145559999,1253514.66358,3198,411063.1,629310.84906,0
1770145560000,1.5332,1.5413,1.5332,1.5388,3063592.6,1770145619999,4713020.73890,6318,1747863.9,2688719.65511,0
1770145620000,1.5389,1.5406,1.5380,1.5405,2321564.5,1770145679999,3573434.96684,3903,1304228.9,2007504.83727,0
1770145680000,1.5404,1.5439,1.5401,1.5437,2396331.0,1770145739999,3696622.70959,4315,1408431.7,2172657.04670,0
1770145740000,1.5438,1.5467,1.5410,1.5461,3198861.4,1770145799999,4940357.73055,5390,1556434.7,2404101.22568,0
1770145800000,1.5460,1.5545,1.5458,1.5498,3695289.7,1770145859999,5731319.07417,6837,1937437.3,3004142.13878,0
1770145860000,1.5498,1.5613,1.5486,1.5600,3095607.7,1770145919999,4816821.97399,7201,1504429.9,2341431.06476,0
1770145920000,1.5601,1.5676,1.5582,1.5658,3298694.8,1770145979999,5155480.80641,7392,1660665.5,2595880.73789,0
1770145980000,1.5658,1.5739,1.5639,1.5701,3387413.6,1770146039999,5317747.72300,7084,1853472.4,2909884.61609,0
1770146040000,1.5702,1.5753,1.5673,1.5708,4080613.0,1770146099999,6411633.21737,7680,1798248.1,2826002.72367,0
1770146100000,1.5707,1.5738,1.5674,1.5685,2758760.0,1770146159999,4332416.59357,6285,1220813.4,1917714.49735,0
1770146160000,1.5686,1.5723,1.5672,1.5690,3679870.9,1770146219999,5777105.33398,5872,2561527.8,4021967.96996,0
1770146220000,1.5689,1.5734,1.5675,1.5731,1823342.1,1770146279999,2863319.94106,4580,644935.2,1012903.87307,0
1770146280000,1.5731,1.5771,1.5713,1.5739,3697190.8,1770146339999,5821653.39373,6534,2242322.8,3531099.86995,0
1770146340000,1.5738,1.5784,1.5722,1.5752,1358945.1,1770146399999,2141835.05349,4828,713347.9,1124287.15891,0
1770146400000,1.5752,1.5828,1.5747,1.5789,2293003.3,1770146459999,3622575.77541,6219,1305572.1,2062191.16798,0
1770146460000,1.5788,1.5825,1.5757,1.5795,2268242.1,1770146519999,3580150.09033,5386,876604.1,1383851.37584,0
1770146520000,1.5796,1.5800,1.5709,1.5714,1942060.9,1770146579999,3059278.75503,4210,620349.8,977449.18149,0
1770146580000,1.5714,1.5723,1.5694,1.5723,2156010.6,1770146639999,3386563.20224,3924,1013579.4,1592152.38958,0
1770146640000,1.5722,1.5722,1.5656,1.5656,1340098.1,1770146699999,2102533.10445,3242,369427.6,579630.76814,0
1770146700000,1.5656,1.5676,1.5639,1.5651,2105103.9,1770146759999,3295889.09116,4284,845926.7,1324459.01498,0
1770146760000,1.5651,1.5695,1.5630,1.5686,1411024.3,1770146819999,2209886.09377,3458,868270.0,1360060.45402,0
1770146820000,1.5685,1.5710,1.5671,1.5707,687176.0,1770146879999,1078258.89250,2388,357838.4,561573.98296,0
1770146880000,1.5708,1.5712,1.5685,1.5706,642458.1,1770146939999,1008538.56586,2138,231271.3,363010.39206,0
1770146940000,1.5707,1.5760,1.5707,1.5749,1410029.5,1770146999999,2218859.58100,4068,843803.1,1327706.19959,0
1770147000000,1.5748,1.5771,1.5734,1.5752,1687370.8,1770147059999,2658126.96589,4096,847680.3,1335321.38997,0
1770147060000,1.5751,1.5776,1.5739,1.5770,1296922.0,1770147119999,2043715.97339,3298,643702.3,1014342.95817,0
1770147120000,1.5770,1.5890,1.5768,1.5823,3850518.5,1770147179999,6102395.17018,6917,2451910.4,3885908.19011,0
1770147180000,1.5823,1.5898,1.5816,1.5853,2286419.8,1770147239999,3626553.10901,5105,1212149.3,1922118.90823,0
1770147240000,1.5853,1.5856,1.5807,1.5807,994905.6,1770147299999,1574831.18252,3346,503830.2,797576.52201,0
1770147300000,1.5806,1.5835,1.5804,1.5817,668327.4,1770147359999,1057490.66586,3008,262711.4,415666.61523,0
1770147360000,1.5817,1.5833,1.5799,1.5816,716395.0,1770147419999,1132985.22511,2807,350573.3,554395.56905,0
1770147420000,1.5816,1.5817,1.5780,1.5816,994323.5,1770147479999,1570892.36136,2904,507518.2,801919.66367,0
1770147480000,1.5817,1.5841,1.5811,1.5840,726796.3,1770147539999,1150407.34786,2759,300052.6,474903.49032,0
1770147540000,1.5841,1.5863,1.5820,1.5821,795295.2,1770147599999,1260204.73848,2885,302738.8,479764.45385,0
1770147600000,1.5821,1.5822,1.5782,1.5817,711553.3,1770147659999,1123954.06476,2776,281905.8,445365.45329,0
1770147660000,1.5818,1.5843,1.5806,1.5838,628438.0,1770147719999,994080.60536,2806,290666.9,459795.81640,0
1770147720000,1.5838,1.5841,1.5809,1.5810,541022.9,1770147779999,856117.09152,2063,222510.4,352120.00487,0
1770147780000,1.5810,1.5815,1.5775,1.5784,635006.7,1770147839999,1002987.36727,2442,275594.4,435304.62036,0
1770147840000,1.5784,1.5790,1.5767,1.5786,1154062.2,1770147899999,1820985.18474,2537,464782.3,733364.89641,0
1770147900000,1.5785,1.5791,1.5764,1.5764,638147.3,1770147959999,1006845.03849,2003,219170.9,345775.95491,0
1770147960000,1.5763,1.5777,1.5747,1.5747,630326.4,1770148019999,993319.97440,2458,209698.7,330479.97749,0
1770148020000,1.5746,1.5749,1.5720,1.5721,904432.8,1770148079999,1422858.01481,2524,376500.8,592256.79896,0
1770148080000,1.5720,1.5736,1.5716,1.5726,980374.6,1770148139999,1541434.13785,2431,539978.8,848999.49010,0
1770148140000,1.5727,1.5734,1.5706,1.5725,766051.1,1770148199999,1204121.70093,2470,325627.9,511854.39776,0
1770148200000,1.5726,1.5782,1.5721,1.5774,1331095.7,1770148259999,2097537.62025,3143,950869.0,1498044.16250,0
1770148260000,1.5774,1.5778,1.5751,1.5762,741681.1,1770148319999,1169376.72499,1905,473157.8,746008.50510,0
1770148320000,1.5762,1.5764,1.5722,1.5722,278722.2,1770148379999,438846.57071,1807,109730.4,172757.11044,0
1770148380000,1.5722,1.5778,1.5704,1.5756,1581870.3,1770148439999,2490646.54169,4234,854824.8,1345672.97374,0
1770148440000,1.5756,1.5779,1.5743,1.5778,320105.7,1770148499999,504408.20548,2010,147450.1,232357.52320,0
1770148500000,1.5778,1.5797,1.5765,1.5792,362854.6,1770148559999,572531.28249,1836,225644.9,356022.19041,0
1770148560000,1.5792,1.5839,1.5784,1.5806,939584.5,1770148619999,1486535.28129,2913,623143.4,985825.57127,0
1770148620000,1.5807,1.5825,1.5800,1.5811,460544.5,1770148679999,728198.43356,1768,270651.6,428019.07628,0
1770148680000,1.5810,1.5817,1.5794,1.5800,303737.0,1770148739999,480106.01506,1443,90615.3,143235.52762,0
1770148740000,1.5799,1.5836,1.5795,1.5803,647720.2,1770148799999,1024319.27553,2156,390723.2,617839.04008,0
1770148800000,1.5804,1.5823,1.5796,1.5812,624471.4,1770148859999,987382.18380,2342,315255.7,498483.49269,0
1770148860000,1.5811,1.5826,1.5789,1.5802,455752.4,1770148919999,720468.31270,2212,202780.8,320639.68414,0
1770148920000,1.5801,1.5830,1.5793,1.5795,647512.6,1770148979999,1023661.37698,2657,368982.2,583316.04489,0
1770148980000,1.5795,1.5798,1.5749,1.5754,495214.2,1770149039999,780895.88012,2094,171787.6,270874.58877,0
1770149040000,1.5754,1.5757,1.5727,1.5730,865466.7,1770149099999,1362797.15428,2112,293897.0,462723.93810,0
1770149100000,1.5731,1.5743,1.5691,1.5706,686627.9,1770149159999,1078630.64008,2588,398892.1,626632.60030,0
1770149160000,1.5706,1.5707,1.5683,1.5684,537586.8,1770149219999,843757.81226,2223,254856.4,400016.54877,0
1770149220000,1.5685,1.5691,1.5675,1.5681,578144.9,1770149279999,906771.28796,2070,386462.7,606118.79331,0
1770149280000,1.5682,1.5693,1.5655,1.5659,651358.6,1770149339999,1020740.27493,2532,393232.2,616260.87249,0
1770149340000,1.5660,1.5678,1.5660,1.5672,377467.8,1770149399999,591440.02852,1810,251646.2,394282.50457,0
1770149400000,1.5672,1.5687,1.5670,1.5680,441460.1,1770149459999,692125.76131,1820,253477.4,397404.43778,0
1770149460000,1.5680,1.5696,1.5673,1.5696,667474.6,1770149519999,1046924.11239,2066,445463.3,698752.10302,0
1770149520000,1.5696,1.5728,1.5690,1.5690,595184.8,1770149579999,935226.35373,2007,322029.9,506043.88688,0
1770149580000,1.5690,1.5704,1.5686,1.5688,288049.3,1770149639999,452167.05814,1345,185972.8,291928.87704,0
1770149640000,1.5688,1.5700,1.5679,1.5699,397869.1,1770149699999,624238.83666,1860,248768.9,390301.76088,0
1770149700000,1.5699,1.5707,1.5667,1.5677,436954.7,1770149759999,685378.16778,1902,173024.0,271451.56963,0
1770149760000,1.5677,1.5702,1.5677,1.5700,550573.7,1770149819999,864104.02463,1871,370239.3,581098.92928,0
1770149820000,1.5701,1.5748,1.5700,1.5748,932241.6,1770149879999,1465343.14153,2961,583307.6,916835.23348,0
1770149880000,1.5749,1.5806,1.5739,1.5801,1359481.5,1770149939999,2145034.33930,3633,995091.9,1569875.61116,0
1770149940000,1.5802,1.5825,1.5784,1.5785,1070702.4,1770149999999,1692199.54412,3197,354115.9,559818.94999,0
1770150000000,1.5784,1.5836,1.5771,1.5772,1246451.4,1770150059999,1969194.28646,3698,618974.5,978063.38506,0
1770150060000,1.5772,1.5796,1.5754,1.5757,998176.4,1770150119999,1574551.36890,3302,486509.3,767442.18021,0
1770150120000,1.5757,1.5777,1.5749,1.5774,479074.3,1770150179999,755080.90926,1882,313048.8,493381.94147,0
1770150180000,1.5773,1.5850,1.5767,1.5829,1238664.3,1770150239999,1959879.32103,3472,701907.7,1110467.27474,0
1770150240000,1.5828,1.5854,1.5823,1.5851,594771.6,1770150299999,942065.69309,2382,206393.6,326929.68547,0
1770150300000,1.5851,1.5875,1.5844,1.5870,1239245.1,1770150359999,1965743.44384,3196,498569.6,790820.69138,0
1770150360000,1.5870,1.5907,1.5870,1.5896,1532797.4,1770150419999,2435985.37882,3378,872944.4,1387281.19925,0
1770150420000,1.5896,1.5973,1.5882,1.5943,3555711.9,1770150479999,5666282.36487,6332,2505973.6,3993552.14735,0
1770150480000,1.5943,1.5952,1.5926,1.5935,1213196.2,1770150539999,1933873.05348,3305,597870.6,953009.68137,0
1770150540000,1.5935,1.5958,1.5919,1.5935,922134.4,1770150599999,1469676.56178,2381,569441.2,907588.09478,0
1770150600000,1.5935,1.6030,1.5928,1.6019,3063254.2,1770150659999,4899426.25239,6102,1904680.9,3046745.56153,0
1770150660000,1.6018,1.6233,1.6009,1.6230,11440775.2,1770150719999,18450535.42280,15348,7012334.3,11304073.14201,0
1770150720000,1.6229,1.6344,1.6141,1.6150,11208923.4,1770150779999,18212267.58015,15117,5422857.1,8813068.55912,0
1770150780000,1.6151,1.6160,1.6106,1.6141,1797222.0,1770150839999,2899360.46531,5793,926383.4,1494489.95024,0
1770150840000,1.6142,1.6160,1.6124,1.6140,1370980.1,1770150899999,2213372.34881,4363,657889.1,1062103.91096,0
1770150900000,1.6139,1.6171,1.6116,1.6154,1700083.6,1770150959999,2746251.25815,4908,1081598.6,1747216.61183,0
1770150960000,1.6153,1.6189,1.6148,1.6174,1828004.1,1770151019999,2956093.61195,4470,1022263.8,1653104.99294,0
1770151020000,1.6173,1.6173,1.6121,1.6121,1830384.0,1770151079999,2954871.75589,4208,884820.7,1428388.90039,0
1770151080000,1.6122,1.6218,1.6122,1.6216,1259999.6,1770151139999,2036354.78363,3662,657461.1,1062933.65632,0
1770151140000,1.6215,1.6222,1.6189,1.6221,1225700.1,1770151199999,1986198.29478,3529,440301.6,713519.38683,0
1770151200000,1.6221,1.6247,1.6203,1.6210,1465483.3,1770151259999,2377637.47229,3613,751757.4,1219815.15529,0
1770151260000,1.6210,1.6222,1.6156,1.6173,1955424.8,1770151319999,3164115.11558,3735,935153.5,1512652.44869,0
1770151320000,1.6173,1.6195,1.6153,1.6166,3343756.9,1770151379999,5407007.97356,5027,779354.1,1260453.99577,0
1770151380000,1.6166,1.6172,1.6146,1.6151,1669471.1,1770151439999,2697287.93267,2767,1031806.0,1667042.21591,0
1770151440000,1.6151,1.6152,1.6113,1.6131,2474919.1,1770151499999,3991866.13004,3074,783421.3,1263881.39390,0
1770151500000,1.6130,1.6151,1.6113,1.6140,2169078.6,1770151559999,3499095.58066,3623,1071784.7,1729078.56259,0
1770151560000,1.6141,1.6222,1.6140,1.6144,1941617.5,1770151619999,3140674.27459,4882,1199018.2,1939301.84255,0
1770151620000,1.6145,1.6166,1.6101,1.6114,1572614.1,1770151679999,2535454.47192,3393,323692.0,522368.17972,0
1770151680000,1.6114,1.6124,1.6079,1.6092,1837792.7,1770151739999,2958631.08482,2999,522967.7,842184.08697,0
1770151740000,1.6092,1.6096,1.6067,1.6096,787047.2,1770151799999,1265653.50107,2065,353062.8,567765.26042,0
1770151800000,1.6097,1.6138,1.6097,1.6133,663337.5,1770151859999,1068736.01650,2341,431309.8,694922.24044,0
1770151860000,1.6133,1.6152,1.6108,1.6130,1325111.7,1770151919999,2137483.37274,3193,942611.5,1520360.81044,0
1770151920000,1.6129,1.6130,1.6101,1.6130,203001.5,1770151979999,327100.08962,1793,96451.5,155400.96977,0
1770151980000,1.6131,1.6155,1.6117,1.6127,270579.1,1770152039999,436597.32797,1991,165587.0,267195.57146,0
1770152040000,1.6127,1.6147,1.6125,1.6147,261211.3,1770152099999,421495.81940,1858,160902.1,259627.84914,0
1770152100000,1.6147,1.6157,1.6133,1.6137,305292.7,1770152159999,492891.58954,1806,133487.8,215511.84409,0
1770152160000,1.6138,1.6144,1.6128,1.6139,304460.1,1770152219999,491268.82367,1523,161897.1,261222.10590,0
1770152220000,1.6140,1.6144,1.6116,1.6127,322829.6,1770152279999,520644.74201,1282,201606.5,325128.33486,0
1770152280000,1.6127,1.6132,1.6061,1.6091,4810996.8,1770152339999,7740588.50810,4036,924856.4,1488790.43096,0
1770152340000,1.6092,1.6199,1.6092,1.6178,6904762.7,1770152399999,11161409.22219,9962,4414276.1,7135355.98048,0
1770152400000,1.6177,1.6177,1.6147,1.6166,1236598.8,1770152459999,1998683.59249,3971,828293.8,1338780.86829,0
1770152460000,1.6167,1.6198,1.6140,1.6188,1402346.1,1770152519999,2267164.17049,3517,965310.3,1560540.29148,0
1770152520000,1.6189,1.6207,1.6182,1.6204,899481.2,1770152579999,1456502.85080,3187,567485.2,918919.89067,0
1770152580000,1.6204,1.6210,1.6184,1.6199,599156.5,1770152639999,970459.00853,2981,242499.0,392813.98631,0
1770152640000,1.6200,1.6246,1.6193,1.6246,1442531.9,1770152699999,2340258.80423,4281,968217.1,1570746.66426,0
1770152700000,1.6245,1.6280,1.6214,1.6217,2113883.3,1770152759999,3434103.96371,4549,1282617.1,2083719.37117,0
1770152760000,1.6216,1.6232,1.6193,1.6211,963397.9,1770152819999,1561864.67078,2595,559147.9,906498.36265,0
1770152820000,1.6211,1.6227,1.6187,1.6197,937061.5,1770152879999,1518579.66394,2159,216008.9,350118.72890,0
1770152880000,1.6197,1.6219,1.6184,1.6214,477721.0,1770152939999,773975.44832,1789,188526.0,305425.10481,0
1770152940000,1.6215,1.6277,1.6214,1.6267,1030245.0,1770152999999,1674058.14198,3395,580768.1,943753.93583,0
1770153000000,1.6266,1.6284,1.6248,1.6261,2443194.6,1770153059999,3974848.28216,4593,1799900.1,2928318.03958,0
1770153060000,1.6260,1.6266,1.6239,1.6247,2096568.5,1770153119999,3407341.89127,3484,427770.9,695291.27661,0
1770153120000,1.6248,1.6283,1.6242,1.6273,2005691.7,1770153179999,3261738.94744,3581,964684.6,1569175.65184,0
1770153180000,1.6272,1.6272,1.6236,1.6249,2032559.3,1770153239999,3303819.38702,3693,860961.5,1399399.43482,0
1770153240000,1.6249,1.6267,1.6244,1.6263,710407.0,1770153299999,1154844.10703,2005,324256.5,527070.93064,0
1770153300000,1.6263,1.6276,1.6260,1.6273,593343.7,1770153359999,965306.83428,2222,215357.8,350347.49164,0
1770153360000,1.6273,1.6273,1.6222,1.6224,815769.9,1770153419999,1325012.58741,2726,370070.1,601244.17940,0
1770153420000,1.6223,1.6229,1.6207,1.6224,656242.0,1770153479999,1064431.54239,2012,263201.7,426930.55249,0
1770153480000,1.6223,1.6223,1.6200,1.6209,424590.6,1770153539999,688214.52398,2030,185136.8,300092.91781,0
1770153540000,1.6210,1.6215,1.6195,1.6210,327840.0,1770153599999,531223.05970,1529,129870.4,210465.55153,0
1770153600000,1.6209,1.6214,1.6185,1.6198,677782.0,1770153659999,1097742.88740,2048,354363.1,573968.18810,0
1770153660000,1.6197,1.6199,1.6182,1.6194,596318.6,1770153719999,965483.78678,1587,274572.4,444610.63704,0
1770153720000,1.6195,1.6205,1.6188,1.6199,297618.8,1770153779999,482008.10802,1237,133496.8,216190.89036,0
1770153780000,1.6198,1.6205,1.6186,1.6196,229858.2,1770153839999,372256.81158,1439,107454.4,174029.34776,0
1770153840000,1.6196,1.6224,1.6196,1.6210,1227822.6,1770153899999,1990125.93715,1950,856750.1,1388757.84930,0
1770153900000,1.6210,1.6276,1.6204,1.6245,2233620.5,1770153959999,3628579.79856,3806,1676712.7,2723287.19326,0
1770153960000,1.6244,1.6245,1.6187,1.6192,843017.2,1770154019999,1366852.58672,2140,351095.3,569141.94499,0
1770154020000,1.6192,1.6194,1.6144,1.6161,672415.4,1770154079999,1086665.45093,2047,239318.9,386812.82040,0
1770154080000,1.6160,1.6161,1.6145,1.6154,486891.5,1770154139999,786395.72764,1273,194854.6,314711.79126,0
1770154140000,1.6155,1.6156,1.6129,1.6138,413392.2,1770154199999,667278.02670,1403,157198.4,253722.90485,0
1770154200000,1.6138,1.6166,1.6120,1.6166,1437723.6,1770154259999,2319957.59006,2691,639909.4,1032723.93437,0
1770154260000,1.6165,1.6167,1.6149,1.6156,150703.7,1770154319999,243500.60027,1144,80029.9,129306.32911,0
1770154320000,1.6156,1.6163,1.6145,1.6148,207689.4,1770154379999,335477.37000,1069,101892.8,164576.95157,0
1770154380000,1.6149,1.6157,1.6129,1.6141,224708.2,1770154439999,362838.28483,1500,113259.9,182876.78056,0
1770154440000,1.6142,1.6144,1.6120,1.6133,375602.5,1770154499999,605812.49578,1561,176811.8,285207.31690,0
1770154500000,1.6133,1.6141,1.6110,1.6112,330784.6,1770154559999,533340.21272,1229,126383.4,203781.19426,0
1770154560000,1.6111,1.6126,1.6106,1.6106,455588.0,1770154619999,734335.45806,1548,296215.9,477481.44749,0
1770154620000,1.6106,1.6114,1.6089,1.6094,1175711.3,1770154679999,1892993.12949,2331,469116.9,755377.09211,0
1770154680000,1.6094,1.6097,1.6063,1.6066,890856.4,1770154739999,1432007.21679,2184,364206.2,585441.28020,0
1770154740000,1.6066,1.6076,1.6055,1.6060,644321.2,1770154799999,1035319.31497,1503,363874.3,584688.37129,0
1770154800000,1.6059,1.6086,1.6059,1.6084,308539.2,1770154859999,495969.31771,1367,210786.0,338797.38407,0
1770154860000,1.6083,1.6098,1.6071,1.6083,565751.6,1770154919999,910059.43974,1723,207492.3,333810.18772,0
1770154920000,1.6082,1.6102,1.6082,1.6094,232686.9,1770154979999,374425.46485,1144,181917.8,292718.82329,0
1770154980000,1.6093,1.6103,1.6093,1.6101,205118.3,1770155039999,330218.42376,1203,150999.6,243090.91723,0
1770155040000,1.6100,1.6101,1.6081,1.6085,159675.5,1770155099999,256941.44829,1136,90176.7,145106.59257,0
1770155100000,1.6084,1.6122,1.6084,1.6110,774912.5,1770155159999,1247467.00686,1541,708424.3,1140393.78088,0
1770155160000,1.6110,1.6110,1.6051,1.6054,270047.2,1770155219999,434062.53713,1611,94511.3,151928.43911,0
1770155220000,1.6054,1.6083,1.6054,1.6070,391893.8,1770155279999,629812.63095,1656,201968.7,324591.90858,0
1770155280000,1.6070,1.6072,1.6058,1.6071,573265.1,1770155339999,920898.75581,1213,134332.6,215819.90005,0
1770155340000,1.6071,1.6076,1.6047,1.6051,608024.7,1770155399999,976287.43837,1405,100447.5,161271.37057,0
1770155400000,1.6050,1.6054,1.6040,1.6045,274260.0,1770155459999,440079.16315,1154,157490.9,252711.92115,0
1770155460000,1.6045,1.6050,1.6038,1.6039,316937.1,1770155519999,508506.97517,1388,162191.9,260249.28375,0
1770155520000,1.6038,1.6050,1.6035,1.6035,168179.8,1770155579999,269787.08283,969,88064.8,141277.17608,0
1770155580000,1.6035,1.6043,1.6026,1.6031,427887.0,1770155639999,685979.94966,1606,238231.4,381941.73254,0
1770155640000,1.6030,1.6031,1.6010,1.6013,480971.9,1770155699999,770485.73508,1568,107760.5,172605.83898,0
1770155700000,1.6012,1.6033,1.6006,1.6022,354934.3,1770155759999,568570.84244,1598,216718.2,347179.74373,0
1770155760000,1.6022,1.6045,1.6021,1.6037,252245.5,1770155819999,404513.42062,1279,154592.3,247904.17640,0
1770155820000,1.6036,1.6042,1.6016,1.6020,228994.4,1770155879999,366928.83343,1034,133218.3,213446.15976,0
1770155880000,1.6019,1.6026,1.6014,1.6016,139184.9,1770155939999,222977.30289,984,76249.1,122154.97807,0
1770155940000,1.6015,1.6019,1.6010,1.6018,138154.5,1770155999999,221274.53490,682,68423.0,109588.21746,0
1770156000000,1.6018,1.6030,1.5995,1.6010,766925.6,1770156059999,1227946.31984,2091,311659.3,499116.24064,0
1770156060000,1.6010,1.6017,1.5991,1.5994,325252.9,1770156119999,520537.10747,1411,124924.4,199960.39380,0
1770156120000,1.5994,1.5999,1.5966,1.5980,631625.7,1770156179999,1009263.86253,1744,208776.7,333577.41921,0
1770156180000,1.5979,1.5989,1.5964,1.5973,477448.0,1770156239999,762929.49419,1705,296458.2,473714.59666,0
1770156240000,1.5973,1.5979,1.5967,1.5968,358665.1,1770156299999,572914.07890,1153,119134.0,190303.08877,0
1770156300000,1.5969,1.5978,1.5936,1.5954,1665741.0,1770156359999,2657075.20301,2843,447045.9,713328.95275,0
1770156360000,1.5953,1.5961,1.5944,1.5951,650248.5,1770156419999,1037301.47630,1574,366597.6,584774.48930,0
1770156420000,1.5952,1.5953,1.5918,1.5921,632075.5,1770156479999,1007393.04381,1750,214987.3,342686.55612,0
1770156480000,1.5921,1.5925,1.5904,1.5914,1124854.1,1770156539999,1790109.07668,2681,607462.7,966756.07870,0
1770156540000,1.5914,1.5918,1.5904,1.5918,567055.1,1770156599999,902168.46370,1693,341122.4,542733.69918,0
1770156600000,1.5918,1.5932,1.5910,1.5932,445380.5,1770156659999,709011.25030,1251,255335.4,406531.98625,0
1770156660000,1.5932,1.5948,1.5924,1.5948,454287.8,1770156719999,723892.40625,1358,291012.5,463732.52778,0
1770156720000,1.5949,1.5978,1.5949,1.5977,991143.4,1770156779999,1582220.79687,2241,601379.9,960127.87763,0
1770156780000,1.5977,1.5979,1.5938,1.5948,657091.2,1770156839999,1048498.25585,1521,426494.3,680515.01070,0
1770156840000,1.5949,1.5956,1.5937,1.5946,287218.8,1770156899999,458019.90425,1188,175367.3,279658.15163,0
1770156900000,1.5945,1.5950,1.5909,1.5912,399671.2,1770156959999,636411.02039,1158,132281.5,210722.24371,0
1770156960000,1.5911,1.5918,1.5888,1.5895,710336.3,1770157019999,1129562.95395,2003,196520.5,312574.01973,0
1770157020000,1.5896,1.5906,1.5886,1.5891,446391.0,1770157079999,709644.52431,1302,247781.3,393893.07985,0
1770157080000,1.5892,1.5913,1.5873,1.5907,674390.5,1770157139999,1071620.14547,1926,413011.4,656400.73452,0
1770157140000,1.5907,1.5917,1.5893,1.5917,263092.7,1770157199999,418590.92646,1087,176935.6,281531.05310,0
1770157200000,1.5917,1.5979,1.5917,1.5979,955915.3,1770157259999,1525101.61671,2793,741656.2,1183289.05000,0
1770157260000,1.5979,1.5983,1.5953,1.5953,495417.4,1770157319999,791219.76291,1649,152151.6,242970.05003,0
1770157320000,1.5954,1.5962,1.5932,1.5942,277048.8,1770157379999,441659.18359,1229,126511.0,201690.04019,0
1770157380000,1.5942,1.5944,1.5916,1.5931,442769.4,1770157439999,705214.12099,1677,255749.3,407289.99412,0
1770157440000,1.5931,1.5934,1.5911,1.5912,269284.6,1770157499999,428785.22742,1046,140970.5,224479.28367,0
1770157500000,1.5913,1.5959,1.5913,1.5956,319373.8,1770157559999,508984.82771,1368,202731.6,323113.18488,0
1770157560000,1.5956,1.5964,1.5942,1.5950,413819.1,1770157619999,660276.26401,1208,207469.9,331031.01510,0
1770157620000,1.5950,1.5966,1.5950,1.5964,190641.1,1770157679999,304242.39389,913,119002.0,189906.07558,0
1770157680000,1.5964,1.5987,1.5963,1.5986,357159.4,1770157739999,570511.75102,1106,224176.8,358119.97466,0
1770157740000,1.5986,1.5988,1.5962,1.5969,221365.9,1770157799999,353562.39824,1046,101911.7,162772.57184,0
1770157800000,1.5968,1.5986,1.5963,1.5984,256465.4,1770157859999,409659.69680,1303,146543.7,234068.21573,0
1770157860000,1.5984,1.6003,1.5982,1.5995,365863.0,1770157919999,585148.78755,1697,237163.2,379314.22076,0
1770157920000,1.5994,1.6000,1.5955,1.5959,369574.3,1770157979999,590430.66434,1245,150356.7,240203.74092,0
1770157980000,1.5958,1.5967,1.5941,1.5967,187972.3,1770158039999,299851.22203,840,52753.3,84167.09316,0
1770158040000,1.5966,1.5974,1.5962,1.5972,84153.2,1770158099999,134360.47078,500,40312.5,64362.10382,0
1770158100000,1.5973,1.5993,1.5968,1.5984,371249.7,1770158159999,593256.41508,1087,250963.5,400978.44612,0
1770158160000,1.5983,1.6035,1.5979,1.6024,284271.9,1770158219999,455221.45689,1263,219766.8,351918.00335,0
1770158220000,1.6025,1.6031,1.6003,1.6009,405919.1,1770158279999,650104.98271,1340,159749.5,255878.54715,0
1770158280000,1.6008,1.6017,1.5999,1.6002,236581.2,1770158339999,378704.55436,972,132036.9,211353.84207,0
1770158340000,1.6003,1.6005,1.5982,1.5982,266381.4,1770158399999,425980.09447,726,89054.6,142381.26460,0
1770158400000,1.5982,1.6013,1.5977,1.6013,355424.5,1770158459999,568514.40979,1381,244190.2,390622.83903,0
1770158460000,1.6014,1.6014,1.5981,1.5984,209227.0,1770158519999,334611.75081,882,50835.0,81313.72417,0
1770158520000,1.5984,1.5984,1.5950,1.5970,259328.3,1770158579999,414021.39687,1273,124027.6,197994.86978,0
1770158580000,1.5970,1.5974,1.5961,1.5974,120638.0,1770158639999,192610.34720,640,64642.9,103206.64599,0
1770158640000,1.5975,1.5988,1.5959,1.5959,110447.5,1770158699999,176441.69912,944,26539.3,42411.74855,0
1770158700000,1.5959,1.5959,1.5927,1.5931,482945.4,1770158759999,769721.60442,1296,157508.5,251030.34134,0
1770158760000,1.5930,1.5931,1.5865,1.5867,714501.9,1770158819999,1135867.92988,2857,164038.2,260778.61881,0
1770158820000,1.5867,1.5887,1.5853,1.5884,535192.9,1770158879999,849380.38555,2089,332674.3,528039.23083,0
1770158880000,1.5884,1.5887,1.5844,1.5849,351181.8,1770158939999,556866.77241,1468,116962.2,185478.81124,0
1770158940000,1.5849,1.5854,1.5830,1.5843,637050.4,1770158999999,1009054.11100,2025,263019.9,416646.31565,0
1770159000000,1.5843,1.5882,1.5813,1.5877,1299347.1,1770159059999,2058138.28999,2859,368565.5,584382.68319,0
1770159060000,1.5877,1.5878,1.5856,1.5862,132426.5,1770159119999,210085.40820,736,58655.7,93045.12200,0
1770159120000,1.5861,1.5862,1.5834,1.5849,319254.0,1770159179999,505878.17648,1279,88572.4,140323.32000,0
1770159180000,1.5848,1.5886,1.5848,1.5877,341411.3,1770159239999,541900.18300,1443,296274.8,470248.91135,0
1770159240000,1.5877,1.5903,1.5864,1.5898,380597.6,1770159299999,604650.80883,1507,283734.9,450854.75058,0
1770159300000,1.5898,1.5903,1.5875,1.5893,186874.1,1770159359999,296863.07918,1213,78369.1,124497.09180,0
1770159360000,1.5894,1.5895,1.5853,1.5855,395528.6,1770159419999,627628.50664,1550,84668.9,134316.07814,0
1770159420000,1.5855,1.5872,1.5851,1.5872,115263.8,1770159479999,182828.09727,619,63636.7,100933.62236,0
1770159480000,1.5872,1.5879,1.5857,1.5864,189077.5,1770159539999,300085.59943,589,39377.3,62489.80747,0
1770159540000,1.5865,1.5885,1.5861,1.5875,181933.3,1770159599999,288809.57524,1291,86182.2,136791.63273,0
1770159600000,1.5874,1.5883,1.5827,1.5831,362769.4,1770159659999,575125.58893,1961,121713.9,192994.72881,0
1770159660000,1.5832,1.5856,1.5831,1.5842,714458.4,1770159719999,1132017.21319,1951,432871.8,685832.67445,0
1770159720000,1.5842,1.5857,1.5832,1.5840,347901.6,1770159779999,551235.83327,1241,159059.8,252071.94188,0
1770159780000,1.5841,1.5845,1.5768,1.5776,1689966.6,1770159839999,2670217.40943,4793,484097.3,764918.68706,0
1770159840000,1.5776,1.5782,1.5757,1.5765,805891.1,1770159899999,1270870.20343,2466,348532.3,549617.88827,0
1770159900000,1.5765,1.5771,1.5737,1.5737,836903.0,1770159959999,1317927.62172,2621,372334.4,586336.35489,0
1770159960000,1.5738,1.5753,1.5734,1.5742,463347.1,1770160019999,729543.10953,1679,276210.1,434882.00484,0
1770160020000,1.5743,1.5743,1.5718,1.5730,858149.6,1770160079999,1349977.21746,2392,571522.0,899082.76533,0
1770160080000,1.5730,1.5749,1.5728,1.5733,401679.6,1770160139999,632271.00900,1401,240634.0,378797.10676,0
1770160140000,1.5734,1.5806,1.5734,1.5798,2525729.9,1770160199999,3986784.95976,4094,2144844.4,3385476.71522,0
1770160200000,1.5798,1.5805,1.5786,1.5797,516340.8,1770160259999,815612.43176,1604,258662.4,408547.66481,0
1770160260000,1.5797,1.5825,1.5794,1.5795,658827.2,1770160319999,1041673.36820,2181,334368.4,528694.71602,0
1770160320000,1.5795,1.5813,1.5795,1.5801,268802.5,1770160379999,424820.86808,1259,117654.6,185947.93616,0
1770160380000,1.5802,1.5817,1.5801,1.5814,227423.7,1770160439999,359595.13153,1015,150479.4,237924.76601,0
1770160440000,1.5814,1.5835,1.5810,1.5834,375720.1,1770160499999,594595.27227,1161,198517.6,314121.91544,0
1770160500000,1.5833,1.5846,1.5827,1.5834,263381.0,1770160559999,417023.25453,1219,184269.9,291758.02330,0
1770160560000,1.5833,1.5844,1.5813,1.5817,310609.0,1770160619999,491601.16772,1568,134592.5,213052.08310,0
1770160620000,1.5816,1.5816,1.5788,1.5790,361409.0,1770160679999,571125.05161,1424,81863.3,129371.07763,0
1770160680000,1.5790,1.5806,1.5778,1.5801,234655.7,1770160739999,370492.48060,1253,133676.6,211085.12583,0
1770160740000,1.5801,1.5813,1.5787,1.5797,396224.5,1770160799999,626024.42627,1240,78227.0,123596.00316,0
1770160800000,1.5796,1.5798,1.5777,1.5781,166847.9,1770160859999,263395.42017,1302,80412.9,126940.02541,0
1770160860000,1.5781,1.5789,1.5760,1.5776,204719.3,1770160919999,322962.87784,1404,95188.2,150167.25125,0
1770160920000,1.5776,1.5783,1.5761,1.5783,193714.8,1770160979999,305547.69759,1247,120464.6,190006.94623,0
1770160980000,1.5783,1.5795,1.5763,1.5795,167860.1,1770161039999,264795.43096,1123,96376.1,152054.28651,0
1770161040000,1.5795,1.5818,1.5791,1.5818,610706.3,1770161099999,965252.21631,1554,489225.7,773282.22553,0
1770161100000,1.5819,1.5825,1.5794,1.5823,491982.1,1770161159999,778043.27603,1710,259931.9,411095.77128,0
1770161160000,1.5822,1.5833,1.5813,1.5825,337613.3,1770161219999,534325.10922,1326,172697.3,273327.16496,0
1770161220000,1.5825,1.5838,1.5800,1.5810,476274.1,1770161279999,753521.54065,1501,253874.8,401620.07391,0
1770161280000,1.5810,1.5810,1.5777,1.5779,194701.4,1770161339999,307428.15551,1186,71947.8,113568.34366,0
1770161340000,1.5780,1.5786,1.5766,1.5767,195757.7,1770161399999,308776.39634,1041,70389.2,111023.67495,0
1770161400000,1.5767,1.5768,1.5750,1.5761,304842.9,1770161459999,480371.65426,1431,133254.0,209971.47821,0
1770161460000,1.5762,1.5771,1.5748,1.5759,485543.4,1770161519999,765158.72076,1377,256565.4,404298.56477,0
1770161520000,1.5759,1.5770,1.5750,1.5770,310931.1,1770161579999,489968.62602,1117,218658.5,344567.92798,0
1770161580000,1.5770,1.5778,1.5763,1.5770,321444.9,1770161639999,506897.36381,1132,178317.1,281179.04071,0
1770161640000,1.5770,1.5790,1.5768,1.5786,466892.8,1770161699999,736657.79814,1132,355491.0,560918.68845,0
1770161700000,1.5787,1.5800,1.5777,1.5783,409077.7,1770161759999,645740.72951,1358,190963.5,301403.81605,0
1770161760000,1.5783,1.5797,1.5771,1.5787,249471.2,1770161819999,393749.78683,1199,132088.1,208479.57246,0
1770161820000,1.5787,1.5806,1.5780,1.5802,403530.5,1770161879999,637223.37920,1293,265047.2,418494.39469,0
1770161880000,1.5801,1.5801,1.5788,1.5793,230670.6,1770161939999,364347.13588,852,108476.4,171331.63462,0
1770161940000,1.5792,1.5821,1.5790,1.5809,211729.7,1770161999999,334718.26780,1033,142485.6,225222.71728,0
1770162000000,1.5810,1.5824,1.5809,1.5817,220931.0,1770162059999,349494.48415,1007,153323.9,242547.76755,0
1770162060000,1.5818,1.5820,1.5811,1.5812,232765.6,1770162119999,368119.49488,806,109116.5,172569.20622,0
1770162120000,1.5812,1.5813,1.5794,1.5796,205040.1,1770162179999,324035.56200,893,88343.3,139607.90852,0
1770162180000,1.5795,1.5796,1.5766,1.5769,309545.5,1770162239999,488495.23314,1045,62515.1,98657.95306,0
1770162240000,1.5768,1.5779,1.5768,1.5772,152664.0,1770162299999,240792.84944,662,80235.3,126550.55220,0
1770162300000,1.5773,1.5782,1.5744,1.5755,675348.0,1770162359999,1064798.41463,1833,230069.8,362840.39559,0
1770162360000,1.5754,1.5754,1.5681,1.5701,1954786.2,1770162419999,3070391.54849,4940,770911.4,1210595.69439,0
1770162420000,1.5702,1.5711,1.5685,1.5694,730435.4,1770162479999,1146663.40381,2066,375499.4,589499.86797,0
1770162480000,1.5695,1.5734,1.5695,1.5725,496539.6,1770162539999,780535.31685,1707,283461.8,445587.92015,0
1770162540000,1.5725,1.5728,1.5711,1.5716,250138.2,1770162599999,393191.05781,1031,125518.6,197286.26058,0
1770162600000,1.5715,1.5747,1.5715,1.5739,310891.7,1770162659999,489177.92409,1289,202374.7,318390.73812,0
1770162660000,1.5739,1.5755,1.5739,1.5755,337382.6,1770162719999,531281.03396,1010,233854.9,368219.78153,0
1770162720000,1.5754,1.5762,1.5739,1.5757,195386.4,1770162779999,307709.67933,1275,55187.3,86914.21678,0
1770162780000,1.5756,1.5759,1.5733,1.5736,275129.7,1770162839999,433227.76768,1084,118367.1,186414.92700,0
1770162840000,1.5735,1.5750,1.5734,1.5749,106022.4,1770162899999,166905.66152,622,60581.1,95367.02597,0
1770162900000,1.5749,1.5765,1.5749,1.5758,189864.3,1770162959999,299149.32070,803,129472.1,203999.66981,0
1770162960000,1.5758,1.5758,1.5740,1.5745,125709.2,1770163019999,197973.63002,863,37806.9,59537.12472,0
1770163020000,1.5745,1.5767,1.5745,1.5762,198017.4,1770163079999,312076.03829,916,70721.7,111442.99778,0
1770163080000,1.5761,1.5770,1.5759,1.5768,161936.8,1770163139999,255265.08840,804,70363.5,110913.12005,0
1770163140000,1.5768,1.5786,1.5766,1.5782,603992.4,1770163199999,952764.48746,1595,324935.9,512555.76183,0
