open_time,open,high,low,close,volume,close_time,quote_volume,count,taker_buy_volume,taker_buy_quote_volume,ignore
1770595200000,1.4298,1.4303,1.4274,1.4293,1014149.7,1770595259999,1449255.42663,2810,384311.8,549133.45490,0
1770595260000,1.4293,1.4326,1.4289,1.4305,908098.4,1770595319999,1299392.33508,2952,639568.2,915156.32318,0
1770595320000,1.4305,1.4327,1.4298,1.4312,469683.9,1770595379999,672244.93856,1970,270983.8,387907.54560,0
1770595380000,1.4311,1.4317,1.4284,1.4287,733159.6,1770595439999,1048203.06348,2477,318824.0,455897.93634,0
1770595440000,1.4287,1.4327,1.4287,1.4314,490139.0,1770595499999,701390.30919,2101,300322.2,429746.63927,0
1770595500000,1.4314,1.4344,1.4301,1.4341,406293.1,1770595559999,582095.42694,2115,213508.6,305908.81459,0
1770595560000,1.4341,1.4341,1.4312,1.4315,561107.7,1770595619999,803725.26817,2419,326005.7,466913.50884,0
1770595620000,1.4314,1.4320,1.4285,1.4285,495036.6,1770595679999,708209.01315,1938,224031.2,320471.21803,0
1770595680000,1.4285,1.4308,1.4279,1.4298,543624.3,1770595739999,776990.26917,2058,357130.4,510483.78037,0
1770595740000,1.4298,1.4329,1.4298,1.4325,351881.4,1770595799999,503827.33813,2078,167227.7,239425.95185,0
1770595800000,1.4325,1.4336,1.4315,1.4315,345197.0,1770595859999,494509.24835,1955,145592.6,208568.91720,0
1770595860000,1.4315,1.4332,1.4315,1.4320,306663.1,1770595919999,439258.39687,1716,212270.2,304037.34465,0
1770595920000,1.4320,1.4349,1.4309,1.4347,444501.7,1770595979999,636989.50138,1863,285083.2,408491.51631,0
1770595980000,1.4347,1.4362,1.4341,1.4355,534077.9,1770596039999,766545.33308,1906,381145.6,547068.35406,0
1770596040000,1.4355,1.4362,1.4344,1.4360,391427.0,1770596099999,561873.32028,1545,176158.0,252903.35446,0
1770596100000,1.4361,1.4380,1.4348,1.4353,564285.4,1770596159999,810711.29378,2266,275070.5,395202.79916,0
1770596160000,1.4352,1.4360,1.4319,1.4320,390208.8,1770596219999,559560.63134,2061,158103.3,226755.40716,0
1770596220000,1.4319,1.4319,1.4295,1.4299,753594.5,1770596279999,1078164.83627,2188,325050.8,465076.03633,0
1770596280000,1.4300,1.4334,1.4300,1.4327,447300.1,1770596339999,640551.07619,1820,209069.3,299311.62461,0
1770596340000,1.4328,1.4347,1.4326,1.4330,400318.7,1770596399999,573832.58246,1437,259773.3,372350.19962,0
1770596400000,1.4329,1.4360,1.4329,1.4360,324519.6,1770596459999,465636.31392,1471,142731.3,204812.09914,0
1770596460000,1.4360,1.4384,1.4359,1.4363,714144.3,1770596519999,1026634.70297,2071,222827.8,320270.93738,0
1770596520000,1.4364,1.4385,1.4351,1.4363,289319.5,1770596579999,415793.65453,1521,117997.2,169602.19611,0
1770596580000,1.4363,1.4382,1.4363,1.4381,248723.6,1770596639999,357499.88331,1019,142788.5,205223.45177,0
1770596640000,1.4381,1.4403,1.4374,1.4396,669436.1,1770596699999,963594.55017,1699,447786.4,644553.85596,0
1770596700000,1.4396,1.4407,1.4391,1.4397,556740.5,1770596759999,801735.57960,1532,363023.4,522759.56163,0
1770596760000,1.4398,1.4399,1.4345,1.4348,491589.6,1770596819999,706142.02540,2055,247089.1,354871.22579,0
1770596820000,1.4347,1.4351,1.4315,1.4340,504120.2,1770596879999,722609.72313,1864,251110.4,359942.57591,0
1770596880000,1.4341,1.4343,1.4315,1.4317,214420.2,1770596939999,307249.29278,1235,52774.3,75623.40141,0
1770596940000,1.4317,1.4317,1.4293,1.4303,720939.3,1770596999999,1030989.86545,1971,222409.7,318058.79090,0
1770597000000,1.4302,1.4306,1.4284,1.4286,533680.4,1770597059999,762891.88927,1522,241216.5,344845.78869,0
1770597060000,1.4286,1.4301,1.4239,1.4294,2100846.2,1770597119999,2996120.06122,3812,758659.1,1081694.88573,0
1770597120000,1.4293,1.4313,1.4277,1.4280,337511.4,1770597179999,482589.75784,1466,148080.0,211751.06206,0
1770597180000,1.4280,1.4320,1.4280,1.4313,442740.2,1770597239999,632871.93787,1408,288854.7,412891.63020,0
1770597240000,1.4313,1.4333,1.4312,1.4324,263276.7,1770597299999,377091.71346,1424,152394.8,218276.77111,0
1770597300000,1.4324,1.4324,1.4296,1.4301,390987.5,1770597359999,559757.90569,1279,105651.0,151235.76462,0
1770597360000,1.4301,1.4301,1.4278,1.4278,154446.5,1770597419999,220696.17259,1129,66442.5,94937.98381,0
1770597420000,1.4278,1.4292,1.4254,1.4256,750362.9,1770597479999,1070948.44850,2148,449546.5,641543.78347,0
1770597480000,1.4256,1.4276,1.4255,1.4270,292308.6,1770597539999,417002.04020,1317,173857.9,248024.05842,0
1770597540000,1.4271,1.4290,1.4267,1.4279,329206.9,1770597599999,470040.75388,1422,206917.1,295404.34067,0
1770597600000,1.4278,1.4291,1.4237,1.4239,593588.7,1770597659999,846264.43141,2052,204693.2,291783.28952,0
1770597660000,1.4239,1.4290,1.4237,1.4288,550940.5,1770597719999,785262.68082,2209,298221.3,425096.31176,0
1770597720000,1.4288,1.4292,1.4261,1.4262,436975.0,1770597779999,623686.60151,1752,135143.7,192888.49578,0
1770597780000,1.4262,1.4283,1.4255,1.4274,884656.7,1770597839999,1262423.46924,2734,263785.5,376420.18710,0
1770597840000,1.4274,1.4279,1.4262,1.4268,143311.1,1770597899999,204491.46903,1179,79391.8,113284.48489,0
1770597900000,1.4267,1.4277,1.4236,1.4254,618733.5,1770597959999,881903.08502,2386,227776.4,324669.37184,0
1770597960000,1.4254,1.4290,1.4251,1.4285,341597.4,1770598019999,487345.13651,2241,237959.5,339449.82198,0
1770598020000,1.4285,1.4299,1.4276,1.4279,305113.9,1770598079999,435900.28892,1813,156726.0,223898.31974,0
1770598080000,1.4280,1.4304,1.4277,1.4300,245981.6,1770598139999,351553.41690,1463,163528.0,233749.20905,0
1770598140000,1.4301,1.4318,1.4296,1.4314,311244.8,1770598199999,445270.86414,1716,205132.7,293454.22704,0
1770598200000,1.4314,1.4318,1.4304,1.4304,156753.4,1770598259999,224338.10699,1218,90911.7,130113.43866,0
1770598260000,1.4304,1.4311,1.4296,1.4303,175297.4,1770598319999,250724.44212,1369,89391.2,127856.92844,0
1770598320000,1.4303,1.4324,1.4298,1.4320,265460.7,1770598379999,379873.12488,1533,165690.5,237083.84406,0
1770598380000,1.4320,1.4325,1.4304,1.4307,442914.8,1770598439999,633875.47195,1519,97626.7,139753.90111,0
1770598440000,1.4307,1.4307,1.4287,1.4298,310026.7,1770598499999,443133.86101,1224,205080.0,293107.44151,0
1770598500000,1.4298,1.4309,1.4292,1.4301,278726.1,1770598559999,398581.67698,1403,104886.9,150000.42891,0
1770598560000,1.4300,1.4311,1.4286,1.4311,274526.8,1770598619999,392453.83640,1504,143736.4,205503.19610,0
1770598620000,1.4312,1.4325,1.4311,1.4315,215840.8,1770598679999,309034.79647,1229,116782.3,167208.96064,0
1770598680000,1.4315,1.4330,1.4311,1.4327,289221.0,1770598739999,414190.35601,1208,169349.3,242552.32700,0
1770598740000,1.4327,1.4332,1.4317,1.4318,121391.2,1770598799999,173930.93242,969,59282.7,84945.96635,0
1770598800000,1.4317,1.4322,1.4302,1.4316,235622.2,1770598859999,337216.21319,1706,135576.6,194030.71855,0
1770598860000,1.4315,1.4320,1.4305,1.4320,175945.8,1770598919999,251790.07649,1359,110143.7,157615.26409,0
1770598920000,1.4321,1.4340,1.4319,1.4332,415250.3,1770598979999,594994.52249,1729,182582.0,261636.79375,0
1770598980000,1.4331,1.4338,1.4274,1.4301,644300.4,1770599039999,921403.79463,2659,200898.3,287254.70537,0
1770599040000,1.4302,1.4320,1.4291,1.4295,277720.3,1770599099999,397322.55341,1568,157026.8,224705.81821,0
1770599100000,1.4294,1.4295,1.4253,1.4253,393282.7,1770599159999,561250.93804,2120,138447.1,197557.40119,0
1770599160000,1.4253,1.4260,1.4247,1.4257,756535.1,1770599219999,1078306.23676,2318,303791.9,433029.47965,0
1770599220000,1.4258,1.4269,1.4255,1.4258,217695.4,1770599279999,310443.41352,1501,118090.1,168405.60969,0
1770599280000,1.4258,1.4286,1.4252,1.4274,551948.0,1770599339999,787796.24561,1722,368054.2,525260.51651,0
1770599340000,1.4274,1.4292,1.4268,1.4285,156913.0,1770599399999,224078.15706,1342,83564.5,119330.52688,0
1770599400000,1.4285,1.4289,1.4275,1.4284,226706.6,1770599459999,323743.76817,1443,116809.0,166820.81920,0
1770599460000,1.4284,1.4295,1.4277,1.4284,175463.3,1770599519999,250621.00151,1327,84852.4,121182.65188,0
1770599520000,1.4283,1.4288,1.4276,1.4280,134702.5,1770599579999,192392.20586,1003,27204.0,38853.63137,0
1770599580000,1.4280,1.4286,1.4263,1.4263,164493.3,1770599639999,234833.37278,1071,111501.8,159188.26888,0
1770599640000,1.4263,1.4270,1.4260,1.4270,187364.7,1770599699999,267292.95320,1067,106559.0,152011.71702,0
1770599700000,1.4270,1.4280,1.4254,1.4258,281746.8,1770599759999,401883.68390,1588,85654.2,122168.54299,0
1770599760000,1.4258,1.4285,1.4246,1.4283,374920.3,1770599819999,534586.77868,1723,132188.4,188491.01855,0
1770599820000,1.4282,1.4310,1.4281,1.4308,471151.1,1770599879999,673492.96791,2023,200403.8,286425.11529,0
1770599880000,1.4308,1.4329,1.4308,1.4314,406196.7,1770599939999,581577.54767,1793,194867.5,279006.36997,0
1770599940000,1.4314,1.4339,1.4310,1.4335,330223.5,1770599999999,473110.49548,1141,173386.5,248425.87089,0
1770600000000,1.4335,1.4355,1.4335,1.4341,612553.3,1770600059999,878797.89088,1718,265750.3,381233.81853,0
1770600060000,1.4341,1.4368,1.4334,1.4364,506559.0,1770600119999,726726.56389,1653,206588.8,296378.49194,0
1770600120000,1.4364,1.4438,1.4364,1.4418,3360266.0,1770600179999,4843263.50134,6224,1675897.9,2415191.14798,0
1770600180000,1.4417,1.4430,1.4406,1.4406,596851.0,1770600239999,860733.85121,2005,263649.5,380232.71513,0
1770600240000,1.4406,1.4440,1.4386,1.4431,1842722.6,1770600299999,2655295.52461,3109,917953.9,1323317.60053,0
1770600300000,1.4430,1.4442,1.4405,1.4412,1798508.8,1770600359999,2594172.44568,3138,895486.0,1291969.94037,0
1770600360000,1.4412,1.4435,1.4394,1.4401,1341370.4,1770600419999,1934140.27518,2690,844266.0,1217610.71059,0
1770600420000,1.4400,1.4401,1.4384,1.4391,470991.6,1770600479999,677754.14375,1813,167240.7,240671.56902,0
1770600480000,1.4392,1.4394,1.4366,1.4374,501513.7,1770600539999,721290.39194,1754,230118.3,330956.92572,0
1770600540000,1.4373,1.4374,1.4345,1.4362,639279.5,1770600599999,917765.11784,1917,364633.7,523435.17014,0
1770600600000,1.4362,1.4364,1.4343,1.4352,377716.3,1770600659999,542215.98786,1565,225171.2,323208.22021,0
1770600660000,1.4353,1.4367,1.4352,1.4367,508149.5,1770600719999,729910.47566,1111,443091.0,636490.87346,0
1770600720000,1.4367,1.4374,1.4345,1.4357,593542.9,1770600779999,852186.83444,1968,283207.4,406600.71468,0
1770600780000,1.4356,1.4358,1.4332,1.4357,330380.1,1770600839999,473927.19239,1386,195570.0,280489.18236,0
1770600840000,1.4358,1.4361,1.4337,1.4348,742894.5,1770600899999,1065871.75077,2159,285005.4,408898.29653,0
1770600900000,1.4347,1.4348,1.4308,1.4320,566805.9,1770600959999,811809.75706,1938,280660.5,401828.52539,0
1770600960000,1.4321,1.4325,1.4287,1.4296,1048510.4,1770601019999,1499105.87316,2219,586555.8,838540.69685,0
1770601020000,1.4297,1.4304,1.4264,1.4289,1420206.1,1770601079999,2027479.10594,3026,485052.9,692561.85686,0
1770601080000,1.4289,1.4291,1.4275,1.4289,525026.2,1770601139999,749893.15990,1743,260463.0,372026.07404,0
1770601140000,1.4290,1.4294,1.4282,1.4286,321108.5,1770601199999,458807.34487,1255,163743.7,233963.69122,0
1770601200000,1.4286,1.4291,1.4252,1.4272,1712876.9,1770601259999,2443025.63230,2949,575358.6,820634.52614,0
1770601260000,1.4272,1.4272,1.4240,1.4244,1639245.2,1770601319999,2335688.55920,2579,609736.0,868751.64772,0
1770601320000,1.4245,1.4247,1.4183,1.4202,4360737.1,1770601379999,6196584.47157,6425,1476633.7,2098448.04260,0
1770601380000,1.4203,1.4235,1.4202,1.4224,958873.1,1770601439999,1363625.29520,2704,569773.2,810258.08047,0
1770601440000,1.4224,1.4235,1.4217,1.4218,627880.9,1770601499999,893179.52843,1813,331779.3,471962.46466,0
1770601500000,1.4218,1.4231,1.4210,1.4227,621521.5,1770601559999,884077.48270,2416,350034.0,497896.03873,0
1770601560000,1.4227,1.4234,1.4211,1.4211,725810.6,1770601619999,1032075.66058,1816,154655.5,220025.70522,0
1770601620000,1.4211,1.4252,1.4192,1.4243,1709460.3,1770601679999,2431042.41820,3037,898975.8,1279445.98571,0
1770601680000,1.4243,1.4246,1.4179,1.4183,884592.5,1770601739999,1256398.93515,2551,152386.4,216558.62328,0
1770601740000,1.4183,1.4211,1.4181,1.4182,881048.4,1770601799999,1250657.39429,2666,418285.7,593736.67044,0
1770601800000,1.4182,1.4244,1.4182,1.4240,2566416.8,1770601859999,3648446.05370,4531,1234509.8,1754270.79754,0
1770601860000,1.4240,1.4254,1.4230,1.4239,1425906.1,1770601919999,2030531.38417,3352,410937.2,585323.14934,0
1770601920000,1.4239,1.4256,1.4239,1.4250,327924.8,1770601979999,467215.20970,1532,139278.3,198445.81831,0
1770601980000,1.4249,1.4266,1.4244,1.4248,434728.5,1770602039999,619653.11120,1843,247164.0,352320.81902,0
1770602040000,1.4247,1.4252,1.4241,1.4250,196713.7,1770602099999,280223.07354,1354,123715.3,176244.18525,0
1770602100000,1.4249,1.4269,1.4245,1.4265,410975.1,1770602159999,585998.22345,1865,263408.7,375593.21306,0
1770602160000,1.4266,1.4267,1.4235,1.4236,330561.6,1770602219999,470902.26544,1225,97412.3,138756.69848,0
1770602220000,1.4236,1.4236,1.4211,1.4234,415254.7,1770602279999,590585.18101,1601,154914.1,220311.11652,0
1770602280000,1.4233,1.4248,1.4232,1.4236,317912.9,1770602339999,452786.95929,1225,228202.9,325038.21930,0
1770602340000,1.4237,1.4239,1.4229,1.4230,190124.1,1770602399999,270630.13591,888,100738.8,143399.49732,0
1770602400000,1.4230,1.4232,1.4213,1.4219,575181.0,1770602459999,817978.77067,1894,385735.1,548554.16042,0
1770602460000,1.4219,1.4227,1.4193,1.4219,2987700.3,1770602519999,4244714.34140,3942,864276.6,1227742.26031,0
1770602520000,1.4219,1.4232,1.4199,1.4203,573496.2,1770602579999,815566.53184,1824,347599.8,494331.66453,0
1770602580000,1.4204,1.4223,1.4198,1.4220,302137.1,1770602639999,429333.87734,1650,178645.1,253901.08957,0
1770602640000,1.4220,1.4240,1.4219,1.4240,485232.0,1770602699999,690438.49631,2179,306668.8,436379.39742,0
1770602700000,1.4240,1.4256,1.4220,1.4234,445660.3,1770602759999,634530.57658,2410,289608.7,412365.97038,0
1770602760000,1.4234,1.4240,1.4214,1.4237,332211.2,1770602819999,472489.37673,2097,199152.9,283231.61020,0
1770602820000,1.4238,1.4248,1.4225,1.4248,184052.2,1770602879999,262030.10654,1654,95115.5,135426.73008,0
1770602880000,1.4247,1.4283,1.4247,1.4282,731357.1,1770602939999,1043285.32273,2093,409106.4,583494.81172,0
1770602940000,1.4283,1.4297,1.4268,1.4270,1216243.8,1770602999999,1737797.28043,2682,977097.3,1396165.82775,0
1770603000000,1.4270,1.4314,1.4269,1.4313,1307713.6,1770603059999,1869778.37370,2591,991391.6,1417606.09361,0
1770603060000,1.4312,1.4326,1.4303,1.4310,681133.3,1770603119999,975127.62487,1811,256663.7,367413.03899,0
1770603120000,1.4311,1.4311,1.4280,1.4283,479165.2,1770603179999,684714.33352,1890,229285.6,327559.49286,0
1770603180000,1.4284,1.4292,1.4277,1.4286,255855.7,1770603239999,365449.80414,1439,180617.9,257976.44470,0
1770603240000,1.4286,1.4286,1.4267,1.4269,230304.9,1770603299999,328773.51605,1094,75390.3,107630.71714,0
1770603300000,1.4270,1.4270,1.4255,1.4265,366239.3,1770603359999,522315.06270,1654,176480.5,251681.85124,0
1770603360000,1.4266,1.4287,1.4262,1.4274,287857.1,1770603419999,410839.00277,1311,179402.1,256041.62985,0
1770603420000,1.4274,1.4283,1.4270,1.4279,192372.3,1770603479999,274684.40592,1175,55025.3,78561.73853,0
1770603480000,1.4280,1.4286,1.4262,1.4267,323022.1,1770603539999,461205.36487,1159,211871.0,302524.25679,0
1770603540000,1.4267,1.4279,1.4264,1.4268,232644.6,1770603599999,332037.50403,1173,142403.4,203239.99630,0
1770603600000,1.4269,1.4285,1.4267,1.4281,282639.0,1770603659999,403532.25533,1159,209603.1,299264.67581,0
1770603660000,1.4282,1.4282,1.4266,1.4272,186395.6,1770603719999,266039.79033,964,95255.2,135952.63746,0
1770603720000,1.4271,1.4288,1.4266,1.4266,357755.1,1770603779999,510805.97277,1131,237343.7,338898.43525,0
1770603780000,1.4266,1.4274,1.4255,1.4274,171277.4,1770603839999,244311.46051,1097,96685.8,137918.05584,0
1770603840000,1.4274,1.4291,1.4269,1.4271,272448.9,1770603899999,389139.67748,1407,124246.1,177432.88644,0
1770603900000,1.4271,1.4284,1.4269,1.4284,305867.4,1770603959999,436608.32896,1139,114196.2,163017.83539,0
1770603960000,1.4284,1.4286,1.4270,1.4273,161556.9,1770604019999,230642.59187,985,68364.2,97603.56908,0
1770604020000,1.4274,1.4281,1.4267,1.4271,122510.1,1770604079999,174847.43280,623,56690.0,80903.65573,0
1770604080000,1.4271,1.4282,1.4258,1.4279,162417.4,1770604139999,231799.45003,750,83989.8,119873.76085,0
1770604140000,1.4279,1.4296,1.4279,1.4287,162691.7,1770604199999,232466.88607,669,128188.1,183164.47669,0
1770604200000,1.4288,1.4324,1.4281,1.4317,1164987.3,1770604259999,1666414.69098,2161,945821.5,1352790.72969,0
1770604260000,1.4317,1.4328,1.4304,1.4305,339169.6,1770604319999,485535.85954,1275,176656.9,252876.77684,0
1770604320000,1.4306,1.4327,1.4306,1.4323,479453.8,1770604379999,686477.72573,1149,377024.4,539828.47025,0
1770604380000,1.4324,1.4324,1.4297,1.4309,250143.0,1770604439999,357939.81828,973,145710.7,208495.02165,0
1770604440000,1.4309,1.4316,1.4305,1.4307,253763.8,1770604499999,363096.27300,886,182197.7,260684.18737,0
1770604500000,1.4307,1.4321,1.4306,1.4314,117269.9,1770604559999,167859.24612,653,56759.0,81238.00589,0
1770604560000,1.4314,1.4350,1.4314,1.4331,788332.2,1770604619999,1130374.56815,1769,538156.9,771601.82959,0
1770604620000,1.4331,1.4344,1.4331,1.4338,168955.7,1770604679999,242265.09369,824,75398.9,108101.78981,0
1770604680000,1.4338,1.4343,1.4320,1.4335,261514.1,1770604739999,374756.31682,1206,128044.2,183497.18718,0
1770604740000,1.4335,1.4394,1.4334,1.4392,1856023.7,1770604799999,2667014.70435,2955,1051688.0,1510951.81392,0
1770604800000,1.4392,1.4431,1.4384,1.4422,2442015.8,1770604859999,3517438.85803,3659,1092739.7,1573947.29271,0
1770604860000,1.4423,1.4538,1.4422,1.4490,7449235.0,1770604919999,10797062.29532,10324,4133602.2,5990117.62844,0
1770604920000,1.4491,1.4503,1.4477,1.4477,984104.9,1770604979999,1425913.30478,2544,338063.1,489826.03749,0
1770604980000,1.4476,1.4479,1.4459,1.4465,1214198.3,1770605039999,1756628.32142,2308,510022.2,737852.81985,0
1770605040000,1.4464,1.4466,1.4450,1.4454,908213.3,1770605099999,1313105.43117,1855,355423.2,513905.21688,0
1770605100000,1.4455,1.4466,1.4431,1.4447,1495295.6,1770605159999,2160059.69889,2246,474755.1,686085.56959,0
1770605160000,1.4448,1.4448,1.4424,1.4436,607081.7,1770605219999,876237.09641,1508,169752.4,244997.24805,0
1770605220000,1.4437,1.4454,1.4437,1.4452,844028.9,1770605279999,1219310.85113,1698,402245.8,581078.53832,0
1770605280000,1.4451,1.4459,1.4430,1.4432,363440.0,1770605339999,525061.06397,1085,196759.1,284302.69344,0
1770605340000,1.4433,1.4448,1.4433,1.4446,348094.0,1770605399999,502688.38555,1027,173704.0,250832.95520,0
1770605400000,1.4445,1.4455,1.4433,1.4450,408537.4,1770605459999,590086.32359,1595,222712.4,321674.61819,0
1770605460000,1.4450,1.4475,1.4432,1.4469,1617524.1,1770605519999,2338143.39571,2483,1288033.9,1861784.81339,0
1770605520000,1.4470,1.4470,1.4427,1.4432,563237.8,1770605579999,813875.43029,1600,212002.3,306271.05672,0
1770605580000,1.4433,1.4454,1.4427,1.4448,291751.1,1770605639999,421247.77944,1267,120362.6,173776.90453,0
1770605640000,1.4447,1.4448,1.4428,1.4437,325099.1,1770605699999,469412.78538,991,56018.3,80884.99981,0
1770605700000,1.4436,1.4447,1.4428,1.4432,446771.7,1770605759999,644976.17322,1456,113363.4,163648.79092,0
1770605760000,1.4431,1.4448,1.4429,1.4445,282640.4,1770605819999,408185.48699,1232,145732.2,210473.25757,0
1770605820000,1.4445,1.4445,1.4430,1.4436,181367.6,1770605879999,261822.86963,1128,58362.4,84249.09351,0
1770605880000,1.4435,1.4436,1.4405,1.4412,405254.3,1770605939999,584313.81675,1204,91505.9,131977.83918,0
1770605940000,1.4412,1.4415,1.4406,1.4415,372540.7,1770605999999,536846.30050,948,121619.8,175269.54549,0
1770606000000,1.4415,1.4427,1.4414,1.4417,447872.0,1770606059999,645887.76699,1253,292881.9,422416.03034,0
1770606060000,1.4417,1.4422,1.4407,1.4413,265994.4,1770606119999,383418.51251,1134,62461.0,90039.37727,0
1770606120000,1.4412,1.4437,1.4411,1.4428,297565.5,1770606179999,429311.22793,1417,154105.4,222342.52362,0
1770606180000,1.4428,1.4439,1.4412,1.4427,313314.5,1770606239999,451941.57309,1207,96529.2,139280.33839,0
1770606240000,1.4426,1.4433,1.4422,1.4427,265819.1,1770606299999,383517.67963,1069,53818.8,77653.56825,0
1770606300000,1.4426,1.4426,1.4403,1.4425,214065.4,1770606359999,308509.44527,1408,83286.0,120031.36073,0
1770606360000,1.4425,1.4455,1.4420,1.4446,550769.4,1770606419999,795245.78722,1866,381877.2,551383.63647,0
1770606420000,1.4447,1.4449,1.4428,1.4443,362797.6,1770606479999,523876.39901,1402,152293.5,219924.61982,0
1770606480000,1.4442,1.4442,1.4407,1.4415,324551.6,1770606539999,468213.82994,1249,76427.3,110225.89064,0
1770606540000,1.4416,1.4417,1.4401,1.4403,252896.4,1770606599999,364423.38408,960,83718.9,120646.69523,0
1770606600000,1.4404,1.4418,1.4400,1.4404,404869.1,1770606659999,583457.60533,1160,187309.3,269961.90055,0
1770606660000,1.4404,1.4409,1.4394,1.4403,407876.0,1770606719999,587326.02629,1229,120972.1,174203.32927,0
1770606720000,1.4403,1.4404,1.4396,1.4400,268568.6,1770606779999,386748.79413,764,120540.1,173582.91956,0
1770606780000,1.4401,1.4403,1.4398,1.4399,80357.7,1770606839999,115719.82127,485,41024.5,59079.94389,0
1770606840000,1.4400,1.4405,1.4398,1.4404,148750.9,1770606899999,214200.77107,345,121448.3,174887.74904,0
1770606900000,1.4405,1.4427,1.4405,1.4424,417551.4,1770606959999,601970.15742,1119,354058.7,510431.46925,0
1770606960000,1.4425,1.4464,1.4424,1.4460,263543.2,1770607019999,380653.04877,1546,139674.8,201742.98017,0
1770607020000,1.4459,1.4472,1.4446,1.4459,638581.9,1770607079999,922930.72856,1606,139357.3,201494.54149,0
1770607080000,1.4459,1.4470,1.4453,1.4456,183978.7,1770607139999,266044.04769,1181,102050.5,147572.64372,0
1770607140000,1.4455,1.4455,1.4444,1.4452,270707.3,1770607199999,391149.48802,862,92948.0,134300.96037,0
1770607200000,1.4451,1.4456,1.4439,1.4446,196205.6,1770607259999,283459.21168,853,90411.0,130629.85634,0
1770607260000,1.4446,1.4465,1.4446,1.4460,262726.1,1770607319999,379779.26520,928,204189.7,295154.17759,0
1770607320000,1.4460,1.4460,1.4433,1.4437,250719.4,1770607379999,362162.44116,1407,140175.4,202466.41853,0
1770607380000,1.4436,1.4439,1.4419,1.4426,234286.9,1770607439999,338015.00041,1133,109180.5,157496.94501,0
1770607440000,1.4426,1.4441,1.4420,1.4441,448810.6,1770607499999,647769.88308,911,287695.8,415249.64486,0
1770607500000,1.4440,1.4465,1.4440,1.4450,651603.1,1770607559999,942003.67836,1541,328649.9,475053.57841,0
1770607560000,1.4451,1.4452,1.4420,1.4428,325693.5,1770607619999,469943.60275,1181,186217.2,268633.63691,0
1770607620000,1.4429,1.4450,1.4429,1.4442,114936.6,1770607679999,166012.40234,742,50051.8,72275.29400,0
1770607680000,1.4443,1.4456,1.4443,1.4448,142076.2,1770607739999,205297.29141,687,93876.6,135648.15625,0
1770607740000,1.4448,1.4451,1.4443,1.4451,105076.6,1770607799999,151804.03019,514,77298.1,111672.23595,0
1770607800000,1.4450,1.4467,1.4447,1.4463,436788.5,1770607859999,631444.73749,1342,202419.0,292599.28419,0
1770607860000,1.4463,1.4499,1.4454,1.4454,868736.3,1770607919999,1258269.31863,2303,571101.2,827110.28589,0
1770607920000,1.4453,1.4480,1.4450,1.4476,448809.4,1770607979999,649175.60206,1842,294811.3,426392.56033,0
1770607980000,1.4476,1.4491,1.4474,1.4482,263463.5,1770608039999,381578.97070,1216,175266.9,253846.86026,0
1770608040000,1.4481,1.4506,1.4478,1.4485,594778.7,1770608099999,862185.21248,2118,288506.5,418244.94493,0
1770608100000,1.4484,1.4507,1.4473,1.4491,419043.3,1770608159999,607340.74828,1886,216490.5,313759.29657,0
1770608160000,1.4491,1.4498,1.4476,1.4481,1063132.9,1770608219999,1539852.95215,1746,478552.4,693257.93573,0
1770608220000,1.4480,1.4490,1.4470,1.4487,306562.4,1770608279999,443843.75942,1314,180347.3,261113.64469,0
1770608280000,1.4486,1.4487,1.4459,1.4469,282330.8,1770608339999,408476.15060,983,83756.0,121138.38387,0
1770608340000,1.4468,1.4492,1.4468,1.4492,302042.7,1770608399999,437243.32411,1296,187461.8,271380.13411,0
1770608400000,1.4492,1.4494,1.4474,1.4489,345267.5,1770608459999,500031.01312,1375,138698.3,200861.65245,0
1770608460000,1.4488,1.4491,1.4476,1.4482,145605.1,1770608519999,210900.66328,1054,57226.1,82892.93256,0
1770608520000,1.4482,1.4503,1.4474,1.4501,396543.7,1770608579999,574479.45410,1523,208972.3,302710.40823,0
1770608580000,1.4501,1.4537,1.4495,1.4497,1563227.8,1770608639999,2269697.84823,2888,624118.5,906369.93879,0
1770608640000,1.4498,1.4510,1.4491,1.4500,770234.6,1770608699999,1116742.31946,2045,480354.5,696450.43456,0
1770608700000,1.4499,1.4515,1.4491,1.4494,356580.5,1770608759999,517186.16748,1724,172754.7,250529.17431,0
1770608760000,1.4493,1.4502,1.4485,1.4499,258774.3,1770608819999,375029.76885,1238,128745.9,186573.97938,0
1770608820000,1.4499,1.4515,1.4488,1.4489,265876.1,1770608879999,385651.99419,1333,128376.9,186205.62729,0
1770608880000,1.4488,1.4518,1.4486,1.4506,982958.9,1770608939999,1425921.92684,2079,446381.3,647478.43617,0
1770608940000,1.4506,1.4518,1.4500,1.4503,159368.7,1770608999999,231233.33580,881,77353.9,112247.47270,0
1770609000000,1.4504,1.4508,1.4487,1.4496,318532.5,1770609059999,461818.79745,1446,167241.3,242440.30125,0
1770609060000,1.4496,1.4496,1.4476,1.4481,316387.2,1770609119999,458142.57601,1111,181583.0,262925.08399,0
1770609120000,1.4481,1.4515,1.4478,1.4515,239416.9,1770609179999,347016.76092,1133,172058.0,249433.13085,0
1770609180000,1.4515,1.4536,1.4508,1.4512,429782.1,1770609239999,624088.42851,1907,219911.3,319347.62070,0
1770609240000,1.4511,1.4528,1.4507,1.4528,253599.6,1770609299999,368128.99781,1020,178527.2,259143.06008,0
1770609300000,1.4527,1.4531,1.4508,1.4530,376759.1,1770609359999,547039.55975,1462,198297.8,287915.40107,0
1770609360000,1.4531,1.4535,1.4506,1.4508,377998.9,1770609419999,548938.87761,1452,174449.7,253369.75258,0
1770609420000,1.4508,1.4508,1.4497,1.4498,200248.5,1770609479999,290370.34482,891,94602.6,137176.48848,0
1770609480000,1.4498,1.4507,1.4491,1.4505,271765.4,1770609539999,394045.62309,1136,178576.9,258923.78370,0
1770609540000,1.4505,1.4520,1.4503,1.4512,479086.3,1770609599999,695144.91805,1373,300449.1,435940.70464,0
1770609600000,1.4512,1.4512,1.4483,1.4498,369785.3,1770609659999,536066.77730,1632,175097.2,253828.38150,0
1770609660000,1.4498,1.4508,1.4480,1.4504,1624947.3,1770609719999,2355747.27608,2563,1053875.3,1527742.55236,0
1770609720000,1.4504,1.4512,1.4492,1.4512,496954.9,1770609779999,720629.85404,1128,153198.7,222191.61402,0
1770609780000,1.4512,1.4520,1.4498,1.4498,440565.7,1770609839999,639360.13928,1132,340899.9,494744.39821,0
1770609840000,1.4498,1.4500,1.4472,1.4474,328317.1,1770609899999,475585.85748,1282,84787.4,122821.71777,0
1770609900000,1.4474,1.4486,1.4474,1.4475,416976.1,1770609959999,603676.06375,1387,135468.5,196137.85163,0
1770609960000,1.4475,1.4478,1.4465,1.4467,482897.0,1770610019999,698776.87270,1456,170846.1,247217.68345,0
1770610020000,1.4467,1.4470,1.4460,1.4467,167010.6,1770610079999,241562.44018,863,93255.5,134894.66517,0
1770610080000,1.4468,1.4476,1.4464,1.4471,298375.4,1770610139999,431748.24899,978,138014.9,199713.90089,0
1770610140000,1.4470,1.4495,1.4470,1.4480,425721.8,1770610199999,616631.37575,1483,291614.0,422368.71577,0
1770610200000,1.4479,1.4479,1.4457,1.4469,193206.2,1770610259999,279482.71829,1000,68244.7,98709.01082,0
1770610260000,1.4469,1.4480,1.4466,1.4477,75250.4,1770610319999,108911.91848,709,40008.1,57903.61748,0
1770610320000,1.4476,1.4477,1.4448,1.4456,334546.2,1770610379999,483605.37676,1100,108546.2,156870.09547,0
1770610380000,1.4456,1.4461,1.4454,1.4456,127998.2,1770610439999,185056.51432,722,55888.0,80804.77848,0
1770610440000,1.4456,1.4458,1.4451,1.4454,162018.2,1770610499999,234192.98924,608,117440.5,169759.40859,0
1770610500000,1.4454,1.4461,1.4454,1.4457,176255.8,1770610559999,254807.64552,625,96905.5,140096.29205,0
1770610560000,1.4458,1.4460,1.4444,1.4458,144121.9,1770610619999,208270.48890,771,67805.9,97978.72023,0
1770610620000,1.4458,1.4468,1.4457,1.4466,115253.4,1770610679999,166678.77653,666,71592.5,103543.08157,0
1770610680000,1.4466,1.4483,1.4460,1.4473,440158.6,1770610739999,637109.05306,1226,378412.2,547739.52218,0
1770610740000,1.4473,1.4494,1.4469,1.4489,173136.4,1770610799999,250745.12303,942,92905.9,134547.96835,0
1770610800000,1.4488,1.4506,1.4486,1.4502,235352.3,1770610859999,341157.76891,1142,163483.6,236978.03845,0
1770610860000,1.4503,1.4509,1.4493,1.4500,145972.4,1770610919999,211724.05744,790,56935.0,82580.60713,0
1770610920000,1.4499,1.4500,1.4486,1.4496,449916.9,1770610979999,651970.30338,895,135141.4,195857.46305,0
1770610980000,1.4496,1.4510,1.4494,1.4508,404060.0,1770611039999,586050.40140,1044,152468.6,221159.65812,0
1770611040000,1.4509,1.4519,1.4502,1.4507,222247.7,1770611099999,322543.29781,906,117630.0,170721.42525,0
1770611100000,1.4508,1.4508,1.4496,1.4501,147717.5,1770611159999,214197.23367,664,50801.0,73664.21359,0
1770611160000,1.4501,1.4505,1.4494,1.4499,123273.2,1770611219999,178736.54875,643,27539.3,39931.90574,0
1770611220000,1.4498,1.4508,1.4498,1.4506,486601.4,1770611279999,705678.32215,995,410087.2,594712.49818,0
1770611280000,1.4506,1.4510,1.4500,1.4510,195343.4,1770611339999,283377.85870,655,128792.4,186843.67706,0
1770611340000,1.4509,1.4514,1.4505,1.4505,76503.4,1770611399999,111007.68690,531,27041.4,39238.94372,0
1770611400000,1.4505,1.4505,1.4476,1.4481,324630.0,1770611459999,470265.29297,1342,107582.4,155816.30373,0
1770611460000,1.4481,1.4500,1.4467,1.4493,387422.5,1770611519999,561176.28964,1213,302180.1,437731.79967,0
1770611520000,1.4492,1.4492,1.4474,1.4474,119847.5,1770611579999,173568.08603,766,37128.6,53775.24447,0
1770611580000,1.4473,1.4476,1.4468,1.4474,235327.7,1770611639999,340548.55013,913,149121.8,215805.51830,0
1770611640000,1.4474,1.4477,1.4468,1.4470,162240.1,1770611699999,234794.82229,661,18375.0,26594.91643,0
1770611700000,1.4470,1.4479,1.4469,1.4478,94712.5,1770611759999,137106.85954,473,57947.5,83885.14747,0
1770611760000,1.4478,1.4479,1.4456,1.4457,169682.6,1770611819999,245498.83991,952,37147.9,53756.21136,0
1770611820000,1.4457,1.4462,1.4453,1.4461,163610.8,1770611879999,236536.57375,800,87371.3,126327.95882,0
1770611880000,1.4462,1.4462,1.4444,1.4447,171874.9,1770611939999,248385.55740,871,27587.0,39868.95504,0
1770611940000,1.4447,1.4448,1.4431,1.4439,401942.2,1770611999999,580269.84798,1488,137767.3,198890.32663,0
1770612000000,1.4439,1.4445,1.4427,1.4445,482957.9,1770612059999,697078.27472,1271,261018.2,376751.87507,0
1770612060000,1.4445,1.4454,1.4445,1.4452,183212.3,1770612119999,264768.63308,669,108103.8,156226.20674,0
1770612120000,1.4453,1.4455,1.4446,1.4447,271044.5,1770612179999,391709.86274,562,188457.4,272368.56484,0
1770612180000,1.4447,1.4447,1.4442,1.4446,36021.6,1770612239999,52033.69856,435,21786.2,31471.04403,0
1770612240000,1.4446,1.4453,1.4437,1.4447,77719.4,1770612299999,112270.52004,600,46426.2,67061.04682,0
1770612300000,1.4447,1.4456,1.4447,1.4453,150939.2,1770612359999,218153.71390,737,97664.7,141156.24827,0
1770612360000,1.4453,1.4470,1.4453,1.4469,549363.9,1770612419999,794529.26210,948,516976.6,747704.19406,0
1770612420000,1.4470,1.4473,1.4463,1.4463,73583.4,1770612479999,106454.20817,556,34974.8,50598.74688,0
1770612480000,1.4463,1.4464,1.4441,1.4449,341140.8,1770612539999,492840.29452,947,119898.9,173185.27281,0
1770612540000,1.4449,1.4458,1.4445,1.4449,125209.8,1770612599999,180949.09952,646,67453.4,97468.76532,0
1770612600000,1.4449,1.4449,1.4435,1.4441,268283.1,1770612659999,387447.05289,889,99616.0,143860.93083,0
1770612660000,1.4441,1.4450,1.4440,1.4450,110697.5,1770612719999,159873.42504,570,68841.3,99424.44694,0
1770612720000,1.4449,1.4453,1.4445,1.4450,101781.8,1770612779999,147061.66632,603,59747.9,86327.02326,0
1770612780000,1.4450,1.4456,1.4446,1.4456,182506.4,1770612839999,263738.31121,552,137322.4,198447.41941,0
1770612840000,1.4455,1.4457,1.4447,1.4451,264477.1,1770612899999,382238.65985,726,160645.9,232160.12216,0
1770612900000,1.4451,1.4463,1.4451,1.4461,218241.6,1770612959999,315527.77601,648,103247.4,149273.10248,0
1770612960000,1.4461,1.4464,1.4458,1.4464,141306.6,1770613019999,204330.02460,487,19580.7,28316.29309,0
1770613020000,1.4463,1.4486,1.4462,1.4480,279315.7,1770613079999,404422.81641,1078,179539.1,259971.22692,0
1770613080000,1.4479,1.4486,1.4477,1.4479,139420.2,1770613139999,201911.86124,758,58011.0,84015.99405,0
1770613140000,1.4480,1.4480,1.4470,1.4471,147966.2,1770613199999,214172.87478,841,78594.0,113755.56937,0
1770613200000,1.4472,1.4475,1.4455,1.4457,238248.2,1770613259999,344669.66434,1175,125611.0,181733.58546,0
1770613260000,1.4457,1.4457,1.4431,1.4437,281749.8,1770613319999,406907.40269,1262,92646.0,133758.10960,0
1770613320000,1.4438,1.4439,1.4429,1.4432,175556.0,1770613379999,253381.26045,795,63240.9,91274.26591,0
1770613380000,1.4431,1.4431,1.4423,1.4424,300363.2,1770613439999,433315.83599,1164,113711.9,164041.77339,0
1770613440000,1.4424,1.4432,1.4423,1.4426,343336.2,1770613499999,495307.55524,807,251887.4,363373.18000,0
1770613500000,1.4426,1.4441,1.4425,1.4437,233352.9,1770613559999,336851.40422,824,125150.7,180654.25796,0
1770613560000,1.4436,1.4443,1.4418,1.4443,565176.2,1770613619999,815423.93736,1433,217430.8,313746.62531,0
1770613620000,1.4442,1.4443,1.4429,1.4433,218410.5,1770613679999,315264.50960,978,98330.4,141907.90632,0
1770613680000,1.4433,1.4439,1.4418,1.4429,397276.6,1770613739999,573036.73019,1137,94567.3,136431.62725,0
1770613740000,1.4429,1.4429,1.4424,1.4424,86533.2,1770613799999,124835.04110,619,26205.5,37804.84151,0
1770613800000,1.4424,1.4437,1.4424,1.4433,305174.8,1770613859999,440397.49967,927,272570.7,393351.22977,0
1770613860000,1.4432,1.4445,1.4427,1.4436,488929.9,1770613919999,705912.06937,1350,346973.6,500951.85079,0
1770613920000,1.4436,1.4440,1.4427,1.4431,102662.5,1770613979999,148191.51004,648,47044.2,67918.70666,0
1770613980000,1.4430,1.4431,1.4407,1.4414,463258.9,1770614039999,667800.69902,1267,115378.7,166321.96065,0
1770614040000,1.4413,1.4414,1.4403,1.4409,343793.9,1770614099999,495314.89244,972,167885.5,241874.24907,0
1770614100000,1.4408,1.4413,1.4403,1.4408,213791.8,1770614159999,308040.22324,874,78080.4,112506.02309,0
1770614160000,1.4408,1.4428,1.4407,1.4420,233734.0,1770614219999,337036.53073,846,172308.3,248439.15589,0
1770614220000,1.4421,1.4427,1.4417,1.4418,97899.2,1770614279999,141176.16748,573,53651.2,77367.17881,0
1770614280000,1.4418,1.4424,1.4407,1.4407,608957.8,1770614339999,877753.36750,963,134227.4,193522.03792,0
1770614340000,1.4408,1.4414,1.4404,1.4404,153734.7,1770614399999,221538.89675,666,71421.2,102918.54862,0
1770614400000,1.4405,1.4411,1.4402,1.4411,96107.8,1770614459999,138444.82319,615,45742.4,65893.77736,0
1770614460000,1.4411,1.4426,1.4410,1.4421,134931.0,1770614519999,194564.31911,727,81467.4,117465.71591,0
1770614520000,1.4421,1.4423,1.4417,1.4419,118302.4,1770614579999,170597.67412,543,63467.6,91520.70612,0
1770614580000,1.4419,1.4433,1.4416,1.4432,114106.4,1770614639999,164603.39508,628,85260.0,122991.40525,0
1770614640000,1.4433,1.4442,1.4427,1.4438,147603.7,1770614699999,213068.67377,725,122068.0,176208.71691,0
1770614700000,1.4438,1.4448,1.4434,1.4441,219348.7,1770614759999,316734.84485,1031,145027.9,209409.96053,0
1770614760000,1.4441,1.4443,1.4423,1.4433,555127.4,1770614819999,801271.68295,1174,319131.4,460759.48492,0
1770614820000,1.4433,1.4448,1.4432,1.4445,261887.9,1770614879999,378133.44822,842,221277.2,319505.80906,0
1770614880000,1.4444,1.4456,1.4443,1.4455,342288.1,1770614939999,494654.17669,838,259920.4,375625.57844,0
1770614940000,1.4455,1.4468,1.4455,1.4463,170309.5,1770614999999,246266.26022,784,67655.0,97841.91851,0
1770615000000,1.4463,1.4476,1.4459,1.4464,393858.3,1770615059999,569856.05528,1243,166760.1,241299.69446,0
1770615060000,1.4464,1.4481,1.4463,1.4479,349225.7,1770615119999,505456.11979,1398,245456.6,355273.23009,0
1770615120000,1.4478,1.4479,1.4468,1.4476,174663.3,1770615179999,252776.34804,774,91117.8,131866.25899,0
1770615180000,1.4476,1.4482,1.4467,1.4479,167975.8,1770615239999,243123.27429,839,67221.9,97308.38810,0
1770615240000,1.4478,1.4522,1.4474,1.4522,909518.6,1770615299999,1319182.30051,2228,584331.2,847448.02169,0
1770615300000,1.4522,1.4547,1.4509,1.4509,1585959.5,1770615359999,2303374.20017,2891,532061.2,773054.23475,0
1770615360000,1.4509,1.4523,1.4502,1.4511,556373.3,1770615419999,807309.80301,1514,130440.4,189273.19264,0
1770615420000,1.4510,1.4512,1.4502,1.4507,238024.9,1770615479999,345268.56317,1098,144785.7,210011.38312,0
1770615480000,1.4507,1.4513,1.4498,1.4498,189431.3,1770615539999,274818.92003,987,79046.8,114681.71397,0
1770615540000,1.4498,1.4498,1.4482,1.4488,354092.9,1770615599999,513012.55027,1130,128053.3,185512.07845,0
1770615600000,1.4489,1.4492,1.4482,1.4483,108832.7,1770615659999,157664.20524,865,29700.8,43028.69507,0
1770615660000,1.4483,1.4494,1.4475,1.4492,422072.7,1770615719999,611295.27160,1381,288953.8,418544.68620,0
1770615720000,1.4492,1.4492,1.4480,1.4484,197766.5,1770615779999,286470.90336,952,67535.8,97831.29883,0
1770615780000,1.4484,1.4485,1.4480,1.4483,60718.0,1770615839999,87931.84054,575,30452.5,44101.15022,0
1770615840000,1.4483,1.4488,1.4482,1.4484,72058.6,1770615899999,104372.56888,621,37785.5,54728.11466,0
1770615900000,1.4484,1.4485,1.4467,1.4481,435499.4,1770615959999,630395.32510,1307,133641.5,193486.57739,0
1770615960000,1.4481,1.4481,1.4468,1.4469,99537.6,1770616019999,144076.16963,570,15597.6,22573.05602,0
1770616020000,1.4468,1.4472,1.4465,1.4471,144707.8,1770616079999,209373.60470,632,71514.8,103482.36098,0
1770616080000,1.4471,1.4482,1.4470,1.4475,100154.6,1770616139999,144995.89258,723,42682.7,61793.63824,0
1770616140000,1.4475,1.4479,1.4471,1.4474,39442.9,1770616199999,57095.16828,577,18827.4,27251.65669,0
1770616200000,1.4474,1.4485,1.4473,1.4484,118614.7,1770616259999,171764.44907,812,66472.4,96254.54224,0
1770616260000,1.4484,1.4485,1.4478,1.4484,94121.0,1770616319999,136301.33726,547,60406.7,87480.43832,0
1770616320000,1.4484,1.4500,1.4483,1.4500,319359.7,1770616379999,462775.28152,1145,217625.3,315357.03092,0
1770616380000,1.4500,1.4511,1.4497,1.4511,418863.3,1770616439999,607574.36049,1432,210051.8,304700.77445,0
1770616440000,1.4510,1.4510,1.4500,1.4501,170954.9,1770616499999,247957.76873,533,112786.7,163584.98436,0
1770616500000,1.4500,1.4505,1.4486,1.4503,148139.1,1770616559999,214750.36309,775,58532.6,84849.94166,0
1770616560000,1.4503,1.4510,1.4502,1.4509,82871.6,1770616619999,120207.13732,393,46632.0,67637.51331,0
1770616620000,1.4509,1.4510,1.4502,1.4504,161424.8,1770616679999,234157.97372,678,37910.6,54993.37023,0
1770616680000,1.4504,1.4504,1.4500,1.4501,60636.4,1770616739999,87939.21185,385,14093.5,20440.09344,0
1770616740000,1.4501,1.4512,1.4495,1.4503,635771.6,1770616799999,922142.44417,1326,435518.6,631647.60787,0
1770616800000,1.4504,1.4504,1.4444,1.4447,1559712.3,1770616859999,2257730.03835,3209,558812.1,808917.88505,0
1770616860000,1.4448,1.4456,1.4426,1.4456,659658.5,1770616919999,952380.34762,2197,311633.3,449897.96692,0
1770616920000,1.4456,1.4457,1.4415,1.4429,479470.2,1770616979999,691806.91780,1751,259684.4,374616.64967,0
1770616980000,1.4429,1.4432,1.4412,1.4420,499339.8,1770617039999,719926.08489,1689,168695.0,243215.98942,0
1770617040000,1.4421,1.4424,1.4412,1.4419,419027.5,1770617099999,604157.31301,1231,260909.5,376206.46590,0
1770617100000,1.4419,1.4426,1.4413,1.4413,351200.2,1770617159999,506390.66965,1261,169331.4,244153.14899,0
1770617160000,1.4413,1.4413,1.4388,1.4394,1078983.5,1770617219999,1553293.21989,2270,632187.6,910053.35505,0
1770617220000,1.4394,1.4404,1.4394,1.4404,213241.2,1770617279999,307080.97596,770,104578.6,150597.14766,0
1770617280000,1.4404,1.4414,1.4400,1.4413,294309.1,1770617339999,424018.42312,1246,210015.3,302578.49158,0
1770617340000,1.4413,1.4417,1.4400,1.4412,334089.4,1770617399999,481383.13657,1281,236229.0,340338.26281,0
1770617400000,1.4413,1.4413,1.4390,1.4409,588470.4,1770617459999,847152.59827,1436,232504.8,334716.28574,0
1770617460000,1.4409,1.4425,1.4400,1.4419,677533.8,1770617519999,976802.32068,1320,563530.4,812489.14194,0
1770617520000,1.4419,1.4424,1.4414,1.4415,720746.0,1770617579999,1039296.78819,1386,323272.8,466171.76160,0
1770617580000,1.4415,1.4417,1.4401,1.4416,464211.2,1770617639999,668902.59442,1167,268897.4,387544.81670,0
1770617640000,1.4415,1.4425,1.4410,1.4421,285017.2,1770617699999,410981.83750,931,192533.3,277635.14334,0
1770617700000,1.4420,1.4421,1.4402,1.4403,525390.4,1770617759999,757263.71561,1136,35932.1,51784.50492,0
1770617760000,1.4402,1.4410,1.4396,1.4402,312435.7,1770617819999,450000.84353,1037,146254.9,210627.43159,0
1770617820000,1.4401,1.4401,1.4395,1.4398,432677.1,1770617879999,622955.58054,693,234238.3,337241.18133,0
1770617880000,1.4399,1.4402,1.4345,1.4350,3136071.0,1770617939999,4507122.02057,4661,1071866.4,1540732.07730,0
1770617940000,1.4350,1.4351,1.4310,1.4316,4066620.7,1770617999999,5828941.44549,4761,1712990.1,2455297.73652,0
1770618000000,1.4317,1.4327,1.4312,1.4316,1283009.1,1770618059999,1836990.53476,2387,586819.4,840257.11307,0
1770618060000,1.4316,1.4316,1.4282,1.4311,3355373.6,1770618119999,4796897.91484,4010,1378492.2,1971197.93731,0
1770618120000,1.4310,1.4316,1.4303,1.4316,601362.2,1770618179999,860520.12664,1096,373084.8,533872.32171,0
1770618180000,1.4316,1.4319,1.4299,1.4309,501420.6,1770618239999,717457.48044,1205,197356.9,282364.08974,0
1770618240000,1.4309,1.4309,1.4301,1.4301,355841.5,1770618299999,508998.60377,825,199555.9,285440.26587,0
1770618300000,1.4301,1.4308,1.4294,1.4295,869848.2,1770618359999,1243868.04121,1639,364019.6,520582.36255,0
1770618360000,1.4296,1.4305,1.4274,1.4280,1117761.1,1770618419999,1597047.43004,1890,299262.5,427612.21395,0
1770618420000,1.4279,1.4291,1.4273,1.4291,891530.7,1770618479999,1273177.24771,1546,527181.4,752925.06743,0
1770618480000,1.4291,1.4308,1.4283,1.4291,1467656.1,1770618539999,2098334.75381,2108,860453.0,1230208.07090,0
1770618540000,1.4292,1.4296,1.4288,1.4291,350036.5,1770618599999,500303.85551,758,175748.7,251196.01680,0
1770618600000,1.4291,1.4298,1.4265,1.4268,949125.9,1770618659999,1355777.58035,1888,455146.5,650397.80649,0
1770618660000,1.4269,1.4298,1.4269,1.4291,849684.2,1770618719999,1213672.38108,1795,510666.9,729564.75298,0
1770618720000,1.4291,1.4302,1.4288,1.4299,783190.8,1770618779999,1119690.40565,1774,558630.6,798642.95332,0
1770618780000,1.4299,1.4309,1.4292,1.4298,548102.4,1770618839999,783986.89252,1543,365924.0,523411.21908,0
1770618840000,1.4298,1.4302,1.4292,1.4298,273082.1,1770618899999,390434.74675,848,81781.2,116935.60346,0
1770618900000,1.4297,1.4305,1.4294,1.4299,425525.5,1770618959999,608468.35914,1161,158172.5,226168.97045,0
1770618960000,1.4298,1.4309,1.4297,1.4308,174940.1,1770619019999,250187.80737,731,123897.0,177179.98772,0
1770619020000,1.4308,1.4322,1.4307,1.4321,462949.8,1770619079999,662829.02807,1231,343727.3,492139.94860,0
1770619080000,1.4320,1.4323,1.4315,1.4323,554363.4,1770619139999,793777.82339,1194,354800.9,508028.83403,0
1770619140000,1.4323,1.4346,1.4316,1.4317,749305.1,1770619199999,1073784.64117,1835,398412.6,570952.53595,0
1770619200000,1.4317,1.4320,1.4301,1.4301,405733.8,1770619259999,580637.22738,1240,199339.4,285269.33052,0
1770619260000,1.4301,1.4301,1.4283,1.4296,470513.0,1770619319999,672426.41120,1412,172626.6,246680.17049,0
1770619320000,1.4295,1.4325,1.4295,1.4316,318349.8,1770619379999,455718.87068,1281,181230.2,259382.23826,0
1770619380000,1.4316,1.4324,1.4310,1.4312,764239.6,1770619439999,1094202.51948,1382,159296.8,228089.38748,0
1770619440000,1.4311,1.4312,1.4304,1.4304,244158.9,1770619499999,349317.00202,804,130127.1,186182.46268,0
1770619500000,1.4305,1.4318,1.4297,1.4309,249349.4,1770619559999,356712.12815,1110,127734.0,182720.96767,0
1770619560000,1.4309,1.4320,1.4297,1.4312,510103.2,1770619619999,729977.84445,1591,268902.1,384805.46211,0
1770619620000,1.4312,1.4313,1.4306,1.4310,284742.2,1770619679999,407440.76709,692,191961.4,274683.11883,0
1770619680000,1.4311,1.4318,1.4310,1.4312,231738.9,1770619739999,331700.38679,726,95962.1,137359.50652,0
1770619740000,1.4311,1.4320,1.4302,1.4320,294145.3,1770619799999,421029.42519,1014,164338.0,235232.50292,0
1770619800000,1.4321,1.4321,1.4307,1.4313,232518.9,1770619859999,332866.50205,982,126208.2,180667.94814,0
1770619860000,1.4314,1.4317,1.4311,1.4311,190878.9,1770619919999,273225.16822,605,85393.6,122240.62226,0
1770619920000,1.4311,1.4350,1.4311,1.4350,375270.6,1770619979999,538023.91104,1266,299959.5,429986.34640,0
1770619980000,1.4349,1.4353,1.4326,1.4334,530777.8,1770620039999,761122.45199,1145,179026.8,256712.69301,0
1770620040000,1.4334,1.4344,1.4328,1.4344,143932.1,1770620099999,206311.09061,666,78967.3,113207.85878,0
1770620100000,1.4345,1.4347,1.4338,1.4339,194988.0,1770620159999,279647.27964,692,52477.9,75262.86764,0
1770620160000,1.4338,1.4356,1.4335,1.4346,667156.2,1770620219999,957282.43509,1375,267512.5,383809.02607,0
1770620220000,1.4345,1.4345,1.4334,1.4339,103057.3,1770620279999,147786.75157,496,43473.9,62342.59459,0
1770620280000,1.4339,1.4341,1.4330,1.4330,318112.1,1770620339999,456086.87619,920,104792.0,150248.94833,0
1770620340000,1.4331,1.4354,1.4327,1.4347,475237.6,1770620399999,681467.15629,1052,292331.6,419159.08189,0
1770620400000,1.4346,1.4346,1.4329,1.4331,349288.2,1770620459999,500827.29651,1262,95943.2,137542.64708,0
1770620460000,1.4332,1.4334,1.4308,1.4309,410872.4,1770620519999,588373.33904,1318,107715.8,154228.58763,0
1770620520000,1.4310,1.4333,1.4310,1.4322,202154.5,1770620579999,289521.88011,1124,69352.2,99315.08832,0
1770620580000,1.4322,1.4341,1.4321,1.4335,262833.7,1770620639999,376668.66528,906,147237.8,210959.76177,0
1770620640000,1.4336,1.4350,1.4333,1.4342,405144.4,1770620699999,581044.52786,1135,213668.8,306436.35349,0
1770620700000,1.4342,1.4349,1.4309,1.4321,407897.0,1770620759999,584225.22237,1568,156075.6,223466.63672,0
1770620760000,1.4321,1.4357,1.4321,1.4357,293795.3,1770620819999,421175.20276,1237,179510.0,257394.41832,0
1770620820000,1.4358,1.4365,1.4349,1.4350,273025.0,1770620879999,392030.79250,1351,96992.4,139275.98260,0
1770620880000,1.4350,1.4350,1.4331,1.4347,335587.8,1770620939999,481352.32093,1124,192273.1,275805.28278,0
1770620940000,1.4347,1.4355,1.4345,1.4354,198229.0,1770620999999,284486.70059,706,166817.6,239416.31769,0
1770621000000,1.4355,1.4372,1.4355,1.4368,398979.0,1770621059999,573209.96980,1341,230433.5,331067.07447,0
1770621060000,1.4369,1.4369,1.4357,1.4363,142611.4,1770621119999,204814.13495,827,41611.4,59762.52775,0
1770621120000,1.4362,1.4367,1.4355,1.4367,301963.7,1770621179999,433613.50119,912,111179.9,159650.11502,0
1770621180000,1.4367,1.4378,1.4361,1.4376,386847.8,1770621239999,555930.59184,1248,191649.4,275418.62125,0
1770621240000,1.4375,1.4389,1.4371,1.4372,870323.2,1770621299999,1251658.18568,1718,490591.3,705653.40952,0
1770621300000,1.4372,1.4376,1.4359,1.4363,136483.0,1770621359999,196079.26347,811,57364.3,82403.86793,0
1770621360000,1.4363,1.4365,1.4350,1.4358,165819.3,1770621419999,238100.80472,838,73975.3,106216.54910,0
1770621420000,1.4358,1.4358,1.4340,1.4342,226573.1,1770621479999,325029.69678,850,97840.1,140338.74687,0
1770621480000,1.4341,1.4346,1.4335,1.4343,174116.8,1770621539999,249685.86752,637,79469.5,113957.11329,0
1770621540000,1.4343,1.4370,1.4342,1.4363,397202.4,1770621599999,570402.20248,1315,159586.8,229108.02798,0
1770621600000,1.4362,1.4363,1.4346,1.4352,178075.6,1770621659999,255608.99421,686,69613.6,99895.00953,0
1770621660000,1.4352,1.4370,1.4348,1.4359,188488.4,1770621719999,270671.96700,933,90854.3,130462.15706,0
1770621720000,1.4359,1.4365,1.4335,1.4339,247733.0,1770621779999,355469.89564,1036,89177.6,127987.63127,0
1770621780000,1.4339,1.4350,1.4338,1.4344,197263.0,1770621839999,282957.14019,598,79682.1,114305.08490,0
1770621840000,1.4344,1.4345,1.4333,1.4335,358845.7,1770621899999,514639.58822,638,282836.5,405632.49174,0
1770621900000,1.4335,1.4335,1.4321,1.4322,366433.3,1770621959999,525006.44822,1223,124914.4,178985.68859,0
1770621960000,1.4322,1.4322,1.4312,1.4321,208421.9,1770622019999,298403.36360,750,93915.4,134451.02670,0
1770622020000,1.4321,1.4326,1.4318,1.4320,147660.7,1770622079999,211476.68414,488,92751.7,132838.29247,0
1770622080000,1.4321,1.4338,1.4320,1.4336,142525.9,1770622139999,204237.64976,704,118749.2,170164.73932,0
1770622140000,1.4336,1.4336,1.4325,1.4328,86637.1,1770622199999,124152.99187,534,49313.7,70665.66048,0
1770622200000,1.4328,1.4328,1.4305,1.4305,242750.1,1770622259999,347535.12953,963,49870.2,71417.02218,0
1770622260000,1.4304,1.4318,1.4292,1.4312,621296.7,1770622319999,888627.11444,1605,291678.5,417223.72656,0
1770622320000,1.4312,1.4330,1.4312,1.4316,229538.2,1770622379999,328724.14568,841,109503.4,156809.50284,0
1770622380000,1.4316,1.4336,1.4315,1.4323,244506.1,1770622439999,350308.46135,775,104841.5,150198.26069,0
1770622440000,1.4323,1.4324,1.4304,1.4305,129463.7,1770622499999,185288.87122,590,54760.0,78367.56584,0
1770622500000,1.4305,1.4312,1.4305,1.4308,87506.7,1770622559999,125218.04218,445,60091.4,85986.93599,0
1770622560000,1.4309,1.4326,1.4308,1.4325,220081.5,1770622619999,315147.99394,938,137942.8,197516.85921,0
1770622620000,1.4325,1.4325,1.4315,1.4317,330083.8,1770622679999,472672.58227,817,117562.1,168344.99895,0
1770622680000,1.4316,1.4320,1.4262,1.4263,3297481.0,1770622739999,4713344.77835,3205,779751.6,1114425.94087,0
1770622740000,1.4263,1.4282,1.4261,1.4276,890428.5,1770622799999,1270773.12136,1746,379795.9,542159.85259,0
1770622800000,1.4277,1.4278,1.4266,1.4269,528307.3,1770622859999,753976.97282,1268,140066.1,199901.01944,0
1770622860000,1.4270,1.4283,1.4246,1.4251,2121466.4,1770622919999,3025265.01634,3309,909412.1,1297068.79208,0
1770622920000,1.4252,1.4261,1.4244,1.4246,1208787.8,1770622979999,1722584.97801,2100,446791.6,636839.93206,0
1770622980000,1.4247,1.4259,1.4236,1.4245,1075786.1,1770623039999,1532449.36855,1783,599698.2,854223.94891,0
1770623040000,1.4245,1.4248,1.4235,1.4238,627157.6,1770623099999,893118.83775,1718,394130.2,561303.68633,0
1770623100000,1.4238,1.4252,1.4237,1.4245,1064089.3,1770623159999,1515736.03654,1525,616617.5,878306.51514,0
1770623160000,1.4245,1.4250,1.4230,1.4235,1117981.6,1770623219999,1591694.04221,1688,257417.0,366591.38831,0
1770623220000,1.4235,1.4236,1.4203,1.4230,2734992.0,1770623279999,3887663.83152,3801,1195265.1,1699197.09553,0
1770623280000,1.4231,1.4233,1.4207,1.4211,1083047.8,1770623339999,1540041.76264,1850,392644.9,558252.15864,0
1770623340000,1.4211,1.4224,1.4200,1.4215,1422423.1,1770623399999,2021064.71126,2603,652491.8,927245.26381,0
1770623400000,1.4215,1.4242,1.4213,1.4236,469919.8,1770623459999,668714.49893,1557,256690.1,365276.54934,0
1770623460000,1.4236,1.4256,1.4230,1.4249,396796.0,1770623519999,565082.62113,1538,233490.6,332527.37518,0
1770623520000,1.4248,1.4249,1.4240,1.4240,197037.0,1770623579999,280686.82508,925,104639.9,149059.61306,0
1770623580000,1.4241,1.4252,1.4239,1.4244,482734.9,1770623639999,687623.36531,1520,234399.0,333874.44167,0
1770623640000,1.4243,1.4246,1.4237,1.4243,117616.3,1770623699999,167499.86515,784,60373.2,85978.96907,0
1770623700000,1.4243,1.4258,1.4238,1.4246,319256.2,1770623759999,454845.26611,1377,193699.5,275966.89721,0
1770623760000,1.4245,1.4251,1.4242,1.4250,118048.2,1770623819999,168180.25364,720,53130.6,75697.59680,0
1770623820000,1.4249,1.4253,1.4246,1.4253,96204.1,1770623879999,137077.82378,649,62654.3,89274.86343,0
1770623880000,1.4253,1.4253,1.4240,1.4242,223685.2,1770623939999,318682.18052,740,80508.1,114692.59781,0
1770623940000,1.4242,1.4245,1.4233,1.4245,240880.9,1770623999999,342968.22764,1051,122113.4,173862.87961,0
1770624000000,1.4244,1.4259,1.4231,1.4246,486959.0,1770624059999,693658.23835,2066,302189.5,430519.21110,0
1770624060000,1.4246,1.4246,1.4223,1.4229,315582.8,1770624119999,449107.10992,1615,131773.9,187522.58106,0
1770624120000,1.4230,1.4250,1.4222,1.4226,352573.1,1770624179999,501941.69723,1641,216911.3,308863.12700,0
1770624180000,1.4225,1.4268,1.4223,1.4263,905547.3,1770624239999,1290415.25910,2189,645140.2,919213.80363,0
1770624240000,1.4262,1.4263,1.4241,1.4246,418036.0,1770624299999,595684.06721,1418,224593.8,320008.51631,0
1770624300000,1.4247,1.4252,1.4231,1.4245,695399.7,1770624359999,990463.16209,1998,389785.8,555198.02373,0
1770624360000,1.4245,1.4245,1.4207,1.4208,585123.2,1770624419999,832197.06304,1769,181371.6,258019.61716,0
1770624420000,1.4209,1.4250,1.4205,1.4250,328712.7,1770624479999,467568.54146,1315,233563.3,332259.21803,0
1770624480000,1.4249,1.4264,1.4246,1.4258,319341.2,1770624539999,455190.79127,1295,159838.9,227838.71741,0
1770624540000,1.4258,1.4277,1.4246,1.4247,711581.3,1770624599999,1015359.47566,2267,433712.6,618898.91757,0
1770624600000,1.4248,1.4279,1.4244,1.4271,406732.8,1770624659999,580441.69525,1645,220751.1,315034.72940,0
1770624660000,1.4272,1.4283,1.4250,1.4283,572922.8,1770624719999,817136.99298,2011,276902.6,394956.11006,0
1770624720000,1.4283,1.4287,1.4264,1.4276,244583.9,1770624779999,349236.28607,1311,113813.8,162496.52910,0
1770624780000,1.4276,1.4276,1.4263,1.4266,198098.0,1770624839999,282682.01966,1055,68598.1,97884.60273,0
1770624840000,1.4266,1.4266,1.4251,1.4262,143191.5,1770624899999,204158.97838,1033,77256.0,110148.90137,0
1770624900000,1.4262,1.4267,1.4258,1.4263,189921.1,1770624959999,270903.17268,935,91873.5,131052.62694,0
1770624960000,1.4263,1.4266,1.4236,1.4243,307850.3,1770625019999,438671.45345,1504,187824.2,267648.47551,0
1770625020000,1.4243,1.4245,1.4213,1.4213,314078.5,1770625079999,446910.76185,1805,113213.7,161115.47745,0
1770625080000,1.4212,1.4218,1.4201,1.4210,541872.1,1770625139999,769940.90947,1822,277998.0,395029.19507,0
1770625140000,1.4210,1.4219,1.4203,1.4209,367851.4,1770625199999,522668.88933,1457,112108.9,159315.77500,0
1770625200000,1.4209,1.4221,1.4208,1.4211,281754.3,1770625259999,400496.61187,1279,198495.5,282143.69556,0
1770625260000,1.4212,1.4212,1.4170,1.4177,2769427.2,1770625319999,3928554.38771,5610,1067359.8,1514070.35622,0
1770625320000,1.4176,1.4196,1.4156,1.4194,1736017.9,1770625379999,2459765.92504,3582,638807.2,905288.86987,0
1770625380000,1.4194,1.4199,1.4180,1.4190,740717.5,1770625439999,1051173.01449,2500,264193.3,374997.51272,0
1770625440000,1.4190,1.4194,1.4163,1.4167,2091821.9,1770625499999,2965063.83010,2801,433763.2,615045.65876,0
1770625500000,1.4167,1.4180,1.4154,1.4167,1271516.0,1770625559999,1800842.04502,2943,588227.7,833248.23456,0
1770625560000,1.4168,1.4179,1.4164,1.4173,439830.7,1770625619999,623254.94799,1459,233847.7,331382.15787,0
1770625620000,1.4174,1.4174,1.4131,1.4148,1663472.9,1770625679999,2353068.16793,3996,616513.6,871995.95952,0
1770625680000,1.4148,1.4148,1.4132,1.4135,764275.7,1770625739999,1080565.45272,1764,288710.0,408148.03625,0
1770625740000,1.4135,1.4141,1.4122,1.4131,1221027.6,1770625799999,1725650.59976,2646,428268.9,605313.27198,0
1770625800000,1.4131,1.4137,1.4110,1.4117,1576450.6,1770625859999,2226392.46749,3414,631191.8,891394.79283,0
1770625860000,1.4116,1.4118,1.4033,1.4038,7081879.2,1770625919999,9968285.77794,10080,1942487.4,2733380.98601,0
1770625920000,1.4038,1.4062,1.4020,1.4025,3441000.1,1770625979999,4832037.22803,6708,1755358.7,2465061.59044,0
1770625980000,1.4025,1.4059,1.4001,1.4005,2251777.9,1770626039999,3157148.38253,5392,1027959.4,1441720.96795,0
1770626040000,1.4006,1.4046,1.4005,1.4032,2754807.6,1770626099999,3865160.19391,4715,1073164.7,1505526.38387,0
1770626100000,1.4032,1.4062,1.4030,1.4055,1769053.8,1770626159999,2486126.56607,3337,1259450.1,1769950.29518,0
1770626160000,1.4055,1.4071,1.4044,1.4046,1145723.5,1770626219999,1610305.43312,2986,726679.7,1021305.43134,0
1770626220000,1.4046,1.4080,1.4039,1.4077,759259.0,1770626279999,1067924.18566,2156,447793.1,629786.23884,0
1770626280000,1.4077,1.4101,1.4068,1.4074,1223350.1,1770626339999,1723456.96738,3199,904731.6,1274708.21183,0
1770626340000,1.4074,1.4102,1.4072,1.4085,724019.1,1770626399999,1020115.43702,2387,329285.8,463915.57432,0
1770626400000,1.4084,1.4096,1.4080,1.4086,693809.4,1770626459999,977357.47416,1962,272962.9,384522.02141,0
1770626460000,1.4086,1.4091,1.4071,1.4091,810562.9,1770626519999,1141168.03525,2014,222679.3,313550.66244,0
1770626520000,1.4091,1.4108,1.4087,1.4102,1182875.8,1770626579999,1667887.28104,2637,968476.4,1365635.99836,0
1770626580000,1.4103,1.4104,1.4089,1.4099,512749.6,1770626639999,722784.03718,1449,300302.6,423338.99858,0
1770626640000,1.4098,1.4105,1.4086,1.4086,208323.1,1770626699999,293631.20706,1068,119777.5,168824.58310,0
1770626700000,1.4086,1.4095,1.4078,1.4090,502401.7,1770626759999,707786.70274,1755,349908.3,492972.47824,0
1770626760000,1.4090,1.4101,1.4085,1.4092,439890.0,1770626819999,619984.94601,1705,259795.2,366168.91284,0
1770626820000,1.4091,1.4098,1.4073,1.4076,289321.6,1770626879999,407677.26384,1185,106529.5,150111.57786,0
1770626880000,1.4076,1.4087,1.4072,1.4075,257605.2,1770626939999,362684.37972,1201,112519.5,158407.60684,0
1770626940000,1.4075,1.4093,1.4074,1.4086,253478.2,1770626999999,357102.85822,1090,101241.2,142624.93057,0
1770627000000,1.4085,1.4094,1.4082,1.4091,277313.7,1770627059999,390725.69319,1134,133220.2,187686.61521,0
1770627060000,1.4091,1.4091,1.4063,1.4064,1001905.4,1770627119999,1410117.83386,2031,212994.0,299753.60620,0
1770627120000,1.4063,1.4070,1.4051,1.4053,614050.3,1770627179999,863245.60967,1956,249970.7,351420.59913,0
1770627180000,1.4052,1.4071,1.4047,1.4058,677274.0,1770627239999,952026.02703,1841,336813.3,473473.23755,0
1770627240000,1.4058,1.4071,1.4052,1.4071,419486.1,1770627299999,589855.50952,1248,232580.1,327059.38236,0
1770627300000,1.4071,1.4092,1.4059,1.4091,529247.5,1770627359999,744722.63156,1812,270177.3,380277.38773,0
1770627360000,1.4091,1.4096,1.4086,1.4090,225634.2,1770627419999,317953.43017,1142,161658.4,227799.68674,0
1770627420000,1.4090,1.4096,1.4084,1.4086,172768.7,1770627479999,243393.31384,1014,99599.6,140314.36491,0
1770627480000,1.4086,1.4086,1.4058,1.4069,513304.0,1770627539999,722024.87718,1744,260762.1,366765.59831,0
1770627540000,1.4068,1.4069,1.4053,1.4062,221154.8,1770627599999,310982.26677,1352,102689.6,144394.19208,0
1770627600000,1.4062,1.4077,1.4061,1.4076,793949.1,1770627659999,1117127.01822,2001,490752.5,690493.57785,0
1770627660000,1.4077,1.4087,1.4074,1.4083,419197.7,1770627719999,590279.36031,1716,306394.7,431440.12344,0
1770627720000,1.4083,1.4102,1.4080,1.4102,474595.6,1770627779999,668928.45968,1587,374670.2,528080.14050,0
1770627780000,1.4101,1.4102,1.4069,1.4085,795330.4,1770627839999,1119957.22257,2423,207660.2,292468.18930,0
1770627840000,1.4085,1.4098,1.4078,1.4079,581713.5,1770627899999,819553.05502,1688,212106.0,298828.15557,0
1770627900000,1.4079,1.4094,1.4079,1.4091,330714.6,1770627959999,465898.47002,1501,216376.1,304808.95549,0
1770627960000,1.4090,1.4091,1.4077,1.4078,365093.6,1770628019999,514251.53365,1374,193084.2,271960.79675,0
1770628020000,1.4077,1.4116,1.4076,1.4108,1705069.1,1770628079999,2405032.13693,2829,1237054.2,1744976.73987,0
1770628080000,1.4107,1.4107,1.4089,1.4100,369497.7,1770628139999,520905.43697,1368,206496.2,291098.65320,0
1770628140000,1.4100,1.4106,1.4080,1.4081,392410.8,1770628199999,553112.25710,1661,144103.1,203145.36525,0
1770628200000,1.4081,1.4090,1.4075,1.4086,468562.4,1770628259999,659892.95114,1330,252072.7,355008.26775,0
1770628260000,1.4087,1.4096,1.4078,1.4085,1443323.2,1770628319999,2033114.41108,2173,347090.5,488938.77349,0
1770628320000,1.4086,1.4093,1.4084,1.4093,219755.5,1770628379999,309593.05964,739,147800.5,208228.02792,0
1770628380000,1.4093,1.4093,1.4074,1.4077,367730.7,1770628439999,517765.24470,1033,112426.8,158263.57548,0
1770628440000,1.4077,1.4087,1.4068,1.4068,329483.8,1770628499999,463792.18331,1064,129762.7,182643.35459,0
1770628500000,1.4068,1.4076,1.4060,1.4073,701631.5,1770628559999,987092.03431,1537,244981.9,344630.70074,0
1770628560000,1.4073,1.4077,1.4028,1.4028,825942.5,1770628619999,1160470.37184,2530,287724.5,404281.48641,0
1770628620000,1.4027,1.4035,1.4011,1.4030,924157.0,1770628679999,1295845.27294,2144,314262.9,440676.07459,0
1770628680000,1.4030,1.4040,1.4011,1.4011,1310132.0,1770628739999,1838039.44154,2170,518379.1,727269.56296,0
1770628740000,1.4010,1.4019,1.4001,1.4018,671505.9,1770628799999,940901.74498,1723,254986.1,357305.45503,0
1770628800000,1.4019,1.4050,1.4018,1.4027,1437508.6,1770628859999,2016675.61457,2147,1150650.4,1614020.04450,0
1770628860000,1.4027,1.4035,1.4016,1.4023,242723.0,1770628919999,340416.95729,1037,101047.2,141712.03525,0
1770628920000,1.4024,1.4036,1.4012,1.4020,853767.5,1770628979999,1197363.20235,1866,226604.6,317760.25274,0
1770628980000,1.4020,1.4034,1.4018,1.4028,1060478.8,1770629039999,1487523.11048,1407,831474.4,1166265.80484,0
1770629040000,1.4028,1.4029,1.4012,1.4016,794858.0,1770629099999,1114258.07812,1357,174039.0,243969.16340,0
1770629100000,1.4016,1.4046,1.4015,1.4045,399859.7,1770629159999,561039.74387,1356,254245.2,356723.76830,0
1770629160000,1.4046,1.4046,1.4023,1.4029,441710.3,1770629219999,619833.48706,1461,214549.5,301038.18522,0
1770629220000,1.4029,1.4046,1.4028,1.4041,233227.7,1770629279999,327454.37755,1015,133155.6,186952.50223,0
1770629280000,1.4040,1.4040,1.4030,1.4037,186740.6,1770629339999,262090.90599,765,80270.4,112664.56841,0
1770629340000,1.4038,1.4038,1.4021,1.4021,285605.3,1770629399999,400678.66876,859,89702.0,125840.66788,0
1770629400000,1.4021,1.4028,1.4011,1.4013,1008329.0,1770629459999,1413746.89554,2212,633579.1,888301.66158,0
1770629460000,1.4013,1.4038,1.4011,1.4035,430832.7,1770629519999,604068.48242,1315,200443.5,281095.45827,0
1770629520000,1.4034,1.4036,1.4002,1.4003,683932.2,1770629579999,959303.30933,1671,190831.0,267744.68360,0
1770629580000,1.4003,1.4014,1.3976,1.3986,2147994.2,1770629639999,3005797.25735,4233,605189.1,847177.04479,0
1770629640000,1.3986,1.4023,1.3985,1.4019,1157862.6,1770629699999,1622224.39363,1765,572133.4,801384.78729,0
1770629700000,1.4018,1.4027,1.4005,1.4006,615456.6,1770629759999,862578.76431,1641,270678.9,379398.14815,0
1770629760000,1.4005,1.4026,1.4005,1.4020,501739.4,1770629819999,703300.28905,1399,275871.8,386707.41596,0
1770629820000,1.4020,1.4032,1.3998,1.4000,477268.1,1770629879999,668969.84443,1600,248043.1,347769.29727,0
1770629880000,1.3999,1.4000,1.3941,1.3953,3032584.4,1770629939999,4233341.07937,4869,780480.5,1089567.57467,0
1770629940000,1.3954,1.3961,1.3940,1.3956,1780582.8,1770629999999,2484180.65173,3389,855687.0,1193922.23934,0
1770630000000,1.3956,1.3959,1.3941,1.3942,738824.5,1770630059999,1030727.39141,1884,374121.9,521972.20681,0
1770630060000,1.3942,1.3948,1.3933,1.3935,479712.2,1770630119999,668822.83597,1557,159941.4,223022.06379,0
1770630120000,1.3935,1.3948,1.3931,1.3941,814390.5,1770630179999,1135325.18515,1735,458848.0,639736.51830,0
1770630180000,1.3942,1.3950,1.3928,1.3946,1562724.3,1770630239999,2178065.76965,2564,1047708.3,1460220.17176,0
1770630240000,1.3947,1.3964,1.3946,1.3962,955049.7,1770630299999,1333060.35396,1668,580533.6,810302.87803,0
1770630300000,1.3962,1.3967,1.3958,1.3963,432970.9,1770630359999,604532.39602,1079,245513.4,342818.73932,0
1770630360000,1.3963,1.3995,1.3963,1.3988,1057982.0,1770630419999,1479578.38585,2504,807110.8,1128692.34421,0
1770630420000,1.3988,1.3993,1.3981,1.3986,562556.9,1770630479999,786784.67489,1529,255605.8,357512.51158,0
1770630480000,1.3986,1.4010,1.3986,1.3993,711397.8,1770630539999,995848.80009,1655,419286.5,586972.72733,0
1770630540000,1.3993,1.3995,1.3979,1.3986,551702.8,1770630599999,771568.26187,1515,211991.6,296512.74996,0
1770630600000,1.3985,1.3989,1.3955,1.3955,396392.7,1770630659999,553894.63576,1560,98506.2,137641.85911,0
1770630660000,1.3954,1.3961,1.3947,1.3956,445008.2,1770630719999,620960.11581,1702,223081.4,311287.02249,0
1770630720000,1.3956,1.3965,1.3956,1.3965,189230.1,1770630779999,264204.46209,971,113175.8,158018.24935,0
1770630780000,1.3964,1.3966,1.3956,1.3964,337813.8,1770630839999,471634.81140,1243,133014.5,185719.32871,0
1770630840000,1.3963,1.3973,1.3954,1.3966,1051158.5,1770630899999,1467679.66673,1628,187647.8,262023.70132,0
1770630900000,1.3965,1.3968,1.3943,1.3958,1294756.9,1770630959999,1806855.83694,2687,360922.6,503866.98119,0
1770630960000,1.3957,1.3978,1.3957,1.3968,357151.8,1770631019999,498799.12152,1608,169263.9,236396.64311,0
1770631020000,1.3968,1.3983,1.3968,1.3971,429610.0,1770631079999,600428.87754,1500,287201.5,401409.66790,0
1770631080000,1.3971,1.3976,1.3964,1.3966,174326.5,1770631139999,243537.31142,994,96065.5,134194.74421,0
1770631140000,1.3966,1.3982,1.3965,1.3981,199095.9,1770631199999,278249.53469,925,128454.4,179516.49090,0
1770631200000,1.3981,1.3993,1.3976,1.3986,558804.1,1770631259999,781441.55616,1745,230138.0,321884.35240,0
1770631260000,1.3986,1.3992,1.3957,1.3969,541938.8,1770631319999,757201.29106,1910,144215.6,201444.03980,0
1770631320000,1.3969,1.4010,1.3967,1.3993,795697.1,1770631379999,1113761.54648,2411,532124.7,744816.41180,0
1770631380000,1.3994,1.4008,1.3988,1.3994,466966.4,1770631439999,653835.70713,1900,245746.6,344099.71450,0
1770631440000,1.3993,1.3996,1.3981,1.3981,315755.0,1770631499999,441793.45310,1327,117226.7,164027.02707,0
1770631500000,1.3982,1.3985,1.3967,1.3981,717986.5,1770631559999,1003385.70512,2277,258053.9,360696.09630,0
1770631560000,1.3981,1.4002,1.3981,1.3990,445533.4,1770631619999,623414.81410,1565,268296.0,375421.31567,0
1770631620000,1.3990,1.4018,1.3989,1.4015,725625.6,1770631679999,1016312.89717,2369,464256.4,650301.01000,0
1770631680000,1.4014,1.4035,1.4007,1.4033,4008923.6,1770631739999,5621008.43929,4610,3024907.4,4241536.99220,0
1770631740000,1.4033,1.4038,1.4019,1.4027,640931.8,1770631799999,898908.63692,1548,370019.3,518944.70531,0
1770631800000,1.4028,1.4054,1.4026,1.4036,1182007.4,1770631859999,1660023.45143,2737,579223.8,813426.59446,0
1770631860000,1.4036,1.4055,1.4035,1.4037,562017.7,1770631919999,789349.94565,1726,221435.9,310988.47822,0
1770631920000,1.4038,1.4042,1.4027,1.4037,426916.8,1770631979999,599247.51722,1460,135788.0,190582.43069,0
1770631980000,1.4037,1.4043,1.4033,1.4037,345385.1,1770632039999,484888.13704,1153,214689.0,301416.20323,0
1770632040000,1.4037,1.4037,1.4007,1.4008,270944.4,1770632099999,379923.97887,1329,65025.2,91169.18634,0
1770632100000,1.4007,1.4018,1.3937,1.3945,3054709.1,1770632159999,4266055.54825,4187,546622.6,763308.58429,0
1770632160000,1.3945,1.3956,1.3932,1.3943,828739.6,1770632219999,1155737.90772,2806,354513.8,494448.89223,0
1770632220000,1.3943,1.3944,1.3911,1.3917,2245327.6,1770632279999,3126362.98935,4062,627244.7,873347.37986,0
1770632280000,1.3917,1.3933,1.3910,1.3910,1246116.8,1770632339999,1734851.42372,2375,495023.6,689294.56707,0
1770632340000,1.3910,1.3934,1.3904,1.3923,1154864.5,1770632399999,1607990.85402,2282,890808.1,1240397.22309,0
1770632400000,1.3923,1.3936,1.3906,1.3922,1474624.8,1770632459999,2052693.14646,2400,566836.4,789432.81812,0
1770632460000,1.3921,1.3923,1.3912,1.3912,439387.8,1770632519999,611511.43726,1528,259351.2,360952.45235,0
1770632520000,1.3912,1.3921,1.3886,1.3897,1998383.1,1770632579999,2777715.60477,3624,551713.7,767070.07326,0
1770632580000,1.3897,1.3920,1.3890,1.3902,1203102.9,1770632639999,1672383.64531,3105,817329.7,1136047.26732,0
1770632640000,1.3903,1.3909,1.3873,1.3874,1794508.4,1770632699999,2491659.75779,3281,352552.4,489631.06162,0
1770632700000,1.3874,1.3899,1.3874,1.3895,888566.2,1770632759999,1233946.55498,2319,577166.8,801517.18029,0
1770632760000,1.3895,1.3896,1.3873,1.3879,910195.9,1770632819999,1263514.01898,2519,375726.9,521561.72840,0
1770632820000,1.3879,1.3923,1.3874,1.3896,4741023.7,1770632879999,6589488.78409,4790,3779431.9,5253353.62547,0
1770632880000,1.3896,1.3903,1.3874,1.3876,782900.8,1770632939999,1087480.81289,2013,289067.5,401692.99523,0
1770632940000,1.3876,1.3881,1.3847,1.3861,4383682.8,1770632999999,6075718.07679,5018,1031139.9,1429219.39038,0
1770633000000,1.3861,1.3870,1.3850,1.3851,1207924.7,1770633059999,1674000.38483,2845,363299.1,503504.72071,0
1770633060000,1.3852,1.3863,1.3809,1.3813,4617121.8,1770633119999,6387501.96850,7122,1491816.9,2063470.05585,0
1770633120000,1.3813,1.3829,1.3784,1.3792,4178813.2,1770633179999,5768373.91367,6213,1492629.0,2060996.81192,0
1770633180000,1.3793,1.3808,1.3785,1.3791,1743026.0,1770633239999,2404582.97712,3645,831181.1,1146653.57481,0
1770633240000,1.3790,1.3814,1.3762,1.3778,4030180.9,1770633299999,5554963.19237,6006,2015997.1,2779995.46651,0
1770633300000,1.3777,1.3800,1.3770,1.3793,1423260.2,1770633359999,1962090.73475,3518,541765.9,747015.75535,0
1770633360000,1.3792,1.3802,1.3738,1.3741,3235089.2,1770633419999,4452286.10325,5947,1350588.7,1859058.20185,0
1770633420000,1.3741,1.3798,1.3740,1.3797,2137076.0,1770633479999,2940587.70968,4337,1237418.4,1702837.87217,0
1770633480000,1.3796,1.3810,1.3771,1.3773,1452536.1,1770633539999,2003388.86857,4537,564777.0,778974.32554,0
1770633540000,1.3773,1.3804,1.3768,1.3790,1076813.5,1770633599999,1484714.28662,2908,717656.0,989648.12129,0
1770633600000,1.3790,1.3806,1.3774,1.3780,1221895.3,1770633659999,1684781.87329,2934,521279.6,718878.33726,0
1770633660000,1.3780,1.3784,1.3740,1.3758,1567786.7,1770633719999,2157314.46094,3972,739821.2,1018008.13069,0
1770633720000,1.3759,1.3759,1.3723,1.3739,1930318.0,1770633779999,2651169.84110,4237,709109.2,973934.05790,0
1770633780000,1.3738,1.3749,1.3726,1.3731,1245437.9,1770633839999,1710855.67272,3187,543152.2,746074.21726,0
1770633840000,1.3732,1.3762,1.3721,1.3760,3401251.7,1770633899999,4674353.54792,4525,1851378.6,2545348.38451,0
1770633900000,1.3761,1.3780,1.3760,1.3765,3563909.4,1770633959999,4907836.82340,4061,2873415.9,3957132.89107,0
1770633960000,1.3766,1.3799,1.3752,1.3799,935472.0,1770634019999,1288362.54745,3118,675544.6,930422.79891,0
1770634020000,1.3799,1.3799,1.3751,1.3757,1086807.5,1770634079999,1496875.71950,3199,629792.5,867755.17283,0
1770634080000,1.3757,1.3766,1.3741,1.3754,885030.5,1770634139999,1217171.66036,2334,433164.3,595789.01345,0
1770634140000,1.3754,1.3792,1.3754,1.3762,996696.0,1770634199999,1373020.73388,3129,596335.3,821476.53270,0
1770634200000,1.3762,1.3801,1.3760,1.3797,2004927.8,1770634259999,2764021.71266,3726,1309719.1,1805780.48823,0
1770634260000,1.3798,1.3804,1.3778,1.3791,1706020.3,1770634319999,2353268.57546,2823,902064.7,1244453.78512,0
1770634320000,1.3791,1.3825,1.3791,1.3818,2048634.7,1770634379999,2829367.55403,4023,1494516.5,2063989.94441,0
1770634380000,1.3817,1.3828,1.3811,1.3815,1121804.2,1770634439999,1550376.82523,2404,432141.3,597222.54890,0
1770634440000,1.3816,1.3818,1.3799,1.3808,899756.0,1770634499999,1242317.95906,1974,237635.8,328094.69466,0
1770634500000,1.3807,1.3831,1.3804,1.3829,1409519.2,1770634559999,1948089.84429,2295,1147116.2,1585365.30227,0
1770634560000,1.3829,1.3835,1.3819,1.3823,552650.4,1770634619999,764181.91763,1653,264299.6,365452.36432,0
1770634620000,1.3823,1.3829,1.3812,1.3827,522465.3,1770634679999,722109.70767,1496,258031.2,356689.69828,0
1770634680000,1.3828,1.3829,1.3811,1.3816,464062.8,1770634739999,641227.06516,1621,167132.3,230908.64796,0
1770634740000,1.3815,1.3826,1.3814,1.3823,196739.1,1770634799999,271921.30195,874,100389.3,138750.62740,0
1770634800000,1.3822,1.3856,1.3822,1.3855,1410988.6,1770634859999,1953147.47806,3514,663939.9,919138.18478,0
1770634860000,1.3856,1.3899,1.3842,1.3891,2010536.5,1770634919999,2790346.77420,4461,1295711.3,1798322.17575,0
1770634920000,1.3892,1.3914,1.3883,1.3898,1643092.7,1770634979999,2283902.23977,3756,1070820.1,1488708.76277,0
1770634980000,1.3899,1.3944,1.3882,1.3935,3256736.8,1770635039999,4533866.23578,4807,2247985.7,3130341.46442,0
1770635040000,1.3936,1.3936,1.3901,1.3914,1170669.6,1770635099999,1629428.04786,2779,416367.1,579519.57161,0
1770635100000,1.3914,1.3924,1.3906,1.3914,655186.5,1770635159999,911621.92617,2072,249505.4,347150.97080,0
1770635160000,1.3914,1.3916,1.3896,1.3905,853682.9,1770635219999,1187121.01152,2184,171134.1,238021.38927,0
1770635220000,1.3906,1.3906,1.3892,1.3899,777450.9,1770635279999,1080539.39017,1856,359540.6,499716.69748,0
1770635280000,1.3898,1.3899,1.3872,1.3877,912853.6,1770635339999,1267145.20113,2123,233904.8,324625.10519,0
1770635340000,1.3877,1.3895,1.3877,1.3882,753627.2,1770635399999,1046552.38639,1989,256352.6,355993.39434,0
1770635400000,1.3881,1.3881,1.3856,1.3875,2073067.6,1770635459999,2875176.82117,3114,443591.3,615264.83371,0
1770635460000,1.3876,1.3889,1.3858,1.3864,1465071.5,1770635519999,2031896.49219,2191,400131.8,555171.35431,0
1770635520000,1.3863,1.3870,1.3851,1.3856,1079692.5,1770635579999,1496330.31775,2026,410371.3,568779.12095,0
1770635580000,1.3855,1.3866,1.3851,1.3865,424583.9,1770635639999,588382.39700,1411,157631.8,218445.47040,0
1770635640000,1.3865,1.3867,1.3845,1.3849,908220.4,1770635699999,1258145.57783,1516,194040.6,268799.29305,0
1770635700000,1.3849,1.3860,1.3836,1.3838,863696.1,1770635759999,1195684.08837,2112,419511.9,580761.43612,0
1770635760000,1.3838,1.3869,1.3824,1.3860,672945.3,1770635819999,931628.39860,2129,350750.6,485828.04126,0
1770635820000,1.3860,1.3866,1.3844,1.3855,540416.5,1770635879999,748626.60192,1562,264671.3,366608.50575,0
1770635880000,1.3855,1.3864,1.3852,1.3852,449015.6,1770635939999,622225.72395,1318,205350.0,284565.32639,0
1770635940000,1.3852,1.3853,1.3822,1.3832,722968.8,1770635999999,999857.35472,1690,383805.8,530755.98634,0
1770636000000,1.3832,1.3871,1.3828,1.3858,1276885.6,1770636059999,1768886.45145,2165,1026594.9,1422235.31964,0
1770636060000,1.3858,1.3919,1.3854,1.3914,2363020.9,1770636119999,3283364.57013,4372,1847360.0,2566693.70614,0
1770636120000,1.3913,1.3936,1.3904,1.3935,2969922.0,1770636179999,4135019.70171,4381,2042772.8,2844280.13750,0
1770636180000,1.3935,1.3938,1.3904,1.3906,712277.7,1770636239999,991439.19253,1713,272601.7,379504.30565,0
1770636240000,1.3907,1.3916,1.3904,1.3906,357802.3,1770636299999,497664.65035,1160,218173.7,303455.54741,0
1770636300000,1.3907,1.3930,1.3907,1.3920,632611.2,1770636359999,880771.81275,1776,326290.2,454288.84391,0
1770636360000,1.3920,1.3936,1.3919,1.3931,669434.8,1770636419999,932366.84708,1898,376597.0,524497.09337,0
1770636420000,1.3931,1.3950,1.3920,1.3934,1350515.8,1770636479999,1882344.91872,2187,863768.1,1203981.91925,0
1770636480000,1.3934,1.3936,1.3920,1.3928,699881.8,1770636539999,974846.59043,1270,368111.7,512722.90219,0
1770636540000,1.3929,1.3938,1.3926,1.3930,482444.5,1770636599999,672168.60963,1091,252113.5,351267.69185,0
1770636600000,1.3930,1.3965,1.3929,1.3960,1258313.1,1770636659999,1755910.33676,2834,709283.8,989678.62565,0
1770636660000,1.3960,1.3961,1.3931,1.3943,706324.2,1770636719999,984983.06003,2025,322478.7,449767.43878,0
1770636720000,1.3944,1.3945,1.3913,1.3928,491393.7,1770636779999,684239.14090,1708,110112.7,153327.66073,0
1770636780000,1.3928,1.3940,1.3902,1.3912,1034015.5,1770636839999,1438885.93159,2289,191715.8,266886.83346,0
1770636840000,1.3911,1.3919,1.3909,1.3914,270270.4,1770636899999,376095.80198,1042,106460.0,148147.11066,0
1770636900000,1.3914,1.3930,1.3912,1.3916,192556.4,1770636959999,268006.70043,956,88407.6,123036.44787,0
1770636960000,1.3915,1.3938,1.3914,1.3926,446247.4,1770637019999,621379.23088,1485,293193.1,408253.23362,0
1770637020000,1.3926,1.3929,1.3916,1.3917,181302.6,1770637079999,252387.97651,773,56093.7,78093.41934,0
1770637080000,1.3917,1.3942,1.3917,1.3928,404897.1,1770637139999,564063.13247,1330,238175.7,331760.07738,0
1770637140000,1.3928,1.3940,1.3927,1.3937,401268.7,1770637199999,559161.09806,1218,266890.4,371895.86722,0
1770637200000,1.3937,1.3949,1.3929,1.3943,301752.7,1770637259999,420678.09878,1357,185299.5,258339.17896,0
1770637260000,1.3944,1.3953,1.3944,1.3949,326403.3,1770637319999,455316.24191,901,165977.1,231512.17384,0
1770637320000,1.3950,1.3950,1.3936,1.3942,305927.2,1770637379999,426577.14957,979,95806.2,133583.85787,0
1770637380000,1.3942,1.3944,1.3931,1.3937,324321.7,1770637439999,452034.40234,1011,132818.9,185122.73981,0
1770637440000,1.3938,1.3940,1.3915,1.3920,911702.9,1770637499999,1269109.05817,1451,540079.9,751724.46710,0
1770637500000,1.3920,1.3928,1.3915,1.3923,198620.7,1770637559999,276487.63111,891,48225.9,67133.39387,0
1770637560000,1.3923,1.3923,1.3888,1.3890,713569.9,1770637619999,992135.06850,1832,289727.6,402920.66186,0
1770637620000,1.3890,1.3892,1.3875,1.3888,665630.5,1770637679999,924106.71620,1631,157042.2,218031.79050,0
1770637680000,1.3888,1.3907,1.3880,1.3906,379456.3,1770637739999,527235.47761,1546,209841.0,291556.97572,0
1770637740000,1.3906,1.3906,1.3883,1.3894,551543.4,1770637799999,766131.83175,1297,295388.4,410284.54059,0
1770637800000,1.3893,1.3910,1.3890,1.3901,884477.2,1770637859999,1229135.02508,1608,216585.0,301032.00446,0
1770637860000,1.3901,1.3901,1.3887,1.3888,277127.7,1770637919999,385022.57973,869,83409.2,115881.38311,0
1770637920000,1.3888,1.3892,1.3871,1.3878,677366.4,1770637979999,940185.30031,1300,152021.3,210997.95870,0
1770637980000,1.3878,1.3888,1.3874,1.3884,601903.4,1770638039999,835476.13993,1741,329420.2,457256.63123,0
1770638040000,1.3885,1.3912,1.3885,1.3899,418305.3,1770638099999,581336.50558,1785,330396.6,459178.45617,0
1770638100000,1.3899,1.3902,1.3892,1.3898,247947.7,1770638159999,344583.90615,902,112481.1,156321.34507,0
1770638160000,1.3898,1.3913,1.3897,1.3911,203359.8,1770638219999,282797.06272,914,145423.7,202217.42471,0
1770638220000,1.3911,1.3911,1.3901,1.3902,221749.1,1770638279999,308370.85378,959,112105.0,155897.47442,0
1770638280000,1.3902,1.3906,1.3895,1.3902,212993.8,1770638339999,296100.62160,806,163904.0,227857.58925,0
1770638340000,1.3903,1.3926,1.3900,1.3926,589330.7,1770638399999,819952.09611,1312,468640.8,652051.84453,0
1770638400000,1.3926,1.3943,1.3922,1.3938,683498.4,1770638459999,952314.54262,2161,484526.5,675086.45746,0
1770638460000,1.3937,1.3974,1.3937,1.3967,975726.1,1770638519999,1362205.48438,2654,686987.6,959121.05230,0
1770638520000,1.3966,1.3981,1.3955,1.3967,889185.7,1770638579999,1242163.69863,2669,497975.0,695654.93283,0
1770638580000,1.3967,1.4000,1.3967,1.3998,2099096.9,1770638639999,2935805.24438,3480,1543769.4,2159050.36948,0
1770638640000,1.3998,1.4020,1.3993,1.4015,1977560.6,1770638699999,2770153.54598,3708,1498918.8,2099758.37581,0
1770638700000,1.4015,1.4015,1.3995,1.4003,890054.5,1770638759999,1246446.36731,2129,335732.3,470173.63743,0
1770638760000,1.4003,1.4022,1.3993,1.4022,704301.8,1770638819999,986655.08292,1803,463530.6,649422.28076,0
1770638820000,1.4022,1.4036,1.4019,1.4028,896719.7,1770638879999,1257887.63357,2554,414763.3,581811.14432,0
1770638880000,1.4028,1.4048,1.4006,1.4018,1394478.1,1770638939999,1956489.97336,2926,617457.6,866556.56003,0
1770638940000,1.4017,1.4067,1.4016,1.4053,1627365.9,1770638999999,2285622.93807,3334,1071676.1,1505419.87465,0
1770639000000,1.4053,1.4054,1.4040,1.4045,994465.4,1770639059999,1396939.66746,1980,596912.5,838464.73711,0
1770639060000,1.4045,1.4069,1.4038,1.4064,768011.0,1770639119999,1079162.63269,2108,534618.6,751247.05122,0
1770639120000,1.4064,1.4082,1.4058,1.4076,2135110.1,1770639179999,3004555.52395,3526,1158962.0,1630914.92728,0
1770639180000,1.4076,1.4078,1.4065,1.4067,682708.4,1770639239999,960697.08065,1736,235572.4,331484.75205,0
1770639240000,1.4066,1.4070,1.4055,1.4055,1303230.9,1770639299999,1832632.71980,2432,507722.4,713940.37552,0
1770639300000,1.4055,1.4055,1.4032,1.4032,1315290.9,1770639359999,1846894.03639,2787,319965.6,449316.59842,0
1770639360000,1.4033,1.4036,1.4022,1.4033,1152075.3,1770639419999,1616298.65701,2024,248838.3,349165.07030,0
1770639420000,1.4032,1.4035,1.4002,1.4029,3015615.8,1770639479999,4228035.00939,2762,774847.5,1086709.30449,0
1770639480000,1.4029,1.4035,1.4021,1.4028,492476.7,1770639539999,690835.16924,1410,186151.5,261150.30162,0
1770639540000,1.4028,1.4039,1.4028,1.4039,295157.1,1770639599999,414232.02986,1081,181319.3,254456.87722,0
1770639600000,1.4038,1.4060,1.4030,1.4037,1004599.0,1770639659999,1411178.26021,1929,723301.5,1015923.20860,0
1770639660000,1.4037,1.4045,1.4031,1.4039,212824.4,1770639719999,298775.80950,994,110401.3,154989.04636,0
1770639720000,1.4040,1.4050,1.4040,1.4044,462992.8,1770639779999,650281.45987,1382,283559.5,398254.59594,0
1770639780000,1.4043,1.4048,1.4040,1.4042,272096.8,1770639839999,382154.07661,867,103448.9,145286.65439,0
1770639840000,1.4042,1.4050,1.4038,1.4045,163239.7,1770639899999,229257.29492,785,104737.5,147097.03849,0
1770639900000,1.4044,1.4060,1.4039,1.4054,388515.7,1770639959999,545886.63397,1252,281754.8,395874.93480,0
1770639960000,1.4054,1.4054,1.4029,1.4043,425159.2,1770640019999,596966.18538,1469,113741.0,159740.27726,0
1770640020000,1.4042,1.4044,1.4035,1.4035,248623.3,1770640079999,349065.19704,874,118907.6,166963.89649,0
1770640080000,1.4035,1.4043,1.4034,1.4035,543430.5,1770640139999,762926.19113,1164,394772.3,554243.45139,0
1770640140000,1.4035,1.4047,1.4033,1.4033,477446.1,1770640199999,670399.13210,1336,177242.0,248868.44989,0
1770640200000,1.4034,1.4038,1.4019,1.4026,1046846.4,1770640259999,1468487.96174,1561,307649.9,431638.81085,0
1770640260000,1.4026,1.4049,1.4026,1.4030,470360.2,1770640319999,660227.29675,1720,212973.1,298963.35285,0
1770640320000,1.4031,1.4033,1.4012,1.4021,630387.0,1770640379999,883831.19971,1455,189715.2,265971.80088,0
1770640380000,1.4020,1.4021,1.3997,1.4007,560588.4,1770640439999,785338.84905,1313,152142.5,213143.19973,0
1770640440000,1.4007,1.4012,1.3996,1.4008,626220.0,1770640499999,876958.95927,1399,283817.6,397465.31183,0
1770640500000,1.4008,1.4072,1.4006,1.4062,3724553.1,1770640559999,5234012.03669,4719,3077709.6,4325375.73230,0
1770640560000,1.4062,1.4063,1.4020,1.4028,562801.3,1770640619999,790294.62712,1769,211965.0,297553.61420,0
1770640620000,1.4028,1.4029,1.4016,1.4017,315351.1,1770640679999,442162.95792,1247,151591.0,212536.45820,0
1770640680000,1.4017,1.4033,1.4017,1.4031,200224.1,1770640739999,280818.45749,1002,85234.7,119537.92302,0
1770640740000,1.4030,1.4038,1.4024,1.4028,221769.2,1770640799999,311136.07410,1037,105628.2,148203.20199,0
1770640800000,1.4027,1.4059,1.4026,1.4055,945466.8,1770640859999,1328156.61558,2208,726483.1,1020474.64622,0
1770640860000,1.4055,1.4132,1.4055,1.4127,2992523.2,1770640919999,4219187.82827,6157,1957465.5,2759633.14590,0
1770640920000,1.4126,1.4142,1.4124,1.4131,1828576.1,1770640979999,2583964.02420,3601,1143077.9,1615338.24346,0
1770640980000,1.4130,1.4132,1.4101,1.4103,763427.4,1770641039999,1077531.63937,2014,397386.1,560913.16321,0
1770641040000,1.4104,1.4113,1.4093,1.4097,652283.4,1770641099999,919891.19076,1692,336805.0,475034.63649,0
1770641100000,1.4097,1.4102,1.4086,1.4094,350349.0,1770641159999,493787.50933,1295,144792.8,204092.63427,0
1770641160000,1.4094,1.4104,1.4075,1.4097,508706.9,1770641219999,716847.77507,1863,346001.0,487568.73692,0
1770641220000,1.4097,1.4100,1.4072,1.4074,595205.2,1770641279999,838159.19469,2009,268913.2,378695.25286,0
1770641280000,1.4075,1.4077,1.4061,1.4063,330104.1,1770641339999,464428.52106,1108,69250.1,97429.73616,0
1770641340000,1.4063,1.4098,1.4063,1.4076,1650849.3,1770641399999,2325282.37702,2340,1105997.1,1557673.44610,0
1770641400000,1.4076,1.4084,1.4075,1.4078,207432.1,1770641459999,292059.82223,1123,111690.3,157255.98734,0
1770641460000,1.4077,1.4078,1.4040,1.4052,2231575.6,1770641519999,3135693.16008,2518,358660.8,504128.32076,0
1770641520000,1.4053,1.4073,1.4048,1.4071,553555.6,1770641579999,778195.44867,1728,201735.8,283669.04050,0
1770641580000,1.4071,1.4077,1.4048,1.4053,287089.9,1770641639999,403689.49994,1129,75102.1,105591.74173,0
1770641640000,1.4052,1.4059,1.4051,1.4057,124257.8,1770641699999,174640.04682,657,74789.6,105113.88706,0
1770641700000,1.4057,1.4061,1.4053,1.4057,238362.6,1770641759999,335055.10788,907,95857.0,134747.15900,0
1770641760000,1.4056,1.4073,1.4045,1.4064,526477.0,1770641819999,740226.61341,1569,327681.5,460770.54190,0
1770641820000,1.4064,1.4070,1.4060,1.4062,175851.2,1770641879999,247320.44896,639,70778.8,99553.55354,0
1770641880000,1.4062,1.4077,1.4062,1.4075,262837.1,1770641939999,369832.78497,1034,194432.0,273563.68857,0
1770641940000,1.4075,1.4080,1.4073,1.4076,363044.2,1770641999999,511067.72013,1014,115189.9,162152.45144,0
1770642000000,1.4075,1.4082,1.4058,1.4060,485303.0,1770642059999,682850.57069,1272,178662.7,251419.71341,0
1770642060000,1.4060,1.4061,1.4043,1.4047,381711.6,1770642119999,536209.07711,1229,122976.9,172758.15232,0
1770642120000,1.4047,1.4070,1.4038,1.4052,414468.8,1770642179999,582569.49903,1531,219284.3,308286.07018,0
1770642180000,1.4051,1.4071,1.4047,1.4061,387027.7,1770642239999,544130.43349,1402,325310.2,457356.49522,0
1770642240000,1.4061,1.4061,1.4047,1.4050,341291.5,1770642299999,479554.31970,1048,92988.2,130670.06178,0
1770642300000,1.4050,1.4055,1.4035,1.4042,780718.6,1770642359999,1096284.42420,1605,239026.6,335622.94520,0
1770642360000,1.4041,1.4064,1.4041,1.4053,313041.1,1770642419999,439886.75417,1391,152710.7,214542.88412,0
1770642420000,1.4054,1.4056,1.4045,1.4049,149141.2,1770642479999,209564.92875,742,98080.3,137821.37558,0
1770642480000,1.4049,1.4078,1.4048,1.4063,1136036.3,1770642539999,1598318.73683,1704,941938.9,1325245.63359,0
1770642540000,1.4063,1.4079,1.4063,1.4068,377115.6,1770642599999,530659.73236,1130,186980.2,263107.23745,0
1770642600000,1.4068,1.4069,1.4048,1.4053,211851.1,1770642659999,297838.69769,757,112767.9,158523.97039,0
1770642660000,1.4053,1.4118,1.4053,1.4102,1751343.4,1770642719999,2469771.10886,4028,1386817.9,1955677.75207,0
1770642720000,1.4102,1.4116,1.4100,1.4110,624516.6,1770642779999,881009.02682,2037,303720.5,428461.62222,0
1770642780000,1.4111,1.4115,1.4094,1.4101,581318.3,1770642839999,819893.72781,1708,190007.1,268006.80229,0
1770642840000,1.4100,1.4100,1.4079,1.4089,540959.6,1770642899999,762291.66900,1546,376683.6,530862.60317,0
1770642900000,1.4090,1.4093,1.4073,1.4077,338534.0,1770642959999,476648.88957,1382,146031.9,205608.84583,0
1770642960000,1.4077,1.4083,1.4050,1.4051,361661.8,1770643019999,508709.84354,1537,130288.6,183247.32253,0
1770643020000,1.4051,1.4059,1.4049,1.4052,351362.9,1770643079999,493829.11078,1129,138867.2,195171.41984,0
1770643080000,1.4053,1.4057,1.4030,1.4055,630078.1,1770643139999,884621.96324,1453,189623.3,266264.69617,0
1770643140000,1.4055,1.4081,1.4052,1.4072,1182135.5,1770643199999,1663420.25605,2254,962000.9,1353697.71966,0
1770643200000,1.4073,1.4074,1.4062,1.4071,219585.6,1770643259999,308906.30952,1059,83716.3,117767.18672,0
1770643260000,1.4072,1.4075,1.4063,1.4075,263633.0,1770643319999,370932.34542,1121,75921.2,106810.33831,0
1770643320000,1.4074,1.4083,1.4049,1.4053,383122.2,1770643379999,538968.63079,1278,209447.2,294681.60137,0
1770643380000,1.4052,1.4056,1.4040,1.4050,240100.9,1770643439999,337311.28208,909,59229.8,83213.68315,0
1770643440000,1.4051,1.4068,1.4051,1.4067,237083.0,1770643499999,333394.44217,1087,108969.0,153228.73590,0
1770643500000,1.4067,1.4067,1.4046,1.4049,157140.1,1770643559999,220815.38255,906,53507.7,75187.75858,0
1770643560000,1.4050,1.4062,1.4047,1.4057,181113.3,1770643619999,254556.90999,931,84019.9,118092.28199,0
1770643620000,1.4058,1.4063,1.4052,1.4053,159584.9,1770643679999,224301.01508,916,40087.5,56350.64699,0
1770643680000,1.4054,1.4054,1.4038,1.4047,413178.9,1770643739999,580200.07848,1237,109736.9,154125.61234,0
1770643740000,1.4047,1.4058,1.4045,1.4057,251472.3,1770643799999,353312.65127,915,107701.8,151325.58369,0
1770643800000,1.4057,1.4057,1.4035,1.4042,1198125.2,1770643859999,1682575.76470,1697,251746.9,353584.47888,0
1770643860000,1.4043,1.4043,1.4016,1.4016,1663828.5,1770643919999,2333417.95447,2644,362920.6,508933.27976,0
1770643920000,1.4016,1.4029,1.4010,1.4011,456517.9,1770643979999,640024.96939,1384,111456.3,156259.29480,0
1770643980000,1.4012,1.4013,1.3994,1.4006,1431867.5,1770644039999,2005068.14417,2567,609623.7,853670.07034,0
1770644040000,1.4005,1.4015,1.4000,1.4002,460060.2,1770644099999,644464.90317,1199,257649.6,360939.76690,0
1770644100000,1.4003,1.4003,1.3995,1.4001,505391.1,1770644159999,707507.45620,1118,237991.2,333185.49977,0
1770644160000,1.4001,1.4023,1.4000,1.4012,656948.8,1770644219999,920673.86906,1857,513677.2,719891.17232,0
1770644220000,1.4012,1.4019,1.3996,1.3996,487055.9,1770644279999,682214.14192,1313,230277.0,322631.32551,0
1770644280000,1.3996,1.4015,1.3995,1.4012,226057.6,1770644339999,316664.25263,947,164262.7,230095.04801,0
1770644340000,1.4012,1.4024,1.4010,1.4023,185851.0,1770644399999,260488.18771,907,107236.0,150303.09379,0
1770644400000,1.4022,1.4034,1.4016,1.4019,388458.1,1770644459999,544810.24212,1215,222394.1,311928.68145,0
1770644460000,1.4018,1.4028,1.4007,1.4007,419013.2,1770644519999,587423.20219,1346,260289.4,364976.15870,0
1770644520000,1.4008,1.4012,1.4002,1.4002,372322.2,1770644579999,521522.07969,1065,161997.4,226915.48302,0
1770644580000,1.4001,1.4005,1.3991,1.3995,677107.6,1770644639999,947747.23517,1407,314399.0,440063.63701,0
1770644640000,1.3996,1.4015,1.3996,1.4004,268791.4,1770644699999,376453.02688,1069,181388.9,254019.73835,0
1770644700000,1.4004,1.4024,1.4003,1.4021,1015224.6,1770644759999,1423115.86874,1603,822825.9,1153425.81739,0
1770644760000,1.4021,1.4023,1.4012,1.4018,218021.9,1770644819999,305658.62259,1144,153502.5,215213.87789,0
1770644820000,1.4017,1.4024,1.4008,1.4009,116234.6,1770644879999,162917.47469,839,70065.5,98202.37306,0
1770644880000,1.4009,1.4009,1.3981,1.3990,1019308.5,1770644939999,1426078.85507,2231,181056.0,253311.06028,0
1770644940000,1.3990,1.4005,1.3977,1.3983,1109940.0,1770644999999,1552154.28804,1947,187838.0,262762.42440,0
1770645000000,1.3982,1.3996,1.3971,1.3984,977353.9,1770645059999,1366504.44946,2148,462647.1,646883.10178,0
1770645060000,1.3983,1.3987,1.3967,1.3967,1135406.9,1770645119999,1586942.78399,2384,435441.7,608685.48473,0
1770645120000,1.3967,1.3999,1.3962,1.3985,1454136.9,1770645179999,2032173.53557,2616,724394.4,1012674.62831,0
1770645180000,1.3986,1.4004,1.3985,1.3996,624997.0,1770645239999,874712.83860,1766,441906.6,618463.90744,0
1770645240000,1.3997,1.3999,1.3979,1.3980,419225.2,1770645299999,586482.06826,1214,136577.8,191116.76730,0
1770645300000,1.3979,1.3979,1.3951,1.3957,1653272.4,1770645359999,2308360.04673,3381,598043.7,834909.38792,0
1770645360000,1.3957,1.3975,1.3955,1.3960,394916.4,1770645419999,551537.42445,1635,221713.7,309644.51958,0
1770645420000,1.3960,1.3979,1.3960,1.3971,251996.8,1770645479999,352017.00725,1176,157897.6,220575.82525,0
1770645480000,1.3970,1.3972,1.3940,1.3952,1535858.4,1770645539999,2142877.61519,2484,363540.2,507376.66998,0
1770645540000,1.3952,1.3961,1.3947,1.3952,829306.2,1770645599999,1157224.33761,1929,415178.7,579351.54167,0
1770645600000,1.3951,1.3995,1.3951,1.3990,1445720.9,1770645659999,2020764.39130,3271,1005951.6,1406148.50349,0
1770645660000,1.3990,1.4024,1.3982,1.4018,2509325.2,1770645719999,3514795.03308,3735,2139917.5,2997549.67054,0
1770645720000,1.4019,1.4037,1.4009,1.4009,1044340.0,1770645779999,1464735.61850,2579,520957.7,730651.13647,0
1770645780000,1.4009,1.4009,1.3986,1.3986,507684.1,1770645839999,710728.11473,1543,132392.0,185359.12384,0
1770645840000,1.3985,1.3993,1.3974,1.3989,532580.5,1770645899999,744735.31188,1572,308325.9,431144.69339,0
1770645900000,1.3988,1.4006,1.3951,1.3961,1686964.5,1770645959999,2357212.68568,3278,416334.2,582189.23235,0
1770645960000,1.3961,1.3993,1.3946,1.3993,1199622.8,1770646019999,1674434.95770,2884,700545.8,978012.67580,0
1770646020000,1.3993,1.4009,1.3987,1.4003,1650818.8,1770646079999,2311078.59665,3467,757663.1,1060617.31393,0
1770646080000,1.4003,1.4005,1.3985,1.3992,697142.5,1770646139999,975744.80253,1883,275298.1,385349.59192,0
1770646140000,1.3993,1.4012,1.3983,1.3988,396605.5,1770646199999,555286.84312,1840,190383.9,266563.62836,0
1770646200000,1.3989,1.4012,1.3979,1.3980,421963.0,1770646259999,590606.55271,1577,210847.2,295125.42186,0
1770646260000,1.3979,1.3995,1.3967,1.3984,522590.6,1770646319999,730571.36307,2088,251695.4,351829.27031,0
1770646320000,1.3984,1.3993,1.3980,1.3981,332651.1,1770646379999,465286.92200,1377,181384.7,253698.91971,0
1770646380000,1.3981,1.4006,1.3969,1.4006,460994.8,1770646439999,644735.92686,1998,248580.6,347652.50294,0
1770646440000,1.4007,1.4020,1.3992,1.4019,915416.6,1770646499999,1281628.27326,1937,354482.8,496334.46328,0
1770646500000,1.4020,1.4035,1.4007,1.4007,550738.3,1770646559999,772165.01375,2357,329521.5,462044.09613,0
1770646560000,1.4007,1.4007,1.3990,1.3993,560874.8,1770646619999,785060.03606,1729,214012.2,299565.04073,0
1770646620000,1.3993,1.3997,1.3971,1.3972,624619.2,1770646679999,873603.46682,1677,219452.0,306950.97546,0
1770646680000,1.3972,1.3993,1.3965,1.3989,503655.8,1770646739999,703907.78089,1747,294344.7,411406.57469,0
1770646740000,1.3989,1.3993,1.3960,1.3987,1315880.8,1770646799999,1838335.16117,2690,250912.2,350648.23046,0
1770646800000,1.3988,1.4001,1.3987,1.3997,391330.4,1770646859999,547567.52112,1388,192246.8,268999.63167,0
1770646860000,1.3997,1.4017,1.3988,1.4006,460099.5,1770646919999,644186.59491,1533,296426.5,415017.00085,0
1770646920000,1.4005,1.4006,1.3991,1.4001,486029.2,1770646979999,680331.13636,1697,249052.1,348581.61932,0
1770646980000,1.4001,1.4056,1.4001,1.4047,1535123.2,1770647039999,2154302.49265,3262,1133988.4,1591478.02251,0
1770647040000,1.4047,1.4065,1.4045,1.4048,2132445.0,1770647099999,2997592.04299,3219,1440114.6,2024440.86737,0
1770647100000,1.4048,1.4076,1.4038,1.4074,1560952.1,1770647159999,2194108.05775,3532,921851.6,1295862.91425,0
1770647160000,1.4074,1.4074,1.4046,1.4068,491506.9,1770647219999,691084.07884,1910,167713.1,235796.90808,0
1770647220000,1.4068,1.4097,1.4051,1.4074,1577287.7,1770647279999,2221077.68996,3044,1275886.1,1796950.33731,0
1770647280000,1.4074,1.4081,1.4064,1.4074,618682.5,1770647339999,870599.67588,2287,314486.5,442554.37838,0
1770647340000,1.4074,1.4080,1.4054,1.4066,507995.7,1770647399999,714686.16865,1913,184368.7,259376.62044,0
1770647400000,1.4066,1.4079,1.4027,1.4042,1298691.9,1770647459999,1825200.51747,5272,530706.0,745742.86286,0
1770647460000,1.4042,1.4070,1.4027,1.4041,1331691.5,1770647519999,1870582.23419,5204,678173.6,952699.41139,0
1770647520000,1.4041,1.4074,1.4021,1.4059,1524960.2,1770647579999,2141626.28827,5731,778211.5,1092851.27567,0
1770647580000,1.4059,1.4070,1.4020,1.4048,1037052.4,1770647639999,1456965.56424,4749,580510.6,815637.84477,0
1770647640000,1.4047,1.4063,1.4035,1.4055,966415.9,1770647699999,1357683.34051,4445,510812.6,717569.98935,0
1770647700000,1.4054,1.4063,1.4006,1.4062,1359253.3,1770647759999,1906670.93888,5856,637393.3,894226.16739,0
1770647760000,1.4063,1.4063,1.4018,1.4047,1418174.9,1770647819999,1991651.74318,5688,742054.2,1042023.07912,0
1770647820000,1.4048,1.4205,1.4046,1.4193,4657562.6,1770647879999,6588253.82059,11882,3134483.5,4434042.01792,0
1770647880000,1.4192,1.4232,1.4172,1.4192,3268937.6,1770647939999,4642676.82495,8987,1708304.2,2426597.76194,0
1770647940000,1.4191,1.4246,1.4158,1.4246,2197959.2,1770647999999,3120965.79894,6577,1370622.9,1947007.48364,0
1770648000000,1.4245,1.4373,1.4241,1.4273,8583243.3,1770648059999,12283118.43544,15779,5364697.4,7676428.11712,0
1770648060000,1.4272,1.4310,1.4256,1.4259,1515867.3,1770648119999,2165297.25017,5940,721646.0,1031014.19984,0
1770648120000,1.4260,1.4311,1.4244,1.4294,1720012.0,1770648179999,2456476.51732,5643,764846.3,1092289.67834,0
1770648180000,1.4294,1.4322,1.4270,1.4272,1544988.8,1770648239999,2209433.67326,4747,631763.1,903671.81762,0
1770648240000,1.4272,1.4299,1.4254,1.4255,1900558.7,1770648299999,2714743.03542,4180,1153197.0,1647579.17450,0
1770648300000,1.4256,1.4289,1.4242,1.4250,1305609.6,1770648359999,1862666.01333,5016,477116.1,680825.90762,0
1770648360000,1.4251,1.4333,1.4247,1.4295,1587588.2,1770648419999,2269889.58764,5576,668016.5,954885.47773,0
1770648420000,1.4295,1.4311,1.4251,1.4262,2994485.4,1770648479999,4274519.51143,7005,1091105.9,1557147.78332,0
1770648480000,1.4261,1.4329,1.4257,1.4328,1086269.6,1770648539999,1553513.27896,5160,504858.4,721874.83983,0
1770648540000,1.4329,1.4355,1.4317,1.4350,1566295.9,1770648599999,2245074.48376,5150,663360.6,950886.46818,0
1770648600000,1.4351,1.4375,1.4318,1.4362,2573208.7,1770648659999,3690890.91997,7115,776672.3,1114460.45939,0
1770648660000,1.4362,1.4374,1.4311,1.4332,1760367.9,1770648719999,2525117.86120,6824,812147.9,1164793.30277,0
1770648720000,1.4332,1.4348,1.4301,1.4322,1153519.5,1770648779999,1652266.87035,5829,407881.6,584240.84207,0
1770648780000,1.4321,1.4334,1.4291,1.4295,1091041.1,1770648839999,1561202.24287,4577,338721.3,484706.11790,0
1770648840000,1.4294,1.4324,1.4266,1.4320,1214563.3,1770648899999,1735108.77932,4501,534796.5,764198.29985,0
1770648900000,1.4321,1.4342,1.4268,1.4278,957782.0,1770648959999,1369313.67030,4380,376054.1,537660.14043,0
1770648960000,1.4278,1.4302,1.4269,1.4288,528102.6,1770649019999,754406.28171,3167,230730.5,329684.53470,0
1770649020000,1.4288,1.4296,1.4258,1.4277,635320.8,1770649079999,906876.34739,3601,332562.9,474699.39546,0
1770649080000,1.4277,1.4305,1.4269,1.4297,643299.3,1770649139999,919200.37138,2978,371344.9,530622.45692,0
1770649140000,1.4298,1.4311,1.4290,1.4299,473264.2,1770649199999,676880.60934,2219,235303.1,336523.29931,0
1770649200000,1.4298,1.4341,1.4297,1.4299,1263694.4,1770649259999,1809453.75787,5273,800831.0,1146754.77861,0
1770649260000,1.4299,1.4390,1.4299,1.4354,1953173.2,1770649319999,2803592.70377,6364,1217595.1,1748024.13476,0
1770649320000,1.4355,1.4358,1.4326,1.4357,1339059.6,1770649379999,1920057.07645,4256,648220.4,929623.07476,0
1770649380000,1.4356,1.4378,1.4341,1.4378,2769860.2,1770649439999,3977810.63254,4793,1096095.7,1573980.19092,0
1770649440000,1.4377,1.4404,1.4355,1.4401,2430488.0,1770649499999,3496771.29743,6049,1664016.4,2394286.92772,0
1770649500000,1.4402,1.4442,1.4361,1.4411,2251240.3,1770649559999,3244266.04267,7640,1238442.1,1784662.05727,0
1770649560000,1.4412,1.4422,1.4366,1.4375,2059745.9,1770649619999,2965002.92496,5421,575905.3,829254.16132,0
1770649620000,1.4375,1.4424,1.4367,1.4406,1313750.7,1770649679999,1891419.03503,4874,907249.0,1306229.53384,0
1770649680000,1.4406,1.4406,1.4359,1.4364,858272.9,1770649739999,1233922.29446,3535,367271.0,528018.81747,0
1770649740000,1.4364,1.4368,1.4328,1.4345,977501.2,1770649799999,1402397.38923,3278,513112.5,736029.97191,0
1770649800000,1.4345,1.4352,1.4312,1.4321,955723.0,1770649859999,1369547.55152,3271,358299.1,513471.20364,0
1770649860000,1.4322,1.4336,1.4314,1.4318,763559.1,1770649919999,1093557.15172,2736,346905.0,496866.73099,0
1770649920000,1.4318,1.4321,1.4301,1.4308,1015353.1,1770649979999,1453032.92254,2942,426655.7,610542.74701,0
1770649980000,1.4307,1.4316,1.4286,1.4309,995125.0,1770650039999,1422770.42670,3417,469966.0,671968.29732,0
1770650040000,1.4310,1.4321,1.4305,1.4315,368652.0,1770650099999,527639.53830,1466,259301.4,371140.06172,0
1770650100000,1.4316,1.4344,1.4304,1.4341,1926156.4,1770650159999,2758897.57618,3687,682051.1,977284.25415,0
1770650160000,1.4342,1.4344,1.4321,1.4339,739502.5,1770650219999,1060005.06955,2370,449563.7,644359.22855,0
1770650220000,1.4339,1.4340,1.4273,1.4299,1157087.2,1770650279999,1654499.25039,3124,438975.7,627856.51954,0
1770650280000,1.4298,1.4316,1.4287,1.4295,1392408.4,1770650339999,1990663.12073,3162,384601.0,549929.14944,0
1770650340000,1.4294,1.4299,1.4262,1.4284,1935487.9,1770650399999,2763308.20621,3857,574927.0,821114.01971,0
1770650400000,1.4285,1.4314,1.4276,1.4296,701408.7,1770650459999,1002456.03553,2403,271332.2,387895.65793,0
1770650460000,1.4295,1.4310,1.4252,1.4252,960680.9,1770650519999,1372070.18980,2802,345183.0,493244.86748,0
1770650520000,1.4252,1.4257,1.4233,1.4243,1081797.5,1770650579999,1540679.05376,3718,298561.7,425203.42543,0
1770650580000,1.4244,1.4251,1.4225,1.4225,1899717.3,1770650639999,2704265.77381,3414,441448.8,628503.82203,0
1770650640000,1.4226,1.4247,1.4222,1.4244,910139.5,1770650699999,1295610.91781,2455,443514.1,631396.17454,0
1770650700000,1.4244,1.4248,1.4223,1.4227,1367038.4,1770650759999,1945555.20844,2736,506025.4,720306.34045,0
1770650760000,1.4228,1.4235,1.4199,1.4214,2707338.9,1770650819999,3848646.75510,4583,863367.2,1227204.98561,0
1770650820000,1.4215,1.4218,1.4200,1.4214,782651.9,1770650879999,1112094.86879,2155,451994.9,642273.17102,0
1770650880000,1.4215,1.4245,1.4208,1.4214,745161.1,1770650939999,1060479.62839,2517,558698.5,795179.87396,0
1770650940000,1.4214,1.4239,1.4204,1.4238,640638.9,1770650999999,911076.59356,2209,325869.5,463530.72271,0
1770651000000,1.4238,1.4306,1.4237,1.4287,2910133.6,1770651059999,4157657.78270,4608,2307053.3,3296235.28090,0
1770651060000,1.4288,1.4331,1.4287,1.4307,1042146.9,1770651119999,1491603.63610,3695,645908.7,924405.81715,0
1770651120000,1.4308,1.4311,1.4254,1.4258,643244.0,1770651179999,918070.20333,2889,248637.8,354781.00776,0
1770651180000,1.4258,1.4316,1.4255,1.4289,665896.1,1770651239999,951606.71461,3257,348258.7,497533.02426,0
1770651240000,1.4289,1.4326,1.4289,1.4315,1329869.1,1770651299999,1903205.70840,3036,1100232.4,1574698.05089,0
1770651300000,1.4315,1.4371,1.4314,1.4348,2315857.9,1770651359999,3323615.68806,5988,1646071.9,2362546.95635,0
1770651360000,1.4348,1.4411,1.4348,1.4370,2293490.4,1770651419999,3300459.48007,6361,1604592.4,2309460.36230,0
1770651420000,1.4370,1.4396,1.4366,1.4390,991465.8,1770651479999,1425654.94029,3319,582350.6,837453.02003,0
1770651480000,1.4390,1.4416,1.4386,1.4411,1440686.9,1770651539999,2075011.47503,4217,739783.0,1065578.26090,0
1770651540000,1.4410,1.4429,1.4388,1.4398,1230547.4,1770651599999,1772722.70445,3359,795871.0,1146571.28672,0
1770651600000,1.4397,1.4424,1.4397,1.4407,935190.2,1770651659999,1347583.34113,3289,454595.6,655014.25263,0
1770651660000,1.4407,1.4424,1.4390,1.4391,803998.7,1770651719999,1158439.42006,2735,520374.3,749724.49903,0
1770651720000,1.4390,1.4434,1.4386,1.4434,938017.2,1770651779999,1351925.42711,3626,483997.9,697496.69889,0
1770651780000,1.4434,1.4469,1.4431,1.4448,2660851.8,1770651839999,3845729.36716,4953,1561582.1,2257079.60270,0
1770651840000,1.4447,1.4494,1.4445,1.4446,2615517.7,1770651899999,3786389.38509,5744,1682283.8,2435746.57554,0
1770651900000,1.4447,1.4489,1.4444,1.4468,1563788.3,1770651959999,2261422.84650,4047,959626.7,1387722.62609,0
1770651960000,1.4469,1.4475,1.4442,1.4442,878631.5,1770652019999,1270177.74970,3263,355021.2,513275.38554,0
1770652020000,1.4442,1.4444,1.4422,1.4438,1282505.7,1770652079999,1851225.20393,3503,578272.5,834733.82872,0
1770652080000,1.4438,1.4439,1.4415,1.4426,486276.4,1770652139999,701419.18345,2652,238201.9,343573.50242,0
1770652140000,1.4426,1.4442,1.4417,1.4428,571728.6,1770652199999,824906.07519,2235,312303.3,450596.92096,0
1770652200000,1.4427,1.4427,1.4383,1.4396,937982.4,1770652259999,1350492.11268,3199,408358.7,587908.85225,0
1770652260000,1.4397,1.4404,1.4383,1.4390,377590.3,1770652319999,543535.42355,2266,222492.2,320276.39507,0
1770652320000,1.4390,1.4403,1.4383,1.4384,699385.8,1770652379999,1006579.08957,2120,386969.5,556929.09590,0
1770652380000,1.4383,1.4427,1.4370,1.4421,913640.7,1770652439999,1314997.75879,2794,490654.1,706464.88982,0
1770652440000,1.4420,1.4436,1.4396,1.4434,930238.6,1770652499999,1340777.05623,2840,418076.3,602738.50990,0
1770652500000,1.4434,1.4449,1.4411,1.4421,766093.5,1770652559999,1105258.69583,3316,391272.8,564469.27708,0
1770652560000,1.4421,1.4447,1.4414,1.4432,1039530.6,1770652619999,1500131.77463,3120,329852.0,476018.32854,0
1770652620000,1.4431,1.4456,1.4427,1.4433,579451.7,1770652679999,836797.04191,2248,332751.8,480521.26152,0
1770652680000,1.4433,1.4443,1.4420,1.4436,449720.2,1770652739999,649048.47406,2679,232386.3,335382.33267,0
1770652740000,1.4436,1.4460,1.4425,1.4453,847095.7,1770652799999,1222869.45506,2145,369798.8,534069.18446,0
1770652800000,1.4453,1.4464,1.4425,1.4450,955234.8,1770652859999,1379568.18834,3484,398253.6,575142.23066,0
1770652860000,1.4450,1.4451,1.4432,1.4447,744414.4,1770652919999,1074891.38314,2797,405373.9,585312.11961,0
1770652920000,1.4447,1.4465,1.4447,1.4459,711496.2,1770652979999,1028695.75010,2640,247397.1,357689.53921,0
1770652980000,1.4458,1.4489,1.4421,1.4430,1681202.1,1770653039999,2429634.34636,4609,952187.4,1376469.63860,0
1770653040000,1.4431,1.4459,1.4426,1.4427,1439034.5,1770653099999,2077728.00367,3618,533451.5,770247.77044,0
1770653100000,1.4428,1.4444,1.4419,1.4425,658876.6,1770653159999,950819.26105,2746,333292.7,480959.47124,0
1770653160000,1.4425,1.4426,1.4389,1.4413,1737534.4,1770653219999,2502654.96713,4532,683121.4,983779.06974,0
1770653220000,1.4413,1.4422,1.4399,1.4401,606460.4,1770653279999,874150.08396,2710,157030.1,226319.84432,0
1770653280000,1.4401,1.4404,1.4381,1.4384,547538.0,1770653339999,787904.13239,2466,193834.8,278944.50929,0
1770653340000,1.4384,1.4400,1.4373,1.4387,658505.6,1770653399999,947258.91259,2708,310242.8,446364.35366,0
1770653400000,1.4386,1.4434,1.4380,1.4430,767916.6,1770653459999,1106405.36344,2767,440706.9,635052.28624,0
1770653460000,1.4429,1.4429,1.4381,1.4385,424721.5,1770653519999,611594.86610,1962,200715.1,288922.11778,0
1770653520000,1.4385,1.4407,1.4377,1.4377,650860.7,1770653579999,936496.88265,2400,334248.7,480876.65127,0
1770653580000,1.4377,1.4382,1.4353,1.4362,1169182.3,1770653639999,1679601.92362,2953,297364.1,427266.92368,0
1770653640000,1.4361,1.4379,1.4355,1.4375,475258.2,1770653699999,682710.51212,1778,363546.4,522234.50226,0
1770653700000,1.4375,1.4384,1.4355,1.4357,425840.6,1770653759999,611961.70304,2308,185533.0,266630.20157,0
1770653760000,1.4357,1.4395,1.4353,1.4389,619830.6,1770653819999,891015.10271,2574,341899.3,491466.99830,0
1770653820000,1.4389,1.4429,1.4389,1.4405,590170.1,1770653879999,850500.16871,2910,358258.0,516244.89991,0
1770653880000,1.4404,1.4419,1.4400,1.4403,480402.1,1770653939999,692204.55779,1942,221141.0,318636.35773,0
1770653940000,1.4403,1.4404,1.4369,1.4378,482742.6,1770653999999,694600.02911,2007,149507.1,215057.26852,0
1770654000000,1.4379,1.4410,1.4377,1.4407,334927.1,1770654059999,482024.33564,1991,148451.9,213681.59052,0
1770654060000,1.4407,1.4437,1.4401,1.4422,886777.3,1770654119999,1278569.13274,2675,434283.9,626155.06881,0
1770654120000,1.4423,1.4450,1.4420,1.4429,1037371.2,1770654179999,1497792.91061,3137,475855.8,687025.31441,0
1770654180000,1.4428,1.4441,1.4426,1.4437,344938.3,1770654239999,497931.29409,1909,116234.9,167788.11182,0
1770654240000,1.4437,1.4441,1.4425,1.4439,432194.4,1770654299999,623665.21379,1558,202694.8,292494.96254,0
1770654300000,1.4438,1.4456,1.4436,1.4443,469581.5,1770654359999,678338.76460,1803,281014.8,406016.16452,0
1770654360000,1.4444,1.4461,1.4439,1.4445,451784.0,1770654419999,652899.67770,2161,162972.4,235552.88244,0
1770654420000,1.4445,1.4475,1.4440,1.4474,547050.6,1770654479999,790797.24877,2126,249394.6,360514.35087,0
1770654480000,1.4475,1.4475,1.4460,1.4471,754399.0,1770654539999,1091301.19584,2186,294539.8,426076.44720,0
1770654540000,1.4471,1.4478,1.4467,1.4468,300464.4,1770654599999,434872.45267,1323,139752.7,202272.34812,0
1770654600000,1.4468,1.4477,1.4451,1.4465,826623.9,1770654659999,1195625.39598,2557,332081.1,480374.15219,0
1770654660000,1.4466,1.4517,1.4457,1.4501,2474143.3,1770654719999,3587032.12578,5056,1663410.2,2411750.84423,0
1770654720000,1.4500,1.4519,1.4485,1.4487,619080.9,1770654779999,897697.62104,2411,317869.7,460967.32863,0
1770654780000,1.4486,1.4486,1.4437,1.4451,774364.5,1770654839999,1119407.30800,3106,221592.6,320375.94457,0
1770654840000,1.4450,1.4453,1.4430,1.4431,892266.4,1770654899999,1288238.58298,2709,199387.7,287903.26410,0
1770654900000,1.4432,1.4432,1.4411,1.4426,783418.0,1770654959999,1129843.37051,2331,315716.4,455372.76247,0
1770654960000,1.4425,1.4468,1.4420,1.4459,726851.8,1770655019999,1049698.42155,2311,440144.9,635519.47663,0
1770655020000,1.4458,1.4461,1.4441,1.4457,750056.2,1770655079999,1083672.29670,2614,278400.2,402166.37164,0
1770655080000,1.4457,1.4457,1.4430,1.4439,349710.5,1770655139999,505059.57436,1811,110398.7,159440.96464,0
1770655140000,1.4439,1.4442,1.4428,1.4431,407435.5,1770655199999,588158.90407,1710,255184.7,368336.16459,0
1770655200000,1.4432,1.4443,1.4413,1.4415,642975.6,1770655259999,927563.18257,2283,251409.7,362695.65204,0
1770655260000,1.4414,1.4465,1.4412,1.4464,965925.5,1770655319999,1394279.44712,2933,571992.6,825763.33465,0
1770655320000,1.4464,1.4500,1.4460,1.4464,946294.2,1770655379999,1370293.09602,3546,512577.0,742283.76661,0
1770655380000,1.4465,1.4487,1.4458,1.4487,647115.5,1770655439999,936458.10644,2471,419903.5,607611.41677,0
1770655440000,1.4486,1.4531,1.4482,1.4517,3021420.1,1770655499999,4386987.29042,5618,2261403.4,3283720.41504,0
1770655500000,1.4517,1.4571,1.4514,1.4540,3806374.9,1770655559999,5538081.03999,7794,2393004.9,3481986.94025,0
1770655560000,1.4540,1.4629,1.4540,1.4623,5410651.8,1770655619999,7889681.23148,9613,3318658.6,4839705.97002,0
1770655620000,1.4622,1.4636,1.4586,1.4614,2888781.0,1770655679999,4222152.72471,6746,1493997.1,2184536.06602,0
1770655680000,1.4614,1.4634,1.4584,1.4627,1796432.0,1770655739999,2624599.89931,4473,1013358.8,1480559.01235,0
1770655740000,1.4626,1.4629,1.4567,1.4574,1369421.4,1770655799999,1998869.79954,3683,503599.0,735317.75646,0
1770655800000,1.4575,1.4580,1.4543,1.4548,997758.2,1770655859999,1451995.90819,3034,488202.7,710455.07416,0
1770655860000,1.4547,1.4586,1.4544,1.4574,2971558.2,1770655919999,4329543.61675,4724,2187571.1,3187034.88422,0
1770655920000,1.4574,1.4574,1.4530,1.4541,715054.0,1770655979999,1039877.85642,2976,309873.9,450568.88992,0
1770655980000,1.4541,1.4544,1.4525,1.4525,671816.1,1770656039999,976491.73777,2348,335559.9,487786.60609,0
1770656040000,1.4526,1.4535,1.4508,1.4519,1284534.9,1770656099999,1864909.41556,2619,222753.0,323549.33009,0
1770656100000,1.4519,1.4545,1.4510,1.4533,1142642.0,1770656159999,1660361.88792,2404,826405.6,1200863.88060,0
1770656160000,1.4532,1.4549,1.4518,1.4518,694035.3,1770656219999,1008759.79049,2434,369452.5,536985.23872,0
1770656220000,1.4517,1.4548,1.4515,1.4538,522357.8,1770656279999,758860.21257,2016,238679.9,346800.37416,0
1770656280000,1.4539,1.4541,1.4513,1.4515,478020.6,1770656339999,694087.22874,1602,243992.8,354291.72346,0
1770656340000,1.4514,1.4518,1.4490,1.4507,1219412.1,1770656399999,1768385.52373,2043,526396.0,763367.22927,0
1770656400000,1.4507,1.4526,1.4483,1.4520,865685.2,1770656459999,1255220.42063,2705,418991.7,607674.24685,0
1770656460000,1.4520,1.4533,1.4496,1.4530,678189.0,1770656519999,984659.29836,2802,299114.3,434348.80733,0
1770656520000,1.4530,1.4530,1.4495,1.4499,427155.1,1770656579999,619733.06643,2285,224486.2,325627.83166,0
1770656580000,1.4499,1.4516,1.4466,1.4476,2157981.8,1770656639999,3125755.02921,3786,612329.1,886990.65653,0
1770656640000,1.4476,1.4479,1.4454,1.4461,840690.4,1770656699999,1216422.99673,2427,211891.7,306563.07021,0
1770656700000,1.4462,1.4470,1.4445,1.4452,541141.6,1770656759999,782371.50111,2213,247619.5,358062.43525,0
1770656760000,1.4452,1.4465,1.4450,1.4456,498960.5,1770656819999,721313.98719,1730,297242.1,429706.38192,0
1770656820000,1.4455,1.4462,1.4404,1.4416,2727439.0,1770656879999,3935235.13124,4333,754099.8,1087830.21935,0
1770656880000,1.4417,1.4435,1.4375,1.4383,3139729.4,1770656939999,4522788.88596,4887,687520.1,990723.49822,0
1770656940000,1.4383,1.4402,1.4383,1.4392,1303092.8,1770656999999,1875500.27444,2492,770437.0,1108880.19578,0
1770657000000,1.4392,1.4402,1.4388,1.4397,674191.2,1770657059999,970474.98749,2247,437802.1,630216.48437,0
1770657060000,1.4398,1.4404,1.4379,1.4383,742235.2,1770657119999,1068410.39299,2006,393994.7,567203.42511,0
1770657120000,1.4383,1.4406,1.4377,1.4397,671847.7,1770657179999,966673.26225,1830,484319.6,696892.16249,0
1770657180000,1.4398,1.4402,1.4374,1.4376,1349084.9,1770657239999,1940406.75785,2349,327181.7,470653.41490,0
1770657240000,1.4375,1.4376,1.4328,1.4354,2764782.2,1770657299999,3967138.77901,4221,827590.3,1187772.78558,0
1770657300000,1.4355,1.4384,1.4352,1.4381,633010.6,1770657359999,909495.53994,1608,446773.3,641958.90144,0
1770657360000,1.4381,1.4398,1.4371,1.4379,738260.9,1770657419999,1062269.22903,2025,522109.4,751280.63010,0
1770657420000,1.4379,1.4390,1.4369,1.4389,426518.4,1770657479999,613317.01359,1519,197806.3,284445.92090,0
1770657480000,1.4390,1.4392,1.4380,1.4385,271574.7,1770657539999,390722.95302,1055,155445.1,223641.14189,0
1770657540000,1.4385,1.4402,1.4373,1.4386,436757.3,1770657599999,628467.46961,1616,236712.7,340651.55704,0
1770657600000,1.4385,1.4388,1.4378,1.4384,312829.0,1770657659999,449933.98951,1053,129172.7,185790.78090,0
1770657660000,1.4384,1.4389,1.4363,1.4373,431781.5,1770657719999,620751.88009,1448,134260.7,193006.22590,0
1770657720000,1.4372,1.4389,1.4372,1.4382,297982.6,1770657779999,428567.32250,1080,188560.3,271197.11395,0
1770657780000,1.4383,1.4392,1.4343,1.4346,698876.1,1770657839999,1004236.15001,2299,128276.6,184291.69599,0
1770657840000,1.4346,1.4363,1.4343,1.4361,651293.6,1770657899999,934815.46942,1764,426678.8,612396.35629,0
1770657900000,1.4362,1.4363,1.4337,1.4337,379590.0,1770657959999,544565.17271,1255,132803.7,190510.39941,0
1770657960000,1.4337,1.4340,1.4323,1.4336,905085.8,1770658019999,1296996.29897,2166,378595.9,542512.98631,0
1770658020000,1.4335,1.4363,1.4335,1.4363,409502.3,1770658079999,587694.38011,1356,167586.3,240534.37434,0
1770658080000,1.4363,1.4366,1.4354,1.4354,333685.6,1770658139999,479206.94282,1147,197671.1,283870.70871,0
1770658140000,1.4354,1.4374,1.4353,1.4373,532068.9,1770658199999,764444.73221,1278,339954.6,488414.06892,0
1770658200000,1.4373,1.4396,1.4366,1.4385,617388.9,1770658259999,887835.82256,1905,351565.8,505598.50796,0
1770658260000,1.4386,1.4409,1.4380,1.4382,1364583.1,1770658319999,1964620.31364,2344,986605.2,1420657.83916,0
1770658320000,1.4382,1.4451,1.4381,1.4442,2968357.0,1770658379999,4282300.84002,4715,2396273.5,3457932.51649,0
1770658380000,1.4442,1.4485,1.4436,1.4465,2664856.3,1770658439999,3852916.59116,5213,1791708.8,2590420.34005,0
1770658440000,1.4464,1.4469,1.4440,1.4444,796334.3,1770658499999,1150773.86363,1858,241996.6,349725.83013,0
1770658500000,1.4444,1.4550,1.4437,1.4542,3159325.4,1770658559999,4586662.23879,6171,1804895.1,2621038.60065,0
1770658560000,1.4543,1.4556,1.4525,1.4530,1369239.2,1770658619999,1991053.51752,4182,736943.7,1071644.93818,0
1770658620000,1.4530,1.4535,1.4510,1.4511,1254571.5,1770658679999,1821355.31741,2778,333483.6,484233.57397,0
1770658680000,1.4511,1.4523,1.4495,1.4497,853847.8,1770658739999,1238579.65640,2385,396528.2,575229.96132,0
1770658740000,1.4497,1.4499,1.4476,1.4497,765085.2,1770658799999,1108552.60086,2446,323466.5,468713.07462,0
1770658800000,1.4497,1.4516,1.4482,1.4505,825761.0,1770658859999,1197219.72027,2663,570058.8,826444.11054,0
1770658860000,1.4506,1.4545,1.4505,1.4513,1724430.1,1770658919999,2505466.95526,3198,1333381.4,1937563.83846,0
1770658920000,1.4514,1.4518,1.4498,1.4510,356635.3,1770658979999,517376.70050,1795,148761.2,215824.62408,0
1770658980000,1.4510,1.4511,1.4466,1.4508,669605.7,1770659039999,970224.29960,2738,273679.9,396600.55098,0
1770659040000,1.4507,1.4551,1.4494,1.4524,1595808.8,1770659099999,2319105.84913,3388,878474.1,1276380.59177,0
1770659100000,1.4523,1.4547,1.4511,1.4513,2015020.9,1770659159999,2928100.58795,3281,1280368.6,1860750.46825,0
1770659160000,1.4514,1.4514,1.4452,1.4472,3307619.2,1770659219999,4786044.48634,4453,690709.7,999595.89693,0
1770659220000,1.4472,1.4475,1.4447,1.4458,1257974.3,1770659279999,1818519.36718,3004,247393.1,357730.43751,0
1770659280000,1.4459,1.4471,1.4445,1.4467,1352017.1,1770659339999,1954603.39695,2299,345926.7,500260.22730,0
1770659340000,1.4466,1.4521,1.4465,1.4495,1696947.6,1770659399999,2460987.33355,3571,1223382.2,1774451.30874,0
1770659400000,1.4494,1.4500,1.4484,1.4494,403900.4,1770659459999,585296.12573,1639,113608.3,164629.65098,0
1770659460000,1.4493,1.4518,1.4486,1.4492,722228.4,1770659519999,1047469.38520,2491,283926.6,411748.87447,0
1770659520000,1.4492,1.4497,1.4477,1.4488,403360.0,1770659579999,584324.09265,1778,170022.2,246261.16590,0
1770659580000,1.4487,1.4500,1.4482,1.4500,233729.8,1770659639999,338741.52180,920,112049.1,162376.84769,0
1770659640000,1.4499,1.4502,1.4490,1.4493,492054.0,1770659699999,713262.90187,1235,164231.9,238036.26188,0
1770659700000,1.4493,1.4526,1.4493,1.4513,1276346.5,1770659759999,1852752.59498,2424,1022536.2,1484352.25097,0
1770659760000,1.4514,1.4525,1.4498,1.4506,504877.6,1770659819999,732562.52028,1739,216795.3,314562.80359,0
1770659820000,1.4505,1.4519,1.4502,1.4512,287353.7,1770659879999,416912.98353,1297,116818.0,169493.89436,0
1770659880000,1.4511,1.4523,1.4489,1.4492,326547.6,1770659939999,473629.81736,1337,75344.0,109327.62104,0
1770659940000,1.4491,1.4505,1.4490,1.4497,203810.4,1770659999999,295456.97640,902,73575.8,106666.16747,0
1770660000000,1.4497,1.4512,1.4492,1.4505,613589.5,1770660059999,889706.62767,2066,279864.1,405816.29712,0
1770660060000,1.4505,1.4505,1.4485,1.4496,247391.6,1770660119999,358576.86172,1329,92037.5,133397.14210,0
1770660120000,1.4496,1.4520,1.4493,1.4518,567351.1,1770660179999,823155.43844,1579,352669.9,511716.75524,0
1770660180000,1.4519,1.4564,1.4515,1.4554,928979.9,1770660239999,1350804.01370,3038,551375.7,801780.22579,0
1770660240000,1.4554,1.4590,1.4525,1.4526,2021165.8,1770660299999,2944358.39071,4174,1333422.1,1943394.08986,0
1770660300000,1.4527,1.4555,1.4506,1.4524,853309.4,1770660359999,1239614.45281,2795,188757.0,274270.24195,0
1770660360000,1.4523,1.4538,1.4516,1.4528,315738.7,1770660419999,458652.56469,1622,160265.0,232823.10792,0
1770660420000,1.4528,1.4541,1.4512,1.4512,332628.6,1770660479999,483151.09954,1645,112387.5,163253.81796,0
1770660480000,1.4511,1.4511,1.4482,1.4485,363300.0,1770660539999,526504.71641,1597,82261.1,119191.54038,0
1770660540000,1.4485,1.4486,1.4445,1.4479,2545708.2,1770660599999,3681747.31700,3229,618834.9,895422.17915,0
1770660600000,1.4479,1.4483,1.4442,1.4470,482005.6,1770660659999,697120.58027,2049,152622.5,220738.23819,0
1770660660000,1.4471,1.4484,1.4453,1.4453,481864.1,1770660719999,697151.92786,1624,135811.8,196512.72441,0
1770660720000,1.4453,1.4463,1.4449,1.4461,410540.1,1770660779999,593385.09403,1258,239121.7,345613.93879,0
1770660780000,1.4460,1.4460,1.4427,1.4438,716132.3,1770660839999,1033884.30129,1770,270549.5,390582.95552,0
1770660840000,1.4439,1.4449,1.4427,1.4442,521967.6,1770660899999,753557.56408,1606,256418.8,370188.43774,0
1770660900000,1.4443,1.4458,1.4424,1.4430,1442244.7,1770660959999,2082118.93200,2530,424009.5,612316.05439,0
1770660960000,1.4430,1.4442,1.4402,1.4415,768163.6,1770661019999,1107794.01573,2450,285628.0,411948.27754,0
1770661020000,1.4416,1.4439,1.4407,1.4407,1046873.3,1770661079999,1509683.22865,2386,483429.5,697211.67845,0
1770661080000,1.4406,1.4437,1.4405,1.4419,449426.0,1770661139999,648272.32177,1659,203790.1,293982.94960,0
1770661140000,1.4418,1.4437,1.4412,1.4435,295129.9,1770661199999,425560.81451,1368,134980.6,194648.48121,0
1770661200000,1.4434,1.4449,1.4418,1.4426,633759.0,1770661259999,914618.29842,2123,160442.0,231565.28174,0
1770661260000,1.4426,1.4430,1.4379,1.4392,3433738.9,1770661319999,4944204.34243,6307,1941584.2,2795733.52599,0
1770661320000,1.4391,1.4400,1.4372,1.4397,623717.1,1770661379999,897245.59256,2805,258947.3,372514.49178,0
1770661380000,1.4397,1.4405,1.4365,1.4405,503079.4,1770661439999,723710.17899,2210,244923.6,352406.32718,0
1770661440000,1.4405,1.4411,1.4391,1.4408,357282.1,1770661499999,514645.60170,1790,174212.2,250946.81572,0
1770661500000,1.4408,1.4413,1.4367,1.4373,530448.5,1770661559999,763101.09986,2254,195372.6,281153.22343,0
1770661560000,1.4373,1.4380,1.4358,1.4373,450025.1,1770661619999,646640.78042,1657,132076.5,189784.79802,0
1770661620000,1.4372,1.4398,1.4361,1.4395,1173970.3,1770661679999,1687890.25825,2134,802997.5,1154705.36977,0
1770661680000,1.4396,1.4424,1.4396,1.4423,624008.5,1770661739999,899239.23891,1646,373863.7,538745.89194,0
1770661740000,1.4423,1.4424,1.4399,1.4409,265737.0,1770661799999,382964.18878,1218,85996.0,123932.85022,0
1770661800000,1.4410,1.4434,1.4381,1.4394,640942.9,1770661859999,923432.76844,2932,339768.2,489547.59023,0
1770661860000,1.4394,1.4416,1.4381,1.4405,347600.3,1770661919999,500531.38503,2539,212354.2,305771.04799,0
1770661920000,1.4404,1.4426,1.4398,1.4424,419763.9,1770661979999,604934.07894,2290,171169.7,246737.81917,0
1770661980000,1.4424,1.4446,1.4409,1.4438,778141.1,1770662039999,1122332.86550,2634,455805.5,657538.99636,0
1770662040000,1.4438,1.4449,1.4410,1.4418,619686.6,1770662099999,893930.17266,2029,136841.7,197444.06275,0
1770662100000,1.4417,1.4448,1.4417,1.4440,304383.3,1770662159999,439452.95859,1494,177631.4,256414.19876,0
1770662160000,1.4440,1.4443,1.4424,1.4428,637450.5,1770662219999,919817.63520,1410,157328.5,227075.11421,0
1770662220000,1.4428,1.4436,1.4412,1.4436,266844.2,1770662279999,384932.24384,1310,156910.5,226334.21840,0
1770662280000,1.4437,1.4437,1.4407,1.4409,230406.5,1770662339999,332299.92309,1213,67199.3,96900.80385,0
1770662340000,1.4409,1.4421,1.4405,1.4418,437120.9,1770662399999,630067.38858,1338,277412.5,399935.42703,0
1770662400000,1.4418,1.4426,1.4381,1.4393,356053.5,1770662459999,512634.18666,1871,111164.0,160006.23570,0
1770662460000,1.4392,1.4413,1.4389,1.4408,290622.8,1770662519999,418403.76031,1469,169066.9,243402.23158,0
1770662520000,1.4409,1.4413,1.4396,1.4400,179026.8,1770662579999,257872.05603,985,95262.0,137219.07415,0
1770662580000,1.4400,1.4425,1.4395,1.4423,226021.6,1770662639999,325720.04560,1397,104725.9,150899.10888,0
1770662640000,1.4423,1.4427,1.4409,1.4423,534896.8,1770662699999,771180.79410,1564,133753.8,192857.52573,0
1770662700000,1.4424,1.4442,1.4396,1.4405,476185.8,1770662759999,686981.25006,1985,283739.2,409326.31590,0
1770662760000,1.4405,1.4426,1.4400,1.4423,287323.3,1770662819999,414121.53564,1563,188934.8,272305.64653,0
1770662820000,1.4423,1.4446,1.4419,1.4444,708854.1,1770662879999,1022616.57536,1809,428040.3,617502.66916,0
1770662880000,1.4444,1.4465,1.4431,1.4439,357586.5,1770662939999,516624.98084,1864,180501.6,260809.18768,0
1770662940000,1.4438,1.4452,1.4426,1.4426,953699.1,1770662999999,1377502.99190,1438,232108.2,335170.52525,0
1770663000000,1.4427,1.4441,1.4425,1.4427,304565.2,1770663059999,439564.59674,1311,120277.4,173617.42056,0
1770663060000,1.4426,1.4434,1.4421,1.4422,515719.2,1770663119999,743990.79701,1446,338024.2,487650.21502,0
1770663120000,1.4423,1.4440,1.4405,1.4405,305721.9,1770663179999,440728.50590,1455,125383.9,180801.51211,0
1770663180000,1.4406,1.4419,1.4406,1.4417,111237.8,1770663239999,160312.20938,864,43978.2,63375.53905,0
1770663240000,1.4417,1.4417,1.4373,1.4383,340591.1,1770663299999,490144.15675,1346,109412.1,157449.43354,0
1770663300000,1.4383,1.4389,1.4372,1.4389,331126.3,1770663359999,476040.79453,1306,211567.1,304144.18045,0
1770663360000,1.4390,1.4400,1.4389,1.4391,237032.6,1770663419999,341190.36954,1037,135256.7,194689.89585,0
1770663420000,1.4391,1.4409,1.4390,1.4405,376111.5,1770663479999,541727.93850,675,266954.4,384475.18972,0
1770663480000,1.4405,1.4418,1.4400,1.4416,300697.4,1770663539999,433325.01293,874,170853.5,246249.89308,0
1770663540000,1.4416,1.4427,1.4416,1.4426,107309.6,1770663599999,154740.86117,704,63294.4,91279.38385,0
1770663600000,1.4427,1.4439,1.4421,1.4439,315936.7,1770663659999,455922.67899,1200,193997.5,279965.86156,0
1770663660000,1.4438,1.4438,1.4404,1.4406,377031.2,1770663719999,543721.04574,1489,114083.6,164517.83986,0
1770663720000,1.4406,1.4440,1.4404,1.4427,226289.7,1770663779999,326485.76837,1357,118188.7,170518.38969,0
1770663780000,1.4428,1.4472,1.4427,1.4462,626474.7,1770663839999,905632.92544,1911,269546.9,389593.80643,0
1770663840000,1.4462,1.4463,1.4429,1.4456,593224.4,1770663899999,856701.53711,1832,405121.0,584944.81362,0
1770663900000,1.4456,1.4456,1.4436,1.4436,340886.1,1770663959999,492467.25452,1519,174850.3,252612.80312,0
1770663960000,1.4436,1.4448,1.4436,1.4439,372251.1,1770664019999,537520.77683,1193,212640.1,307038.66818,0
1770664020000,1.4439,1.4447,1.4424,1.4430,213943.9,1770664079999,308909.89238,985,70423.6,101699.50828,0
1770664080000,1.4430,1.4473,1.4428,1.4469,667992.6,1770664139999,965728.00591,1803,208838.0,301817.64623,0
1770664140000,1.4469,1.4472,1.4458,1.4470,322732.3,1770664199999,466838.22769,1374,86999.9,125857.06101,0
1770664200000,1.4471,1.4482,1.4450,1.4456,386201.7,1770664259999,558902.64430,1607,172945.7,250330.83096,0
1770664260000,1.4456,1.4466,1.4452,1.4463,194222.0,1770664319999,280834.89104,1186,98677.2,142681.13621,0
1770664320000,1.4462,1.4465,1.4454,1.4457,182765.4,1770664379999,264277.97636,969,67542.4,97657.78349,0
1770664380000,1.4458,1.4460,1.4448,1.4450,118112.9,1770664439999,170723.81576,737,44526.6,64358.66648,0
1770664440000,1.4450,1.4457,1.4442,1.4446,210091.5,1770664499999,303595.99034,898,84489.2,122102.37716,0
1770664500000,1.4446,1.4453,1.4435,1.4436,582160.7,1770664559999,840756.51657,1651,411323.9,594023.64038,0
1770664560000,1.4437,1.4461,1.4437,1.4461,390854.6,1770664619999,564720.56783,1417,285078.6,411897.00333,0
1770664620000,1.4461,1.4469,1.4417,1.4431,377581.6,1770664679999,545072.67361,1744,142767.0,206084.43243,0
1770664680000,1.4430,1.4438,1.4418,1.4430,219525.0,1770664739999,316705.27178,1049,86890.6,125352.81896,0
1770664740000,1.4429,1.4450,1.4427,1.4444,169955.3,1770664799999,245391.28889,1033,83176.5,120090.88697,0
1770664800000,1.4445,1.4452,1.4430,1.4447,170494.5,1770664859999,246232.73171,1215,93358.0,134833.47824,0
1770664860000,1.4448,1.4461,1.4425,1.4429,278965.3,1770664919999,403120.79520,1524,74397.1,107507.09321,0
1770664920000,1.4430,1.4443,1.4426,1.4439,233032.9,1770664979999,336429.82443,1209,99550.1,143729.09007,0
1770664980000,1.4439,1.4457,1.4438,1.4442,392797.9,1770665039999,567582.85702,1220,166177.2,240156.23667,0
1770665040000,1.4443,1.4458,1.4441,1.4455,189019.9,1770665099999,273082.02794,1036,114961.2,166078.35338,0
1770665100000,1.4455,1.4468,1.4451,1.4461,355542.1,1770665159999,514115.63392,1451,204951.8,296352.63782,0
1770665160000,1.4460,1.4468,1.4447,1.4456,165004.6,1770665219999,238552.58261,1091,90927.5,131452.34912,0
1770665220000,1.4456,1.4464,1.4452,1.4457,224483.0,1770665279999,324557.67119,1022,78798.3,113922.61748,0
1770665280000,1.4457,1.4457,1.4443,1.4446,141311.2,1770665339999,204165.55340,774,32822.7,47428.47776,0
1770665340000,1.4445,1.4454,1.4440,1.4453,356461.0,1770665399999,514913.80859,882,95391.6,137777.49579,0
1770665400000,1.4453,1.4453,1.4444,1.4451,225042.4,1770665459999,325158.17354,959,106769.9,154271.82622,0
1770665460000,1.4450,1.4458,1.4447,1.4456,239903.3,1770665519999,346709.67370,845,123932.9,179104.60415,0
1770665520000,1.4456,1.4486,1.4455,1.4472,457264.3,1770665579999,661821.84715,1835,267977.5,387866.02068,0
1770665580000,1.4473,1.4496,1.4462,1.4470,561785.0,1770665639999,813345.15529,1886,249679.1,361520.90393,0
1770665640000,1.4471,1.4485,1.4459,1.4481,311159.6,1770665699999,450211.58641,1304,171924.7,248771.55182,0
1770665700000,1.4480,1.4502,1.4477,1.4500,278105.6,1770665759999,402918.83883,1513,213248.4,308931.84258,0
1770665760000,1.4501,1.4515,1.4492,1.4498,566938.1,1770665819999,822358.09821,1973,267533.8,388066.60781,0
1770665820000,1.4497,1.4503,1.4487,1.4502,307578.7,1770665879999,445852.77957,1205,153140.6,221987.01369,0
1770665880000,1.4503,1.4504,1.4463,1.4477,735835.8,1770665939999,1065653.46911,1898,237198.1,343487.93195,0
1770665940000,1.4476,1.4505,1.4472,1.4504,335711.9,1770665999999,486592.76625,1184,245165.0,355386.22688,0
1770666000000,1.4504,1.4504,1.4479,1.4479,279148.2,1770666059999,404561.52952,1120,101007.4,146389.50963,0
1770666060000,1.4480,1.4495,1.4473,1.4488,216459.5,1770666119999,313574.14751,1292,92816.2,134446.16394,0
1770666120000,1.4487,1.4500,1.4485,1.4487,232438.4,1770666179999,336805.71618,1043,163513.2,236928.87290,0
1770666180000,1.4487,1.4501,1.4480,1.4500,800678.9,1770666239999,1160346.81436,1669,592111.1,858090.67024,0
1770666240000,1.4500,1.4501,1.4485,1.4485,299726.4,1770666299999,434428.62203,869,19087.6,27665.58077,0
1770666300000,1.4485,1.4496,1.4482,1.4492,295552.0,1770666359999,428216.43947,1130,70065.1,101522.59551,0
1770666360000,1.4493,1.4510,1.4482,1.4508,531203.8,1770666419999,770087.47102,1683,237566.7,344394.22151,0
1770666420000,1.4508,1.4546,1.4506,1.4511,1815002.7,1770666479999,2637802.53799,4171,875925.6,1273005.02518,0
1770666480000,1.4511,1.4519,1.4482,1.4490,623582.6,1770666539999,904291.22979,1974,162116.5,235060.37374,0
1770666540000,1.4490,1.4527,1.4485,1.4526,336677.7,1770666599999,488377.70466,1550,95313.1,138260.95338,0
1770666600000,1.4526,1.4533,1.4509,1.4526,733097.0,1770666659999,1064552.06618,1886,229283.2,332939.72139,0
1770666660000,1.4526,1.4533,1.4500,1.4504,550030.7,1770666719999,798421.62570,1910,111365.6,161684.10106,0
1770666720000,1.4504,1.4522,1.4494,1.4522,335853.7,1770666779999,487251.52429,1301,119653.1,173639.20885,0
1770666780000,1.4522,1.4522,1.4504,1.4505,267220.2,1770666839999,387814.68913,1266,62470.5,90659.38724,0
1770666840000,1.4504,1.4510,1.4491,1.4505,457829.9,1770666899999,663804.06946,1375,121411.2,176052.44049,0
1770666900000,1.4505,1.4514,1.4501,1.4511,162492.5,1770666959999,235765.37103,950,66081.4,95885.70516,0
1770666960000,1.4512,1.4522,1.4512,1.4522,214961.1,1770667019999,312079.15875,803,109172.3,158493.27402,0
1770667020000,1.4521,1.4529,1.4514,1.4522,343824.8,1770667079999,499285.57253,955,149773.8,217487.16346,0
1770667080000,1.4522,1.4535,1.4496,1.4511,605574.0,1770667139999,879287.20124,1978,295810.3,429604.23114,0
1770667140000,1.4511,1.4522,1.4501,1.4516,352832.9,1770667199999,511868.03561,1169,162500.3,235757.58383,0
1770667200000,1.4516,1.4526,1.4501,1.4509,426325.5,1770667259999,618796.65516,1810,175618.3,254878.67640,0
1770667260000,1.4510,1.4512,1.4491,1.4502,510575.0,1770667319999,740297.99211,1723,120431.3,174676.72797,0
1770667320000,1.4503,1.4525,1.4496,1.4517,255112.0,1770667379999,370208.05579,1469,116214.8,168700.89429,0
1770667380000,1.4517,1.4518,1.4486,1.4504,468105.5,1770667439999,678728.98805,1821,121417.6,176054.23820,0
1770667440000,1.4503,1.4518,1.4503,1.4517,276720.2,1770667499999,401533.90659,1314,110301.8,160045.55452,0
1770667500000,1.4517,1.4531,1.4511,1.4522,375760.4,1770667559999,545720.37889,1467,171783.1,249445.48611,0
1770667560000,1.4522,1.4538,1.4520,1.4529,218097.4,1770667619999,316889.21296,1046,116113.3,168689.56865,0
1770667620000,1.4528,1.4549,1.4528,1.4545,460194.8,1770667679999,669152.96269,1489,315469.4,458734.51332,0
1770667680000,1.4546,1.4564,1.4534,1.4558,908150.3,1770667739999,1321408.46586,2606,573810.0,834930.66961,0
1770667740000,1.4557,1.4561,1.4505,1.4511,1159439.6,1770667799999,1685276.44019,2890,295614.0,429825.62769,0
1770667800000,1.4512,1.4516,1.4496,1.4499,586046.8,1770667859999,850038.45959,1979,219972.6,319037.29515,0
1770667860000,1.4500,1.4512,1.4500,1.4511,338502.3,1770667919999,491101.28676,1309,126615.8,183696.66962,0
1770667920000,1.4510,1.4511,1.4496,1.4509,217117.1,1770667979999,314890.32491,1104,45216.6,65578.55732,0
1770667980000,1.4510,1.4539,1.4508,1.4516,992668.0,1770668039999,1441847.34775,1989,652844.9,948142.58900,0
1770668040000,1.4515,1.4524,1.4501,1.4501,487008.4,1770668099999,706952.48639,1434,245578.6,356561.67112,0
1770668100000,1.4502,1.4511,1.4459,1.4459,782566.5,1770668159999,1133003.81526,2531,242297.7,350800.09888,0
1770668160000,1.4458,1.4471,1.4443,1.4466,668095.3,1770668219999,965794.34858,2053,333764.5,482560.98154,0
1770668220000,1.4466,1.4471,1.4438,1.4446,349418.9,1770668279999,504917.92573,1490,126768.8,183223.90562,0
1770668280000,1.4446,1.4455,1.4427,1.4441,1248072.2,1770668339999,1801870.62994,2187,351458.9,507616.28790,0
1770668340000,1.4441,1.4451,1.4437,1.4450,451396.7,1770668399999,651959.80174,1543,226347.2,326926.67708,0
1770668400000,1.4450,1.4463,1.4434,1.4463,477874.8,1770668459999,690511.59756,1575,295024.0,426329.41918,0
1770668460000,1.4463,1.4481,1.4458,1.4479,450298.4,1770668519999,651576.71454,1249,331216.1,479304.39855,0
1770668520000,1.4479,1.4501,1.4475,1.4499,471779.6,1770668579999,683496.98452,1361,241296.0,349640.16793,0
1770668580000,1.4498,1.4498,1.4475,1.4488,200328.9,1770668639999,290222.98057,951,61745.6,89444.51299,0
1770668640000,1.4488,1.4489,1.4469,1.4477,324672.8,1770668699999,470034.75148,1027,82872.6,119955.47866,0
1770668700000,1.4477,1.4478,1.4453,1.4459,280679.2,1770668759999,405940.34982,1148,134250.2,194142.23029,0
1770668760000,1.4458,1.4465,1.4441,1.4451,378358.1,1770668819999,546747.43191,1402,137011.7,197995.80388,0
1770668820000,1.4452,1.4468,1.4450,1.4464,440599.5,1770668879999,637179.73605,1055,348628.9,504180.55926,0
1770668880000,1.4465,1.4469,1.4457,1.4457,113767.5,1770668939999,164539.10908,647,15404.8,22279.66311,0
1770668940000,1.4457,1.4461,1.4447,1.4452,145518.9,1770668999999,210306.23034,741,29124.7,42088.38917,0
1770669000000,1.4452,1.4459,1.4444,1.4454,338688.6,1770669059999,489477.00139,1230,173216.5,250363.95906,0
1770669060000,1.4453,1.4460,1.4441,1.4454,193515.5,1770669119999,279620.69906,939,53450.4,77240.37312,0
1770669120000,1.4455,1.4487,1.4455,1.4483,389713.9,1770669179999,563877.80784,1326,195668.1,283129.78263,0
1770669180000,1.4483,1.4492,1.4478,1.4492,222062.9,1770669239999,321622.10571,1112,110445.1,159962.32272,0
1770669240000,1.4491,1.4500,1.4481,1.4482,192737.2,1770669299999,279332.03229,981,111458.2,161547.78648,0
1770669300000,1.4481,1.4494,1.4481,1.4491,191351.3,1770669359999,277214.77543,913,77452.2,112208.21522,0
1770669360000,1.4490,1.4503,1.4481,1.4482,203468.9,1770669419999,294837.20015,1013,84243.9,122103.81272,0
1770669420000,1.4482,1.4501,1.4481,1.4496,169661.3,1770669479999,245893.25020,937,85127.5,123398.29057,0
1770669480000,1.4496,1.4504,1.4494,1.4498,120187.3,1770669539999,174259.22859,615,27398.9,39728.36180,0
1770669540000,1.4499,1.4522,1.4496,1.4513,420248.8,1770669599999,610010.01603,1635,207989.3,301917.70462,0
1770669600000,1.4513,1.4522,1.4508,1.4508,180923.9,1770669659999,262626.80877,953,42440.6,61617.03682,0
1770669660000,1.4508,1.4524,1.4498,1.4513,213877.2,1770669719999,310340.69283,1109,71991.6,104468.58603,0
1770669720000,1.4513,1.4518,1.4511,1.4515,145842.2,1770669779999,211670.56014,547,49283.7,71526.00024,0
1770669780000,1.4516,1.4518,1.4507,1.4516,227300.4,1770669839999,329906.92511,730,124962.6,181378.39281,0
1770669840000,1.4516,1.4523,1.4515,1.4517,107731.4,1770669899999,156403.21442,624,63013.4,91482.79329,0
1770669900000,1.4516,1.4520,1.4505,1.4506,540221.2,1770669959999,783806.40258,1164,157305.7,228270.19511,0
1770669960000,1.4506,1.4508,1.4495,1.4507,402086.2,1770670019999,583144.48879,1010,185134.2,268498.49765,0
1770670020000,1.4506,1.4524,1.4506,1.4524,148022.0,1770670079999,214881.59535,690,53984.8,78358.95773,0
1770670080000,1.4524,1.4528,1.4514,1.4525,201330.0,1770670139999,292360.70599,820,93938.3,136420.76704,0
1770670140000,1.4525,1.4527,1.4517,1.4519,170498.6,1770670199999,247626.41488,627,45345.2,65860.44128,0
1770670200000,1.4518,1.4524,1.4505,1.4523,166101.2,1770670259999,241121.25450,1034,63543.3,92243.88923,0
1770670260000,1.4523,1.4526,1.4513,1.4522,142533.4,1770670319999,206982.82342,735,52328.7,75991.62713,0
1770670320000,1.4523,1.4528,1.4515,1.4518,191635.9,1770670379999,278321.15864,825,67111.3,97469.00609,0
1770670380000,1.4518,1.4524,1.4512,1.4520,182848.1,1770670439999,265488.81439,873,94758.9,137587.47938,0
1770670440000,1.4519,1.4526,1.4516,1.4519,81068.1,1770670499999,117712.91523,654,20637.8,29967.89562,0
1770670500000,1.4519,1.4529,1.4514,1.4523,102048.7,1770670559999,148197.28752,854,35348.8,51337.68978,0
1770670560000,1.4523,1.4523,1.4503,1.4504,440635.1,1770670619999,639460.18831,1336,159272.5,231141.76204,0
1770670620000,1.4504,1.4513,1.4500,1.4510,202939.0,1770670679999,294392.00890,855,54025.7,78370.45026,0
1770670680000,1.4510,1.4526,1.4509,1.4524,278903.6,1770670739999,404972.68264,937,119073.7,172908.46388,0
1770670740000,1.4523,1.4560,1.4519,1.4533,3123775.9,1770670799999,4543221.20137,5540,1640575.8,2385961.29987,0
1770670800000,1.4534,1.4560,1.4523,1.4530,1072702.3,1770670859999,1560934.97143,2117,520851.7,757895.83970,0
1770670860000,1.4530,1.4561,1.4525,1.4554,707793.4,1770670919999,1029596.37944,1953,337772.1,491382.59224,0
1770670920000,1.4555,1.4578,1.4550,1.4576,659840.6,1770670979999,961004.94276,2078,258418.1,376387.52398,0
1770670980000,1.4576,1.4577,1.4529,1.4544,635045.5,1770671039999,924357.80060,1839,130495.9,189898.71673,0
1770671040000,1.4545,1.4550,1.4528,1.4545,340290.5,1770671099999,494839.41226,1293,65286.0,94935.05900,0
1770671100000,1.4546,1.4556,1.4538,1.4540,185580.7,1770671159999,269953.97159,1060,38967.5,56693.67706,0
1770671160000,1.4540,1.4543,1.4514,1.4523,407127.0,1770671219999,591176.53028,1402,230387.5,334487.64143,0
1770671220000,1.4523,1.4525,1.4508,1.4509,175501.3,1770671279999,254813.46291,909,41364.5,60066.88629,0
1770671280000,1.4509,1.4510,1.4484,1.4490,319874.3,1770671339999,463632.72582,1755,80117.5,116106.04778,0
1770671340000,1.4490,1.4494,1.4483,1.4492,303675.1,1770671399999,439952.83300,1188,149628.4,216780.30523,0
1770671400000,1.4493,1.4498,1.4482,1.4495,221508.9,1770671459999,320970.98814,1065,120093.7,174024.92158,0
1770671460000,1.4495,1.4496,1.4481,1.4482,202044.2,1770671519999,292702.53017,960,93000.4,134722.34787,0
1770671520000,1.4483,1.4489,1.4469,1.4483,340049.1,1770671579999,492282.09762,1337,117611.3,170295.09858,0
1770671580000,1.4483,1.4488,1.4471,1.4471,92491.0,1770671639999,133940.84119,779,37306.2,54028.43438,0
1770671640000,1.4471,1.4480,1.4469,1.4469,332159.7,1770671699999,480770.99181,960,150340.0,217617.92705,0
1770671700000,1.4470,1.4484,1.4458,1.4467,279888.1,1770671759999,404947.48342,1176,152802.9,221095.78886,0
1770671760000,1.4467,1.4474,1.4453,1.4453,225210.5,1770671819999,325764.51831,1016,102215.8,147837.32017,0
1770671820000,1.4453,1.4457,1.4437,1.4449,578675.4,1770671879999,835903.21122,1425,235621.8,340344.11059,0
1770671880000,1.4449,1.4468,1.4449,1.4465,203475.3,1770671939999,294249.74054,678,162423.0,234880.10022,0
1770671940000,1.4465,1.4467,1.4458,1.4459,109281.2,1770671999999,158053.46381,596,67926.7,98242.96904,0
1770672000000,1.4459,1.4482,1.4455,1.4480,331196.2,1770672059999,479172.24472,1066,216530.2,313287.54453,0
1770672060000,1.4480,1.4484,1.4469,1.4484,244226.7,1770672119999,353536.47047,991,174833.7,253100.09027,0
1770672120000,1.4483,1.4511,1.4482,1.4509,604137.8,1770672179999,875948.76605,1131,528241.6,765917.58300,0
1770672180000,1.4510,1.4522,1.4510,1.4518,192565.0,1770672239999,279546.39580,769,98071.6,142365.21083,0
1770672240000,1.4519,1.4525,1.4508,1.4519,391426.1,1770672299999,568281.24544,1013,98213.1,142554.10074,0
1770672300000,1.4518,1.4525,1.4514,1.4520,141952.4,1770672359999,206136.83179,988,57219.0,83089.96416,0
1770672360000,1.4521,1.4541,1.4520,1.4541,341773.8,1770672419999,496447.39245,1049,172698.4,250892.71982,0
1770672420000,1.4542,1.4549,1.4524,1.4531,836910.3,1770672479999,1216816.40959,1943,197761.6,287538.95026,0
1770672480000,1.4531,1.4533,1.4524,1.4530,177484.6,1770672539999,257852.64778,644,45926.3,66720.68386,0
1770672540000,1.4530,1.4530,1.4505,1.4511,331360.1,1770672599999,480997.51903,1036,54226.6,78710.82274,0
1770672600000,1.4511,1.4517,1.4497,1.4498,212437.0,1770672659999,308121.77620,938,60414.2,87627.52805,0
1770672660000,1.4499,1.4500,1.4484,1.4493,342546.6,1770672719999,496400.93473,1193,151909.7,220146.83693,0
1770672720000,1.4493,1.4497,1.4455,1.4462,1083364.6,1770672779999,1568577.70322,3098,552097.0,799416.77140,0
1770672780000,1.4462,1.4462,1.4437,1.4446,917645.9,1770672839999,1326270.72916,2636,394711.8,570436.41533,0
1770672840000,1.4446,1.4450,1.4416,1.4431,1634667.2,1770672899999,2358136.53507,3451,552770.4,797558.15371,0
1770672900000,1.4431,1.4433,1.4421,1.4423,347846.9,1770672959999,501838.80299,1393,173962.7,250982.49599,0
1770672960000,1.4424,1.4437,1.4389,1.4398,719267.2,1770673019999,1036558.61060,2261,186020.9,268303.68276,0
1770673020000,1.4398,1.4412,1.4394,1.4412,455236.4,1770673079999,655552.75146,1531,197422.5,284295.11297,0
1770673080000,1.4413,1.4424,1.4413,1.4424,245361.7,1770673139999,353819.26444,1124,144690.1,208650.35186,0
1770673140000,1.4424,1.4440,1.4424,1.4439,492092.3,1770673199999,710210.32640,1365,306681.9,442632.06226,0
1770673200000,1.4440,1.4441,1.4429,1.4437,297658.6,1770673259999,429727.36758,1030,160918.2,232336.25080,0
1770673260000,1.4437,1.4456,1.4437,1.4444,278785.7,1770673319999,402812.46932,1233,125665.7,181555.07065,0
1770673320000,1.4445,1.4451,1.4438,1.4443,164584.7,1770673379999,237735.80280,695,37489.5,54157.65631,0
1770673380000,1.4443,1.4445,1.4428,1.4431,379853.1,1770673439999,548301.14552,980,135582.2,195690.30894,0
1770673440000,1.4431,1.4436,1.4417,1.4425,208788.2,1770673499999,301251.69358,847,49884.9,71971.73473,0
1770673500000,1.4424,1.4434,1.4419,1.4421,255301.2,1770673559999,368358.93009,847,165941.2,239431.99671,0
1770673560000,1.4421,1.4426,1.4395,1.4397,415974.2,1770673619999,599429.53997,1534,146780.4,211488.86314,0
1770673620000,1.4397,1.4398,1.4379,1.4395,624410.9,1770673679999,898431.70405,2136,239293.1,344366.40419,0
1770673680000,1.4396,1.4435,1.4396,1.4413,624721.6,1770673739999,900481.64137,1850,472178.2,680522.54292,0
1770673740000,1.4413,1.4424,1.4409,1.4412,94616.6,1770673799999,136416.64933,785,38285.8,55194.66609,0
1770673800000,1.4413,1.4446,1.4411,1.4443,322642.6,1770673859999,465669.68056,1594,231471.2,334051.10146,0
1770673860000,1.4442,1.4450,1.4437,1.4450,223178.5,1770673919999,322298.73225,1018,135230.6,195302.50235,0
1770673920000,1.4450,1.4459,1.4449,1.4457,215664.3,1770673979999,311710.14282,945,131286.2,189746.92211,0
1770673980000,1.4457,1.4523,1.4457,1.4516,1356125.4,1770674039999,1966121.47134,4252,1050608.3,1523066.47341,0
1770674040000,1.4517,1.4565,1.4508,1.4561,2262116.5,1770674099999,3287456.13924,4421,1736095.4,2522874.82359,0
1770674100000,1.4562,1.4562,1.4495,1.4504,633959.4,1770674159999,920432.18000,2051,243979.1,354223.63164,0
1770674160000,1.4504,1.4507,1.4494,1.4500,583824.5,1770674219999,846706.31830,891,72047.0,104479.25279,0
1770674220000,1.4501,1.4514,1.4500,1.4511,254117.6,1770674279999,368692.90439,965,200869.1,291435.18603,0
1770674280000,1.4510,1.4515,1.4503,1.4505,261049.0,1770674339999,378766.93543,860,152167.2,220805.18015,0
1770674340000,1.4504,1.4514,1.4498,1.4501,226001.5,1770674399999,327801.78878,736,86649.5,125697.94271,0
1770674400000,1.4502,1.4516,1.4480,1.4485,340951.9,1770674459999,494358.37576,1478,130230.7,188844.87304,0
1770674460000,1.4486,1.4498,1.4466,1.4468,580978.9,1770674519999,841311.52002,1722,264950.7,383693.17255,0
1770674520000,1.4469,1.4483,1.4466,1.4482,230731.7,1770674579999,333949.71480,1047,127333.5,184300.45470,0
1770674580000,1.4483,1.4500,1.4480,1.4493,170309.6,1770674639999,246766.74667,947,136233.6,197391.34082,0
1770674640000,1.4493,1.4494,1.4475,1.4488,135492.3,1770674699999,196230.15583,825,34659.9,50200.44823,0
1770674700000,1.4487,1.4492,1.4480,1.4489,182548.2,1770674759999,264420.75866,923,68069.3,98610.65917,0
1770674760000,1.4489,1.4494,1.4478,1.4478,291034.5,1770674819999,421663.11702,933,99106.4,143607.35858,0
1770674820000,1.4479,1.4485,1.4478,1.4479,126487.5,1770674879999,183182.21921,506,45211.0,65476.19142,0
1770674880000,1.4479,1.4487,1.4476,1.4476,139672.4,1770674939999,202272.58409,737,69977.8,101345.30177,0
1770674940000,1.4477,1.4486,1.4472,1.4478,169726.3,1770674999999,245725.15760,863,82629.2,119631.29470,0
1770675000000,1.4478,1.4500,1.4478,1.4490,328060.1,1770675059999,475364.92701,1175,156430.6,226659.09029,0
1770675060000,1.4490,1.4491,1.4482,1.4485,252239.0,1770675119999,365420.21610,759,127777.9,185116.72410,0
1770675120000,1.4486,1.4507,1.4485,1.4506,323830.0,1770675179999,469415.16811,844,268710.4,389519.20242,0
1770675180000,1.4507,1.4511,1.4497,1.4499,259236.4,1770675239999,375958.42393,1147,76502.8,110955.37713,0
1770675240000,1.4498,1.4511,1.4477,1.4500,426657.2,1770675299999,618284.96938,1296,98612.7,142900.36938,0
1770675300000,1.4499,1.4499,1.4470,1.4484,895576.0,1770675359999,1296867.74678,1612,75053.7,108701.94092,0
1770675360000,1.4485,1.4489,1.4475,1.4483,628908.9,1770675419999,910875.90007,1399,436514.4,632223.84323,0
1770675420000,1.4484,1.4501,1.4483,1.4492,203689.6,1770675479999,295215.33959,787,96469.4,139814.69643,0
1770675480000,1.4492,1.4492,1.4456,1.4466,831353.1,1770675539999,1202570.02608,1682,479374.0,693517.93746,0
1770675540000,1.4466,1.4468,1.4459,1.4460,110764.1,1770675599999,160201.23335,576,59395.2,85904.07781,0
1770675600000,1.4459,1.4467,1.4452,1.4461,270326.8,1770675659999,390887.23356,838,156205.9,225862.46382,0
1770675660000,1.4461,1.4471,1.4458,1.4459,276616.0,1770675719999,400041.61702,837,113897.4,164726.15994,0
1770675720000,1.4459,1.4462,1.4444,1.4446,406190.0,1770675779999,587010.39754,1097,96082.9,138859.12123,0
1770675780000,1.4447,1.4457,1.4443,1.4457,215286.9,1770675839999,311070.06696,814,151678.3,219167.69361,0
1770675840000,1.4457,1.4483,1.4457,1.4461,391839.8,1770675899999,567069.10058,1051,216868.2,313865.50907,0
1770675900000,1.4460,1.4475,1.4458,1.4472,107632.9,1770675959999,155690.83123,761,75762.5,109585.87754,0
1770675960000,1.4472,1.4487,1.4471,1.4473,120924.7,1770676019999,175086.54499,861,69677.9,100887.11492,0
1770676020000,1.4473,1.4476,1.4465,1.4474,115352.9,1770676079999,166928.62880,798,75530.3,109305.66130,0
1770676080000,1.4474,1.4479,1.4473,1.4476,123766.4,1770676139999,179173.11443,468,31109.2,45035.64370,0
1770676140000,1.4476,1.4476,1.4471,1.4476,44620.9,1770676199999,64581.40021,331,13122.4,18992.30110,0
1770676200000,1.4476,1.4488,1.4475,1.4483,269966.1,1770676259999,390996.86485,1124,105408.1,152651.36742,0
1770676260000,1.4483,1.4489,1.4477,1.4479,112737.4,1770676319999,163264.07846,778,44395.5,64296.86215,0
1770676320000,1.4478,1.4487,1.4474,1.4486,86758.0,1770676379999,125621.84760,487,45167.1,65400.48454,0
1770676380000,1.4485,1.4490,1.4476,1.4479,87424.3,1770676439999,126633.60122,532,31679.5,45891.79221,0
1770676440000,1.4478,1.4480,1.4462,1.4468,425824.2,1770676499999,616020.10083,1003,76826.5,111133.98385,0
1770676500000,1.4468,1.4472,1.4466,1.4468,80333.0,1770676559999,116242.32046,484,37985.7,54965.59605,0
1770676560000,1.4469,1.4475,1.4461,1.4461,69083.9,1770676619999,99959.25379,681,25308.0,36621.09793,0
1770676620000,1.4461,1.4462,1.4453,1.4454,142095.2,1770676679999,205440.52482,536,39493.0,57102.96263,0
1770676680000,1.4453,1.4459,1.4445,1.4459,166052.9,1770676739999,239964.69243,834,71976.5,104027.78458,0
1770676740000,1.4459,1.4464,1.4453,1.4464,73068.0,1770676799999,105636.68500,598,47386.9,68509.37902,0
1770676800000,1.4463,1.4464,1.4455,1.4458,66365.8,1770676859999,95965.73974,491,25654.0,37092.02956,0
1770676860000,1.4457,1.4462,1.4453,1.4462,78747.2,1770676919999,113839.81723,590,34832.5,50356.44692,0
1770676920000,1.4462,1.4462,1.4453,1.4457,93675.1,1770676979999,135418.09899,516,55928.0,80844.56206,0
1770676980000,1.4456,1.4466,1.4456,1.4465,91539.5,1770677039999,132374.83873,575,61746.7,89284.17694,0
1770677040000,1.4465,1.4469,1.4460,1.4461,84965.5,1770677099999,122915.61672,506,61455.9,88909.41695,0
1770677100000,1.4460,1.4470,1.4460,1.4470,48334.8,1770677159999,69911.67579,496,45082.5,65206.42330,0
1770677160000,1.4470,1.4483,1.4465,1.4466,206213.4,1770677219999,298558.99852,1076,117182.2,169656.25360,0
1770677220000,1.4466,1.4466,1.4439,1.4440,140252.9,1770677279999,202659.53649,806,30187.2,43607.63152,0
1770677280000,1.4441,1.4455,1.4439,1.4451,203912.3,1770677339999,294597.77145,885,94974.6,137194.77316,0
1770677340000,1.4451,1.4456,1.4450,1.4456,26197.5,1770677399999,37864.66638,361,24225.5,35014.45684,0
1770677400000,1.4456,1.4458,1.4449,1.4455,146836.1,1770677459999,212245.66774,601,26629.8,38489.28927,0
1770677460000,1.4455,1.4455,1.4450,1.4450,52135.7,1770677519999,75347.32027,450,18025.7,26049.74863,0
1770677520000,1.4450,1.4450,1.4441,1.4442,53656.8,1770677579999,77502.61164,478,6492.1,9377.60885,0
1770677580000,1.4442,1.4442,1.4427,1.4433,409395.7,1770677639999,590821.95513,715,58379.6,84247.98438,0
1770677640000,1.4433,1.4434,1.4422,1.4426,151267.5,1770677699999,218207.31592,629,44136.1,63666.07089,0
1770677700000,1.4426,1.4439,1.4426,1.4436,146310.5,1770677759999,211186.24553,509,115794.3,167130.51921,0
1770677760000,1.4436,1.4439,1.4434,1.4434,81883.1,1770677819999,118210.24044,388,29218.0,42181.81350,0
1770677820000,1.4435,1.4435,1.4426,1.4428,90832.5,1770677879999,131075.94546,625,36275.7,52350.16779,0
1770677880000,1.4428,1.4434,1.4427,1.4432,54623.2,1770677939999,78826.70623,368,22658.2,32694.76817,0
1770677940000,1.4433,1.4439,1.4429,1.4437,172009.0,1770677999999,248285.55489,835,120367.9,173749.63796,0
1770678000000,1.4436,1.4445,1.4433,1.4437,182871.1,1770678059999,264055.12302,610,134246.2,193838.26143,0
1770678060000,1.4437,1.4447,1.4430,1.4431,152006.0,1770678119999,219510.18042,792,75868.7,109565.98175,0
1770678120000,1.4430,1.4434,1.4427,1.4433,71520.9,1770678179999,103209.32665,468,26057.7,37606.26811,0
1770678180000,1.4434,1.4442,1.4426,1.4442,232411.1,1770678239999,335438.60595,1222,144058.3,207919.54668,0
1770678240000,1.4441,1.4462,1.4438,1.4457,369456.8,1770678299999,534003.64045,1473,183762.9,265577.01303,0
1770678300000,1.4457,1.4477,1.4454,1.4477,192711.0,1770678359999,278695.02137,917,155334.6,224644.87778,0
1770678360000,1.4477,1.4477,1.4463,1.4470,159953.0,1770678419999,231469.58882,891,55627.5,80502.23048,0
1770678420000,1.4471,1.4481,1.4470,1.4470,234738.2,1770678479999,339824.01295,799,69320.6,100357.35928,0
1770678480000,1.4470,1.4470,1.4463,1.4469,250014.3,1770678539999,361651.20442,594,49175.1,71141.63301,0
1770678540000,1.4469,1.4480,1.4468,1.4470,172011.8,1770678599999,249005.32307,724,68690.9,99432.99091,0
1770678600000,1.4469,1.4469,1.4460,1.4465,139390.1,1770678659999,201611.50057,612,63941.1,92479.88760,0
1770678660000,1.4464,1.4465,1.4435,1.4436,391652.4,1770678719999,565885.95397,866,70314.4,101601.86386,0
1770678720000,1.4436,1.4437,1.4401,1.4423,819577.5,1770678779999,1181088.04466,2233,341659.5,492471.58930,0
1770678780000,1.4423,1.4442,1.4423,1.4441,424754.6,1770678839999,613151.17861,1418,357613.1,516259.95751,0
1770678840000,1.4441,1.4444,1.4426,1.4427,192338.4,1770678899999,277661.68320,892,70296.3,101490.56310,0
1770678900000,1.4428,1.4439,1.4426,1.4430,207337.5,1770678959999,299256.85141,854,71991.0,103890.69229,0
1770678960000,1.4430,1.4432,1.4423,1.4424,100385.4,1770679019999,144828.42752,695,51275.8,73980.06515,0
1770679020000,1.4424,1.4433,1.4402,1.4425,258476.6,1770679079999,372665.33871,1370,113662.7,163893.67691,0
1770679080000,1.4425,1.4430,1.4420,1.4422,72142.1,1770679139999,104062.09690,652,35192.6,50762.52948,0
1770679140000,1.4422,1.4425,1.4415,1.4415,178043.9,1770679199999,256733.05525,754,135307.1,195102.29870,0
1770679200000,1.4415,1.4421,1.4407,1.4420,336821.6,1770679259999,485526.02756,1036,144011.9,207596.09789,0
1770679260000,1.4420,1.4420,1.4405,1.4409,211270.1,1770679319999,304478.44867,1033,72562.5,104583.17772,0
1770679320000,1.4410,1.4411,1.4393,1.4398,745866.7,1770679379999,1073940.17615,2012,192536.2,277224.22837,0
1770679380000,1.4398,1.4411,1.4388,1.4411,308632.2,1770679439999,444360.87700,1267,108130.5,155696.60048,0
1770679440000,1.4411,1.4412,1.4396,1.4406,125228.8,1770679499999,180375.09243,1045,40621.2,58504.51959,0
1770679500000,1.4406,1.4409,1.4388,1.4390,218773.2,1770679559999,314955.95525,1173,83754.9,120597.84127,0
1770679560000,1.4390,1.4394,1.4386,1.4393,210308.4,1770679619999,302616.26685,909,65010.2,93548.58271,0
1770679620000,1.4394,1.4395,1.4386,1.4391,253067.0,1770679679999,364181.92607,1039,137127.2,197341.05487,0
1770679680000,1.4391,1.4396,1.4389,1.4395,168050.0,1770679739999,241889.88602,547,126088.6,181491.79500,0
1770679740000,1.4395,1.4402,1.4394,1.4397,189902.6,1770679799999,273432.76429,720,72632.6,104582.01787,0
1770679800000,1.4397,1.4404,1.4394,1.4400,186748.4,1770679859999,268915.54661,936,96866.9,139486.54090,0
1770679860000,1.4400,1.4407,1.4397,1.4400,110062.0,1770679919999,158506.21442,700,58527.6,84294.16602,0
1770679920000,1.4400,1.4400,1.4390,1.4392,161994.3,1770679979999,233200.30536,644,88857.5,127915.05657,0
1770679980000,1.4392,1.4398,1.4391,1.4396,222677.2,1770680039999,320542.62592,761,98496.1,141782.88059,0
1770680040000,1.4396,1.4407,1.4396,1.4407,156816.9,1770680099999,225818.05887,676,106481.2,153332.96974,0
1770680100000,1.4407,1.4412,1.4401,1.4401,133585.3,1770680159999,192463.31752,651,51039.3,73536.50056,0
1770680160000,1.4402,1.4410,1.4400,1.4405,120176.6,1770680219999,173114.93092,678,73790.3,106293.80019,0
1770680220000,1.4406,1.4412,1.4406,1.4411,98736.5,1770680279999,142267.36861,580,59294.6,85435.51692,0
1770680280000,1.4411,1.4417,1.4406,1.4416,112553.2,1770680339999,162205.62453,537,58284.8,83995.84020,0
1770680340000,1.4416,1.4419,1.4412,1.4418,119389.7,1770680399999,172109.55004,618,65059.7,93796.79083,0
1770680400000,1.4417,1.4432,1.4414,1.4419,357423.0,1770680459999,515551.45926,1270,162491.5,234361.99591,0
1770680460000,1.4419,1.4429,1.4419,1.4426,135826.2,1770680519999,195939.42864,792,65788.5,94902.84419,0
1770680520000,1.4427,1.4430,1.4415,1.4418,188858.0,1770680579999,272377.24198,780,115619.8,166747.34454,0
1770680580000,1.4418,1.4425,1.4417,1.4422,120192.2,1770680639999,173336.58951,605,58573.7,84472.25269,0
1770680640000,1.4422,1.4422,1.4410,1.4410,235643.6,1770680699999,339686.79183,683,51566.8,74341.26946,0
1770680700000,1.4410,1.4413,1.4396,1.4401,347154.7,1770680759999,500025.84829,962,221506.1,319054.24292,0
1770680760000,1.4400,1.4404,1.4391,1.4394,456424.9,1770680819999,657144.66624,1207,279138.2,401932.12164,0
1770680820000,1.4394,1.4396,1.4388,1.4388,122393.3,1770680879999,176154.15210,472,59932.8,86262.73994,0
1770680880000,1.4389,1.4390,1.4362,1.4366,805568.8,1770680939999,1158283.64261,1699,196715.4,282866.62524,0
1770680940000,1.4366,1.4371,1.4361,1.4363,319560.5,1770680999999,459042.58463,892,98205.9,141064.51158,0
1770681000000,1.4363,1.4371,1.4363,1.4369,267423.3,1770681059999,384178.73188,640,193326.2,277723.49916,0
1770681060000,1.4370,1.4370,1.4346,1.4351,406140.7,1770681119999,583063.03627,1009,86009.7,123451.34959,0
1770681120000,1.4350,1.4362,1.4347,1.4350,360348.8,1770681179999,517228.72035,860,171071.7,245527.21192,0
1770681180000,1.4350,1.4361,1.4350,1.4357,398771.9,1770681239999,572425.73547,781,273629.7,392801.74792,0
1770681240000,1.4356,1.4365,1.4354,1.4365,186479.7,1770681299999,267770.00284,668,156122.9,224180.64600,0
1770681300000,1.4365,1.4366,1.4350,1.4352,265727.3,1770681359999,381537.36694,639,143425.4,205937.12221,0
1770681360000,1.4352,1.4353,1.4344,1.4352,236586.4,1770681419999,339464.98006,948,115396.1,165578.63934,0
1770681420000,1.4351,1.4357,1.4349,1.4357,150072.3,1770681479999,215387.46258,441,65052.6,93368.05165,0
1770681480000,1.4357,1.4369,1.4357,1.4368,108453.4,1770681539999,155749.67661,394,78845.4,113234.87366,0
1770681540000,1.4368,1.4369,1.4360,1.4363,132032.2,1770681599999,189669.81022,398,39088.6,56144.05842,0
