open_time,open,high,low,close,volume,close_time,quote_volume,count,taker_buy_volume,taker_buy_quote_volume,ignore
1762646400000,2.2853,2.2854,2.2814,2.2817,166139.7,1762646459999,379387.23933,1306,40661.7,92835.78294,0
1762646460000,2.2817,2.2833,2.2817,2.2830,130512.9,1762646519999,297928.61024,627,103868.9,237101.08283,0
1762646520000,2.2830,2.2855,2.2828,2.2854,80810.8,1762646579999,184585.29015,689,74955.1,171214.28251,0
1762646580000,2.2854,2.2859,2.2842,2.2849,119286.6,1762646639999,272566.42852,739,53435.2,122085.06603,0
1762646640000,2.2848,2.2850,2.2837,2.2842,53911.4,1762646699999,123144.83220,484,21170.8,48357.11070,0
1762646700000,2.2841,2.2842,2.2818,2.2826,433351.7,1762646759999,989245.04890,1280,58756.0,134106.17943,0
1762646760000,2.2826,2.2834,2.2817,2.2817,153683.5,1762646819999,350777.58498,766,92107.7,210233.93975,0
1762646820000,2.2817,2.2835,2.2812,2.2826,158448.3,1762646879999,361580.34677,730,78572.3,179297.85414,0
1762646880000,2.2825,2.2829,2.2800,2.2810,124685.3,1762646939999,284422.04384,749,81453.7,185770.63557,0
1762646940000,2.2810,2.2832,2.2810,2.2831,60650.1,1762646999999,138398.34956,459,49013.5,111836.49499,0
1762647000000,2.2831,2.2835,2.2809,2.2821,292115.3,1762647059999,666606.91246,1368,146071.4,333286.04891,0
1762647060000,2.2820,2.2829,2.2812,2.2829,74536.2,1762647119999,170093.56570,536,51363.9,117216.85082,0
1762647120000,2.2828,2.2829,2.2773,2.2784,465713.1,1762647179999,1061222.73067,1749,119672.1,272705.07976,0
1762647180000,2.2784,2.2790,2.2766,2.2773,305876.8,1762647239999,696636.95781,1095,101782.5,231794.83395,0
1762647240000,2.2773,2.2774,2.2763,2.2764,152624.2,1762647299999,347498.21089,682,58226.2,132573.39374,0
1762647300000,2.2763,2.2766,2.2746,2.2764,469535.4,1762647359999,1068422.10801,1572,170043.6,386947.38550,0
1762647360000,2.2763,2.2777,2.2763,2.2767,192777.1,1762647419999,438975.24537,896,91238.7,207743.61711,0
1762647420000,2.2767,2.2770,2.2747,2.2754,371813.1,1762647479999,846189.64705,1127,71912.4,163660.88274,0
1762647480000,2.2754,2.2757,2.2715,2.2715,571634.2,1762647539999,1299422.80616,1540,193460.8,439739.18283,0
1762647540000,2.2716,2.2731,2.2705,2.2707,411942.3,1762647599999,935810.28513,1597,162666.5,369559.70363,0
1762647600000,2.2706,2.2716,2.2700,2.2716,397462.2,1762647659999,902530.21480,1605,209640.9,476024.05479,0
1762647660000,2.2716,2.2740,2.2707,2.2739,244324.3,1762647719999,555130.37415,1351,146574.2,333036.50611,0
1762647720000,2.2738,2.2771,2.2736,2.2759,440463.3,1762647779999,1002420.95318,1756,293033.5,666843.93998,0
1762647780000,2.2758,2.2769,2.2750,2.2757,230448.9,1762647839999,524543.45127,1187,96919.9,220587.50116,0
1762647840000,2.2756,2.2765,2.2752,2.2752,122075.9,1762647899999,277816.21830,711,77376.6,176092.38498,0
1762647900000,2.2752,2.2767,2.2752,2.2763,143246.9,1762647959999,326033.88085,814,89419.8,203515.04883,0
1762647960000,2.2762,2.2763,2.2734,2.2745,305457.8,1762648019999,694774.50377,1365,120337.5,273685.18384,0
1762648020000,2.2744,2.2747,2.2737,2.2739,115595.8,1762648079999,262909.21844,727,73676.1,167570.07840,0
1762648080000,2.2739,2.2770,2.2736,2.2760,358636.3,1762648139999,816093.02751,1555,262750.0,597851.64243,0
1762648140000,2.2760,2.2768,2.2751,2.2752,109477.3,1762648199999,249175.32541,790,51906.8,118148.66830,0
1762648200000,2.2751,2.2774,2.2750,2.2773,163865.5,1762648259999,372998.87813,948,109009.9,248130.46162,0
1762648260000,2.2773,2.2788,2.2763,2.2788,108445.6,1762648319999,246991.59408,801,71876.3,163711.81544,0
1762648320000,2.2787,2.2791,2.2781,2.2791,141378.5,1762648379999,322133.90448,810,74606.9,169992.71969,0
1762648380000,2.2791,2.2793,2.2776,2.2776,77384.7,1762648439999,176301.06044,676,10638.3,24235.30145,0
1762648440000,2.2776,2.2826,2.2776,2.2824,191795.5,1762648499999,437414.52825,1268,149652.1,341318.36751,0
1762648500000,2.2823,2.2840,2.2805,2.2821,551060.2,1762648559999,1257523.57443,1590,330483.8,754030.56093,0
1762648560000,2.2821,2.2825,2.2811,2.2823,79572.6,1762648619999,181587.91298,569,30857.4,70415.20683,0
1762648620000,2.2823,2.2835,2.2814,2.2814,117160.0,1762648679999,267460.93768,606,32252.8,73630.16318,0
1762648680000,2.2814,2.2817,2.2804,2.2805,50238.9,1762648739999,114608.24029,365,27384.7,62473.36151,0
1762648740000,2.2804,2.2822,2.2804,2.2822,95323.9,1762648799999,217447.38979,538,67856.7,154788.15772,0
1762648800000,2.2821,2.2830,2.2821,2.2827,198851.1,1762648859999,453890.63485,660,72887.4,166359.85902,0
1762648860000,2.2826,2.2827,2.2817,2.2817,41919.9,1762648919999,95678.02167,389,12511.9,28558.26670,0
1762648920000,2.2817,2.2817,2.2804,2.2810,73052.0,1762648979999,166631.14482,545,50670.4,115574.80340,0
1762648980000,2.2810,2.2811,2.2807,2.2811,49644.0,1762649039999,113232.20632,301,36676.9,83655.72357,0
1762649040000,2.2810,2.2817,2.2804,2.2804,105056.3,1762649099999,239647.92208,503,23809.3,54313.76281,0
1762649100000,2.2804,2.2804,2.2787,2.2802,147400.0,1762649159999,335979.40776,773,44203.8,100750.54721,0
1762649160000,2.2802,2.2802,2.2791,2.2792,50630.9,1762649219999,115424.30961,390,10832.5,24694.18818,0
1762649220000,2.2792,2.2807,2.2789,2.2800,91721.8,1762649279999,209096.75065,743,65181.1,148589.08743,0
1762649280000,2.2800,2.2814,2.2799,2.2811,77757.5,1762649339999,177343.17555,638,55359.3,126248.21464,0
1762649340000,2.2811,2.2811,2.2790,2.2795,78669.0,1762649399999,179359.34839,700,39191.2,89348.91197,0
1762649400000,2.2795,2.2795,2.2775,2.2776,122513.8,1762649459999,279117.33092,777,10918.4,24873.80385,0
1762649460000,2.2776,2.2776,2.2743,2.2754,311981.4,1762649519999,710270.20083,1118,45151.4,102723.15075,0
1762649520000,2.2754,2.2755,2.2743,2.2746,197372.6,1762649579999,449010.45420,1036,80508.2,183142.88116,0
1762649580000,2.2746,2.2746,2.2739,2.2743,101463.7,1762649639999,230757.61213,635,33689.9,76618.02648,0
1762649640000,2.2744,2.2751,2.2743,2.2750,125427.8,1762649699999,285314.50357,662,69423.4,157917.73375,0
1762649700000,2.2749,2.2750,2.2721,2.2723,133093.4,1762649759999,302558.71661,1047,28046.9,63742.01465,0
1762649760000,2.2722,2.2722,2.2711,2.2717,185456.9,1762649819999,421292.58794,1013,100258.8,227751.01063,0
1762649820000,2.2716,2.2717,2.2707,2.2714,84604.6,1762649879999,192153.65977,614,34720.9,78857.17611,0
1762649880000,2.2714,2.2736,2.2713,2.2735,161895.3,1762649939999,367851.15077,902,123025.5,279529.05816,0
1762649940000,2.2735,2.2736,2.2725,2.2730,73604.4,1762649999999,167318.23600,553,17810.1,40481.57130,0
1762650000000,2.2729,2.2748,2.2722,2.2747,206693.9,1762650059999,469846.17715,1199,86284.6,196173.73938,0
1762650060000,2.2748,2.2765,2.2747,2.2754,163128.2,1762650119999,371245.94024,1118,96095.0,218675.78121,0
1762650120000,2.2754,2.2763,2.2746,2.2756,94733.1,1762650179999,215555.87701,1015,36406.2,82841.77381,0
1762650180000,2.2756,2.2778,2.2755,2.2778,102786.4,1762650239999,234024.70873,901,63263.4,144033.61554,0
1762650240000,2.2779,2.2806,2.2778,2.2778,187662.5,1762650299999,427682.80194,1437,54336.8,123848.36802,0
1762650300000,2.2778,2.2786,2.2770,2.2778,110169.2,1762650359999,250958.47896,935,38318.1,87282.28420,0
1762650360000,2.2778,2.2810,2.2776,2.2808,140284.0,1762650419999,319760.62116,1001,96096.6,219031.90682,0
1762650420000,2.2808,2.2809,2.2776,2.2787,130247.7,1762650479999,296877.97641,983,51668.4,117736.19502,0
1762650480000,2.2787,2.2802,2.2787,2.2792,63517.6,1762650539999,144786.88766,553,30478.5,69472.42841,0
1762650540000,2.2791,2.2800,2.2785,2.2790,71229.1,1762650599999,162361.42429,698,20144.0,45917.06531,0
1762650600000,2.2790,2.2801,2.2786,2.2794,99570.4,1762650659999,226948.98189,773,43199.6,98464.14114,0
1762650660000,2.2793,2.2794,2.2776,2.2777,62656.0,1762650719999,142777.34030,614,21396.3,48758.38434,0
1762650720000,2.2776,2.2777,2.2755,2.2757,59997.0,1762650779999,136572.37250,579,12407.3,28235.42044,0
1762650780000,2.2756,2.2768,2.2751,2.2765,96257.2,1762650839999,219069.30369,820,49504.3,112682.13394,0
1762650840000,2.2764,2.2782,2.2760,2.2782,42344.3,1762650899999,96411.48841,639,24260.3,55238.38518,0
1762650900000,2.2782,2.2791,2.2762,2.2762,197692.9,1762650959999,450382.31162,1157,57136.3,130171.95592,0
1762650960000,2.2763,2.2769,2.2753,2.2768,53968.8,1762651019999,122836.70774,792,21228.0,48316.76091,0
1762651020000,2.2767,2.2768,2.2750,2.2750,28655.6,1762651079999,65208.86954,576,13199.7,30034.37844,0
1762651080000,2.2749,2.2760,2.2748,2.2760,45523.9,1762651139999,103590.82650,419,34333.6,78127.92883,0
1762651140000,2.2760,2.2774,2.2759,2.2767,72631.6,1762651199999,165350.57940,638,38001.9,86510.74239,0
1762651200000,2.2766,2.2772,2.2766,2.2769,32084.7,1762651259999,73050.91822,426,17078.2,38883.20803,0
1762651260000,2.2768,2.2780,2.2768,2.2771,54917.0,1762651319999,125070.82254,527,35081.6,79893.92917,0
1762651320000,2.2771,2.2781,2.2770,2.2779,45319.1,1762651379999,103212.88478,424,29433.7,67034.41813,0
1762651380000,2.2778,2.2787,2.2769,2.2777,190224.9,1762651439999,433311.26408,832,70054.0,159560.85679,0
1762651440000,2.2776,2.2777,2.2760,2.2760,57674.1,1762651499999,131311.04375,405,21023.7,47858.28472,0
1762651500000,2.2760,2.2760,2.2747,2.2752,99496.5,1762651559999,226372.45233,583,63337.5,144098.89931,0
1762651560000,2.2752,2.2753,2.2739,2.2742,72718.4,1762651619999,165400.75186,588,32958.2,74969.53541,0
1762651620000,2.2742,2.2748,2.2736,2.2748,46927.9,1762651679999,106727.97012,342,35365.0,80432.44256,0
1762651680000,2.2747,2.2748,2.2735,2.2739,86487.2,1762651739999,196679.33664,584,28921.4,65767.96510,0
1762651740000,2.2739,2.2759,2.2739,2.2749,255665.2,1762651799999,581752.92560,698,85570.1,194693.15433,0
1762651800000,2.2749,2.2753,2.2732,2.2748,120015.9,1762651859999,272971.14348,989,71532.9,162694.93623,0
1762651860000,2.2748,2.2749,2.2725,2.2728,181464.1,1762651919999,412637.30022,1019,125927.1,286359.39631,0
1762651920000,2.2728,2.2728,2.2686,2.2687,371643.8,1762651979999,843652.96529,1695,103193.6,234263.76835,0
1762651980000,2.2687,2.2713,2.2687,2.2708,172162.0,1762652039999,390739.19524,1057,92635.1,210257.83460,0
1762652040000,2.2707,2.2718,2.2700,2.2700,150693.7,1762652099999,342229.80373,962,107281.6,243644.33333,0
1762652100000,2.2700,2.2708,2.2700,2.2707,51332.7,1762652159999,116553.44884,513,29853.5,67782.62333,0
1762652160000,2.2706,2.2715,2.2706,2.2711,89793.5,1762652219999,203922.00198,593,70695.1,160548.68566,0
1762652220000,2.2711,2.2757,2.2711,2.2747,170225.8,1762652279999,387085.94952,1176,113962.4,259117.21027,0
1762652280000,2.2746,2.2746,2.2723,2.2723,61119.0,1762652339999,138961.64967,521,30044.6,68307.80375,0
1762652340000,2.2722,2.2742,2.2720,2.2742,55682.7,1762652399999,126575.31674,520,31458.6,71508.60657,0
1762652400000,2.2741,2.2742,2.2729,2.2736,56339.6,1762652459999,128088.32580,680,18176.6,41323.46629,0
1762652460000,2.2736,2.2745,2.2736,2.2739,46969.7,1762652519999,106817.14037,434,22494.1,51154.48710,0
1762652520000,2.2739,2.2758,2.2739,2.2757,100378.2,1762652579999,228321.56007,715,88560.8,201434.93655,0
1762652580000,2.2757,2.2772,2.2757,2.2772,86729.3,1762652639999,197436.69640,752,53250.5,121228.74123,0
1762652640000,2.2772,2.2795,2.2772,2.2795,152804.9,1762652699999,348214.62950,1152,75243.1,171463.26700,0
1762652700000,2.2795,2.2843,2.2795,2.2837,381949.0,1762652759999,871749.81316,1693,253863.1,579367.14588,0
1762652760000,2.2837,2.2850,2.2825,2.2830,400188.1,1762652819999,913864.18739,1289,180731.3,412624.27095,0
1762652820000,2.2830,2.2833,2.2812,2.2819,190745.5,1762652879999,435322.11875,984,67501.6,154033.67250,0
1762652880000,2.2818,2.2829,2.2808,2.2808,60799.7,1762652939999,138736.12171,825,21100.7,48150.12708,0
1762652940000,2.2808,2.2829,2.2808,2.2829,78035.2,1762652999999,178049.36324,931,47477.7,108332.67939,0
1762653000000,2.2829,2.2849,2.2825,2.2830,106361.3,1762653059999,242911.63468,860,29233.6,66769.58123,0
1762653060000,2.2830,2.2830,2.2808,2.2828,266404.9,1762653119999,607880.71726,1246,80968.9,184773.91750,0
1762653120000,2.2828,2.2843,2.2827,2.2832,108264.2,1762653179999,247208.37118,722,43976.0,100403.38710,0
1762653180000,2.2832,2.2835,2.2827,2.2831,79063.4,1762653239999,180506.77059,572,22125.3,50512.13330,0
1762653240000,2.2830,2.2830,2.2810,2.2825,169974.4,1762653299999,387907.19812,973,92207.4,210427.68022,0
1762653300000,2.2824,2.2836,2.2817,2.2835,118120.8,1762653359999,269628.35735,893,41416.7,94540.14380,0
1762653360000,2.2835,2.2850,2.2832,2.2842,508908.3,1762653419999,1162447.12643,850,422334.5,964682.82187,0
1762653420000,2.2841,2.2845,2.2828,2.2836,79155.1,1762653479999,180762.16637,640,21016.5,47990.31340,0
1762653480000,2.2836,2.2839,2.2827,2.2828,65525.8,1762653539999,149611.46538,507,16888.9,38563.71995,0
1762653540000,2.2827,2.2839,2.2823,2.2838,139871.5,1762653599999,319314.90137,917,96393.3,220055.53356,0
1762653600000,2.2837,2.2838,2.2806,2.2824,259378.5,1762653659999,591881.57103,1480,135226.0,308533.30064,0
1762653660000,2.2823,2.2828,2.2798,2.2805,165041.4,1762653719999,376499.76810,1109,65270.6,148891.76517,0
1762653720000,2.2805,2.2814,2.2801,2.2811,165957.9,1762653779999,378502.24743,910,88503.3,201848.03319,0
1762653780000,2.2810,2.2818,2.2799,2.2804,135261.6,1762653839999,308493.75428,901,53466.8,121934.97791,0
1762653840000,2.2804,2.2817,2.2802,2.2814,77861.7,1762653899999,177609.99550,866,54640.2,124638.78934,0
1762653900000,2.2813,2.2821,2.2813,2.2820,88370.4,1762653959999,201628.83325,743,52278.3,119281.16746,0
1762653960000,2.2820,2.2821,2.2780,2.2780,217594.4,1762654019999,496146.74845,1452,40167.5,91602.97495,0
1762654020000,2.2780,2.2780,2.2759,2.2759,125554.3,1762654079999,285880.69744,935,30532.6,69526.87545,0
1762654080000,2.2759,2.2792,2.2755,2.2791,168817.7,1762654139999,384334.00975,1482,128196.7,291866.12075,0
1762654140000,2.2791,2.2791,2.2765,2.2781,104027.5,1762654199999,236956.30992,1113,27911.7,63564.01639,0
1762654200000,2.2781,2.2782,2.2772,2.2777,147332.5,1762654259999,335580.33838,834,84102.7,191556.72572,0
1762654260000,2.2777,2.2777,2.2770,2.2772,63659.2,1762654319999,144970.18498,703,32891.0,74900.56953,0
1762654320000,2.2772,2.2772,2.2746,2.2749,169187.8,1762654379999,385019.94013,1042,73282.7,166731.33624,0
1762654380000,2.2749,2.2755,2.2742,2.2753,174139.0,1762654439999,396146.52611,949,88756.1,201907.01075,0
1762654440000,2.2752,2.2760,2.2750,2.2758,41972.2,1762654499999,95512.87828,465,29375.5,66848.11737,0
1762654500000,2.2758,2.2762,2.2745,2.2750,72522.6,1762654559999,165020.57916,861,19949.5,45394.62482,0
1762654560000,2.2750,2.2779,2.2747,2.2779,77036.9,1762654619999,175353.02376,902,54276.4,123546.67636,0
1762654620000,2.2778,2.2778,2.2760,2.2760,67502.2,1762654679999,153708.71705,689,7373.2,16789.51551,0
1762654680000,2.2760,2.2770,2.2749,2.2770,58605.6,1762654739999,133365.29263,755,43718.8,99487.98385,0
1762654740000,2.2770,2.2782,2.2770,2.2774,122072.6,1762654799999,278037.27509,928,76749.6,174802.06793,0
1762654800000,2.2774,2.2780,2.2768,2.2768,42096.4,1762654859999,95876.11187,758,13126.3,29895.31849,0
1762654860000,2.2768,2.2784,2.2768,2.2783,44607.0,1762654919999,101594.61414,609,36430.7,82973.09308,0
1762654920000,2.2783,2.2800,2.2774,2.2798,97808.7,1762654979999,222848.42916,889,47693.9,108676.22718,0
1762654980000,2.2797,2.2808,2.2794,2.2794,68654.5,1762655039999,156552.28213,799,23166.8,52826.50408,0
1762655040000,2.2794,2.2829,2.2793,2.2816,623597.8,1762655099999,1422526.71712,1701,480201.9,1095300.91755,0
1762655100000,2.2816,2.2820,2.2804,2.2804,88865.6,1762655159999,202748.69429,763,28468.3,64956.35556,0
1762655160000,2.2804,2.2804,2.2790,2.2791,110591.0,1762655219999,252156.50597,779,32645.5,74435.04578,0
1762655220000,2.2790,2.2795,2.2768,2.2768,134007.6,1762655279999,305312.90654,1200,35626.6,81164.69504,0
1762655280000,2.2768,2.2768,2.2750,2.2750,129059.5,1762655339999,293728.28594,1028,56924.0,129542.78102,0
1762655340000,2.2750,2.2766,2.2743,2.2743,193680.7,1762655399999,440690.94496,1172,103558.0,235613.32813,0
1762655400000,2.2744,2.2744,2.2721,2.2723,245732.2,1762655459999,558524.61793,1171,47750.1,108537.81877,0
1762655460000,2.2723,2.2732,2.2661,2.2666,679770.3,1762655519999,1542385.05293,2777,168751.2,383009.75627,0
1762655520000,2.2666,2.2673,2.2654,2.2661,327857.6,1762655579999,743086.86543,1834,180474.8,409057.81312,0
1762655580000,2.2661,2.2663,2.2638,2.2641,720805.2,1762655639999,1632562.07514,2313,178637.6,404601.08481,0
1762655640000,2.2640,2.2643,2.2607,2.2614,741832.5,1762655699999,1678210.14478,2457,250657.4,567118.94235,0
1762655700000,2.2614,2.2649,2.2610,2.2624,540172.8,1762655759999,1222355.20732,2269,398145.4,900953.87250,0
1762655760000,2.2624,2.2669,2.2624,2.2638,465633.0,1762655819999,1054870.24176,2068,291221.7,659758.90429,0
1762655820000,2.2637,2.2652,2.2619,2.2642,302722.9,1762655879999,685222.91962,1649,207442.5,469554.71907,0
1762655880000,2.2642,2.2643,2.2604,2.2606,326075.1,1762655939999,737602.36457,1699,150759.7,341017.44600,0
1762655940000,2.2606,2.2613,2.2580,2.2587,597123.8,1762655999999,1349236.65708,2548,241496.0,545650.41844,0
1762656000000,2.2586,2.2612,2.2584,2.2601,308947.9,1762656059999,698191.54584,1398,192607.0,435256.26485,0
1762656060000,2.2601,2.2635,2.2601,2.2618,398511.9,1762656119999,901422.60880,2031,236148.3,534058.66656,0
1762656120000,2.2619,2.2632,2.2614,2.2619,220372.8,1762656179999,498536.47928,1293,109795.3,248376.92944,0
1762656180000,2.2619,2.2653,2.2606,2.2606,365386.0,1762656239999,827024.96601,1920,241084.2,545683.29434,0
1762656240000,2.2606,2.2631,2.2591,2.2625,287878.6,1762656299999,650830.41456,1997,192054.9,434181.43480,0
1762656300000,2.2625,2.2646,2.2621,2.2631,191032.5,1762656359999,432429.13996,1599,127432.7,288458.67520,0
1762656360000,2.2631,2.2656,2.2631,2.2639,286710.0,1762656419999,649180.24366,1367,185860.2,420785.31817,0
1762656420000,2.2639,2.2657,2.2625,2.2656,256169.0,1762656479999,579874.20143,1349,150237.1,340086.92013,0
1762656480000,2.2656,2.2679,2.2656,2.2668,434600.1,1762656539999,985301.69355,2208,317668.4,720203.40220,0
1762656540000,2.2668,2.2669,2.2632,2.2648,163778.2,1762656599999,370905.58171,1316,67719.9,153368.94738,0
1762656600000,2.2647,2.2662,2.2642,2.2650,172381.2,1762656659999,390472.15307,1147,81174.9,183872.65940,0
1762656660000,2.2649,2.2652,2.2608,2.2614,154281.5,1762656719999,349054.76241,1090,68846.7,155734.87914,0
1762656720000,2.2614,2.2615,2.2552,2.2573,858209.5,1762656779999,1937116.71819,3629,498149.8,1124320.40814,0
1762656780000,2.2573,2.2604,2.2564,2.2601,274508.3,1762656839999,619911.55370,1516,160655.6,362810.38985,0
1762656840000,2.2602,2.2626,2.2602,2.2604,189872.8,1762656899999,429449.32491,1400,106649.2,241220.74774,0
1762656900000,2.2605,2.2605,2.2568,2.2587,379315.1,1762656959999,856662.28913,1991,187388.0,423231.77418,0
1762656960000,2.2586,2.2603,2.2569,2.2584,252932.6,1762657019999,571194.45586,1399,125576.4,283573.18204,0
1762657020000,2.2584,2.2590,2.2540,2.2554,494718.1,1762657079999,1115958.00731,1930,128877.9,290728.20493,0
1762657080000,2.2553,2.2579,2.2540,2.2575,708183.3,1762657139999,1597687.07685,2234,379340.5,855832.32476,0
1762657140000,2.2574,2.2580,2.2566,2.2577,319389.6,1762657199999,721009.01963,1152,183554.5,414386.26092,0
1762657200000,2.2578,2.2602,2.2567,2.2600,254799.8,1762657259999,575327.68244,1251,137227.1,309857.45051,0
1762657260000,2.2601,2.2614,2.2597,2.2598,215393.3,1762657319999,486865.73365,1250,90932.0,205536.69223,0
1762657320000,2.2597,2.2600,2.2577,2.2587,170622.9,1762657379999,385381.56475,1379,69474.8,156907.49804,0
1762657380000,2.2587,2.2600,2.2575,2.2597,177341.1,1762657439999,400589.94729,1183,89860.5,202985.54673,0
1762657440000,2.2598,2.2618,2.2587,2.2589,191950.6,1762657499999,433861.51903,1417,68278.2,154326.61115,0
1762657500000,2.2588,2.2594,2.2575,2.2584,151820.7,1762657559999,342869.76281,1469,75634.2,170801.03883,0
1762657560000,2.2583,2.2596,2.2575,2.2577,182173.6,1762657619999,411428.11399,1189,93421.3,210978.84767,0
1762657620000,2.2577,2.2586,2.2557,2.2570,247509.8,1762657679999,558607.19383,1533,106026.0,239276.70741,0
1762657680000,2.2570,2.2601,2.2570,2.2601,166011.3,1762657739999,375008.57860,1229,92305.0,208504.31526,0
1762657740000,2.2601,2.2618,2.2594,2.2617,154549.8,1762657799999,349383.00360,992,107987.2,244139.49048,0
1762657800000,2.2617,2.2623,2.2594,2.2601,178173.7,1762657859999,402868.83861,1149,100995.3,228361.00028,0
1762657860000,2.2601,2.2638,2.2600,2.2630,143951.5,1762657919999,325582.23196,913,101480.8,229499.68675,0
1762657920000,2.2630,2.2631,2.2606,2.2608,118685.5,1762657979999,268457.50761,920,44692.0,101076.44586,0
1762657980000,2.2609,2.2619,2.2606,2.2612,80208.8,1762658039999,181378.53593,839,43744.5,98918.60583,0
1762658040000,2.2611,2.2619,2.2600,2.2600,173872.6,1762658099999,393155.17909,902,91345.2,206546.53304,0
1762658100000,2.2599,2.2609,2.2586,2.2604,185424.0,1762658159999,419032.91703,991,64258.8,145202.35618,0
1762658160000,2.2604,2.2635,2.2598,2.2598,276199.6,1762658219999,624688.59569,1547,74787.6,169158.10306,0
1762658220000,2.2597,2.2605,2.2565,2.2568,191842.0,1762658279999,433243.43957,1286,109400.7,247051.00901,0
1762658280000,2.2567,2.2598,2.2567,2.2598,95481.0,1762658339999,215617.46912,1094,55911.6,126260.15187,0
1762658340000,2.2597,2.2613,2.2593,2.2598,237664.1,1762658399999,537183.23611,1168,79707.4,180161.85805,0
1762658400000,2.2598,2.2633,2.2598,2.2633,217312.8,1762658459999,491614.41959,1029,101594.2,229803.10649,0
1762658460000,2.2633,2.2638,2.2595,2.2596,197334.2,1762658519999,446419.92275,1125,33990.1,76900.32161,0
1762658520000,2.2595,2.2595,2.2561,2.2568,487574.8,1762658579999,1100771.01447,2055,304499.2,687405.29822,0
1762658580000,2.2568,2.2578,2.2545,2.2545,194664.7,1762658639999,439292.40011,1181,79991.3,180521.42165,0
1762658640000,2.2545,2.2554,2.2485,2.2496,1026756.7,1762658699999,2311092.39563,3713,238674.6,537473.59232,0
1762658700000,2.2496,2.2509,2.2489,2.2492,489773.8,1762658759999,1101995.89732,1997,163622.2,368129.59938,0
1762658760000,2.2491,2.2494,2.2462,2.2473,846929.8,1762658819999,1903458.92312,3391,219196.0,492698.02269,0
1762658820000,2.2473,2.2491,2.2374,2.2393,6126416.1,1762658879999,13734426.50882,9052,1670820.9,3744324.16756,0
1762658880000,2.2393,2.2440,2.2388,2.2415,3845922.1,1762658939999,8617461.80487,3734,3057602.4,6850135.07874,0
1762658940000,2.2416,2.2455,2.2407,2.2446,689430.5,1762658999999,1546893.11450,2587,242291.2,543594.55927,0
1762659000000,2.2446,2.2458,2.2432,2.2458,432678.2,1762659059999,971276.00641,1784,225419.4,506033.67814,0
1762659060000,2.2458,2.2460,2.2432,2.2451,468810.0,1762659119999,1052346.76462,1845,111226.2,249682.63119,0
1762659120000,2.2451,2.2475,2.2445,2.2467,333472.0,1762659179999,749000.35960,1383,200552.9,450465.73315,0
1762659180000,2.2468,2.2470,2.2443,2.2448,288988.9,1762659239999,648987.37792,1407,116577.8,261796.91523,0
1762659240000,2.2449,2.2456,2.2432,2.2453,298375.6,1762659299999,669754.55385,1446,184894.7,415046.27204,0
1762659300000,2.2452,2.2453,2.2410,2.2416,351386.9,1762659359999,788089.09328,1410,140672.9,315419.64340,0
1762659360000,2.2416,2.2444,2.2393,2.2441,375549.1,1762659419999,841703.35916,1912,209071.6,468620.32613,0
1762659420000,2.2441,2.2479,2.2432,2.2479,402607.0,1762659479999,903716.96297,1830,308489.7,692462.60687,0
1762659480000,2.2479,2.2483,2.2451,2.2451,401552.3,1762659539999,902449.37696,1706,199579.4,448570.25651,0
1762659540000,2.2451,2.2452,2.2437,2.2438,184612.0,1762659599999,414366.79385,1107,110654.9,248379.06512,0
1762659600000,2.2439,2.2465,2.2437,2.2461,224217.0,1762659659999,503430.99781,1387,138242.9,310359.90944,0
1762659660000,2.2461,2.2486,2.2457,2.2485,321547.7,1762659719999,722772.35528,1587,223080.5,501431.58411,0
1762659720000,2.2484,2.2485,2.2463,2.2477,301745.5,1762659779999,678096.38539,1361,124148.0,279006.67203,0
1762659780000,2.2476,2.2515,2.2472,2.2500,252624.6,1762659839999,568288.93388,1431,160268.4,360573.73483,0
1762659840000,2.2499,2.2500,2.2475,2.2475,156905.8,1762659899999,352883.25662,825,68391.1,153813.24482,0
1762659900000,2.2474,2.2478,2.2462,2.2464,227499.1,1762659959999,511199.32530,979,107262.0,241016.18018,0
1762659960000,2.2464,2.2491,2.2450,2.2451,269344.2,1762660019999,605377.87037,1546,161850.2,363803.52871,0
1762660020000,2.2450,2.2489,2.2447,2.2488,279931.1,1762660079999,628929.27148,1567,208943.0,469442.81569,0
1762660080000,2.2489,2.2535,2.2489,2.2533,284446.6,1762660139999,640432.07705,1528,205566.9,462854.88620,0
1762660140000,2.2533,2.2541,2.2502,2.2505,192631.2,1762660199999,433783.46669,1459,61633.9,138795.73917,0
1762660200000,2.2505,2.2531,2.2503,2.2531,119017.6,1762660259999,267950.07551,954,92045.1,207235.85044,0
1762660260000,2.2532,2.2546,2.2526,2.2542,252010.5,1762660319999,567911.83239,1213,184061.2,414775.38517,0
1762660320000,2.2543,2.2553,2.2542,2.2552,124473.8,1762660379999,280644.77148,693,63738.6,143706.19361,0
1762660380000,2.2552,2.2562,2.2548,2.2548,178621.8,1762660439999,402921.64707,928,70829.4,159763.23171,0
1762660440000,2.2547,2.2552,2.2535,2.2537,128151.9,1762660499999,288879.46066,860,59060.1,133137.00906,0
1762660500000,2.2536,2.2539,2.2520,2.2520,161092.0,1762660559999,362942.79724,1051,110815.5,249673.43497,0
1762660560000,2.2520,2.2535,2.2517,2.2534,116838.0,1762660619999,263192.58792,747,72392.0,163073.08959,0
1762660620000,2.2533,2.2537,2.2526,2.2536,117394.6,1762660679999,264483.16880,696,66866.4,150640.09344,0
1762660680000,2.2536,2.2537,2.2508,2.2515,171090.3,1762660739999,385272.65827,1143,37843.8,85215.69711,0
1762660740000,2.2515,2.2530,2.2512,2.2530,115594.2,1762660799999,260296.89839,716,80050.2,180266.88880,0
1762660800000,2.2530,2.2556,2.2523,2.2555,192980.3,1762660859999,434934.71850,1245,106416.7,239870.80728,0
1762660860000,2.2555,2.2563,2.2541,2.2543,264209.9,1762660919999,595914.51296,1095,37077.7,83630.14846,0
1762660920000,2.2543,2.2558,2.2537,2.2558,99157.6,1762660979999,223580.84071,1004,61195.6,137986.11195,0
1762660980000,2.2557,2.2574,2.2557,2.2574,181333.7,1762661039999,409192.40905,1119,115337.2,260248.06532,0
1762661040000,2.2573,2.2594,2.2573,2.2586,146143.4,1762661099999,330101.90859,960,86635.4,195680.79328,0
1762661100000,2.2586,2.2586,2.2518,2.2536,882793.3,1762661159999,1990015.89834,2577,262381.1,591396.21521,0
1762661160000,2.2535,2.2563,2.2532,2.2556,271612.4,1762661219999,612318.20188,1295,176675.3,398269.24956,0
1762661220000,2.2557,2.2576,2.2550,2.2559,249299.8,1762661279999,562587.17376,1203,121942.6,275171.43893,0
1762661280000,2.2558,2.2559,2.2536,2.2538,361136.2,1762661339999,814283.70518,1358,133649.0,301331.04012,0
1762661340000,2.2537,2.2566,2.2536,2.2564,123727.3,1762661399999,278992.23815,790,86150.2,194241.83394,0
1762661400000,2.2563,2.2571,2.2547,2.2567,328836.3,1762661459999,741861.02329,1502,206350.8,465516.03077,0
1762661460000,2.2566,2.2574,2.2554,2.2574,157775.1,1762661519999,355961.94407,996,79524.9,179424.38304,0
1762661520000,2.2573,2.2587,2.2567,2.2576,115768.6,1762661579999,261378.48007,902,40865.7,92256.57265,0
1762661580000,2.2576,2.2579,2.2561,2.2571,136434.3,1762661639999,307909.59040,854,80934.1,182647.25683,0
1762661640000,2.2571,2.2571,2.2556,2.2568,181701.1,1762661699999,409997.51517,914,90045.5,203191.36409,0
1762661700000,2.2567,2.2588,2.2564,2.2588,172710.5,1762661759999,389904.32575,1155,101654.0,229491.07466,0
1762661760000,2.2587,2.2594,2.2574,2.2574,150365.9,1762661819999,339611.70428,1163,87521.5,197673.71529,0
1762661820000,2.2574,2.2600,2.2574,2.2587,171655.1,1762661879999,387655.42985,995,115646.7,261146.36711,0
1762661880000,2.2586,2.2610,2.2586,2.2607,195948.9,1762661939999,442802.49911,1053,158672.3,358544.32951,0
1762661940000,2.2606,2.2627,2.2595,2.2599,270314.0,1762661999999,611324.28378,1694,176259.9,398637.76003,0
1762662000000,2.2598,2.2641,2.2598,2.2633,778620.4,1762662059999,1761672.38063,2209,467442.9,1057606.43325,0
1762662060000,2.2632,2.2639,2.2614,2.2616,227273.6,1762662119999,514275.80294,1181,83323.2,188536.40507,0
1762662120000,2.2617,2.2627,2.2605,2.2627,168551.8,1762662179999,381162.19884,1090,113296.3,256214.50099,0
1762662180000,2.2627,2.2628,2.2606,2.2612,199528.2,1762662239999,451219.09002,1117,59997.2,135666.68487,0
1762662240000,2.2612,2.2633,2.2599,2.2629,132496.7,1762662299999,299588.39724,1029,57103.9,129122.28765,0
1762662300000,2.2628,2.2636,2.2615,2.2627,229699.0,1762662359999,519743.36640,1325,68617.5,155246.52485,0
1762662360000,2.2627,2.2636,2.2625,2.2627,98712.5,1762662419999,223390.38410,788,42545.6,96281.99610,0
1762662420000,2.2628,2.2628,2.2607,2.2609,84827.7,1762662479999,191852.58276,608,19851.3,44892.93249,0
1762662480000,2.2608,2.2629,2.2608,2.2629,94626.8,1762662539999,213993.39478,712,76268.0,172480.93300,0
1762662540000,2.2629,2.2643,2.2626,2.2626,172744.6,1762662599999,391001.44120,939,107806.2,244009.13055,0
1762662600000,2.2626,2.2632,2.2621,2.2622,101898.4,1762662659999,230549.47015,718,57309.4,129658.23355,0
1762662660000,2.2623,2.2639,2.2623,2.2631,171698.5,1762662719999,388561.18194,1083,111575.5,252487.82876,0
1762662720000,2.2632,2.2638,2.2625,2.2625,131763.5,1762662779999,298201.75236,537,46697.2,105680.73822,0
1762662780000,2.2624,2.2626,2.2614,2.2615,138169.4,1762662839999,312531.98307,697,51464.1,116412.27914,0
1762662840000,2.2615,2.2617,2.2599,2.2599,184874.1,1762662899999,417939.80794,1061,57620.8,130262.23572,0
1762662900000,2.2599,2.2601,2.2571,2.2572,157746.6,1762662959999,356245.77291,913,50967.4,115073.66632,0
1762662960000,2.2572,2.2597,2.2572,2.2587,254470.2,1762663019999,574703.24435,1460,158995.5,359038.06510,0
1762663020000,2.2586,2.2603,2.2582,2.2591,200705.5,1762663079999,453469.94369,1049,126675.6,286179.24683,0
1762663080000,2.2591,2.2592,2.2557,2.2557,72548.5,1762663139999,163782.01114,990,13087.4,29545.32994,0
1762663140000,2.2557,2.2577,2.2556,2.2575,138892.9,1762663199999,313434.19191,972,61836.9,139535.02658,0
1762663200000,2.2574,2.2579,2.2567,2.2570,105645.0,1762663259999,238484.65392,643,58796.4,132730.52031,0
1762663260000,2.2569,2.2570,2.2536,2.2537,155113.6,1762663319999,349820.55953,1131,45837.5,103368.12366,0
1762663320000,2.2536,2.2539,2.2527,2.2534,152686.1,1762663379999,344055.10955,847,61642.9,138898.36186,0
1762663380000,2.2535,2.2555,2.2535,2.2544,334703.0,1762663439999,754662.30137,1089,211332.7,476461.08369,0
1762663440000,2.2544,2.2551,2.2544,2.2550,75796.7,1762663499999,170909.47471,472,50539.8,113957.68110,0
1762663500000,2.2550,2.2553,2.2530,2.2538,83332.0,1762663559999,187830.93045,759,36914.2,83204.17848,0
1762663560000,2.2539,2.2564,2.2539,2.2555,153356.1,1762663619999,345862.70550,841,79294.4,178831.70645,0
1762663620000,2.2555,2.2565,2.2540,2.2540,97058.0,1762663679999,218917.97995,896,32221.5,72686.61989,0
1762663680000,2.2539,2.2549,2.2533,2.2549,83082.7,1762663739999,187265.85024,558,52295.9,117878.43282,0
1762663740000,2.2549,2.2560,2.2544,2.2560,50297.2,1762663799999,113414.41027,561,34664.9,78166.12770,0
1762663800000,2.2561,2.2583,2.2561,2.2576,136541.6,1762663859999,308223.78891,925,82822.5,186941.73837,0
1762663860000,2.2576,2.2581,2.2571,2.2579,110137.2,1762663919999,248634.24707,868,59793.4,134975.28604,0
1762663920000,2.2579,2.2589,2.2577,2.2579,103077.0,1762663979999,232778.01615,638,49672.9,112166.62931,0
1762663980000,2.2580,2.2586,2.2576,2.2578,82486.9,1762664039999,186262.32359,460,34663.2,78267.02293,0
1762664040000,2.2577,2.2597,2.2571,2.2597,184789.3,1762664099999,417314.91764,954,126932.8,286644.62460,0
1762664100000,2.2596,2.2612,2.2595,2.2602,103940.5,1762664159999,234951.46734,702,51106.1,115532.06673,0
1762664160000,2.2603,2.2612,2.2596,2.2612,63378.8,1762664219999,143250.00325,530,28158.0,63647.11115,0
1762664220000,2.2612,2.2624,2.2604,2.2618,164700.8,1762664279999,372453.58212,1071,72923.8,164924.33508,0
1762664280000,2.2618,2.2618,2.2602,2.2604,103291.2,1762664339999,233543.02082,470,18174.3,41090.67632,0
1762664340000,2.2604,2.2605,2.2599,2.2601,54974.0,1762664399999,124247.66120,339,18561.9,41951.99257,0
1762664400000,2.2601,2.2601,2.2577,2.2582,129753.8,1762664459999,293110.64329,993,50701.8,114517.03469,0
1762664460000,2.2583,2.2583,2.2555,2.2557,108125.8,1762664519999,243995.69112,905,24201.0,54612.97727,0
1762664520000,2.2557,2.2557,2.2525,2.2530,121601.5,1762664579999,274060.85228,917,30448.8,68622.96132,0
1762664580000,2.2530,2.2533,2.2522,2.2526,186848.9,1762664639999,420915.70374,883,115859.6,260995.25854,0
1762664640000,2.2527,2.2537,2.2519,2.2537,207763.1,1762664699999,467993.42155,1078,112054.6,252413.37917,0
1762664700000,2.2538,2.2548,2.2535,2.2540,172660.0,1762664759999,389207.84950,1079,88823.1,200227.45077,0
1762664760000,2.2540,2.2544,2.2530,2.2544,107262.3,1762664819999,241738.47477,921,49332.2,111174.70407,0
1762664820000,2.2545,2.2575,2.2545,2.2566,165173.1,1762664879999,372667.98070,1138,105236.3,237429.94279,0
1762664880000,2.2566,2.2566,2.2538,2.2545,194085.8,1762664939999,437680.29127,1079,74046.4,166987.31950,0
1762664940000,2.2544,2.2569,2.2544,2.2563,80406.6,1762664999999,181374.09568,611,60441.9,136336.09296,0
1762665000000,2.2563,2.2581,2.2563,2.2579,92954.1,1762665059999,209859.10789,697,49101.9,110850.04568,0
1762665060000,2.2579,2.2595,2.2573,2.2591,211930.9,1762665119999,478629.44456,1311,125695.9,283856.85269,0
1762665120000,2.2590,2.2603,2.2559,2.2566,704299.7,1762665179999,1590154.96002,2213,172013.4,388408.97205,0
1762665180000,2.2565,2.2588,2.2559,2.2587,187611.8,1762665239999,423447.75436,1042,120616.6,272250.21947,0
1762665240000,2.2587,2.2600,2.2581,2.2599,131317.1,1762665299999,296675.04592,1035,96725.9,218526.94305,0
1762665300000,2.2600,2.2628,2.2600,2.2621,221539.4,1762665359999,501105.18203,1271,119919.0,271213.63283,0
1762665360000,2.2622,2.2680,2.2622,2.2667,976568.9,1762665419999,2212344.07735,2969,779213.9,1765254.51789,0
1762665420000,2.2667,2.2691,2.2654,2.2655,211142.5,1762665479999,478792.46683,1502,104115.8,236103.00626,0
1762665480000,2.2654,2.2681,2.2651,2.2657,164265.1,1762665539999,372354.49635,1288,81000.5,183593.52390,0
1762665540000,2.2658,2.2670,2.2656,2.2662,69040.5,1762665599999,156463.51216,669,27993.4,63435.42384,0
1762665600000,2.2662,2.2676,2.2662,2.2664,144338.3,1762665659999,327187.12056,824,69033.8,156483.38482,0
1762665660000,2.2663,2.2665,2.2639,2.2652,565225.0,1762665719999,1280255.88985,1709,146941.5,332818.63862,0
1762665720000,2.2652,2.2653,2.2621,2.2634,377433.4,1762665779999,854374.26884,1532,140913.3,318904.73411,0
1762665780000,2.2635,2.2658,2.2634,2.2656,78375.4,1762665839999,177483.40535,580,48143.2,109014.15338,0
1762665840000,2.2656,2.2658,2.2643,2.2645,56945.5,1762665899999,128971.50926,422,31008.8,70232.20038,0
1762665900000,2.2645,2.2657,2.2642,2.2657,89424.3,1762665959999,202523.19167,610,48707.8,110303.97937,0
1762665960000,2.2656,2.2669,2.2647,2.2648,226995.0,1762666019999,514394.73305,892,60482.7,137053.64893,0
1762666020000,2.2647,2.2650,2.2629,2.2645,157004.0,1762666079999,355424.98611,1026,105612.9,239078.66184,0
1762666080000,2.2646,2.2683,2.2645,2.2676,412540.0,1762666139999,935025.66696,1754,300891.9,681977.08205,0
1762666140000,2.2676,2.2699,2.2667,2.2696,383061.8,1762666199999,868964.58510,1345,254634.3,577683.53448,0
1762666200000,2.2696,2.2722,2.2681,2.2685,634920.2,1762666259999,1441543.54973,2470,397420.4,902311.67672,0
1762666260000,2.2686,2.2702,2.2657,2.2699,402971.8,1762666319999,913874.94324,2002,151722.8,344186.40424,0
1762666320000,2.2699,2.2699,2.2663,2.2665,163917.9,1762666379999,371765.96816,968,53401.6,121072.43071,0
1762666380000,2.2664,2.2669,2.2656,2.2657,181728.5,1762666439999,411851.56743,773,50371.9,114158.44789,0
1762666440000,2.2657,2.2661,2.2641,2.2641,256411.1,1762666499999,580779.40370,1043,64145.9,145279.58150,0
1762666500000,2.2641,2.2642,2.2621,2.2622,177562.3,1762666559999,401856.22854,1066,87620.8,198294.54127,0
1762666560000,2.2621,2.2639,2.2613,2.2632,142660.3,1762666619999,322763.19139,1008,75238.6,170212.42328,0
1762666620000,2.2633,2.2653,2.2633,2.2647,72217.3,1762666679999,163563.76300,642,37955.0,85960.87657,0
1762666680000,2.2648,2.2652,2.2644,2.2652,40296.1,1762666739999,91262.07702,395,23354.4,52892.22311,0
1762666740000,2.2652,2.2674,2.2647,2.2660,206915.8,1762666799999,468954.55024,1101,132305.3,299853.58725,0
1762666800000,2.2661,2.2688,2.2660,2.2688,119027.4,1762666859999,269932.92753,886,86891.7,197054.23047,0
1762666860000,2.2688,2.2689,2.2672,2.2673,132184.5,1762666919999,299816.02909,912,50566.0,114704.30546,0
1762666920000,2.2672,2.2687,2.2667,2.2675,79092.0,1762666979999,179329.29961,599,47764.9,108296.77323,0
1762666980000,2.2676,2.2676,2.2662,2.2669,71259.0,1762667039999,161522.44897,536,33278.9,75423.65988,0
1762667040000,2.2670,2.2671,2.2663,2.2665,15130.9,1762667099999,34298.69057,293,5871.5,13309.12137,0
1762667100000,2.2665,2.2678,2.2665,2.2669,123189.5,1762667159999,279311.98302,732,40006.5,90704.71111,0
1762667160000,2.2669,2.2676,2.2658,2.2674,132425.1,1762667219999,300152.94177,623,47475.2,107612.45910,0
1762667220000,2.2674,2.2699,2.2666,2.2692,512595.8,1762667279999,1162570.02803,1049,399490.3,905989.15817,0
1762667280000,2.2693,2.2709,2.2693,2.2702,104423.7,1762667339999,237069.71151,763,51923.8,117877.44758,0
1762667340000,2.2701,2.2711,2.2694,2.2700,213808.6,1762667399999,485366.17808,783,34735.9,78860.30027,0
1762667400000,2.2701,2.2701,2.2680,2.2684,59776.6,1762667459999,135631.13062,645,23725.0,53834.48197,0
1762667460000,2.2685,2.2691,2.2681,2.2688,36328.2,1762667519999,82410.31441,546,18805.7,42661.09163,0
1762667520000,2.2688,2.2697,2.2687,2.2696,52692.5,1762667579999,119563.41234,549,16783.7,38087.55717,0
1762667580000,2.2695,2.2698,2.2690,2.2696,48279.6,1762667639999,109565.32775,551,13953.2,31666.42458,0
1762667640000,2.2696,2.2700,2.2683,2.2684,63670.6,1762667699999,144487.79932,746,21837.7,49563.49646,0
1762667700000,2.2683,2.2695,2.2680,2.2695,65104.2,1762667759999,147684.93098,601,45469.1,103146.99643,0
1762667760000,2.2695,2.2707,2.2693,2.2707,145370.9,1762667819999,329963.00849,852,76536.3,173722.77793,0
1762667820000,2.2707,2.2729,2.2706,2.2725,155231.5,1762667879999,352667.72479,939,122704.5,278774.42389,0
1762667880000,2.2725,2.2729,2.2710,2.2710,69095.7,1762667939999,156999.64125,635,21946.1,49869.39696,0
1762667940000,2.2711,2.2711,2.2695,2.2700,154911.1,1762667999999,351661.89870,855,64466.8,146340.67537,0
1762668000000,2.2700,2.2719,2.2700,2.2711,196637.9,1762668059999,446609.51121,1150,131855.3,299461.00343,0
1762668060000,2.2711,2.2713,2.2697,2.2701,154973.2,1762668119999,351858.24199,954,37926.3,86113.69442,0
1762668120000,2.2701,2.2710,2.2698,2.2704,74441.3,1762668179999,169000.50454,681,53609.0,121702.99990,0
1762668180000,2.2704,2.2717,2.2700,2.2703,93616.2,1762668239999,212565.16038,823,45471.8,103247.64812,0
1762668240000,2.2702,2.2705,2.2676,2.2676,92342.8,1762668299999,209512.83793,1020,14946.0,33921.28821,0
1762668300000,2.2677,2.2683,2.2665,2.2680,157374.9,1762668359999,356821.84419,1212,74698.8,169363.16253,0
1762668360000,2.2681,2.2695,2.2677,2.2691,118133.6,1762668419999,267987.81213,1032,74117.2,168142.47691,0
1762668420000,2.2692,2.2707,2.2690,2.2706,96508.7,1762668479999,219051.29813,661,33710.9,76518.70680,0
1762668480000,2.2707,2.2707,2.2684,2.2689,61871.0,1762668539999,140414.28206,722,19906.4,45161.16044,0
1762668540000,2.2690,2.2706,2.2689,2.2691,144019.1,1762668599999,326905.57369,977,68375.5,155206.48400,0
1762668600000,2.2692,2.2711,2.2691,2.2703,80667.3,1762668659999,183147.96312,737,49644.5,112704.31045,0
1762668660000,2.2704,2.2704,2.2688,2.2693,76309.3,1762668719999,173189.60017,808,37503.8,85101.77963,0
1762668720000,2.2694,2.2696,2.2680,2.2696,120367.7,1762668779999,273085.01111,1014,43094.8,97776.79421,0
1762668780000,2.2697,2.2716,2.2695,2.2716,186490.2,1762668839999,423469.08411,1107,104857.6,238108.31467,0
1762668840000,2.2716,2.2720,2.2713,2.2719,112128.9,1762668899999,254734.52070,497,49193.6,111757.36939,0
1762668900000,2.2719,2.2743,2.2719,2.2728,479644.8,1762668959999,1090365.17909,1882,339654.5,772080.24493,0
1762668960000,2.2728,2.2737,2.2722,2.2737,108688.0,1762669019999,247024.83761,660,57799.1,131368.45031,0
1762669020000,2.2738,2.2766,2.2733,2.2748,230366.5,1762669079999,524125.30088,1232,149807.7,340879.95230,0
1762669080000,2.2749,2.2787,2.2748,2.2780,574896.1,1762669139999,1309254.60534,2023,446139.9,1016024.48293,0
1762669140000,2.2780,2.2792,2.2766,2.2783,383887.7,1762669199999,874477.43361,1741,164501.9,374773.69602,0
1762669200000,2.2783,2.2785,2.2763,2.2764,265871.4,1762669259999,605379.60969,1287,81626.5,185873.37462,0
1762669260000,2.2763,2.2777,2.2760,2.2776,102697.6,1762669319999,233806.17830,706,80301.5,182815.40270,0
1762669320000,2.2777,2.2795,2.2772,2.2777,188624.2,1762669379999,429726.12246,1215,101886.2,232132.03818,0
1762669380000,2.2778,2.2789,2.2771,2.2780,207144.4,1762669439999,471891.23051,978,81024.7,184576.98219,0
1762669440000,2.2781,2.2788,2.2768,2.2787,143310.0,1762669499999,326428.96898,751,59477.8,135487.00838,0
1762669500000,2.2787,2.2799,2.2786,2.2798,184972.0,1762669559999,421589.33377,882,95874.9,218516.46153,0
1762669560000,2.2798,2.2814,2.2788,2.2800,829241.8,1762669619999,1890862.72596,1960,449083.5,1024092.49048,0
1762669620000,2.2801,2.2817,2.2800,2.2817,190250.2,1762669679999,433945.86239,633,101704.8,231989.41543,0
1762669680000,2.2817,2.2818,2.2809,2.2809,259197.6,1762669739999,591357.51649,881,55810.5,127337.83382,0
1762669740000,2.2809,2.2813,2.2804,2.2806,206466.2,1762669799999,470910.82870,695,90499.9,206400.55327,0
1762669800000,2.2805,2.2821,2.2800,2.2811,235965.6,1762669859999,538327.49848,1288,97467.7,222339.98582,0
1762669860000,2.2810,2.2810,2.2788,2.2788,174537.3,1762669919999,397914.50697,867,63124.0,143915.59508,0
1762669920000,2.2789,2.2795,2.2780,2.2781,113671.2,1762669979999,259040.83984,760,69119.0,157518.55467,0
1762669980000,2.2780,2.2792,2.2766,2.2788,230439.2,1762670039999,524811.51794,1092,75840.7,172745.23935,0
1762670040000,2.2788,2.2813,2.2788,2.2808,109876.2,1762670099999,250589.88157,710,57725.2,131647.70392,0
1762670100000,2.2809,2.2830,2.2808,2.2814,252937.3,1762670159999,577305.75293,1254,123208.3,281220.02717,0
1762670160000,2.2815,2.2817,2.2796,2.2812,120894.1,1762670219999,275711.91304,833,50039.5,114126.21075,0
1762670220000,2.2812,2.2832,2.2811,2.2829,141465.1,1762670279999,322896.92334,933,75970.8,173395.76094,0
1762670280000,2.2830,2.2830,2.2823,2.2829,54301.6,1762670339999,123958.70459,365,27224.1,62148.73128,0
1762670340000,2.2830,2.2864,2.2829,2.2844,1444363.5,1762670399999,3299389.34427,2978,943954.0,2156200.90031,0
1762670400000,2.2844,2.2849,2.2827,2.2828,401503.6,1762670459999,917061.58578,1367,100999.0,230686.06482,0
1762670460000,2.2828,2.2861,2.2827,2.2860,479873.5,1762670519999,1095933.34173,1331,390539.4,891870.11424,0
1762670520000,2.2859,2.2860,2.2826,2.2826,131544.0,1762670579999,300512.55200,1099,27318.6,62415.71849,0
1762670580000,2.2827,2.2832,2.2813,2.2813,181488.2,1762670639999,414206.93009,1079,55053.8,125644.03915,0
1762670640000,2.2813,2.2824,2.2806,2.2824,162513.1,1762670699999,370800.62915,1303,77694.5,177277.19834,0
1762670700000,2.2824,2.2832,2.2786,2.2788,194368.0,1762670759999,443392.81432,1401,53682.8,122450.22771,0
1762670760000,2.2788,2.2798,2.2782,2.2784,176627.5,1762670819999,402530.26252,1140,63237.0,144117.13527,0
1762670820000,2.2784,2.2784,2.2772,2.2772,102968.7,1762670879999,234542.39277,714,21938.7,49972.03957,0
1762670880000,2.2772,2.2794,2.2771,2.2786,149278.1,1762670939999,340111.83145,779,92526.0,210790.37974,0
1762670940000,2.2787,2.2788,2.2778,2.2785,78609.7,1762670999999,179094.82394,708,44022.2,100293.70036,0
1762671000000,2.2786,2.2802,2.2782,2.2786,269532.4,1762671059999,614413.92357,959,87644.9,199760.17659,0
1762671060000,2.2786,2.2786,2.2767,2.2767,224721.8,1762671119999,511808.06644,786,76351.7,173882.64943,0
1762671120000,2.2768,2.2772,2.2755,2.2756,250736.9,1762671179999,570767.31539,1166,64005.0,145682.98140,0
1762671180000,2.2756,2.2759,2.2748,2.2748,127840.6,1762671239999,290907.44785,604,60131.5,136835.65691,0
1762671240000,2.2747,2.2755,2.2742,2.2750,327254.7,1762671299999,744443.86613,1025,136089.7,309579.50113,0
1762671300000,2.2750,2.2764,2.2748,2.2748,138284.4,1762671359999,314665.24400,730,80182.7,182462.81750,0
1762671360000,2.2749,2.2760,2.2749,2.2751,123029.2,1762671419999,279931.94124,728,42721.5,97202.28274,0
1762671420000,2.2751,2.2767,2.2748,2.2767,71692.6,1762671479999,163136.20350,443,52372.1,119173.74280,0
1762671480000,2.2766,2.2770,2.2758,2.2770,101334.2,1762671539999,230675.11328,554,74366.5,169282.68198,0
1762671540000,2.2769,2.2788,2.2769,2.2784,112718.1,1762671599999,256777.00721,661,94630.0,215566.81977,0
1762671600000,2.2783,2.2794,2.2782,2.2787,165102.4,1762671659999,376235.88225,777,100466.7,228930.35290,0
1762671660000,2.2787,2.2787,2.2776,2.2781,127833.7,1762671719999,291239.66928,883,31012.3,70652.40354,0
1762671720000,2.2781,2.2794,2.2772,2.2794,82796.6,1762671779999,188605.79807,775,45819.4,104377.59824,0
1762671780000,2.2794,2.2820,2.2794,2.2813,232029.3,1762671839999,529176.47536,1266,87160.9,198788.57390,0
1762671840000,2.2813,2.2830,2.2810,2.2829,299034.8,1762671899999,682343.76205,1318,154743.2,353104.21167,0
1762671900000,2.2830,2.2840,2.2813,2.2839,202863.6,1762671959999,463064.50506,1240,127193.2,290343.18613,0
1762671960000,2.2839,2.2855,2.2836,2.2850,194952.3,1762672019999,445403.80815,944,94948.8,216930.14386,0
1762672020000,2.2849,2.2854,2.2824,2.2833,264825.2,1762672079999,604867.45657,1508,99153.9,226506.23161,0
1762672080000,2.2833,2.2847,2.2830,2.2846,160453.2,1762672139999,366429.09236,969,55199.3,126057.04388,0
1762672140000,2.2847,2.2852,2.2836,2.2842,197324.9,1762672199999,450724.21890,1410,96331.6,220035.72437,0
1762672200000,2.2841,2.2852,2.2840,2.2845,206065.9,1762672259999,470778.11543,1210,74309.3,169758.24445,0
1762672260000,2.2844,2.2852,2.2844,2.2852,104268.0,1762672319999,238232.25752,921,44891.8,102568.67390,0
1762672320000,2.2852,2.2862,2.2850,2.2861,127528.8,1762672379999,291450.21033,900,81084.0,185312.72081,0
1762672380000,2.2862,2.2865,2.2853,2.2854,231759.3,1762672439999,529802.20873,915,105241.2,240574.01734,0
1762672440000,2.2853,2.2864,2.2848,2.2857,137625.7,1762672499999,314561.93604,972,54582.3,124744.75363,0
1762672500000,2.2858,2.2867,2.2837,2.2839,391836.8,1762672559999,895431.30532,1833,112348.1,256732.35918,0
1762672560000,2.2839,2.2865,2.2839,2.2839,468556.2,1762672619999,1070495.71464,1428,373818.6,853950.87400,0
1762672620000,2.2839,2.2852,2.2830,2.2851,116414.4,1762672679999,265900.22469,763,32625.2,74518.92451,0
1762672680000,2.2851,2.2860,2.2838,2.2842,189780.2,1762672739999,433639.26092,1040,121931.1,278612.88852,0
1762672740000,2.2843,2.2851,2.2840,2.2847,85457.1,1762672799999,195239.51401,874,53744.9,122787.04812,0
1762672800000,2.2847,2.2848,2.2837,2.2846,140132.4,1762672859999,320093.60389,836,90055.9,205706.94322,0
1762672860000,2.2847,2.2847,2.2825,2.2845,129202.6,1762672919999,295075.39129,1070,37895.8,86538.07472,0
1762672920000,2.2845,2.2845,2.2828,2.2837,95777.6,1762672979999,218729.47893,816,47023.8,107382.54475,0
1762672980000,2.2837,2.2847,2.2821,2.2847,270138.4,1762673039999,616782.85208,1235,99207.7,226507.15041,0
1762673040000,2.2847,2.2847,2.2839,2.2845,104989.1,1762673099999,239825.74049,622,43204.2,98690.09893,0
1762673100000,2.2845,2.2859,2.2841,2.2859,100765.2,1762673159999,230258.09780,742,73885.8,168841.09830,0
1762673160000,2.2859,2.2885,2.2859,2.2876,517258.5,1762673219999,1183321.39871,2205,345290.3,789881.15973,0
1762673220000,2.2875,2.2884,2.2872,2.2883,161479.3,1762673279999,369449.51822,987,104900.8,240000.57086,0
1762673280000,2.2883,2.2888,2.2866,2.2866,414587.1,1762673339999,948520.48456,1825,133378.4,305167.37482,0
1762673340000,2.2867,2.2877,2.2866,2.2877,89519.0,1762673399999,204746.00642,700,62736.2,143493.73805,0
1762673400000,2.2877,2.2926,2.2876,2.2915,925117.6,1762673459999,2119408.22056,2809,717893.5,1644625.85416,0
1762673460000,2.2915,2.2931,2.2913,2.2926,428012.0,1762673519999,981238.80301,1217,168638.5,386572.36278,0
1762673520000,2.2927,2.2944,2.2927,2.2944,545044.7,1762673579999,1250052.35337,1572,302820.9,694534.72154,0
1762673580000,2.2944,2.2954,2.2943,2.2945,310472.8,1762673639999,712481.88627,1223,154879.0,355412.79217,0
1762673640000,2.2946,2.2979,2.2935,2.2947,1353131.3,1762673699999,3106050.46820,3080,1013186.8,2325651.42983,0
1762673700000,2.2947,2.2950,2.2937,2.2941,306056.8,1762673759999,702247.95814,1100,122003.2,279931.35121,0
1762673760000,2.2941,2.2941,2.2929,2.2935,243879.0,1762673819999,559333.22762,1143,104940.0,240676.26523,0
1762673820000,2.2935,2.2936,2.2915,2.2933,285604.1,1762673879999,654815.02397,1339,96410.7,221038.06491,0
1762673880000,2.2933,2.2939,2.2926,2.2929,194086.8,1762673939999,445123.82742,900,47104.5,108035.68305,0
1762673940000,2.2929,2.2954,2.2928,2.2938,357006.7,1762673999999,818931.12112,1926,165572.8,379795.73903,0
1762674000000,2.2939,2.2964,2.2937,2.2941,247023.4,1762674059999,566999.89340,1311,126670.3,290743.45263,0
1762674060000,2.2942,2.2942,2.2930,2.2933,170564.5,1762674119999,391223.05780,982,76886.0,176355.52548,0
1762674120000,2.2933,2.2945,2.2930,2.2937,132390.1,1762674179999,303665.08847,950,45311.6,103928.65448,0
1762674180000,2.2938,2.2938,2.2920,2.2924,169766.3,1762674239999,389230.62104,901,26052.1,59735.66415,0
1762674240000,2.2925,2.2940,2.2924,2.2938,116859.9,1762674299999,268003.42754,963,67215.5,154147.42652,0
1762674300000,2.2939,2.2952,2.2920,2.2920,142799.1,1762674359999,327607.30611,892,50048.9,114836.09773,0
1762674360000,2.2921,2.2937,2.2921,2.2926,193467.7,1762674419999,443592.13813,1049,79643.6,182587.99493,0
1762674420000,2.2926,2.2933,2.2920,2.2928,145016.3,1762674479999,332471.93163,644,53684.0,123074.28291,0
1762674480000,2.2929,2.2949,2.2928,2.2945,97268.7,1762674539999,223159.84222,662,51870.3,118999.78010,0
1762674540000,2.2945,2.2945,2.2929,2.2938,118229.4,1762674599999,271173.44093,811,40779.0,93517.05843,0
1762674600000,2.2939,2.2943,2.2912,2.2927,160911.2,1762674659999,368918.20971,1076,83791.9,192087.10406,0
1762674660000,2.2927,2.2956,2.2927,2.2941,277549.5,1762674719999,636807.88804,1342,161250.5,369962.36164,0
1762674720000,2.2941,2.2949,2.2930,2.2930,145279.6,1762674779999,333269.04886,1025,86502.7,198436.42917,0
1762674780000,2.2931,2.2932,2.2921,2.2925,78942.8,1762674839999,180994.21772,728,35101.0,80473.40670,0
1762674840000,2.2925,2.2960,2.2925,2.2946,545129.1,1762674899999,1250911.12080,1804,434921.3,997964.51679,0
1762674900000,2.2946,2.2946,2.2928,2.2939,218747.3,1762674959999,501683.47991,1217,59183.3,135731.03826,0
1762674960000,2.2940,2.2948,2.2929,2.2943,192376.6,1762675019999,441317.40828,1236,113956.1,261405.14427,0
1762675020000,2.2943,2.2948,2.2940,2.2948,137501.4,1762675079999,315463.25467,765,63143.2,144873.41149,0
1762675080000,2.2947,2.2962,2.2934,2.2944,267916.4,1762675139999,614928.07243,1319,133329.7,306021.08811,0
1762675140000,2.2944,2.2951,2.2941,2.2945,65715.3,1762675199999,150788.10761,620,36218.7,83103.68432,0
1762675200000,2.2945,2.2950,2.2937,2.2950,294808.6,1762675259999,676385.75901,1176,222864.5,511336.50363,0
1762675260000,2.2949,2.2950,2.2919,2.2919,203466.8,1762675319999,466720.08093,996,46976.3,107737.11608,0
1762675320000,2.2919,2.2929,2.2915,2.2918,182260.7,1762675379999,417766.56949,1040,81983.2,187921.09930,0
1762675380000,2.2919,2.2919,2.2887,2.2896,419203.6,1762675439999,959924.00840,1821,70493.8,161419.68644,0
1762675440000,2.2896,2.2904,2.2886,2.2901,234853.7,1762675499999,537738.46087,1055,113930.8,260879.42568,0
1762675500000,2.2901,2.2904,2.2888,2.2895,212240.2,1762675559999,485964.41602,730,57940.7,132650.64668,0
1762675560000,2.2894,2.2900,2.2894,2.2895,129967.0,1762675619999,297588.66409,575,74814.6,171310.44520,0
1762675620000,2.2895,2.2895,2.2873,2.2892,303251.8,1762675679999,693971.62110,1256,95994.0,219687.39912,0
1762675680000,2.2892,2.2906,2.2887,2.2905,282890.2,1762675739999,647735.63399,993,143725.6,329096.06322,0
1762675740000,2.2905,2.2908,2.2893,2.2901,146233.0,1762675799999,334886.66153,801,48564.1,111205.42039,0
1762675800000,2.2901,2.2902,2.2892,2.2900,131593.9,1762675859999,301331.30130,754,50195.3,114932.30848,0
1762675860000,2.2901,2.2910,2.2898,2.2903,153197.8,1762675919999,350891.80364,1024,77549.5,177625.44805,0
1762675920000,2.2902,2.2918,2.2902,2.2916,151667.3,1762675979999,347455.24120,910,100470.4,230173.47815,0
1762675980000,2.2916,2.2932,2.2913,2.2932,109954.4,1762676039999,252040.83322,636,96467.9,221129.52626,0
1762676040000,2.2933,2.2939,2.2931,2.2932,137697.7,1762676099999,315793.39318,707,78252.7,179462.59112,0
1762676100000,2.2932,2.2933,2.2907,2.2907,223060.0,1762676159999,511293.61595,922,31072.7,71232.64780,0
1762676160000,2.2907,2.2909,2.2891,2.2895,182279.3,1762676219999,417403.36945,883,75595.3,173094.14974,0
1762676220000,2.2896,2.2914,2.2895,2.2903,170985.9,1762676279999,391653.27050,938,72430.0,165900.72219,0
1762676280000,2.2904,2.2912,2.2897,2.2900,106756.3,1762676339999,244524.36618,657,30645.3,70191.68214,0
1762676340000,2.2900,2.2911,2.2897,2.2901,338800.6,1762676399999,775934.05900,782,277872.1,636380.83149,0
1762676400000,2.2901,2.2901,2.2873,2.2875,161163.3,1762676459999,368810.33162,1074,82923.4,189746.08305,0
1762676460000,2.2876,2.2878,2.2843,2.2852,511144.5,1762676519999,1168424.08436,2033,93700.3,214190.10460,0
1762676520000,2.2852,2.2858,2.2844,2.2847,238833.1,1762676579999,545735.42758,1203,98024.9,224001.72467,0
1762676580000,2.2847,2.2858,2.2836,2.2857,213785.4,1762676639999,488375.20539,1103,109692.9,250588.84556,0
1762676640000,2.2857,2.2867,2.2843,2.2850,309536.7,1762676699999,707459.78942,1334,104158.5,238054.05274,0
1762676700000,2.2851,2.2852,2.2834,2.2836,157612.2,1762676759999,359986.28057,837,75812.4,173145.10802,0
1762676760000,2.2835,2.2844,2.2835,2.2842,81538.2,1762676819999,186221.39713,777,43629.6,99641.83629,0
1762676820000,2.2841,2.2856,2.2841,2.2856,95953.9,1762676879999,219225.52469,490,65463.4,149574.05574,0
1762676880000,2.2856,2.2856,2.2825,2.2825,335996.5,1762676939999,767309.20441,950,21151.8,48316.80509,0
1762676940000,2.2825,2.2827,2.2810,2.2818,259425.1,1762676999999,591957.19921,1360,93121.6,212483.88866,0
1762677000000,2.2818,2.2857,2.2817,2.2857,551530.7,1762677059999,1259481.15632,1920,424884.9,970246.47347,0
1762677060000,2.2856,2.2871,2.2850,2.2854,166740.5,1762677119999,381197.99459,959,55526.7,126944.67645,0
1762677120000,2.2854,2.2875,2.2854,2.2860,180866.2,1762677179999,413505.80533,1123,107700.2,246218.01801,0
1762677180000,2.2860,2.2860,2.2837,2.2840,169362.9,1762677239999,386965.31997,787,45316.4,103543.50325,0
1762677240000,2.2840,2.2840,2.2816,2.2824,67024.8,1762677299999,152979.79305,676,32163.5,73406.63265,0
1762677300000,2.2823,2.2823,2.2801,2.2801,237037.7,1762677359999,540762.42344,1328,87909.3,200541.37806,0
1762677360000,2.2802,2.2823,2.2792,2.2812,273843.1,1762677419999,624466.23020,1331,154582.0,352509.22777,0
1762677420000,2.2813,2.2813,2.2787,2.2795,129999.7,1762677479999,296350.03486,861,39253.3,89476.29637,0
1762677480000,2.2795,2.2803,2.2790,2.2791,104907.8,1762677539999,239137.55747,773,53073.5,120982.70113,0
1762677540000,2.2791,2.2791,2.2765,2.2774,221445.6,1762677599999,504318.22215,983,93749.1,213486.90087,0
1762677600000,2.2775,2.2811,2.2774,2.2804,229524.6,1762677659999,523212.00007,1084,170761.0,389243.49973,0
1762677660000,2.2805,2.2810,2.2799,2.2802,108886.3,1762677719999,248309.44042,612,33526.9,76456.21396,0
1762677720000,2.2802,2.2802,2.2779,2.2782,330960.0,1762677779999,754368.36790,991,85962.2,195890.27924,0
1762677780000,2.2782,2.2806,2.2781,2.2805,214019.9,1762677839999,487871.12788,854,149535.3,340876.65182,0
1762677840000,2.2806,2.2816,2.2804,2.2809,152677.1,1762677899999,348228.66356,1000,99679.7,227344.30257,0
1762677900000,2.2810,2.2810,2.2796,2.2807,85511.7,1762677959999,195009.88656,714,54121.0,123425.10937,0
1762677960000,2.2808,2.2808,2.2778,2.2783,79614.0,1762678019999,181471.00693,729,26607.7,60653.68943,0
1762678020000,2.2783,2.2787,2.2765,2.2781,313812.6,1762678079999,714688.78648,1273,215840.8,491571.40867,0
1762678080000,2.2781,2.2789,2.2769,2.2770,50252.7,1762678139999,114474.62460,465,17091.5,38935.83581,0
1762678140000,2.2770,2.2774,2.2741,2.2758,627218.4,1762678199999,1427064.32884,2166,144152.5,328041.60375,0
1762678200000,2.2759,2.2767,2.2749,2.2753,268933.2,1762678259999,612037.49637,966,130829.4,297737.54392,0
1762678260000,2.2753,2.2762,2.2744,2.2755,183130.1,1762678319999,416688.28360,940,120580.6,274363.30522,0
1762678320000,2.2756,2.2769,2.2755,2.2768,120026.5,1762678379999,273218.04606,542,98394.9,223978.25917,0
1762678380000,2.2769,2.2769,2.2758,2.2764,70206.8,1762678439999,159821.49784,564,23977.8,54583.25714,0
1762678440000,2.2764,2.2766,2.2752,2.2758,79118.8,1762678499999,180057.64255,632,53338.4,121387.89848,0
1762678500000,2.2757,2.2778,2.2752,2.2763,117601.3,1762678559999,267738.41959,902,81293.0,185074.17471,0
1762678560000,2.2762,2.2779,2.2762,2.2778,66849.4,1762678619999,152218.36325,622,51961.3,118316.14496,0
1762678620000,2.2777,2.2778,2.2752,2.2763,140460.8,1762678679999,319752.53092,778,59408.0,135235.66612,0
1762678680000,2.2764,2.2773,2.2763,2.2773,40095.5,1762678739999,91289.01558,310,36796.7,83779.11708,0
1762678740000,2.2773,2.2797,2.2770,2.2797,136381.6,1762678799999,310749.80692,724,104217.5,237477.39858,0
1762678800000,2.2797,2.2824,2.2796,2.2816,313446.6,1762678859999,715109.08234,1416,199893.4,456035.09638,0
1762678860000,2.2815,2.2825,2.2810,2.2825,154372.9,1762678919999,352260.27457,872,103873.4,237040.15878,0
1762678920000,2.2824,2.2846,2.2822,2.2832,190903.5,1762678979999,435966.35097,1038,88819.7,202817.57191,0
1762678980000,2.2831,2.2841,2.2830,2.2841,124095.1,1762679039999,283378.72300,906,79721.8,182049.32143,0
1762679040000,2.2841,2.2841,2.2817,2.2834,166588.8,1762679099999,380305.78306,1220,62536.4,142772.98134,0
1762679100000,2.2834,2.2839,2.2828,2.2838,134081.9,1762679159999,306168.27628,794,86758.8,198111.22590,0
1762679160000,2.2839,2.2845,2.2819,2.2819,187294.1,1762679219999,427712.83008,973,65902.8,150498.97535,0
1762679220000,2.2819,2.2846,2.2818,2.2844,104403.7,1762679279999,238361.55280,849,75750.1,172935.48251,0
1762679280000,2.2844,2.2850,2.2838,2.2847,159629.4,1762679339999,364684.40074,1051,105683.2,241442.97818,0
1762679340000,2.2847,2.2872,2.2842,2.2845,342278.4,1762679399999,782306.83644,1430,177263.8,405149.10968,0
1762679400000,2.2844,2.2849,2.2838,2.2843,123670.0,1762679459999,282509.66768,853,63455.7,144957.42773,0
1762679460000,2.2842,2.2866,2.2842,2.2862,117450.0,1762679519999,268444.16943,859,70012.0,160020.71876,0
1762679520000,2.2861,2.2879,2.2860,2.2863,560269.6,1762679579999,1281223.13399,1528,344378.5,787505.04771,0
1762679580000,2.2862,2.2871,2.2858,2.2860,180945.7,1762679639999,413712.31588,1043,81593.4,186555.41028,0
1762679640000,2.2860,2.2860,2.2834,2.2844,121986.0,1762679699999,278699.18045,939,39758.4,90827.62984,0
1762679700000,2.2844,2.2858,2.2844,2.2854,155820.6,1762679759999,356086.52454,872,100979.1,230749.18646,0
1762679760000,2.2853,2.2854,2.2837,2.2844,170907.8,1762679819999,390444.25980,1056,79955.8,182649.70859,0
1762679820000,2.2844,2.2868,2.2834,2.2859,128898.2,1762679879999,294525.28327,984,87116.3,199067.52173,0
1762679880000,2.2860,2.2877,2.2856,2.2875,90396.1,1762679939999,206682.64626,665,50984.5,116581.04085,0
1762679940000,2.2874,2.2886,2.2874,2.2880,164284.1,1762679999999,375898.98905,815,68666.8,157116.24317,0
1762680000000,2.2881,2.2897,2.2870,2.2870,251238.7,1762680059999,575045.65726,989,141757.6,324500.77088,0
1762680060000,2.2870,2.2884,2.2867,2.2882,137520.6,1762680119999,314598.03200,796,94344.5,215827.17421,0
1762680120000,2.2882,2.2882,2.2856,2.2874,178528.3,1762680179999,408290.90036,980,79578.8,182008.40739,0
1762680180000,2.2873,2.2881,2.2873,2.2880,110725.8,1762680239999,253310.72455,715,69736.4,159536.17133,0
1762680240000,2.2881,2.2898,2.2881,2.2890,188277.1,1762680299999,431053.20245,718,95163.8,217869.83508,0
1762680300000,2.2890,2.2890,2.2865,2.2866,116301.6,1762680359999,266054.48570,820,23725.5,54265.58013,0
1762680360000,2.2866,2.2866,2.2832,2.2833,153072.2,1762680419999,349707.93059,1003,42175.6,96337.08167,0
1762680420000,2.2833,2.2839,2.2813,2.2821,308876.4,1762680479999,705065.08397,1388,159418.5,363941.94411,0
1762680480000,2.2821,2.2826,2.2814,2.2821,99405.8,1762680539999,226845.80882,604,39571.5,90301.92382,0
1762680540000,2.2821,2.2821,2.2807,2.2814,219066.4,1762680599999,499762.91429,997,60026.4,136942.86657,0
1762680600000,2.2814,2.2822,2.2804,2.2820,269687.3,1762680659999,615343.78027,1151,185120.2,422399.83150,0
1762680660000,2.2821,2.2822,2.2799,2.2813,683583.1,1762680719999,1559387.35254,1679,481912.2,1099375.15560,0
1762680720000,2.2814,2.2831,2.2807,2.2822,320610.8,1762680779999,731697.68119,1114,117870.6,268954.78920,0
1762680780000,2.2823,2.2827,2.2787,2.2788,140009.9,1762680839999,319342.72768,940,27979.8,63837.59450,0
1762680840000,2.2787,2.2788,2.2776,2.2785,277302.8,1762680899999,631724.08037,994,160511.9,365650.04213,0
1762680900000,2.2785,2.2798,2.2782,2.2797,165766.9,1762680959999,377786.84885,716,114409.7,260741.47478,0
1762680960000,2.2798,2.2810,2.2788,2.2794,229337.0,1762681019999,522902.49783,821,128241.2,292423.12276,0
1762681020000,2.2794,2.2794,2.2756,2.2776,274734.4,1762681079999,625756.01074,1406,73693.6,167776.42600,0
1762681080000,2.2775,2.2789,2.2772,2.2789,56344.4,1762681139999,128354.84977,419,41522.8,94597.71158,0
1762681140000,2.2788,2.2807,2.2788,2.2792,100369.3,1762681199999,228829.13025,565,39451.8,89932.67662,0
1762681200000,2.2792,2.2802,2.2792,2.2792,125816.6,1762681259999,286831.65627,603,47093.1,107357.10979,0
1762681260000,2.2793,2.2793,2.2778,2.2785,120705.0,1762681319999,275028.11668,663,53015.1,120790.59850,0
1762681320000,2.2786,2.2790,2.2778,2.2779,83255.2,1762681379999,189704.60183,586,60255.3,137302.30217,0
1762681380000,2.2779,2.2784,2.2768,2.2771,197830.3,1762681439999,450580.45796,848,97359.9,221747.65682,0
1762681440000,2.2772,2.2772,2.2761,2.2768,185590.0,1762681499999,422527.72447,956,90264.6,205497.23448,0
1762681500000,2.2769,2.2771,2.2741,2.2760,295737.0,1762681559999,672915.35626,1547,118793.9,270284.55208,0
1762681560000,2.2761,2.2775,2.2759,2.2767,155664.0,1762681619999,354414.24210,938,94797.6,215828.32988,0
1762681620000,2.2767,2.2769,2.2724,2.2733,252002.7,1762681679999,573050.61553,1176,57115.7,129852.77590,0
1762681680000,2.2734,2.2743,2.2715,2.2715,378712.3,1762681739999,860746.38379,1407,70906.5,161182.11976,0
1762681740000,2.2715,2.2740,2.2714,2.2737,285478.3,1762681799999,648770.08262,924,188916.7,429307.65534,0
1762681800000,2.2737,2.2741,2.2731,2.2732,109152.7,1762681859999,248174.12191,615,47150.8,107203.08519,0
1762681860000,2.2732,2.2735,2.2717,2.2733,464996.7,1762681919999,1056734.36412,936,60076.2,136522.89550,0
1762681920000,2.2734,2.2734,2.2697,2.2701,545775.5,1762681979999,1239287.46166,1717,141030.7,320256.60667,0
1762681980000,2.2701,2.2710,2.2695,2.2702,232900.5,1762682039999,528711.56644,937,130642.4,296570.57005,0
1762682040000,2.2702,2.2708,2.2694,2.2704,203237.4,1762682099999,461329.79486,853,88017.5,199789.24201,0
1762682100000,2.2704,2.2709,2.2690,2.2696,232729.8,1762682159999,528257.61523,914,76384.5,173381.46973,0
1762682160000,2.2696,2.2696,2.2674,2.2683,347429.5,1762682219999,788034.01665,1665,208348.6,472567.50330,0
1762682220000,2.2684,2.2706,2.2684,2.2693,219619.7,1762682279999,498434.29902,1089,162533.4,368888.31514,0
1762682280000,2.2693,2.2696,2.2687,2.2694,154397.3,1762682339999,350332.52897,771,83248.4,188897.09551,0
1762682340000,2.2695,2.2703,2.2678,2.2681,228427.5,1762682399999,518342.02514,1182,72391.0,164264.45934,0
1762682400000,2.2681,2.2683,2.2626,2.2645,763392.3,1762682459999,1729225.19658,2805,193068.1,437285.69004,0
1762682460000,2.2645,2.2645,2.2588,2.2596,891818.0,1762682519999,2016294.16367,3430,219727.4,496826.00348,0
1762682520000,2.2596,2.2627,2.2595,2.2621,313110.6,1762682579999,708086.18357,1647,178130.0,402819.36967,0
1762682580000,2.2621,2.2623,2.2599,2.2609,284626.1,1762682639999,643656.93989,1328,74977.8,169522.14447,0
1762682640000,2.2610,2.2634,2.2605,2.2624,378867.9,1762682699999,857145.07770,1904,142706.7,322819.59663,0
1762682700000,2.2624,2.2624,2.2585,2.2605,328905.4,1762682759999,743481.00515,1677,174449.9,394346.79306,0
1762682760000,2.2605,2.2621,2.2586,2.2587,234808.6,1762682819999,530748.10835,1383,101482.1,229407.60835,0
1762682820000,2.2587,2.2595,2.2560,2.2588,684595.6,1762682879999,1545439.14555,2779,224061.7,505859.57274,0
1762682880000,2.2588,2.2609,2.2587,2.2605,300605.4,1762682939999,679403.61860,1329,215794.7,487709.64933,0
1762682940000,2.2605,2.2608,2.2581,2.2589,287098.7,1762682999999,648679.24370,1352,162416.5,366926.58939,0
1762683000000,2.2588,2.2605,2.2580,2.2602,369941.7,1762683059999,835640.18991,1542,255400.9,576912.72523,0
1762683060000,2.2602,2.2604,2.2578,2.2579,210027.4,1762683119999,474459.90082,1245,77226.1,174442.12412,0
1762683120000,2.2579,2.2583,2.2560,2.2560,273871.8,1762683179999,618188.89894,1660,94104.4,212449.32309,0
1762683180000,2.2561,2.2583,2.2559,2.2581,260337.6,1762683239999,587531.69968,1306,163637.4,369297.71372,0
1762683240000,2.2581,2.2587,2.2574,2.2585,197581.9,1762683299999,446161.80233,1081,76412.9,172549.58460,0
1762683300000,2.2585,2.2626,2.2585,2.2624,390286.7,1762683359999,882298.64583,1586,290962.6,657735.76001,0
1762683360000,2.2624,2.2629,2.2605,2.2606,268179.6,1762683419999,606560.88940,1271,116849.8,264296.03646,0
1762683420000,2.2607,2.2612,2.2593,2.2596,297285.3,1762683479999,671972.71358,1387,121126.6,273791.96886,0
1762683480000,2.2596,2.2600,2.2583,2.2600,400548.0,1762683539999,904894.69101,1720,183059.7,413556.75175,0
1762683540000,2.2600,2.2609,2.2586,2.2596,238823.8,1762683599999,539657.90722,1347,141166.3,318976.64770,0
1762683600000,2.2596,2.2608,2.2567,2.2581,215942.7,1762683659999,487753.30608,1149,77845.2,175835.06625,0
1762683660000,2.2582,2.2597,2.2570,2.2570,234146.3,1762683719999,528820.73023,1190,115249.9,260321.06468,0
1762683720000,2.2570,2.2600,2.2565,2.2594,299898.5,1762683779999,677252.97171,1176,214538.5,484470.37587,0
1762683780000,2.2595,2.2617,2.2580,2.2609,248399.7,1762683839999,561452.65090,1260,82845.5,187241.50432,0
1762683840000,2.2610,2.2645,2.2610,2.2644,379082.8,1762683899999,857870.26070,1593,296200.6,670262.14459,0
1762683900000,2.2644,2.2645,2.2629,2.2632,474952.1,1762683959999,1075177.22191,1383,239694.4,542618.35363,0
1762683960000,2.2632,2.2633,2.2613,2.2631,297028.1,1762684019999,671989.63767,1267,92769.5,209858.81777,0
1762684020000,2.2630,2.2648,2.2628,2.2648,279714.8,1762684079999,633236.67282,1044,143956.6,325897.04442,0
1762684080000,2.2648,2.2657,2.2631,2.2631,194234.3,1762684139999,439847.89750,983,55777.6,126331.57565,0
1762684140000,2.2631,2.2652,2.2630,2.2630,160639.2,1762684199999,363665.11124,983,55000.2,124518.57978,0
1762684200000,2.2629,2.2641,2.2625,2.2625,151387.0,1762684259999,342616.73469,964,58967.2,133458.45306,0
1762684260000,2.2625,2.2625,2.2599,2.2614,185923.5,1762684319999,420390.00258,936,43800.0,99019.30815,0
1762684320000,2.2614,2.2614,2.2591,2.2599,164706.8,1762684379999,372184.97322,1167,73025.0,165007.97155,0
1762684380000,2.2600,2.2602,2.2553,2.2567,376694.4,1762684439999,850216.66089,1831,197331.3,445309.98347,0
1762684440000,2.2568,2.2568,2.2536,2.2545,525365.2,1762684499999,1184409.26597,2050,162802.2,367019.39012,0
1762684500000,2.2545,2.2545,2.2515,2.2527,765189.6,1762684559999,1723748.21149,2555,418151.7,941942.59475,0
1762684560000,2.2528,2.2540,2.2527,2.2530,223491.1,1762684619999,503612.43344,926,145078.9,326922.41382,0
1762684620000,2.2531,2.2539,2.2524,2.2536,176940.2,1762684679999,398658.74777,1007,95279.1,214666.45069,0
1762684680000,2.2536,2.2566,2.2536,2.2559,289520.2,1762684739999,652913.63751,1265,185487.2,418279.73488,0
1762684740000,2.2560,2.2560,2.2546,2.2557,164917.5,1762684799999,371948.94555,761,106668.9,240576.64467,0
1762684800000,2.2558,2.2593,2.2558,2.2590,279873.5,1762684859999,632005.85428,1604,166205.7,375285.10809,0
1762684860000,2.2590,2.2590,2.2574,2.2581,243606.4,1762684919999,550051.80187,911,142074.7,320779.28626,0
1762684920000,2.2580,2.2598,2.2575,2.2591,387845.4,1762684979999,876020.61673,1250,293989.7,664022.85088,0
1762684980000,2.2590,2.2599,2.2584,2.2593,181741.3,1762685039999,410601.28300,781,82482.7,186358.09573,0
1762685040000,2.2592,2.2602,2.2580,2.2597,375291.5,1762685099999,847907.64252,1451,124858.4,282099.76993,0
1762685100000,2.2597,2.2609,2.2592,2.2609,154987.6,1762685159999,350309.06875,1055,91876.2,207675.19700,0
1762685160000,2.2610,2.2626,2.2609,2.2617,217048.2,1762685219999,490883.77882,1130,109549.8,247751.26214,0
1762685220000,2.2618,2.2643,2.2610,2.2639,235279.9,1762685279999,532323.92650,1060,97377.8,220334.60931,0
1762685280000,2.2638,2.2652,2.2618,2.2622,331926.5,1762685339999,751449.96193,1556,146739.6,332209.22842,0
1762685340000,2.2622,2.2647,2.2620,2.2642,130149.0,1762685399999,294599.71040,798,65151.1,147474.48382,0
1762685400000,2.2642,2.2649,2.2623,2.2634,207089.8,1762685459999,468779.44270,1027,64350.1,145679.97300,0
1762685460000,2.2635,2.2640,2.2616,2.2637,655425.1,1762685519999,1482932.11576,1959,273362.5,618510.45661,0
1762685520000,2.2636,2.2652,2.2633,2.2636,462456.8,1762685579999,1047272.89763,1390,192984.4,437036.76610,0
1762685580000,2.2636,2.2643,2.2625,2.2626,173478.4,1762685639999,392605.26202,1079,55665.8,125979.81525,0
1762685640000,2.2626,2.2632,2.2613,2.2614,438049.0,1762685699999,991096.97330,1377,186598.6,422179.56710,0
1762685700000,2.2613,2.2615,2.2602,2.2608,234333.7,1762685759999,529781.77044,843,121536.3,274772.49596,0
1762685760000,2.2608,2.2616,2.2594,2.2604,408544.2,1762685819999,923494.69646,1256,183380.4,414478.34242,0
1762685820000,2.2604,2.2624,2.2604,2.2622,91133.6,1762685879999,206124.58943,609,57003.1,128917.87523,0
1762685880000,2.2622,2.2629,2.2612,2.2620,200984.9,1762685939999,454678.89437,907,75097.2,169887.71494,0
1762685940000,2.2620,2.2655,2.2620,2.2653,123420.8,1762685999999,279389.85979,799,89559.7,202749.73376,0
1762686000000,2.2654,2.2680,2.2644,2.2673,618755.5,1762686059999,1402300.50023,2626,277902.3,629883.92135,0
1762686060000,2.2673,2.2714,2.2673,2.2692,539834.3,1762686119999,1225523.80979,2347,304547.5,691312.84291,0
1762686120000,2.2692,2.2697,2.2675,2.2690,340179.2,1762686179999,771720.32728,1513,129803.6,294446.31292,0
1762686180000,2.2689,2.2723,2.2689,2.2718,504084.9,1762686239999,1144765.54105,2255,222922.6,506274.41712,0
1762686240000,2.2717,2.2745,2.2711,2.2745,936879.6,1762686299999,2129927.95830,2554,564339.1,1283030.70423,0
1762686300000,2.2745,2.2745,2.2716,2.2730,510197.9,1762686359999,1159841.89094,2026,231855.2,527066.22012,0
1762686360000,2.2730,2.2731,2.2699,2.2722,292767.6,1762686419999,665031.47763,1574,79060.2,179579.54525,0
1762686420000,2.2722,2.2757,2.2700,2.2701,620130.8,1762686479999,1409602.12171,3008,200738.2,456381.14623,0
1762686480000,2.2701,2.2746,2.2701,2.2738,244909.2,1762686539999,556744.11605,1538,149204.7,339152.29953,0
1762686540000,2.2738,2.2738,2.2706,2.2715,287211.6,1762686599999,652483.98584,1631,92678.3,210515.47024,0
1762686600000,2.2716,2.2748,2.2716,2.2743,321626.0,1762686659999,731309.93261,1640,153315.0,348558.13790,0
1762686660000,2.2743,2.2749,2.2731,2.2745,242381.6,1762686719999,551160.32568,1272,83363.7,189566.99506,0
1762686720000,2.2744,2.2748,2.2733,2.2738,251939.5,1762686779999,572912.10439,1447,41642.3,94696.56566,0
1762686780000,2.2738,2.2761,2.2734,2.2750,238840.0,1762686839999,543423.84135,1103,148768.5,338485.60381,0
1762686840000,2.2751,2.2764,2.2748,2.2761,305716.5,1762686899999,695638.18931,1248,177571.9,404060.90136,0
1762686900000,2.2761,2.2767,2.2732,2.2740,386285.2,1762686959999,878728.90558,1891,100733.0,229176.23926,0
1762686960000,2.2741,2.2766,2.2733,2.2761,304917.8,1762687019999,693581.55473,1627,121363.0,276099.80384,0
1762687020000,2.2761,2.2764,2.2743,2.2755,193559.5,1762687079999,440365.31111,922,95800.8,217946.62638,0
1762687080000,2.2755,2.2769,2.2740,2.2745,175435.0,1762687139999,399219.11327,1125,75925.7,172783.17724,0
1762687140000,2.2745,2.2746,2.2730,2.2740,143688.5,1762687199999,326737.73935,863,57430.5,130591.55729,0
1762687200000,2.2740,2.2759,2.2740,2.2753,125274.3,1762687259999,284982.31824,1026,77218.5,175652.17212,0
1762687260000,2.2754,2.2763,2.2726,2.2726,375700.4,1762687319999,854522.62226,1364,84659.9,192539.92229,0
1762687320000,2.2726,2.2733,2.2712,2.2720,267273.7,1762687379999,607314.07909,1192,86927.2,197530.36751,0
1762687380000,2.2720,2.2726,2.2709,2.2712,206572.7,1762687439999,469291.51260,1100,59693.2,135606.64386,0
1762687440000,2.2712,2.2724,2.2702,2.2724,145270.5,1762687499999,329897.59021,745,61281.1,139173.42778,0
1762687500000,2.2724,2.2739,2.2719,2.2722,160457.1,1762687559999,364708.51164,763,64128.9,145748.67072,0
1762687560000,2.2721,2.2750,2.2721,2.2742,118251.2,1762687619999,268906.73033,688,60353.1,137227.93015,0
1762687620000,2.2743,2.2753,2.2728,2.2728,161548.6,1762687679999,367430.72999,886,43999.5,100085.23290,0
1762687680000,2.2728,2.2739,2.2726,2.2738,95680.5,1762687739999,217519.14384,487,43941.5,99896.30062,0
1762687740000,2.2737,2.2738,2.2712,2.2720,107890.3,1762687799999,245146.02872,691,26598.8,60426.26295,0
1762687800000,2.2720,2.2720,2.2668,2.2680,611440.2,1762687859999,1387078.93685,2132,320697.4,727386.57447,0
1762687860000,2.2679,2.2694,2.2673,2.2689,229543.3,1762687919999,520661.17997,1083,135559.7,307472.75184,0
1762687920000,2.2690,2.2714,2.2690,2.2704,170901.1,1762687979999,388034.59438,821,98249.2,223069.41192,0
1762687980000,2.2703,2.2703,2.2669,2.2686,240689.2,1762688039999,546023.11436,941,59715.0,135420.95385,0
1762688040000,2.2686,2.2694,2.2674,2.2684,149356.6,1762688099999,338863.30261,912,63861.5,144889.59811,0
1762688100000,2.2684,2.2694,2.2679,2.2687,169372.8,1762688159999,384253.57114,702,114407.9,259549.88433,0
1762688160000,2.2686,2.2710,2.2680,2.2698,239164.8,1762688219999,542733.73472,1159,136813.2,310447.11963,0
1762688220000,2.2698,2.2716,2.2695,2.2716,169123.4,1762688279999,383981.41423,867,108385.8,246080.66932,0
1762688280000,2.2717,2.2726,2.2714,2.2719,99640.5,1762688339999,226391.08112,688,48923.6,111152.00305,0
1762688340000,2.2718,2.2719,2.2705,2.2717,116644.1,1762688399999,264921.76089,732,46949.6,106632.31311,0
1762688400000,2.2717,2.2719,2.2700,2.2700,119268.6,1762688459999,270879.20379,724,38494.8,87434.35296,0
1762688460000,2.2700,2.2700,2.2686,2.2697,116306.5,1762688519999,263937.21841,683,66875.2,151758.38539,0
1762688520000,2.2696,2.2722,2.2694,2.2717,106621.2,1762688579999,242088.53411,771,45560.7,103447.13835,0
1762688580000,2.2717,2.2726,2.2712,2.2717,115178.9,1762688639999,261681.57286,609,49210.1,111793.99801,0
1762688640000,2.2718,2.2736,2.2718,2.2728,182567.7,1762688699999,414939.62057,958,75371.2,171299.88423,0
1762688700000,2.2728,2.2738,2.2719,2.2736,100006.4,1762688759999,227317.40870,978,48763.8,110845.06064,0
1762688760000,2.2736,2.2738,2.2721,2.2722,217540.8,1762688819999,494446.35227,1244,98732.4,224397.09716,0
1762688820000,2.2722,2.2729,2.2715,2.2716,174954.1,1762688879999,397535.62969,798,88402.0,200862.39150,0
1762688880000,2.2716,2.2723,2.2700,2.2715,221931.3,1762688939999,504143.20587,964,97972.0,222579.33610,0
1762688940000,2.2716,2.2742,2.2715,2.2736,211876.5,1762688999999,481645.12442,910,162828.2,370159.84448,0
1762689000000,2.2736,2.2736,2.2717,2.2729,168951.5,1762689059999,383983.48677,889,72628.1,165043.83144,0
1762689060000,2.2730,2.2741,2.2725,2.2728,202832.2,1762689119999,461127.88927,981,51888.2,117965.27510,0
1762689120000,2.2728,2.2741,2.2713,2.2713,135984.1,1762689179999,309072.17268,970,39639.0,90105.55378,0
1762689180000,2.2713,2.2733,2.2709,2.2727,191571.5,1762689239999,435244.78046,1130,99429.0,225910.79342,0
1762689240000,2.2727,2.2728,2.2702,2.2705,232742.5,1762689299999,528590.34753,901,26033.5,59118.19745,0
1762689300000,2.2706,2.2765,2.2706,2.2730,1145010.8,1762689359999,2603695.94683,2801,767997.9,1746267.25166,0
1762689360000,2.2730,2.2746,2.2721,2.2742,226201.2,1762689419999,514252.17142,1071,95480.9,217062.22264,0
1762689420000,2.2742,2.2760,2.2742,2.2752,276223.7,1762689479999,628501.16573,1103,85337.2,194149.36622,0
1762689480000,2.2752,2.2752,2.2730,2.2738,208503.0,1762689539999,474135.62637,996,42860.7,97443.61362,0
1762689540000,2.2737,2.2742,2.2731,2.2736,174798.8,1762689599999,397444.72068,730,73506.5,167133.04476,0
1762689600000,2.2736,2.2743,2.2709,2.2721,231376.2,1762689659999,525857.49829,1316,87140.4,198064.22067,0
1762689660000,2.2721,2.2721,2.2700,2.2703,203120.0,1762689719999,461292.78784,1233,42534.4,96585.02450,0
1762689720000,2.2703,2.2710,2.2685,2.2695,318442.5,1762689779999,722712.87701,1457,135396.1,307276.78297,0
1762689780000,2.2695,2.2716,2.2685,2.2696,294303.4,1762689839999,668056.96957,1499,108649.8,246605.60743,0
1762689840000,2.2697,2.2714,2.2696,2.2714,115535.8,1762689899999,262306.62997,844,73281.3,166375.40289,0
1762689900000,2.2713,2.2736,2.2713,2.2716,210908.2,1762689959999,479327.14613,1090,70499.5,160210.16913,0
1762689960000,2.2715,2.2715,2.2694,2.2706,253494.2,1762690019999,575495.61928,1148,92287.6,209495.04501,0
1762690020000,2.2707,2.2729,2.2707,2.2724,150624.9,1762690079999,342212.04637,826,77316.2,175637.01842,0
1762690080000,2.2724,2.2740,2.2724,2.2729,121628.5,1762690139999,276482.96841,909,43154.9,98094.18365,0
1762690140000,2.2730,2.2741,2.2725,2.2731,213528.8,1762690199999,485458.63174,1005,86461.6,196588.31430,0
1762690200000,2.2730,2.2743,2.2723,2.2743,163161.2,1762690259999,370928.46018,824,64239.7,146054.84681,0
1762690260000,2.2743,2.2753,2.2734,2.2736,224392.6,1762690319999,510374.88627,977,117697.4,267690.77631,0
1762690320000,2.2735,2.2736,2.2723,2.2736,119412.6,1762690379999,271436.53408,695,40895.0,92954.77791,0
1762690380000,2.2737,2.2745,2.2730,2.2740,133463.7,1762690439999,303463.53275,786,42369.4,96331.53465,0
1762690440000,2.2741,2.2751,2.2739,2.2744,128682.2,1762690499999,292705.05892,748,47355.1,107711.26145,0
1762690500000,2.2745,2.2780,2.2740,2.2749,692479.8,1762690559999,1576026.79508,2374,371464.2,845492.16659,0
1762690560000,2.2748,2.2757,2.2735,2.2748,319698.9,1762690619999,727192.19458,1314,131930.2,300107.59523,0
1762690620000,2.2747,2.2757,2.2738,2.2738,252371.4,1762690679999,574103.76773,1022,70840.8,161143.03332,0
1762690680000,2.2738,2.2787,2.2734,2.2779,575921.4,1762690739999,1310757.70437,2085,287971.2,655452.29681,0
1762690740000,2.2779,2.2809,2.2779,2.2796,676995.0,1762690799999,1543526.05767,2039,326028.7,743345.83128,0
1762690800000,2.2795,2.2821,2.2786,2.2815,473824.0,1762690859999,1080694.71912,1945,253915.7,579151.99334,0
1762690860000,2.2815,2.2819,2.2776,2.2791,828121.3,1762690919999,1887795.42985,2101,186734.2,425686.51257,0
1762690920000,2.2790,2.2795,2.2771,2.2777,335245.9,1762690979999,763779.29052,1475,184424.2,420173.74879,0
1762690980000,2.2777,2.2804,2.2773,2.2801,551474.6,1762691039999,1256713.94349,1842,305893.6,697080.61783,0
1762691040000,2.2800,2.2811,2.2794,2.2810,187387.8,1762691099999,427216.22093,833,91008.8,207494.42463,0
1762691100000,2.2810,2.2811,2.2774,2.2776,242413.3,1762691159999,552457.95013,1060,32596.6,74267.49801,0
1762691160000,2.2777,2.2797,2.2776,2.2787,237972.4,1762691219999,542299.15676,1158,88834.4,202430.96295,0
1762691220000,2.2788,2.2789,2.2751,2.2752,209928.9,1762691279999,477887.89638,1083,92276.3,210032.51506,0
1762691280000,2.2752,2.2776,2.2749,2.2755,266762.5,1762691339999,607145.37148,1368,82882.6,188621.50194,0
1762691340000,2.2755,2.2760,2.2740,2.2741,235544.0,1762691399999,535817.03224,917,47617.0,108323.40916,0
1762691400000,2.2741,2.2743,2.2716,2.2730,222005.3,1762691459999,504531.33186,1137,70608.7,160448.30318,0
1762691460000,2.2730,2.2753,2.2729,2.2741,200579.2,1762691519999,456140.27257,1205,85981.2,195517.26644,0
1762691520000,2.2742,2.2743,2.2728,2.2739,126868.2,1762691579999,288471.51399,781,31772.3,72242.63818,0
1762691580000,2.2740,2.2753,2.2730,2.2750,70685.2,1762691639999,160750.69642,592,43740.0,99471.36326,0
1762691640000,2.2749,2.2752,2.2738,2.2740,97768.2,1762691699999,222362.77659,849,18168.9,41322.15202,0
1762691700000,2.2739,2.2750,2.2739,2.2746,96219.4,1762691759999,218864.10389,497,51283.1,116650.41366,0
1762691760000,2.2746,2.2766,2.2741,2.2756,219573.0,1762691819999,499572.35515,1065,110149.5,250617.55116,0
1762691820000,2.2756,2.2780,2.2755,2.2775,168341.4,1762691879999,383304.89457,760,83683.9,190532.45900,0
1762691880000,2.2775,2.2781,2.2747,2.2752,254820.7,1762691939999,580021.62568,952,100516.8,228793.23864,0
1762691940000,2.2753,2.2761,2.2751,2.2758,107742.2,1762691999999,245169.15834,659,39944.6,90895.42077,0
1762692000000,2.2758,2.2764,2.2757,2.2763,45656.3,1762692059999,103914.76259,437,19782.5,45026.58276,0
1762692060000,2.2764,2.2764,2.2740,2.2741,274606.4,1762692119999,624716.61416,777,20985.3,47740.48289,0
1762692120000,2.2741,2.2753,2.2741,2.2749,170786.2,1762692179999,388503.25739,744,73578.9,167365.47146,0
1762692180000,2.2748,2.2753,2.2746,2.2753,34012.8,1762692239999,77377.86001,311,18961.1,43138.24506,0
1762692240000,2.2752,2.2764,2.2752,2.2764,71446.7,1762692299999,162580.25624,391,47750.9,108663.16823,0
1762692300000,2.2765,2.2781,2.2763,2.2763,181631.2,1762692359999,413645.36073,961,85868.6,195563.43669,0
1762692360000,2.2763,2.2780,2.2759,2.2779,59201.3,1762692419999,134773.37326,508,42791.2,97418.21727,0
1762692420000,2.2779,2.2781,2.2749,2.2750,266682.5,1762692479999,607025.87781,1121,63103.5,143624.23669,0
1762692480000,2.2749,2.2767,2.2749,2.2766,59790.5,1762692539999,136061.16379,409,40940.1,93163.61995,0
1762692540000,2.2766,2.2779,2.2757,2.2758,96813.9,1762692599999,220457.76050,653,46446.1,105758.77018,0
1762692600000,2.2758,2.2758,2.2745,2.2749,131527.5,1762692659999,299249.13724,640,50785.9,115536.79650,0
1762692660000,2.2749,2.2781,2.2748,2.2770,383765.2,1762692719999,873758.91670,1144,319128.0,726593.04225,0
1762692720000,2.2771,2.2775,2.2764,2.2772,112095.7,1762692779999,255231.29998,560,22222.7,50599.76885,0
1762692780000,2.2771,2.2777,2.2754,2.2771,158733.6,1762692839999,361388.10878,807,56084.4,127670.16232,0
1762692840000,2.2771,2.2774,2.2758,2.2764,119069.6,1762692899999,271091.52116,657,48293.7,109945.62451,0
1762692900000,2.2764,2.2766,2.2759,2.2766,76950.1,1762692959999,175163.83907,447,30697.2,69878.27788,0
1762692960000,2.2766,2.2766,2.2753,2.2754,126788.7,1762693019999,288588.68096,505,38792.9,88296.37252,0
1762693020000,2.2754,2.2754,2.2741,2.2748,137902.0,1762693079999,313676.88104,648,66032.0,150191.95082,0
1762693080000,2.2747,2.2753,2.2736,2.2738,137246.0,1762693139999,312136.15213,641,53683.1,122078.44298,0
1762693140000,2.2738,2.2744,2.2736,2.2739,129924.0,1762693199999,295444.13063,514,57913.4,131688.56362,0
1762693200000,2.2739,2.2741,2.2714,2.2716,218120.9,1762693259999,495670.90117,1171,51105.3,116136.90622,0
1762693260000,2.2716,2.2720,2.2695,2.2701,625360.2,1762693319999,1419888.00441,2099,234467.0,532358.24163,0
1762693320000,2.2701,2.2725,2.2701,2.2720,232668.0,1762693379999,528582.17995,1131,133810.6,303972.19467,0
1762693380000,2.2719,2.2754,2.2719,2.2749,233736.2,1762693439999,531539.55009,1192,156683.6,356304.55029,0
1762693440000,2.2749,2.2750,2.2727,2.2742,155899.8,1762693499999,354466.91675,859,72529.5,164884.72691,0
1762693500000,2.2742,2.2772,2.2742,2.2768,192647.6,1762693559999,438429.51305,1274,87612.4,199389.85722,0
1762693560000,2.2768,2.2787,2.2762,2.2769,288706.6,1762693619999,657427.54617,1324,111601.3,254146.30506,0
1762693620000,2.2769,2.2771,2.2760,2.2766,115064.3,1762693679999,261969.91134,669,50345.7,114628.22907,0
1762693680000,2.2766,2.2769,2.2754,2.2761,98418.3,1762693739999,224016.82383,616,49083.7,111720.58141,0
1762693740000,2.2762,2.2775,2.2753,2.2775,100157.9,1762693799999,227993.20820,635,53615.7,122046.47328,0
1762693800000,2.2774,2.2781,2.2757,2.2763,205240.4,1762693859999,467374.27238,1042,67762.9,154294.03546,0
1762693860000,2.2763,2.2792,2.2759,2.2787,163542.0,1762693919999,372523.75763,879,92677.6,211115.56100,0
1762693920000,2.2788,2.2809,2.2787,2.2792,385110.6,1762693979999,878001.26885,1486,187347.3,427162.27763,0
1762693980000,2.2793,2.2813,2.2793,2.2795,265590.4,1762694039999,605688.74786,1155,164444.4,375003.88030,0
1762694040000,2.2795,2.2818,2.2793,2.2803,489730.8,1762694099999,1116785.50100,1632,225756.7,514771.06230,0
1762694100000,2.2804,2.2811,2.2790,2.2795,245302.7,1762694159999,559280.47086,1255,110181.7,251234.91232,0
1762694160000,2.2795,2.2802,2.2772,2.2772,231579.4,1762694219999,527774.26459,1258,69937.2,159420.74904,0
1762694220000,2.2772,2.2793,2.2772,2.2790,179393.5,1762694279999,408744.53830,775,83620.3,190523.76970,0
1762694280000,2.2791,2.2797,2.2782,2.2787,209472.2,1762694339999,477424.41694,877,81720.4,186249.34828,0
1762694340000,2.2786,2.2787,2.2766,2.2783,210678.5,1762694399999,479887.69445,1077,64576.8,147096.34862,0
1762694400000,2.2784,2.2796,2.2771,2.2777,205798.3,1762694459999,468940.20709,1188,106574.6,242845.96036,0
1762694460000,2.2777,2.2778,2.2747,2.2765,235848.4,1762694519999,536738.12250,1165,78729.5,179155.09648,0
1762694520000,2.2766,2.2773,2.2754,2.2771,135173.6,1762694579999,307720.24922,924,44141.9,100479.82774,0
1762694580000,2.2771,2.2790,2.2770,2.2782,141175.0,1762694639999,321626.23174,812,64738.2,147482.73332,0
1762694640000,2.2782,2.2782,2.2766,2.2769,211123.5,1762694699999,480802.99426,1218,32654.3,74363.89076,0
1762694700000,2.2769,2.2780,2.2757,2.2773,210210.7,1762694759999,478618.02459,1230,97286.4,221513.66533,0
1762694760000,2.2773,2.2773,2.2757,2.2759,145961.8,1762694819999,332304.08676,816,69631.5,158529.06833,0
1762694820000,2.2760,2.2790,2.2759,2.2789,146900.7,1762694879999,334535.61016,1094,86771.1,197594.35869,0
1762694880000,2.2789,2.2794,2.2784,2.2790,146634.5,1762694939999,334191.08114,681,54709.8,124685.21333,0
1762694940000,2.2789,2.2795,2.2781,2.2794,303807.7,1762694999999,692359.41210,1061,178595.5,407002.30835,0
1762695000000,2.2795,2.2809,2.2774,2.2787,185409.0,1762695059999,422536.45540,1289,101224.4,230677.92956,0
1762695060000,2.2788,2.2808,2.2778,2.2778,525316.6,1762695119999,1197562.31767,2042,347294.6,791754.15974,0
1762695120000,2.2779,2.2797,2.2766,2.2784,532482.0,1762695179999,1213114.93391,1923,233369.7,531723.17129,0
1762695180000,2.2783,2.2832,2.2781,2.2832,251853.8,1762695239999,574500.15666,1256,196454.0,448190.09433,0
1762695240000,2.2831,2.2856,2.2820,2.2827,742250.3,1762695299999,1695503.52921,2631,422416.7,965011.91342,0
1762695300000,2.2828,2.2846,2.2809,2.2836,313765.6,1762695359999,716136.43932,1724,126206.5,288047.86120,0
1762695360000,2.2835,2.2835,2.2807,2.2823,234209.7,1762695419999,534513.07186,1402,103578.3,236376.95076,0
1762695420000,2.2823,2.2825,2.2806,2.2806,104763.8,1762695479999,239018.11171,790,33988.6,77552.68051,0
1762695480000,2.2807,2.2823,2.2807,2.2817,187778.5,1762695539999,428399.91757,1138,97100.2,221521.96684,0
1762695540000,2.2817,2.2843,2.2814,2.2837,240264.2,1762695599999,548484.48225,1038,130645.9,298261.31995,0
1762695600000,2.2838,2.2838,2.2808,2.2808,388200.2,1762695659999,886010.77848,1639,163673.0,373591.45360,0
1762695660000,2.2809,2.2812,2.2788,2.2809,347580.8,1762695719999,792508.49785,1456,194403.2,443262.38473,0
1762695720000,2.2809,2.2816,2.2798,2.2798,310377.3,1762695779999,707789.29382,1231,75526.2,172243.43177,0
1762695780000,2.2798,2.2808,2.2796,2.2802,159721.5,1762695839999,364169.68773,796,54619.6,124537.43610,0
1762695840000,2.2802,2.2809,2.2796,2.2802,254735.4,1762695899999,580832.71667,964,124952.4,284907.66220,0
1762695900000,2.2802,2.2818,2.2787,2.2787,328586.7,1762695959999,749329.87076,1769,134544.9,306833.02174,0
1762695960000,2.2787,2.2812,2.2779,2.2811,293482.8,1762696019999,668926.45261,1562,104920.1,239121.00320,0
1762696020000,2.2811,2.2828,2.2805,2.2807,259878.3,1762696079999,592978.01614,1413,87412.5,199446.77728,0
1762696080000,2.2806,2.2820,2.2789,2.2820,441547.2,1762696139999,1006746.76859,1751,152898.6,348639.54502,0
1762696140000,2.2819,2.2839,2.2807,2.2833,233169.7,1762696199999,532212.10509,1408,74127.6,169195.79514,0
1762696200000,2.2832,2.2849,2.2827,2.2837,486627.5,1762696259999,1111356.02803,1880,254286.8,580730.46268,0
1762696260000,2.2837,2.2842,2.2829,2.2829,338796.6,1762696319999,773666.40009,1292,155856.0,355928.46314,0
1762696320000,2.2830,2.2836,2.2821,2.2823,192760.0,1762696379999,440028.11891,1089,67356.3,153756.41569,0
1762696380000,2.2822,2.2827,2.2795,2.2809,883058.8,1762696439999,2014564.22479,2107,453805.4,1035447.13138,0
1762696440000,2.2810,2.2810,2.2782,2.2782,441912.0,1762696499999,1007248.63348,1131,76293.0,173899.59731,0
1762696500000,2.2782,2.2788,2.2769,2.2770,562959.2,1762696559999,1282238.09010,1595,212634.7,484332.56281,0
1762696560000,2.2770,2.2770,2.2733,2.2739,722838.0,1762696619999,1644258.22904,2535,210525.3,478869.56591,0
1762696620000,2.2738,2.2771,2.2737,2.2759,380503.3,1762696679999,865804.69356,1205,253114.9,575902.94715,0
1762696680000,2.2758,2.2760,2.2749,2.2760,247778.5,1762696739999,563794.20431,910,109934.7,250133.20879,0
1762696740000,2.2760,2.2770,2.2759,2.2762,202085.9,1762696799999,460056.36384,705,97753.7,222541.04417,0
1762696800000,2.2762,2.2762,2.2736,2.2737,358590.4,1762696859999,815693.38859,1416,127999.8,291158.16839,0
1762696860000,2.2736,2.2736,2.2704,2.2710,607024.7,1762696919999,1378925.60094,2669,221799.3,503868.70067,0
1762696920000,2.2711,2.2728,2.2701,2.2716,413558.6,1762696979999,939256.50597,1986,187433.9,425674.71561,0
1762696980000,2.2716,2.2717,2.2688,2.2698,410123.7,1762697039999,930881.25806,1935,121509.9,275788.35126,0
1762697040000,2.2697,2.2698,2.2671,2.2678,661708.7,1762697099999,1501000.57142,2390,226670.7,514159.66394,0
1762697100000,2.2679,2.2686,2.2655,2.2673,469279.8,1762697159999,1063824.76413,1966,156229.6,354162.63490,0
1762697160000,2.2672,2.2700,2.2672,2.2697,358689.3,1762697219999,813683.43490,1840,225086.8,510578.54713,0
1762697220000,2.2697,2.2720,2.2688,2.2708,218263.4,1762697279999,495530.12544,1466,131194.1,297846.76628,0
1762697280000,2.2707,2.2723,2.2696,2.2706,419282.3,1762697339999,952147.65944,1559,244851.9,556066.24387,0
1762697340000,2.2707,2.2775,2.2706,2.2753,858990.6,1762697399999,1953947.50549,2802,542844.1,1234671.07569,0
1762697400000,2.2753,2.2780,2.2750,2.2760,438620.5,1762697459999,998365.05109,2001,255944.3,582552.68919,0
1762697460000,2.2760,2.2817,2.2760,2.2801,959242.6,1762697519999,2186486.26426,3247,592692.3,1351019.14304,0
1762697520000,2.2801,2.2810,2.2783,2.2785,533511.1,1762697579999,1216262.87688,1871,261001.0,595068.27603,0
1762697580000,2.2785,2.2797,2.2773,2.2773,229833.0,1762697639999,523695.20019,979,93351.3,212711.86774,0
1762697640000,2.2773,2.2794,2.2769,2.2785,360415.6,1762697699999,820979.42945,1402,179307.4,408442.94745,0
1762697700000,2.2784,2.2803,2.2778,2.2795,297993.9,1762697759999,679018.50396,1456,153504.2,349772.64413,0
1762697760000,2.2795,2.2825,2.2785,2.2789,388710.6,1762697819999,886546.49670,1821,152167.5,347043.22202,0
1762697820000,2.2789,2.2796,2.2773,2.2780,417879.7,1762697879999,952168.88110,1883,154083.7,351103.42813,0
1762697880000,2.2780,2.2856,2.2777,2.2856,931942.0,1762697939999,2126538.28938,2941,693152.6,1581720.40887,0
1762697940000,2.2854,2.2906,2.2847,2.2878,610266.9,1762697999999,1396047.23530,3113,388538.9,888847.25344,0
1762698000000,2.2878,2.2880,2.2842,2.2847,278590.7,1762698059999,636747.01023,1551,121797.6,278406.67104,0
1762698060000,2.2848,2.2857,2.2824,2.2825,203046.9,1762698119999,463753.47449,1142,65461.7,149523.06379,0
1762698120000,2.2825,2.2857,2.2825,2.2836,409341.6,1762698179999,935032.21252,1619,233470.5,533242.96275,0
1762698180000,2.2836,2.2857,2.2836,2.2845,142496.4,1762698239999,325536.36502,878,76070.0,173784.97953,0
1762698240000,2.2846,2.2870,2.2845,2.2866,377521.6,1762698299999,862912.21423,1519,275653.4,630074.58786,0
1762698300000,2.2866,2.2901,2.2866,2.2898,806770.3,1762698359999,1846598.53007,2215,451529.3,1033465.38826,0
1762698360000,2.2898,2.3025,2.2898,2.3025,3133056.1,1762698419999,7200630.60421,8662,1925263.5,4424921.24620,0
1762698420000,2.3025,2.3106,2.2981,2.3093,7189015.4,1762698479999,16585395.94011,9338,3680912.1,8488554.26944,0
1762698480000,2.3093,2.3126,2.3081,2.3087,1866504.3,1762698539999,4312855.58167,4936,833981.0,1927252.02771,0
1762698540000,2.3087,2.3174,2.3080,2.3150,2300780.3,1762698599999,5321866.96719,6339,1296638.9,2999451.59764,0
1762698600000,2.3150,2.3267,2.3150,2.3217,3569479.9,1762698659999,8280350.31229,8728,2347711.6,5445677.02229,0
1762698660000,2.3217,2.3234,2.3200,2.3218,2654957.1,1762698719999,6161643.22094,5174,962202.3,2233611.25430,0
1762698720000,2.3219,2.3249,2.3200,2.3216,1330522.0,1762698779999,3089755.23029,3835,541037.1,1256513.58832,0
1762698780000,2.3216,2.3216,2.3157,2.3168,4335658.7,1762698839999,10055686.37959,5041,979324.5,2270322.33696,0
1762698840000,2.3168,2.3200,2.3113,2.3113,1210380.9,1762698899999,2803067.49973,4481,513662.2,1189886.49272,0
1762698900000,2.3113,2.3192,2.3111,2.3158,1958621.0,1762698959999,4536001.57299,5504,944686.6,2187198.72553,0
1762698960000,2.3159,2.3182,2.3150,2.3166,1015299.2,1762699019999,2352200.82642,3575,462778.5,1072143.00057,0
1762699020000,2.3166,2.3195,2.3142,2.3152,763991.3,1762699079999,1769577.82712,3357,457354.2,1059275.13621,0
1762699080000,2.3152,2.3157,2.3082,2.3085,1194708.1,1762699139999,2760063.68720,4189,516677.0,1193590.69517,0
1762699140000,2.3085,2.3098,2.3024,2.3032,1662074.4,1762699199999,3832122.34102,4734,633454.6,1460679.24572,0
1762699200000,2.3031,2.3042,2.2984,2.3030,1498329.4,1762699259999,3447868.20053,4218,699972.0,1610776.31613,0
1762699260000,2.3030,2.3080,2.3029,2.3079,638958.7,1762699319999,1473331.73431,2339,415676.5,958439.98302,0
1762699320000,2.3080,2.3082,2.3025,2.3026,655388.0,1762699379999,1510780.24987,2223,217511.2,501454.82277,0
1762699380000,2.3025,2.3033,2.3001,2.3008,661582.8,1762699439999,1522466.99309,2015,302816.8,696866.98958,0
1762699440000,2.3007,2.3018,2.2976,2.3007,548255.0,1762699499999,1260773.63451,2593,336286.8,773365.28511,0
1762699500000,2.3007,2.3010,2.2976,2.2980,471353.6,1762699559999,1083718.76781,2421,243030.3,558758.21161,0
1762699560000,2.2980,2.3004,2.2966,2.2994,487394.1,1762699619999,1120038.80813,2128,218407.8,501937.59665,0
1762699620000,2.2994,2.3022,2.2973,2.2974,605988.9,1762699679999,1393749.41952,2602,293693.7,675514.11166,0
1762699680000,2.2974,2.2985,2.2927,2.2935,929542.3,1762699739999,2133220.96874,3683,343104.3,787357.33451,0
1762699740000,2.2934,2.2937,2.2895,2.2923,635474.5,1762699799999,1456128.38494,2940,267380.3,612683.43407,0
1762699800000,2.2922,2.2984,2.2922,2.2975,817964.7,1762699859999,1878390.30587,3351,596748.6,1370357.22387,0
1762699860000,2.2976,2.3004,2.2975,2.2992,412572.6,1762699919999,948502.70592,2216,245584.9,564596.43623,0
1762699920000,2.2991,2.3003,2.2977,2.2990,581035.0,1762699979999,1335586.46079,1986,150084.3,345003.06554,0
1762699980000,2.2991,2.3000,2.2978,2.2993,474451.4,1762700039999,1090895.99693,1813,186253.9,428229.68372,0
1762700040000,2.2993,2.3009,2.2987,2.2994,224491.8,1762700099999,516292.24787,1593,115211.4,264963.12960,0
1762700100000,2.2994,2.2998,2.2981,2.2987,315042.3,1762700159999,724267.46812,1658,105756.3,243116.72999,0
1762700160000,2.2987,2.2988,2.2922,2.2935,436240.5,1762700219999,1001024.75212,2474,136795.4,313843.26336,0
1762700220000,2.2936,2.2943,2.2889,2.2907,517531.6,1762700279999,1185822.26007,2559,252871.4,579448.70793,0
1762700280000,2.2905,2.2916,2.2875,2.2887,681987.4,1762700339999,1561616.24267,3316,385568.3,882894.55873,0
1762700340000,2.2886,2.2899,2.2862,2.2898,531954.0,1762700399999,1216967.73196,2513,266133.5,608875.87111,0
1762700400000,2.2899,2.2923,2.2895,2.2920,581127.5,1762700459999,1331472.82570,2431,360316.1,825550.02710,0
1762700460000,2.2920,2.2920,2.2882,2.2909,663473.8,1762700519999,1519459.09309,3051,395446.2,905672.14140,0
1762700520000,2.2908,2.2910,2.2876,2.2891,338226.5,1762700579999,774274.38045,2084,149246.7,341642.21018,0
1762700580000,2.2892,2.2952,2.2889,2.2950,584672.3,1762700639999,1340624.84586,2409,391113.8,896853.89259,0
1762700640000,2.2950,2.2977,2.2926,2.2970,614970.4,1762700699999,1411579.84964,2912,354703.0,814164.46871,0
1762700700000,2.2969,2.2975,2.2937,2.2943,486481.3,1762700759999,1116883.91393,2453,181457.5,416593.22980,0
1762700760000,2.2944,2.3005,2.2944,2.2990,799656.0,1762700819999,1838428.28176,3149,533882.9,1227428.45646,0
1762700820000,2.2989,2.2994,2.2972,2.2973,292475.4,1762700879999,672207.10898,1621,137319.7,315602.13735,0
1762700880000,2.2972,2.2995,2.2967,2.2993,410427.4,1762700939999,943119.84409,1917,219663.0,504735.02229,0
1762700940000,2.2994,2.3007,2.2975,2.2986,199842.1,1762700999999,459420.27969,1667,101639.4,233662.30620,0
1762701000000,2.2986,2.3015,2.2986,2.3005,357294.6,1762701059999,821828.97591,2332,218691.9,503003.73180,0
1762701060000,2.3005,2.3028,2.2995,2.2995,266182.5,1762701119999,612467.30341,1890,118521.1,272725.89170,0
1762701120000,2.2996,2.3013,2.2994,2.3008,193626.5,1762701179999,445422.49082,1333,108841.0,250373.71847,0
1762701180000,2.3007,2.3012,2.2991,2.3011,178768.1,1762701239999,411179.50268,1254,81584.0,187661.44100,0
1762701240000,2.3011,2.3013,2.2984,2.2987,250895.6,1762701299999,577103.82018,1376,106815.4,245704.49249,0
1762701300000,2.2988,2.2996,2.2971,2.2981,221820.9,1762701359999,509743.06128,1409,86911.3,199721.52924,0
1762701360000,2.2980,2.2989,2.2971,2.2978,201946.9,1762701419999,464071.93859,1520,121745.1,279773.90613,0
1762701420000,2.2978,2.3026,2.2972,2.3024,232249.9,1762701479999,534293.79152,1669,148063.9,340632.43305,0
1762701480000,2.3024,2.3055,2.3023,2.3050,586462.5,1762701539999,1351312.95600,2310,413847.6,953601.35482,0
1762701540000,2.3049,2.3093,2.3049,2.3079,843122.5,1762701599999,1945736.93313,3187,578727.8,1335499.86950,0
1762701600000,2.3079,2.3080,2.3036,2.3056,387187.7,1762701659999,892671.20339,1754,200322.2,461750.02004,0
1762701660000,2.3055,2.3077,2.3046,2.3066,203277.7,1762701719999,468805.69351,1204,137303.0,316645.82948,0
1762701720000,2.3066,2.3078,2.3049,2.3053,229571.1,1762701779999,529479.49537,1222,109503.5,252538.15476,0
1762701780000,2.3053,2.3074,2.3050,2.3074,125995.8,1762701839999,290571.21786,1152,78999.6,182184.17501,0
1762701840000,2.3073,2.3076,2.3034,2.3044,185996.0,1762701899999,428850.08069,1440,72706.1,167654.35428,0
1762701900000,2.3045,2.3045,2.3012,2.3014,518329.1,1762701959999,1193260.47742,2273,109782.2,252770.53673,0
1762701960000,2.3015,2.3043,2.3005,2.3040,237235.2,1762702019999,546189.45569,1577,97548.9,224609.95707,0
1762702020000,2.3040,2.3062,2.3037,2.3058,263999.0,1762702079999,608504.29821,1535,94259.7,217262.80550,0
1762702080000,2.3057,2.3066,2.3047,2.3063,348621.8,1762702139999,803789.10561,1539,92627.7,213560.82913,0
1762702140000,2.3064,2.3094,2.3064,2.3086,385234.3,1762702199999,889269.04353,1861,266506.3,615222.90342,0
1762702200000,2.3086,2.3091,2.3069,2.3083,334762.4,1762702259999,772681.66195,1925,225315.4,520060.07907,0
1762702260000,2.3083,2.3100,2.3060,2.3099,431111.3,1762702319999,995069.92322,1819,271773.8,627325.68910,0
1762702320000,2.3099,2.3100,2.3070,2.3094,623003.8,1762702379999,1438370.73807,2177,349273.6,806374.65033,0
1762702380000,2.3095,2.3113,2.3092,2.3107,263408.1,1762702439999,608536.04049,1822,126378.5,291964.31470,0
1762702440000,2.3108,2.3132,2.3103,2.3116,446604.4,1762702499999,1032317.56856,2043,306569.2,708622.69094,0
1762702500000,2.3115,2.3151,2.3111,2.3143,778785.9,1762702559999,1801702.49614,2647,533769.2,1234897.09261,0
1762702560000,2.3143,2.3146,2.3119,2.3140,610868.0,1762702619999,1413336.22386,1883,351170.6,812565.93382,0
1762702620000,2.3139,2.3154,2.3118,2.3123,446191.4,1762702679999,1032512.91868,1706,221840.1,513398.83384,0
1762702680000,2.3124,2.3133,2.3104,2.3125,365257.5,1762702739999,844459.05274,1683,258846.5,598437.01772,0
1762702740000,2.3125,2.3133,2.3118,2.3128,263863.6,1762702799999,610180.45818,1155,189439.4,438071.58510,0
1762702800000,2.3129,2.3146,2.3128,2.3137,395921.4,1762702859999,916057.85692,1456,200056.2,462836.96870,0
1762702860000,2.3137,2.3148,2.3123,2.3142,302122.1,1762702919999,698986.71522,1361,198929.0,460246.70451,0
1762702920000,2.3143,2.3170,2.3143,2.3166,354684.5,1762702979999,821323.59386,1337,235384.8,545067.73098,0
1762702980000,2.3166,2.3168,2.3151,2.3151,212911.9,1762703039999,493118.82929,875,120352.0,278748.99903,0
1762703040000,2.3151,2.3155,2.3142,2.3143,202379.7,1762703099999,468475.97635,1004,91360.4,211496.95304,0
1762703100000,2.3142,2.3150,2.3111,2.3126,506405.5,1762703159999,1171201.31772,1738,178502.3,412884.59839,0
1762703160000,2.3125,2.3151,2.3117,2.3128,723665.1,1762703219999,1674133.76815,1840,468525.7,1083832.56304,0
1762703220000,2.3128,2.3139,2.3122,2.3123,341850.9,1762703279999,790722.97791,1365,111869.1,258738.81499,0
1762703280000,2.3124,2.3129,2.3115,2.3125,292224.4,1762703339999,675680.72282,1388,105534.3,244014.22990,0
1762703340000,2.3125,2.3153,2.3125,2.3140,172910.4,1762703399999,400079.18032,1174,92277.8,213498.27793,0
1762703400000,2.3141,2.3142,2.3128,2.3133,341375.0,1762703459999,789778.53976,1303,145242.3,336014.97256,0
1762703460000,2.3133,2.3159,2.3126,2.3129,461417.0,1762703519999,1067855.82207,1856,251498.3,582043.18419,0
1762703520000,2.3129,2.3239,2.3128,2.3226,4279624.0,1762703579999,9929730.09743,5344,2723575.2,6316970.66838,0
1762703580000,2.3226,2.3327,2.3222,2.3242,6517737.5,1762703639999,15181368.54719,10643,2701956.7,6291189.48742,0
1762703640000,2.3242,2.3243,2.3158,2.3187,1128756.3,1762703699999,2617701.98612,3601,368811.3,855803.35178,0
1762703700000,2.3186,2.3207,2.3147,2.3182,866899.7,1762703759999,2009117.90152,3390,475832.2,1102773.42128,0
1762703760000,2.3182,2.3184,2.3141,2.3148,531695.0,1762703819999,1231165.58372,2269,216035.5,500242.29357,0
1762703820000,2.3147,2.3155,2.3125,2.3140,450592.9,1762703879999,1042705.85817,1929,214393.4,496125.16873,0
1762703880000,2.3139,2.3183,2.3138,2.3173,575520.7,1762703939999,1332975.14548,1927,370983.3,859217.33595,0
1762703940000,2.3173,2.3174,2.3129,2.3132,709274.4,1762703999999,1641787.05615,2154,271561.3,628699.86224,0
1762704000000,2.3133,2.3148,2.3126,2.3137,522570.7,1762704059999,1209112.47433,1898,261438.6,604886.91204,0
1762704060000,2.3137,2.3155,2.3131,2.3143,515281.4,1762704119999,1192544.43738,2087,315014.1,729058.47308,0
1762704120000,2.3142,2.3142,2.3089,2.3091,564716.8,1762704179999,1305346.07830,2487,167449.8,387050.77815,0
1762704180000,2.3090,2.3106,2.3067,2.3075,1100838.1,1762704239999,2541520.68976,3140,597288.2,1379162.16801,0
1762704240000,2.3075,2.3136,2.3072,2.3130,500507.2,1762704299999,1155985.45151,1875,377356.7,871494.91600,0
1762704300000,2.3129,2.3139,2.3108,2.3122,491214.0,1762704359999,1135874.12577,1876,252779.0,584523.39828,0
1762704360000,2.3121,2.3122,2.3103,2.3119,282058.8,1762704419999,651899.03378,1337,136130.1,314612.38640,0
1762704420000,2.3119,2.3132,2.3098,2.3106,340576.6,1762704479999,787127.80852,1781,164367.0,379898.14110,0
1762704480000,2.3106,2.3106,2.3058,2.3064,460868.0,1762704539999,1063715.82490,1975,231680.9,534776.59048,0
1762704540000,2.3065,2.3081,2.3054,2.3076,403992.1,1762704599999,931936.48289,1874,217156.2,500950.42516,0
1762704600000,2.3076,2.3090,2.3043,2.3050,618739.6,1762704659999,1427198.81690,2506,284815.9,656976.84995,0
1762704660000,2.3050,2.3058,2.3037,2.3052,662753.7,1762704719999,1527291.78068,1634,235718.4,543261.07625,0
1762704720000,2.3052,2.3066,2.3039,2.3050,376754.6,1762704779999,868487.17713,1626,220582.5,508506.59618,0
1762704780000,2.3049,2.3049,2.3008,2.3016,576943.7,1762704839999,1328418.06851,2112,192295.5,442698.61385,0
1762704840000,2.3016,2.3029,2.3010,2.3019,268166.3,1762704899999,617295.92894,1280,150172.3,345696.78475,0
1762704900000,2.3019,2.3043,2.3007,2.3034,335172.6,1762704959999,771776.14438,1673,218071.4,502151.53862,0
1762704960000,2.3035,2.3040,2.2991,2.3008,523483.1,1762705019999,1204605.14869,1846,217991.9,501683.36211,0
1762705020000,2.3008,2.3008,2.2993,2.3001,359559.4,1762705079999,826951.79986,1229,158696.5,364977.66497,0
1762705080000,2.3002,2.3063,2.3002,2.3056,343770.4,1762705139999,791954.26319,1551,235303.5,542060.62540,0
1762705140000,2.3056,2.3086,2.3053,2.3086,272606.7,1762705199999,628951.36468,1291,176309.1,406776.52271,0
1762705200000,2.3086,2.3102,2.3082,2.3085,404119.6,1762705259999,933267.79495,1666,157495.7,363712.95531,0
1762705260000,2.3084,2.3103,2.3077,2.3102,164822.5,1762705319999,380508.09871,1019,109794.4,253471.75720,0
1762705320000,2.3103,2.3114,2.3093,2.3098,409168.7,1762705379999,945261.16344,1614,194485.2,449309.32828,0
1762705380000,2.3099,2.3115,2.3092,2.3104,421665.5,1762705439999,974191.01517,1613,227219.7,524950.64913,0
1762705440000,2.3105,2.3120,2.3098,2.3118,187063.7,1762705499999,432311.62067,1019,103193.6,238513.24888,0
1762705500000,2.3117,2.3134,2.3111,2.3134,282399.4,1762705559999,653013.18239,1293,176914.9,409084.92386,0
1762705560000,2.3134,2.3147,2.3121,2.3129,392076.0,1762705619999,907026.70571,1696,229677.5,531332.69007,0
1762705620000,2.3128,2.3177,2.3126,2.3177,370477.0,1762705679999,857846.84875,1803,212055.2,491024.31832,0
1762705680000,2.3177,2.3178,2.3161,2.3166,251203.6,1762705739999,582031.10921,1307,100907.9,233782.07165,0
1762705740000,2.3166,2.3167,2.3134,2.3148,347056.9,1762705799999,803252.04242,1613,125858.5,291259.96446,0
1762705800000,2.3149,2.3155,2.3131,2.3140,313330.2,1762705859999,725082.58919,1405,170096.6,393651.91958,0
1762705860000,2.3140,2.3140,2.3120,2.3128,300272.3,1762705919999,694470.96614,1520,92226.2,213293.09304,0
1762705920000,2.3128,2.3138,2.3111,2.3114,188012.7,1762705979999,434804.78494,1337,87722.0,202878.65225,0
1762705980000,2.3114,2.3134,2.3103,2.3134,221792.0,1762706039999,512600.30305,1222,125739.8,290626.33771,0
1762706040000,2.3133,2.3138,2.3113,2.3113,182111.2,1762706099999,421161.28505,1177,81372.4,188182.09675,0
1762706100000,2.3113,2.3124,2.3102,2.3124,273064.8,1762706159999,631064.03216,1291,153319.2,354345.80481,0
1762706160000,2.3124,2.3170,2.3124,2.3170,299758.3,1762706219999,693841.48485,1973,191906.8,444205.25579,0
1762706220000,2.3170,2.3177,2.3136,2.3143,168687.0,1762706279999,390691.75891,1304,79151.1,183303.67529,0
1762706280000,2.3143,2.3143,2.3112,2.3139,181707.1,1762706339999,420229.30294,1486,118960.5,275130.16196,0
1762706340000,2.3140,2.3145,2.3133,2.3140,91553.7,1762706399999,211839.81480,799,58991.9,136496.93470,0
1762706400000,2.3139,2.3171,2.3137,2.3166,483014.8,1762706459999,1118589.31228,1699,345413.7,799876.20786,0
1762706460000,2.3166,2.3193,2.3166,2.3186,318629.3,1762706519999,738603.63487,1785,198996.8,461272.18492,0
1762706520000,2.3187,2.3207,2.3178,2.3198,341819.9,1762706579999,792792.06301,1749,269550.2,625200.91801,0
1762706580000,2.3198,2.3199,2.3182,2.3186,244457.3,1762706639999,566867.00152,946,107404.2,249055.87478,0
1762706640000,2.3186,2.3190,2.3176,2.3180,105903.1,1762706699999,245527.94722,615,70759.3,164044.25874,0
1762706700000,2.3180,2.3188,2.3173,2.3182,128727.9,1762706759999,298380.51184,923,47613.6,110369.87376,0
1762706760000,2.3182,2.3219,2.3181,2.3207,258730.5,1762706819999,600403.10808,1384,118501.6,274957.28786,0
1762706820000,2.3207,2.3222,2.3207,2.3216,312988.1,1762706879999,726502.40317,1173,252636.2,586394.07831,0
1762706880000,2.3216,2.3240,2.3215,2.3236,229008.8,1762706939999,531990.25763,1215,163226.2,379168.86165,0
1762706940000,2.3236,2.3236,2.3224,2.3236,121125.6,1762706999999,281381.77026,1024,62006.0,144044.84956,0
1762707000000,2.3237,2.3261,2.3237,2.3260,489013.6,1762707059999,1136973.45279,2022,369337.8,858740.33295,0
1762707060000,2.3261,2.3285,2.3261,2.3276,435594.6,1762707119999,1013836.17306,1806,300180.7,698624.46076,0
1762707120000,2.3276,2.3285,2.3269,2.3281,291233.8,1762707179999,677971.86431,1244,158744.9,369539.09573,0
1762707180000,2.3281,2.3299,2.3265,2.3295,348315.6,1762707239999,810928.79057,1740,184816.4,430335.38349,0
1762707240000,2.3296,2.3304,2.3280,2.3284,561933.1,1762707299999,1308987.20660,2498,261678.4,609562.89224,0
1762707300000,2.3283,2.3283,2.3241,2.3245,451993.0,1762707359999,1051247.83311,2004,143214.8,333093.03825,0
1762707360000,2.3246,2.3257,2.3237,2.3256,217592.1,1762707419999,505828.36019,1243,93375.0,217063.43727,0
1762707420000,2.3256,2.3274,2.3250,2.3250,158391.3,1762707479999,368470.35554,1146,85690.0,199338.02238,0
1762707480000,2.3251,2.3263,2.3237,2.3255,244438.0,1762707539999,568309.18217,1179,117808.2,273911.87001,0
1762707540000,2.3254,2.3262,2.3245,2.3246,138890.8,1762707599999,322969.26772,885,40427.4,94005.47130,0
1762707600000,2.3245,2.3251,2.3223,2.3230,365855.5,1762707659999,850133.82882,1733,228959.0,532014.68424,0
1762707660000,2.3230,2.3234,2.3208,2.3212,326417.6,1762707719999,757916.91143,1404,107409.7,249423.77076,0
1762707720000,2.3213,2.3254,2.3213,2.3251,234477.9,1762707779999,544733.66727,1351,180168.4,418558.15576,0
1762707780000,2.3251,2.3253,2.3227,2.3236,230439.9,1762707839999,535607.67665,1203,105545.3,245297.18005,0
1762707840000,2.3235,2.3235,2.3195,2.3211,319564.5,1762707899999,741617.41027,1450,129522.5,300596.97237,0
1762707900000,2.3211,2.3217,2.3187,2.3206,174693.9,1762707959999,405321.21466,1091,78875.4,183008.70889,0
1762707960000,2.3206,2.3221,2.3206,2.3213,132774.4,1762708019999,308242.77019,903,72519.0,168351.57496,0
1762708020000,2.3213,2.3214,2.3180,2.3184,339532.9,1762708079999,787375.84881,1640,120965.6,280511.36461,0
1762708080000,2.3184,2.3187,2.3174,2.3182,271294.1,1762708139999,628878.45742,1079,136545.4,316511.27739,0
1762708140000,2.3182,2.3196,2.3182,2.3191,103860.7,1762708199999,240845.42961,656,80700.1,187131.92428,0
1762708200000,2.3191,2.3194,2.3177,2.3180,170119.3,1762708259999,394488.30347,641,41379.6,95943.68414,0
1762708260000,2.3180,2.3184,2.3151,2.3159,233810.5,1762708319999,541705.81909,1241,70889.1,164256.77788,0
1762708320000,2.3159,2.3169,2.3151,2.3166,152934.2,1762708379999,354189.04126,835,96057.6,222481.69691,0
1762708380000,2.3165,2.3172,2.3156,2.3162,119235.7,1762708439999,276195.34126,954,57780.8,133842.22491,0
1762708440000,2.3162,2.3164,2.3152,2.3159,85394.7,1762708499999,197748.98585,773,44341.9,102682.78952,0
1762708500000,2.3158,2.3165,2.3153,2.3159,162904.1,1762708559999,377257.72258,862,66790.9,154672.35654,0
1762708560000,2.3159,2.3167,2.3150,2.3158,107853.7,1762708619999,249781.69031,805,49804.4,115341.65657,0
1762708620000,2.3157,2.3157,2.3140,2.3141,235398.3,1762708679999,544886.10511,1119,63683.0,147416.09110,0
1762708680000,2.3141,2.3142,2.3126,2.3128,332965.0,1762708739999,770229.77445,1083,110678.3,256018.04438,0
1762708740000,2.3128,2.3129,2.3123,2.3123,118848.9,1762708799999,274843.61190,537,39261.2,90793.45374,0
1762708800000,2.3124,2.3124,2.3050,2.3085,1357712.9,1762708859999,3133548.62854,3615,487533.3,1124823.40834,0
1762708860000,2.3086,2.3120,2.3084,2.3116,262387.1,1762708919999,606227.09375,1202,187888.2,434054.03549,0
1762708920000,2.3116,2.3134,2.3108,2.3113,758310.4,1762708979999,1753412.08946,2100,351974.8,813866.05861,0
1762708980000,2.3113,2.3130,2.3092,2.3117,446974.9,1762709039999,1032982.39039,1527,120816.5,279222.61739,0
1762709040000,2.3117,2.3137,2.3116,2.3133,679099.1,1762709099999,1570747.29187,1049,599556.1,1386748.68611,0
1762709100000,2.3133,2.3133,2.3111,2.3115,323791.8,1762709159999,748642.45354,1290,202948.2,469226.19655,0
1762709160000,2.3115,2.3134,2.3115,2.3123,161235.7,1762709219999,372876.85034,899,93356.4,215872.88102,0
1762709220000,2.3124,2.3128,2.3111,2.3111,149205.8,1762709279999,344939.93019,617,30564.4,70668.96279,0
1762709280000,2.3111,2.3120,2.3103,2.3116,285984.5,1762709339999,660936.76772,949,145181.2,335530.38635,0
1762709340000,2.3116,2.3134,2.3116,2.3126,158239.4,1762709399999,365971.90459,777,84709.5,195910.90791,0
1762709400000,2.3126,2.3134,2.3119,2.3120,110771.3,1762709459999,256181.21383,708,71361.8,165031.33022,0
1762709460000,2.3121,2.3126,2.3105,2.3126,141888.3,1762709519999,327977.21324,860,95957.5,221814.31239,0
1762709520000,2.3126,2.3140,2.3125,2.3140,198163.0,1762709579999,458390.19532,982,113858.4,263373.13545,0
1762709580000,2.3140,2.3155,2.3134,2.3152,247225.1,1762709639999,572233.86311,1390,173461.1,401495.45098,0
1762709640000,2.3152,2.3161,2.3134,2.3135,219727.2,1762709699999,508660.41494,1208,104303.5,241457.81728,0
1762709700000,2.3134,2.3141,2.3125,2.3132,145893.1,1762709759999,337480.58233,906,88438.1,204564.60061,0
1762709760000,2.3132,2.3153,2.3132,2.3142,96804.7,1762709819999,224018.41882,627,74639.4,172718.25660,0
1762709820000,2.3142,2.3142,2.3106,2.3107,260492.0,1762709879999,602311.94736,876,55908.7,129249.66338,0
1762709880000,2.3108,2.3113,2.3090,2.3100,139608.3,1762709939999,322530.11838,941,52796.7,121953.97457,0
1762709940000,2.3099,2.3104,2.3054,2.3068,1068246.7,1762709999999,2464662.83310,2515,159829.6,368770.24180,0
1762710000000,2.3068,2.3080,2.3041,2.3076,850289.7,1762710059999,1960706.06665,2382,240568.3,554864.84618,0
1762710060000,2.3076,2.3078,2.3021,2.3022,1108709.2,1762710119999,2555229.50497,2296,197919.6,456085.61969,0
1762710120000,2.3022,2.3048,2.3018,2.3038,757329.9,1762710179999,1744310.61818,2299,375285.6,864448.74111,0
1762710180000,2.3039,2.3041,2.3031,2.3038,218195.8,1762710239999,502629.80147,995,105875.6,243888.64289,0
1762710240000,2.3039,2.3049,2.3031,2.3049,113752.6,1762710299999,262042.52808,669,53783.0,123908.16891,0
1762710300000,2.3049,2.3049,2.3031,2.3032,281890.8,1762710359999,649506.81308,878,166491.9,383602.82477,0
1762710360000,2.3031,2.3049,2.3030,2.3045,245283.3,1762710419999,565021.24566,840,88707.9,204352.28796,0
1762710420000,2.3045,2.3054,2.3043,2.3052,627709.3,1762710479999,1446707.29738,1179,411349.4,948047.11168,0
1762710480000,2.3051,2.3053,2.3036,2.3041,203103.4,1762710539999,467996.58881,874,105205.2,242410.18203,0
1762710540000,2.3041,2.3052,2.3041,2.3051,139783.4,1762710599999,322160.15710,665,98617.8,227284.65943,0
1762710600000,2.3051,2.3059,2.3044,2.3049,233588.6,1762710659999,538477.66476,820,158943.1,366399.90516,0
1762710660000,2.3049,2.3052,2.3043,2.3051,730531.5,1762710719999,1683663.05547,726,75564.5,174145.76208,0
1762710720000,2.3051,2.3051,2.3028,2.3033,105200.8,1762710779999,242323.93229,473,27025.0,62249.96958,0
1762710780000,2.3034,2.3050,2.3033,2.3050,49149.7,1762710839999,113249.47618,514,33511.5,77211.36816,0
1762710840000,2.3049,2.3067,2.3049,2.3055,92471.6,1762710899999,213210.26401,590,67736.4,156177.92992,0
1762710900000,2.3054,2.3055,2.3045,2.3053,85373.7,1762710959999,196778.83206,486,38075.6,87759.32531,0
1762710960000,2.3053,2.3059,2.3052,2.3054,36409.4,1762711019999,83943.49462,364,25946.3,59819.61667,0
1762711020000,2.3054,2.3071,2.3049,2.3070,216071.7,1762711079999,498240.61416,852,176114.7,406125.02333,0
1762711080000,2.3070,2.3074,2.3068,2.3070,93535.8,1762711139999,215793.60109,498,49404.5,113981.39288,0
1762711140000,2.3070,2.3075,2.3061,2.3075,89778.3,1762711199999,207094.85089,717,67472.1,155641.76667,0
1762711200000,2.3075,2.3090,2.3075,2.3089,230469.2,1762711259999,531987.09513,1199,189349.5,437073.62548,0
1762711260000,2.3089,2.3089,2.3073,2.3088,242494.2,1762711319999,559689.41579,1299,154526.2,356667.01267,0
1762711320000,2.3088,2.3091,2.3083,2.3085,109599.2,1762711379999,253038.11124,680,65118.2,150341.12329,0
1762711380000,2.3086,2.3094,2.3072,2.3072,111066.6,1762711439999,256403.45163,841,47045.7,108612.79789,0
1762711440000,2.3072,2.3077,2.3058,2.3069,164015.1,1762711499999,378332.79816,895,115209.4,265746.95577,0
1762711500000,2.3069,2.3073,2.3062,2.3066,149601.2,1762711559999,345076.99784,626,104601.4,241274.32002,0
1762711560000,2.3066,2.3096,2.3065,2.3089,102842.9,1762711619999,237358.09569,881,68729.6,158617.46922,0
1762711620000,2.3089,2.3091,2.3039,2.3039,142207.7,1762711679999,327997.31004,1086,51883.3,119693.58109,0
1762711680000,2.3040,2.3054,2.3025,2.3028,117182.2,1762711739999,269984.65608,1062,49381.0,113782.36530,0
1762711740000,2.3028,2.3044,2.3028,2.3036,120289.1,1762711799999,277083.69751,868,51778.3,119273.63270,0
1762711800000,2.3035,2.3043,2.3023,2.3043,222580.2,1762711859999,512649.53017,982,132259.7,304633.84556,0
1762711860000,2.3043,2.3043,2.3027,2.3027,90383.2,1762711919999,208212.71975,652,38435.7,88539.69880,0
1762711920000,2.3028,2.3045,2.3028,2.3034,74413.3,1762711979999,171442.34397,600,43438.4,100072.45216,0
1762711980000,2.3035,2.3036,2.3011,2.3012,118628.9,1762712039999,273133.96094,745,45198.9,104093.84888,0
1762712040000,2.3011,2.3030,2.3011,2.3013,138370.9,1762712099999,318495.96254,742,80173.1,184510.19519,0
1762712100000,2.3014,2.3029,2.3005,2.3029,407441.5,1762712159999,937898.77503,1346,251670.9,579304.01669,0
1762712160000,2.3029,2.3042,2.3028,2.3038,81680.6,1762712219999,188156.14672,560,59435.7,136906.00430,0
1762712220000,2.3038,2.3038,2.3020,2.3021,193097.4,1762712279999,444658.43760,552,66027.4,152025.44052,0
1762712280000,2.3021,2.3059,2.3020,2.3051,159354.7,1762712339999,367195.13449,1074,104860.9,241620.98282,0
1762712340000,2.3052,2.3064,2.3052,2.3055,73482.3,1762712399999,169444.57593,631,48753.9,112423.71717,0
1762712400000,2.3056,2.3062,2.3040,2.3045,109806.8,1762712459999,253106.18615,806,42428.6,97800.91489,0
1762712460000,2.3045,2.3046,2.3030,2.3033,109923.4,1762712519999,253230.23787,706,78930.8,181824.87986,0
1762712520000,2.3033,2.3048,2.3030,2.3045,65137.6,1762712579999,150054.34589,586,47438.8,109283.90384,0
1762712580000,2.3045,2.3047,2.3035,2.3043,87596.1,1762712639999,201835.29730,647,40049.7,92279.07888,0
1762712640000,2.3043,2.3052,2.3037,2.3038,65291.6,1762712699999,150475.36380,614,30744.5,70855.40401,0
1762712700000,2.3038,2.3045,2.3034,2.3037,54929.6,1762712759999,126562.50889,527,20936.4,48236.69745,0
1762712760000,2.3036,2.3054,2.3036,2.3050,44822.7,1762712819999,103312.94674,471,28333.5,65304.05284,0
1762712820000,2.3051,2.3054,2.3047,2.3050,33905.8,1762712879999,78154.33331,391,23978.2,55271.61004,0
1762712880000,2.3049,2.3049,2.3038,2.3048,74297.3,1762712939999,171201.53898,539,38800.4,89399.88796,0
1762712940000,2.3049,2.3049,2.3039,2.3039,38647.0,1762712999999,89054.40171,316,17917.0,41288.25089,0
1762713000000,2.3039,2.3039,2.3024,2.3026,93947.7,1762713059999,216371.08278,708,38560.9,88804.09655,0
1762713060000,2.3026,2.3033,2.3019,2.3023,146548.9,1762713119999,337405.64147,732,89161.6,205279.60455,0
1762713120000,2.3024,2.3028,2.3019,2.3022,128588.7,1762713179999,296031.03753,560,71841.6,165384.34262,0
1762713180000,2.3021,2.3039,2.3021,2.3032,77480.2,1762713239999,178460.57540,602,44345.5,102133.01155,0
1762713240000,2.3032,2.3042,2.3026,2.3034,91490.0,1762713299999,210749.26312,629,70272.3,161875.84521,0
1762713300000,2.3034,2.3037,2.3025,2.3036,104788.4,1762713359999,241316.28254,513,83902.8,193219.20885,0
1762713360000,2.3037,2.3053,2.3036,2.3048,89355.8,1762713419999,205935.69479,582,65161.8,150171.50498,0
1762713420000,2.3048,2.3120,2.3040,2.3109,727671.1,1762713479999,1679938.53332,2332,372304.2,859472.57905,0
1762713480000,2.3109,2.3151,2.3102,2.3148,336535.8,1762713539999,778395.38273,1618,241080.5,557576.47227,0
1762713540000,2.3148,2.3155,2.3114,2.3132,793898.5,1762713599999,1836414.70928,2171,243904.2,564305.03738,0
1762713600000,2.3133,2.3143,2.3126,2.3141,149369.5,1762713659999,345554.93954,821,102184.7,236389.80766,0
1762713660000,2.3141,2.3143,2.3126,2.3128,156974.7,1762713719999,363106.37212,667,69517.9,160801.99117,0
1762713720000,2.3128,2.3138,2.3127,2.3132,109321.7,1762713779999,252888.43278,554,64906.8,150148.21446,0
1762713780000,2.3132,2.3141,2.3129,2.3141,75478.6,1762713839999,174608.28821,487,58984.3,136454.48442,0
1762713840000,2.3141,2.3154,2.3138,2.3151,95495.8,1762713899999,221025.08603,507,35640.8,82504.65238,0
1762713900000,2.3152,2.3154,2.3139,2.3141,112924.3,1762713959999,261361.07264,539,74813.3,173142.06918,0
1762713960000,2.3140,2.3145,2.3132,2.3136,66621.8,1762714019999,154147.00530,531,26028.5,60221.73430,0
1762714020000,2.3136,2.3148,2.3135,2.3148,60090.4,1762714079999,139064.27639,442,24526.0,56755.98786,0
1762714080000,2.3147,2.3174,2.3147,2.3173,150913.5,1762714139999,349522.54933,1021,86229.7,199709.33392,0
1762714140000,2.3174,2.3245,2.3168,2.3218,1383194.4,1762714199999,3210728.87198,4488,564406.4,1309989.19721,0
1762714200000,2.3218,2.3241,2.3217,2.3237,540811.2,1762714259999,1256374.58597,2162,285364.0,662963.94659,0
1762714260000,2.3236,2.3236,2.3210,2.3220,514591.4,1762714319999,1194941.68662,1798,277810.2,645097.46065,0
1762714320000,2.3219,2.3241,2.3211,2.3217,391356.4,1762714379999,908724.07844,1607,174224.3,404565.49483,0
1762714380000,2.3217,2.3234,2.3215,2.3233,435569.5,1762714439999,1011465.55088,1215,288889.3,670845.71552,0
1762714440000,2.3233,2.3250,2.3226,2.3250,269787.7,1762714499999,626810.15206,1234,171629.1,398760.97765,0
1762714500000,2.3249,2.3250,2.3232,2.3239,342448.7,1762714559999,795886.11392,1235,157408.2,365800.22259,0
1762714560000,2.3240,2.3257,2.3239,2.3257,770027.6,1762714619999,1790380.22431,1421,333491.1,775405.86629,0
1762714620000,2.3257,2.3273,2.3256,2.3272,331919.5,1762714679999,772191.03400,1183,161729.3,376241.68881,0
1762714680000,2.3272,2.3286,2.3257,2.3262,537089.2,1762714739999,1249919.26291,2038,222559.7,517977.62197,0
1762714740000,2.3263,2.3271,2.3250,2.3264,439508.8,1762714799999,1022265.90164,1364,232423.3,540616.82365,0
1762714800000,2.3263,2.3278,2.3259,2.3275,858759.9,1762714859999,1997931.02887,1762,495921.9,1153824.42925,0
1762714860000,2.3274,2.3281,2.3259,2.3262,703101.9,1762714919999,1635897.89276,1888,240917.3,560594.91359,0
1762714920000,2.3262,2.3271,2.3257,2.3271,465037.5,1762714979999,1081844.08789,1222,190887.7,444095.95831,0
1762714980000,2.3270,2.3298,2.3268,2.3284,270169.7,1762715039999,629125.50168,1343,197823.5,460641.95448,0
1762715040000,2.3283,2.3288,2.3273,2.3274,169207.4,1762715099999,393920.02220,907,110482.2,257211.35352,0
1762715100000,2.3274,2.3274,2.3259,2.3263,762572.4,1762715159999,1773984.75186,1718,269457.4,626845.78925,0
1762715160000,2.3262,2.3279,2.3254,2.3274,567043.8,1762715219999,1319188.40923,1759,211116.3,491176.02272,0
1762715220000,2.3274,2.3282,2.3262,2.3281,134095.5,1762715279999,312069.64364,1035,84182.3,195919.84238,0
1762715280000,2.3282,2.3286,2.3271,2.3285,167665.6,1762715339999,390327.00804,821,107628.2,250559.26508,0
1762715340000,2.3285,2.3287,2.3281,2.3284,469294.8,1762715399999,1092703.53150,846,182148.3,424104.78357,0
1762715400000,2.3284,2.3298,2.3278,2.3288,335200.6,1762715459999,780623.00612,1139,147204.0,342810.80602,0
1762715460000,2.3287,2.3288,2.3271,2.3285,525886.2,1762715519999,1224357.65291,1281,198447.2,462034.02911,0
1762715520000,2.3284,2.3310,2.3282,2.3298,405387.1,1762715579999,944180.39116,1379,217572.8,506762.86313,0
1762715580000,2.3298,2.3320,2.3294,2.3315,205668.5,1762715639999,479353.00605,1155,98272.3,229072.63279,0
1762715640000,2.3314,2.3315,2.3241,2.3252,375743.0,1762715699999,874322.07669,1704,56852.7,132203.05272,0
1762715700000,2.3253,2.3269,2.3252,2.3260,292632.0,1762715759999,680634.94631,1314,135553.3,315264.27754,0
1762715760000,2.3259,2.3259,2.3216,2.3229,347951.0,1762715819999,808458.79141,1762,101064.6,234748.15102,0
1762715820000,2.3229,2.3263,2.3225,2.3261,304884.6,1762715879999,708757.75168,1312,170609.0,396573.11076,0
1762715880000,2.3261,2.3271,2.3259,2.3263,153012.5,1762715939999,355956.21821,923,73458.9,170887.51774,0
1762715940000,2.3263,2.3270,2.3257,2.3270,57583.0,1762715999999,133959.86320,703,28681.1,66723.89545,0
1762716000000,2.3269,2.3280,2.3258,2.3280,211834.6,1762716059999,492900.38336,1137,118635.6,276046.08099,0
1762716060000,2.3279,2.3299,2.3271,2.3299,224058.3,1762716119999,521715.46126,1051,150168.1,349693.18963,0
1762716120000,2.3299,2.3304,2.3290,2.3290,157049.6,1762716179999,365885.58672,1044,90985.5,211972.86413,0
1762716180000,2.3291,2.3296,2.3284,2.3294,115168.9,1762716239999,268237.73580,778,46361.2,107981.62326,0
1762716240000,2.3294,2.3314,2.3294,2.3303,224904.2,1762716299999,524128.97740,1383,114324.6,266407.75923,0
1762716300000,2.3303,2.3312,2.3292,2.3295,235910.5,1762716359999,549748.38128,1279,101101.4,235603.99968,0
1762716360000,2.3294,2.3308,2.3294,2.3297,163048.3,1762716419999,379914.92699,1090,97340.8,226804.21376,0
1762716420000,2.3297,2.3339,2.3292,2.3307,634995.9,1762716479999,1481128.61075,2625,390390.5,910536.06730,0
1762716480000,2.3306,2.3322,2.3306,2.3319,204625.4,1762716539999,477088.09788,979,104635.6,243951.36694,0
1762716540000,2.3319,2.3359,2.3319,2.3345,1267915.7,1762716599999,2959727.09038,3522,852213.2,1989325.41930,0
1762716600000,2.3346,2.3415,2.3346,2.3381,1336824.5,1762716659999,3126888.06287,5323,905926.7,2118819.03253,0
1762716660000,2.3380,2.3381,2.3326,2.3356,857315.5,1762716719999,2001411.63967,3102,229594.5,536123.26614,0
1762716720000,2.3356,2.3381,2.3350,2.3379,305338.0,1762716779999,713506.76103,1894,210280.0,491375.03734,0
1762716780000,2.3380,2.3399,2.3372,2.3379,615320.0,1762716839999,1439014.12034,2542,213445.8,499185.27156,0
1762716840000,2.3379,2.3395,2.3372,2.3380,362780.7,1762716899999,848322.58765,1921,200774.7,469466.37597,0
1762716900000,2.3380,2.3385,2.3347,2.3350,308898.9,1762716959999,721793.17538,1628,94199.8,220147.88021,0
1762716960000,2.3350,2.3409,2.3341,2.3400,1667704.7,1762717019999,3900467.41955,4322,696102.3,1628033.05954,0
1762717020000,2.3400,2.3407,2.3387,2.3391,787333.7,1762717079999,1841928.16832,2075,299692.3,701145.13865,0
1762717080000,2.3392,2.3410,2.3391,2.3401,234556.7,1762717139999,548885.85557,1305,135151.1,316251.09025,0
1762717140000,2.3402,2.3425,2.3395,2.3422,343044.1,1762717199999,803285.06583,1453,193104.3,452159.23336,0
1762717200000,2.3422,2.3422,2.3353,2.3356,567470.4,1762717259999,1326839.22297,2246,127681.3,298543.04929,0
1762717260000,2.3356,2.3371,2.3356,2.3361,332162.9,1762717319999,776072.10926,1355,190002.2,443925.81370,0
1762717320000,2.3361,2.3362,2.3350,2.3352,90938.7,1762717379999,212382.88663,704,37644.7,87917.54266,0
1762717380000,2.3352,2.3366,2.3348,2.3357,116602.9,1762717439999,272347.23074,743,61287.3,143148.35880,0
1762717440000,2.3358,2.3360,2.3351,2.3354,85301.4,1762717499999,199227.26751,802,37684.3,88013.62945,0
1762717500000,2.3353,2.3380,2.3353,2.3363,132809.1,1762717559999,310330.85852,925,80603.7,188332.89351,0
1762717560000,2.3363,2.3382,2.3345,2.3371,220779.7,1762717619999,515692.41783,1238,97334.6,227379.99375,0
1762717620000,2.3371,2.3373,2.3330,2.3336,500695.5,1762717679999,1168964.13274,2105,138139.9,322525.04873,0
1762717680000,2.3335,2.3395,2.3335,2.3394,161272.1,1762717739999,376828.72002,1236,112668.9,263266.04861,0
1762717740000,2.3394,2.3438,2.3372,2.3425,1051337.4,1762717799999,2461319.40377,3411,460533.8,1078176.35256,0
1762717800000,2.3425,2.3462,2.3423,2.3455,520637.0,1762717859999,1220464.53952,2538,372947.9,874203.81829,0
1762717860000,2.3455,2.3466,2.3428,2.3437,570472.2,1762717919999,1337417.79723,2662,143594.6,336651.38990,0
1762717920000,2.3437,2.3455,2.3431,2.3442,245775.1,1762717979999,576095.76283,1419,110751.5,259588.76898,0
1762717980000,2.3442,2.3468,2.3442,2.3463,309958.5,1762718039999,727111.20677,1325,189730.1,445073.32826,0
1762718040000,2.3463,2.3469,2.3443,2.3458,382322.0,1762718099999,896863.11464,1494,98228.8,230408.32398,0
1762718100000,2.3458,2.3459,2.3439,2.3449,206954.1,1762718159999,485349.42949,1047,70242.2,164720.72870,0
1762718160000,2.3449,2.3458,2.3448,2.3451,142940.8,1762718219999,335227.14176,796,60705.1,142363.04685,0
1762718220000,2.3450,2.3471,2.3449,2.3471,295203.2,1762718279999,692590.77638,1166,162395.7,380995.96216,0
1762718280000,2.3471,2.3483,2.3466,2.3473,444216.6,1762718339999,1042747.36439,1369,282532.1,663195.11459,0
1762718340000,2.3474,2.3485,2.3469,2.3476,245307.4,1762718399999,575878.63285,1013,103705.1,243461.25800,0
1762718400000,2.3476,2.3489,2.3466,2.3467,387456.2,1762718459999,909654.22701,1719,211823.2,497332.04170,0
1762718460000,2.3467,2.3499,2.3461,2.3494,780268.5,1762718519999,1832319.98177,2510,375066.5,880835.94693,0
1762718520000,2.3494,2.3535,2.3493,2.3531,680181.0,1762718579999,1599109.08801,3066,368741.6,866853.39446,0
1762718580000,2.3532,2.3532,2.3493,2.3498,463843.4,1762718639999,1090664.98202,2261,185872.1,437075.12328,0
1762718640000,2.3497,2.3532,2.3497,2.3513,272282.6,1762718699999,640285.25625,1559,138422.4,325474.76422,0
1762718700000,2.3512,2.3526,2.3503,2.3504,452112.8,1762718759999,1063006.24758,1870,261467.9,614778.72813,0
1762718760000,2.3504,2.3507,2.3482,2.3502,1119779.0,1762718819999,2630655.25802,2502,474720.3,1115237.93607,0
1762718820000,2.3503,2.3511,2.3486,2.3493,794497.6,1762718879999,1866770.88393,1746,240185.1,564402.45113,0
1762718880000,2.3494,2.3499,2.3422,2.3438,1464044.2,1762718939999,3436004.61229,3922,402342.0,944094.72373,0
1762718940000,2.3438,2.3442,2.3412,2.3413,728101.1,1762718999999,1705643.65466,2369,205673.5,481898.09158,0
1762719000000,2.3413,2.3414,2.3370,2.3392,1456906.3,1762719059999,3407936.99832,4711,634525.8,1484450.37938,0
1762719060000,2.3392,2.3428,2.3388,2.3424,363940.7,1762719119999,851695.32076,1561,207118.6,484683.92018,0
1762719120000,2.3424,2.3424,2.3382,2.3382,547055.9,1762719179999,1280373.28962,1672,151313.8,354178.38529,0
1762719180000,2.3383,2.3397,2.3380,2.3393,335201.8,1762719239999,784007.48504,1439,145536.0,340371.15602,0
1762719240000,2.3393,2.3397,2.3371,2.3388,203146.5,1762719299999,475033.43626,1076,84168.9,196815.07318,0
1762719300000,2.3387,2.3387,2.3347,2.3375,776828.9,1762719359999,1814680.44139,2284,243492.5,568775.54892,0
1762719360000,2.3375,2.3396,2.3368,2.3383,266083.6,1762719419999,622055.86383,1117,140997.0,329607.00483,0
1762719420000,2.3384,2.3426,2.3380,2.3416,236893.4,1762719479999,554509.28161,1342,183046.5,428423.55741,0
1762719480000,2.3416,2.3423,2.3411,2.3415,186113.1,1762719539999,435817.76845,950,124696.4,291997.73223,0
1762719540000,2.3415,2.3419,2.3397,2.3409,157338.0,1762719599999,368290.29488,1045,81332.6,190390.06159,0
1762719600000,2.3408,2.3414,2.3401,2.3405,101354.1,1762719659999,237242.92150,783,41824.8,97905.79569,0
1762719660000,2.3405,2.3436,2.3405,2.3435,123516.7,1762719719999,289252.34612,1145,91580.2,214469.19828,0
1762719720000,2.3435,2.3437,2.3419,2.3419,95366.8,1762719779999,223439.11250,768,33720.7,79018.76877,0
1762719780000,2.3419,2.3425,2.3415,2.3420,124129.7,1762719839999,290700.75923,674,81052.0,189809.62851,0
1762719840000,2.3421,2.3432,2.3416,2.3424,111097.4,1762719899999,260206.95671,645,65908.7,154359.87978,0
1762719900000,2.3425,2.3426,2.3402,2.3408,131331.4,1762719959999,307500.26448,746,49493.8,115889.34727,0
1762719960000,2.3408,2.3413,2.3375,2.3382,322752.2,1762720019999,754822.33983,1352,86936.9,203313.94738,0
1762720020000,2.3381,2.3404,2.3380,2.3395,357206.5,1762720079999,835583.36507,1580,255175.4,596876.79329,0
1762720080000,2.3395,2.3396,2.3386,2.3394,97774.2,1762720139999,228714.88216,590,62540.5,146301.91852,0
1762720140000,2.3394,2.3398,2.3377,2.3388,279733.9,1762720199999,654179.13205,1095,70640.5,165208.07831,0
1762720200000,2.3389,2.3390,2.3369,2.3369,78360.4,1762720259999,183199.77657,715,20355.5,47593.93522,0
1762720260000,2.3369,2.3386,2.3369,2.3381,146172.3,1762720319999,341739.72954,939,64563.8,150936.21230,0
1762720320000,2.3381,2.3428,2.3381,2.3428,144742.7,1762720379999,338792.81303,1009,110885.5,259533.80721,0
1762720380000,2.3429,2.3445,2.3425,2.3433,138386.3,1762720439999,324286.11211,891,66158.6,155030.92869,0
1762720440000,2.3432,2.3465,2.3429,2.3449,383228.9,1762720499999,898430.57153,1603,148535.1,348280.86379,0
1762720500000,2.3449,2.3458,2.3443,2.3449,181814.6,1762720559999,426322.83166,935,132875.2,311555.06511,0
1762720560000,2.3450,2.3456,2.3448,2.3456,125840.6,1762720619999,295125.55715,662,93170.2,218506.92329,0
1762720620000,2.3456,2.3459,2.3438,2.3439,74686.0,1762720679999,175138.02500,557,25161.1,59002.27205,0
1762720680000,2.3438,2.3438,2.3414,2.3416,126506.9,1762720739999,296323.59434,926,49823.5,116696.62154,0
1762720740000,2.3417,2.3431,2.3404,2.3414,102142.5,1762720799999,239161.04037,754,51684.6,121020.18196,0
1762720800000,2.3413,2.3420,2.3411,2.3417,63808.4,1762720859999,149421.43715,528,20453.5,47895.35722,0
1762720860000,2.3417,2.3427,2.3416,2.3417,90935.2,1762720919999,212971.85816,839,49472.0,115859.00831,0
1762720920000,2.3416,2.3419,2.3406,2.3412,69398.6,1762720979999,162475.34345,577,44892.8,105102.85782,0
1762720980000,2.3412,2.3426,2.3390,2.3400,103788.3,1762721039999,242972.58336,1021,40603.3,95043.53600,0
1762721040000,2.3400,2.3404,2.3385,2.3385,106438.3,1762721099999,249036.33991,792,21380.1,50028.78232,0
1762721100000,2.3385,2.3387,2.3360,2.3364,280812.2,1762721159999,656260.97764,1591,100378.3,234594.48528,0
1762721160000,2.3364,2.3384,2.3363,2.3384,105723.9,1762721219999,247136.89903,829,66574.9,155618.20555,0
1762721220000,2.3383,2.3386,2.3372,2.3373,136474.5,1762721279999,319059.55129,705,70985.8,165952.93375,0
1762721280000,2.3374,2.3384,2.3367,2.3367,69678.0,1762721339999,162866.95338,568,21923.7,51241.77560,0
1762721340000,2.3366,2.3369,2.3353,2.3368,79092.6,1762721399999,184759.93549,738,28607.6,66824.73481,0
1762721400000,2.3369,2.3398,2.3366,2.3393,112757.3,1762721459999,263654.41435,1005,53380.5,124823.07953,0
1762721460000,2.3392,2.3404,2.3382,2.3382,78903.1,1762721519999,184595.81511,824,47253.3,110552.91843,0
1762721520000,2.3382,2.3383,2.3353,2.3366,146894.0,1762721579999,343190.26513,1135,53051.2,123931.21659,0
1762721580000,2.3366,2.3370,2.3357,2.3361,59523.4,1762721639999,139057.67080,772,25903.1,60512.54571,0
1762721640000,2.3360,2.3380,2.3360,2.3380,262921.2,1762721699999,614411.41616,1101,156954.8,366767.57521,0
1762721700000,2.3379,2.3398,2.3379,2.3393,119881.7,1762721759999,280381.73623,744,83392.3,195046.89063,0
1762721760000,2.3394,2.3394,2.3377,2.3377,108915.7,1762721819999,254685.79298,408,19053.5,44559.88141,0
1762721820000,2.3377,2.3387,2.3376,2.3387,50074.1,1762721879999,117074.94814,335,31019.0,72524.57840,0
1762721880000,2.3387,2.3394,2.3361,2.3369,129018.2,1762721939999,301613.55510,787,21964.6,51363.94047,0
1762721940000,2.3368,2.3389,2.3368,2.3387,187514.2,1762721999999,438406.40803,621,156172.3,365116.94693,0
1762722000000,2.3388,2.3397,2.3383,2.3397,197023.9,1762722059999,460820.85188,1147,134070.9,313570.85146,0
1762722060000,2.3397,2.3408,2.3389,2.3402,101336.3,1762722119999,237108.08316,835,56805.3,132914.87355,0
1762722120000,2.3401,2.3402,2.3384,2.3392,125345.2,1762722179999,293170.99854,707,71218.5,166561.35266,0
1762722180000,2.3392,2.3402,2.3391,2.3397,105267.6,1762722239999,246288.37817,699,35526.1,83114.93441,0
1762722240000,2.3397,2.3427,2.3396,2.3412,102693.9,1762722299999,240465.27406,804,54860.9,128444.08777,0
1762722300000,2.3411,2.3411,2.3391,2.3407,200255.7,1762722359999,468589.74696,1020,89212.2,208756.06242,0
1762722360000,2.3407,2.3409,2.3401,2.3405,76546.3,1762722419999,179163.97402,455,32913.9,77036.51642,0
1762722420000,2.3405,2.3413,2.3401,2.3401,70978.3,1762722479999,166141.24548,419,24605.2,57596.94816,0
1762722480000,2.3401,2.3402,2.3365,2.3372,182906.1,1762722539999,427623.53817,1011,53550.2,125153.17143,0
1762722540000,2.3372,2.3385,2.3370,2.3371,97427.4,1762722599999,227782.81467,513,22624.3,52893.45181,0
1762722600000,2.3372,2.3372,2.3335,2.3343,255221.9,1762722659999,595865.46069,1346,73372.6,171276.37151,0
1762722660000,2.3343,2.3343,2.3301,2.3311,529623.0,1762722719999,1234823.20289,2154,203551.7,474575.33956,0
1762722720000,2.3310,2.3325,2.3300,2.3320,432041.2,1762722779999,1007227.52162,1782,236023.9,550309.54148,0
1762722780000,2.3320,2.3324,2.3309,2.3314,126873.8,1762722839999,295827.09659,690,57366.2,133761.65909,0
1762722840000,2.3314,2.3329,2.3313,2.3326,171639.6,1762722899999,400267.29270,736,105713.0,246532.93379,0
1762722900000,2.3325,2.3343,2.3318,2.3339,219676.0,1762722959999,512487.85119,1099,94184.4,219741.18590,0
1762722960000,2.3340,2.3365,2.3334,2.3365,153571.4,1762723019999,358548.69839,1115,107637.4,251320.53986,0
1762723020000,2.3364,2.3377,2.3360,2.3367,147597.1,1762723079999,344921.71654,757,90158.0,210693.91939,0
1762723080000,2.3367,2.3373,2.3355,2.3356,92686.6,1762723139999,216544.83589,691,40570.6,94788.46321,0
1762723140000,2.3355,2.3364,2.3343,2.3364,118702.6,1762723199999,277160.57669,739,60039.8,140187.36771,0
1762723200000,2.3365,2.3390,2.3365,2.3389,121949.3,1762723259999,285138.13604,800,98871.4,231181.39789,0
1762723260000,2.3390,2.3408,2.3390,2.3401,101091.9,1762723319999,236543.59485,909,67078.9,156953.00804,0
1762723320000,2.3401,2.3406,2.3390,2.3391,109723.9,1762723379999,256732.64297,442,19378.5,45345.34525,0
1762723380000,2.3391,2.3392,2.3374,2.3384,104582.9,1762723439999,244528.50527,667,48089.1,112431.37001,0
1762723440000,2.3385,2.3385,2.3367,2.3375,51342.7,1762723499999,120018.67330,612,19145.6,44754.77685,0
1762723500000,2.3375,2.3377,2.3372,2.3376,68278.2,1762723559999,159591.85337,336,29123.1,68071.89703,0
1762723560000,2.3377,2.3387,2.3369,2.3369,95735.5,1762723619999,223825.69921,522,41644.1,97357.38953,0
1762723620000,2.3370,2.3377,2.3369,2.3376,56624.9,1762723679999,132354.45425,404,20358.1,47580.43375,0
1762723680000,2.3375,2.3388,2.3371,2.3381,49987.8,1762723739999,116858.73710,572,31918.6,74618.37753,0
1762723740000,2.3382,2.3388,2.3380,2.3381,50323.7,1762723799999,117672.61361,388,20813.1,48664.86301,0
1762723800000,2.3382,2.3382,2.3353,2.3362,95125.0,1762723859999,222283.91109,768,35642.6,83279.81748,0
1762723860000,2.3363,2.3371,2.3354,2.3363,90226.4,1762723919999,210775.02902,586,35897.4,83858.37788,0
1762723920000,2.3362,2.3370,2.3320,2.3344,415272.5,1762723979999,969116.80969,1519,113448.9,264710.55872,0
1762723980000,2.3344,2.3356,2.3340,2.3341,81971.4,1762724039999,191383.07669,586,19243.6,44924.61976,0
1762724040000,2.3341,2.3353,2.3341,2.3347,93022.5,1762724099999,217195.28322,512,64281.2,150090.79425,0
1762724100000,2.3346,2.3351,2.3343,2.3346,91758.1,1762724159999,214228.54799,489,43074.9,100563.05501,0
1762724160000,2.3347,2.3359,2.3344,2.3356,64806.5,1762724219999,151328.71123,490,26228.4,61246.57561,0
1762724220000,2.3356,2.3370,2.3355,2.3368,72382.4,1762724279999,169130.90457,428,40553.2,94752.76566,0
1762724280000,2.3367,2.3367,2.3345,2.3350,117015.9,1762724339999,273313.27385,770,49448.8,115486.89626,0
1762724340000,2.3350,2.3350,2.3342,2.3349,88758.8,1762724399999,207212.15930,474,63203.6,147550.97066,0
1762724400000,2.3349,2.3396,2.3349,2.3375,188795.1,1762724459999,441385.94705,1099,118269.4,276450.60232,0
1762724460000,2.3374,2.3391,2.3373,2.3385,70340.0,1762724519999,164467.39802,581,41268.1,96486.15002,0
1762724520000,2.3384,2.3385,2.3354,2.3357,53182.5,1762724579999,124258.74253,678,22739.8,53120.91441,0
1762724580000,2.3358,2.3358,2.3329,2.3337,75791.5,1762724639999,176885.90492,596,30284.4,70674.97560,0
1762724640000,2.3338,2.3370,2.3338,2.3369,77840.6,1762724699999,181800.41796,750,46885.6,109493.07486,0
1762724700000,2.3370,2.3396,2.3370,2.3386,109873.3,1762724759999,256873.75015,824,57453.9,134322.20969,0
1762724760000,2.3385,2.3385,2.3361,2.3365,93887.3,1762724819999,219387.57642,729,64251.2,150128.04900,0
1762724820000,2.3364,2.3369,2.3352,2.3352,62591.0,1762724879999,146198.72995,506,35178.5,82170.85056,0
1762724880000,2.3352,2.3384,2.3352,2.3366,147551.6,1762724939999,344817.63904,879,95026.4,222043.85875,0
1762724940000,2.3366,2.3383,2.3360,2.3371,123359.2,1762724999999,288322.59287,792,57488.0,134365.68570,0
1762725000000,2.3370,2.3371,2.3350,2.3359,193215.5,1762725059999,451269.03334,703,112111.4,261838.47529,0
1762725060000,2.3359,2.3361,2.3348,2.3348,43902.7,1762725119999,102536.34103,359,10172.3,23755.52814,0
1762725120000,2.3347,2.3348,2.3331,2.3338,109182.6,1762725179999,254818.15707,678,37035.9,86439.97403,0
1762725180000,2.3338,2.3368,2.3338,2.3347,143315.3,1762725239999,334687.28771,1055,86568.5,202159.33992,0
1762725240000,2.3348,2.3351,2.3324,2.3328,94115.4,1762725299999,219635.61635,668,38885.9,90733.23466,0
1762725300000,2.3329,2.3337,2.3320,2.3329,117316.9,1762725359999,273647.77181,773,62887.1,146678.44401,0
1762725360000,2.3328,2.3330,2.3312,2.3329,209808.0,1762725419999,489283.31448,1223,62972.9,146846.08898,0
1762725420000,2.3328,2.3348,2.3321,2.3346,178753.8,1762725479999,417059.17310,1088,72987.5,170311.50946,0
1762725480000,2.3346,2.3349,2.3332,2.3337,108199.0,1762725539999,252551.55556,748,50911.9,118836.04959,0
1762725540000,2.3338,2.3368,2.3336,2.3367,143046.4,1762725599999,334001.42355,751,67283.6,157092.99685,0
1762725600000,2.3367,2.3371,2.3360,2.3361,136085.5,1762725659999,317970.09941,883,49473.6,115596.12781,0
1762725660000,2.3361,2.3367,2.3344,2.3346,121950.6,1762725719999,284814.20109,894,57668.8,134681.80441,0
1762725720000,2.3346,2.3352,2.3334,2.3341,103184.5,1762725779999,240846.55529,721,51149.5,119381.59782,0
1762725780000,2.3340,2.3348,2.3329,2.3333,92904.7,1762725839999,216826.44953,685,37708.2,88006.04100,0
1762725840000,2.3334,2.3338,2.3322,2.3324,170559.0,1762725899999,397873.97818,788,76720.1,178974.24585,0
1762725900000,2.3324,2.3325,2.3306,2.3320,130817.1,1762725959999,304979.17028,655,56951.1,132757.37169,0
1762725960000,2.3321,2.3333,2.3314,2.3318,178203.0,1762726019999,415595.45006,955,59700.3,139226.54981,0
1762726020000,2.3317,2.3331,2.3306,2.3331,198827.5,1762726079999,463552.25315,961,127753.8,297852.20736,0
1762726080000,2.3331,2.3340,2.3329,2.3330,97631.0,1762726139999,227823.85214,590,44355.9,103499.28964,0
1762726140000,2.3329,2.3330,2.3270,2.3285,333830.1,1762726199999,777748.56027,1498,65147.1,151893.84975,0
1762726200000,2.3285,2.3322,2.3284,2.3322,517103.9,1762726259999,1205170.37852,1531,401280.8,935272.96736,0
1762726260000,2.3322,2.3346,2.3306,2.3345,194923.2,1762726319999,454620.63367,1023,123321.8,287625.26987,0
1762726320000,2.3346,2.3355,2.3333,2.3348,194498.8,1762726379999,454050.80394,839,112765.8,263233.07946,0
1762726380000,2.3347,2.3379,2.3347,2.3378,211348.5,1762726439999,493861.32569,875,160026.9,373926.99419,0
1762726440000,2.3379,2.3420,2.3379,2.3419,335626.4,1762726499999,785341.07126,1691,188798.2,441783.13305,0
1762726500000,2.3420,2.3424,2.3397,2.3406,189801.3,1762726559999,444398.03955,915,92717.0,217067.73493,0
1762726560000,2.3406,2.3415,2.3395,2.3401,219688.0,1762726619999,514194.77304,1123,119030.9,278596.37039,0
1762726620000,2.3401,2.3407,2.3379,2.3391,427993.3,1762726679999,1001351.10298,1671,224132.6,524411.83444,0
1762726680000,2.3390,2.3398,2.3378,2.3389,96315.6,1762726739999,225272.34008,946,39571.5,92554.81194,0
1762726740000,2.3389,2.3395,2.3383,2.3386,65323.9,1762726799999,152779.33016,497,29173.7,68230.51039,0
1762726800000,2.3386,2.3389,2.3368,2.3369,114356.1,1762726859999,267379.50893,757,47630.7,111366.90177,0
1762726860000,2.3369,2.3369,2.3327,2.3335,148007.4,1762726919999,345549.18999,1097,42099.0,98270.16744,0
1762726920000,2.3336,2.3357,2.3335,2.3345,126984.3,1762726979999,296448.91464,869,91312.0,213167.10803,0
1762726980000,2.3346,2.3349,2.3337,2.3338,78189.0,1762727039999,182514.31697,457,20686.1,48286.78811,0
1762727040000,2.3337,2.3343,2.3331,2.3333,100464.5,1762727099999,234440.66189,531,52179.7,121763.03743,0
1762727100000,2.3333,2.3334,2.3312,2.3327,89181.5,1762727159999,208014.59265,755,28743.1,67041.63282,0
1762727160000,2.3328,2.3337,2.3311,2.3312,79270.1,1762727219999,184911.30451,707,32424.1,75641.30989,0
1762727220000,2.3312,2.3312,2.3292,2.3292,99546.7,1762727279999,231925.95423,671,45940.8,107019.80614,0
1762727280000,2.3292,2.3310,2.3292,2.3292,72378.8,1762727339999,168632.65448,608,56291.9,131150.57694,0
1762727340000,2.3293,2.3300,2.3292,2.3300,63462.6,1762727399999,147838.89525,418,44515.4,103701.39145,0
1762727400000,2.3300,2.3320,2.3289,2.3311,243719.9,1762727459999,568012.79583,1321,147257.8,343165.21504,0
1762727460000,2.3310,2.3317,2.3300,2.3317,75486.2,1762727519999,175928.77340,624,57290.8,133522.53256,0
1762727520000,2.3317,2.3333,2.3317,2.3323,124410.6,1762727579999,290165.60060,832,80491.6,187729.09565,0
1762727580000,2.3323,2.3323,2.3294,2.3306,222173.1,1762727639999,517816.95702,934,42166.2,98303.80973,0
1762727640000,2.3306,2.3306,2.3285,2.3286,85942.0,1762727699999,200206.01991,633,34542.5,80472.70079,0
1762727700000,2.3286,2.3286,2.3256,2.3279,620982.3,1762727759999,1445092.74786,2437,174267.3,405583.40252,0
1762727760000,2.3279,2.3281,2.3243,2.3245,481326.1,1762727819999,1119745.60810,1788,278123.4,647095.16994,0
1762727820000,2.3245,2.3250,2.3220,2.3247,799779.3,1762727879999,1858606.36166,2621,496048.5,1152759.47831,0
1762727880000,2.3248,2.3288,2.3248,2.3287,340561.3,1762727939999,792430.27459,1304,262929.0,611792.70641,0
1762727940000,2.3287,2.3298,2.3281,2.3286,196182.9,1762727999999,456902.00305,813,100198.0,233355.61142,0
1762728000000,2.3285,2.3286,2.3271,2.3272,92699.1,1762728059999,215798.55193,426,27358.9,63675.53617,0
1762728060000,2.3272,2.3300,2.3271,2.3300,272828.9,1762728119999,635251.51806,918,204858.4,476995.84201,0
1762728120000,2.3299,2.3302,2.3299,2.3299,77042.0,1762728179999,179511.01300,431,32613.1,75991.58143,0
1762728180000,2.3300,2.3329,2.3299,2.3325,262568.6,1762728239999,612235.50020,976,148126.9,345363.60936,0
1762728240000,2.3326,2.3335,2.3325,2.3332,140739.7,1762728299999,328372.95958,614,50621.0,118101.93395,0
1762728300000,2.3331,2.3355,2.3331,2.3354,165361.9,1762728359999,386003.33579,881,78662.9,183631.72412,0
1762728360000,2.3355,2.3404,2.3355,2.3395,478548.1,1762728419999,1119185.55159,2240,160378.9,374988.29477,0
1762728420000,2.3396,2.3414,2.3395,2.3413,141310.0,1762728479999,330722.59759,569,85614.9,200359.35880,0
1762728480000,2.3413,2.3417,2.3413,2.3417,105184.2,1762728539999,246281.96005,313,48170.1,112788.61967,0
1762728540000,2.3417,2.3476,2.3416,2.3450,985798.2,1762728599999,2312349.99695,3113,716443.8,1680601.87004,0
1762728600000,2.3450,2.3467,2.3419,2.3435,902987.4,1762728659999,2117476.09145,2332,500579.4,1173854.09803,0
1762728660000,2.3434,2.3440,2.3417,2.3427,312048.3,1762728719999,731062.45827,1488,186319.0,436543.56421,0
1762728720000,2.3428,2.3455,2.3423,2.3455,148694.9,1762728779999,348431.48126,1101,74982.3,175715.57830,0
1762728780000,2.3455,2.3462,2.3423,2.3438,145562.8,1762728839999,341144.15896,1033,43710.8,102436.65014,0
1762728840000,2.3439,2.3499,2.3439,2.3487,1193551.1,1762728899999,2801044.78658,3754,919959.5,2159042.14948,0
1762728900000,2.3486,2.3492,2.3466,2.3470,165822.0,1762728959999,389274.88319,944,62862.8,147571.86346,0
1762728960000,2.3470,2.3499,2.3469,2.3476,393237.3,1762729019999,923601.85431,1579,284580.2,668449.44164,0
1762729020000,2.3477,2.3489,2.3464,2.3488,103953.9,1762729079999,244004.80348,645,57316.2,134542.47784,0
1762729080000,2.3488,2.3490,2.3459,2.3464,254960.2,1762729139999,598477.07099,1095,86568.9,203241.08525,0
1762729140000,2.3464,2.3537,2.3463,2.3528,934310.8,1762729199999,2196073.52794,3561,659619.0,1550238.50684,0
1762729200000,2.3529,2.3646,2.3529,2.3612,3138998.7,1762729259999,7407203.38739,10895,2239037.1,5283748.74449,0
1762729260000,2.3611,2.3900,2.3611,2.3850,10833591.2,1762729319999,25759540.36547,24671,8196371.3,19485959.09185,0
1762729320000,2.3850,2.3944,2.3831,2.3883,3884805.4,1762729379999,9282687.06406,13485,1977998.1,4725968.48389,0
1762729380000,2.3883,2.3901,2.3786,2.3834,1895350.3,1762729439999,4518714.04440,8705,978895.8,2333797.58422,0
1762729440000,2.3834,2.3835,2.3760,2.3773,1366875.3,1762729499999,3253159.69377,6519,682440.4,1624143.14843,0
1762729500000,2.3774,2.3808,2.3675,2.3727,2506570.1,1762729559999,5944752.96523,7489,866705.0,2056165.59301,0
1762729560000,2.3726,2.3726,2.3622,2.3655,1354452.1,1762729619999,3204614.49597,6006,668842.1,1582257.73479,0
1762729620000,2.3654,2.3707,2.3617,2.3693,1438066.5,1762729679999,3404259.74830,5677,1053439.0,2494116.13500,0
1762729680000,2.3692,2.3728,2.3658,2.3681,1005831.0,1762729739999,2382882.95386,4572,724591.5,1716534.41829,0
1762729740000,2.3680,2.3718,2.3647,2.3658,789686.4,1762729799999,1870126.03945,3410,392278.5,929044.00102,0
1762729800000,2.3658,2.3659,2.3602,2.3632,947451.5,1762729859999,2238745.29335,3378,394750.6,932755.44079,0
1762729860000,2.3631,2.3641,2.3594,2.3613,639437.8,1762729919999,1510304.54481,3238,406556.3,960306.67200,0
1762729920000,2.3613,2.3642,2.3612,2.3638,595771.6,1762729979999,1407472.07818,3170,313518.2,740677.93530,0
1762729980000,2.3638,2.3696,2.3637,2.3680,666501.5,1762730039999,1577710.51324,3446,426645.8,1009835.01561,0
1762730040000,2.3681,2.3699,2.3653,2.3672,402551.0,1762730099999,952927.92511,1986,240374.3,569102.58370,0
1762730100000,2.3673,2.3703,2.3672,2.3683,453813.0,1762730159999,1074853.36933,2653,225968.3,535190.44013,0
1762730160000,2.3683,2.3731,2.3682,2.3723,501649.9,1762730219999,1189402.46834,2517,310313.4,735821.99684,0
1762730220000,2.3723,2.3723,2.3659,2.3673,649838.7,1762730279999,1539508.61173,2561,198441.6,470076.65549,0
1762730280000,2.3672,2.3679,2.3642,2.3661,484542.7,1762730339999,1146378.75297,2400,252212.4,596710.49148,0
1762730340000,2.3662,2.3683,2.3644,2.3644,699086.6,1762730399999,1654454.22313,3011,423584.6,1002499.68233,0
1762730400000,2.3643,2.3643,2.3588,2.3592,944121.2,1762730459999,2228947.13120,3405,380383.4,897758.00483,0
1762730460000,2.3591,2.3602,2.3533,2.3556,2188884.8,1762730519999,5157194.46278,6096,720466.3,1697797.64538,0
1762730520000,2.3556,2.3577,2.3549,2.3569,549805.6,1762730579999,1295563.30069,1795,315919.3,744420.34898,0
1762730580000,2.3568,2.3595,2.3562,2.3572,492710.5,1762730639999,1161714.30684,1870,263528.1,621326.57080,0
1762730640000,2.3572,2.3573,2.3550,2.3568,305042.3,1762730699999,718790.91746,1390,187786.3,442484.01172,0
1762730700000,2.3568,2.3570,2.3533,2.3554,469786.5,1762730759999,1106222.14034,2030,251282.6,591700.89818,0
1762730760000,2.3554,2.3574,2.3547,2.3554,311040.3,1762730819999,732819.25149,1635,197395.2,465044.50994,0
1762730820000,2.3554,2.3586,2.3551,2.3586,314368.3,1762730879999,740950.36953,1665,238623.6,562445.77593,0
1762730880000,2.3586,2.3591,2.3561,2.3577,306255.9,1762730939999,722045.11994,1821,143962.6,339428.96111,0
1762730940000,2.3576,2.3577,2.3533,2.3545,260134.3,1762730999999,612531.08828,1585,140548.8,330945.99172,0
1762731000000,2.3544,2.3560,2.3544,2.3549,315673.8,1762731059999,743456.48558,1666,171997.8,405070.06771,0
1762731060000,2.3550,2.3587,2.3550,2.3587,692511.4,1762731119999,1631884.80300,2595,573149.6,1350607.30660,0
1762731120000,2.3587,2.3598,2.3573,2.3584,385510.9,1762731179999,909402.15300,1532,229391.0,541138.29175,0
1762731180000,2.3584,2.3613,2.3552,2.3613,438264.8,1762731239999,1033268.44084,1917,264942.1,624783.50811,0
1762731240000,2.3613,2.3645,2.3611,2.3634,490696.3,1762731299999,1159424.57322,2246,263147.0,621680.40460,0
1762731300000,2.3634,2.3634,2.3588,2.3590,193571.5,1762731359999,456904.99835,1364,104443.5,246486.72321,0
1762731360000,2.3589,2.3594,2.3566,2.3573,389737.1,1762731419999,918768.82873,1634,159698.7,376477.10568,0
1762731420000,2.3572,2.3586,2.3558,2.3578,373067.9,1762731479999,879318.79681,1522,252835.9,595970.87945,0
1762731480000,2.3577,2.3588,2.3563,2.3578,297071.6,1762731539999,700327.46365,1465,195776.5,461563.08615,0
1762731540000,2.3578,2.3583,2.3561,2.3574,210465.3,1762731599999,496042.89803,1138,131301.7,309444.36335,0
1762731600000,2.3574,2.3584,2.3558,2.3570,448785.8,1762731659999,1057814.72564,1549,148148.5,349156.73437,0
1762731660000,2.3570,2.3605,2.3566,2.3591,656323.9,1762731719999,1548112.07448,2073,505690.1,1192694.32016,0
1762731720000,2.3590,2.3593,2.3567,2.3586,379653.0,1762731779999,895132.58280,1602,278307.5,656139.39427,0
1762731780000,2.3586,2.3595,2.3576,2.3594,174778.7,1762731839999,412260.43489,884,90718.4,213973.66431,0
1762731840000,2.3593,2.3593,2.3572,2.3586,163123.7,1762731899999,384675.91183,791,73675.3,173706.60594,0
1762731900000,2.3586,2.3600,2.3575,2.3592,226422.5,1762731959999,534142.43283,1288,70044.7,165217.84502,0
1762731960000,2.3592,2.3606,2.3590,2.3605,152530.8,1762732019999,359920.71057,927,87184.3,205727.18905,0
1762732020000,2.3605,2.3621,2.3590,2.3614,123262.3,1762732079999,290956.98957,933,74215.2,175160.88715,0
1762732080000,2.3613,2.3617,2.3585,2.3594,226039.2,1762732139999,533580.26409,1293,124857.7,294752.99662,0
1762732140000,2.3594,2.3607,2.3584,2.3607,241471.7,1762732199999,569714.54506,1185,104702.8,247034.69827,0
1762732200000,2.3606,2.3666,2.3601,2.3663,624909.7,1762732259999,1477561.20003,2576,297040.6,702105.29301,0
1762732260000,2.3663,2.3668,2.3640,2.3656,471093.7,1762732319999,1114375.35411,2431,175766.7,415748.60218,0
1762732320000,2.3656,2.3674,2.3651,2.3654,337715.2,1762732379999,799090.31138,1694,155994.5,369131.94107,0
1762732380000,2.3653,2.3680,2.3645,2.3670,341447.1,1762732439999,808034.44046,1640,174504.4,412869.98326,0
1762732440000,2.3671,2.3694,2.3661,2.3682,726700.1,1762732499999,1720858.45846,1822,499263.4,1182338.59768,0
1762732500000,2.3682,2.3686,2.3664,2.3680,265009.7,1762732559999,627411.55010,1158,115709.4,273933.59975,0
1762732560000,2.3680,2.3680,2.3658,2.3664,177695.7,1762732619999,420528.71282,1098,80589.9,190705.89304,0
1762732620000,2.3664,2.3670,2.3656,2.3662,207277.7,1762732679999,490477.56078,853,74221.1,175630.64304,0
1762732680000,2.3663,2.3664,2.3650,2.3654,158690.8,1762732739999,375435.56272,687,56033.0,132560.87661,0
1762732740000,2.3655,2.3659,2.3647,2.3649,116244.4,1762732799999,274971.33405,536,38132.3,90198.17280,0
